# VPXTOOL table OBJ file
# VPXTOOL OBJ file
# numVerts: 945 numFaces: 1232
o Bumper Cap - Gottlieb 2
v 0.340381 0.178992 0.141784
v 0.342256 0.15375 0.141784
v 0.308022 0.15375 0.205839
v 0.306335 0.182571 0.205839
v 0.260516 0.187387 0.261983
v 0.261951 0.15375 0.261983
v 0.205814 0.15375 0.30806
v 0.204686 0.193256 0.30806
v 0.14099 0.199952 0.342297
v 0.141767 0.15375 0.342297
v 0.072272 0.15375 0.363381
v 0.071876 0.207217 0.363381
v 0.361346 0.176789 0.072281
v 0.363337 0.15375 0.072281
v 0 0.15375 0.3705
v -0 0.214772 0.3705
v 0.368425 0.176044 -0
v 0.370455 0.15375 -0
v -0.306335 0.246973 0.205839
v -0.308022 0.15375 0.205839
v -0.342256 0.15375 0.141784
v -0.340381 0.250552 0.141784
v -0.204686 0.236288 0.30806
v -0.205814 0.15375 0.30806
v -0.261951 0.15375 0.261983
v -0.260516 0.242157 0.261983
v -0.071876 0.222328 0.363381
v -0.072272 0.15375 0.363381
v -0.141767 0.15375 0.342297
v -0.14099 0.229593 0.342297
v -0.363337 0.15375 0.072281
v -0.361346 0.252756 0.072281
v -0.370455 0.15375 -0
v -0.368425 0.2535 -0
v -0.340381 0.250552 -0.141784
v -0.342256 0.15375 -0.141784
v -0.308022 0.15375 -0.205839
v -0.306335 0.246973 -0.205839
v -0.260516 0.242157 -0.261983
v -0.261951 0.15375 -0.261983
v -0.205814 0.15375 -0.30806
v -0.204686 0.236288 -0.30806
v -0.14099 0.229593 -0.342297
v -0.141767 0.15375 -0.342297
v -0.072272 0.15375 -0.363381
v -0.071876 0.222328 -0.363381
v -0.361346 0.252756 -0.072281
v -0.363337 0.15375 -0.072281
v 0 0.15375 -0.3705
v -0 0.214772 -0.3705
v 0.306335 0.182571 -0.205839
v 0.308022 0.15375 -0.205839
v 0.342256 0.15375 -0.141784
v 0.340381 0.178992 -0.141784
v 0.204686 0.193256 -0.30806
v 0.205814 0.15375 -0.30806
v 0.261951 0.15375 -0.261983
v 0.260516 0.187387 -0.261983
v 0.071876 0.207217 -0.363381
v 0.072272 0.15375 -0.363381
v 0.141767 0.15375 -0.342297
v 0.14099 0.199952 -0.342297
v 0.363337 0.15375 -0.072281
v 0.361346 0.176789 -0.072281
v -0 0.214772 0
v 0.340381 0.178992 0.141784
v 0.306335 0.182571 0.205839
v 0.260516 0.187387 0.261983
v 0.204686 0.193256 0.30806
v 0.14099 0.199952 0.342297
v 0.071876 0.207217 0.363381
v 0.361346 0.176789 0.072281
v -0 0.214772 0.3705
v 0.368425 0.176044 -0
v -0.306335 0.246973 0.205839
v -0.340381 0.250552 0.141784
v -0.204686 0.236288 0.30806
v -0.260516 0.242157 0.261983
v -0.071876 0.222328 0.363381
v -0.14099 0.229593 0.342297
v -0.361346 0.252756 0.072281
v -0.368425 0.2535 -0
v -0.340381 0.250552 -0.141784
v -0.306335 0.246973 -0.205839
v -0.260516 0.242157 -0.261983
v -0.204686 0.236288 -0.30806
v -0.14099 0.229593 -0.342297
v -0.071876 0.222328 -0.363381
v -0.361346 0.252756 -0.072281
v -0 0.214772 -0.3705
v 0.306335 0.182571 -0.205839
v 0.340381 0.178992 -0.141784
v 0.204686 0.193256 -0.30806
v 0.260516 0.187387 -0.261983
v 0.071876 0.207217 -0.363381
v 0.14099 0.199952 -0.342297
v 0.361346 0.176789 -0.072281
v 0.090803 0.09675 -0.456556
v 0.0959 0.10625 -0.482179
v 0.188114 0.10625 -0.454202
v 0.178117 0.09675 -0.430066
v 0.273099 0.10625 -0.408771
v 0.258586 0.09675 -0.387049
v 0.347589 0.10625 -0.347631
v 0.329118 0.09675 -0.329158
v 0.408722 0.10625 -0.273132
v 0.387002 0.09675 -0.258618
v 0.454147 0.10625 -0.188137
v 0.430014 0.09675 -0.178139
v 0.48212 0.10625 -0.095911
v 0.4565 0.09675 -0.090815
v 0.4565 0.09675 0.090815
v 0.48212 0.10625 0.095911
v 0.454147 0.10625 0.188137
v 0.430014 0.09675 0.178139
v 0.408722 0.10625 0.273132
v 0.387002 0.09675 0.258618
v 0.347589 0.10625 0.347631
v 0.329118 0.09675 0.329158
v 0.273099 0.10625 0.408771
v 0.258586 0.09675 0.387049
v 0.188114 0.10625 0.454202
v 0.178117 0.09675 0.430066
v 0.0959 0.10625 0.482179
v 0.090803 0.09675 0.456556
v -0.090803 0.09675 0.456556
v -0.0959 0.10625 0.482179
v -0.188114 0.10625 0.454202
v -0.178117 0.09675 0.430066
v -0.273099 0.10625 0.408771
v -0.258586 0.09675 0.387049
v -0.347589 0.10625 0.347631
v -0.329118 0.09675 0.329158
v -0.408722 0.10625 0.273132
v -0.387002 0.09675 0.258618
v -0.454147 0.10625 0.188137
v -0.430014 0.09675 0.178139
v -0.48212 0.10625 0.095911
v -0.4565 0.09675 0.090815
v -0.4565 0.09675 -0.090815
v -0.48212 0.10625 -0.095911
v -0.454147 0.10625 -0.188137
v -0.430014 0.09675 -0.178139
v -0.408722 0.10625 -0.273132
v -0.387002 0.09675 -0.258618
v -0.347589 0.10625 -0.347631
v -0.329118 0.09675 -0.329158
v -0.273099 0.10625 -0.408771
v -0.258586 0.09675 -0.387049
v -0.188114 0.10625 -0.454202
v -0.178117 0.09675 -0.430066
v -0.0959 0.10625 -0.482179
v -0.090803 0.09675 -0.456556
v 0.359359 0.13475 0.240145
v 0.339614 0.12525 0.22695
v 0.377359 0.12525 0.156326
v 0.399298 0.13475 0.165415
v 0.240116 0.13475 0.359403
v 0.226923 0.12525 0.339655
v 0.288818 0.12525 0.288853
v 0.30561 0.13475 0.305647
v 0.084318 0.13475 0.423944
v 0.079685 0.12525 0.400651
v 0.156307 0.12525 0.377405
v 0.165395 0.13475 0.399347
v 0.400602 0.12525 0.079694
v 0.423893 0.13475 0.084328
v 0.399298 0.13475 -0.165415
v 0.377359 0.12525 -0.156326
v 0.339614 0.12525 -0.22695
v 0.359359 0.13475 -0.240145
v 0.30561 0.13475 -0.305647
v 0.288818 0.12525 -0.288853
v 0.226923 0.12525 -0.339655
v 0.240116 0.13475 -0.359403
v 0.165395 0.13475 -0.399347
v 0.156307 0.12525 -0.377405
v 0.079685 0.12525 -0.400651
v 0.084318 0.13475 -0.423944
v 0.423893 0.13475 -0.084328
v 0.400602 0.12525 -0.079694
v -0.359359 0.13475 -0.240145
v -0.339614 0.12525 -0.22695
v -0.377359 0.12525 -0.156326
v -0.399298 0.13475 -0.165415
v -0.240116 0.13475 -0.359403
v -0.226923 0.12525 -0.339655
v -0.288818 0.12525 -0.288853
v -0.30561 0.13475 -0.305647
v -0.084318 0.13475 -0.423944
v -0.079685 0.12525 -0.400651
v -0.156307 0.12525 -0.377405
v -0.165395 0.13475 -0.399347
v -0.400602 0.12525 -0.079694
v -0.423893 0.13475 -0.084328
v -0.399298 0.13475 0.165415
v -0.377359 0.12525 0.156326
v -0.339614 0.12525 0.22695
v -0.359359 0.13475 0.240145
v -0.30561 0.13475 0.305647
v -0.288818 0.12525 0.288853
v -0.226923 0.12525 0.339655
v -0.240116 0.13475 0.359403
v -0.165395 0.13475 0.399347
v -0.156307 0.12525 0.377405
v -0.079685 0.12525 0.400651
v -0.084318 0.13475 0.423944
v -0.423893 0.13475 0.084328
v -0.400602 0.12525 0.079694
v 0.201745 0.0065 -0.487115
v 0.19811 0.09675 -0.478339
v 0.100996 0.09675 -0.507802
v 0.102849 0.0065 -0.517119
v 0.292889 0.0065 -0.438392
v 0.287612 0.09675 -0.430493
v 0.372777 0.0065 -0.372822
v 0.36606 0.09675 -0.366105
v 0.438339 0.0065 -0.292924
v 0.430441 0.09675 -0.287647
v 0.487056 0.0065 -0.20177
v 0.47828 0.09675 -0.198134
v 0.517056 0.0065 -0.102861
v 0.50774 0.09675 -0.101008
v 0.487056 0.0065 0.20177
v 0.47828 0.09675 0.198134
v 0.50774 0.09675 0.101008
v 0.517056 0.0065 0.102861
v 0.438339 0.0065 0.292924
v 0.430441 0.09675 0.287647
v 0.372777 0.0065 0.372822
v 0.36606 0.09675 0.366105
v 0.292889 0.0065 0.438392
v 0.287612 0.09675 0.430493
v 0.201745 0.0065 0.487115
v 0.19811 0.09675 0.478339
v 0.102849 0.0065 0.517119
v 0.100996 0.09675 0.507802
v -0.201745 0.0065 0.487115
v -0.19811 0.09675 0.478339
v -0.100996 0.09675 0.507802
v -0.102849 0.0065 0.517119
v -0.292889 0.0065 0.438392
v -0.287612 0.09675 0.430493
v -0.372777 0.0065 0.372822
v -0.36606 0.09675 0.366105
v -0.438339 0.0065 0.292924
v -0.430441 0.09675 0.287647
v -0.487056 0.0065 0.20177
v -0.47828 0.09675 0.198134
v -0.517056 0.0065 0.102861
v -0.50774 0.09675 0.101008
v -0.487056 0.0065 -0.20177
v -0.47828 0.09675 -0.198134
v -0.50774 0.09675 -0.101008
v -0.517056 0.0065 -0.102861
v -0.438339 0.0065 -0.292924
v -0.430441 0.09675 -0.287647
v -0.372777 0.0065 -0.372822
v -0.36606 0.09675 -0.366105
v -0.292889 0.0065 -0.438392
v -0.287612 0.09675 -0.430493
v -0.201745 0.0065 -0.487115
v -0.19811 0.09675 -0.478339
v -0.102849 0.0065 -0.517119
v -0.100996 0.09675 -0.507802
v 0.08895 0.12525 -0.447238
v 0.090803 0.09675 -0.456556
v 0.178117 0.09675 -0.430066
v 0.174482 0.12525 -0.421289
v 0.258586 0.09675 -0.387049
v 0.253309 0.12525 -0.37915
v 0.329118 0.09675 -0.329158
v 0.322401 0.12525 -0.322441
v 0.387002 0.09675 -0.258618
v 0.379104 0.12525 -0.25334
v 0.430014 0.09675 -0.178139
v 0.421238 0.12525 -0.174504
v 0.4565 0.09675 -0.090815
v 0.447184 0.12525 -0.088961
v 0.447184 0.12525 0.088961
v 0.4565 0.09675 0.090815
v 0.430014 0.09675 0.178139
v 0.421238 0.12525 0.174504
v 0.387002 0.09675 0.258618
v 0.379104 0.12525 0.25334
v 0.329118 0.09675 0.329158
v 0.322401 0.12525 0.322441
v 0.258586 0.09675 0.387049
v 0.253309 0.12525 0.37915
v 0.178117 0.09675 0.430066
v 0.174482 0.12525 0.421289
v 0.090803 0.09675 0.456556
v 0.08895 0.12525 0.447238
v -0.08895 0.12525 0.447238
v -0.090803 0.09675 0.456556
v -0.178117 0.09675 0.430066
v -0.174482 0.12525 0.421289
v -0.258586 0.09675 0.387049
v -0.253309 0.12525 0.37915
v -0.329118 0.09675 0.329158
v -0.322401 0.12525 0.322441
v -0.387002 0.09675 0.258618
v -0.379104 0.12525 0.25334
v -0.430014 0.09675 0.178139
v -0.421238 0.12525 0.174504
v -0.4565 0.09675 0.090815
v -0.447184 0.12525 0.088961
v -0.447184 0.12525 -0.088961
v -0.4565 0.09675 -0.090815
v -0.430014 0.09675 -0.178139
v -0.421238 0.12525 -0.174504
v -0.387002 0.09675 -0.258618
v -0.379104 0.12525 -0.25334
v -0.329118 0.09675 -0.329158
v -0.322401 0.12525 -0.322441
v -0.258586 0.09675 -0.387049
v -0.253309 0.12525 -0.37915
v -0.178117 0.09675 -0.430066
v -0.174482 0.12525 -0.421289
v -0.090803 0.09675 -0.456556
v -0.08895 0.12525 -0.447238
v 0.342256 0.15375 0.141784
v 0.323818 0.1585 0.216395
v 0.308022 0.15375 0.205839
v 0.359807 0.1585 0.149055
v 0.261951 0.15375 0.261983
v 0.216368 0.1585 0.323857
v 0.205814 0.15375 0.30806
v 0.275385 0.1585 0.275418
v 0.141767 0.15375 0.342297
v 0.075978 0.1585 0.382016
v 0.072272 0.15375 0.363381
v 0.149037 0.1585 0.359851
v 0.363337 0.15375 0.072281
v 0.381969 0.1585 0.075988
v 0 0.1585 0.3895
v 0 0.15375 0.3705
v 0.370455 0.15375 -0
v 0.389453 0.1585 0
v 0.308022 0.15375 -0.205839
v 0.359807 0.1585 -0.149055
v 0.342256 0.15375 -0.141784
v 0.323818 0.1585 -0.216395
v 0.205814 0.15375 -0.30806
v 0.275385 0.1585 -0.275418
v 0.261951 0.15375 -0.261983
v 0.216368 0.1585 -0.323857
v 0.072272 0.15375 -0.363381
v 0.149037 0.1585 -0.359851
v 0.141767 0.15375 -0.342297
v 0.075978 0.1585 -0.382016
v 0.381969 0.1585 -0.075988
v 0.363337 0.15375 -0.072281
v 0 0.1585 -0.3895
v 0 0.15375 -0.3705
v -0.342256 0.15375 -0.141784
v -0.323818 0.1585 -0.216395
v -0.308022 0.15375 -0.205839
v -0.359807 0.1585 -0.149055
v -0.261951 0.15375 -0.261983
v -0.216368 0.1585 -0.323857
v -0.205814 0.15375 -0.30806
v -0.275385 0.1585 -0.275418
v -0.141767 0.15375 -0.342297
v -0.075978 0.1585 -0.382016
v -0.072272 0.15375 -0.363381
v -0.149037 0.1585 -0.359851
v -0.363337 0.15375 -0.072281
v -0.381969 0.1585 -0.075988
v -0.370455 0.15375 -0
v -0.389453 0.1585 0
v -0.308022 0.15375 0.205839
v -0.359807 0.1585 0.149055
v -0.342256 0.15375 0.141784
v -0.323818 0.1585 0.216395
v -0.205814 0.15375 0.30806
v -0.275385 0.1585 0.275418
v -0.261951 0.15375 0.261983
v -0.216368 0.1585 0.323857
v -0.072272 0.15375 0.363381
v -0.149037 0.1585 0.359851
v -0.141767 0.15375 0.342297
v -0.075978 0.1585 0.382016
v -0.381969 0.1585 0.075988
v -0.363337 0.15375 0.072281
v 0.331716 0.149 0.221673
v 0.368583 0.149 0.152691
v 0.221646 0.149 0.331756
v 0.282101 0.149 0.282136
v 0.077832 0.149 0.391333
v 0.152672 0.149 0.368628
v 0.391286 0.149 0.077841
v 0.368583 0.149 -0.152691
v 0.331716 0.149 -0.221673
v 0.282101 0.149 -0.282136
v 0.221646 0.149 -0.331756
v 0.152672 0.149 -0.368628
v 0.077832 0.149 -0.391333
v 0.391286 0.149 -0.077841
v -0.331716 0.149 -0.221673
v -0.368583 0.149 -0.152691
v -0.221646 0.149 -0.331756
v -0.282101 0.149 -0.282136
v -0.077832 0.149 -0.391333
v -0.152672 0.149 -0.368628
v -0.391286 0.149 -0.077841
v -0.368583 0.149 0.152691
v -0.331716 0.149 0.221673
v -0.282101 0.149 0.282136
v -0.221646 0.149 0.331756
v -0.152672 0.149 0.368628
v -0.077832 0.149 0.391333
v -0.391286 0.149 0.077841
v 0.339614 0.12525 0.22695
v 0.377359 0.12525 0.156326
v 0.226923 0.12525 0.339655
v 0.288818 0.12525 0.288853
v 0.079685 0.12525 0.400651
v 0.156307 0.12525 0.377405
v 0.400602 0.12525 0.079694
v 0.377359 0.12525 -0.156326
v 0.339614 0.12525 -0.22695
v 0.288818 0.12525 -0.288853
v 0.226923 0.12525 -0.339655
v 0.156307 0.12525 -0.377405
v 0.079685 0.12525 -0.400651
v 0.400602 0.12525 -0.079694
v -0.339614 0.12525 -0.22695
v -0.377359 0.12525 -0.156326
v -0.226923 0.12525 -0.339655
v -0.288818 0.12525 -0.288853
v -0.079685 0.12525 -0.400651
v -0.156307 0.12525 -0.377405
v -0.400602 0.12525 -0.079694
v -0.377359 0.12525 0.156326
v -0.339614 0.12525 0.22695
v -0.288818 0.12525 0.288853
v -0.226923 0.12525 0.339655
v -0.156307 0.12525 0.377405
v -0.079685 0.12525 0.400651
v -0.400602 0.12525 0.079694
v 0.457609 0.09675 0.079694
v 0.484117 0.10625 0.075644
v 0.424749 0.13475 0.075647
v 0.46934 0.140344 0.009941
v 0.46934 0.140344 0.029877
v 0.455025 0.149 0.009941
v 0.465364 0.140344 0.069642
v 0.465364 0.140344 0.049706
v 0.471519 0.1205 0.069642
v 0.534812 0.106181 0.009941
v 0.534812 0.106181 0.029877
v 0.518597 0.1205 0.009941
v 0.540591 0.0065 0.069642
v 0.530902 0.106181 0.049706
v 0.540591 0.0065 0.049706
v 0.451049 0.149 0.069642
v 0.44811 0.12525 0.079694
v 0.475495 0.1205 0.029877
v 0.461533 0.09675 0.039764
v 0.514688 0.1205 0.069642
v 0.530902 0.106181 0.069642
v 0.509844 0.09675 0.079694
v 0.5445 0.0065 0.029877
v 0.523205 0.0065 0.039764
v 0.5445 0.0065 0.009941
v 0.519286 0.0065 0.079694
v 0.518597 0.1205 0.029877
v 0.513763 0.09675 0.039764
v 0.457609 0.09675 0.079694
v 0.455025 0.149 0.029877
v 0.452034 0.12525 0.039764
v 0.514688 0.1205 0.049706
v 0.475495 0.1205 0.009941
v 0.451049 0.149 0.049706
v 0.523205 0.0065 0.039764
v 0.513763 0.09675 0.039764
v 0.471519 0.1205 0.049706
v 0.527155 0.0065 -0
v 0.517687 0.09675 0
v 0.461533 0.09675 0.039764
v 0.465443 0.09675 0
v 0.404531 0.12525 0.039765
v 0.394057 0.149 0.049706
v 0.40845 0.12525 0
v 0.397972 0.149 0.009941
v 0.404531 0.12525 0.039765
v 0.452034 0.12525 0.039764
v 0.39209 0.149 0.069642
v 0.39601 0.149 0.029877
v 0.404531 0.12525 0.039765
v 0.394057 0.149 0.049706
v 0.39601 0.149 0.029877
v 0.455944 0.12525 0
v 0.484117 0.10625 0.075644
v 0.44811 0.12525 0.079694
v 0.509844 0.09675 0.079694
v 0.39209 0.149 0.069642
v 0.397972 0.149 0.009941
v 0.398951 0.149 0
v 0.40845 0.12525 0
v 0.424749 0.13475 0.075647
v 0.400602 0.12525 0.079694
v 0.457609 0.09675 0.079694
v 0.519286 0.0065 0.079694
v 0.484117 0.10625 -0.075644
v 0.424749 0.13475 -0.075647
v 0.44811 0.12525 -0.079694
v 0.509844 0.09675 -0.079694
v 0.455025 0.149 -0.029877
v 0.46934 0.140344 -0.029877
v 0.46934 0.140344 -0.009941
v 0.471519 0.1205 -0.049706
v 0.465364 0.140344 -0.049706
v 0.465364 0.140344 -0.069642
v 0.518597 0.1205 -0.029877
v 0.534812 0.106181 -0.029877
v 0.534812 0.106181 -0.009941
v 0.540591 0.0065 -0.049706
v 0.530902 0.106181 -0.069642
v 0.540591 0.0065 -0.069642
v 0.44811 0.12525 -0.079694
v 0.451049 0.149 -0.069642
v 0.461533 0.09675 -0.039764
v 0.475495 0.1205 -0.029877
v 0.509844 0.09675 -0.079694
v 0.514688 0.1205 -0.069642
v 0.523205 0.0065 -0.039764
v 0.5445 0.0065 -0.029877
v 0.5445 0.0065 -0.009941
v 0.519286 0.0065 -0.079694
v 0.513763 0.09675 -0.039764
v 0.457609 0.09675 -0.079694
v 0.452034 0.12525 -0.039764
v 0.530902 0.106181 -0.049706
v 0.475495 0.1205 -0.009941
v 0.523205 0.0065 -0.039764
v 0.514688 0.1205 -0.049706
v 0.513763 0.09675 -0.039764
v 0.527155 0.0065 -0
v 0.518597 0.1205 -0.009941
v 0.517687 0.09675 0
v 0.461533 0.09675 -0.039764
v 0.465443 0.09675 0
v 0.394057 0.149 -0.049706
v 0.451049 0.149 -0.049706
v 0.404531 0.12525 -0.039765
v 0.471519 0.1205 -0.069642
v 0.397972 0.149 -0.009941
v 0.455025 0.149 -0.009941
v 0.40845 0.12525 0
v 0.404531 0.12525 -0.039765
v 0.452034 0.12525 -0.039764
v 0.39209 0.149 -0.069642
v 0.394057 0.149 -0.049706
v 0.404531 0.12525 -0.039765
v 0.39601 0.149 -0.029877
v 0.39601 0.149 -0.029877
v 0.455944 0.12525 0
v 0.484117 0.10625 -0.075644
v 0.457609 0.09675 -0.079694
v 0.39209 0.149 -0.069642
v 0.397972 0.149 -0.009941
v 0.424749 0.13475 -0.075647
v 0.400602 0.12525 -0.079694
v 0.457609 0.09675 -0.079694
v 0.519286 0.0065 -0.079694
v 0.079685 0.09675 -0.457664
v 0.075635 0.10625 -0.484176
v 0.075638 0.13475 -0.424801
v 0.009939 0.140344 -0.469397
v 0.029874 0.140344 -0.469397
v 0.00994 0.149 -0.455081
v 0.069634 0.140344 -0.465421
v 0.0497 0.140344 -0.465421
v 0.069634 0.1205 -0.471577
v 0.009939 0.106181 -0.534877
v 0.029874 0.106181 -0.534877
v 0.009939 0.1205 -0.51866
v 0.069634 0.0065 -0.540657
v 0.0497 0.106181 -0.530967
v 0.0497 0.0065 -0.540657
v 0.069634 0.149 -0.451104
v 0.079685 0.12525 -0.448164
v 0.029874 0.1205 -0.475553
v 0.03976 0.09675 -0.461589
v 0.069634 0.1205 -0.51475
v 0.069634 0.106181 -0.530967
v 0.079685 0.09675 -0.509906
v 0.029874 0.0065 -0.544566
v 0.03976 0.0065 -0.523269
v 0.009939 0.0065 -0.544566
v 0.079685 0.0065 -0.519349
v 0.029874 0.1205 -0.51866
v 0.03976 0.09675 -0.513826
v 0.079685 0.09675 -0.457664
v 0.029874 0.149 -0.455081
v 0.03976 0.12525 -0.452089
v 0.0497 0.1205 -0.51475
v 0.009939 0.1205 -0.475553
v 0.0497 0.149 -0.451104
v 0.03976 0.0065 -0.523269
v 0.03976 0.09675 -0.513826
v 0.0497 0.1205 -0.471577
v -0 0.0065 -0.527219
v 0 0.09675 -0.51775
v 0.03976 0.09675 -0.461589
v 0 0.09675 -0.4655
v 0.03976 0.12525 -0.404581
v 0.0497 0.149 -0.394105
v 0 0.12525 -0.4085
v 0.00994 0.149 -0.39802
v 0.03976 0.12525 -0.404581
v 0.03976 0.12525 -0.452089
v 0.069634 0.149 -0.392138
v 0.029874 0.149 -0.396058
v 0.03976 0.12525 -0.404581
v 0.0497 0.149 -0.394105
v 0.029874 0.149 -0.396058
v 0 0.12525 -0.456
v 0.075635 0.10625 -0.484176
v 0.079685 0.12525 -0.448164
v 0.079685 0.09675 -0.509906
v 0.069634 0.149 -0.392138
v 0.00994 0.149 -0.39802
v 0 0.149 -0.399
v 0 0.12525 -0.4085
v 0.075638 0.13475 -0.424801
v 0.079685 0.12525 -0.400651
v 0.079685 0.09675 -0.457664
v 0.079685 0.0065 -0.519349
v -0.075635 0.10625 -0.484176
v -0.075638 0.13475 -0.424801
v -0.079685 0.12525 -0.448164
v -0.079685 0.09675 -0.509906
v -0.029874 0.149 -0.455081
v -0.029874 0.140344 -0.469397
v -0.009939 0.140344 -0.469397
v -0.0497 0.1205 -0.471577
v -0.0497 0.140344 -0.465421
v -0.069634 0.140344 -0.465421
v -0.029874 0.1205 -0.51866
v -0.029874 0.106181 -0.534877
v -0.009939 0.106181 -0.534877
v -0.0497 0.0065 -0.540657
v -0.069634 0.106181 -0.530967
v -0.069634 0.0065 -0.540657
v -0.079685 0.12525 -0.448164
v -0.069634 0.149 -0.451104
v -0.03976 0.09675 -0.461589
v -0.029874 0.1205 -0.475553
v -0.079685 0.09675 -0.509906
v -0.069634 0.1205 -0.51475
v -0.03976 0.0065 -0.523269
v -0.029874 0.0065 -0.544566
v -0.009939 0.0065 -0.544566
v -0.079685 0.0065 -0.519349
v -0.03976 0.09675 -0.513826
v -0.079685 0.09675 -0.457664
v -0.03976 0.12525 -0.452089
v -0.0497 0.106181 -0.530967
v -0.009939 0.1205 -0.475553
v -0.03976 0.0065 -0.523269
v -0.0497 0.1205 -0.51475
v -0.03976 0.09675 -0.513826
v -0 0.0065 -0.527219
v -0.009939 0.1205 -0.51866
v 0 0.09675 -0.51775
v -0.03976 0.09675 -0.461589
v 0 0.09675 -0.4655
v -0.0497 0.149 -0.394105
v -0.0497 0.149 -0.451104
v -0.03976 0.12525 -0.404581
v -0.069634 0.1205 -0.471577
v -0.00994 0.149 -0.39802
v -0.00994 0.149 -0.455081
v 0 0.12525 -0.4085
v -0.03976 0.12525 -0.404581
v -0.03976 0.12525 -0.452089
v -0.069634 0.149 -0.392138
v -0.0497 0.149 -0.394105
v -0.03976 0.12525 -0.404581
v -0.029874 0.149 -0.396058
v -0.029874 0.149 -0.396058
v 0 0.12525 -0.456
v -0.075635 0.10625 -0.484176
v -0.079685 0.09675 -0.457664
v -0.069634 0.149 -0.392138
v -0.00994 0.149 -0.39802
v -0.075638 0.13475 -0.424801
v -0.079685 0.12525 -0.400651
v -0.079685 0.09675 -0.457664
v -0.079685 0.0065 -0.519349
v -0.457609 0.09675 -0.079694
v -0.484117 0.10625 -0.075644
v -0.424749 0.13475 -0.075647
v -0.46934 0.140344 -0.009941
v -0.46934 0.140344 -0.029877
v -0.455025 0.149 -0.009941
v -0.465364 0.140344 -0.069642
v -0.465364 0.140344 -0.049706
v -0.471519 0.1205 -0.069642
v -0.534812 0.106181 -0.009941
v -0.534812 0.106181 -0.029877
v -0.518597 0.1205 -0.009941
v -0.540591 0.0065 -0.069642
v -0.530902 0.106181 -0.049706
v -0.540591 0.0065 -0.049706
v -0.451049 0.149 -0.069642
v -0.44811 0.12525 -0.079694
v -0.475495 0.1205 -0.029877
v -0.461533 0.09675 -0.039764
v -0.514688 0.1205 -0.069642
v -0.530902 0.106181 -0.069642
v -0.509844 0.09675 -0.079694
v -0.5445 0.0065 -0.029877
v -0.523205 0.0065 -0.039764
v -0.5445 0.0065 -0.009941
v -0.519286 0.0065 -0.079694
v -0.518597 0.1205 -0.029877
v -0.513763 0.09675 -0.039764
v -0.457609 0.09675 -0.079694
v -0.455025 0.149 -0.029877
v -0.452034 0.12525 -0.039764
v -0.514688 0.1205 -0.049706
v -0.475495 0.1205 -0.009941
v -0.451049 0.149 -0.049706
v -0.523205 0.0065 -0.039764
v -0.513763 0.09675 -0.039764
v -0.471519 0.1205 -0.049706
v -0.527155 0.0065 -0
v -0.517687 0.09675 -0
v -0.461533 0.09675 -0.039764
v -0.465443 0.09675 -0
v -0.404531 0.12525 -0.039765
v -0.394057 0.149 -0.049706
v -0.40845 0.12525 -0
v -0.397972 0.149 -0.009941
v -0.404531 0.12525 -0.039765
v -0.452034 0.12525 -0.039764
v -0.39209 0.149 -0.069642
v -0.39601 0.149 -0.029877
v -0.404531 0.12525 -0.039765
v -0.394057 0.149 -0.049706
v -0.39601 0.149 -0.029877
v -0.455944 0.12525 -0
v -0.484117 0.10625 -0.075644
v -0.44811 0.12525 -0.079694
v -0.509844 0.09675 -0.079694
v -0.39209 0.149 -0.069642
v -0.397972 0.149 -0.009941
v -0.398951 0.149 -0
v -0.40845 0.12525 -0
v -0.424749 0.13475 -0.075647
v -0.400602 0.12525 -0.079694
v -0.457609 0.09675 -0.079694
v -0.519286 0.0065 -0.079694
v -0.484117 0.10625 0.075644
v -0.424749 0.13475 0.075647
v -0.44811 0.12525 0.079694
v -0.509844 0.09675 0.079694
v -0.455025 0.149 0.029877
v -0.46934 0.140344 0.029877
v -0.46934 0.140344 0.009941
v -0.471519 0.1205 0.049706
v -0.465364 0.140344 0.049706
v -0.465364 0.140344 0.069642
v -0.518597 0.1205 0.029877
v -0.534812 0.106181 0.029877
v -0.534812 0.106181 0.009941
v -0.540591 0.0065 0.049706
v -0.530902 0.106181 0.069642
v -0.540591 0.0065 0.069642
v -0.44811 0.12525 0.079694
v -0.451049 0.149 0.069642
v -0.461533 0.09675 0.039764
v -0.475495 0.1205 0.029877
v -0.509844 0.09675 0.079694
v -0.514688 0.1205 0.069642
v -0.523205 0.0065 0.039764
v -0.5445 0.0065 0.029877
v -0.5445 0.0065 0.009941
v -0.519286 0.0065 0.079694
v -0.513763 0.09675 0.039764
v -0.457609 0.09675 0.079694
v -0.452034 0.12525 0.039764
v -0.530902 0.106181 0.049706
v -0.475495 0.1205 0.009941
v -0.523205 0.0065 0.039764
v -0.514688 0.1205 0.049706
v -0.513763 0.09675 0.039764
v -0.527155 0.0065 -0
v -0.518597 0.1205 0.009941
v -0.517687 0.09675 -0
v -0.461533 0.09675 0.039764
v -0.465443 0.09675 -0
v -0.394057 0.149 0.049706
v -0.451049 0.149 0.049706
v -0.404531 0.12525 0.039765
v -0.471519 0.1205 0.069642
v -0.397972 0.149 0.009941
v -0.455025 0.149 0.009941
v -0.40845 0.12525 -0
v -0.404531 0.12525 0.039765
v -0.452034 0.12525 0.039764
v -0.39209 0.149 0.069642
v -0.394057 0.149 0.049706
v -0.404531 0.12525 0.039765
v -0.39601 0.149 0.029877
v -0.39601 0.149 0.029877
v -0.455944 0.12525 -0
v -0.484117 0.10625 0.075644
v -0.457609 0.09675 0.079694
v -0.39209 0.149 0.069642
v -0.397972 0.149 0.009941
v -0.424749 0.13475 0.075647
v -0.400602 0.12525 0.079694
v -0.457609 0.09675 0.079694
v -0.519286 0.0065 0.079694
v -0.079685 0.09675 0.457664
v -0.075635 0.10625 0.484176
v -0.075638 0.13475 0.424801
v -0.009939 0.140344 0.469397
v -0.029874 0.140344 0.469397
v -0.00994 0.149 0.455081
v -0.069634 0.140344 0.465421
v -0.0497 0.140344 0.465421
v -0.069634 0.1205 0.471577
v -0.009939 0.106181 0.534877
v -0.029874 0.106181 0.534877
v -0.009939 0.1205 0.51866
v -0.069634 0.0065 0.540657
v -0.0497 0.106181 0.530967
v -0.0497 0.0065 0.540657
v -0.069634 0.149 0.451104
v -0.079685 0.12525 0.448164
v -0.029874 0.1205 0.475553
v -0.03976 0.09675 0.461589
v -0.069634 0.1205 0.51475
v -0.069634 0.106181 0.530967
v -0.079685 0.09675 0.509906
v -0.029874 0.0065 0.544566
v -0.03976 0.0065 0.523269
v -0.009939 0.0065 0.544566
v -0.079685 0.0065 0.519349
v -0.029874 0.1205 0.51866
v -0.03976 0.09675 0.513826
v -0.079685 0.09675 0.457664
v -0.029874 0.149 0.455081
v -0.03976 0.12525 0.452089
v -0.0497 0.1205 0.51475
v -0.009939 0.1205 0.475553
v -0.0497 0.149 0.451104
v -0.03976 0.0065 0.523269
v -0.03976 0.09675 0.513826
v -0.0497 0.1205 0.471577
v -0 0.0065 0.527219
v -0 0.09675 0.51775
v -0.03976 0.09675 0.461589
v -0 0.09675 0.4655
v -0.03976 0.12525 0.404581
v -0.0497 0.149 0.394105
v -0 0.12525 0.4085
v -0.00994 0.149 0.39802
v -0.03976 0.12525 0.404581
v -0.03976 0.12525 0.452089
v -0.069634 0.149 0.392138
v -0.029874 0.149 0.396058
v -0.03976 0.12525 0.404581
v -0.0497 0.149 0.394105
v -0.029874 0.149 0.396058
v -0 0.12525 0.456
v -0.075635 0.10625 0.484176
v -0.079685 0.12525 0.448164
v -0.079685 0.09675 0.509906
v -0.069634 0.149 0.392138
v -0.00994 0.149 0.39802
v -0 0.149 0.399
v -0 0.12525 0.4085
v -0.075638 0.13475 0.424801
v -0.079685 0.12525 0.400651
v -0.079685 0.09675 0.457664
v -0.079685 0.0065 0.519349
v 0.075635 0.10625 0.484176
v 0.075638 0.13475 0.424801
v 0.079685 0.12525 0.448164
v 0.079685 0.09675 0.509906
v 0.029874 0.149 0.455081
v 0.029874 0.140344 0.469397
v 0.009939 0.140344 0.469397
v 0.0497 0.1205 0.471577
v 0.0497 0.140344 0.465421
v 0.069634 0.140344 0.465421
v 0.029874 0.1205 0.51866
v 0.029874 0.106181 0.534877
v 0.009939 0.106181 0.534877
v 0.0497 0.0065 0.540657
v 0.069634 0.106181 0.530967
v 0.069634 0.0065 0.540657
v 0.079685 0.12525 0.448164
v 0.069634 0.149 0.451104
v 0.03976 0.09675 0.461589
v 0.029874 0.1205 0.475553
v 0.079685 0.09675 0.509906
v 0.069634 0.1205 0.51475
v 0.03976 0.0065 0.523269
v 0.029874 0.0065 0.544566
v 0.009939 0.0065 0.544566
v 0.079685 0.0065 0.519349
v 0.03976 0.09675 0.513826
v 0.079685 0.09675 0.457664
v 0.03976 0.12525 0.452089
v 0.0497 0.106181 0.530967
v 0.009939 0.1205 0.475553
v 0.03976 0.0065 0.523269
v 0.0497 0.1205 0.51475
v 0.03976 0.09675 0.513826
v -0 0.0065 0.527219
v 0.009939 0.1205 0.51866
v -0 0.09675 0.51775
v 0.03976 0.09675 0.461589
v -0 0.09675 0.4655
v 0.0497 0.149 0.394105
v 0.0497 0.149 0.451104
v 0.03976 0.12525 0.404581
v 0.069634 0.1205 0.471577
v 0.00994 0.149 0.39802
v 0.00994 0.149 0.455081
v -0 0.12525 0.4085
v 0.03976 0.12525 0.404581
v 0.03976 0.12525 0.452089
v 0.069634 0.149 0.392138
v 0.0497 0.149 0.394105
v 0.03976 0.12525 0.404581
v 0.029874 0.149 0.396058
v 0.029874 0.149 0.396058
v -0 0.12525 0.456
v 0.075635 0.10625 0.484176
v 0.079685 0.09675 0.457664
v 0.069634 0.149 0.392138
v 0.00994 0.149 0.39802
v 0.075638 0.13475 0.424801
v 0.079685 0.12525 0.400651
v 0.079685 0.09675 0.457664
v 0.079685 0.0065 0.519349
vt 0.369819 0.187437
vt 0.369819 0.18571603
vt 0.311007 0.217152
vt 0.311007 0.218701
vt 0.259457 0.26077497
vt 0.259457 0.259457
vt 0.217152 0.31100702
vt 0.217152 0.312042
vt 0.185716 0.37053204
vt 0.185716 0.369819
vt 0.166357 0.43363404
vt 0.166357 0.433998
vt 0.433634 0.168185
vt 0.433634 0.16635698
vt 0.159821 0.5
vt 0.159821 0.5
vt 0.5 0.16168499
vt 0.5 0.15982103
vt 0.311007 0.781299
vt 0.311007 0.782848
vt 0.369819 0.81428403
vt 0.369819 0.812563
vt 0.217152 0.687958
vt 0.217152 0.68899298
vt 0.259457 0.740543
vt 0.259457 0.73922497
vt 0.166357 0.566002
vt 0.166357 0.56636602
vt 0.185716 0.630181
vt 0.185716 0.62946802
vt 0.433634 0.83364302
vt 0.433634 0.831815
vt 0.5 0.84017903
vt 0.5 0.83831501
vt 0.630181 0.812563
vt 0.630181 0.81428403
vt 0.688993 0.782848
vt 0.688993 0.781299
vt 0.740543 0.73922497
vt 0.740543 0.740543
vt 0.782848 0.68899298
vt 0.782848 0.687958
vt 0.814284 0.62946802
vt 0.814284 0.630181
vt 0.833643 0.56636602
vt 0.833643 0.566002
vt 0.566366 0.831815
vt 0.566366 0.83364302
vt 0.840179 0.5
vt 0.840179 0.5
vt 0.688993 0.218701
vt 0.688993 0.217152
vt 0.630181 0.18571603
vt 0.630181 0.187437
vt 0.782848 0.312042
vt 0.782848 0.31100702
vt 0.740543 0.259457
vt 0.740543 0.26077497
vt 0.833643 0.433998
vt 0.833643 0.43363404
vt 0.814284 0.369819
vt 0.814284 0.37053204
vt 0.566366 0.16635698
vt 0.566366 0.168185
vt 0.5 0.5
vt 0.369819 0.187437
vt 0.311007 0.218701
vt 0.259457 0.26077497
vt 0.217152 0.312042
vt 0.185716 0.37053204
vt 0.166357 0.433998
vt 0.433634 0.168185
vt 0.159821 0.5
vt 0.5 0.16168499
vt 0.311007 0.781299
vt 0.369819 0.812563
vt 0.217152 0.687958
vt 0.259457 0.73922497
vt 0.166357 0.566002
vt 0.185716 0.62946802
vt 0.433634 0.831815
vt 0.5 0.83831501
vt 0.630181 0.812563
vt 0.688993 0.781299
vt 0.740543 0.73922497
vt 0.782848 0.687958
vt 0.814284 0.62946802
vt 0.833643 0.566002
vt 0.566366 0.831815
vt 0.840179 0.5
vt 0.688993 0.218701
vt 0.630181 0.187437
vt 0.782848 0.312042
vt 0.740543 0.26077497
vt 0.833643 0.433998
vt 0.814284 0.37053204
vt 0.566366 0.168185
vt 0.919192 0.416618
vt 0.942718 0.411938
vt 0.917031 0.32726002
vt 0.89487 0.336439
vt 0.875318 0.24922001
vt 0.855374 0.26254702
vt 0.819182 0.18081802
vt 0.802221 0.197779
vt 0.75078 0.12468201
vt 0.737453 0.14462602
vt 0.67274 0.08296901
vt 0.663561 0.10513002
vt 0.588062 0.05728197
vt 0.583382 0.080807984
vt 0.416618 0.080807984
vt 0.411938 0.05728197
vt 0.32726 0.08296901
vt 0.336439 0.10513002
vt 0.24922 0.12468201
vt 0.262547 0.14462602
vt 0.180818 0.18081802
vt 0.19778 0.197779
vt 0.124682 0.24922001
vt 0.144626 0.26254702
vt 0.082969 0.32726002
vt 0.10513 0.336439
vt 0.057282 0.411938
vt 0.080808 0.416618
vt 0.080808 0.583382
vt 0.057282 0.588062
vt 0.082969 0.67273998
vt 0.10513 0.663561
vt 0.124682 0.75077999
vt 0.144626 0.73745298
vt 0.180818 0.81918198
vt 0.19778 0.80221999
vt 0.24922 0.87531799
vt 0.262547 0.85537398
vt 0.32726 0.91703099
vt 0.336439 0.89486998
vt 0.411938 0.94271803
vt 0.416618 0.919192016
vt 0.583382 0.919192016
vt 0.588062 0.94271803
vt 0.67274 0.91703099
vt 0.663561 0.89486998
vt 0.75078 0.87531799
vt 0.737453 0.85537398
vt 0.819182 0.81918198
vt 0.802221 0.80221999
vt 0.875318 0.75077999
vt 0.855374 0.73745298
vt 0.917031 0.67273998
vt 0.89487 0.663561
vt 0.942718 0.588062
vt 0.919192 0.583382
vt 0.279508 0.17000997
vt 0.291623 0.18814099
vt 0.356467 0.153481
vt 0.348122 0.133335
vt 0.17001 0.279508
vt 0.188141 0.291623
vt 0.234786 0.23478603
vt 0.219367 0.21936703
vt 0.11075 0.42257297
vt 0.132138 0.42682803
vt 0.153481 0.356467
vt 0.133335 0.348122
vt 0.426828 0.13213801
vt 0.422573 0.11075002
vt 0.651878 0.133335
vt 0.643533 0.153481
vt 0.708377 0.18814099
vt 0.720492 0.17000997
vt 0.780633 0.21936703
vt 0.765214 0.23478603
vt 0.811859 0.291623
vt 0.82999 0.279508
vt 0.866665 0.348122
vt 0.846519 0.356467
vt 0.867862 0.42682803
vt 0.88925 0.42257297
vt 0.577427 0.11075002
vt 0.573172 0.13213801
vt 0.720492 0.82999003
vt 0.708377 0.81185901
vt 0.643533 0.846519
vt 0.651878 0.866665
vt 0.82999 0.720492
vt 0.811859 0.708377
vt 0.765214 0.76521403
vt 0.780633 0.78063297
vt 0.88925 0.57742703
vt 0.867862 0.57317197
vt 0.846519 0.643533
vt 0.866665 0.651878
vt 0.573172 0.86786199
vt 0.577427 0.88924998
vt 0.348122 0.866665
vt 0.356467 0.846519
vt 0.291623 0.81185901
vt 0.279508 0.82999003
vt 0.219367 0.78063297
vt 0.234786 0.76521403
vt 0.188141 0.708377
vt 0.17001 0.720492
vt 0.133335 0.651878
vt 0.153481 0.643533
vt 0.132138 0.57317197
vt 0.11075 0.57742703
vt 0.422573 0.88924998
vt 0.426828 0.86786199
vt 0.947251 0.31474304
vt 0.939192 0.31808102
vt 0.966244 0.40725803
vt 0.974799 0.40555704
vt 0.902515 0.23104799
vt 0.895263 0.23589396
vt 0.842311 0.15768898
vt 0.836143 0.16385698
vt 0.768952 0.097485006
vt 0.764106 0.104736984
vt 0.685257 0.05274898
vt 0.681919 0.060808003
vt 0.594443 0.025201023
vt 0.592742 0.033756018
vt 0.314743 0.05274898
vt 0.318081 0.060808003
vt 0.407258 0.033756018
vt 0.405557 0.025201023
vt 0.231048 0.097485006
vt 0.235894 0.104736984
vt 0.157689 0.15768898
vt 0.163857 0.16385698
vt 0.097485 0.23104799
vt 0.104737 0.23589396
vt 0.052749 0.31474304
vt 0.060808 0.31808102
vt 0.025201 0.40555704
vt 0.033756 0.40725803
vt 0.052749 0.68525702
vt 0.060808 0.68191898
vt 0.033756 0.59274203
vt 0.025201 0.59444302
vt 0.097485 0.76895201
vt 0.104737 0.76410598
vt 0.157689 0.84231102
vt 0.163857 0.83614302
vt 0.231048 0.902514994
vt 0.235894 0.895263016
vt 0.314743 0.94725102
vt 0.318081 0.939191997
vt 0.405557 0.974798977
vt 0.407258 0.966243982
vt 0.685257 0.94725102
vt 0.681919 0.939191997
vt 0.592742 0.966243982
vt 0.594443 0.974798977
vt 0.768952 0.902514994
vt 0.764106 0.895263016
vt 0.842311 0.84231102
vt 0.836143 0.83614302
vt 0.902515 0.76895201
vt 0.895263 0.76410598
vt 0.947251 0.68525702
vt 0.939192 0.68191898
vt 0.974799 0.59444302
vt 0.966244 0.59274203
vt 0.910637 0.418319
vt 0.919192 0.416618
vt 0.89487 0.336439
vt 0.886812 0.339777
vt 0.855374 0.26254702
vt 0.848121 0.267393
vt 0.802221 0.197779
vt 0.796053 0.20394701
vt 0.737453 0.14462602
vt 0.732607 0.15187901
vt 0.663561 0.10513002
vt 0.660223 0.11318803
vt 0.583382 0.080807984
vt 0.581681 0.08936298
vt 0.418319 0.08936298
vt 0.416618 0.080807984
vt 0.336439 0.10513002
vt 0.339777 0.11318803
vt 0.262547 0.14462602
vt 0.267393 0.15187901
vt 0.19778 0.197779
vt 0.203947 0.20394701
vt 0.144626 0.26254702
vt 0.151879 0.267393
vt 0.10513 0.336439
vt 0.113189 0.339777
vt 0.080808 0.416618
vt 0.089363 0.418319
vt 0.089363 0.581681
vt 0.080808 0.583382
vt 0.10513 0.663561
vt 0.113189 0.660223
vt 0.144626 0.73745298
vt 0.151879 0.732607
vt 0.19778 0.80221999
vt 0.203947 0.79605299
vt 0.262547 0.85537398
vt 0.267393 0.84812099
vt 0.336439 0.89486998
vt 0.339777 0.88681197
vt 0.416618 0.919192016
vt 0.418319 0.91063702
vt 0.581681 0.91063702
vt 0.583382 0.919192016
vt 0.663561 0.89486998
vt 0.660223 0.88681197
vt 0.737453 0.85537398
vt 0.732607 0.84812099
vt 0.802221 0.80221999
vt 0.796053 0.79605299
vt 0.855374 0.73745298
vt 0.848121 0.732607
vt 0.89487 0.663561
vt 0.886812 0.660223
vt 0.919192 0.583382
vt 0.910637 0.581681
vt 0.369819 0.18571603
vt 0.301315 0.20264602
vt 0.311007 0.217152
vt 0.363143 0.169599
vt 0.259457 0.259457
vt 0.202646 0.301315
vt 0.217152 0.31100702
vt 0.247122 0.24712199
vt 0.185716 0.369819
vt 0.149248 0.43023098
vt 0.166357 0.43363404
vt 0.169598 0.36314297
vt 0.433634 0.16635698
vt 0.430231 0.149248
vt 0.142376 0.5
vt 0.159821 0.5
vt 0.5 0.15982103
vt 0.5 0.142376
vt 0.688993 0.217152
vt 0.636857 0.169599
vt 0.630181 0.18571603
vt 0.698685 0.20264602
vt 0.782848 0.31100702
vt 0.752878 0.24712199
vt 0.740543 0.259457
vt 0.797354 0.301315
vt 0.833643 0.43363404
vt 0.830401 0.36314297
vt 0.814284 0.369819
vt 0.850752 0.43023098
vt 0.569769 0.149248
vt 0.566366 0.16635698
vt 0.857624 0.5
vt 0.840179 0.5
vt 0.630181 0.81428403
vt 0.698685 0.79735398
vt 0.688993 0.782848
vt 0.636857 0.83040202
vt 0.740543 0.740543
vt 0.797354 0.698685
vt 0.782848 0.68899298
vt 0.752878 0.75287801
vt 0.814284 0.630181
vt 0.850752 0.56976902
vt 0.833643 0.56636602
vt 0.830401 0.63685697
vt 0.566366 0.83364302
vt 0.569769 0.850752
vt 0.5 0.84017903
vt 0.5 0.857624
vt 0.311007 0.782848
vt 0.363143 0.83040202
vt 0.369819 0.81428403
vt 0.301315 0.79735398
vt 0.217152 0.68899298
vt 0.247122 0.75287801
vt 0.259457 0.740543
vt 0.202646 0.698685
vt 0.166357 0.56636602
vt 0.169598 0.63685697
vt 0.185716 0.630181
vt 0.149248 0.56976902
vt 0.430231 0.850752
vt 0.433634 0.83364302
vt 0.296469 0.19539398
vt 0.359805 0.16154003
vt 0.195394 0.29646897
vt 0.240954 0.24095398
vt 0.140693 0.42852902
vt 0.16154 0.359805
vt 0.428529 0.14069301
vt 0.640195 0.16154003
vt 0.703531 0.19539398
vt 0.759046 0.24095398
vt 0.804606 0.29646897
vt 0.83846 0.359805
vt 0.859307 0.42852902
vt 0.571471 0.14069301
vt 0.703531 0.80460602
vt 0.640195 0.83846003
vt 0.804606 0.70353103
vt 0.759046 0.75904602
vt 0.859307 0.57147098
vt 0.83846 0.640195
vt 0.571471 0.85930699
vt 0.359805 0.83846003
vt 0.296469 0.80460602
vt 0.240954 0.75904602
vt 0.195394 0.70353103
vt 0.16154 0.640195
vt 0.140693 0.57147098
vt 0.428529 0.85930699
vt 0.291623 0.18814099
vt 0.356467 0.153481
vt 0.188141 0.291623
vt 0.234786 0.23478603
vt 0.132138 0.42682803
vt 0.153481 0.356467
vt 0.426828 0.13213801
vt 0.643533 0.153481
vt 0.708377 0.18814099
vt 0.765214 0.23478603
vt 0.811859 0.291623
vt 0.846519 0.356467
vt 0.867862 0.42682803
vt 0.573172 0.13213801
vt 0.708377 0.81185901
vt 0.643533 0.846519
vt 0.811859 0.708377
vt 0.765214 0.76521403
vt 0.867862 0.57317197
vt 0.846519 0.643533
vt 0.573172 0.86786199
vt 0.356467 0.846519
vt 0.291623 0.81185901
vt 0.234786 0.76521403
vt 0.188141 0.708377
vt 0.153481 0.643533
vt 0.132138 0.57317197
vt 0.426828 0.86786199
vt 0.426828 0.079789996
vt 0.430546 0.05544901
vt 0.430544 0.10996401
vt 0.490873 0.06901699
vt 0.472568 0.06901699
vt 0.490873 0.08216202
vt 0.436057 0.07266903
vt 0.454362 0.07266903
vt 0.436057 0.067016006
vt 0.490873 0.0088970065
vt 0.472568 0.0088970065
vt 0.490873 0.023786008
vt 0.436057 0.0035899878
vt 0.454362 0.012485981
vt 0.454362 0.0035899878
vt 0.436057 0.085814
vt 0.426828 0.08851302
vt 0.472568 0.06336498
vt 0.46349 0.076186
vt 0.436057 0.027375996
vt 0.436057 0.012485981
vt 0.426828 0.03182298
vt 0.472568 0
vt 0.46349 0.019554019
vt 0.490873 0
vt 0.426828 0.023153007
vt 0.472568 0.023786008
vt 0.46349 0.028225005
vt 0.426828 0.079789996
vt 0.472568 0.08216202
vt 0.46349 0.08490902
vt 0.454362 0.027375996
vt 0.490873 0.06336498
vt 0.454362 0.085814
vt 0.46349 0.019554019
vt 0.46349 0.028225005
vt 0.454362 0.067016006
vt 0.5 0.015927017
vt 0.5 0.024622023
vt 0.46349 0.076186
vt 0.5 0.07259601
vt 0.46349 0.12852901
vt 0.454362 0.13814801
vt 0.5 0.12493098
vt 0.490873 0.13455302
vt 0.46349 0.12852901
vt 0.46349 0.08490902
vt 0.436057 0.13995397
vt 0.472568 0.13635498
vt 0.46349 0.12852901
vt 0.454362 0.13814801
vt 0.472568 0.13635498
vt 0.5 0.08131802
vt 0.430546 0.05544901
vt 0.426828 0.08851302
vt 0.426828 0.03182298
vt 0.436057 0.13995397
vt 0.490873 0.13455302
vt 0.5 0.13365299
vt 0.5 0.12493098
vt 0.430544 0.10996401
vt 0.426828 0.13213801
vt 0.426828 0.079789996
vt 0.426828 0.023153007
vt 0.569454 0.05544901
vt 0.569456 0.10996401
vt 0.573172 0.08851302
vt 0.573172 0.03182298
vt 0.527432 0.08216202
vt 0.527432 0.06901699
vt 0.509127 0.06901699
vt 0.545638 0.067016006
vt 0.545638 0.07266903
vt 0.563943 0.07266903
vt 0.527432 0.023786008
vt 0.527432 0.0088970065
vt 0.509127 0.0088970065
vt 0.545638 0.0035899878
vt 0.563943 0.012485981
vt 0.563943 0.0035899878
vt 0.573172 0.08851302
vt 0.563943 0.085814
vt 0.53651 0.076186
vt 0.527432 0.06336498
vt 0.573172 0.03182298
vt 0.563943 0.027375996
vt 0.53651 0.019554019
vt 0.527432 0
vt 0.509127 0
vt 0.573172 0.023153007
vt 0.53651 0.028225005
vt 0.573172 0.079789996
vt 0.53651 0.08490902
vt 0.545638 0.012485981
vt 0.509127 0.06336498
vt 0.53651 0.019554019
vt 0.545638 0.027375996
vt 0.53651 0.028225005
vt 0.5 0.015927017
vt 0.509127 0.023786008
vt 0.5 0.024622023
vt 0.53651 0.076186
vt 0.5 0.07259601
vt 0.545638 0.13814801
vt 0.545638 0.085814
vt 0.53651 0.12852901
vt 0.563943 0.067016006
vt 0.509127 0.13455302
vt 0.509127 0.08216202
vt 0.5 0.12493098
vt 0.53651 0.12852901
vt 0.53651 0.08490902
vt 0.563943 0.13995397
vt 0.545638 0.13814801
vt 0.53651 0.12852901
vt 0.527432 0.13635498
vt 0.527432 0.13635498
vt 0.5 0.08131802
vt 0.569454 0.05544901
vt 0.573172 0.079789996
vt 0.563943 0.13995397
vt 0.509127 0.13455302
vt 0.569456 0.10996401
vt 0.573172 0.13213801
vt 0.573172 0.079789996
vt 0.573172 0.023153007
vt 0.92021 0.42682803
vt 0.944551 0.430546
vt 0.890036 0.43054402
vt 0.930983 0.49087298
vt 0.930983 0.47256804
vt 0.917838 0.49087298
vt 0.927331 0.43605697
vt 0.927331 0.45436203
vt 0.932984 0.43605697
vt 0.991103 0.49087298
vt 0.991103 0.47256804
vt 0.976214 0.49087298
vt 0.99641 0.43605697
vt 0.987514 0.45436203
vt 0.99641 0.45436203
vt 0.914186 0.43605697
vt 0.911487 0.42682803
vt 0.936635 0.47256804
vt 0.923814 0.46349
vt 0.972624 0.43605697
vt 0.987514 0.43605697
vt 0.968177 0.42682803
vt 1 0.47256804
vt 0.980446 0.46349
vt 1 0.49087298
vt 0.976847 0.42682803
vt 0.976214 0.47256804
vt 0.971775 0.46349
vt 0.92021 0.42682803
vt 0.917838 0.47256804
vt 0.915091 0.46349
vt 0.972624 0.45436203
vt 0.936635 0.49087298
vt 0.914186 0.45436203
vt 0.980446 0.46349
vt 0.971775 0.46349
vt 0.932984 0.45436203
vt 0.984073 0.5
vt 0.975378 0.5
vt 0.923814 0.46349
vt 0.927404 0.5
vt 0.871471 0.46349
vt 0.861852 0.45436203
vt 0.875069 0.5
vt 0.865447 0.49087298
vt 0.871471 0.46349
vt 0.915091 0.46349
vt 0.860046 0.43605697
vt 0.863645 0.47256804
vt 0.871471 0.46349
vt 0.861852 0.45436203
vt 0.863645 0.47256804
vt 0.918682 0.5
vt 0.944551 0.430546
vt 0.911487 0.42682803
vt 0.968177 0.42682803
vt 0.860046 0.43605697
vt 0.865447 0.49087298
vt 0.866347 0.5
vt 0.875069 0.5
vt 0.890036 0.43054402
vt 0.867862 0.42682803
vt 0.92021 0.42682803
vt 0.976847 0.42682803
vt 0.944551 0.569454
vt 0.890036 0.56945598
vt 0.911487 0.57317197
vt 0.968177 0.57317197
vt 0.917838 0.52743202
vt 0.930983 0.52743202
vt 0.930983 0.50912702
vt 0.932984 0.54563802
vt 0.927331 0.54563802
vt 0.927331 0.56394303
vt 0.976214 0.52743202
vt 0.991103 0.52743202
vt 0.991103 0.50912702
vt 0.99641 0.54563802
vt 0.987514 0.56394303
vt 0.99641 0.56394303
vt 0.911487 0.57317197
vt 0.914186 0.56394303
vt 0.923814 0.53651
vt 0.936635 0.52743202
vt 0.968177 0.57317197
vt 0.972624 0.56394303
vt 0.980446 0.53651
vt 1 0.52743202
vt 1 0.50912702
vt 0.976847 0.57317197
vt 0.971775 0.53651
vt 0.92021 0.57317197
vt 0.915091 0.53651
vt 0.987514 0.54563802
vt 0.936635 0.50912702
vt 0.980446 0.53651
vt 0.972624 0.54563802
vt 0.971775 0.53651
vt 0.984073 0.5
vt 0.976214 0.50912702
vt 0.975378 0.5
vt 0.923814 0.53651
vt 0.927404 0.5
vt 0.861852 0.54563802
vt 0.914186 0.54563802
vt 0.871471 0.53651
vt 0.932984 0.56394303
vt 0.865447 0.50912702
vt 0.917838 0.50912702
vt 0.875069 0.5
vt 0.871471 0.53651
vt 0.915091 0.53651
vt 0.860046 0.56394303
vt 0.861852 0.54563802
vt 0.871471 0.53651
vt 0.863645 0.52743202
vt 0.863645 0.52743202
vt 0.918682 0.5
vt 0.944551 0.569454
vt 0.92021 0.57317197
vt 0.860046 0.56394303
vt 0.865447 0.50912702
vt 0.890036 0.56945598
vt 0.867862 0.57317197
vt 0.92021 0.57317197
vt 0.976847 0.57317197
vt 0.573172 0.920210004
vt 0.569454 0.94455099
vt 0.569456 0.89003599
vt 0.509127 0.93098301
vt 0.527432 0.93098301
vt 0.509127 0.91783798
vt 0.563943 0.92733097
vt 0.545638 0.92733097
vt 0.563943 0.932983994
vt 0.509127 0.9911029935
vt 0.527432 0.9911029935
vt 0.509127 0.976213992
vt 0.563943 0.9964100122
vt 0.545638 0.987514019
vt 0.545638 0.9964100122
vt 0.563943 0.914186
vt 0.573172 0.91148698
vt 0.527432 0.93663502
vt 0.53651 0.923814
vt 0.563943 0.972624004
vt 0.563943 0.987514019
vt 0.573172 0.96817702
vt 0.527432 1
vt 0.53651 0.980445981
vt 0.509127 1
vt 0.573172 0.976846993
vt 0.527432 0.976213992
vt 0.53651 0.971774995
vt 0.573172 0.920210004
vt 0.527432 0.91783798
vt 0.53651 0.91509098
vt 0.545638 0.972624004
vt 0.509127 0.93663502
vt 0.545638 0.914186
vt 0.53651 0.980445981
vt 0.53651 0.971774995
vt 0.545638 0.932983994
vt 0.5 0.984072983
vt 0.5 0.975377977
vt 0.53651 0.923814
vt 0.5 0.92740399
vt 0.53651 0.87147099
vt 0.545638 0.86185199
vt 0.5 0.87506902
vt 0.509127 0.86544698
vt 0.53651 0.87147099
vt 0.53651 0.91509098
vt 0.563943 0.86004603
vt 0.527432 0.86364502
vt 0.53651 0.87147099
vt 0.545638 0.86185199
vt 0.527432 0.86364502
vt 0.5 0.91868198
vt 0.569454 0.94455099
vt 0.573172 0.91148698
vt 0.573172 0.96817702
vt 0.563943 0.86004603
vt 0.509127 0.86544698
vt 0.5 0.86634701
vt 0.5 0.87506902
vt 0.569456 0.89003599
vt 0.573172 0.86786199
vt 0.573172 0.920210004
vt 0.573172 0.976846993
vt 0.430546 0.94455099
vt 0.430544 0.89003599
vt 0.426828 0.91148698
vt 0.426828 0.96817702
vt 0.472568 0.91783798
vt 0.472568 0.93098301
vt 0.490873 0.93098301
vt 0.454362 0.932983994
vt 0.454362 0.92733097
vt 0.436057 0.92733097
vt 0.472568 0.976213992
vt 0.472568 0.9911029935
vt 0.490873 0.9911029935
vt 0.454362 0.9964100122
vt 0.436057 0.987514019
vt 0.436057 0.9964100122
vt 0.426828 0.91148698
vt 0.436057 0.914186
vt 0.46349 0.923814
vt 0.472568 0.93663502
vt 0.426828 0.96817702
vt 0.436057 0.972624004
vt 0.46349 0.980445981
vt 0.472568 1
vt 0.490873 1
vt 0.426828 0.976846993
vt 0.46349 0.971774995
vt 0.426828 0.920210004
vt 0.46349 0.91509098
vt 0.454362 0.987514019
vt 0.490873 0.93663502
vt 0.46349 0.980445981
vt 0.454362 0.972624004
vt 0.46349 0.971774995
vt 0.5 0.984072983
vt 0.490873 0.976213992
vt 0.5 0.975377977
vt 0.46349 0.923814
vt 0.5 0.92740399
vt 0.454362 0.86185199
vt 0.454362 0.914186
vt 0.46349 0.87147099
vt 0.436057 0.932983994
vt 0.490873 0.86544698
vt 0.490873 0.91783798
vt 0.5 0.87506902
vt 0.46349 0.87147099
vt 0.46349 0.91509098
vt 0.436057 0.86004603
vt 0.454362 0.86185199
vt 0.46349 0.87147099
vt 0.472568 0.86364502
vt 0.472568 0.86364502
vt 0.5 0.91868198
vt 0.430546 0.94455099
vt 0.426828 0.920210004
vt 0.436057 0.86004603
vt 0.490873 0.86544698
vt 0.430544 0.89003599
vt 0.426828 0.86786199
vt 0.426828 0.920210004
vt 0.426828 0.976846993
vt 0.07979 0.57317197
vt 0.055449 0.569454
vt 0.109964 0.56945598
vt 0.069017 0.50912702
vt 0.069017 0.52743202
vt 0.082162 0.50912702
vt 0.072669 0.56394303
vt 0.072669 0.54563802
vt 0.067016 0.56394303
vt 0.008897 0.50912702
vt 0.008897 0.52743202
vt 0.023786 0.50912702
vt 0.00359 0.56394303
vt 0.012486 0.54563802
vt 0.00359 0.54563802
vt 0.085814 0.56394303
vt 0.088513 0.57317197
vt 0.063365 0.52743202
vt 0.076186 0.53651
vt 0.027376 0.56394303
vt 0.012486 0.56394303
vt 0.031823 0.57317197
vt 0 0.52743202
vt 0.019554 0.53651
vt 0 0.50912702
vt 0.023153 0.57317197
vt 0.023786 0.52743202
vt 0.028225 0.53651
vt 0.07979 0.57317197
vt 0.082162 0.52743202
vt 0.084909 0.53651
vt 0.027376 0.54563802
vt 0.063365 0.50912702
vt 0.085814 0.54563802
vt 0.019554 0.53651
vt 0.028225 0.53651
vt 0.067016 0.54563802
vt 0.015927 0.5
vt 0.024622 0.5
vt 0.076186 0.53651
vt 0.072596 0.5
vt 0.128529 0.53651
vt 0.138148 0.54563802
vt 0.124931 0.5
vt 0.134553 0.50912702
vt 0.128529 0.53651
vt 0.084909 0.53651
vt 0.139954 0.56394303
vt 0.136355 0.52743202
vt 0.128529 0.53651
vt 0.138148 0.54563802
vt 0.136355 0.52743202
vt 0.081318 0.5
vt 0.055449 0.569454
vt 0.088513 0.57317197
vt 0.031823 0.57317197
vt 0.139954 0.56394303
vt 0.134553 0.50912702
vt 0.133653 0.5
vt 0.124931 0.5
vt 0.109964 0.56945598
vt 0.132138 0.57317197
vt 0.07979 0.57317197
vt 0.023153 0.57317197
vt 0.055449 0.430546
vt 0.109964 0.43054402
vt 0.088513 0.42682803
vt 0.031823 0.42682803
vt 0.082162 0.47256804
vt 0.069017 0.47256804
vt 0.069017 0.49087298
vt 0.067016 0.45436203
vt 0.072669 0.45436203
vt 0.072669 0.43605697
vt 0.023786 0.47256804
vt 0.008897 0.47256804
vt 0.008897 0.49087298
vt 0.00359 0.45436203
vt 0.012486 0.43605697
vt 0.00359 0.43605697
vt 0.088513 0.42682803
vt 0.085814 0.43605697
vt 0.076186 0.46349
vt 0.063365 0.47256804
vt 0.031823 0.42682803
vt 0.027376 0.43605697
vt 0.019554 0.46349
vt 0 0.47256804
vt 0 0.49087298
vt 0.023153 0.42682803
vt 0.028225 0.46349
vt 0.07979 0.42682803
vt 0.084909 0.46349
vt 0.012486 0.45436203
vt 0.063365 0.49087298
vt 0.019554 0.46349
vt 0.027376 0.45436203
vt 0.028225 0.46349
vt 0.015927 0.5
vt 0.023786 0.49087298
vt 0.024622 0.5
vt 0.076186 0.46349
vt 0.072596 0.5
vt 0.138148 0.45436203
vt 0.085814 0.45436203
vt 0.128529 0.46349
vt 0.067016 0.43605697
vt 0.134553 0.49087298
vt 0.082162 0.49087298
vt 0.124931 0.5
vt 0.128529 0.46349
vt 0.084909 0.46349
vt 0.139954 0.43605697
vt 0.138148 0.45436203
vt 0.128529 0.46349
vt 0.136355 0.47256804
vt 0.136355 0.47256804
vt 0.081318 0.5
vt 0.055449 0.430546
vt 0.07979 0.42682803
vt 0.139954 0.43605697
vt 0.134553 0.49087298
vt 0.109964 0.43054402
vt 0.132138 0.42682803
vt 0.07979 0.42682803
vt 0.023153 0.42682803
vn 0.92111 0.066683 0.383526
vn 0.92288 0.069674 0.378704
vn 0.832606 0.050233 0.55153
vn 0.829096 0.046785 0.557085
vn 0.704367 0.028535 0.70922
vn 0.709433 0.03177 0.704031
vn 0.558031 0.017182 0.829615
vn 0.551897 0.014679 0.833766
vn 0.37788 0.005737 0.92581
vn 0.384564 0.007355 0.923063
vn 0.196081 0.001923 0.98056
vn 0.189306 0.001221 0.981903
vn 0.977142 0.083163 0.195563
vn 0.977538 0.084872 0.192755
vn 0.000153 0.000122 1
vn -0.006378 0.000122 0.999969
vn 0.995911 0.090182 0.00058
vn 0.995911 0.090182 0.00058
vn -0.833766 0.015412 0.551866
vn -0.831965 0.014649 0.554613
vn -0.924039 0.017548 0.381878
vn -0.924894 0.018128 0.379772
vn -0.560625 0.008118 0.827998
vn -0.556505 0.007172 0.830775
vn -0.707907 0.011048 0.706198
vn -0.710837 0.011963 0.703207
vn -0.201575 0.001495 0.979461
vn -0.195563 0.000977 0.980682
vn -0.383557 0.003601 0.92349
vn -0.388714 0.004425 0.921323
vn -0.980682 0.019501 0.194586
vn -0.980895 0.019776 0.193457
vn -0.999786 0.020264 -0.000061
vn -0.999786 0.020264 -0.000061
vn -0.924863 0.017579 -0.379833
vn -0.923978 0.018097 -0.38197
vn -0.831904 0.015381 -0.554674
vn -0.833766 0.014679 -0.551866
vn -0.710898 0.011109 -0.703177
vn -0.707877 0.011902 -0.706229
vn -0.556536 0.008057 -0.830744
vn -0.560747 0.007263 -0.827937
vn -0.388928 0.003662 -0.921232
vn -0.383648 0.004364 -0.92346
vn -0.195776 0.001465 -0.980621
vn -0.201849 0.001038 -0.9794
vn -0.980865 0.019501 -0.193579
vn -0.980651 0.019776 -0.194708
vn -0.000122 0.000122 -0.999969
vn -0.006684 0.000122 -0.999969
vn 0.82931 0.049959 -0.556505
vn 0.832789 0.04706 -0.551561
vn 0.923246 0.066897 -0.378277
vn 0.921262 0.069521 -0.382611
vn 0.551897 0.016907 -0.833705
vn 0.557695 0.014893 -0.82989
vn 0.709311 0.02884 -0.704276
vn 0.70452 0.031465 -0.708945
vn 0.189032 0.001862 -0.981964
vn 0.195715 0.001282 -0.980651
vn 0.384136 0.00589 -0.923246
vn 0.377728 0.007172 -0.925871
vn 0.977874 0.083224 -0.191839
vn 0.977203 0.084841 -0.194433
vn 0.104526 0.994507 0
vn 0.104526 0.994507 0
vn 0.104526 0.994507 0
vn 0.104526 0.994507 0
vn 0.104526 0.994507 0
vn 0.104526 0.994507 0
vn 0.104526 0.994507 0
vn 0.104526 0.994507 0
vn 0.104526 0.994507 0
vn 0.104526 0.994507 0
vn 0.104526 0.994507 0
vn 0.104526 0.994507 0
vn 0.104526 0.994507 0
vn 0.104526 0.994507 0
vn 0.104526 0.994507 0
vn 0.104526 0.994507 0
vn 0.104526 0.994507 0
vn 0.104526 0.994507 0
vn 0.104526 0.994507 0
vn 0.104526 0.994507 0
vn 0.104526 0.994507 0
vn 0.104526 0.994507 0
vn 0.104526 0.994507 0
vn 0.104526 0.994507 0
vn 0.104526 0.994507 0
vn 0.104526 0.994507 0
vn 0.104526 0.994507 0
vn 0.104526 0.994507 0
vn 0.104526 0.994507 0
vn 0.104526 0.994507 0
vn 0.104526 0.994507 0
vn 0.104526 0.994507 0
vn 0.104526 0.994507 0
vn -0.066866 0.939787 0.335124
vn 0.00412 0.999756 -0.020905
vn 0.008148 0.999756 -0.019715
vn -0.130772 0.939787 0.315714
vn 0.011841 0.999756 -0.017731
vn -0.189856 0.939787 0.284127
vn 0.015076 0.999756 -0.015076
vn -0.241676 0.939756 0.241615
vn 0.017731 0.999756 -0.011841
vn -0.284158 0.939756 0.189856
vn 0.019715 0.999756 -0.008148
vn -0.315744 0.939756 0.130772
vn 0.020905 0.999756 -0.004151
vn -0.335246 0.939726 0.066805
vn -0.335154 0.939756 -0.066866
vn 0.020905 0.999756 0.00412
vn 0.019715 0.999756 0.008148
vn -0.315744 0.939756 -0.130772
vn 0.017731 0.999756 0.011841
vn -0.284158 0.939756 -0.189856
vn 0.015076 0.999756 0.015076
vn -0.241676 0.939756 -0.241615
vn 0.011841 0.999756 0.017731
vn -0.189856 0.939787 -0.284127
vn 0.008148 0.999756 0.019715
vn -0.130772 0.939787 -0.315714
vn 0.004151 0.999756 0.020905
vn -0.066805 0.939756 -0.335215
vn 0.066866 0.939787 -0.335124
vn -0.00412 0.999756 0.020905
vn -0.008148 0.999756 0.019715
vn 0.130772 0.939787 -0.315714
vn -0.011841 0.999756 0.017731
vn 0.189856 0.939787 -0.284127
vn -0.015076 0.999756 0.015076
vn 0.241676 0.939756 -0.241615
vn -0.017731 0.999756 0.011841
vn 0.284158 0.939756 -0.189856
vn -0.019715 0.999756 0.008148
vn 0.315744 0.939756 -0.130772
vn -0.020905 0.999756 0.004151
vn 0.335246 0.939726 -0.066805
vn 0.335154 0.939756 0.066866
vn -0.020905 0.999756 -0.00412
vn -0.019715 0.999756 -0.008148
vn 0.315744 0.939756 0.130772
vn -0.017731 0.999756 -0.011841
vn 0.284158 0.939756 0.189856
vn -0.015076 0.999756 -0.015076
vn 0.241676 0.939756 0.241615
vn -0.011841 0.999756 -0.017731
vn 0.189856 0.939787 0.284127
vn -0.008148 0.999756 -0.019715
vn 0.130772 0.939787 0.315714
vn -0.004151 0.999756 -0.020905
vn 0.066805 0.939756 0.335215
vn 0.019288 0.999725 0.012879
vn -0.308817 0.928465 -0.206305
vn -0.34315 0.928434 -0.142094
vn 0.021424 0.999725 0.00885
vn 0.012879 0.999725 0.019288
vn -0.206336 0.928465 -0.308786
vn -0.262642 0.928465 -0.262581
vn 0.016388 0.999725 0.016388
vn 0.004547 0.999725 0.022675
vn -0.096225 0.92819 -0.359416
vn -0.142125 0.928465 -0.343089
vn 0.008881 0.999725 0.021424
vn -0.359447 0.928159 -0.096194
vn 0.022706 0.999725 0.004517
vn 0.021424 0.999725 -0.00885
vn -0.34315 0.928434 0.142094
vn -0.308817 0.928465 0.206305
vn 0.019288 0.999725 -0.012879
vn 0.016388 0.999725 -0.016388
vn -0.262642 0.928465 0.262581
vn -0.206336 0.928465 0.308786
vn 0.012879 0.999725 -0.019288
vn 0.008881 0.999725 -0.021424
vn -0.142125 0.928465 0.343089
vn -0.096225 0.92819 0.359416
vn 0.004517 0.999725 -0.022706
vn 0.022675 0.999725 -0.004547
vn -0.359447 0.928159 0.096194
vn -0.019288 0.999725 -0.012879
vn 0.308817 0.928465 0.206305
vn 0.34315 0.928434 0.142094
vn -0.021424 0.999725 -0.00885
vn -0.012879 0.999725 -0.019288
vn 0.206336 0.928465 0.308786
vn 0.262642 0.928465 0.262581
vn -0.016388 0.999725 -0.016388
vn -0.004547 0.999725 -0.022675
vn 0.096225 0.92819 0.359416
vn 0.142125 0.928465 0.343089
vn -0.008881 0.999725 -0.021424
vn 0.359447 0.928159 0.096194
vn -0.022706 0.999725 -0.004517
vn -0.021424 0.999725 0.00885
vn 0.34315 0.928434 -0.142094
vn 0.308817 0.928465 -0.206305
vn -0.019288 0.999725 0.012879
vn -0.016388 0.999725 0.016388
vn 0.262642 0.928465 -0.262581
vn 0.206336 0.928465 -0.308786
vn -0.012879 0.999725 0.019288
vn -0.008881 0.999725 0.021424
vn 0.142125 0.928465 -0.343089
vn 0.096225 0.92819 -0.359416
vn -0.004517 0.999725 0.022706
vn -0.022675 0.999725 0.004547
vn 0.359447 0.928159 -0.096194
vn 0.380596 0.104678 -0.91876
vn 0.306101 0.600238 -0.738884
vn 0.156133 0.600269 -0.784387
vn 0.193152 0.104434 -0.975585
vn 0.552538 0.104678 -0.826868
vn 0.44438 0.600238 -0.664968
vn 0.703238 0.104648 -0.703177
vn 0.565569 0.600238 -0.565508
vn 0.82693 0.104648 -0.552446
vn 0.665029 0.600238 -0.444288
vn 0.91879 0.104648 -0.380535
vn 0.738945 0.600238 -0.30604
vn 0.975585 0.104648 -0.192907
vn 0.784509 0.600146 -0.156011
vn 0.91879 0.104648 0.380535
vn 0.738945 0.600238 0.30604
vn 0.784387 0.600269 0.156102
vn 0.975585 0.104404 0.193091
vn 0.82693 0.104648 0.552446
vn 0.665029 0.600238 0.444288
vn 0.703238 0.104678 0.703177
vn 0.565569 0.600238 0.565508
vn 0.552538 0.104678 0.826868
vn 0.44438 0.600238 0.664968
vn 0.380596 0.104678 0.91876
vn 0.306101 0.600238 0.738884
vn 0.192969 0.104678 0.975585
vn 0.156041 0.600146 0.784478
vn -0.380596 0.104678 0.91876
vn -0.306101 0.600238 0.738884
vn -0.156133 0.600269 0.784387
vn -0.193152 0.104434 0.975585
vn -0.552538 0.104678 0.826868
vn -0.44438 0.600238 0.664968
vn -0.703238 0.104648 0.703177
vn -0.565569 0.600238 0.565508
vn -0.82693 0.104648 0.552446
vn -0.665029 0.600238 0.444288
vn -0.91879 0.104648 0.380535
vn -0.738945 0.600238 0.30604
vn -0.975585 0.104648 0.192907
vn -0.784509 0.600146 0.156011
vn -0.91879 0.104648 -0.380535
vn -0.738945 0.600238 -0.30604
vn -0.784387 0.600269 -0.156102
vn -0.975585 0.104404 -0.193091
vn -0.82693 0.104648 -0.552446
vn -0.665029 0.600238 -0.444288
vn -0.703238 0.104678 -0.703177
vn -0.565569 0.600238 -0.565508
vn -0.552538 0.104678 -0.826868
vn -0.44438 0.600238 -0.664968
vn -0.380596 0.104678 -0.91876
vn -0.306101 0.600238 -0.738884
vn -0.192969 0.104678 -0.975585
vn -0.156041 0.600146 -0.784478
vn 0.144749 0.673269 -0.725059
vn 0.185644 0.316172 -0.930326
vn 0.363079 0.316202 -0.876431
vn 0.282998 0.673147 -0.683187
vn 0.527085 0.316202 -0.788751
vn 0.410871 0.673147 -0.614826
vn 0.670858 0.316202 -0.670766
vn 0.522935 0.673147 -0.522843
vn 0.788812 0.316202 -0.526994
vn 0.614887 0.673147 -0.41081
vn 0.876492 0.316172 -0.362987
vn 0.683218 0.673147 -0.282968
vn 0.930357 0.316172 -0.185583
vn 0.72512 0.673208 -0.144749
vn 0.725089 0.673238 0.144719
vn 0.930357 0.316141 0.185614
vn 0.876492 0.316172 0.362987
vn 0.683218 0.673147 0.282968
vn 0.788812 0.316202 0.526994
vn 0.614887 0.673147 0.41081
vn 0.670858 0.316202 0.670766
vn 0.522935 0.673147 0.522843
vn 0.527085 0.316202 0.788751
vn 0.410871 0.673147 0.614826
vn 0.363079 0.316202 0.876431
vn 0.282998 0.673147 0.683187
vn 0.185644 0.316202 0.930326
vn 0.14478 0.673238 0.725089
vn -0.144749 0.673269 0.725059
vn -0.185644 0.316172 0.930326
vn -0.363079 0.316202 0.876431
vn -0.282998 0.673147 0.683187
vn -0.527085 0.316202 0.788751
vn -0.410871 0.673147 0.614826
vn -0.670858 0.316202 0.670766
vn -0.522935 0.673147 0.522843
vn -0.788812 0.316202 0.526994
vn -0.614887 0.673147 0.41081
vn -0.876492 0.316172 0.362987
vn -0.683218 0.673147 0.282968
vn -0.930357 0.316172 0.185583
vn -0.72512 0.673208 0.144749
vn -0.725089 0.673238 -0.144719
vn -0.930357 0.316141 -0.185614
vn -0.876492 0.316172 -0.362987
vn -0.683218 0.673147 -0.282968
vn -0.788812 0.316202 -0.526994
vn -0.614887 0.673147 -0.41081
vn -0.670858 0.316202 -0.670766
vn -0.522935 0.673147 -0.522843
vn -0.527085 0.316202 -0.788751
vn -0.410871 0.673147 -0.614826
vn -0.363079 0.316202 -0.876431
vn -0.282998 0.673147 -0.683187
vn -0.185644 0.316202 -0.930326
vn -0.14478 0.673238 -0.725089
vn -0.224097 0.970122 -0.092807
vn 0.245338 0.955473 0.163884
vn -0.201666 0.970122 -0.134739
vn 0.272591 0.955473 0.112888
vn -0.171514 0.970122 -0.171484
vn 0.163915 0.955473 0.245308
vn -0.134739 0.970122 -0.201636
vn 0.208625 0.955473 0.208594
vn -0.092807 0.970122 -0.224067
vn 0.057558 0.955473 0.289376
vn -0.047304 0.970122 -0.237861
vn 0.112918 0.955473 0.272561
vn -0.237892 0.970122 -0.047304
vn 0.289407 0.955443 0.057527
vn 0 0.955473 0.295053
vn 0 0.970122 -0.242531
vn -0.242561 0.970122 0
vn 0.295053 0.955473 0
vn -0.201666 0.970122 0.134739
vn 0.272591 0.955473 -0.112888
vn -0.224097 0.970122 0.092807
vn 0.245338 0.955473 -0.163884
vn -0.134739 0.970122 0.201636
vn 0.208625 0.955473 -0.208594
vn -0.171514 0.970122 0.171484
vn 0.163915 0.955473 -0.245308
vn -0.047304 0.970122 0.237861
vn 0.112918 0.955473 -0.272561
vn -0.092807 0.970122 0.224067
vn 0.057558 0.955473 -0.289376
vn 0.289407 0.955443 -0.057527
vn -0.237892 0.970122 0.047304
vn 0 0.955473 -0.295053
vn 0 0.970122 0.242531
vn 0.224097 0.970122 0.092807
vn -0.245338 0.955473 -0.163884
vn 0.201666 0.970122 0.134739
vn -0.272591 0.955473 -0.112888
vn 0.171514 0.970122 0.171484
vn -0.163915 0.955473 -0.245308
vn 0.134739 0.970122 0.201636
vn -0.208625 0.955473 -0.208594
vn 0.092807 0.970122 0.224067
vn -0.057558 0.955473 -0.289376
vn 0.047304 0.970122 0.237861
vn -0.112918 0.955473 -0.272561
vn 0.237892 0.970122 0.047304
vn -0.289407 0.955443 -0.057527
vn 0.242561 0.970122 0
vn -0.295053 0.955473 0
vn 0.201666 0.970122 -0.134739
vn -0.272591 0.955473 0.112888
vn 0.224097 0.970122 -0.092807
vn -0.245338 0.955473 0.163884
vn 0.134739 0.970122 -0.201636
vn -0.208625 0.955473 0.208594
vn 0.171514 0.970122 -0.171484
vn -0.163915 0.955473 0.245308
vn 0.047304 0.970122 -0.237861
vn -0.112918 0.955473 0.272561
vn 0.092807 0.970122 -0.224067
vn -0.057558 0.955473 0.289376
vn -0.289407 0.955443 0.057527
vn 0.237892 0.970122 -0.047304
vn 0.697256 0.544755 0.465835
vn 0.774743 0.544755 0.320872
vn 0.465926 0.544755 0.697195
vn 0.592975 0.544755 0.592914
vn 0.163457 0.544755 0.822474
vn 0.320933 0.544786 0.774712
vn 0.822504 0.544725 0.163427
vn 0.774743 0.544755 -0.320872
vn 0.697256 0.544755 -0.465835
vn 0.592975 0.544755 -0.592914
vn 0.465926 0.544755 -0.697195
vn 0.320933 0.544786 -0.774712
vn 0.163457 0.544755 -0.822474
vn 0.822504 0.544725 -0.163427
vn -0.697256 0.544755 -0.465835
vn -0.774743 0.544755 -0.320872
vn -0.465926 0.544755 -0.697195
vn -0.592975 0.544755 -0.592914
vn -0.163457 0.544755 -0.822474
vn -0.320933 0.544786 -0.774712
vn -0.822504 0.544725 -0.163427
vn -0.774743 0.544755 0.320872
vn -0.697256 0.544755 0.465835
vn -0.592975 0.544755 0.592914
vn -0.465926 0.544755 0.697195
vn -0.320933 0.544786 0.774712
vn -0.163457 0.544755 0.822474
vn -0.822504 0.544725 0.163427
vn 0.772027 0.371349 0.515793
vn 0.857814 0.371349 0.355266
vn 0.515854 0.371349 0.771966
vn 0.656575 0.371349 0.656484
vn 0.240364 0.370678 0.897092
vn 0.355327 0.37138 0.857784
vn 0.897122 0.370647 0.240303
vn 0.857814 0.371349 -0.355266
vn 0.772027 0.371349 -0.515793
vn 0.656575 0.371349 -0.656484
vn 0.515854 0.371349 -0.771966
vn 0.355327 0.37138 -0.857784
vn 0.240364 0.370678 -0.897092
vn 0.897122 0.370647 -0.240303
vn -0.772027 0.371349 -0.515793
vn -0.857814 0.371349 -0.355266
vn -0.515854 0.371349 -0.771966
vn -0.656575 0.371349 -0.656484
vn -0.240364 0.370678 -0.897092
vn -0.355327 0.37138 -0.857784
vn -0.897122 0.370647 -0.240303
vn -0.857814 0.371349 0.355266
vn -0.772027 0.371349 0.515793
vn -0.656575 0.371349 0.656484
vn -0.515854 0.371349 0.771966
vn -0.355327 0.37138 0.857784
vn -0.240364 0.370678 0.897092
vn -0.897122 0.370647 0.240303
vn -0.341594 0.939207 -0.033876
vn 0.02295 0.999725 0.002258
vn 0.025147 0.999664 0.002533
vn 0.686819 0.547288 -0.478225
vn 0.681173 0.536393 0.498245
vn 0.222633 0.831202 -0.509384
vn 0.68218 0.537309 0.495834
vn 0.686911 0.547472 -0.477859
vn 0.439344 0.560564 0.701895
vn 0.783197 0.40199 -0.474258
vn 0.772942 0.393292 0.497787
vn 0.296304 0.814753 -0.498337
vn 0.850612 0.082675 0.519181
vn 0.783166 0.401959 -0.47438
vn 0.869228 0.084475 -0.487075
vn 0.226447 0.82812 0.512742
vn 0.246529 0.263771 0.932524
vn 0.436842 0.558763 0.704917
vn 0.191778 0.277017 0.941527
vn 0.300607 0.810205 0.503128
vn 0.774041 0.393841 0.495682
vn 0.255806 0.225562 0.940031
vn 0.849117 0.082522 0.521683
vn 0.41905 0.041169 0.90701
vn 0.869472 0.084506 -0.486679
vn 0.424604 0.041688 0.904386
vn 0.300363 0.809076 0.505081
vn 0.23133 0.237281 0.94348
vn 0.24012 0.253243 0.937101
vn 0.226356 0.826807 0.514878
vn 0.219398 0.27308 0.936613
vn 0.296304 0.814722 -0.498367
vn 0.473128 0.559832 -0.680197
vn 0.222541 0.831263 -0.509323
vn 0.493881 0.048433 -0.86816
vn 0.28312 0.243904 -0.927519
vn 0.473861 0.559862 -0.679708
vn 0.494644 0.048524 -0.867702
vn 0.283273 0.243965 -0.927458
vn 0.197424 0.304788 -0.9317
vn 0.197363 0.3043 -0.931883
vn 0 0.38609 -0.922422
vn 0 0.889462 -0.456984
vn 0 0.38609 -0.922452
vn 0 0.889431 -0.457015
vn 0 0.38432 0.923185
vn 0.270577 0.284707 -0.919614
vn 0.000305 0.861873 0.507065
vn 0.779992 0.621021 0.076815
vn 0.92465 0.369671 0.091067
vn 0.777276 0.624439 0.07654
vn 0 0.860805 0.508896
vn 0.269601 0.284463 -0.91998
vn 0.000183 0.388836 0.921293
vn 0.721519 0.68862 0.072085
vn 0.779443 0.621723 0.076724
vn 0.779809 0.621265 0.076693
vn 0.777276 0.624439 0.07654
vn 0.838588 0.544725 0
vn 0.928465 0.371349 0
vn -0.000031 0.38905 0.921201
vn 0.000885 0.390027 0.920774
vn 0.944456 0.314768 0.09415
vn 0.99002 0.103549 0.095279
vn 0.02298 0.999725 -0.002197
vn 0.025086 0.999664 -0.002472
vn 0.72158 0.688528 -0.072054
vn 0.779595 0.621509 -0.076937
vn 0.226356 0.826807 -0.514878
vn 0.681173 0.536393 -0.498245
vn 0.686819 0.547288 0.478225
vn 0.473861 0.559862 0.679708
vn 0.686911 0.547472 0.477859
vn 0.68218 0.537309 -0.495834
vn 0.300363 0.809076 -0.505081
vn 0.772942 0.393292 -0.497787
vn 0.783197 0.40199 0.474258
vn 0.869228 0.084475 0.487075
vn 0.774041 0.393841 -0.495682
vn 0.850612 0.082675 -0.519181
vn 0.246529 0.263771 -0.932524
vn 0.226447 0.82812 -0.512742
vn 0.191778 0.277017 -0.941527
vn 0.436842 0.558763 -0.704917
vn 0.255806 0.225562 -0.940031
vn 0.300607 0.810205 -0.503128
vn 0.41905 0.041169 -0.90701
vn 0.849117 0.082522 -0.521683
vn 0.869472 0.084506 0.486679
vn 0.424604 0.041688 -0.904386
vn 0.23133 0.237281 -0.94348
vn 0.24012 0.253243 -0.937101
vn 0.219398 0.27308 -0.936613
vn 0.783166 0.401959 0.47438
vn 0.473128 0.559832 0.680197
vn 0.493881 0.048433 0.86816
vn 0.296304 0.814722 0.498367
vn 0.28312 0.243904 0.927519
vn 0.494644 0.048524 0.867702
vn 0.296304 0.814753 0.498337
vn 0.283273 0.243965 0.927458
vn 0.197424 0.304788 0.9317
vn 0.197363 0.3043 0.931883
vn 0 0.889462 0.456984
vn 0.222541 0.831263 0.509323
vn 0 0.38609 0.922422
vn 0.439344 0.560564 -0.701895
vn 0 0.889431 0.457015
vn 0.222633 0.831202 0.509384
vn 0 0.38609 0.922452
vn 0 0.38432 -0.923185
vn 0.270577 0.284707 0.919614
vn 0.000305 0.861873 -0.507065
vn 0.777306 0.624439 -0.07654
vn 0.92465 0.369671 -0.091067
vn 0.780023 0.620991 -0.076815
vn 0 0.860805 -0.508896
vn 0.269601 0.284463 0.91998
vn 0.000183 0.388836 -0.921293
vn -0.341777 0.939146 0.034059
vn 0.779809 0.621265 -0.076693
vn 0.777276 0.624439 -0.07654
vn -0.000031 0.38905 -0.921201
vn 0.000885 0.390027 -0.920774
vn 0.944456 0.314829 -0.09418
vn 0.989959 0.104038 -0.095645
vn -0.033906 0.939238 0.341533
vn 0.002258 0.999725 -0.02295
vn 0.002533 0.999664 -0.025147
vn -0.478256 0.547288 -0.686789
vn 0.498276 0.536424 -0.681143
vn -0.509415 0.831202 -0.222602
vn 0.495865 0.537339 -0.68215
vn -0.477889 0.547502 -0.68688
vn 0.701926 0.560564 -0.439314
vn -0.474288 0.40202 -0.783197
vn 0.497818 0.393323 -0.772942
vn -0.498367 0.814753 -0.296274
vn 0.519211 0.082675 -0.850612
vn -0.47438 0.401959 -0.783135
vn -0.487106 0.084475 -0.869228
vn 0.512772 0.828089 -0.226417
vn 0.932554 0.263741 -0.246467
vn 0.704947 0.558763 -0.436811
vn 0.941527 0.276986 -0.191748
vn 0.503159 0.810205 -0.300577
vn 0.495712 0.393841 -0.77401
vn 0.940031 0.225562 -0.255745
vn 0.521714 0.082522 -0.849086
vn 0.907041 0.041139 -0.418989
vn -0.486709 0.084506 -0.869442
vn 0.904416 0.041688 -0.424543
vn 0.505081 0.809076 -0.300363
vn 0.94351 0.237251 -0.231269
vn 0.937132 0.253212 -0.240089
vn 0.514878 0.826807 -0.226325
vn 0.936644 0.273049 -0.219337
vn -0.498367 0.814722 -0.296274
vn -0.680258 0.559801 -0.473098
vn -0.509323 0.831263 -0.222541
vn -0.868221 0.048433 -0.493789
vn -0.927549 0.243873 -0.283059
vn -0.679739 0.559862 -0.4738
vn -0.867763 0.048524 -0.494552
vn -0.927488 0.243965 -0.283212
vn -0.93173 0.304727 -0.197424
vn -0.931883 0.30427 -0.197333
vn -0.922452 0.386059 0
vn -0.456984 0.889462 0
vn -0.922452 0.386059 0
vn -0.457015 0.889431 0
vn 0.923185 0.384259 0
vn -0.919645 0.284677 -0.270516
vn 0.507096 0.861873 -0.000305
vn 0.076815 0.621052 -0.779962
vn 0.091067 0.369732 -0.92465
vn 0.076571 0.62447 -0.777245
vn 0.508896 0.860805 0
vn -0.920011 0.284463 -0.269539
vn 0.921293 0.388806 -0.000183
vn 0.072085 0.68865 -0.721488
vn 0.076754 0.621723 -0.779443
vn 0.076693 0.621296 -0.779778
vn 0.07654 0.6245 -0.777245
vn 0 0.544786 -0.838557
vn 0 0.37138 -0.928465
vn 0.921232 0.388989 0.000031
vn 0.920804 0.389996 -0.000885
vn 0.09418 0.314798 -0.944456
vn 0.095309 0.10358 -0.99002
vn -0.002197 0.999725 -0.02298
vn -0.002472 0.999664 -0.025086
vn -0.072054 0.688559 -0.721549
vn -0.076968 0.621509 -0.779595
vn -0.514878 0.826807 -0.226325
vn -0.498276 0.536424 -0.681143
vn 0.478256 0.547288 -0.686789
vn 0.679739 0.559862 -0.4738
vn 0.477889 0.547502 -0.68688
vn -0.495865 0.537339 -0.68215
vn -0.505081 0.809076 -0.300363
vn -0.497818 0.393323 -0.772942
vn 0.474288 0.40202 -0.783197
vn 0.487106 0.084475 -0.869228
vn -0.495712 0.393841 -0.77401
vn -0.519211 0.082675 -0.850612
vn -0.932554 0.263741 -0.246467
vn -0.512772 0.828089 -0.226417
vn -0.941527 0.276986 -0.191748
vn -0.704947 0.558763 -0.436811
vn -0.940031 0.225562 -0.255745
vn -0.503159 0.810205 -0.300577
vn -0.907041 0.041139 -0.418989
vn -0.521714 0.082522 -0.849086
vn 0.486709 0.084506 -0.869442
vn -0.904416 0.041688 -0.424543
vn -0.94351 0.237251 -0.231269
vn -0.937132 0.253212 -0.240089
vn -0.936644 0.273049 -0.219337
vn 0.47438 0.401959 -0.783135
vn 0.680258 0.559801 -0.473098
vn 0.868221 0.048433 -0.493789
vn 0.498367 0.814722 -0.296274
vn 0.927549 0.243873 -0.283059
vn 0.867763 0.048524 -0.494552
vn 0.498367 0.814753 -0.296274
vn 0.927488 0.243965 -0.283212
vn 0.93173 0.304727 -0.197424
vn 0.931883 0.30427 -0.197333
vn 0.456984 0.889462 0
vn 0.509323 0.831263 -0.222541
vn 0.922452 0.386059 0
vn -0.701926 0.560564 -0.439314
vn 0.457015 0.889431 0
vn 0.509415 0.831202 -0.222602
vn 0.922452 0.386059 0
vn -0.923185 0.384259 0
vn 0.919645 0.284677 -0.270516
vn -0.507096 0.861873 -0.000305
vn -0.076571 0.62447 -0.777245
vn -0.091067 0.369732 -0.92465
vn -0.076815 0.621052 -0.779962
vn -0.508896 0.860805 0
vn 0.920011 0.284463 -0.269539
vn -0.921293 0.388806 -0.000183
vn 0.034059 0.939146 0.341746
vn -0.076693 0.621296 -0.779778
vn -0.07654 0.6245 -0.777245
vn -0.921232 0.388989 0.000031
vn -0.920804 0.389996 -0.000885
vn -0.094211 0.314859 -0.944426
vn -0.095676 0.104068 -0.989929
vn 0.341594 0.939207 0.033876
vn -0.02295 0.999725 -0.002258
vn -0.025147 0.999664 -0.002533
vn -0.686819 0.547288 0.478225
vn -0.681173 0.536393 -0.498245
vn -0.222633 0.831202 0.509384
vn -0.68218 0.537309 -0.495834
vn -0.686911 0.547472 0.477859
vn -0.439344 0.560564 -0.701895
vn -0.783197 0.40199 0.474258
vn -0.772942 0.393292 -0.497787
vn -0.296304 0.814753 0.498337
vn -0.850612 0.082675 -0.519181
vn -0.783166 0.401959 0.47438
vn -0.869228 0.084475 0.487075
vn -0.226447 0.82812 -0.512742
vn -0.246529 0.263771 -0.932524
vn -0.436842 0.558763 -0.704917
vn -0.191778 0.277017 -0.941527
vn -0.300607 0.810205 -0.503128
vn -0.774041 0.393841 -0.495682
vn -0.255806 0.225562 -0.940031
vn -0.849117 0.082522 -0.521683
vn -0.41905 0.041169 -0.90701
vn -0.869472 0.084506 0.486679
vn -0.424604 0.041688 -0.904386
vn -0.300363 0.809076 -0.505081
vn -0.23133 0.237281 -0.94348
vn -0.24012 0.253243 -0.937101
vn -0.226356 0.826807 -0.514878
vn -0.219398 0.27308 -0.936613
vn -0.296304 0.814722 0.498367
vn -0.473128 0.559832 0.680197
vn -0.222541 0.831263 0.509323
vn -0.493881 0.048433 0.86816
vn -0.28312 0.243904 0.927519
vn -0.473861 0.559862 0.679708
vn -0.494644 0.048524 0.867702
vn -0.283273 0.243965 0.927458
vn -0.197424 0.304788 0.9317
vn -0.197363 0.3043 0.931883
vn 0 0.38609 0.922422
vn 0 0.889462 0.456984
vn 0 0.38609 0.922452
vn 0 0.889431 0.457015
vn 0 0.38432 -0.923185
vn -0.270577 0.284707 0.919614
vn -0.000305 0.861873 -0.507065
vn -0.779992 0.621021 -0.076815
vn -0.92465 0.369671 -0.091067
vn -0.777276 0.624439 -0.07654
vn 0 0.860805 -0.508896
vn -0.269601 0.284463 0.91998
vn -0.000183 0.388836 -0.921293
vn -0.721519 0.68862 -0.072085
vn -0.779443 0.621723 -0.076724
vn -0.779809 0.621265 -0.076693
vn -0.777276 0.624439 -0.07654
vn -0.838588 0.544725 0
vn -0.928465 0.371349 0
vn 0.000031 0.38905 -0.921201
vn -0.000885 0.390027 -0.920774
vn -0.944456 0.314768 -0.09415
vn -0.99002 0.103549 -0.095279
vn -0.02298 0.999725 0.002197
vn -0.025086 0.999664 0.002472
vn -0.72158 0.688528 0.072054
vn -0.779595 0.621509 0.076937
vn -0.226356 0.826807 0.514878
vn -0.681173 0.536393 0.498245
vn -0.686819 0.547288 -0.478225
vn -0.473861 0.559862 -0.679708
vn -0.686911 0.547472 -0.477859
vn -0.68218 0.537309 0.495834
vn -0.300363 0.809076 0.505081
vn -0.772942 0.393292 0.497787
vn -0.783197 0.40199 -0.474258
vn -0.869228 0.084475 -0.487075
vn -0.774041 0.393841 0.495682
vn -0.850612 0.082675 0.519181
vn -0.246529 0.263771 0.932524
vn -0.226447 0.82812 0.512742
vn -0.191778 0.277017 0.941527
vn -0.436842 0.558763 0.704917
vn -0.255806 0.225562 0.940031
vn -0.300607 0.810205 0.503128
vn -0.41905 0.041169 0.90701
vn -0.849117 0.082522 0.521683
vn -0.869472 0.084506 -0.486679
vn -0.424604 0.041688 0.904386
vn -0.23133 0.237281 0.94348
vn -0.24012 0.253243 0.937101
vn -0.219398 0.27308 0.936613
vn -0.783166 0.401959 -0.47438
vn -0.473128 0.559832 -0.680197
vn -0.493881 0.048433 -0.86816
vn -0.296304 0.814722 -0.498367
vn -0.28312 0.243904 -0.927519
vn -0.494644 0.048524 -0.867702
vn -0.296304 0.814753 -0.498337
vn -0.283273 0.243965 -0.927458
vn -0.197424 0.304788 -0.9317
vn -0.197363 0.3043 -0.931883
vn 0 0.889462 -0.456984
vn -0.222541 0.831263 -0.509323
vn 0 0.38609 -0.922422
vn -0.439344 0.560564 0.701895
vn 0 0.889431 -0.457015
vn -0.222633 0.831202 -0.509384
vn 0 0.38609 -0.922452
vn 0 0.38432 0.923185
vn -0.270577 0.284707 -0.919614
vn -0.000305 0.861873 0.507065
vn -0.777306 0.624439 0.07654
vn -0.92465 0.369671 0.091067
vn -0.780023 0.620991 0.076815
vn 0 0.860805 0.508896
vn -0.269601 0.284463 -0.91998
vn -0.000183 0.388836 0.921293
vn 0.341777 0.939146 -0.034059
vn -0.779809 0.621265 0.076693
vn -0.777276 0.624439 0.07654
vn 0.000031 0.38905 0.921201
vn -0.000885 0.390027 0.920774
vn -0.944456 0.314829 0.09418
vn -0.989959 0.104038 0.095645
vn 0.033906 0.939238 -0.341533
vn -0.002258 0.999725 0.02295
vn -0.002533 0.999664 0.025147
vn 0.478256 0.547288 0.686789
vn -0.498276 0.536424 0.681143
vn 0.509415 0.831202 0.222602
vn -0.495865 0.537339 0.68215
vn 0.477889 0.547502 0.68688
vn -0.701926 0.560564 0.439314
vn 0.474288 0.40202 0.783197
vn -0.497818 0.393323 0.772942
vn 0.498367 0.814753 0.296274
vn -0.519211 0.082675 0.850612
vn 0.47438 0.401959 0.783135
vn 0.487106 0.084475 0.869228
vn -0.512772 0.828089 0.226417
vn -0.932554 0.263741 0.246467
vn -0.704947 0.558763 0.436811
vn -0.941527 0.276986 0.191748
vn -0.503159 0.810205 0.300577
vn -0.495712 0.393841 0.77401
vn -0.940031 0.225562 0.255745
vn -0.521714 0.082522 0.849086
vn -0.907041 0.041139 0.418989
vn 0.486709 0.084506 0.869442
vn -0.904416 0.041688 0.424543
vn -0.505081 0.809076 0.300363
vn -0.94351 0.237251 0.231269
vn -0.937132 0.253212 0.240089
vn -0.514878 0.826807 0.226325
vn -0.936644 0.273049 0.219337
vn 0.498367 0.814722 0.296274
vn 0.680258 0.559801 0.473098
vn 0.509323 0.831263 0.222541
vn 0.868221 0.048433 0.493789
vn 0.927549 0.243873 0.283059
vn 0.679739 0.559862 0.4738
vn 0.867763 0.048524 0.494552
vn 0.927488 0.243965 0.283212
vn 0.93173 0.304727 0.197424
vn 0.931883 0.30427 0.197333
vn 0.922452 0.386059 0
vn 0.456984 0.889462 0
vn 0.922452 0.386059 0
vn 0.457015 0.889431 0
vn -0.923185 0.384259 0
vn 0.919645 0.284677 0.270516
vn -0.507096 0.861873 0.000305
vn -0.076815 0.621052 0.779962
vn -0.091067 0.369732 0.92465
vn -0.076571 0.62447 0.777245
vn -0.508896 0.860805 0
vn 0.920011 0.284463 0.269539
vn -0.921293 0.388806 0.000183
vn -0.072085 0.68865 0.721488
vn -0.076754 0.621723 0.779443
vn -0.076693 0.621296 0.779778
vn -0.07654 0.6245 0.777245
vn 0 0.544786 0.838557
vn 0 0.37138 0.928465
vn -0.921232 0.388989 -0.000031
vn -0.920804 0.389996 0.000885
vn -0.09418 0.314798 0.944456
vn -0.095309 0.10358 0.99002
vn 0.002197 0.999725 0.02298
vn 0.002472 0.999664 0.025086
vn 0.072054 0.688559 0.721549
vn 0.076968 0.621509 0.779595
vn 0.514878 0.826807 0.226325
vn 0.498276 0.536424 0.681143
vn -0.478256 0.547288 0.686789
vn -0.679739 0.559862 0.4738
vn -0.477889 0.547502 0.68688
vn 0.495865 0.537339 0.68215
vn 0.505081 0.809076 0.300363
vn 0.497818 0.393323 0.772942
vn -0.474288 0.40202 0.783197
vn -0.487106 0.084475 0.869228
vn 0.495712 0.393841 0.77401
vn 0.519211 0.082675 0.850612
vn 0.932554 0.263741 0.246467
vn 0.512772 0.828089 0.226417
vn 0.941527 0.276986 0.191748
vn 0.704947 0.558763 0.436811
vn 0.940031 0.225562 0.255745
vn 0.503159 0.810205 0.300577
vn 0.907041 0.041139 0.418989
vn 0.521714 0.082522 0.849086
vn -0.486709 0.084506 0.869442
vn 0.904416 0.041688 0.424543
vn 0.94351 0.237251 0.231269
vn 0.937132 0.253212 0.240089
vn 0.936644 0.273049 0.219337
vn -0.47438 0.401959 0.783135
vn -0.680258 0.559801 0.473098
vn -0.868221 0.048433 0.493789
vn -0.498367 0.814722 0.296274
vn -0.927549 0.243873 0.283059
vn -0.867763 0.048524 0.494552
vn -0.498367 0.814753 0.296274
vn -0.927488 0.243965 0.283212
vn -0.93173 0.304727 0.197424
vn -0.931883 0.30427 0.197333
vn -0.456984 0.889462 0
vn -0.509323 0.831263 0.222541
vn -0.922452 0.386059 0
vn 0.701926 0.560564 0.439314
vn -0.457015 0.889431 0
vn -0.509415 0.831202 0.222602
vn -0.922452 0.386059 0
vn 0.923185 0.384259 0
vn -0.919645 0.284677 0.270516
vn 0.507096 0.861873 0.000305
vn 0.076571 0.62447 0.777245
vn 0.091067 0.369732 0.92465
vn 0.076815 0.621052 0.779962
vn 0.508896 0.860805 0
vn -0.920011 0.284463 0.269539
vn 0.921293 0.388806 0.000183
vn -0.034059 0.939146 -0.341746
vn 0.076693 0.621296 0.779778
vn 0.07654 0.6245 0.777245
vn 0.921232 0.388989 -0.000031
vn 0.920804 0.389996 0.000885
vn 0.094211 0.314859 0.944426
vn 0.095676 0.104068 0.989929
f 489/489/489 503/503/503 502/502/502
f 502/502/502 457/457/457 489/489/489
f 484/484/484 489/489/489 457/457/457
f 502/502/502 458/458/458 457/457/457
f 475/475/475 484/484/484 457/457/457
f 484/484/484 475/475/475 483/483/483
f 475/475/475 488/488/488 483/483/483
f 458/458/458 448/448/448 457/457/457
f 457/457/457 448/448/448 475/475/475
f 458/458/458 470/470/470 448/448/448
f 475/475/475 449/449/449 488/488/488
f 449/449/449 475/475/475 448/448/448
f 449/449/449 481/481/481 488/488/488
f 470/470/470 450/450/450 448/448/448
f 450/450/450 449/449/449 448/448/448
f 495/495/495 450/450/450 470/470/470
f 449/449/449 478/478/478 481/481/481
f 478/478/478 449/449/449 450/450/450
f 478/478/478 477/477/477 481/481/481
f 461/461/461 450/450/450 495/495/495
f 478/478/478 450/450/450 461/461/461
f 463/463/463 461/461/461 495/495/495
f 478/478/478 473/473/473 477/477/477
f 473/473/473 478/478/478 461/461/461
f 463/463/463 462/462/462 461/461/461
f 461/461/461 462/462/462 473/473/473
f 462/462/462 463/463/463 467/467/467
f 454/454/454 462/462/462 467/467/467
f 473/473/473 455/455/455 477/477/477
f 455/455/455 473/473/473 462/462/462
f 455/455/455 462/462/462 454/454/454
f 455/455/455 476/476/476 477/477/477
f 456/456/456 455/455/455 454/454/454
f 455/455/455 456/456/456 476/476/476
f 3/3/3 2/2/2 1/1/1
f 1/1/1 4/4/4 3/3/3
f 13/13/13 1/1/1 2/2/2
f 6/6/6 3/3/3 4/4/4
f 2/2/2 14/14/14 13/13/13
f 4/4/4 5/5/5 6/6/6
f 17/17/17 13/13/13 14/14/14
f 7/7/7 6/6/6 5/5/5
f 14/14/14 18/18/18 17/17/17
f 5/5/5 8/8/8 7/7/7
f 64/64/64 17/17/17 18/18/18
f 10/10/10 7/7/7 8/8/8
f 18/18/18 63/63/63 64/64/64
f 8/8/8 9/9/9 10/10/10
f 54/54/54 64/64/64 63/63/63
f 11/11/11 10/10/10 9/9/9
f 63/63/63 53/53/53 54/54/54
f 9/9/9 12/12/12 11/11/11
f 51/51/51 54/54/54 53/53/53
f 15/15/15 11/11/11 12/12/12
f 53/53/53 52/52/52 51/51/51
f 12/12/12 16/16/16 15/15/15
f 58/58/58 51/51/51 52/52/52
f 28/28/28 15/15/15 16/16/16
f 52/52/52 57/57/57 58/58/58
f 16/16/16 27/27/27 28/28/28
f 55/55/55 58/58/58 57/57/57
f 29/29/29 28/28/28 27/27/27
f 57/57/57 56/56/56 55/55/55
f 27/27/27 30/30/30 29/29/29
f 62/62/62 55/55/55 56/56/56
f 24/24/24 29/29/29 30/30/30
f 56/56/56 61/61/61 62/62/62
f 30/30/30 23/23/23 24/24/24
f 59/59/59 62/62/62 61/61/61
f 25/25/25 24/24/24 23/23/23
f 61/61/61 60/60/60 59/59/59
f 23/23/23 26/26/26 25/25/25
f 50/50/50 59/59/59 60/60/60
f 20/20/20 25/25/25 26/26/26
f 60/60/60 49/49/49 50/50/50
f 26/26/26 19/19/19 20/20/20
f 46/46/46 50/50/50 49/49/49
f 21/21/21 20/20/20 19/19/19
f 49/49/49 45/45/45 46/46/46
f 19/19/19 22/22/22 21/21/21
f 43/43/43 46/46/46 45/45/45
f 31/31/31 21/21/21 22/22/22
f 45/45/45 44/44/44 43/43/43
f 22/22/22 32/32/32 31/31/31
f 42/42/42 43/43/43 44/44/44
f 33/33/33 31/31/31 32/32/32
f 44/44/44 41/41/41 42/42/42
f 32/32/32 34/34/34 33/33/33
f 39/39/39 42/42/42 41/41/41
f 48/48/48 33/33/33 34/34/34
f 41/41/41 40/40/40 39/39/39
f 34/34/34 47/47/47 48/48/48
f 38/38/38 39/39/39 40/40/40
f 36/36/36 48/48/48 47/47/47
f 40/40/40 37/37/37 38/38/38
f 47/47/47 35/35/35 36/36/36
f 35/35/35 38/38/38 37/37/37
f 37/37/37 36/36/36 35/35/35
f 67/67/67 66/66/66 65/65/65
f 66/66/66 72/72/72 65/65/65
f 68/68/68 67/67/67 65/65/65
f 72/72/72 74/74/74 65/65/65
f 69/69/69 68/68/68 65/65/65
f 74/74/74 97/97/97 65/65/65
f 70/70/70 69/69/69 65/65/65
f 97/97/97 92/92/92 65/65/65
f 71/71/71 70/70/70 65/65/65
f 92/92/92 91/91/91 65/65/65
f 73/73/73 71/71/71 65/65/65
f 91/91/91 94/94/94 65/65/65
f 79/79/79 73/73/73 65/65/65
f 94/94/94 93/93/93 65/65/65
f 80/80/80 79/79/79 65/65/65
f 93/93/93 96/96/96 65/65/65
f 77/77/77 80/80/80 65/65/65
f 96/96/96 95/95/95 65/65/65
f 78/78/78 77/77/77 65/65/65
f 95/95/95 90/90/90 65/65/65
f 75/75/75 78/78/78 65/65/65
f 90/90/90 88/88/88 65/65/65
f 76/76/76 75/75/75 65/65/65
f 88/88/88 87/87/87 65/65/65
f 81/81/81 76/76/76 65/65/65
f 87/87/87 86/86/86 65/65/65
f 82/82/82 81/81/81 65/65/65
f 86/86/86 85/85/85 65/65/65
f 89/89/89 82/82/82 65/65/65
f 85/85/85 84/84/84 65/65/65
f 83/83/83 89/89/89 65/65/65
f 84/84/84 83/83/83 65/65/65
f 100/100/100 99/99/99 98/98/98
f 98/98/98 99/99/99 568/568/568
f 98/98/98 101/101/101 100/100/100
f 569/569/569 568/568/568 99/99/99
f 102/102/102 100/100/100 101/101/101
f 101/101/101 103/103/103 102/102/102
f 569/569/569 99/99/99 212/212/212
f 569/569/569 212/212/212 623/623/623
f 631/631/631 623/623/623 213/213/213
f 212/212/212 213/213/213 623/623/623
f 210/210/210 213/213/213 212/212/212
f 211/211/211 212/212/212 99/99/99
f 212/212/212 211/211/211 210/210/210
f 99/99/99 100/100/100 211/211/211
f 214/214/214 210/210/210 211/211/211
f 215/215/215 211/211/211 100/100/100
f 211/211/211 215/215/215 214/214/214
f 100/100/100 102/102/102 215/215/215
f 216/216/216 214/214/214 215/215/215
f 104/104/104 102/102/102 103/103/103
f 215/215/215 217/217/217 216/216/216
f 217/217/217 215/215/215 102/102/102
f 102/102/102 104/104/104 217/217/217
f 218/218/218 216/216/216 217/217/217
f 103/103/103 105/105/105 104/104/104
f 217/217/217 219/219/219 218/218/218
f 219/219/219 217/217/217 104/104/104
f 220/220/220 218/218/218 219/219/219
f 106/106/106 104/104/104 105/105/105
f 104/104/104 106/106/106 219/219/219
f 105/105/105 107/107/107 106/106/106
f 219/219/219 221/221/221 220/220/220
f 221/221/221 219/219/219 106/106/106
f 222/222/222 220/220/220 221/221/221
f 108/108/108 106/106/106 107/107/107
f 106/106/106 108/108/108 221/221/221
f 107/107/107 109/109/109 108/108/108
f 221/221/221 223/223/223 222/222/222
f 223/223/223 221/221/221 108/108/108
f 222/222/222 223/223/223 567/567/567
f 509/509/509 567/567/567 223/223/223
f 110/110/110 108/108/108 109/109/109
f 108/108/108 110/110/110 223/223/223
f 509/509/509 223/223/223 110/110/110
f 109/109/109 111/111/111 110/110/110
f 509/509/509 110/110/110 506/506/506
f 110/110/110 111/111/111 506/506/506
f 561/561/561 506/506/506 111/111/111
f 114/114/114 113/113/113 112/112/112
f 112/112/112 113/113/113 442/442/442
f 112/112/112 115/115/115 114/114/114
f 443/443/443 442/442/442 113/113/113
f 116/116/116 114/114/114 115/115/115
f 115/115/115 117/117/117 116/116/116
f 443/443/443 113/113/113 226/226/226
f 443/443/443 226/226/226 497/497/497
f 505/505/505 497/497/497 227/227/227
f 226/226/226 227/227/227 497/497/497
f 224/224/224 227/227/227 226/226/226
f 225/225/225 226/226/226 113/113/113
f 226/226/226 225/225/225 224/224/224
f 113/113/113 114/114/114 225/225/225
f 228/228/228 224/224/224 225/225/225
f 229/229/229 225/225/225 114/114/114
f 225/225/225 229/229/229 228/228/228
f 114/114/114 116/116/116 229/229/229
f 230/230/230 228/228/228 229/229/229
f 118/118/118 116/116/116 117/117/117
f 229/229/229 231/231/231 230/230/230
f 231/231/231 229/229/229 116/116/116
f 116/116/116 118/118/118 231/231/231
f 232/232/232 230/230/230 231/231/231
f 117/117/117 119/119/119 118/118/118
f 231/231/231 233/233/233 232/232/232
f 233/233/233 231/231/231 118/118/118
f 234/234/234 232/232/232 233/233/233
f 120/120/120 118/118/118 119/119/119
f 118/118/118 120/120/120 233/233/233
f 119/119/119 121/121/121 120/120/120
f 233/233/233 235/235/235 234/234/234
f 235/235/235 233/233/233 120/120/120
f 236/236/236 234/234/234 235/235/235
f 122/122/122 120/120/120 121/121/121
f 120/120/120 122/122/122 235/235/235
f 121/121/121 123/123/123 122/122/122
f 235/235/235 237/237/237 236/236/236
f 237/237/237 235/235/235 122/122/122
f 236/236/236 237/237/237 945/945/945
f 887/887/887 945/945/945 237/237/237
f 124/124/124 122/122/122 123/123/123
f 122/122/122 124/124/124 237/237/237
f 887/887/887 237/237/237 124/124/124
f 123/123/123 125/125/125 124/124/124
f 887/887/887 124/124/124 884/884/884
f 124/124/124 125/125/125 884/884/884
f 939/939/939 884/884/884 125/125/125
f 128/128/128 127/127/127 126/126/126
f 126/126/126 127/127/127 820/820/820
f 126/126/126 129/129/129 128/128/128
f 821/821/821 820/820/820 127/127/127
f 130/130/130 128/128/128 129/129/129
f 129/129/129 131/131/131 130/130/130
f 821/821/821 127/127/127 240/240/240
f 821/821/821 240/240/240 875/875/875
f 883/883/883 875/875/875 241/241/241
f 240/240/240 241/241/241 875/875/875
f 238/238/238 241/241/241 240/240/240
f 239/239/239 240/240/240 127/127/127
f 240/240/240 239/239/239 238/238/238
f 127/127/127 128/128/128 239/239/239
f 242/242/242 238/238/238 239/239/239
f 243/243/243 239/239/239 128/128/128
f 239/239/239 243/243/243 242/242/242
f 128/128/128 130/130/130 243/243/243
f 244/244/244 242/242/242 243/243/243
f 132/132/132 130/130/130 131/131/131
f 243/243/243 245/245/245 244/244/244
f 245/245/245 243/243/243 130/130/130
f 130/130/130 132/132/132 245/245/245
f 246/246/246 244/244/244 245/245/245
f 131/131/131 133/133/133 132/132/132
f 245/245/245 247/247/247 246/246/246
f 247/247/247 245/245/245 132/132/132
f 248/248/248 246/246/246 247/247/247
f 134/134/134 132/132/132 133/133/133
f 132/132/132 134/134/134 247/247/247
f 133/133/133 135/135/135 134/134/134
f 247/247/247 249/249/249 248/248/248
f 249/249/249 247/247/247 134/134/134
f 250/250/250 248/248/248 249/249/249
f 136/136/136 134/134/134 135/135/135
f 134/134/134 136/136/136 249/249/249
f 135/135/135 137/137/137 136/136/136
f 249/249/249 251/251/251 250/250/250
f 251/251/251 249/249/249 136/136/136
f 250/250/250 251/251/251 819/819/819
f 761/761/761 819/819/819 251/251/251
f 138/138/138 136/136/136 137/137/137
f 136/136/136 138/138/138 251/251/251
f 761/761/761 251/251/251 138/138/138
f 137/137/137 139/139/139 138/138/138
f 761/761/761 138/138/138 758/758/758
f 138/138/138 139/139/139 758/758/758
f 813/813/813 758/758/758 139/139/139
f 142/142/142 141/141/141 140/140/140
f 140/140/140 141/141/141 694/694/694
f 140/140/140 143/143/143 142/142/142
f 695/695/695 694/694/694 141/141/141
f 144/144/144 142/142/142 143/143/143
f 143/143/143 145/145/145 144/144/144
f 695/695/695 141/141/141 254/254/254
f 695/695/695 254/254/254 749/749/749
f 757/757/757 749/749/749 255/255/255
f 254/254/254 255/255/255 749/749/749
f 252/252/252 255/255/255 254/254/254
f 253/253/253 254/254/254 141/141/141
f 254/254/254 253/253/253 252/252/252
f 141/141/141 142/142/142 253/253/253
f 256/256/256 252/252/252 253/253/253
f 257/257/257 253/253/253 142/142/142
f 253/253/253 257/257/257 256/256/256
f 142/142/142 144/144/144 257/257/257
f 258/258/258 256/256/256 257/257/257
f 146/146/146 144/144/144 145/145/145
f 257/257/257 259/259/259 258/258/258
f 259/259/259 257/257/257 144/144/144
f 144/144/144 146/146/146 259/259/259
f 260/260/260 258/258/258 259/259/259
f 145/145/145 147/147/147 146/146/146
f 259/259/259 261/261/261 260/260/260
f 261/261/261 259/259/259 146/146/146
f 262/262/262 260/260/260 261/261/261
f 148/148/148 146/146/146 147/147/147
f 146/146/146 148/148/148 261/261/261
f 147/147/147 149/149/149 148/148/148
f 261/261/261 263/263/263 262/262/262
f 263/263/263 261/261/261 148/148/148
f 264/264/264 262/262/262 263/263/263
f 150/150/150 148/148/148 149/149/149
f 148/148/148 150/150/150 263/263/263
f 149/149/149 151/151/151 150/150/150
f 263/263/263 265/265/265 264/264/264
f 265/265/265 263/263/263 150/150/150
f 264/264/264 265/265/265 693/693/693
f 635/635/635 693/693/693 265/265/265
f 152/152/152 150/150/150 151/151/151
f 150/150/150 152/152/152 265/265/265
f 635/635/635 265/265/265 152/152/152
f 151/151/151 153/153/153 152/152/152
f 635/635/635 152/152/152 632/632/632
f 152/152/152 153/153/153 632/632/632
f 687/687/687 632/632/632 153/153/153
f 156/156/156 155/155/155 154/154/154
f 154/154/154 157/157/157 156/156/156
f 166/166/166 156/156/156 157/157/157
f 161/161/161 154/154/154 155/155/155
f 155/155/155 160/160/160 161/161/161
f 157/157/157 167/167/167 166/166/166
f 444/444/444 166/166/166 167/167/167
f 158/158/158 161/161/161 160/160/160
f 160/160/160 159/159/159 158/158/158
f 444/444/444 167/167/167 280/280/280
f 444/444/444 280/280/280 496/496/496
f 504/504/504 496/496/496 281/281/281
f 496/496/496 280/280/280 281/281/281
f 282/282/282 281/281/281 280/280/280
f 283/283/283 280/280/280 167/167/167
f 280/280/280 283/283/283 282/282/282
f 167/167/167 157/157/157 283/283/283
f 284/284/284 282/282/282 283/283/283
f 285/285/285 283/283/283 157/157/157
f 283/283/283 285/285/285 284/284/284
f 157/157/157 154/154/154 285/285/285
f 286/286/286 284/284/284 285/285/285
f 287/287/287 285/285/285 154/154/154
f 285/285/285 287/287/287 286/286/286
f 154/154/154 161/161/161 287/287/287
f 288/288/288 286/286/286 287/287/287
f 289/289/289 287/287/287 161/161/161
f 287/287/287 289/289/289 288/288/288
f 161/161/161 158/158/158 289/289/289
f 290/290/290 288/288/288 289/289/289
f 289/289/289 291/291/291 290/290/290
f 291/291/291 289/289/289 158/158/158
f 292/292/292 290/290/290 291/291/291
f 165/165/165 158/158/158 159/159/159
f 158/158/158 165/165/165 291/291/291
f 159/159/159 164/164/164 165/165/165
f 291/291/291 293/293/293 292/292/292
f 293/293/293 291/291/291 165/165/165
f 292/292/292 293/293/293 944/944/944
f 944/944/944 293/293/293 886/886/886
f 162/162/162 165/165/165 164/164/164
f 165/165/165 162/162/162 293/293/293
f 886/886/886 293/293/293 162/162/162
f 164/164/164 163/163/163 162/162/162
f 886/886/886 162/162/162 885/885/885
f 162/162/162 163/163/163 885/885/885
f 170/170/170 169/169/169 168/168/168
f 168/168/168 171/171/171 170/170/170
f 173/173/173 170/170/170 171/171/171
f 180/180/180 168/168/168 169/169/169
f 169/169/169 181/181/181 180/180/180
f 180/180/180 181/181/181 507/507/507
f 508/508/508 180/180/180 507/507/507
f 508/508/508 279/279/279 180/180/180
f 168/168/168 180/180/180 279/279/279
f 566/566/566 279/279/279 508/508/508
f 278/278/278 279/279/279 566/566/566
f 279/279/279 277/277/277 168/168/168
f 277/277/277 279/279/279 278/278/278
f 171/171/171 168/168/168 277/277/277
f 278/278/278 276/276/276 277/277/277
f 275/275/275 277/277/277 276/276/276
f 277/277/277 275/275/275 171/171/171
f 276/276/276 274/274/274 275/275/275
f 171/171/171 172/172/172 173/173/173
f 172/172/172 171/171/171 275/275/275
f 174/174/174 173/173/173 172/172/172
f 273/273/273 275/275/275 274/274/274
f 275/275/275 273/273/273 172/172/172
f 274/274/274 272/272/272 273/273/273
f 172/172/172 175/175/175 174/174/174
f 175/175/175 172/172/172 273/273/273
f 177/177/177 174/174/174 175/175/175
f 271/271/271 273/273/273 272/272/272
f 273/273/273 271/271/271 175/175/175
f 272/272/272 270/270/270 271/271/271
f 175/175/175 176/176/176 177/177/177
f 176/176/176 175/175/175 271/271/271
f 178/178/178 177/177/177 176/176/176
f 269/269/269 271/271/271 270/270/270
f 271/271/271 269/269/269 176/176/176
f 270/270/270 268/268/268 269/269/269
f 176/176/176 179/179/179 178/178/178
f 179/179/179 176/176/176 269/269/269
f 570/570/570 178/178/178 179/179/179
f 266/266/266 269/269/269 268/268/268
f 269/269/269 266/266/266 179/179/179
f 570/570/570 179/179/179 266/266/266
f 268/268/268 267/267/267 266/266/266
f 570/570/570 266/266/266 622/622/622
f 622/622/622 266/266/266 267/267/267
f 630/630/630 622/622/622 267/267/267
f 184/184/184 183/183/183 182/182/182
f 182/182/182 185/185/185 184/184/184
f 194/194/194 184/184/184 185/185/185
f 189/189/189 182/182/182 183/183/183
f 183/183/183 188/188/188 189/189/189
f 185/185/185 195/195/195 194/194/194
f 696/696/696 194/194/194 195/195/195
f 186/186/186 189/189/189 188/188/188
f 188/188/188 187/187/187 186/186/186
f 696/696/696 195/195/195 308/308/308
f 696/696/696 308/308/308 748/748/748
f 756/756/756 748/748/748 309/309/309
f 748/748/748 308/308/308 309/309/309
f 310/310/310 309/309/309 308/308/308
f 311/311/311 308/308/308 195/195/195
f 308/308/308 311/311/311 310/310/310
f 195/195/195 185/185/185 311/311/311
f 312/312/312 310/310/310 311/311/311
f 313/313/313 311/311/311 185/185/185
f 311/311/311 313/313/313 312/312/312
f 185/185/185 182/182/182 313/313/313
f 314/314/314 312/312/312 313/313/313
f 315/315/315 313/313/313 182/182/182
f 313/313/313 315/315/315 314/314/314
f 182/182/182 189/189/189 315/315/315
f 316/316/316 314/314/314 315/315/315
f 317/317/317 315/315/315 189/189/189
f 315/315/315 317/317/317 316/316/316
f 189/189/189 186/186/186 317/317/317
f 318/318/318 316/316/316 317/317/317
f 317/317/317 319/319/319 318/318/318
f 319/319/319 317/317/317 186/186/186
f 320/320/320 318/318/318 319/319/319
f 193/193/193 186/186/186 187/187/187
f 186/186/186 193/193/193 319/319/319
f 187/187/187 192/192/192 193/193/193
f 319/319/319 321/321/321 320/320/320
f 321/321/321 319/319/319 193/193/193
f 320/320/320 321/321/321 692/692/692
f 692/692/692 321/321/321 634/634/634
f 190/190/190 193/193/193 192/192/192
f 193/193/193 190/190/190 321/321/321
f 634/634/634 321/321/321 190/190/190
f 192/192/192 191/191/191 190/190/190
f 634/634/634 190/190/190 633/633/633
f 190/190/190 191/191/191 633/633/633
f 198/198/198 197/197/197 196/196/196
f 196/196/196 199/199/199 198/198/198
f 201/201/201 198/198/198 199/199/199
f 208/208/208 196/196/196 197/197/197
f 197/197/197 209/209/209 208/208/208
f 208/208/208 209/209/209 759/759/759
f 760/760/760 208/208/208 759/759/759
f 760/760/760 307/307/307 208/208/208
f 196/196/196 208/208/208 307/307/307
f 818/818/818 307/307/307 760/760/760
f 306/306/306 307/307/307 818/818/818
f 307/307/307 305/305/305 196/196/196
f 305/305/305 307/307/307 306/306/306
f 199/199/199 196/196/196 305/305/305
f 306/306/306 304/304/304 305/305/305
f 303/303/303 305/305/305 304/304/304
f 305/305/305 303/303/303 199/199/199
f 304/304/304 302/302/302 303/303/303
f 199/199/199 200/200/200 201/201/201
f 200/200/200 199/199/199 303/303/303
f 202/202/202 201/201/201 200/200/200
f 301/301/301 303/303/303 302/302/302
f 303/303/303 301/301/301 200/200/200
f 302/302/302 300/300/300 301/301/301
f 200/200/200 203/203/203 202/202/202
f 203/203/203 200/200/200 301/301/301
f 205/205/205 202/202/202 203/203/203
f 299/299/299 301/301/301 300/300/300
f 301/301/301 299/299/299 203/203/203
f 300/300/300 298/298/298 299/299/299
f 203/203/203 204/204/204 205/205/205
f 204/204/204 203/203/203 299/299/299
f 206/206/206 205/205/205 204/204/204
f 297/297/297 299/299/299 298/298/298
f 299/299/299 297/297/297 204/204/204
f 298/298/298 296/296/296 297/297/297
f 204/204/204 207/207/207 206/206/206
f 207/207/207 204/204/204 297/297/297
f 822/822/822 206/206/206 207/207/207
f 294/294/294 297/297/297 296/296/296
f 297/297/297 294/294/294 207/207/207
f 822/822/822 207/207/207 294/294/294
f 296/296/296 295/295/295 294/294/294
f 822/822/822 294/294/294 874/874/874
f 874/874/874 294/294/294 295/295/295
f 882/882/882 874/874/874 295/295/295
f 324/324/324 323/323/323 322/322/322
f 325/325/325 322/322/322 323/323/323
f 334/334/334 322/322/322 325/325/325
f 329/329/329 323/323/323 324/324/324
f 324/324/324 326/326/326 329/329/329
f 325/325/325 335/335/335 334/334/334
f 334/334/334 335/335/335 338/338/338
f 329/329/329 326/326/326 327/327/327
f 328/328/328 327/327/327 326/326/326
f 323/323/323 329/329/329 389/389/389
f 333/333/333 327/327/327 328/328/328
f 328/328/328 330/330/330 333/333/333
f 329/329/329 327/327/327 388/388/388
f 388/388/388 389/389/389 329/329/329
f 327/327/327 333/333/333 391/391/391
f 391/391/391 388/388/388 327/327/327
f 333/333/333 330/330/330 331/331/331
f 332/332/332 331/331/331 330/330/330
f 390/390/390 391/391/391 333/333/333
f 333/333/333 331/331/331 390/390/390
f 388/388/388 391/391/391 419/419/419
f 419/419/419 416/416/416 388/388/388
f 389/389/389 388/388/388 416/416/416
f 418/418/418 419/419/419 391/391/391
f 391/391/391 390/390/390 418/418/418
f 416/416/416 417/417/417 389/389/389
f 418/418/418 390/390/390 940/940/940
f 940/940/940 390/390/390 331/331/331
f 331/331/331 933/933/933 940/940/940
f 386/386/386 389/389/389 417/417/417
f 389/389/389 386/386/386 323/323/323
f 325/325/325 323/323/323 386/386/386
f 417/417/417 414/414/414 386/386/386
f 386/386/386 387/387/387 325/325/325
f 387/387/387 386/386/386 414/414/414
f 335/335/335 325/325/325 387/387/387
f 414/414/414 415/415/415 387/387/387
f 935/935/935 934/934/934 933/933/933
f 935/935/935 933/933/933 331/331/331
f 392/392/392 387/387/387 415/415/415
f 387/387/387 392/392/392 335/335/335
f 415/415/415 420/420/420 392/392/392
f 498/498/498 392/392/392 420/420/420
f 335/335/335 392/392/392 498/498/498
f 498/498/498 492/492/492 335/335/335
f 935/935/935 331/331/331 336/336/336
f 336/336/336 331/331/331 332/332/332
f 336/336/336 941/941/941 935/935/935
f 332/332/332 337/337/337 336/336/336
f 492/492/492 491/491/491 490/490/490
f 336/336/336 878/878/878 941/941/941
f 941/941/941 878/878/878 879/879/879
f 879/879/879 878/878/878 877/877/877
f 877/877/877 878/878/878 336/336/336
f 868/868/868 877/877/877 336/336/336
f 339/339/339 492/492/492 490/490/490
f 492/492/492 339/339/339 335/335/335
f 339/339/339 338/338/338 335/335/335
f 490/490/490 499/499/499 339/339/339
f 353/353/353 338/338/338 339/339/339
f 336/336/336 870/870/870 868/868/868
f 870/870/870 869/869/869 868/868/868
f 870/870/870 336/336/336 383/383/383
f 337/337/337 383/383/383 336/336/336
f 876/876/876 870/870/870 383/383/383
f 383/383/383 337/337/337 380/380/380
f 383/383/383 412/412/412 876/876/876
f 876/876/876 412/412/412 440/440/440
f 439/439/439 440/440/440 412/412/412
f 383/383/383 380/380/380 381/381/381
f 412/412/412 411/411/411 439/439/439
f 411/411/411 412/412/412 383/383/383
f 383/383/383 381/381/381 411/411/411
f 438/438/438 439/439/439 411/411/411
f 382/382/382 381/381/381 380/380/380
f 411/411/411 410/410/410 438/438/438
f 410/410/410 411/411/411 381/381/381
f 437/437/437 438/438/438 410/410/410
f 382/382/382 379/379/379 381/381/381
f 381/381/381 379/379/379 410/410/410
f 379/379/379 382/382/382 376/376/376
f 410/410/410 409/409/409 437/437/437
f 409/409/409 410/410/410 379/379/379
f 436/436/436 437/437/437 409/409/409
f 379/379/379 376/376/376 377/377/377
f 379/379/379 377/377/377 409/409/409
f 378/378/378 377/377/377 376/376/376
f 409/409/409 408/408/408 436/436/436
f 408/408/408 409/409/409 377/377/377
f 435/435/435 436/436/436 408/408/408
f 378/378/378 375/375/375 377/377/377
f 377/377/377 375/375/375 408/408/408
f 375/375/375 378/378/378 372/372/372
f 408/408/408 407/407/407 435/435/435
f 407/407/407 408/408/408 375/375/375
f 441/441/441 435/435/435 407/407/407
f 375/375/375 372/372/372 373/373/373
f 375/375/375 373/373/373 407/407/407
f 374/374/374 373/373/373 372/372/372
f 407/407/407 413/413/413 441/441/441
f 413/413/413 407/407/407 373/373/373
f 441/441/441 413/413/413 814/814/814
f 374/374/374 384/384/384 373/373/373
f 373/373/373 384/384/384 413/413/413
f 814/814/814 413/413/413 384/384/384
f 384/384/384 374/374/374 385/385/385
f 384/384/384 807/807/807 814/814/814
f 809/809/809 808/808/808 807/807/807
f 809/809/809 807/807/807 384/384/384
f 384/384/384 385/385/385 371/371/371
f 809/809/809 384/384/384 371/371/371
f 385/385/385 370/370/370 371/371/371
f 371/371/371 815/815/815 809/809/809
f 371/371/371 752/752/752 815/815/815
f 815/815/815 752/752/752 753/753/753
f 753/753/753 752/752/752 751/751/751
f 751/751/751 752/752/752 371/371/371
f 742/742/742 751/751/751 371/371/371
f 744/744/744 743/743/743 742/742/742
f 371/371/371 744/744/744 742/742/742
f 371/371/371 370/370/370 369/369/369
f 744/744/744 371/371/371 369/369/369
f 368/368/368 369/369/369 370/370/370
f 750/750/750 744/744/744 369/369/369
f 359/359/359 369/369/369 368/368/368
f 368/368/368 356/356/356 359/359/359
f 369/369/369 406/406/406 750/750/750
f 750/750/750 406/406/406 434/434/434
f 429/429/429 434/434/434 406/406/406
f 401/401/401 406/406/406 369/369/369
f 406/406/406 401/401/401 429/429/429
f 369/369/369 359/359/359 401/401/401
f 428/428/428 429/429/429 401/401/401
f 359/359/359 356/356/356 357/357/357
f 401/401/401 400/400/400 428/428/428
f 400/400/400 401/401/401 359/359/359
f 359/359/359 357/357/357 400/400/400
f 431/431/431 428/428/428 400/400/400
f 358/358/358 357/357/357 356/356/356
f 400/400/400 403/403/403 431/431/431
f 403/403/403 400/400/400 357/357/357
f 430/430/430 431/431/431 403/403/403
f 363/363/363 357/357/357 358/358/358
f 357/357/357 363/363/363 403/403/403
f 358/358/358 360/360/360 363/363/363
f 403/403/403 402/402/402 430/430/430
f 402/402/402 403/403/403 363/363/363
f 433/433/433 430/430/430 402/402/402
f 363/363/363 360/360/360 361/361/361
f 363/363/363 361/361/361 402/402/402
f 362/362/362 361/361/361 360/360/360
f 402/402/402 405/405/405 433/433/433
f 405/405/405 402/402/402 361/361/361
f 432/432/432 433/433/433 405/405/405
f 367/367/367 361/361/361 362/362/362
f 361/361/361 367/367/367 405/405/405
f 362/362/362 364/364/364 367/367/367
f 405/405/405 404/404/404 432/432/432
f 404/404/404 405/405/405 367/367/367
f 432/432/432 404/404/404 688/688/688
f 367/367/367 364/364/364 365/365/365
f 367/367/367 365/365/365 404/404/404
f 688/688/688 404/404/404 365/365/365
f 366/366/366 365/365/365 364/364/364
f 365/365/365 681/681/681 688/688/688
f 683/683/683 682/682/682 681/681/681
f 683/683/683 681/681/681 365/365/365
f 354/354/354 365/365/365 366/366/366
f 683/683/683 365/365/365 354/354/354
f 366/366/366 355/355/355 354/354/354
f 354/354/354 689/689/689 683/683/683
f 354/354/354 626/626/626 689/689/689
f 689/689/689 626/626/626 627/627/627
f 627/627/627 626/626/626 625/625/625
f 625/625/625 626/626/626 354/354/354
f 616/616/616 625/625/625 354/354/354
f 618/618/618 617/617/617 616/616/616
f 354/354/354 618/618/618 616/616/616
f 355/355/355 351/351/351 354/354/354
f 618/618/618 354/354/354 351/351/351
f 351/351/351 355/355/355 348/348/348
f 624/624/624 618/618/618 351/351/351
f 351/351/351 348/348/348 349/349/349
f 350/350/350 349/349/349 348/348/348
f 351/351/351 398/398/398 624/624/624
f 624/624/624 398/398/398 426/426/426
f 425/425/425 426/426/426 398/398/398
f 397/397/397 398/398/398 351/351/351
f 398/398/398 397/397/397 425/425/425
f 351/351/351 349/349/349 397/397/397
f 424/424/424 425/425/425 397/397/397
f 350/350/350 347/347/347 349/349/349
f 397/397/397 396/396/396 424/424/424
f 396/396/396 397/397/397 349/349/349
f 349/349/349 347/347/347 396/396/396
f 423/423/423 424/424/424 396/396/396
f 347/347/347 350/350/350 344/344/344
f 396/396/396 395/395/395 423/423/423
f 395/395/395 396/396/396 347/347/347
f 422/422/422 423/423/423 395/395/395
f 347/347/347 344/344/344 345/345/345
f 347/347/347 345/345/345 395/395/395
f 346/346/346 345/345/345 344/344/344
f 395/395/395 394/394/394 422/422/422
f 394/394/394 395/395/395 345/345/345
f 421/421/421 422/422/422 394/394/394
f 346/346/346 343/343/343 345/345/345
f 345/345/345 343/343/343 394/394/394
f 343/343/343 346/346/346 340/340/340
f 394/394/394 393/393/393 421/421/421
f 393/393/393 394/394/394 343/343/343
f 427/427/427 421/421/421 393/393/393
f 343/343/343 340/340/340 341/341/341
f 343/343/343 341/341/341 393/393/393
f 342/342/342 341/341/341 340/340/340
f 393/393/393 399/399/399 427/427/427
f 399/399/399 393/393/393 341/341/341
f 427/427/427 399/399/399 562/562/562
f 342/342/342 352/352/352 341/341/341
f 341/341/341 352/352/352 399/399/399
f 562/562/562 399/399/399 352/352/352
f 352/352/352 342/342/342 353/353/353
f 352/352/352 555/555/555 562/562/562
f 352/352/352 353/353/353 339/339/339
f 557/557/557 555/555/555 352/352/352
f 557/557/557 352/352/352 339/339/339
f 557/557/557 556/556/556 555/555/555
f 339/339/339 563/563/563 557/557/557
f 339/339/339 500/500/500 563/563/563
f 563/563/563 500/500/500 501/501/501
f 499/499/499 500/500/500 339/339/339
f 501/501/501 500/500/500 499/499/499
f 447/447/447 446/446/446 445/445/445
f 447/447/447 445/445/445 494/494/494
f 447/447/447 494/494/494 485/485/485
f 445/445/445 482/482/482 494/494/494
f 486/486/486 447/447/447 485/485/485
f 445/445/445 474/474/474 482/482/482
f 447/447/447 486/486/486 471/471/471
f 471/471/471 446/446/446 447/447/447
f 486/486/486 493/493/493 471/471/471
f 471/471/471 493/493/493 487/487/487
f 471/471/471 487/487/487 472/472/472
f 472/472/472 446/446/446 471/471/471
f 446/446/446 472/472/472 460/460/460
f 474/474/474 480/480/480 482/482/482
f 446/446/446 460/460/460 459/459/459
f 445/445/445 446/446/446 459/459/459
f 445/445/445 459/459/459 474/474/474
f 459/459/459 460/460/460 469/469/469
f 474/474/474 459/459/459 468/468/468
f 468/468/468 459/459/459 469/469/469
f 474/474/474 453/453/453 480/480/480
f 453/453/453 474/474/474 468/468/468
f 469/469/469 452/452/452 468/468/468
f 468/468/468 452/452/452 453/453/453
f 452/452/452 469/469/469 465/465/465
f 452/452/452 465/465/465 464/464/464
f 453/453/453 451/451/451 480/480/480
f 453/453/453 452/452/452 451/451/451
f 451/451/451 452/452/452 464/464/464
f 451/451/451 479/479/479 480/480/480
f 451/451/451 464/464/464 466/466/466
f 451/451/451 466/466/466 479/479/479
f 512/512/512 511/511/511 510/510/510
f 510/510/510 511/511/511 534/534/534
f 534/534/534 552/552/552 510/510/510
f 524/524/524 534/534/534 511/511/511
f 552/552/552 558/558/558 510/510/510
f 525/525/525 524/524/524 511/511/511
f 510/510/510 558/558/558 550/550/550
f 550/550/550 512/512/512 510/510/510
f 550/550/550 558/558/558 549/549/549
f 551/551/551 550/550/550 549/549/549
f 551/551/551 559/559/559 550/550/550
f 559/559/559 512/512/512 550/550/550
f 559/559/559 544/544/544 512/512/512
f 532/532/532 524/524/524 525/525/525
f 544/544/544 536/536/536 512/512/512
f 536/536/536 511/511/511 512/512/512
f 536/536/536 525/525/525 511/511/511
f 544/544/544 542/542/542 536/536/536
f 541/541/541 525/525/525 536/536/536
f 542/542/542 541/541/541 536/536/536
f 532/532/532 525/525/525 516/516/516
f 516/516/516 525/525/525 541/541/541
f 542/542/542 518/518/518 541/541/541
f 541/541/541 518/518/518 516/516/516
f 542/542/542 540/540/540 518/518/518
f 540/540/540 530/530/530 518/518/518
f 516/516/516 517/517/517 532/532/532
f 518/518/518 517/517/517 516/516/516
f 530/530/530 517/517/517 518/518/518
f 528/528/528 532/532/532 517/517/517
f 530/530/530 529/529/529 517/517/517
f 529/529/529 528/528/528 517/517/517
f 515/515/515 514/514/514 513/513/513
f 543/543/543 513/513/513 514/514/514
f 553/553/553 543/543/543 514/514/514
f 543/543/543 539/539/539 513/513/513
f 553/553/553 514/514/514 546/546/546
f 547/547/547 553/553/553 546/546/546
f 547/547/547 546/546/546 545/545/545
f 546/546/546 554/554/554 545/545/545
f 546/546/546 514/514/514 523/523/523
f 523/523/523 554/554/554 546/546/546
f 515/515/515 523/523/523 514/514/514
f 564/564/564 565/565/565 554/554/554
f 554/554/554 523/523/523 564/564/564
f 523/523/523 522/522/522 564/564/564
f 523/523/523 515/515/515 522/522/522
f 515/515/515 533/533/533 522/522/522
f 515/515/515 548/548/548 533/533/533
f 548/548/548 515/515/515 513/513/513
f 533/533/533 548/548/548 560/560/560
f 538/538/538 548/548/548 513/513/513
f 539/539/539 538/538/538 513/513/513
f 560/560/560 548/548/548 527/527/527
f 527/527/527 548/548/548 538/538/538
f 560/560/560 527/527/527 526/526/526
f 539/539/539 535/535/535 538/538/538
f 538/538/538 535/535/535 527/527/527
f 539/539/539 537/537/537 535/535/535
f 537/537/537 519/519/519 535/535/535
f 527/527/527 520/520/520 526/526/526
f 520/520/520 527/527/527 535/535/535
f 519/519/519 520/520/520 535/535/535
f 531/531/531 526/526/526 520/520/520
f 521/521/521 520/520/520 519/519/519
f 531/531/531 520/520/520 521/521/521
f 573/573/573 572/572/572 571/571/571
f 573/573/573 571/571/571 620/620/620
f 573/573/573 620/620/620 611/611/611
f 571/571/571 608/608/608 620/620/620
f 612/612/612 573/573/573 611/611/611
f 571/571/571 600/600/600 608/608/608
f 573/573/573 612/612/612 597/597/597
f 597/597/597 572/572/572 573/573/573
f 612/612/612 619/619/619 597/597/597
f 597/597/597 619/619/619 613/613/613
f 597/597/597 613/613/613 598/598/598
f 598/598/598 572/572/572 597/597/597
f 572/572/572 598/598/598 586/586/586
f 600/600/600 606/606/606 608/608/608
f 572/572/572 586/586/586 585/585/585
f 571/571/571 572/572/572 585/585/585
f 571/571/571 585/585/585 600/600/600
f 585/585/585 586/586/586 595/595/595
f 600/600/600 585/585/585 594/594/594
f 594/594/594 585/585/585 595/595/595
f 600/600/600 579/579/579 606/606/606
f 579/579/579 600/600/600 594/594/594
f 595/595/595 578/578/578 594/594/594
f 594/594/594 578/578/578 579/579/579
f 578/578/578 595/595/595 591/591/591
f 578/578/578 591/591/591 590/590/590
f 579/579/579 577/577/577 606/606/606
f 579/579/579 578/578/578 577/577/577
f 577/577/577 578/578/578 590/590/590
f 577/577/577 605/605/605 606/606/606
f 577/577/577 590/590/590 592/592/592
f 577/577/577 592/592/592 605/605/605
f 576/576/576 575/575/575 574/574/574
f 596/596/596 576/576/576 574/574/574
f 584/584/584 596/596/596 574/574/574
f 621/621/621 576/576/576 596/596/596
f 584/584/584 574/574/574 583/583/583
f 628/628/628 584/584/584 583/583/583
f 615/615/615 629/629/629 628/628/628
f 628/628/628 583/583/583 615/615/615
f 610/610/610 615/615/615 583/583/583
f 583/583/583 574/574/574 601/601/601
f 601/601/601 610/610/610 583/583/583
f 575/575/575 601/601/601 574/574/574
f 610/610/610 601/601/601 609/609/609
f 601/601/601 614/614/614 609/609/609
f 601/601/601 575/575/575 614/614/614
f 575/575/575 607/607/607 614/614/614
f 575/575/575 604/604/604 607/607/607
f 604/604/604 575/575/575 576/576/576
f 604/604/604 603/603/603 607/607/607
f 587/587/587 576/576/576 621/621/621
f 604/604/604 576/576/576 587/587/587
f 589/589/589 587/587/587 621/621/621
f 604/604/604 599/599/599 603/603/603
f 599/599/599 604/604/604 587/587/587
f 589/589/589 588/588/588 587/587/587
f 587/587/587 588/588/588 599/599/599
f 588/588/588 589/589/589 593/593/593
f 580/580/580 588/588/588 593/593/593
f 599/599/599 581/581/581 603/603/603
f 581/581/581 599/599/599 588/588/588
f 581/581/581 588/588/588 580/580/580
f 581/581/581 602/602/602 603/603/603
f 582/582/582 581/581/581 580/580/580
f 581/581/581 582/582/582 602/602/602
f 638/638/638 637/637/637 636/636/636
f 636/636/636 637/637/637 660/660/660
f 660/660/660 678/678/678 636/636/636
f 650/650/650 660/660/660 637/637/637
f 678/678/678 684/684/684 636/636/636
f 651/651/651 650/650/650 637/637/637
f 636/636/636 684/684/684 676/676/676
f 676/676/676 638/638/638 636/636/636
f 676/676/676 684/684/684 675/675/675
f 677/677/677 676/676/676 675/675/675
f 677/677/677 685/685/685 676/676/676
f 685/685/685 638/638/638 676/676/676
f 685/685/685 670/670/670 638/638/638
f 658/658/658 650/650/650 651/651/651
f 670/670/670 662/662/662 638/638/638
f 662/662/662 637/637/637 638/638/638
f 662/662/662 651/651/651 637/637/637
f 670/670/670 668/668/668 662/662/662
f 667/667/667 651/651/651 662/662/662
f 668/668/668 667/667/667 662/662/662
f 658/658/658 651/651/651 642/642/642
f 642/642/642 651/651/651 667/667/667
f 668/668/668 644/644/644 667/667/667
f 667/667/667 644/644/644 642/642/642
f 668/668/668 666/666/666 644/644/644
f 666/666/666 656/656/656 644/644/644
f 642/642/642 643/643/643 658/658/658
f 644/644/644 643/643/643 642/642/642
f 656/656/656 643/643/643 644/644/644
f 654/654/654 658/658/658 643/643/643
f 656/656/656 655/655/655 643/643/643
f 655/655/655 654/654/654 643/643/643
f 641/641/641 640/640/640 639/639/639
f 669/669/669 639/639/639 640/640/640
f 679/679/679 669/669/669 640/640/640
f 669/669/669 665/665/665 639/639/639
f 679/679/679 640/640/640 672/672/672
f 673/673/673 679/679/679 672/672/672
f 673/673/673 672/672/672 671/671/671
f 672/672/672 680/680/680 671/671/671
f 672/672/672 640/640/640 649/649/649
f 649/649/649 680/680/680 672/672/672
f 641/641/641 649/649/649 640/640/640
f 690/690/690 691/691/691 680/680/680
f 680/680/680 649/649/649 690/690/690
f 649/649/649 648/648/648 690/690/690
f 649/649/649 641/641/641 648/648/648
f 641/641/641 659/659/659 648/648/648
f 641/641/641 674/674/674 659/659/659
f 674/674/674 641/641/641 639/639/639
f 659/659/659 674/674/674 686/686/686
f 664/664/664 674/674/674 639/639/639
f 665/665/665 664/664/664 639/639/639
f 686/686/686 674/674/674 653/653/653
f 653/653/653 674/674/674 664/664/664
f 686/686/686 653/653/653 652/652/652
f 665/665/665 661/661/661 664/664/664
f 664/664/664 661/661/661 653/653/653
f 665/665/665 663/663/663 661/661/661
f 663/663/663 645/645/645 661/661/661
f 653/653/653 646/646/646 652/652/652
f 646/646/646 653/653/653 661/661/661
f 645/645/645 646/646/646 661/661/661
f 657/657/657 652/652/652 646/646/646
f 647/647/647 646/646/646 645/645/645
f 657/657/657 646/646/646 647/647/647
f 699/699/699 698/698/698 697/697/697
f 699/699/699 697/697/697 746/746/746
f 699/699/699 746/746/746 737/737/737
f 697/697/697 734/734/734 746/746/746
f 738/738/738 699/699/699 737/737/737
f 697/697/697 726/726/726 734/734/734
f 699/699/699 738/738/738 723/723/723
f 723/723/723 698/698/698 699/699/699
f 738/738/738 745/745/745 723/723/723
f 723/723/723 745/745/745 739/739/739
f 723/723/723 739/739/739 724/724/724
f 724/724/724 698/698/698 723/723/723
f 698/698/698 724/724/724 712/712/712
f 726/726/726 732/732/732 734/734/734
f 698/698/698 712/712/712 711/711/711
f 697/697/697 698/698/698 711/711/711
f 697/697/697 711/711/711 726/726/726
f 711/711/711 712/712/712 721/721/721
f 726/726/726 711/711/711 720/720/720
f 720/720/720 711/711/711 721/721/721
f 726/726/726 705/705/705 732/732/732
f 705/705/705 726/726/726 720/720/720
f 721/721/721 704/704/704 720/720/720
f 720/720/720 704/704/704 705/705/705
f 704/704/704 721/721/721 717/717/717
f 704/704/704 717/717/717 716/716/716
f 705/705/705 703/703/703 732/732/732
f 705/705/705 704/704/704 703/703/703
f 703/703/703 704/704/704 716/716/716
f 703/703/703 731/731/731 732/732/732
f 703/703/703 716/716/716 718/718/718
f 703/703/703 718/718/718 731/731/731
f 702/702/702 701/701/701 700/700/700
f 722/722/722 702/702/702 700/700/700
f 710/710/710 722/722/722 700/700/700
f 747/747/747 702/702/702 722/722/722
f 710/710/710 700/700/700 709/709/709
f 754/754/754 710/710/710 709/709/709
f 741/741/741 755/755/755 754/754/754
f 754/754/754 709/709/709 741/741/741
f 736/736/736 741/741/741 709/709/709
f 709/709/709 700/700/700 727/727/727
f 727/727/727 736/736/736 709/709/709
f 701/701/701 727/727/727 700/700/700
f 736/736/736 727/727/727 735/735/735
f 727/727/727 740/740/740 735/735/735
f 727/727/727 701/701/701 740/740/740
f 701/701/701 733/733/733 740/740/740
f 701/701/701 730/730/730 733/733/733
f 730/730/730 701/701/701 702/702/702
f 730/730/730 729/729/729 733/733/733
f 713/713/713 702/702/702 747/747/747
f 730/730/730 702/702/702 713/713/713
f 715/715/715 713/713/713 747/747/747
f 730/730/730 725/725/725 729/729/729
f 725/725/725 730/730/730 713/713/713
f 715/715/715 714/714/714 713/713/713
f 713/713/713 714/714/714 725/725/725
f 714/714/714 715/715/715 719/719/719
f 706/706/706 714/714/714 719/719/719
f 725/725/725 707/707/707 729/729/729
f 707/707/707 725/725/725 714/714/714
f 707/707/707 714/714/714 706/706/706
f 707/707/707 728/728/728 729/729/729
f 708/708/708 707/707/707 706/706/706
f 707/707/707 708/708/708 728/728/728
f 764/764/764 763/763/763 762/762/762
f 762/762/762 763/763/763 786/786/786
f 786/786/786 804/804/804 762/762/762
f 776/776/776 786/786/786 763/763/763
f 804/804/804 810/810/810 762/762/762
f 777/777/777 776/776/776 763/763/763
f 762/762/762 810/810/810 802/802/802
f 802/802/802 764/764/764 762/762/762
f 802/802/802 810/810/810 801/801/801
f 803/803/803 802/802/802 801/801/801
f 803/803/803 811/811/811 802/802/802
f 811/811/811 764/764/764 802/802/802
f 811/811/811 796/796/796 764/764/764
f 784/784/784 776/776/776 777/777/777
f 796/796/796 788/788/788 764/764/764
f 788/788/788 763/763/763 764/764/764
f 788/788/788 777/777/777 763/763/763
f 796/796/796 794/794/794 788/788/788
f 793/793/793 777/777/777 788/788/788
f 794/794/794 793/793/793 788/788/788
f 784/784/784 777/777/777 768/768/768
f 768/768/768 777/777/777 793/793/793
f 794/794/794 770/770/770 793/793/793
f 793/793/793 770/770/770 768/768/768
f 794/794/794 792/792/792 770/770/770
f 792/792/792 782/782/782 770/770/770
f 768/768/768 769/769/769 784/784/784
f 770/770/770 769/769/769 768/768/768
f 782/782/782 769/769/769 770/770/770
f 780/780/780 784/784/784 769/769/769
f 782/782/782 781/781/781 769/769/769
f 781/781/781 780/780/780 769/769/769
f 767/767/767 766/766/766 765/765/765
f 795/795/795 765/765/765 766/766/766
f 805/805/805 795/795/795 766/766/766
f 795/795/795 791/791/791 765/765/765
f 805/805/805 766/766/766 798/798/798
f 799/799/799 805/805/805 798/798/798
f 799/799/799 798/798/798 797/797/797
f 798/798/798 806/806/806 797/797/797
f 798/798/798 766/766/766 775/775/775
f 775/775/775 806/806/806 798/798/798
f 767/767/767 775/775/775 766/766/766
f 816/816/816 817/817/817 806/806/806
f 806/806/806 775/775/775 816/816/816
f 775/775/775 774/774/774 816/816/816
f 775/775/775 767/767/767 774/774/774
f 767/767/767 785/785/785 774/774/774
f 767/767/767 800/800/800 785/785/785
f 800/800/800 767/767/767 765/765/765
f 785/785/785 800/800/800 812/812/812
f 790/790/790 800/800/800 765/765/765
f 791/791/791 790/790/790 765/765/765
f 812/812/812 800/800/800 779/779/779
f 779/779/779 800/800/800 790/790/790
f 812/812/812 779/779/779 778/778/778
f 791/791/791 787/787/787 790/790/790
f 790/790/790 787/787/787 779/779/779
f 791/791/791 789/789/789 787/787/787
f 789/789/789 771/771/771 787/787/787
f 779/779/779 772/772/772 778/778/778
f 772/772/772 779/779/779 787/787/787
f 771/771/771 772/772/772 787/787/787
f 783/783/783 778/778/778 772/772/772
f 773/773/773 772/772/772 771/771/771
f 783/783/783 772/772/772 773/773/773
f 825/825/825 824/824/824 823/823/823
f 825/825/825 823/823/823 872/872/872
f 825/825/825 872/872/872 863/863/863
f 823/823/823 860/860/860 872/872/872
f 864/864/864 825/825/825 863/863/863
f 823/823/823 852/852/852 860/860/860
f 825/825/825 864/864/864 849/849/849
f 849/849/849 824/824/824 825/825/825
f 864/864/864 871/871/871 849/849/849
f 849/849/849 871/871/871 865/865/865
f 849/849/849 865/865/865 850/850/850
f 850/850/850 824/824/824 849/849/849
f 824/824/824 850/850/850 838/838/838
f 852/852/852 858/858/858 860/860/860
f 824/824/824 838/838/838 837/837/837
f 823/823/823 824/824/824 837/837/837
f 823/823/823 837/837/837 852/852/852
f 837/837/837 838/838/838 847/847/847
f 852/852/852 837/837/837 846/846/846
f 846/846/846 837/837/837 847/847/847
f 852/852/852 831/831/831 858/858/858
f 831/831/831 852/852/852 846/846/846
f 847/847/847 830/830/830 846/846/846
f 846/846/846 830/830/830 831/831/831
f 830/830/830 847/847/847 843/843/843
f 830/830/830 843/843/843 842/842/842
f 831/831/831 829/829/829 858/858/858
f 831/831/831 830/830/830 829/829/829
f 829/829/829 830/830/830 842/842/842
f 829/829/829 857/857/857 858/858/858
f 829/829/829 842/842/842 844/844/844
f 829/829/829 844/844/844 857/857/857
f 828/828/828 827/827/827 826/826/826
f 848/848/848 828/828/828 826/826/826
f 836/836/836 848/848/848 826/826/826
f 873/873/873 828/828/828 848/848/848
f 836/836/836 826/826/826 835/835/835
f 880/880/880 836/836/836 835/835/835
f 867/867/867 881/881/881 880/880/880
f 880/880/880 835/835/835 867/867/867
f 862/862/862 867/867/867 835/835/835
f 835/835/835 826/826/826 853/853/853
f 853/853/853 862/862/862 835/835/835
f 827/827/827 853/853/853 826/826/826
f 862/862/862 853/853/853 861/861/861
f 853/853/853 866/866/866 861/861/861
f 853/853/853 827/827/827 866/866/866
f 827/827/827 859/859/859 866/866/866
f 827/827/827 856/856/856 859/859/859
f 856/856/856 827/827/827 828/828/828
f 856/856/856 855/855/855 859/859/859
f 839/839/839 828/828/828 873/873/873
f 856/856/856 828/828/828 839/839/839
f 841/841/841 839/839/839 873/873/873
f 856/856/856 851/851/851 855/855/855
f 851/851/851 856/856/856 839/839/839
f 841/841/841 840/840/840 839/839/839
f 839/839/839 840/840/840 851/851/851
f 840/840/840 841/841/841 845/845/845
f 832/832/832 840/840/840 845/845/845
f 851/851/851 833/833/833 855/855/855
f 833/833/833 851/851/851 840/840/840
f 833/833/833 840/840/840 832/832/832
f 833/833/833 854/854/854 855/855/855
f 834/834/834 833/833/833 832/832/832
f 833/833/833 834/834/834 854/854/854
f 890/890/890 889/889/889 888/888/888
f 888/888/888 889/889/889 912/912/912
f 912/912/912 930/930/930 888/888/888
f 902/902/902 912/912/912 889/889/889
f 930/930/930 936/936/936 888/888/888
f 903/903/903 902/902/902 889/889/889
f 888/888/888 936/936/936 928/928/928
f 928/928/928 890/890/890 888/888/888
f 928/928/928 936/936/936 927/927/927
f 929/929/929 928/928/928 927/927/927
f 929/929/929 937/937/937 928/928/928
f 937/937/937 890/890/890 928/928/928
f 937/937/937 922/922/922 890/890/890
f 910/910/910 902/902/902 903/903/903
f 922/922/922 914/914/914 890/890/890
f 914/914/914 889/889/889 890/890/890
f 914/914/914 903/903/903 889/889/889
f 922/922/922 920/920/920 914/914/914
f 919/919/919 903/903/903 914/914/914
f 920/920/920 919/919/919 914/914/914
f 910/910/910 903/903/903 894/894/894
f 894/894/894 903/903/903 919/919/919
f 920/920/920 896/896/896 919/919/919
f 919/919/919 896/896/896 894/894/894
f 920/920/920 918/918/918 896/896/896
f 918/918/918 908/908/908 896/896/896
f 894/894/894 895/895/895 910/910/910
f 896/896/896 895/895/895 894/894/894
f 908/908/908 895/895/895 896/896/896
f 906/906/906 910/910/910 895/895/895
f 908/908/908 907/907/907 895/895/895
f 907/907/907 906/906/906 895/895/895
f 893/893/893 892/892/892 891/891/891
f 921/921/921 891/891/891 892/892/892
f 931/931/931 921/921/921 892/892/892
f 921/921/921 917/917/917 891/891/891
f 931/931/931 892/892/892 924/924/924
f 925/925/925 931/931/931 924/924/924
f 925/925/925 924/924/924 923/923/923
f 924/924/924 932/932/932 923/923/923
f 924/924/924 892/892/892 901/901/901
f 901/901/901 932/932/932 924/924/924
f 893/893/893 901/901/901 892/892/892
f 942/942/942 943/943/943 932/932/932
f 932/932/932 901/901/901 942/942/942
f 901/901/901 900/900/900 942/942/942
f 901/901/901 893/893/893 900/900/900
f 893/893/893 911/911/911 900/900/900
f 893/893/893 926/926/926 911/911/911
f 926/926/926 893/893/893 891/891/891
f 911/911/911 926/926/926 938/938/938
f 916/916/916 926/926/926 891/891/891
f 917/917/917 916/916/916 891/891/891
f 938/938/938 926/926/926 905/905/905
f 905/905/905 926/926/926 916/916/916
f 938/938/938 905/905/905 904/904/904
f 917/917/917 913/913/913 916/916/916
f 916/916/916 913/913/913 905/905/905
f 917/917/917 915/915/915 913/913/913
f 915/915/915 897/897/897 913/913/913
f 905/905/905 898/898/898 904/904/904
f 898/898/898 905/905/905 913/913/913
f 897/897/897 898/898/898 913/913/913
f 909/909/909 904/904/904 898/898/898
f 899/899/899 898/898/898 897/897/897
f 909/909/909 898/898/898 899/899/899
