# VPXTOOL table OBJ file
# VPXTOOL OBJ file
# numVerts: 1330 numFaces: 2402
o VRRail
v 6.252671 22.746859 -16.86451
v 6.252619 22.825933 -16.849419
v 5.656214 22.745398 -16.85873
v 10.03721 21.81669 -16.635002
v 10.034379 21.93355 -16.59723
v 10.037691 21.872593 -16.702759
v 10.033899 22.600124 -16.40195
v 10.022817 22.557844 -16.400715
v 10.033508 22.601662 -16.37937
v 6.880482 21.903433 -17.00826
v 6.253223 21.902584 -17.00591
v 6.880487 21.895689 -17.00861
v 10.037513 22.739908 -16.385334
v 10.037511 22.756977 -16.462215
v 10.037553 22.679855 -16.402176
v 5.656116 22.865932 -16.665901
v 5.656116 22.87955 -16.74853
v 6.252574 22.867516 -16.672323
v 8.964783 22.52354 -16.90053
v 8.319098 22.52309 -16.900389
v 8.964947 22.273512 -16.94718
v 8.319263 22.272863 -16.945965
v 8.965106 22.031166 -16.992594
v 5.044394 22.639168 -16.87672
v 5.044325 22.744957 -16.858513
v 4.417078 22.639711 -16.881859
v 8.965187 21.906105 -17.015308
v 8.319504 21.905174 -17.012564
v 8.965192 21.89838 -17.015768
v 10.000126 22.786354 -16.722261
v 9.974331 22.781006 -16.766129
v 10.009106 22.742184 -16.75802
v 1.892893 21.937346 -17.013401
v 1.892917 21.902119 -17.01884
v 2.545886 21.937586 -17.012363
v 4.417156 22.520903 -16.902391
v 8.96454 22.84635 -16.551502
v 8.318856 22.84712 -16.557865
v 8.96454 22.852474 -16.582245
v 5.656162 22.82441 -16.843288
v 1.892921 21.894367 -17.019163
v 1.892926 21.88657 -17.018845
v 2.545914 21.894617 -17.018177
v 9.509876 22.82709 -16.844114
v 9.509929 22.748241 -16.86043
v 9.626679 22.827234 -16.844488
v 10.013849 22.405485 -16.436352
v 10.021494 22.187302 -16.480305
v 10.010056 22.396486 -16.412817
v 9.503826 22.031439 -16.992168
v 10.037581 22.631166 -16.375267
v 10.037585 22.627954 -16.405039
v 10.037588 22.622149 -16.376846
v 10.038213 21.676363 -16.595858
v 10.038208 21.687824 -16.61019
v 10.038238 21.645008 -16.640017
v 9.496085 21.898605 -17.015085
v 5.044232 22.834614 -16.527052
v 5.044229 22.844872 -16.557323
v 5.656121 22.835142 -16.527744
v 8.319595 21.7593 -16.993816
v 7.57986 21.758307 -16.991076
v 8.319653 21.666714 -16.979824
v 6.880574 21.757307 -16.988163
v 6.880515 21.851336 -17.002956
v 2.54591 21.90236 -17.017847
v 3.147531 21.937561 -17.010109
v 3.779588 22.521294 -16.906769
v 3.779752 22.27067 -16.95021
v 4.417572 21.886318 -17.008528
v 4.417594 21.84977 -17.003222
v 5.044888 21.88616 -17.005447
v 3.146918 22.807655 -16.45749
v 3.779357 22.807974 -16.456959
v 3.146927 22.780497 -16.380121
v 5.044882 21.89394 -17.005682
v 5.656771 21.894266 -17.005266
v 7.579528 22.27251 -16.9467
v 6.880241 22.272047 -16.94665
v 7.579687 22.029642 -16.989279
v 3.147559 21.894617 -17.016058
v 3.147564 21.886824 -17.015776
v 3.779998 21.894493 -17.013142
v 8.964538 22.867374 -16.661942
v 9.527725 22.866032 -16.652685
v 4.416913 22.851315 -16.592081
v 5.044229 22.850866 -16.587427
v 4.416913 22.845322 -16.561977
v 9.594973 22.78285 -16.3647
v 9.623347 22.80588 -16.422068
v 9.613473 22.78638 -16.362736
v 10.038176 21.752258 -16.69585
v 10.038179 21.727234 -16.596113
v 10.03768 22.548454 -16.79842
v 10.03769 22.52561 -16.765364
v 10.037104 22.621675 -16.764118
v 10.038221 21.672821 -16.65515
v 10.038256 21.623682 -16.692202
v 8.319482 21.940315 -17.006638
v 7.579746 21.939516 -17.004955
v 5.044854 21.936842 -16.99948
v 5.044796 22.026928 -16.9836
v 4.417539 21.937052 -17.002846
v 7.579165 22.826632 -16.848482
v 8.3189 22.826246 -16.843756
v 7.579139 22.864977 -16.835545
v 5.656136 22.862776 -16.830473
v 6.252594 22.864334 -16.83677
v 3.146904 22.86574 -16.67376
v 3.779343 22.866066 -16.67327
v 3.146905 22.851208 -16.596
v 1.892312 22.82415 -16.855236
v 2.545305 22.824549 -16.855059
v 1.892286 22.862415 -16.841867
v 5.044273 22.823921 -16.842823
v 9.68464 21.897945 -17.014313
v 9.712502 21.895983 -17.014576
v 9.691648 21.905954 -17.013735
v 10.036687 21.746164 -16.94855
v 10.037438 21.881102 -16.911436
v 10.032115 21.768227 -16.994217
v 9.614853 22.805836 -16.424793
v 9.58419 22.782017 -16.365353
v 9.590785 22.807697 -16.434952
v 9.560822 21.664595 -16.994709
v 9.621404 21.662378 -17.01861
v 9.621218 21.742325 -17.004316
v 10.03803 21.999971 -16.805353
v 10.03787 22.227657 -16.678694
v 10.038008 22.040619 -16.843416
v 9.605764 22.779163 -16.34391
v 9.6598 22.791094 -16.343676
v 9.634444 22.806103 -16.41443
v 9.661874 22.826088 -16.462582
v 8.31951 21.897444 -17.012999
v 7.579774 21.896595 -17.011036
v 8.319514 21.889668 -17.012785
v 2.545279 22.862827 -16.841768
v 3.146923 22.862656 -16.83872
v 2.545269 22.876814 -16.826504
v 10.031587 21.916914 -16.529222
v 10.018876 22.18208 -16.455713
v 10.035544 22.216139 -16.616362
v 10.037127 21.954632 -16.680323
v 10.02857 22.201641 -16.547758
v 10.007708 21.897589 -17.005165
v 9.959487 21.896355 -17.012104
v 10.00779 21.774326 -17.02726
v 10.031247 22.785927 -16.6185
v 10.035942 22.77548 -16.552006
v 10.011107 22.829975 -16.588682
v 10.037621 22.598516 -16.564684
v 10.03763 22.587513 -16.564909
v 10.037621 22.59633 -16.540771
v 10.037592 22.61833 -16.402063
v 10.026912 22.567795 -16.444057
v 10.012785 22.51854 -16.410282
v 10.032036 21.891493 -16.972137
v 10.031953 22.016026 -16.949774
v 9.620622 22.847923 -16.555347
v 9.541105 22.851154 -16.573101
v 9.623586 22.861677 -16.628819
v 10.038267 21.640057 -16.892199
v 10.038233 21.689116 -16.860918
v 10.036739 21.664433 -16.968758
v 8.964705 22.64209 -16.878607
v 8.319021 22.641727 -16.878939
v 9.926753 22.791838 -16.80048
v 9.94666 22.776958 -16.799915
v 9.953773 22.807154 -16.755157
v 10.019374 22.789507 -16.347809
v 9.965056 22.808046 -16.344519
v 10.019296 22.794453 -16.372562
v 9.635013 22.87573 -16.704702
v 9.584559 22.77448 -16.344002
v 9.962219 22.273592 -16.944069
v 9.962056 22.523933 -16.899113
v 9.862983 22.273972 -16.946487
v 3.77951 22.640057 -16.885998
v 4.416934 22.780579 -16.376038
v 5.044251 22.78011 -16.3713
v 4.416938 22.770767 -16.348192
v 8.318952 22.747372 -16.85996
v 8.964635 22.747665 -16.859238
v 9.509998 22.642633 -16.87958
v 10.037553 22.674223 -16.36798
v 10.037572 22.644281 -16.373098
v 4.417009 22.745472 -16.863518
v 4.416957 22.82441 -16.847666
v 8.318859 22.836864 -16.527615
v 4.416931 22.862732 -16.834621
v 3.779363 22.862967 -16.83815
v 8.318874 22.864542 -16.830585
v 7.579128 22.878992 -16.820429
v 2.545261 22.845379 -16.56893
v 3.146905 22.845213 -16.5659
v 2.545265 22.835129 -16.5387
v 6.879834 22.848043 -16.567976
v 6.879838 22.837782 -16.53767
v 6.252575 22.846985 -16.564455
v 5.656743 21.937151 -16.998995
v 5.656684 22.027218 -16.983002
v 5.045046 21.63054 -16.967283
v 5.045026 21.663149 -16.972198
v 4.41773 21.630415 -16.968834
v 5.656799 21.849985 -17.000008
v 6.253257 21.850523 -17.000792
v 5.656775 21.886486 -17.005043
v 6.879834 22.85404 -16.598082
v 6.252575 22.85298 -16.59456
v 6.253314 21.756565 -16.986357
v 6.880631 21.664595 -16.97351
v 6.879852 22.8654 -16.840292
v 9.701345 21.937727 -17.008326
v 9.748866 21.923712 -17.01063
v 9.723763 22.01987 -16.993347
v 9.715335 21.65032 -17.057066
v 9.722313 21.650621 -17.058683
v 9.715315 21.67995 -17.051727
v 6.8804 22.02886 -16.987549
v 6.253142 22.027943 -16.984797
v 6.88046 21.938644 -17.002733
v 7.579917 21.66563 -16.97663
v 8.965219 21.854143 -17.01071
v 8.319537 21.853172 -17.007784
v 8.965279 21.760323 -16.997055
v 4.416912 22.879469 -16.752485
v 3.779344 22.879684 -16.755915
v 4.416914 22.882708 -16.797216
v 6.252983 22.271025 -16.943373
v 5.656524 22.270035 -16.940134
v 5.044237 22.876274 -16.814756
v 5.044247 22.862265 -16.829876
v 5.656125 22.876799 -16.81541
v 10.036351 22.258112 -16.857777
v 10.03787 22.242481 -16.766119
v 10.024153 22.430197 -16.501219
v 7.57977 21.904335 -17.010654
v 8.318854 22.881266 -16.748375
v 8.964538 22.881348 -16.746525
v 8.318854 22.867647 -16.66573
v 9.491738 21.673475 -16.984243
v 8.965336 21.66778 -16.983337
v 9.464721 21.63542 -16.978926
v 9.766323 21.650864 -17.059816
v 9.863035 21.650797 -17.05912
v 9.766301 21.683283 -17.053984
v 5.04423 22.882254 -16.792543
v 5.656119 22.882782 -16.793232
v 1.892433 22.639723 -16.890884
v 1.892511 22.52106 -16.912214
v 2.545426 22.640047 -16.890331
v 2.545919 21.886818 -17.017868
v 2.545942 21.850243 -17.012424
v 5.656857 21.756117 -16.986069
v 1.892949 21.849985 -17.01335
v 2.54526 22.865911 -16.676792
v 3.146904 22.87936 -16.75641
v 3.147471 22.027733 -16.994675
v 3.147312 22.270657 -16.952394
v 2.545827 22.0278 -16.99718
v 4.416925 22.807747 -16.453476
v 3.779366 22.780813 -16.379557
v 6.253233 21.887058 -17.006021
v 6.880492 21.887894 -17.008316
v 6.253229 21.894848 -17.006289
v 2.54526 22.879528 -16.759443
v 1.892267 22.879107 -16.759478
v 4.417562 21.901848 -17.008448
v 4.417566 21.89411 -17.008808
v 5.044878 21.901674 -17.005276
v 8.964561 22.782505 -16.370222
v 8.964552 22.80928 -16.445665
v 9.527433 22.782927 -16.370369
v 7.579121 22.847586 -16.563005
v 7.579121 22.85358 -16.593107
v 4.416921 22.876736 -16.819456
v 3.146907 22.882605 -16.80117
v 10.031789 22.266365 -16.904776
v 10.02283 22.019829 -16.970362
v 9.50984 22.879374 -16.815664
v 9.509834 22.885342 -16.79339
v 8.964547 22.878754 -16.814217
v 2.545504 22.521347 -16.91144
v 2.545668 22.270813 -16.95537
v 3.147148 22.521158 -16.908281
v 8.318864 22.878544 -16.81538
v 8.318857 22.884506 -16.793116
v 1.892271 22.834707 -16.538742
v 1.892268 22.844957 -16.568966
v 8.965356 21.63519 -16.978481
v 10.037577 22.644497 -16.414858
v 10.007627 22.02212 -16.982775
v 9.950737 22.013655 -16.991026
v 5.656117 22.845406 -16.558033
v 4.417652 21.755762 -16.98854
v 4.41771 21.663061 -16.973957
v 5.044969 21.755743 -16.986214
v 10.017167 22.627495 -16.855497
v 10.001331 22.697979 -16.825031
v 9.998626 22.630625 -16.870466
v 3.147554 21.902359 -17.015701
v 3.77997 21.937449 -17.00726
v 5.656117 22.851398 -16.588137
v 5.044228 22.87902 -16.747828
v 10.037711 22.463297 -16.592474
v 10.03787 22.221844 -16.64439
v 10.034321 22.454756 -16.566801
v 3.779993 21.902235 -17.012793
v 9.548663 21.775436 -16.998596
v 9.483341 21.770712 -16.998173
v 9.513217 21.669989 -16.98437
v 9.490676 21.635393 -16.979666
v 9.607229 21.898575 -17.014542
v 9.602193 21.890799 -17.014362
v 9.713618 21.878056 -17.016075
v 9.685949 21.844551 -17.011915
v 9.714811 21.847713 -17.021399
v 9.704705 21.888865 -17.0143
v 9.719881 21.888388 -17.015873
v 9.676515 21.85443 -17.010063
v 9.722235 21.769897 -17.037144
v 9.71526 21.763716 -17.036585
v 9.722293 21.681717 -17.053083
v 9.720474 21.904995 -17.013893
v 9.727983 21.896708 -17.01533
v 9.728916 21.864494 -17.021013
v 9.762537 21.872759 -17.019754
v 9.721642 21.856346 -17.021574
v 9.677635 21.890299 -17.014061
v 5.656766 21.901997 -17.004847
v 3.779911 22.027645 -16.991966
v 10.036508 22.019892 -16.910845
v 5.656142 22.770811 -16.344038
v 5.656139 22.780624 -16.37191
v 6.2526 22.772367 -16.350323
v 8.318877 22.782383 -16.371994
v 6.879878 22.827003 -16.852951
v 9.8897 22.831877 -16.470217
v 9.81446 22.83597 -16.492586
v 9.886573 22.85076 -16.575506
v 9.609704 22.832949 -16.502148
v 9.645914 22.829626 -16.484365
v 9.660054 22.795301 -16.357847
v 9.660813 22.80641 -16.395407
v 9.706775 22.806927 -16.362602
v 9.661953 22.837505 -16.502441
v 9.671961 22.833946 -16.483131
v 9.65168 22.828968 -16.480013
v 9.687772 22.817945 -16.414925
v 9.698608 22.822712 -16.424408
v 9.725184 22.811298 -16.364937
v 9.729733 22.81238 -16.368633
v 9.665323 22.839804 -16.511839
v 9.658312 22.838177 -16.506107
v 9.617823 22.842356 -16.5277
v 9.6861 22.851381 -16.57382
v 9.705352 22.825752 -16.438526
v 9.734879 22.814146 -16.377453
v 9.738642 22.807621 -16.343706
v 9.740151 22.80793 -16.344666
v 9.720032 22.832085 -16.471935
v 9.963854 22.827805 -16.447943
v 9.961044 22.843218 -16.537516
v 9.736112 22.877949 -16.7192
v 9.808562 22.870272 -16.686016
v 9.728865 22.865467 -16.649925
v 9.87524 22.8621 -16.696274
v 9.945332 22.850735 -16.661657
v 9.881269 22.860794 -16.646181
v 9.95495 22.851147 -16.605831
v 9.80566 22.873583 -16.73035
v 9.869928 22.854801 -16.739819
v 9.931942 22.841125 -16.713764
v 9.752961 22.837048 -16.498625
v 9.663202 22.88221 -16.739605
v 9.529877 22.882753 -16.74883
v 9.635777 22.88565 -16.767368
v 8.965165 21.941221 -17.009249
v 3.779346 22.882925 -16.800661
v 9.688281 21.816141 -17.017206
v 9.611444 21.754978 -16.999207
v 9.694339 21.748259 -17.03165
v 9.612054 21.642763 -17.018728
v 9.491201 21.856897 -17.010458
v 10.035499 22.67983 -16.720348
v 10.037065 22.66656 -16.65068
v 10.033376 22.731665 -16.670635
v 10.009558 22.502678 -16.41413
v 10.021672 22.53906 -16.476704
v 10.034933 22.596127 -16.463661
v 10.037601 22.61935 -16.488228
v 10.010719 22.47631 -16.420166
v 10.022343 22.509178 -16.48343
v 10.03364 22.57515 -16.54005
v 10.033948 22.583706 -16.520218
v 10.037607 22.608168 -16.471596
v 9.918221 22.825731 -16.759233
v 10.038278 21.611252 -16.820265
v 10.038271 21.6236 -16.827969
v 10.03828 21.621956 -16.902712
v 10.038241 21.65316 -16.719788
v 10.03827 21.612123 -16.751188
v 10.03826 21.632593 -16.779171
v 10.037707 22.487867 -16.698818
v 10.037668 22.545998 -16.680805
v 10.038196 21.737171 -16.798801
v 10.038117 21.856976 -16.776733
v 10.03618 22.52238 -16.832249
v 9.728529 22.882368 -16.756512
v 10.037718 22.457296 -16.618385
v 10.037666 22.536722 -16.606993
v 10.037639 22.577383 -16.596685
v 10.037626 22.601967 -16.627045
v 10.037589 22.64512 -16.533926
v 10.037501 22.607992 -16.712118
v 10.025222 22.738798 -16.717121
v 10.030549 22.687778 -16.762587
v 10.020336 22.789246 -16.67187
v 10.034732 22.62078 -16.80278
v 9.804092 22.869875 -16.766788
v 9.545464 22.84509 -16.542742
v 9.542804 22.835241 -16.514725
v 10.037554 22.69564 -16.49843
v 10.032177 21.675606 -17.010738
v 10.023052 21.67941 -17.031347
v 6.879833 22.86858 -16.675846
v 5.656282 22.639555 -16.876637
v 5.656361 22.520697 -16.896868
v 3.780141 21.663357 -16.97781
v 3.780162 21.6307 -16.972605
v 2.546 21.756155 -16.997314
v 2.546058 21.663364 -16.982218
v 3.147645 21.756247 -16.995655
v 7.579364 22.523094 -16.903028
v 7.579802 21.852276 -17.00556
v 1.89228 22.807407 -16.460598
v 2.545274 22.807825 -16.460533
v 1.892289 22.780256 -16.383265
v 8.964543 22.836216 -16.521914
v 9.535136 22.80901 -16.442165
v 6.252583 22.878366 -16.821772
v 6.879856 22.78325 -16.381739
v 7.579142 22.782824 -16.376968
v 6.879859 22.773426 -16.353848
v 2.546078 21.63068 -16.97689
v 3.147702 21.663513 -16.980906
v 3.780026 21.850138 -17.007483
v 3.780084 21.756094 -16.992607
v 3.146913 22.876646 -16.823463
v 2.545286 22.770864 -16.355352
v 1.892293 22.770452 -16.355453
v 2.545283 22.780666 -16.38317
v 2.545357 22.745705 -16.871395
v 1.892675 22.270586 -16.956451
v 9.81182 22.858286 -16.613514
v 6.252579 22.83672 -16.53415
v 3.77937 22.771004 -16.351723
v 8.318855 22.853115 -16.587967
v 6.253201 21.937777 -17.000261
v 6.252597 22.782187 -16.378218
v 6.252588 22.809378 -16.45578
v 9.72936 21.6508 -17.059628
v 9.72934 21.682781 -17.053871
v 6.253392 21.6313 -16.967108
v 6.880651 21.63195 -16.968369
v 6.253373 21.663925 -16.9721
v 6.252574 22.881128 -16.754948
v 6.252577 22.884356 -16.799633
v 6.879833 22.882195 -16.758469
v 8.964558 22.864761 -16.829473
v 6.87993 22.747929 -16.868053
v 10.036516 21.796862 -16.559042
v 10.030556 21.910847 -16.504444
v 7.57912 22.881735 -16.753508
v 7.579122 22.884968 -16.798222
v 7.57912 22.868118 -16.670872
v 5.044241 22.80729 -16.448774
v 5.65613 22.80781 -16.449423
v 1.892268 22.85095 -16.599064
v 3.779352 22.87696 -16.822931
v 8.318869 22.809553 -16.449404
v 7.579134 22.809998 -16.454445
v 6.879847 22.810442 -16.4593
v 6.879999 22.64199 -16.885454
v 7.579286 22.641891 -16.882446
v 8.964583 22.826485 -16.842766
v 4.416916 22.835066 -16.53172
v 3.146949 22.82437 -16.851984
v 9.509851 22.865383 -16.830893
v 9.626653 22.865536 -16.831299
v 3.779389 22.824661 -16.851313
v 3.779441 22.745771 -16.867392
v 9.498833 21.94146 -17.00864
v 5.04491 21.84965 -17.000343
v 9.740881 22.27396 -16.946852
v 5.044228 22.8654 -16.665192
v 9.725855 22.881662 -16.787262
v 9.626637 22.885494 -16.79382
v 9.725991 22.874155 -16.811647
v 4.41732 22.27023 -16.945581
v 5.044472 22.520359 -16.89722
v 4.416912 22.865852 -16.669844
v 4.41748 22.027225 -16.987438
v 10.037098 22.404566 -16.828379
v 10.031625 22.516731 -16.859962
v 10.036261 21.789598 -16.531662
v 10.038182 21.717995 -16.56093
v 8.319423 22.030323 -16.990343
v 6.252818 22.521946 -16.901527
v 3.146909 22.834959 -16.535666
v 3.779348 22.835283 -16.535158
v 5.656914 21.663565 -16.972275
v 5.656935 21.630972 -16.967438
v 7.579124 22.837326 -16.532732
v 9.619692 22.031433 -16.991724
v 9.862952 21.77597 -17.036655
v 9.863013 21.683369 -17.05329
v 9.962457 21.775507 -17.033792
v 9.862819 22.524273 -16.901289
v 9.626732 22.748375 -16.860735
v 3.780003 21.886696 -17.01285
v 1.892834 22.02758 -16.998291
v 1.892269 22.88235 -16.804249
v 5.044636 22.269762 -16.9408
v 6.879841 22.87943 -16.825293
v 1.893008 21.75587 -16.99808
v 1.893064 21.663036 -16.98278
v 9.999253 22.829702 -16.646757
v 9.979042 22.820934 -16.703081
v 3.147586 21.850273 -17.010443
v 2.545261 22.851376 -16.59903
v 1.892266 22.865488 -16.676825
v 3.779345 22.845535 -16.565409
v 9.51024 22.273893 -16.947306
v 9.726854 22.858168 -16.829872
v 9.729343 22.819422 -16.845432
v 9.808044 22.835789 -16.824837
v 9.952063 22.633835 -16.878704
v 9.922252 22.713142 -16.8622
v 9.856529 22.638088 -16.880882
v 9.510077 22.524029 -16.901241
v 6.880077 22.523008 -16.905043
v 10.032197 21.643023 -17.016535
v 10.023073 21.646833 -17.037146
v 7.579779 21.888811 -17.010775
v 1.893085 21.630342 -16.977377
v 9.804625 22.857742 -16.797543
v 2.545262 22.882772 -16.804205
v 3.147071 22.639856 -16.887177
v 3.779344 22.851534 -16.595509
v 8.964564 22.772818 -16.343048
v 8.318881 22.772581 -16.344162
v 9.572396 22.782637 -16.368504
v 8.965198 21.89061 -17.015585
v 10.036508 22.718159 -16.602943
v 9.949024 22.74982 -16.824518
v 9.984035 22.744856 -16.7937
v 9.817921 22.795702 -16.847557
v 9.868777 22.813889 -16.81398
v 9.524671 22.773535 -16.344625
v 1.892275 22.876396 -16.826569
v 8.96454 22.884712 -16.791924
v 9.613613 21.941433 -17.008116
v 10.007463 22.272448 -16.937727
v 7.579938 21.632994 -16.971539
v 3.14693 22.770693 -16.3523
v 9.626801 22.642744 -16.879786
v 9.734356 22.74364 -16.861849
v 9.610249 21.906303 -17.014088
v 9.494828 21.890827 -17.014889
v 9.626643 22.879532 -16.816086
v 9.650811 21.856882 -17.009861
v 10.022665 22.27016 -16.925346
v 10.005125 22.489439 -16.391571
v 6.879835 22.88542 -16.803152
v 10.007873 21.649134 -17.049597
v 10.00785 21.681705 -17.0438
v 9.962539 21.650312 -17.056168
v 10.03804 21.97404 -16.750345
v 9.891244 22.81425 -16.377466
v 9.964735 22.813286 -16.371984
v 9.891798 22.807978 -16.344402
v 10.022991 21.772036 -17.01482
v 10.022912 21.8953 -16.992735
v 5.044254 22.7703 -16.343441
v 7.579216 22.74767 -16.864185
v 3.147001 22.74552 -16.868275
v 10.028646 22.623466 -16.833088
v 10.019874 22.693254 -16.79704
v 6.25274 22.640924 -16.881912
v 7.579146 22.773014 -16.349108
v 9.96252 21.68289 -17.050358
v 9.816565 21.985209 -16.999132
v 9.851317 21.889584 -17.01624
v 9.72928 21.773602 -17.037455
v 9.766241 21.775429 -17.037357
v 8.319674 21.634098 -16.974876
v 9.867164 22.83877 -16.778496
v 9.907596 22.808002 -16.795135
v 3.147722 21.630856 -16.97571
v 9.757998 22.815426 -16.384275
v 9.837822 22.729187 -16.864609
v 10.007299 22.522806 -16.892866
v 9.739084 22.641636 -16.880152
v 9.740716 22.524202 -16.901348
v 10.022501 22.520529 -16.880516
v 9.496834 21.906332 -17.014635
v 10.036759 21.635475 -16.975733
v 9.626879 22.524122 -16.901325
v 9.627042 22.273933 -16.947117
v 9.816226 22.815214 -16.382921
v 9.759785 22.807861 -16.344227
v 9.587755 21.77076 -16.997957
v 9.601142 21.760803 -16.99731
v 9.565884 22.773804 -16.345173
v 9.894418 22.772224 -16.841467
v 9.972772 22.703672 -16.847872
v 9.816854 22.807896 -16.344223
v 10.009057 22.50747 -16.389338
v 10.016936 22.822508 -16.522131
v 10.033822 22.541739 -16.547464
v 10.037652 22.552801 -16.572601
v 9.688366 21.67449 -17.042635
v 9.71382 22.802889 -16.343452
v 10.019071 22.808062 -16.440376
v 10.006455 22.464346 -16.397314
v 9.734982 22.807169 -16.343384
v 9.686041 21.648249 -17.04651
v 10.021255 22.554157 -16.384396
v 9.587583 21.860151 -17.010471
v 9.526482 21.667835 -16.984447
v 9.505688 21.635374 -16.981104
v 10.037514 22.733765 -16.357573
v 10.02293 22.548908 -16.467934
v 9.537311 21.666292 -16.986347
v 9.538562 21.637333 -16.991264
v 9.516302 21.636007 -16.984385
v 9.645452 21.716711 -17.018204
v 9.572994 22.773403 -16.343975
v -0.53268 21.9479 -16.681448
v -0.529921 21.92682 -16.598358
v -0.533134 21.865864 -16.70388
v -0.517636 22.547445 -16.385515
v -0.519199 22.551134 -16.401834
v -0.529949 22.594936 -16.380493
v -0.534089 22.688908 -16.499554
v -0.534132 22.750246 -16.463337
v -0.53409 22.673126 -16.403301
v 0.539151 22.268147 -16.948076
v 1.184834 22.26832 -16.946722
v 0.538987 22.518177 -16.901426
v 1.184993 22.02578 -16.991102
v 0.53931 22.025803 -16.99349
v 1.18508 21.8929 -17.013756
v 1.185075 21.90063 -17.013323
v 0.539397 21.893017 -17.016663
v -0.48057 22.738194 -16.794811
v -0.470919 22.774355 -16.767239
v -0.505646 22.735489 -16.759138
v 0.538744 22.840986 -16.5524
v 0.538743 22.847113 -16.583141
v 1.184427 22.842579 -16.558624
v -0.123257 22.742168 -16.861774
v -0.006455 22.742182 -16.861443
v -0.123309 22.82103 -16.845526
v -0.514768 22.175373 -16.456833
v -0.517387 22.18059 -16.481426
v -0.50623 22.389793 -16.413937
v 0.000588 22.025387 -16.993181
v -0.534061 22.624437 -16.37639
v -0.534055 22.61542 -16.37797
v -0.534056 22.621223 -16.40616
v -0.533429 21.669632 -16.59698
v -0.533405 21.638279 -16.641144
v -0.533435 21.68109 -16.611313
v 0.007745 21.900288 -17.015646
v 0.008505 21.892563 -17.016094
v 0.539392 21.90074 -17.016205
v 1.185224 21.662167 -16.980581
v 1.185052 21.93577 -17.007395
v 0.538742 22.86201 -16.662838
v -0.024445 22.85995 -16.653702
v -0.091649 22.776682 -16.36573
v -0.110153 22.78019 -16.363771
v -0.12004 22.799677 -16.423105
v -0.533467 21.745523 -16.696972
v -0.532597 21.809963 -16.636126
v -0.533462 21.720503 -16.59724
v -0.533963 22.541725 -16.799543
v -0.533489 22.614944 -16.76524
v -0.533952 22.518879 -16.766485
v -0.533386 21.616953 -16.693323
v -0.53342 21.666088 -16.656275
v -0.180049 21.891666 -17.015364
v -0.187069 21.899664 -17.014786
v -0.207909 21.889668 -17.015633
v -0.527444 21.88477 -16.973263
v -0.532849 21.87437 -16.912563
v -0.527365 21.761503 -16.995338
v -0.111544 22.799644 -16.425827
v -0.087477 22.801537 -16.435982
v -0.080865 22.77586 -16.366379
v -0.055938 21.65847 -16.995733
v -0.116432 21.736124 -17.005354
v -0.116513 21.65618 -17.019644
v -0.533772 22.235752 -16.767242
v -0.533772 22.220924 -16.679815
v -0.533636 22.033886 -16.844542
v -0.102439 22.77298 -16.34494
v -0.15649 22.784843 -16.344717
v -0.148389 22.822727 -16.481054
v -0.158584 22.819836 -16.463627
v -0.52609 21.904125 -16.505566
v -0.527125 21.91019 -16.530346
v -0.531444 22.209412 -16.617487
v -0.524466 22.194921 -16.548885
v -0.50312 21.890898 -17.00628
v -0.503039 21.767635 -17.028381
v -0.454897 21.88972 -17.013212
v -0.513629 22.815805 -16.523249
v -0.53257 22.76875 -16.553127
v -0.507796 22.823278 -16.589802
v -0.53402 22.591785 -16.565807
v -0.534021 22.5896 -16.541893
v -0.534012 22.580784 -16.566032
v -0.53405 22.6116 -16.403189
v -0.519286 22.542194 -16.469055
v -0.523295 22.561077 -16.445179
v -0.509114 22.51184 -16.411404
v -0.527527 22.009302 -16.950895
v -0.037823 22.845057 -16.574118
v -0.120305 22.855473 -16.629852
v -0.533375 21.633322 -16.893324
v -0.531862 21.657703 -16.969883
v -0.533409 21.682386 -16.862043
v 0.538908 22.636724 -16.879503
v 1.184592 22.637184 -16.879696
v -0.423347 22.785242 -16.80158
v -0.450396 22.800528 -16.756264
v -0.443234 22.770342 -16.80102
v -0.461447 22.80665 -16.373095
v -0.461767 22.801407 -16.345627
v -0.515984 22.787743 -16.373682
v -0.026597 22.876667 -16.749846
v -0.131733 22.869514 -16.70574
v -0.081228 22.768326 -16.34503
v -0.458123 22.266956 -16.945175
v -0.358886 22.267462 -16.947573
v -0.458288 22.5173 -16.900219
v 1.184523 22.742828 -16.860718
v 1.184471 22.821703 -16.844515
v 0.538839 22.7423 -16.860134
v -0.006386 22.63657 -16.88059
v -0.006307 22.517971 -16.902252
v -0.53409 22.667494 -16.369104
v -0.53407 22.637548 -16.374222
v 1.18443 22.832323 -16.528372
v 1.892364 22.745335 -16.871735
v -0.312089 21.978758 -17.000208
v -0.244309 21.917347 -17.011692
v -0.219334 22.01354 -16.994402
v -0.21742 21.67539 -17.054138
v -0.217399 21.64429 -17.05974
v -0.210439 21.673624 -17.052786
v 1.184448 22.777843 -16.372753
v 0.539425 21.848776 -17.01161
v 0.539483 21.75496 -16.997952
v 1.185108 21.848629 -17.00854
v -0.533935 22.481136 -16.69994
v -0.532253 22.25138 -16.858902
v -0.530535 22.44803 -16.567926
v -0.52035 22.423483 -16.50234
v 1.184425 22.876722 -16.749132
v 1.184425 22.863108 -16.666489
v 0.538742 22.875986 -16.747421
v 0.013131 21.66744 -16.98525
v 0.040196 21.62942 -16.979929
v 0.53954 21.662416 -16.984232
v -0.358142 21.67686 -17.054377
v -0.35812 21.644287 -17.060207
v -0.261429 21.6769 -17.05505
v -0.534128 22.727034 -16.358696
v -0.534129 22.733175 -16.386457
v -0.516061 22.782799 -16.34893
v 0.538765 22.77714 -16.371119
v -0.024109 22.776844 -16.371384
v 0.538756 22.803919 -16.44656
v -0.518568 22.263449 -16.926466
v -0.527691 22.25964 -16.905897
v -0.518404 22.013117 -16.97148
v 0.538745 22.879347 -16.792824
v -0.006549 22.87928 -16.7944
v 0.538751 22.873388 -16.815113
v 1.184435 22.874 -16.81614
v 1.184428 22.879965 -16.793873
v 0.53956 21.629822 -16.979378
v -0.503202 22.015429 -16.983892
v -0.446299 22.007032 -16.99213
v -0.469243 22.697025 -16.848982
v -0.497801 22.691294 -16.826149
v -0.495 22.623941 -16.87158
v -0.533931 22.456568 -16.5936
v -0.533772 22.215115 -16.645514
v 0.021407 21.764685 -16.99918
v -0.04392 21.769327 -16.999617
v -0.008343 21.663927 -16.98538
v 0.014241 21.62936 -16.980673
v 0.009771 21.884787 -17.015902
v -0.097595 21.88462 -17.015392
v -0.183586 21.809853 -17.018257
v -0.181293 21.838266 -17.01296
v -0.210156 21.841394 -17.022453
v -0.215279 21.88206 -17.016928
v -0.200104 21.882559 -17.015348
v -0.209002 21.871738 -17.017132
v -0.17187 21.848158 -17.01111
v -0.217478 21.763567 -17.038197
v -0.210494 21.757395 -17.03764
v -0.196807 21.931421 -17.009378
v -0.215893 21.898668 -17.01495
v -0.173035 21.884027 -17.015108
v -0.223391 21.89037 -17.016386
v -0.224282 21.858154 -17.022074
v -0.257915 21.866379 -17.020824
v -0.216997 21.850016 -17.02263
v -0.10264 21.892393 -17.015572
v -0.532095 22.013163 -16.911968
v 1.185085 21.885124 -17.013544
v 1.18444 22.805012 -16.450161
v -0.308538 22.85184 -16.614592
v -0.311175 22.829521 -16.493662
v -0.383289 22.844221 -16.5766
v -0.106414 22.826763 -16.503176
v -0.142624 22.823397 -16.485405
v -0.184481 22.81166 -16.415974
v -0.157512 22.80016 -16.39645
v -0.203481 22.800615 -16.363655
v -0.158669 22.831253 -16.503485
v -0.168675 22.82768 -16.484179
v -0.195322 22.816412 -16.425459
v -0.221895 22.80496 -16.365995
v -0.226445 22.80604 -16.369688
v -0.16204 22.833546 -16.51288
v -0.155028 22.831928 -16.50715
v -0.11454 22.836157 -16.528734
v -0.182818 22.845097 -16.57487
v -0.117339 22.84172 -16.556383
v -0.202066 22.819443 -16.43958
v -0.231591 22.807804 -16.378513
v -0.236862 22.801575 -16.345724
v -0.216747 22.82576 -16.472994
v -0.386416 22.825333 -16.47131
v -0.457759 22.836586 -16.538624
v -0.232832 22.871601 -16.720259
v -0.225584 22.859129 -16.65098
v -0.305281 22.86383 -16.68709
v -0.371946 22.855576 -16.697363
v -0.377984 22.854261 -16.647272
v -0.44203 22.844122 -16.662762
v -0.451661 22.844519 -16.60694
v -0.302374 22.867144 -16.731426
v -0.366615 22.848284 -16.74091
v -0.428616 22.834524 -16.714867
v -0.249676 22.830679 -16.499691
v -0.159923 22.875954 -16.74065
v -0.132498 22.87943 -16.768408
v -0.106675 21.748785 -17.000235
v -0.189555 21.741962 -17.032698
v -0.033645 21.631237 -16.992283
v -0.107139 21.636574 -17.01976
v -0.082945 21.853994 -17.011501
v 0.013438 21.850864 -17.011469
v -0.531966 22.673103 -16.721474
v -0.52992 22.72494 -16.671759
v -0.53353 22.65983 -16.651802
v -0.505866 22.495977 -16.415247
v -0.518012 22.532349 -16.477825
v -0.530334 22.5934 -16.403074
v -0.531349 22.5894 -16.464785
v -0.534036 22.601437 -16.47272
v -0.534042 22.612621 -16.48935
v -0.518644 22.502466 -16.484552
v -0.530337 22.576979 -16.52134
v -0.530013 22.568424 -16.541176
v -0.534053 22.638391 -16.535053
v -0.534065 22.637768 -16.415985
v -0.404211 22.801434 -16.79623
v -0.414867 22.81915 -16.76033
v -0.533364 21.604517 -16.821386
v -0.533362 21.615227 -16.903833
v -0.533371 21.61687 -16.82909
v -0.533402 21.646425 -16.720911
v -0.533372 21.605392 -16.752312
v -0.533382 21.62586 -16.780294
v -0.53388 22.601261 -16.713243
v -0.533974 22.539267 -16.681929
v -0.533525 21.85024 -16.777855
v -0.533447 21.730434 -16.799929
v -0.533192 22.397837 -16.829504
v -0.532423 22.515652 -16.833376
v -0.225247 22.876032 -16.757572
v -0.533924 22.450567 -16.619513
v -0.533976 22.529991 -16.608116
v -0.534003 22.57065 -16.59781
v -0.534016 22.595234 -16.62817
v -0.516954 22.782537 -16.672987
v -0.521765 22.732082 -16.71824
v -0.496729 22.779669 -16.723375
v -0.527019 22.681059 -16.763712
v -0.531107 22.614052 -16.803904
v -0.300793 22.863438 -16.767864
v 0.538747 22.83085 -16.52281
v -0.039514 22.829142 -16.515743
v -0.518241 21.765324 -17.015944
v -0.518181 21.672699 -17.032469
v 1.185166 21.754755 -16.994577
v -0.031829 22.802916 -16.443184
v 1.184426 22.848574 -16.588724
v -0.261408 21.64448 -17.060879
v -0.224467 21.676443 -17.05493
v -0.006544 22.873316 -16.816673
v 0.538762 22.859396 -16.830368
v -0.531635 21.782867 -16.532785
v -0.531895 21.79013 -16.560165
v 1.184445 22.860003 -16.831343
v 0.538787 22.82112 -16.843662
v -0.006532 22.859322 -16.831903
v -0.123335 22.859331 -16.832333
v -0.006507 22.821032 -16.845125
v 0.005701 21.935413 -17.009653
v -0.123345 22.873325 -16.817122
v -0.123352 22.879288 -16.794857
v -0.222688 22.867823 -16.812702
v -0.527855 22.51001 -16.861084
v -0.53346 21.711262 -16.562054
v 0.539369 21.935856 -17.010143
v -0.122946 22.267725 -16.948153
v -0.236784 22.267607 -16.947914
v -0.115276 22.025232 -16.992758
v -0.457648 21.676252 -17.051464
v -0.457706 21.768873 -17.0349
v -0.236948 22.517847 -16.902407
v -0.123188 22.636536 -16.880821
v -0.475693 22.814278 -16.704195
v -0.006143 22.267836 -16.948315
v -0.314509 22.78925 -16.848633
v -0.225963 22.813084 -16.84649
v -0.304689 22.829348 -16.82591
v -0.448439 22.62721 -16.879814
v -0.35291 22.631586 -16.88197
v -0.418731 22.706558 -16.863297
v -0.527283 21.6363 -17.017656
v -0.518159 21.640123 -17.038267
v -0.527304 21.668879 -17.011862
v -0.301304 22.851309 -16.79862
v -0.223526 22.851831 -16.830933
v 1.184452 22.768042 -16.344921
v -0.06907 22.776499 -16.369532
v 0.539402 21.885242 -17.016481
v -0.531843 21.628744 -16.976854
v -0.533614 21.99324 -16.806479
v -0.533048 22.711428 -16.604067
v -0.390977 22.765676 -16.842562
v -0.365397 22.807375 -16.815071
v 0.538769 22.767452 -16.343945
v -0.021339 22.767454 -16.34564
v -0.109081 21.935246 -17.00915
v -0.235471 22.635283 -16.881214
v -0.230876 22.737297 -16.86291
v -0.105669 21.900116 -17.015121
v -0.518732 22.513819 -16.881636
v -0.502718 22.457655 -16.398428
v -0.506992 22.469614 -16.421286
v -0.501421 22.482748 -16.392687
v -0.502957 21.642437 -17.050716
v -0.457624 21.64368 -17.057274
v -0.502979 21.675016 -17.04492
v -0.533603 21.96731 -16.751469
v -0.38851 22.801434 -16.345493
v -0.518322 21.88859 -16.993856
v -0.042181 22.83899 -16.543762
v -0.516344 22.686546 -16.79816
v -0.50353 22.516115 -16.893984
v -0.346716 21.883093 -17.017323
v -0.224526 21.767263 -17.038515
v -0.261489 21.769045 -17.038425
v -0.358203 21.769464 -17.037745
v -0.530151 22.535013 -16.54859
v 1.18467 22.518549 -16.901144
v -0.363822 22.832254 -16.779583
v -0.254711 22.80905 -16.385344
v -0.334322 22.722708 -16.865692
v -0.495927 22.82302 -16.647871
v -0.503366 22.265757 -16.938845
v -0.51003 22.398785 -16.437473
v -0.35905 22.517765 -16.902376
v -0.12311 22.517914 -16.90236
v -0.313565 22.801445 -16.3453
v -0.312938 22.808764 -16.384003
v -0.256496 22.801483 -16.345291
v -0.156747 22.789051 -16.358892
v -0.09638 21.75463 -16.99834
v -0.146169 21.850645 -17.010902
v -0.387956 22.807707 -16.378557
v -0.460568 22.82117 -16.449053
v -0.224446 21.644463 -17.060686
v -0.062553 22.767675 -16.346195
v -0.44556 22.743204 -16.825624
v -0.505377 22.500772 -16.390455
v -0.515763 22.801357 -16.441498
v -0.53399 22.546072 -16.573723
v -0.183486 21.668203 -17.043688
v -0.231693 22.800825 -16.344444
v -0.210525 22.79657 -16.344505
v -0.513539 22.620789 -16.856615
v -0.527872 22.779205 -16.619627
v -0.181126 21.641966 -17.047562
v -0.21042 21.644 -17.05812
v -0.525018 22.616747 -16.83421
v -0.531916 21.739435 -16.949677
v -0.235352 22.801268 -16.344767
v -0.131139 22.799883 -16.415468
v -0.222565 22.87533 -16.78832
v -0.083007 21.7646 -16.998985
v -0.00077 21.629322 -16.982113
v -0.032433 21.660196 -16.987366
v -0.011385 21.62994 -16.985397
v -0.021606 21.661757 -16.985464
v -0.140632 21.710478 -17.019243
v -0.069662 22.76726 -16.345005
v -0.504211 19.9678 -17.308891
v -0.505436 21.833372 -16.960728
v -0.504212 19.963552 -17.274813
v -0.483148 22.70286 -16.592176
v -0.483158 22.71291 -16.56056
v -0.483134 22.585985 -16.23268
v -0.483416 21.739523 -16.39065
v -0.483116 22.65812 -16.627918
v -0.490819 -0.522979 -20.5454
v -0.490791 -0.563799 -20.570574
v -0.490787 -0.536205 -20.76343
v -0.216452 19.97057 -17.331215
v -0.200957 19.97037 -17.32941
v -0.217676 21.835533 -16.983162
v -0.48956 19.970192 -17.329481
v -0.490784 21.835201 -16.981426
v -0.497183 19.969633 -17.324692
v -0.491961 1.312147 -20.79051
v -0.490077 1.315506 -20.798761
v -0.493186 3.177713 -20.44235
v -0.186409 19.969765 -17.324112
v -0.126715 19.96632 -17.293964
v -0.187634 21.83492 -16.976028
v -0.202181 21.835382 -16.981352
v -0.498408 21.83477 -16.976608
v -0.502324 19.96881 -17.317585
v -0.480231 19.970402 -17.331244
v -0.481455 21.835365 -16.983194
v -0.491955 1.294621 -20.747404
v -0.490247 1.196728 -20.224459
v -0.490821 -0.479047 -20.787405
v -0.489626 3.064255 -19.875929
v -0.484037 19.871996 -16.739178
v -0.505437 21.83045 -16.927555
v -0.484658 18.004467 -17.087708
v -0.485278 16.13694 -17.436235
v -0.502986 18.096659 -17.622072
v -0.4859 14.269413 -17.784761
v -0.50176 16.229767 -17.96933
v -0.48652 12.401887 -18.133287
v -0.500535 14.362874 -18.31659
v -0.487142 10.534362 -18.48182
v -0.499309 12.495982 -18.663853
v -0.487763 8.666836 -18.83035
v -0.498083 10.629091 -19.01111
v -0.488384 6.799308 -19.178871
v -0.496858 8.762197 -19.358364
v -0.489005 4.931781 -19.527403
v -0.495632 6.895302 -19.705624
v -0.494405 5.028409 -20.052887
v -0.204207 1.320959 -20.8117
v -0.205431 3.18592 -20.463655
v -0.467985 1.320793 -20.811731
v -0.206656 5.05088 -20.115606
v -0.46921 3.185754 -20.463682
v -0.20788 6.915843 -19.767557
v -0.470434 5.050715 -20.115637
v -0.209105 8.780805 -19.419504
v -0.471659 6.915675 -19.767584
v -0.21033 10.645766 -19.071455
v -0.474108 10.645598 -19.071486
v -0.211554 12.510725 -18.72341
v -0.212778 14.375686 -18.375359
v -0.475333 12.510559 -18.723436
v -0.214003 16.24065 -18.02731
v -0.476557 14.375521 -18.375391
v -0.215228 18.10561 -17.67926
v -0.477782 16.240482 -18.027342
v -0.479006 18.105442 -17.679293
v -0.478538 3.185114 -20.462004
v -0.479763 5.050123 -20.113945
v -0.480988 6.915133 -19.765888
v -0.472883 8.780637 -19.419535
v -0.482212 8.780141 -19.41783
v -0.483437 10.64515 -19.06977
v -0.484661 12.510158 -18.721714
v -0.485886 14.375165 -18.37366
v -0.48711 16.240173 -18.025597
v -0.488335 18.105185 -17.677538
v -0.486162 3.183391 -20.457432
v -0.491301 3.180836 -20.450647
v -0.484937 1.318254 -20.805511
v -0.487386 5.04853 -20.109352
v -0.492526 5.046165 -20.102531
v -0.488611 6.913667 -19.761263
v -0.493751 6.911496 -19.754416
v -0.489835 8.778807 -19.413183
v -0.494976 8.776826 -19.406296
v -0.49106 10.643942 -19.065098
v -0.496201 10.642158 -19.058176
v -0.492285 12.50908 -18.717022
v -0.497425 12.507485 -18.710056
v -0.493509 14.374217 -18.368937
v -0.49865 14.372815 -18.36194
v -0.494734 16.239355 -18.020857
v -0.495959 18.104492 -17.672771
v -0.499875 16.238146 -18.01382
v -0.5011 18.103477 -17.665705
v -0.174163 1.318237 -20.80496
v -0.175387 3.18339 -20.456875
v -0.188711 1.320273 -20.80999
v -0.176611 5.048542 -20.108791
v -0.189935 3.185283 -20.461933
v -0.177837 6.913695 -19.760706
v -0.19116 5.050293 -20.11387
v -0.179061 8.778848 -19.41262
v -0.192385 6.915302 -19.765818
v -0.180285 10.644001 -19.064537
v -0.193609 8.780313 -19.417759
v -0.181511 12.509152 -18.716452
v -0.194833 10.645322 -19.0697
v -0.182735 14.374306 -18.368362
v -0.196058 12.510329 -18.721643
v -0.197283 14.37534 -18.373583
v -0.198507 16.240349 -18.025526
v -0.18396 16.23946 -18.020283
v -0.199732 18.105358 -17.677467
v -0.185185 18.104612 -17.672197
v -0.114463 1.306642 -20.776337
v -0.115688 3.17261 -20.428097
v -0.116913 5.038578 -20.079857
v -0.118139 6.904546 -19.731623
v -0.119363 8.770514 -19.383385
v -0.120589 10.636481 -19.035154
v -0.121814 12.502452 -18.68691
v -0.12304 14.368418 -18.338675
v -0.124265 16.234386 -17.99044
v -0.12549 18.100351 -17.6422
v -0.50355 21.834139 -16.96947
v -0.502986 18.102236 -17.657055
v -0.501761 16.236671 -18.005215
v -0.500536 14.371105 -18.353374
v -0.499311 12.505539 -18.70154
v -0.498086 10.639976 -19.049704
v -0.496861 8.774409 -19.397863
v -0.495636 6.908843 -19.746023
v -0.494411 5.043279 -20.094187
v -0.477314 1.320105 -20.81006
v -0.49318 3.161515 -20.400145
v 10.0014 21.837141 -16.926437
v 10.001402 21.840061 -16.95961
v 10.002625 19.970245 -17.273695
v 9.977949 22.615189 -16.22736
v 9.977924 22.660185 -16.258047
v 9.977942 22.690811 -16.612215
v 9.977986 22.592646 -16.231567
v 9.977961 22.664782 -16.626804
v 9.97938 21.74619 -16.389538
v 10.016033 -0.498971 -20.782494
v 10.016049 -0.529514 -20.762312
v 10.016047 -0.557109 -20.569456
v 9.714869 19.976892 -17.330156
v 9.713646 21.841856 -16.982107
v 9.699373 19.976675 -17.328354
v 9.987977 19.976864 -17.32837
v 9.9956 19.976315 -17.323574
v 9.986753 21.841873 -16.98031
v 10.011765 3.187523 -20.449533
v 10.012989 1.322194 -20.79765
v 10.013651 3.184404 -20.441235
v 9.684826 19.976051 -17.323063
v 9.683602 21.841208 -16.974977
v 9.625131 19.97253 -17.292929
v 9.69815 21.841686 -16.980299
v 10.000741 19.975496 -17.31647
v 9.994375 21.841454 -16.975492
v 9.978648 19.97706 -17.33013
v 9.977424 21.842028 -16.98208
v 10.014883 1.301311 -20.746286
v 10.016016 -0.472357 -20.786293
v 10.013189 1.203416 -20.223337
v 10.013658 3.168206 -20.399023
v 10.010115 3.07094 -19.874815
v 9.982453 19.87866 -16.738066
v 9.985527 18.011133 -17.086592
v 10.003851 18.10335 -17.620955
v 9.9886 16.14361 -17.435122
v 10.005077 16.23646 -17.968212
v 9.991674 14.276087 -17.783648
v 10.006303 14.369566 -18.315475
v 9.994747 12.408562 -18.132175
v 10.007528 12.502672 -18.662731
v 9.997821 10.54104 -18.480701
v 10.008755 10.635781 -19.009989
v 10.000894 8.673513 -18.829233
v 10.00998 8.768887 -19.357252
v 10.003967 6.80599 -19.177753
v 10.011206 6.901992 -19.704506
v 10.007041 4.938464 -19.526289
v 10.012432 5.0351 -20.05177
v 9.727116 1.327283 -20.810644
v 9.990893 1.327453 -20.810614
v 9.72589 3.192244 -20.462599
v 9.989669 3.192414 -20.462568
v 9.724667 5.057204 -20.11455
v 9.988444 5.057375 -20.11452
v 9.723441 6.922166 -19.766497
v 9.987221 6.922336 -19.76647
v 9.722218 8.787127 -19.418451
v 9.985995 8.787296 -19.41842
v 9.720992 10.652089 -19.070398
v 9.984772 10.652257 -19.070372
v 9.983545 12.517219 -18.722328
v 9.982322 14.382179 -18.374277
v 9.719768 12.517051 -18.722353
v 9.718544 14.382011 -18.374304
v 9.717319 16.246973 -18.026255
v 9.981097 16.247143 -18.026228
v 9.716094 18.111935 -17.678205
v 9.979873 18.112103 -17.678179
v 10.000222 1.326777 -20.808949
v 9.998998 3.191786 -20.46089
v 9.997773 5.056795 -20.112833
v 9.99655 6.921804 -19.764774
v 9.995324 8.786812 -19.416721
v 9.994101 10.65182 -19.068659
v 9.992875 12.516829 -18.7206
v 9.991652 14.381837 -18.372541
v 9.990425 16.246847 -18.024483
v 9.989202 18.111855 -17.67643
v 10.007847 1.324935 -20.804398
v 10.010539 5.052853 -20.101414
v 10.006623 3.190073 -20.456314
v 10.009315 6.918183 -19.753294
v 10.005398 5.055212 -20.108234
v 10.00809 8.783514 -19.405178
v 10.004172 6.920349 -19.760149
v 10.006866 10.648845 -19.057058
v 10.002948 8.785488 -19.412066
v 10.00564 12.514174 -18.708939
v 10.001723 10.650625 -19.063984
v 10.004415 14.379505 -18.360823
v 10.000499 12.515763 -18.71591
v 9.999274 14.380898 -18.367819
v 9.99805 16.246037 -18.01974
v 10.003191 16.244833 -18.012707
v 9.996824 18.111174 -17.67166
v 10.001966 18.110165 -17.664587
v 9.710396 3.191587 -20.460882
v 9.695848 3.189675 -20.455824
v 9.71162 1.326577 -20.808935
v 9.709171 5.056597 -20.112823
v 9.694623 5.054828 -20.107738
v 9.707945 6.921607 -19.764765
v 9.693399 6.919981 -19.759659
v 9.706721 8.786617 -19.416708
v 9.692175 8.785133 -19.41157
v 9.705497 10.651628 -19.06865
v 9.690949 10.650285 -19.063486
v 9.704272 12.516633 -18.72059
v 9.689724 12.515438 -18.7154
v 9.703048 14.381645 -18.372532
v 9.6885 14.380591 -18.367315
v 9.701823 16.246655 -18.02447
v 9.7006 18.111662 -17.676413
v 9.687275 16.245745 -18.019232
v 9.686051 18.110897 -17.671146
v 9.636157 3.178819 -20.42706
v 9.697072 1.324523 -20.803913
v 9.634931 5.044787 -20.078825
v 9.633707 6.910755 -19.730585
v 9.632482 8.776723 -19.382345
v 9.631256 10.642692 -19.034111
v 9.63003 12.50866 -18.685877
v 9.628806 14.374626 -18.337637
v 9.627581 16.240595 -17.9894
v 9.626355 18.106562 -17.641163
v 9.999516 21.84083 -16.968351
v 10.002626 19.974491 -17.307774
v 10.003851 18.108925 -17.65594
v 10.005077 16.243362 -18.004093
v 10.006301 14.377795 -18.352262
v 10.007526 12.512231 -18.700422
v 10.008751 10.646665 -19.048586
v 10.009975 8.7811 -19.396746
v 10.011202 6.915534 -19.744905
v 10.012426 5.049969 -20.09307
v 10.014876 1.318837 -20.789392
v 1.185244 21.629555 -16.975636
v -0.483134 22.68415 -16.613325
v -0.483142 22.632765 -16.237782
v -0.483127 22.608528 -16.228472
v -0.483152 22.653522 -16.259161
v -0.483158 22.712902 -16.566673
v -0.490804 -0.505661 -20.783611
v -0.490791 -0.528329 -20.771923
v -0.490783 -0.571203 -20.585804
v -0.490804 -0.545835 -20.55426
v -0.12794 21.83229 -16.945726
v 9.977921 22.719563 -16.56556
v 9.977929 22.70952 -16.591063
v 9.977919 22.719572 -16.559446
v 9.977936 22.639427 -16.236668
v 10.016019 -0.516289 -20.544283
v 10.016034 -0.539145 -20.553148
v 10.016054 -0.564512 -20.584686
v 10.016045 -0.521639 -20.77081
v 9.623905 21.8385 -16.944689
v 9.637383 1.312852 -20.775297
vt 0.435573 0.76877803
vt 0.435573 0.78643602
vt 0.467487 0.76879299
vt 0.210681 0.56986302
vt 0.208892 0.599607
vt 0.21533 0.58197898
vt 0.20552 0.80376202
vt 0.203484 0.78881502
vt 0.203489 0.80887002
vt 0.402011 0.581082
vt 0.435573 0.581087
vt 0.402011 0.5794
vt 0.213108 0.85123998
vt 0.219049 0.83346802
vt 0.210108 0.82966298
vt 0.46751 0.83476299
vt 0.467489 0.81557202
vt 0.435593 0.83438897
vt 0.290467 0.71880698
vt 0.325015 0.718808
vt 0.290467 0.66302103
vt 0.325015 0.66302502
vt 0.290467 0.60894102
vt 0.500227 0.745255
vt 0.500227 0.768794
vt 0.533792 0.745243
vt 0.290467 0.581064
vt 0.325015 0.58107197
vt 0.290467 0.57938302
vt 0.233354 0.78960198
vt 0.235606 0.78325498
vt 0.233285 0.776954
vt 0.668876 0.58887
vt 0.668876 0.58105803
vt 0.633937 0.58887202
vt 0.533792 0.718804
vt 0.290579 0.86598098
vt 0.325444 0.860636
vt 0.290564 0.858334
vt 0.467487 0.78645098
vt 0.668876 0.57937598
vt 0.668876 0.577711
vt 0.633937 0.57937902
vt 0.261291 0.786448
vt 0.261291 0.76878798
vt 0.255041 0.78644598
vt 0.202598 0.734286
vt 0.202911 0.66900498
vt 0.200566 0.73312402
vt 0.261642 0.60894102
vt 0.204778 0.82089198
vt 0.207241 0.81273198
vt 0.204377 0.81715798
vt 0.207616 0.53623402
vt 0.208561 0.538868
vt 0.210308 0.52815002
vt 0.262061 0.57938403
vt 0.500206 0.86714202
vt 0.500208 0.85985202
vt 0.467542 0.86719698
vt 0.325015 0.550465
vt 0.364595 0.55047202
vt 0.325015 0.53112698
vt 0.402011 0.550479
vt 0.402011 0.57009298
vt 0.633937 0.58106
vt 0.601745 0.58887798
vt 0.567906 0.718794
vt 0.567906 0.663015
vt 0.533792 0.577735
vt 0.533792 0.57009298
vt 0.500227 0.577743
vt 0.601718 0.88611603
vt 0.56781 0.88586402
vt 0.601712 0.90486401
vt 0.500227 0.57940698
vt 0.467487 0.579409
vt 0.364595 0.663023
vt 0.402011 0.663023
vt 0.364595 0.608949
vt 0.601745 0.57938302
vt 0.601745 0.577717
vt 0.567906 0.579391
vt 0.290478 0.83867699
vt 0.258482 0.84152198
vt 0.533727 0.85260397
vt 0.500211 0.85283399
vt 0.533718 0.85961199
vt 0.252617 0.92391902
vt 0.250526 0.904899
vt 0.251217 0.92464501
vt 0.214233 0.55318898
vt 0.207801 0.54866302
vt 0.229819 0.735052
vt 0.227525 0.73329997
vt 0.229742 0.753362
vt 0.211351 0.534665
vt 0.213509 0.522438
vt 0.325015 0.588885
vt 0.364595 0.588889
vt 0.500227 0.588902
vt 0.500227 0.608963
vt 0.533792 0.58889502
vt 0.364595 0.786439
vt 0.325015 0.78644902
vt 0.364622 0.795281
vt 0.467482 0.79538298
vt 0.435565 0.79529202
vt 0.601737 0.834746
vt 0.567865 0.83456302
vt 0.60173 0.852866
vt 0.668876 0.78642303
vt 0.633937 0.78642398
vt 0.668849 0.79521501
vt 0.500227 0.78645301
vt 0.251972 0.579248
vt 0.250482 0.57880998
vt 0.251597 0.58099598
vt 0.22955 0.546749
vt 0.228261 0.578048
vt 0.232308 0.550592
vt 0.251191 0.904127
vt 0.253393 0.92344302
vt 0.252947 0.90129
vt 0.258605 0.529867
vt 0.255364 0.528373
vt 0.255371 0.546183
vt 0.222809 0.60893297
vt 0.217055 0.669181
vt 0.225532 0.617063
vt 0.251966 0.931023
vt 0.247445 0.931315005
vt 0.249634 0.90706903
vt 0.247984 0.89013201
vt 0.325015 0.57938898
vt 0.364595 0.57939398
vt 0.325015 0.57772398
vt 0.633941 0.79527801
vt 0.601748 0.79535699
vt 0.633944 0.79985398
vt 0.204268 0.59706998
vt 0.201083 0.668584
vt 0.212759 0.66993898
vt 0.214479 0.602516
vt 0.207856 0.669748
vt 0.234551 0.57911003
vt 0.237266 0.57896
vt 0.234669 0.551475
vt 0.228336 0.805287
vt 0.224761 0.81621403
vt 0.229313 0.81873798
vt 0.21769 0.77453601
vt 0.217297 0.771703
vt 0.216013 0.77785999
vt 0.206473 0.81008399
vt 0.20762 0.785164
vt 0.202919 0.77340698
vt 0.23199 0.57855898
vt 0.231807 0.607288
vt 0.251925 0.864384
vt 0.25711 0.861902
vt 0.252593 0.84456003
vt 0.225759 0.52406597
vt 0.22409 0.53566802
vt 0.230288 0.52842802
vt 0.290467 0.74524897
vt 0.325015 0.74524897
vt 0.238649 0.78188401
vt 0.237582 0.77885997
vt 0.2366 0.78968501
vt 0.214965 0.87711501
vt 0.219535 0.89255601
vt 0.216852 0.86939001
vt 0.252836 0.825041
vt 0.253593 0.93039799
vt 0.237107 0.66302902
vt 0.237107 0.71881002
vt 0.242417 0.663023
vt 0.567906 0.745233
vt 0.533651 0.90447497
vt 0.500188 0.90469903
vt 0.53364 0.91120201
vt 0.325015 0.768789
vt 0.290467 0.76879102
vt 0.261291 0.745247
vt 0.206994 0.837506
vt 0.205413 0.82611799
vt 0.533792 0.76878202
vt 0.533792 0.78644103
vt 0.325492 0.86797899
vt 0.533795 0.79532701
vt 0.567904 0.79531997
vt 0.325073 0.79548001
vt 0.364647 0.799833
vt 0.63395 0.85939097
vt 0.601727 0.85989302
vt 0.633953 0.86664498
vt 0.402016 0.85908598
vt 0.402015 0.86635
vt 0.435622 0.85947001
vt 0.467487 0.58890402
vt 0.467487 0.60896498
vt 0.500227 0.52433503
vt 0.500227 0.531147
vt 0.533792 0.524332
vt 0.467487 0.5701
vt 0.435573 0.57009798
vt 0.467487 0.577743
vt 0.402016 0.85210901
vt 0.435616 0.852462
vt 0.435573 0.550484
vt 0.402011 0.531142
vt 0.402015 0.79522198
vt 0.251077 0.58806098
vt 0.248535 0.58494002
vt 0.249875 0.606371
vt 0.250339 0.52414
vt 0.249965 0.524135
vt 0.250339 0.530742
vt 0.402011 0.608953
vt 0.435573 0.60895997
vt 0.402011 0.58889502
vt 0.364595 0.53113502
vt 0.290467 0.570073
vt 0.325015 0.57007998
vt 0.290467 0.550458
vt 0.533779 0.81540698
vt 0.567884 0.81542099
vt 0.533791 0.80516303
vt 0.435573 0.66303098
vt 0.467487 0.66303903
vt 0.500232 0.80001497
vt 0.50023 0.79537803
vt 0.46748 0.80001998
vt 0.228756 0.66645902
vt 0.222877 0.66788203
vt 0.208109 0.736045
vt 0.364595 0.58107603
vt 0.325237 0.81597298
vt 0.290435 0.81796402
vt 0.325316 0.83532202
vt 0.262301 0.53223097
vt 0.290467 0.53111798
vt 0.263748 0.52426797
vt 0.24761 0.52413303
vt 0.242436 0.524135
vt 0.24761 0.531358
vt 0.500233 0.80528098
vt 0.467481 0.80528402
vt 0.668876 0.74522197
vt 0.668876 0.718781
vt 0.633937 0.745223
vt 0.633937 0.577713
vt 0.633937 0.57007098
vt 0.467487 0.550484
vt 0.668876 0.57006902
vt 0.633946 0.83436197
vt 0.601745 0.81555402
vt 0.601745 0.60893703
vt 0.601745 0.66301
vt 0.633937 0.60893202
vt 0.533681 0.885777
vt 0.567788 0.90459901
vt 0.435573 0.57774103
vt 0.402011 0.577735
vt 0.435573 0.57940602
vt 0.633946 0.81526399
vt 0.668794 0.815036
vt 0.533792 0.581082
vt 0.533792 0.5794
vt 0.500227 0.58108902
vt 0.291003 0.912651
vt 0.290768 0.89323199
vt 0.257183 0.920650005
vt 0.364694 0.85924202
vt 0.364686 0.85228199
vt 0.533795 0.79993099
vt 0.601749 0.80527002
vt 0.231765 0.66546
vt 0.23325 0.60731798
vt 0.26084 0.801409
vt 0.260584 0.80721498
vt 0.290444 0.80108798
vt 0.633937 0.718782
vt 0.633937 0.66300303
vt 0.601745 0.71879
vt 0.325127 0.80021298
vt 0.32518 0.805574
vt 0.668784 0.86612499
vt 0.668791 0.85892302
vt 0.290467 0.52430803
vt 0.208963 0.815857
vt 0.234476 0.60730702
vt 0.23773 0.60509902
vt 0.467536 0.85989499
vt 0.533792 0.550479
vt 0.533792 0.531142
vt 0.500227 0.550484
vt 0.234295 0.744861
vt 0.234946 0.76107699
vt 0.235397 0.74388403
vt 0.601745 0.581064
vt 0.567906 0.588884
vt 0.46753 0.852871
vt 0.500229 0.81556499
vt 0.215437 0.73594397
vt 0.214715 0.669715
vt 0.213447 0.73637903
vt 0.567906 0.58107197
vt 0.259252 0.553562
vt 0.262747 0.552572
vt 0.261152 0.53147203
vt 0.262359 0.52422798
vt 0.256114 0.57938498
vt 0.256384 0.57772
vt 0.250423 0.574888
vt 0.251904 0.56785703
vt 0.25036 0.568133
vt 0.250899 0.57729203
vt 0.250087 0.577119
vt 0.252409 0.570063
vt 0.249965 0.550718
vt 0.250339 0.549412
vt 0.249965 0.531065
vt 0.250055 0.58077902
vt 0.249653 0.578933
vt 0.249604 0.571759
vt 0.247805 0.573586
vt 0.249994 0.569982
vt 0.252347 0.57761502
vt 0.467487 0.58108997
vt 0.567906 0.608943
vt 0.229437 0.60966903
vt 0.467598 0.911544025
vt 0.467588 0.904818
vt 0.435687 0.91123599
vt 0.325721 0.90561098
vt 0.402011 0.78642702
vt 0.231687 0.866243
vt 0.237637 0.86916399
vt 0.235652 0.83831197
vt 0.252086 0.880207
vt 0.249423 0.88419902
vt 0.247405 0.92594397
vt 0.24748 0.912489
vt 0.24329 0.92238802
vt 0.248507 0.877743006
vt 0.24752 0.88305098
vt 0.248935 0.88527602
vt 0.245494 0.90434402
vt 0.244744 0.90047997
vt 0.241634 0.920385
vt 0.241252 0.91874999
vt 0.248411 0.874798
vt 0.248812 0.87683803
vt 0.251796 0.872257
vt 0.247987 0.85612899
vt 0.244424 0.895473
vt 0.240918 0.91518301
vt 0.240041 0.92821199
vt 0.239858 0.92768401
vt 0.243906 0.88374901
vt 0.225707 0.86006302
vt 0.230062 0.83758402
vt 0.24744 0.81691903
vt 0.2429 0.81955099
vt 0.246695 0.833785
vt 0.239552 0.81175101
vt 0.235072 0.812177
vt 0.238016 0.822209
vt 0.232929 0.823017
vt 0.243934 0.81008202
vt 0.240714 0.80275601
vt 0.236977 0.80224699
vt 0.242076 0.873101
vt 0.251707 0.81570399
vt 0.259099 0.81790298
vt 0.253522 0.81038201
vt 0.290467 0.588879
vt 0.567894 0.80517101
vt 0.25178 0.561518
vt 0.255893 0.549124
vt 0.251459 0.546296
vt 0.255865 0.52414697
vt 0.262324 0.570603
vt 0.229263 0.77001703
vt 0.225221 0.776977
vt 0.22862 0.78693402
vt 0.20278 0.76746702
vt 0.209124 0.77108097
vt 0.210403 0.79069602
vt 0.213254 0.793141
vt 0.202668 0.75807399
vt 0.208731 0.76113802
vt 0.215128 0.77227402
vt 0.214065 0.777722
vt 0.211538 0.79295498
vt 0.238537 0.79328603
vt 0.221368 0.518215
vt 0.221865 0.52100402
vt 0.226326 0.51986998
vt 0.215319 0.52915102
vt 0.217138 0.519063
vt 0.218915 0.52360398
vt 0.222807 0.73122698
vt 0.223197 0.746628
vt 0.220534 0.54781199
vt 0.219862 0.57634002
vt 0.231036 0.72662598
vt 0.248424 0.80921203
vt 0.217086 0.731772
vt 0.218384 0.753102
vt 0.219002 0.76447499
vt 0.221655 0.76602799
vt 0.217545 0.79137897
vt 0.226665 0.75653201
vt 0.231114 0.7816
vt 0.23153 0.76621997
vt 0.230934 0.79717302
vt 0.23159 0.749035
vt 0.244655 0.80255002
vt 0.25662 0.870247
vt 0.256587 0.87843603
vt 0.217707 0.810785
vt 0.232644 0.530227
vt 0.233826 0.530707
vt 0.40202 0.83408898
vt 0.467487 0.745255
vt 0.467487 0.718817
vt 0.567906 0.531133
vt 0.567906 0.524324
vt 0.633937 0.550458
vt 0.633937 0.53112298
vt 0.601745 0.550462
vt 0.364595 0.71880102
vt 0.364595 0.570086
vt 0.668788 0.884850025
vt 0.63396 0.88550198
vt 0.668796 0.903386
vt 0.290601 0.87360197
vt 0.256727 0.899652004
vt 0.43556 0.799856
vt 0.401996 0.90398699
vt 0.364697 0.903831005
vt 0.401991 0.910734
vt 0.633937 0.524314
vt 0.601745 0.53112602
vt 0.567906 0.570082
vt 0.567906 0.55046898
vt 0.601749 0.80000198
vt 0.633977 0.91091102
vt 0.6688 0.91004902
vt 0.633972 0.90418702
vt 0.633937 0.76876402
vt 0.668876 0.663001
vt 0.241058 0.83655798
vt 0.435629 0.86676502
vt 0.56778 0.911342025
vt 0.325399 0.85355699
vt 0.435573 0.58890003
vt 0.435677 0.90447903
vt 0.435652 0.88570601
vt 0.249588 0.52413398
vt 0.249588 0.53126
vt 0.435573 0.52433503
vt 0.402011 0.524333
vt 0.435573 0.531146
vt 0.435568 0.81526703
vt 0.435559 0.80505002
vt 0.402022 0.81503499
vt 0.290459 0.79594302
vt 0.402011 0.76876998
vt 0.205678 0.566337
vt 0.20257 0.59605998
vt 0.364681 0.815202
vt 0.364668 0.80501097
vt 0.364684 0.834279
vt 0.500197 0.886022985
vt 0.467564 0.886108994
vt 0.668798 0.85198498
vt 0.5679 0.799932
vt 0.325601 0.886928976
vt 0.364702 0.885257006
vt 0.402007 0.88524902
vt 0.402011 0.745234
vt 0.364595 0.74523997
vt 0.290467 0.786452
vt 0.533709 0.866893
vt 0.601745 0.78643101
vt 0.261066 0.79614902
vt 0.254784 0.795192
vt 0.567906 0.78643203
vt 0.567906 0.768772
vt 0.261913 0.588879
vt 0.500227 0.5701
vt 0.24895 0.66302198
vt 0.50022 0.83474201
vt 0.249006 0.80292201
vt 0.254306 0.804762
vt 0.249328 0.79779798
vt 0.533792 0.66302598
vt 0.500227 0.71881598
vt 0.533752 0.83453703
vt 0.533792 0.60895503
vt 0.229038 0.702098
vt 0.232376 0.72291702
vt 0.203866 0.56493503
vt 0.205513 0.54684103
vt 0.325015 0.60894603
vt 0.435573 0.71880502
vt 0.601725 0.86719
vt 0.567831 0.86695302
vt 0.467487 0.531146
vt 0.467487 0.52433503
vt 0.364702 0.86647397
vt 0.255443 0.60894197
vt 0.242436 0.55202597
vt 0.242436 0.53139198
vt 0.237112 0.552032
vt 0.242417 0.71880502
vt 0.255041 0.76878703
vt 0.567906 0.57772398
vt 0.668876 0.60892898
vt 0.668805 0.804892
vt 0.500227 0.663037
vt 0.402018 0.79973298
vt 0.668876 0.550456
vt 0.668876 0.53112102
vt 0.231852 0.808469
vt 0.234285 0.79873598
vt 0.601745 0.57007498
vt 0.633948 0.85240501
vt 0.668796 0.83403802
vt 0.567839 0.85966498
vt 0.261291 0.66302103
vt 0.249501 0.79304498
vt 0.249548 0.784711
vt 0.245206 0.78874302
vt 0.237638 0.74332798
vt 0.23923 0.7611
vt 0.242749 0.744165
vt 0.261291 0.71880502
vt 0.402011 0.718796
vt 0.232831 0.52349198
vt 0.233956 0.524105
vt 0.364595 0.577729
vt 0.668876 0.52431202
vt 0.245079 0.79583001
vt 0.633946 0.80505502
vt 0.601745 0.74523097
vt 0.567846 0.85264802
vt 0.291102 0.919640005
vt 0.325767 0.912305
vt 0.254205 0.922101974
vt 0.290467 0.577717
vt 0.224692 0.79535502
vt 0.237701 0.77131599
vt 0.23542 0.773413
vt 0.244809 0.77950299
vt 0.241875 0.78531802
vt 0.257494 0.927953005
vt 0.668825 0.79974198
vt 0.290429 0.80686897
vt 0.255771 0.58888
vt 0.234469 0.66385698
vt 0.364595 0.524325
vt 0.601709 0.911608994
vt 0.255041 0.745247
vt 0.249282 0.76770502
vt 0.255952 0.58106703
vt 0.262129 0.57771897
vt 0.254562 0.799654
vt 0.253784 0.570603
vt 0.233225 0.66464502
vt 0.2004 0.765216
vt 0.402021 0.80487502
vt 0.234871 0.52432197
vt 0.234809 0.53104502
vt 0.237112 0.52414203
vt 0.219115 0.60485202
vt 0.227525 0.89608902
vt 0.221317 0.883073986
vt 0.22585 0.908294976
vt 0.233591 0.551059
vt 0.233377 0.578848
vt 0.500184 0.911412
vt 0.364595 0.76877898
vt 0.601745 0.76876998
vt 0.233085 0.746422
vt 0.233326 0.76320201
vt 0.435573 0.745242
vt 0.364694 0.91050398
vt 0.237112 0.531399
vt 0.24491 0.59865302
vt 0.243054 0.577344
vt 0.249588 0.55150098
vt 0.24761 0.551893
vt 0.325015 0.52431703
vt 0.241491 0.79418498
vt 0.239628 0.785828
vt 0.601745 0.524316
vt 0.239053 0.91097897
vt 0.243747 0.764463
vt 0.23467 0.720244
vt 0.249033 0.74497598
vt 0.24895 0.71880502
vt 0.23362 0.72150397
vt 0.262021 0.581066
vt 0.23059 0.52213597
vt 0.255041 0.71880502
vt 0.255041 0.66302103
vt 0.234057 0.90537697
vt 0.237958 0.92636597
vt 0.25716 0.55257702
vt 0.256445 0.55045998
vt 0.254821 0.929106
vt 0.240717 0.77469599
vt 0.236706 0.760028
vt 0.232651 0.920168996
vt 0.200659 0.77198303
vt 0.226107 0.83176899
vt 0.214506 0.76210898
vt 0.216599 0.76164198
vt 0.251781 0.52995503
vt 0.242495 0.929766
vt 0.221457 0.85064697
vt 0.200423 0.75613701
vt 0.240435 0.928581
vt 0.251906 0.524144
vt 0.201802 0.790039
vt 0.257167 0.571289
vt 0.260442 0.531003
vt 0.261556 0.52416098
vt 0.210675 0.85856903
vt 0.20879 0.77547199
vt 0.259863 0.53058898
vt 0.259797 0.524148
vt 0.260988 0.524157
vt 0.254075 0.54008102
vt 0.25439 0.92986703
vt 0.817288 0.60251302
vt 0.822875 0.59960198
vt 0.816436 0.58197403
vt 0.829962 0.79007101
vt 0.82828 0.788845
vt 0.828273 0.80890203
vt 0.814054 0.81080002
vt 0.81271 0.83348203
vt 0.821652 0.82968998
vt 0.741297 0.66302103
vt 0.70675 0.66302502
vt 0.741297 0.71880698
vt 0.70675 0.60894603
vt 0.741297 0.60894102
vt 0.70675 0.57938898
vt 0.70675 0.58107197
vt 0.741297 0.57938302
vt 0.796344 0.77341402
vt 0.796158 0.783256
vt 0.798478 0.77695602
vt 0.741207 0.86597198
vt 0.74122 0.85832697
vt 0.706355 0.860834
vt 0.776724 0.76878703
vt 0.770474 0.76878798
vt 0.776724 0.78644699
vt 0.830686 0.66859102
vt 0.828857 0.669012
vt 0.831201 0.733146
vt 0.770122 0.60894102
vt 0.826983 0.820925
vt 0.827384 0.81718999
vt 0.82452 0.81276
vt 0.82415 0.53622103
vt 0.821457 0.52813798
vt 0.823204 0.53885603
vt 0.769744 0.581066
vt 0.769704 0.57938403
vt 0.741297 0.581064
vt 0.70675 0.53112698
vt 0.70675 0.588885
vt 0.741301 0.838678
vt 0.773286 0.84150302
vt 0.779145 0.92385203
vt 0.780544 0.924579024
vt 0.781236 0.90484899
vt 0.817532 0.553181
vt 0.821084 0.569856
vt 0.823965 0.548652
vt 0.801946 0.735058
vt 0.802023 0.753367
vt 0.80424 0.73330802
vt 0.818255 0.52242702
vt 0.820414 0.53465402
vt 0.779792 0.579248
vt 0.780168 0.58099598
vt 0.781283 0.578811
vt 0.799775 0.57855803
vt 0.803504 0.57804602
vt 0.799456 0.550592
vt 0.780571 0.90407598
vt 0.778817 0.90123898
vt 0.77837 0.923374
vt 0.773159 0.529868
vt 0.776394 0.546183
vt 0.776401 0.528373
vt 0.808889 0.667884
vt 0.814711 0.66918498
vt 0.806233 0.61706197
vt 0.779795 0.930951
vt 0.784312 0.931253016
vt 0.782827 0.885239005
vt 0.783778 0.89009398
vt 0.829197 0.596053
vt 0.827499 0.59706402
vt 0.819007 0.669944
vt 0.823911 0.66975403
vt 0.797214 0.57911003
vt 0.797095 0.55147398
vt 0.794498 0.57896
vt 0.805653 0.83177298
vt 0.807 0.816221
vt 0.802448 0.81874001
vt 0.814073 0.77455002
vt 0.81575 0.77787602
vt 0.814466 0.77171701
vt 0.825289 0.81011301
vt 0.822973 0.77549398
vt 0.824143 0.78518897
vt 0.828845 0.773435
vt 0.799958 0.607287
vt 0.774657 0.86187297
vt 0.779172 0.84454
vt 0.806005 0.524064
vt 0.801477 0.52842802
vt 0.807674 0.53566498
vt 0.741297 0.74524897
vt 0.70675 0.74524897
vt 0.793115 0.78188401
vt 0.795163 0.78968501
vt 0.794182 0.77885997
vt 0.810437 0.88307899
vt 0.812218 0.892564
vt 0.814903 0.86940497
vt 0.772668 0.81789303
vt 0.778929 0.825028
vt 0.778169 0.930323005
vt 0.794658 0.66302902
vt 0.789348 0.663023
vt 0.794658 0.71881002
vt 0.70675 0.768789
vt 0.70675 0.78644902
vt 0.741297 0.76879102
vt 0.770474 0.745247
vt 0.770474 0.71880502
vt 0.824765 0.837538
vt 0.826347 0.82615101
vt 0.706312 0.86818498
vt 0.668876 0.768763
vt 0.786854 0.59865302
vt 0.78323 0.58494002
vt 0.78189 0.606371
vt 0.781799 0.531065
vt 0.781799 0.524135
vt 0.781426 0.530742
vt 0.706109 0.90582901
vt 0.741297 0.570073
vt 0.741297 0.550458
vt 0.70675 0.57007998
vt 0.808958 0.73123598
vt 0.803009 0.666457
vt 0.818318 0.736394
vt 0.823657 0.736063
vt 0.706531 0.81609303
vt 0.706466 0.83548403
vt 0.74134 0.81796998
vt 0.769463 0.53223097
vt 0.768016 0.52426797
vt 0.741297 0.53111798
vt 0.789329 0.53139198
vt 0.789329 0.524135
vt 0.784154 0.531358
vt 0.821082 0.85859603
vt 0.818649 0.85126197
vt 0.816789 0.877134025
vt 0.740795 0.91261202
vt 0.774583 0.920579016
vt 0.741025 0.89320898
vt 0.79854 0.66464502
vt 0.8 0.66545802
vt 0.798515 0.60731798
vt 0.741343 0.80687398
vt 0.771183 0.80720901
vt 0.741326 0.80109
vt 0.706634 0.80027801
vt 0.706582 0.805664
vt 0.741297 0.52430803
vt 0.797289 0.607306
vt 0.794034 0.60509902
vt 0.795059 0.76002902
vt 0.796818 0.76107901
vt 0.796367 0.74388498
vt 0.816327 0.73595703
vt 0.817051 0.66972
vt 0.769017 0.55257303
vt 0.772513 0.553562
vt 0.770612 0.53147203
vt 0.769405 0.52422798
vt 0.769636 0.57771897
vt 0.775381 0.57772
vt 0.779984 0.561518
vt 0.77986 0.56785703
vt 0.781405 0.568133
vt 0.781678 0.577119
vt 0.780866 0.57729203
vt 0.781342 0.574888
vt 0.779356 0.570063
vt 0.781799 0.550718
vt 0.781426 0.549412
vt 0.780688 0.58806098
vt 0.78171 0.58077902
vt 0.779417 0.57761502
vt 0.782111 0.578933
vt 0.78216 0.571759
vt 0.783959 0.573586
vt 0.781771 0.569982
vt 0.77565 0.57938498
vt 0.802328 0.60966802
vt 0.70675 0.57772398
vt 0.706216 0.88714498
vt 0.790704 0.836546
vt 0.794122 0.86914599
vt 0.796108 0.838305
vt 0.779678 0.88016999
vt 0.782339 0.88416201
vt 0.786265 0.904299974
vt 0.784279 0.912437975
vt 0.788467 0.92233801
vt 0.783256 0.877709985
vt 0.784241 0.88301599
vt 0.787015 0.90043998
vt 0.790121 0.92034
vt 0.790504 0.918706
vt 0.783352 0.874767
vt 0.78295 0.87680602
vt 0.779968 0.87222397
vt 0.783776 0.85610598
vt 0.77984 0.86435503
vt 0.787335 0.89543599
vt 0.790838 0.915142
vt 0.791896 0.92763901
vt 0.787854 0.883717
vt 0.800071 0.866234
vt 0.801698 0.837583
vt 0.784324 0.81691003
vt 0.785068 0.83377099
vt 0.788863 0.819543
vt 0.79221 0.811746
vt 0.793746 0.82220298
vt 0.79669 0.81217498
vt 0.798832 0.82301497
vt 0.78783 0.810076
vt 0.791049 0.80275202
vt 0.794786 0.80224502
vt 0.789684 0.87307602
vt 0.780058 0.81569499
vt 0.778243 0.81037402
vt 0.775871 0.549124
vt 0.780306 0.546296
vt 0.771967 0.524148
vt 0.7759 0.52414697
vt 0.774598 0.571289
vt 0.769441 0.570603
vt 0.802501 0.77002299
vt 0.803143 0.78693902
vt 0.806542 0.776986
vt 0.828985 0.76749402
vt 0.822639 0.77110201
vt 0.826242 0.80379099
vt 0.821359 0.79071802
vt 0.820224 0.79297602
vt 0.818508 0.79316097
vt 0.823034 0.761159
vt 0.817698 0.77774
vt 0.816636 0.77228999
vt 0.814217 0.791394
vt 0.822798 0.81588298
vt 0.792136 0.78582698
vt 0.793226 0.79328501
vt 0.810396 0.51821
vt 0.805438 0.51986802
vt 0.809898 0.52100003
vt 0.816446 0.52914202
vt 0.814626 0.519054
vt 0.812849 0.523597
vt 0.805099 0.75654
vt 0.808568 0.746638
vt 0.811903 0.57633603
vt 0.811231 0.54780698
vt 0.802728 0.702105
vt 0.800729 0.726632
vt 0.783341 0.80920398
vt 0.814679 0.731784
vt 0.81338 0.753115
vt 0.812762 0.76448703
vt 0.810109 0.76603901
vt 0.800828 0.797176
vt 0.800649 0.78160399
vt 0.798409 0.78960401
vt 0.800234 0.76622498
vt 0.800174 0.74904
vt 0.787109 0.80254501
vt 0.741187 0.873591
vt 0.77518 0.878398
vt 0.798173 0.551059
vt 0.797939 0.530707
vt 0.70675 0.550465
vt 0.775039 0.89960003
vt 0.706396 0.853746
vt 0.784154 0.52413398
vt 0.782176 0.53126
vt 0.770926 0.80140603
vt 0.741308 0.79594302
vt 0.827901 0.564924
vt 0.826088 0.56632602
vt 0.706689 0.79551798
vt 0.741297 0.786452
vt 0.770699 0.796148
vt 0.776981 0.79518998
vt 0.770474 0.786448
vt 0.769852 0.58888
vt 0.777203 0.79965001
vt 0.777459 0.80475599
vt 0.782436 0.79779398
vt 0.79939 0.722921
vt 0.826253 0.54682797
vt 0.741297 0.588879
vt 0.776724 0.66302103
vt 0.782815 0.66302198
vt 0.776322 0.60894197
vt 0.794653 0.531399
vt 0.794653 0.552032
vt 0.782815 0.71880502
vt 0.776724 0.745247
vt 0.797478 0.79873598
vt 0.770474 0.66302103
vt 0.786955 0.77950299
vt 0.782217 0.784711
vt 0.786559 0.788742
vt 0.794127 0.74332798
vt 0.789015 0.744165
vt 0.792534 0.7611
vt 0.798934 0.523493
vt 0.797809 0.52410603
vt 0.79912 0.53022802
vt 0.786685 0.79582602
vt 0.782264 0.79304302
vt 0.706068 0.91252202
vt 0.777559 0.92203301
vt 0.741297 0.577717
vt 0.801174 0.522137
vt 0.808957 0.60893202
vt 0.80707 0.79536301
vt 0.791047 0.77469599
vt 0.78989 0.785317
vt 0.740697 0.91959399
vt 0.774273 0.92787498
vt 0.775993 0.58888
vt 0.782732 0.74497598
vt 0.782482 0.76770502
vt 0.775812 0.58106703
vt 0.798145 0.721506
vt 0.831343 0.75616401
vt 0.829097 0.75809997
vt 0.831365 0.76524597
vt 0.796894 0.52432197
vt 0.794653 0.52414203
vt 0.796955 0.53104502
vt 0.812651 0.60485
vt 0.805901 0.908285975
vt 0.798388 0.578847
vt 0.775147 0.870215
vt 0.798438 0.763206
vt 0.797094 0.720244
vt 0.78871 0.577344
vt 0.782176 0.55150098
vt 0.784154 0.551893
vt 0.789329 0.55202597
vt 0.817258 0.76212603
vt 0.70675 0.718808
vt 0.790273 0.794182
vt 0.792703 0.91094297
vt 0.788018 0.764463
vt 0.799909 0.80847102
vt 0.797295 0.663858
vt 0.829169 0.734307
vt 0.789348 0.71880502
vt 0.776724 0.71880502
vt 0.799101 0.920141995
vt 0.797697 0.905352
vt 0.793796 0.92632598
vt 0.784353 0.92588502
vt 0.77532 0.55045998
vt 0.777981 0.570603
vt 0.804228 0.896079004
vt 0.80605 0.86006498
vt 0.782176 0.52413398
vt 0.776942 0.92903
vt 0.794063 0.77131599
vt 0.831107 0.77201301
vt 0.8103 0.85065597
vt 0.815165 0.761657
vt 0.779984 0.52995503
vt 0.791319 0.92853397
vt 0.789259 0.929714024
vt 0.79747 0.744864
vt 0.803425 0.80529201
vt 0.779858 0.524144
vt 0.781426 0.52414
vt 0.798679 0.746426
vt 0.802214 0.546749
vt 0.791713 0.928166986
vt 0.782127 0.907018006
vt 0.782759 0.80291599
vt 0.774604 0.55257702
vt 0.770208 0.52416098
vt 0.771902 0.53058898
vt 0.770777 0.524157
vt 0.771322 0.531003
vt 0.777689 0.54008102
vt 0.777373 0.92979097
vt 0.873596 0.135705
vt 0.952702 0.135705
vt 0.873697 0.12944996
vt 0.991239 0.098565996
vt 0.991904 0.093228996
vt 0.989349 0.030161023
vt 0.953456 0.030218005
vt 0.989122 0.10348302
vt 0.009464 0.030290008
vt 0.007592 0.03343898
vt 0.007167 0.06896198
vt 0.873522 0.18716097
vt 0.873528 0.18982899
vt 0.952602 0.18716097
vt 0.873528 0.14047301
vt 0.952609 0.14047301
vt 0.873544 0.13890201
vt 0.082544 0.135705
vt 0.082615 0.13733101
vt 0.161649 0.135705
vt 0.873545 0.19249701
vt 0.873646 0.204094
vt 0.952633 0.19249701
vt 0.95261 0.18982899
vt 0.952631 0.13890201
vt 0.873567 0.13733101
vt 0.873522 0.14209902
vt 0.952602 0.14209902
vt 0.082175 0.12738502
vt 0.082385 0.030288994
vt 0.009311 0.07517803
vt 0.161573 0.030287981
vt 0.874268 0.030228972
vt 0.952849 0.12965602
vt 0.79508 0.03024
vt 0.715892 0.030249
vt 0.794545 0.12924302
vt 0.636703 0.030256987
vt 0.715393 0.12903702
vt 0.557515 0.030264974
vt 0.636241 0.12883002
vt 0.478327 0.030272007
vt 0.557088 0.12862402
vt 0.399138 0.030277014
vt 0.477936 0.12841702
vt 0.31995 0.030281007
vt 0.398784 0.12821102
vt 0.240762 0.030285
vt 0.319632 0.12800401
vt 0.240479 0.12779802
vt 0.082726 0.18716097
vt 0.161806 0.18716097
vt 0.082726 0.14209902
vt 0.240885 0.18716097
vt 0.161806 0.14209902
vt 0.319965 0.18716097
vt 0.240885 0.14209902
vt 0.399045 0.18716097
vt 0.319965 0.14209902
vt 0.478124 0.18716097
vt 0.478124 0.14209902
vt 0.557204 0.18716097
vt 0.636283 0.18716097
vt 0.557204 0.14209902
vt 0.715363 0.18716097
vt 0.636283 0.14209902
vt 0.794442 0.18716097
vt 0.715363 0.14209902
vt 0.794443 0.14209902
vt 0.161793 0.140472
vt 0.240875 0.14047301
vt 0.319957 0.14047301
vt 0.399045 0.14209902
vt 0.399038 0.14047301
vt 0.47812 0.14047301
vt 0.557201 0.14047301
vt 0.636283 0.14047301
vt 0.715365 0.14047301
vt 0.794446 0.14047301
vt 0.16176 0.13890201
vt 0.16171 0.13733101
vt 0.082673 0.13890201
vt 0.240847 0.13890201
vt 0.240805 0.13733101
vt 0.319934 0.13890201
vt 0.319901 0.13733101
vt 0.399021 0.13890201
vt 0.398996 0.13733101
vt 0.478108 0.13890201
vt 0.478091 0.13733101
vt 0.557196 0.13890201
vt 0.557187 0.13733101
vt 0.636283 0.13890201
vt 0.636282 0.13733101
vt 0.71537 0.13890201
vt 0.794457 0.13890201
vt 0.715377 0.13733101
vt 0.794472 0.13733101
vt 0.082668 0.192496
vt 0.161756 0.192496
vt 0.082711 0.18982798
vt 0.240844 0.192496
vt 0.161793 0.18982798
vt 0.319932 0.192496
vt 0.240875 0.18982798
vt 0.399019 0.192496
vt 0.319957 0.18982798
vt 0.478107 0.192496
vt 0.399038 0.18982798
vt 0.557195 0.192496
vt 0.47812 0.18982798
vt 0.636282 0.192496
vt 0.557201 0.18982798
vt 0.636283 0.18982798
vt 0.715365 0.18982798
vt 0.71537 0.192496
vt 0.794446 0.18982798
vt 0.794458 0.192496
vt 0.082423 0.204094
vt 0.161546 0.204094
vt 0.240668 0.204094
vt 0.31979 0.204094
vt 0.398912 0.204094
vt 0.478035 0.204094
vt 0.557157 0.204094
vt 0.636279 0.204094
vt 0.715401 0.204094
vt 0.794524 0.204094
vt 0.952663 0.13733101
vt 0.794491 0.135705
vt 0.715386 0.135705
vt 0.636281 0.135705
vt 0.557176 0.135705
vt 0.47807 0.135705
vt 0.398965 0.135705
vt 0.31986 0.135705
vt 0.240755 0.135705
vt 0.082712 0.140472
vt 0.161327 0.12759101
vt 0.952695 0.364695
vt 0.952547 0.370744
vt 0.873542 0.364488
vt 0.99015 0.265198
vt 0.991744 0.27220702
vt 0.990149 0.33677304
vt 0.989194 0.265199
vt 0.988967 0.33852196
vt 0.953302 0.265257
vt 0.008099 0.308644
vt 0.007012 0.30400002
vt 0.007437 0.26847696
vt 0.873367 0.422199
vt 0.952447 0.422199
vt 0.873373 0.42486703
vt 0.873373 0.375511
vt 0.873389 0.37394
vt 0.952455 0.375511
vt 0.161555 0.372369
vt 0.08246 0.372369
vt 0.161495 0.370744
vt 0.873391 0.427535
vt 0.952478 0.427535
vt 0.873491 0.439133
vt 0.952455 0.42486703
vt 0.873413 0.37237
vt 0.952476 0.37394
vt 0.873367 0.377137
vt 0.952447 0.377137
vt 0.08202 0.362423
vt 0.009157 0.310216
vt 0.08223 0.26532698
vt 0.161172 0.36263
vt 0.161418 0.26532602
vt 0.874114 0.26526797
vt 0.794925 0.26527798
vt 0.79439 0.364282
vt 0.715737 0.26528704
vt 0.715238 0.364075
vt 0.636548 0.26529598
vt 0.636086 0.363869
vt 0.55736 0.26530302
vt 0.556934 0.363662
vt 0.478172 0.26531
vt 0.477781 0.363456
vt 0.398984 0.265315
vt 0.398629 0.363249
vt 0.319795 0.26532
vt 0.319477 0.363043
vt 0.240607 0.26532304
vt 0.240325 0.362836
vt 0.082571 0.422199
vt 0.082571 0.377137
vt 0.161651 0.422199
vt 0.161651 0.377137
vt 0.240731 0.422199
vt 0.240731 0.377137
vt 0.31981 0.422199
vt 0.31981 0.377137
vt 0.39889 0.422199
vt 0.39889 0.377137
vt 0.477969 0.422199
vt 0.477969 0.377137
vt 0.557049 0.377137
vt 0.636128 0.377137
vt 0.557049 0.422199
vt 0.636128 0.422199
vt 0.715208 0.422199
vt 0.715208 0.377137
vt 0.794288 0.422199
vt 0.794288 0.377137
vt 0.082557 0.375511
vt 0.161639 0.375511
vt 0.24072 0.375511
vt 0.319802 0.375511
vt 0.398884 0.375511
vt 0.477965 0.375511
vt 0.557047 0.375511
vt 0.636128 0.375511
vt 0.71521 0.375511
vt 0.794292 0.375511
vt 0.082518 0.37394
vt 0.240651 0.372369
vt 0.161605 0.37394
vt 0.319746 0.372369
vt 0.240692 0.373941
vt 0.398841 0.372369
vt 0.31978 0.373941
vt 0.477937 0.372369
vt 0.398867 0.37394
vt 0.557032 0.372369
vt 0.477954 0.37394
vt 0.636127 0.372369
vt 0.557041 0.37394
vt 0.636128 0.37394
vt 0.715215 0.37394
vt 0.715222 0.372369
vt 0.794302 0.37394
vt 0.794317 0.37237
vt 0.161638 0.42486703
vt 0.161601 0.427535
vt 0.082557 0.42486703
vt 0.24072 0.42486703
vt 0.240689 0.427535
vt 0.319802 0.42486703
vt 0.319777 0.427535
vt 0.398883 0.42486703
vt 0.398865 0.427535
vt 0.477965 0.42486703
vt 0.477952 0.427535
vt 0.557047 0.42486703
vt 0.55704 0.427535
vt 0.636128 0.42486703
vt 0.636128 0.427535
vt 0.71521 0.42486703
vt 0.794292 0.42486703
vt 0.715215 0.427535
vt 0.794303 0.427535
vt 0.161391 0.43913198
vt 0.082514 0.427535
vt 0.240513 0.43913198
vt 0.319635 0.439133
vt 0.398758 0.439133
vt 0.47788 0.43913198
vt 0.557002 0.43913198
vt 0.636124 0.43913198
vt 0.715247 0.43913198
vt 0.794369 0.43913198
vt 0.952508 0.37237
vt 0.873442 0.370744
vt 0.794337 0.370744
vt 0.715231 0.37074304
vt 0.636126 0.370744
vt 0.557021 0.370744
vt 0.477916 0.370744
vt 0.39881 0.370744
vt 0.319705 0.370744
vt 0.2406 0.370744
vt 0.08239 0.370744
vt 0.70675 0.52431703
vt 0.990303 0.101734996
vt 0.991221 0.03263998
vt 0.990305 0.030158997
vt 0.991898 0.037168026
vt 0.991855 0.09432602
vt 0.008253 0.073606014
vt 0.00742 0.07075
vt 0.007167 0.035924017
vt 0.008458 0.031114995
vt 0.952768 0.204094
vt 0.9917 0.329364
vt 0.991084 0.33360398
vt 0.991749 0.328268
vt 0.991066 0.26767802
vt 0.00931 0.265328
vt 0.008303 0.26615298
vt 0.007012 0.270962
vt 0.007266 0.305789
vt 0.952614 0.439133
vt 0.082268 0.43913198
vn -0.0078 0.1729 -0.9849
vn -0.0081 0.23 -0.9732
vn -0.0069 0.1788 -0.9839
vn 0.9998 0.0137 0.0147
vn 0.9988 0.0162 0.0473
vn 0.9999 0.0046 0.0143
vn 0.9719 -0.2334 0.032
vn 0.9666 -0.2538 0.0341
vn 0.9716 -0.2343 0.033
vn -0.0038 0.1355 -0.9908
vn -0.0031 0.1389 -0.9903
vn -0.0036 0.0034 -1
vn 0.9905 0.1349 0.0282
vn 0.9894 0.1437 0.0192
vn 1 0.0006 0.0001
vn -0.0007 0.985 0.1727
vn -0.001 0.9914 0.1311
vn -0.0007 0.9849 0.1732
vn -0.0008 0.1824 -0.9832
vn 0.0007 0.1784 -0.984
vn -0.0009 0.1832 -0.9831
vn -0.0013 0.1796 -0.9837
vn -0.0011 0.1828 -0.9831
vn 0.0042 0.1698 -0.9855
vn 0.0038 0.1804 -0.9836
vn 0.0074 0.1706 -0.9853
vn -0.0018 0.1501 -0.9887
vn -0.0034 0.1465 -0.9892
vn -0.0015 0.0179 -0.9998
vn 0.7327 0.5519 -0.3981
vn 0.6246 0.6048 -0.494
vn 0.7989 0.4636 -0.3831
vn -0.0043 0.1619 -0.9868
vn -0.0034 0.1329 -0.9911
vn 0.0053 0.1601 -0.9871
vn 0.0076 0.1701 -0.9854
vn -0.0015 0.9655 0.2602
vn -0.0013 0.9657 0.2597
vn -0.0008 0.9824 0.187
vn -0.027 0.2546 -0.9667
vn -0.0034 0.0004 -1
vn -0.003 -0.1296 -0.9916
vn 0.0025 0.0016 -1
vn -0.0028 0.245 -0.9695
vn -0.0025 0.1892 -0.9819
vn -0.0139 0.2574 -0.9662
vn 0.9891 0.0017 0.1472
vn 0.9946 0.012 0.1027
vn 0.9883 0.0091 0.152
vn 0.001 0.182 -0.9833
vn 1 0.0007 0.0001
vn 1 0.0007 0.0001
vn 0.9916 -0.1281 0.0196
vn 1 0.0006 0.0002
vn 1 0.0006 0.0001
vn 1 0.0006 0.0001
vn 0.0019 0.0166 -0.9999
vn -0.0011 0.945 0.3272
vn -0.0009 0.9656 0.2599
vn 0.0022 0.9456 0.3253
vn -0.004 -0.1483 -0.9889
vn -0.0037 -0.1532 -0.9882
vn -0.0042 -0.1498 -0.9887
vn -0.0035 -0.1556 -0.9878
vn -0.0038 -0.1525 -0.9883
vn 0.0382 0.0984 -0.9944
vn 0.0066 0.1629 -0.9866
vn 0.0047 0.1716 -0.9851
vn 0.0054 0.1701 -0.9854
vn 0.0057 -0.1249 -0.9921
vn 0.0054 -0.1513 -0.9885
vn -0.0324 -0.0864 -0.9957
vn -0.0011 0.9438 0.3305
vn -0.0011 0.9438 0.3304
vn -0.0011 0.9433 0.3318
vn 0.0029 0.0109 -0.9999
vn -0.0005 0.0128 -0.9999
vn 0.0004 0.173 -0.9849
vn -0.0028 0.1656 -0.9862
vn -0.0014 0.172 -0.9851
vn 0.0041 0.0048 -1
vn 0.004 -0.1254 -0.9921
vn 0.0057 0.0039 -1
vn -0.0005 0.9849 0.173
vn -0.0013 0.9843 0.1764
vn -0.0007 0.9824 0.1869
vn -0.0007 0.9824 0.187
vn -0.0011 0.9656 0.2599
vn -0.1637 0.9409 0.2964
vn -0.1689 0.941 0.2932
vn -0.2083 0.9388 0.2742
vn 1 0.0032 0.0016
vn 0.9999 0.0104 0.0045
vn 0.9997 0.0016 -0.025
vn 1 -0.0011 -0.0065
vn 0.9982 0.0361 -0.0472
vn 1 0.0006 0.0001
vn 1 0.0006 0.0001
vn -0.003 0.1745 -0.9847
vn -0.0027 0.1682 -0.9858
vn 0.0031 0.1705 -0.9854
vn 0.0033 0.1735 -0.9848
vn 0.0088 0.1632 -0.9866
vn 0.0062 0.2375 -0.9714
vn 0.0039 0.2432 -0.97
vn 0.0019 0.4741 -0.8804
vn -0.0058 0.4714 -0.8819
vn -0.0887 0.5318 -0.8422
vn -0.0006 0.985 0.1727
vn -0.0006 0.9849 0.1731
vn -0.001 0.9824 0.1869
vn -0.0081 0.2472 -0.9689
vn 0.0025 0.2454 -0.9694
vn -0.0125 0.4824 -0.8758
vn 0.0048 0.2374 -0.9714
vn 0.0009 0.0222 -0.9998
vn -0.0326 0.0535 -0.998
vn 0.0144 0.146 -0.9892
vn 0.9992 0.0082 -0.04
vn 0.9997 0.0043 -0.0245
vn 0.9808 0.0084 -0.1949
vn -0.0804 0.9391 0.3341
vn -0.0698 0.9385 0.3381
vn -0.0391 0.9395 0.3403
vn -0.346 0.1571 -0.925
vn -0.3574 0.1685 -0.9186
vn -0.3389 0.1538 -0.9281
vn 1 -0.0003 -0.0032
vn 1 0.0006 0.0001
vn 0.9999 -0.0028 -0.0129
vn -0.2084 0.9387 0.2746
vn -0.2073 0.9389 0.2749
vn -0.2071 0.9394 0.2731
vn -0.1959 0.9418 0.2731
vn -0.0036 0.0147 -0.9999
vn -0.0031 0.0078 -1
vn -0.0037 -0.1169 -0.9931
vn 0.0021 0.6139 -0.7894
vn 0.0026 0.4805 -0.877
vn 0.0014 0.8831 -0.4692
vn 0.9981 0.0257 0.0568
vn 0.9943 0.0194 0.105
vn 0.9959 -0.0101 0.0894
vn 0.9995 0.0097 0.0284
vn 0.9951 0.0008 0.0989
vn 0.288 0.1719 -0.9421
vn 0.0629 0.1801 -0.9816
vn 0.3681 0.2665 -0.8908
vn 0.9541 0.2861 -0.0883
vn 0.9833 0.1818 -0.0068
vn 0.6498 0.7599 -0.0174
vn 0.9998 0.0205 -0.0071
vn 0.9985 -0.0134 0.0523
vn 0.9946 -0.1032 -0.0067
vn 0.995 -0.0994 0.0013
vn 0.9673 -0.2511 0.0351
vn 0.9705 -0.2372 0.0425
vn 0.9669 0.1092 -0.2304
vn 0.9668 -0.0067 -0.2554
vn -0.0017 0.9826 0.186
vn 0.0006 0.9816 0.1911
vn -0.001 0.9831 0.1828
vn 0.9999 0.0072 -0.0117
vn 0.9999 0.0062 -0.0084
vn 0.9983 0.0056 -0.0573
vn -0.0006 0.1811 -0.9835
vn 0.0021 0.1773 -0.9842
vn 0.4547 0.6709 -0.5857
vn 0.5314 0.6166 -0.5809
vn 0.5168 0.7169 -0.4679
vn 0.7205 0.6802 0.1352
vn 0.132 0.9738 0.185
vn 0.7148 0.6866 0.1328
vn -0.0006 0.984 0.1784
vn -0.1636 0.9408 0.297
vn 0.0603 0.1763 -0.9825
vn 0.0585 0.1824 -0.9815
vn 0.0135 0.1779 -0.984
vn 0.0042 0.1728 -0.9849
vn -0.0016 0.9435 0.3314
vn -0.0011 0.9435 0.3313
vn -0.0016 0.9432 0.3323
vn 0.0033 0.187 -0.9824
vn -0.0004 0.1906 -0.9817
vn -0.0016 0.1792 -0.9838
vn 1 0.0007 0.0001
vn 1 0.0006 0.0001
vn 0.0089 0.184 -0.9829
vn 0.004 0.2396 -0.9709
vn -0.0017 0.9449 0.3273
vn 0.006 0.4761 -0.8794
vn 0.0029 0.4785 -0.8781
vn -0.0767 0.5455 -0.8346
vn 0.0041 0.8814 -0.4724
vn -0.0008 0.9656 0.2601
vn -0.0009 0.9656 0.2599
vn -0.0009 0.9449 0.3273
vn -0.0007 0.9657 0.2598
vn -0.0008 0.945 0.327
vn 0.0015 0.966 0.2586
vn -0.0008 0.1718 -0.9851
vn -0.001 0.1742 -0.9847
vn 0.0012 -0.1491 -0.9888
vn 0.0015 -0.1497 -0.9887
vn 0.0043 -0.155 -0.9879
vn -0.0001 -0.1442 -0.9896
vn -0.0021 -0.1491 -0.9888
vn 0.0017 -0.0479 -0.9989
vn -0.0007 0.9824 0.187
vn -0.0032 0.9819 0.1894
vn -0.0016 -0.1519 -0.9884
vn -0.0033 -0.1557 -0.9878
vn 0.0005 0.4684 -0.8835
vn 0.0046 0.1759 -0.9844
vn 0.0041 0.177 -0.9842
vn 0.0049 0.1793 -0.9838
vn -0.3215 0.1677 -0.932
vn -0.1818 0.1742 -0.9678
vn -0.2886 0.2011 -0.9361
vn -0.0042 0.166 -0.9861
vn -0.0047 0.1684 -0.9857
vn -0.0035 0.1631 -0.9866
vn -0.0041 -0.1541 -0.988
vn -0.002 -0.141 -0.99
vn -0.0036 -0.1441 -0.9896
vn -0.0022 -0.1456 -0.9893
vn -0.0003 0.9914 0.1311
vn -0.0005 0.9914 0.1312
vn 0.0045 0.9991 -0.0417
vn -0.0058 0.1665 -0.986
vn -0.0019 0.1716 -0.9852
vn 0.0015 0.8815 -0.4722
vn 0.0834 0.542 -0.8362
vn 0.0084 0.8748 -0.4844
vn 0.9992 0.0066 -0.0406
vn 1 0.002 -0.0067
vn 0.9897 -0.0107 0.1425
vn -0.0387 0.1045 -0.9938
vn -0.0004 0.9914 0.1312
vn -0.0005 0.991 0.1341
vn -0.0006 0.9849 0.1728
vn -0.0036 -0.1404 -0.9901
vn -0.0025 -0.1468 -0.9892
vn -0.002 -0.1385 -0.9904
vn 0.0037 0.177 -0.9842
vn 0.0188 0.1762 -0.9842
vn 0.0033 0.1765 -0.9843
vn 0.0001 0.9991 -0.0418
vn 0.0509 0.9943 -0.0933
vn -0.0083 0.1776 -0.9841
vn -0.0079 0.1749 -0.9845
vn 0.003 0.1758 -0.9844
vn 0.0026 -0.0585 -0.9983
vn 0.0023 -0.1555 -0.9878
vn 0.0001 -0.1473 -0.9891
vn -0.0026 -0.1566 -0.9877
vn -0.0006 0.985 0.1727
vn 0.0014 0.9914 0.131
vn 0.0039 0.1704 -0.9854
vn 0.0038 0.1722 -0.9851
vn 0.0038 0.1682 -0.9858
vn -0.0016 0.9439 0.3304
vn -0.0011 0.9434 0.3317
vn -0.0025 -0.0532 -0.9986
vn -0.0034 -0.1262 -0.992
vn -0.0027 0.0072 -1
vn -0.0142 0.993 0.1175
vn 0.0127 0.9928 0.1191
vn 0.0061 0.1373 -0.9905
vn 0.0059 0.0054 -1
vn 0.0383 0.108 -0.9934
vn -0.0008 0.9423 0.3347
vn -0.0012 0.9427 0.3335
vn -0.007 0.9408 0.3389
vn -0.0012 0.9656 0.2599
vn -0.0008 0.9824 0.187
vn 0.0036 0.8819 -0.4714
vn 0.0039 0.9991 -0.0413
vn 0.9788 0.0373 -0.2013
vn 0.8094 0.103 -0.5782
vn -0.0024 0.8827 -0.47
vn -0.001 0.9989 -0.0479
vn 0.0119 0.8771 -0.4802
vn 0.0033 0.1745 -0.9846
vn 0.0033 0.1712 -0.9852
vn 0.0032 0.1739 -0.9848
vn 0.0021 0.8701 -0.4928
vn 0.0023 0.9992 -0.0411
vn 0.0005 0.9449 0.3274
vn -0 0.9656 0.2601
vn -0.003 -0.1474 -0.9891
vn 1 0.0006 0.0001
vn 0.2744 0.1688 -0.9467
vn 0.051 0.1762 -0.983
vn -0.0002 0.9656 0.2599
vn 0.0051 -0.1548 -0.9879
vn 0.0045 -0.1551 -0.9879
vn 0.0018 -0.1493 -0.9888
vn 0.7734 0.2832 -0.5672
vn 0.6939 0.4836 -0.5336
vn 0.345 0.3297 -0.8788
vn 0.0397 0.1014 -0.994
vn 0.0084 0.1614 -0.9869
vn -0.0007 0.9814 0.1921
vn -0.0005 0.9914 0.1312
vn 0.9983 -0.0108 0.0579
vn 0.9994 -0.0052 0.0345
vn 0.9902 -0.0197 0.1385
vn 0.0057 0.0649 -0.9979
vn 0.0027 -0.1394 -0.9902
vn 0.0008 -0.1425 -0.9898
vn -0.016 -0.1212 -0.9925
vn -0.0502 -0.1027 -0.9934
vn 0.0044 0.017 -0.9998
vn 0.0019 -0.1068 -0.9943
vn -0.2486 0.1047 -0.9629
vn -0.2677 0.09 -0.9593
vn -0.3039 0.1861 -0.9344
vn -0.0715 -0.0464 -0.9964
vn -0.1086 0.1601 -0.9811
vn -0.085 -0.0639 -0.9943
vn -0.1806 0.1743 -0.968
vn -0.3158 0.168 -0.9338
vn -0.1836 0.1743 -0.9674
vn -0.0018 0.1434 -0.9897
vn -0.0226 0.1699 -0.9852
vn -0.0255 0.1762 -0.984
vn 0.0029 0.1775 -0.9841
vn -0.1743 0.1714 -0.9697
vn 0.0188 -0.0514 -0.9985
vn -0.0006 0.0741 -0.9972
vn 0.0057 0.1689 -0.9856
vn 0.9975 -0.0014 -0.0704
vn 0.0003 0.9432 0.3321
vn 0.0003 0.9436 0.3312
vn 0.0007 0.9433 0.3321
vn -0.0015 0.9435 0.3313
vn 0.0213 0.2512 -0.9677
vn 0.0012 0.9836 0.1803
vn 0.0002 0.9832 0.1826
vn 0.03 0.9866 0.1607
vn -0.0462 0.9404 0.337
vn -0.0836 0.9411 0.3278
vn -0.2072 0.9389 0.2747
vn -0.2067 0.9397 0.2726
vn -0.1994 0.9411 0.2731
vn -0.1567 0.9502 0.2693
vn -0.1371 0.9592 0.2474
vn -0.1532 0.9403 0.3038
vn -0.1924 0.9444 0.2665
vn -0.119 0.9627 0.2431
vn -0.1423 0.9584 0.2475
vn -0.0202 0.9813 0.1917
vn -0.0055 0.9811 0.1936
vn -0.0592 0.9563 0.2863
vn -0.0262 0.9641 0.2643
vn 0.0019 0.983 0.1838
vn -0.0128 0.9791 0.2031
vn -0.0021 0.9824 0.1866
vn -0.0797 0.9725 0.2187
vn -0.0232 0.9805 0.1953
vn 0.0024 0.9825 0.1863
vn 0.1282 0.9762 0.1747
vn 0.1726 0.9722 0.1581
vn 0.0267 0.9877 0.1542
vn 0.0547 0.9903 0.1276
vn 0.0077 0.9833 0.1816
vn 0.2008 0.9759 -0.0851
vn 0.3035 0.9416 -0.1459
vn 0.0947 0.9914 0.0903
vn 0.2233 0.9737 0.0444
vn 0.1522 0.9882 -0.0185
vn 0.3117 0.9077 -0.2809
vn 0.3739 0.8702 -0.3207
vn 0.0013 0.9828 0.1845
vn 0.0045 0.9876 0.1567
vn 0.0186 0.9925 0.1205
vn 0.0069 0.999 0.0449
vn -0.0017 0.1786 -0.9839
vn -0.0532 0.9941 -0.0946
vn -0.3372 0.1482 -0.9297
vn -0.2622 0.0851 -0.9612
vn -0.3522 0.1653 -0.9212
vn -0.3568 0.1747 -0.9177
vn -0.0005 -0.1362 -0.9907
vn 0.9959 0.0775 -0.0459
vn 0.9997 0.0208 -0.0097
vn 0.989 0.1114 -0.0976
vn 0.9867 -0.077 0.1433
vn 0.9806 -0.1111 0.1615
vn 0.9748 -0.2219 0.0225
vn 1 0.0007 0.0001
vn 0.9846 -0.0021 0.1747
vn 0.9855 -0.0138 0.1691
vn 0.9831 -0.1199 0.1381
vn 0.9727 -0.227 0.0478
vn 0.994 -0.1081 0.0167
vn 0.4091 0.7975 -0.4434
vn 1 0.0006 0.0001
vn 1 0.0006 0.0001
vn 0.9999 0.0061 -0.0107
vn 1 0.0006 0.0001
vn 1 0.0007 0.0001
vn 1 0.0007 0.0001
vn 1 0.0019 0.0002
vn 1 0.0013 -0.0003
vn 1 0.0018 -0.0039
vn 1 0.0011 -0.0002
vn 0.9942 0.018 -0.1064
vn 0.0779 0.9964 0.0344
vn 1 0.0006 0.0001
vn 1 0.0006 0.0001
vn 1 0.0007 0.0001
vn 1 0.0042 -0.0012
vn 1 0.0035 -0.0014
vn 0.9999 0.0147 -0.0023
vn 0.9308 0.291 -0.2212
vn 0.9632 0.2117 -0.1657
vn 0.8631 0.4357 -0.2555
vn 0.9865 0.1024 -0.1277
vn 0.2493 0.9401 -0.2325
vn -0.0037 0.9651 0.2618
vn -0.0052 0.942 0.3357
vn 1 0.0058 -0.0046
vn 0.9785 0.0384 -0.2025
vn 0.8098 0.0997 -0.5782
vn -0.0006 0.985 0.1727
vn -0.0044 0.1672 -0.9859
vn -0.0031 0.169 -0.9856
vn 0.0054 -0.1574 -0.9875
vn 0.0054 -0.1573 -0.9875
vn 0.002 -0.1595 -0.9872
vn 0.0017 -0.1607 -0.987
vn 0.0036 -0.1563 -0.9877
vn 0.0026 0.1711 -0.9852
vn -0.0056 -0.1467 -0.9892
vn 0.0005 0.9438 0.3305
vn -0.001 0.9438 0.3305
vn 0.0005 0.9434 0.3316
vn -0.002 0.9451 0.3269
vn -0.0023 0.9406 0.3396
vn 0.0078 0.8736 -0.4867
vn -0.0008 0.9436 0.3312
vn -0.0017 0.9436 0.3311
vn -0.0007 0.9432 0.3322
vn 0.0015 -0.1608 -0.987
vn 0.0034 -0.1571 -0.9876
vn 0.0056 -0.1531 -0.9882
vn 0.0056 -0.1568 -0.9876
vn -0.0114 0.8771 -0.4802
vn -0.001 0.9432 0.3322
vn 0.0005 0.9431 0.3325
vn -0.0016 0.9434 0.3317
vn 0.0025 0.1879 -0.9822
vn -0.0072 0.1722 -0.985
vn 0.0182 0.9845 0.1747
vn 0.0027 0.9457 0.3251
vn -0.0011 0.9432 0.3322
vn 0.0019 0.9819 0.1895
vn -0.0032 0.1616 -0.9869
vn 0.0007 0.9433 0.3319
vn 0.0006 0.9439 0.3301
vn -0.026 0.1771 -0.9839
vn -0.0375 0.1484 -0.9882
vn -0.0006 -0.1512 -0.9885
vn -0.0031 -0.1555 -0.9878
vn -0.0009 -0.1516 -0.9884
vn 0.0127 0.993 0.1174
vn -0.003 0.9991 -0.0422
vn -0.0016 0.9914 0.131
vn -0.0006 0.4809 -0.8768
vn 0.0001 0.1732 -0.9849
vn 0.9995 0.0269 0.0176
vn 0.998 0.0304 0.0558
vn -0.0003 0.9914 0.1311
vn 0.0043 0.9991 -0.0419
vn -0.0006 0.9849 0.1731
vn -0.0011 0.9439 0.3303
vn 0.0003 0.9439 0.3302
vn -0.0006 0.9824 0.1869
vn 0.0148 0.8761 -0.4819
vn -0.0017 0.9438 0.3305
vn -0.0017 0.9439 0.3303
vn -0.0007 0.944 0.3301
vn -0.0005 0.1625 -0.9867
vn 0.0044 0.1703 -0.9854
vn -0.0217 0.268 -0.9632
vn -0.0015 0.945 0.3272
vn 0.0016 0.2447 -0.9696
vn -0.0034 0.6131 -0.79
vn -0.0532 0.5331 -0.8444
vn 0.0032 0.2834 -0.959
vn 0.0035 0.1848 -0.9828
vn 0.0022 0.1773 -0.9842
vn 0.0027 -0.1461 -0.9893
vn 0.0024 0.1795 -0.9838
vn -0.0006 0.985 0.1728
vn 0.1298 0.9741 -0.185
vn 0.0147 0.9938 -0.1105
vn 0.1646 0.8638 -0.4762
vn 0.0075 0.1698 -0.9854
vn 0.0042 0.1709 -0.9853
vn -0.0006 0.9849 0.1731
vn 0.0066 0.1689 -0.9856
vn 0.9973 0.0032 -0.0732
vn 0.955 0.0171 -0.2962
vn 0.9993 0.0328 0.0193
vn 0.9999 0.0141 0.0051
vn -0.0023 0.1788 -0.9839
vn -0.0071 0.1637 -0.9865
vn -0.0011 0.9462 0.3236
vn -0.0011 0.9449 0.3273
vn 0.0002 -0.1475 -0.9891
vn 0.0002 -0.1469 -0.9892
vn 0.0003 0.9456 0.3252
vn 0.0038 0.1803 -0.9836
vn 0.0176 0.1774 -0.984
vn 0.0182 0.1765 -0.9841
vn 0.1018 0.1608 -0.9817
vn 0.0122 0.1802 -0.9836
vn 0.0004 0.1891 -0.982
vn -0.0295 -0.0914 -0.9954
vn -0.0044 0.1688 -0.9856
vn -0.0027 0.9992 -0.0411
vn 0.0039 0.1721 -0.9851
vn 0.0139 0.8733 -0.487
vn -0.0023 -0.1608 -0.987
vn -0.0013 -0.1625 -0.9867
vn 0.6035 0.7667 -0.2189
vn 0.5545 0.7503 -0.36
vn 0.0038 -0.1475 -0.9891
vn 0.0019 0.9819 0.1896
vn -0.0007 0.985 0.1728
vn -0.0009 0.9656 0.26
vn -0.0001 0.1816 -0.9834
vn 0.1195 0.5309 -0.839
vn 0.0379 0.2717 -0.9616
vn 0.2529 0.6476 -0.7188
vn 0.0834 0.2154 -0.973
vn 0.1668 0.3162 -0.9339
vn 0.0154 0.1863 -0.9824
vn -0.0014 0.181 -0.9835
vn -0.0017 0.1633 -0.9866
vn 0.9768 0.0398 -0.2105
vn 0.8102 0.1032 -0.5771
vn 0.032 -0.0878 -0.9956
vn -0.0011 -0.1626 -0.9867
vn 0.3158 0.8289 -0.4616
vn 0.0533 0.9941 -0.0941
vn 0.0034 0.1755 -0.9845
vn 0.002 0.9819 0.1896
vn -0.0006 0.942 0.3357
vn -0.0014 0.9432 0.3323
vn -0.0302 0.938 0.3453
vn -0.0022 -0.1128 -0.9936
vn 0.9991 0.0399 -0.0172
vn 0.4954 0.5673 -0.6578
vn 0.6497 0.5647 -0.509
vn 0.0983 0.4173 -0.9034
vn 0.3551 0.6921 -0.6283
vn 0.0008 0.9407 0.3393
vn -0.0054 0.8834 -0.4686
vn -0.0005 0.9891 -0.147
vn 0.0046 0.1759 -0.9844
vn 0.2923 0.1689 -0.9413
vn -0.0042 -0.1541 -0.988
vn -0.0011 0.9431 0.3324
vn -0.0017 0.1781 -0.984
vn -0.0005 0.1975 -0.9803
vn 0.015 0.145 -0.9893
vn 0.0364 -0.074 -0.9966
vn 0.0208 0.8749 -0.4839
vn -0.0043 -0.1294 -0.9916
vn 0.7998 0.123 -0.5876
vn 0.9864 -0.0823 0.1423
vn 0.0002 0.9886 -0.1505
vn 0.305 0.1672 -0.9376
vn 0.304 0.1676 -0.9378
vn 0.0665 0.1752 -0.9823
vn 1 0.0005 0.0041
vn -0.0014 0.9824 0.1867
vn 0.1645 0.9746 0.1517
vn -0.0008 0.9825 0.1865
vn 0.7896 0.1086 -0.604
vn 0.8097 0.1041 -0.5775
vn -0.0011 0.9432 0.3322
vn 0.0058 0.184 -0.9829
vn 0.0052 0.189 -0.982
vn 0.9367 0.1854 -0.2971
vn 0.8583 0.3694 -0.3563
vn -0.0077 0.1625 -0.9867
vn -0.0017 0.9432 0.3321
vn 0.0878 0.1539 -0.9842
vn 0.011 0.18 -0.9836
vn 0.0172 0.1792 -0.9837
vn -0.0285 0.1775 -0.9837
vn 0.0029 0.1777 -0.9841
vn -0.0046 -0.1503 -0.9886
vn 0.3681 0.8158 -0.446
vn 0.4125 0.7245 -0.5522
vn 0.0034 -0.1571 -0.9876
vn -0 0.9826 0.1859
vn 0.0739 0.2628 -0.962
vn 0.4009 0.078 -0.9128
vn -0.0011 0.1771 -0.9842
vn -0.0004 0.1785 -0.9839
vn 0.7898 0.1255 -0.6004
vn 0.0391 0.1154 -0.9925
vn 0.9984 0.0146 -0.0554
vn -0.0005 0.179 -0.9838
vn 0.0017 0.1806 -0.9835
vn -0.0009 0.9826 0.186
vn -0.0005 0.9826 0.1859
vn -0.0131 -0.1273 -0.9918
vn -0.0925 -0.0633 -0.9937
vn 0.0005 0.9372 0.3489
vn 0.309 0.5202 -0.7962
vn 0.4798 0.477 -0.7364
vn -0.0007 0.9826 0.1859
vn 0.9688 -0.244 0.0444
vn 0.6911 0.7199 0.0643
vn 0.9884 -0.0299 0.1488
vn 0.9976 -0.012 0.0686
vn -0.3545 0.1662 -0.9202
vn -0.2013 0.9409 0.2723
vn 0.7022 0.7008 0.1257
vn 0.9834 0.0068 0.1811
vn -0.1811 0.9468 0.266
vn -0.3544 0.1685 -0.9198
vn 0.9665 -0.2544 0.0353
vn 0.0047 -0.1358 -0.9907
vn -0.0753 -0.0615 -0.9953
vn -0.1694 -0.007 -0.9855
vn 0.9902 0.1364 0.0303
vn 0.9716 -0.2294 0.0588
vn -0.2419 0.0581 -0.9686
vn -0.34 0.1666 -0.9255
vn -0.3163 0.1327 -0.9393
vn -0.3572 0.1639 -0.9195
vn -0.0506 0.938 0.3429
vn -0.9994 -0.0008 0.0355
vn -0.9988 0.0149 0.047
vn -0.9999 0.0041 0.0133
vn -0.9663 -0.2552 0.035
vn -0.9664 -0.2547 0.0336
vn -0.9713 -0.2355 0.0328
vn -1 0.0046 -0.0056
vn -0.9896 0.1424 0.019
vn -1 -0.0006 -0.0001
vn 0.001 0.1836 -0.983
vn -0.0058 0.1794 -0.9838
vn 0.0008 0.1821 -0.9833
vn -0.0037 0.1793 -0.9838
vn 0.0016 0.1829 -0.9831
vn -0.0015 0.0143 -0.9999
vn -0.0021 0.1464 -0.9892
vn 0.0015 0.0176 -0.9998
vn -0.6547 0.5592 -0.5086
vn -0.6252 0.604 -0.4942
vn -0.7994 0.4637 -0.3821
vn 0.0002 0.9655 0.2603
vn -0.0006 0.9824 0.187
vn 0.0012 0.9659 0.2588
vn 0.0013 0.1885 -0.9821
vn 0.0023 0.1891 -0.9819
vn -0.0207 0.2472 -0.9687
vn -0.9943 0.0181 0.1048
vn -0.9947 0.0107 0.1025
vn -0.9884 0.0079 0.1518
vn -0.0008 0.1803 -0.9836
vn -1 -0.0007 -0.0001
vn -0.9914 -0.1294 0.0194
vn -1 -0.0007 -0.0001
vn -1 -0.0006 -0.0001
vn -1 -0.0006 -0.0001
vn -1 -0.0006 -0.0001
vn -0.0018 0.149 -0.9888
vn -0.0016 0.0167 -0.9999
vn 0.0019 0.0793 -0.9969
vn 0.0012 -0.1498 -0.9887
vn -0.0025 0.1746 -0.9846
vn -0.0007 0.9849 0.173
vn -0.001 0.9839 0.1788
vn 0.1624 0.9411 0.2965
vn 0.2072 0.9392 0.2739
vn 0.1564 0.9451 0.2869
vn -1 0.0019 0.0015
vn -0.9999 0.0135 0.0106
vn -1 0.0092 0.0028
vn -0.9997 0.0004 -0.0252
vn -0.999 0.0359 -0.0277
vn -1 -0.0032 -0.0058
vn -1 -0.0006 -0.0001
vn -1 -0.0006 -0.0001
vn -0.0007 0.0222 -0.9998
vn -0.0031 0.1495 -0.9888
vn 0.0253 0.0888 -0.9957
vn -0.9833 0.0311 -0.1792
vn -0.9997 0.003 -0.0247
vn -0.9693 0.1028 -0.2232
vn 0.0791 0.9392 0.3342
vn 0.0379 0.9391 0.3416
vn 0.0672 0.9385 0.3386
vn 0.346 0.1575 -0.9249
vn 0.3436 0.1516 -0.9268
vn 0.3568 0.1691 -0.9187
vn -1 0.0018 -0.0077
vn -1 -0.0006 -0.0001
vn -0.9999 -0.0035 -0.0139
vn 0.2072 0.9389 0.2747
vn 0.206 0.9391 0.2749
vn 0.1733 0.9426 0.2855
vn 0.1996 0.9418 0.2704
vn -0.998 0.0292 0.0557
vn -0.9981 0.0244 0.0566
vn -0.996 -0.0114 0.0892
vn -0.9952 -0.0013 0.0983
vn -0.288 0.1716 -0.9421
vn -0.3024 0.1687 -0.9381
vn -0.0641 0.1732 -0.9828
vn -0.6825 0.727 0.0748
vn -0.9835 0.1805 -0.007
vn -0.6694 0.7409 -0.0549
vn -0.9998 0.0191 -0.0073
vn -0.9913 -0.1284 0.0285
vn -0.9993 -0.0104 0.036
vn -0.9937 -0.1118 0.0065
vn -0.972 -0.2295 0.0509
vn -0.9669 -0.2526 0.0345
vn -0.9689 -0.2423 0.0507
vn -0.9775 0.0342 -0.208
vn -0.0023 0.9818 0.1898
vn -0.0016 0.9833 0.1822
vn -0.9999 0.0059 -0.012
vn -0.9987 0.0124 -0.0504
vn -1 0.0036 -0.0082
vn 0.0007 0.181 -0.9835
vn -0.0082 0.1775 -0.9841
vn -0.4555 0.6704 -0.5858
vn -0.5151 0.7173 -0.4693
vn -0.5347 0.6146 -0.5799
vn -0.1296 0.974 0.1857
vn -0.1333 0.9736 0.1855
vn -0.7145 0.686 0.1373
vn -0.0001 0.9905 0.1376
vn 0.0006 0.9836 0.1803
vn 0.1625 0.941 0.297
vn -0.0603 0.1764 -0.9825
vn -0.0131 0.1779 -0.984
vn -0.0803 0.1604 -0.9838
vn -0.0088 0.1873 -0.9823
vn -0.0087 0.2434 -0.9699
vn -0.001 0.1922 -0.9813
vn 0.0019 0.1797 -0.9837
vn 0.0014 0.1811 -0.9835
vn -1 -0.0006 -0.0001
vn -1 -0.0006 -0.0001
vn 0.0012 0.9449 0.3273
vn -0.0074 0.1935 -0.9811
vn -0.0136 0.1785 -0.9838
vn -0.0042 0.1771 -0.9842
vn -0.0044 0.1789 -0.9839
vn 0.182 0.1749 -0.9676
vn 0.1819 0.1744 -0.9677
vn 0.3176 0.1609 -0.9345
vn 0.0004 0.9434 0.3317
vn 0.0024 -0.1408 -0.99
vn 0.0023 -0.1454 -0.9894
vn -0.0031 -0.142 -0.9899
vn -1 -0.0018 -0.0029
vn -0.9987 0.0227 -0.0457
vn -0.9909 -0.0211 0.1326
vn -0.9898 -0.012 0.1423
vn -0.0011 0.9914 0.1311
vn -0.0007 0.9849 0.1728
vn 0.0147 0.9926 0.1206
vn 0.004 -0.1404 -0.9901
vn 0.0024 -0.1385 -0.9904
vn 0.0029 -0.1468 -0.9892
vn -0.0182 0.1765 -0.9841
vn -0.0188 0.1762 -0.9842
vn -0.0016 0.1798 -0.9837
vn -0.9904 0.1351 0.0301
vn -0.9845 0.1719 0.0359
vn -0.7214 0.6793 0.135
vn -0.0004 0.9423 0.3347
vn -0.0014 0.9408 0.339
vn -0.0001 0.9428 0.3334
vn -0.8091 0.1033 -0.5785
vn -0.9788 0.0361 -0.2016
vn -0.8003 0.122 -0.5871
vn -0.0006 0.9992 -0.0393
vn -0.0003 0.9989 -0.0478
vn 0.0002 0.8829 -0.4695
vn -0.0059 0.8824 -0.4704
vn -0.0026 0.9991 -0.0412
vn 0.0037 -0.1477 -0.989
vn -0.2744 0.1685 -0.9467
vn -0.0526 0.1695 -0.9841
vn -0.4341 0.4649 -0.7717
vn -0.6943 0.4827 -0.5338
vn -0.4369 0.217 -0.8729
vn -0.9983 -0.0121 0.0577
vn -0.9992 -0.0133 0.0385
vn -0.0004 -0.1425 -0.9898
vn -0.0023 -0.1394 -0.9902
vn 0.0164 -0.1211 -0.9925
vn 0.0505 -0.1027 -0.9934
vn -0.0014 -0.1112 -0.9938
vn -0.0303 -0.0622 -0.9976
vn 0.3453 0.1589 -0.925
vn 0.2678 0.0904 -0.9592
vn 0.2846 0.1269 -0.9502
vn 0.1342 0.1407 -0.9809
vn 0.0387 -0.0325 -0.9987
vn 0.1904 0.1527 -0.9698
vn 0.0806 -0.0401 -0.9959
vn 0.1806 0.1745 -0.9679
vn 0.3157 0.1658 -0.9343
vn -0.0064 0.1726 -0.985
vn 0.0023 0.1422 -0.9898
vn 0.0024 -0.1052 -0.9945
vn 0.0227 0.1699 -0.9852
vn 0.0257 0.1762 -0.984
vn -0.0019 0.1792 -0.9838
vn 0.1743 0.1716 -0.9696
vn -0.0029 0.0165 -0.9999
vn -0.9973 -0.0025 -0.073
vn -0.0366 -0.0817 -0.996
vn 0.0011 0.9438 0.3305
vn -0.0132 0.9848 0.1731
vn -0.0015 0.9832 0.1826
vn -0.0181 0.9877 0.1555
vn 0.0449 0.9404 0.3371
vn 0.0862 0.9393 0.3321
vn 0.1972 0.9427 0.2692
vn 0.2055 0.9399 0.2726
vn 0.1991 0.9421 0.27
vn 0.1554 0.9504 0.2694
vn 0.134 0.9649 0.226
vn 0.121 0.9636 0.2385
vn 0.1412 0.9585 0.2476
vn 0.018 0.9807 0.1948
vn 0.0042 0.9811 0.1935
vn 0.058 0.9564 0.2862
vn 0.0344 0.9652 0.2592
vn -0.0034 0.983 0.1836
vn 0.0015 0.9813 0.1926
vn 0.0009 0.9807 0.1957
vn 0.0005 0.9823 0.1874
vn 0.0218 0.9806 0.195
vn -0.0039 0.9826 0.1858
vn -0.002 0.9836 0.1804
vn -0.1528 0.9813 0.1174
vn -0.028 0.9876 0.1542
vn -0.0069 0.9835 0.1808
vn -0.0488 0.9934 0.1038
vn -0.202 0.9757 -0.0851
vn -0.0834 0.9927 0.087
vn -0.3028 0.9422 -0.1437
vn -0.2249 0.9734 0.0443
vn -0.1534 0.988 -0.0186
vn -0.3128 0.9074 -0.2809
vn -0.3733 0.8709 -0.3197
vn -0.0022 0.9829 0.1842
vn -0.0058 0.9876 0.1568
vn -0.0082 0.999 0.0449
vn 0.2653 0.0827 -0.9606
vn 0.3523 0.1657 -0.9211
vn 0.34 0.167 -0.9255
vn 0.3569 0.175 -0.9176
vn -0.0033 -0.1361 -0.9907
vn -0.0034 -0.1388 -0.9903
vn -0.996 0.0762 -0.0461
vn -0.9906 0.113 -0.0769
vn -0.9997 0.0238 -0.0071
vn -0.9866 -0.0782 0.1431
vn -0.9869 -0.0756 0.1424
vn -0.9753 -0.2189 0.0314
vn -0.9718 -0.2336 0.0322
vn -0.9955 -0.0942 0.0099
vn -1 -0.0007 -0.0001
vn -0.986 -0.0194 0.1657
vn -0.9724 -0.2282 0.0476
vn -0.9827 -0.1253 0.1361
vn -1 0.0036 -0.0028
vn -1 -0.0006 -0.0001
vn -0.4151 0.725 -0.5496
vn -0.4101 0.797 -0.4435
vn -1 -0.0007 -0.0001
vn -0.9999 0.0048 -0.0109
vn -1 -0.0006 -0.0001
vn -1 -0.0006 -0.0001
vn -1 -0.0006 -0.0001
vn -1 -0.0006 -0.0001
vn -0.9999 0.0113 -0.0013
vn -1 -0.0003 -0.0003
vn -1 -0.0002 -0.0004
vn -1 -0.0004 -0.0036
vn -0.999 0.0073 -0.0438
vn -0.9943 0.0197 -0.105
vn -0.0768 0.9965 0.0336
vn -1 -0.0006 -0.0001
vn -1 -0.0006 -0.0001
vn -1 -0.0006 -0.0001
vn -1 0.0026 -0.0012
vn -0.8631 0.4387 -0.2504
vn -0.9311 0.2898 -0.2214
vn -0.7392 0.5391 -0.4036
vn -0.9634 0.2105 -0.1659
vn -0.9866 0.1011 -0.1279
vn -0.2507 0.9401 -0.2312
vn 0.0024 0.9444 0.3287
vn 0.004 0.942 0.3357
vn -0.8099 0.1028 -0.5775
vn -0.8023 0.1204 -0.5847
vn 0.001 -0.1483 -0.9889
vn 0.0064 0.9373 0.3484
vn -0.0006 0.9814 0.1921
vn -0.0037 0.1769 -0.9842
vn 0.0413 0.2102 -0.9768
vn 0.0148 0.8765 -0.4812
vn -0.0028 0.4809 -0.8767
vn -0.9993 0.0315 0.019
vn -0.9995 0.0258 0.0178
vn -0.088 0.5445 -0.8341
vn 0.0216 0.2667 -0.9635
vn 0.0027 0.613 -0.79
vn -0.0218 0.4816 -0.8761
vn -0.0167 0.2715 -0.9623
vn -0.0016 0.1772 -0.9842
vn -0.0324 0.881 -0.472
vn -0.016 0.9937 -0.1105
vn -0.1562 0.8655 -0.476
vn -0.9708 0.0592 -0.2323
vn -0.9999 0.0128 0.0049
vn 0.0013 0.1785 -0.9839
vn -0.0017 0.1802 -0.9836
vn -0.0028 0.1795 -0.9837
vn -0.0034 0.1796 -0.9837
vn -0.0662 0.1756 -0.9822
vn -0.1033 0.1908 -0.9762
vn -0.0007 0.1784 -0.984
vn 0.0018 0.1782 -0.984
vn -0.5645 0.7343 -0.3769
vn 0.0002 0.1806 -0.9835
vn -0.1258 0.367 -0.9217
vn -0.0381 0.2716 -0.9617
vn -0.2745 0.6281 -0.7281
vn -0.0835 0.2152 -0.973
vn -0.0157 0.1813 -0.9833
vn -0.2322 0.2936 -0.9273
vn -0.9768 0.0386 -0.2107
vn -0.8102 0.1021 -0.5772
vn -0.9557 0.0789 -0.2836
vn -0.3169 0.8285 -0.4618
vn -0.1994 0.5743 -0.794
vn 0.0008 0.9432 0.3323
vn 0.0274 0.9387 0.3437
vn -0.0332 -0.0786 -0.9964
vn -0.9984 0.0133 -0.0557
vn -1 -0.001 -0.0061
vn -0.9992 0.0352 -0.0164
vn -0.2976 0.5151 -0.8038
vn -0.3467 0.6992 -0.6252
vn -0.0007 0.9419 0.3358
vn -0.0021 0.9407 0.3393
vn -0.0046 0.1759 -0.9844
vn 0.0011 0.1771 -0.9842
vn -0.0086 0.1938 -0.981
vn 0.0292 0.1198 -0.9924
vn -0.8089 0.1255 -0.5744
vn -0.9835 0.0055 0.1809
vn -0.9838 0.0051 0.1791
vn -0.9863 -0.0837 0.1421
vn -0.305 0.1667 -0.9377
vn -0.0665 0.1752 -0.9823
vn -0.3242 0.0999 -0.9407
vn -1 -0.0013 0.0037
vn -0.0005 0.9825 0.1865
vn -0.8097 0.1031 -0.5777
vn 0.01 0.964 0.2657
vn -0.8628 0.3716 -0.3428
vn -0.3026 0.1838 -0.9352
vn -0.0167 0.1802 -0.9835
vn 0.0287 0.1775 -0.9837
vn -0.0028 0.1786 -0.9839
vn -0.0176 0.1774 -0.984
vn -0.9877 -0.0277 0.1536
vn -0.0074 0.1779 -0.984
vn -0.3691 0.8154 -0.4461
vn -0.001 0.9826 0.1859
vn -0.073 0.2634 -0.9619
vn -0.6204 0.7661 -0.1682
vn -0.4018 0.278 -0.8725
vn -0.9891 0.0038 0.147
vn -0.014 0.1788 -0.9838
vn 0.0002 0.1797 -0.9837
vn -0.0006 0.9826 0.1859
vn -0.0004 0.9825 0.186
vn -0.0008 0.9826 0.1859
vn 0.2059 0.9393 0.2745
vn 0.0927 -0.0632 -0.9937
vn 0.0155 -0.1252 -0.992
vn -0.0002 0.9824 0.187
vn -0.1452 0.9688 0.2007
vn 0.0262 0.1772 -0.9838
vn -0.002 0.9372 0.3488
vn -0.487 0.5691 -0.6626
vn -0.9685 -0.2453 0.0442
vn -0.7036 0.7003 0.1206
vn -0.9976 -0.0149 0.0674
vn 0.3545 0.1667 -0.9201
vn 0.1796 0.9472 0.2656
vn 0.2 0.9412 0.2722
vn -0.7658 0.2854 -0.5763
vn -0.9503 0.302 -0.0761
vn 0.3543 0.169 -0.9197
vn 0.3213 0.1683 -0.9319
vn -0.9306 0.211 -0.2989
vn -0.9986 -0.0031 -0.0529
vn 0.0783 0.9727 0.2183
vn 0.2058 0.9397 0.273
vn -0.1235 0.9748 -0.1856
vn 0.0141 -0.1202 -0.9926
vn 0.1696 -0.0067 -0.9855
vn 0.2615 0.0704 -0.9626
vn 0.3163 0.1331 -0.9393
vn 0.0719 -0.0158 -0.9973
vn 0.3572 0.1643 -0.9195
vn 0.0491 0.9381 0.3429
vn -0.999 0.0075 -0.0439
vn -0.999 0.0076 -0.0443
vn -0.9994 -0.0063 0.0342
vn -1 -0.0006 -0.0001
vn -1 -0.0005 -0.0001
vn -0.9999 0.0033 0.0112
vn -0.9993 -0.0024 0.0383
vn -0.9998 0.0048 0.0176
vn -1 -0 0.001
vn -1 -0.0007 -0.0001
vn -1 -0.0006 -0.0001
vn 0.0068 0.1835 -0.983
vn 0.2307 0.1787 -0.9565
vn 0.0069 0.1835 -0.983
vn -0.3619 0.1708 -0.9164
vn -0.3622 0.1708 -0.9163
vn -0.6834 0.1335 -0.7178
vn -0.9994 0.0059 -0.0352
vn -0.9145 0.0736 -0.3978
vn -0.9907 0.0889 -0.103
vn 0.4321 0.1657 -0.8865
vn 0.4522 0.1639 -0.8767
vn 0.432 0.1657 -0.8865
vn 0.2308 0.1787 -0.9565
vn -0.6836 0.1335 -0.7176
vn -0.9144 0.0737 -0.3981
vn -0.0073 0.1834 -0.983
vn -0.0072 0.1834 -0.983
vn -1 -0.0007 0.0035
vn -1 -0.0005 0.0034
vn -1 -0.0001 0.0013
vn -1 -0.0017 0.0065
vn -0.9993 -0.0069 0.0368
vn -0.9992 -0.0017 0.0389
vn -0.9994 -0.0063 0.0335
vn -0.9995 -0.0057 0.0302
vn -0.9997 -0.0183 0.0178
vn -0.9996 -0.0051 0.0269
vn -0.9997 -0.0164 0.016
vn -0.9997 -0.0045 0.0236
vn -0.9998 -0.0146 0.0142
vn -0.9998 -0.0039 0.0203
vn -0.9998 -0.0128 0.0124
vn -0.9999 -0.0032 0.0169
vn -0.9999 -0.011 0.0107
vn -0.9999 -0.0026 0.0136
vn -0.9999 -0.0092 0.0089
vn -0.9999 -0.002 0.0102
vn -0.9999 -0.0074 0.0071
vn -1 -0.0056 0.0053
vn 0.0067 0.1835 -0.983
vn 0.0068 0.1835 -0.983
vn -0.0077 0.1834 -0.983
vn 0.0068 0.1835 -0.983
vn -0.0814 0.2662 -0.9605
vn 0.0067 0.1835 -0.983
vn -0.0817 0.2663 -0.9604
vn 0.0067 0.1835 -0.983
vn -0.0813 0.2662 -0.9605
vn 0.0066 0.1835 -0.983
vn -0.0073 0.1834 -0.983
vn 0.0067 0.1835 -0.983
vn 0.0067 0.1835 -0.983
vn -0.0814 0.2661 -0.9605
vn 0.0066 0.1835 -0.983
vn -0.0814 0.2663 -0.9605
vn 0.0067 0.1835 -0.983
vn -0.0815 0.2666 -0.9603
vn -0.0816 0.2663 -0.9604
vn -0.3618 0.1708 -0.9165
vn -0.3621 0.1708 -0.9164
vn -0.3619 0.1708 -0.9164
vn -0.0931 0.0969 -0.9909
vn -0.362 0.1708 -0.9164
vn -0.362 0.1708 -0.9164
vn -0.3618 0.1708 -0.9165
vn -0.362 0.1708 -0.9164
vn -0.3619 0.1708 -0.9164
vn -0.3667 0.1752 -0.9137
vn -0.6834 0.1335 -0.7177
vn -0.9136 0.0724 -0.4001
vn -0.6836 0.1335 -0.7175
vn -0.6834 0.1335 -0.7177
vn -0.9144 0.0737 -0.3981
vn -0.6833 0.1335 -0.7179
vn -0.9143 0.0737 -0.3982
vn -0.6834 0.1335 -0.7178
vn -0.9143 0.0737 -0.3982
vn -0.6833 0.1335 -0.7178
vn -0.9143 0.0737 -0.3984
vn -0.6834 0.1335 -0.7177
vn -0.9144 0.0737 -0.398
vn -0.6835 0.1335 -0.7176
vn -0.9143 0.0737 -0.3982
vn -0.6834 0.1335 -0.7177
vn -0.6834 0.1335 -0.7178
vn -0.9137 0.0724 -0.3998
vn -0.9136 0.0724 -0.4001
vn 0.432 0.1657 -0.8865
vn 0.4321 0.1657 -0.8865
vn 0.2308 0.1787 -0.9565
vn 0.4319 0.1657 -0.8865
vn 0.2313 0.1786 -0.9563
vn 0.432 0.1657 -0.8865
vn 0.2313 0.1783 -0.9564
vn 0.4321 0.1657 -0.8865
vn 0.2313 0.1786 -0.9563
vn 0.432 0.1657 -0.8865
vn 0.2311 0.1783 -0.9564
vn 0.432 0.1657 -0.8865
vn 0.2311 0.1783 -0.9564
vn 0.4321 0.1657 -0.8865
vn 0.2312 0.1781 -0.9565
vn 0.2313 0.1786 -0.9563
vn 0.2312 0.1786 -0.9564
vn 0.3983 0.1322 -0.9077
vn 0.2313 0.1792 -0.9562
vn 0.3987 0.1321 -0.9075
vn 0.4522 0.1639 -0.8767
vn 0.4522 0.1639 -0.8767
vn 0.4522 0.1639 -0.8767
vn 0.4522 0.1639 -0.8767
vn 0.4523 0.1639 -0.8767
vn 0.4522 0.1639 -0.8767
vn 0.4522 0.1639 -0.8767
vn 0.4522 0.1639 -0.8767
vn 0.4522 0.1639 -0.8767
vn 0.4523 0.1639 -0.8767
vn -0.9144 0.0737 -0.398
vn -0.9991 0.0073 -0.0427
vn -0.9991 0.0071 -0.0415
vn -0.9991 0.007 -0.0409
vn -0.9992 0.0068 -0.0398
vn -0.9992 0.0066 -0.0389
vn -0.9993 0.0064 -0.038
vn -0.9993 0.0063 -0.0372
vn -0.9993 0.0061 -0.0364
vn -0.362 0.1708 -0.9164
vn -1 -0.0016 0.0059
vn 0.9992 -0.0004 0.0391
vn 0.999 0.0089 -0.0441
vn 0.9997 -0.0185 0.0148
vn 1 0.0012 0.0002
vn 1 0.0006 0.0001
vn 1 0.0007 0.0001
vn 0.9999 0.0048 0.0113
vn 0.9998 0.0061 0.0178
vn 0.9993 -0.0011 0.0386
vn 1 0.0006 0.0001
vn 1 0.0006 0.0001
vn 1 0.0006 0.0001
vn -0.0069 0.1834 -0.983
vn -0.0067 0.1835 -0.983
vn -0.2308 0.1783 -0.9565
vn 0.362 0.1712 -0.9163
vn 0.6835 0.1343 -0.7175
vn 0.362 0.1713 -0.9163
vn 0.9143 0.0749 -0.398
vn 0.9146 0.0748 -0.3975
vn 0.9993 0.0069 -0.0355
vn -0.432 0.1652 -0.8866
vn -0.4321 0.1652 -0.8866
vn -0.4522 0.1633 -0.8768
vn -0.2309 0.1783 -0.9565
vn 0.9143 0.0749 -0.398
vn 0.6835 0.1344 -0.7175
vn 0.007 0.1834 -0.983
vn 0.0078 0.1835 -0.983
vn 1 0.0006 0.0038
vn 1 0.0012 0.0014
vn 1 0.0008 0.0033
vn 1 -0.0003 0.0062
vn 1 -0.0004 0.0067
vn 0.9993 -0.0057 0.037
vn 0.9994 -0.005 0.0337
vn 0.9998 -0.0169 0.0143
vn 0.9995 -0.0044 0.0304
vn 0.9998 -0.015 0.0129
vn 0.9996 -0.0038 0.0271
vn 0.9998 -0.0133 0.0115
vn 0.9997 -0.0032 0.0238
vn 0.9999 -0.0115 0.0101
vn 0.9998 -0.0026 0.0205
vn 0.9999 -0.0097 0.0086
vn 0.9999 -0.002 0.0172
vn 0.9999 -0.0079 0.0072
vn 0.9999 -0.0013 0.0138
vn 1 -0.0061 0.0058
vn 0.9999 -0.0007 0.0104
vn 1 -0.0043 0.0044
vn -0.0067 0.1835 -0.983
vn 0.0075 0.1834 -0.983
vn -0.051 0.1329 -0.9898
vn 0.0929 0.2667 -0.9593
vn -0.0509 0.133 -0.9898
vn 0.093 0.2668 -0.9593
vn -0.0508 0.133 -0.9898
vn 0.0929 0.2667 -0.9593
vn -0.0509 0.133 -0.9898
vn 0.0927 0.2666 -0.9593
vn -0.0508 0.1331 -0.9898
vn 0.093 0.2669 -0.9592
vn 0.0072 0.1834 -0.983
vn 0.0071 0.1835 -0.983
vn -0.051 0.2329 -0.9712
vn -0.058 0.2334 -0.9706
vn -0.051 0.1328 -0.9898
vn 0.0932 0.2669 -0.9592
vn -0.0511 0.1328 -0.9898
vn 0.0929 0.2668 -0.9593
vn 0.3617 0.1713 -0.9164
vn 0.3617 0.1713 -0.9164
vn 0.3618 0.1712 -0.9164
vn 0.3618 0.1713 -0.9164
vn 0.3619 0.1713 -0.9163
vn 0.3619 0.1713 -0.9163
vn 0.3618 0.1713 -0.9164
vn 0.3622 0.1712 -0.9163
vn 0.3665 0.1757 -0.9137
vn 0.3663 0.1757 -0.9138
vn 0.6837 0.1343 -0.7173
vn 0.9143 0.0749 -0.398
vn 0.6853 0.1318 -0.7163
vn 0.9144 0.0749 -0.3979
vn 0.6853 0.1317 -0.7162
vn 0.9143 0.0749 -0.3981
vn 0.6854 0.1317 -0.7162
vn 0.9143 0.0749 -0.398
vn 0.6853 0.1317 -0.7162
vn 0.9144 0.0748 -0.3978
vn 0.6852 0.1318 -0.7164
vn 0.9143 0.0749 -0.3981
vn 0.6852 0.1318 -0.7164
vn 0.6852 0.1317 -0.7163
vn 0.685 0.1364 -0.7157
vn 0.9137 0.0735 -0.3998
vn 0.6853 0.1364 -0.7154
vn 0.9137 0.0736 -0.3996
vn -0.231 0.1783 -0.9565
vn -0.4321 0.1652 -0.8866
vn -0.2307 0.1784 -0.9565
vn -0.2309 0.1784 -0.9565
vn -0.4321 0.1652 -0.8866
vn -0.2306 0.1784 -0.9566
vn -0.4321 0.1652 -0.8866
vn -0.2307 0.1784 -0.9565
vn -0.4322 0.1652 -0.8865
vn -0.2313 0.1784 -0.9564
vn -0.4321 0.1652 -0.8865
vn -0.2309 0.1783 -0.9565
vn -0.4321 0.1652 -0.8866
vn -0.231 0.1784 -0.9565
vn -0.4321 0.1652 -0.8866
vn -0.2309 0.1784 -0.9565
vn -0.2308 0.1784 -0.9565
vn -0.3983 0.1316 -0.9078
vn -0.3979 0.1316 -0.9079
vn -0.4523 0.1633 -0.8768
vn -0.4319 0.1652 -0.8866
vn -0.4522 0.1633 -0.8768
vn -0.4523 0.1633 -0.8768
vn -0.4523 0.1633 -0.8768
vn -0.4522 0.1633 -0.8768
vn -0.4522 0.1633 -0.8768
vn -0.4523 0.1633 -0.8768
vn -0.4522 0.1633 -0.8768
vn -0.4523 0.1633 -0.8768
vn 0.9144 0.0748 -0.3977
vn 0.999 0.0091 -0.0436
vn 0.9922 -0.0414 -0.1179
vn 0.9923 -0.043 -0.1164
vn 0.9924 -0.0438 -0.1149
vn 0.9919 0.0853 -0.0942
vn 0.9916 0.0864 -0.0958
vn 0.9914 0.0874 -0.0975
vn 0.9911 0.0885 -0.0992
vn 0.9909 0.0894 -0.101
vn 0.9994 0.0072 -0.0349
vn 0.0015 -0.1501 -0.9887
vn -1 -0.0006 -0.0002
vn -1 -0.0002 0.0002
vn -1 -0 0.0017
vn -1 -0.0006 -0.0001
vn -1 -0.0007 -0.0001
vn -1 -0.0006 -0.0001
vn -1 -0.0007 -0.0002
vn -1 -0.0007 -0.0001
vn -1 -0.0006 -0.0001
vn 0.4523 0.1639 -0.8767
vn 1 0.0006 0.0001
vn 1 0.0005 0.0001
vn 1 -0 0.0002
vn 1 0.0006 -0
vn 1 0.0013 0.0012
vn 1 0.0007 0.0001
vn 1 0.0005 0.0001
vn 1 0.0008 -0
vn -0.4523 0.1633 -0.8768
vn -0.4522 0.1633 -0.8768
f 1130/1130/1130 1151/1151/1151 1150/1150/1150
f 1130/1130/1130 1131/1131/1131 1151/1151/1151
f 1131/1131/1131 1152/1152/1152 1151/1151/1151
f 1132/1132/1132 1131/1131/1131 1130/1130/1130
f 1131/1131/1131 1133/1133/1133 1152/1152/1152
f 1133/1133/1133 1153/1153/1153 1152/1152/1152
f 1132/1132/1132 1134/1134/1134 1131/1131/1131
f 1134/1134/1134 1133/1133/1133 1131/1131/1131
f 1082/1082/1082 1134/1134/1134 1132/1132/1132
f 1133/1133/1133 1135/1135/1135 1153/1153/1153
f 1135/1135/1135 1154/1154/1154 1153/1153/1153
f 1134/1134/1134 1136/1136/1136 1133/1133/1133
f 1136/1136/1136 1135/1135/1135 1133/1133/1133
f 1082/1082/1082 1083/1083/1083 1134/1134/1134
f 1083/1083/1083 1136/1136/1136 1134/1134/1134
f 1084/1084/1084 1083/1083/1083 1082/1082/1082
f 1135/1135/1135 1137/1137/1137 1154/1154/1154
f 1137/1137/1137 1155/1155/1155 1154/1154/1154
f 1136/1136/1136 1138/1138/1138 1135/1135/1135
f 1138/1138/1138 1137/1137/1137 1135/1135/1135
f 1083/1083/1083 1085/1085/1085 1136/1136/1136
f 1085/1085/1085 1138/1138/1138 1136/1136/1136
f 1084/1084/1084 1086/1086/1086 1083/1083/1083
f 1086/1086/1086 1085/1085/1085 1083/1083/1083
f 1137/1137/1137 1139/1139/1139 1155/1155/1155
f 1139/1139/1139 1156/1156/1156 1155/1155/1155
f 1138/1138/1138 1140/1140/1140 1137/1137/1137
f 1140/1140/1140 1139/1139/1139 1137/1137/1137
f 1085/1085/1085 1087/1087/1087 1138/1138/1138
f 1087/1087/1087 1140/1140/1140 1138/1138/1138
f 1139/1139/1139 1141/1141/1141 1156/1156/1156
f 1141/1141/1141 1157/1157/1157 1156/1156/1156
f 1140/1140/1140 1142/1142/1142 1139/1139/1139
f 1142/1142/1142 1141/1141/1141 1139/1139/1139
f 1087/1087/1087 1089/1089/1089 1140/1140/1140
f 1089/1089/1089 1142/1142/1142 1140/1140/1140
f 1088/1088/1088 1087/1087/1087 1085/1085/1085
f 1086/1086/1086 1088/1088/1088 1085/1085/1085
f 1090/1090/1090 1089/1089/1089 1087/1087/1087
f 1088/1088/1088 1090/1090/1090 1087/1087/1087
f 1084/1084/1084 1101/1101/1101 1086/1086/1086
f 1084/1084/1084 1169/1169/1169 1101/1101/1101
f 1086/1086/1086 1102/1102/1102 1088/1088/1088
f 1086/1086/1086 1101/1101/1101 1102/1102/1102
f 1088/1088/1088 1103/1103/1103 1090/1090/1090
f 1088/1088/1088 1102/1102/1102 1103/1103/1103
f 1169/1169/1169 1111/1111/1111 1101/1101/1101
f 1169/1169/1169 1113/1113/1113 1111/1111/1111
f 1101/1101/1101 1114/1114/1114 1102/1102/1102
f 1101/1101/1101 1111/1111/1111 1114/1114/1114
f 1102/1102/1102 1116/1116/1116 1103/1103/1103
f 1102/1102/1102 1114/1114/1114 1116/1116/1116
f 1113/1113/1113 1112/1112/1112 1111/1111/1111
f 1113/1113/1113 1050/1050/1050 1112/1112/1112
f 1111/1111/1111 1115/1115/1115 1114/1114/1114
f 1111/1111/1111 1112/1112/1112 1115/1115/1115
f 1114/1114/1114 1117/1117/1117 1116/1116/1116
f 1114/1114/1114 1115/1115/1115 1117/1117/1117
f 1051/1051/1051 1112/1112/1112 1050/1050/1050
f 1051/1051/1051 1050/1050/1050 1049/1049/1049
f 1168/1168/1168 1115/1115/1115 1112/1112/1112
f 1168/1168/1168 1112/1112/1112 1051/1051/1051
f 1170/1170/1170 1051/1051/1051 1049/1049/1049
f 1170/1170/1170 1049/1049/1049 1060/1060/1060
f 1081/1081/1081 1168/1168/1168 1051/1051/1051
f 1081/1081/1081 1051/1051/1051 1170/1170/1170
f 1063/1063/1063 1170/1170/1170 1060/1060/1060
f 1081/1081/1081 1170/1170/1170 1063/1063/1063
f 1063/1063/1063 1060/1060/1060 1061/1061/1061
f 1062/1062/1062 1061/1061/1061 1060/1060/1060
f 1081/1081/1081 1063/1063/1063 1079/1079/1079
f 1062/1062/1062 1040/1040/1040 1061/1061/1061
f 1040/1040/1040 1062/1062/1062 1316/1316/1316
f 1080/1080/1080 1081/1081/1081 1079/1079/1079
f 1080/1080/1080 1168/1168/1168 1081/1081/1081
f 1080/1080/1080 1079/1079/1079 1077/1077/1077
f 1040/1040/1040 1316/1316/1316 1042/1042/1042
f 1316/1316/1316 1317/1317/1317 1042/1042/1042
f 1042/1042/1042 1041/1041/1041 1040/1040/1040
f 1041/1041/1041 1319/1319/1319 1040/1040/1040
f 1042/1042/1042 1318/1318/1318 1041/1041/1041
f 1078/1078/1078 1080/1080/1080 1077/1077/1077
f 1078/1078/1078 1077/1077/1077 1075/1075/1075
f 1080/1080/1080 1167/1167/1167 1168/1168/1168
f 1167/1167/1167 1115/1115/1115 1168/1168/1168
f 1078/1078/1078 1167/1167/1167 1080/1080/1080
f 1167/1167/1167 1117/1117/1117 1115/1115/1115
f 1076/1076/1076 1078/1078/1078 1075/1075/1075
f 1076/1076/1076 1075/1075/1075 1073/1073/1073
f 1078/1078/1078 1166/1166/1166 1167/1167/1167
f 1166/1166/1166 1117/1117/1117 1167/1167/1167
f 1076/1076/1076 1166/1166/1166 1078/1078/1078
f 1166/1166/1166 1119/1119/1119 1117/1117/1117
f 1116/1116/1116 1117/1117/1117 1119/1119/1119
f 1076/1076/1076 1165/1165/1165 1166/1166/1166
f 1165/1165/1165 1119/1119/1119 1166/1166/1166
f 1074/1074/1074 1076/1076/1076 1073/1073/1073
f 1074/1074/1074 1165/1165/1165 1076/1076/1076
f 1074/1074/1074 1073/1073/1073 1071/1071/1071
f 1116/1116/1116 1119/1119/1119 1118/1118/1118
f 1103/1103/1103 1116/1116/1116 1118/1118/1118
f 1072/1072/1072 1074/1074/1074 1071/1071/1071
f 1072/1072/1072 1071/1071/1071 1069/1069/1069
f 1074/1074/1074 1164/1164/1164 1165/1165/1165
f 1072/1072/1072 1164/1164/1164 1074/1074/1074
f 1165/1165/1165 1121/1121/1121 1119/1119/1119
f 1164/1164/1164 1121/1121/1121 1165/1165/1165
f 1118/1118/1118 1119/1119/1119 1121/1121/1121
f 1070/1070/1070 1072/1072/1072 1069/1069/1069
f 1070/1070/1070 1069/1069/1069 1067/1067/1067
f 1072/1072/1072 1163/1163/1163 1164/1164/1164
f 1070/1070/1070 1163/1163/1163 1072/1072/1072
f 1164/1164/1164 1123/1123/1123 1121/1121/1121
f 1163/1163/1163 1123/1123/1123 1164/1164/1164
f 1118/1118/1118 1121/1121/1121 1120/1120/1120
f 1120/1120/1120 1121/1121/1121 1123/1123/1123
f 1103/1103/1103 1118/1118/1118 1105/1105/1105
f 1105/1105/1105 1118/1118/1118 1120/1120/1120
f 1090/1090/1090 1103/1103/1103 1105/1105/1105
f 1120/1120/1120 1123/1123/1123 1122/1122/1122
f 1090/1090/1090 1105/1105/1105 1104/1104/1104
f 1090/1090/1090 1104/1104/1104 1089/1089/1089
f 1105/1105/1105 1120/1120/1120 1106/1106/1106
f 1104/1104/1104 1105/1105/1105 1106/1106/1106
f 1106/1106/1106 1120/1120/1120 1122/1122/1122
f 1089/1089/1089 1104/1104/1104 1092/1092/1092
f 1104/1104/1104 1106/1106/1106 1092/1092/1092
f 1122/1122/1122 1123/1123/1123 1125/1125/1125
f 1163/1163/1163 1125/1125/1125 1123/1123/1123
f 1106/1106/1106 1122/1122/1122 1107/1107/1107
f 1092/1092/1092 1106/1106/1106 1107/1107/1107
f 1122/1122/1122 1125/1125/1125 1124/1124/1124
f 1107/1107/1107 1122/1122/1122 1124/1124/1124
f 1089/1089/1089 1092/1092/1092 1091/1091/1091
f 1089/1089/1089 1091/1091/1091 1142/1142/1142
f 1092/1092/1092 1107/1107/1107 1095/1095/1095
f 1091/1091/1091 1144/1144/1144 1142/1142/1142
f 1142/1142/1142 1144/1144/1144 1141/1141/1141
f 1092/1092/1092 1093/1093/1093 1091/1091/1091
f 1091/1091/1091 1093/1093/1093 1144/1144/1144
f 1092/1092/1092 1095/1095/1095 1093/1093/1093
f 1144/1144/1144 1143/1143/1143 1141/1141/1141
f 1141/1141/1141 1143/1143/1143 1157/1157/1157
f 1093/1093/1093 1145/1145/1145 1144/1144/1144
f 1144/1144/1144 1145/1145/1145 1143/1143/1143
f 1095/1095/1095 1094/1094/1094 1093/1093/1093
f 1093/1093/1093 1094/1094/1094 1145/1145/1145
f 1147/1147/1147 1157/1157/1157 1143/1143/1143
f 1147/1147/1147 1158/1158/1158 1157/1157/1157
f 1146/1146/1146 1143/1143/1143 1145/1145/1145
f 1146/1146/1146 1147/1147/1147 1143/1143/1143
f 1094/1094/1094 1146/1146/1146 1145/1145/1145
f 1149/1149/1149 1158/1158/1158 1147/1147/1147
f 1149/1149/1149 1159/1159/1159 1158/1158/1158
f 1148/1148/1148 1147/1147/1147 1146/1146/1146
f 1148/1148/1148 1149/1149/1149 1147/1147/1147
f 1094/1094/1094 1096/1096/1096 1146/1146/1146
f 1052/1052/1052 1159/1159/1159 1149/1149/1149
f 1052/1052/1052 1053/1053/1053 1159/1159/1159
f 1054/1054/1054 1320/1320/1320 1053/1053/1053
f 1054/1054/1054 1053/1053/1053 1052/1052/1052
f 1055/1055/1055 1054/1054/1054 1052/1052/1052
f 1044/1044/1044 1052/1052/1052 1149/1149/1149
f 1055/1055/1055 1052/1052/1052 1044/1044/1044
f 1044/1044/1044 1149/1149/1149 1148/1148/1148
f 1045/1045/1045 1055/1055/1055 1044/1044/1044
f 1098/1098/1098 1148/1148/1148 1146/1146/1146
f 1098/1098/1098 1146/1146/1146 1096/1096/1096
f 1043/1043/1043 1044/1044/1044 1148/1148/1148
f 1045/1045/1045 1044/1044/1044 1043/1043/1043
f 1043/1043/1043 1148/1148/1148 1098/1098/1098
f 1058/1058/1058 1045/1045/1045 1043/1043/1043
f 1058/1058/1058 1059/1059/1059 1045/1045/1045
f 1100/1100/1100 1043/1043/1043 1098/1098/1098
f 1100/1100/1100 1058/1058/1058 1043/1043/1043
f 1099/1099/1099 1098/1098/1098 1096/1096/1096
f 1099/1099/1099 1100/1100/1100 1098/1098/1098
f 1097/1097/1097 1096/1096/1096 1094/1094/1094
f 1097/1097/1097 1099/1099/1099 1096/1096/1096
f 1095/1095/1095 1097/1097/1097 1094/1094/1094
f 1109/1109/1109 1100/1100/1100 1099/1099/1099
f 1097/1097/1097 1109/1109/1109 1099/1099/1099
f 1095/1095/1095 1108/1108/1108 1097/1097/1097
f 1097/1097/1097 1108/1108/1108 1109/1109/1109
f 1095/1095/1095 1107/1107/1107 1108/1108/1108
f 1107/1107/1107 1124/1124/1124 1108/1108/1108
f 1124/1124/1124 1109/1109/1109 1108/1108/1108
f 1110/1110/1110 1058/1058/1058 1100/1100/1100
f 1109/1109/1109 1110/1110/1110 1100/1100/1100
f 1046/1046/1046 1059/1059/1059 1058/1058/1058
f 1110/1110/1110 1046/1046/1046 1058/1058/1058
f 1046/1046/1046 1047/1047/1047 1059/1059/1059
f 1124/1124/1124 1126/1126/1126 1109/1109/1109
f 1126/1126/1126 1110/1110/1110 1109/1109/1109
f 1125/1125/1125 1126/1126/1126 1124/1124/1124
f 1127/1127/1127 1046/1046/1046 1110/1110/1110
f 1126/1126/1126 1127/1127/1127 1110/1110/1110
f 1048/1048/1048 1047/1047/1047 1046/1046/1046
f 1127/1127/1127 1048/1048/1048 1046/1046/1046
f 1048/1048/1048 1056/1056/1056 1047/1047/1047
f 1125/1125/1125 1128/1128/1128 1126/1126/1126
f 1128/1128/1128 1127/1127/1127 1126/1126/1126
f 1128/1128/1128 1125/1125/1125 1163/1163/1163
f 1129/1129/1129 1048/1048/1048 1127/1127/1127
f 1128/1128/1128 1129/1129/1129 1127/1127/1127
f 1057/1057/1057 1056/1056/1056 1048/1048/1048
f 1129/1129/1129 1057/1057/1057 1048/1048/1048
f 1057/1057/1057 1160/1160/1160 1056/1056/1056
f 1128/1128/1128 1163/1163/1163 1162/1162/1162
f 1129/1129/1129 1128/1128/1128 1162/1162/1162
f 1070/1070/1070 1162/1162/1162 1163/1163/1163
f 1129/1129/1129 1162/1162/1162 1161/1161/1161
f 1070/1070/1070 1161/1161/1161 1162/1162/1162
f 1057/1057/1057 1129/1129/1129 1161/1161/1161
f 1160/1160/1160 1057/1057/1057 1032/1032/1032
f 1057/1057/1057 1161/1161/1161 1032/1032/1032
f 1160/1160/1160 1032/1032/1032 1033/1033/1033
f 1070/1070/1070 1068/1068/1068 1161/1161/1161
f 1068/1068/1068 1032/1032/1032 1161/1161/1161
f 1068/1068/1068 1070/1070/1070 1067/1067/1067
f 1068/1068/1068 1067/1067/1067 1066/1066/1066
f 1034/1034/1034 1033/1033/1033 1032/1032/1032
f 1068/1068/1068 1034/1034/1034 1032/1032/1032
f 1034/1034/1034 1068/1068/1068 1066/1066/1066
f 1034/1034/1034 1065/1065/1065 1033/1033/1033
f 1034/1034/1034 1066/1066/1066 1064/1064/1064
f 1065/1065/1065 1034/1034/1034 1064/1064/1064
f 1065/1065/1065 1064/1064/1064 1038/1038/1038
f 1039/1039/1039 1065/1065/1065 1038/1038/1038
f 1039/1039/1039 1038/1038/1038 1037/1037/1037
f 1311/1311/1311 1039/1039/1039 1037/1037/1037
f 1035/1035/1035 1311/1311/1311 1037/1037/1037
f 1036/1036/1036 1315/1315/1315 1035/1035/1035
f 1037/1037/1037 1036/1036/1036 1035/1035/1035
f 1037/1037/1037 1312/1312/1312 1036/1036/1036
f 1312/1312/1312 1314/1314/1314 1036/1036/1036
f 1037/1037/1037 1313/1313/1313 1312/1312/1312
f 3/3/3 2/2/2 1/1/1
f 3/3/3 1/1/1 591/591/591
f 1/1/1 2/2/2 338/338/338
f 3/3/3 591/591/591 428/428/428
f 1/1/1 338/338/338 472/472/472
f 485/485/485 591/591/591 1/1/1
f 485/485/485 1/1/1 472/472/472
f 587/587/587 472/472/472 338/338/338
f 485/485/485 472/472/472 587/587/587
f 2/2/2 213/213/213 338/338/338
f 587/587/587 338/338/338 104/104/104
f 104/104/104 338/338/338 213/213/213
f 485/485/485 587/587/587 486/486/486
f 591/591/591 485/485/485 543/543/543
f 486/486/486 543/543/543 485/485/485
f 104/104/104 183/183/183 587/587/587
f 486/486/486 587/587/587 183/183/183
f 591/591/591 543/543/543 510/510/510
f 428/428/428 591/591/591 510/510/510
f 486/486/486 435/435/435 543/543/543
f 79/79/79 510/510/510 543/543/543
f 79/79/79 543/543/543 435/435/435
f 486/486/486 183/183/183 167/167/167
f 167/167/167 435/435/435 486/486/486
f 104/104/104 105/105/105 183/183/183
f 167/167/167 20/20/20 435/435/435
f 106/106/106 105/105/105 104/104/104
f 104/104/104 213/213/213 106/106/106
f 20/20/20 78/78/78 435/435/435
f 79/79/79 435/435/435 78/78/78
f 183/183/183 166/166/166 167/167/167
f 19/19/19 20/20/20 167/167/167
f 19/19/19 167/167/167 166/166/166
f 183/183/183 184/184/184 166/166/166
f 105/105/105 184/184/184 183/183/183
f 185/185/185 19/19/19 166/166/166
f 184/184/184 185/185/185 166/166/166
f 21/21/21 20/20/20 19/19/19
f 20/20/20 22/22/22 78/78/78
f 21/21/21 22/22/22 20/20/20
f 185/185/185 542/542/542 19/19/19
f 542/542/542 21/21/21 19/19/19
f 509/509/509 78/78/78 22/22/22
f 23/23/23 22/22/22 21/21/21
f 23/23/23 509/509/509 22/22/22
f 509/509/509 80/80/80 78/78/78
f 80/80/80 79/79/79 78/78/78
f 379/379/379 509/509/509 23/23/23
f 80/80/80 509/509/509 99/99/99
f 379/379/379 99/99/99 509/509/509
f 80/80/80 220/220/220 79/79/79
f 80/80/80 99/99/99 100/100/100
f 100/100/100 220/220/220 80/80/80
f 220/220/220 230/230/230 79/79/79
f 79/79/79 230/230/230 510/510/510
f 100/100/100 222/222/222 220/220/220
f 429/429/429 510/510/510 230/230/230
f 428/428/428 510/510/510 429/429/429
f 220/220/220 221/221/221 230/230/230
f 222/222/222 221/221/221 220/220/220
f 429/429/429 230/230/230 231/231/231
f 221/221/221 231/231/231 230/230/230
f 429/429/429 24/24/24 428/428/428
f 221/221/221 202/202/202 231/231/231
f 428/428/428 24/24/24 25/25/25
f 428/428/428 25/25/25 3/3/3
f 429/429/429 231/231/231 525/525/525
f 25/25/25 40/40/40 3/3/3
f 3/3/3 40/40/40 2/2/2
f 429/429/429 502/502/502 24/24/24
f 429/429/429 525/525/525 502/502/502
f 108/108/108 2/2/2 40/40/40
f 2/2/2 108/108/108 213/213/213
f 102/102/102 525/525/525 231/231/231
f 102/102/102 231/231/231 202/202/202
f 526/526/526 213/213/213 108/108/108
f 526/526/526 106/106/106 213/213/213
f 108/108/108 40/40/40 107/107/107
f 526/526/526 108/108/108 442/442/442
f 442/442/442 108/108/108 107/107/107
f 526/526/526 194/194/194 106/106/106
f 115/115/115 107/107/107 40/40/40
f 25/25/25 115/115/115 40/40/40
f 194/194/194 193/193/193 106/106/106
f 106/106/106 193/193/193 105/105/105
f 194/194/194 526/526/526 576/576/576
f 576/576/576 526/526/526 442/442/442
f 487/487/487 105/105/105 193/193/193
f 105/105/105 487/487/487 184/184/184
f 194/194/194 287/287/287 193/193/193
f 487/487/487 193/193/193 471/471/471
f 471/471/471 193/193/193 287/287/287
f 44/44/44 184/184/184 487/487/487
f 476/476/476 287/287/287 194/194/194
f 194/194/194 576/576/576 476/476/476
f 490/490/490 487/487/487 471/471/471
f 490/490/490 44/44/44 487/487/487
f 471/471/471 287/287/287 283/283/283
f 44/44/44 45/45/45 184/184/184
f 184/184/184 45/45/45 185/185/185
f 288/288/288 283/283/283 287/287/287
f 476/476/476 288/288/288 287/287/287
f 281/281/281 471/471/471 283/283/283
f 281/281/281 490/490/490 471/471/471
f 288/288/288 563/563/563 283/283/283
f 490/490/490 281/281/281 572/572/572
f 283/283/283 563/563/563 282/282/282
f 283/283/283 282/282/282 281/281/281
f 490/490/490 572/572/572 491/491/491
f 491/491/491 44/44/44 490/490/490
f 281/281/281 499/499/499 572/572/572
f 281/281/281 282/282/282 499/499/499
f 491/491/491 572/572/572 500/500/500
f 500/500/500 572/572/572 499/499/499
f 491/491/491 46/46/46 44/44/44
f 46/46/46 45/45/45 44/44/44
f 491/491/491 500/500/500 536/536/536
f 536/536/536 46/46/46 491/491/491
f 46/46/46 521/521/521 45/45/45
f 521/521/521 185/185/185 45/45/45
f 536/536/536 537/537/537 46/46/46
f 537/537/537 521/521/521 46/46/46
f 521/521/521 568/568/568 185/185/185
f 568/568/568 542/542/542 185/185/185
f 537/537/537 569/569/569 521/521/521
f 569/569/569 568/568/568 521/521/521
f 538/538/538 537/537/537 536/536/536
f 536/536/536 500/500/500 548/548/548
f 536/536/536 548/548/548 538/538/538
f 569/569/569 537/537/537 559/559/559
f 538/538/538 559/559/559 537/537/537
f 498/498/498 548/548/548 500/500/500
f 500/500/500 499/499/499 498/498/498
f 599/599/599 538/538/538 548/548/548
f 498/498/498 499/499/499 378/378/378
f 560/560/560 559/559/559 538/538/538
f 599/599/599 560/560/560 538/538/538
f 498/498/498 421/421/421 548/548/548
f 599/599/599 548/548/548 421/421/421
f 498/498/498 378/378/378 410/410/410
f 421/421/421 498/498/498 410/410/410
f 499/499/499 377/377/377 378/378/378
f 499/499/499 282/282/282 377/377/377
f 410/410/410 378/378/378 376/376/376
f 376/376/376 378/378/378 377/377/377
f 421/421/421 410/410/410 372/372/372
f 282/282/282 240/240/240 377/377/377
f 282/282/282 563/563/563 240/240/240
f 410/410/410 376/376/376 365/365/365
f 365/365/365 372/372/372 410/410/410
f 377/377/377 174/174/174 376/376/376
f 174/174/174 365/365/365 376/376/376
f 373/373/373 421/421/421 372/372/372
f 599/599/599 421/421/421 373/373/373
f 365/365/365 366/366/366 372/372/372
f 373/373/373 372/372/372 368/368/368
f 366/366/366 368/368/368 372/372/372
f 398/398/398 599/599/599 373/373/373
f 367/367/367 366/366/366 365/365/365
f 174/174/174 367/367/367 365/365/365
f 368/368/368 374/374/374 373/373/373
f 398/398/398 373/373/373 374/374/374
f 174/174/174 377/377/377 85/85/85
f 85/85/85 377/377/377 240/240/240
f 600/600/600 599/599/599 398/398/398
f 600/600/600 560/560/560 599/599/599
f 174/174/174 85/85/85 162/162/162
f 367/367/367 174/174/174 162/162/162
f 617/617/617 560/560/560 600/600/600
f 560/560/560 617/617/617 559/559/559
f 168/168/168 600/600/600 398/398/398
f 617/617/617 600/600/600 168/168/168
f 603/603/603 559/559/559 617/617/617
f 569/569/569 559/559/559 603/603/603
f 168/168/168 398/398/398 170/170/170
f 170/170/170 398/398/398 374/374/374
f 605/605/605 569/569/569 603/603/603
f 569/569/569 605/605/605 568/568/568
f 603/603/603 617/617/617 540/540/540
f 605/605/605 610/610/610 568/568/568
f 568/568/568 610/610/610 542/542/542
f 605/605/605 603/603/603 541/541/541
f 541/541/541 603/603/603 540/540/540
f 605/605/605 606/606/606 610/610/610
f 541/541/541 606/606/606 605/605/605
f 611/611/611 542/542/542 610/610/610
f 541/541/541 520/520/520 606/606/606
f 496/496/496 610/610/610 606/606/606
f 496/496/496 611/611/611 610/610/610
f 496/496/496 606/606/606 520/520/520
f 611/611/611 535/535/535 542/542/542
f 542/542/542 535/535/535 21/21/21
f 516/516/516 611/611/611 496/496/496
f 535/535/535 611/611/611 516/516/516
f 21/21/21 535/535/535 50/50/50
f 535/535/535 516/516/516 50/50/50
f 21/21/21 50/50/50 23/23/23
f 539/539/539 520/520/520 541/541/541
f 541/541/541 540/540/540 539/539/539
f 494/494/494 23/23/23 50/50/50
f 494/494/494 379/379/379 23/23/23
f 50/50/50 516/516/516 564/564/564
f 50/50/50 564/564/564 494/494/494
f 540/540/540 617/617/617 557/557/557
f 168/168/168 557/557/557 617/617/617
f 618/618/618 539/539/539 540/540/540
f 540/540/540 557/557/557 618/618/618
f 168/168/168 169/169/169 557/557/557
f 170/170/170 169/169/169 168/168/168
f 618/618/618 557/557/557 558/558/558
f 169/169/169 558/558/558 557/557/557
f 618/618/618 301/301/301 539/539/539
f 170/170/170 31/31/31 169/169/169
f 169/169/169 31/31/31 558/558/558
f 301/301/301 177/177/177 539/539/539
f 539/539/539 177/177/177 520/520/520
f 301/301/301 618/618/618 300/300/300
f 618/618/618 558/558/558 300/300/300
f 178/178/178 520/520/520 177/177/177
f 496/496/496 520/520/520 178/178/178
f 301/301/301 604/604/604 177/177/177
f 178/178/178 216/216/216 496/496/496
f 516/516/516 496/496/496 216/216/216
f 178/178/178 177/177/177 176/176/176
f 604/604/604 176/176/176 177/177/177
f 516/516/516 216/216/216 214/214/214
f 516/516/516 214/214/214 564/564/564
f 178/178/178 594/594/594 216/216/216
f 118/118/118 564/564/564 214/214/214
f 216/216/216 594/594/594 215/215/215
f 216/216/216 215/215/215 214/214/214
f 294/294/294 594/594/594 178/178/178
f 294/294/294 178/178/178 176/176/176
f 214/214/214 215/215/215 325/325/325
f 214/214/214 325/325/325 118/118/118
f 215/215/215 594/594/594 595/595/595
f 294/294/294 595/595/595 594/594/594
f 326/326/326 325/325/325 215/215/215
f 118/118/118 570/570/570 564/564/564
f 570/570/570 494/494/494 564/564/564
f 118/118/118 325/325/325 117/117/117
f 117/117/117 325/325/325 326/326/326
f 116/116/116 570/570/570 118/118/118
f 118/118/118 117/117/117 116/116/116
f 570/570/570 608/608/608 494/494/494
f 608/608/608 379/379/379 494/494/494
f 116/116/116 314/314/314 570/570/570
f 314/314/314 608/608/608 570/570/570
f 608/608/608 27/27/27 379/379/379
f 27/27/27 99/99/99 379/379/379
f 314/314/314 57/57/57 608/608/608
f 27/27/27 608/608/608 57/57/57
f 27/27/27 28/28/28 99/99/99
f 28/28/28 100/100/100 99/99/99
f 27/27/27 57/57/57 29/29/29
f 29/29/29 28/28/28 27/27/27
f 28/28/28 238/238/238 100/100/100
f 222/222/222 100/100/100 238/238/238
f 29/29/29 135/135/135 28/28/28
f 135/135/135 238/238/238 28/28/28
f 571/571/571 29/29/29 57/57/57
f 222/222/222 238/238/238 10/10/10
f 315/315/315 57/57/57 314/314/314
f 315/315/315 571/571/571 57/57/57
f 330/330/330 314/314/314 116/116/116
f 330/330/330 315/315/315 314/314/314
f 571/571/571 555/555/555 29/29/29
f 555/555/555 135/135/135 29/29/29
f 631/631/631 571/571/571 315/315/315
f 135/135/135 136/136/136 238/238/238
f 136/136/136 10/10/10 238/238/238
f 555/555/555 137/137/137 135/135/135
f 137/137/137 136/136/136 135/135/135
f 555/555/555 571/571/571 385/385/385
f 631/631/631 385/385/385 571/571/571
f 224/224/224 137/137/137 555/555/555
f 555/555/555 385/385/385 224/224/224
f 137/137/137 546/546/546 136/136/136
f 224/224/224 225/225/225 137/137/137
f 225/225/225 546/546/546 137/137/137
f 311/311/311 224/224/224 385/385/385
f 546/546/546 12/12/12 136/136/136
f 136/136/136 12/12/12 10/10/10
f 226/226/226 225/225/225 224/224/224
f 311/311/311 226/226/226 224/224/224
f 225/225/225 436/436/436 546/546/546
f 226/226/226 61/61/61 225/225/225
f 436/436/436 225/225/225 61/61/61
f 311/311/311 243/243/243 226/226/226
f 243/243/243 61/61/61 226/226/226
f 385/385/385 310/310/310 311/311/311
f 385/385/385 631/631/631 310/310/310
f 311/311/311 242/242/242 243/243/243
f 242/242/242 311/311/311 310/310/310
f 315/315/315 573/573/573 631/631/631
f 315/315/315 330/330/330 573/573/573
f 631/631/631 614/614/614 310/310/310
f 631/631/631 573/573/573 614/614/614
f 312/312/312 242/242/242 310/310/310
f 312/312/312 310/310/310 614/614/614
f 244/244/244 243/243/243 242/242/242
f 313/313/313 244/244/244 242/242/242
f 313/313/313 242/242/242 312/312/312
f 244/244/244 291/291/291 243/243/243
f 633/633/633 313/313/313 312/312/312
f 291/291/291 63/63/63 243/243/243
f 243/243/243 63/63/63 61/61/61
f 291/291/291 598/598/598 63/63/63
f 633/633/633 312/312/312 632/632/632
f 614/614/614 632/632/632 312/312/312
f 638/638/638 633/633/633 632/632/632
f 223/223/223 63/63/63 598/598/598
f 223/223/223 598/598/598 566/566/566
f 63/63/63 62/62/62 61/61/61
f 63/63/63 223/223/223 62/62/62
f 436/436/436 61/61/61 62/62/62
f 566/566/566 212/212/212 223/223/223
f 566/566/566 466/466/466 212/212/212
f 64/64/64 62/62/62 223/223/223
f 64/64/64 223/223/223 212/212/212
f 65/65/65 436/436/436 62/62/62
f 65/65/65 62/62/62 64/64/64
f 467/467/467 212/212/212 466/466/466
f 467/467/467 466/466/466 465/465/465
f 467/467/467 465/465/465 514/514/514
f 212/212/212 211/211/211 64/64/64
f 212/212/212 467/467/467 211/211/211
f 64/64/64 207/207/207 65/65/65
f 64/64/64 211/211/211 207/207/207
f 265/265/265 436/436/436 65/65/65
f 265/265/265 546/546/546 436/436/436
f 546/546/546 265/265/265 12/12/12
f 264/264/264 65/65/65 207/207/207
f 264/264/264 265/265/265 65/65/65
f 266/266/266 12/12/12 265/265/265
f 266/266/266 265/265/265 264/264/264
f 12/12/12 266/266/266 11/11/11
f 12/12/12 11/11/11 10/10/10
f 77/77/77 266/266/266 264/264/264
f 10/10/10 11/11/11 460/460/460
f 10/10/10 460/460/460 222/222/222
f 222/222/222 460/460/460 221/221/221
f 460/460/460 202/202/202 221/221/221
f 266/266/266 331/331/331 11/11/11
f 266/266/266 77/77/77 331/331/331
f 11/11/11 201/201/201 460/460/460
f 460/460/460 201/201/201 202/202/202
f 11/11/11 331/331/331 201/201/201
f 101/101/101 202/202/202 201/201/201
f 101/101/101 102/102/102 202/202/202
f 201/201/201 331/331/331 271/271/271
f 201/201/201 271/271/271 101/101/101
f 331/331/331 77/77/77 76/76/76
f 331/331/331 76/76/76 271/271/271
f 77/77/77 264/264/264 208/208/208
f 208/208/208 264/264/264 207/207/207
f 77/77/77 72/72/72 76/76/76
f 77/77/77 208/208/208 72/72/72
f 208/208/208 207/207/207 206/206/206
f 206/206/206 207/207/207 211/211/211
f 208/208/208 495/495/495 72/72/72
f 208/208/208 206/206/206 495/495/495
f 206/206/206 211/211/211 255/255/255
f 255/255/255 211/211/211 467/467/467
f 206/206/206 298/298/298 495/495/495
f 206/206/206 255/255/255 298/298/298
f 255/255/255 467/467/467 513/513/513
f 298/298/298 255/255/255 513/513/513
f 467/467/467 514/514/514 513/513/513
f 514/514/514 204/204/204 513/513/513
f 298/298/298 513/513/513 204/204/204
f 514/514/514 203/203/203 204/204/204
f 205/205/205 204/204/204 203/203/203
f 205/205/205 297/297/297 204/204/204
f 298/298/298 204/204/204 297/297/297
f 297/297/297 205/205/205 431/431/431
f 495/495/495 298/298/298 296/296/296
f 298/298/298 297/297/297 296/296/296
f 297/297/297 431/431/431 430/430/430
f 296/296/296 297/297/297 430/430/430
f 430/430/430 431/431/431 601/601/601
f 495/495/495 296/296/296 71/71/71
f 72/72/72 495/495/495 71/71/71
f 296/296/296 430/430/430 449/449/449
f 71/71/71 296/296/296 449/449/449
f 430/430/430 601/601/601 447/447/447
f 449/449/449 430/430/430 447/447/447
f 447/447/447 601/601/601 446/446/446
f 72/72/72 71/71/71 70/70/70
f 76/76/76 72/72/72 70/70/70
f 447/447/447 446/446/446 433/433/433
f 433/433/433 446/446/446 547/547/547
f 449/449/449 447/447/447 434/434/434
f 434/434/434 447/447/447 433/433/433
f 71/71/71 449/449/449 448/448/448
f 448/448/448 449/449/449 434/434/434
f 70/70/70 71/71/71 448/448/448
f 434/434/434 433/433/433 432/432/432
f 76/76/76 70/70/70 270/270/270
f 271/271/271 76/76/76 270/270/270
f 70/70/70 448/448/448 522/522/522
f 270/270/270 70/70/70 522/522/522
f 448/448/448 434/434/434 531/531/531
f 522/522/522 448/448/448 531/531/531
f 531/531/531 434/434/434 432/432/432
f 271/271/271 270/270/270 269/269/269
f 101/101/101 271/271/271 269/269/269
f 270/270/270 522/522/522 83/83/83
f 269/269/269 270/270/270 83/83/83
f 522/522/522 531/531/531 82/82/82
f 83/83/83 522/522/522 82/82/82
f 101/101/101 269/269/269 103/103/103
f 103/103/103 102/102/102 101/101/101
f 269/269/269 83/83/83 309/309/309
f 103/103/103 269/269/269 309/309/309
f 83/83/83 82/82/82 81/81/81
f 309/309/309 83/83/83 81/81/81
f 82/82/82 531/531/531 254/254/254
f 531/531/531 432/432/432 254/254/254
f 81/81/81 82/82/82 253/253/253
f 82/82/82 254/254/254 253/253/253
f 103/103/103 504/504/504 102/102/102
f 525/525/525 102/102/102 504/504/504
f 103/103/103 309/309/309 303/303/303
f 303/303/303 504/504/504 103/103/103
f 309/309/309 81/81/81 302/302/302
f 303/303/303 309/309/309 302/302/302
f 525/525/525 504/504/504 501/501/501
f 502/502/502 525/525/525 501/501/501
f 303/303/303 332/332/332 504/504/504
f 332/332/332 501/501/501 504/504/504
f 303/303/303 302/302/302 67/67/67
f 67/67/67 332/332/332 303/303/303
f 302/302/302 81/81/81 43/43/43
f 81/81/81 253/253/253 43/43/43
f 67/67/67 302/302/302 66/66/66
f 302/302/302 43/43/43 66/66/66
f 502/502/502 501/501/501 36/36/36
f 24/24/24 502/502/502 36/36/36
f 332/332/332 69/69/69 501/501/501
f 36/36/36 501/501/501 69/69/69
f 67/67/67 259/259/259 332/332/332
f 259/259/259 69/69/69 332/332/332
f 24/24/24 36/36/36 26/26/26
f 26/26/26 25/25/25 24/24/24
f 36/36/36 69/69/69 68/68/68
f 26/26/26 36/36/36 68/68/68
f 259/259/259 260/260/260 69/69/69
f 68/68/68 69/69/69 260/260/260
f 35/35/35 259/259/259 67/67/67
f 67/67/67 66/66/66 35/35/35
f 261/261/261 260/260/260 259/259/259
f 35/35/35 261/261/261 259/259/259
f 68/68/68 260/260/260 286/286/286
f 35/35/35 66/66/66 34/34/34
f 26/26/26 68/68/68 179/179/179
f 179/179/179 68/68/68 286/286/286
f 26/26/26 188/188/188 25/25/25
f 179/179/179 188/188/188 26/26/26
f 286/286/286 260/260/260 285/285/285
f 261/261/261 285/285/285 260/260/260
f 189/189/189 25/25/25 188/188/188
f 189/189/189 115/115/115 25/25/25
f 33/33/33 261/261/261 35/35/35
f 35/35/35 34/34/34 33/33/33
f 523/523/523 285/285/285 261/261/261
f 33/33/33 523/523/523 261/261/261
f 286/286/286 285/285/285 284/284/284
f 523/523/523 455/455/455 285/285/285
f 284/284/284 285/285/285 455/455/455
f 179/179/179 286/286/286 550/550/550
f 550/550/550 286/286/286 284/284/284
f 179/179/179 493/493/493 188/188/188
f 550/550/550 493/493/493 179/179/179
f 188/188/188 493/493/493 492/492/492
f 188/188/188 492/492/492 189/189/189
f 550/550/550 588/588/588 493/493/493
f 550/550/550 284/284/284 252/252/252
f 252/252/252 588/588/588 550/550/550
f 493/493/493 489/489/489 492/492/492
f 493/493/493 588/588/588 489/489/489
f 252/252/252 284/284/284 251/251/251
f 284/284/284 455/455/455 251/251/251
f 252/252/252 454/454/454 588/588/588
f 455/455/455 990/990/990 251/251/251
f 588/588/588 113/113/113 489/489/489
f 588/588/588 454/454/454 113/113/113
f 252/252/252 251/251/251 250/250/250
f 250/250/250 454/454/454 252/252/252
f 251/251/251 990/990/990 738/738/738
f 251/251/251 738/738/738 250/250/250
f 455/455/455 651/651/651 990/990/990
f 523/523/523 651/651/651 455/455/455
f 250/250/250 759/759/759 454/454/454
f 523/523/523 653/653/653 651/651/651
f 33/33/33 653/653/653 523/523/523
f 454/454/454 759/759/759 112/112/112
f 454/454/454 112/112/112 113/113/113
f 250/250/250 751/751/751 759/759/759
f 751/751/751 112/112/112 759/759/759
f 250/250/250 738/738/738 751/751/751
f 114/114/114 113/113/113 112/112/112
f 751/751/751 752/752/752 112/112/112
f 752/752/752 114/114/114 112/112/112
f 738/738/738 753/753/753 751/751/751
f 753/753/753 752/752/752 751/751/751
f 114/114/114 138/138/138 113/113/113
f 489/489/489 113/113/113 138/138/138
f 752/752/752 926/926/926 114/114/114
f 489/489/489 138/138/138 139/139/139
f 492/492/492 489/489/489 139/139/139
f 138/138/138 114/114/114 562/562/562
f 926/926/926 562/562/562 114/114/114
f 140/140/140 139/139/139 138/138/138
f 138/138/138 562/562/562 140/140/140
f 492/492/492 139/139/139 192/192/192
f 189/189/189 492/492/492 192/192/192
f 140/140/140 450/450/450 139/139/139
f 450/450/450 192/192/192 139/139/139
f 549/549/549 140/140/140 562/562/562
f 450/450/450 140/140/140 549/549/549
f 189/189/189 192/192/192 191/191/191
f 191/191/191 115/115/115 189/189/189
f 450/450/450 481/481/481 192/192/192
f 191/191/191 192/192/192 481/481/481
f 450/450/450 549/549/549 278/278/278
f 278/278/278 481/481/481 450/450/450
f 191/191/191 233/233/233 115/115/115
f 115/115/115 233/233/233 107/107/107
f 191/191/191 481/481/481 277/277/277
f 233/233/233 191/191/191 277/277/277
f 278/278/278 380/380/380 481/481/481
f 380/380/380 277/277/277 481/481/481
f 234/234/234 107/107/107 233/233/233
f 442/442/442 107/107/107 234/234/234
f 233/233/233 277/277/277 232/232/232
f 234/234/234 233/233/233 232/232/232
f 380/380/380 229/229/229 277/277/277
f 229/229/229 232/232/232 277/277/277
f 469/469/469 442/442/442 234/234/234
f 576/576/576 442/442/442 469/469/469
f 249/249/249 234/234/234 232/232/232
f 469/469/469 234/234/234 249/249/249
f 229/229/229 248/248/248 232/232/232
f 249/249/249 232/232/232 248/248/248
f 470/470/470 576/576/576 469/469/469
f 476/476/476 576/576/576 470/470/470
f 468/468/468 469/469/469 249/249/249
f 470/470/470 469/469/469 468/468/468
f 17/17/17 249/249/249 248/248/248
f 468/468/468 249/249/249 17/17/17
f 476/476/476 470/470/470 475/475/475
f 475/475/475 288/288/288 476/476/476
f 427/427/427 470/470/470 468/468/468
f 475/475/475 470/470/470 427/427/427
f 18/18/18 468/468/468 17/17/17
f 427/427/427 468/468/468 18/18/18
f 475/475/475 239/239/239 288/288/288
f 239/239/239 563/563/563 288/288/288
f 239/239/239 240/240/240 563/563/563
f 475/475/475 427/427/427 477/477/477
f 477/477/477 239/239/239 475/475/475
f 18/18/18 209/209/209 427/427/427
f 477/477/477 427/427/427 209/209/209
f 241/241/241 240/240/240 239/239/239
f 477/477/477 241/241/241 239/239/239
f 241/241/241 84/84/84 240/240/240
f 85/85/85 240/240/240 84/84/84
f 276/276/276 241/241/241 477/477/477
f 477/477/477 209/209/209 276/276/276
f 459/459/459 84/84/84 241/241/241
f 276/276/276 459/459/459 241/241/241
f 39/39/39 85/85/85 84/84/84
f 459/459/459 39/39/39 84/84/84
f 276/276/276 209/209/209 198/198/198
f 39/39/39 161/161/161 85/85/85
f 162/162/162 85/85/85 161/161/161
f 275/275/275 459/459/459 276/276/276
f 276/276/276 198/198/198 275/275/275
f 39/39/39 459/459/459 38/38/38
f 275/275/275 38/38/38 459/459/459
f 37/37/37 161/161/161 39/39/39
f 39/39/39 38/38/38 37/37/37
f 210/210/210 198/198/198 209/209/209
f 18/18/18 210/210/210 209/209/209
f 275/275/275 198/198/198 199/199/199
f 210/210/210 18/18/18 16/16/16
f 18/18/18 17/17/17 16/16/16
f 210/210/210 200/200/200 198/198/198
f 200/200/200 199/199/199 198/198/198
f 210/210/210 16/16/16 304/304/304
f 304/304/304 200/200/200 210/210/210
f 305/305/305 16/16/16 17/17/17
f 17/17/17 248/248/248 305/305/305
f 304/304/304 16/16/16 497/497/497
f 305/305/305 497/497/497 16/16/16
f 227/227/227 305/305/305 248/248/248
f 227/227/227 248/248/248 229/229/229
f 305/305/305 503/503/503 497/497/497
f 305/305/305 227/227/227 503/503/503
f 229/229/229 228/228/228 227/227/227
f 229/229/229 380/380/380 228/228/228
f 227/227/227 110/110/110 503/503/503
f 227/227/227 228/228/228 110/110/110
f 258/258/258 228/228/228 380/380/380
f 258/258/258 380/380/380 278/278/278
f 228/228/228 109/109/109 110/110/110
f 228/228/228 258/258/258 109/109/109
f 278/278/278 267/267/267 258/258/258
f 278/278/278 549/549/549 267/267/267
f 258/258/258 257/257/257 109/109/109
f 258/258/258 267/267/267 257/257/257
f 267/267/267 549/549/549 524/524/524
f 549/549/549 562/562/562 524/524/524
f 268/268/268 257/257/257 267/267/267
f 267/267/267 524/524/524 268/268/268
f 795/795/795 524/524/524 562/562/562
f 926/926/926 795/795/795 562/562/562
f 796/796/796 268/268/268 524/524/524
f 795/795/795 796/796/796 524/524/524
f 268/268/268 533/533/533 257/257/257
f 923/923/923 795/795/795 926/926/926
f 109/109/109 257/257/257 532/532/532
f 533/533/533 532/532/532 257/257/257
f 111/111/111 110/110/110 109/109/109
f 109/109/109 532/532/532 111/111/111
f 774/774/774 533/533/533 268/268/268
f 796/796/796 774/774/774 268/268/268
f 111/111/111 551/551/551 110/110/110
f 503/503/503 110/110/110 551/551/551
f 794/794/794 796/796/796 795/795/795
f 923/923/923 794/794/794 795/795/795
f 792/792/792 774/774/774 796/796/796
f 794/794/794 792/792/792 796/796/796
f 503/503/503 551/551/551 86/86/86
f 497/497/497 503/503/503 86/86/86
f 794/794/794 793/793/793 792/792/792
f 497/497/497 86/86/86 87/87/87
f 304/304/304 497/497/497 87/87/87
f 792/792/792 776/776/776 774/774/774
f 793/793/793 776/776/776 792/792/792
f 295/295/295 304/304/304 87/87/87
f 304/304/304 295/295/295 200/200/200
f 794/794/794 922/922/922 793/793/793
f 923/923/923 922/922/922 794/794/794
f 295/295/295 457/457/457 200/200/200
f 200/200/200 457/457/457 199/199/199
f 295/295/295 87/87/87 59/59/59
f 295/295/295 60/60/60 457/457/457
f 60/60/60 295/295/295 59/59/59
f 484/484/484 199/199/199 457/457/457
f 88/88/88 59/59/59 87/87/87
f 88/88/88 87/87/87 86/86/86
f 462/462/462 457/457/457 60/60/60
f 484/484/484 457/457/457 462/462/462
f 534/534/534 88/88/88 86/86/86
f 534/534/534 86/86/86 551/551/551
f 515/515/515 199/199/199 484/484/484
f 275/275/275 199/199/199 515/515/515
f 515/515/515 38/38/38 275/275/275
f 196/196/196 534/534/534 551/551/551
f 196/196/196 551/551/551 111/111/111
f 515/515/515 190/190/190 38/38/38
f 190/190/190 37/37/37 38/38/38
f 515/515/515 484/484/484 483/483/483
f 190/190/190 515/515/515 483/483/483
f 195/195/195 196/196/196 111/111/111
f 195/195/195 111/111/111 532/532/532
f 443/443/443 483/483/483 484/484/484
f 443/443/443 484/484/484 462/462/462
f 195/195/195 532/532/532 480/480/480
f 533/533/533 480/480/480 532/532/532
f 197/197/197 196/196/196 195/195/195
f 775/775/775 480/480/480 533/533/533
f 774/774/774 775/775/775 533/533/533
f 776/776/776 775/775/775 774/774/774
f 195/195/195 480/480/480 290/290/290
f 197/197/197 195/195/195 290/290/290
f 775/775/775 919/919/919 480/480/480
f 919/919/919 290/290/290 480/480/480
f 776/776/776 682/682/682 775/775/775
f 919/919/919 775/775/775 682/682/682
f 197/197/197 511/511/511 196/196/196
f 511/511/511 534/534/534 196/196/196
f 919/919/919 682/682/682 662/662/662
f 511/511/511 512/512/512 534/534/534
f 88/88/88 534/534/534 512/512/512
f 776/776/776 683/683/683 682/682/682
f 683/683/683 662/662/662 682/682/682
f 88/88/88 512/512/512 488/488/488
f 488/488/488 59/59/59 88/88/88
f 663/663/663 919/919/919 662/662/662
f 919/919/919 663/663/663 290/290/290
f 488/488/488 58/58/58 59/59/59
f 60/60/60 59/59/59 58/58/58
f 663/663/663 289/289/289 290/290/290
f 197/197/197 290/290/290 289/289/289
f 479/479/479 60/60/60 58/58/58
f 462/462/462 60/60/60 479/479/479
f 438/438/438 197/197/197 289/289/289
f 438/438/438 511/511/511 197/197/197
f 461/461/461 462/462/462 479/479/479
f 443/443/443 462/462/462 461/461/461
f 73/73/73 512/512/512 511/511/511
f 438/438/438 73/73/73 511/511/511
f 488/488/488 512/512/512 74/74/74
f 73/73/73 74/74/74 512/512/512
f 262/262/262 58/58/58 488/488/488
f 488/488/488 74/74/74 262/262/262
f 479/479/479 58/58/58 478/478/478
f 262/262/262 478/478/478 58/58/58
f 461/461/461 479/479/479 335/335/335
f 335/335/335 479/479/479 478/478/478
f 445/445/445 443/443/443 461/461/461
f 336/336/336 461/461/461 335/335/335
f 445/445/445 461/461/461 336/336/336
f 336/336/336 335/335/335 334/334/334
f 445/445/445 444/444/444 443/443/443
f 443/443/443 444/444/444 483/483/483
f 445/445/445 592/592/592 444/444/444
f 334/334/334 335/335/335 181/181/181
f 335/335/335 478/478/478 181/181/181
f 334/334/334 181/181/181 586/586/586
f 182/182/182 586/586/586 181/181/181
f 180/180/180 181/181/181 478/478/478
f 182/182/182 181/181/181 180/180/180
f 180/180/180 478/478/478 262/262/262
f 458/458/458 182/182/182 180/180/180
f 263/263/263 180/180/180 262/262/262
f 458/458/458 180/180/180 263/263/263
f 263/263/263 262/262/262 74/74/74
f 567/567/567 458/458/458 263/263/263
f 75/75/75 263/263/263 74/74/74
f 567/567/567 263/263/263 75/75/75
f 75/75/75 74/74/74 73/73/73
f 451/451/451 567/567/567 75/75/75
f 453/453/453 75/75/75 73/73/73
f 451/451/451 75/75/75 453/453/453
f 453/453/453 73/73/73 438/438/438
f 453/453/453 452/452/452 451/451/451
f 439/439/439 453/453/453 438/438/438
f 453/453/453 439/439/439 452/452/452
f 439/439/439 438/438/438 437/437/437
f 438/438/438 289/289/289 437/437/437
f 766/766/766 452/452/452 439/439/439
f 766/766/766 958/958/958 452/452/452
f 830/830/830 439/439/439 437/437/437
f 830/830/830 766/766/766 439/439/439
f 758/758/758 437/437/437 289/289/289
f 758/758/758 830/830/830 437/437/437
f 663/663/663 758/758/758 289/289/289
f 786/786/786 958/958/958 766/766/766
f 786/786/786 966/966/966 958/958/958
f 786/786/786 967/967/967 966/966/966
f 788/788/788 766/766/766 830/830/830
f 788/788/788 786/786/786 766/766/766
f 786/786/786 787/787/787 967/967/967
f 788/788/788 787/787/787 786/786/786
f 787/787/787 1008/1008/1008 967/967/967
f 830/830/830 913/913/913 788/788/788
f 830/830/830 758/758/758 913/913/913
f 788/788/788 918/918/918 787/787/787
f 913/913/913 918/918/918 788/788/788
f 787/787/787 959/959/959 1008/1008/1008
f 918/918/918 959/959/959 787/787/787
f 959/959/959 1031/1031/1031 1008/1008/1008
f 661/661/661 758/758/758 663/663/663
f 661/661/661 913/913/913 758/758/758
f 663/663/663 662/662/662 661/661/661
f 959/959/959 703/703/703 1031/1031/1031
f 747/747/747 1031/1031/1031 703/703/703
f 661/661/661 662/662/662 732/732/732
f 683/683/683 732/732/732 662/662/662
f 661/661/661 914/914/914 913/913/913
f 913/913/913 914/914/914 918/918/918
f 661/661/661 732/732/732 982/982/982
f 661/661/661 982/982/982 914/914/914
f 918/918/918 702/702/702 959/959/959
f 914/914/914 702/702/702 918/918/918
f 703/703/703 959/959/959 702/702/702
f 846/846/846 914/914/914 982/982/982
f 747/747/747 703/703/703 684/684/684
f 684/684/684 710/710/710 747/747/747
f 848/848/848 982/982/982 732/732/732
f 848/848/848 846/846/846 982/982/982
f 701/701/701 684/684/684 703/703/703
f 703/703/703 702/702/702 701/701/701
f 684/684/684 685/685/685 710/710/710
f 685/685/685 711/711/711 710/710/710
f 701/701/701 686/686/686 684/684/684
f 686/686/686 685/685/685 684/684/684
f 914/914/914 834/834/834 702/702/702
f 846/846/846 834/834/834 914/914/914
f 835/835/835 701/701/701 702/702/702
f 835/835/835 702/702/702 834/834/834
f 845/845/845 834/834/834 846/846/846
f 845/845/845 835/835/835 834/834/834
f 712/712/712 701/701/701 835/835/835
f 712/712/712 686/686/686 701/701/701
f 835/835/835 845/845/845 839/839/839
f 835/835/835 839/839/839 712/712/712
f 846/846/846 844/844/844 845/845/845
f 845/845/845 844/844/844 839/839/839
f 846/846/846 848/848/848 844/844/844
f 840/840/840 712/712/712 839/839/839
f 839/839/839 844/844/844 840/840/840
f 713/713/713 686/686/686 712/712/712
f 840/840/840 713/713/713 712/712/712
f 713/713/713 1023/1023/1023 686/686/686
f 686/686/686 1023/1023/1023 685/685/685
f 713/713/713 840/840/840 841/841/841
f 685/685/685 1023/1023/1023 837/837/837
f 836/836/836 1023/1023/1023 713/713/713
f 836/836/836 837/837/837 1023/1023/1023
f 713/713/713 841/841/841 836/836/836
f 685/685/685 837/837/837 1002/1002/1002
f 685/685/685 1002/1002/1002 711/711/711
f 838/838/838 1002/1002/1002 837/837/837
f 711/711/711 1002/1002/1002 838/838/838
f 838/838/838 837/837/837 836/836/836
f 711/711/711 838/838/838 1015/1015/1015
f 836/836/836 842/842/842 838/838/838
f 1015/1015/1015 838/838/838 842/842/842
f 836/836/836 841/841/841 842/842/842
f 1015/1015/1015 842/842/842 1014/1014/1014
f 842/842/842 1022/1022/1022 1014/1014/1014
f 842/842/842 843/843/843 1022/1022/1022
f 841/841/841 843/843/843 842/842/842
f 851/851/851 1022/1022/1022 843/843/843
f 840/840/840 849/849/849 841/841/841
f 841/841/841 849/849/849 843/843/843
f 840/840/840 844/844/844 849/849/849
f 851/851/851 843/843/843 850/850/850
f 849/849/849 850/850/850 843/843/843
f 1001/1001/1001 851/851/851 850/850/850
f 844/844/844 852/852/852 849/849/849
f 849/849/849 852/852/852 850/850/850
f 1001/1001/1001 850/850/850 992/992/992
f 852/852/852 992/992/992 850/850/850
f 844/844/844 847/847/847 852/852/852
f 848/848/848 847/847/847 844/844/844
f 852/852/852 865/865/865 992/992/992
f 847/847/847 865/865/865 852/852/852
f 1001/1001/1001 992/992/992 1000/1000/1000
f 1001/1001/1001 1000/1000/1000 999/999/999
f 848/848/848 733/733/733 847/847/847
f 733/733/733 848/848/848 732/732/732
f 733/733/733 732/732/732 683/683/683
f 999/999/999 1000/1000/1000 1005/1005/1005
f 999/999/999 1005/1005/1005 980/980/980
f 992/992/992 832/832/832 1000/1000/1000
f 992/992/992 865/865/865 832/832/832
f 1000/1000/1000 853/853/853 1005/1005/1005
f 1000/1000/1000 832/832/832 853/853/853
f 980/980/980 1005/1005/1005 742/742/742
f 980/980/980 742/742/742 743/743/743
f 1006/1006/1006 1005/1005/1005 853/853/853
f 1006/1006/1006 742/742/742 1005/1005/1005
f 744/744/744 743/743/743 742/742/742
f 744/744/744 785/785/785 743/743/743
f 1011/1011/1011 742/742/742 1006/1006/1006
f 1011/1011/1011 744/744/744 742/742/742
f 785/785/785 744/744/744 784/784/784
f 1011/1011/1011 784/784/784 744/744/744
f 785/785/785 784/784/784 783/783/783
f 784/784/784 756/756/756 783/783/783
f 721/721/721 1011/1011/1011 1006/1006/1006
f 784/784/784 649/649/649 756/756/756
f 649/649/649 757/757/757 756/756/756
f 1011/1011/1011 648/648/648 784/784/784
f 649/649/649 784/784/784 648/648/648
f 721/721/721 648/648/648 1011/1011/1011
f 854/854/854 1006/1006/1006 853/853/853
f 721/721/721 1006/1006/1006 854/854/854
f 833/833/833 853/853/853 832/832/832
f 854/854/854 853/853/853 833/833/833
f 865/865/865 831/831/831 832/832/832
f 833/833/833 832/832/832 831/831/831
f 847/847/847 856/856/856 865/865/865
f 865/865/865 856/856/856 831/831/831
f 856/856/856 847/847/847 733/733/733
f 859/859/859 833/833/833 831/831/831
f 856/856/856 733/733/733 746/746/746
f 746/746/746 733/733/733 683/683/683
f 857/857/857 831/831/831 856/856/856
f 859/859/859 831/831/831 857/857/857
f 855/855/855 856/856/856 746/746/746
f 857/857/857 856/856/856 855/855/855
f 746/746/746 683/683/683 745/745/745
f 776/776/776 745/745/745 683/683/683
f 793/793/793 745/745/745 776/776/776
f 855/855/855 746/746/746 866/866/866
f 745/745/745 866/866/866 746/746/746
f 933/933/933 745/745/745 793/793/793
f 933/933/933 793/793/793 922/922/922
f 866/866/866 745/745/745 867/867/867
f 933/933/933 867/867/867 745/745/745
f 866/866/866 902/902/902 855/855/855
f 866/866/866 867/867/867 902/902/902
f 862/862/862 857/857/857 855/855/855
f 862/862/862 855/855/855 902/902/902
f 1024/1024/1024 902/902/902 867/867/867
f 1024/1024/1024 867/867/867 933/933/933
f 902/902/902 912/912/912 862/862/862
f 902/902/902 1024/1024/1024 912/912/912
f 858/858/858 857/857/857 862/862/862
f 858/858/858 859/859/859 857/857/857
f 862/862/862 912/912/912 863/863/863
f 862/862/862 863/863/863 858/858/858
f 1024/1024/1024 956/956/956 912/912/912
f 860/860/860 859/859/859 858/858/858
f 934/934/934 1024/1024/1024 933/933/933
f 1024/1024/1024 934/934/934 956/956/956
f 933/933/933 922/922/922 932/932/932
f 934/934/934 933/933/933 932/932/932
f 932/932/932 922/922/922 928/928/928
f 923/923/923 928/928/928 922/922/922
f 934/934/934 932/932/932 929/929/929
f 932/932/932 928/928/928 929/929/929
f 957/957/957 956/956/956 934/934/934
f 934/934/934 929/929/929 957/957/957
f 927/927/927 928/928/928 923/923/923
f 926/926/926 927/927/927 923/923/923
f 926/926/926 752/752/752 927/927/927
f 753/753/753 927/927/927 752/752/752
f 927/927/927 930/930/930 928/928/928
f 930/930/930 929/929/929 928/928/928
f 930/930/930 927/927/927 753/753/753
f 930/930/930 666/666/666 929/929/929
f 666/666/666 957/957/957 929/929/929
f 930/930/930 753/753/753 665/665/665
f 666/666/666 930/930/930 665/665/665
f 737/737/737 665/665/665 753/753/753
f 738/738/738 737/737/737 753/753/753
f 666/666/666 665/665/665 664/664/664
f 738/738/738 652/652/652 737/737/737
f 738/738/738 990/990/990 652/652/652
f 652/652/652 990/990/990 651/651/651
f 737/737/737 754/754/754 665/665/665
f 666/666/666 948/948/948 957/957/957
f 948/948/948 666/666/666 664/664/664
f 737/737/737 755/755/755 754/754/754
f 737/737/737 652/652/652 755/755/755
f 665/665/665 754/754/754 944/944/944
f 665/665/665 944/944/944 664/664/664
f 944/944/944 754/754/754 755/755/755
f 948/948/948 664/664/664 970/970/970
f 970/970/970 664/664/664 944/944/944
f 949/949/949 957/957/957 948/948/948
f 957/957/957 949/949/949 956/956/956
f 947/947/947 948/948/948 970/970/970
f 949/949/949 948/948/948 947/947/947
f 970/970/970 944/944/944 969/969/969
f 991/991/991 956/956/956 949/949/949
f 991/991/991 912/912/912 956/956/956
f 991/991/991 863/863/863 912/912/912
f 965/965/965 949/949/949 947/947/947
f 991/991/991 949/949/949 965/965/965
f 947/947/947 970/970/970 993/993/993
f 993/993/993 970/970/970 969/969/969
f 965/965/965 947/947/947 964/964/964
f 964/964/964 947/947/947 993/993/993
f 888/888/888 991/991/991 965/965/965
f 964/964/964 888/888/888 965/965/965
f 863/863/863 991/991/991 889/889/889
f 888/888/888 889/889/889 991/991/991
f 863/863/863 889/889/889 864/864/864
f 864/864/864 858/858/858 863/863/863
f 864/864/864 860/860/860 858/858/858
f 739/739/739 889/889/889 888/888/888
f 964/964/964 739/739/739 888/888/888
f 740/740/740 864/864/864 889/889/889
f 739/739/739 740/740/740 889/889/889
f 945/945/945 860/860/860 864/864/864
f 740/740/740 945/945/945 864/864/864
f 1009/1009/1009 739/739/739 964/964/964
f 741/741/741 740/740/740 739/739/739
f 1009/1009/1009 741/741/741 739/739/739
f 964/964/964 993/993/993 952/952/952
f 952/952/952 1009/1009/1009 964/964/964
f 741/741/741 659/659/659 740/740/740
f 952/952/952 993/993/993 951/951/951
f 993/993/993 969/969/969 951/951/951
f 909/909/909 740/740/740 659/659/659
f 909/909/909 945/945/945 740/740/740
f 741/741/741 658/658/658 659/659/659
f 741/741/741 1009/1009/1009 658/658/658
f 660/660/660 909/909/909 659/659/659
f 660/660/660 659/659/659 658/658/658
f 952/952/952 800/800/800 1009/1009/1009
f 800/800/800 658/658/658 1009/1009/1009
f 952/952/952 951/951/951 950/950/950
f 800/800/800 952/952/952 950/950/950
f 951/951/951 969/969/969 943/943/943
f 950/950/950 951/951/951 997/997/997
f 951/951/951 943/943/943 997/997/997
f 800/800/800 950/950/950 802/802/802
f 950/950/950 997/997/997 750/750/750
f 802/802/802 950/950/950 750/750/750
f 800/800/800 801/801/801 658/658/658
f 802/802/802 801/801/801 800/800/800
f 750/750/750 997/997/997 749/749/749
f 749/749/749 997/997/997 943/943/943
f 983/983/983 658/658/658 801/801/801
f 983/983/983 660/660/660 658/658/658
f 969/969/969 998/998/998 943/943/943
f 969/969/969 944/944/944 998/998/998
f 944/944/944 755/755/755 998/998/998
f 943/943/943 998/998/998 938/938/938
f 998/998/998 755/755/755 946/946/946
f 998/998/998 946/946/946 938/938/938
f 652/652/652 946/946/946 755/755/755
f 943/943/943 938/938/938 939/939/939
f 749/749/749 943/943/943 939/939/939
f 652/652/652 650/650/650 946/946/946
f 652/652/652 651/651/651 650/650/650
f 940/940/940 938/938/938 946/946/946
f 940/940/940 939/939/939 938/938/938
f 670/670/670 946/946/946 650/650/650
f 940/940/940 946/946/946 670/670/670
f 654/654/654 650/650/650 651/651/651
f 670/670/670 650/650/650 654/654/654
f 654/654/654 651/651/651 653/653/653
f 940/940/940 762/762/762 939/939/939
f 749/749/749 939/939/939 762/762/762
f 937/937/937 654/654/654 653/653/653
f 654/654/654 931/931/931 670/670/670
f 654/654/654 937/937/937 931/931/931
f 968/968/968 940/940/940 670/670/670
f 968/968/968 670/670/670 931/931/931
f 820/820/820 762/762/762 940/940/940
f 820/820/820 940/940/940 968/968/968
f 937/937/937 653/653/653 681/681/681
f 33/33/33 681/681/681 653/653/653
f 34/34/34 681/681/681 33/33/33
f 677/677/677 931/931/931 937/937/937
f 679/679/679 937/937/937 681/681/681
f 677/677/677 937/937/937 679/679/679
f 34/34/34 656/656/656 681/681/681
f 679/679/679 681/681/681 656/656/656
f 971/971/971 968/968/968 931/931/931
f 971/971/971 931/931/931 677/677/677
f 41/41/41 656/656/656 34/34/34
f 66/66/66 41/41/41 34/34/34
f 66/66/66 43/43/43 41/41/41
f 696/696/696 968/968/968 971/971/971
f 696/696/696 820/820/820 968/968/968
f 43/43/43 42/42/42 41/41/41
f 43/43/43 253/253/253 42/42/42
f 41/41/41 655/655/655 656/656/656
f 42/42/42 655/655/655 41/41/41
f 253/253/253 256/256/256 42/42/42
f 253/253/253 254/254/254 256/256/256
f 42/42/42 829/829/829 655/655/655
f 256/256/256 829/829/829 42/42/42
f 657/657/657 656/656/656 655/655/655
f 657/657/657 679/679/679 656/656/656
f 254/254/254 527/527/527 256/256/256
f 254/254/254 432/432/432 527/527/527
f 679/679/679 657/657/657 678/678/678
f 679/679/679 678/678/678 677/677/677
f 960/960/960 657/657/657 655/655/655
f 960/960/960 655/655/655 829/829/829
f 657/657/657 809/809/809 678/678/678
f 657/657/657 960/960/960 809/809/809
f 827/827/827 677/677/677 678/678/678
f 827/827/827 971/971/971 677/677/677
f 810/810/810 678/678/678 809/809/809
f 810/810/810 827/827/827 678/678/678
f 695/695/695 971/971/971 827/827/827
f 695/695/695 696/696/696 971/971/971
f 822/822/822 827/827/827 810/810/810
f 822/822/822 695/695/695 827/827/827
f 872/872/872 810/810/810 809/809/809
f 697/697/697 696/696/696 695/695/695
f 873/873/873 809/809/809 960/960/960
f 872/872/872 809/809/809 873/873/873
f 767/767/767 960/960/960 829/829/829
f 873/873/873 960/960/960 767/767/767
f 256/256/256 769/769/769 829/829/829
f 767/767/767 829/829/829 769/769/769
f 527/527/527 769/769/769 256/256/256
f 805/805/805 873/873/873 767/767/767
f 769/769/769 768/768/768 767/767/767
f 805/805/805 767/767/767 768/768/768
f 527/527/527 917/917/917 769/769/769
f 769/769/769 917/917/917 768/768/768
f 432/432/432 528/528/528 527/527/527
f 528/528/528 917/917/917 527/527/527
f 432/432/432 433/433/433 528/528/528
f 433/433/433 547/547/547 528/528/528
f 917/917/917 779/779/779 768/768/768
f 805/805/805 768/768/768 779/779/779
f 528/528/528 680/680/680 917/917/917
f 547/547/547 680/680/680 528/528/528
f 917/917/917 680/680/680 779/779/779
f 547/547/547 1310/1310/1310 680/680/680
f 680/680/680 1310/1310/1310 797/797/797
f 680/680/680 797/797/797 779/779/779
f 779/779/779 797/797/797 778/778/778
f 779/779/779 778/778/778 777/777/777
f 805/805/805 779/779/779 777/777/777
f 777/777/777 778/778/778 808/808/808
f 873/873/873 805/805/805 806/806/806
f 777/777/777 806/806/806 805/805/805
f 873/873/873 806/806/806 872/872/872
f 777/777/777 808/808/808 807/807/807
f 806/806/806 777/777/777 807/807/807
f 1026/1026/1026 807/807/807 808/808/808
f 872/872/872 806/806/806 1025/1025/1025
f 806/806/806 807/807/807 1025/1025/1025
f 1026/1026/1026 1029/1029/1029 807/807/807
f 1029/1029/1029 1025/1025/1025 807/807/807
f 1029/1029/1029 1026/1026/1026 1028/1028/1028
f 872/872/872 1025/1025/1025 1004/1004/1004
f 810/810/810 872/872/872 1004/1004/1004
f 810/810/810 1004/1004/1004 822/822/822
f 1029/1029/1029 1003/1003/1003 1025/1025/1025
f 1004/1004/1004 1025/1025/1025 1003/1003/1003
f 1029/1029/1029 1028/1028/1028 1027/1027/1027
f 1003/1003/1003 1029/1029/1029 1027/1027/1027
f 870/870/870 1027/1027/1027 1028/1028/1028
f 1004/1004/1004 1003/1003/1003 817/817/817
f 822/822/822 1004/1004/1004 817/817/817
f 1003/1003/1003 1027/1027/1027 868/868/868
f 817/817/817 1003/1003/1003 868/868/868
f 870/870/870 704/704/704 1027/1027/1027
f 868/868/868 1027/1027/1027 704/704/704
f 871/871/871 704/704/704 870/870/870
f 822/822/822 817/817/817 815/815/815
f 815/815/815 695/695/695 822/822/822
f 815/815/815 697/697/697 695/695/695
f 871/871/871 706/706/706 704/704/704
f 1018/1018/1018 706/706/706 871/871/871
f 868/868/868 704/704/704 705/705/705
f 706/706/706 705/705/705 704/704/704
f 1018/1018/1018 1013/1013/1013 706/706/706
f 1019/1019/1019 1013/1013/1013 1018/1018/1018
f 706/706/706 1030/1030/1030 705/705/705
f 1013/1013/1013 1030/1030/1030 706/706/706
f 705/705/705 1030/1030/1030 869/869/869
f 1013/1013/1013 869/869/869 1030/1030/1030
f 1019/1019/1019 765/765/765 1013/1013/1013
f 765/765/765 869/869/869 1013/1013/1013
f 765/765/765 1019/1019/1019 764/764/764
f 705/705/705 869/869/869 811/811/811
f 811/811/811 868/868/868 705/705/705
f 765/765/765 819/819/819 869/869/869
f 819/819/819 811/811/811 869/869/869
f 765/765/765 764/764/764 763/763/763
f 819/819/819 765/765/765 763/763/763
f 763/763/763 764/764/764 1007/1007/1007
f 811/811/811 812/812/812 868/868/868
f 817/817/817 868/868/868 812/812/812
f 763/763/763 1007/1007/1007 921/921/921
f 921/921/921 1007/1007/1007 920/920/920
f 817/817/817 812/812/812 816/816/816
f 817/817/817 816/816/816 815/815/815
f 813/813/813 812/812/812 811/811/811
f 813/813/813 816/816/816 812/812/812
f 819/819/819 813/813/813 811/811/811
f 815/815/815 816/816/816 814/814/814
f 815/815/815 814/814/814 697/697/697
f 819/819/819 763/763/763 818/818/818
f 813/813/813 819/819/819 818/818/818
f 818/818/818 763/763/763 921/921/921
f 826/826/826 816/816/816 813/813/813
f 813/813/813 818/818/818 826/826/826
f 826/826/826 814/814/814 816/816/816
f 818/818/818 921/921/921 986/986/986
f 986/986/986 826/826/826 818/818/818
f 921/921/921 920/920/920 782/782/782
f 986/986/986 921/921/921 782/782/782
f 782/782/782 920/920/920 781/781/781
f 986/986/986 824/824/824 826/826/826
f 824/824/824 814/814/814 826/826/826
f 986/986/986 782/782/782 987/987/987
f 987/987/987 824/824/824 986/986/986
f 782/782/782 781/781/781 780/780/780
f 987/987/987 782/782/782 780/780/780
f 824/824/824 823/823/823 814/814/814
f 697/697/697 814/814/814 823/823/823
f 987/987/987 825/825/825 824/824/824
f 825/825/825 823/823/823 824/824/824
f 697/697/697 823/823/823 821/821/821
f 697/697/697 821/821/821 696/696/696
f 821/821/821 820/820/820 696/696/696
f 823/823/823 761/761/761 821/821/821
f 821/821/821 761/761/761 820/820/820
f 825/825/825 761/761/761 823/823/823
f 762/762/762 820/820/820 761/761/761
f 825/825/825 987/987/987 988/988/988
f 987/987/987 780/780/780 988/988/988
f 762/762/762 761/761/761 760/760/760
f 749/749/749 762/762/762 760/760/760
f 761/761/761 825/825/825 985/985/985
f 761/761/761 985/985/985 760/760/760
f 825/825/825 988/988/988 985/985/985
f 799/799/799 749/749/749 760/760/760
f 985/985/985 799/799/799 760/760/760
f 720/720/720 985/985/985 988/988/988
f 985/985/985 720/720/720 799/799/799
f 942/942/942 988/988/988 780/780/780
f 720/720/720 988/988/988 942/942/942
f 941/941/941 780/780/780 781/781/781
f 942/942/942 780/780/780 941/941/941
f 941/941/941 781/781/781 977/977/977
f 720/720/720 942/942/942 719/719/719
f 719/719/719 942/942/942 941/941/941
f 978/978/978 941/941/941 977/977/977
f 719/719/719 941/941/941 978/978/978
f 978/978/978 977/977/977 976/976/976
f 720/720/720 719/719/719 718/718/718
f 799/799/799 720/720/720 718/718/718
f 976/976/976 916/916/916 978/978/978
f 976/976/976 954/954/954 916/916/916
f 978/978/978 915/915/915 719/719/719
f 978/978/978 916/916/916 915/915/915
f 719/719/719 981/981/981 718/718/718
f 719/719/719 915/915/915 981/981/981
f 955/955/955 916/916/916 954/954/954
f 955/955/955 954/954/954 953/953/953
f 916/916/916 700/700/700 915/915/915
f 916/916/916 955/955/955 700/700/700
f 915/915/915 698/698/698 981/981/981
f 915/915/915 700/700/700 698/698/698
f 735/735/735 955/955/955 953/953/953
f 735/735/735 953/953/953 961/961/961
f 891/891/891 735/735/735 961/961/961
f 955/955/955 1021/1021/1021 700/700/700
f 955/955/955 735/735/735 1021/1021/1021
f 700/700/700 699/699/699 698/698/698
f 700/700/700 1021/1021/1021 699/699/699
f 981/981/981 698/698/698 731/731/731
f 699/699/699 731/731/731 698/698/698
f 718/718/718 981/981/981 791/791/791
f 981/981/981 731/731/731 791/791/791
f 891/891/891 734/734/734 735/735/735
f 718/718/718 791/791/791 798/798/798
f 799/799/799 718/718/718 798/798/798
f 892/892/892 734/734/734 891/891/891
f 892/892/892 891/891/891 890/890/890
f 736/736/736 735/735/735 734/734/734
f 892/892/892 736/736/736 734/734/734
f 736/736/736 1021/1021/1021 735/735/735
f 895/895/895 892/892/892 890/890/890
f 895/895/895 736/736/736 892/892/892
f 895/895/895 890/890/890 894/894/894
f 1021/1021/1021 736/736/736 899/899/899
f 895/895/895 899/899/899 736/736/736
f 1021/1021/1021 899/899/899 699/699/699
f 893/893/893 895/895/895 894/894/894
f 893/893/893 899/899/899 895/895/895
f 893/893/893 894/894/894 693/693/693
f 899/899/899 898/898/898 699/699/699
f 694/694/694 893/893/893 693/693/693
f 694/694/694 693/693/693 675/675/675
f 893/893/893 687/687/687 899/899/899
f 687/687/687 893/893/893 694/694/694
f 899/899/899 687/687/687 898/898/898
f 676/676/676 694/694/694 675/675/675
f 676/676/676 675/675/675 674/674/674
f 694/694/694 676/676/676 689/689/689
f 689/689/689 676/676/676 674/674/674
f 694/694/694 689/689/689 687/687/687
f 689/689/689 674/674/674 936/936/936
f 689/689/689 688/688/688 687/687/687
f 925/925/925 689/689/689 936/936/936
f 689/689/689 925/925/925 688/688/688
f 925/925/925 936/936/936 924/924/924
f 714/714/714 925/925/925 924/924/924
f 687/687/687 688/688/688 643/643/643
f 687/687/687 643/643/643 898/898/898
f 714/714/714 715/715/715 925/925/925
f 667/667/667 715/715/715 714/714/714
f 642/642/642 688/688/688 925/925/925
f 642/642/642 925/925/925 715/715/715
f 643/643/643 688/688/688 642/642/642
f 667/667/667 668/668/668 715/715/715
f 668/668/668 642/642/642 715/715/715
f 669/669/669 668/668/668 667/667/667
f 643/643/643 642/642/642 641/641/641
f 669/669/669 996/996/996 668/668/668
f 973/973/973 996/996/996 669/669/669
f 668/668/668 717/717/717 642/642/642
f 996/996/996 717/717/717 668/668/668
f 641/641/641 642/642/642 717/717/717
f 973/973/973 974/974/974 996/996/996
f 975/975/975 974/974/974 973/973/973
f 996/996/996 773/773/773 717/717/717
f 974/974/974 773/773/773 996/996/996
f 641/641/641 717/717/717 716/716/716
f 716/716/716 717/717/717 773/773/773
f 975/975/975 877/877/877 974/974/974
f 1010/1010/1010 877/877/877 975/975/975
f 974/974/974 883/883/883 773/773/773
f 883/883/883 974/974/974 877/877/877
f 716/716/716 773/773/773 772/772/772
f 772/772/772 773/773/773 883/883/883
f 1010/1010/1010 730/730/730 877/877/877
f 644/644/644 730/730/730 1010/1010/1010
f 883/883/883 877/877/877 878/878/878
f 730/730/730 878/878/878 877/877/877
f 772/772/772 883/883/883 989/989/989
f 878/878/878 989/989/989 883/883/883
f 804/804/804 716/716/716 772/772/772
f 641/641/641 716/716/716 804/804/804
f 803/803/803 772/772/772 989/989/989
f 804/804/804 772/772/772 803/803/803
f 643/643/643 641/641/641 979/979/979
f 641/641/641 804/804/804 979/979/979
f 643/643/643 979/979/979 898/898/898
f 804/804/804 803/803/803 903/903/903
f 898/898/898 979/979/979 962/962/962
f 898/898/898 962/962/962 699/699/699
f 979/979/979 804/804/804 708/708/708
f 979/979/979 708/708/708 962/962/962
f 804/804/804 903/903/903 708/708/708
f 828/828/828 699/699/699 962/962/962
f 699/699/699 828/828/828 731/731/731
f 709/709/709 962/962/962 708/708/708
f 828/828/828 962/962/962 709/709/709
f 707/707/707 708/708/708 903/903/903
f 709/709/709 708/708/708 707/707/707
f 828/828/828 790/790/790 731/731/731
f 791/791/791 731/731/731 790/790/790
f 771/771/771 828/828/828 709/709/709
f 771/771/771 709/709/709 707/707/707
f 828/828/828 771/771/771 790/790/790
f 707/707/707 903/903/903 770/770/770
f 771/771/771 707/707/707 770/770/770
f 791/791/791 790/790/790 789/789/789
f 798/798/798 791/791/791 789/789/789
f 904/904/904 770/770/770 903/903/903
f 904/904/904 903/903/903 803/803/803
f 789/789/789 790/790/790 935/935/935
f 935/935/935 790/790/790 771/771/771
f 798/798/798 789/789/789 995/995/995
f 904/904/904 803/803/803 1012/1012/1012
f 803/803/803 989/989/989 1012/1012/1012
f 995/995/995 789/789/789 972/972/972
f 789/789/789 935/935/935 972/972/972
f 798/798/798 995/995/995 748/748/748
f 798/798/798 748/748/748 799/799/799
f 799/799/799 748/748/748 749/749/749
f 750/750/750 749/749/749 748/748/748
f 984/984/984 748/748/748 995/995/995
f 984/984/984 750/750/750 748/748/748
f 995/995/995 972/972/972 984/984/984
f 802/802/802 750/750/750 984/984/984
f 984/984/984 972/972/972 1016/1016/1016
f 984/984/984 1016/1016/1016 802/802/802
f 935/935/935 1016/1016/1016 972/972/972
f 802/802/802 1016/1016/1016 801/801/801
f 1020/1020/1020 801/801/801 1016/1016/1016
f 935/935/935 1020/1020/1020 1016/1016/1016
f 1020/1020/1020 983/983/983 801/801/801
f 901/901/901 1020/1020/1020 935/935/935
f 771/771/771 901/901/901 935/935/935
f 983/983/983 1020/1020/1020 911/911/911
f 901/901/901 911/911/911 1020/1020/1020
f 771/771/771 900/900/900 901/901/901
f 983/983/983 911/911/911 910/910/910
f 660/660/660 983/983/983 910/910/910
f 692/692/692 900/900/900 771/771/771
f 692/692/692 901/901/901 900/900/900
f 771/771/771 770/770/770 692/692/692
f 690/690/690 911/911/911 901/901/901
f 692/692/692 690/690/690 901/901/901
f 690/690/690 691/691/691 911/911/911
f 692/692/692 691/691/691 690/690/690
f 691/691/691 910/910/910 911/911/911
f 692/692/692 770/770/770 897/897/897
f 904/904/904 897/897/897 770/770/770
f 692/692/692 896/896/896 691/691/691
f 692/692/692 897/897/897 896/896/896
f 691/691/691 874/874/874 910/910/910
f 896/896/896 874/874/874 691/691/691
f 660/660/660 910/910/910 908/908/908
f 874/874/874 908/908/908 910/910/910
f 909/909/909 660/660/660 908/908/908
f 896/896/896 897/897/897 906/906/906
f 904/904/904 906/906/906 897/897/897
f 909/909/909 908/908/908 907/907/907
f 945/945/945 909/909/909 907/907/907
f 874/874/874 875/875/875 908/908/908
f 875/875/875 907/907/907 908/908/908
f 896/896/896 876/876/876 874/874/874
f 876/876/876 875/875/875 874/874/874
f 906/906/906 876/876/876 896/896/896
f 945/945/945 907/907/907 994/994/994
f 945/945/945 994/994/994 860/860/860
f 875/875/875 1017/1017/1017 907/907/907
f 994/994/994 907/907/907 1017/1017/1017
f 876/876/876 963/963/963 875/875/875
f 963/963/963 1017/1017/1017 875/875/875
f 861/861/861 860/860/860 994/994/994
f 860/860/860 861/861/861 859/859/859
f 861/861/861 833/833/833 859/859/859
f 861/861/861 854/854/854 833/833/833
f 861/861/861 994/994/994 723/723/723
f 723/723/723 854/854/854 861/861/861
f 994/994/994 1017/1017/1017 723/723/723
f 723/723/723 721/721/721 854/854/854
f 723/723/723 1017/1017/1017 722/722/722
f 723/723/723 722/722/722 721/721/721
f 963/963/963 722/722/722 1017/1017/1017
f 721/721/721 722/722/722 648/648/648
f 647/647/647 648/648/648 722/722/722
f 647/647/647 722/722/722 963/963/963
f 649/649/649 648/648/648 647/647/647
f 886/886/886 963/963/963 876/876/876
f 886/886/886 647/647/647 963/963/963
f 906/906/906 886/886/886 876/876/876
f 647/647/647 887/887/887 649/649/649
f 647/647/647 886/886/886 887/887/887
f 649/649/649 887/887/887 757/757/757
f 724/724/724 886/886/886 906/906/906
f 757/757/757 887/887/887 673/673/673
f 757/757/757 673/673/673 671/671/671
f 882/882/882 887/887/887 886/886/886
f 882/882/882 673/673/673 887/887/887
f 886/886/886 724/724/724 882/882/882
f 673/673/673 672/672/672 671/671/671
f 906/906/906 905/905/905 724/724/724
f 904/904/904 905/905/905 906/906/906
f 905/905/905 904/904/904 1012/1012/1012
f 673/673/673 727/727/727 672/672/672
f 905/905/905 1012/1012/1012 726/726/726
f 726/726/726 724/724/724 905/905/905
f 727/727/727 646/646/646 672/672/672
f 726/726/726 725/725/725 724/724/724
f 882/882/882 724/724/724 725/725/725
f 885/885/885 726/726/726 1012/1012/1012
f 726/726/726 885/885/885 725/725/725
f 885/885/885 1012/1012/1012 989/989/989
f 878/878/878 885/885/885 989/989/989
f 673/673/673 882/882/882 881/881/881
f 882/882/882 725/725/725 881/881/881
f 673/673/673 881/881/881 727/727/727
f 725/725/725 885/885/885 884/884/884
f 884/884/884 881/881/881 725/725/725
f 878/878/878 884/884/884 885/885/885
f 727/727/727 881/881/881 880/880/880
f 884/884/884 880/880/880 881/881/881
f 878/878/878 728/728/728 884/884/884
f 728/728/728 880/880/880 884/884/884
f 730/730/730 728/728/728 878/878/878
f 727/727/727 880/880/880 879/879/879
f 727/727/727 879/879/879 646/646/646
f 728/728/728 729/729/729 880/880/880
f 729/729/729 879/879/879 880/880/880
f 730/730/730 729/729/729 728/728/728
f 646/646/646 879/879/879 645/645/645
f 729/729/729 645/645/645 879/879/879
f 730/730/730 645/645/645 729/729/729
f 646/646/646 645/645/645 644/644/644
f 644/644/644 645/645/645 730/730/730
f 6/6/6 5/5/5 4/4/4
f 6/6/6 4/4/4 92/92/92
f 473/473/473 4/4/4 5/5/5
f 4/4/4 93/93/93 92/92/92
f 4/4/4 473/473/473 93/93/93
f 6/6/6 92/92/92 408/408/408
f 508/508/508 93/93/93 473/473/473
f 508/508/508 473/473/473 507/507/507
f 54/54/54 93/93/93 508/508/508
f 474/474/474 507/507/507 473/473/473
f 54/54/54 55/55/55 93/93/93
f 56/56/56 55/55/55 54/54/54
f 474/474/474 473/473/473 141/141/141
f 473/473/473 5/5/5 141/141/141
f 142/142/142 474/474/474 141/141/141
f 56/56/56 97/97/97 55/55/55
f 97/97/97 93/93/93 55/55/55
f 97/97/97 92/92/92 93/93/93
f 98/98/98 97/97/97 56/56/56
f 142/142/142 141/141/141 48/48/48
f 48/48/48 141/141/141 5/5/5
f 49/49/49 142/142/142 48/48/48
f 98/98/98 402/402/402 97/97/97
f 92/92/92 97/97/97 402/402/402
f 403/403/403 402/402/402 98/98/98
f 49/49/49 48/48/48 47/47/47
f 627/627/627 49/49/49 47/47/47
f 403/403/403 404/404/404 402/402/402
f 399/399/399 404/404/404 403/403/403
f 402/402/402 407/407/407 92/92/92
f 402/402/402 404/404/404 407/407/407
f 408/408/408 92/92/92 407/407/407
f 399/399/399 400/400/400 404/404/404
f 401/401/401 400/400/400 399/399/399
f 404/404/404 164/164/164 407/407/407
f 404/404/404 400/400/400 164/164/164
f 401/401/401 163/163/163 400/400/400
f 400/400/400 163/163/163 164/164/164
f 401/401/401 165/165/165 163/163/163
f 165/165/165 164/164/164 163/163/163
f 401/401/401 609/609/609 165/165/165
f 544/544/544 165/165/165 609/609/609
f 407/407/407 164/164/164 119/119/119
f 165/165/165 119/119/119 164/164/164
f 544/544/544 425/425/425 165/165/165
f 425/425/425 119/119/119 165/165/165
f 545/545/545 425/425/425 544/544/544
f 407/407/407 119/119/119 120/120/120
f 408/408/408 407/407/407 120/120/120
f 425/425/425 121/121/121 119/119/119
f 121/121/121 120/120/120 119/119/119
f 545/545/545 426/426/426 425/425/425
f 426/426/426 121/121/121 425/425/425
f 426/426/426 545/545/545 577/577/577
f 426/426/426 577/577/577 578/578/578
f 579/579/579 578/578/578 577/577/577
f 426/426/426 584/584/584 121/121/121
f 578/578/578 584/584/584 426/426/426
f 579/579/579 593/593/593 578/578/578
f 246/246/246 593/593/593 579/579/579
f 584/584/584 158/158/158 121/121/121
f 121/121/121 158/158/158 120/120/120
f 578/578/578 148/148/148 584/584/584
f 148/148/148 578/578/578 593/593/593
f 584/584/584 585/585/585 158/158/158
f 148/148/148 585/585/585 584/584/584
f 159/159/159 120/120/120 158/158/158
f 585/585/585 159/159/159 158/158/158
f 148/148/148 593/593/593 519/519/519
f 246/246/246 518/518/518 593/593/593
f 519/519/519 593/593/593 518/518/518
f 148/148/148 146/146/146 585/585/585
f 247/247/247 518/518/518 246/246/246
f 247/247/247 246/246/246 245/245/245
f 148/148/148 519/519/519 147/147/147
f 148/148/148 147/147/147 146/146/146
f 519/519/519 518/518/518 517/517/517
f 147/147/147 519/519/519 517/517/517
f 518/518/518 247/247/247 597/597/597
f 518/518/518 597/597/597 517/517/517
f 464/464/464 247/247/247 245/245/245
f 464/464/464 245/245/245 463/463/463
f 247/247/247 596/596/596 597/597/597
f 247/247/247 464/464/464 596/596/596
f 324/324/324 464/464/464 463/463/463
f 324/324/324 463/463/463 218/218/218
f 464/464/464 322/322/322 596/596/596
f 464/464/464 324/324/324 322/322/322
f 219/219/219 324/324/324 218/218/218
f 219/219/219 218/218/218 217/217/217
f 324/324/324 323/323/323 322/322/322
f 324/324/324 219/219/219 323/323/323
f 217/217/217 624/624/624 219/219/219
f 217/217/217 629/629/629 624/624/624
f 383/383/383 323/323/323 219/219/219
f 383/383/383 219/219/219 624/624/624
f 629/629/629 126/126/126 624/624/624
f 629/629/629 384/384/384 126/126/126
f 624/624/624 639/639/639 383/383/383
f 624/624/624 126/126/126 639/639/639
f 383/383/383 639/639/639 127/127/127
f 127/127/127 639/639/639 126/126/126
f 384/384/384 125/125/125 126/126/126
f 127/127/127 126/126/126 125/125/125
f 384/384/384 637/637/637 125/125/125
f 383/383/383 127/127/127 381/381/381
f 381/381/381 323/323/323 383/383/383
f 637/637/637 636/636/636 125/125/125
f 637/637/637 638/638/638 636/636/636
f 638/638/638 632/632/632 636/636/636
f 125/125/125 382/382/382 127/127/127
f 125/125/125 636/636/636 382/382/382
f 382/382/382 381/381/381 127/127/127
f 615/615/615 636/636/636 632/632/632
f 615/615/615 382/382/382 636/636/636
f 614/614/614 615/615/615 632/632/632
f 573/573/573 615/615/615 614/614/614
f 573/573/573 321/321/321 615/615/615
f 321/321/321 382/382/382 615/615/615
f 330/330/330 321/321/321 573/573/573
f 382/382/382 317/317/317 381/381/381
f 321/321/321 317/317/317 382/382/382
f 381/381/381 318/318/318 323/323/323
f 318/318/318 381/381/381 317/317/317
f 322/322/322 323/323/323 318/318/318
f 316/316/316 317/317/317 321/321/321
f 318/318/318 317/317/317 316/316/316
f 330/330/330 319/319/319 321/321/321
f 316/316/316 321/321/321 319/319/319
f 319/319/319 330/330/330 116/116/116
f 319/319/319 116/116/116 117/117/117
f 322/322/322 318/318/318 329/329/329
f 329/329/329 318/318/318 316/316/316
f 329/329/329 596/596/596 322/322/322
f 320/320/320 316/316/316 319/319/319
f 320/320/320 319/319/319 117/117/117
f 329/329/329 316/316/316 320/320/320
f 117/117/117 326/326/326 320/320/320
f 329/329/329 327/327/327 596/596/596
f 320/320/320 327/327/327 329/329/329
f 320/320/320 326/326/326 327/327/327
f 327/327/327 597/597/597 596/596/596
f 326/326/326 328/328/328 327/327/327
f 327/327/327 328/328/328 597/597/597
f 326/326/326 215/215/215 328/328/328
f 517/517/517 597/597/597 328/328/328
f 215/215/215 595/595/595 328/328/328
f 517/517/517 328/328/328 595/595/595
f 147/147/147 517/517/517 595/595/595
f 294/294/294 147/147/147 595/595/595
f 146/146/146 147/147/147 294/294/294
f 146/146/146 294/294/294 293/293/293
f 293/293/293 294/294/294 176/176/176
f 146/146/146 293/293/293 280/280/280
f 146/146/146 280/280/280 585/585/585
f 585/585/585 280/280/280 159/159/159
f 293/293/293 176/176/176 565/565/565
f 604/604/604 565/565/565 176/176/176
f 293/293/293 574/574/574 280/280/280
f 293/293/293 565/565/565 574/574/574
f 280/280/280 279/279/279 159/159/159
f 280/280/280 574/574/574 279/279/279
f 607/607/607 565/565/565 604/604/604
f 607/607/607 574/574/574 565/565/565
f 604/604/604 299/299/299 607/607/607
f 604/604/604 301/301/301 299/299/299
f 301/301/301 300/300/300 299/299/299
f 574/574/574 607/607/607 506/506/506
f 299/299/299 506/506/506 607/607/607
f 574/574/574 506/506/506 279/279/279
f 589/589/589 299/299/299 300/300/300
f 299/299/299 589/589/589 506/506/506
f 279/279/279 333/333/333 159/159/159
f 159/159/159 333/333/333 120/120/120
f 235/235/235 279/279/279 506/506/506
f 279/279/279 235/235/235 333/333/333
f 333/333/333 128/128/128 120/120/120
f 128/128/128 408/408/408 120/120/120
f 130/130/130 333/333/333 235/235/235
f 333/333/333 130/130/130 128/128/128
f 128/128/128 580/580/580 408/408/408
f 580/580/580 6/6/6 408/408/408
f 130/130/130 129/129/129 128/128/128
f 129/129/129 580/580/580 128/128/128
f 130/130/130 235/235/235 236/236/236
f 130/130/130 236/236/236 129/129/129
f 580/580/580 144/144/144 6/6/6
f 6/6/6 144/144/144 5/5/5
f 129/129/129 307/307/307 580/580/580
f 307/307/307 144/144/144 580/580/580
f 411/411/411 129/129/129 236/236/236
f 411/411/411 307/307/307 129/129/129
f 145/145/145 5/5/5 144/144/144
f 48/48/48 5/5/5 145/145/145
f 47/47/47 48/48/48 145/145/145
f 307/307/307 143/143/143 144/144/144
f 145/145/145 144/144/144 143/143/143
f 47/47/47 145/145/145 237/237/237
f 143/143/143 237/237/237 145/145/145
f 308/308/308 143/143/143 307/307/307
f 143/143/143 308/308/308 237/237/237
f 393/393/393 47/47/47 237/237/237
f 627/627/627 47/47/47 393/393/393
f 575/575/575 627/627/627 393/393/393
f 308/308/308 394/394/394 237/237/237
f 393/393/393 237/237/237 394/394/394
f 575/575/575 393/393/393 389/389/389
f 394/394/394 389/389/389 393/393/393
f 620/620/620 575/575/575 389/389/389
f 308/308/308 307/307/307 306/306/306
f 411/411/411 306/306/306 307/307/307
f 308/308/308 622/622/622 394/394/394
f 622/622/622 308/308/308 306/306/306
f 394/394/394 390/390/390 389/389/389
f 390/390/390 394/394/394 622/622/622
f 620/620/620 389/389/389 157/157/157
f 390/390/390 157/157/157 389/389/389
f 630/630/630 620/620/620 157/157/157
f 622/622/622 306/306/306 623/623/623
f 630/630/630 157/157/157 8/8/8
f 9/9/9 630/630/630 8/8/8
f 412/412/412 306/306/306 411/411/411
f 412/412/412 623/623/623 306/306/306
f 9/9/9 8/8/8 7/7/7
f 157/157/157 156/156/156 8/8/8
f 156/156/156 7/7/7 8/8/8
f 157/157/157 635/635/635 156/156/156
f 390/390/390 635/635/635 157/157/157
f 156/156/156 391/391/391 7/7/7
f 635/635/635 391/391/391 156/156/156
f 9/9/9 7/7/7 155/155/155
f 391/391/391 155/155/155 7/7/7
f 9/9/9 155/155/155 53/53/53
f 635/635/635 396/396/396 391/391/391
f 396/396/396 635/635/635 390/390/390
f 391/391/391 397/397/397 155/155/155
f 397/397/397 391/391/391 396/396/396
f 53/53/53 155/155/155 52/52/52
f 397/397/397 52/52/52 155/155/155
f 53/53/53 52/52/52 51/51/51
f 187/187/187 51/51/51 52/52/52
f 396/396/396 390/390/390 395/395/395
f 390/390/390 622/622/622 395/395/395
f 623/623/623 395/395/395 622/622/622
f 397/397/397 396/396/396 154/154/154
f 154/154/154 396/396/396 395/395/395
f 397/397/397 392/392/392 52/52/52
f 392/392/392 397/397/397 154/154/154
f 623/623/623 153/153/153 395/395/395
f 154/154/154 395/395/395 153/153/153
f 413/413/413 153/153/153 623/623/623
f 413/413/413 623/623/623 412/412/412
f 154/154/154 153/153/153 152/152/152
f 153/153/153 413/413/413 152/152/152
f 392/392/392 154/154/154 152/152/152
f 414/414/414 413/413/413 412/412/412
f 414/414/414 152/152/152 413/413/413
f 392/392/392 292/292/292 52/52/52
f 187/187/187 52/52/52 292/292/292
f 415/415/415 392/392/392 152/152/152
f 392/392/392 415/415/415 292/292/292
f 152/152/152 414/414/414 415/415/415
f 187/187/187 292/292/292 15/15/15
f 187/187/187 15/15/15 186/186/186
f 292/292/292 415/415/415 424/424/424
f 292/292/292 424/424/424 15/15/15
f 186/186/186 15/15/15 13/13/13
f 186/186/186 13/13/13 634/634/634
f 171/171/171 634/634/634 13/13/13
f 15/15/15 424/424/424 14/14/14
f 15/15/15 14/14/14 13/13/13
f 171/171/171 13/13/13 173/173/173
f 173/173/173 172/172/172 171/171/171
f 626/626/626 13/13/13 14/14/14
f 626/626/626 173/173/173 13/13/13
f 173/173/173 582/582/582 172/172/172
f 626/626/626 582/582/582 173/173/173
f 583/583/583 172/172/172 582/582/582
f 621/621/621 626/626/626 14/14/14
f 583/583/583 582/582/582 581/581/581
f 619/619/619 583/583/583 581/581/581
f 626/626/626 363/363/363 582/582/582
f 363/363/363 581/581/581 582/582/582
f 621/621/621 363/363/363 626/626/626
f 619/619/619 581/581/581 612/612/612
f 613/613/613 619/619/619 612/612/612
f 363/363/363 339/339/339 581/581/581
f 612/612/612 581/581/581 339/339/339
f 621/621/621 364/364/364 363/363/363
f 364/364/364 339/339/339 363/363/363
f 621/621/621 14/14/14 150/150/150
f 424/424/424 150/150/150 14/14/14
f 151/151/151 364/364/364 621/621/621
f 151/151/151 621/621/621 150/150/150
f 424/424/424 556/556/556 150/150/150
f 556/556/556 424/424/424 415/415/415
f 151/151/151 150/150/150 149/149/149
f 149/149/149 150/150/150 556/556/556
f 556/556/556 415/415/415 387/387/387
f 387/387/387 415/415/415 414/414/414
f 149/149/149 556/556/556 388/388/388
f 388/388/388 556/556/556 387/387/387
f 529/529/529 151/151/151 149/149/149
f 387/387/387 414/414/414 416/416/416
f 151/151/151 371/371/371 364/364/364
f 371/371/371 151/151/151 529/529/529
f 416/416/416 414/414/414 406/406/406
f 414/414/414 412/412/412 406/406/406
f 386/386/386 387/387/387 416/416/416
f 388/388/388 387/387/387 386/386/386
f 405/405/405 406/406/406 412/412/412
f 405/405/405 412/412/412 411/411/411
f 411/411/411 236/236/236 405/405/405
f 95/95/95 406/406/406 405/405/405
f 95/95/95 405/405/405 236/236/236
f 95/95/95 416/416/416 406/406/406
f 95/95/95 236/236/236 235/235/235
f 386/386/386 416/416/416 96/96/96
f 96/96/96 416/416/416 95/95/95
f 235/235/235 505/505/505 95/95/95
f 506/506/506 505/505/505 235/235/235
f 506/506/506 409/409/409 505/505/505
f 95/95/95 505/505/505 409/409/409
f 589/589/589 409/409/409 506/506/506
f 95/95/95 409/409/409 94/94/94
f 96/96/96 95/95/95 94/94/94
f 94/94/94 409/409/409 420/420/420
f 94/94/94 420/420/420 96/96/96
f 589/589/589 420/420/420 409/409/409
f 418/418/418 386/386/386 96/96/96
f 418/418/418 96/96/96 420/420/420
f 590/590/590 420/420/420 589/589/589
f 590/590/590 418/418/418 420/420/420
f 589/589/589 300/300/300 590/590/590
f 590/590/590 300/300/300 558/558/558
f 417/417/417 386/386/386 418/418/418
f 417/417/417 388/388/388 386/386/386
f 32/32/32 418/418/418 590/590/590
f 590/590/590 558/558/558 32/32/32
f 32/32/32 417/417/417 418/418/418
f 32/32/32 558/558/558 31/31/31
f 419/419/419 388/388/388 417/417/417
f 419/419/419 149/149/149 388/388/388
f 529/529/529 149/149/149 419/419/419
f 30/30/30 417/417/417 32/32/32
f 32/32/32 31/31/31 30/30/30
f 30/30/30 419/419/419 417/417/417
f 30/30/30 31/31/31 170/170/170
f 530/530/530 419/419/419 30/30/30
f 30/30/30 170/170/170 530/530/530
f 530/530/530 529/529/529 419/419/419
f 170/170/170 374/374/374 530/530/530
f 530/530/530 369/369/369 529/529/529
f 530/530/530 374/374/374 369/369/369
f 371/371/371 529/529/529 369/369/369
f 368/368/368 369/369/369 374/374/374
f 370/370/370 369/369/369 368/368/368
f 370/370/370 371/371/371 369/369/369
f 366/366/366 370/370/370 368/368/368
f 341/341/341 371/371/371 370/370/370
f 341/341/341 364/364/364 371/371/371
f 364/364/364 341/341/341 339/339/339
f 370/370/370 366/366/366 456/456/456
f 370/370/370 456/456/456 341/341/341
f 367/367/367 456/456/456 366/366/366
f 341/341/341 340/340/340 339/339/339
f 341/341/341 456/456/456 340/340/340
f 612/612/612 339/339/339 340/340/340
f 456/456/456 367/367/367 375/375/375
f 456/456/456 375/375/375 340/340/340
f 602/602/602 612/612/612 340/340/340
f 602/602/602 340/340/340 375/375/375
f 613/613/613 612/612/612 602/602/602
f 375/375/375 367/367/367 357/357/357
f 367/367/367 162/162/162 357/357/357
f 602/602/602 375/375/375 362/362/362
f 375/375/375 357/357/357 362/362/362
f 613/613/613 602/602/602 359/359/359
f 602/602/602 362/362/362 359/359/359
f 613/613/613 359/359/359 361/361/361
f 357/357/357 162/162/162 160/160/160
f 162/162/162 161/161/161 160/160/160
f 361/361/361 359/359/359 353/353/353
f 361/361/361 353/353/353 360/360/360
f 359/359/359 362/362/362 358/358/358
f 359/359/359 358/358/358 353/353/353
f 362/362/362 357/357/357 354/354/354
f 362/362/362 354/354/354 358/358/358
f 357/357/357 160/160/160 354/354/354
f 360/360/360 353/353/353 352/352/352
f 360/360/360 352/352/352 628/628/628
f 625/625/625 628/628/628 352/352/352
f 353/353/353 358/358/358 351/351/351
f 353/353/353 351/351/351 352/352/352
f 422/422/422 160/160/160 161/161/161
f 37/37/37 422/422/422 161/161/161
f 625/625/625 352/352/352 346/346/346
f 132/132/132 625/625/625 346/346/346
f 422/422/422 356/356/356 160/160/160
f 356/356/356 354/354/354 160/160/160
f 37/37/37 423/423/423 422/422/422
f 423/423/423 356/356/356 422/422/422
f 352/352/352 350/350/350 346/346/346
f 352/352/352 351/351/351 350/350/350
f 132/132/132 346/346/346 344/344/344
f 358/358/358 348/348/348 351/351/351
f 358/358/358 354/354/354 348/348/348
f 346/346/346 345/345/345 344/344/344
f 346/346/346 350/350/350 345/345/345
f 132/132/132 344/344/344 91/91/91
f 91/91/91 344/344/344 345/345/345
f 132/132/132 91/91/91 131/131/131
f 350/350/350 133/133/133 345/345/345
f 91/91/91 345/345/345 133/133/133
f 351/351/351 134/134/134 350/350/350
f 350/350/350 134/134/134 133/133/133
f 351/351/351 348/348/348 134/134/134
f 91/91/91 133/133/133 90/90/90
f 134/134/134 90/90/90 133/133/133
f 131/131/131 91/91/91 89/89/89
f 91/91/91 90/90/90 89/89/89
f 131/131/131 89/89/89 175/175/175
f 134/134/134 349/349/349 90/90/90
f 349/349/349 134/134/134 348/348/348
f 89/89/89 90/90/90 122/122/122
f 122/122/122 90/90/90 349/349/349
f 175/175/175 89/89/89 123/123/123
f 89/89/89 122/122/122 123/123/123
f 175/175/175 123/123/123 640/640/640
f 349/349/349 348/348/348 347/347/347
f 347/347/347 348/348/348 354/354/354
f 640/640/640 123/123/123 554/554/554
f 640/640/640 554/554/554 616/616/616
f 355/355/355 347/347/347 354/354/354
f 356/356/356 355/355/355 354/354/354
f 343/343/343 349/349/349 347/347/347
f 343/343/343 347/347/347 355/355/355
f 122/122/122 349/349/349 343/343/343
f 342/342/342 355/355/355 356/356/356
f 342/342/342 343/343/343 355/355/355
f 423/423/423 342/342/342 356/356/356
f 124/124/124 122/122/122 343/343/343
f 124/124/124 343/343/343 342/342/342
f 124/124/124 123/123/123 122/122/122
f 124/124/124 342/342/342 423/423/423
f 124/124/124 554/554/554 123/123/123
f 124/124/124 423/423/423 441/441/441
f 554/554/554 124/124/124 441/441/441
f 274/274/274 616/616/616 554/554/554
f 554/554/554 441/441/441 274/274/274
f 274/274/274 561/561/561 616/616/616
f 441/441/441 423/423/423 440/440/440
f 37/37/37 440/440/440 423/423/423
f 190/190/190 440/440/440 37/37/37
f 274/274/274 441/441/441 273/273/273
f 441/441/441 440/440/440 273/273/273
f 272/272/272 561/561/561 274/274/274
f 274/274/274 273/273/273 272/272/272
f 272/272/272 552/552/552 561/561/561
f 272/272/272 553/553/553 552/552/552
f 440/440/440 190/190/190 482/482/482
f 440/440/440 482/482/482 273/273/273
f 190/190/190 483/483/483 482/482/482
f 482/482/482 483/483/483 444/444/444
f 273/273/273 337/337/337 272/272/272
f 273/273/273 482/482/482 337/337/337
f 272/272/272 337/337/337 553/553/553
f 482/482/482 444/444/444 337/337/337
f 592/592/592 553/553/553 337/337/337
f 592/592/592 337/337/337 444/444/444
f 1173/1173/1173 1172/1172/1172 1171/1171/1171
f 1205/1205/1205 1173/1173/1173 1171/1171/1171
f 1205/1205/1205 1171/1171/1171 1179/1179/1179
f 1179/1179/1179 1171/1171/1171 1178/1178/1178
f 1206/1206/1206 1173/1173/1173 1205/1205/1205
f 1179/1179/1179 1178/1178/1178 1177/1177/1177
f 1177/1177/1177 1178/1178/1178 1176/1176/1176
f 1174/1174/1174 1177/1177/1177 1176/1176/1176
f 1206/1206/1206 1207/1207/1207 1173/1173/1173
f 1208/1208/1208 1207/1207/1207 1206/1206/1206
f 1176/1176/1176 1175/1175/1175 1174/1174/1174
f 1175/1175/1175 1324/1324/1324 1174/1174/1174
f 1176/1176/1176 1321/1321/1321 1175/1175/1175
f 1321/1321/1321 1323/1323/1323 1175/1175/1175
f 1176/1176/1176 1322/1322/1322 1321/1321/1321
f 1173/1173/1173 1300/1300/1300 1172/1172/1172
f 1207/1207/1207 1300/1300/1300 1173/1173/1173
f 1300/1300/1300 1299/1299/1299 1172/1172/1172
f 1208/1208/1208 1209/1209/1209 1207/1207/1207
f 1210/1210/1210 1209/1209/1209 1208/1208/1208
f 1207/1207/1207 1301/1301/1301 1300/1300/1300
f 1209/1209/1209 1301/1301/1301 1207/1207/1207
f 1300/1300/1300 1196/1196/1196 1299/1299/1299
f 1301/1301/1301 1196/1196/1196 1300/1300/1300
f 1197/1197/1197 1299/1299/1299 1196/1196/1196
f 1210/1210/1210 1211/1211/1211 1209/1209/1209
f 1212/1212/1212 1211/1211/1211 1210/1210/1210
f 1197/1197/1197 1196/1196/1196 1187/1187/1187
f 1188/1188/1188 1197/1197/1197 1187/1187/1187
f 1301/1301/1301 1269/1269/1269 1196/1196/1196
f 1187/1187/1187 1196/1196/1196 1269/1269/1269
f 1209/1209/1209 1302/1302/1302 1301/1301/1301
f 1302/1302/1302 1269/1269/1269 1301/1301/1301
f 1188/1188/1188 1187/1187/1187 1186/1186/1186
f 1199/1199/1199 1188/1188/1188 1186/1186/1186
f 1187/1187/1187 1269/1269/1269 1268/1268/1268
f 1186/1186/1186 1187/1187/1187 1268/1268/1268
f 1302/1302/1302 1267/1267/1267 1269/1269/1269
f 1268/1268/1268 1269/1269/1269 1267/1267/1267
f 1303/1303/1303 1302/1302/1302 1209/1209/1209
f 1303/1303/1303 1267/1267/1267 1302/1302/1302
f 1303/1303/1303 1209/1209/1209 1211/1211/1211
f 1268/1268/1268 1267/1267/1267 1266/1266/1266
f 1212/1212/1212 1213/1213/1213 1211/1211/1211
f 1214/1214/1214 1213/1213/1213 1212/1212/1212
f 1304/1304/1304 1303/1303/1303 1211/1211/1211
f 1304/1304/1304 1211/1211/1211 1213/1213/1213
f 1303/1303/1303 1263/1263/1263 1267/1267/1267
f 1266/1266/1266 1267/1267/1267 1263/1263/1263
f 1214/1214/1214 1215/1215/1215 1213/1213/1213
f 1216/1216/1216 1215/1215/1215 1214/1214/1214
f 1303/1303/1303 1261/1261/1261 1263/1263/1263
f 1303/1303/1303 1304/1304/1304 1261/1261/1261
f 1216/1216/1216 1217/1217/1217 1215/1215/1215
f 1218/1218/1218 1217/1217/1217 1216/1216/1216
f 1305/1305/1305 1213/1213/1213 1215/1215/1215
f 1305/1305/1305 1304/1304/1304 1213/1213/1213
f 1306/1306/1306 1215/1215/1215 1217/1217/1217
f 1306/1306/1306 1305/1305/1305 1215/1215/1215
f 1218/1218/1218 1219/1219/1219 1217/1217/1217
f 1220/1220/1220 1219/1219/1219 1218/1218/1218
f 1304/1304/1304 1305/1305/1305 1259/1259/1259
f 1304/1304/1304 1259/1259/1259 1261/1261/1261
f 1220/1220/1220 1221/1221/1221 1219/1219/1219
f 1204/1204/1204 1221/1221/1221 1220/1220/1220
f 1307/1307/1307 1217/1217/1217 1219/1219/1219
f 1307/1307/1307 1306/1306/1306 1217/1217/1217
f 1308/1308/1308 1219/1219/1219 1221/1221/1221
f 1308/1308/1308 1307/1307/1307 1219/1219/1219
f 1305/1305/1305 1306/1306/1306 1257/1257/1257
f 1305/1305/1305 1257/1257/1257 1259/1259/1259
f 1306/1306/1306 1307/1307/1307 1255/1255/1255
f 1306/1306/1306 1255/1255/1255 1257/1257/1257
f 1307/1307/1307 1308/1308/1308 1253/1253/1253
f 1307/1307/1307 1253/1253/1253 1255/1255/1255
f 1260/1260/1260 1259/1259/1259 1257/1257/1257
f 1258/1258/1258 1257/1257/1257 1255/1255/1255
f 1258/1258/1258 1260/1260/1260 1257/1257/1257
f 1256/1256/1256 1255/1255/1255 1253/1253/1253
f 1256/1256/1256 1258/1258/1258 1255/1255/1255
f 1260/1260/1260 1262/1262/1262 1259/1259/1259
f 1262/1262/1262 1261/1261/1261 1259/1259/1259
f 1245/1245/1245 1260/1260/1260 1258/1258/1258
f 1262/1262/1262 1264/1264/1264 1261/1261/1261
f 1264/1264/1264 1263/1263/1263 1261/1261/1261
f 1246/1246/1246 1262/1262/1262 1260/1260/1260
f 1245/1245/1245 1246/1246/1246 1260/1260/1260
f 1264/1264/1264 1265/1265/1265 1263/1263/1263
f 1266/1266/1266 1263/1263/1263 1265/1265/1265
f 1247/1247/1247 1264/1264/1264 1262/1262/1262
f 1246/1246/1246 1247/1247/1247 1262/1262/1262
f 1248/1248/1248 1265/1265/1265 1264/1264/1264
f 1247/1247/1247 1248/1248/1248 1264/1264/1264
f 1249/1249/1249 1266/1266/1266 1265/1265/1265
f 1248/1248/1248 1249/1249/1249 1265/1265/1265
f 1231/1231/1231 1247/1247/1247 1246/1246/1246
f 1233/1233/1233 1248/1248/1248 1247/1247/1247
f 1231/1231/1231 1233/1233/1233 1247/1247/1247
f 1233/1233/1233 1234/1234/1234 1248/1248/1248
f 1234/1234/1234 1249/1249/1249 1248/1248/1248
f 1232/1232/1232 1233/1233/1233 1231/1231/1231
f 1232/1232/1232 1234/1234/1234 1233/1233/1233
f 1229/1229/1229 1231/1231/1231 1246/1246/1246
f 1229/1229/1229 1246/1246/1246 1245/1245/1245
f 1232/1232/1232 1231/1231/1231 1230/1230/1230
f 1230/1230/1230 1231/1231/1231 1229/1229/1229
f 1244/1244/1244 1245/1245/1245 1258/1258/1258
f 1244/1244/1244 1258/1258/1258 1256/1256/1256
f 1227/1227/1227 1229/1229/1229 1245/1245/1245
f 1227/1227/1227 1245/1245/1245 1244/1244/1244
f 1230/1230/1230 1229/1229/1229 1228/1228/1228
f 1228/1228/1228 1229/1229/1229 1227/1227/1227
f 1243/1243/1243 1244/1244/1244 1256/1256/1256
f 1225/1225/1225 1227/1227/1227 1244/1244/1244
f 1225/1225/1225 1244/1244/1244 1243/1243/1243
f 1228/1228/1228 1227/1227/1227 1226/1226/1226
f 1226/1226/1226 1227/1227/1227 1225/1225/1225
f 1243/1243/1243 1256/1256/1256 1254/1254/1254
f 1254/1254/1254 1256/1256/1256 1253/1253/1253
f 1223/1223/1223 1225/1225/1225 1243/1243/1243
f 1242/1242/1242 1243/1243/1243 1254/1254/1254
f 1223/1223/1223 1243/1243/1243 1242/1242/1242
f 1242/1242/1242 1254/1254/1254 1252/1252/1252
f 1224/1224/1224 1225/1225/1225 1223/1223/1223
f 1226/1226/1226 1225/1225/1225 1224/1224/1224
f 1224/1224/1224 1223/1223/1223 1222/1222/1222
f 1252/1252/1252 1254/1254/1254 1189/1189/1189
f 1254/1254/1254 1253/1253/1253 1189/1189/1189
f 1308/1308/1308 1189/1189/1189 1253/1253/1253
f 1252/1252/1252 1189/1189/1189 1190/1190/1190
f 1308/1308/1308 1191/1191/1191 1189/1189/1189
f 1191/1191/1191 1190/1190/1190 1189/1189/1189
f 1191/1191/1191 1308/1308/1308 1221/1221/1221
f 1191/1191/1191 1309/1309/1309 1190/1190/1190
f 1191/1191/1191 1221/1221/1221 1203/1203/1203
f 1309/1309/1309 1191/1191/1191 1203/1203/1203
f 1204/1204/1204 1203/1203/1203 1221/1221/1221
f 1309/1309/1309 1203/1203/1203 1200/1200/1200
f 1204/1204/1204 1200/1200/1200 1203/1203/1203
f 1204/1204/1204 1202/1202/1202 1200/1200/1200
f 1202/1202/1202 1201/1201/1201 1200/1200/1200
f 1202/1202/1202 1325/1325/1325 1201/1201/1201
f 1180/1180/1180 1201/1201/1201 1325/1325/1325
f 1325/1325/1325 1326/1326/1326 1182/1182/1182
f 1180/1180/1180 1325/1325/1325 1182/1182/1182
f 1182/1182/1182 1181/1181/1181 1180/1180/1180
f 1181/1181/1181 1328/1328/1328 1180/1180/1180
f 1182/1182/1182 1327/1327/1327 1181/1181/1181
f 1222/1222/1222 1270/1270/1270 1224/1224/1224
f 1222/1222/1222 1272/1272/1272 1270/1270/1270
f 1224/1224/1224 1270/1270/1270 1273/1273/1273
f 1224/1224/1224 1273/1273/1273 1226/1226/1226
f 1272/1272/1272 1271/1271/1271 1270/1270/1270
f 1272/1272/1272 1290/1290/1290 1271/1271/1271
f 1290/1290/1290 1330/1330/1330 1289/1289/1289
f 1290/1290/1290 1289/1289/1289 1271/1271/1271
f 1271/1271/1271 1289/1289/1289 1291/1291/1291
f 1270/1270/1270 1271/1271/1271 1274/1274/1274
f 1271/1271/1271 1291/1291/1291 1274/1274/1274
f 1270/1270/1270 1274/1274/1274 1273/1273/1273
f 1274/1274/1274 1291/1291/1291 1292/1292/1292
f 1226/1226/1226 1273/1273/1273 1275/1275/1275
f 1226/1226/1226 1275/1275/1275 1228/1228/1228
f 1273/1273/1273 1274/1274/1274 1276/1276/1276
f 1274/1274/1274 1292/1292/1292 1276/1276/1276
f 1273/1273/1273 1276/1276/1276 1275/1275/1275
f 1276/1276/1276 1292/1292/1292 1293/1293/1293
f 1228/1228/1228 1275/1275/1275 1277/1277/1277
f 1228/1228/1228 1277/1277/1277 1230/1230/1230
f 1275/1275/1275 1276/1276/1276 1278/1278/1278
f 1276/1276/1276 1293/1293/1293 1278/1278/1278
f 1275/1275/1275 1278/1278/1278 1277/1277/1277
f 1278/1278/1278 1293/1293/1293 1294/1294/1294
f 1230/1230/1230 1277/1277/1277 1279/1279/1279
f 1278/1278/1278 1294/1294/1294 1280/1280/1280
f 1277/1277/1277 1278/1278/1278 1280/1280/1280
f 1277/1277/1277 1280/1280/1280 1279/1279/1279
f 1280/1280/1280 1294/1294/1294 1295/1295/1295
f 1230/1230/1230 1279/1279/1279 1232/1232/1232
f 1280/1280/1280 1295/1295/1295 1282/1282/1282
f 1279/1279/1279 1280/1280/1280 1282/1282/1282
f 1282/1282/1282 1295/1295/1295 1296/1296/1296
f 1232/1232/1232 1279/1279/1279 1281/1281/1281
f 1279/1279/1279 1282/1282/1282 1281/1281/1281
f 1282/1282/1282 1296/1296/1296 1284/1284/1284
f 1281/1281/1281 1282/1282/1282 1284/1284/1284
f 1232/1232/1232 1281/1281/1281 1236/1236/1236
f 1232/1232/1232 1236/1236/1236 1234/1234/1234
f 1281/1281/1281 1284/1284/1284 1283/1283/1283
f 1236/1236/1236 1281/1281/1281 1283/1283/1283
f 1296/1296/1296 1287/1287/1287 1284/1284/1284
f 1296/1296/1296 1297/1297/1297 1287/1287/1287
f 1284/1284/1284 1285/1285/1285 1283/1283/1283
f 1284/1284/1284 1287/1287/1287 1285/1285/1285
f 1236/1236/1236 1283/1283/1283 1237/1237/1237
f 1237/1237/1237 1283/1283/1283 1285/1285/1285
f 1236/1236/1236 1235/1235/1235 1234/1234/1234
f 1236/1236/1236 1237/1237/1237 1235/1235/1235
f 1234/1234/1234 1235/1235/1235 1249/1249/1249
f 1237/1237/1237 1285/1285/1285 1238/1238/1238
f 1238/1238/1238 1235/1235/1235 1237/1237/1237
f 1239/1239/1239 1249/1249/1249 1235/1235/1235
f 1238/1238/1238 1239/1239/1239 1235/1235/1235
f 1285/1285/1285 1240/1240/1240 1238/1238/1238
f 1240/1240/1240 1239/1239/1239 1238/1238/1238
f 1287/1287/1287 1286/1286/1286 1285/1285/1285
f 1285/1285/1285 1286/1286/1286 1240/1240/1240
f 1297/1297/1297 1288/1288/1288 1287/1287/1287
f 1287/1287/1287 1288/1288/1288 1286/1286/1286
f 1297/1297/1297 1298/1298/1298 1288/1288/1288
f 1239/1239/1239 1250/1250/1250 1249/1249/1249
f 1249/1249/1249 1250/1250/1250 1266/1266/1266
f 1298/1298/1298 1192/1192/1192 1288/1288/1288
f 1298/1298/1298 1194/1194/1194 1192/1192/1192
f 1194/1194/1194 1329/1329/1329 1193/1193/1193
f 1194/1194/1194 1193/1193/1193 1192/1192/1192
f 1192/1192/1192 1193/1193/1193 1195/1195/1195
f 1288/1288/1288 1192/1192/1192 1185/1185/1185
f 1192/1192/1192 1195/1195/1195 1185/1185/1185
f 1288/1288/1288 1185/1185/1185 1286/1286/1286
f 1185/1185/1185 1195/1195/1195 1184/1184/1184
f 1286/1286/1286 1185/1185/1185 1183/1183/1183
f 1185/1185/1185 1184/1184/1184 1183/1183/1183
f 1286/1286/1286 1183/1183/1183 1240/1240/1240
f 1183/1183/1183 1184/1184/1184 1199/1199/1199
f 1240/1240/1240 1241/1241/1241 1239/1239/1239
f 1183/1183/1183 1241/1241/1241 1240/1240/1240
f 1241/1241/1241 1250/1250/1250 1239/1239/1239
f 1183/1183/1183 1199/1199/1199 1198/1198/1198
f 1183/1183/1183 1198/1198/1198 1241/1241/1241
f 1199/1199/1199 1186/1186/1186 1198/1198/1198
f 1241/1241/1241 1251/1251/1251 1250/1250/1250
f 1198/1198/1198 1251/1251/1251 1241/1241/1241
f 1198/1198/1198 1186/1186/1186 1251/1251/1251
f 1251/1251/1251 1266/1266/1266 1250/1250/1250
f 1186/1186/1186 1268/1268/1268 1251/1251/1251
f 1251/1251/1251 1268/1268/1268 1266/1266/1266
