# VPXTOOL table OBJ file
# VPXTOOL OBJ file
# numVerts: 1228 numFaces: 1468
o Flipper - Gottlieb
v -0.037887 0.440836 0.079686
v -0.055118 0.440836 0.071003
v -0.07021 0.440836 0.059325
v -0.082586 0.440836 0.045108
v -0.091775 0.440836 0.028901
v -0.097429 0.440836 0.011327
v -0.099346 0.440836 -0.007017
v -0.05302 0.440836 -1.115136
v -0.049924 0.440836 -1.126185
v -0.044878 0.440836 -1.136409
v -0.038098 0.440836 -1.145354
v -0.029851 0.440836 -1.152682
v -0.020462 0.440836 -1.158116
v -0.010289 0.440836 -1.161457
v 0.000281 0.440836 -1.162585
v 0.010851 0.440836 -1.161457
v 0.021024 0.440836 -1.158116
v 0.030413 0.440836 -1.152682
v 0.038659 0.440836 -1.145354
v 0.045439 0.440836 -1.136408
v 0.050486 0.440836 -1.126185
v 0.053581 0.440836 -1.115136
v 0.099907 0.440836 -0.007017
v 0.097991 0.440836 0.011327
v 0.092336 0.440836 0.028901
v 0.083148 0.440836 0.045108
v 0.070772 0.440836 0.059325
v 0.055679 0.440836 0.071003
v 0.038448 0.440836 0.079686
v 0.019741 0.440836 0.085036
v 0.000281 0.440836 0.086843
v -0.019179 0.440836 0.085036
v 0.000281 0.355335 -1.252618
v 0.000281 0.400423 -1.252618
v -0.023026 0.400423 -1.250322
v -0.023026 0.355335 -1.250322
v -0.045437 0.400423 -1.243524
v -0.045437 0.355335 -1.243524
v -0.066091 0.400423 -1.232484
v -0.066091 0.355335 -1.232484
v -0.084195 0.400423 -1.217627
v -0.063549 0.406384 -1.226871
v -0.084195 0.355335 -1.217627
v -0.081004 0.406384 -1.212545
v -0.099052 0.400423 -1.199523
v -0.099052 0.355335 -1.199523
v -0.095355 0.406384 -1.195059
v -0.110092 0.400423 -1.178869
v -0.110092 0.355335 -1.178869
v -0.106037 0.406384 -1.175075
v -0.11689 0.400423 -1.156458
v -0.11689 0.355335 -1.156458
v -0.112625 0.406384 -1.153357
v -0.194904 0.400423 -0.000779
v -0.194904 0.355335 -0.000779
v -0.190452 0.406384 -0.000442
v 0.019103 0.406384 -1.219353
v 0.022677 0.406384 -1.244035
v 0.044227 0.406384 -1.237499
v 0.045999 0.400423 -1.243524
v 0.066653 0.400423 -1.232484
v 0.023588 0.400423 -1.250322
v 0.06411 0.406384 -1.22687
v 0.000281 0.406384 -1.246241
v 0.000281 0.400423 -1.252618
v -0.023026 0.400423 -1.250322
v 0.037201 0.406384 -1.213611
v -0.022115 0.406384 -1.244035
v -0.045437 0.400423 -1.243524
v 0.000281 0.406384 -1.221292
v -0.043665 0.406384 -1.237499
v -0.066091 0.400423 -1.232484
v -0.063549 0.406384 -1.226871
v -0.018541 0.406384 -1.219353
v 0.000281 0.406384 -1.21993
v 0.018908 0.406384 -1.218007
v -0.018346 0.406384 -1.218007
v 0.036819 0.406384 -1.21231
v -0.03664 0.406384 -1.213611
v -0.036257 0.406384 -1.21231
v 0.053881 0.406384 -1.204285
v 0.053326 0.406384 -1.203059
v 0.081566 0.406384 -1.212545
v -0.053319 0.406384 -1.204285
v -0.052764 0.406384 -1.203059
v -0.081004 0.406384 -1.212545
v 0.068501 0.406384 -1.191735
v 0.095916 0.406384 -1.195059
v 0.067794 0.406384 -1.190609
v -0.067939 0.406384 -1.191735
v -0.095355 0.406384 -1.195059
v -0.067233 0.406384 -1.19061
v 0.080499 0.406384 -1.176443
v 0.079668 0.406384 -1.175439
v 0.106598 0.406384 -1.175074
v -0.079938 0.406384 -1.176443
v -0.079107 0.406384 -1.17544
v -0.106037 0.406384 -1.175075
v 0.089415 0.406384 -1.158996
v 0.113186 0.406384 -1.153357
v 0.088492 0.406384 -1.158132
v -0.088853 0.406384 -1.158996
v -0.112625 0.406384 -1.153357
v -0.08793 0.406384 -1.158132
v 0.094905 0.406384 -1.140066
v 0.093925 0.406384 -1.139353
v 0.191013 0.406384 -0.000442
v -0.094344 0.406384 -1.140066
v -0.093363 0.406384 -1.139353
v -0.190452 0.406384 -0.000442
v 0.157907 0.406384 0.002068
v 0.187363 0.406384 0.036623
v 0.156274 0.406384 0.002191
v -0.157345 0.406384 0.002067
v -0.186801 0.406384 0.036623
v -0.155712 0.406384 0.002191
v 0.154878 0.406384 0.031575
v 0.153277 0.406384 0.031326
v 0.176546 0.406384 0.07228
v -0.154317 0.406384 0.031575
v -0.152715 0.406384 0.031326
v -0.175985 0.406384 0.07228
v 0.145908 0.406384 0.059948
v 0.158966 0.406384 0.10517
v 0.1444 0.406384 0.059341
v -0.145347 0.406384 0.059948
v -0.158405 0.406384 0.10517
v -0.143838 0.406384 0.059341
v 0.131342 0.406384 0.086097
v 0.129984 0.406384 0.08516
v 0.110585 0.406384 0.10779
v -0.130781 0.406384 0.086097
v -0.129423 0.406384 0.08516
v -0.110023 0.406384 0.10779
v 0.111739 0.406384 0.109017
v 0.086946 0.406384 0.126362
v 0.13528 0.406384 0.134032
v -0.111178 0.406384 0.109017
v -0.086384 0.406384 0.126362
v -0.134719 0.406384 0.134031
v 0.087853 0.406384 0.127827
v 0.106386 0.406384 0.157744
v 0.059977 0.406384 0.140163
v -0.087292 0.406384 0.127827
v -0.105825 0.406384 0.157744
v -0.059415 0.406384 0.140163
v 0.060602 0.406384 0.141804
v 0.030713 0.406384 0.148661
v 0.073388 0.406384 0.175382
v -0.06004 0.406384 0.141804
v -0.030152 0.406384 0.148661
v -0.072827 0.406384 0.175382
v 0.031032 0.406384 0.150411
v 0.037558 0.406384 0.186251
v 0.000281 0.406384 0.151531
v -0.030471 0.406384 0.150411
v -0.036996 0.406384 0.186251
v 0.000281 0.406384 0.153317
v 0.000281 0.406384 0.189923
v -0.029962 0.418535 -1.185094
v -0.043625 0.418535 -1.177518
v -0.052044 0.418535 -1.201047
v -0.066314 0.418535 -1.188769
v -0.035763 0.418535 -1.210172
v -0.055601 0.418535 -1.167322
v -0.078022 0.418535 -1.173811
v -0.029396 0.418535 -1.182648
v -0.042803 0.418535 -1.175223
v -0.014848 0.418535 -1.187221
v -0.054555 0.418535 -1.165229
v -0.015137 0.418535 -1.18976
v 0.000281 0.418535 -1.188765
v -0.065429 0.418535 -1.154899
v -0.064199 0.418535 -1.153053
v -0.086721 0.418535 -1.156748
v -0.072732 0.418535 -1.140725
v -0.071366 0.418535 -1.13916
v -0.092077 0.418535 -1.138236
v -0.077229 0.418535 -1.125345
v -0.075779 0.418535 -1.124086
v -0.15435 0.418534 0.001926
v -0.128836 0.418534 -0.003037
v -0.12642 0.418534 -0.003507
v -0.123986 0.418534 0.020346
v -0.126355 0.418534 0.021252
v -0.151378 0.418534 0.030815
v -0.116776 0.418534 0.043282
v -0.119008 0.418534 0.044607
v -0.142577 0.418534 0.058592
v -0.105067 0.418534 0.06442
v -0.107076 0.418534 0.066131
v -0.128285 0.418534 0.084191
v -0.08931 0.418534 0.082948
v -0.091019 0.418534 0.084997
v -0.109052 0.418534 0.106626
v -0.07011 0.418534 0.098154
v -0.071453 0.418534 0.10048
v -0.085619 0.418534 0.125036
v -0.048206 0.418534 0.109452
v -0.04913 0.418534 0.111985
v -0.058887 0.418534 0.138716
v -0.024437 0.418534 0.11641
v -0.024909 0.418534 0.11907
v -0.029882 0.418534 0.147139
v 0.000281 0.418534 0.118759
v 0.000281 0.418534 0.121462
v 0.000281 0.418534 0.149983
v 0.030444 0.418534 0.147139
v 0.02547 0.418534 0.11907
v 0.024999 0.418534 0.11641
v 0.059448 0.418534 0.138716
v 0.049692 0.418534 0.111985
v 0.048767 0.418534 0.109452
v 0.086181 0.418534 0.125036
v 0.072014 0.418534 0.10048
v 0.070672 0.418534 0.098154
v 0.109614 0.418534 0.106626
v 0.09158 0.418534 0.084997
v 0.089872 0.418534 0.082948
v 0.128846 0.418534 0.084191
v 0.107637 0.418534 0.066131
v 0.105629 0.418534 0.064421
v 0.143138 0.418534 0.058593
v 0.119569 0.418534 0.044607
v 0.117337 0.418534 0.043282
v 0.15194 0.418534 0.030815
v 0.126916 0.418534 0.021252
v 0.124547 0.418534 0.020346
v 0.154912 0.418534 0.001926
v 0.129397 0.418534 -0.003037
v 0.126982 0.418534 -0.003507
v 0.07634 0.418535 -1.124086
v 0.077791 0.418535 -1.125345
v 0.092638 0.418535 -1.138236
v 0.071927 0.418535 -1.13916
v 0.073293 0.418535 -1.140724
v 0.087282 0.418535 -1.156747
v 0.064761 0.418535 -1.153052
v 0.06599 0.418535 -1.154899
v 0.078584 0.418535 -1.173811
v 0.055117 0.418535 -1.165229
v 0.056162 0.418535 -1.167322
v 0.066875 0.418535 -1.188769
v 0.043365 0.418535 -1.175222
v 0.044187 0.418535 -1.177518
v 0.052606 0.418535 -1.201047
v 0.029958 0.418535 -1.182648
v 0.030524 0.418535 -1.185094
v 0.036324 0.418535 -1.210172
v 0.01541 0.418535 -1.187221
v 0.015698 0.418535 -1.18976
v 0.018656 0.418535 -1.215791
v 0.036819 0.41645 -1.21231
v 0.018908 0.41645 -1.218007
v 0.000281 0.418535 -1.191335
v 0.000281 0.418535 -1.217689
v 0.000281 0.41645 -1.21993
v -0.018346 0.41645 -1.218007
v -0.018094 0.418535 -1.215791
v -0.036257 0.41645 -1.21231
v -0.022358 0.429747 -1.162884
v -0.032586 0.429747 -1.157004
v -0.04138 0.429747 -1.172685
v -0.052763 0.429747 -1.163005
v -0.028407 0.429747 -1.17987
v -0.042803 0.426956 -1.175223
v -0.029396 0.426956 -1.182648
v -0.041551 0.429747 -1.14909
v -0.062115 0.429747 -1.151198
v -0.014341 0.429747 -1.184291
v -0.014848 0.426956 -1.187221
v -0.031239 0.429747 -1.154603
v -0.021431 0.429747 -1.16028
v -0.039837 0.429747 -1.146963
v -0.010788 0.429747 -1.163775
v -0.048908 0.429747 -1.139447
v -0.046892 0.429747 -1.137654
v -0.069071 0.429747 -1.137713
v -0.01126 0.429747 -1.166505
v 0.000281 0.429747 -1.164956
v -0.054374 0.429747 -1.128445
v -0.052135 0.429747 -1.127033
v -0.075779 0.426956 -1.124086
v -0.071366 0.426956 -1.13916
v -0.057741 0.429747 -1.116507
v -0.073358 0.429747 -1.123068
v -0.12642 0.426955 -0.003507
v -0.055364 0.429747 -1.115508
v -0.123938 0.429746 -0.003852
v -0.104586 0.429746 -0.006543
v -0.101708 0.429746 -0.006943
v -0.099749 0.429746 0.011816
v -0.121555 0.429746 0.019491
v -0.123986 0.426955 0.020346
v -0.102571 0.429746 0.012809
v -0.093945 0.429746 0.029853
v -0.096603 0.429746 0.031417
v -0.114498 0.429746 0.041942
v -0.08452 0.429746 0.046477
v -0.086913 0.429746 0.048566
v -0.103032 0.429746 0.062643
v -0.071837 0.429746 0.061048
v -0.073871 0.429746 0.063598
v -0.087593 0.429746 0.080796
v -0.056381 0.429746 0.073006
v -0.05798 0.429746 0.075934
v -0.068772 0.429746 0.095702
v -0.038749 0.429746 0.081892
v -0.03985 0.429746 0.085101
v -0.04729 0.429746 0.106783
v -0.019616 0.429746 0.087363
v -0.020178 0.429746 0.090746
v 0.000281 0.429746 0.089211
v -0.023972 0.429746 0.113608
v -0.048206 0.426955 0.109452
v -0.024437 0.426955 0.11641
v 0.000281 0.429746 0.092652
v 0.000281 0.429746 0.115913
v 0.000281 0.426955 0.118759
v 0.024999 0.426955 0.11641
v 0.020739 0.429746 0.090746
v 0.024534 0.429746 0.113608
v 0.048767 0.426955 0.109452
v 0.020178 0.429746 0.087363
v 0.047851 0.429746 0.106783
v 0.040411 0.429746 0.085101
v 0.03931 0.429746 0.081892
v 0.069333 0.429746 0.095702
v 0.058542 0.429746 0.075934
v 0.056943 0.429746 0.073006
v 0.088155 0.429746 0.080796
v 0.074433 0.429746 0.063598
v 0.072398 0.429746 0.061048
v 0.103593 0.429746 0.062643
v 0.087474 0.429746 0.048567
v 0.085082 0.429746 0.046477
v 0.115059 0.429746 0.041942
v 0.097165 0.429746 0.031417
v 0.094507 0.429746 0.029853
v 0.124547 0.426955 0.020346
v 0.117337 0.426955 0.043282
v 0.103132 0.429746 0.012809
v 0.122117 0.429746 0.019491
v 0.126982 0.426955 -0.003507
v 0.10031 0.429746 0.011816
v 0.124499 0.429746 -0.003852
v 0.105147 0.429746 -0.006543
v 0.10227 0.429746 -0.006943
v 0.055925 0.429747 -1.115508
v 0.07392 0.429747 -1.123068
v 0.058303 0.429747 -1.116507
v 0.052697 0.429747 -1.127033
v 0.07634 0.426956 -1.124086
v 0.054936 0.429747 -1.128445
v 0.047454 0.429747 -1.137653
v 0.069632 0.429747 -1.137712
v 0.071927 0.426956 -1.13916
v 0.049469 0.429747 -1.139446
v 0.040398 0.429747 -1.146963
v 0.062676 0.429747 -1.151198
v 0.042112 0.429747 -1.14909
v 0.031801 0.429747 -1.154603
v 0.053325 0.429747 -1.163005
v 0.033147 0.429747 -1.157003
v 0.021992 0.429747 -1.16028
v 0.041942 0.429747 -1.172685
v 0.02292 0.429747 -1.162884
v 0.011349 0.429747 -1.163775
v 0.028969 0.429747 -1.17987
v 0.043365 0.426956 -1.175222
v 0.029958 0.426956 -1.182648
v 0.011822 0.429747 -1.166505
v 0.014903 0.429747 -1.184291
v 0.01541 0.426956 -1.187221
v 0.000281 0.429747 -1.167728
v 0.000281 0.429747 -1.185784
v 0.000281 0.426956 -1.188765
v -0.010788 0.43861 -1.163775
v -0.021431 0.43861 -1.16028
v -0.021431 0.42673 -1.16028
v -0.010788 0.42673 -1.163775
v 0.000281 0.43861 -1.164956
v 0.000281 0.42673 -1.164956
v -0.031239 0.42673 -1.154603
v -0.031239 0.43861 -1.154603
v -0.039837 0.42673 -1.146963
v -0.039837 0.43861 -1.146963
v -0.046892 0.42673 -1.137654
v -0.046892 0.43861 -1.137654
v -0.052135 0.42673 -1.127033
v -0.052135 0.43861 -1.127033
v -0.055364 0.42673 -1.115508
v -0.055364 0.43861 -1.115508
v -0.101708 0.42673 -0.006943
v -0.101708 0.43861 -0.006943
v -0.099749 0.43861 0.011816
v -0.093945 0.43861 0.029853
v -0.093945 0.42673 0.029853
v -0.099749 0.42673 0.011816
v -0.101708 0.43861 -0.006943
v -0.101708 0.42673 -0.006943
v -0.08452 0.42673 0.046477
v -0.08452 0.43861 0.046477
v -0.071837 0.42673 0.061048
v -0.071837 0.43861 0.061048
v -0.056381 0.42673 0.073006
v -0.056381 0.43861 0.073006
v -0.038749 0.42673 0.081892
v -0.038749 0.43861 0.081892
v -0.019616 0.43861 0.087363
v -0.019616 0.42673 0.087363
v 0.000281 0.42673 0.089211
v 0.000281 0.43861 0.089211
v 0.055925 0.43861 -1.115508
v 0.052697 0.43861 -1.127033
v 0.052697 0.42673 -1.127033
v 0.055925 0.42673 -1.115508
v 0.10227 0.43861 -0.006943
v 0.10227 0.42673 -0.006943
v 0.047454 0.42673 -1.137653
v 0.047454 0.43861 -1.137653
v 0.040398 0.42673 -1.146963
v 0.040398 0.43861 -1.146963
v 0.031801 0.42673 -1.154603
v 0.031801 0.43861 -1.154603
v 0.021992 0.42673 -1.16028
v 0.021992 0.43861 -1.16028
v 0.011349 0.42673 -1.163775
v 0.011349 0.43861 -1.163775
v 0.000281 0.42673 -1.164956
v 0.000281 0.43861 -1.164956
v 0.020178 0.43861 0.087363
v 0.03931 0.43861 0.081892
v 0.03931 0.42673 0.081892
v 0.020178 0.42673 0.087363
v 0.000281 0.43861 0.089211
v 0.000281 0.42673 0.089211
v 0.056943 0.42673 0.073006
v 0.056943 0.43861 0.073006
v 0.072398 0.42673 0.061048
v 0.072398 0.43861 0.061048
v 0.085082 0.42673 0.046477
v 0.085082 0.43861 0.046477
v 0.094507 0.42673 0.029853
v 0.094507 0.43861 0.029853
v 0.10031 0.42673 0.011816
v 0.10031 0.43861 0.011816
v 0.10227 0.42673 -0.006943
v 0.10227 0.43861 -0.006943
v -0.019179 0.440836 0.085036
v 0.000281 0.440836 0.086843
v 0.000281 0.43861 0.089211
v -0.019616 0.43861 0.087363
v -0.037887 0.440836 0.079686
v -0.038749 0.43861 0.081892
v 0.019741 0.440836 0.085036
v -0.055118 0.440836 0.071003
v 0.020178 0.43861 0.087363
v -0.056381 0.43861 0.073006
v 0.038448 0.440836 0.079686
v -0.07021 0.440836 0.059325
v 0.03931 0.43861 0.081892
v -0.071837 0.43861 0.061048
v 0.055679 0.440836 0.071003
v -0.082586 0.440836 0.045108
v 0.056943 0.43861 0.073006
v -0.08452 0.43861 0.046477
v 0.070772 0.440836 0.059325
v -0.091775 0.440836 0.028901
v 0.072398 0.43861 0.061048
v -0.093945 0.43861 0.029853
v 0.083148 0.440836 0.045108
v -0.097429 0.440836 0.011327
v -0.099749 0.43861 0.011816
v 0.085082 0.43861 0.046477
v -0.101708 0.43861 -0.006943
v -0.099346 0.440836 -0.007017
v 0.092336 0.440836 0.028901
v 0.094507 0.43861 0.029853
v 0.097991 0.440836 0.011327
v 0.10031 0.43861 0.011816
v 0.10227 0.43861 -0.006943
v 0.099907 0.440836 -0.007017
v -0.05302 0.440836 -1.115136
v -0.055364 0.43861 -1.115508
v 0.053581 0.440836 -1.115136
v 0.055925 0.43861 -1.115508
v -0.052135 0.43861 -1.127033
v 0.052697 0.43861 -1.127033
v 0.050486 0.440836 -1.126185
v -0.049924 0.440836 -1.126185
v 0.045439 0.440836 -1.136408
v 0.047454 0.43861 -1.137653
v -0.044878 0.440836 -1.136409
v -0.046892 0.43861 -1.137654
v 0.038659 0.440836 -1.145354
v 0.040398 0.43861 -1.146963
v -0.038098 0.440836 -1.145354
v -0.039837 0.43861 -1.146963
v 0.030413 0.440836 -1.152682
v 0.031801 0.43861 -1.154603
v -0.029851 0.440836 -1.152682
v -0.031239 0.43861 -1.154603
v 0.021024 0.440836 -1.158116
v 0.021992 0.43861 -1.16028
v -0.020462 0.440836 -1.158116
v -0.021431 0.43861 -1.16028
v 0.010851 0.440836 -1.161457
v 0.011349 0.43861 -1.163775
v -0.010289 0.440836 -1.161457
v -0.010788 0.43861 -1.163775
v 0.000281 0.440836 -1.162585
v 0.000281 0.43861 -1.164956
v 0.000281 0.008365 -1.252013
v 0.023233 0.008365 -1.249713
v 0.023233 0.166267 -1.249713
v 0.000281 0.166267 -1.252013
v 0.045304 0.166267 -1.2429
v 0.045304 0.008365 -1.2429
v 0.065644 0.166267 -1.231837
v 0.065644 0.008365 -1.231837
v 0.083473 0.166267 -1.216948
v 0.083473 0.008365 -1.216948
v 0.098104 0.166267 -1.198806
v 0.098104 0.008365 -1.198806
v 0.108976 0.166267 -1.178108
v 0.108976 0.008365 -1.178108
v 0.115671 0.166267 -1.155649
v 0.115671 0.008365 -1.155649
v 0.192499 0.166267 -0.001778
v 0.192499 0.008365 -0.001778
v -0.022672 0.008365 -1.249713
v 0.000281 0.008365 -1.252013
v 0.000281 0.166267 -1.252013
v -0.022672 0.166267 -1.249713
v -0.044742 0.008365 -1.2429
v -0.044742 0.166267 -1.2429
v -0.065083 0.008365 -1.231837
v -0.065083 0.166267 -1.231837
v -0.082911 0.008365 -1.216948
v -0.082911 0.166267 -1.216948
v -0.097542 0.008365 -1.198806
v -0.097542 0.166267 -1.198806
v -0.108415 0.008365 -1.178108
v -0.108415 0.166267 -1.178108
v -0.11511 0.008365 -1.155649
v -0.11511 0.166267 -1.155649
v -0.191938 0.008365 -0.001778
v -0.191938 0.166267 -0.001778
v -0.135638 0.008365 0.137078
v -0.159543 0.008365 0.107321
v -0.159543 0.166267 0.107321
v -0.135638 0.166267 0.137078
v -0.177306 0.166267 0.073371
v -0.10651 0.008365 0.1615
v -0.177306 0.008365 0.073371
v -0.10651 0.166267 0.1615
v -0.188244 0.166267 0.036533
v -0.073278 0.008365 0.179646
v -0.188244 0.008365 0.036533
v -0.073278 0.166267 0.179646
v -0.191938 0.166267 -0.001778
v -0.191938 0.008365 -0.001778
v -0.037219 0.008365 0.190821
v -0.037219 0.166267 0.190821
v 0.000281 0.008365 0.194594
v 0.000281 0.166267 0.194594
v 0.1362 0.008365 0.137078
v 0.107072 0.008365 0.1615
v 0.107072 0.166267 0.1615
v 0.1362 0.166267 0.137078
v 0.07384 0.166267 0.179647
v 0.160105 0.008365 0.107321
v 0.07384 0.008365 0.179647
v 0.160105 0.166267 0.107321
v 0.037781 0.166267 0.190821
v 0.177868 0.008365 0.073371
v 0.037781 0.008365 0.190821
v 0.177868 0.166267 0.073371
v 0.000281 0.166267 0.194594
v 0.000281 0.008365 0.194594
v 0.188806 0.008365 0.036533
v 0.188806 0.166267 0.036533
v 0.195466 0.355335 -0.000779
v 0.195466 0.400423 -0.000779
v 0.117452 0.400423 -1.156458
v 0.117452 0.355335 -1.156458
v 0.113186 0.406384 -1.153357
v 0.191013 0.406384 -0.000442
v 0.106598 0.406384 -1.175074
v 0.110654 0.400423 -1.178869
v 0.110654 0.355335 -1.178869
v 0.095916 0.406384 -1.195059
v 0.099614 0.400423 -1.199523
v 0.099614 0.355335 -1.199523
v 0.081566 0.406384 -1.212545
v 0.084756 0.400423 -1.217627
v 0.06411 0.406384 -1.22687
v 0.084756 0.355335 -1.217627
v 0.066653 0.400423 -1.232484
v 0.066653 0.355335 -1.232484
v 0.045999 0.400423 -1.243524
v 0.045999 0.355335 -1.243524
v 0.023588 0.400423 -1.250322
v 0.023588 0.355335 -1.250322
v 0.000281 0.400423 -1.252618
v 0.000281 0.355335 -1.252618
v 0.000281 0.355335 0.194405
v 0.000281 0.400423 0.194405
v 0.038359 0.400423 0.190655
v 0.000281 0.406384 0.189923
v 0.038359 0.355335 0.190655
v 0.037558 0.406384 0.186251
v 0.074975 0.400423 0.179548
v 0.074975 0.355335 0.179548
v 0.073388 0.406384 0.175382
v 0.10872 0.400423 0.161511
v 0.10872 0.355335 0.161511
v 0.106386 0.406384 0.157744
v 0.138297 0.400423 0.137237
v 0.138297 0.355335 0.137237
v 0.13528 0.406384 0.134032
v 0.162571 0.400423 0.10766
v 0.162571 0.355335 0.10766
v 0.158966 0.406384 0.10517
v 0.180608 0.400423 0.073915
v 0.176546 0.406384 0.07228
v 0.180608 0.355335 0.073915
v 0.187363 0.406384 0.036623
v 0.191715 0.400423 0.037299
v 0.191013 0.406384 -0.000442
v 0.191715 0.355335 0.037299
v 0.195466 0.400423 -0.000779
v 0.195466 0.355335 -0.000779
v -0.137736 0.355335 0.137237
v -0.137736 0.400423 0.137237
v -0.108158 0.400423 0.161511
v -0.108158 0.355335 0.161511
v -0.16201 0.355335 0.107659
v -0.074413 0.400423 0.179548
v -0.074413 0.355335 0.179548
v -0.105825 0.406384 0.157744
v -0.072827 0.406384 0.175382
v -0.134719 0.406384 0.134031
v -0.036996 0.406384 0.186251
v -0.16201 0.400423 0.107659
v -0.158405 0.406384 0.10517
v -0.180047 0.355335 0.073915
v -0.037798 0.400423 0.190655
v 0.000281 0.406384 0.189923
v -0.037798 0.355335 0.190655
v 0.000281 0.400423 0.194405
v 0.000281 0.355335 0.194405
v -0.180047 0.400423 0.073915
v -0.175985 0.406384 0.07228
v -0.191154 0.355335 0.037299
v -0.186801 0.406384 0.036623
v -0.191154 0.400423 0.037299
v -0.194904 0.355335 -0.000779
v -0.190452 0.406384 -0.000442
v -0.194904 0.400423 -0.000779
v 0.036819 0.41645 -1.21231
v 0.018908 0.41645 -1.218007
v 0.018908 0.402987 -1.218007
v 0.000281 0.402987 -1.21993
v 0.000281 0.41645 -1.21993
v 0.036819 0.402987 -1.21231
v 0.053326 0.41645 -1.203059
v 0.036324 0.418535 -1.210172
v 0.053326 0.402987 -1.203059
v 0.052606 0.418535 -1.201047
v 0.067794 0.41645 -1.190609
v 0.067794 0.402987 -1.190609
v 0.066875 0.418535 -1.188769
v 0.079668 0.41645 -1.175439
v 0.079668 0.402987 -1.175439
v 0.078584 0.418535 -1.173811
v 0.088492 0.41645 -1.158132
v 0.088492 0.402987 -1.158132
v 0.087282 0.418535 -1.156747
v 0.093925 0.41645 -1.139353
v 0.093925 0.402987 -1.139353
v 0.092638 0.418535 -1.138236
v 0.156274 0.416449 0.002191
v 0.156274 0.402986 0.002191
v 0.154912 0.418534 0.001926
v 0.1444 0.416449 0.059341
v 0.153277 0.416449 0.031326
v 0.153277 0.402986 0.031326
v 0.156274 0.402986 0.002191
v 0.1444 0.402986 0.059341
v 0.156274 0.416449 0.002191
v 0.15194 0.418534 0.030815
v 0.154912 0.418534 0.001926
v 0.143138 0.418534 0.058593
v 0.128846 0.418534 0.084191
v 0.129984 0.416449 0.08516
v 0.129984 0.402986 0.08516
v 0.109614 0.418534 0.106626
v 0.110585 0.416449 0.10779
v 0.110585 0.402986 0.10779
v 0.086181 0.418534 0.125036
v 0.086946 0.416449 0.126362
v 0.086946 0.402986 0.126362
v 0.059448 0.418534 0.138716
v 0.059977 0.416449 0.140163
v 0.059977 0.402986 0.140163
v 0.030444 0.418534 0.147139
v 0.030713 0.416449 0.148661
v 0.000281 0.418534 0.149983
v 0.030713 0.402986 0.148661
v 0.000281 0.416449 0.151531
v 0.000281 0.402986 0.151531
v -0.059415 0.416449 0.140163
v -0.030152 0.416449 0.148661
v -0.030152 0.402986 0.148661
v 0.000281 0.402986 0.151531
v 0.000281 0.416449 0.151531
v 0.000281 0.418534 0.149983
v -0.029882 0.418534 0.147139
v -0.059415 0.402986 0.140163
v -0.058887 0.418534 0.138716
v -0.086384 0.416449 0.126362
v -0.086384 0.402986 0.126362
v -0.085619 0.418534 0.125036
v -0.110023 0.416449 0.10779
v -0.110023 0.402986 0.10779
v -0.109052 0.418534 0.106626
v -0.129423 0.416449 0.08516
v -0.129423 0.402986 0.08516
v -0.128285 0.418534 0.084191
v -0.143838 0.416449 0.059341
v -0.143838 0.402986 0.059341
v -0.142577 0.418534 0.058592
v -0.152715 0.416449 0.031326
v -0.152715 0.402986 0.031326
v -0.151378 0.418534 0.030815
v -0.155712 0.416449 0.002191
v -0.155712 0.402986 0.002191
v -0.15435 0.418534 0.001926
v -0.08793 0.41645 -1.158132
v -0.093363 0.41645 -1.139353
v -0.093363 0.402987 -1.139353
v -0.155712 0.402986 0.002191
v -0.08793 0.402987 -1.158132
v -0.155712 0.416449 0.002191
v -0.092077 0.418535 -1.138236
v -0.15435 0.418534 0.001926
v -0.086721 0.418535 -1.156748
v -0.078022 0.418535 -1.173811
v -0.079107 0.41645 -1.17544
v -0.079107 0.402987 -1.17544
v -0.066314 0.418535 -1.188769
v -0.067233 0.41645 -1.19061
v -0.067233 0.402987 -1.19061
v -0.052044 0.418535 -1.201047
v -0.052764 0.41645 -1.203059
v -0.035763 0.418535 -1.210172
v -0.052764 0.402987 -1.203059
v -0.036257 0.41645 -1.21231
v -0.036257 0.402987 -1.21231
v -0.018346 0.41645 -1.218007
v -0.018346 0.402987 -1.218007
v 0.000281 0.41645 -1.21993
v 0.000281 0.402987 -1.21993
v 0.117337 0.426955 0.043282
v 0.124547 0.426955 0.020346
v 0.124547 0.415685 0.020346
v 0.126982 0.415685 -0.003507
v 0.126982 0.426955 -0.003507
v 0.117337 0.415685 0.043282
v 0.103593 0.429746 0.062643
v 0.115059 0.429746 0.041942
v 0.105629 0.426955 0.064421
v 0.105629 0.415685 0.064421
v 0.088155 0.429746 0.080796
v 0.089872 0.426955 0.082948
v 0.089872 0.415685 0.082948
v 0.069333 0.429746 0.095702
v 0.070672 0.426955 0.098154
v 0.047851 0.429746 0.106783
v 0.070672 0.415685 0.098154
v 0.048767 0.426955 0.109452
v 0.048767 0.415685 0.109452
v 0.024999 0.426955 0.11641
v 0.024999 0.415685 0.11641
v 0.000281 0.426955 0.118759
v 0.000281 0.415685 0.118759
v 0.029958 0.426956 -1.182648
v 0.01541 0.426956 -1.187221
v 0.01541 0.415686 -1.187221
v 0.000281 0.415686 -1.188765
v 0.000281 0.426956 -1.188765
v 0.029958 0.415686 -1.182648
v 0.043365 0.426956 -1.175222
v 0.043365 0.415686 -1.175222
v 0.055117 0.426956 -1.165229
v 0.041942 0.429747 -1.172685
v 0.055117 0.415686 -1.165229
v 0.053325 0.429747 -1.163005
v 0.064761 0.426956 -1.153052
v 0.064761 0.415686 -1.153052
v 0.062676 0.429747 -1.151198
v 0.071927 0.426956 -1.13916
v 0.069632 0.429747 -1.137712
v 0.071927 0.415686 -1.13916
v 0.07634 0.426956 -1.124086
v 0.07634 0.415686 -1.124086
v 0.126982 0.426955 -0.003507
v 0.126982 0.415685 -0.003507
v -0.048206 0.426955 0.109452
v -0.024437 0.426955 0.11641
v -0.024437 0.415685 0.11641
v 0.000281 0.415685 0.118759
v 0.000281 0.426955 0.118759
v -0.048206 0.415685 0.109452
v -0.07011 0.426955 0.098154
v -0.04729 0.429746 0.106783
v -0.07011 0.415685 0.098154
v -0.068772 0.429746 0.095702
v -0.08931 0.426955 0.082948
v -0.08931 0.415685 0.082948
v -0.087593 0.429746 0.080796
v -0.105067 0.426955 0.06442
v -0.105067 0.415685 0.06442
v -0.103032 0.429746 0.062643
v -0.116776 0.426955 0.043282
v -0.116776 0.415685 0.043282
v -0.114498 0.429746 0.041942
v -0.123986 0.426955 0.020346
v -0.121555 0.429746 0.019491
v -0.123986 0.415685 0.020346
v -0.12642 0.426955 -0.003507
v -0.12642 0.415685 -0.003507
v -0.071366 0.426956 -1.13916
v -0.075779 0.426956 -1.124086
v -0.075779 0.415686 -1.124086
v -0.12642 0.415685 -0.003507
v -0.12642 0.426955 -0.003507
v -0.071366 0.415686 -1.13916
v -0.062115 0.429747 -1.151198
v -0.069071 0.429747 -1.137713
v -0.064199 0.426956 -1.153053
v -0.064199 0.415686 -1.153053
v -0.052763 0.429747 -1.163005
v -0.054555 0.426956 -1.165229
v -0.04138 0.429747 -1.172685
v -0.054555 0.415686 -1.165229
v -0.042803 0.426956 -1.175223
v -0.042803 0.415686 -1.175223
v -0.029396 0.426956 -1.182648
v -0.029396 0.415686 -1.182648
v -0.014848 0.426956 -1.187221
v -0.014848 0.415686 -1.187221
v 0.000281 0.426956 -1.188765
v 0.000281 0.415686 -1.188765
v 0.000281 0.004041 -1.247412
v 0.022321 0.004041 -1.245203
v 0.023233 0.008365 -1.249713
v 0.000281 0.008365 -1.252013
v 0.043517 0.004041 -1.23866
v 0.065644 0.008365 -1.231837
v 0.045304 0.008365 -1.2429
v -0.022672 0.008365 -1.249713
v 0.063058 0.004041 -1.228032
v 0.083473 0.008365 -1.216948
v -0.021759 0.004041 -1.245203
v -0.044742 0.008365 -1.2429
v -0.042955 0.004041 -1.23866
v -0.065083 0.008365 -1.231837
v 0.111137 0.004041 -1.154833
v 0.108976 0.008365 -1.178108
v 0.104716 0.004041 -1.176373
v 0.094259 0.004041 -1.19628
v -0.062496 0.004041 -1.228032
v -0.082911 0.008365 -1.216948
v 0.080192 0.004041 -1.213723
v 0.098104 0.008365 -1.198806
v -0.07963 0.004041 -1.213723
v -0.097542 0.008365 -1.198806
v -0.093697 0.004041 -1.19628
v -0.108415 0.008365 -1.178108
v -0.183729 0.004041 0.035653
v -0.191938 0.008365 -0.001778
v -0.188244 0.008365 0.036533
v -0.104154 0.004041 -1.176373
v 0.000281 0.004041 0.189992
v -0.037219 0.008365 0.190821
v 0.000281 0.008365 0.194594
v 0.115671 0.008365 -1.155649
v 0.184291 0.004041 0.035653
v 0.192499 0.008365 -0.001778
v 0.187906 0.004041 -0.001846
v -0.110575 0.004041 -1.154833
v -0.11511 0.008365 -1.155649
v 0.037781 0.008365 0.190821
v -0.187344 0.004041 -0.001846
v 0.188806 0.008365 0.036533
v 0.192499 0.008365 -0.001778
v 0.192499 0.166267 -0.001778
v -0.173043 0.004041 0.071641
v -0.177306 0.008365 0.073371
v 0.173605 0.004041 0.071642
v 0.177868 0.008365 0.073371
v -0.155694 0.004041 0.104802
v -0.159543 0.008365 0.107321
v 0.156255 0.004041 0.104802
v 0.160105 0.008365 0.107321
v -0.132351 0.004041 0.133859
v -0.135638 0.008365 0.137078
v 0.132913 0.004041 0.133859
v 0.1362 0.008365 0.137078
v -0.103917 0.004041 0.157699
v -0.10651 0.008365 0.1615
v 0.104478 0.004041 0.157699
v 0.107072 0.008365 0.1615
v -0.071486 0.004041 0.175408
v 0.072047 0.004041 0.175408
v 0.07384 0.008365 0.179647
v -0.036303 0.004041 0.186311
v -0.073278 0.008365 0.179646
v 0.036865 0.004041 0.186311
v -0.022672 0.166267 -1.249713
v -0.027068 0.166267 -1.276996
v -0.053409 0.166267 -1.26967
v -0.044742 0.166267 -1.2429
v 0.000281 0.166267 -1.252013
v -0.077759 0.166267 -1.257739
v -0.065083 0.166267 -1.231837
v -0.081141 0.173613 -1.264649
v -0.099182 0.166267 -1.241621
v -0.055803 0.173613 -1.277065
v -0.082911 0.166267 -1.216948
v -0.028311 0.173613 -1.28471
v -0.116834 0.166267 -1.221903
v -0.097542 0.166267 -1.198806
v -0.13 0.166267 -1.199321
v -0.108415 0.166267 -1.178108
v -0.138135 0.166267 -1.174736
v -0.11511 0.166267 -1.155649
v -0.233475 0.166267 -0.001295
v -0.191938 0.166267 -0.001778
v -0.188244 0.166267 0.036533
v -0.228975 0.166267 0.04451
v -0.215651 0.166267 0.088546
v -0.177306 0.166267 0.073371
v -0.194022 0.166267 0.129114
v -0.159543 0.166267 0.107321
v -0.164929 0.166267 0.164655
v -0.135638 0.166267 0.137078
v -0.129499 0.166267 0.193806
v -0.10651 0.166267 0.1615
v -0.089098 0.166267 0.215456
v -0.073278 0.166267 0.179646
v -0.045279 0.166267 0.228782
v -0.037219 0.166267 0.190821
v 0.000281 0.166267 0.233281
v 0.000281 0.166267 0.194594
v 0.037781 0.166267 0.190821
v 0.04584 0.166267 0.228782
v 0.07384 0.166267 0.179647
v 0.089659 0.166267 0.215456
v 0.107072 0.166267 0.1615
v 0.13006 0.166267 0.193806
v 0.1362 0.166267 0.137078
v 0.16549 0.166267 0.164655
v 0.160105 0.166267 0.107321
v 0.194583 0.166267 0.129114
v 0.177868 0.166267 0.073371
v 0.216212 0.166267 0.088546
v 0.188806 0.166267 0.036533
v 0.229536 0.166267 0.04451
v 0.234036 0.166267 -0.001294
v 0.192499 0.166267 -0.001778
v 0.115671 0.166267 -1.155649
v 0.138697 0.166267 -1.174735
v 0.108976 0.166267 -1.178108
v 0.130561 0.166267 -1.199321
v 0.098104 0.166267 -1.198806
v 0.117395 0.166267 -1.221903
v 0.083473 0.166267 -1.216948
v 0.099744 0.166267 -1.241621
v 0.065644 0.166267 -1.231837
v 0.078321 0.166267 -1.257739
v 0.045304 0.166267 -1.2429
v 0.053971 0.166267 -1.26967
v 0.081703 0.173613 -1.264649
v 0.023233 0.166267 -1.249713
v 0.056365 0.173613 -1.277065
v 0.027629 0.166267 -1.276996
v 0.028872 0.173613 -1.28471
v 0.000281 0.166267 -1.279465
v 0.000281 0.173613 -1.287292
v -0.078122 0.374165 -1.258198
v -0.053675 0.374165 -1.270177
v -0.046063 0.374165 -1.245548
v -0.081141 0.367343 -1.264649
v -0.055803 0.367343 -1.277065
v -0.066999 0.374165 -1.234425
v -0.099614 0.374165 -1.242028
v -0.027208 0.374165 -1.277538
v -0.028311 0.367343 -1.28471
v -0.023345 0.374165 -1.252397
v -0.045437 0.374165 -1.243524
v -0.023026 0.374165 -1.250322
v -0.066091 0.374165 -1.232484
v 0.000281 0.374165 -1.252618
v -0.085351 0.374165 -1.219456
v -0.084195 0.374165 -1.217627
v -0.117307 0.374165 -1.222264
v -0.100411 0.374165 -1.201216
v -0.099052 0.374165 -1.199523
v -0.130495 0.374165 -1.199645
v -0.111602 0.374165 -1.180407
v -0.110092 0.374165 -1.178869
v -0.138639 0.374165 -1.175032
v -0.118494 0.374165 -1.157827
v -0.11689 0.374165 -1.156458
v -0.234013 0.374165 -0.001176
v -0.197575 0.374165 -0.000807
v -0.194904 0.374165 -0.000779
v -0.229512 0.374165 0.044638
v -0.193773 0.374165 0.0378
v -0.191154 0.374165 0.037299
v -0.216182 0.374165 0.088693
v -0.182514 0.374165 0.074924
v -0.180047 0.374165 0.073915
v -0.194535 0.374165 0.129296
v -0.16423 0.374165 0.109137
v -0.16201 0.374165 0.107659
v -0.1654 0.374165 0.164888
v -0.139624 0.374165 0.139125
v -0.137736 0.374165 0.137237
v -0.108158 0.374165 0.161511
v -0.109642 0.374165 0.163735
v -0.129897 0.374165 0.194099
v -0.074413 0.374165 0.179548
v -0.075435 0.374165 0.182022
v -0.089389 0.374165 0.215806
v -0.037798 0.374165 0.190655
v -0.038319 0.374165 0.193284
v -0.045433 0.374165 0.229174
v 0.000281 0.374165 0.194405
v 0.000281 0.374165 0.197086
v 0.000281 0.374165 0.233688
v 0.045995 0.374165 0.229174
v 0.03888 0.374165 0.193284
v 0.038359 0.374165 0.190655
v 0.08995 0.374165 0.215806
v 0.075997 0.374165 0.182022
v 0.074975 0.374165 0.179548
v 0.130458 0.374165 0.194099
v 0.110203 0.374165 0.163735
v 0.10872 0.374165 0.161511
v 0.165962 0.374165 0.164888
v 0.140186 0.374165 0.139125
v 0.138297 0.374165 0.137237
v 0.162571 0.374165 0.10766
v 0.164792 0.374165 0.109137
v 0.195096 0.374165 0.129296
v 0.180608 0.374165 0.073915
v 0.183075 0.374165 0.074924
v 0.216744 0.374165 0.088693
v 0.191715 0.374165 0.037299
v 0.194335 0.374165 0.037801
v 0.230073 0.374165 0.044638
v 0.195466 0.374165 -0.000779
v 0.198136 0.374165 -0.000806
v 0.234574 0.374165 -0.001176
v 0.117452 0.374165 -1.156458
v 0.119055 0.374165 -1.157827
v 0.139201 0.374165 -1.175032
v 0.110654 0.374165 -1.178869
v 0.112164 0.374165 -1.180407
v 0.131057 0.374165 -1.199645
v 0.099614 0.374165 -1.199523
v 0.100973 0.374165 -1.201216
v 0.117869 0.374165 -1.222264
v 0.084756 0.374165 -1.217627
v 0.085912 0.374165 -1.219456
v 0.100176 0.374165 -1.242028
v 0.066653 0.374165 -1.232484
v 0.067561 0.374165 -1.234425
v 0.078684 0.374165 -1.258198
v 0.045999 0.374165 -1.243524
v 0.046624 0.374165 -1.245548
v 0.023588 0.374165 -1.250322
v 0.054237 0.374165 -1.270177
v 0.081703 0.367343 -1.264649
v 0.056365 0.367343 -1.277065
v 0.023906 0.374165 -1.252397
v 0.02777 0.374165 -1.277538
v 0.028872 0.367343 -1.28471
v 0.000281 0.374165 -1.25471
v 0.000281 0.374165 -1.28002
v 0.000281 0.367343 -1.287292
v -0.081141 0.173613 -1.264649
v -0.055803 0.173613 -1.277065
v -0.055803 0.367343 -1.277065
v -0.028311 0.367343 -1.28471
v -0.028311 0.173613 -1.28471
v 0.000281 0.367343 -1.287292
v 0.000281 0.173613 -1.287292
v -0.081141 0.367343 -1.264649
v -0.10335 0.173613 -1.24794
v -0.077759 0.166267 -1.257739
v -0.099182 0.166267 -1.241621
v -0.10335 0.367343 -1.24794
v -0.078122 0.374165 -1.258198
v -0.099614 0.374165 -1.242028
v -0.121576 0.173613 -1.22758
v -0.116834 0.166267 -1.221903
v -0.121576 0.367343 -1.22758
v -0.117307 0.374165 -1.222264
v -0.135119 0.173613 -1.204352
v -0.13 0.166267 -1.199321
v -0.135119 0.367343 -1.204352
v -0.130495 0.374165 -1.199645
v -0.143459 0.173613 -1.179148
v -0.138135 0.166267 -1.174736
v -0.143459 0.367343 -1.179148
v -0.138639 0.374165 -1.175032
v -0.239162 0.173613 -0.001228
v -0.233475 0.166267 -0.001295
v -0.239162 0.367343 -0.001228
v -0.234013 0.374165 -0.001176
v -0.198809 0.173613 0.132139
v -0.220936 0.173613 0.090637
v -0.220936 0.367343 0.090637
v -0.215651 0.166267 0.088546
v -0.194022 0.166267 0.129114
v -0.228975 0.166267 0.04451
v -0.169031 0.173613 0.168517
v -0.164929 0.166267 0.164655
v -0.233475 0.166267 -0.001295
v -0.239162 0.173613 -0.001228
v -0.234561 0.173613 0.045604
v -0.239162 0.367343 -0.001228
v -0.234561 0.367343 0.045604
v -0.234013 0.374165 -0.001176
v -0.229512 0.374165 0.044638
v -0.216182 0.374165 0.088693
v -0.198809 0.367343 0.132139
v -0.194535 0.374165 0.129296
v -0.1654 0.374165 0.164888
v -0.169031 0.367343 0.168517
v -0.129897 0.374165 0.194099
v -0.132747 0.173613 0.198371
v -0.129499 0.166267 0.193806
v -0.132747 0.367343 0.198371
v -0.089389 0.374165 0.215806
v -0.09135 0.173613 0.220554
v -0.089098 0.166267 0.215456
v -0.09135 0.367343 0.220554
v -0.045433 0.374165 0.229174
v -0.046432 0.173613 0.234215
v -0.045279 0.166267 0.228782
v -0.046432 0.367343 0.234215
v 0.000281 0.374165 0.233688
v 0.000281 0.367343 0.238827
v 0.000281 0.173613 0.238827
v 0.000281 0.166267 0.233281
v 0.133308 0.173613 0.198371
v 0.091911 0.173613 0.220554
v 0.091911 0.367343 0.220554
v 0.13006 0.166267 0.193806
v 0.089659 0.166267 0.215456
v 0.16549 0.166267 0.164655
v 0.046994 0.173613 0.234215
v 0.04584 0.166267 0.228782
v 0.000281 0.166267 0.233281
v 0.000281 0.173613 0.238827
v 0.000281 0.367343 0.238827
v 0.046994 0.367343 0.234215
v 0.000281 0.374165 0.233688
v 0.045995 0.374165 0.229174
v 0.08995 0.374165 0.215806
v 0.133308 0.367343 0.198371
v 0.130458 0.374165 0.194099
v 0.169592 0.173613 0.168517
v 0.194583 0.166267 0.129114
v 0.169592 0.367343 0.168517
v 0.165962 0.374165 0.164888
v 0.19937 0.173613 0.13214
v 0.216212 0.166267 0.088546
v 0.19937 0.367343 0.13214
v 0.195096 0.374165 0.129296
v 0.216744 0.374165 0.088693
v 0.221497 0.173613 0.090637
v 0.229536 0.166267 0.04451
v 0.221497 0.367343 0.090637
v 0.230073 0.374165 0.044638
v 0.235123 0.173613 0.045604
v 0.239724 0.173613 -0.001228
v 0.234036 0.166267 -0.001294
v 0.235123 0.367343 0.045604
v 0.234574 0.374165 -0.001176
v 0.239724 0.367343 -0.001228
v 0.122137 0.173613 -1.22758
v 0.13568 0.173613 -1.204352
v 0.13568 0.367343 -1.204352
v 0.117395 0.166267 -1.221903
v 0.130561 0.166267 -1.199321
v 0.099744 0.166267 -1.241621
v 0.14402 0.173613 -1.179148
v 0.138697 0.166267 -1.174735
v 0.234036 0.166267 -0.001294
v 0.239724 0.173613 -0.001228
v 0.239724 0.367343 -0.001228
v 0.14402 0.367343 -1.179148
v 0.234574 0.374165 -0.001176
v 0.139201 0.374165 -1.175032
v 0.131057 0.374165 -1.199645
v 0.117869 0.374165 -1.222264
v 0.122137 0.367343 -1.22758
v 0.100176 0.374165 -1.242028
v 0.103911 0.173613 -1.24794
v 0.078321 0.166267 -1.257739
v 0.081703 0.173613 -1.264649
v 0.103911 0.367343 -1.24794
v 0.078684 0.374165 -1.258198
v 0.081703 0.367343 -1.264649
v 0.056365 0.173613 -1.277065
v 0.056365 0.367343 -1.277065
v 0.028872 0.173613 -1.28471
v 0.028872 0.367343 -1.28471
v 0.000281 0.173613 -1.287292
v 0.000281 0.367343 -1.287292
vt 0.906814 0.525257
vt 0.900436 0.528764
vt 0.894914 0.53335398
vt 0.890459 0.53884798
vt 0.887241 0.545035
vt 0.885381 0.551677
vt 0.884946 0.55854797
vt 0.919979 0.971055984
vt 0.921324 0.975127995
vt 0.923394 0.978860974
vt 0.926099 0.98209101
vt 0.929333 0.984695971
vt 0.932969 0.986576021
vt 0.936868 0.987662971
vt 0.940883 0.987918973
vt 0.944862 0.987334013
vt 0.948655 0.985929012
vt 0.95212 0.983756006
vt 0.955122 0.980894983
vt 0.957544 0.977452993
vt 0.959291 0.973562002
vt 0.960286 0.969394028
vt 0.960287 0.55544102
vt 0.959272 0.548631
vt 0.956856 0.54216498
vt 0.953126 0.53626502
vt 0.948221 0.531156
vt 0.94233 0.527036
vt 0.935677 0.52406698
vt 0.928519 0.522363
vt 0.921133 0.52199298
vt 0.913803 0.52297002
vt 0.210812 0.982873976
vt 0.228883 0.982873976
vt 0.228883 0.97615099
vt 0.210812 0.97615099
vt 0.228883 0.96846801
vt 0.210812 0.96846801
vt 0.228883 0.96011901
vt 0.210812 0.96011901
vt 0.228883 0.95142603
vt 0.231272 0.959294975
vt 0.210812 0.95142603
vt 0.231272 0.950913012
vt 0.228883 0.942722023
vt 0.210812 0.942722023
vt 0.231272 0.942506015
vt 0.228883 0.93434203
vt 0.210812 0.93434203
vt 0.231272 0.934397995
vt 0.228883 0.92660701
vt 0.210812 0.92660701
vt 0.231272 0.926901996
vt 0.228883 0.599261
vt 0.210812 0.599261
vt 0.231272 0.600339
vt 0.687931 0.535523
vt 0.68991 0.54462498
vt 0.69788 0.54164898
vt 0.698703 0.54384798
vt 0.70622 0.539218
vt 0.690414 0.546943
vt 0.705117 0.53719097
vt 0.68151 0.546009
vt 0.681672 0.548384
vt 0.672813 0.54811502
vt 0.694619 0.53293002
vt 0.672997 0.54575098
vt 0.664178 0.546147
vt 0.680874 0.53671902
vt 0.664694 0.543858
vt 0.656098 0.54255497
vt 0.656915 0.54040098
vt 0.673718 0.53647
vt 0.680839 0.536211
vt 0.687823 0.53502703
vt 0.673757 0.535963
vt 0.694441 0.53245503
vt 0.666737 0.534786
vt 0.666849 0.53429198
vt 0.700679 0.529038
vt 0.700438 0.52859497
vt 0.711343 0.53141803
vt 0.660202 0.53173298
vt 0.66038 0.53126198
vt 0.649959 0.535505
vt 0.705879 0.523997
vt 0.716316 0.524545
vt 0.705584 0.523596
vt 0.654361 0.52742702
vt 0.644095 0.52935398
vt 0.6546 0.52699
vt 0.71002 0.51800102
vt 0.709681 0.51764798
vt 0.71984 0.51683497
vt 0.649441 0.522034
vt 0.649729 0.521639
vt 0.639552 0.52218002
vt 0.712942 0.51128
vt 0.721774 0.508582
vt 0.712571 0.51098102
vt 0.64563 0.51576102
vt 0.636511 0.51425803
vt 0.645957 0.51541603
vt 0.714532 0.50409198
vt 0.714144 0.503851
vt 0.721774 0.077292025
vt 0.643075 0.50884902
vt 0.643427 0.508559
vt 0.577738 0.086881995
vt 0.709209 0.07718998
vt 0.719451 0.06358099
vt 0.708589 0.077184975
vt 0.590174 0.085115016
vt 0.578172 0.07298702
vt 0.590788 0.08502799
vt 0.707313 0.06627798
vt 0.706715 0.06641102
vt 0.714458 0.050575018
vt 0.590566 0.07405001
vt 0.591177 0.074103
vt 0.581347 0.059436977
vt 0.703203 0.055936992
vt 0.706981 0.038769007
vt 0.702649 0.05620098
vt 0.59323 0.063259006
vt 0.587147 0.04674697
vt 0.593815 0.063447
vt 0.697037 0.04656601
vt 0.696548 0.04694903
vt 0.688646 0.03900999
vt 0.598063 0.053155005
vt 0.5986 0.053470016
vt 0.605348 0.04455501
vt 0.689051 0.03852403
vt 0.679247 0.03268802
vt 0.697302 0.028617024
vt 0.604881 0.044126987
vt 0.6138 0.037045002
vt 0.595354 0.035404027
vt 0.679552 0.032118976
vt 0.685788 0.020512998
vt 0.668712 0.028226018
vt 0.61342 0.03652203
vt 0.60566 0.025847018
vt 0.623632 0.031228006
vt 0.668906 0.02759999
vt 0.657446 0.02579701
vt 0.672879 0.0147740245
vt 0.623354 0.030632019
vt 0.634464 0.027327001
vt 0.61767 0.018450022
vt 0.657522 0.02513802
vt 0.659072 0.011627018
vt 0.645882 0.02549398
vt 0.6343 0.026683986
vt 0.630922 0.0135009885
vt 0.645837 0.02482903
vt 0.644904 0.011196971
vt 0.815984 0.50937098
vt 0.810664 0.50682598
vt 0.807968 0.51576602
vt 0.802323 0.511481
vt 0.814309 0.518835
vt 0.805928 0.50326997
vt 0.79759 0.506144
vt 0.816147 0.508448
vt 0.810927 0.50595403
vt 0.821739 0.509856
vt 0.80628 0.502468
vt 0.821682 0.510808
vt 0.827488 0.51012403
vt 0.801958 0.49883997
vt 0.802385 0.49812698
vt 0.79395 0.49996197
vt 0.798906 0.493706
vt 0.79939 0.49309504
vt 0.791544 0.493172
vt 0.796889 0.48806596
vt 0.797411 0.487567
vt 0.74448 0.06952298
vt 0.754224 0.070852995
vt 0.755147 0.070979
vt 0.755575 0.06203997
vt 0.75466 0.061751008
vt 0.745007 0.05869603
vt 0.757826 0.053345025
vt 0.756955 0.052896976
vt 0.74776 0.04816401
vt 0.761814 0.045229018
vt 0.761019 0.044632018
vt 0.752632 0.038334012
vt 0.767386 0.038003027
vt 0.766698 0.037275016
vt 0.759437 0.02958101
vt 0.774327 0.031946003
vt 0.773772 0.031105995
vt 0.767912 0.022243023
vt 0.782371 0.027288973
vt 0.78197 0.026364028
vt 0.777731 0.016601026
vt 0.791209 0.024212003
vt 0.790976 0.02323103
vt 0.788517 0.012871027
vt 0.800501 0.022834003
vt 0.800445 0.021826029
vt 0.799857 0.011196971
vt 0.811314 0.0116429925
vt 0.810013 0.022204995
vt 0.80989 0.023205996
vt 0.822448 0.014191985
vt 0.819313 0.024352014
vt 0.819015 0.025314987
vt 0.832832 0.018746018
vt 0.827985 0.028186023
vt 0.827526 0.029079974
vt 0.842067 0.025129974
vt 0.835698 0.03355801
vt 0.835095 0.034355998
vt 0.849797 0.03310001
vt 0.842156 0.040261984
vt 0.841432 0.040939987
vt 0.855726 0.04234898
vt 0.847109 0.048040986
vt 0.846292 0.04857999
vt 0.859626 0.052522004
vt 0.850367 0.056595027
vt 0.84949 0.056981027
vt 0.861345 0.063227
vt 0.851806 0.065597
vt 0.850903 0.06582099
vt 0.854894 0.48447096
vt 0.855468 0.48491
vt 0.861345 0.489412
vt 0.853538 0.490178
vt 0.854086 0.49073398
vt 0.859703 0.49642003
vt 0.851116 0.495502
vt 0.851619 0.49616504
vt 0.856768 0.502957
vt 0.847723 0.50023597
vt 0.848162 0.50099498
vt 0.852652 0.50877
vt 0.843489 0.50419998
vt 0.843847 0.50503802
vt 0.847514 0.513636
vt 0.838576 0.50724
vt 0.83884 0.50814003
vt 0.84155 0.51736802
vt 0.833173 0.50923997
vt 0.833334 0.510181
vt 0.834989 0.519822
vt 0.841781 0.51815498
vt 0.83513 0.52064198
vt 0.827541 0.511082
vt 0.828085 0.520903
vt 0.828131 0.521738
vt 0.821052 0.521401
vt 0.821102 0.52056998
vt 0.814167 0.519642
vt 0.943201 0.489448
vt 0.939234 0.487427
vt 0.936177 0.49342203
vt 0.931709 0.49000502
vt 0.941205 0.495883
vt 0.935683 0.49439204
vt 0.940878 0.496935
vt 0.93571 0.48462796
vt 0.927971 0.48575997
vt 0.946598 0.497294
vt 0.946456 0.49839497
vt 0.939702 0.48650897
vt 0.943508 0.48846102
vt 0.936321 0.483806
vt 0.947591 0.48958504
vt 0.932764 0.481156
vt 0.933495 0.48045397
vt 0.925111 0.48084903
vt 0.947459 0.49061096
vt 0.951796 0.48983896
vt 0.930509 0.47714603
vt 0.931331 0.476582
vt 0.922342 0.47588098
vt 0.924268 0.481427
vt 0.929032 0.47275198
vt 0.92324 0.475461
vt 0.884052 0.058920026
vt 0.929914 0.47233903
vt 0.884996 0.05900699
vt 0.892358 0.05968398
vt 0.893453 0.05978501
vt 0.893873 0.052757025
vt 0.885498 0.050262988
vt 0.884564 0.04998499
vt 0.892789 0.052434027
vt 0.895759 0.04593402
vt 0.894727 0.04539597
vt 0.887782 0.04177302
vt 0.899038 0.039577007
vt 0.898098 0.03883803
vt 0.891764 0.03386098
vt 0.903584 0.033930004
vt 0.902772 0.033014
vt 0.89729 0.026832998
vt 0.909223 0.029210985
vt 0.908569 0.028146029
vt 0.904151 0.020958006
vt 0.915737 0.02560103
vt 0.915266 0.024423003
vt 0.912083 0.016463995
vt 0.922877 0.023238003
vt 0.922607 0.021987021
vt 0.930368 0.022213995
vt 0.920782 0.013526022
vt 0.911691 0.015483975
vt 0.920558 0.0124899745
vt 0.930309 0.020932019
vt 0.929912 0.012257993
vt 0.929863 0.011196971
vt 0.939248 0.011657
vt 0.938076 0.021296978
vt 0.93912 0.012709022
vt 0.948353 0.013849974
vt 0.937922 0.022567987
vt 0.948052 0.014860988
vt 0.94561 0.023070991
vt 0.945248 0.024285972
vt 0.956363 0.018630981
vt 0.952621 0.02618301
vt 0.952066 0.027302027
vt 0.963733 0.023871005
vt 0.958839 0.030515015
vt 0.958114 0.031499982
vt 0.96988 0.03038001
vt 0.964027 0.035899997
vt 0.963158 0.036719024
vt 0.974568 0.037904978
vt 0.967983 0.042131007
vt 0.967005 0.042759
vt 0.978524 0.04579699
vt 0.975407 0.037366986
vt 0.970557 0.048968017
vt 0.97762 0.046157002
vt 0.979852 0.05465001
vt 0.969507 0.049386024
vt 0.97892 0.05482
vt 0.97165 0.05615002
vt 0.970569 0.056348026
vt 0.971988 0.470464
vt 0.97892 0.47298002
vt 0.972903 0.470796
vt 0.970964 0.474815
vt 0.979852 0.47331798
vt 0.971835 0.475304
vt 0.969163 0.478864
vt 0.977549 0.478512
vt 0.978441 0.47901297
vt 0.969956 0.47949803
vt 0.966655 0.482454
vt 0.97515 0.483657
vt 0.967339 0.483218
vt 0.963535 0.485447
vt 0.971816 0.488217
vt 0.964085 0.48632002
vt 0.959924 0.487729
vt 0.967678 0.49201798
vt 0.960319 0.488685
vt 0.95596 0.48921204
vt 0.962896 0.49491596
vt 0.968259 0.49294
vt 0.963318 0.49593496
vt 0.956185 0.49022198
vt 0.957654 0.49680197
vt 0.957896 0.497885
vt 0.951843 0.49087203
vt 0.952151 0.497604
vt 0.952202 0.498716
vt 0.988647 0.852148
vt 0.988647 0.84842801
vt 0.983886 0.84842801
vt 0.983886 0.852148
vt 0.988647 0.85536402
vt 0.983886 0.85536402
vt 0.983886 0.84434801
vt 0.988647 0.84434801
vt 0.983886 0.84006399
vt 0.988647 0.84006399
vt 0.983886 0.83574098
vt 0.988647 0.83574098
vt 0.983886 0.83154601
vt 0.988647 0.83154601
vt 0.983886 0.82763898
vt 0.988647 0.82763898
vt 0.983886 0.52111
vt 0.988647 0.52111
vt 0.983886 0.88325697
vt 0.983886 0.88957101
vt 0.988647 0.88957101
vt 0.988647 0.88325697
vt 0.983886 0.877758026
vt 0.988647 0.877758026
vt 0.988647 0.89645803
vt 0.983886 0.89645803
vt 0.988647 0.90365499
vt 0.983886 0.90365499
vt 0.988647 0.91088301
vt 0.983886 0.91088301
vt 0.988647 0.91786599
vt 0.983886 0.91786599
vt 0.983886 0.92433399
vt 0.988647 0.92433399
vt 0.988647 0.93004
vt 0.983886 0.93004
vt 0.183344 0.90594202
vt 0.183344 0.90984899
vt 0.188105 0.90984899
vt 0.188105 0.90594202
vt 0.183344 0.59941298
vt 0.188105 0.59941298
vt 0.188105 0.914044976
vt 0.183344 0.914044976
vt 0.188105 0.91836703
vt 0.183344 0.91836703
vt 0.188105 0.92265099
vt 0.183344 0.92265099
vt 0.188105 0.92673099
vt 0.183344 0.92673099
vt 0.188105 0.930450976
vt 0.183344 0.930450976
vt 0.188105 0.933667004
vt 0.183344 0.933667004
vt 0.039696 0.879107
vt 0.039696 0.88578397
vt 0.044457 0.88578397
vt 0.044457 0.879107
vt 0.039696 0.87312198
vt 0.044457 0.87312198
vt 0.044457 0.892896
vt 0.039696 0.892896
vt 0.044457 0.900169015
vt 0.039696 0.900169015
vt 0.044457 0.90732598
vt 0.039696 0.90732598
vt 0.044457 0.914089024
vt 0.039696 0.914089024
vt 0.044457 0.92019999
vt 0.039696 0.92019999
vt 0.044457 0.925423026
vt 0.039696 0.925423026
vt 0.913803 0.52297002
vt 0.921133 0.52199298
vt 0.921095 0.52111
vt 0.913601 0.52210897
vt 0.906814 0.525257
vt 0.906453 0.52444798
vt 0.928519 0.522363
vt 0.900436 0.528764
vt 0.928648 0.52148902
vt 0.899927 0.528036
vt 0.935677 0.52406698
vt 0.894914 0.53335398
vt 0.935969 0.52323103
vt 0.894272 0.53273702
vt 0.94233 0.527036
vt 0.890459 0.53884798
vt 0.942776 0.52626997
vt 0.889706 0.538368
vt 0.948221 0.531156
vt 0.887241 0.545035
vt 0.948809 0.530488
vt 0.886405 0.54471397
vt 0.953126 0.53626502
vt 0.885381 0.551677
vt 0.884496 0.55153102
vt 0.953835 0.53572398
vt 0.884052 0.55855697
vt 0.884946 0.55854797
vt 0.956856 0.54216498
vt 0.957662 0.541776
vt 0.959272 0.548631
vt 0.960141 0.54841202
vt 0.961179 0.555377
vt 0.960287 0.55544102
vt 0.919979 0.971055984
vt 0.919099 0.971230984
vt 0.960286 0.969394028
vt 0.961179 0.969496012
vt 0.920502 0.975477993
vt 0.96014 0.973843992
vt 0.959291 0.973562002
vt 0.921324 0.975127995
vt 0.957544 0.977452993
vt 0.958326 0.977886021
vt 0.923394 0.978860974
vt 0.922652 0.979357004
vt 0.955122 0.980894983
vt 0.955805 0.981468022
vt 0.926099 0.98209101
vt 0.925467 0.982719004
vt 0.95212 0.983756006
vt 0.952675 0.984450996
vt 0.929333 0.984695971
vt 0.928838 0.985433996
vt 0.948655 0.985929012
vt 0.949056 0.986720979
vt 0.932969 0.986576021
vt 0.932637 0.987397015
vt 0.944862 0.987334013
vt 0.945087 0.988189995
vt 0.936868 0.987662971
vt 0.936717 0.988534987
vt 0.940883 0.987918973
vt 0.94092 0.988803029
vt 0.458335 0.95473498
vt 0.458335 0.948104024
vt 0.409864 0.948104024
vt 0.409864 0.95473498
vt 0.409864 0.940506995
vt 0.458335 0.940506995
vt 0.409864 0.93223399
vt 0.458335 0.93223399
vt 0.409864 0.92360401
vt 0.458335 0.92360401
vt 0.409864 0.914949
vt 0.458335 0.914949
vt 0.409864 0.90660101
vt 0.458335 0.90660101
vt 0.409864 0.89888102
vt 0.458335 0.89888102
vt 0.409864 0.572326
vt 0.458335 0.572326
vt 0.529513 0.57895702
vt 0.529513 0.572326
vt 0.481042 0.572326
vt 0.481042 0.57895702
vt 0.529513 0.586555
vt 0.481042 0.586555
vt 0.529513 0.594827
vt 0.481042 0.594827
vt 0.529513 0.60345697
vt 0.481042 0.60345697
vt 0.529513 0.612112
vt 0.481042 0.612112
vt 0.529513 0.62045997
vt 0.481042 0.62045997
vt 0.529513 0.62818003
vt 0.481042 0.62818003
vt 0.529513 0.95473498
vt 0.481042 0.95473498
vt 0.059824 0.799819
vt 0.059824 0.78564698
vt 0.011353 0.78564698
vt 0.011353 0.799819
vt 0.011353 0.77196997
vt 0.059824 0.81394303
vt 0.059824 0.77196997
vt 0.011353 0.81394303
vt 0.011353 0.759314
vt 0.059824 0.82747501
vt 0.059824 0.759314
vt 0.011353 0.82747501
vt 0.011353 0.74816602
vt 0.059824 0.74816602
vt 0.059824 0.83989602
vt 0.011353 0.83989602
vt 0.059824 0.85072702
vt 0.011353 0.85072702
vt 0.253979 0.79847002
vt 0.253979 0.812648
vt 0.30245 0.812648
vt 0.30245 0.79847002
vt 0.30245 0.82640201
vt 0.253979 0.78441
vt 0.253979 0.82640201
vt 0.30245 0.78441
vt 0.30245 0.83920002
vt 0.253979 0.77100998
vt 0.253979 0.83920002
vt 0.30245 0.77100998
vt 0.30245 0.85055298
vt 0.253979 0.85055298
vt 0.253979 0.758784
vt 0.30245 0.758784
vt 0.70423 0.570778
vt 0.686158 0.570778
vt 0.686158 0.89812398
vt 0.70423 0.89812499
vt 0.683769 0.898419976
vt 0.683769 0.57185602
vt 0.683769 0.90591502
vt 0.686158 0.90585899
vt 0.70423 0.90585899
vt 0.683769 0.91402298
vt 0.686158 0.91423899
vt 0.70423 0.91423899
vt 0.683769 0.92242998
vt 0.686158 0.922942996
vt 0.683769 0.930813015
vt 0.70423 0.922942996
vt 0.686158 0.93163699
vt 0.70423 0.93163699
vt 0.686158 0.939984977
vt 0.70423 0.939984977
vt 0.686158 0.94766903
vt 0.70423 0.94766903
vt 0.686158 0.954391003
vt 0.70423 0.954391003
vt 0.297146 0.975826025
vt 0.315217 0.975826025
vt 0.315217 0.964317977
vt 0.317607 0.97470802
vt 0.297146 0.964317977
vt 0.317607 0.963442028
vt 0.315217 0.95138198
vt 0.297146 0.95138198
vt 0.317607 0.950783014
vt 0.315217 0.937514007
vt 0.297146 0.937514007
vt 0.317607 0.937222004
vt 0.315217 0.92324698
vt 0.297146 0.92324698
vt 0.317607 0.92328501
vt 0.315217 0.90912902
vt 0.297146 0.90912902
vt 0.317607 0.909509
vt 0.315217 0.89570397
vt 0.317607 0.896423995
vt 0.297146 0.89570397
vt 0.317607 0.88452703
vt 0.315217 0.883486986
vt 0.317607 0.874268
vt 0.297146 0.883486986
vt 0.315217 0.87294799
vt 0.297146 0.87294799
vt 0.253979 0.92431301
vt 0.27205 0.92431301
vt 0.27205 0.91011
vt 0.253979 0.91011
vt 0.253979 0.93853402
vt 0.27205 0.89647299
vt 0.253979 0.89647299
vt 0.274439 0.91049999
vt 0.274439 0.89716399
vt 0.274439 0.924373984
vt 0.274439 0.88488501
vt 0.27205 0.93853402
vt 0.274439 0.93825102
vt 0.253979 0.952229023
vt 0.27205 0.88392502
vt 0.274439 0.87413901
vt 0.253979 0.88392502
vt 0.27205 0.87294799
vt 0.253979 0.87294799
vt 0.27205 0.952229023
vt 0.274439 0.951599002
vt 0.253979 0.964869022
vt 0.274439 0.963908017
vt 0.27205 0.964869022
vt 0.253979 0.975970984
vt 0.274439 0.974713981
vt 0.27205 0.975970984
vt 0.365406 0.61086798
vt 0.365406 0.604658
vt 0.36001 0.604658
vt 0.36001 0.599261
vt 0.365406 0.599261
vt 0.36001 0.61086798
vt 0.365406 0.61765403
vt 0.366242 0.611306
vt 0.36001 0.61765403
vt 0.366242 0.61799997
vt 0.365406 0.62475502
vt 0.36001 0.62475502
vt 0.366242 0.62500203
vt 0.365406 0.631898
vt 0.36001 0.631898
vt 0.366242 0.63204598
vt 0.365406 0.638808
vt 0.36001 0.638808
vt 0.366242 0.63885802
vt 0.365406 0.64521903
vt 0.36001 0.64521903
vt 0.366242 0.64517897
vt 0.365406 0.964703977
vt 0.36001 0.964703977
vt 0.366242 0.964276016
vt 0.325992 0.811212
vt 0.325992 0.82066399
vt 0.331388 0.82066399
vt 0.331388 0.82876402
vt 0.331388 0.811212
vt 0.325992 0.82876402
vt 0.325156 0.82042098
vt 0.325156 0.82845199
vt 0.325156 0.81104797
vt 0.325156 0.800695
vt 0.325992 0.80076897
vt 0.331388 0.80076897
vt 0.325156 0.78975898
vt 0.325992 0.789738
vt 0.331388 0.789738
vt 0.325156 0.77866
vt 0.325992 0.77854198
vt 0.331388 0.77854198
vt 0.325156 0.76782602
vt 0.325992 0.76761198
vt 0.331388 0.76761198
vt 0.325156 0.75767201
vt 0.325992 0.75736701
vt 0.325156 0.74858803
vt 0.331388 0.75736701
vt 0.325992 0.74820203
vt 0.331388 0.74820203
vt 0.089282 0.81006801
vt 0.089282 0.819996
vt 0.094678 0.819996
vt 0.094678 0.828735
vt 0.089282 0.828735
vt 0.088446 0.82832402
vt 0.088446 0.81966197
vt 0.094678 0.81006801
vt 0.088446 0.80982202
vt 0.089282 0.79933202
vt 0.094678 0.79933202
vt 0.088446 0.79917997
vt 0.089282 0.78820097
vt 0.094678 0.78820097
vt 0.088446 0.78814602
vt 0.089282 0.777103
vt 0.094678 0.777103
vt 0.088446 0.77714401
vt 0.089282 0.766464
vt 0.094678 0.766464
vt 0.088446 0.76659602
vt 0.089282 0.756693
vt 0.094678 0.756693
vt 0.088446 0.756908
vt 0.089282 0.74816602
vt 0.094678 0.74816602
vt 0.088446 0.74845302
vt 0.851347 0.58367902
vt 0.851347 0.590091
vt 0.856743 0.590091
vt 0.856743 0.909574986
vt 0.856743 0.58367902
vt 0.851348 0.909574986
vt 0.850512 0.59004998
vt 0.850512 0.909147024
vt 0.850512 0.58372903
vt 0.850512 0.576917
vt 0.851347 0.576769
vt 0.856743 0.576769
vt 0.850512 0.569874
vt 0.851347 0.56962597
vt 0.856743 0.56962597
vt 0.850512 0.56287098
vt 0.851347 0.56252497
vt 0.850512 0.55617702
vt 0.856743 0.56252497
vt 0.851347 0.555739
vt 0.856743 0.555739
vt 0.851347 0.54952902
vt 0.856743 0.54952902
vt 0.851347 0.544133
vt 0.856743 0.544133
vt 0.01587 0.88747001
vt 0.01587 0.87974697
vt 0.011353 0.87974697
vt 0.011353 0.87312198
vt 0.01587 0.87312198
vt 0.011353 0.88747001
vt 0.016989 0.89611602
vt 0.016989 0.887768984
vt 0.01587 0.89599401
vt 0.011353 0.89599401
vt 0.016989 0.904929996
vt 0.01587 0.90499002
vt 0.011353 0.90499002
vt 0.016989 0.91387397
vt 0.01587 0.914114
vt 0.016989 0.922602
vt 0.011353 0.914114
vt 0.01587 0.923013985
vt 0.011353 0.923013985
vt 0.01587 0.931348026
vt 0.011353 0.931348026
vt 0.01587 0.938796997
vt 0.011353 0.938796997
vt 0.121901 0.60882097
vt 0.121901 0.603791
vt 0.117385 0.603791
vt 0.117385 0.59941298
vt 0.121901 0.59941298
vt 0.117385 0.60882097
vt 0.121901 0.614309
vt 0.117385 0.614309
vt 0.121902 0.620045
vt 0.12302 0.61461002
vt 0.117385 0.620045
vt 0.12302 0.620166
vt 0.121901 0.625808
vt 0.117385 0.625808
vt 0.12302 0.625754
vt 0.121901 0.63137698
vt 0.12302 0.631159
vt 0.117385 0.63137698
vt 0.121901 0.63653702
vt 0.117385 0.63653702
vt 0.121902 0.947384
vt 0.117385 0.947384
vt 0.089565 0.901645005
vt 0.089565 0.909724
vt 0.094082 0.909724
vt 0.094082 0.91682702
vt 0.089565 0.91682702
vt 0.094082 0.901645005
vt 0.089565 0.89290202
vt 0.088446 0.901175976
vt 0.094082 0.89290202
vt 0.088446 0.89260101
vt 0.089565 0.883829
vt 0.094082 0.883829
vt 0.088446 0.88370699
vt 0.089565 0.874776
vt 0.094082 0.874776
vt 0.088446 0.87483698
vt 0.089565 0.86609
vt 0.094082 0.86609
vt 0.088446 0.86633098
vt 0.089565 0.85810602
vt 0.088446 0.85851502
vt 0.094082 0.85810602
vt 0.089565 0.851129
vt 0.094082 0.851129
vt 0.146846 0.63137698
vt 0.146846 0.63653702
vt 0.151363 0.63653702
vt 0.151363 0.947382987
vt 0.146846 0.947382987
vt 0.151363 0.63137698
vt 0.145727 0.625754
vt 0.145727 0.631159
vt 0.146846 0.625808
vt 0.151363 0.625808
vt 0.145727 0.620166
vt 0.146846 0.620045
vt 0.145727 0.61461002
vt 0.151363 0.620045
vt 0.146846 0.614309
vt 0.151363 0.614309
vt 0.146846 0.60882097
vt 0.151363 0.60882097
vt 0.146846 0.603791
vt 0.151363 0.603791
vt 0.146846 0.59941298
vt 0.151363 0.59941298
vt 0.513766 0.012911022
vt 0.522033 0.014280021
vt 0.522491 0.012623012
vt 0.513882 0.011196971
vt 0.529872 0.017242014
vt 0.538056 0.020331979
vt 0.530654 0.015707016
vt 0.505157 0.011484981
vt 0.536984 0.021685004
vt 0.544414 0.026319027
vt 0.505388 0.013186991
vt 0.496651 0.013475001
vt 0.49722 0.015097976
vt 0.488693 0.017090023
vt 0.553298 0.050136983
vt 0.553068 0.04141599
vt 0.551415 0.041956007
vt 0.547967 0.034282982
vt 0.489574 0.018571973
vt 0.481586 0.022193015
vt 0.543094 0.027438998
vt 0.549483 0.033438027
vt 0.482744 0.023476005
vt 0.475605 0.028586984
vt 0.476993 0.029622972
vt 0.470979 0.036024988
vt 0.412023 0.48617697
vt 0.409864 0.47203398
vt 0.410296 0.48639297
vt 0.472544 0.03677702
vt 0.477626 0.548218
vt 0.463445 0.547597
vt 0.477511 0.549932
vt 0.555031 0.04994601
vt 0.55099 0.49530303
vt 0.555031 0.48156703
vt 0.553298 0.481427
vt 0.469578 0.04463899
vt 0.467886 0.04422301
vt 0.491766 0.549456
vt 0.411601 0.47212303
vt 0.552673 0.49574196
vt 0.253979 0.74820203
vt 0.30245 0.74820203
vt 0.415153 0.49984503
vt 0.4135 0.50038302
vt 0.54605 0.50844002
vt 0.547617 0.50919002
vt 0.420871 0.51262403
vt 0.419354 0.513467
vt 0.538665 0.52036
vt 0.540056 0.521393
vt 0.428955 0.524024
vt 0.427632 0.525142
vt 0.529121 0.53060198
vt 0.530281 0.531882
vt 0.439092 0.53360802
vt 0.438017 0.53495902
vt 0.517784 0.53877503
vt 0.518668 0.540255
vt 0.450893 0.54100698
vt 0.505093 0.54456598
vt 0.505663 0.546189
vt 0.463904 0.54593998
vt 0.45011 0.54254103
vt 0.491533 0.547754
vt 0.328587 0.024483025
vt 0.327765 0.014200985
vt 0.317604 0.01612997
vt 0.320053 0.026350021
vt 0.337315 0.02432102
vt 0.308054 0.019833028
vt 0.312042 0.02985102
vt 0.30699 0.017159998
vt 0.299479 0.025180995
vt 0.316928 0.013306975
vt 0.30486 0.034851015
vt 0.327533 0.011292994
vt 0.292217 0.031983018
vt 0.298785 0.04115802
vt 0.286558 0.039985
vt 0.29405 0.04852903
vt 0.282736 0.048886
vt 0.290836 0.05668199
vt 0.210812 0.48253703
vt 0.226494 0.483613
vt 0.226713 0.497976
vt 0.211105 0.499713
vt 0.214782 0.51649702
vt 0.22971 0.512011
vt 0.221697 0.532243
vt 0.23537 0.52517802
vt 0.231582 0.54634398
vt 0.243475 0.53697002
vt 0.244053 0.558259
vt 0.253714 0.54693598
vt 0.258628 0.56753498
vt 0.265693 0.55469102
vt 0.274748 0.573816
vt 0.278952 0.559938
vt 0.291796 0.57686698
vt 0.292981 0.56247503
vt 0.307242 0.56220502
vt 0.309119 0.576571
vt 0.321186 0.559138
vt 0.326056 0.572937
vt 0.334277 0.55339098
vt 0.341959 0.566105
vt 0.346013 0.545187
vt 0.356216 0.55633098
vt 0.355942 0.53483897
vt 0.36828 0.543989
vt 0.363683 0.52274603
vt 0.377681 0.52955002
vt 0.368938 0.509373
vt 0.384057 0.51357198
vt 0.387158 0.49666798
vt 0.371505 0.495233
vt 0.377887 0.063656986
vt 0.387158 0.057253003
vt 0.37605 0.055100024
vt 0.384842 0.04786098
vt 0.372584 0.04707098
vt 0.380568 0.039062023
vt 0.367621 0.039879978
vt 0.374514 0.031193018
vt 0.361352 0.033802986
vt 0.366928 0.02455002
vt 0.354019 0.029071987
vt 0.358108 0.019375026
vt 0.368415 0.022081971
vt 0.345903 0.025870979
vt 0.359238 0.01669699
vt 0.348397 0.015854001
vt 0.349102 0.013022006
vt 0.338157 0.014109015
vt 0.338396 0.011196971
vt 0.108679 0.568565
vt 0.118268 0.57228303
vt 0.120384 0.56289
vt 0.107738 0.571056
vt 0.117676 0.57490897
vt 0.112146 0.559385
vt 0.100077 0.56319898
vt 0.128477 0.57422101
vt 0.128281 0.576922
vt 0.129163 0.56475198
vt 0.120558 0.562118
vt 0.12922 0.56397003
vt 0.112429 0.558636
vt 0.138082 0.56412
vt 0.104765 0.554371
vt 0.105145 0.55365598
vt 0.092797 0.556381
vt 0.098525 0.548041
vt 0.098986 0.54737002
vt 0.087129 0.548366
vt 0.093666 0.54063803
vt 0.094189 0.54002
vt 0.083303 0.539456
vt 0.090375 0.53244603
vt 0.090938 0.531888
vt 0.011353 0.10565102
vt 0.025086 0.10441202
vt 0.026093 0.104321
vt 0.011647 0.088470995
vt 0.025337 0.089935005
vt 0.026341 0.090041995
vt 0.015325 0.07168001
vt 0.028447 0.07578397
vt 0.029408 0.07608497
vt 0.022246 0.055920005
vt 0.034295 0.06250399
vt 0.035178 0.062986016
vt 0.032145 0.04179901
vt 0.042657 0.050603986
vt 0.043427 0.05124998
vt 0.05384 0.041324973
vt 0.053212 0.04054302
vt 0.044641 0.029859006
vt 0.066016 0.03359598
vt 0.065555 0.032706022
vt 0.059256 0.020560026
vt 0.079487 0.028357029
vt 0.07921 0.02739501
vt 0.075426 0.014258027
vt 0.093735 0.025811017
vt 0.093653 0.02481401
vt 0.092531 0.011196971
vt 0.109913 0.011494994
vt 0.10833 0.025061011
vt 0.108214 0.026054978
vt 0.126903 0.015138984
vt 0.122675 0.028128982
vt 0.122365 0.029079974
vt 0.142848 0.021990001
vt 0.136138 0.033897996
vt 0.135647 0.034770012
vt 0.157135 0.031783998
vt 0.148202 0.04214698
vt 0.147547 0.042905986
vt 0.15761 0.053175986
vt 0.158402 0.052559018
vt 0.169215 0.044143975
vt 0.165448 0.065184
vt 0.166348 0.06473398
vt 0.178625 0.05859399
vt 0.170759 0.07846999
vt 0.171732 0.078203976
vt 0.185003 0.074580014
vt 0.173341 0.092522025
vt 0.174349 0.09245199
vt 0.188105 0.091488004
vt 0.179332 0.524805
vt 0.179979 0.525266
vt 0.188105 0.531058
vt 0.177454 0.53334802
vt 0.178071 0.533875
vt 0.185787 0.54046
vt 0.173923 0.54136503
vt 0.174488 0.54195398
vt 0.181506 0.549273
vt 0.168874 0.548549
vt 0.169366 0.549195
vt 0.175438 0.55716097
vt 0.1625 0.554623
vt 0.162903 0.555318
vt 0.167827 0.56382602
vt 0.155048 0.55935502
vt 0.155346 0.560089
vt 0.146803 0.56256098
vt 0.158972 0.569021
vt 0.169163 0.56613398
vt 0.159986 0.57151902
vt 0.146987 0.56332302
vt 0.149215 0.572559
vt 0.14985 0.575194
vt 0.138146 0.564898
vt 0.138922 0.57431298
vt 0.139144 0.57701898
vt 0.580682 0.947718978
vt 0.580682 0.957661986
vt 0.658328 0.957660973
vt 0.658328 0.96690297
vt 0.580682 0.96690297
vt 0.658328 0.975086987
vt 0.580682 0.975086987
vt 0.658328 0.947718978
vt 0.580682 0.937457025
vt 0.577738 0.946771026
vt 0.577738 0.936872005
vt 0.658328 0.937457025
vt 0.661062 0.946797013
vt 0.661062 0.936867
vt 0.580682 0.927269995
vt 0.577738 0.927006006
vt 0.658328 0.927269995
vt 0.661062 0.92697799
vt 0.580682 0.91755003
vt 0.577738 0.917557
vt 0.658328 0.91755003
vt 0.661062 0.91751301
vt 0.580682 0.90867001
vt 0.577738 0.908894
vt 0.658328 0.90867001
vt 0.661062 0.908841014
vt 0.580682 0.570778
vt 0.577738 0.57228702
vt 0.658328 0.570778
vt 0.661062 0.572115
vt 0.334359 0.64527702
vt 0.334359 0.62844902
vt 0.256713 0.62844902
vt 0.337304 0.62927902
vt 0.337304 0.64572698
vt 0.337304 0.61408502
vt 0.334359 0.66274798
vt 0.337304 0.66279697
vt 0.337304 0.600734
vt 0.334359 0.599261
vt 0.334359 0.612912
vt 0.256713 0.599261
vt 0.256713 0.612912
vt 0.253979 0.60062498
vt 0.253979 0.61397803
vt 0.253979 0.629179
vt 0.256713 0.64527702
vt 0.253979 0.64564198
vt 0.253979 0.662735
vt 0.256713 0.66274798
vt 0.253979 0.679803
vt 0.334359 0.68019098
vt 0.337304 0.679829
vt 0.256713 0.68019098
vt 0.253979 0.69618797
vt 0.334359 0.696936
vt 0.337304 0.696171
vt 0.256713 0.696936
vt 0.253979 0.71126097
vt 0.334359 0.71233898
vt 0.337304 0.71119702
vt 0.256713 0.71233898
vt 0.253979 0.724442
vt 0.256713 0.72580802
vt 0.334359 0.72580802
vt 0.337304 0.724334
vt 0.091733 0.646438
vt 0.091733 0.629412
vt 0.014087 0.629412
vt 0.094678 0.646675
vt 0.094678 0.630058
vt 0.094678 0.66378403
vt 0.091733 0.61353302
vt 0.094678 0.614568
vt 0.094678 0.60079598
vt 0.091733 0.59941298
vt 0.014087 0.59941298
vt 0.014087 0.61353302
vt 0.011353 0.600695
vt 0.011353 0.61451298
vt 0.011353 0.63005102
vt 0.014087 0.646438
vt 0.011353 0.64671302
vt 0.091733 0.66395903
vt 0.094678 0.680727
vt 0.014087 0.66395903
vt 0.011353 0.66385603
vt 0.091733 0.681301
vt 0.094678 0.69685102
vt 0.014087 0.681301
vt 0.011353 0.68082303
vt 0.011353 0.696962
vt 0.091733 0.697797
vt 0.094678 0.71153402
vt 0.014087 0.697797
vt 0.011353 0.71165198
vt 0.091733 0.71281302
vt 0.091733 0.72577202
vt 0.094678 0.724209
vt 0.014087 0.71281302
vt 0.011353 0.724329
vt 0.014087 0.72577202
vt 0.747425 0.591949
vt 0.747425 0.60167003
vt 0.825071 0.60167003
vt 0.74448 0.59221298
vt 0.74448 0.601663
vt 0.74448 0.582348
vt 0.747425 0.61055
vt 0.74448 0.61032498
vt 0.74448 0.94693297
vt 0.747425 0.948441982
vt 0.825071 0.948441982
vt 0.825071 0.61055
vt 0.827805 0.94710499
vt 0.827805 0.61037898
vt 0.827805 0.60170698
vt 0.827805 0.592242
vt 0.825071 0.591949
vt 0.827805 0.582353
vt 0.747425 0.58176202
vt 0.74448 0.57244903
vt 0.747425 0.57150102
vt 0.825071 0.58176303
vt 0.827805 0.57242203
vt 0.825071 0.57150102
vt 0.747425 0.561558
vt 0.825071 0.561558
vt 0.747425 0.55231702
vt 0.825071 0.55231702
vt 0.747425 0.544133
vt 0.825071 0.544133
vn 0 1 0
vn 0 1 0
vn 0 1 0
vn 0 1 0
vn 0 1 0
vn 0 1 0
vn 0 1 0
vn 0 1 0
vn 0 1 0
vn 0 1 0
vn 0 1 0
vn 0 1 0
vn 0 1 0
vn 0 1 0
vn 0 1 0
vn 0 1 0
vn 0 1 0
vn 0 1 0
vn 0 1 0
vn 0 1 0
vn 0 1 0
vn 0 1 0
vn 0 1 0
vn 0 1 0
vn 0 1 0
vn 0 1 0
vn 0 1 0
vn 0 1 0
vn 0 1 0
vn 0 1 0
vn 0 1 0
vn 0 1 0
vn 0 0.7298 -0.6836
vn 0 0.3894 -0.9211
vn -0.1786 0.3883 -0.904
vn -0.1335 0.7299 -0.6704
vn -0.3516 0.3849 -0.8534
vn -0.2617 0.7299 -0.6315
vn -0.5119 0.3791 -0.7708
vn -0.3799 0.7298 -0.5684
vn -0.6542 0.3708 -0.6592
vn -0.2239 0.9172 -0.3294
vn -0.4834 0.7299 -0.4834
vn -0.2914 0.9131 -0.2853
vn -0.7733 0.3595 -0.5222
vn -0.5681 0.7298 -0.3803
vn -0.3527 0.9073 -0.2289
vn -0.8649 0.3451 -0.3644
vn -0.6316 0.7298 -0.2616
vn -0.4058 0.8997 -0.1605
vn -0.9288 0.3251 -0.178
vn -0.6684 0.7336 -0.1225
vn -0.4554 0.8873 -0.0728
vn -0.9506 0.3102 0.0135
vn -0.6874 0.7262 0.0106
vn -0.4668 0.8843 0.0086
vn 0 1 0
vn 0.0766 0.9217 -0.3802
vn 0.1518 0.9201 -0.3612
vn 0.3517 0.3849 -0.8533
vn 0.5119 0.3791 -0.7708
vn 0.179 0.3883 -0.904
vn 0.2239 0.9172 -0.3294
vn 0 0.9223 -0.3866
vn 0 0.3894 -0.9211
vn -0.179 0.3883 -0.904
vn 0 1 0
vn -0.0766 0.9217 -0.3802
vn -0.3516 0.3849 -0.8534
vn 0 1 0
vn -0.1518 0.9201 -0.3612
vn -0.5119 0.3791 -0.7708
vn -0.2239 0.9172 -0.3294
vn 0 1 0
vn -0 0.7309 -0.6824
vn 0.1392 0.7309 -0.6682
vn -0.1392 0.7309 -0.6681
vn 0.2717 0.7306 -0.6264
vn 0 1 0
vn -0.2717 0.7307 -0.6263
vn 0 1 0
vn 0.3917 0.7302 -0.5598
vn 0.2914 0.9131 -0.2853
vn 0 1 0
vn -0.3917 0.7303 -0.5597
vn -0.2914 0.9131 -0.2853
vn 0 1 0
vn 0.3527 0.9073 -0.2289
vn 0.4945 0.7298 -0.472
vn 0 1 0
vn -0.3527 0.9073 -0.2289
vn -0.4945 0.7298 -0.4721
vn 0 1 0
vn 0.5767 0.7294 -0.3679
vn 0.4058 0.8997 -0.1605
vn 0 1 0
vn -0.5767 0.7294 -0.3678
vn -0.4058 0.8997 -0.1605
vn 0 1 0
vn 0.4554 0.8873 -0.0728
vn 0.6365 0.7291 -0.2517
vn 0 1 0
vn -0.4554 0.8873 -0.0728
vn -0.6365 0.7291 -0.2517
vn 0 1 0
vn 0.6701 0.7335 -0.1137
vn 0.4668 0.8843 0.0086
vn 0 1 0
vn -0.6701 0.7335 -0.1137
vn -0.4668 0.8843 0.0086
vn 0 1 0
vn 0.4632 0.8813 0.0929
vn 0.6883 0.7252 0.0165
vn 0 1 0
vn -0.4632 0.8813 0.0929
vn -0.6883 0.7252 0.0165
vn 0 1 0
vn 0.6683 0.7308 0.1387
vn 0.4375 0.8807 0.1814
vn 0 1 0
vn -0.6683 0.7308 0.1387
vn -0.4375 0.8807 0.1814
vn 0 1 0
vn 0.3938 0.8808 0.2628
vn 0.6268 0.7306 0.2709
vn 0 1 0
vn -0.3938 0.8808 0.2628
vn -0.6268 0.7306 0.2709
vn 0 1 0
vn 0.5604 0.7302 0.3908
vn 0.4729 0.7298 0.4936
vn 0 1 0
vn -0.5604 0.7302 0.3908
vn -0.4729 0.7299 0.4936
vn 0 1 0
vn 0.3688 0.7294 0.5761
vn 0.3345 0.8813 0.3337
vn 0 1 0
vn -0.3688 0.7294 0.5761
vn -0.3345 0.8813 0.3337
vn 0 1 0
vn 0.2622 0.882 0.3914
vn 0.2524 0.7291 0.6361
vn 0 1 0
vn -0.2623 0.882 0.3914
vn -0.2524 0.7291 0.6362
vn 0 1 0
vn 0.1281 0.7289 0.6725
vn 0.1802 0.8828 0.4338
vn 0 1 0
vn -0.1281 0.7289 0.6725
vn -0.1802 0.8828 0.4338
vn 0 1 0
vn 0.0917 0.8833 0.4597
vn -0 0.7288 0.6847
vn 0 1 0
vn -0.0917 0.8833 0.4597
vn 0 1 0
vn 0 0.8835 0.4684
vn 0 1 0
vn 0 1 0
vn -0.2375 0.9135 -0.3302
vn -0.3097 0.9067 -0.2863
vn -0.1607 0.9185 -0.3614
vn 0 1 0
vn -0.3753 0.8979 -0.2299
vn -0.2692 0.7304 -0.6277
vn -0.3887 0.7302 -0.5619
vn -0.1377 0.7307 -0.6687
vn -0.4917 0.7298 -0.4749
vn 0 1 0
vn -0 0.7307 -0.6827
vn 0 1 0
vn -0.5747 0.7295 -0.3708
vn -0.432 0.8874 -0.161
vn 0 1 0
vn -0.6353 0.7292 -0.2541
vn -0.4864 0.8709 -0.0697
vn 0 1 0
vn -0.6688 0.735 -0.1113
vn -0.4932 0.8698 0.0094
vn 0 1 0
vn -0.6895 0.724 0.0195
vn -0.6687 0.7306 0.1377
vn 0 1 0
vn -0.4823 0.8706 0.097
vn -0.6277 0.7304 0.2692
vn 0 1 0
vn -0.4465 0.8743 0.1904
vn -0.5619 0.7302 0.3888
vn 0 1 0
vn -0.3949 0.8771 0.2732
vn -0.4749 0.7298 0.4918
vn 0 1 0
vn -0.3305 0.8792 0.3431
vn -0.3708 0.7295 0.5747
vn 0 1 0
vn -0.256 0.8807 0.3984
vn -0.2541 0.7292 0.6353
vn 0 1 0
vn -0.1745 0.8817 0.4383
vn -0.1291 0.7291 0.6721
vn 0 1 0
vn -0.0883 0.8823 0.4624
vn -0 0.729 0.6845
vn 0 1 0
vn 0 0.8824 0.4704
vn 0.0883 0.8823 0.4624
vn 0 1 0
vn 0.1291 0.7291 0.6721
vn 0.1745 0.8817 0.4383
vn 0 1 0
vn 0.2541 0.7292 0.6353
vn 0.256 0.8808 0.3984
vn 0 1 0
vn 0.3708 0.7295 0.5747
vn 0.3305 0.8792 0.3431
vn 0 1 0
vn 0.4749 0.7298 0.4918
vn 0.3949 0.8771 0.2732
vn 0 1 0
vn 0.5619 0.7301 0.3888
vn 0.4465 0.8743 0.1904
vn 0 1 0
vn 0.6277 0.7304 0.2692
vn 0.4823 0.8706 0.097
vn 0 1 0
vn 0.6687 0.7306 0.1377
vn 0.4932 0.8698 0.0094
vn 0 1 0
vn 0.6895 0.724 0.0195
vn 0.6688 0.735 -0.1113
vn 0 1 0
vn 0.4864 0.8709 -0.0697
vn 0.6353 0.7292 -0.2541
vn 0 1 0
vn 0.432 0.8874 -0.161
vn 0.5747 0.7295 -0.3708
vn 0 1 0
vn 0.3753 0.8979 -0.2299
vn 0.4917 0.7298 -0.4749
vn 0 1 0
vn 0.3097 0.9067 -0.2863
vn 0.3887 0.7302 -0.5619
vn 0 1 0
vn 0.2375 0.9135 -0.3302
vn 0.2692 0.7304 -0.6277
vn 0 1 0
vn 0.1607 0.9185 -0.3614
vn 0.1377 0.7307 -0.6687
vn 0 1 0
vn 0.0811 0.9214 -0.38
vn 0.3651 0.3821 -0.8489
vn 0.1865 0.388 -0.9026
vn 0 1 0
vn 0 0.9223 -0.3864
vn -0 0.39 -0.9208
vn -0.1865 0.388 -0.9026
vn -0.0811 0.9214 -0.38
vn -0.3651 0.3821 -0.8489
vn 0 1 0
vn 0 1 0
vn -0.2258 0.919 -0.3232
vn -0.2888 0.9168 -0.2756
vn -0.1551 0.9206 -0.3585
vn -0.5244 0.3826 -0.7607
vn -0.3627 0.386 -0.8482
vn 0 1 0
vn -0.3424 0.914 -0.2175
vn -0.079 0.9215 -0.3802
vn -0.1854 0.388 -0.9028
vn -0.3999 0.7306 -0.5535
vn -0.2788 0.7311 -0.6227
vn -0.5019 0.7298 -0.4642
vn -0.1433 0.7316 -0.6665
vn 0 1 0
vn -0.5822 0.7291 -0.3598
vn -0.385 0.9106 -0.1503
vn 0 1 0
vn -0 0.7318 -0.6815
vn 0 1 0
vn -0.6396 0.7286 -0.245
vn -0.9219 0.3537 -0.1579
vn -0.8634 0.3649 -0.3483
vn 0 1 0
vn -0.4239 0.9034 -0.0649
vn -0.936 0.3509 0.0277
vn -0.6707 0.734 -0.1065
vn -0.4244 0.9054 0.0105
vn 0 1 0
vn -0.6896 0.7239 0.0215
vn -0.6676 0.7311 0.1407
vn -0.4165 0.9053 0.083
vn -0.9154 0.3545 0.1907
vn 0 1 0
vn -0.625 0.7308 0.2743
vn 0 1 0
vn -0.3854 0.9083 0.1626
vn -0.5575 0.7303 0.3947
vn 0 1 0
vn -0.3403 0.911 0.2328
vn -0.4693 0.7298 0.4971
vn 0 1 0
vn -0.2841 0.9134 0.2916
vn -0.3649 0.7293 0.5787
vn 0 1 0
vn -0.2196 0.9152 0.3379
vn -0.2493 0.7289 0.6376
vn 0 1 0
vn -0.1494 0.9165 0.371
vn -0.1263 0.7286 0.6731
vn 0 1 0
vn 0 0.7285 0.685
vn -0.0755 0.9174 0.3908
vn -0.3433 0.3769 0.8603
vn -0.1742 0.3785 0.9091
vn 0 1 0
vn 0 0.9177 0.3974
vn 0 0.379 0.9254
vn 0.1742 0.3785 0.9091
vn 0 1 0
vn 0.0755 0.9174 0.3908
vn 0.3433 0.3769 0.8603
vn 0.1263 0.7287 0.6731
vn 0.1494 0.9165 0.371
vn 0 1 0
vn 0.2493 0.7289 0.6376
vn 0.2196 0.9152 0.3378
vn 0 1 0
vn 0.3649 0.7293 0.5787
vn 0.2841 0.9134 0.2916
vn 0 1 0
vn 0.4693 0.7298 0.4971
vn 0.3403 0.911 0.2328
vn 0 1 0
vn 0.5575 0.7303 0.3947
vn 0.3854 0.9083 0.1626
vn 0 1 0
vn 0.625 0.7308 0.2743
vn 0.9154 0.3545 0.1907
vn 0.8564 0.3605 0.3695
vn 0 1 0
vn 0.4165 0.9053 0.0831
vn 0.936 0.3509 0.0277
vn 0.6676 0.7311 0.1407
vn 0.4247 0.9053 0.0105
vn 0 1 0
vn 0.6896 0.7239 0.0215
vn 0.6707 0.734 -0.1065
vn 0.424 0.9034 -0.0649
vn 0 1 0
vn 0.6397 0.7285 -0.245
vn 0.9219 0.3537 -0.1579
vn 0 1 0
vn 0.5822 0.7291 -0.3598
vn 0.385 0.9106 -0.1503
vn 0.8634 0.3649 -0.3483
vn 0 1 0
vn 0.5019 0.7298 -0.4642
vn 0.3424 0.914 -0.2175
vn 0 1 0
vn 0.3999 0.7305 -0.5536
vn 0.2888 0.9168 -0.2756
vn 0 1 0
vn 0.2788 0.7311 -0.6227
vn 0.2258 0.919 -0.3232
vn 0 1 0
vn 0.1433 0.7316 -0.6665
vn 0.1551 0.9206 -0.3585
vn 0.5244 0.3826 -0.7606
vn 0.3627 0.386 -0.8482
vn 0 1 0
vn 0.079 0.9215 -0.3802
vn 0.1854 0.388 -0.9028
vn 0 1 0
vn -0 0.9218 -0.3876
vn -0 0.3887 -0.9214
vn -0.1939 0.3878 -0.9011
vn -0.3767 0.3879 -0.8412
vn -0.2791 0.7311 -0.6226
vn -0.1429 0.7316 -0.6666
vn -0 0.3877 -0.9218
vn -0 0.7318 -0.6815
vn -0.4001 0.7305 -0.5534
vn -0.5397 0.388 -0.7471
vn -0.5022 0.7298 -0.4639
vn -0.6764 0.3883 -0.6258
vn -0.5822 0.7291 -0.3598
vn -0.7838 0.3884 -0.4845
vn -0.6397 0.7286 -0.245
vn -0.8605 0.3886 -0.3294
vn -0.6707 0.734 -0.1067
vn -0.9106 0.3871 -0.1448
vn -0.6896 0.7239 0.0215
vn -0.9204 0.3899 0.0287
vn -0.9019 0.3879 0.19
vn -0.844 0.388 0.3703
vn -0.625 0.7308 0.2743
vn -0.6677 0.7311 0.1405
vn -0.9204 0.3899 0.0287
vn -0.6896 0.7239 0.0215
vn -0.5575 0.7303 0.3947
vn -0.7522 0.3881 0.5325
vn -0.4695 0.7298 0.4969
vn -0.6325 0.3882 0.6702
vn -0.3652 0.7293 0.5786
vn -0.4915 0.3884 0.7794
vn -0.2494 0.7289 0.6375
vn -0.3355 0.3885 0.8582
vn -0.17 0.3886 0.9056
vn -0.1263 0.7287 0.6731
vn 0 0.7285 0.685
vn -0 0.3886 0.9214
vn 0.9107 0.3871 -0.1444
vn 0.8604 0.3886 -0.3296
vn 0.6396 0.7286 -0.2451
vn 0.6708 0.734 -0.1062
vn 0.9204 0.3899 0.0287
vn 0.6896 0.7239 0.0215
vn 0.5822 0.7291 -0.3598
vn 0.7838 0.3884 -0.4846
vn 0.5019 0.7298 -0.4642
vn 0.6765 0.3883 -0.6258
vn 0.3999 0.7305 -0.5536
vn 0.5398 0.388 -0.7471
vn 0.2788 0.7311 -0.6227
vn 0.3767 0.3879 -0.8412
vn 0.1433 0.7316 -0.6665
vn 0.1938 0.3878 -0.9011
vn -0 0.7318 -0.6815
vn -0 0.3877 -0.9218
vn 0.1698 0.3886 0.9056
vn 0.3354 0.3885 0.8582
vn 0.2493 0.7289 0.6376
vn 0.1262 0.7286 0.6732
vn -0 0.3886 0.9214
vn 0 0.7285 0.685
vn 0.3649 0.7293 0.5787
vn 0.4915 0.3884 0.7794
vn 0.4693 0.7298 0.4971
vn 0.6325 0.3882 0.6702
vn 0.5576 0.7303 0.3946
vn 0.7522 0.3881 0.5325
vn 0.625 0.7308 0.2743
vn 0.844 0.388 0.3703
vn 0.6676 0.7311 0.1407
vn 0.9019 0.3879 0.1899
vn 0.6896 0.7239 0.0215
vn 0.9204 0.3899 0.0287
vn -0.1264 0.7286 0.6732
vn -0 0.7286 0.6849
vn -0 0.3886 0.9214
vn -0.17 0.3886 0.9056
vn -0.2493 0.7287 0.6379
vn -0.3355 0.3885 0.8582
vn 0.1264 0.7286 0.6732
vn -0.3654 0.7286 0.5793
vn 0.17 0.3886 0.9056
vn -0.4915 0.3884 0.7794
vn 0.2494 0.7287 0.6378
vn -0.4699 0.7289 0.4979
vn 0.3355 0.3885 0.8582
vn -0.6325 0.3882 0.6702
vn 0.3653 0.7287 0.5793
vn -0.5588 0.7288 0.3956
vn 0.4915 0.3884 0.7794
vn -0.7522 0.3881 0.5325
vn 0.47 0.7288 0.498
vn -0.627 0.7289 0.2751
vn 0.6325 0.3882 0.6702
vn -0.844 0.388 0.3703
vn 0.5588 0.7288 0.3956
vn -0.6698 0.729 0.1411
vn -0.9019 0.3879 0.19
vn 0.7522 0.3881 0.5325
vn -0.9204 0.3899 0.0287
vn -0.6853 0.7279 0.0214
vn 0.6268 0.729 0.2751
vn 0.844 0.388 0.3703
vn 0.6699 0.7289 0.1412
vn 0.9019 0.3879 0.19
vn 0.9204 0.3899 0.0287
vn 0.6852 0.7281 0.0213
vn -0.6756 0.7294 -0.1073
vn -0.9106 0.3871 -0.1446
vn 0.6756 0.7294 -0.1073
vn 0.9106 0.3871 -0.1446
vn -0.8604 0.3886 -0.3296
vn 0.8604 0.3886 -0.3296
vn 0.6396 0.7286 -0.245
vn -0.6396 0.7286 -0.245
vn 0.5826 0.7287 -0.36
vn 0.7839 0.3884 -0.4845
vn -0.5827 0.7286 -0.3601
vn -0.7839 0.3884 -0.4845
vn 0.5027 0.7288 -0.465
vn 0.6765 0.3883 -0.6258
vn -0.5027 0.7288 -0.465
vn -0.6765 0.3883 -0.6257
vn 0.4009 0.7289 -0.555
vn 0.5397 0.388 -0.7471
vn -0.4009 0.7289 -0.555
vn -0.5397 0.388 -0.7471
vn 0.2798 0.729 -0.6247
vn 0.3767 0.3879 -0.8412
vn -0.2797 0.7291 -0.6247
vn -0.3767 0.3879 -0.8412
vn 0.1439 0.729 -0.6692
vn 0.1938 0.3878 -0.9011
vn -0.1439 0.7291 -0.6692
vn -0.1938 0.3878 -0.9012
vn 0 0.7291 -0.6845
vn -0 0.3877 -0.9218
vn -0 -0.3881 -0.9216
vn 0.1826 -0.3879 -0.9034
vn 0.1356 -0.7299 -0.67
vn -0 -0.7302 -0.6832
vn 0.2654 -0.7298 -0.6301
vn 0.3579 -0.3879 -0.8494
vn 0.3844 -0.7297 -0.5655
vn 0.5181 -0.3879 -0.7623
vn 0.4878 -0.7295 -0.4795
vn 0.6572 -0.388 -0.6462
vn 0.5717 -0.7294 -0.3757
vn 0.7703 -0.3881 -0.5061
vn 0.6338 -0.7292 -0.258
vn 0.8536 -0.3881 -0.3475
vn 0.6698 -0.7327 -0.1206
vn 0.9073 -0.3874 -0.1634
vn 0.6878 -0.7258 0.0102
vn 0.921 -0.3894 0.0136
vn -0.1829 -0.3879 -0.9034
vn -0 -0.3881 -0.9216
vn -0 -0.7302 -0.6832
vn -0.1356 -0.7299 -0.67
vn -0.3578 -0.3878 -0.8494
vn -0.2653 -0.7298 -0.6301
vn -0.518 -0.3879 -0.7623
vn -0.3845 -0.7297 -0.5654
vn -0.6574 -0.3879 -0.646
vn -0.4878 -0.7294 -0.4796
vn -0.7703 -0.3881 -0.506
vn -0.5718 -0.7294 -0.3756
vn -0.8537 -0.3881 -0.3474
vn -0.6338 -0.7292 -0.258
vn -0.9075 -0.3871 -0.1632
vn -0.6693 -0.7331 -0.1207
vn -0.921 -0.3894 0.0136
vn -0.6878 -0.7258 0.0102
vn -0.6585 -0.3878 0.6449
vn -0.7713 -0.388 0.5046
vn -0.5727 -0.7291 0.3747
vn -0.4889 -0.7293 0.4787
vn -0.6341 -0.729 0.2578
vn -0.5195 -0.3878 0.7614
vn -0.8539 -0.3879 0.3468
vn -0.385 -0.7295 0.5653
vn -0.672 -0.7288 0.1309
vn -0.3588 -0.3877 0.849
vn -0.9047 -0.3879 0.1762
vn -0.2664 -0.7296 0.6298
vn -0.6878 -0.7258 0.0102
vn -0.921 -0.3894 0.0136
vn -0.1833 -0.3878 0.9034
vn -0.1361 -0.7298 0.67
vn -0 -0.3881 0.9216
vn -0 -0.7303 0.6831
vn 0.6585 -0.3878 0.645
vn 0.5195 -0.3878 0.7614
vn 0.3856 -0.7295 0.565
vn 0.4888 -0.7293 0.4787
vn 0.2664 -0.7296 0.6298
vn 0.7713 -0.388 0.5046
vn 0.3591 -0.3877 0.849
vn 0.5727 -0.7291 0.3747
vn 0.1361 -0.7298 0.67
vn 0.854 -0.3879 0.3466
vn 0.1837 -0.3877 0.9033
vn 0.6345 -0.729 0.2569
vn -0 -0.7303 0.6831
vn -0 -0.3881 0.9216
vn 0.9047 -0.388 0.1762
vn 0.6721 -0.7288 0.1309
vn 0.6874 0.7262 0.0106
vn 0.9506 0.3102 0.0135
vn 0.9287 0.3252 -0.178
vn 0.6685 0.7336 -0.1221
vn 0.4554 0.8873 -0.0728
vn 0.4668 0.8843 0.0086
vn 0.4058 0.8998 -0.1605
vn 0.8649 0.3452 -0.3643
vn 0.6316 0.7298 -0.2616
vn 0.3527 0.9073 -0.2289
vn 0.7733 0.3595 -0.5222
vn 0.5684 0.7298 -0.3798
vn 0.2914 0.9131 -0.2853
vn 0.6542 0.3708 -0.6592
vn 0.2239 0.9173 -0.3294
vn 0.4832 0.7298 -0.4836
vn 0.5119 0.3791 -0.7708
vn 0.3798 0.7298 -0.5684
vn 0.3517 0.3849 -0.8533
vn 0.2616 0.7298 -0.6316
vn 0.1792 0.3883 -0.9039
vn 0.1334 0.7298 -0.6705
vn 0 0.3894 -0.9211
vn 0 0.7298 -0.6836
vn -0 0.7298 0.6836
vn 0 0.311 0.9504
vn 0.1852 0.3107 0.9323
vn 0 0.8835 0.4684
vn 0.1331 0.7298 0.6706
vn 0.0917 0.8833 0.4597
vn 0.3635 0.3097 0.8786
vn 0.2618 0.7298 0.6316
vn 0.1802 0.8828 0.4338
vn 0.5281 0.3084 0.7912
vn 0.3798 0.7298 0.5684
vn 0.2622 0.8821 0.3914
vn 0.6727 0.3069 0.6733
vn 0.4832 0.7299 0.4835
vn 0.3345 0.8813 0.3337
vn 0.7915 0.306 0.5291
vn 0.5684 0.7298 0.3798
vn 0.3938 0.8808 0.2628
vn 0.8797 0.3059 0.3642
vn 0.4375 0.8807 0.1814
vn 0.6314 0.7298 0.262
vn 0.4632 0.8814 0.0929
vn 0.9335 0.307 0.1851
vn 0.4668 0.8843 0.0086
vn 0.6705 0.7298 0.1334
vn 0.9506 0.3102 0.0135
vn 0.6874 0.7262 0.0106
vn -0.4836 0.7298 0.4832
vn -0.6727 0.307 0.6733
vn -0.5281 0.3084 0.7912
vn -0.3798 0.7298 0.5684
vn -0.5684 0.7298 0.3798
vn -0.3635 0.3097 0.8786
vn -0.2614 0.7298 0.6317
vn -0.2623 0.882 0.3914
vn -0.1802 0.8828 0.4338
vn -0.3345 0.8813 0.3337
vn -0.0917 0.8833 0.4597
vn -0.7915 0.306 0.5291
vn -0.3938 0.8808 0.2628
vn -0.6316 0.7298 0.2616
vn -0.1852 0.3107 0.9323
vn 0 0.8835 0.4684
vn -0.1333 0.7298 0.6705
vn 0 0.311 0.9504
vn -0 0.7298 0.6836
vn -0.8797 0.3059 0.3642
vn -0.4375 0.8807 0.1814
vn -0.6705 0.7298 0.1332
vn -0.4632 0.8814 0.0929
vn -0.9335 0.307 0.1851
vn -0.6874 0.7262 0.0106
vn -0.4668 0.8843 0.0086
vn -0.9506 0.3102 0.0135
vn 0.3651 0.3821 -0.8489
vn 0.1865 0.388 -0.9026
vn 0.1394 0.7309 -0.6681
vn -0 0.7309 -0.6824
vn -0 0.39 -0.9208
vn 0.2717 0.7306 -0.6264
vn 0.5287 0.3725 -0.7627
vn 0.1607 0.9185 -0.3614
vn 0.3918 0.7302 -0.5596
vn 0.2375 0.9135 -0.3302
vn 0.6713 0.359 -0.6484
vn 0.4946 0.7298 -0.4719
vn 0.3097 0.9067 -0.2863
vn 0.7887 0.3421 -0.5107
vn 0.5769 0.7294 -0.3677
vn 0.3753 0.8979 -0.2299
vn 0.8776 0.3224 -0.3547
vn 0.6365 0.7291 -0.2517
vn 0.432 0.8874 -0.161
vn 0.9398 0.297 -0.1692
vn 0.6701 0.7335 -0.1133
vn 0.4864 0.871 -0.0697
vn 0.9589 0.2825 0.0249
vn 0.6883 0.7252 0.0165
vn 0.4932 0.8698 0.0094
vn 0.8764 0.2947 0.3809
vn 0.937 0.2884 0.1969
vn 0.6683 0.7308 0.1388
vn 0.6883 0.7252 0.0165
vn 0.6266 0.7306 0.2712
vn 0.9589 0.2825 0.0249
vn 0.4823 0.8706 0.097
vn 0.4932 0.8699 0.0094
vn 0.4465 0.8743 0.1904
vn 0.3949 0.8772 0.2732
vn 0.7818 0.2995 0.5469
vn 0.5604 0.7302 0.3908
vn 0.3305 0.8792 0.3431
vn 0.6586 0.3032 0.6888
vn 0.4727 0.7298 0.4938
vn 0.256 0.8807 0.3984
vn 0.5128 0.3057 0.8022
vn 0.3686 0.7294 0.5762
vn 0.1745 0.8817 0.4383
vn 0.3507 0.3073 0.8846
vn 0.2523 0.7291 0.6362
vn 0.0883 0.8823 0.4624
vn 0.1779 0.3081 0.9346
vn -0 0.8825 0.4704
vn 0.1281 0.7289 0.6725
vn -0 0.3084 0.9513
vn -0 0.7288 0.6847
vn -0.3507 0.3072 0.8847
vn -0.1779 0.3081 0.9346
vn -0.1281 0.7289 0.6725
vn -0 0.7288 0.6847
vn -0 0.3084 0.9513
vn -0 0.8825 0.4704
vn -0.0883 0.8823 0.4624
vn -0.2529 0.7291 0.636
vn -0.1745 0.8817 0.4383
vn -0.5128 0.3057 0.8022
vn -0.3688 0.7294 0.5761
vn -0.256 0.8807 0.3984
vn -0.6585 0.3032 0.6888
vn -0.4729 0.7299 0.4936
vn -0.3305 0.8792 0.3431
vn -0.7818 0.2995 0.5469
vn -0.5605 0.7302 0.3907
vn -0.3949 0.8772 0.2732
vn -0.8764 0.2946 0.3809
vn -0.6268 0.7306 0.2709
vn -0.4465 0.8743 0.1904
vn -0.937 0.2884 0.1969
vn -0.6683 0.7308 0.1387
vn -0.4823 0.8706 0.097
vn -0.9589 0.2825 0.0249
vn -0.6883 0.7252 0.0165
vn -0.4932 0.8698 0.0094
vn -0.8777 0.3222 -0.3548
vn -0.9398 0.2969 -0.1692
vn -0.6701 0.7335 -0.1137
vn -0.6883 0.7252 0.0165
vn -0.6365 0.7291 -0.2517
vn -0.9589 0.2825 0.0249
vn -0.4864 0.8709 -0.0697
vn -0.4932 0.8698 0.0094
vn -0.432 0.8874 -0.161
vn -0.3753 0.8979 -0.2299
vn -0.7887 0.3423 -0.5107
vn -0.5765 0.7295 -0.3681
vn -0.3097 0.9067 -0.2863
vn -0.6713 0.3591 -0.6484
vn -0.4943 0.7298 -0.4722
vn -0.2375 0.9135 -0.3302
vn -0.5287 0.3725 -0.7627
vn -0.1607 0.9185 -0.3614
vn -0.3917 0.7303 -0.5597
vn -0.3651 0.3821 -0.8489
vn -0.2717 0.7307 -0.6263
vn -0.1864 0.388 -0.9026
vn -0.1394 0.7309 -0.6681
vn -0 0.39 -0.9208
vn -0 0.7309 -0.6824
vn 0.8564 0.3605 0.3695
vn 0.9154 0.3545 0.1907
vn 0.6687 0.7306 0.1377
vn 0.6895 0.724 0.0195
vn 0.936 0.3509 0.0277
vn 0.6277 0.7304 0.2692
vn 0.3403 0.911 0.2328
vn 0.3854 0.9083 0.1626
vn 0.7643 0.366 0.531
vn 0.5619 0.7301 0.3888
vn 0.2841 0.9134 0.2916
vn 0.6441 0.3705 0.6692
vn 0.4748 0.7298 0.4919
vn 0.2196 0.9152 0.3378
vn 0.5018 0.3743 0.7798
vn 0.1494 0.9165 0.371
vn 0.3706 0.7295 0.5749
vn 0.3433 0.3769 0.8603
vn 0.2543 0.7292 0.6353
vn 0.1742 0.3785 0.909
vn 0.129 0.7291 0.6721
vn 0 0.379 0.9254
vn -0 0.729 0.6845
vn 0.3627 0.386 -0.8482
vn 0.1853 0.388 -0.9028
vn 0.1377 0.7306 -0.6687
vn -0 0.7307 -0.6827
vn -0 0.3887 -0.9214
vn 0.2692 0.7304 -0.6277
vn 0.5244 0.3826 -0.7606
vn 0.3887 0.7302 -0.5619
vn 0.6646 0.378 -0.6445
vn 0.2258 0.919 -0.3232
vn 0.4917 0.7298 -0.4749
vn 0.2888 0.9169 -0.2756
vn 0.7786 0.3721 -0.5052
vn 0.5746 0.7295 -0.3711
vn 0.3424 0.914 -0.2175
vn 0.8634 0.3649 -0.3483
vn 0.385 0.9106 -0.1503
vn 0.6353 0.7292 -0.2541
vn 0.9219 0.3537 -0.158
vn 0.6688 0.7351 -0.1113
vn 0.936 0.3509 0.0277
vn 0.6895 0.724 0.0195
vn -0.3433 0.3769 0.8603
vn -0.1741 0.3785 0.9091
vn -0.1294 0.7291 0.672
vn -0 0.729 0.6845
vn 0 0.379 0.9254
vn -0.2541 0.7293 0.6353
vn -0.5018 0.3742 0.7798
vn -0.1494 0.9165 0.371
vn -0.3708 0.7295 0.5747
vn -0.2196 0.9152 0.3379
vn -0.6442 0.3705 0.6692
vn -0.4749 0.7298 0.4917
vn -0.2841 0.9134 0.2916
vn -0.7643 0.3659 0.531
vn -0.5619 0.7302 0.3887
vn -0.3403 0.911 0.2328
vn -0.8564 0.3605 0.3695
vn -0.6279 0.7304 0.2689
vn -0.3854 0.9083 0.1626
vn -0.9154 0.3545 0.1907
vn -0.4165 0.9053 0.083
vn -0.6688 0.7306 0.1376
vn -0.936 0.3509 0.0277
vn -0.6895 0.724 0.0195
vn -0.8634 0.3649 -0.3483
vn -0.9219 0.3537 -0.1579
vn -0.6688 0.735 -0.1115
vn -0.6895 0.724 0.0195
vn -0.936 0.3509 0.0277
vn -0.6355 0.7292 -0.2539
vn -0.3424 0.914 -0.2175
vn -0.385 0.9106 -0.1503
vn -0.7786 0.3721 -0.5053
vn -0.5749 0.7295 -0.3706
vn -0.2888 0.9169 -0.2756
vn -0.6646 0.378 -0.6445
vn -0.2258 0.919 -0.3232
vn -0.4917 0.7298 -0.4749
vn -0.5244 0.3826 -0.7606
vn -0.3887 0.7302 -0.5619
vn -0.3627 0.386 -0.8482
vn -0.269 0.7304 -0.6278
vn -0.1854 0.388 -0.9028
vn -0.1375 0.7306 -0.6688
vn -0 0.3887 -0.9214
vn -0 0.7307 -0.6827
vn 0 -0.9216 -0.3882
vn 0.077 -0.9216 -0.3805
vn 0.1827 -0.3881 -0.9033
vn -0 -0.3881 -0.9216
vn 0.1507 -0.9216 -0.3576
vn 0.5181 -0.3882 -0.7622
vn 0.3578 -0.3881 -0.8493
vn -0.1827 -0.3881 -0.9033
vn 0.2181 -0.9217 -0.3209
vn 0.6572 -0.3882 -0.646
vn -0.077 -0.9216 -0.3804
vn -0.3578 -0.3881 -0.8493
vn -0.1507 -0.9216 -0.3576
vn -0.5181 -0.3882 -0.7622
vn 0.384 -0.9207 -0.0691
vn 0.8535 -0.3883 -0.3475
vn 0.3591 -0.9218 -0.1462
vn 0.3241 -0.9218 -0.2129
vn -0.2181 -0.9217 -0.3209
vn -0.6572 -0.3882 -0.646
vn 0.2766 -0.9217 -0.2719
vn 0.7702 -0.3883 -0.5059
vn -0.2766 -0.9217 -0.2719
vn -0.7702 -0.3883 -0.5059
vn -0.3241 -0.9218 -0.2129
vn -0.8535 -0.3883 -0.3475
vn -0.3804 -0.9219 0.0741
vn -0.921 -0.3894 0.0136
vn -0.9045 -0.3883 0.1762
vn -0.359 -0.9218 -0.1462
vn -0 -0.9216 0.3882
vn -0.1834 -0.3881 0.9032
vn -0 -0.3881 0.9216
vn 0.9073 -0.3874 -0.1633
vn 0.3804 -0.9219 0.0741
vn 0.921 -0.3894 0.0136
vn 0.3849 -0.9229 0.0057
vn -0.384 -0.9208 -0.0691
vn -0.9073 -0.3874 -0.1633
vn 0.1834 -0.3881 0.9032
vn -0.3848 -0.923 0.0057
vn 0.9045 -0.3883 0.1762
vn 0.921 -0.3894 0.0136
vn 0.6878 -0.7258 0.0102
vn -0.3592 -0.9218 0.1457
vn -0.8539 -0.3883 0.3464
vn 0.3592 -0.9218 0.1457
vn 0.8539 -0.3883 0.3464
vn -0.3245 -0.9218 0.2123
vn -0.7712 -0.3883 0.5045
vn 0.3244 -0.9218 0.2123
vn 0.7711 -0.3883 0.5045
vn -0.2771 -0.9217 0.2714
vn -0.6584 -0.3882 0.6448
vn 0.2771 -0.9217 0.2714
vn 0.6584 -0.3882 0.6448
vn -0.2187 -0.9217 0.3205
vn -0.5194 -0.3882 0.7612
vn 0.2187 -0.9217 0.3205
vn 0.5194 -0.3882 0.7612
vn -0.1512 -0.9216 0.3575
vn 0.1512 -0.9216 0.3574
vn 0.359 -0.3881 0.8488
vn -0.0773 -0.9216 0.3804
vn -0.359 -0.3881 0.8488
vn 0.0773 -0.9216 0.3804
vn -0.1355 -0.7302 -0.6696
vn -0.0698 -0.9223 -0.3802
vn -0.1389 -0.9215 -0.3627
vn -0.2653 -0.7301 -0.6297
vn -0 -0.7302 -0.6832
vn -0.2065 -0.9199 -0.3334
vn -0.3842 -0.73 -0.5652
vn -0.4816 -0.3841 -0.7877
vn -0.272 -0.917 -0.2917
vn -0.327 -0.3872 -0.8621
vn -0.4875 -0.7298 -0.4792
vn -0.1652 -0.3887 -0.9064
vn -0.3341 -0.9123 -0.237
vn -0.5715 -0.7297 -0.3754
vn -0.3913 -0.9047 -0.1684
vn -0.6335 -0.7295 -0.2579
vn -0.4474 -0.8909 -0.0784
vn -0.6694 -0.7331 -0.1205
vn -0.4601 -0.8879 0.0038
vn -0.6878 -0.7258 0.0102
vn -0.6715 -0.7294 0.1308
vn -0.4529 -0.887 0.0899
vn -0.427 -0.8868 0.1767
vn -0.6338 -0.7295 0.2571
vn -0.385 -0.8864 0.2571
vn -0.5722 -0.7296 0.3744
vn -0.3283 -0.8857 0.3282
vn -0.4884 -0.7298 0.4783
vn -0.2586 -0.8851 0.387
vn -0.3852 -0.73 0.5645
vn -0.1785 -0.8845 0.431
vn -0.2662 -0.7302 0.6292
vn -0.0912 -0.8841 0.4584
vn -0.136 -0.7303 0.6694
vn -0 -0.8839 0.4676
vn -0 -0.7303 0.6831
vn 0.136 -0.7303 0.6694
vn 0.0912 -0.8841 0.4584
vn 0.2662 -0.7302 0.6292
vn 0.1785 -0.8845 0.431
vn 0.3852 -0.73 0.5645
vn 0.2586 -0.8851 0.387
vn 0.4884 -0.7298 0.4783
vn 0.3283 -0.8857 0.3282
vn 0.5722 -0.7296 0.3744
vn 0.385 -0.8864 0.2571
vn 0.6338 -0.7295 0.2571
vn 0.427 -0.8868 0.1767
vn 0.6715 -0.7294 0.1308
vn 0.4529 -0.887 0.0899
vn 0.4601 -0.8879 0.0038
vn 0.6878 -0.7258 0.0102
vn 0.6694 -0.7331 -0.1205
vn 0.4474 -0.8909 -0.0784
vn 0.6335 -0.7295 -0.2579
vn 0.3913 -0.9047 -0.1684
vn 0.5715 -0.7297 -0.3754
vn 0.3341 -0.9123 -0.237
vn 0.4875 -0.7298 -0.4792
vn 0.272 -0.917 -0.2917
vn 0.3842 -0.73 -0.5652
vn 0.2065 -0.9199 -0.3334
vn 0.2653 -0.7301 -0.6297
vn 0.1389 -0.9215 -0.3627
vn 0.4816 -0.3841 -0.7877
vn 0.1355 -0.7302 -0.6696
vn 0.3271 -0.3872 -0.862
vn 0.0698 -0.9223 -0.3802
vn 0.1652 -0.3887 -0.9064
vn 0 -0.9225 -0.386
vn -0 -0.3892 -0.9211
vn -0.2075 0.9194 -0.3342
vn -0.1393 0.9213 -0.3631
vn 0 1 0
vn -0.4816 0.383 -0.7882
vn -0.3269 0.3868 -0.8622
vn 0 1 0
vn -0.2737 0.9161 -0.293
vn -0.0699 0.9223 -0.3802
vn -0.1651 0.3887 -0.9064
vn 0 1 0
vn -0.2616 0.7299 -0.6316
vn -0.1334 0.7299 -0.6705
vn -0.3798 0.7298 -0.5684
vn 0 0.7298 -0.6836
vn 0 1 0
vn -0.4834 0.7299 -0.4833
vn -0.3368 0.9109 -0.2385
vn 0 1 0
vn -0.5684 0.7298 -0.3798
vn -0.3952 0.9028 -0.1697
vn 0 1 0
vn -0.6316 0.7298 -0.2616
vn -0.4524 0.8883 -0.079
vn 0 1 0
vn -0.6685 0.7336 -0.1223
vn -0.4657 0.8849 0.0042
vn 0 1 0
vn -0.6874 0.7262 0.0106
vn -0.4589 0.8838 0.0912
vn 0 1 0
vn -0.6705 0.7298 0.1333
vn -0.4326 0.8837 0.1788
vn 0 1 0
vn -0.6316 0.7298 0.2616
vn -0.3896 0.8836 0.2597
vn 0 1 0
vn -0.5684 0.7298 0.3798
vn -0.3315 0.8836 0.3307
vn 0 1 0
vn -0.4834 0.7298 0.4834
vn -0.3798 0.7298 0.5684
vn 0 1 0
vn -0.2606 0.8836 0.389
vn -0.2616 0.7299 0.6316
vn 0 1 0
vn -0.1796 0.8836 0.4323
vn -0.1333 0.7298 0.6705
vn 0 1 0
vn -0.0916 0.8837 0.4591
vn -0 0.7298 0.6836
vn 0 1 0
vn -0 0.8837 0.4681
vn 0.0916 0.8837 0.4591
vn 0 1 0
vn 0.1333 0.7298 0.6705
vn 0.1796 0.8836 0.4324
vn 0 1 0
vn 0.2616 0.7298 0.6316
vn 0.2606 0.8836 0.389
vn 0 1 0
vn 0.3798 0.7298 0.5684
vn 0.3315 0.8836 0.3307
vn 0 1 0
vn 0.4834 0.7299 0.4834
vn 0.5684 0.7298 0.3798
vn 0 1 0
vn 0.3896 0.8836 0.2597
vn 0.6316 0.7298 0.2616
vn 0 1 0
vn 0.4326 0.8837 0.1788
vn 0.6705 0.7298 0.1334
vn 0 1 0
vn 0.4589 0.8838 0.0912
vn 0.6874 0.7262 0.0106
vn 0 1 0
vn 0.4657 0.8849 0.0042
vn 0.6685 0.7336 -0.1223
vn 0 1 0
vn 0.4524 0.8883 -0.079
vn 0.6316 0.7298 -0.2616
vn 0 1 0
vn 0.3952 0.9028 -0.1697
vn 0.5684 0.7298 -0.3798
vn 0 1 0
vn 0.3368 0.9109 -0.2385
vn 0.4834 0.7298 -0.4834
vn 0 1 0
vn 0.2737 0.9161 -0.293
vn 0.3798 0.7298 -0.5684
vn 0 1 0
vn 0.2075 0.9194 -0.3342
vn 0.2616 0.7298 -0.6316
vn 0 1 0
vn 0.1333 0.7298 -0.6705
vn 0.1393 0.9213 -0.3631
vn 0.4816 0.383 -0.7882
vn 0.3269 0.3868 -0.8622
vn 0 1 0
vn 0.0699 0.9223 -0.3802
vn 0.1651 0.3887 -0.9064
vn 0 1 0
vn 0 0.9226 -0.3858
vn -0 0.3893 -0.9211
vn -0.4816 -0.3841 -0.7877
vn -0.3271 -0.3872 -0.862
vn -0.3268 0.3868 -0.8623
vn -0.1651 0.3887 -0.9064
vn -0.1652 -0.3887 -0.9064
vn -0 0.3893 -0.9211
vn 0 -0.3892 -0.9212
vn -0.4816 0.383 -0.7882
vn -0.6242 -0.3786 -0.6834
vn -0.2065 -0.9199 -0.3334
vn -0.272 -0.917 -0.2917
vn -0.6245 0.3767 -0.6842
vn -0.2075 0.9194 -0.3342
vn -0.2737 0.9161 -0.293
vn -0.749 -0.3696 -0.5499
vn -0.3341 -0.9123 -0.237
vn -0.7497 0.3669 -0.5508
vn -0.3368 0.9109 -0.2385
vn -0.8495 -0.3559 -0.3896
vn -0.3913 -0.9047 -0.1684
vn -0.8506 0.3523 -0.3904
vn -0.3952 0.9028 -0.1697
vn -0.9218 -0.3342 -0.1966
vn -0.4474 -0.8909 -0.0784
vn -0.9233 0.3297 -0.1972
vn -0.4524 0.8883 -0.079
vn -0.9481 -0.318 0.008
vn -0.4601 -0.8879 0.0038
vn -0.9499 0.3124 0.0078
vn -0.4657 0.8849 0.0042
vn -0.7895 -0.3165 0.5258
vn -0.8765 -0.3173 0.3619
vn -0.8783 0.3113 0.3628
vn -0.427 -0.8868 0.1767
vn -0.385 -0.8864 0.2571
vn -0.4529 -0.887 0.0899
vn -0.6722 -0.3153 0.6699
vn -0.3283 -0.8857 0.3282
vn -0.4601 -0.8878 0.0038
vn -0.9481 -0.318 0.008
vn -0.9301 -0.3177 0.1845
vn -0.9499 0.3124 0.0078
vn -0.9321 0.3115 0.1848
vn -0.4657 0.8849 0.0042
vn -0.4589 0.8838 0.0912
vn -0.4326 0.8837 0.1788
vn -0.7908 0.3112 0.5271
vn -0.3896 0.8836 0.2597
vn -0.3315 0.8836 0.3307
vn -0.6728 0.3112 0.6712
vn -0.2606 0.8836 0.389
vn -0.5287 -0.3141 0.7886
vn -0.2586 -0.8851 0.387
vn -0.5289 0.3113 0.7896
vn -0.1796 0.8837 0.4323
vn -0.3645 -0.3129 0.877
vn -0.1785 -0.8845 0.431
vn -0.3644 0.3113 0.8777
vn -0.0916 0.8837 0.4591
vn -0.186 -0.3122 0.9316
vn -0.0912 -0.8841 0.4584
vn -0.1858 0.3114 0.9319
vn -0 0.8837 0.4681
vn -0 0.3114 0.9503
vn -0 -0.3119 0.9501
vn -0 -0.8839 0.4676
vn 0.5287 -0.3141 0.7886
vn 0.3645 -0.3129 0.877
vn 0.3644 0.3113 0.8777
vn 0.2586 -0.8851 0.387
vn 0.1785 -0.8845 0.431
vn 0.3283 -0.8857 0.3282
vn 0.186 -0.3122 0.9316
vn 0.0912 -0.8841 0.4584
vn -0 -0.8839 0.4676
vn -0 -0.3119 0.9501
vn -0 0.3114 0.9503
vn 0.1858 0.3114 0.9319
vn -0 0.8837 0.4681
vn 0.0916 0.8837 0.4591
vn 0.1796 0.8836 0.4324
vn 0.5289 0.3113 0.7896
vn 0.2606 0.8836 0.389
vn 0.6722 -0.3153 0.6699
vn 0.385 -0.8864 0.2571
vn 0.6728 0.3112 0.6712
vn 0.3315 0.8836 0.3307
vn 0.7895 -0.3165 0.5258
vn 0.427 -0.8868 0.1767
vn 0.7908 0.3112 0.5271
vn 0.3896 0.8836 0.2597
vn 0.4326 0.8837 0.1788
vn 0.8765 -0.3173 0.3619
vn 0.4529 -0.887 0.0899
vn 0.8783 0.3113 0.3628
vn 0.4589 0.8838 0.0912
vn 0.9301 -0.3177 0.1845
vn 0.9481 -0.318 0.008
vn 0.4601 -0.8879 0.0038
vn 0.9321 0.3115 0.1848
vn 0.4657 0.8849 0.0042
vn 0.9499 0.3123 0.0078
vn 0.749 -0.3696 -0.5499
vn 0.8495 -0.3559 -0.3895
vn 0.8506 0.3523 -0.3904
vn 0.3341 -0.9123 -0.237
vn 0.3913 -0.9047 -0.1684
vn 0.272 -0.917 -0.2917
vn 0.9218 -0.3342 -0.1966
vn 0.4474 -0.8909 -0.0784
vn 0.4601 -0.8879 0.0038
vn 0.9481 -0.318 0.008
vn 0.9499 0.3123 0.0078
vn 0.9233 0.3297 -0.1972
vn 0.4657 0.8849 0.0042
vn 0.4524 0.8883 -0.079
vn 0.3952 0.9028 -0.1697
vn 0.3368 0.9109 -0.2385
vn 0.7497 0.3669 -0.5508
vn 0.2737 0.9161 -0.293
vn 0.6242 -0.3785 -0.6834
vn 0.2065 -0.9199 -0.3334
vn 0.4816 -0.3841 -0.7877
vn 0.6245 0.3767 -0.6842
vn 0.2075 0.9194 -0.3342
vn 0.4816 0.383 -0.7882
vn 0.327 -0.3872 -0.8621
vn 0.3271 0.3868 -0.8622
vn 0.1652 -0.3887 -0.9064
vn 0.1651 0.3887 -0.9064
vn 0 -0.3892 -0.9212
vn -0 0.3893 -0.9211
f 35/35/35 34/34/34 33/33/33
f 36/36/36 35/35/35 33/33/33
f 37/37/37 35/35/35 36/36/36
f 38/38/38 37/37/37 36/36/36
f 39/39/39 37/37/37 38/38/38
f 40/40/40 39/39/39 38/38/38
f 41/41/41 39/39/39 40/40/40
f 39/39/39 41/41/41 42/42/42
f 43/43/43 41/41/41 40/40/40
f 41/41/41 44/44/44 42/42/42
f 45/45/45 41/41/41 43/43/43
f 41/41/41 45/45/45 44/44/44
f 46/46/46 45/45/45 43/43/43
f 45/45/45 47/47/47 44/44/44
f 48/48/48 45/45/45 46/46/46
f 45/45/45 48/48/48 47/47/47
f 49/49/49 48/48/48 46/46/46
f 48/48/48 50/50/50 47/47/47
f 51/51/51 48/48/48 49/49/49
f 48/48/48 51/51/51 50/50/50
f 52/52/52 51/51/51 49/49/49
f 51/51/51 53/53/53 50/50/50
f 54/54/54 51/51/51 52/52/52
f 51/51/51 54/54/54 53/53/53
f 55/55/55 54/54/54 52/52/52
f 54/54/54 56/56/56 53/53/53
f 3/3/3 2/2/2 1/1/1
f 4/4/4 3/3/3 1/1/1
f 5/5/5 4/4/4 1/1/1
f 6/6/6 5/5/5 1/1/1
f 7/7/7 6/6/6 1/1/1
f 8/8/8 7/7/7 1/1/1
f 9/9/9 8/8/8 1/1/1
f 10/10/10 9/9/9 1/1/1
f 11/11/11 10/10/10 1/1/1
f 12/12/12 11/11/11 1/1/1
f 13/13/13 12/12/12 1/1/1
f 14/14/14 13/13/13 1/1/1
f 15/15/15 14/14/14 1/1/1
f 16/16/16 15/15/15 1/1/1
f 17/17/17 16/16/16 1/1/1
f 18/18/18 17/17/17 1/1/1
f 19/19/19 18/18/18 1/1/1
f 20/20/20 19/19/19 1/1/1
f 21/21/21 20/20/20 1/1/1
f 22/22/22 21/21/21 1/1/1
f 23/23/23 22/22/22 1/1/1
f 24/24/24 23/23/23 1/1/1
f 25/25/25 24/24/24 1/1/1
f 26/26/26 25/25/25 1/1/1
f 27/27/27 26/26/26 1/1/1
f 28/28/28 27/27/27 1/1/1
f 29/29/29 28/28/28 1/1/1
f 30/30/30 29/29/29 1/1/1
f 31/31/31 30/30/30 1/1/1
f 32/32/32 31/31/31 1/1/1
f 59/59/59 58/58/58 57/57/57
f 59/59/59 60/60/60 58/58/58
f 61/61/61 60/60/60 59/59/59
f 60/60/60 62/62/62 58/58/58
f 63/63/63 61/61/61 59/59/59
f 58/58/58 62/62/62 64/64/64
f 62/62/62 65/65/65 64/64/64
f 65/65/65 66/66/66 64/64/64
f 63/63/63 59/59/59 67/67/67
f 67/67/67 59/59/59 57/57/57
f 66/66/66 68/68/68 64/64/64
f 66/66/66 69/69/69 68/68/68
f 58/58/58 64/64/64 70/70/70
f 64/64/64 68/68/68 70/70/70
f 57/57/57 58/58/58 70/70/70
f 69/69/69 71/71/71 68/68/68
f 69/69/69 72/72/72 71/71/71
f 72/72/72 73/73/73 71/71/71
f 68/68/68 74/74/74 70/70/70
f 68/68/68 71/71/71 74/74/74
f 57/57/57 70/70/70 75/75/75
f 70/70/70 74/74/74 75/75/75
f 76/76/76 57/57/57 75/75/75
f 67/67/67 57/57/57 76/76/76
f 74/74/74 77/77/77 75/75/75
f 78/78/78 67/67/67 76/76/76
f 74/74/74 79/79/79 77/77/77
f 71/71/71 79/79/79 74/74/74
f 71/71/71 73/73/73 79/79/79
f 79/79/79 80/80/80 77/77/77
f 81/81/81 67/67/67 78/78/78
f 81/81/81 63/63/63 67/67/67
f 82/82/82 81/81/81 78/78/78
f 83/83/83 63/63/63 81/81/81
f 79/79/79 84/84/84 80/80/80
f 73/73/73 84/84/84 79/79/79
f 84/84/84 85/85/85 80/80/80
f 73/73/73 86/86/86 84/84/84
f 87/87/87 83/83/83 81/81/81
f 87/87/87 81/81/81 82/82/82
f 88/88/88 83/83/83 87/87/87
f 89/89/89 87/87/87 82/82/82
f 86/86/86 90/90/90 84/84/84
f 84/84/84 90/90/90 85/85/85
f 86/86/86 91/91/91 90/90/90
f 90/90/90 92/92/92 85/85/85
f 93/93/93 87/87/87 89/89/89
f 93/93/93 88/88/88 87/87/87
f 94/94/94 93/93/93 89/89/89
f 95/95/95 88/88/88 93/93/93
f 90/90/90 96/96/96 92/92/92
f 91/91/91 96/96/96 90/90/90
f 96/96/96 97/97/97 92/92/92
f 91/91/91 98/98/98 96/96/96
f 99/99/99 95/95/95 93/93/93
f 99/99/99 93/93/93 94/94/94
f 100/100/100 95/95/95 99/99/99
f 101/101/101 99/99/99 94/94/94
f 98/98/98 102/102/102 96/96/96
f 96/96/96 102/102/102 97/97/97
f 98/98/98 103/103/103 102/102/102
f 102/102/102 104/104/104 97/97/97
f 105/105/105 99/99/99 101/101/101
f 105/105/105 100/100/100 99/99/99
f 106/106/106 105/105/105 101/101/101
f 107/107/107 100/100/100 105/105/105
f 102/102/102 108/108/108 104/104/104
f 103/103/103 108/108/108 102/102/102
f 108/108/108 109/109/109 104/104/104
f 103/103/103 110/110/110 108/108/108
f 111/111/111 107/107/107 105/105/105
f 111/111/111 105/105/105 106/106/106
f 112/112/112 107/107/107 111/111/111
f 113/113/113 111/111/111 106/106/106
f 110/110/110 114/114/114 108/108/108
f 108/108/108 114/114/114 109/109/109
f 110/110/110 115/115/115 114/114/114
f 114/114/114 116/116/116 109/109/109
f 117/117/117 111/111/111 113/113/113
f 117/117/117 112/112/112 111/111/111
f 118/118/118 117/117/117 113/113/113
f 119/119/119 112/112/112 117/117/117
f 114/114/114 120/120/120 116/116/116
f 115/115/115 120/120/120 114/114/114
f 120/120/120 121/121/121 116/116/116
f 115/115/115 122/122/122 120/120/120
f 123/123/123 119/119/119 117/117/117
f 123/123/123 117/117/117 118/118/118
f 124/124/124 119/119/119 123/123/123
f 125/125/125 123/123/123 118/118/118
f 122/122/122 126/126/126 120/120/120
f 120/120/120 126/126/126 121/121/121
f 122/122/122 127/127/127 126/126/126
f 126/126/126 128/128/128 121/121/121
f 129/129/129 123/123/123 125/125/125
f 129/129/129 124/124/124 123/123/123
f 130/130/130 129/129/129 125/125/125
f 129/129/129 130/130/130 131/131/131
f 126/126/126 132/132/132 128/128/128
f 127/127/127 132/132/132 126/126/126
f 132/132/132 133/133/133 128/128/128
f 133/133/133 132/132/132 134/134/134
f 135/135/135 129/129/129 131/131/131
f 124/124/124 129/129/129 135/135/135
f 135/135/135 131/131/131 136/136/136
f 137/137/137 124/124/124 135/135/135
f 132/132/132 138/138/138 134/134/134
f 132/132/132 127/127/127 138/138/138
f 134/134/134 138/138/138 139/139/139
f 127/127/127 140/140/140 138/138/138
f 137/137/137 135/135/135 141/141/141
f 141/141/141 135/135/135 136/136/136
f 142/142/142 137/137/137 141/141/141
f 141/141/141 136/136/136 143/143/143
f 138/138/138 140/140/140 144/144/144
f 138/138/138 144/144/144 139/139/139
f 140/140/140 145/145/145 144/144/144
f 139/139/139 144/144/144 146/146/146
f 147/147/147 141/141/141 143/143/143
f 142/142/142 141/141/141 147/147/147
f 147/147/147 143/143/143 148/148/148
f 149/149/149 142/142/142 147/147/147
f 144/144/144 150/150/150 146/146/146
f 144/144/144 145/145/145 150/150/150
f 146/146/146 150/150/150 151/151/151
f 145/145/145 152/152/152 150/150/150
f 149/149/149 147/147/147 153/153/153
f 153/153/153 147/147/147 148/148/148
f 154/154/154 149/149/149 153/153/153
f 153/153/153 148/148/148 155/155/155
f 150/150/150 152/152/152 156/156/156
f 150/150/150 156/156/156 151/151/151
f 151/151/151 156/156/156 155/155/155
f 152/152/152 157/157/157 156/156/156
f 158/158/158 153/153/153 155/155/155
f 156/156/156 158/158/158 155/155/155
f 154/154/154 153/153/153 158/158/158
f 156/156/156 157/157/157 158/158/158
f 159/159/159 154/154/154 158/158/158
f 157/157/157 159/159/159 158/158/158
f 162/162/162 161/161/161 160/160/160
f 162/162/162 163/163/163 161/161/161
f 164/164/164 162/162/162 160/160/160
f 163/163/163 165/165/165 161/161/161
f 163/163/163 166/166/166 165/165/165
f 160/160/160 161/161/161 167/167/167
f 161/161/161 168/168/168 167/167/167
f 161/161/161 165/165/165 168/168/168
f 160/160/160 167/167/167 169/169/169
f 165/165/165 170/170/170 168/168/168
f 171/171/171 160/160/160 169/169/169
f 164/164/164 160/160/160 171/171/171
f 171/171/171 169/169/169 172/172/172
f 165/165/165 173/173/173 170/170/170
f 166/166/166 173/173/173 165/165/165
f 173/173/173 174/174/174 170/170/170
f 166/166/166 175/175/175 173/173/173
f 173/173/173 176/176/176 174/174/174
f 175/175/175 176/176/176 173/173/173
f 176/176/176 177/177/177 174/174/174
f 175/175/175 178/178/178 176/176/176
f 176/176/176 179/179/179 177/177/177
f 178/178/178 179/179/179 176/176/176
f 179/179/179 180/180/180 177/177/177
f 178/178/178 181/181/181 179/179/179
f 179/179/179 182/182/182 180/180/180
f 181/181/181 182/182/182 179/179/179
f 182/182/182 183/183/183 180/180/180
f 183/183/183 182/182/182 184/184/184
f 182/182/182 181/181/181 185/185/185
f 182/182/182 185/185/185 184/184/184
f 181/181/181 186/186/186 185/185/185
f 184/184/184 185/185/185 187/187/187
f 185/185/185 186/186/186 188/188/188
f 185/185/185 188/188/188 187/187/187
f 186/186/186 189/189/189 188/188/188
f 187/187/187 188/188/188 190/190/190
f 188/188/188 189/189/189 191/191/191
f 188/188/188 191/191/191 190/190/190
f 189/189/189 192/192/192 191/191/191
f 190/190/190 191/191/191 193/193/193
f 191/191/191 192/192/192 194/194/194
f 191/191/191 194/194/194 193/193/193
f 192/192/192 195/195/195 194/194/194
f 193/193/193 194/194/194 196/196/196
f 194/194/194 195/195/195 197/197/197
f 194/194/194 197/197/197 196/196/196
f 195/195/195 198/198/198 197/197/197
f 196/196/196 197/197/197 199/199/199
f 197/197/197 198/198/198 200/200/200
f 197/197/197 200/200/200 199/199/199
f 198/198/198 201/201/201 200/200/200
f 199/199/199 200/200/200 202/202/202
f 200/200/200 201/201/201 203/203/203
f 200/200/200 203/203/203 202/202/202
f 201/201/201 204/204/204 203/203/203
f 202/202/202 203/203/203 205/205/205
f 203/203/203 204/204/204 206/206/206
f 203/203/203 206/206/206 205/205/205
f 204/204/204 207/207/207 206/206/206
f 207/207/207 208/208/208 206/206/206
f 206/206/206 209/209/209 205/205/205
f 208/208/208 209/209/209 206/206/206
f 209/209/209 210/210/210 205/205/205
f 208/208/208 211/211/211 209/209/209
f 209/209/209 212/212/212 210/210/210
f 211/211/211 212/212/212 209/209/209
f 212/212/212 213/213/213 210/210/210
f 211/211/211 214/214/214 212/212/212
f 212/212/212 215/215/215 213/213/213
f 214/214/214 215/215/215 212/212/212
f 215/215/215 216/216/216 213/213/213
f 214/214/214 217/217/217 215/215/215
f 215/215/215 218/218/218 216/216/216
f 217/217/217 218/218/218 215/215/215
f 218/218/218 219/219/219 216/216/216
f 217/217/217 220/220/220 218/218/218
f 218/218/218 221/221/221 219/219/219
f 220/220/220 221/221/221 218/218/218
f 221/221/221 222/222/222 219/219/219
f 220/220/220 223/223/223 221/221/221
f 221/221/221 224/224/224 222/222/222
f 223/223/223 224/224/224 221/221/221
f 224/224/224 225/225/225 222/222/222
f 223/223/223 226/226/226 224/224/224
f 224/224/224 227/227/227 225/225/225
f 226/226/226 227/227/227 224/224/224
f 227/227/227 228/228/228 225/225/225
f 226/226/226 229/229/229 227/227/227
f 227/227/227 230/230/230 228/228/228
f 229/229/229 230/230/230 227/227/227
f 230/230/230 231/231/231 228/228/228
f 231/231/231 230/230/230 232/232/232
f 230/230/230 229/229/229 233/233/233
f 230/230/230 233/233/233 232/232/232
f 229/229/229 234/234/234 233/233/233
f 232/232/232 233/233/233 235/235/235
f 233/233/233 234/234/234 236/236/236
f 233/233/233 236/236/236 235/235/235
f 234/234/234 237/237/237 236/236/236
f 235/235/235 236/236/236 238/238/238
f 236/236/236 237/237/237 239/239/239
f 236/236/236 239/239/239 238/238/238
f 237/237/237 240/240/240 239/239/239
f 238/238/238 239/239/239 241/241/241
f 239/239/239 240/240/240 242/242/242
f 239/239/239 242/242/242 241/241/241
f 240/240/240 243/243/243 242/242/242
f 241/241/241 242/242/242 244/244/244
f 242/242/242 243/243/243 245/245/245
f 242/242/242 245/245/245 244/244/244
f 243/243/243 246/246/246 245/245/245
f 244/244/244 245/245/245 247/247/247
f 245/245/245 246/246/246 248/248/248
f 245/245/245 248/248/248 247/247/247
f 246/246/246 249/249/249 248/248/248
f 247/247/247 248/248/248 250/250/250
f 248/248/248 251/251/251 250/250/250
f 248/248/248 249/249/249 251/251/251
f 250/250/250 251/251/251 172/172/172
f 249/249/249 252/252/252 251/251/251
f 249/249/249 253/253/253 252/252/252
f 253/253/253 254/254/254 252/252/252
f 251/251/251 255/255/255 172/172/172
f 251/251/251 252/252/252 255/255/255
f 255/255/255 171/171/171 172/172/172
f 252/252/252 254/254/254 256/256/256
f 252/252/252 256/256/256 255/255/255
f 254/254/254 257/257/257 256/256/256
f 257/257/257 258/258/258 256/256/256
f 259/259/259 171/171/171 255/255/255
f 256/256/256 259/259/259 255/255/255
f 258/258/258 259/259/259 256/256/256
f 259/259/259 164/164/164 171/171/171
f 258/258/258 260/260/260 259/259/259
f 260/260/260 164/164/164 259/259/259
f 263/263/263 262/262/262 261/261/261
f 263/263/263 264/264/264 262/262/262
f 265/265/265 263/263/263 261/261/261
f 266/266/266 263/263/263 265/265/265
f 267/267/267 266/266/266 265/265/265
f 264/264/264 268/268/268 262/262/262
f 264/264/264 269/269/269 268/268/268
f 267/267/267 265/265/265 270/270/270
f 271/271/271 267/267/267 270/270/270
f 262/262/262 268/268/268 272/272/272
f 262/262/262 272/272/272 273/273/273
f 261/261/261 262/262/262 273/273/273
f 268/268/268 274/274/274 272/272/272
f 261/261/261 273/273/273 275/275/275
f 268/268/268 276/276/276 274/274/274
f 269/269/269 276/276/276 268/268/268
f 276/276/276 277/277/277 274/274/274
f 269/269/269 278/278/278 276/276/276
f 279/279/279 261/261/261 275/275/275
f 265/265/265 261/261/261 279/279/279
f 270/270/270 265/265/265 279/279/279
f 279/279/279 275/275/275 280/280/280
f 276/276/276 281/281/281 277/277/277
f 278/278/278 281/281/281 276/276/276
f 281/281/281 282/282/282 277/277/277
f 284/284/284 283/283/283 278/278/278
f 281/281/281 285/285/285 282/282/282
f 283/283/283 286/286/286 278/278/278
f 278/278/278 286/286/286 281/281/281
f 286/286/286 285/285/285 281/281/281
f 283/283/283 287/287/287 286/286/286
f 285/285/285 288/288/288 282/282/282
f 287/287/287 289/289/289 286/286/286
f 286/286/286 289/289/289 285/285/285
f 285/285/285 290/290/290 288/288/288
f 289/289/289 290/290/290 285/285/285
f 290/290/290 291/291/291 288/288/288
f 291/291/291 290/290/290 292/292/292
f 289/289/289 287/287/287 293/293/293
f 287/287/287 294/294/294 293/293/293
f 290/290/290 289/289/289 295/295/295
f 290/290/290 295/295/295 292/292/292
f 289/289/289 293/293/293 295/295/295
f 292/292/292 295/295/295 296/296/296
f 295/295/295 293/293/293 297/297/297
f 295/295/295 297/297/297 296/296/296
f 293/293/293 298/298/298 297/297/297
f 296/296/296 297/297/297 299/299/299
f 297/297/297 298/298/298 300/300/300
f 297/297/297 300/300/300 299/299/299
f 298/298/298 301/301/301 300/300/300
f 299/299/299 300/300/300 302/302/302
f 300/300/300 301/301/301 303/303/303
f 300/300/300 303/303/303 302/302/302
f 301/301/301 304/304/304 303/303/303
f 302/302/302 303/303/303 305/305/305
f 303/303/303 304/304/304 306/306/306
f 303/303/303 306/306/306 305/305/305
f 304/304/304 307/307/307 306/306/306
f 305/305/305 306/306/306 308/308/308
f 306/306/306 307/307/307 309/309/309
f 306/306/306 309/309/309 308/308/308
f 307/307/307 310/310/310 309/309/309
f 308/308/308 309/309/309 311/311/311
f 309/309/309 312/312/312 311/311/311
f 309/309/309 310/310/310 312/312/312
f 311/311/311 312/312/312 313/313/313
f 310/310/310 314/314/314 312/312/312
f 310/310/310 315/315/315 314/314/314
f 315/315/315 316/316/316 314/314/314
f 312/312/312 317/317/317 313/313/313
f 312/312/312 314/314/314 317/317/317
f 314/314/314 316/316/316 318/318/318
f 314/314/314 318/318/318 317/317/317
f 316/316/316 319/319/319 318/318/318
f 319/319/319 320/320/320 318/318/318
f 317/317/317 321/321/321 313/313/313
f 320/320/320 322/322/322 318/318/318
f 318/318/318 322/322/322 317/317/317
f 322/322/322 321/321/321 317/317/317
f 320/320/320 323/323/323 322/322/322
f 321/321/321 324/324/324 313/313/313
f 323/323/323 325/325/325 322/322/322
f 322/322/322 325/325/325 321/321/321
f 321/321/321 326/326/326 324/324/324
f 325/325/325 326/326/326 321/321/321
f 326/326/326 327/327/327 324/324/324
f 325/325/325 328/328/328 326/326/326
f 326/326/326 329/329/329 327/327/327
f 328/328/328 329/329/329 326/326/326
f 329/329/329 330/330/330 327/327/327
f 328/328/328 331/331/331 329/329/329
f 329/329/329 332/332/332 330/330/330
f 331/331/331 332/332/332 329/329/329
f 332/332/332 333/333/333 330/330/330
f 331/331/331 334/334/334 332/332/332
f 332/332/332 335/335/335 333/333/333
f 334/334/334 335/335/335 332/332/332
f 335/335/335 336/336/336 333/333/333
f 334/334/334 337/337/337 335/335/335
f 335/335/335 338/338/338 336/336/336
f 337/337/337 338/338/338 335/335/335
f 338/338/338 339/339/339 336/336/336
f 341/341/341 340/340/340 337/337/337
f 338/338/338 342/342/342 339/339/339
f 340/340/340 343/343/343 337/337/337
f 337/337/337 343/343/343 338/338/338
f 343/343/343 342/342/342 338/338/338
f 340/340/340 344/344/344 343/343/343
f 342/342/342 345/345/345 339/339/339
f 344/344/344 346/346/346 343/343/343
f 343/343/343 346/346/346 342/342/342
f 342/342/342 347/347/347 345/345/345
f 346/346/346 347/347/347 342/342/342
f 347/347/347 348/348/348 345/345/345
f 348/348/348 347/347/347 349/349/349
f 346/346/346 344/344/344 350/350/350
f 347/347/347 351/351/351 349/349/349
f 347/347/347 346/346/346 351/351/351
f 346/346/346 350/350/350 351/351/351
f 349/349/349 351/351/351 352/352/352
f 344/344/344 353/353/353 350/350/350
f 351/351/351 354/354/354 352/352/352
f 351/351/351 350/350/350 354/354/354
f 352/352/352 354/354/354 355/355/355
f 350/350/350 353/353/353 356/356/356
f 350/350/350 356/356/356 354/354/354
f 353/353/353 357/357/357 356/356/356
f 354/354/354 358/358/358 355/355/355
f 354/354/354 356/356/356 358/358/358
f 355/355/355 358/358/358 359/359/359
f 356/356/356 360/360/360 358/358/358
f 358/358/358 361/361/361 359/359/359
f 358/358/358 360/360/360 361/361/361
f 359/359/359 361/361/361 362/362/362
f 360/360/360 363/363/363 361/361/361
f 361/361/361 364/364/364 362/362/362
f 361/361/361 363/363/363 364/364/364
f 362/362/362 364/364/364 365/365/365
f 363/363/363 366/366/366 364/364/364
f 364/364/364 367/367/367 365/365/365
f 364/364/364 366/366/366 367/367/367
f 365/365/365 367/367/367 368/368/368
f 366/366/366 369/369/369 367/367/367
f 366/366/366 370/370/370 369/369/369
f 370/370/370 371/371/371 369/369/369
f 367/367/367 372/372/372 368/368/368
f 367/367/367 369/369/369 372/372/372
f 368/368/368 372/372/372 280/280/280
f 369/369/369 371/371/371 373/373/373
f 369/369/369 373/373/373 372/372/372
f 371/371/371 374/374/374 373/373/373
f 372/372/372 375/375/375 280/280/280
f 372/372/372 373/373/373 375/375/375
f 375/375/375 279/279/279 280/280/280
f 270/270/270 279/279/279 375/375/375
f 373/373/373 374/374/374 376/376/376
f 373/373/373 376/376/376 375/375/375
f 376/376/376 270/270/270 375/375/375
f 374/374/374 377/377/377 376/376/376
f 271/271/271 270/270/270 376/376/376
f 377/377/377 271/271/271 376/376/376
f 380/380/380 379/379/379 378/378/378
f 381/381/381 380/380/380 378/378/378
f 381/381/381 378/378/378 382/382/382
f 383/383/383 381/381/381 382/382/382
f 380/380/380 384/384/384 379/379/379
f 384/384/384 385/385/385 379/379/379
f 384/384/384 386/386/386 385/385/385
f 386/386/386 387/387/387 385/385/385
f 386/386/386 388/388/388 387/387/387
f 388/388/388 389/389/389 387/387/387
f 388/388/388 390/390/390 389/389/389
f 390/390/390 391/391/391 389/389/389
f 390/390/390 392/392/392 391/391/391
f 392/392/392 393/393/393 391/391/391
f 392/392/392 394/394/394 393/393/393
f 394/394/394 395/395/395 393/393/393
f 398/398/398 397/397/397 396/396/396
f 399/399/399 398/398/398 396/396/396
f 399/399/399 396/396/396 400/400/400
f 401/401/401 399/399/399 400/400/400
f 398/398/398 402/402/402 397/397/397
f 402/402/402 403/403/403 397/397/397
f 402/402/402 404/404/404 403/403/403
f 404/404/404 405/405/405 403/403/403
f 404/404/404 406/406/406 405/405/405
f 406/406/406 407/407/407 405/405/405
f 406/406/406 408/408/408 407/407/407
f 408/408/408 409/409/409 407/407/407
f 409/409/409 408/408/408 410/410/410
f 408/408/408 411/411/411 410/410/410
f 411/411/411 412/412/412 410/410/410
f 412/412/412 413/413/413 410/410/410
f 416/416/416 415/415/415 414/414/414
f 417/417/417 416/416/416 414/414/414
f 417/417/417 414/414/414 418/418/418
f 419/419/419 417/417/417 418/418/418
f 416/416/416 420/420/420 415/415/415
f 420/420/420 421/421/421 415/415/415
f 420/420/420 422/422/422 421/421/421
f 422/422/422 423/423/423 421/421/421
f 422/422/422 424/424/424 423/423/423
f 424/424/424 425/425/425 423/423/423
f 424/424/424 426/426/426 425/425/425
f 426/426/426 427/427/427 425/425/425
f 426/426/426 428/428/428 427/427/427
f 428/428/428 429/429/429 427/427/427
f 428/428/428 430/430/430 429/429/429
f 430/430/430 431/431/431 429/429/429
f 434/434/434 433/433/433 432/432/432
f 435/435/435 434/434/434 432/432/432
f 435/435/435 432/432/432 436/436/436
f 437/437/437 435/435/435 436/436/436
f 434/434/434 438/438/438 433/433/433
f 438/438/438 439/439/439 433/433/433
f 438/438/438 440/440/440 439/439/439
f 440/440/440 441/441/441 439/439/439
f 440/440/440 442/442/442 441/441/441
f 442/442/442 443/443/443 441/441/441
f 442/442/442 444/444/444 443/443/443
f 444/444/444 445/445/445 443/443/443
f 444/444/444 446/446/446 445/445/445
f 446/446/446 447/447/447 445/445/445
f 446/446/446 448/448/448 447/447/447
f 448/448/448 449/449/449 447/447/447
f 452/452/452 451/451/451 450/450/450
f 451/451/451 452/452/452 456/456/456
f 453/453/453 452/452/452 450/450/450
f 452/452/452 458/458/458 456/456/456
f 453/453/453 450/450/450 454/454/454
f 456/456/456 458/458/458 460/460/460
f 455/455/455 453/453/453 454/454/454
f 458/458/458 462/462/462 460/460/460
f 455/455/455 454/454/454 457/457/457
f 460/460/460 462/462/462 464/464/464
f 459/459/459 455/455/455 457/457/457
f 462/462/462 466/466/466 464/464/464
f 459/459/459 457/457/457 461/461/461
f 464/464/464 466/466/466 468/468/468
f 463/463/463 459/459/459 461/461/461
f 466/466/466 470/470/470 468/468/468
f 463/463/463 461/461/461 465/465/465
f 468/468/468 470/470/470 472/472/472
f 467/467/467 463/463/463 465/465/465
f 470/470/470 475/475/475 472/472/472
f 467/467/467 465/465/465 469/469/469
f 472/472/472 475/475/475 478/478/478
f 471/471/471 467/467/467 469/469/469
f 475/475/475 479/479/479 478/478/478
f 471/471/471 469/469/469 473/473/473
f 478/478/478 479/479/479 480/480/480
f 474/474/474 471/471/471 473/473/473
f 479/479/479 481/481/481 480/480/480
f 476/476/476 474/474/474 473/473/473
f 481/481/481 482/482/482 480/480/480
f 477/477/477 476/476/476 473/473/473
f 482/482/482 483/483/483 480/480/480
f 476/476/476 477/477/477 484/484/484
f 483/483/483 482/482/482 486/486/486
f 485/485/485 476/476/476 484/484/484
f 482/482/482 487/487/487 486/486/486
f 488/488/488 485/485/485 484/484/484
f 487/487/487 489/489/489 486/486/486
f 491/491/491 488/488/488 484/484/484
f 489/489/489 490/490/490 486/486/486
f 488/488/488 491/491/491 494/494/494
f 490/490/490 489/489/489 492/492/492
f 495/495/495 488/488/488 494/494/494
f 489/489/489 493/493/493 492/492/492
f 495/495/495 494/494/494 498/498/498
f 492/492/492 493/493/493 496/496/496
f 499/499/499 495/495/495 498/498/498
f 493/493/493 497/497/497 496/496/496
f 499/499/499 498/498/498 502/502/502
f 496/496/496 497/497/497 500/500/500
f 503/503/503 499/499/499 502/502/502
f 497/497/497 501/501/501 500/500/500
f 503/503/503 502/502/502 506/506/506
f 500/500/500 501/501/501 504/504/504
f 507/507/507 503/503/503 506/506/506
f 501/501/501 505/505/505 504/504/504
f 507/507/507 506/506/506 510/510/510
f 504/504/504 505/505/505 508/508/508
f 511/511/511 507/507/507 510/510/510
f 505/505/505 509/509/509 508/508/508
f 511/511/511 510/510/510 512/512/512
f 508/508/508 509/509/509 512/512/512
f 513/513/513 511/511/511 512/512/512
f 509/509/509 513/513/513 512/512/512
f 516/516/516 515/515/515 514/514/514
f 517/517/517 516/516/516 514/514/514
f 516/516/516 518/518/518 515/515/515
f 518/518/518 519/519/519 515/515/515
f 518/518/518 520/520/520 519/519/519
f 520/520/520 521/521/521 519/519/519
f 520/520/520 522/522/522 521/521/521
f 522/522/522 523/523/523 521/521/521
f 522/522/522 524/524/524 523/523/523
f 524/524/524 525/525/525 523/523/523
f 524/524/524 526/526/526 525/525/525
f 526/526/526 527/527/527 525/525/525
f 526/526/526 528/528/528 527/527/527
f 528/528/528 529/529/529 527/527/527
f 528/528/528 530/530/530 529/529/529
f 530/530/530 531/531/531 529/529/529
f 534/534/534 533/533/533 532/532/532
f 535/535/535 534/534/534 532/532/532
f 535/535/535 532/532/532 536/536/536
f 537/537/537 535/535/535 536/536/536
f 537/537/537 536/536/536 538/538/538
f 539/539/539 537/537/537 538/538/538
f 539/539/539 538/538/538 540/540/540
f 541/541/541 539/539/539 540/540/540
f 541/541/541 540/540/540 542/542/542
f 543/543/543 541/541/541 542/542/542
f 543/543/543 542/542/542 544/544/544
f 545/545/545 543/543/543 544/544/544
f 545/545/545 544/544/544 546/546/546
f 547/547/547 545/545/545 546/546/546
f 547/547/547 546/546/546 548/548/548
f 549/549/549 547/547/547 548/548/548
f 552/552/552 551/551/551 550/550/550
f 553/553/553 552/552/552 550/550/550
f 552/552/552 554/554/554 551/551/551
f 553/553/553 550/550/550 555/555/555
f 554/554/554 556/556/556 551/551/551
f 557/557/557 553/553/553 555/555/555
f 554/554/554 558/558/558 556/556/556
f 557/557/557 555/555/555 559/559/559
f 558/558/558 560/560/560 556/556/556
f 561/561/561 557/557/557 559/559/559
f 558/558/558 562/562/562 560/560/560
f 562/562/562 563/563/563 560/560/560
f 561/561/561 559/559/559 564/564/564
f 565/565/565 561/561/561 564/564/564
f 565/565/565 564/564/564 566/566/566
f 567/567/567 565/565/565 566/566/566
f 570/570/570 569/569/569 568/568/568
f 571/571/571 570/570/570 568/568/568
f 570/570/570 572/572/572 569/569/569
f 571/571/571 568/568/568 573/573/573
f 572/572/572 574/574/574 569/569/569
f 575/575/575 571/571/571 573/573/573
f 572/572/572 576/576/576 574/574/574
f 575/575/575 573/573/573 577/577/577
f 576/576/576 578/578/578 574/574/574
f 579/579/579 575/575/575 577/577/577
f 576/576/576 580/580/580 578/578/578
f 580/580/580 581/581/581 578/578/578
f 579/579/579 577/577/577 582/582/582
f 583/583/583 579/579/579 582/582/582
f 583/583/583 582/582/582 899/899/899
f 900/900/900 583/583/583 899/899/899
f 586/586/586 585/585/585 584/584/584
f 587/587/587 586/586/586 584/584/584
f 589/589/589 585/585/585 588/588/588
f 585/585/585 586/586/586 588/588/588
f 588/588/588 586/586/586 590/590/590
f 591/591/591 586/586/586 587/587/587
f 586/586/586 591/591/591 590/590/590
f 592/592/592 591/591/591 587/587/587
f 590/590/590 591/591/591 593/593/593
f 594/594/594 591/591/591 592/592/592
f 591/591/591 594/594/594 593/593/593
f 595/595/595 594/594/594 592/592/592
f 593/593/593 594/594/594 596/596/596
f 597/597/597 594/594/594 595/595/595
f 594/594/594 597/597/597 596/596/596
f 596/596/596 597/597/597 598/598/598
f 599/599/599 597/597/597 595/595/595
f 597/597/597 600/600/600 598/598/598
f 600/600/600 597/597/597 599/599/599
f 601/601/601 600/600/600 599/599/599
f 602/602/602 600/600/600 601/601/601
f 603/603/603 602/602/602 601/601/601
f 604/604/604 602/602/602 603/603/603
f 605/605/605 604/604/604 603/603/603
f 606/606/606 604/604/604 605/605/605
f 607/607/607 606/606/606 605/605/605
f 610/610/610 609/609/609 608/608/608
f 609/609/609 610/610/610 611/611/611
f 612/612/612 610/610/610 608/608/608
f 610/610/610 613/613/613 611/611/611
f 614/614/614 610/610/610 612/612/612
f 610/610/610 614/614/614 613/613/613
f 615/615/615 614/614/614 612/612/612
f 614/614/614 616/616/616 613/613/613
f 617/617/617 614/614/614 615/615/615
f 614/614/614 617/617/617 616/616/616
f 618/618/618 617/617/617 615/615/615
f 617/617/617 619/619/619 616/616/616
f 620/620/620 617/617/617 618/618/618
f 617/617/617 620/620/620 619/619/619
f 621/621/621 620/620/620 618/618/618
f 620/620/620 622/622/622 619/619/619
f 623/623/623 620/620/620 621/621/621
f 620/620/620 623/623/623 622/622/622
f 624/624/624 623/623/623 621/621/621
f 623/623/623 625/625/625 622/622/622
f 626/626/626 623/623/623 624/624/624
f 623/623/623 626/626/626 625/625/625
f 626/626/626 627/627/627 625/625/625
f 628/628/628 626/626/626 624/624/624
f 627/627/627 626/626/626 629/629/629
f 630/630/630 626/626/626 628/628/628
f 626/626/626 630/630/630 629/629/629
f 629/629/629 630/630/630 631/631/631
f 632/632/632 630/630/630 628/628/628
f 630/630/630 633/633/633 631/631/631
f 633/633/633 630/630/630 632/632/632
f 634/634/634 633/633/633 632/632/632
f 637/637/637 636/636/636 635/635/635
f 638/638/638 637/637/637 635/635/635
f 635/635/635 636/636/636 639/639/639
f 640/640/640 637/637/637 638/638/638
f 641/641/641 640/640/640 638/638/638
f 636/636/636 637/637/637 642/642/642
f 642/642/642 637/637/637 643/643/643
f 637/637/637 640/640/640 643/643/643
f 644/644/644 636/636/636 642/642/642
f 643/643/643 640/640/640 645/645/645
f 646/646/646 636/636/636 644/644/644
f 636/636/636 646/646/646 639/639/639
f 647/647/647 646/646/646 644/644/644
f 639/639/639 646/646/646 648/648/648
f 640/640/640 649/649/649 645/645/645
f 649/649/649 640/640/640 641/641/641
f 645/645/645 649/649/649 650/650/650
f 651/651/651 649/649/649 641/641/641
f 649/649/649 652/652/652 650/650/650
f 652/652/652 649/649/649 651/651/651
f 653/653/653 652/652/652 651/651/651
f 646/646/646 654/654/654 648/648/648
f 654/654/654 646/646/646 647/647/647
f 655/655/655 654/654/654 647/647/647
f 648/648/648 654/654/654 656/656/656
f 654/654/654 655/655/655 657/657/657
f 654/654/654 658/658/658 656/656/656
f 658/658/658 654/654/654 657/657/657
f 656/656/656 658/658/658 659/659/659
f 658/658/658 657/657/657 660/660/660
f 658/658/658 661/661/661 659/659/659
f 661/661/661 658/658/658 660/660/660
f 664/664/664 663/663/663 662/662/662
f 664/664/664 665/665/665 663/663/663
f 665/665/665 666/666/666 663/663/663
f 667/667/667 664/664/664 662/662/662
f 667/667/667 662/662/662 668/668/668
f 668/668/668 662/662/662 669/669/669
f 670/670/670 667/667/667 668/668/668
f 671/671/671 668/668/668 669/669/669
f 670/670/670 668/668/668 672/672/672
f 672/672/672 668/668/668 671/671/671
f 673/673/673 670/670/670 672/672/672
f 674/674/674 672/672/672 671/671/671
f 673/673/673 672/672/672 675/675/675
f 675/675/675 672/672/672 674/674/674
f 676/676/676 673/673/673 675/675/675
f 677/677/677 675/675/675 674/674/674
f 676/676/676 675/675/675 678/678/678
f 678/678/678 675/675/675 677/677/677
f 679/679/679 676/676/676 678/678/678
f 680/680/680 678/678/678 677/677/677
f 679/679/679 678/678/678 681/681/681
f 681/681/681 678/678/678 680/680/680
f 682/682/682 679/679/679 681/681/681
f 683/683/683 681/681/681 680/680/680
f 682/682/682 681/681/681 684/684/684
f 684/684/684 681/681/681 683/683/683
f 685/685/685 682/682/682 684/684/684
f 686/686/686 684/684/684 683/683/683
f 689/689/689 688/688/688 687/687/687
f 689/689/689 690/690/690 688/688/688
f 691/691/691 689/689/689 687/687/687
f 690/690/690 692/692/692 688/688/688
f 692/692/692 694/694/694 693/693/693
f 688/688/688 692/692/692 693/693/693
f 688/688/688 693/693/693 695/695/695
f 687/687/687 688/688/688 695/695/695
f 687/687/687 695/695/695 696/696/696
f 691/691/691 687/687/687 697/697/697
f 697/697/697 687/687/687 696/696/696
f 698/698/698 691/691/691 697/697/697
f 697/697/697 696/696/696 699/699/699
f 698/698/698 697/697/697 700/700/700
f 700/700/700 697/697/697 699/699/699
f 701/701/701 698/698/698 700/700/700
f 700/700/700 699/699/699 702/702/702
f 701/701/701 700/700/700 703/703/703
f 703/703/703 700/700/700 702/702/702
f 704/704/704 701/701/701 703/703/703
f 703/703/703 702/702/702 705/705/705
f 704/704/704 703/703/703 706/706/706
f 706/706/706 703/703/703 705/705/705
f 707/707/707 704/704/704 706/706/706
f 706/706/706 705/705/705 708/708/708
f 707/707/707 706/706/706 709/709/709
f 709/709/709 706/706/706 708/708/708
f 709/709/709 708/708/708 710/710/710
f 711/711/711 707/707/707 709/709/709
f 712/712/712 709/709/709 710/710/710
f 711/711/711 709/709/709 712/712/712
f 713/713/713 711/711/711 712/712/712
f 716/716/716 715/715/715 714/714/714
f 716/716/716 717/717/717 715/715/715
f 717/717/717 718/718/718 715/715/715
f 715/715/715 718/718/718 719/719/719
f 720/720/720 715/715/715 719/719/719
f 714/714/714 715/715/715 720/720/720
f 721/721/721 716/716/716 714/714/714
f 722/722/722 714/714/714 720/720/720
f 721/721/721 714/714/714 723/723/723
f 723/723/723 714/714/714 722/722/722
f 724/724/724 721/721/721 723/723/723
f 725/725/725 723/723/723 722/722/722
f 724/724/724 723/723/723 726/726/726
f 726/726/726 723/723/723 725/725/725
f 727/727/727 724/724/724 726/726/726
f 728/728/728 726/726/726 725/725/725
f 727/727/727 726/726/726 729/729/729
f 729/729/729 726/726/726 728/728/728
f 730/730/730 727/727/727 729/729/729
f 731/731/731 729/729/729 728/728/728
f 730/730/730 729/729/729 732/732/732
f 732/732/732 729/729/729 731/731/731
f 733/733/733 730/730/730 732/732/732
f 734/734/734 732/732/732 731/731/731
f 733/733/733 732/732/732 735/735/735
f 735/735/735 732/732/732 734/734/734
f 736/736/736 733/733/733 735/735/735
f 737/737/737 735/735/735 734/734/734
f 736/736/736 735/735/735 738/738/738
f 738/738/738 735/735/735 737/737/737
f 739/739/739 736/736/736 738/738/738
f 740/740/740 738/738/738 737/737/737
f 743/743/743 742/742/742 741/741/741
f 743/743/743 744/744/744 742/742/742
f 745/745/745 743/743/743 741/741/741
f 744/744/744 746/746/746 742/742/742
f 746/746/746 748/748/748 747/747/747
f 742/742/742 746/746/746 747/747/747
f 742/742/742 747/747/747 749/749/749
f 741/741/741 742/742/742 749/749/749
f 741/741/741 749/749/749 750/750/750
f 745/745/745 741/741/741 751/751/751
f 751/751/751 741/741/741 750/750/750
f 752/752/752 745/745/745 751/751/751
f 751/751/751 750/750/750 753/753/753
f 752/752/752 751/751/751 754/754/754
f 754/754/754 751/751/751 753/753/753
f 755/755/755 752/752/752 754/754/754
f 754/754/754 753/753/753 756/756/756
f 755/755/755 754/754/754 757/757/757
f 757/757/757 754/754/754 756/756/756
f 757/757/757 756/756/756 758/758/758
f 759/759/759 755/755/755 757/757/757
f 760/760/760 757/757/757 758/758/758
f 759/759/759 757/757/757 760/760/760
f 761/761/761 759/759/759 760/760/760
f 761/761/761 760/760/760 762/762/762
f 763/763/763 761/761/761 762/762/762
f 763/763/763 762/762/762 764/764/764
f 765/765/765 763/763/763 764/764/764
f 768/768/768 767/767/767 766/766/766
f 768/768/768 769/769/769 767/767/767
f 769/769/769 770/770/770 767/767/767
f 771/771/771 768/768/768 766/766/766
f 766/766/766 773/773/773 772/772/772
f 771/771/771 766/766/766 774/774/774
f 774/774/774 766/766/766 772/772/772
f 775/775/775 771/771/771 774/774/774
f 774/774/774 772/772/772 776/776/776
f 775/775/775 774/774/774 777/777/777
f 777/777/777 774/774/774 776/776/776
f 778/778/778 775/775/775 777/777/777
f 777/777/777 776/776/776 779/779/779
f 778/778/778 777/777/777 780/780/780
f 780/780/780 777/777/777 779/779/779
f 780/780/780 779/779/779 781/781/781
f 782/782/782 778/778/778 780/780/780
f 783/783/783 780/780/780 781/781/781
f 782/782/782 780/780/780 783/783/783
f 784/784/784 782/782/782 783/783/783
f 784/784/784 783/783/783 785/785/785
f 786/786/786 784/784/784 785/785/785
f 786/786/786 785/785/785 787/787/787
f 788/788/788 786/786/786 787/787/787
f 791/791/791 790/790/790 789/789/789
f 791/791/791 792/792/792 790/790/790
f 792/792/792 793/793/793 790/790/790
f 794/794/794 791/791/791 789/789/789
f 794/794/794 789/789/789 795/795/795
f 796/796/796 794/794/794 795/795/795
f 796/796/796 795/795/795 797/797/797
f 797/797/797 795/795/795 798/798/798
f 799/799/799 796/796/796 797/797/797
f 800/800/800 797/797/797 798/798/798
f 799/799/799 797/797/797 801/801/801
f 801/801/801 797/797/797 800/800/800
f 802/802/802 799/799/799 801/801/801
f 803/803/803 801/801/801 800/800/800
f 802/802/802 801/801/801 804/804/804
f 804/804/804 801/801/801 803/803/803
f 805/805/805 804/804/804 803/803/803
f 806/806/806 802/802/802 804/804/804
f 806/806/806 804/804/804 807/807/807
f 808/808/808 806/806/806 807/807/807
f 808/808/808 807/807/807 809/809/809
f 810/810/810 808/808/808 809/809/809
f 813/813/813 812/812/812 811/811/811
f 813/813/813 814/814/814 812/812/812
f 814/814/814 815/815/815 812/812/812
f 816/816/816 813/813/813 811/811/811
f 816/816/816 811/811/811 817/817/817
f 817/817/817 811/811/811 818/818/818
f 819/819/819 816/816/816 817/817/817
f 820/820/820 817/817/817 818/818/818
f 819/819/819 817/817/817 821/821/821
f 821/821/821 817/817/817 820/820/820
f 822/822/822 819/819/819 821/821/821
f 823/823/823 821/821/821 820/820/820
f 822/822/822 821/821/821 824/824/824
f 824/824/824 821/821/821 823/823/823
f 825/825/825 822/822/822 824/824/824
f 826/826/826 824/824/824 823/823/823
f 825/825/825 824/824/824 827/827/827
f 827/827/827 824/824/824 826/826/826
f 828/828/828 825/825/825 827/827/827
f 829/829/829 827/827/827 826/826/826
f 828/828/828 827/827/827 830/830/830
f 830/830/830 827/827/827 829/829/829
f 831/831/831 830/830/830 829/829/829
f 832/832/832 828/828/828 830/830/830
f 832/832/832 830/830/830 833/833/833
f 834/834/834 832/832/832 833/833/833
f 837/837/837 836/836/836 835/835/835
f 837/837/837 838/838/838 836/836/836
f 838/838/838 839/839/839 836/836/836
f 840/840/840 837/837/837 835/835/835
f 835/835/835 842/842/842 841/841/841
f 840/840/840 835/835/835 843/843/843
f 843/843/843 835/835/835 841/841/841
f 844/844/844 840/840/840 843/843/843
f 843/843/843 841/841/841 845/845/845
f 844/844/844 843/843/843 846/846/846
f 846/846/846 843/843/843 845/845/845
f 846/846/846 845/845/845 847/847/847
f 848/848/848 844/844/844 846/846/846
f 849/849/849 846/846/846 847/847/847
f 848/848/848 846/846/846 849/849/849
f 850/850/850 848/848/848 849/849/849
f 850/850/850 849/849/849 851/851/851
f 852/852/852 850/850/850 851/851/851
f 852/852/852 851/851/851 853/853/853
f 854/854/854 852/852/852 853/853/853
f 854/854/854 853/853/853 855/855/855
f 856/856/856 854/854/854 855/855/855
f 859/859/859 858/858/858 857/857/857
f 860/860/860 859/859/859 857/857/857
f 859/859/859 863/863/863 858/858/858
f 864/864/864 860/860/860 857/857/857
f 863/863/863 861/861/861 858/858/858
f 867/867/867 864/864/864 857/857/857
f 858/858/858 867/867/867 857/857/857
f 867/867/867 858/858/858 861/861/861
f 868/868/868 864/864/864 867/867/867
f 863/863/863 862/862/862 861/861/861
f 869/869/869 868/868/868 867/867/867
f 861/861/861 869/869/869 867/867/867
f 870/870/870 868/868/868 869/869/869
f 862/862/862 865/865/865 861/861/861
f 869/869/869 861/861/861 865/865/865
f 862/862/862 866/866/866 865/865/865
f 875/875/875 870/870/870 869/869/869
f 865/865/865 875/875/875 869/869/869
f 876/876/876 870/870/870 875/875/875
f 866/866/866 877/877/877 865/865/865
f 875/875/875 865/865/865 877/877/877
f 866/866/866 878/878/878 877/877/877
f 879/879/879 876/876/876 875/875/875
f 875/875/875 877/877/877 879/879/879
f 880/880/880 876/876/876 879/879/879
f 878/878/878 874/874/874 877/877/877
f 881/881/881 880/880/880 879/879/879
f 877/877/877 881/881/881 879/879/879
f 877/877/877 874/874/874 881/881/881
f 882/882/882 880/880/880 881/881/881
f 878/878/878 872/872/872 874/874/874
f 886/886/886 882/882/882 881/881/881
f 886/886/886 881/881/881 874/874/874
f 872/872/872 873/873/873 874/874/874
f 886/886/886 874/874/874 873/873/873
f 873/873/873 872/872/872 871/871/871
f 886/886/886 873/873/873 871/871/871
f 872/872/872 890/890/890 871/871/871
f 882/882/882 886/886/886 894/894/894
f 871/871/871 894/894/894 886/886/886
f 895/895/895 882/882/882 894/894/894
f 890/890/890 892/892/892 871/871/871
f 884/884/884 895/895/895 894/894/894
f 871/871/871 897/897/897 894/894/894
f 897/897/897 884/884/884 894/894/894
f 892/892/892 893/893/893 871/871/871
f 897/897/897 871/871/871 893/893/893
f 884/884/884 897/897/897 883/883/883
f 893/893/893 883/883/883 897/897/897
f 885/885/885 884/884/884 883/883/883
f 893/893/893 892/892/892 891/891/891
f 893/893/893 891/891/891 883/883/883
f 892/892/892 898/898/898 891/891/891
f 885/885/885 883/883/883 901/901/901
f 883/883/883 891/891/891 901/901/901
f 902/902/902 885/885/885 901/901/901
f 891/891/891 898/898/898 903/903/903
f 901/901/901 891/891/891 903/903/903
f 898/898/898 904/904/904 903/903/903
f 902/902/902 901/901/901 905/905/905
f 903/903/903 905/905/905 901/901/901
f 906/906/906 902/902/902 905/905/905
f 903/903/903 904/904/904 907/907/907
f 907/907/907 905/905/905 903/903/903
f 904/904/904 908/908/908 907/907/907
f 906/906/906 905/905/905 909/909/909
f 910/910/910 906/906/906 909/909/909
f 911/911/911 905/905/905 907/907/907
f 907/907/907 908/908/908 911/911/911
f 909/909/909 905/905/905 911/911/911
f 908/908/908 912/912/912 911/911/911
f 910/910/910 909/909/909 913/913/913
f 911/911/911 913/913/913 909/909/909
f 914/914/914 910/910/910 913/913/913
f 911/911/911 912/912/912 915/915/915
f 911/911/911 915/915/915 913/913/913
f 912/912/912 916/916/916 915/915/915
f 914/914/914 913/913/913 917/917/917
f 917/917/917 913/913/913 915/915/915
f 921/921/921 914/914/914 917/917/917
f 915/915/915 916/916/916 918/918/918
f 917/917/917 915/915/915 918/918/918
f 916/916/916 919/919/919 918/918/918
f 921/921/921 917/917/917 920/920/920
f 918/918/918 920/920/920 917/917/917
f 888/888/888 921/921/921 920/920/920
f 918/918/918 919/919/919 922/922/922
f 920/920/920 918/918/918 922/922/922
f 919/919/919 896/896/896 922/922/922
f 888/888/888 920/920/920 887/887/887
f 920/920/920 922/922/922 887/887/887
f 922/922/922 896/896/896 887/887/887
f 889/889/889 888/888/888 887/887/887
f 896/896/896 889/889/889 887/887/887
f 925/925/925 924/924/924 923/923/923
f 926/926/926 925/925/925 923/923/923
f 923/923/923 924/924/924 927/927/927
f 928/928/928 925/925/925 926/926/926
f 929/929/929 928/928/928 926/926/926
f 928/928/928 930/930/930 925/925/925
f 931/931/931 928/928/928 929/929/929
f 930/930/930 932/932/932 925/925/925
f 925/925/925 932/932/932 924/924/924
f 933/933/933 931/931/931 929/929/929
f 932/932/932 934/934/934 924/924/924
f 935/935/935 931/931/931 933/933/933
f 936/936/936 935/935/935 933/933/933
f 937/937/937 935/935/935 936/936/936
f 938/938/938 937/937/937 936/936/936
f 939/939/939 937/937/937 938/938/938
f 940/940/940 939/939/939 938/938/938
f 941/941/941 939/939/939 940/940/940
f 942/942/942 941/941/941 940/940/940
f 941/941/941 942/942/942 943/943/943
f 944/944/944 941/941/941 943/943/943
f 945/945/945 944/944/944 943/943/943
f 946/946/946 945/945/945 943/943/943
f 947/947/947 945/945/945 946/946/946
f 948/948/948 947/947/947 946/946/946
f 949/949/949 947/947/947 948/948/948
f 950/950/950 949/949/949 948/948/948
f 951/951/951 949/949/949 950/950/950
f 952/952/952 951/951/951 950/950/950
f 953/953/953 951/951/951 952/952/952
f 954/954/954 953/953/953 952/952/952
f 955/955/955 953/953/953 954/954/954
f 956/956/956 955/955/955 954/954/954
f 957/957/957 955/955/955 956/956/956
f 958/958/958 957/957/957 956/956/956
f 957/957/957 958/958/958 959/959/959
f 960/960/960 957/957/957 959/959/959
f 960/960/960 959/959/959 961/961/961
f 962/962/962 960/960/960 961/961/961
f 962/962/962 961/961/961 963/963/963
f 964/964/964 962/962/962 963/963/963
f 964/964/964 963/963/963 965/965/965
f 966/966/966 964/964/964 965/965/965
f 966/966/966 965/965/965 967/967/967
f 968/968/968 966/966/966 967/967/967
f 968/968/968 967/967/967 969/969/969
f 970/970/970 968/968/968 969/969/969
f 970/970/970 969/969/969 971/971/971
f 972/972/972 970/970/970 971/971/971
f 973/973/973 972/972/972 971/971/971
f 974/974/974 973/973/973 971/971/971
f 973/973/973 974/974/974 975/975/975
f 976/976/976 973/973/973 975/975/975
f 976/976/976 975/975/975 977/977/977
f 978/978/978 976/976/976 977/977/977
f 978/978/978 977/977/977 979/979/979
f 980/980/980 978/978/978 979/979/979
f 980/980/980 979/979/979 981/981/981
f 982/982/982 980/980/980 981/981/981
f 982/982/982 981/981/981 983/983/983
f 984/984/984 982/982/982 983/983/983
f 984/984/984 983/983/983 985/985/985
f 986/986/986 984/984/984 985/985/985
f 987/987/987 984/984/984 986/986/986
f 986/986/986 985/985/985 988/988/988
f 989/989/989 987/987/987 986/986/986
f 990/990/990 986/986/986 988/988/988
f 989/989/989 986/986/986 990/990/990
f 990/990/990 988/988/988 927/927/927
f 991/991/991 989/989/989 990/990/990
f 992/992/992 990/990/990 927/927/927
f 991/991/991 990/990/990 992/992/992
f 924/924/924 992/992/992 927/927/927
f 993/993/993 991/991/991 992/992/992
f 924/924/924 934/934/934 992/992/992
f 934/934/934 993/993/993 992/992/992
f 996/996/996 995/995/995 994/994/994
f 994/994/994 995/995/995 997/997/997
f 995/995/995 998/998/998 997/997/997
f 999/999/999 996/996/996 994/994/994
f 999/999/999 994/994/994 1000/1000/1000
f 995/995/995 1001/1001/1001 998/998/998
f 1001/1001/1001 1002/1002/1002 998/998/998
f 996/996/996 1003/1003/1003 995/995/995
f 1003/1003/1003 1001/1001/1001 995/995/995
f 1004/1004/1004 996/996/996 999/999/999
f 1004/1004/1004 1005/1005/1005 996/996/996
f 1005/1005/1005 1003/1003/1003 996/996/996
f 1006/1006/1006 1004/1004/1004 999/999/999
f 1005/1005/1005 1007/1007/1007 1003/1003/1003
f 1006/1006/1006 999/999/999 1008/1008/1008
f 1008/1008/1008 999/999/999 1000/1000/1000
f 1009/1009/1009 1006/1006/1006 1008/1008/1008
f 1008/1008/1008 1000/1000/1000 1010/1010/1010
f 1009/1009/1009 1008/1008/1008 1011/1011/1011
f 1011/1011/1011 1008/1008/1008 1010/1010/1010
f 1012/1012/1012 1009/1009/1009 1011/1011/1011
f 1011/1011/1011 1010/1010/1010 1013/1013/1013
f 1012/1012/1012 1011/1011/1011 1014/1014/1014
f 1014/1014/1014 1011/1011/1011 1013/1013/1013
f 1015/1015/1015 1012/1012/1012 1014/1014/1014
f 1014/1014/1014 1013/1013/1013 1016/1016/1016
f 1015/1015/1015 1014/1014/1014 1017/1017/1017
f 1017/1017/1017 1014/1014/1014 1016/1016/1016
f 1018/1018/1018 1015/1015/1015 1017/1017/1017
f 1017/1017/1017 1016/1016/1016 1019/1019/1019
f 1018/1018/1018 1017/1017/1017 1020/1020/1020
f 1020/1020/1020 1017/1017/1017 1019/1019/1019
f 1021/1021/1021 1018/1018/1018 1020/1020/1020
f 1020/1020/1020 1019/1019/1019 1022/1022/1022
f 1021/1021/1021 1020/1020/1020 1023/1023/1023
f 1023/1023/1023 1020/1020/1020 1022/1022/1022
f 1024/1024/1024 1021/1021/1021 1023/1023/1023
f 1023/1023/1023 1022/1022/1022 1025/1025/1025
f 1024/1024/1024 1023/1023/1023 1026/1026/1026
f 1026/1026/1026 1023/1023/1023 1025/1025/1025
f 1027/1027/1027 1024/1024/1024 1026/1026/1026
f 1026/1026/1026 1025/1025/1025 1028/1028/1028
f 1027/1027/1027 1026/1026/1026 1029/1029/1029
f 1029/1029/1029 1026/1026/1026 1028/1028/1028
f 1030/1030/1030 1027/1027/1027 1029/1029/1029
f 1029/1029/1029 1028/1028/1028 1031/1031/1031
f 1030/1030/1030 1029/1029/1029 1032/1032/1032
f 1032/1032/1032 1029/1029/1029 1031/1031/1031
f 1033/1033/1033 1030/1030/1030 1032/1032/1032
f 1034/1034/1034 1033/1033/1033 1032/1032/1032
f 1035/1035/1035 1032/1032/1032 1031/1031/1031
f 1035/1035/1035 1034/1034/1034 1032/1032/1032
f 1036/1036/1036 1035/1035/1035 1031/1031/1031
f 1037/1037/1037 1034/1034/1034 1035/1035/1035
f 1038/1038/1038 1035/1035/1035 1036/1036/1036
f 1038/1038/1038 1037/1037/1037 1035/1035/1035
f 1039/1039/1039 1038/1038/1038 1036/1036/1036
f 1040/1040/1040 1037/1037/1037 1038/1038/1038
f 1041/1041/1041 1038/1038/1038 1039/1039/1039
f 1041/1041/1041 1040/1040/1040 1038/1038/1038
f 1042/1042/1042 1041/1041/1041 1039/1039/1039
f 1043/1043/1043 1040/1040/1040 1041/1041/1041
f 1044/1044/1044 1041/1041/1041 1042/1042/1042
f 1044/1044/1044 1043/1043/1043 1041/1041/1041
f 1045/1045/1045 1044/1044/1044 1042/1042/1042
f 1044/1044/1044 1045/1045/1045 1046/1046/1046
f 1043/1043/1043 1044/1044/1044 1047/1047/1047
f 1047/1047/1047 1044/1044/1044 1046/1046/1046
f 1048/1048/1048 1043/1043/1043 1047/1047/1047
f 1047/1047/1047 1046/1046/1046 1049/1049/1049
f 1048/1048/1048 1047/1047/1047 1050/1050/1050
f 1050/1050/1050 1047/1047/1047 1049/1049/1049
f 1051/1051/1051 1048/1048/1048 1050/1050/1050
f 1050/1050/1050 1049/1049/1049 1052/1052/1052
f 1051/1051/1051 1050/1050/1050 1053/1053/1053
f 1053/1053/1053 1050/1050/1050 1052/1052/1052
f 1054/1054/1054 1051/1051/1051 1053/1053/1053
f 1053/1053/1053 1052/1052/1052 1055/1055/1055
f 1054/1054/1054 1053/1053/1053 1056/1056/1056
f 1056/1056/1056 1053/1053/1053 1055/1055/1055
f 1057/1057/1057 1054/1054/1054 1056/1056/1056
f 1058/1058/1058 1057/1057/1057 1056/1056/1056
f 1059/1059/1059 1056/1056/1056 1055/1055/1055
f 1059/1059/1059 1058/1058/1058 1056/1056/1056
f 1060/1060/1060 1059/1059/1059 1055/1055/1055
f 1061/1061/1061 1058/1058/1058 1059/1059/1059
f 1062/1062/1062 1059/1059/1059 1060/1060/1060
f 1062/1062/1062 1061/1061/1061 1059/1059/1059
f 1063/1063/1063 1062/1062/1062 1060/1060/1060
f 1064/1064/1064 1061/1061/1061 1062/1062/1062
f 1065/1065/1065 1062/1062/1062 1063/1063/1063
f 1065/1065/1065 1064/1064/1064 1062/1062/1062
f 1066/1066/1066 1065/1065/1065 1063/1063/1063
f 1067/1067/1067 1064/1064/1064 1065/1065/1065
f 1068/1068/1068 1065/1065/1065 1066/1066/1066
f 1068/1068/1068 1067/1067/1067 1065/1065/1065
f 1069/1069/1069 1068/1068/1068 1066/1066/1066
f 1070/1070/1070 1067/1067/1067 1068/1068/1068
f 1071/1071/1071 1068/1068/1068 1069/1069/1069
f 1071/1071/1071 1070/1070/1070 1068/1068/1068
f 1072/1072/1072 1071/1071/1071 1069/1069/1069
f 1073/1073/1073 1070/1070/1070 1071/1071/1071
f 1074/1074/1074 1071/1071/1071 1072/1072/1072
f 1074/1074/1074 1073/1073/1073 1071/1071/1071
f 1075/1075/1075 1074/1074/1074 1072/1072/1072
f 1076/1076/1076 1073/1073/1073 1074/1074/1074
f 1077/1077/1077 1074/1074/1074 1075/1075/1075
f 1077/1077/1077 1076/1076/1076 1074/1074/1074
f 1078/1078/1078 1077/1077/1077 1075/1075/1075
f 1079/1079/1079 1076/1076/1076 1077/1077/1077
f 1080/1080/1080 1077/1077/1077 1078/1078/1078
f 1080/1080/1080 1079/1079/1079 1077/1077/1077
f 1081/1081/1081 1080/1080/1080 1078/1078/1078
f 1082/1082/1082 1079/1079/1079 1080/1080/1080
f 1083/1083/1083 1080/1080/1080 1081/1081/1081
f 1083/1083/1083 1082/1082/1082 1080/1080/1080
f 1084/1084/1084 1083/1083/1083 1081/1081/1081
f 1085/1085/1085 1082/1082/1082 1083/1083/1083
f 1086/1086/1086 1085/1085/1085 1083/1083/1083
f 1086/1086/1086 1083/1083/1083 1084/1084/1084
f 1087/1087/1087 1085/1085/1085 1086/1086/1086
f 1088/1088/1088 1086/1086/1086 1084/1084/1084
f 1088/1088/1088 1084/1084/1084 1089/1089/1089
f 1090/1090/1090 1088/1088/1088 1089/1089/1089
f 1091/1091/1091 1087/1087/1087 1086/1086/1086
f 1091/1091/1091 1086/1086/1086 1088/1088/1088
f 1007/1007/1007 1087/1087/1087 1091/1091/1091
f 1092/1092/1092 1088/1088/1088 1090/1090/1090
f 1092/1092/1092 1091/1091/1091 1088/1088/1088
f 1093/1093/1093 1092/1092/1092 1090/1090/1090
f 1094/1094/1094 1007/1007/1007 1091/1091/1091
f 1094/1094/1094 1091/1091/1091 1092/1092/1092
f 1007/1007/1007 1094/1094/1094 1003/1003/1003
f 1003/1003/1003 1094/1094/1094 1001/1001/1001
f 1095/1095/1095 1092/1092/1092 1093/1093/1093
f 1095/1095/1095 1094/1094/1094 1092/1092/1092
f 1094/1094/1094 1095/1095/1095 1001/1001/1001
f 1096/1096/1096 1095/1095/1095 1093/1093/1093
f 1001/1001/1001 1095/1095/1095 1002/1002/1002
f 1095/1095/1095 1096/1096/1096 1002/1002/1002
f 1099/1099/1099 1098/1098/1098 1097/1097/1097
f 1099/1099/1099 1100/1100/1100 1098/1098/1098
f 1100/1100/1100 1101/1101/1101 1098/1098/1098
f 1100/1100/1100 1102/1102/1102 1101/1101/1101
f 1102/1102/1102 1103/1103/1103 1101/1101/1101
f 1104/1104/1104 1099/1099/1099 1097/1097/1097
f 1104/1104/1104 1097/1097/1097 1105/1105/1105
f 1105/1105/1105 1097/1097/1097 1106/1106/1106
f 1107/1107/1107 1105/1105/1105 1106/1106/1106
f 1108/1108/1108 1104/1104/1104 1105/1105/1105
f 1109/1109/1109 1104/1104/1104 1108/1108/1108
f 1110/1110/1110 1109/1109/1109 1108/1108/1108
f 1111/1111/1111 1105/1105/1105 1107/1107/1107
f 1108/1108/1108 1105/1105/1105 1111/1111/1111
f 1112/1112/1112 1111/1111/1111 1107/1107/1107
f 1110/1110/1110 1108/1108/1108 1113/1113/1113
f 1113/1113/1113 1108/1108/1108 1111/1111/1111
f 1114/1114/1114 1110/1110/1110 1113/1113/1113
f 1115/1115/1115 1111/1111/1111 1112/1112/1112
f 1113/1113/1113 1111/1111/1111 1115/1115/1115
f 1116/1116/1116 1115/1115/1115 1112/1112/1112
f 1114/1114/1114 1113/1113/1113 1117/1117/1117
f 1117/1117/1117 1113/1113/1113 1115/1115/1115
f 1118/1118/1118 1114/1114/1114 1117/1117/1117
f 1119/1119/1119 1115/1115/1115 1116/1116/1116
f 1117/1117/1117 1115/1115/1115 1119/1119/1119
f 1120/1120/1120 1119/1119/1119 1116/1116/1116
f 1118/1118/1118 1117/1117/1117 1121/1121/1121
f 1121/1121/1121 1117/1117/1117 1119/1119/1119
f 1122/1122/1122 1118/1118/1118 1121/1121/1121
f 1123/1123/1123 1119/1119/1119 1120/1120/1120
f 1121/1121/1121 1119/1119/1119 1123/1123/1123
f 1124/1124/1124 1123/1123/1123 1120/1120/1120
f 1125/1125/1125 1121/1121/1121 1123/1123/1123
f 1122/1122/1122 1121/1121/1121 1125/1125/1125
f 1126/1126/1126 1122/1122/1122 1125/1125/1125
f 1129/1129/1129 1128/1128/1128 1127/1127/1127
f 1127/1127/1127 1128/1128/1128 1130/1130/1130
f 1131/1131/1131 1127/1127/1127 1130/1130/1130
f 1130/1130/1130 1128/1128/1128 1132/1132/1132
f 1133/1133/1133 1127/1127/1127 1131/1131/1131
f 1134/1134/1134 1133/1133/1133 1131/1131/1131
f 1136/1136/1136 1135/1135/1135 1132/1132/1132
f 1137/1137/1137 1136/1136/1136 1132/1132/1132
f 1128/1128/1128 1137/1137/1137 1132/1132/1132
f 1138/1138/1138 1136/1136/1136 1137/1137/1137
f 1139/1139/1139 1137/1137/1137 1128/1128/1128
f 1139/1139/1139 1138/1138/1138 1137/1137/1137
f 1129/1129/1129 1139/1139/1139 1128/1128/1128
f 1140/1140/1140 1138/1138/1138 1139/1139/1139
f 1141/1141/1141 1140/1140/1140 1139/1139/1139
f 1141/1141/1141 1139/1139/1139 1129/1129/1129
f 1142/1142/1142 1141/1141/1141 1129/1129/1129
f 1142/1142/1142 1129/1129/1129 1143/1143/1143
f 1143/1143/1143 1129/1129/1129 1127/1127/1127
f 1143/1143/1143 1127/1127/1127 1133/1133/1133
f 1144/1144/1144 1142/1142/1142 1143/1143/1143
f 1145/1145/1145 1144/1144/1144 1143/1143/1143
f 1146/1146/1146 1145/1145/1145 1143/1143/1143
f 1146/1146/1146 1143/1143/1143 1133/1133/1133
f 1147/1147/1147 1145/1145/1145 1146/1146/1146
f 1148/1148/1148 1133/1133/1133 1134/1134/1134
f 1146/1146/1146 1133/1133/1133 1148/1148/1148
f 1149/1149/1149 1148/1148/1148 1134/1134/1134
f 1150/1150/1150 1147/1147/1147 1146/1146/1146
f 1150/1150/1150 1146/1146/1146 1148/1148/1148
f 1151/1151/1151 1147/1147/1147 1150/1150/1150
f 1152/1152/1152 1148/1148/1148 1149/1149/1149
f 1150/1150/1150 1148/1148/1148 1152/1152/1152
f 1153/1153/1153 1152/1152/1152 1149/1149/1149
f 1154/1154/1154 1151/1151/1151 1150/1150/1150
f 1154/1154/1154 1150/1150/1150 1152/1152/1152
f 1155/1155/1155 1151/1151/1151 1154/1154/1154
f 1156/1156/1156 1152/1152/1152 1153/1153/1153
f 1154/1154/1154 1152/1152/1152 1156/1156/1156
f 1157/1157/1157 1156/1156/1156 1153/1153/1153
f 1158/1158/1158 1155/1155/1155 1154/1154/1154
f 1158/1158/1158 1154/1154/1154 1156/1156/1156
f 1159/1159/1159 1155/1155/1155 1158/1158/1158
f 1160/1160/1160 1159/1159/1159 1158/1158/1158
f 1160/1160/1160 1158/1158/1158 1161/1161/1161
f 1158/1158/1158 1156/1156/1156 1161/1161/1161
f 1161/1161/1161 1156/1156/1156 1157/1157/1157
f 1162/1162/1162 1161/1161/1161 1157/1157/1157
f 1165/1165/1165 1164/1164/1164 1163/1163/1163
f 1163/1163/1163 1164/1164/1164 1166/1166/1166
f 1164/1164/1164 1167/1167/1167 1166/1166/1166
f 1163/1163/1163 1166/1166/1166 1168/1168/1168
f 1164/1164/1164 1169/1169/1169 1167/1167/1167
f 1169/1169/1169 1170/1170/1170 1167/1167/1167
f 1172/1172/1172 1171/1171/1171 1170/1170/1170
f 1169/1169/1169 1172/1172/1172 1170/1170/1170
f 1173/1173/1173 1172/1172/1172 1169/1169/1169
f 1174/1174/1174 1169/1169/1169 1164/1164/1164
f 1174/1174/1174 1173/1173/1173 1169/1169/1169
f 1165/1165/1165 1174/1174/1174 1164/1164/1164
f 1175/1175/1175 1173/1173/1173 1174/1174/1174
f 1176/1176/1176 1175/1175/1175 1174/1174/1174
f 1176/1176/1176 1174/1174/1174 1165/1165/1165
f 1177/1177/1177 1176/1176/1176 1165/1165/1165
f 1177/1177/1177 1165/1165/1165 1178/1178/1178
f 1178/1178/1178 1165/1165/1165 1163/1163/1163
f 1179/1179/1179 1177/1177/1177 1178/1178/1178
f 1180/1180/1180 1163/1163/1163 1168/1168/1168
f 1178/1178/1178 1163/1163/1163 1180/1180/1180
f 1180/1180/1180 1168/1168/1168 1181/1181/1181
f 1179/1179/1179 1178/1178/1178 1182/1182/1182
f 1182/1182/1182 1178/1178/1178 1180/1180/1180
f 1183/1183/1183 1179/1179/1179 1182/1182/1182
f 1184/1184/1184 1180/1180/1180 1181/1181/1181
f 1182/1182/1182 1180/1180/1180 1184/1184/1184
f 1184/1184/1184 1181/1181/1181 1185/1185/1185
f 1183/1183/1183 1182/1182/1182 1186/1186/1186
f 1186/1186/1186 1182/1182/1182 1184/1184/1184
f 1187/1187/1187 1183/1183/1183 1186/1186/1186
f 1188/1188/1188 1187/1187/1187 1186/1186/1186
f 1189/1189/1189 1184/1184/1184 1185/1185/1185
f 1186/1186/1186 1184/1184/1184 1189/1189/1189
f 1189/1189/1189 1185/1185/1185 1190/1190/1190
f 1191/1191/1191 1188/1188/1188 1186/1186/1186
f 1191/1191/1191 1186/1186/1186 1189/1189/1189
f 1192/1192/1192 1188/1188/1188 1191/1191/1191
f 1193/1193/1193 1189/1189/1189 1190/1190/1190
f 1191/1191/1191 1189/1189/1189 1193/1193/1193
f 1195/1195/1195 1194/1194/1194 1190/1190/1190
f 1194/1194/1194 1193/1193/1193 1190/1190/1190
f 1196/1196/1196 1192/1192/1192 1191/1191/1191
f 1196/1196/1196 1191/1191/1191 1193/1193/1193
f 1196/1196/1196 1193/1193/1193 1194/1194/1194
f 1197/1197/1197 1192/1192/1192 1196/1196/1196
f 1198/1198/1198 1196/1196/1196 1194/1194/1194
f 1198/1198/1198 1197/1197/1197 1196/1196/1196
f 1201/1201/1201 1200/1200/1200 1199/1199/1199
f 1199/1199/1199 1200/1200/1200 1202/1202/1202
f 1200/1200/1200 1203/1203/1203 1202/1202/1202
f 1199/1199/1199 1202/1202/1202 1204/1204/1204
f 1200/1200/1200 1205/1205/1205 1203/1203/1203
f 1205/1205/1205 1206/1206/1206 1203/1203/1203
f 1208/1208/1208 1207/1207/1207 1206/1206/1206
f 1205/1205/1205 1208/1208/1208 1206/1206/1206
f 1209/1209/1209 1208/1208/1208 1205/1205/1205
f 1210/1210/1210 1205/1205/1205 1200/1200/1200
f 1210/1210/1210 1209/1209/1209 1205/1205/1205
f 1201/1201/1201 1210/1210/1210 1200/1200/1200
f 1212/1212/1212 1211/1211/1211 1209/1209/1209
f 1210/1210/1210 1212/1212/1212 1209/1209/1209
f 1213/1213/1213 1212/1212/1212 1210/1210/1210
f 1201/1201/1201 1213/1213/1213 1210/1210/1210
f 1214/1214/1214 1213/1213/1213 1201/1201/1201
f 1215/1215/1215 1214/1214/1214 1201/1201/1201
f 1215/1215/1215 1201/1201/1201 1199/1199/1199
f 1216/1216/1216 1214/1214/1214 1215/1215/1215
f 1217/1217/1217 1199/1199/1199 1204/1204/1204
f 1215/1215/1215 1199/1199/1199 1217/1217/1217
f 1217/1217/1217 1204/1204/1204 1218/1218/1218
f 1219/1219/1219 1217/1217/1217 1218/1218/1218
f 1220/1220/1220 1216/1216/1216 1215/1215/1215
f 1220/1220/1220 1215/1215/1215 1217/1217/1217
f 1220/1220/1220 1217/1217/1217 1219/1219/1219
f 1221/1221/1221 1216/1216/1216 1220/1220/1220
f 1222/1222/1222 1221/1221/1221 1220/1220/1220
f 1222/1222/1222 1220/1220/1220 1219/1219/1219
f 1222/1222/1222 1219/1219/1219 1223/1223/1223
f 1224/1224/1224 1222/1222/1222 1223/1223/1223
f 1224/1224/1224 1223/1223/1223 1225/1225/1225
f 1226/1226/1226 1224/1224/1224 1225/1225/1225
f 1226/1226/1226 1225/1225/1225 1227/1227/1227
f 1228/1228/1228 1226/1226/1226 1227/1227/1227
