# VPXTOOL table OBJ file
# VPXTOOL OBJ file
# numVerts: 2836 numFaces: 2788
o Flipper - Bally Mini Right
v -0.341648 0.998465 -0.123791
v -0.293143 1.00126 -0.093677
v -0.341648 0.998465 0.122297
v -0.258435 1.003259 -0.124061
v -0.242821 1.004159 -0.123517
v -0.228275 1.004997 -0.121908
v -0.214853 1.00577 -0.11927
v -0.202609 1.006476 -0.115637
v -0.191599 1.00711 -0.111044
v -0.181878 1.00767 -0.105528
v -0.173501 1.008153 -0.099122
v -0.173501 1.008153 -0.099122
v -0.263578 1.002963 -0.093685
v -0.293143 1.00126 -0.093677
v -0.166524 1.008555 -0.091863
v -0.263578 1.002963 -0.093685
v -0.293049 1.001265 -0.016296
v -0.263578 1.002963 -0.093685
v -0.166524 1.008555 -0.091863
v -0.253024 1.003571 -0.093394
v -0.253024 1.003571 -0.093394
v -0.243548 1.004117 -0.092533
v -0.243548 1.004117 -0.092533
v -0.166524 1.008555 -0.091863
v -0.235117 1.004603 -0.091119
v -0.161001 1.008873 -0.083785
v -0.235117 1.004603 -0.091119
v -0.235117 1.004603 -0.091119
v -0.161001 1.008873 -0.083785
v -0.2277 1.00503 -0.089171
v -0.2277 1.00503 -0.089171
v -0.221263 1.005401 -0.086705
v -0.215774 1.005717 -0.08374
v -0.156987 1.009105 -0.074924
v -0.215774 1.005717 -0.08374
v -0.156987 1.009105 -0.074924
v -0.2112 1.005981 -0.080292
v -0.2112 1.005981 -0.080292
v -0.20751 1.006194 -0.07638
v -0.20467 1.006357 -0.072021
v -0.154539 1.009246 -0.065314
v -0.202649 1.006474 -0.067232
v -0.201413 1.006545 -0.062032
v -0.15371 1.009293 -0.054991
v -0.20093 1.006573 -0.056437
v -0.201127 1.006561 -0.051317
v -0.154107 1.009271 -0.048001
v -0.201999 1.006511 -0.046307
v -0.155288 1.009202 -0.041326
v -0.201999 1.006511 -0.046307
v -0.155288 1.009202 -0.041326
v -0.203618 1.006418 -0.041469
v -0.203618 1.006418 -0.041469
v -0.155288 1.009202 -0.041326
v -0.206055 1.006277 -0.036869
v -0.157239 1.00909 -0.034977
v -0.206055 1.006277 -0.036869
v -0.209382 1.006086 -0.03257
v -0.159944 1.008934 -0.028967
v -0.21367 1.005839 -0.028637
v -0.163389 1.008736 -0.023309
v -0.21899 1.005532 -0.025133
v -0.225414 1.005162 -0.022123
v -0.163389 1.008736 -0.023309
v -0.167561 1.008495 -0.018014
v -0.225414 1.005162 -0.022123
v -0.167561 1.008495 -0.018014
v -0.233014 1.004724 -0.01967
v -0.24186 1.004214 -0.017839
v -0.172443 1.008214 -0.013097
v -0.24186 1.004214 -0.017839
v -0.172443 1.008214 -0.013097
v -0.252024 1.003629 -0.016693
v -0.252024 1.003629 -0.016693
v -0.263578 1.002963 -0.016297
v -0.29305 1.001265 0.015526
v -0.178021 1.007893 -0.008569
v -0.178021 1.007893 -0.008569
v -0.184282 1.007532 -0.004442
v -0.29305 1.001265 0.015526
v -0.184282 1.007532 -0.004442
v -0.191209 1.007133 -0.00073
v -0.198789 1.006696 0.002555
v -0.207008 1.006222 0.005401
v -0.199984 1.006627 0.009273
v -0.193367 1.007008 0.013477
v -0.193367 1.007008 0.013477
v -0.273863 1.00237 0.015526
v -0.29305 1.001265 0.015526
v -0.193367 1.007008 0.013477
v -0.268091 1.002703 0.01567
v -0.273863 1.00237 0.015526
v -0.187094 1.00737 0.018013
v -0.268091 1.002703 0.01567
v -0.293155 1.001259 0.122556
v -0.268091 1.002703 0.01567
v -0.187094 1.00737 0.018013
v -0.2624 1.003031 0.016189
v -0.2624 1.003031 0.016189
v -0.256696 1.00336 0.017222
v -0.256696 1.00336 0.017222
v -0.187094 1.00737 0.018013
v -0.250885 1.003694 0.018902
v -0.181104 1.007715 0.022879
v -0.250885 1.003694 0.018902
v -0.244873 1.004041 0.021365
v -0.238565 1.004404 0.024748
v -0.175334 1.008048 0.028078
v -0.238565 1.004404 0.024748
v -0.175334 1.008048 0.028078
v -0.231868 1.00479 0.029185
v -0.169723 1.008371 0.033608
v -0.231868 1.00479 0.029185
v -0.224687 1.005204 0.034813
v -0.164209 1.008688 0.039469
v -0.216928 1.005651 0.041767
v -0.158732 1.009004 0.045662
v -0.208497 1.006137 0.050182
v -0.153228 1.009321 0.052186
v -0.1993 1.006667 0.060195
v -0.147637 1.009643 0.059042
v -0.141896 1.009974 0.066229
v -0.189242 1.007246 0.07194
v -0.135944 1.010317 0.073748
v -0.147165 1.00967 0.122568
v -0.13266 1.010506 0.07783
v -0.129542 1.010686 0.081634
v -0.126521 1.01086 0.085241
v -0.123529 1.011032 0.088736
v -0.120498 1.011207 0.0922
v -0.117361 1.011388 0.095717
v -0.114047 1.011579 0.09937
v -0.110491 1.011784 0.103241
v -0.106622 1.012007 0.107413
v -0.102374 1.012251 0.11197
v -0.097678 1.012522 0.116994
v -0.092465 1.012822 0.122568
v -0.625337 0.982119 -0.11793
v -0.566973 0.985482 -0.088936
v -0.625337 0.982119 0.116436
v -0.402368 0.994966 -0.123077
v -0.40225 0.994973 -0.091517
v -0.564662 0.985615 -0.017166
v -0.564559 0.985621 0.013578
v -0.406494 0.994728 -0.017615
v -0.406441 0.994731 0.013968
v -0.566973 0.985482 0.087443
v -0.397374 0.995254 0.090076
v -0.397488 0.995247 0.121655
v -0.928112 0.964674 -0.106539
v -0.871793 0.967919 -0.081076
v -0.928112 0.964674 0.105046
v -0.805079 0.971763 -0.111689
v -0.784096 0.972972 -0.111911
v -0.765 0.974072 -0.110903
v -0.747793 0.975063 -0.108731
v -0.732466 0.975947 -0.105467
v -0.719002 0.976722 -0.101189
v -0.707379 0.977392 -0.095978
v -0.69757 0.977957 -0.089917
v -0.804742 0.971782 -0.083093
v -0.689546 0.97842 -0.083095
v -0.868078 0.968133 -0.014149
v -0.804742 0.971782 -0.083093
v -0.689546 0.97842 -0.083095
v -0.792373 0.972495 -0.083092
v -0.792373 0.972495 -0.083092
v -0.781413 0.973126 -0.082372
v -0.7718 0.97368 -0.080998
v -0.683274 0.978781 -0.075599
v -0.763472 0.97416 -0.079034
v -0.756363 0.97457 -0.076548
v -0.750404 0.974913 -0.073609
v -0.678724 0.979043 -0.067519
v -0.745525 0.975194 -0.070288
v -0.741656 0.975417 -0.066656
v -0.738727 0.975586 -0.062782
v -0.675861 0.979208 -0.058946
v -0.736667 0.975704 -0.05874
v -0.735406 0.975777 -0.054599
v -0.674655 0.979277 -0.049971
v -0.734873 0.975808 -0.050432
v -0.735185 0.97579 -0.044971
v -0.675152 0.979249 -0.041071
v -0.736618 0.975707 -0.039911
v -0.677434 0.979117 -0.032551
v -0.739132 0.975562 -0.035267
v -0.742687 0.975358 -0.031055
v -0.681539 0.978881 -0.024493
v -0.747241 0.975095 -0.02729
v -0.752754 0.974778 -0.023986
v -0.687503 0.978537 -0.01698
v -0.759184 0.974407 -0.021155
v -0.766488 0.973986 -0.018808
v -0.774624 0.973517 -0.016957
v -0.774624 0.973517 -0.016957
v -0.687503 0.978537 -0.01698
v -0.783547 0.973003 -0.015611
v -0.695362 0.978084 -0.010092
v -0.783547 0.973003 -0.015611
v -0.793212 0.972446 -0.014778
v -0.803575 0.971849 -0.014465
v -0.868185 0.968127 0.013929
v -0.705154 0.97752 -0.003908
v -0.717262 0.976823 0.001492
v -0.731754 0.975988 0.00603
v -0.748166 0.975042 0.009635
v -0.766506 0.973985 0.012245
v -0.766506 0.973985 0.012245
v -0.786772 0.972818 0.0138
v -0.868185 0.968127 0.013929
v -0.786772 0.972818 0.0138
v -0.808948 0.97154 0.014249
v -0.868185 0.968127 0.013929
v -0.87215 0.967898 0.107472
v -1.192962 0.949414 -0.09332
v -1.145709 0.952136 -0.071364
v -1.192962 0.949414 0.091826
v -1.088489 0.955433 -0.098855
v -1.070127 0.956491 -0.099266
v -1.053269 0.957462 -0.098576
v -1.037952 0.958345 -0.096835
v -1.024204 0.959137 -0.094098
v -1.012038 0.959838 -0.090432
v -1.001463 0.960447 -0.085904
v -0.992477 0.960965 -0.080588
v -1.088104 0.955455 -0.07359
v -0.985071 0.961392 -0.074562
v -1.141731 0.952365 -0.012569
v -1.077296 0.956078 -0.073682
v -1.077296 0.956078 -0.073682
v -0.985071 0.961392 -0.074562
v -1.067664 0.956633 -0.07313
v -1.067664 0.956633 -0.07313
v -1.059173 0.957122 -0.071987
v -0.979233 0.961728 -0.067907
v -1.059173 0.957122 -0.071987
v -0.979233 0.961728 -0.067907
v -1.05178 0.957548 -0.070311
v -1.05178 0.957548 -0.070311
v -1.045439 0.957914 -0.068159
v -1.040099 0.958221 -0.065594
v -0.974944 0.961975 -0.060704
v -1.035705 0.958474 -0.062679
v -1.032201 0.958676 -0.059476
v -1.029528 0.95883 -0.05605
v -0.972186 0.962134 -0.053039
v -1.027627 0.95894 -0.052465
v -1.026437 0.959008 -0.048786
v -0.970932 0.962207 -0.044995
v -1.025896 0.95904 -0.045078
v -1.026092 0.959028 -0.040213
v -0.971236 0.962189 -0.037005
v -1.027296 0.958959 -0.035699
v -0.973182 0.962077 -0.029346
v -1.029473 0.958833 -0.031552
v -1.032585 0.958654 -0.027788
v -0.976803 0.961868 -0.022097
v -1.032585 0.958654 -0.027788
v -0.976803 0.961868 -0.022097
v -1.036593 0.958423 -0.024421
v -1.036593 0.958423 -0.024421
v -1.041456 0.958143 -0.021465
v -0.982129 0.961561 -0.015337
v -1.047131 0.957816 -0.018931
v -1.053577 0.957445 -0.01683
v -1.053577 0.957445 -0.01683
v -0.982129 0.961561 -0.015337
v -1.060747 0.957032 -0.01517
v -1.060747 0.957032 -0.01517
v -1.068596 0.956579 -0.013961
v -0.989186 0.961155 -0.009141
v -1.068596 0.956579 -0.013961
v -0.989186 0.961155 -0.009141
v -1.077078 0.956091 -0.013209
v -1.077078 0.956091 -0.013209
v -1.086144 0.955568 -0.012919
v -1.141846 0.952359 0.012198
v -0.997993 0.960647 -0.003584
v -1.008999 0.960013 0.00126
v -1.008999 0.960013 0.00126
v -1.022235 0.959251 0.005315
v -1.141846 0.952359 0.012198
v -1.022235 0.959251 0.005315
v -1.037072 0.958396 0.008521
v -1.037072 0.958396 0.008521
v -1.053483 0.95745 0.010825
v -1.141846 0.952359 0.012198
v -1.053483 0.95745 0.010825
v -1.071429 0.956416 0.012181
v -1.071429 0.956416 0.012181
v -1.090859 0.955297 0.01255
v -1.146091 0.952114 0.094355
v -1.300432 0.943221 -0.087315
v -1.258864 0.945616 -0.089661
v -1.300432 0.943221 0.085821
v -1.258864 0.945616 0.088168
v -1.478802 0.932944 -0.077772
v -1.446925 0.934781 -0.079294
v -1.478802 0.932944 0.076279
v -1.446681 0.934795 0.057614
v -1.334834 0.941239 0.062096
v -1.335161 0.94122 0.083856
v -1.615178 0.925086 -0.074202
v -1.587772 0.926665 -0.055475
v -1.615178 0.925086 0.072709
v -1.510734 0.931104 -0.07643
v -1.510563 0.931114 -0.056991
v -1.587337 0.92669 -0.01481
v -1.587193 0.926699 0.004554
v -1.509069 0.9312 -0.015178
v -1.508566 0.931229 0.00469
v -1.587822 0.926662 0.072881
v -0.288827 0.926346 -0.093677
v -0.337332 0.923551 -0.123791
v -0.337332 0.923551 0.122297
v -0.254118 0.928346 -0.124061
v -0.238505 0.929246 -0.123517
v -0.223959 0.930084 -0.121908
v -0.210537 0.930857 -0.11927
v -0.198293 0.931563 -0.115637
v -0.187283 0.932197 -0.111044
v -0.177562 0.932757 -0.105528
v -0.169185 0.93324 -0.099122
v -0.259261 0.92805 -0.093685
v -0.169185 0.93324 -0.099122
v -0.288827 0.926346 -0.093677
v -0.162207 0.933642 -0.091863
v -0.259261 0.92805 -0.093685
v -0.288733 0.926352 -0.016296
v -0.162207 0.933642 -0.091863
v -0.259261 0.92805 -0.093685
v -0.248707 0.928658 -0.093394
v -0.248707 0.928658 -0.093394
v -0.239231 0.929204 -0.092533
v -0.230801 0.92969 -0.091119
v -0.156684 0.93396 -0.083785
v -0.223383 0.930117 -0.089171
v -0.156684 0.93396 -0.083785
v -0.223383 0.930117 -0.089171
v -0.216946 0.930488 -0.086705
v -0.216946 0.930488 -0.086705
v -0.211457 0.930804 -0.08374
v -0.152671 0.934191 -0.074924
v -0.206884 0.931068 -0.080292
v -0.203193 0.93128 -0.07638
v -0.200354 0.931444 -0.072021
v -0.150222 0.934332 -0.065314
v -0.198332 0.93156 -0.067232
v -0.197096 0.931632 -0.062032
v -0.149394 0.93438 -0.054991
v -0.196613 0.931659 -0.056437
v -0.19681 0.931648 -0.051317
v -0.149791 0.934357 -0.048001
v -0.197683 0.931598 -0.046307
v -0.150972 0.934289 -0.041326
v -0.199302 0.931504 -0.041469
v -0.201739 0.931364 -0.036869
v -0.152922 0.934177 -0.034977
v -0.205066 0.931172 -0.03257
v -0.155627 0.934021 -0.028967
v -0.209353 0.930925 -0.028637
v -0.159073 0.933822 -0.023309
v -0.214674 0.930619 -0.025133
v -0.221098 0.930249 -0.022123
v -0.163244 0.933582 -0.018014
v -0.228697 0.929811 -0.01967
v -0.163244 0.933582 -0.018014
v -0.228697 0.929811 -0.01967
v -0.237543 0.929301 -0.017839
v -0.168126 0.933301 -0.013097
v -0.237543 0.929301 -0.017839
v -0.168126 0.933301 -0.013097
v -0.237543 0.929301 -0.017839
v -0.247707 0.928715 -0.016693
v -0.168126 0.933301 -0.013097
v -0.247707 0.928715 -0.016693
v -0.259261 0.92805 -0.016297
v -0.288733 0.926352 0.015526
v -0.259261 0.92805 -0.016297
v -0.173705 0.932979 -0.008569
v -0.179965 0.932619 -0.004442
v -0.186893 0.932219 -0.00073
v -0.194473 0.931783 0.002555
v -0.202691 0.931309 0.005401
v -0.195668 0.931714 0.009273
v -0.189051 0.932095 0.013477
v -0.269547 0.927457 0.015526
v -0.189051 0.932095 0.013477
v -0.288733 0.926352 0.015526
v -0.263775 0.92779 0.01567
v -0.189051 0.932095 0.013477
v -0.269547 0.927457 0.015526
v -0.182778 0.932457 0.018013
v -0.263775 0.92779 0.01567
v -0.288838 0.926346 0.122556
v -0.258084 0.928118 0.016189
v -0.182778 0.932457 0.018013
v -0.258084 0.928118 0.016189
v -0.25238 0.928446 0.017222
v -0.182778 0.932457 0.018013
v -0.25238 0.928446 0.017222
v -0.246569 0.928781 0.018902
v -0.176787 0.932802 0.022879
v -0.246569 0.928781 0.018902
v -0.240556 0.929127 0.021365
v -0.234249 0.929491 0.024748
v -0.171017 0.933134 0.028078
v -0.227552 0.929877 0.029185
v -0.165406 0.933457 0.033608
v -0.22037 0.930291 0.034813
v -0.159893 0.933775 0.039469
v -0.212611 0.930738 0.041767
v -0.154415 0.934091 0.045662
v -0.20418 0.931223 0.050182
v -0.148912 0.934408 0.052186
v -0.194983 0.931753 0.060195
v -0.143321 0.93473 0.059042
v -0.13758 0.935061 0.066229
v -0.184925 0.932333 0.07194
v -0.131628 0.935404 0.073748
v -0.142849 0.934757 0.122568
v -0.128344 0.935593 0.07783
v -0.125226 0.935773 0.081634
v -0.122205 0.935947 0.085241
v -0.119213 0.936119 0.088736
v -0.116182 0.936294 0.0922
v -0.113044 0.936474 0.095717
v -0.109731 0.936665 0.09937
v -0.106174 0.93687 0.103241
v -0.102306 0.937093 0.107413
v -0.098058 0.937338 0.11197
v -0.093361 0.937609 0.116994
v -0.088149 0.937909 0.122568
v -0.562656 0.910569 -0.088936
v -0.62102 0.907206 -0.11793
v -0.62102 0.907206 0.116436
v -0.398051 0.920053 -0.123077
v -0.397934 0.92006 -0.091517
v -0.560346 0.910702 -0.017166
v -0.560243 0.910708 0.013578
v -0.402178 0.919815 -0.017615
v -0.402125 0.919818 0.013968
v -0.562656 0.910569 0.087443
v -0.393058 0.920341 0.090076
v -0.393171 0.920334 0.121655
v -0.867477 0.893005 -0.081076
v -0.923796 0.88976 -0.106539
v -0.923796 0.88976 0.105046
v -0.800763 0.896849 -0.111689
v -0.779779 0.898058 -0.111911
v -0.760683 0.899159 -0.110903
v -0.743476 0.90015 -0.108731
v -0.728149 0.901033 -0.105467
v -0.714685 0.901809 -0.101189
v -0.703063 0.902479 -0.095978
v -0.693254 0.903044 -0.089917
v -0.800426 0.896869 -0.083093
v -0.693254 0.903044 -0.089917
v -0.867477 0.893005 -0.081076
v -0.685229 0.903506 -0.083095
v -0.800426 0.896869 -0.083093
v -0.863762 0.893219 -0.014149
v -0.685229 0.903506 -0.083095
v -0.800426 0.896869 -0.083093
v -0.788057 0.897581 -0.083092
v -0.685229 0.903506 -0.083095
v -0.788057 0.897581 -0.083092
v -0.777096 0.898213 -0.082372
v -0.777096 0.898213 -0.082372
v -0.767484 0.898767 -0.080998
v -0.678958 0.903867 -0.075599
v -0.759156 0.899247 -0.079034
v -0.752047 0.899656 -0.076548
v -0.746087 0.9 -0.073609
v -0.674407 0.90413 -0.067519
v -0.741208 0.900281 -0.070288
v -0.73734 0.900504 -0.066656
v -0.734411 0.900672 -0.062782
v -0.671545 0.904295 -0.058946
v -0.732351 0.900791 -0.05874
v -0.731089 0.900864 -0.054599
v -0.670339 0.904364 -0.049971
v -0.730556 0.900895 -0.050432
v -0.730869 0.900877 -0.044971
v -0.670835 0.904335 -0.041071
v -0.732302 0.900794 -0.039911
v -0.673118 0.904204 -0.032551
v -0.734816 0.900649 -0.035267
v -0.73837 0.900444 -0.031055
v -0.677223 0.903967 -0.024493
v -0.742925 0.900182 -0.02729
v -0.748438 0.899864 -0.023986
v -0.683187 0.903624 -0.01698
v -0.754868 0.899494 -0.021155
v -0.762172 0.899073 -0.018808
v -0.770307 0.898604 -0.016957
v -0.77923 0.89809 -0.015611
v -0.691046 0.903171 -0.010092
v -0.691046 0.903171 -0.010092
v -0.77923 0.89809 -0.015611
v -0.788896 0.897533 -0.014778
v -0.691046 0.903171 -0.010092
v -0.788896 0.897533 -0.014778
v -0.799259 0.896936 -0.014465
v -0.863869 0.893213 0.013929
v -0.799259 0.896936 -0.014465
v -0.700837 0.902607 -0.003908
v -0.712945 0.901909 0.001492
v -0.727438 0.901074 0.00603
v -0.74385 0.900129 0.009635
v -0.76219 0.899072 0.012245
v -0.74385 0.900129 0.009635
v -0.863869 0.893213 0.013929
v -0.782455 0.897904 0.0138
v -0.76219 0.899072 0.012245
v -0.863869 0.893213 0.013929
v -0.804632 0.896626 0.014249
v -0.782455 0.897904 0.0138
v -0.863869 0.893213 0.013929
v -0.867833 0.892985 0.107472
v -1.141393 0.877223 -0.071364
v -1.188645 0.8745 -0.09332
v -1.188645 0.8745 0.091826
v -1.084172 0.88052 -0.098855
v -1.065811 0.881578 -0.099266
v -1.048953 0.882549 -0.098576
v -1.033636 0.883432 -0.096835
v -1.019887 0.884224 -0.094098
v -1.007722 0.884925 -0.090432
v -0.997147 0.885534 -0.085904
v -0.98816 0.886052 -0.080588
v -1.083788 0.880542 -0.07359
v -0.98816 0.886052 -0.080588
v -1.141393 0.877223 -0.071364
v -0.980754 0.886479 -0.074562
v -1.083788 0.880542 -0.07359
v -1.137415 0.877452 -0.012569
v -1.072979 0.881165 -0.073682
v -1.063347 0.88172 -0.07313
v -1.054856 0.882209 -0.071987
v -0.974916 0.886815 -0.067907
v -1.047464 0.882635 -0.070311
v -1.041123 0.883 -0.068159
v -1.035783 0.883308 -0.065594
v -0.970628 0.887062 -0.060704
v -1.031389 0.883561 -0.062679
v -1.027885 0.883763 -0.059476
v -1.025212 0.883917 -0.05605
v -0.967869 0.887221 -0.053039
v -1.023311 0.884027 -0.052465
v -1.02212 0.884095 -0.048786
v -0.966615 0.887293 -0.044995
v -1.02158 0.884126 -0.045078
v -1.021776 0.884115 -0.040213
v -0.966919 0.887276 -0.037005
v -1.02298 0.884046 -0.035699
v -0.968865 0.887164 -0.029346
v -1.025157 0.88392 -0.031552
v -1.028269 0.883741 -0.027788
v -0.972487 0.886955 -0.022097
v -1.032276 0.88351 -0.024421
v -1.037139 0.88323 -0.021465
v -0.977813 0.886648 -0.015337
v -1.042815 0.882903 -0.018931
v -1.04926 0.882531 -0.01683
v -1.056431 0.882118 -0.01517
v -1.06428 0.881666 -0.013961
v -0.984869 0.886241 -0.009141
v -1.072761 0.881177 -0.013209
v -1.081828 0.880655 -0.012919
v -1.137529 0.877445 0.012198
v -0.993676 0.885734 -0.003584
v -1.004683 0.8851 0.00126
v -1.017918 0.884337 0.005315
v -1.032755 0.883482 0.008521
v -1.017918 0.884337 0.005315
v -1.137529 0.877445 0.012198
v -1.049166 0.882537 0.010825
v -1.032755 0.883482 0.008521
v -1.067113 0.881503 0.012181
v -1.049166 0.882537 0.010825
v -1.137529 0.877445 0.012198
v -1.086543 0.880383 0.01255
v -1.067113 0.881503 0.012181
v -1.141774 0.877201 0.094355
v -1.254547 0.870703 -0.089661
v -1.296116 0.868308 -0.087315
v -1.296116 0.868308 0.085821
v -1.254547 0.870703 0.088168
v -1.442609 0.859867 -0.079294
v -1.474486 0.858031 -0.077772
v -1.474486 0.858031 0.076279
v -1.442365 0.859881 0.057614
v -1.330518 0.866326 0.062096
v -1.330844 0.866307 0.083856
v -1.583455 0.851752 -0.055475
v -1.610862 0.850173 -0.074202
v -1.610862 0.850173 0.072709
v -1.506418 0.856191 -0.07643
v -1.506247 0.856201 -0.056991
v -1.583021 0.851777 -0.01481
v -1.582877 0.851785 0.004554
v -1.504753 0.856287 -0.015178
v -1.50425 0.856316 0.00469
v -1.583506 0.851749 0.072881
v -0.246569 0.928781 0.018902
v -0.25238 0.928446 0.017222
v -0.256696 1.00336 0.017222
v -1.50425 0.856316 0.00469
v -1.582877 0.851785 0.004554
v -1.587193 0.926699 0.004554
v -1.027296 0.958959 -0.035699
v -1.02298 0.884046 -0.035699
v -1.021776 0.884115 -0.040213
v -1.032585 0.958654 -0.027788
v -1.028269 0.883741 -0.027788
v -1.025157 0.88392 -0.031552
v -0.77923 0.89809 -0.015611
v -0.770307 0.898604 -0.016957
v -0.774624 0.973517 -0.016957
v -1.05178 0.957548 -0.070311
v -1.047464 0.882635 -0.070311
v -1.054856 0.882209 -0.071987
v -1.053483 0.95745 0.010825
v -1.049166 0.882537 0.010825
v -1.067113 0.881503 0.012181
v -1.510734 0.931104 -0.07643
v -1.506418 0.856191 -0.07643
v -1.506247 0.856201 -0.056991
v -0.208497 1.006137 0.050182
v -0.20418 0.931223 0.050182
v -0.212611 0.930738 0.041767
v -1.587772 0.926665 -0.055475
v -1.583455 0.851752 -0.055475
v -1.583021 0.851777 -0.01481
v -0.683274 0.978781 -0.075599
v -0.678958 0.903867 -0.075599
v -0.674407 0.90413 -0.067519
v -0.393058 0.920341 0.090076
v -0.393171 0.920334 0.121655
v -0.397488 0.995247 0.121655
v -1.045439 0.957914 -0.068159
v -1.041123 0.883 -0.068159
v -1.047464 0.882635 -0.070311
v -0.781413 0.973126 -0.082372
v -0.777096 0.898213 -0.082372
v -0.788057 0.897581 -0.083092
v -1.258864 0.945616 -0.089661
v -1.254547 0.870703 -0.089661
v -1.254547 0.870703 0.088168
v -0.20093 1.006573 -0.056437
v -0.196613 0.931659 -0.056437
v -0.197096 0.931632 -0.062032
v -0.201413 1.006545 -0.062032
v -0.197096 0.931632 -0.062032
v -0.198332 0.93156 -0.067232
v -0.974944 0.961975 -0.060704
v -0.970628 0.887062 -0.060704
v -0.967869 0.887221 -0.053039
v -1.330844 0.866307 0.083856
v -1.474486 0.858031 0.076279
v -1.478802 0.932944 0.076279
v -1.145709 0.952136 -0.071364
v -1.141393 0.877223 -0.071364
v -1.137415 0.877452 -0.012569
v -1.004683 0.8851 0.00126
v -1.017918 0.884337 0.005315
v -1.022235 0.959251 0.005315
v -0.159073 0.933822 -0.023309
v -0.163244 0.933582 -0.018014
v -0.167561 1.008495 -0.018014
v -0.979233 0.961728 -0.067907
v -0.974916 0.886815 -0.067907
v -0.970628 0.887062 -0.060704
v -0.088149 0.937909 0.122568
v -0.142849 0.934757 0.122568
v -0.147165 1.00967 0.122568
v -0.677434 0.979117 -0.032551
v -0.673118 0.904204 -0.032551
v -0.677223 0.903967 -0.024493
v -0.799259 0.896936 -0.014465
v -0.788896 0.897533 -0.014778
v -0.793212 0.972446 -0.014778
v -1.086144 0.955568 -0.012919
v -1.081828 0.880655 -0.012919
v -1.072761 0.881177 -0.013209
v -0.397488 0.995247 0.121655
v -0.393171 0.920334 0.121655
v -0.62102 0.907206 0.116436
v -0.972487 0.886955 -0.022097
v -0.977813 0.886648 -0.015337
v -0.982129 0.961561 -0.015337
v -0.293049 1.001265 -0.016296
v -0.288733 0.926352 -0.016296
v -0.259261 0.92805 -0.016297
v -1.072761 0.881177 -0.013209
v -1.06428 0.881666 -0.013961
v -1.068596 0.956579 -0.013961
v -0.116182 0.936294 0.0922
v -0.113044 0.936474 0.095717
v -0.117361 1.011388 0.095717
v -0.184282 1.007532 -0.004442
v -0.179965 0.932619 -0.004442
v -0.186893 0.932219 -0.00073
v -0.193367 1.007008 0.013477
v -0.189051 0.932095 0.013477
v -0.182778 0.932457 0.018013
v -0.727438 0.901074 0.00603
v -0.74385 0.900129 0.009635
v -0.748166 0.975042 0.009635
v -0.2624 1.003031 0.016189
v -0.258084 0.928118 0.016189
v -0.263775 0.92779 0.01567
v -0.732466 0.975947 -0.105467
v -0.728149 0.901033 -0.105467
v -0.714685 0.901809 -0.101189
v -0.168126 0.933301 -0.013097
v -0.173705 0.932979 -0.008569
v -0.178021 1.007893 -0.008569
v -0.235117 1.004603 -0.091119
v -0.230801 0.92969 -0.091119
v -0.239231 0.929204 -0.092533
v -0.782455 0.897904 0.0138
v -0.804632 0.896626 0.014249
v -0.808948 0.97154 0.014249
v -0.199302 0.931504 -0.041469
v -0.197683 0.931598 -0.046307
v -0.201999 1.006511 -0.046307
v -0.093361 0.937609 0.116994
v -0.088149 0.937909 0.122568
v -0.092465 1.012822 0.122568
v -0.24186 1.004214 -0.017839
v -0.237543 0.929301 -0.017839
v -0.228697 0.929811 -0.01967
v -0.181104 1.007715 0.022879
v -0.176787 0.932802 0.022879
v -0.171017 0.933134 0.028078
v -0.238565 1.004404 0.024748
v -0.234249 0.929491 0.024748
v -0.240556 0.929127 0.021365
v -0.269547 0.927457 0.015526
v -0.288733 0.926352 0.015526
v -0.29305 1.001265 0.015526
v -0.966615 0.887293 -0.044995
v -0.966919 0.887276 -0.037005
v -0.971236 0.962189 -0.037005
v -0.201999 1.006511 -0.046307
v -0.197683 0.931598 -0.046307
v -0.19681 0.931648 -0.051317
v -0.743476 0.90015 -0.108731
v -0.728149 0.901033 -0.105467
v -0.732466 0.975947 -0.105467
v -0.748166 0.975042 0.009635
v -0.74385 0.900129 0.009635
v -0.76219 0.899072 0.012245
v -0.152922 0.934177 -0.034977
v -0.155627 0.934021 -0.028967
v -0.159944 1.008934 -0.028967
v -0.804632 0.896626 0.014249
v -0.863869 0.893213 0.013929
v -0.868185 0.968127 0.013929
v -0.186893 0.932219 -0.00073
v -0.194473 0.931783 0.002555
v -0.198789 1.006696 0.002555
v -0.746087 0.9 -0.073609
v -0.752047 0.899656 -0.076548
v -0.756363 0.97457 -0.076548
v -1.027627 0.95894 -0.052465
v -1.023311 0.884027 -0.052465
v -1.025212 0.883917 -0.05605
v -0.992477 0.960965 -0.080588
v -0.98816 0.886052 -0.080588
v -0.980754 0.886479 -0.074562
v -1.035705 0.958474 -0.062679
v -1.031389 0.883561 -0.062679
v -1.035783 0.883308 -0.065594
v -1.037139 0.88323 -0.021465
v -1.032276 0.88351 -0.024421
v -1.036593 0.958423 -0.024421
v -0.560346 0.910702 -0.017166
v -0.402178 0.919815 -0.017615
v -0.406494 0.994728 -0.017615
v -0.762172 0.899073 -0.018808
v -0.754868 0.899494 -0.021155
v -0.759184 0.974407 -0.021155
v -0.980754 0.886479 -0.074562
v -0.974916 0.886815 -0.067907
v -0.979233 0.961728 -0.067907
v -1.300432 0.943221 0.085821
v -1.296116 0.868308 0.085821
v -1.296116 0.868308 -0.087315
v -0.736667 0.975704 -0.05874
v -0.732351 0.900791 -0.05874
v -0.734411 0.900672 -0.062782
v -0.126521 1.01086 0.085241
v -0.122205 0.935947 0.085241
v -0.119213 0.936119 0.088736
v -0.966919 0.887276 -0.037005
v -0.968865 0.887164 -0.029346
v -0.973182 0.962077 -0.029346
v -0.215774 1.005717 -0.08374
v -0.211457 0.930804 -0.08374
v -0.216946 0.930488 -0.086705
v -1.056431 0.882118 -0.01517
v -1.04926 0.882531 -0.01683
v -1.053577 0.957445 -0.01683
v -1.090859 0.955297 0.01255
v -1.086543 0.880383 0.01255
v -1.137529 0.877445 0.012198
v -0.868185 0.968127 0.013929
v -0.863869 0.893213 0.013929
v -0.867833 0.892985 0.107472
v -0.997993 0.960647 -0.003584
v -0.993676 0.885734 -0.003584
v -1.004683 0.8851 0.00126
v -1.582877 0.851785 0.004554
v -1.583506 0.851749 0.072881
v -1.587822 0.926662 0.072881
v -1.258864 0.945616 0.088168
v -1.254547 0.870703 0.088168
v -1.296116 0.868308 0.085821
v -0.293155 1.001259 0.122556
v -0.288838 0.926346 0.122556
v -0.337332 0.923551 0.122297
v -1.047131 0.957816 -0.018931
v -1.042815 0.882903 -0.018931
v -1.037139 0.88323 -0.021465
v -0.206055 1.006277 -0.036869
v -0.201739 0.931364 -0.036869
v -0.199302 0.931504 -0.041469
v -0.106622 1.012007 0.107413
v -0.102306 0.937093 0.107413
v -0.098058 0.937338 0.11197
v -0.738727 0.975586 -0.062782
v -0.734411 0.900672 -0.062782
v -0.73734 0.900504 -0.066656
v -0.117361 1.011388 0.095717
v -0.113044 0.936474 0.095717
v -0.109731 0.936665 0.09937
v -0.253024 1.003571 -0.093394
v -0.248707 0.928658 -0.093394
v -0.259261 0.92805 -0.093685
v -0.675152 0.979249 -0.041071
v -0.670835 0.904335 -0.041071
v -0.673118 0.904204 -0.032551
v -0.341648 0.998465 0.122297
v -0.337332 0.923551 0.122297
v -0.337332 0.923551 -0.123791
v -0.406494 0.994728 -0.017615
v -0.402178 0.919815 -0.017615
v -0.402125 0.919818 0.013968
v -0.223959 0.930084 -0.121908
v -0.210537 0.930857 -0.11927
v -0.214853 1.00577 -0.11927
v -1.036593 0.958423 -0.024421
v -1.032276 0.88351 -0.024421
v -1.028269 0.883741 -0.027788
v -0.677223 0.903967 -0.024493
v -0.683187 0.903624 -0.01698
v -0.687503 0.978537 -0.01698
v -0.154539 1.009246 -0.065314
v -0.150222 0.934332 -0.065314
v -0.149394 0.93438 -0.054991
v -0.730556 0.900895 -0.050432
v -0.731089 0.900864 -0.054599
v -0.735406 0.975777 -0.054599
v -1.025896 0.95904 -0.045078
v -1.02158 0.884126 -0.045078
v -1.02212 0.884095 -0.048786
v -0.752754 0.974778 -0.023986
v -0.748438 0.899864 -0.023986
v -0.742925 0.900182 -0.02729
v -0.231868 1.00479 0.029185
v -0.227552 0.929877 0.029185
v -0.234249 0.929491 0.024748
v -0.730869 0.900877 -0.044971
v -0.730556 0.900895 -0.050432
v -0.734873 0.975808 -0.050432
v -0.19681 0.931648 -0.051317
v -0.196613 0.931659 -0.056437
v -0.20093 1.006573 -0.056437
v -0.972186 0.962134 -0.053039
v -0.967869 0.887221 -0.053039
v -0.966615 0.887293 -0.044995
v -1.478802 0.932944 0.076279
v -1.474486 0.858031 0.076279
v -1.474486 0.858031 -0.077772
v -0.155288 1.009202 -0.041326
v -0.150972 0.934289 -0.041326
v -0.152922 0.934177 -0.034977
v -0.928112 0.964674 0.105046
v -0.923796 0.88976 0.105046
v -0.923796 0.88976 -0.106539
v -0.793212 0.972446 -0.014778
v -0.788896 0.897533 -0.014778
v -0.77923 0.89809 -0.015611
v -0.747241 0.975095 -0.02729
v -0.742925 0.900182 -0.02729
v -0.73837 0.900444 -0.031055
v -0.147637 1.009643 0.059042
v -0.143321 0.93473 0.059042
v -0.13758 0.935061 0.066229
v -0.165406 0.933457 0.033608
v -0.159893 0.933775 0.039469
v -0.164209 1.008688 0.039469
v -0.109731 0.936665 0.09937
v -0.106174 0.93687 0.103241
v -0.110491 1.011784 0.103241
v -0.259261 0.92805 -0.016297
v -0.247707 0.928715 -0.016693
v -0.252024 1.003629 -0.016693
v -0.69757 0.977957 -0.089917
v -0.693254 0.903044 -0.089917
v -0.685229 0.903506 -0.083095
v -1.509069 0.9312 -0.015178
v -1.504753 0.856287 -0.015178
v -1.50425 0.856316 0.00469
v -0.735406 0.975777 -0.054599
v -0.731089 0.900864 -0.054599
v -0.732351 0.900791 -0.05874
v -0.21367 1.005839 -0.028637
v -0.209353 0.930925 -0.028637
v -0.205066 0.931172 -0.03257
v -0.759184 0.974407 -0.021155
v -0.754868 0.899494 -0.021155
v -0.748438 0.899864 -0.023986
v -0.341648 0.998465 -0.123791
v -0.337332 0.923551 -0.123791
v -0.254118 0.928346 -0.124061
v -0.928112 0.964674 -0.106539
v -0.923796 0.88976 -0.106539
v -0.800763 0.896849 -0.111689
v -1.615178 0.925086 0.072709
v -1.610862 0.850173 0.072709
v -1.610862 0.850173 -0.074202
v -1.059173 0.957122 -0.071987
v -1.054856 0.882209 -0.071987
v -1.063347 0.88172 -0.07313
v -0.742687 0.975358 -0.031055
v -0.73837 0.900444 -0.031055
v -0.734816 0.900649 -0.035267
v -0.212611 0.930738 0.041767
v -0.22037 0.930291 0.034813
v -0.224687 1.005204 0.034813
v -0.20751 1.006194 -0.07638
v -0.203193 0.93128 -0.07638
v -0.206884 0.931068 -0.080292
v -0.788057 0.897581 -0.083092
v -0.800426 0.896869 -0.083093
v -0.804742 0.971782 -0.083093
v -0.177562 0.932757 -0.105528
v -0.169185 0.93324 -0.099122
v -0.173501 1.008153 -0.099122
v -0.189242 1.007246 0.07194
v -0.184925 0.932333 0.07194
v -0.194983 0.931753 0.060195
v -1.141846 0.952359 0.012198
v -1.137529 0.877445 0.012198
v -1.141774 0.877201 0.094355
v -1.615178 0.925086 -0.074202
v -1.610862 0.850173 -0.074202
v -1.506418 0.856191 -0.07643
v -0.159944 1.008934 -0.028967
v -0.155627 0.934021 -0.028967
v -0.159073 0.933822 -0.023309
v -1.088104 0.955455 -0.07359
v -1.083788 0.880542 -0.07359
v -1.141393 0.877223 -0.071364
v -0.209382 1.006086 -0.03257
v -0.205066 0.931172 -0.03257
v -0.201739 0.931364 -0.036869
v -0.167561 1.008495 -0.018014
v -0.163244 0.933582 -0.018014
v -0.168126 0.933301 -0.013097
v -1.025212 0.883917 -0.05605
v -1.027885 0.883763 -0.059476
v -1.032201 0.958676 -0.059476
v -0.40225 0.994973 -0.091517
v -0.397934 0.92006 -0.091517
v -0.562656 0.910569 -0.088936
v -0.214853 1.00577 -0.11927
v -0.210537 0.930857 -0.11927
v -0.198293 0.931563 -0.115637
v -0.402368 0.994966 -0.123077
v -0.398051 0.920053 -0.123077
v -0.397934 0.92006 -0.091517
v -0.198789 1.006696 0.002555
v -0.194473 0.931783 0.002555
v -0.202691 0.931309 0.005401
v -0.736618 0.975707 -0.039911
v -0.732302 0.900794 -0.039911
v -0.730869 0.900877 -0.044971
v -1.067113 0.881503 0.012181
v -1.086543 0.880383 0.01255
v -1.090859 0.955297 0.01255
v -1.032755 0.883482 0.008521
v -1.049166 0.882537 0.010825
v -1.053483 0.95745 0.010825
v -1.048953 0.882549 -0.098576
v -1.033636 0.883432 -0.096835
v -1.037952 0.958345 -0.096835
v -0.263578 1.002963 -0.093685
v -0.259261 0.92805 -0.093685
v -0.288827 0.926346 -0.093677
v -0.719002 0.976722 -0.101189
v -0.714685 0.901809 -0.101189
v -0.703063 0.902479 -0.095978
v -0.125226 0.935773 0.081634
v -0.122205 0.935947 0.085241
v -0.126521 1.01086 0.085241
v -0.804742 0.971782 -0.083093
v -0.800426 0.896869 -0.083093
v -0.867477 0.893005 -0.081076
v -1.017918 0.884337 0.005315
v -1.032755 0.883482 0.008521
v -1.037072 0.958396 0.008521
v -0.148912 0.934408 0.052186
v -0.143321 0.93473 0.059042
v -0.147637 1.009643 0.059042
v -0.1993 1.006667 0.060195
v -0.194983 0.931753 0.060195
v -0.20418 0.931223 0.050182
v -0.685229 0.903506 -0.083095
v -0.678958 0.903867 -0.075599
v -0.683274 0.978781 -0.075599
v -0.141896 1.009974 0.066229
v -0.13758 0.935061 0.066229
v -0.131628 0.935404 0.073748
v -0.166524 1.008555 -0.091863
v -0.162207 0.933642 -0.091863
v -0.156684 0.93396 -0.083785
v -0.625337 0.982119 0.116436
v -0.62102 0.907206 0.116436
v -0.62102 0.907206 -0.11793
v -0.147165 1.00967 0.122568
v -0.142849 0.934757 0.122568
v -0.184925 0.932333 0.07194
v -0.198332 0.93156 -0.067232
v -0.200354 0.931444 -0.072021
v -0.20467 1.006357 -0.072021
v -1.029473 0.958833 -0.031552
v -1.025157 0.88392 -0.031552
v -1.02298 0.884046 -0.035699
v -0.7718 0.97368 -0.080998
v -0.767484 0.898767 -0.080998
v -0.777096 0.898213 -0.082372
v -1.442365 0.859881 0.057614
v -1.330518 0.866326 0.062096
v -1.334834 0.941239 0.062096
v -0.756363 0.97457 -0.076548
v -0.752047 0.899656 -0.076548
v -0.759156 0.899247 -0.079034
v -0.868078 0.968133 -0.014149
v -0.863762 0.893219 -0.014149
v -0.799259 0.896936 -0.014465
v -0.135944 1.010317 0.073748
v -0.131628 0.935404 0.073748
v -0.128344 0.935593 0.07783
v -0.242821 1.004159 -0.123517
v -0.238505 0.929246 -0.123517
v -0.223959 0.930084 -0.121908
v -0.982129 0.961561 -0.015337
v -0.977813 0.886648 -0.015337
v -0.984869 0.886241 -0.009141
v -0.221098 0.930249 -0.022123
v -0.214674 0.930619 -0.025133
v -0.21899 1.005532 -0.025133
v -0.161001 1.008873 -0.083785
v -0.156684 0.93396 -0.083785
v -0.152671 0.934191 -0.074924
v -0.87215 0.967898 0.107472
v -0.867833 0.892985 0.107472
v -0.923796 0.88976 0.105046
v -0.22037 0.930291 0.034813
v -0.227552 0.929877 0.029185
v -0.231868 1.00479 0.029185
v -0.712945 0.901909 0.001492
v -0.727438 0.901074 0.00603
v -0.731754 0.975988 0.00603
v -0.178021 1.007893 -0.008569
v -0.173705 0.932979 -0.008569
v -0.179965 0.932619 -0.004442
v -0.62102 0.907206 -0.11793
v -0.398051 0.920053 -0.123077
v -0.402368 0.994966 -0.123077
v -0.20467 1.006357 -0.072021
v -0.200354 0.931444 -0.072021
v -0.203193 0.93128 -0.07638
v -0.25238 0.928446 0.017222
v -0.258084 0.928118 0.016189
v -0.2624 1.003031 0.016189
v -1.032201 0.958676 -0.059476
v -1.027885 0.883763 -0.059476
v -1.031389 0.883561 -0.062679
v -1.072979 0.881165 -0.073682
v -1.083788 0.880542 -0.07359
v -1.088104 0.955455 -0.07359
v -0.164209 1.008688 0.039469
v -0.159893 0.933775 0.039469
v -0.154415 0.934091 0.045662
v -0.244873 1.004041 0.021365
v -0.240556 0.929127 0.021365
v -0.246569 0.928781 0.018902
v -0.670339 0.904364 -0.049971
v -0.670835 0.904335 -0.041071
v -0.675152 0.979249 -0.041071
v -0.766506 0.973985 0.012245
v -0.76219 0.899072 0.012245
v -0.782455 0.897904 0.0138
v -0.156987 1.009105 -0.074924
v -0.152671 0.934191 -0.074924
v -0.150222 0.934332 -0.065314
v -0.175334 1.008048 0.028078
v -0.171017 0.933134 0.028078
v -0.165406 0.933457 0.033608
v -0.243548 1.004117 -0.092533
v -0.239231 0.929204 -0.092533
v -0.248707 0.928658 -0.093394
v -0.779779 0.898058 -0.111911
v -0.760683 0.899159 -0.110903
v -0.765 0.974072 -0.110903
v -0.247707 0.928715 -0.016693
v -0.237543 0.929301 -0.017839
v -0.24186 1.004214 -0.017839
v -1.035783 0.883308 -0.065594
v -1.041123 0.883 -0.068159
v -1.045439 0.957914 -0.068159
v -0.745525 0.975194 -0.070288
v -0.741208 0.900281 -0.070288
v -0.746087 0.9 -0.073609
v -0.2277 1.00503 -0.089171
v -0.223383 0.930117 -0.089171
v -0.230801 0.92969 -0.091119
v -0.675861 0.979208 -0.058946
v -0.671545 0.904295 -0.058946
v -0.670339 0.904364 -0.049971
v -1.024204 0.959137 -0.094098
v -1.019887 0.884224 -0.094098
v -1.007722 0.884925 -0.090432
v -1.587822 0.926662 0.072881
v -1.583506 0.851749 0.072881
v -1.610862 0.850173 0.072709
v -0.997147 0.885534 -0.085904
v -0.98816 0.886052 -0.080588
v -0.992477 0.960965 -0.080588
v -0.984869 0.886241 -0.009141
v -0.993676 0.885734 -0.003584
v -0.997993 0.960647 -0.003584
v -0.123529 1.011032 0.088736
v -0.119213 0.936119 0.088736
v -0.116182 0.936294 0.0922
v -1.296116 0.868308 -0.087315
v -1.254547 0.870703 -0.089661
v -1.258864 0.945616 -0.089661
v -0.973182 0.962077 -0.029346
v -0.968865 0.887164 -0.029346
v -0.972487 0.886955 -0.022097
v -1.510563 0.931114 -0.056991
v -1.506247 0.856201 -0.056991
v -1.583455 0.851752 -0.055475
v -0.173501 1.008153 -0.099122
v -0.169185 0.93324 -0.099122
v -0.162207 0.933642 -0.091863
v -0.805079 0.971763 -0.111689
v -0.800763 0.896849 -0.111689
v -0.779779 0.898058 -0.111911
v -0.149791 0.934357 -0.048001
v -0.150972 0.934289 -0.041326
v -0.155288 1.009202 -0.041326
v -0.207008 1.006222 0.005401
v -0.202691 0.931309 0.005401
v -0.195668 0.931714 0.009273
v -1.053577 0.957445 -0.01683
v -1.04926 0.882531 -0.01683
v -1.042815 0.882903 -0.018931
v -0.739132 0.975562 -0.035267
v -0.734816 0.900649 -0.035267
v -0.732302 0.900794 -0.039911
v -1.012038 0.959838 -0.090432
v -1.007722 0.884925 -0.090432
v -0.997147 0.885534 -0.085904
v -1.026092 0.959028 -0.040213
v -1.021776 0.884115 -0.040213
v -1.02158 0.884126 -0.045078
v -0.406441 0.994731 0.013968
v -0.402125 0.919818 0.013968
v -0.560243 0.910708 0.013578
v -0.206884 0.931068 -0.080292
v -0.211457 0.930804 -0.08374
v -0.215774 1.005717 -0.08374
v -0.187094 1.00737 0.018013
v -0.182778 0.932457 0.018013
v -0.176787 0.932802 0.022879
v -1.033636 0.883432 -0.096835
v -1.019887 0.884224 -0.094098
v -1.024204 0.959137 -0.094098
v -0.560243 0.910708 0.013578
v -0.562656 0.910569 0.087443
v -0.566973 0.985482 0.087443
v -0.15371 1.009293 -0.054991
v -0.149394 0.93438 -0.054991
v -0.149791 0.934357 -0.048001
v -1.192962 0.949414 0.091826
v -1.188645 0.8745 0.091826
v -1.188645 0.8745 -0.09332
v -0.871793 0.967919 -0.081076
v -0.867477 0.893005 -0.081076
v -0.863762 0.893219 -0.014149
v -1.141731 0.952365 -0.012569
v -1.137415 0.877452 -0.012569
v -1.081828 0.880655 -0.012919
v -1.068596 0.956579 -0.013961
v -1.06428 0.881666 -0.013961
v -1.056431 0.882118 -0.01517
v -0.187283 0.932197 -0.111044
v -0.177562 0.932757 -0.105528
v -0.181878 1.00767 -0.105528
v -0.759156 0.899247 -0.079034
v -0.767484 0.898767 -0.080998
v -0.7718 0.97368 -0.080998
v -1.088489 0.955433 -0.098855
v -1.084172 0.88052 -0.098855
v -1.065811 0.881578 -0.099266
v -0.29305 1.001265 0.015526
v -0.288733 0.926352 0.015526
v -0.288838 0.926346 0.122556
v -0.566973 0.985482 -0.088936
v -0.562656 0.910569 -0.088936
v -0.560346 0.910702 -0.017166
v -0.202609 1.006476 -0.115637
v -0.198293 0.931563 -0.115637
v -0.187283 0.932197 -0.111044
v -0.691046 0.903171 -0.010092
v -0.700837 0.902607 -0.003908
v -0.705154 0.97752 -0.003908
v -0.705154 0.97752 -0.003908
v -0.700837 0.902607 -0.003908
v -0.712945 0.901909 0.001492
v -0.233014 1.004724 -0.01967
v -0.228697 0.929811 -0.01967
v -0.221098 0.930249 -0.022123
v -0.73734 0.900504 -0.066656
v -0.741208 0.900281 -0.070288
v -0.745525 0.975194 -0.070288
v -0.195668 0.931714 0.009273
v -0.189051 0.932095 0.013477
v -0.193367 1.007008 0.013477
v -0.128344 0.935593 0.07783
v -0.125226 0.935773 0.081634
v -0.129542 1.010686 0.081634
v -1.474486 0.858031 -0.077772
v -1.442609 0.859867 -0.079294
v -1.446925 0.934781 -0.079294
v -1.026437 0.959008 -0.048786
v -1.02212 0.884095 -0.048786
v -1.023311 0.884027 -0.052465
v -1.067664 0.956633 -0.07313
v -1.063347 0.88172 -0.07313
v -1.072979 0.881165 -0.073682
v -0.765 0.974072 -0.110903
v -0.760683 0.899159 -0.110903
v -0.743476 0.90015 -0.108731
v -0.687503 0.978537 -0.01698
v -0.683187 0.903624 -0.01698
v -0.691046 0.903171 -0.010092
v -0.154415 0.934091 0.045662
v -0.148912 0.934408 0.052186
v -0.153228 1.009321 0.052186
v -1.446925 0.934781 -0.079294
v -1.442609 0.859867 -0.079294
v -1.442365 0.859881 0.057614
v -0.703063 0.902479 -0.095978
v -0.693254 0.903044 -0.089917
v -0.69757 0.977957 -0.089917
v -1.192962 0.949414 -0.09332
v -1.188645 0.8745 -0.09332
v -1.084172 0.88052 -0.098855
v -1.587337 0.92669 -0.01481
v -1.583021 0.851777 -0.01481
v -1.504753 0.856287 -0.015178
v -0.678724 0.979043 -0.067519
v -0.674407 0.90413 -0.067519
v -0.671545 0.904295 -0.058946
v -0.774624 0.973517 -0.016957
v -0.770307 0.898604 -0.016957
v -0.762172 0.899073 -0.018808
v -0.106174 0.93687 0.103241
v -0.102306 0.937093 0.107413
v -0.106622 1.012007 0.107413
v -0.216946 0.930488 -0.086705
v -0.223383 0.930117 -0.089171
v -0.2277 1.00503 -0.089171
v -0.293143 1.00126 -0.093677
v -0.288827 0.926346 -0.093677
v -0.288733 0.926352 -0.016296
v -0.254118 0.928346 -0.124061
v -0.238505 0.929246 -0.123517
v -0.242821 1.004159 -0.123517
v -0.566973 0.985482 0.087443
v -0.562656 0.910569 0.087443
v -0.393058 0.920341 0.090076
v -0.21899 1.005532 -0.025133
v -0.214674 0.930619 -0.025133
v -0.209353 0.930925 -0.028637
v -1.141774 0.877201 0.094355
v -1.188645 0.8745 0.091826
v -1.192962 0.949414 0.091826
v -0.102374 1.012251 0.11197
v -0.098058 0.937338 0.11197
v -0.093361 0.937609 0.116994
v -1.065811 0.881578 -0.099266
v -1.048953 0.882549 -0.098576
v -1.053269 0.957462 -0.098576
v -1.334834 0.941239 0.062096
v -1.330518 0.866326 0.062096
v -1.330844 0.866307 0.083856
v -0.268091 1.002703 0.01567
v -0.263775 0.92779 0.01567
v -0.269547 0.927457 0.015526
v -0.250885 1.003694 0.018902
v -1.508566 0.931229 0.00469
v -1.026092 0.959028 -0.040213
v -1.029473 0.958833 -0.031552
v -0.783547 0.973003 -0.015611
v -1.059173 0.957122 -0.071987
v -1.071429 0.956416 0.012181
v -1.510563 0.931114 -0.056991
v -0.216928 1.005651 0.041767
v -1.587337 0.92669 -0.01481
v -0.678724 0.979043 -0.067519
v -0.397374 0.995254 0.090076
v -1.05178 0.957548 -0.070311
v -0.792373 0.972495 -0.083092
v -1.258864 0.945616 0.088168
v -0.201413 1.006545 -0.062032
v -0.202649 1.006474 -0.067232
v -0.972186 0.962134 -0.053039
v -1.335161 0.94122 0.083856
v -1.141731 0.952365 -0.012569
v -1.008999 0.960013 0.00126
v -0.163389 1.008736 -0.023309
v -0.974944 0.961975 -0.060704
v -0.092465 1.012822 0.122568
v -0.681539 0.978881 -0.024493
v -0.803575 0.971849 -0.014465
v -1.077078 0.956091 -0.013209
v -0.625337 0.982119 0.116436
v -0.976803 0.961868 -0.022097
v -0.263578 1.002963 -0.016297
v -1.077078 0.956091 -0.013209
v -0.120498 1.011207 0.0922
v -0.191209 1.007133 -0.00073
v -0.187094 1.00737 0.018013
v -0.731754 0.975988 0.00603
v -0.268091 1.002703 0.01567
v -0.719002 0.976722 -0.101189
v -0.172443 1.008214 -0.013097
v -0.243548 1.004117 -0.092533
v -0.786772 0.972818 0.0138
v -0.203618 1.006418 -0.041469
v -0.097678 1.012522 0.116994
v -0.233014 1.004724 -0.01967
v -0.175334 1.008048 0.028078
v -0.244873 1.004041 0.021365
v -0.273863 1.00237 0.015526
v -0.970932 0.962207 -0.044995
v -0.201127 1.006561 -0.051317
v -0.747793 0.975063 -0.108731
v -0.766506 0.973985 0.012245
v -0.157239 1.00909 -0.034977
v -0.808948 0.97154 0.014249
v -0.191209 1.007133 -0.00073
v -0.750404 0.974913 -0.073609
v -1.029528 0.95883 -0.05605
v -0.985071 0.961392 -0.074562
v -1.040099 0.958221 -0.065594
v -1.041456 0.958143 -0.021465
v -0.564662 0.985615 -0.017166
v -0.766488 0.973986 -0.018808
v -0.985071 0.961392 -0.074562
v -1.300432 0.943221 -0.087315
v -0.738727 0.975586 -0.062782
v -0.123529 1.011032 0.088736
v -0.966919 0.887276 -0.037005
v -0.973182 0.962077 -0.029346
v -0.971236 0.962189 -0.037005
v -0.221263 1.005401 -0.086705
v -1.060747 0.957032 -0.01517
v -1.141846 0.952359 0.012198
v -0.87215 0.967898 0.107472
v -1.008999 0.960013 0.00126
v -1.587193 0.926699 0.004554
v -1.300432 0.943221 0.085821
v -0.341648 0.998465 0.122297
v -1.041456 0.958143 -0.021465
v -0.203618 1.006418 -0.041469
v -0.102374 1.012251 0.11197
v -0.741656 0.975417 -0.066656
v -0.114047 1.011579 0.09937
v -0.263578 1.002963 -0.093685
v -0.677434 0.979117 -0.032551
v -0.341648 0.998465 -0.123791
v -0.406441 0.994731 0.013968
v -0.228275 1.004997 -0.121908
v -1.032585 0.958654 -0.027788
v -0.681539 0.978881 -0.024493
v -0.15371 1.009293 -0.054991
v -0.734873 0.975808 -0.050432
v -1.026437 0.959008 -0.048786
v -0.747241 0.975095 -0.02729
v -0.238565 1.004404 0.024748
v -0.735185 0.97579 -0.044971
v -0.201127 1.006561 -0.051317
v -0.970932 0.962207 -0.044995
v -1.478802 0.932944 -0.077772
v -0.157239 1.00909 -0.034977
v -0.928112 0.964674 -0.106539
v -0.783547 0.973003 -0.015611
v -0.742687 0.975358 -0.031055
v -0.141896 1.009974 0.066229
v -0.169723 1.008371 0.033608
v -0.114047 1.011579 0.09937
v -0.263578 1.002963 -0.016297
v -0.689546 0.97842 -0.083095
v -1.508566 0.931229 0.00469
v -0.736667 0.975704 -0.05874
v -0.209382 1.006086 -0.03257
v -0.752754 0.974778 -0.023986
v -0.258435 1.003259 -0.124061
v -0.805079 0.971763 -0.111689
v -1.615178 0.925086 -0.074202
v -1.059173 0.957122 -0.071987
v -1.063347 0.88172 -0.07313
v -1.067664 0.956633 -0.07313
v -0.739132 0.975562 -0.035267
v -0.216928 1.005651 0.041767
v -0.2112 1.005981 -0.080292
v -0.792373 0.972495 -0.083092
v -0.181878 1.00767 -0.105528
v -0.1993 1.006667 0.060195
v -1.146091 0.952114 0.094355
v -1.510734 0.931104 -0.07643
v -0.163389 1.008736 -0.023309
v -1.145709 0.952136 -0.071364
v -0.206055 1.006277 -0.036869
v -0.172443 1.008214 -0.013097
v -1.025212 0.883917 -0.05605
v -1.032201 0.958676 -0.059476
v -1.029528 0.95883 -0.05605
v -0.566973 0.985482 -0.088936
v -0.202609 1.006476 -0.115637
v -0.40225 0.994973 -0.091517
v -0.207008 1.006222 0.005401
v -0.735185 0.97579 -0.044971
v -1.071429 0.956416 0.012181
v -1.037072 0.958396 0.008521
v -1.053269 0.957462 -0.098576
v -0.293143 1.00126 -0.093677
v -0.707379 0.977392 -0.095978
v -0.129542 1.010686 0.081634
v -0.871793 0.967919 -0.081076
v -1.022235 0.959251 0.005315
v -0.153228 1.009321 0.052186
v -0.208497 1.006137 0.050182
v -0.689546 0.97842 -0.083095
v -0.135944 1.010317 0.073748
v -0.161001 1.008873 -0.083785
v -0.625337 0.982119 -0.11793
v -0.189242 1.007246 0.07194
v -0.202649 1.006474 -0.067232
v -1.029473 0.958833 -0.031552
v -1.02298 0.884046 -0.035699
v -1.027296 0.958959 -0.035699
v -0.781413 0.973126 -0.082372
v -1.446681 0.934795 0.057614
v -0.763472 0.97416 -0.079034
v -0.803575 0.971849 -0.014465
v -0.13266 1.010506 0.07783
v -0.228275 1.004997 -0.121908
v -0.989186 0.961155 -0.009141
v -0.225414 1.005162 -0.022123
v -0.156987 1.009105 -0.074924
v -0.928112 0.964674 0.105046
v -0.224687 1.005204 0.034813
v -0.717262 0.976823 0.001492
v -0.184282 1.007532 -0.004442
v -0.625337 0.982119 -0.11793
v -0.20751 1.006194 -0.07638
v -0.256696 1.00336 0.017222
v -1.035705 0.958474 -0.062679
v -1.077296 0.956078 -0.073682
v -0.158732 1.009004 0.045662
v -0.250885 1.003694 0.018902
v -0.674655 0.979277 -0.049971
v -0.786772 0.972818 0.0138
v -0.154539 1.009246 -0.065314
v -0.169723 1.008371 0.033608
v -0.253024 1.003571 -0.093394
v -0.784096 0.972972 -0.111911
v -0.252024 1.003629 -0.016693
v -1.035783 0.883308 -0.065594
v -1.045439 0.957914 -0.068159
v -1.040099 0.958221 -0.065594
v -0.750404 0.974913 -0.073609
v -0.235117 1.004603 -0.091119
v -0.674655 0.979277 -0.049971
v -1.012038 0.959838 -0.090432
v -1.615178 0.925086 0.072709
v -1.001463 0.960447 -0.085904
v -0.989186 0.961155 -0.009141
v -0.120498 1.011207 0.0922
v -1.300432 0.943221 -0.087315
v -0.976803 0.961868 -0.022097
v -1.587772 0.926665 -0.055475
v -0.166524 1.008555 -0.091863
v -0.784096 0.972972 -0.111911
v -0.154107 1.009271 -0.048001
v -0.199984 1.006627 0.009273
v -1.047131 0.957816 -0.018931
v -0.736618 0.975707 -0.039911
v -1.001463 0.960447 -0.085904
v -1.025896 0.95904 -0.045078
v -0.564559 0.985621 0.013578
v -0.2112 1.005981 -0.080292
v -0.181104 1.007715 0.022879
v -1.037952 0.958345 -0.096835
v -0.564559 0.985621 0.013578
v -0.154107 1.009271 -0.048001
v -1.192962 0.949414 -0.09332
v -0.868078 0.968133 -0.014149
v -1.086144 0.955568 -0.012919
v -1.060747 0.957032 -0.01517
v -0.191599 1.00711 -0.111044
v -0.763472 0.97416 -0.079034
v -1.070127 0.956491 -0.099266
v -0.293155 1.001259 0.122556
v -0.564662 0.985615 -0.017166
v -0.191599 1.00711 -0.111044
v -0.695362 0.978084 -0.010092
v -0.717262 0.976823 0.001492
v -0.225414 1.005162 -0.022123
v -0.741656 0.975417 -0.066656
v -0.199984 1.006627 0.009273
v -0.13266 1.010506 0.07783
v -1.478802 0.932944 -0.077772
v -1.027627 0.95894 -0.052465
v -1.077296 0.956078 -0.073682
v -0.747793 0.975063 -0.108731
v -0.695362 0.978084 -0.010092
v -0.158732 1.009004 0.045662
v -1.446681 0.934795 0.057614
v -0.707379 0.977392 -0.095978
v -1.088489 0.955433 -0.098855
v -1.509069 0.9312 -0.015178
v -0.675861 0.979208 -0.058946
v -0.766488 0.973986 -0.018808
v -0.110491 1.011784 0.103241
v -0.221263 1.005401 -0.086705
v -0.293049 1.001265 -0.016296
v -0.258435 1.003259 -0.124061
v -0.397374 0.995254 0.090076
v -0.21367 1.005839 -0.028637
v -1.146091 0.952114 0.094355
v -0.102374 1.012251 0.11197
v -0.093361 0.937609 0.116994
v -0.097678 1.012522 0.116994
v -1.070127 0.956491 -0.099266
v -1.335161 0.94122 0.083856
v -0.273863 1.00237 0.015526
v -0.15558 0.977135 0.205804
v -0.060102 0.962672 0.236502
v -0.106869 0.960723 0.241113
v -0.116469 0.978888 0.193928
v -0.015133 0.964545 0.222844
v -0.080424 0.980504 0.174642
v 0.026312 0.966272 0.200666
v -0.048831 0.98192 0.148688
v 0.062638 0.967785 0.17082
v -0.022903 0.983082 0.117063
v 0.09245 0.969027 0.134452
v -0.003637 0.983945 0.080982
v 0.114602 0.96995 0.09296
v 0.008227 0.984477 0.041832
v 0.128244 0.970518 0.047938
v 0.012233 0.984656 0.001118
v 0.13285 0.97071 0.001118
v 0.008227 0.984477 -0.039597
v 0.128244 0.970518 -0.045703
v -0.003637 0.983945 -0.078747
v 0.114602 0.96995 -0.090725
v -0.022903 0.983082 -0.114828
v 0.09245 0.969027 -0.132217
v -0.048831 0.98192 -0.146453
v 0.062638 0.967785 -0.168585
v -0.080424 0.980504 -0.172407
v 0.026312 0.966272 -0.198431
v -0.116469 0.978888 -0.191692
v -0.015133 0.964545 -0.220609
v -0.15558 0.977136 -0.203568
v -0.060102 0.962672 -0.234266
v -0.196253 0.975313 -0.207578
v -0.106869 0.960723 -0.238878
v -1.731959 0.891302 -0.081274
v -1.761654 0.874237 -0.110819
v -1.749581 0.889563 -0.076494
v -1.786206 0.873227 -0.104324
v -1.765822 0.88796 -0.068731
v -1.808833 0.872295 -0.093778
v -1.780058 0.886555 -0.058284
v -1.828665 0.871479 -0.079584
v -1.79174 0.885403 -0.045554
v -1.844942 0.870809 -0.062289
v -1.800421 0.884546 -0.03103
v -1.857036 0.870311 -0.042558
v -1.805767 0.884018 -0.015271
v -1.864484 0.870005 -0.021148
v -1.807572 0.88384 0.001117
v -1.866999 0.869901 0.001117
v -1.805767 0.884018 0.017506
v -1.864484 0.870005 0.023383
v -1.800421 0.884546 0.033265
v -1.857036 0.870311 0.044793
v -1.79174 0.885403 0.047788
v -1.844942 0.870809 0.064524
v -1.780057 0.886555 0.060518
v -1.828665 0.871479 0.081819
v -1.765822 0.88796 0.070966
v -1.808833 0.872295 0.096012
v -1.749581 0.889563 0.078728
v -1.786205 0.873227 0.106559
v -0.196253 0.975313 0.209814
v -1.761654 0.874237 0.113054
v -1.731959 0.891302 0.083509
v -1.898342 0.818358 0.130143
v -1.898201 0.441816 0.130143
v -1.921716 0.441816 0.110844
v -1.844804 0.838686 0.132088
v -1.816247 0.839078 0.140155
v -1.842403 0.818358 0.153313
v -1.815646 0.860617 0.121406
v -1.788505 0.861362 0.128815
v -1.816247 0.839078 0.140155
v 0.004177 0.86812 0.28006
v 0.018792 0.819187 0.285351
v -1.788505 0.861362 0.128815
v -0.03477 0.915814 0.266328
v -0.106869 0.960723 0.241113
v -1.871123 0.838325 0.118988
v -1.871514 0.818358 0.144483
v -1.84066 0.859931 0.109374
v -1.894192 0.838009 0.101358
v -1.898342 0.818358 0.130143
v -1.862585 0.85933 0.093182
v -1.913124 0.83775 0.079876
v -1.921857 0.818358 0.110844
v -1.880578 0.858836 0.073452
v -1.927192 0.837557 0.055367
v -1.941155 0.818358 0.087329
v -1.893948 0.858469 0.050943
v -1.935855 0.837438 0.028774
v -1.955495 0.818358 0.060501
v -1.902181 0.858244 0.026518
v -1.93878 0.837398 0.001117
v -1.964326 0.818358 0.031391
v -1.904962 0.858167 0.001117
v -1.967308 0.818358 0.001117
v -1.964326 0.818358 -0.029156
v -1.935855 0.837438 -0.026539
v -1.902181 0.858244 -0.024283
v -1.955495 0.818358 -0.058266
v -1.927192 0.837557 -0.053132
v -1.893948 0.858469 -0.048708
v -1.941155 0.818358 -0.085095
v -1.913124 0.83775 -0.077641
v -1.880578 0.858836 -0.071217
v -1.921857 0.818358 -0.10861
v -1.894192 0.838009 -0.099123
v -1.862585 0.85933 -0.090947
v -1.898342 0.818358 -0.127908
v -1.871124 0.838325 -0.116753
v -1.84066 0.859931 -0.107139
v -1.871514 0.818358 -0.142248
v -1.844805 0.838686 -0.129853
v -1.815646 0.860617 -0.119171
v -1.842404 0.818358 -0.151078
v -1.816247 0.839078 -0.137921
v -1.788505 0.861362 -0.12658
v -1.816247 0.839078 -0.137921
v -1.842404 0.818358 -0.151078
v 0.018792 0.819187 -0.283116
v -1.788505 0.861362 -0.12658
v 0.004177 0.86812 -0.277825
v -0.106869 0.960723 -0.238878
v -1.761654 0.874237 -0.110819
v 0.058575 0.868875 -0.272465
v 0.01693 0.91725 -0.258997
v -0.03477 0.915814 -0.264093
v -0.03477 0.915814 -0.264093
v 0.110882 0.869601 -0.256592
v 0.074243 0.819187 -0.277655
v 0.066644 0.91863 -0.243905
v 0.01693 0.91725 -0.258997
v 0.159089 0.87027 -0.230815
v 0.127564 0.819187 -0.26148
v 0.11246 0.919902 -0.219397
v 0.066644 0.91863 -0.243905
v 0.110882 0.869601 -0.256592
v 0.201343 0.870856 -0.196125
v 0.159089 0.87027 -0.230815
v 0.176704 0.819187 -0.235214
v 0.152618 0.921017 -0.186415
v 0.159089 0.87027 -0.230815
v 0.23602 0.871338 -0.153855
v 0.219776 0.819187 -0.199866
v 0.185575 0.921932 -0.146226
v 0.201343 0.870856 -0.196125
v 0.261787 0.871695 -0.105629
v 0.255124 0.819187 -0.156794
v 0.210064 0.922612 -0.100374
v 0.23602 0.871338 -0.153855
v 0.277655 0.871915 -0.053301
v 0.28139 0.819187 -0.107654
v 0.225145 0.92303 -0.050622
v 0.261787 0.871695 -0.105629
v 0.283012 0.87199 0.001118
v 0.297564 0.819187 -0.054334
v 0.230237 0.923172 0.001118
v 0.277655 0.871915 -0.053301
v 0.303026 0.819187 0.001118
v 0.297564 0.819187 0.056569
v 0.283012 0.87199 0.001118
v 0.277655 0.871915 0.055537
v 0.225145 0.92303 0.052858
v 0.277655 0.871915 0.055537
v 0.28139 0.819187 0.109889
v 0.261787 0.871695 0.107864
v 0.210064 0.922612 0.102609
v 0.261787 0.871695 0.107864
v 0.255124 0.819187 0.159029
v 0.23602 0.871338 0.15609
v 0.185575 0.921932 0.148461
v 0.23602 0.871338 0.15609
v 0.219776 0.819187 0.202101
v 0.201343 0.870856 0.19836
v 0.152618 0.921017 0.18865
v 0.201343 0.870856 0.19836
v 0.176704 0.819187 0.237449
v 0.159089 0.87027 0.23305
v 0.11246 0.919902 0.221632
v 0.159089 0.87027 0.23305
v 0.176704 0.819187 0.237449
v 0.127564 0.819187 0.263715
v 0.110882 0.869601 0.258827
v 0.066644 0.91863 0.24614
v 0.110882 0.869601 0.258827
v 0.074243 0.819187 0.27989
v 0.066644 0.91863 0.24614
v 0.058575 0.868875 0.274701
v 0.01693 0.91725 0.261232
v 0.01693 0.91725 0.261232
v -0.03477 0.915814 0.266328
v -1.893233 0.296598 0.147411
v -1.920609 0.296598 0.132778
v -1.902607 0.36921 0.130663
v -1.964326 0.818358 0.031391
v -1.964185 0.441816 0.031391
v -1.967166 0.441816 0.001117
v -1.941015 0.441816 -0.085095
v -1.921716 0.441816 -0.10861
v -1.921857 0.818358 -0.10861
v -1.842263 0.441816 -0.151078
v 0.018933 0.442645 -0.283116
v 0.176845 0.442645 -0.235214
v 0.219917 0.442645 -0.199866
v 0.255265 0.442645 0.159029
v 0.219917 0.442645 0.202101
v 0.297706 0.442645 -0.054334
v 0.303167 0.442645 0.001118
v 0.018933 0.442645 0.285351
v -1.842263 0.441816 0.153313
v -1.842403 0.818358 0.153313
v -1.921857 0.818358 0.110844
v -1.941014 0.441816 0.087329
v -1.964185 0.441816 -0.029156
v -1.964326 0.818358 -0.029156
v -1.898201 0.441816 -0.127908
v -1.898342 0.818358 -0.127908
v 0.297706 0.442645 0.056569
v 0.255265 0.442645 -0.156794
v 0.176845 0.442645 0.237449
v 0.074385 0.442645 -0.277655
v -1.871373 0.441816 0.144483
v -1.941155 0.818358 0.087329
v -1.955354 0.441816 0.060501
v -1.955354 0.441816 -0.058266
v -1.955495 0.818358 -0.058266
v -1.898201 0.441816 -0.127908
v -1.871373 0.441816 -0.142248
v -1.871514 0.818358 -0.142248
v 0.176845 0.442645 0.237449
v 0.127705 0.442645 0.263715
v 0.127705 0.442645 -0.26148
v 0.281531 0.442645 0.109889
v 0.281531 0.442645 -0.107654
v -1.871514 0.818358 0.144483
v -1.898201 0.441816 0.130143
v -1.955495 0.818358 0.060501
v -1.941155 0.818358 -0.085095
v 0.074384 0.442645 0.27989
v 0.176845 0.442645 -0.235214
v 0.176704 0.819187 -0.235214
v -1.930391 0.183367 0.152381
v -1.958697 0.183367 0.137251
v -1.97893 0.296598 0.061714
v -1.987941 0.296598 0.032009
v -1.968857 0.36921 0.031513
v -1.959991 0.36921 -0.058506
v -1.97893 0.296598 -0.059479
v -1.964297 0.296598 -0.086855
v -1.875671 0.36921 -0.142826
v -1.893233 0.296598 -0.145176
v -1.863529 0.296598 -0.154187
v 0.303641 0.297444 -0.109875
v 0.320146 0.297444 -0.055466
v 0.302151 0.370042 -0.054557
v 0.285911 0.370042 0.110328
v 0.303641 0.297444 0.112111
v 0.276838 0.297444 0.162255
v 0.131465 0.370042 0.264774
v 0.146673 0.297444 0.269078
v 0.092263 0.297444 0.285583
v 0.146673 0.297444 -0.266843
v 0.196817 0.297444 -0.240041
v 0.180803 0.370042 -0.236167
v -1.863528 0.296598 0.156422
v -1.875671 0.36921 0.145061
v -1.964297 0.296598 0.08909
v -1.959991 0.36921 0.060741
v -1.968857 0.36921 -0.029278
v -1.987941 0.296598 -0.029774
v -1.902607 0.36921 -0.128428
v -1.920609 0.296598 -0.130543
v 0.092264 0.297444 -0.283348
v 0.131465 0.370042 -0.262539
v 0.276838 0.297444 -0.160019
v 0.285911 0.370042 -0.108092
v 0.302151 0.370042 0.056792
v 0.320146 0.297444 0.057701
v 0.180803 0.370042 0.238402
v 0.196817 0.297444 0.242276
v 0.03568 0.297444 0.291156
v -1.846443 0.36921 0.153927
v -1.944604 0.296598 0.113086
v -1.945593 0.36921 0.087677
v -1.971851 0.36921 0.001117
v -1.990983 0.296598 0.001117
v -1.926217 0.36921 -0.109052
v -1.944605 0.296598 -0.110851
v -1.920609 0.296598 -0.130543
v 0.03568 0.297444 -0.288921
v 0.07793 0.370042 -0.278778
v 0.240768 0.297444 -0.203971
v 0.259539 0.370042 -0.157431
v 0.307634 0.370042 0.001118
v 0.325719 0.297444 0.001118
v 0.224049 0.370042 0.202911
v 0.240768 0.297444 0.206206
v 0.196817 0.297444 0.242276
v -1.920609 0.296598 0.132778
v -1.926217 0.36921 0.111287
v -1.945593 0.36921 -0.085442
v -1.846443 0.36921 -0.151692
v 0.259539 0.370042 0.159666
v 0.07793 0.370042 0.281013
v 0.196817 0.297444 -0.240041
v 0.224049 0.370042 -0.200676
v -1.979025 0.084897 0.158884
v -2.008548 0.084897 0.143104
v -2.018999 0.183367 0.063773
v -2.028316 0.183367 0.033059
v -2.018999 0.183367 -0.061538
v -2.003869 0.183367 -0.089844
v -1.930391 0.183367 -0.150146
v -1.899677 0.183367 -0.159463
v 0.341122 0.184242 0.115882
v 0.313409 0.184242 0.167729
v 0.178821 0.184242 0.278182
v 0.122563 0.184242 0.295248
v 0.178821 0.184242 -0.275947
v 0.230668 0.184242 -0.248234
v 0.341122 0.184242 -0.113646
v 0.358187 0.184242 -0.057388
v -1.899677 0.183367 0.161698
v -2.003869 0.183367 0.092079
v -2.028316 0.183367 -0.030824
v -1.958697 0.183367 -0.135016
v 0.313409 0.184242 -0.165494
v 0.358187 0.184242 0.059624
v 0.230668 0.184242 0.250469
v 0.122563 0.184242 -0.293013
v 0.064057 0.184242 0.30101
v -1.983508 0.183367 0.11689
v -2.031462 0.183367 0.001117
v -1.983508 0.183367 -0.114655
v -1.958697 0.183367 -0.135016
v 0.064057 0.184242 -0.298775
v 0.276113 0.184242 -0.210939
v 0.36395 0.184242 0.001118
v 0.276113 0.184242 0.213174
v 0.230668 0.184242 0.250469
v -1.958697 0.183367 0.137251
v 0.230668 0.184242 -0.248234
v -1.980472 0.033208 0.15908
v -2.010032 0.033208 0.14328
v -2.071442 0.084897 0.066467
v -2.08116 0.084897 0.034432
v -2.071442 0.084897 -0.064232
v -2.055662 0.084897 -0.093755
v -1.979025 0.084897 -0.156649
v -1.946991 0.084897 -0.166367
v 0.220863 0.085809 0.290094
v 0.162187 0.085809 0.307893
v 0.220863 0.085809 -0.287858
v 0.27494 0.085809 -0.258954
v 0.390141 0.085809 -0.11858
v 0.407941 0.085809 -0.059904
v 0.390141 0.085809 0.120815
v 0.361237 0.085809 0.174892
v -1.94699 0.084897 0.168601
v -2.055662 0.084897 0.09599
v -2.08116 0.084897 -0.032197
v -2.008548 0.084897 -0.140869
v 0.407941 0.085809 0.062139
v 0.27494 0.085809 0.261189
v 0.162187 0.085809 -0.305658
v 0.361237 0.085809 -0.172657
v 0.101166 0.085809 0.313903
v -2.034425 0.084897 0.121867
v -2.084441 0.084897 0.001117
v -2.034425 0.084897 -0.119632
v -2.008548 0.084897 -0.140869
v 0.322338 0.085809 -0.220055
v 0.413951 0.085809 0.001118
v 0.322338 0.085809 0.22229
v 0.27494 0.085809 0.261189
v 0.101166 0.085809 -0.311668
v -2.008548 0.084897 0.143104
v 0.27494 0.085809 -0.258954
v 0.102302 0.034122 -0.312056
v -1.948398 0.033208 0.168809
v 0.102302 0.034122 0.314291
v -2.073004 0.033208 0.066548
v -2.082734 0.033208 0.034473
v -2.073004 0.033208 -0.064313
v -2.057204 0.033208 -0.093873
v -1.980472 0.033208 -0.156845
v -1.948398 0.033208 -0.166575
v 0.222148 0.034122 -0.288217
v 0.276292 0.034122 -0.259277
v 0.391637 0.034122 -0.118729
v 0.409458 0.034122 -0.059979
v 0.391637 0.034122 0.120964
v 0.362696 0.034122 0.175108
v 0.222148 0.034122 0.290453
v 0.163399 0.034122 0.308274
v -1.948398 0.033208 0.168809
v -2.057204 0.033208 0.096107
v -2.082734 0.033208 -0.032239
v -2.010032 0.033208 -0.141045
v 0.276292 0.034122 0.261512
v 0.163399 0.034122 -0.306039
v 0.362696 0.034122 -0.172872
v 0.409458 0.034122 0.062215
v 0.102302 0.034122 0.314291
v -2.035941 0.033208 0.122017
v -2.086019 0.033208 0.001117
v -2.035941 0.033208 -0.119782
v -2.010032 0.033208 -0.141045
v 0.415476 0.034122 0.001118
v 0.323749 0.034122 0.222565
v 0.276292 0.034122 0.261512
v 0.102302 0.034122 -0.312056
v 0.323749 0.034122 -0.22033
v -2.010032 0.033208 0.14328
v 0.276292 0.034122 -0.259277
v 0.180803 0.370042 -0.236167
v 0.022255 0.370042 0.286497
v 0.022255 0.370042 -0.284262
v -1.902607 0.36921 0.130663
v 0.180803 0.370042 0.238402
v -1.902607 0.36921 -0.128428
v -2.05522 0.793916 -0.025383
v -2.057257 0.793916 0.005692
v -2.065783 0.740975 0.005692
v -2.032125 0.832672 -0.022343
v -2.033963 0.832672 0.005692
v -2.000578 0.846857 -0.01819
v -2.002143 0.846857 0.005692
v -2.033963 0.832672 0.005692
v -1.96903 0.832672 -0.014036
v -1.970323 0.832672 0.005692
v -1.945935 0.793916 -0.010996
v -1.947029 0.793916 0.005692
v -1.970323 0.832672 0.005692
v -1.937482 0.740975 -0.009883
v -1.938503 0.740975 0.005692
v -1.945935 0.688033 -0.010996
v -1.947029 0.688033 0.005692
v -1.96903 0.649278 -0.014036
v -1.970323 0.649278 0.005692
v -2.000578 0.635092 -0.01819
v -2.002143 0.635092 0.005692
v -1.970323 0.649278 0.005692
v -2.032125 0.649278 -0.022343
v -2.033963 0.649278 0.005692
v -2.032125 0.649278 -0.022343
v -2.05522 0.688033 -0.025383
v -2.057257 0.688033 0.005692
v -2.063673 0.740975 -0.026496
v -2.05738 0.740975 -0.058134
v -2.049144 0.793916 -0.055927
v -2.026644 0.832672 -0.049898
v -2.026644 0.832672 -0.049898
v -1.995909 0.846857 -0.041663
v -1.965173 0.832672 -0.033427
v -1.965173 0.832672 -0.033427
v -1.942673 0.793916 -0.027398
v -1.934437 0.740975 -0.025191
v -1.942673 0.688033 -0.027398
v -1.965173 0.649278 -0.033427
v -1.965173 0.649278 -0.033427
v -1.995909 0.635092 -0.041663
v -2.026644 0.649278 -0.049898
v -2.049145 0.688033 -0.055927
v -2.039134 0.793916 -0.085416
v -2.017613 0.832672 -0.076502
v -1.988216 0.846857 -0.064325
v -1.958818 0.832672 -0.052148
v -1.958818 0.832672 -0.052148
v -1.937297 0.793916 -0.043234
v -1.92942 0.740975 -0.039971
v -1.937297 0.688033 -0.043234
v -1.958818 0.649278 -0.052148
v -1.988216 0.635092 -0.064325
v -2.017613 0.649278 -0.076502
v -2.039134 0.688033 -0.085416
v -2.026644 0.649278 -0.049898
v -2.047011 0.740975 -0.088679
v -2.02536 0.793916 -0.113347
v -2.005187 0.832672 -0.1017
v -2.005187 0.832672 -0.1017
v -1.97763 0.846857 -0.08579
v -1.950074 0.832672 -0.06988
v -1.929901 0.793916 -0.058233
v -1.922517 0.740975 -0.05397
v -1.929901 0.688033 -0.058233
v -1.950074 0.649278 -0.06988
v -1.950074 0.649278 -0.06988
v -1.977631 0.635092 -0.08579
v -2.005187 0.649278 -0.1017
v -2.02536 0.688033 -0.113347
v -2.017613 0.649278 -0.076502
v -2.032744 0.740975 -0.11761
v -2.014823 0.740975 -0.144431
v -2.008059 0.793916 -0.139241
v -1.989578 0.832672 -0.12506
v -1.989578 0.832672 -0.12506
v -1.964334 0.846857 -0.10569
v -1.93909 0.832672 -0.086319
v -1.93909 0.832672 -0.086319
v -1.920609 0.793916 -0.072139
v -1.913845 0.740975 -0.066948
v -1.920609 0.688033 -0.072139
v -1.939089 0.649278 -0.086319
v -1.929901 0.688033 -0.058233
v -1.964334 0.635092 -0.10569
v -1.989578 0.649278 -0.12506
v -2.008059 0.688033 -0.139241
v -2.005187 0.649278 -0.1017
v -1.993554 0.740975 -0.168683
v -1.987525 0.793916 -0.162655
v -1.987525 0.793916 -0.162655
v -1.971054 0.832672 -0.146183
v -1.948554 0.846857 -0.123683
v -1.926054 0.832672 -0.101183
v -1.926054 0.832672 -0.101183
v -1.909583 0.793916 -0.084712
v -1.903554 0.740975 -0.078683
v -1.909583 0.688033 -0.084712
v -1.909583 0.688033 -0.084712
v -1.926054 0.649278 -0.101183
v -1.948554 0.635092 -0.123683
v -1.971054 0.649278 -0.146183
v -1.987525 0.688033 -0.162655
v -1.989578 0.649278 -0.12506
v -1.964111 0.793916 -0.183188
v -1.949931 0.832672 -0.164708
v -1.93056 0.846857 -0.139463
v -1.91119 0.832672 -0.114219
v -1.91119 0.832672 -0.114219
v -1.897009 0.793916 -0.095739
v -1.891819 0.740975 -0.088975
v -1.897009 0.688033 -0.095739
v -1.897009 0.688033 -0.095739
v -1.91119 0.649278 -0.114219
v -1.93056 0.635092 -0.139463
v -1.949931 0.649278 -0.164708
v -1.964111 0.688033 -0.183188
v -1.987525 0.688033 -0.162655
v -1.964111 0.688033 -0.183188
v -1.969301 0.740975 -0.189952
v -1.938217 0.793916 -0.20049
v -1.964111 0.793916 -0.183188
v -1.969301 0.740975 -0.189952
v -1.926571 0.832672 -0.180317
v -1.964111 0.793916 -0.183188
v -1.910661 0.846857 -0.15276
v -1.894751 0.832672 -0.125203
v -1.883104 0.793916 -0.10503
v -1.897009 0.793916 -0.095739
v -1.883104 0.793916 -0.10503
v -1.878841 0.740975 -0.097646
v -1.891819 0.740975 -0.088975
v -1.883104 0.688033 -0.10503
v -1.897009 0.688033 -0.095739
v -1.883104 0.688033 -0.10503
v -1.894751 0.649278 -0.125203
v -1.910661 0.635092 -0.15276
v -1.92657 0.649278 -0.180317
v -1.938218 0.688033 -0.20049
v -1.938218 0.688033 -0.20049
v -1.942481 0.740975 -0.207873
v -1.910287 0.793916 -0.214263
v -1.901373 0.832672 -0.192743
v -1.938217 0.793916 -0.20049
v -1.889196 0.846857 -0.163345
v -1.877019 0.832672 -0.133947
v -1.877019 0.832672 -0.133947
v -1.868105 0.793916 -0.112427
v -1.864842 0.740975 -0.10455
v -1.868105 0.688033 -0.112427
v -1.868105 0.688033 -0.112427
v -1.877019 0.649278 -0.133947
v -1.889196 0.635092 -0.163345
v -1.901373 0.649278 -0.192743
v -1.910287 0.688033 -0.214263
v -1.91355 0.740975 -0.222141
v -1.883004 0.740975 -0.232509
v -1.880798 0.793916 -0.224274
v -1.874769 0.832672 -0.201774
v -1.901373 0.832672 -0.192743
v -1.866533 0.846857 -0.171038
v -1.858297 0.832672 -0.140302
v -1.852269 0.793916 -0.117802
v -1.850062 0.740975 -0.109567
v -1.852269 0.688033 -0.117802
v -1.858297 0.649278 -0.140302
v -1.866533 0.635092 -0.171038
v -1.874769 0.649278 -0.201774
v -1.880798 0.688033 -0.224274
v -1.910287 0.688033 -0.214263
v -1.851367 0.740975 -0.238802
v -1.850254 0.793916 -0.230349
v -1.847214 0.832672 -0.207255
v -1.84306 0.846857 -0.175707
v -1.874769 0.832672 -0.201774
v -1.838907 0.832672 -0.144159
v -1.838907 0.832672 -0.144159
v -1.835866 0.793916 -0.121065
v -1.834753 0.740975 -0.112612
v -1.835866 0.688033 -0.121065
v -1.835866 0.688033 -0.121065
v -1.838907 0.649278 -0.144159
v -1.84306 0.635092 -0.175707
v -1.847214 0.649278 -0.207255
v -1.850254 0.688033 -0.230349
v -1.880798 0.688033 -0.224274
v -0.001934 0.794099 -0.391789
v -0.001934 0.832989 -0.352899
v -1.847214 0.832672 -0.207255
v -1.850254 0.793916 -0.230349
v -0.001934 0.847224 -0.299774
v -0.001934 0.832989 -0.24665
v -0.001934 0.794099 -0.20776
v -1.835866 0.793916 -0.121065
v -0.001934 0.794099 -0.20776
v -0.001934 0.740975 -0.193525
v -0.001934 0.68785 -0.20776
v -0.001934 0.64896 -0.24665
v -0.001934 0.634726 -0.299774
v -0.001934 0.64896 -0.352899
v -0.001934 0.68785 -0.391789
v -0.001934 0.68785 -0.391789
v -0.001934 0.740975 -0.406023
v 0.049948 0.794099 -0.388388
v 0.049948 0.794099 -0.388388
v 0.044872 0.832989 -0.349831
v 0.037938 0.847224 -0.297161
v 0.031003 0.832989 -0.244491
v 0.025927 0.794099 -0.205934
v 0.024069 0.740975 -0.191821
v 0.025927 0.68785 -0.205934
v 0.025927 0.68785 -0.205934
v 0.031003 0.64896 -0.244491
v 0.037938 0.634726 -0.297161
v 0.044872 0.64896 -0.349831
v 0.049948 0.68785 -0.388388
v 0.051806 0.740975 -0.402501
v 0.100942 0.794099 -0.378245
v 0.100942 0.794099 -0.378245
v 0.090876 0.832989 -0.34068
v 0.077127 0.847224 -0.289366
v 0.063377 0.832989 -0.238051
v 0.053312 0.794099 -0.200487
v 0.053312 0.794099 -0.200487
v 0.049627 0.740975 -0.186737
v 0.053311 0.68785 -0.200487
v 0.063377 0.64896 -0.238051
v 0.077127 0.634726 -0.289366
v 0.090876 0.64896 -0.34068
v 0.100942 0.68785 -0.378245
v 0.104626 0.740975 -0.391994
v 0.049948 0.68785 -0.388388
v 0.150175 0.794099 -0.361532
v 0.135293 0.832989 -0.325603
v 0.114963 0.847224 -0.276522
v 0.094633 0.832989 -0.227441
v 0.079751 0.794099 -0.191512
v 0.079751 0.794099 -0.191512
v 0.074303 0.740975 -0.178361
v 0.079751 0.68785 -0.191512
v 0.079751 0.68785 -0.191512
v 0.094633 0.64896 -0.227441
v 0.114963 0.634726 -0.276522
v 0.135293 0.64896 -0.325603
v 0.150176 0.68785 -0.361532
v 0.150176 0.68785 -0.361532
v 0.155623 0.740975 -0.374683
v 0.203924 0.740975 -0.350864
v 0.196806 0.794099 -0.338536
v 0.196806 0.794099 -0.338536
v 0.177362 0.832989 -0.304857
v 0.150799 0.847224 -0.25885
v 0.124237 0.832989 -0.212842
v 0.104792 0.794099 -0.179163
v 0.104792 0.794099 -0.179163
v 0.097675 0.740975 -0.166835
v 0.104792 0.68785 -0.179163
v 0.104792 0.68785 -0.179163
v 0.124237 0.64896 -0.212842
v 0.150799 0.634726 -0.25885
v 0.177361 0.64896 -0.304857
v 0.196806 0.68785 -0.338536
v 0.240037 0.794099 -0.309651
v 0.240037 0.794099 -0.309651
v 0.216363 0.832989 -0.278797
v 0.184022 0.847224 -0.236651
v 0.151682 0.832989 -0.194504
v 0.128007 0.794099 -0.163651
v 0.128007 0.794099 -0.163651
v 0.119342 0.740975 -0.152358
v 0.128007 0.68785 -0.163651
v 0.128007 0.68785 -0.163651
v 0.151682 0.64896 -0.194504
v 0.184022 0.634726 -0.236651
v 0.216362 0.64896 -0.278797
v 0.240037 0.68785 -0.309651
v 0.240037 0.68785 -0.309651
v 0.248703 0.740975 -0.320944
v 0.279128 0.794099 -0.275369
v 0.240037 0.794099 -0.309651
v 0.248703 0.740975 -0.320944
v 0.279128 0.794099 -0.275369
v 0.251628 0.832989 -0.24787
v 0.214063 0.847224 -0.210305
v 0.176499 0.832989 -0.17274
v 0.149 0.794099 -0.145241
v 0.149 0.794099 -0.145241
v 0.138934 0.740975 -0.135176
v 0.119342 0.740975 -0.152358
v 0.149 0.68785 -0.145241
v 0.128007 0.68785 -0.163651
v 0.149 0.68785 -0.145241
v 0.176499 0.64896 -0.17274
v 0.214063 0.634726 -0.210305
v 0.251628 0.64896 -0.24787
v 0.279128 0.68785 -0.275369
v 0.279128 0.68785 -0.275369
v 0.289193 0.740975 -0.285435
v 0.324702 0.740975 -0.244944
v 0.313409 0.794099 -0.236279
v 0.313409 0.794099 -0.236279
v 0.282555 0.832989 -0.212604
v 0.240409 0.847224 -0.180264
v 0.198262 0.832989 -0.147924
v 0.167409 0.794099 -0.124249
v 0.156116 0.740975 -0.115584
v 0.167409 0.68785 -0.124249
v 0.167409 0.68785 -0.124249
v 0.198262 0.64896 -0.147924
v 0.240409 0.634726 -0.180264
v 0.282555 0.64896 -0.212604
v 0.313409 0.68785 -0.236279
v 0.313409 0.68785 -0.236279
v 0.354622 0.740975 -0.200166
v 0.342295 0.794099 -0.193048
v 0.308615 0.832989 -0.173603
v 0.262608 0.847224 -0.147041
v 0.2166 0.832989 -0.120479
v 0.182921 0.794099 -0.101034
v 0.182921 0.794099 -0.101034
v 0.170593 0.740975 -0.093917
v 0.182921 0.68785 -0.101034
v 0.216601 0.64896 -0.120479
v 0.262608 0.634726 -0.147041
v 0.308615 0.64896 -0.173603
v 0.342295 0.68785 -0.193048
v 0.378442 0.740975 -0.151865
v 0.36529 0.794099 -0.146417
v 0.36529 0.794099 -0.146417
v 0.329361 0.832989 -0.131535
v 0.28028 0.847224 -0.111205
v 0.2312 0.832989 -0.090875
v 0.19527 0.794099 -0.075992
v 0.182119 0.740975 -0.070545
v 0.19527 0.68785 -0.075992
v 0.19527 0.68785 -0.075992
v 0.2312 0.64896 -0.090875
v 0.28028 0.634726 -0.111205
v 0.329361 0.64896 -0.131535
v 0.36529 0.68785 -0.146417
v 0.36529 0.68785 -0.146417
v 0.382003 0.794099 -0.097183
v 0.344438 0.832989 -0.087118
v 0.293124 0.847224 -0.073368
v 0.24181 0.832989 -0.059619
v 0.204245 0.794099 -0.049553
v 0.204245 0.794099 -0.049553
v 0.190495 0.740975 -0.045869
v 0.204245 0.68785 -0.049553
v 0.204245 0.68785 -0.049553
v 0.24181 0.64896 -0.059619
v 0.293124 0.634726 -0.073368
v 0.344438 0.64896 -0.087118
v 0.382003 0.68785 -0.097183
v 0.382003 0.68785 -0.097183
v 0.395753 0.740975 -0.100868
v 0.406259 0.740975 -0.048048
v 0.392146 0.794099 -0.04619
v 0.353589 0.832989 -0.041113
v 0.382003 0.794099 -0.097183
v 0.300919 0.847224 -0.034179
v 0.248249 0.832989 -0.027245
v 0.209692 0.794099 -0.022169
v 0.195579 0.740975 -0.020311
v 0.209692 0.68785 -0.022169
v 0.209692 0.68785 -0.022169
v 0.248249 0.64896 -0.027245
v 0.300919 0.634726 -0.034179
v 0.353589 0.64896 -0.041113
v 0.392146 0.68785 -0.04619
v 0.392146 0.68785 -0.04619
v 0.409782 0.740975 0.005692
v 0.395547 0.794099 0.005692
v 0.395547 0.794099 0.005692
v 0.356657 0.832989 0.005692
v 0.303533 0.847224 0.005692
v 0.250408 0.832989 0.005692
v 0.211518 0.794099 0.005692
v 0.211518 0.794099 0.005692
v 0.197283 0.740975 0.005692
v 0.211518 0.68785 0.005692
v 0.250408 0.64896 0.005692
v 0.303533 0.634726 0.005692
v 0.356657 0.64896 0.005692
v 0.395547 0.68785 0.005692
v 0.392146 0.794099 0.057574
v 0.353589 0.832989 0.052498
v 0.300919 0.847224 0.045563
v 0.248249 0.832989 0.038629
v 0.209692 0.794099 0.033553
v 0.195579 0.740975 0.031695
v 0.209692 0.68785 0.033553
v 0.209692 0.68785 0.033553
v 0.248249 0.64896 0.038629
v 0.300919 0.634726 0.045563
v 0.353589 0.64896 0.052498
v 0.392146 0.68785 0.057574
v 0.392146 0.68785 0.057574
v 0.406259 0.740975 0.059432
v 0.395753 0.740975 0.112252
v 0.382003 0.794099 0.108568
v 0.382003 0.794099 0.108568
v 0.344438 0.832989 0.098502
v 0.293124 0.847224 0.084753
v 0.24181 0.832989 0.071003
v 0.204245 0.794099 0.060937
v 0.204245 0.794099 0.060937
v 0.190495 0.740975 0.057253
v 0.204245 0.68785 0.060937
v 0.24181 0.64896 0.071003
v 0.293124 0.634726 0.084753
v 0.344438 0.64896 0.098502
v 0.382003 0.68785 0.108568
v 0.378442 0.740975 0.163249
v 0.36529 0.794099 0.157801
v 0.329361 0.832989 0.142919
v 0.28028 0.847224 0.122589
v 0.2312 0.832989 0.102259
v 0.19527 0.794099 0.087377
v 0.182119 0.740975 0.081929
v 0.19527 0.68785 0.087377
v 0.2312 0.64896 0.102259
v 0.204245 0.68785 0.060937
v 0.28028 0.634726 0.122589
v 0.329361 0.64896 0.142919
v 0.36529 0.68785 0.157801
v 0.382003 0.68785 0.108568
v 0.354622 0.740975 0.21155
v 0.342295 0.794099 0.204432
v 0.342295 0.794099 0.204432
v 0.308615 0.832989 0.184987
v 0.262608 0.847224 0.158425
v 0.2166 0.832989 0.131863
v 0.182921 0.794099 0.112418
v 0.182921 0.794099 0.112418
v 0.170593 0.740975 0.105301
v 0.182921 0.68785 0.112418
v 0.182921 0.68785 0.112418
v 0.216601 0.64896 0.131863
v 0.262608 0.634726 0.158425
v 0.308615 0.64896 0.184987
v 0.342295 0.68785 0.204432
v 0.36529 0.68785 0.157801
v 0.313409 0.794099 0.247663
v 0.313409 0.794099 0.247663
v 0.282555 0.832989 0.223988
v 0.240409 0.847224 0.191648
v 0.198262 0.832989 0.159308
v 0.167409 0.794099 0.135633
v 0.167409 0.794099 0.135633
v 0.156116 0.740975 0.126968
v 0.167409 0.68785 0.135633
v 0.198262 0.64896 0.159308
v 0.240409 0.634726 0.191648
v 0.282555 0.64896 0.223988
v 0.313409 0.68785 0.247663
v 0.313409 0.68785 0.247663
v 0.324702 0.740975 0.256329
v 0.289193 0.740975 0.296819
v 0.279128 0.794099 0.286753
v 0.251628 0.832989 0.259254
v 0.214063 0.847224 0.221689
v 0.176499 0.832989 0.184125
v 0.149 0.794099 0.156625
v 0.149 0.794099 0.156625
v 0.138934 0.740975 0.14656
v 0.149 0.68785 0.156625
v 0.176499 0.64896 0.184125
v 0.167409 0.68785 0.135633
v 0.214063 0.634726 0.221689
v 0.251628 0.64896 0.259254
v 0.279128 0.68785 0.286753
v 0.279128 0.68785 0.286753
v 0.240037 0.794099 0.321035
v 0.240037 0.794099 0.321035
v 0.216363 0.832989 0.290181
v 0.184022 0.847224 0.248035
v 0.151682 0.832989 0.205888
v 0.128008 0.794099 0.175035
v 0.119342 0.740975 0.163742
v 0.128008 0.68785 0.175035
v 0.128008 0.68785 0.175035
v 0.151682 0.64896 0.205888
v 0.184022 0.634726 0.248035
v 0.216363 0.64896 0.290181
v 0.240037 0.68785 0.321035
v 0.240037 0.68785 0.321035
v 0.248703 0.740975 0.332328
v 0.196806 0.794099 0.349921
v 0.240037 0.794099 0.321035
v 0.248703 0.740975 0.332328
v 0.177362 0.832989 0.316241
v 0.150799 0.847224 0.270234
v 0.124237 0.832989 0.224227
v 0.104792 0.794099 0.190547
v 0.097675 0.740975 0.178219
v 0.119342 0.740975 0.163742
v 0.128008 0.794099 0.175035
v 0.104792 0.68785 0.190547
v 0.128008 0.68785 0.175035
v 0.124237 0.64896 0.224227
v 0.150799 0.634726 0.270234
v 0.177361 0.64896 0.316241
v 0.196806 0.68785 0.349921
v 0.203924 0.740975 0.362248
v 0.240037 0.68785 0.321035
v 0.155623 0.740975 0.386068
v 0.150175 0.794099 0.372916
v 0.135293 0.832989 0.336987
v 0.196806 0.794099 0.349921
v 0.114963 0.847224 0.287906
v 0.094633 0.832989 0.238826
v 0.079751 0.794099 0.202896
v 0.079751 0.794099 0.202896
v 0.074303 0.740975 0.189745
v 0.079751 0.68785 0.202896
v 0.094633 0.64896 0.238825
v 0.104792 0.68785 0.190547
v 0.114963 0.634726 0.287906
v 0.135293 0.64896 0.336987
v 0.150176 0.68785 0.372916
v 0.150176 0.68785 0.372916
v 0.104626 0.740975 0.403379
v 0.100942 0.794099 0.389629
v 0.100942 0.794099 0.389629
v 0.090876 0.832989 0.352064
v 0.077127 0.847224 0.30075
v 0.063377 0.832989 0.249436
v 0.053312 0.794099 0.211871
v 0.053312 0.794099 0.211871
v 0.049627 0.740975 0.198121
v 0.053312 0.68785 0.211871
v 0.063377 0.64896 0.249436
v 0.079751 0.68785 0.202896
v 0.077127 0.634726 0.30075
v 0.090876 0.64896 0.352064
v 0.100942 0.68785 0.389629
v 0.051806 0.740975 0.413885
v 0.049948 0.794099 0.399772
v 0.044872 0.832989 0.361215
v 0.037938 0.847224 0.308545
v 0.031003 0.832989 0.255875
v 0.025927 0.794099 0.217318
v 0.025927 0.794099 0.217318
v 0.024069 0.740975 0.203205
v 0.025927 0.68785 0.217318
v 0.031003 0.64896 0.255875
v 0.053312 0.68785 0.211871
v 0.037938 0.634726 0.308545
v 0.044872 0.64896 0.361215
v 0.049948 0.68785 0.399772
v 0.100942 0.68785 0.389629
v -0.001934 0.740975 0.417408
v -0.001934 0.794099 0.403173
v -0.001934 0.832989 0.364283
v 0.049948 0.794099 0.399772
v -0.001934 0.847224 0.311158
v -0.001934 0.832989 0.258034
v -0.001934 0.794099 0.219144
v -0.001934 0.794099 0.219144
v -0.001934 0.740975 0.204909
v -0.001934 0.68785 0.219144
v -0.001934 0.68785 0.219144
v -0.001934 0.64896 0.258034
v -0.001934 0.634726 0.311158
v -0.001934 0.64896 0.364283
v -0.001934 0.68785 0.403173
v 0.049948 0.68785 0.399772
v -1.851367 0.740975 0.250187
v -1.850254 0.793916 0.241734
v -1.850254 0.793916 0.241734
v -1.847214 0.832672 0.218639
v -1.84306 0.846857 0.187091
v -1.838907 0.832672 0.155544
v -1.835866 0.793916 0.132449
v -1.834753 0.740975 0.123996
v -1.835866 0.688033 0.132449
v -1.835866 0.688033 0.132449
v -1.838907 0.649278 0.155544
v -1.84306 0.635092 0.187091
v -1.847214 0.649278 0.218639
v -1.850254 0.688033 0.241734
v -0.001934 0.68785 0.403173
v -1.883004 0.740975 0.243894
v -1.880798 0.793916 0.235658
v -1.874768 0.832672 0.213158
v -1.847214 0.832672 0.218639
v -1.874768 0.832672 0.213158
v -1.866533 0.846857 0.182422
v -1.858297 0.832672 0.151687
v -1.852269 0.793916 0.129187
v -1.835866 0.793916 0.132449
v -1.838907 0.832672 0.155544
v -1.850062 0.740975 0.120951
v -1.852269 0.688033 0.129187
v -1.858297 0.649278 0.151687
v -1.866533 0.635092 0.182422
v -1.874769 0.649278 0.213158
v -1.880798 0.688033 0.235658
v -1.850254 0.688033 0.241734
v -1.847214 0.649278 0.218639
v -1.910287 0.793916 0.225648
v -1.901373 0.832672 0.204127
v -1.901373 0.832672 0.204127
v -1.889196 0.846857 0.174729
v -1.877019 0.832672 0.145332
v -1.868105 0.793916 0.123811
v -1.858297 0.832672 0.151687
v -1.864842 0.740975 0.115934
v -1.868105 0.688033 0.123811
v -1.868105 0.688033 0.123811
v -1.877019 0.649278 0.145332
v -1.889196 0.635092 0.174729
v -1.901373 0.649278 0.204127
v -1.910287 0.688033 0.225648
v -1.880798 0.688033 0.235658
v -1.91355 0.740975 0.233525
v -1.942481 0.740975 0.219258
v -1.938217 0.793916 0.211874
v -1.938217 0.793916 0.211874
v -1.926571 0.832672 0.191701
v -1.910661 0.846857 0.164144
v -1.894751 0.832672 0.136587
v -1.883104 0.793916 0.116414
v -1.877019 0.832672 0.145332
v -1.878841 0.740975 0.10903
v -1.883104 0.688033 0.116414
v -1.894751 0.649278 0.136587
v -1.910661 0.635092 0.164144
v -1.92657 0.649278 0.191701
v -1.938218 0.688033 0.211874
v -1.910287 0.688033 0.225648
v -1.969301 0.740975 0.201337
v -1.964111 0.793916 0.194572
v -1.949931 0.832672 0.176092
v -1.93056 0.846857 0.150848
v -1.911189 0.832672 0.125603
v -1.897009 0.793916 0.107123
v -1.883104 0.793916 0.116414
v -1.891819 0.740975 0.100359
v -1.897009 0.688033 0.107123
v -1.911189 0.649278 0.125603
v -1.883104 0.688033 0.116414
v -1.93056 0.635092 0.150848
v -1.949931 0.649278 0.176092
v -1.964111 0.688033 0.194572
v -1.938218 0.688033 0.211874
v -1.993554 0.740975 0.180068
v -1.987525 0.793916 0.174039
v -1.964111 0.793916 0.194572
v -1.987525 0.793916 0.174039
v -1.971054 0.832672 0.157568
v -1.948554 0.846857 0.135068
v -1.926054 0.832672 0.112568
v -1.909583 0.793916 0.096096
v -1.897009 0.793916 0.107123
v -1.911189 0.832672 0.125603
v -1.903554 0.740975 0.090067
v -1.891819 0.740975 0.100359
v -1.909583 0.688033 0.096096
v -1.897009 0.688033 0.107123
v -1.909583 0.688033 0.096096
v -1.926054 0.649278 0.112568
v -1.948554 0.635092 0.135068
v -1.971054 0.649278 0.157568
v -1.987525 0.688033 0.174039
v -1.969301 0.740975 0.201337
v -1.964111 0.688033 0.194572
v -2.008059 0.793916 0.150625
v -1.989578 0.832672 0.136445
v -1.964334 0.846857 0.117074
v -1.93909 0.832672 0.097703
v -1.920609 0.793916 0.083523
v -1.926054 0.832672 0.112568
v -1.913845 0.740975 0.078332
v -1.920609 0.688033 0.083523
v -1.939089 0.649278 0.097703
v -1.964334 0.635092 0.117074
v -1.989578 0.649278 0.136445
v -1.989578 0.649278 0.136445
v -2.008059 0.688033 0.150625
v -1.987525 0.688033 0.174039
v -2.014823 0.740975 0.155815
v -2.02536 0.793916 0.124731
v -2.005187 0.832672 0.113084
v -1.989578 0.832672 0.136445
v -1.97763 0.846857 0.097174
v -1.950074 0.832672 0.081264
v -1.929901 0.793916 0.069618
v -1.93909 0.832672 0.097703
v -1.922517 0.740975 0.065354
v -1.929901 0.688033 0.069618
v -1.929901 0.688033 0.069618
v -1.950074 0.649278 0.081264
v -1.977631 0.635092 0.097174
v -2.005187 0.649278 0.113084
v -2.005187 0.649278 0.113084
v -2.02536 0.688033 0.124731
v -2.032744 0.740975 0.128994
v -2.039134 0.793916 0.096801
v -2.017613 0.832672 0.087887
v -2.017613 0.832672 0.087887
v -1.988216 0.846857 0.07571
v -1.958818 0.832672 0.063533
v -1.958818 0.832672 0.063533
v -1.937297 0.793916 0.054619
v -1.92942 0.740975 0.051356
v -1.937297 0.688033 0.054619
v -1.958818 0.649278 0.063533
v -1.950074 0.649278 0.081264
v -1.988216 0.635092 0.07571
v -2.017613 0.649278 0.087887
v -2.017613 0.649278 0.087887
v -2.039134 0.688033 0.096801
v -2.047011 0.740975 0.100064
v -2.05738 0.740975 0.069518
v -2.049144 0.793916 0.067311
v -2.026644 0.832672 0.061282
v -1.995909 0.846857 0.053047
v -1.965173 0.832672 0.044811
v -1.942673 0.793916 0.038782
v -1.934437 0.740975 0.036576
v -1.942673 0.688033 0.038782
v -1.965173 0.649278 0.044811
v -1.965173 0.649278 0.044811
v -1.995909 0.635092 0.053047
v -2.026644 0.649278 0.061282
v -2.026644 0.649278 0.061282
v -2.049145 0.688033 0.067311
v -2.05522 0.793916 0.036768
v -2.032125 0.832672 0.033727
v -2.000578 0.846857 0.029574
v -2.026644 0.832672 0.061282
v -1.96903 0.832672 0.02542
v -1.945935 0.793916 0.02238
v -1.965173 0.832672 0.044811
v -1.937482 0.740975 0.021267
v -1.945935 0.688033 0.02238
v -1.96903 0.649278 0.02542
v -1.96903 0.649278 0.02542
v -2.000578 0.635092 0.029574
v -2.032125 0.649278 0.033727
v -2.032125 0.649278 0.033727
v -2.05522 0.688033 0.036768
v -2.063673 0.740975 0.03788
v -1.761654 0.874237 0.113054
v 0.159089 0.87027 0.23305
v -1.967308 0.818358 0.001117
v -1.898342 0.818358 -0.127908
v -1.898342 0.818358 0.130143
v 0.163399 0.034122 0.308274
v 0.362696 0.034122 0.175108
v 0.222148 0.034122 0.290453
v 0.276292 0.034122 0.261512
v 0.323749 0.034122 0.222565
v 0.391637 0.034122 0.120964
v 0.409458 0.034122 -0.059979
v 0.391637 0.034122 -0.118729
v 0.415476 0.034122 0.001118
v 0.409458 0.034122 0.062215
v 0.362696 0.034122 -0.172872
v 0.323749 0.034122 -0.22033
v 0.276292 0.034122 -0.259277
v 0.222148 0.034122 -0.288217
v 0.163399 0.034122 -0.306039
v -1.948398 0.033208 -0.166575
v -1.980472 0.033208 -0.156845
v -2.010032 0.033208 -0.141045
v -2.035941 0.033208 -0.119782
v -2.057204 0.033208 -0.093873
v -2.073004 0.033208 -0.064313
v -2.082734 0.033208 -0.032239
v -2.086019 0.033208 0.001117
v -2.082734 0.033208 0.034473
v -2.073004 0.033208 0.066548
v -2.057204 0.033208 0.096107
v -2.035941 0.033208 0.122017
v -2.010032 0.033208 0.14328
v -1.980472 0.033208 0.15908
v -2.032125 0.832672 -0.022343
v -1.96903 0.832672 -0.014036
v -1.96903 0.649278 -0.014036
v -2.033963 0.649278 0.005692
v -2.017613 0.832672 -0.076502
v -1.958818 0.649278 -0.052148
v -1.950074 0.832672 -0.06988
v -1.920609 0.688033 -0.072139
v -2.008059 0.793916 -0.139241
v -1.971054 0.649278 -0.146183
v -1.897009 0.793916 -0.095739
v -1.964111 0.688033 -0.183188
v -1.910287 0.793916 -0.214263
v -1.894751 0.832672 -0.125203
v -1.858297 0.832672 -0.140302
v -1.852269 0.688033 -0.117802
v -1.850254 0.688033 -0.230349
v -0.001934 0.794099 -0.391789
v -0.001934 0.68785 -0.20776
v 0.025927 0.794099 -0.205934
v 0.053311 0.68785 -0.200487
v 0.100942 0.68785 -0.378245
v 0.150175 0.794099 -0.361532
v 0.196806 0.68785 -0.338536
v 0.128007 0.794099 -0.163651
v 0.240037 0.68785 -0.309651
v 0.167409 0.794099 -0.124249
v 0.342295 0.794099 -0.193048
v 0.182921 0.68785 -0.101034
v 0.342295 0.68785 -0.193048
v 0.19527 0.794099 -0.075992
v 0.392146 0.794099 -0.04619
v 0.209692 0.794099 -0.022169
v 0.211518 0.68785 0.005692
v 0.395547 0.68785 0.005692
v 0.392146 0.794099 0.057574
v 0.209692 0.794099 0.033553
v 0.36529 0.794099 0.157801
v 0.19527 0.794099 0.087377
v 0.19527 0.68785 0.087377
v 0.342295 0.68785 0.204432
v 0.279128 0.794099 0.286753
v 0.149 0.68785 0.156625
v 0.128008 0.794099 0.175035
v 0.104792 0.794099 0.190547
v 0.196806 0.68785 0.349921
v 0.150175 0.794099 0.372916
v 0.025927 0.68785 0.217318
v -0.001934 0.794099 0.403173
v -1.852269 0.688033 0.129187
v -1.874769 0.649278 0.213158
v -1.910287 0.793916 0.225648
v -1.894751 0.832672 0.136587
v -1.964111 0.793916 0.194572
v -1.897009 0.793916 0.107123
v -1.897009 0.688033 0.107123
v -1.964111 0.688033 0.194572
v -2.008059 0.793916 0.150625
v -1.920609 0.688033 0.083523
v -1.971054 0.649278 0.157568
v -2.005187 0.832672 0.113084
v -1.950074 0.832672 0.081264
v -1.958818 0.649278 0.063533
v -2.032125 0.832672 0.033727
v -1.96903 0.832672 0.02542
vt 0.146346 0.53687102
vt 0.135572 0.54537398
vt 0.146346 0.60636002
vt 0.127862 0.53679502
vt 0.124394 0.53694803
vt 0.121163 0.537403
vt 0.118182 0.538148
vt 0.115462 0.539173
vt 0.113017 0.54047
vt 0.110857 0.542028
vt 0.108997 0.543837
vt 0.108997 0.543837
vt 0.129005 0.545372
vt 0.135572 0.54537398
vt 0.107447 0.54588598
vt 0.129005 0.545372
vt 0.135551 0.56722403
vt 0.129005 0.545372
vt 0.107447 0.54588598
vt 0.12666 0.54545403
vt 0.12666 0.54545403
vt 0.124556 0.54569697
vt 0.124556 0.54569697
vt 0.107447 0.54588598
vt 0.122683 0.54609698
vt 0.10622 0.548167
vt 0.122683 0.54609698
vt 0.122683 0.54609698
vt 0.10622 0.548167
vt 0.121035 0.546647
vt 0.121035 0.546647
vt 0.119606 0.54734302
vt 0.118386 0.54817998
vt 0.105328 0.55067003
vt 0.118386 0.54817998
vt 0.105328 0.55067003
vt 0.11737 0.54915398
vt 0.11737 0.54915398
vt 0.116551 0.55025798
vt 0.11592 0.551489
vt 0.104784 0.553383
vt 0.115471 0.55284202
vt 0.115196 0.55431002
vt 0.1046 0.55629802
vt 0.115089 0.55589002
vt 0.115133 0.55733502
vt 0.104689 0.558272
vt 0.115327 0.55874997
vt 0.104951 0.560157
vt 0.115327 0.55874997
vt 0.104951 0.560157
vt 0.115686 0.560116
vt 0.115686 0.560116
vt 0.104951 0.560157
vt 0.116228 0.56141502
vt 0.105384 0.56195003
vt 0.116228 0.56141502
vt 0.116967 0.56262898
vt 0.105985 0.56364697
vt 0.117919 0.56374002
vt 0.10675 0.56524402
vt 0.119101 0.56472898
vt 0.120528 0.565579
vt 0.10675 0.56524402
vt 0.107677 0.56673902
vt 0.120528 0.565579
vt 0.107677 0.56673902
vt 0.122216 0.56627202
vt 0.124181 0.56678897
vt 0.108761 0.568128
vt 0.124181 0.56678897
vt 0.108761 0.568128
vt 0.126438 0.56711298
vt 0.126438 0.56711298
vt 0.129005 0.56722403
vt 0.135551 0.57621002
vt 0.110001 0.569407
vt 0.110001 0.569407
vt 0.111391 0.57057202
vt 0.135551 0.57621002
vt 0.111391 0.57057202
vt 0.11293 0.57162
vt 0.114614 0.57254797
vt 0.116439 0.57335103
vt 0.114879 0.574445
vt 0.113409 0.57563198
vt 0.113409 0.57563198
vt 0.131289 0.57621002
vt 0.135551 0.57621002
vt 0.113409 0.57563198
vt 0.130007 0.57625097
vt 0.131289 0.57621002
vt 0.112016 0.576912
vt 0.130007 0.57625097
vt 0.135575 0.60643297
vt 0.130007 0.57625097
vt 0.112016 0.576912
vt 0.128743 0.57639802
vt 0.128743 0.57639802
vt 0.127476 0.576689
vt 0.127476 0.576689
vt 0.112016 0.576912
vt 0.126185 0.57716298
vt 0.110685 0.578287
vt 0.126185 0.57716298
vt 0.12485 0.57785898
vt 0.123449 0.57881403
vt 0.109404 0.579755
vt 0.123449 0.57881403
vt 0.109404 0.579755
vt 0.121961 0.58006698
vt 0.108157 0.581316
vt 0.121961 0.58006698
vt 0.120366 0.58165598
vt 0.106933 0.58297098
vt 0.118643 0.58362
vt 0.105716 0.58472002
vt 0.11677 0.58599597
vt 0.104493 0.58656198
vt 0.114727 0.58882302
vt 0.103251 0.588498
vt 0.101976 0.590527
vt 0.112493 0.59214002
vt 0.100654 0.592651
vt 0.103147 0.606436
vt 0.099925 0.593803
vt 0.099232 0.594877
vt 0.098561 0.595896
vt 0.097896 0.596883
vt 0.097223 0.597861
vt 0.096526 0.598854
vt 0.09579 0.599885
vt 0.095 0.60097897
vt 0.094141 0.602157
vt 0.093197 0.60344303
vt 0.092154 0.60486197
vt 0.090996 0.606436
vt 0.520555 0.553636
vt 0.507591 0.561823
vt 0.520555 0.619815
vt 0.471028 0.55218297
vt 0.471001 0.561095
vt 0.507077 0.582089
vt 0.507054 0.59077102
vt 0.471944 0.581963
vt 0.471932 0.590881
vt 0.507591 0.611628
vt 0.469918 0.61237198
vt 0.469944 0.621289
vt 0.63995 0.55369997
vt 0.62744 0.56089002
vt 0.63995 0.61344498
vt 0.612621 0.55224597
vt 0.60796 0.55218297
vt 0.603719 0.552467
vt 0.599896 0.55308098
vt 0.596492 0.554002
vt 0.593501 0.55521
vt 0.59092 0.556682
vt 0.588741 0.558393
vt 0.612546 0.56032002
vt 0.586958 0.56032002
vt 0.626615 0.57978803
vt 0.612546 0.56032002
vt 0.586958 0.56032002
vt 0.609799 0.56032002
vt 0.609799 0.56032002
vt 0.607364 0.560524
vt 0.605229 0.560912
vt 0.585565 0.56243598
vt 0.603379 0.56146598
vt 0.6018 0.562168
vt 0.600476 0.562998
vt 0.584554 0.564718
vt 0.599393 0.563936
vt 0.598533 0.56496203
vt 0.597883 0.566055
vt 0.583919 0.56713903
vt 0.597425 0.56719702
vt 0.597145 0.568366
vt 0.583651 0.569673
vt 0.597027 0.569543
vt 0.597096 0.57108498
vt 0.583761 0.572186
vt 0.597414 0.572514
vt 0.584268 0.574592
vt 0.597973 0.573825
vt 0.598762 0.575014
vt 0.58518 0.57686698
vt 0.599774 0.57607698
vt 0.600999 0.57700998
vt 0.586505 0.57898903
vt 0.602427 0.57781
vt 0.604049 0.57847202
vt 0.605856 0.578995
vt 0.605856 0.578995
vt 0.586505 0.57898903
vt 0.607838 0.57937503
vt 0.58825 0.580934
vt 0.607838 0.57937503
vt 0.609985 0.579611
vt 0.612287 0.57969898
vt 0.626639 0.587717
vt 0.590425 0.58268
vt 0.593115 0.58420497
vt 0.596334 0.585486
vt 0.59998 0.58650398
vt 0.604053 0.587241
vt 0.604053 0.587241
vt 0.608555 0.58767998
vt 0.626639 0.587717
vt 0.608555 0.58767998
vt 0.613481 0.587807
vt 0.626639 0.587717
vt 0.627519 0.61413002
vt 0.202843 0.61424202
vt 0.192347 0.62044197
vt 0.202843 0.66652203
vt 0.179636 0.612679
vt 0.175558 0.612563
vt 0.171813 0.61275798
vt 0.168411 0.613249
vt 0.165357 0.61402202
vt 0.162655 0.615057
vt 0.160306 0.616336
vt 0.15831 0.617837
vt 0.179551 0.61981302
vt 0.156665 0.619538
vt 0.191463 0.637044
vt 0.17715 0.61978698
vt 0.17715 0.61978698
vt 0.156665 0.619538
vt 0.175011 0.61994302
vt 0.175011 0.61994302
vt 0.173125 0.62026602
vt 0.155368 0.621418
vt 0.173125 0.62026602
vt 0.155368 0.621418
vt 0.171483 0.62073898
vt 0.171483 0.62073898
vt 0.170074 0.621346
vt 0.168888 0.62207103
vt 0.154415 0.623452
vt 0.167912 0.622894
vt 0.167134 0.623798
vt 0.16654 0.624766
vt 0.153803 0.625616
vt 0.166117 0.62577802
vt 0.165853 0.626817
vt 0.153524 0.62788802
vt 0.165733 0.627864
vt 0.165777 0.629238
vt 0.153591 0.630144
vt 0.166044 0.630512
vt 0.154024 0.63230598
vt 0.166528 0.631683
vt 0.167219 0.63274598
vt 0.154828 0.63435298
vt 0.167219 0.63274598
vt 0.154828 0.63435298
vt 0.168109 0.63369697
vt 0.168109 0.63369697
vt 0.169189 0.63453197
vt 0.156011 0.636262
vt 0.17045 0.635247
vt 0.171882 0.635841
vt 0.171882 0.635841
vt 0.156011 0.636262
vt 0.173474 0.63630903
vt 0.173474 0.63630903
vt 0.175218 0.63665098
vt 0.157579 0.638012
vt 0.175218 0.63665098
vt 0.157579 0.638012
vt 0.177102 0.636863
vt 0.177102 0.636863
vt 0.179116 0.636945
vt 0.191488 0.644037
vt 0.159535 0.63958102
vt 0.16198 0.640949
vt 0.16198 0.640949
vt 0.16492 0.64209402
vt 0.191488 0.644037
vt 0.16492 0.64209402
vt 0.168215 0.642999
vt 0.168215 0.642999
vt 0.171861 0.64364898
vt 0.191488 0.644037
vt 0.171861 0.64364898
vt 0.175847 0.644033
vt 0.175847 0.644033
vt 0.180163 0.64413702
vt 0.192431 0.66723597
vt 0.639198 0.66980898
vt 0.648431 0.670471
vt 0.639198 0.62092
vt 0.648431 0.62025702
vt 0.541397 0.627845
vt 0.534316 0.627415
vt 0.541397 0.671345
vt 0.534262 0.666075
vt 0.509418 0.66733998
vt 0.509491 0.67348403
vt 0.57131 0.628044
vt 0.565222 0.633332
vt 0.57131 0.669528
vt 0.54811 0.627415
vt 0.548072 0.632905
vt 0.565125 0.64481503
vt 0.565093 0.65028298
vt 0.54774 0.64471102
vt 0.547628 0.65032202
vt 0.565233 0.669577
vt 0.197151 0.597856
vt 0.207925 0.60636002
vt 0.207925 0.53687102
vt 0.189442 0.606436
vt 0.185974 0.606282
vt 0.182743 0.605828
vt 0.179762 0.605083
vt 0.177042 0.604057
vt 0.174597 0.60276002
vt 0.172437 0.60120302
vt 0.170577 0.59939402
vt 0.190584 0.597858
vt 0.170577 0.59939402
vt 0.197151 0.597856
vt 0.169027 0.59734398
vt 0.190584 0.597858
vt 0.19713 0.576006
vt 0.169027 0.59734398
vt 0.190584 0.597858
vt 0.18824 0.597776
vt 0.18824 0.597776
vt 0.186135 0.597533
vt 0.184263 0.597134
vt 0.1678 0.59506297
vt 0.182615 0.59658402
vt 0.1678 0.59506297
vt 0.182615 0.59658402
vt 0.181185 0.59588802
vt 0.181185 0.59588802
vt 0.179966 0.59504998
vt 0.166909 0.592561
vt 0.17895 0.594077
vt 0.178131 0.59297198
vt 0.1775 0.59174103
vt 0.166365 0.58984703
vt 0.177051 0.590389
vt 0.176776 0.588921
vt 0.166181 0.586932
vt 0.176669 0.587341
vt 0.176713 0.585895
vt 0.166269 0.58495897
vt 0.176907 0.58448
vt 0.166531 0.58307397
vt 0.177266 0.58311403
vt 0.177807 0.581815
vt 0.166965 0.581281
vt 0.178546 0.58060098
vt 0.167565 0.579584
vt 0.179499 0.57949102
vt 0.168331 0.577986
vt 0.18068 0.578501
vt 0.182107 0.57765102
vt 0.169257 0.576491
vt 0.183795 0.576959
vt 0.169257 0.576491
vt 0.183795 0.576959
vt 0.18576 0.576442
vt 0.170342 0.57510298
vt 0.18576 0.576442
vt 0.170342 0.57510298
vt 0.18576 0.576442
vt 0.188018 0.576118
vt 0.170342 0.57510298
vt 0.188018 0.576118
vt 0.190584 0.576006
vt 0.19713 0.56702
vt 0.190584 0.576006
vt 0.171581 0.573824
vt 0.172971 0.57265902
vt 0.17451 0.571611
vt 0.176194 0.570683
vt 0.178019 0.569879
vt 0.176459 0.56878603
vt 0.174989 0.567599
vt 0.192869 0.56702
vt 0.174989 0.567599
vt 0.19713 0.56702
vt 0.191587 0.56698
vt 0.174989 0.567599
vt 0.192869 0.56702
vt 0.173596 0.56631798
vt 0.191587 0.56698
vt 0.197154 0.536798
vt 0.190322 0.56683302
vt 0.173596 0.56631798
vt 0.190322 0.56683302
vt 0.189056 0.56654102
vt 0.173596 0.56631798
vt 0.189056 0.56654102
vt 0.187765 0.56606698
vt 0.172265 0.56494403
vt 0.187765 0.56606698
vt 0.186429 0.56537098
vt 0.185028 0.564416
vt 0.170984 0.56347603
vt 0.183541 0.56316298
vt 0.169738 0.56191498
vt 0.181946 0.56157398
vt 0.168513 0.56025898
vt 0.180222 0.55961102
vt 0.167296 0.55851102
vt 0.17835 0.557234
vt 0.166074 0.55666798
vt 0.176307 0.554407
vt 0.164832 0.55473298
vt 0.163557 0.55270302
vt 0.174073 0.55109
vt 0.162235 0.55058002
vt 0.164727 0.53679502
vt 0.161505 0.54942697
vt 0.160813 0.54835302
vt 0.160142 0.54733503
vt 0.159477 0.54634798
vt 0.158804 0.54536998
vt 0.158107 0.54437703
vt 0.157371 0.54334497
vt 0.156581 0.542252
vt 0.155722 0.54107398
vt 0.154778 0.539787
vt 0.153735 0.538368
vt 0.152577 0.53679502
vt 0.564456 0.61164802
vt 0.57742 0.61983502
vt 0.57742 0.553657
vt 0.527895 0.621289
vt 0.527869 0.612377
vt 0.563943 0.59138203
vt 0.56392 0.58270103
vt 0.528811 0.59150898
vt 0.5288 0.582591
vt 0.564456 0.56184298
vt 0.526786 0.5611
vt 0.526811 0.55218297
vt 0.134784 0.66580403
vt 0.147293 0.67299402
vt 0.147293 0.613248
vt 0.119965 0.674448
vt 0.115305 0.67451
vt 0.111063 0.674226
vt 0.107241 0.673612
vt 0.103837 0.672691
vt 0.100846 0.67148298
vt 0.098265 0.67001098
vt 0.096086 0.66829997
vt 0.119891 0.666373
vt 0.096086 0.66829997
vt 0.134784 0.66580403
vt 0.094304 0.666373
vt 0.119891 0.666373
vt 0.133958 0.646905
vt 0.094304 0.666373
vt 0.119891 0.666373
vt 0.117143 0.666373
vt 0.094304 0.666373
vt 0.117143 0.666373
vt 0.114709 0.66617
vt 0.114709 0.66617
vt 0.112574 0.66578102
vt 0.092911 0.664257
vt 0.110724 0.665227
vt 0.109145 0.66452497
vt 0.107821 0.66369498
vt 0.0919 0.66197503
vt 0.106738 0.66275698
vt 0.105878 0.66173202
vt 0.105228 0.66063797
vt 0.091264 0.659554
vt 0.10477 0.659496
vt 0.10449 0.65832698
vt 0.090996 0.65701997
vt 0.104371 0.65714997
vt 0.104441 0.655608
vt 0.091107 0.65450698
vt 0.104759 0.65418
vt 0.091614 0.65210098
vt 0.105318 0.65286797
vt 0.106107 0.65167898
vt 0.092525 0.649826
vt 0.107119 0.650616
vt 0.108343 0.649683
vt 0.09385 0.647704
vt 0.109771 0.648883
vt 0.111394 0.64822102
vt 0.113201 0.647698
vt 0.115183 0.647318
vt 0.095596 0.645759
vt 0.095596 0.645759
vt 0.115183 0.647318
vt 0.11733 0.64708298
vt 0.095596 0.645759
vt 0.11733 0.64708298
vt 0.119631 0.646994
vt 0.133982 0.63897598
vt 0.119631 0.646994
vt 0.09777 0.644013
vt 0.10046 0.642488
vt 0.103679 0.64120698
vt 0.107324 0.640189
vt 0.111398 0.63945198
vt 0.107324 0.640189
vt 0.133982 0.63897598
vt 0.115899 0.639013
vt 0.111398 0.63945198
vt 0.133982 0.63897598
vt 0.120825 0.63888597
vt 0.115899 0.639013
vt 0.133982 0.63897598
vt 0.134863 0.612563
vt 0.622472 0.66705197
vt 0.632967 0.673252
vt 0.632967 0.62097102
vt 0.609762 0.674815
vt 0.605684 0.674931
vt 0.601939 0.67473602
vt 0.598537 0.674244
vt 0.595483 0.67347097
vt 0.592781 0.672436
vt 0.590432 0.671157
vt 0.588436 0.669657
vt 0.609677 0.66768003
vt 0.588436 0.669657
vt 0.622472 0.66705197
vt 0.586791 0.66795498
vt 0.609677 0.66768003
vt 0.621588 0.65045
vt 0.607276 0.66770703
vt 0.605136 0.66755098
vt 0.60325 0.66722798
vt 0.585495 0.666076
vt 0.601608 0.666754
vt 0.6002 0.666147
vt 0.599014 0.66542298
vt 0.584542 0.664042
vt 0.598038 0.664599
vt 0.59726 0.66369498
vt 0.596666 0.662727
vt 0.583929 0.66187698
vt 0.596244 0.66171497
vt 0.595979 0.66067702
vt 0.583651 0.65960598
vt 0.595859 0.659629
vt 0.595903 0.658256
vt 0.583718 0.65735
vt 0.59617 0.656981
vt 0.584151 0.655187
vt 0.596654 0.65581
vt 0.597345 0.654747
vt 0.584955 0.65314
vt 0.598235 0.65379602
vt 0.599315 0.65296203
vt 0.586138 0.651231
vt 0.600576 0.652246
vt 0.602008 0.651653
vt 0.6036 0.65118402
vt 0.605344 0.65084302
vt 0.587705 0.649482
vt 0.607227 0.65063
vt 0.609241 0.650549
vt 0.621613 0.64345598
vt 0.589661 0.64791298
vt 0.592106 0.646545
vt 0.595046 0.6454
vt 0.598342 0.644495
vt 0.595046 0.6454
vt 0.621613 0.64345598
vt 0.601987 0.643844
vt 0.598342 0.644495
vt 0.605973 0.643461
vt 0.601987 0.643844
vt 0.621613 0.64345598
vt 0.610289 0.64335698
vt 0.605973 0.643461
vt 0.622556 0.62025702
vt 0.576581 0.675704
vt 0.567348 0.67636597
vt 0.567348 0.725255
vt 0.576581 0.725918
vt 0.445649 0.69801402
vt 0.45273 0.69758397
vt 0.45273 0.65408498
vt 0.445595 0.65935498
vt 0.420752 0.65808898
vt 0.420825 0.651945
vt 0.171117 0.709607
vt 0.177204 0.714895
vt 0.177204 0.67341202
vt 0.154005 0.71552402
vt 0.153967 0.71003503
vt 0.17102 0.698125
vt 0.170988 0.692657
vt 0.153636 0.698228
vt 0.153524 0.692618
vt 0.171128 0.67336297
vt 0.192806 0.74580002
vt 0.191513 0.74582
vt 0.191513 0.75910401
vt 0.483428 0.75489402
vt 0.483428 0.73772103
vt 0.469918 0.737723
vt 0.38275 0.707336
vt 0.38275 0.69407302
vt 0.381456 0.694093
vt 0.385011 0.70725203
vt 0.385011 0.69399
vt 0.383936 0.694039
vt 0.40579 0.73385
vt 0.405795 0.731898
vt 0.392287 0.73198003
vt 0.636703 0.734559
vt 0.623193 0.734519
vt 0.623209 0.73613602
vt 0.348875 0.707946
vt 0.335366 0.708053
vt 0.33538 0.71197098
vt 0.648621 0.71374798
vt 0.648621 0.70046598
vt 0.643039 0.70046902
vt 0.153526 0.728284
vt 0.166998 0.727638
vt 0.167011 0.725241
vt 0.540815 0.71230602
vt 0.540815 0.69902402
vt 0.529138 0.69902998
vt 0.329215 0.738694
vt 0.315707 0.73869503
vt 0.315662 0.740995
vt 0.568353 0.749371
vt 0.57742 0.749362
vt 0.57742 0.73608
vt 0.63668 0.733171
vt 0.623171 0.733131
vt 0.623193 0.734519
vt 0.209074 0.73405898
vt 0.222583 0.73412
vt 0.222586 0.731726
vt 0.124461 0.68064898
vt 0.110953 0.680637
vt 0.110953 0.730842
vt 0.547628 0.748339
vt 0.561117 0.748339
vt 0.561123 0.74675798
vt 0.547635 0.74675798
vt 0.561123 0.74675798
vt 0.561142 0.745287
vt 0.597193 0.741768
vt 0.583685 0.74177802
vt 0.58366 0.743954
vt 0.355244 0.693927
vt 0.355244 0.72531003
vt 0.368754 0.72534698
vt 0.43426 0.74049598
vt 0.420752 0.740516
vt 0.420752 0.757132
vt 0.335408 0.698349
vt 0.33538 0.701235
vt 0.34889 0.701128
vt 0.440604 0.727439
vt 0.440649 0.728916
vt 0.454157 0.72890902
vt 0.597233 0.739716
vt 0.583725 0.739726
vt 0.583685 0.74177802
vt 0.541288 0.679614
vt 0.529138 0.67961103
vt 0.529138 0.692895
vt 0.329167 0.75087202
vt 0.315659 0.75087303
vt 0.315703 0.75313002
vt 0.405804 0.738227
vt 0.405793 0.735963
vt 0.392285 0.736045
vt 0.016719 0.74492902
vt 0.003212 0.744996
vt 0.003219 0.74697697
vt 0.130692 0.73040903
vt 0.144202 0.73042297
vt 0.144202 0.680651
vt 0.583722 0.75266999
vt 0.58378 0.754556
vt 0.597288 0.75454599
vt 0.454129 0.73766398
vt 0.440621 0.737687
vt 0.440635 0.74412298
vt 0.003219 0.74697697
vt 0.003219 0.74883097
vt 0.016726 0.748765
vt 0.469955 0.722897
vt 0.469955 0.723904
vt 0.483457 0.723494
vt 0.223775 0.74815297
vt 0.223775 0.76143599
vt 0.225309 0.761482
vt 0.461971 0.65200597
vt 0.461971 0.66528702
vt 0.463353 0.66522598
vt 0.062311 0.69119
vt 0.062295 0.69476998
vt 0.075804 0.694664
vt 0.190244 0.759116
vt 0.190244 0.74583298
vt 0.18898 0.745839
vt 0.104546 0.723428
vt 0.091038 0.723365
vt 0.091083 0.726295
vt 0.440701 0.73028302
vt 0.44076 0.731538
vt 0.454268 0.73153102
vt 0.104633 0.742396
vt 0.091123 0.742378
vt 0.091138 0.74422097
vt 0.06231 0.703197
vt 0.062343 0.70804
vt 0.075852 0.707933
vt 0.561162 0.75256002
vt 0.561135 0.75119698
vt 0.547647 0.75119698
vt 0.469949 0.729998
vt 0.469947 0.73159403
vt 0.483449 0.73118502
vt 0.454132 0.74884802
vt 0.440624 0.74887103
vt 0.440604 0.75080699
vt 0.48344 0.702649
vt 0.469939 0.70305902
vt 0.469928 0.704552
vt 0.19555 0.75901198
vt 0.19555 0.74572903
vt 0.194145 0.74576998
vt 0.187697 0.74584
vt 0.183435 0.745839
vt 0.183435 0.75912303
vt 0.583651 0.74623
vt 0.583658 0.74848503
vt 0.597166 0.74847502
vt 0.547647 0.75119698
vt 0.561135 0.75119698
vt 0.561121 0.749784
vt 0.091009 0.720025
vt 0.091038 0.723365
vt 0.104546 0.723428
vt 0.075804 0.694664
vt 0.062295 0.69476998
vt 0.062294 0.69877303
vt 0.440536 0.72417098
vt 0.440566 0.725856
vt 0.454074 0.72584897
vt 0.062343 0.70804
vt 0.06245 0.72097802
vt 0.075959 0.72087097
vt 0.225309 0.761482
vt 0.226988 0.76152301
vt 0.226988 0.74824
vt 0.22266 0.740905
vt 0.222629 0.7396
vt 0.20912 0.739538
vt 0.377934 0.70733398
vt 0.377934 0.694071
vt 0.376901 0.69404203
vt 0.597364 0.73608
vt 0.583856 0.73609
vt 0.583782 0.737822
vt 0.636619 0.73103797
vt 0.623109 0.73099798
vt 0.623142 0.731961
vt 0.00315 0.75477701
vt 0.003116 0.75584698
vt 0.016623 0.75577998
vt 0.309394 0.728476
vt 0.309394 0.69392997
vt 0.295886 0.693927
vt 0.405808 0.730116
vt 0.405829 0.72851503
vt 0.392321 0.728598
vt 0.583782 0.737822
vt 0.583725 0.739726
vt 0.597233 0.739716
vt 0.583651 0.729944
vt 0.597139 0.729953
vt 0.597139 0.68106598
vt 0.498698 0.701275
vt 0.498698 0.71453702
vt 0.499863 0.71456897
vt 0.483454 0.720496
vt 0.469953 0.72090602
vt 0.469954 0.721906
vt 0.583658 0.74848503
vt 0.583681 0.75063902
vt 0.597189 0.75062901
vt 0.104548 0.73816103
vt 0.091038 0.73814303
vt 0.091073 0.73934603
vt 0.003212 0.750548
vt 0.003198 0.75211799
vt 0.016705 0.75205201
vt 0.348919 0.716107
vt 0.33541 0.716214
vt 0.335503 0.72735
vt 0.062294 0.753497
vt 0.075802 0.75352901
vt 0.075802 0.72713703
vt 0.348959 0.695844
vt 0.335449 0.69595098
vt 0.335408 0.698349
vt 0.110953 0.73698002
vt 0.110953 0.75626802
vt 0.124461 0.756284
vt 0.339776 0.733504
vt 0.339776 0.74678802
vt 0.349013 0.74676102
vt 0.385757 0.72676998
vt 0.385757 0.71348602
vt 0.374985 0.71348703
vt 0.016685 0.753465
vt 0.003177 0.75353098
vt 0.00315 0.75477701
vt 0.547713 0.75385398
vt 0.561201 0.75385398
vt 0.561162 0.75256002
vt 0.483454 0.726844
vt 0.469953 0.72725302
vt 0.469951 0.72855902
vt 0.499863 0.701306
vt 0.499863 0.71456897
vt 0.500981 0.71461302
vt 0.483457 0.723494
vt 0.469955 0.723904
vt 0.469955 0.72495002
vt 0.104655 0.74631
vt 0.091146 0.746292
vt 0.091146 0.74859703
vt 0.329141 0.74847603
vt 0.315633 0.74847698
vt 0.315659 0.75087303
vt 0.214156 0.60628003
vt 0.227644 0.60628903
vt 0.227644 0.536803
vt 0.616878 0.74918997
vt 0.616878 0.73590797
vt 0.607809 0.73591602
vt 0.275998 0.718683
vt 0.276013 0.721609
vt 0.28952 0.721707
vt 0.385969 0.70718998
vt 0.385969 0.693927
vt 0.385011 0.69399
vt 0.315703 0.75313002
vt 0.315767 0.75522602
vt 0.329275 0.755225
vt 0.454004 0.71561098
vt 0.440496 0.715618
vt 0.440491 0.71853602
vt 0.496308 0.71451098
vt 0.497506 0.71451902
vt 0.497506 0.70125598
vt 0.380059 0.70735902
vt 0.380059 0.69409698
vt 0.378993 0.694089
vt 0.39235 0.72718602
vt 0.405858 0.727104
vt 0.405894 0.725891
vt 0.197044 0.75895798
vt 0.197044 0.745674
vt 0.19555 0.74572903
vt 0.494741 0.714517
vt 0.496308 0.71451098
vt 0.496308 0.701249
vt 0.561121 0.749784
vt 0.561117 0.748339
vt 0.547628 0.748339
vt 0.597168 0.743944
vt 0.58366 0.743954
vt 0.583651 0.74623
vt 0.003116 0.72665298
vt 0.016604 0.72666103
vt 0.016604 0.683163
vt 0.454021 0.72237998
vt 0.440513 0.72238702
vt 0.440536 0.72417098
vt 0.561117 0.675712
vt 0.547628 0.675704
vt 0.547628 0.735447
vt 0.392285 0.736045
vt 0.405793 0.735963
vt 0.40579 0.73385
vt 0.489688 0.70144498
vt 0.489688 0.71470702
vt 0.49076 0.71463603
vt 0.48343 0.71300697
vt 0.469929 0.71341598
vt 0.469936 0.71547103
vt 0.469921 0.706138
vt 0.469918 0.70781702
vt 0.48342 0.707408
vt 0.469955 0.72495002
vt 0.469954 0.726058
vt 0.483456 0.725649
vt 0.440635 0.74412298
vt 0.440635 0.746648
vt 0.454143 0.746625
vt 0.329358 0.73459
vt 0.31585 0.734591
vt 0.315769 0.736552
vt 0.648746 0.69433898
vt 0.648746 0.681058
vt 0.643039 0.681058
vt 0.497506 0.70125598
vt 0.497506 0.71451902
vt 0.498698 0.71453702
vt 0.547834 0.756163
vt 0.561323 0.756163
vt 0.561255 0.75506097
vt 0.392321 0.728598
vt 0.405829 0.72851503
vt 0.405858 0.727104
vt 0.289655 0.69402498
vt 0.276148 0.693927
vt 0.276016 0.712102
vt 0.104722 0.68070102
vt 0.091215 0.680637
vt 0.091025 0.70752
vt 0.036324 0.683163
vt 0.022835 0.683155
vt 0.022835 0.72463697
vt 0.636718 0.736176
vt 0.623209 0.73613602
vt 0.623217 0.737992
vt 0.49076 0.70137298
vt 0.49076 0.71463603
vt 0.491962 0.71458
vt 0.167011 0.725241
vt 0.167033 0.72325802
vt 0.153561 0.72390503
vt 0.547728 0.74269497
vt 0.561217 0.74269497
vt 0.561274 0.74158198
vt 0.222586 0.731726
vt 0.222599 0.729024
vt 0.20909 0.72896302
vt 0.44076 0.704148
vt 0.440677 0.70599198
vt 0.454185 0.705985
vt 0.153533 0.734474
vt 0.167006 0.733827
vt 0.166996 0.730487
vt 0.368752 0.73150998
vt 0.355244 0.73147398
vt 0.355244 0.75465
vt 0.309394 0.734603
vt 0.295886 0.73461503
vt 0.295886 0.75743198
vt 0.454074 0.72584897
vt 0.440566 0.725856
vt 0.440604 0.727439
vt 0.636718 0.74249703
vt 0.623208 0.74245697
vt 0.623139 0.755036
vt 0.547766 0.75506097
vt 0.561255 0.75506097
vt 0.561201 0.75385398
vt 0.454157 0.72890902
vt 0.440649 0.728916
vt 0.440701 0.73028302
vt 0.376901 0.69404203
vt 0.375912 0.69400197
vt 0.375912 0.707264
vt 0.269767 0.693927
vt 0.256257 0.693941
vt 0.256257 0.72991502
vt 0.28952 0.721707
vt 0.276013 0.721609
vt 0.276043 0.72427398
vt 0.53049 0.737885
vt 0.53049 0.751167
vt 0.539553 0.75116003
vt 0.226988 0.74824
vt 0.226988 0.76152301
vt 0.22881 0.761558
vt 0.49329 0.70127797
vt 0.49329 0.71454
vt 0.494741 0.714517
vt 0.33538 0.71197098
vt 0.33541 0.716214
vt 0.348919 0.716107
vt 0.335366 0.704472
vt 0.335366 0.708053
vt 0.348875 0.707946
vt 0.623109 0.71157998
vt 0.623119 0.714921
vt 0.636627 0.71497798
vt 0.104655 0.74861503
vt 0.091146 0.74859703
vt 0.091135 0.75505501
vt 0.10459 0.726359
vt 0.091083 0.726295
vt 0.091142 0.72882098
vt 0.469951 0.71987402
vt 0.469953 0.72090602
vt 0.483454 0.720496
vt 0.20909 0.72896302
vt 0.222599 0.729024
vt 0.222696 0.714382
vt 0.33538 0.701235
vt 0.335366 0.704472
vt 0.348875 0.704364
vt 0.469923 0.711456
vt 0.469929 0.71341598
vt 0.48343 0.71300697
vt 0.153524 0.731134
vt 0.166996 0.730487
vt 0.166998 0.727638
vt 0.315769 0.736552
vt 0.315707 0.73869503
vt 0.329215 0.738694
vt 0.483437 0.715061
vt 0.469936 0.71547103
vt 0.469944 0.71762002
vt 0.454116 0.70806402
vt 0.440608 0.708071
vt 0.440554 0.710375
vt 0.196924 0.67337197
vt 0.183435 0.67336297
vt 0.183435 0.73953903
vt 0.153593 0.748869
vt 0.167066 0.748222
vt 0.167006 0.733827
vt 0.561142 0.745287
vt 0.561173 0.743931
vt 0.547684 0.743931
vt 0.383936 0.70730102
vt 0.383936 0.694039
vt 0.38275 0.69407302
vt 0.209081 0.736161
vt 0.22259 0.73622203
vt 0.222583 0.73412
vt 0.042555 0.72794503
vt 0.042555 0.75236303
vt 0.056062 0.752401
vt 0.20912 0.739538
vt 0.222629 0.7396
vt 0.222606 0.738043
vt 0.392387 0.75239801
vt 0.405894 0.75231498
vt 0.405804 0.738227
vt 0.483445 0.71721
vt 0.469944 0.71762002
vt 0.469948 0.718786
vt 0.289506 0.715608
vt 0.275999 0.71551
vt 0.275998 0.718683
vt 0.597288 0.75454599
vt 0.58378 0.754556
vt 0.583856 0.756275
vt 0.440574 0.752473
vt 0.440536 0.753883
vt 0.454044 0.75386101
vt 0.454062 0.71036798
vt 0.440554 0.710375
vt 0.440517 0.71289402
vt 0.023889 0.73079902
vt 0.023889 0.744083
vt 0.036324 0.744056
vt 0.167033 0.72325802
vt 0.167066 0.72165102
vt 0.153593 0.72229803
vt 0.062343 0.68803
vt 0.062311 0.69119
vt 0.075821 0.691083
vt 0.222389 0.748102
vt 0.222389 0.76138598
vt 0.223775 0.76143599
vt 0.616878 0.72976798
vt 0.616878 0.681058
vt 0.60337 0.68107098
vt 0.547684 0.743931
vt 0.561173 0.743931
vt 0.561217 0.74269497
vt 0.191513 0.74582
vt 0.190244 0.74583298
vt 0.190244 0.759116
vt 0.375912 0.707264
vt 0.375912 0.69400197
vt 0.374985 0.69394797
vt 0.623217 0.740097
vt 0.623208 0.74245697
vt 0.636718 0.74249703
vt 0.48342 0.707408
vt 0.469918 0.70781702
vt 0.469919 0.70959002
vt 0.194145 0.75905299
vt 0.194145 0.74576998
vt 0.192806 0.74580002
vt 0.315625 0.74596697
vt 0.315633 0.74847698
vt 0.329141 0.74847603
vt 0.075803 0.69866598
vt 0.062294 0.69877303
vt 0.06231 0.703197
vt 0.454025 0.712887
vt 0.440517 0.71289402
vt 0.440496 0.715618
vt 0.483429 0.704143
vt 0.469928 0.704552
vt 0.469921 0.706138
vt 0.104648 0.74423897
vt 0.091138 0.74422097
vt 0.091146 0.746292
vt 0.091001 0.71210402
vt 0.090996 0.716272
vt 0.104504 0.716336
vt 0.440635 0.746648
vt 0.440624 0.74887103
vt 0.454132 0.74884802
vt 0.623142 0.731961
vt 0.623171 0.733131
vt 0.63668 0.733171
vt 0.209186 0.74191397
vt 0.222696 0.741975
vt 0.22266 0.740905
vt 0.104611 0.74077302
vt 0.091102 0.74075502
vt 0.091123 0.742378
vt 0.329143 0.74342698
vt 0.315635 0.743428
vt 0.315625 0.74596697
vt 0.636652 0.717974
vt 0.623145 0.71791703
vt 0.623184 0.72056502
vt 0.642958 0.730999
vt 0.642958 0.744282
vt 0.649035 0.744281
vt 0.623236 0.72286397
vt 0.6233 0.724814
vt 0.636808 0.72487098
vt 0.335503 0.69403398
vt 0.335449 0.69595098
vt 0.348959 0.695844
vt 0.483456 0.721496
vt 0.469954 0.721906
vt 0.469955 0.722897
vt 0.384224 0.732925
vt 0.374985 0.732898
vt 0.374985 0.74617898
vt 0.597189 0.75062901
vt 0.583681 0.75063902
vt 0.583722 0.75266999
vt 0.509418 0.75490302
vt 0.522928 0.75488597
vt 0.522928 0.738025
vt 0.454185 0.705985
vt 0.440677 0.70599198
vt 0.440608 0.708071
vt 0.104532 0.70758402
vt 0.091025 0.70752
vt 0.091001 0.71210402
vt 0.440498 0.72050703
vt 0.440513 0.72238702
vt 0.454021 0.72237998
vt 0.458961 0.652115
vt 0.458961 0.66539598
vt 0.460511 0.665344
vt 0.016705 0.75205201
vt 0.003198 0.75211799
vt 0.003177 0.75353098
vt 0.491962 0.701317
vt 0.491962 0.71458
vt 0.49329 0.71454
vt 0.636691 0.720622
vt 0.623184 0.72056502
vt 0.623236 0.72286397
vt 0.381456 0.70735502
vt 0.381456 0.694093
vt 0.380059 0.69409698
vt 0.329135 0.693927
vt 0.315625 0.693928
vt 0.315625 0.728463
vt 0.090996 0.73714
vt 0.091038 0.73814303
vt 0.104548 0.73816103
vt 0.483457 0.701249
vt 0.469955 0.701658
vt 0.469939 0.70305902
vt 0.623119 0.714921
vt 0.623145 0.71791703
vt 0.636652 0.717974
vt 0.269765 0.756913
vt 0.269765 0.73606998
vt 0.256257 0.73604202
vt 0.453999 0.718529
vt 0.440491 0.71853602
vt 0.440498 0.72050703
vt 0.509418 0.731889
vt 0.522906 0.731898
vt 0.522906 0.67962003
vt 0.250026 0.73710698
vt 0.236518 0.737121
vt 0.236518 0.75603199
vt 0.016657 0.73278803
vt 0.00315 0.73285502
vt 0.003212 0.744996
vt 0.016726 0.748765
vt 0.003219 0.74883097
vt 0.003212 0.750548
vt 0.276088 0.726668
vt 0.276148 0.728778
vt 0.289655 0.728876
vt 0.222606 0.738043
vt 0.22259 0.73622203
vt 0.209081 0.736161
vt 0.636643 0.70394498
vt 0.623136 0.703888
vt 0.623114 0.70789897
vt 0.420752 0.734357
vt 0.43426 0.73436898
vt 0.43426 0.704153
vt 0.130692 0.75682598
vt 0.1442 0.75682199
vt 0.1442 0.73654997
vt 0.28955 0.72437203
vt 0.276043 0.72427398
vt 0.276088 0.726668
vt 0.06245 0.68326098
vt 0.062389 0.68539202
vt 0.075899 0.685286
vt 0.075899 0.685286
vt 0.062389 0.68539202
vt 0.062343 0.68803
vt 0.454111 0.750785
vt 0.440604 0.75080699
vt 0.440574 0.752473
vt 0.500981 0.71461302
vt 0.502032 0.71467298
vt 0.502032 0.70141
vt 0.460511 0.665344
vt 0.461971 0.66528702
vt 0.461971 0.65200597
vt 0.469948 0.718786
vt 0.469951 0.71987402
vt 0.483452 0.719464
vt 0.209074 0.761383
vt 0.216158 0.761401
vt 0.216158 0.748119
vt 0.378993 0.70735198
vt 0.378993 0.694089
vt 0.377934 0.694071
vt 0.636726 0.73803198
vt 0.623217 0.737992
vt 0.623217 0.740097
vt 0.104504 0.716336
vt 0.090996 0.716272
vt 0.091009 0.720025
vt 0.329275 0.755225
vt 0.315767 0.75522602
vt 0.31585 0.757137
vt 0.469919 0.70959002
vt 0.469923 0.711456
vt 0.483424 0.711047
vt 0.056063 0.68316603
vt 0.042555 0.683155
vt 0.042555 0.721807
vt 0.091142 0.72882098
vt 0.091215 0.73094898
vt 0.104722 0.731013
vt 0.636808 0.68111402
vt 0.6233 0.681058
vt 0.623136 0.703888
vt 0.489659 0.754816
vt 0.503167 0.75481802
vt 0.503167 0.737723
vt 0.32917 0.74099398
vt 0.315662 0.740995
vt 0.315635 0.743428
vt 0.392287 0.73198003
vt 0.405795 0.731898
vt 0.405808 0.730116
vt 0.469954 0.726058
vt 0.469953 0.72725302
vt 0.483454 0.726844
vt 0.091073 0.73934603
vt 0.091102 0.74075502
vt 0.104611 0.74077302
vt 0.275998 0.75685
vt 0.289506 0.75686097
vt 0.289506 0.73501498
vt 0.276016 0.712102
vt 0.275999 0.71551
vt 0.289506 0.715608
vt 0.236518 0.73096198
vt 0.250026 0.73097998
vt 0.250026 0.693945
vt 0.454044 0.75386101
vt 0.440536 0.753883
vt 0.440491 0.755054
vt 0.529138 0.73175102
vt 0.539553 0.731722
vt 0.539553 0.71843898
vt 0.483453 0.728149
vt 0.469951 0.72855902
vt 0.469949 0.729998
vt 0.623114 0.70789897
vt 0.623109 0.71157998
vt 0.636616 0.711636
vt 0.030136 0.76349199
vt 0.030136 0.75020999
vt 0.023889 0.75021899
vt 0.18898 0.75912201
vt 0.18898 0.745839
vt 0.187697 0.74584
vt 0.192806 0.75908297
vt 0.469918 0.75489599
vt 0.381456 0.70735502
vt 0.383936 0.70730102
vt 0.392282 0.73393202
vt 0.636718 0.736176
vt 0.34889 0.711864
vt 0.643039 0.71375102
vt 0.153538 0.725888
vt 0.529138 0.71231198
vt 0.32917 0.74099398
vt 0.568353 0.736089
vt 0.636703 0.734559
vt 0.209076 0.731664
vt 0.124461 0.73085397
vt 0.547635 0.74675798
vt 0.547653 0.745287
vt 0.597168 0.743944
vt 0.368754 0.693964
vt 0.43426 0.75711203
vt 0.348917 0.698242
vt 0.454112 0.727432
vt 0.597193 0.741768
vt 0.541288 0.69289702
vt 0.329211 0.753129
vt 0.392296 0.73830903
vt 0.016726 0.74690998
vt 0.130692 0.680637
vt 0.59723 0.75265998
vt 0.454143 0.744101
vt 0.016726 0.74690998
vt 0.483457 0.72248697
vt 0.225309 0.748199
vt 0.463353 0.651945
vt 0.075821 0.691083
vt 0.18898 0.75912201
vt 0.10459 0.726359
vt 0.454209 0.730276
vt 0.104648 0.74423897
vt 0.075819 0.70309
vt 0.547673 0.75256002
vt 0.483451 0.72958797
vt 0.454111 0.750785
vt 0.483429 0.704143
vt 0.194145 0.75905299
vt 0.187697 0.75912398
vt 0.597159 0.74622
vt 0.547632 0.749784
vt 0.104516 0.72008902
vt 0.075803 0.69866598
vt 0.454044 0.724164
vt 0.075852 0.707933
vt 0.225309 0.748199
vt 0.20915 0.740844
vt 0.376901 0.707305
vt 0.59729 0.737813
vt 0.636652 0.73200202
vt 0.016657 0.75471097
vt 0.295886 0.728473
vt 0.3923 0.73019898
vt 0.59729 0.737813
vt 0.583651 0.681058
vt 0.499863 0.701306
vt 0.483456 0.721496
vt 0.583658 0.74848503
vt 0.597189 0.75062901
vt 0.597166 0.74847502
vt 0.104583 0.73936403
vt 0.016719 0.75048202
vt 0.349013 0.727243
vt 0.062294 0.72710502
vt 0.348917 0.698242
vt 0.124461 0.736997
vt 0.349013 0.733477
vt 0.374985 0.726771
vt 0.016657 0.75471097
vt 0.547673 0.75256002
vt 0.483453 0.728149
vt 0.500981 0.701351
vt 0.483457 0.72454
vt 0.104655 0.74861503
vt 0.329167 0.75087202
vt 0.214156 0.53679502
vt 0.607809 0.74919802
vt 0.289505 0.718781
vt 0.385011 0.70725203
vt 0.329211 0.753129
vt 0.453999 0.718529
vt 0.496308 0.701249
vt 0.378993 0.70735198
vt 0.392387 0.72597402
vt 0.19555 0.75901198
vt 0.494741 0.701254
vt 0.547632 0.749784
vt 0.597159 0.74622
vt 0.003116 0.683155
vt 0.454044 0.724164
vt 0.561117 0.735456
vt 0.392282 0.73393202
vt 0.49076 0.70137298
vt 0.483437 0.715061
vt 0.483423 0.705729
vt 0.483457 0.72454
vt 0.454143 0.744101
vt 0.329277 0.73654997
vt 0.643039 0.69433898
vt 0.498698 0.701275
vt 0.547766 0.75506097
vt 0.39235 0.72718602
vt 0.289523 0.7122
vt 0.104532 0.70758402
vt 0.036324 0.72464502
vt 0.636718 0.736176
vt 0.623217 0.737992
vt 0.636726 0.73803198
vt 0.491962 0.701317
vt 0.153538 0.725888
vt 0.547786 0.74158198
vt 0.209076 0.731664
vt 0.454268 0.70414102
vt 0.153524 0.731134
vt 0.368752 0.75468701
vt 0.309394 0.75742
vt 0.454112 0.727432
vt 0.636649 0.75507599
vt 0.547713 0.75385398
vt 0.454209 0.730276
vt 0.376901 0.69404203
vt 0.375912 0.707264
vt 0.376901 0.707305
vt 0.269767 0.72990102
vt 0.28955 0.72437203
vt 0.539553 0.73787802
vt 0.22881 0.74827498
vt 0.494741 0.701254
vt 0.34889 0.711864
vt 0.348875 0.704364
vt 0.636616 0.711636
vt 0.104645 0.75507301
vt 0.10465 0.728885
vt 0.483452 0.719464
vt 0.209186 0.71432102
vt 0.34889 0.701128
vt 0.483424 0.711047
vt 0.153526 0.728284
vt 0.329277 0.73654997
vt 0.483445 0.71721
vt 0.454062 0.71036798
vt 0.196924 0.739547
vt 0.153533 0.734474
vt 0.547653 0.745287
vt 0.383936 0.70730102
vt 0.38275 0.69407302
vt 0.38275 0.707336
vt 0.209074 0.73405898
vt 0.056062 0.727983
vt 0.209096 0.73798198
vt 0.392296 0.73830903
vt 0.483449 0.718377
vt 0.289505 0.718781
vt 0.597364 0.75626498
vt 0.454081 0.752451
vt 0.454025 0.712887
vt 0.036324 0.73077202
vt 0.153561 0.72390503
vt 0.075852 0.68792403
vt 0.223775 0.74815297
vt 0.60337 0.72978097
vt 0.547728 0.74269497
vt 0.191513 0.75910401
vt 0.374985 0.70721
vt 0.636726 0.74013698
vt 0.483421 0.70918
vt 0.192806 0.75908297
vt 0.329133 0.74596602
vt 0.075819 0.70309
vt 0.454004 0.71561098
vt 0.483423 0.705729
vt 0.104655 0.74631
vt 0.104509 0.71216702
vt 0.454143 0.746625
vt 0.623142 0.731961
vt 0.63668 0.733171
vt 0.636652 0.73200202
vt 0.20915 0.740844
vt 0.104633 0.742396
vt 0.329133 0.74596602
vt 0.636691 0.720622
vt 0.649035 0.73099798
vt 0.636744 0.722921
vt 0.349013 0.693927
vt 0.483457 0.72248697
vt 0.384224 0.746206
vt 0.59723 0.75265998
vt 0.509418 0.738042
vt 0.454116 0.70806402
vt 0.104509 0.71216702
vt 0.454006 0.7205
vt 0.460511 0.652062
vt 0.016685 0.753465
vt 0.49329 0.70127797
vt 0.636744 0.722921
vt 0.380059 0.70735902
vt 0.329135 0.72846198
vt 0.104506 0.737158
vt 0.48344 0.702649
vt 0.636627 0.71497798
vt 0.256257 0.756886
vt 0.454006 0.7205
vt 0.509418 0.67961103
vt 0.250026 0.75601798
vt 0.016719 0.74492902
vt 0.016719 0.75048202
vt 0.289596 0.726766
vt 0.209096 0.73798198
vt 0.636622 0.70795602
vt 0.420752 0.70414102
vt 0.130692 0.73655403
vt 0.289596 0.726766
vt 0.075959 0.683155
vt 0.075852 0.68792403
vt 0.454081 0.752451
vt 0.500981 0.701351
vt 0.460511 0.652062
vt 0.483449 0.718377
vt 0.209074 0.748102
vt 0.377934 0.70733398
vt 0.636726 0.74013698
vt 0.104516 0.72008902
vt 0.329358 0.75713599
vt 0.483421 0.70918
vt 0.056063 0.72181898
vt 0.10465 0.728885
vt 0.636643 0.70394498
vt 0.489659 0.73772103
vt 0.329143 0.74342698
vt 0.3923 0.73019898
vt 0.483456 0.725649
vt 0.104583 0.73936403
vt 0.275998 0.735003
vt 0.289523 0.7122
vt 0.236518 0.693927
vt 0.453999 0.755032
vt 0.529138 0.718468
vt 0.483453 0.728149
vt 0.469949 0.729998
vt 0.483451 0.72958797
vt 0.636622 0.70795602
vt 0.023889 0.76350099
vt 0.187697 0.75912398
vt 0.962081 0.89927298
vt 0.972301 0.91920501
vt 0.972916 0.90893698
vt 0.95927 0.908016026
vt 0.969068 0.929256976
vt 0.954289 0.91623503
vt 0.963339 0.938704014
vt 0.94733 0.923612
vt 0.955337 0.94718498
vt 0.938661 0.929865
vt 0.945367 0.954374015
vt 0.928614 0.934753
vt 0.933814 0.959993005
vt 0.917576 0.938089013
vt 0.92112 0.96382898
vt 0.905971 0.939743996
vt 0.907775 0.965731025
vt 0.894246 0.939653993
vt 0.894291 0.96562898
vt 0.882849 0.93782401
vt 0.881185 0.963524997
vt 0.87222 0.93432301
vt 0.868962 0.959500015
vt 0.862768 0.929286
vt 0.858092 0.95371002
vt 0.854854 0.92290598
vt 0.848992 0.94637698
vt 0.848784 0.91543001
vt 0.842011 0.93778199
vt 0.84479 0.907143
vt 0.837419 0.928255975
vt 0.843026 0.89836502
vt 0.835391 0.91816503
vt 0.855995 0.56137002
vt 0.847066 0.555251
vt 0.857097 0.557428
vt 0.848556 0.54978198
vt 0.859075 0.55373102
vt 0.851235 0.544654
vt 0.861853 0.55042
vt 0.855002 0.540065
vt 0.865323 0.54762298
vt 0.859712 0.53618902
vt 0.869352 0.545447
vt 0.865183 0.53317702
vt 0.873786 0.543976
vt 0.871204 0.53114498
vt 0.878455 0.543267
vt 0.877546 0.530169
vt 0.883178 0.543346
vt 0.883963 0.530289
vt 0.887774 0.54421097
vt 0.89021 0.53149801
vt 0.892067 0.54582798
vt 0.896046 0.533751
vt 0.895891 0.548136
vt 0.901247 0.53696197
vt 0.8991 0.551045
vt 0.905613 0.54100603
vt 0.901571 0.55444402
vt 0.908977 0.54572803
vt 0.962616 0.89033997
vt 0.911209 0.550947
vt 0.903208 0.55820298
vt 0.081222 0.677028
vt 0.081222 0.610251
vt 0.075632 0.61012697
vt 0.915375 0.53202897
vt 0.918117 0.53807902
vt 0.921472 0.531855
vt 0.912775 0.53887397
vt 0.915307 0.54463398
vt 0.851239 0.048242986
vt 0.846287 0.445333
vt 0.855156 0.448348
vt 0.847062 0.054347992
vt 0.837555 0.43699396
vt 0.829209 0.42139804
vt 0.911224 0.52656198
vt 0.918504 0.525706
vt 0.90895 0.533665
vt 0.905825 0.52188897
vt 0.913991 0.52015698
vt 0.90398 0.529208
vt 0.899385 0.518188
vt 0.908107 0.515424
vt 0.898055 0.525675
vt 0.892151 0.515603
vt 0.901079 0.51168603
vt 0.891404 0.52319998
vt 0.8844 0.51423198
vt 0.893176 0.509089
vt 0.884282 0.52187902
vt 0.876432 0.51412803
vt 0.884703 0.50773197
vt 0.876962 0.521762
vt 0.875984 0.507666
vt 0.867355 0.508896
vt 0.868552 0.51529503
vt 0.869726 0.52285498
vt 0.859147 0.51137203
vt 0.861064 0.517689
vt 0.862853 0.525115
vt 0.851677 0.515001
vt 0.854254 0.521217
vt 0.856605 0.52845597
vt 0.84523 0.519642
vt 0.848384 0.525743
vt 0.851224 0.53274798
vt 0.840055 0.525118
vt 0.843681 0.531094
vt 0.846915 0.53782803
vt 0.836351 0.531218
vt 0.840324 0.53706503
vt 0.843846 0.543499
vt 0.834259 0.53770697
vt 0.838444 0.54342502
vt 0.842133 0.54954398
vt 0.677316 0.4565
vt 0.681248 0.46223497
vt 0.681248 0.056237996
vt 0.673126 0.45040798
vt 0.672375 0.059261024
vt 0.65527 0.083242
vt 0.670573 0.44455898
vt 0.67212 0.047420025
vt 0.663262 0.056360006
vt 0.663634 0.067615986
vt 0.829209 0.933667004
vt 0.671731 0.036068022
vt 0.681127 0.044170976
vt 0.662768 0.045569003
vt 0.831449 0.944813013
vt 0.671224 0.02564001
vt 0.680863 0.032602012
vt 0.844237 0.964827
vt 0.836524 0.955334008
vt 0.833507 0.964489996
vt 0.367897 0.687047
vt 0.37804 0.6878
vt 0.379248 0.678446
vt 0.854293 0.972926974
vt 0.84162 0.974469006
vt 0.355611 0.68642902
vt 0.368913 0.67757303
vt 0.866305 0.979322016
vt 0.852196 0.982982993
vt 0.341653 0.685969
vt 0.356394 0.67685598
vt 0.879812 0.98376602
vt 0.86483 0.989705026
vt 0.326559 0.685686
vt 0.342171 0.676324
vt 0.894295 0.986088991
vt 0.879036 0.994377017
vt 0.310911 0.68559098
vt 0.326792 0.675996
vt 0.909196 0.986202002
vt 0.894268 0.9968190193
vt 0.310847 0.67588502
vt 0.294949 0.675996
vt 0.909941 0.996936977
vt 0.925452 0.994726002
vt 0.923943 0.984099984
vt 0.295309 0.685686
vt 0.279709 0.676324
vt 0.940205 0.990272999
vt 0.93797 0.979864001
vt 0.280353 0.685969
vt 0.265712 0.67685598
vt 0.953634 0.983747005
vt 0.950738 0.973655999
vt 0.266617 0.68642902
vt 0.253497 0.67757303
vt 0.965222 0.975399017
vt 0.961755 0.965716004
vt 0.25463 0.687047
vt 0.243533 0.678446
vt 0.974524 0.965551972
vt 0.970599 0.956349015
vt 0.845191 0.47900903
vt 0.854435 0.482669
vt 0.854801 0.47201097
vt 0.981183 0.954581022
vt 0.976929 0.945913017
vt 0.845671 0.46855104
vt 0.855044 0.46042204
vt 0.836716 0.45906603
vt 0.84604 0.45718002
vt 0.980503 0.93481201
vt 0.837192 0.44825602
vt 0.981183 0.92347002
vt 0.949123 0.029489994
vt 0.948963 0.023495972
vt 0.935841 0.027682006
vt 0.052728 0.67667902
vt 0.052728 0.60990298
vt 0.044028 0.609887
vt 0.019324 0.610025
vt 0.012611 0.61012697
vt 0.012611 0.67690402
vt 0.749075 0.463578
vt 0.749075 0.057581007
vt 0.379402 0.61212403
vt 0.369067 0.611251
vt 0.265866 0.610534
vt 0.253652 0.611251
vt 0.326946 0.60967302
vt 0.311001 0.609563
vt 0.922993 0.446998
vt 0.922993 0.041141987
vt 0.855156 0.042491972
vt 0.075631 0.67690402
vt 0.068839 0.610025
vt 0.035341 0.60990298
vt 0.03534 0.67667902
vt 0.007118 0.61025202
vt 0.007117 0.677028
vt 0.295103 0.60967302
vt 0.356548 0.610534
vt 0.243688 0.61212403
vt 0.748953 0.045515
vt 0.922907 0.03478098
vt 0.068839 0.67680198
vt 0.061106 0.609949
vt 0.026999 0.609949
vt 0.026999 0.67672598
vt 0.748813 0.47583997
vt 0.748982 0.469949
vt 0.681155 0.468606
vt 0.922272 0.481319
vt 0.922637 0.47066104
vt 0.74869 0.033945024
vt 0.279863 0.61000103
vt 0.342325 0.61000103
vt 0.85507 0.036131024
vt 0.92275 0.028907001
vt 0.061105 0.67672598
vt 0.019324 0.67680198
vt 0.922881 0.459072
vt 0.748296 0.023317993
vt 0.680469 0.02197498
vt 0.969614 0.020986974
vt 0.969449 0.0147899985
vt 0.061406 0.58407098
vt 0.052857 0.584024
vt 0.052753 0.59700203
vt 0.026921 0.597049
vt 0.026603 0.58407098
vt 0.018771 0.584149
vt 0.762072 0.47114897
vt 0.775198 0.47523403
vt 0.775293 0.468733
vt 0.342928 0.583979
vt 0.327234 0.583645
vt 0.327021 0.59679598
vt 0.279748 0.597125
vt 0.27919 0.583979
vt 0.264907 0.58452302
vt 0.935727 0.47121596
vt 0.948848 0.474272
vt 0.949096 0.462447
vt 0.774901 0.030324996
vt 0.774498 0.019481003
vt 0.761383 0.022718012
vt 0.949211 0.035981
vt 0.935998 0.033578992
vt 0.069297 0.584149
vt 0.061165 0.597049
vt 0.035296 0.59700203
vt 0.035114 0.584024
vt 0.761902 0.477063
vt 0.775026 0.48124504
vt 0.775169 0.042131007
vt 0.761779 0.03338802
vt 0.357441 0.58452302
vt 0.342462 0.597125
vt 0.295049 0.59679598
vt 0.294741 0.583645
vt 0.93536 0.48191798
vt 0.948475 0.48514903
vt 0.949211 0.450127
vt 0.936085 0.039965987
vt 0.076228 0.584253
vt 0.06893 0.597125
vt 0.044019 0.596986
vt 0.043979 0.58400798
vt 0.012475 0.59722698
vt 0.011921 0.584253
vt 0.006315 0.58437997
vt 0.775293 0.054444015
vt 0.762043 0.045002997
vt 0.370216 0.585254
vt 0.356742 0.59766
vt 0.311012 0.596685
vt 0.310964 0.58353198
vt 0.253431 0.59837902
vt 0.252443 0.585254
vt 0.242276 0.58614498
vt 0.081933 0.58437997
vt 0.07575 0.59722698
vt 0.019215 0.597125
vt 0.762165 0.46475196
vt 0.265695 0.59766
vt 0.935972 0.45958102
vt 0.380762 0.58614498
vt 0.369312 0.59837902
vt 0.987474 0.010039985
vt 0.987301 0.0035759807
vt 0.061915 0.563779
vt 0.053075 0.563729
vt 0.025929 0.563779
vt 0.017832 0.563859
vt 0.795694 0.483729
vt 0.795792 0.47700703
vt 0.277992 0.563281
vt 0.263224 0.563843
vt 0.969329 0.48088098
vt 0.969586 0.46865296
vt 0.795386 0.023705006
vt 0.79497 0.012492001
vt 0.343896 0.563281
vt 0.327669 0.562935
vt 0.969705 0.02769798
vt 0.070074 0.563859
vt 0.03473 0.563729
vt 0.795515 0.48994398
vt 0.358902 0.563843
vt 0.294072 0.562935
vt 0.968944 0.492126
vt 0.795664 0.035911024
vt 0.969705 0.45591497
vt 0.077241 0.56396598
vt 0.043896 0.563713
vt 0.010748 0.56396598
vt 0.004952 0.564097
vt 0.795792 0.048642993
vt 0.372111 0.56459898
vt 0.310845 0.562818
vt 0.250337 0.56459898
vt 0.239824 0.565521
vt 0.083139 0.564097
vt 0.383015 0.565521
vt 0.996789 0.009536028
vt 0.996617 0.003063023
vt 0.062581 0.54603797
vt 0.053361 0.545987
vt 0.025048 0.54603797
vt 0.016602 0.546122
vt 0.81356 0.49466598
vt 0.813663 0.48765504
vt 0.987177 0.48970497
vt 0.987445 0.47695196
vt 0.81324 0.014864981
vt 0.812806 0.0031700134
vt 0.345142 0.54495102
vt 0.328217 0.54459
vt 0.276405 0.54495102
vt 0.261002 0.545537
vt 0.987569 0.017040014
vt 0.071091 0.546122
vt 0.034227 0.545987
vt 0.813375 0.501149
vt 0.293176 0.54459
vt 0.986775 0.50143403
vt 0.813529 0.027595997
vt 0.360793 0.545537
vt 0.987569 0.463665
vt 0.078566 0.546234
vt 0.043788 0.54597002
vt 0.009215 0.546234
vt 0.003169 0.54637098
vt 0.37457 0.54632503
vt 0.310671 0.544468
vt 0.24756 0.54632503
vt 0.236596 0.54728597
vt 0.813663 0.040875018
vt 0.084718 0.54637098
vt 0.385943 0.54728597
vt 0.469918 0.07936299
vt 0.649038 0.51172
vt 0.649038 0.06316501
vt 0.062601 0.53686303
vt 0.05337 0.536812
vt 0.025022 0.53686303
vt 0.016565 0.536947
vt 0.822875 0.49517
vt 0.822978 0.48815
vt 0.822554 0.014773011
vt 0.822119 0.003063023
vt 0.345199 0.53581703
vt 0.328254 0.535456
vt 0.276377 0.53581703
vt 0.260955 0.536404
vt 0.996492 0.48979604
vt 0.996761 0.477027
vt 0.996884 0.016543984
vt 0.071122 0.536947
vt 0.034212 0.536812
vt 0.822689 0.50166
vt 0.99609 0.50154
vt 0.822844 0.027520001
vt 0.36087 0.536404
vt 0.293169 0.535456
vt 0.996884 0.46372402
vt 0.078606 0.537059
vt 0.043784 0.53679502
vt 0.009169 0.537059
vt 0.003116 0.53719598
vt 0.310685 0.535334
vt 0.247497 0.537193
vt 0.236518 0.53815502
vt 0.822978 0.040814996
vt 0.374664 0.537193
vt 0.084765 0.53719598
vt 0.386051 0.53815502
vt 0.379689 0.59925598
vt 0.936085 0.44745803
vt 0.762165 0.057119012
vt 0.081362 0.59735203
vt 0.243427 0.59925598
vt 0.006959 0.59735203
vt 0.446725 0.59952402
vt 0.446714 0.59075302
vt 0.43712 0.59077102
vt 0.45384 0.59861898
vt 0.45383 0.590706
vt 0.406807 0.520535
vt 0.400032 0.52163303
vt 0.400848 0.52871197
vt 0.404859 0.514046
vt 0.399262 0.51495302
vt 0.477363 0.666143
vt 0.477341 0.66143602
vt 0.469918 0.661519
vt 0.487021 0.66581398
vt 0.487 0.661421
vt 0.49633 0.66618598
vt 0.496307 0.661479
vt 0.502796 0.667157
vt 0.502769 0.66159302
vt 0.159924 0.523852
vt 0.166778 0.52343202
vt 0.165969 0.516401
vt 0.159509 0.53066802
vt 0.167555 0.53017497
vt 0.420762 0.59861898
vt 0.427628 0.59952402
vt 0.427617 0.59075302
vt 0.437131 0.599855
vt 0.437165 0.60877597
vt 0.446758 0.608136
vt 0.453869 0.60638797
vt 0.416528 0.525362
vt 0.413389 0.51878
vt 0.410296 0.512595
vt 0.470025 0.67254102
vt 0.477431 0.67075998
vt 0.487084 0.67012298
vt 0.496397 0.670802
vt 0.502876 0.672615
vt 0.154677 0.51652998
vt 0.15311 0.523587
vt 0.151509 0.530357
vt 0.427661 0.608136
vt 0.446812 0.61644202
vt 0.453918 0.613882
vt 0.419664 0.516396
vt 0.41548 0.51062602
vt 0.470156 0.6778
vt 0.477542 0.67520797
vt 0.487187 0.67427498
vt 0.496508 0.675251
vt 0.503007 0.67787403
vt 0.146451 0.52264202
vt 0.143692 0.529248
vt 0.427714 0.61644202
vt 0.420791 0.60638797
vt 0.437221 0.617379
vt 0.446886 0.62430102
vt 0.453984 0.62097198
vt 0.430775 0.519076
vt 0.425526 0.51342398
vt 0.420322 0.50817198
vt 0.477694 0.679411
vt 0.48733 0.67819798
vt 0.496661 0.67945403
vt 0.503187 0.68284303
vt 0.143899 0.51441997
vt 0.140062 0.521033
vt 0.136192 0.527359
vt 0.427788 0.62430102
vt 0.42084 0.613882
vt 0.437297 0.62552
vt 0.437394 0.633057
vt 0.446979 0.63157701
vt 0.454068 0.627536
vt 0.437052 0.51495802
vt 0.430873 0.50991702
vt 0.424739 0.505274
vt 0.470562 0.68736303
vt 0.477886 0.68329698
vt 0.487508 0.68182498
vt 0.496852 0.68334
vt 0.138934 0.51256502
vt 0.146674 0.509292
vt 0.134052 0.51878703
vt 0.129137 0.524723
vt 0.427881 0.63157701
vt 0.420907 0.62097198
vt 0.437508 0.639862
vt 0.447089 0.638147
vt 0.447792 0.51386303
vt 0.442618 0.51028103
vt 0.435614 0.505933
vt 0.428656 0.501983
vt 0.470831 0.691505
vt 0.478113 0.6868
vt 0.487721 0.685094
vt 0.49708 0.68684298
vt 0.138612 0.505736
vt 0.134367 0.510216
vt 0.128524 0.515944
vt 0.122648 0.521385
vt 0.427992 0.638147
vt 0.420991 0.627536
vt 0.447215 0.643898
vt 0.447378 0.505125
vt 0.439668 0.50154
vt 0.432005 0.49835503
vt 0.471138 0.695122
vt 0.478372 0.68986
vt 0.487963 0.68795002
vt 0.497339 0.68990302
vt 0.135152 0.50336498
vt 0.130277 0.50741303
vt 0.123573 0.512551
vt 0.116835 0.517402
vt 0.11187 0.520666
vt 0.118313 0.52508098
vt 0.428118 0.643898
vt 0.437639 0.645818
vt 0.713758 0.514673
vt 0.713897 0.50897402
vt 0.70425 0.507787
vt 0.45125 0.499578
vt 0.453067 0.508148
vt 0.442967 0.49681497
vt 0.43473 0.494451
vt 0.428746 0.493119
vt 0.426441 0.49642098
vt 0.767563 0.51129
vt 0.777193 0.51198798
vt 0.777295 0.50917602
vt 0.786636 0.5108
vt 0.786746 0.507787
vt 0.132154 0.500651
vt 0.126733 0.50420398
vt 0.119282 0.508667
vt 0.111799 0.512842
vt 0.106288 0.515612
vt 0.694682 0.514516
vt 0.704106 0.51368898
vt 0.713674 0.52080297
vt 0.454167 0.49373496
vt 0.457359 0.50199902
vt 0.445452 0.49183798
vt 0.436783 0.49033904
vt 0.760224 0.51274198
vt 0.767477 0.51454502
vt 0.777113 0.51502597
vt 0.78655 0.514055
vt 0.12967 0.49764
vt 0.123796 0.50064498
vt 0.115727 0.50435698
vt 0.107625 0.507783
vt 0.101661 0.510005
vt 0.704019 0.52003998
vt 0.70399 0.526729
vt 0.713646 0.52726102
vt 0.72095 0.52855903
vt 0.720976 0.52273297
vt 0.447082 0.48669302
vt 0.43813 0.486089
vt 0.767416 0.517986
vt 0.777056 0.518237
vt 0.786489 0.517496
vt 0.121516 0.496795
vt 0.112967 0.49969697
vt 0.104385 0.502312
vt 0.098069 0.50394
vt 0.694598 0.52064598
vt 0.704019 0.533643
vt 0.713674 0.53393602
vt 0.720976 0.534581
vt 0.44783 0.48147
vt 0.456081 0.487696
vt 0.438747 0.48177397
vt 0.760113 0.52102798
vt 0.767382 0.521554
vt 0.777024 0.521568
vt 0.786455 0.521065
vt 0.126401 0.490937
vt 0.119932 0.49272096
vt 0.111049 0.49476504
vt 0.102134 0.49652302
vt 0.095574 0.497523
vt 0.69457 0.52710402
vt 0.718166 0.93719202
vt 0.452527 0.077965975
vt 0.456959 0.481564
vt 0.463687 0.482031
vt 0.437344 0.07945502
vt 0.422208 0.08134502
vt 0.411174 0.083127975
vt 0.432144 0.482396
vt 0.767006 0.92105502
vt 0.776753 0.92083597
vt 0.786146 0.920563996
vt 0.0449 0.09841102
vt 0.029757 0.10024297
vt 0.014581 0.10178697
vt 0.003438 0.102629006
vt 0.699023 0.93703401
vt 0.708404 0.937160015
vt 0.718397 0.94848597
vt 0.461424 0.06616598
vt 0.450485 0.06794298
vt 0.435605 0.07091802
vt 0.420771 0.074292004
vt 0.409958 0.07716203
vt 0.776784 0.92650598
vt 0.786179 0.92663902
vt 0.055779 0.09069502
vt 0.044695 0.091214
vt 0.029509 0.09153098
vt 0.01429 0.091560006
vt 0.003116 0.09129298
vt 0.708644 0.948858023
vt 0.718715 0.95956397
vt 0.457258 0.05546403
vt 0.446727 0.05828798
vt 0.432404 0.062693
vt 0.418127 0.067497015
vt 0.407721 0.07141501
vt 0.767119 0.93310797
vt 0.776858 0.93208498
vt 0.786258 0.93261701
vt 0.045726 0.08400297
vt 0.030757 0.082802
vt 0.015755 0.081312
vt 0.004739 0.079934
vt 0.708973 0.960331976
vt 0.699255 0.94832802
vt 0.719114 0.970237017
vt 0.441318 0.049163997
vt 0.427796 0.05492103
vt 0.41432 0.061077
vt 0.404501 0.06598401
vt 0.767241 0.938887
vt 0.776972 0.937478006
vt 0.78638 0.938395023
vt 0.058553 0.07858801
vt 0.047975 0.07690203
vt 0.033479 0.07420498
vt 0.01895 0.07121998
vt 0.008281 0.068748
vt 0.699972 0.970079005
vt 0.709387 0.971387982
vt 0.709878 0.981833994
vt 0.719588 0.980322003
vt 0.443538 0.036000013
vt 0.434349 0.040728986
vt 0.42186 0.047734976
vt 0.409416 0.055140972
vt 0.400353 0.06096202
vt 0.767404 0.94436699
vt 0.777124 0.94259298
vt 0.786544 0.943875015
vt 0.061453 0.07277602
vt 0.051403 0.07003099
vt 0.037629 0.06588799
vt 0.023822 0.06145698
vt 0.013681 0.057924986
vt 0.720129 0.9896479845
vt 0.434218 0.027571976
vt 0.425941 0.033124983
vt 0.414697 0.041257977
vt 0.403499 0.049790025
vt 0.395348 0.056436002
vt 0.767607 0.949455023
vt 0.777313 0.947341025
vt 0.786746 0.948962986
vt 0.065301 0.06725901
vt 0.055952 0.063507974
vt 0.043135 0.05799198
vt 0.030286 0.05218798
vt 0.020846 0.047650993
vt 0.700987 0.989489973
vt 0.710438 0.991494
vt 0.413715 0.54834998
vt 0.414521 0.53850698
vt 0.404826 0.535334
vt 0.423461 0.020210028
vt 0.416237 0.026484013
vt 0.406431 0.035600007
vt 0.396671 0.04511702
vt 0.389572 0.052483022
vt 0.20941 0.61780298
vt 0.219046 0.62062502
vt 0.219151 0.61573398
vt 0.228573 0.61780298
vt 0.228686 0.612563
vt 0.070031 0.062129974
vt 0.061544 0.057446003
vt 0.049904 0.05065298
vt 0.038232 0.043573022
vt 0.029654 0.03810203
vt 0.394683 0.548307
vt 0.403991 0.54553002
vt 0.403259 0.55711102
vt 0.413008 0.559532
vt 0.411452 0.01404202
vt 0.405403 0.020919025
vt 0.397202 0.030860007
vt 0.389047 0.041200995
vt 0.383123 0.04917097
vt 0.218953 0.62619197
vt 0.228474 0.62376797
vt 0.075562 0.057479024
vt 0.068083 0.051946998
vt 0.05782 0.04399699
vt 0.047525 0.035758972
vt 0.039955 0.029439986
vt 0.393976 0.559489
vt 0.402642 0.56988
vt 0.412412 0.571859
vt 0.393624 0.01652503
vt 0.387168 0.027117014
vt 0.380758 0.038109004
vt 0.376112 0.046554983
vt 0.209228 0.630354
vt 0.218876 0.632339
vt 0.228391 0.630354
vt 0.075457 0.047106028
vt 0.066747 0.03813702
vt 0.058004 0.02888
vt 0.051571 0.021815002
vt 0.402151 0.58361697
vt 0.411938 0.58512098
vt 0.384517 0.0056819916
vt 0.381102 0.013377011
vt 0.376501 0.024434984
vt 0.371946 0.035893977
vt 0.368658 0.044682026
vt 0.218814 0.63896102
vt 0.228325 0.63744998
vt 0.088638 0.04991603
vt 0.083541 0.043006003
vt 0.076533 0.03317398
vt 0.069492 0.02305299
vt 0.064304 0.0153570175
vt 0.392906 0.585078
vt 0.411594 0.599091
vt 0.368052 0.011529982
vt 0.365384 0.022862017
vt 0.362763 0.034594
vt 0.36089 0.043582022
vt 0.209113 0.644933
vt 0.218769 0.64594603
vt 0.228276 0.644933
vt 0.095959 0.047133982
vt 0.092196 0.03971702
vt 0.08701 0.02919197
vt 0.081791 0.018378973
vt 0.077937 0.010176003
vt 0.392562 0.59904802
vt 0.401794 0.59808803
vt 0.401577 0.61304498
vt 0.411385 0.613531
vt 0.354696 0.011014998
vt 0.370051 0.0036349893
vt 0.354007 0.022423029
vt 0.353364 0.034231007
vt 0.35294 0.043275
vt 0.218741 0.65317303
vt 0.228247 0.652677
vt 0.103638 0.045085013
vt 0.101274 0.037294984
vt 0.097999 0.026260018
vt 0.094691 0.014936984
vt 0.092236 0.0063599944
vt 0.392352 0.61348802
vt 0.401505 0.628231
vt 0.411314 0.628192
vt 0.340357 0.003978014
vt 0.341264 0.011839986
vt 0.342565 0.023126006
vt 0.343912 0.034811974
vt 0.344944 0.04376602
vt 0.209074 0.66054702
vt 0.218732 0.660518
vt 0.228237 0.66054702
vt 0.110619 0.035781026
vt 0.109311 0.024426997
vt 0.10797 0.012785971
vt 0.106956 0.0039759874
vt 0.411385 0.642825
vt 0.327984 0.013992012
vt 0.331252 0.024959028
vt 0.334567 0.03632599
vt 0.337039 0.045046985
vt 0.218741 0.667857
vt 0.228247 0.66841
vt 0.119539 0.04331398
vt 0.120071 0.035202026
vt 0.120754 0.023725986
vt 0.121403 0.01196301
vt 0.121845 0.003063023
vt 0.392352 0.64278197
vt 0.401578 0.64338797
vt 0.401794 0.658256
vt 0.411594 0.657179
vt 0.311339 0.01017797
vt 0.315084 0.017432988
vt 0.320264 0.027890027
vt 0.325489 0.038748026
vt 0.329361 0.047096014
vt 0.209113 0.676131
vt 0.218769 0.675063
vt 0.228276 0.67613202
vt 0.12947 0.035566986
vt 0.132131 0.024168015
vt 0.134759 0.012480974
vt 0.13665 0.0036389828
vt 0.402151 0.67258
vt 0.411938 0.671008
vt 0.302786 0.022105992
vt 0.309787 0.03187102
vt 0.316835 0.042035997
vt 0.32204 0.049876988
vt 0.218814 0.682014
vt 0.228325 0.68357903
vt 0.138654 0.036870003
vt 0.127489 0.04362297
vt 0.143248 0.025745988
vt 0.14781 0.01433301
vt 0.151116 0.005690992
vt 0.392562 0.65713602
vt 0.402642 0.68611503
vt 0.412412 0.684075
vt 0.284973 0.021812022
vt 0.291298 0.027929008
vt 0.300002 0.03683102
vt 0.308751 0.046133995
vt 0.315202 0.053342998
vt 0.209228 0.690625
vt 0.218876 0.68859
vt 0.228391 0.690625
vt 0.142711 0.046603024
vt 0.147465 0.039089024
vt 0.153915 0.028432012
vt 0.160331 0.01748699
vt 0.164995 0.009186983
vt 0.392906 0.67096502
vt 0.413008 0.696158
vt 0.273357 0.029431999
vt 0.280819 0.034803987
vt 0.291075 0.042687
vt 0.301376 0.05097103
vt 0.308964 0.05743599
vt 0.209311 0.69714803
vt 0.218953 0.69467902
vt 0.228474 0.69714803
vt 0.155754 0.04218602
vt 0.163949 0.032181025
vt 0.17211 0.021888018
vt 0.178052 0.014065027
vt 0.393976 0.69611502
vt 0.403259 0.69862998
vt 0.403991 0.709911
vt 0.413715 0.707048
vt 0.271526 0.042612016
vt 0.283159 0.049338996
vt 0.294837 0.056465983
vt 0.303433 0.062083006
vt 0.20941 0.703039
vt 0.219046 0.700176
vt 0.228573 0.703039
vt 0.163378 0.046108007
vt 0.149722 0.049221992
vt 0.173178 0.036927998
vt 0.182944 0.027460992
vt 0.190061 0.020241976
vt 0.394683 0.70700502
vt 0.414521 0.71656102
vt 0.254249 0.047629
vt 0.26358 0.05122
vt 0.27639 0.056671977
vt 0.289246 0.06252402
vt 0.298703 0.06720698
vt 0.219151 0.704988
vt 0.228686 0.70819402
vt 0.161947 0.05649799
vt 0.170207 0.050786972
vt 0.181444 0.042593002
vt 0.192649 0.03411001
vt 0.200817 0.027612984
vt 0.395489 0.71651798
vt 0.404826 0.719765
vt 0.68655 0.51897103
vt 0.687051 0.509611
vt 0.677368 0.507787
vt 0.257116 0.060481012
vt 0.270883 0.06456101
vt 0.284697 0.06904101
vt 0.294855 0.07271999
vt 0.744258 0.514656
vt 0.744461 0.50989002
vt 0.734746 0.507787
vt 0.753663 0.51339102
vt 0.753882 0.508285
vt 0.176124 0.056144
vt 0.188607 0.049077988
vt 0.201057 0.041723013
vt 0.210138 0.03605199
vt 0.676848 0.517483
vt 0.667906 0.509786
vt 0.676392 0.527959
vt 0.68611 0.52908498
vt 0.252244 0.07023597
vt 0.247084 0.057895005
vt 0.266733 0.07287097
vt 0.281269 0.075905025
vt 0.291955 0.07852697
vt 0.734351 0.51838702
vt 0.744093 0.51978397
vt 0.753487 0.51888603
vt 0.181028 0.062088013
vt 0.166953 0.06103003
vt 0.194543 0.05627203
vt 0.208026 0.05016899
vt 0.217862 0.045413017
vt 0.666965 0.52925998
vt 0.676009 0.53903502
vt 0.685739 0.539779
vt 0.238142 0.07988399
vt 0.249049 0.08031899
vt 0.264011 0.08146
vt 0.27902 0.08300102
vt 0.290053 0.08452898
vt 0.734219 0.524176
vt 0.74397 0.525186
vt 0.753355 0.524674
vt 0.184835 0.068515
vt 0.171101 0.06605697
vt 0.199151 0.064053
vt 0.213435 0.059302986
vt 0.223858 0.055538
vt 0.675703 0.55052298
vt 0.685444 0.550869
vt 0.247584 0.09055698
vt 0.262764 0.09018099
vt 0.277989 0.090205014
vt 0.289181 0.09062302
vt 0.734134 0.53016
vt 0.743891 0.53077102
vt 0.75327 0.530658
vt 0.187479 0.075317025
vt 0.174321 0.07149398
vt 0.202353 0.07228702
vt 0.217193 0.06896901
vt 0.228024 0.06625199
vt 0.666594 0.539954
vt 0.675481 0.562226
vt 0.68523 0.562167
vt 0.247876 0.10077399
vt 0.236518 0.091232
vt 0.263012 0.09888399
vt 0.278194 0.097395
vt 0.289355 0.096704006
vt 0.734097 0.536237
vt 0.743856 0.536443
vt 0.753234 0.536735
vt 0.177773 0.08321899
vt 0.188916 0.08237702
vt 0.204092 0.08083302
vt 0.219235 0.07900101
vt 0.230287 0.077372015
vt 0.666299 0.551045
vt 0.671411 0.965564013
vt 0.681059 0.965251982
vt 0.328976 0.49704504
vt 0.335428 0.495108
vt 0.344303 0.49300802
vt 0.353225 0.491306
vt 0.359802 0.490458
vt 0.744147 0.93560201
vt 0.753568 0.93611902
vt 0.198743 0.48288202
vt 0.205455 0.483198
vt 0.214577 0.483239
vt 0.223666 0.482992
vt 0.230287 0.48252404
vt 0.666085 0.562343
vt 0.671384 0.972470999
vt 0.681033 0.971920013
vt 0.688315 0.970588028
vt 0.688339 0.964573026
vt 0.337679 0.50089198
vt 0.346221 0.49793398
vt 0.354809 0.49537504
vt 0.734535 0.939185977
vt 0.734498 0.93562198
vt 0.727207 0.93617201
vt 0.744181 0.93892902
vt 0.753605 0.93968302
vt 0.204837 0.487518
vt 0.21383 0.48846698
vt 0.222789 0.489129
vt 0.661954 0.972094
vt 0.66198 0.96542698
vt 0.655293 0.964874983
vt 0.681059 0.978366017
vt 0.688339 0.976404011
vt 0.340919 0.506356
vt 0.348981 0.502589
vt 0.357089 0.49922097
vt 0.7346 0.942620993
vt 0.72725 0.940385997
vt 0.744242 0.942134976
vt 0.75367 0.943117976
vt 0.197082 0.490134
vt 0.20349 0.49177098
vt 0.212199 0.49361598
vt 0.220875 0.495174
vt 0.227193 0.496028
vt 0.229315 0.48932803
vt 0.671411 0.97914797
vt 0.671492 0.985481977
vt 0.681137 0.984480023
vt 0.339689 0.515113
vt 0.345093 0.51140898
vt 0.352536 0.506894
vt 0.360026 0.50277698
vt 0.734693 0.945867002
vt 0.727327 0.94444698
vt 0.744329 0.945164025
vt 0.753763 0.946363986
vt 0.201437 0.49588704
vt 0.209714 0.49859798
vt 0.217957 0.50102198
vt 0.223959 0.50251
vt 0.66198 0.978541017
vt 0.671625 0.991362989
vt 0.681265 0.990158021
vt 0.350129 0.51596302
vt 0.356827 0.510773
vt 0.36357 0.50598198
vt 0.368553 0.502872
vt 0.365555 0.500162
vt 0.744439 0.94796598
vt 0.753882 0.949365973
vt 0.198712 0.499794
vt 0.195345 0.49361503
vt 0.206415 0.503327
vt 0.214085 0.50657398
vt 0.219667 0.508664
vt 0.662058 0.984655023
vt 0.437508 0.54138798
vt 0.447089 0.543078
vt 0.447215 0.537233
vt 0.351714 0.524571
vt 0.355941 0.51994097
vt 0.361778 0.514162
vt 0.367661 0.50878102
vt 0.478113 0.635755
vt 0.478372 0.63258803
vt 0.471138 0.627415
vt 0.487721 0.63745302
vt 0.487963 0.634497
vt 0.49708 0.63579798
vt 0.497339 0.632631
vt 0.190207 0.499991
vt 0.195363 0.503425
vt 0.202361 0.50772297
vt 0.209326 0.511734
vt 0.214391 0.51438397
vt 0.437639 0.535334
vt 0.428118 0.537233
vt 0.446979 0.54973102
vt 0.362431 0.523274
vt 0.367306 0.51700097
vt 0.372227 0.51112598
vt 0.477886 0.639351
vt 0.470831 0.631159
vt 0.487508 0.640809
vt 0.496852 0.639394
vt 0.191446 0.50671798
vt 0.19762 0.51171
vt 0.20376 0.516415
vt 0.420991 0.553697
vt 0.427881 0.54973102
vt 0.427992 0.543078
vt 0.437394 0.548279
vt 0.446886 0.557077
vt 0.453984 0.56032503
vt 0.454068 0.553697
vt 0.373316 0.519243
vt 0.377192 0.51297802
vt 0.477694 0.64331597
vt 0.470562 0.63541
vt 0.48733 0.64450997
vt 0.496661 0.643359
vt 0.183158 0.50523
vt 0.187029 0.50961798
vt 0.192272 0.51522
vt 0.197483 0.520535
vt 0.420907 0.56032503
vt 0.427788 0.557077
vt 0.437297 0.555888
vt 0.446812 0.564991
vt 0.453918 0.567465
vt 0.376986 0.52779198
vt 0.379705 0.520849
vt 0.38247 0.514305
vt 0.470156 0.645141
vt 0.477542 0.647582
vt 0.487187 0.64849102
vt 0.496508 0.64762503
vt 0.503007 0.64521497
vt 0.503187 0.640172
vt 0.186411 0.518193
vt 0.190602 0.52402502
vt 0.42084 0.567465
vt 0.427714 0.564991
vt 0.437221 0.56408602
vt 0.437165 0.57273197
vt 0.446758 0.57333797
vt 0.453869 0.57499498
vt 0.386363 0.521792
vt 0.38797 0.51508403
vt 0.477431 0.652076
vt 0.487084 0.652685
vt 0.496397 0.65211803
vt 0.502876 0.650527
vt 0.177003 0.514044
vt 0.180136 0.52057803
vt 0.183236 0.526825
vt 0.420791 0.57499498
vt 0.427661 0.57333797
vt 0.446725 0.58197498
vt 0.45384 0.58278698
vt 0.393178 0.52205402
vt 0.384802 0.528898
vt 0.3936 0.515301
vt 0.477363 0.65671998
vt 0.470025 0.65045297
vt 0.487021 0.65701997
vt 0.49633 0.65676302
vt 0.502796 0.65601802
vt 0.171566 0.515495
vt 0.173554 0.52233398
vt 0.175509 0.52888602
vt 0.420762 0.58278698
vt 0.427628 0.58197498
vt 0.437131 0.58167797
vt 0.844525 0.060217023
vt 0.244851 0.6878
vt 0.044028 0.67666298
vt 0.680986 0.474496
vt 0.854914 0.030256987
vt 0.646078 0.050068974
vt 0.603952 0.010285974
vt 0.63979 0.03778702
vt 0.630415 0.02679199
vt 0.618314 0.017506003
vt 0.587882 0.0054100156
vt 0.535775 0.006223023
vt 0.519335 0.011608005
vt 0.553125 0.0033379793
vt 0.570719 0.003063023
vt 0.504439 0.019285023
vt 0.491657 0.02895999
vt 0.481482 0.040260017
vt 0.474304 0.052752018
vt 0.4704 0.06595498
vt 0.553127 0.520393
vt 0.55656 0.527099
vt 0.561678 0.53310102
vt 0.568284 0.538171
vt 0.576125 0.542113
vt 0.584899 0.544775
vt 0.594269 0.54605597
vt 0.603875 0.545906
vt 0.613347 0.544331
vt 0.622322 0.54139102
vt 0.630455 0.53719997
vt 0.637433 0.531918
vt 0.642988 0.525748
vt 0.646907 0.518928
vt 0.408802 0.52742398
vt 0.469945 0.66708302
vt 0.160307 0.516748
vt 0.420752 0.590706
vt 0.423895 0.522564
vt 0.149177 0.51574898
vt 0.470336 0.682769
vt 0.142475 0.50772297
vt 0.441622 0.51904702
vt 0.42109 0.63346303
vt 0.767673 0.508277
vt 0.69482 0.50881702
vt 0.460593 0.49552202
vt 0.760326 0.50889403
vt 0.760153 0.51681
vt 0.127741 0.49438298
vt 0.694598 0.53377903
vt 0.463687 0.07727498
vt 0.055952 0.09678298
vt 0.76704 0.927129984
vt 0.056651 0.084595025
vt 0.699573 0.95940602
vt 0.451262 0.045350015
vt 0.700446 0.980163991
vt 0.209523 0.612563
vt 0.395489 0.538464
vt 0.209311 0.62376797
vt 0.398396 0.009171009
vt 0.0818 0.053384006
vt 0.39338 0.57181603
vt 0.209161 0.63744998
vt 0.355247 0.003063023
vt 0.209084 0.652676
vt 0.111543 0.04380399
vt 0.392282 0.62814897
vt 0.325638 0.0063629746
vt 0.209084 0.66841
vt 0.297706 0.0153570175
vt 0.209161 0.68357903
vt 0.135257 0.044726014
vt 0.39338 0.68403202
vt 0.263057 0.03808701
vt 0.156171 0.052540004
vt 0.209523 0.70819402
vt 0.734527 0.51289302
vt 0.667405 0.51914698
vt 0.241684 0.068708
vt 0.176558 0.07724702
vt 0.236841 0.102557
vt 0.198221 0.48653603
vt 0.65527 0.970890999
vt 0.335063 0.50951302
vt 0.727437 0.94828397
vt 0.345272 0.520162
vt 0.734811 0.94886899
vt 0.19304 0.49692
vt 0.662187 0.990333021
vt 0.358908 0.528266
vt 0.186894 0.502778
vt 0.42109 0.547696
vt 0.369486 0.52590603
vt 0.470336 0.64009798
vt 0.182187 0.512074
vt 0.392802 0.529207
vt 0.469945 0.655944
vn -0.0575 0.9983 0
vn -0.0575 0.9983 0
vn -0.0575 0.9983 0
vn -0.0575 0.9983 0
vn -0.0575 0.9983 0
vn -0.0575 0.9983 0
vn -0.0575 0.9983 0
vn -0.0575 0.9983 0
vn -0.0575 0.9983 0
vn -0.0575 0.9983 0
vn -0.0575 0.9983 0
vn -0.0575 0.9983 0.0002
vn -0.0575 0.9983 0.0002
vn -0.0575 0.9983 0.0002
vn -0.0575 0.9983 0
vn -0.0575 0.9983 0
vn -0.0575 0.9983 0
vn -0.0575 0.9983 -0.0017
vn -0.0575 0.9983 -0.0017
vn -0.0575 0.9983 -0.0017
vn -0.0575 0.9983 0
vn -0.0575 0.9983 0
vn -0.0575 0.9983 0.0001
vn -0.0575 0.9983 0.0001
vn -0.0575 0.9983 0.0001
vn -0.0575 0.9983 0
vn -0.0575 0.9983 0
vn -0.0575 0.9983 0.0002
vn -0.0575 0.9983 0.0002
vn -0.0575 0.9983 0.0002
vn -0.0575 0.9983 0
vn -0.0575 0.9983 0
vn -0.0575 0.9983 0
vn -0.0575 0.9983 0
vn -0.0575 0.9983 -0.0001
vn -0.0575 0.9983 -0.0001
vn -0.0575 0.9983 -0.0001
vn -0.0575 0.9983 0
vn -0.0575 0.9983 0
vn -0.0575 0.9983 0
vn -0.0575 0.9983 0
vn -0.0575 0.9983 0
vn -0.0575 0.9983 0
vn -0.0575 0.9983 0
vn -0.0575 0.9983 0
vn -0.0575 0.9983 0
vn -0.0575 0.9983 0
vn -0.0575 0.9983 0
vn -0.0575 0.9983 0
vn -0.0575 0.9983 0.0001
vn -0.0575 0.9983 0.0001
vn -0.0575 0.9983 0.0001
vn -0.0575 0.9983 -0.0001
vn -0.0575 0.9983 -0.0001
vn -0.0575 0.9983 -0.0001
vn -0.0575 0.9983 0
vn -0.0575 0.9983 0
vn -0.0575 0.9983 0
vn -0.0575 0.9983 0
vn -0.0575 0.9983 0
vn -0.0575 0.9983 0
vn -0.0575 0.9983 0
vn -0.0575 0.9983 0
vn -0.0575 0.9983 0.0001
vn -0.0575 0.9983 0.0001
vn -0.0575 0.9983 0.0001
vn -0.0575 0.9983 0
vn -0.0575 0.9983 0
vn -0.0575 0.9983 0
vn -0.0575 0.9983 0
vn -0.0575 0.9983 0.0001
vn -0.0575 0.9983 0.0001
vn -0.0575 0.9983 0.0001
vn -0.0575 0.9983 0
vn -0.0575 0.9983 0
vn -0.0575 0.9983 0
vn -0.0575 0.9983 0
vn -0.0575 0.9983 0.0001
vn -0.0575 0.9983 0.0001
vn -0.0575 0.9983 0.0001
vn -0.0575 0.9983 0
vn -0.0575 0.9983 0
vn -0.0575 0.9983 0
vn -0.0575 0.9983 0
vn -0.0575 0.9983 0
vn -0.0575 0.9983 0
vn -0.0575 0.9983 -0.0004
vn -0.0575 0.9983 -0.0004
vn -0.0575 0.9983 -0.0004
vn -0.0575 0.9983 0.0013
vn -0.0575 0.9983 0.0013
vn -0.0575 0.9983 0.0013
vn -0.0575 0.9983 0
vn -0.0575 0.9983 0
vn -0.0575 0.9983 0
vn -0.0575 0.9983 -0.0005
vn -0.0575 0.9983 -0.0005
vn -0.0575 0.9983 -0.0005
vn -0.0575 0.9983 0
vn -0.0575 0.9983 0
vn -0.0575 0.9983 -0.0001
vn -0.0575 0.9983 -0.0001
vn -0.0575 0.9983 -0.0001
vn -0.0575 0.9983 0
vn -0.0575 0.9983 0
vn -0.0575 0.9983 0
vn -0.0575 0.9983 0
vn -0.0575 0.9983 0
vn -0.0575 0.9983 -0.0001
vn -0.0575 0.9983 -0.0001
vn -0.0575 0.9983 -0.0001
vn -0.0575 0.9983 0
vn -0.0575 0.9983 0
vn -0.0575 0.9983 0
vn -0.0575 0.9983 0
vn -0.0575 0.9983 0
vn -0.0575 0.9983 0
vn -0.0575 0.9983 0
vn -0.0575 0.9983 0
vn -0.0575 0.9983 0
vn -0.0575 0.9983 0
vn -0.0575 0.9983 0
vn -0.0575 0.9983 0
vn -0.0575 0.9983 0
vn -0.0575 0.9983 0
vn -0.0575 0.9983 0
vn -0.0575 0.9983 0
vn -0.0575 0.9983 0
vn -0.0575 0.9983 0
vn -0.0575 0.9983 0
vn -0.0575 0.9983 0
vn -0.0575 0.9983 0
vn -0.0575 0.9983 0
vn -0.0575 0.9983 0
vn -0.0575 0.9983 0
vn -0.0575 0.9983 0
vn -0.0575 0.9983 0
vn -0.0575 0.9983 0
vn -0.0575 0.9983 0
vn -0.0575 0.9983 0
vn -0.0575 0.9983 0
vn -0.0575 0.9983 0
vn -0.0575 0.9983 0
vn -0.0575 0.9983 0
vn -0.0575 0.9983 0
vn -0.0575 0.9983 0
vn -0.0575 0.9983 0
vn -0.0575 0.9983 0
vn -0.0575 0.9983 0
vn -0.0575 0.9983 0
vn -0.0575 0.9983 0
vn -0.0575 0.9983 0
vn -0.0575 0.9983 0
vn -0.0575 0.9983 0
vn -0.0575 0.9983 0
vn -0.0575 0.9983 0
vn -0.0575 0.9983 0
vn -0.0575 0.9983 0
vn -0.0575 0.9983 0
vn -0.0575 0.9983 0
vn -0.0575 0.9983 0
vn -0.0575 0.9983 0
vn -0.0575 0.9983 0
vn -0.0582 0.9983 0
vn -0.0582 0.9983 0
vn -0.0582 0.9983 0
vn -0.0575 0.9983 0
vn -0.0575 0.9983 0
vn -0.0575 0.9983 0
vn -0.0575 0.9983 0
vn -0.0575 0.9983 0
vn -0.0575 0.9983 0
vn -0.0575 0.9983 0
vn -0.0575 0.9983 0
vn -0.0575 0.9983 0
vn -0.0575 0.9983 0
vn -0.0575 0.9983 0
vn -0.0575 0.9983 0
vn -0.0575 0.9983 0
vn -0.0575 0.9983 0
vn -0.0575 0.9983 0
vn -0.0575 0.9983 0
vn -0.0575 0.9983 0
vn -0.0575 0.9983 0
vn -0.0575 0.9983 0
vn -0.0575 0.9983 0
vn -0.0575 0.9983 0
vn -0.0575 0.9983 0
vn -0.0575 0.9983 0
vn -0.0575 0.9983 0
vn -0.0575 0.9983 0
vn -0.0575 0.9983 0
vn -0.0575 0.9983 0
vn -0.0575 0.9983 0
vn -0.0575 0.9983 0
vn -0.0575 0.9983 0.0001
vn -0.0575 0.9983 0.0001
vn -0.0575 0.9983 0.0001
vn -0.0575 0.9983 0
vn -0.0575 0.9983 0
vn -0.0575 0.9983 0
vn -0.0575 0.9983 0
vn -0.0575 0.9983 0
vn -0.0575 0.9983 0
vn -0.0575 0.9983 0
vn -0.0575 0.9983 0
vn -0.0575 0.9983 0
vn -0.0575 0.9983 0
vn -0.0575 0.9983 -0.0001
vn -0.0575 0.9983 -0.0001
vn -0.0575 0.9983 -0.0001
vn -0.0575 0.9983 0.0004
vn -0.0575 0.9983 0.0004
vn -0.0575 0.9983 0.0004
vn -0.0575 0.9983 0
vn -0.0575 0.9983 0
vn -0.0575 0.9983 0
vn -0.0575 0.9983 0
vn -0.0575 0.9983 0
vn -0.0575 0.9983 0
vn -0.0575 0.9983 0
vn -0.0575 0.9983 0
vn -0.0575 0.9983 0
vn -0.0575 0.9983 0
vn -0.0575 0.9983 0
vn -0.0575 0.9983 0
vn -0.0575 0.9983 0
vn -0.0575 0.9983 0
vn -0.0575 0.9983 0
vn -0.0575 0.9983 0
vn -0.0575 0.9983 0.0003
vn -0.0575 0.9983 0.0003
vn -0.0575 0.9983 0.0003
vn -0.0575 0.9983 0
vn -0.0575 0.9983 0
vn -0.0575 0.9983 0
vn -0.0575 0.9983 -0.0001
vn -0.0575 0.9983 -0.0001
vn -0.0575 0.9983 -0.0001
vn -0.0575 0.9983 0
vn -0.0575 0.9983 0
vn -0.0575 0.9983 0
vn -0.0575 0.9983 0
vn -0.0575 0.9983 0
vn -0.0575 0.9983 0
vn -0.0575 0.9983 0
vn -0.0575 0.9983 0
vn -0.0575 0.9983 0
vn -0.0575 0.9983 0
vn -0.0575 0.9983 0
vn -0.0575 0.9983 0
vn -0.0575 0.9983 0
vn -0.0575 0.9983 0
vn -0.0575 0.9983 0
vn -0.0575 0.9983 0
vn -0.0575 0.9983 0
vn -0.0575 0.9983 0
vn -0.0575 0.9983 0
vn -0.0575 0.9983 0.0001
vn -0.0575 0.9983 0.0001
vn -0.0575 0.9983 0.0001
vn -0.0575 0.9983 0
vn -0.0575 0.9983 0
vn -0.0575 0.9983 0
vn -0.0575 0.9983 0
vn -0.0575 0.9983 0
vn -0.0575 0.9983 -0.0001
vn -0.0575 0.9983 -0.0001
vn -0.0575 0.9983 -0.0001
vn -0.0575 0.9983 0
vn -0.0575 0.9983 0
vn -0.0575 0.9983 0
vn -0.0575 0.9983 0.0001
vn -0.0575 0.9983 0.0001
vn -0.0575 0.9983 0.0001
vn -0.0575 0.9983 0
vn -0.0575 0.9983 0
vn -0.0575 0.9983 0
vn -0.0575 0.9983 0
vn -0.0575 0.9983 0
vn -0.0575 0.9983 -0.0001
vn -0.0575 0.9983 -0.0001
vn -0.0575 0.9983 -0.0001
vn -0.0575 0.9983 0
vn -0.0575 0.9983 0
vn -0.0575 0.9983 0.0001
vn -0.0575 0.9983 0.0001
vn -0.0575 0.9983 0.0001
vn -0.0575 0.9983 0
vn -0.0575 0.9983 0
vn -0.0575 0.9983 -0.0001
vn -0.0575 0.9983 -0.0001
vn -0.0575 0.9983 0
vn -0.0575 0.9983 0
vn -0.0575 0.9983 0
vn -0.0575 0.9983 0
vn -0.0575 0.9983 0
vn -0.0575 0.9983 0
vn -0.0575 0.9983 0
vn -0.0575 0.9983 0
vn -0.0575 0.9983 0
vn -0.0575 0.9983 0
vn -0.0575 0.9983 0
vn -0.0575 0.9983 0
vn -0.0575 0.9983 0
vn -0.0575 0.9983 0
vn -0.0575 0.9983 0
vn -0.0575 0.9983 0
vn -0.0575 0.9983 0
vn -0.0575 0.9983 0
vn -0.0575 0.9983 0
vn -0.0575 0.9983 0
vn -0.0575 0.9983 0
vn 0.0575 -0.9983 0
vn 0.0575 -0.9983 0
vn 0.0575 -0.9983 0
vn 0.0575 -0.9983 0
vn 0.0575 -0.9983 0
vn 0.0575 -0.9983 0
vn 0.0575 -0.9983 0
vn 0.0575 -0.9983 0
vn 0.0575 -0.9983 0
vn 0.0575 -0.9983 0
vn 0.0575 -0.9983 0
vn 0.0575 -0.9983 0.0001
vn 0.0575 -0.9983 0.0001
vn 0.0575 -0.9983 0.0001
vn 0.0575 -0.9983 0
vn 0.0575 -0.9983 0
vn 0.0575 -0.9983 0
vn 0.0575 -0.9983 0.0017
vn 0.0575 -0.9983 0.0017
vn 0.0575 -0.9983 0.0017
vn 0.0575 -0.9983 0
vn 0.0575 -0.9983 0
vn 0.0575 -0.9983 0
vn 0.0575 -0.9983 0
vn 0.0575 -0.9983 0
vn 0.0575 -0.9983 0.0001
vn 0.0575 -0.9983 0.0001
vn 0.0575 -0.9983 0.0001
vn 0.0575 -0.9983 0
vn 0.0575 -0.9983 0
vn 0.0575 -0.9983 0
vn 0.0575 -0.9983 0
vn 0.0575 -0.9983 0
vn 0.0575 -0.9983 0
vn 0.0575 -0.9983 0
vn 0.0575 -0.9983 0
vn 0.0575 -0.9983 0
vn 0.0575 -0.9983 0
vn 0.0575 -0.9983 0
vn 0.0575 -0.9983 0
vn 0.0575 -0.9983 0
vn 0.0575 -0.9983 0
vn 0.0575 -0.9983 0
vn 0.0575 -0.9983 0
vn 0.0575 -0.9983 0
vn 0.0575 -0.9983 0
vn 0.0575 -0.9983 0
vn 0.0575 -0.9983 0
vn 0.0575 -0.9983 0
vn 0.0575 -0.9983 0
vn 0.0575 -0.9983 0
vn 0.0575 -0.9983 0
vn 0.0575 -0.9983 0
vn 0.0575 -0.9983 0
vn 0.0575 -0.9983 -0.0001
vn 0.0575 -0.9983 -0.0001
vn 0.0575 -0.9983 -0.0001
vn 0.0575 -0.9983 0
vn 0.0575 -0.9983 0
vn 0.0575 -0.9983 0.0001
vn 0.0575 -0.9983 0.0001
vn 0.0575 -0.9983 0.0001
vn 0.0575 -0.9983 -0.0002
vn 0.0575 -0.9983 -0.0002
vn 0.0575 -0.9983 -0.0002
vn 0.0575 -0.9983 0
vn 0.0575 -0.9983 0
vn 0.0575 -0.9983 0
vn 0.0575 -0.9983 0
vn 0.0575 -0.9983 0
vn 0.0575 -0.9983 0
vn 0.0575 -0.9983 0
vn 0.0575 -0.9983 0
vn 0.0575 -0.9983 0
vn 0.0575 -0.9983 0.0004
vn 0.0575 -0.9983 0.0004
vn 0.0575 -0.9983 0.0004
vn 0.0575 -0.9983 0.0006
vn 0.0575 -0.9983 0.0006
vn 0.0575 -0.9983 0.0006
vn 0.0575 -0.9983 0
vn 0.0575 -0.9983 0
vn 0.0575 -0.9983 0
vn 0.0575 -0.9983 0
vn 0.0575 -0.9983 0.0002
vn 0.0575 -0.9983 0.0002
vn 0.0575 -0.9983 0.0002
vn 0.0575 -0.9983 -0.0001
vn 0.0575 -0.9983 -0.0001
vn 0.0575 -0.9983 -0.0001
vn 0.0575 -0.9983 0
vn 0.0575 -0.9983 0
vn 0.0575 -0.9983 0
vn 0.0575 -0.9983 0
vn 0.0575 -0.9983 0
vn 0.0575 -0.9983 0
vn 0.0575 -0.9983 0
vn 0.0575 -0.9983 0
vn 0.0575 -0.9983 0
vn 0.0575 -0.9983 0
vn 0.0575 -0.9983 0
vn 0.0575 -0.9983 0
vn 0.0575 -0.9983 0
vn 0.0575 -0.9983 0
vn 0.0575 -0.9983 0
vn 0.0575 -0.9983 0
vn 0.0575 -0.9983 0
vn 0.0575 -0.9983 0
vn 0.0575 -0.9983 0
vn 0.0575 -0.9983 0
vn 0.0575 -0.9983 0
vn 0.0575 -0.9983 0
vn 0.0575 -0.9983 0
vn 0.0575 -0.9983 0
vn 0.0575 -0.9983 0
vn 0.0575 -0.9983 0
vn 0.0575 -0.9983 0
vn 0.0575 -0.9983 0
vn 0.0575 -0.9983 0
vn 0.0575 -0.9983 0
vn 0.0575 -0.9983 0
vn 0.0575 -0.9983 0
vn 0.0575 -0.9983 0
vn 0.0575 -0.9983 0
vn 0.0575 -0.9983 0
vn 0.0575 -0.9983 0
vn 0.0575 -0.9983 0
vn 0.0575 -0.9983 0
vn 0.0575 -0.9983 0
vn 0.0575 -0.9983 0
vn 0.0575 -0.9983 0
vn 0.0575 -0.9983 0
vn 0.0575 -0.9983 0
vn 0.0575 -0.9983 0
vn 0.0575 -0.9983 0
vn 0.0575 -0.9983 0
vn 0.0575 -0.9983 0
vn 0.0575 -0.9983 0
vn 0.0575 -0.9983 0
vn 0.0575 -0.9983 0
vn 0.0575 -0.9983 0
vn 0.0575 -0.9983 0
vn 0.0575 -0.9983 0
vn 0.0575 -0.9983 0
vn 0.0575 -0.9983 -0.0001
vn 0.0575 -0.9983 -0.0001
vn 0.0575 -0.9983 -0.0001
vn 0.0575 -0.9983 0
vn 0.0575 -0.9983 0
vn 0.0575 -0.9983 0
vn 0.0577 -0.9907 0.1231
vn 0.0577 -0.9907 0.1231
vn 0.0577 -0.9907 0.1231
vn 0.0575 -0.9983 -0.0002
vn 0.0575 -0.9983 -0.0002
vn 0.0575 -0.9983 -0.0002
vn 0.0575 -0.9983 0
vn 0.0575 -0.9983 0
vn 0.0575 -0.9983 0
vn 0.0575 -0.9983 0
vn 0.0575 -0.9983 0
vn 0.0575 -0.9983 0
vn 0.0575 -0.9983 0
vn 0.0575 -0.9983 0
vn 0.0575 -0.9983 0
vn 0.0575 -0.9983 0
vn 0.0575 -0.9983 0
vn 0.0575 -0.9983 0
vn 0.0575 -0.9983 0
vn 0.0575 -0.9983 0
vn 0.0575 -0.9983 0
vn 0.0575 -0.9983 0
vn 0.0575 -0.9983 0
vn 0.0575 -0.9983 0
vn 0.0575 -0.9983 0
vn 0.0575 -0.9983 0
vn 0.0575 -0.9983 0
vn 0.0575 -0.9983 0
vn 0.0575 -0.9983 0
vn 0.0575 -0.9983 0
vn 0.0575 -0.9983 0
vn 0.0575 -0.9983 0
vn 0.0575 -0.9983 0
vn 0.0575 -0.9983 0
vn 0.0575 -0.9983 0
vn 0.0575 -0.9983 0
vn 0.0575 -0.9983 -0.0001
vn 0.0575 -0.9983 -0.0001
vn 0.0575 -0.9983 -0.0001
vn 0.0575 -0.9983 0.0002
vn 0.0575 -0.9983 0.0002
vn 0.0575 -0.9983 0.0002
vn 0.0575 -0.9983 0
vn 0.0575 -0.9983 0
vn 0.0575 -0.9983 0
vn 0.0575 -0.9983 0
vn 0.0575 -0.9983 0
vn 0.0575 -0.9983 0
vn 0.0575 -0.9983 -0.0001
vn 0.0575 -0.9983 -0.0001
vn 0.0575 -0.9983 -0.0001
vn 0.0575 -0.9983 0.0001
vn 0.0575 -0.9983 0.0001
vn 0.0575 -0.9983 0.0001
vn 0.0575 -0.9983 -0.0002
vn 0.0575 -0.9983 -0.0002
vn 0.0575 -0.9983 -0.0002
vn 0.0575 -0.9983 0
vn 0.0575 -0.9983 0
vn 0.0575 -0.9983 0
vn 0.0575 -0.9983 0
vn 0.0575 -0.9983 0
vn 0.0575 -0.9983 0
vn 0.0575 -0.9983 0
vn 0.0575 -0.9983 0
vn 0.0575 -0.9983 0
vn 0.0575 -0.9983 0
vn 0.0575 -0.9983 0
vn 0.0575 -0.9983 0
vn 0.0575 -0.9983 0.0001
vn 0.0575 -0.9983 0.0001
vn 0.0575 -0.9983 0.0001
vn 0.0575 -0.9983 0
vn 0.0575 -0.9983 0
vn 0.0575 -0.9983 0
vn 0.0575 -0.9983 0
vn 0.0575 -0.9983 0
vn 0.0575 -0.9983 0
vn 0.0575 -0.9983 0
vn 0.0575 -0.9983 0
vn 0.0575 -0.9983 0
vn 0.0575 -0.9983 0
vn 0.0575 -0.9983 0
vn 0.0575 -0.9983 0
vn 0.0575 -0.9983 0
vn 0.0575 -0.9983 0
vn 0.0575 -0.9983 0
vn 0.0575 -0.9983 0
vn 0.0575 -0.9983 0
vn 0.0575 -0.9983 0
vn 0.0575 -0.9983 0
vn 0.0575 -0.9983 0
vn 0.0575 -0.9983 0
vn 0.0575 -0.9983 0
vn 0.0575 -0.9983 0
vn 0.0575 -0.9983 0
vn 0.0575 -0.9983 0
vn 0.0575 -0.9983 0
vn 0.0575 -0.9983 0
vn 0.0575 -0.9983 0
vn 0.0575 -0.9983 0
vn 0.0575 -0.9983 0
vn 0.0575 -0.9983 0
vn 0.0575 -0.9983 0
vn 0.0575 -0.9983 0
vn 0.0575 -0.9983 0
vn 0.0575 -0.9983 0
vn 0.0575 -0.9983 0
vn 0.0575 -0.9983 0
vn 0.0575 -0.9983 0
vn 0.0575 -0.9983 0
vn 0.0575 -0.9983 0
vn 0.0575 -0.9983 -0.0001
vn 0.0575 -0.9983 -0.0001
vn 0.0575 -0.9983 -0.0001
vn 0.0575 -0.9983 0
vn 0.0575 -0.9983 0
vn 0.0575 -0.9983 0.0001
vn 0.0575 -0.9983 0.0001
vn 0.0575 -0.9983 0.0001
vn 0.0575 -0.9983 -0.0001
vn 0.0575 -0.9983 -0.0001
vn 0.0575 -0.9983 0
vn 0.0575 -0.9983 0
vn 0.0575 -0.9983 0
vn 0.0575 -0.9983 0
vn 0.0575 -0.9983 0
vn 0.0575 -0.9983 0
vn 0.0575 -0.9983 0
vn 0.0575 -0.9983 0
vn 0.0575 -0.9983 0
vn 0.0575 -0.9983 0
vn 0.0575 -0.9983 0
vn 0.0575 -0.9983 0
vn 0.0575 -0.9983 0
vn 0.0575 -0.9983 0
vn 0.0575 -0.9983 0
vn 0.0575 -0.9983 0
vn 0.0575 -0.9983 0
vn 0.0575 -0.9983 0
vn 0.0575 -0.9983 0
vn 0.0575 -0.9983 0
vn 0.0575 -0.9983 0
vn -0.2769 -0.016 0.9608
vn -0.2769 -0.016 0.9608
vn -0.2769 -0.016 0.9608
vn -0.0017 -0.0001 1
vn -0.0017 -0.0001 1
vn -0.0017 -0.0001 1
vn -0.9645 -0.0556 -0.2581
vn -0.9645 -0.0556 -0.2581
vn -0.9645 -0.0556 -0.2581
vn -0.7689 -0.0443 -0.6378
vn -0.7689 -0.0443 -0.6378
vn -0.7689 -0.0443 -0.6378
vn -0.1487 -0.0086 -0.9888
vn -0.1487 -0.0086 -0.9888
vn -0.1487 -0.0086 -0.9888
vn -0.2205 -0.0127 0.9753
vn -0.2205 -0.0127 0.9753
vn -0.2205 -0.0127 0.9753
vn 0.0751 0.0043 0.9972
vn 0.0751 0.0043 0.9972
vn 0.0751 0.0043 0.9972
vn 0.9983 0.0575 -0.0088
vn 0.9983 0.0575 -0.0088
vn 0.9983 0.0575 -0.0088
vn -0.7047 -0.0406 0.7083
vn -0.7047 -0.0406 0.7083
vn -0.7047 -0.0406 0.7083
vn 0.9983 0.0575 -0.0107
vn 0.9983 0.0575 -0.0107
vn 0.9983 0.0575 -0.0107
vn 0.8695 0.0501 -0.4913
vn 0.8695 0.0501 -0.4913
vn 0.8695 0.0501 -0.4913
vn 0.9983 0.0575 0.0036
vn 0.9983 0.0575 0.0036
vn 0.9983 0.0575 0.0036
vn -0.3203 -0.0185 0.9471
vn -0.3203 -0.0185 0.9471
vn -0.3203 -0.0185 0.9471
vn -0.0653 -0.0038 0.9979
vn -0.0653 -0.0038 0.9979
vn -0.0653 -0.0038 0.9979
vn 0.9983 0.0575 0
vn 0.9983 0.0575 0
vn 0.9983 0.0575 0
vn -0.9946 -0.0573 0.0861
vn -0.9946 -0.0573 0.0861
vn -0.9946 -0.0573 0.0861
vn -0.9712 -0.056 0.2316
vn -0.9712 -0.056 0.2316
vn -0.9712 -0.056 0.2316
vn 0.9392 0.0541 -0.3391
vn 0.9392 0.0541 -0.3391
vn 0.9392 0.0541 -0.3391
vn -0.0525 -0.003 0.9986
vn -0.0525 -0.003 0.9986
vn -0.0525 -0.003 0.9986
vn 0.9961 0.0574 -0.0676
vn 0.9961 0.0574 -0.0676
vn 0.9961 0.0574 -0.0676
vn 0.292 0.0168 0.9563
vn 0.292 0.0168 0.9563
vn 0.292 0.0168 0.9563
vn 0.7837 0.0452 0.6195
vn 0.7837 0.0452 0.6195
vn 0.7837 0.0452 0.6195
vn 0.8575 0.0494 -0.5122
vn 0.8575 0.0494 -0.5122
vn 0.8575 0.0494 -0.5122
vn 0 0 1
vn 0 0 1
vn 0 0 1
vn 0.8893 0.0512 0.4545
vn 0.8893 0.0512 0.4545
vn 0.8893 0.0512 0.4545
vn -0.0301 -0.0017 -0.9995
vn -0.0301 -0.0017 -0.9995
vn -0.0301 -0.0017 -0.9995
vn -0.0319 -0.0018 -0.9995
vn -0.0319 -0.0018 -0.9995
vn -0.0319 -0.0018 -0.9995
vn -0.0228 -0.0013 0.9997
vn -0.0228 -0.0013 0.9997
vn -0.0228 -0.0013 0.9997
vn 0.7837 0.0452 0.6195
vn 0.7837 0.0452 0.6195
vn 0.7837 0.0452 0.6195
vn -0 -0 -1
vn -0 -0 -1
vn -0 -0 -1
vn -0.0881 -0.0051 -0.9961
vn -0.0881 -0.0051 -0.9961
vn -0.0881 -0.0051 -0.9961
vn 0.7444 0.0429 -0.6664
vn 0.7444 0.0429 -0.6664
vn 0.7444 0.0429 -0.6664
vn 0.4709 0.0271 0.8818
vn 0.4709 0.0271 0.8818
vn 0.4709 0.0271 0.8818
vn 0.5843 0.0337 -0.8108
vn 0.5843 0.0337 -0.8108
vn 0.5843 0.0337 -0.8108
vn 0.2139 0.0123 0.9768
vn 0.2139 0.0123 0.9768
vn 0.2139 0.0123 0.9768
vn -0.0907 -0.0052 0.9959
vn -0.0907 -0.0052 0.9959
vn -0.0907 -0.0052 0.9959
vn 0.3019 0.0174 -0.9532
vn 0.3019 0.0174 -0.9532
vn 0.3019 0.0174 -0.9532
vn 0.6286 0.0362 0.7769
vn 0.6286 0.0362 0.7769
vn 0.6286 0.0362 0.7769
vn -0.1648 -0.0095 0.9863
vn -0.1648 -0.0095 0.9863
vn -0.1648 -0.0095 0.9863
vn 0.0202 0.0012 0.9998
vn 0.0202 0.0012 0.9998
vn 0.0202 0.0012 0.9998
vn -0.9466 -0.0545 -0.3179
vn -0.9466 -0.0545 -0.3179
vn -0.9466 -0.0545 -0.3179
vn 0.7286 0.042 -0.6836
vn 0.7286 0.042 -0.6836
vn 0.7286 0.042 -0.6836
vn -0.2021 -0.0116 -0.9793
vn -0.2021 -0.0116 -0.9793
vn -0.2021 -0.0116 -0.9793
vn 0.6676 0.0385 -0.7435
vn 0.6676 0.0385 -0.7435
vn 0.6676 0.0385 -0.7435
vn -0.4712 -0.0272 0.8816
vn -0.4712 -0.0272 0.8816
vn -0.4712 -0.0272 0.8816
vn 0 0 1
vn 0 0 1
vn 0 0 1
vn 0.9976 0.0575 0.0381
vn 0.9976 0.0575 0.0381
vn 0.9976 0.0575 0.0381
vn -0.9835 -0.0567 -0.1718
vn -0.9835 -0.0567 -0.1718
vn -0.9835 -0.0567 -0.1718
vn 0.2076 0.012 -0.9781
vn 0.2076 0.012 -0.9781
vn 0.2076 0.012 -0.9781
vn 0.1404 0.0081 0.9901
vn 0.1404 0.0081 0.9901
vn 0.1404 0.0081 0.9901
vn 0.9101 0.0524 0.411
vn 0.9101 0.0524 0.411
vn 0.9101 0.0524 0.411
vn -0.0054 -0.0003 1
vn -0.0054 -0.0003 1
vn -0.0054 -0.0003 1
vn 0.3964 0.0228 0.9178
vn 0.3964 0.0228 0.9178
vn 0.3964 0.0228 0.9178
vn -0.4409 -0.0254 0.8972
vn -0.4409 -0.0254 0.8972
vn -0.4409 -0.0254 0.8972
vn -0.8816 -0.0508 0.4692
vn -0.8816 -0.0508 0.4692
vn -0.8816 -0.0508 0.4692
vn 0.6294 0.0363 -0.7762
vn 0.6294 0.0363 -0.7762
vn 0.6294 0.0363 -0.7762
vn -0.5514 -0.0318 0.8336
vn -0.5514 -0.0318 0.8336
vn -0.5514 -0.0318 0.8336
vn -0.518 -0.0298 -0.8549
vn -0.518 -0.0298 -0.8549
vn -0.518 -0.0298 -0.8549
vn -0.0028 -0.0002 -1
vn -0.0028 -0.0002 -1
vn -0.0028 -0.0002 -1
vn -0.3049 -0.0176 -0.9522
vn -0.3049 -0.0176 -0.9522
vn -0.3049 -0.0176 -0.9522
vn 0.75 0.0432 -0.6601
vn 0.75 0.0432 -0.6601
vn 0.75 0.0432 -0.6601
vn -0.9983 -0.0575 0
vn -0.9983 -0.0575 0
vn -0.9983 -0.0575 0
vn -0.8892 -0.0512 0.4546
vn -0.8892 -0.0512 0.4546
vn -0.8892 -0.0512 0.4546
vn 0.7578 0.0437 -0.651
vn 0.7578 0.0437 -0.651
vn 0.7578 0.0437 -0.651
vn 0.9675 0.0557 0.2467
vn 0.9675 0.0557 0.2467
vn 0.9675 0.0557 0.2467
vn -0.4739 -0.0273 0.8801
vn -0.4739 -0.0273 0.8801
vn -0.4739 -0.0273 0.8801
vn -0.2247 -0.0129 -0.9743
vn -0.2247 -0.0129 -0.9743
vn -0.2247 -0.0129 -0.9743
vn -0.0069 -0.0004 1
vn -0.0069 -0.0004 1
vn -0.0069 -0.0004 1
vn 0.9974 0.0575 0.0424
vn 0.9974 0.0575 0.0424
vn 0.9974 0.0575 0.0424
vn 0.4016 0.0231 0.9155
vn 0.4016 0.0231 0.9155
vn 0.4016 0.0231 0.9155
vn 0.9983 0.0575 0.0092
vn 0.9983 0.0575 0.0092
vn 0.9983 0.0575 0.0092
vn -0.0562 -0.0032 0.9984
vn -0.0562 -0.0032 0.9984
vn -0.0562 -0.0032 0.9984
vn -0.0053 -0.0003 1
vn -0.0053 -0.0003 1
vn -0.0053 -0.0003 1
vn -0.4064 -0.0234 -0.9134
vn -0.4064 -0.0234 -0.9134
vn -0.4064 -0.0234 -0.9134
vn -0.8819 -0.0508 -0.4688
vn -0.8819 -0.0508 -0.4688
vn -0.8819 -0.0508 -0.4688
vn 0.7297 0.042 -0.6825
vn 0.7297 0.042 -0.6825
vn 0.7297 0.042 -0.6825
vn -0.7958 -0.0459 0.6038
vn -0.7958 -0.0459 0.6038
vn -0.7958 -0.0459 0.6038
vn 0.7389 0.0426 -0.6725
vn 0.7389 0.0426 -0.6725
vn 0.7389 0.0426 -0.6725
vn -0.0275 -0.0016 0.9996
vn -0.0275 -0.0016 0.9996
vn -0.0275 -0.0016 0.9996
vn 0.9642 0.0556 0.2592
vn 0.9642 0.0556 0.2592
vn 0.9642 0.0556 0.2592
vn -0.9983 -0.0575 0
vn -0.9983 -0.0575 0
vn -0.9983 -0.0575 0
vn 0.9983 0.0575 -0.0017
vn 0.9983 0.0575 -0.0017
vn 0.9983 0.0575 -0.0017
vn 0.1923 0.0111 -0.9813
vn 0.1923 0.0111 -0.9813
vn 0.1923 0.0111 -0.9813
vn -0.6415 -0.037 -0.7662
vn -0.6415 -0.037 -0.7662
vn -0.6415 -0.037 -0.7662
vn 0.7815 0.045 0.6223
vn 0.7815 0.045 0.6223
vn 0.7815 0.045 0.6223
vn 0.9951 0.0573 -0.0801
vn 0.9951 0.0573 -0.0801
vn 0.9951 0.0573 -0.0801
vn -0.9903 -0.0571 0.127
vn -0.9903 -0.0571 0.127
vn -0.9903 -0.0571 0.127
vn -0.9879 -0.0569 0.1444
vn -0.9879 -0.0569 0.1444
vn -0.9879 -0.0569 0.1444
vn -0.5126 -0.0295 -0.8581
vn -0.5126 -0.0295 -0.8581
vn -0.5126 -0.0295 -0.8581
vn -0.5508 -0.0317 0.834
vn -0.5508 -0.0317 0.834
vn -0.5508 -0.0317 0.834
vn -0.9967 -0.0574 -0.0572
vn -0.9967 -0.0574 -0.0572
vn -0.9967 -0.0574 -0.0572
vn -0.9976 -0.0575 -0.0385
vn -0.9976 -0.0575 -0.0385
vn -0.9976 -0.0575 -0.0385
vn 0.9864 0.0568 -0.1543
vn 0.9864 0.0568 -0.1543
vn 0.9864 0.0568 -0.1543
vn -0.9983 -0.0575 0
vn -0.9983 -0.0575 0
vn -0.9983 -0.0575 0
vn 0.9542 0.055 0.2941
vn 0.9542 0.055 0.2941
vn 0.9542 0.055 0.2941
vn -0.9983 -0.0575 0
vn -0.9983 -0.0575 0
vn -0.9983 -0.0575 0
vn -0.0856 -0.0049 -0.9963
vn -0.0856 -0.0049 -0.9963
vn -0.0856 -0.0049 -0.9963
vn -0.6355 -0.0366 -0.7713
vn -0.6355 -0.0366 -0.7713
vn -0.6355 -0.0366 -0.7713
vn 0.7796 0.0449 -0.6247
vn 0.7796 0.0449 -0.6247
vn 0.7796 0.0449 -0.6247
vn 0.7266 0.0419 -0.6858
vn 0.7266 0.0419 -0.6858
vn 0.7266 0.0419 -0.6858
vn 0.7346 0.0423 -0.6772
vn 0.7346 0.0423 -0.6772
vn 0.7346 0.0423 -0.6772
vn -0.0342 -0.002 -0.9994
vn -0.0342 -0.002 -0.9994
vn -0.0342 -0.002 -0.9994
vn 0.6461 0.0372 -0.7624
vn 0.6461 0.0372 -0.7624
vn 0.6461 0.0372 -0.7624
vn 0.998 0.0575 -0.0254
vn 0.998 0.0575 -0.0254
vn 0.998 0.0575 -0.0254
vn -0.9549 -0.055 0.2919
vn -0.9549 -0.055 0.2919
vn -0.9549 -0.055 0.2919
vn -0.6743 -0.0389 -0.7375
vn -0.6743 -0.0389 -0.7375
vn -0.6743 -0.0389 -0.7375
vn -0.4018 -0.0231 -0.9155
vn -0.4018 -0.0231 -0.9155
vn -0.4018 -0.0231 -0.9155
vn -0.0032 -0.0002 -1
vn -0.0032 -0.0002 -1
vn -0.0032 -0.0002 -1
vn -0.0417 -0.0024 -0.9991
vn -0.0417 -0.0024 -0.9991
vn -0.0417 -0.0024 -0.9991
vn -0.9983 -0.0575 0
vn -0.9983 -0.0575 0
vn -0.9983 -0.0575 0
vn -0.133 -0.0077 0.9911
vn -0.133 -0.0077 0.9911
vn -0.133 -0.0077 0.9911
vn -0.7624 -0.0439 -0.6456
vn -0.7624 -0.0439 -0.6456
vn -0.7624 -0.0439 -0.6456
vn -0.6657 -0.0384 0.7452
vn -0.6657 -0.0384 0.7452
vn -0.6657 -0.0384 0.7452
vn -0.7257 -0.0418 0.6868
vn -0.7257 -0.0418 0.6868
vn -0.7257 -0.0418 0.6868
vn -0.0001 -0 1
vn -0.0001 -0 1
vn -0.0001 -0 1
vn 0.6058 0.0349 -0.7949
vn 0.6058 0.0349 -0.7949
vn 0.6058 0.0349 -0.7949
vn -0.7578 -0.0437 0.6511
vn -0.7578 -0.0437 0.6511
vn -0.7578 -0.0437 0.6511
vn 0.997 0.0574 0.0517
vn 0.997 0.0574 0.0517
vn 0.997 0.0574 0.0517
vn -0.0213 -0.0012 -0.9998
vn -0.0213 -0.0012 -0.9998
vn -0.0213 -0.0012 -0.9998
vn 0.8523 0.0491 0.5207
vn 0.8523 0.0491 0.5207
vn 0.8523 0.0491 0.5207
vn 0.0385 0.0022 0.9993
vn 0.0385 0.0022 0.9993
vn 0.0385 0.0022 0.9993
vn -0.789 -0.0455 -0.6127
vn -0.789 -0.0455 -0.6127
vn -0.789 -0.0455 -0.6127
vn 0.7079 0.0408 0.7051
vn 0.7079 0.0408 0.7051
vn 0.7079 0.0408 0.7051
vn -0.7866 -0.0453 0.6157
vn -0.7866 -0.0453 0.6157
vn -0.7866 -0.0453 0.6157
vn 0.0156 0.0009 0.9999
vn 0.0156 0.0009 0.9999
vn 0.0156 0.0009 0.9999
vn 0.2836 0.0163 -0.9588
vn 0.2836 0.0163 -0.9588
vn 0.2836 0.0163 -0.9588
vn 0.9983 0.0575 -0.0037
vn 0.9983 0.0575 -0.0037
vn 0.9983 0.0575 -0.0037
vn 0.3262 0.0188 0.9451
vn 0.3262 0.0188 0.9451
vn 0.3262 0.0188 0.9451
vn -0.9604 -0.0553 -0.2729
vn -0.9604 -0.0553 -0.2729
vn -0.9604 -0.0553 -0.2729
vn 0.0189 0.0011 0.9998
vn 0.0189 0.0011 0.9998
vn 0.0189 0.0011 0.9998
vn 0.1386 0.008 0.9903
vn 0.1386 0.008 0.9903
vn 0.1386 0.008 0.9903
vn 0.1126 0.0065 -0.9936
vn 0.1126 0.0065 -0.9936
vn 0.1126 0.0065 -0.9936
vn 0.0003 0 1
vn 0.0003 0 1
vn 0.0003 0 1
vn 0.4079 0.0235 -0.9127
vn 0.4079 0.0235 -0.9127
vn 0.4079 0.0235 -0.9127
vn 0.7649 0.0441 -0.6427
vn 0.7649 0.0441 -0.6427
vn 0.7649 0.0441 -0.6427
vn 0.03 0.0017 0.9995
vn 0.03 0.0017 0.9995
vn 0.03 0.0017 0.9995
vn 0.2105 0.0121 0.9775
vn 0.2105 0.0121 0.9775
vn 0.2105 0.0121 0.9775
vn 0.7732 0.0445 -0.6326
vn 0.7732 0.0445 -0.6326
vn 0.7732 0.0445 -0.6326
vn -0.7347 -0.0423 0.6771
vn -0.7347 -0.0423 0.6771
vn -0.7347 -0.0423 0.6771
vn 0.7652 0.0441 -0.6423
vn 0.7652 0.0441 -0.6423
vn 0.7652 0.0441 -0.6423
vn 0.7823 0.0451 -0.6213
vn 0.7823 0.0451 -0.6213
vn 0.7823 0.0451 -0.6213
vn 0.8237 0.0475 -0.565
vn 0.8237 0.0475 -0.565
vn 0.8237 0.0475 -0.565
vn -0.9983 -0.0575 0
vn -0.9983 -0.0575 0
vn -0.9983 -0.0575 0
vn -0.7673 -0.0442 0.6398
vn -0.7673 -0.0442 0.6398
vn -0.7673 -0.0442 0.6398
vn -0.9195 -0.053 0.3895
vn -0.9195 -0.053 0.3895
vn -0.9195 -0.053 0.3895
vn -0.8837 -0.0509 -0.4654
vn -0.8837 -0.0509 -0.4654
vn -0.8837 -0.0509 -0.4654
vn -0.1411 -0.0081 0.99
vn -0.1411 -0.0081 0.99
vn -0.1411 -0.0081 0.99
vn 0.0399 0.0023 -0.9992
vn 0.0399 0.0023 -0.9992
vn 0.0399 0.0023 -0.9992
vn -0.329 -0.019 0.9441
vn -0.329 -0.019 0.9441
vn -0.329 -0.019 0.9441
vn -0.0049 -0.0003 -1
vn -0.0049 -0.0003 -1
vn -0.0049 -0.0003 -1
vn 0.7774 0.0448 -0.6275
vn 0.7774 0.0448 -0.6275
vn 0.7774 0.0448 -0.6275
vn 0.1096 0.0063 -0.994
vn 0.1096 0.0063 -0.994
vn 0.1096 0.0063 -0.994
vn 0.6581 0.0379 0.752
vn 0.6581 0.0379 0.752
vn 0.6581 0.0379 0.752
vn -0.4231 -0.0244 -0.9058
vn -0.4231 -0.0244 -0.9058
vn -0.4231 -0.0244 -0.9058
vn 0.9092 0.0524 -0.4131
vn 0.9092 0.0524 -0.4131
vn 0.9092 0.0524 -0.4131
vn -0.0432 -0.0025 0.9991
vn -0.0432 -0.0025 0.9991
vn -0.0432 -0.0025 0.9991
vn -0.6152 -0.0354 0.7876
vn -0.6152 -0.0354 0.7876
vn -0.6152 -0.0354 0.7876
vn 0.2979 0.0172 0.9545
vn 0.2979 0.0172 0.9545
vn 0.2979 0.0172 0.9545
vn 0.5488 0.0316 0.8354
vn 0.5488 0.0316 0.8354
vn 0.5488 0.0316 0.8354
vn -0.023 -0.0013 -0.9997
vn -0.023 -0.0013 -0.9997
vn -0.023 -0.0013 -0.9997
vn -0.8361 -0.0482 0.5465
vn -0.8361 -0.0482 0.5465
vn -0.8361 -0.0482 0.5465
vn -0.1775 -0.0102 0.9841
vn -0.1775 -0.0102 0.9841
vn -0.1775 -0.0102 0.9841
vn -0.673 -0.0388 0.7387
vn -0.673 -0.0388 0.7387
vn -0.673 -0.0388 0.7387
vn 0.0085 0.0005 1
vn 0.0085 0.0005 1
vn 0.0085 0.0005 1
vn 0.7473 0.0431 -0.6631
vn 0.7473 0.0431 -0.6631
vn 0.7473 0.0431 -0.6631
vn -0.378 -0.0218 0.9256
vn -0.378 -0.0218 0.9256
vn -0.378 -0.0218 0.9256
vn 0.9968 0.0574 0.0558
vn 0.9968 0.0574 0.0558
vn 0.9968 0.0574 0.0558
vn 0.0763 0.0044 0.9971
vn 0.0763 0.0044 0.9971
vn 0.0763 0.0044 0.9971
vn 0.9673 0.0557 -0.2473
vn 0.9673 0.0557 -0.2473
vn 0.9673 0.0557 -0.2473
vn 0.7002 0.0403 -0.7128
vn 0.7002 0.0403 -0.7128
vn 0.7002 0.0403 -0.7128
vn -0.0902 -0.0052 0.9959
vn -0.0902 -0.0052 0.9959
vn -0.0902 -0.0052 0.9959
vn 0.0525 0.003 -0.9986
vn 0.0525 0.003 -0.9986
vn 0.0525 0.003 -0.9986
vn -0.1116 -0.0064 -0.9937
vn -0.1116 -0.0064 -0.9937
vn -0.1116 -0.0064 -0.9937
vn -0.4316 -0.0249 0.9017
vn -0.4316 -0.0249 0.9017
vn -0.4316 -0.0249 0.9017
vn -0.5611 -0.0323 0.8271
vn -0.5611 -0.0323 0.8271
vn -0.5611 -0.0323 0.8271
vn -0.2532 -0.0146 0.9673
vn -0.2532 -0.0146 0.9673
vn -0.2532 -0.0146 0.9673
vn 0.9894 0.057 -0.1334
vn 0.9894 0.057 -0.1334
vn 0.9894 0.057 -0.1334
vn 0.2877 0.0166 -0.9576
vn 0.2877 0.0166 -0.9576
vn 0.2877 0.0166 -0.9576
vn -0.0063 -0.0004 1
vn -0.0063 -0.0004 1
vn -0.0063 -0.0004 1
vn 0.5076 0.0292 -0.8611
vn 0.5076 0.0292 -0.8611
vn 0.5076 0.0292 -0.8611
vn 0.5321 0.0307 0.8461
vn 0.5321 0.0307 0.8461
vn 0.5321 0.0307 0.8461
vn 0.7509 0.0433 -0.6591
vn 0.7509 0.0433 -0.6591
vn 0.7509 0.0433 -0.6591
vn -0.0562 -0.0032 -0.9984
vn -0.0562 -0.0032 -0.9984
vn -0.0562 -0.0032 -0.9984
vn 0.8928 0.0514 0.4475
vn 0.8928 0.0514 0.4475
vn 0.8928 0.0514 0.4475
vn 0.0196 0.0011 0.9998
vn 0.0196 0.0011 0.9998
vn 0.0196 0.0011 0.9998
vn 0.7192 0.0414 -0.6936
vn 0.7192 0.0414 -0.6936
vn 0.7192 0.0414 -0.6936
vn -0.0105 -0.0006 -0.9999
vn -0.0105 -0.0006 -0.9999
vn -0.0105 -0.0006 -0.9999
vn 0.983 0.0566 0.1745
vn 0.983 0.0566 0.1745
vn 0.983 0.0566 0.1745
vn 0.4814 0.0277 -0.876
vn 0.4814 0.0277 -0.876
vn 0.4814 0.0277 -0.876
vn -0.309 -0.0178 -0.9509
vn -0.309 -0.0178 -0.9509
vn -0.309 -0.0178 -0.9509
vn -0.8776 -0.0506 -0.4767
vn -0.8776 -0.0506 -0.4767
vn -0.8776 -0.0506 -0.4767
vn 0.3924 0.0226 -0.9195
vn 0.3924 0.0226 -0.9195
vn 0.3924 0.0226 -0.9195
vn -0.9975 -0.0575 -0.0403
vn -0.9975 -0.0575 -0.0403
vn -0.9975 -0.0575 -0.0403
vn -0.0025 -0.0001 1
vn -0.0025 -0.0001 1
vn -0.0025 -0.0001 1
vn -0.6003 -0.0346 0.799
vn -0.6003 -0.0346 0.799
vn -0.6003 -0.0346 0.799
vn 0.6289 0.0362 -0.7767
vn 0.6289 0.0362 -0.7767
vn 0.6289 0.0362 -0.7767
vn 0.1946 0.0112 -0.9808
vn 0.1946 0.0112 -0.9808
vn 0.1946 0.0112 -0.9808
vn 0.9978 0.0575 0.0327
vn 0.9978 0.0575 0.0327
vn 0.9978 0.0575 0.0327
vn 0.9967 0.0574 0.0568
vn 0.9967 0.0574 0.0568
vn 0.9967 0.0574 0.0568
vn -0.9983 -0.0575 0
vn -0.9983 -0.0575 0
vn -0.9983 -0.0575 0
vn 0.9968 0.0574 -0.0555
vn 0.9968 0.0574 -0.0555
vn 0.9968 0.0574 -0.0555
vn -0.0063 -0.0004 -1
vn -0.0063 -0.0004 -1
vn -0.0063 -0.0004 -1
vn -0.1517 -0.0087 -0.9884
vn -0.1517 -0.0087 -0.9884
vn -0.1517 -0.0087 -0.9884
vn 0.4921 0.0284 -0.8701
vn 0.4921 0.0284 -0.8701
vn 0.4921 0.0284 -0.8701
vn -0.2288 -0.0132 0.9734
vn -0.2288 -0.0132 0.9734
vn -0.2288 -0.0132 0.9734
vn -0.0223 -0.0013 -0.9998
vn -0.0223 -0.0013 -0.9998
vn -0.0223 -0.0013 -0.9998
vn 0.9983 0.0575 0.001
vn 0.9983 0.0575 0.001
vn 0.9983 0.0575 0.001
vn 0.9978 0.0575 -0.0322
vn 0.9978 0.0575 -0.0322
vn 0.9978 0.0575 -0.0322
vn 0.3838 0.0221 -0.9232
vn 0.3838 0.0221 -0.9232
vn 0.3838 0.0221 -0.9232
vn 0.5324 0.0307 0.8459
vn 0.5324 0.0307 0.8459
vn 0.5324 0.0307 0.8459
vn 0.4061 0.0234 0.9135
vn 0.4061 0.0234 0.9135
vn 0.4061 0.0234 0.9135
vn -0.3062 -0.0176 -0.9518
vn -0.3062 -0.0176 -0.9518
vn -0.3062 -0.0176 -0.9518
vn -0.6828 -0.0393 0.7295
vn -0.6828 -0.0393 0.7295
vn -0.6828 -0.0393 0.7295
vn 0.5347 0.0308 -0.8445
vn 0.5347 0.0308 -0.8445
vn 0.5347 0.0308 -0.8445
vn 0.7715 0.0445 -0.6347
vn 0.7715 0.0445 -0.6347
vn 0.7715 0.0445 -0.6347
vn -0.0475 -0.0027 -0.9989
vn -0.0475 -0.0027 -0.9989
vn -0.0475 -0.0027 -0.9989
vn -0.9497 -0.0547 0.3083
vn -0.9497 -0.0547 0.3083
vn -0.9497 -0.0547 0.3083
vn -0.057 -0.0033 0.9984
vn -0.057 -0.0033 0.9984
vn -0.057 -0.0033 0.9984
vn 0.1248 0.0072 -0.9922
vn 0.1248 0.0072 -0.9922
vn 0.1248 0.0072 -0.9922
vn 0.6574 0.0379 0.7526
vn 0.6574 0.0379 0.7526
vn 0.6574 0.0379 0.7526
vn 0.7626 0.0439 -0.6454
vn 0.7626 0.0439 -0.6454
vn 0.7626 0.0439 -0.6454
vn 0.9983 0.0575 -0.0018
vn 0.9983 0.0575 -0.0018
vn 0.9983 0.0575 -0.0018
vn 0.5241 0.0302 -0.8511
vn 0.5241 0.0302 -0.8511
vn 0.5241 0.0302 -0.8511
vn -0.0527 -0.003 -0.9986
vn -0.0527 -0.003 -0.9986
vn -0.0527 -0.003 -0.9986
vn -0.0047 -0.0003 -1
vn -0.0047 -0.0003 -1
vn -0.0047 -0.0003 -1
vn 0.9468 0.0546 -0.3172
vn 0.9468 0.0546 -0.3172
vn 0.9468 0.0546 -0.3172
vn -0.2211 -0.0127 -0.9752
vn -0.2211 -0.0127 -0.9752
vn -0.2211 -0.0127 -0.9752
vn 0.7315 0.0422 -0.6805
vn 0.7315 0.0422 -0.6805
vn 0.7315 0.0422 -0.6805
vn -0.3566 -0.0205 0.934
vn -0.3566 -0.0205 0.934
vn -0.3566 -0.0205 0.934
vn 0.9983 0.0575 -0.0012
vn 0.9983 0.0575 -0.0012
vn 0.9983 0.0575 -0.0012
vn 0.0347 0.002 -0.9994
vn 0.0347 0.002 -0.9994
vn 0.0347 0.002 -0.9994
vn 0.0155 0.0009 -0.9999
vn 0.0155 0.0009 -0.9999
vn 0.0155 0.0009 -0.9999
vn -0.5485 -0.0316 -0.8356
vn -0.5485 -0.0316 -0.8356
vn -0.5485 -0.0316 -0.8356
vn -0.0537 -0.0031 0.9986
vn -0.0537 -0.0031 0.9986
vn -0.0537 -0.0031 0.9986
vn 0.7288 0.042 -0.6835
vn 0.7288 0.042 -0.6835
vn 0.7288 0.042 -0.6835
vn 0.0408 0.0023 -0.9992
vn 0.0408 0.0023 -0.9992
vn 0.0408 0.0023 -0.9992
vn 0.9982 0.0575 0.015
vn 0.9982 0.0575 0.015
vn 0.9982 0.0575 0.015
vn -0.0247 -0.0014 0.9997
vn -0.0247 -0.0014 0.9997
vn -0.0247 -0.0014 0.9997
vn -0.2769 -0.016 0.9608
vn -0.0017 -0.0001 1
vn -0.9645 -0.0556 -0.2581
vn -0.7689 -0.0443 -0.6378
vn -0.1487 -0.0086 -0.9888
vn -0.2205 -0.0127 0.9753
vn 0.0751 0.0043 0.9972
vn 0.9983 0.0575 -0.0088
vn -0.7047 -0.0406 0.7083
vn 0.9983 0.0575 -0.0107
vn 0.8695 0.0501 -0.4913
vn 0.9983 0.0575 0.0036
vn -0.3203 -0.0185 0.9471
vn -0.0653 -0.0038 0.9979
vn 0.9983 0.0575 0
vn -0.9946 -0.0573 0.0861
vn -0.9712 -0.056 0.2316
vn 0.9392 0.0541 -0.3391
vn -0.0525 -0.003 0.9986
vn 0.9961 0.0574 -0.0676
vn 0.292 0.0168 0.9563
vn 0.7837 0.0452 0.6195
vn 0.8575 0.0494 -0.5122
vn 0 0 1
vn 0.8893 0.0512 0.4545
vn -0.0301 -0.0017 -0.9995
vn -0.0319 -0.0018 -0.9995
vn -0.0228 -0.0013 0.9997
vn 0.7837 0.0452 0.6195
vn -0 -0 -1
vn -0.0881 -0.0051 -0.9961
vn 0.7444 0.0429 -0.6664
vn 0.4709 0.0271 0.8818
vn 0.5843 0.0337 -0.8108
vn 0.2139 0.0123 0.9768
vn -0.0907 -0.0052 0.9959
vn 0.3019 0.0174 -0.9532
vn 0.6286 0.0362 0.7769
vn -0.1648 -0.0095 0.9863
vn 0.0202 0.0012 0.9998
vn -0.9466 -0.0545 -0.3179
vn 0.7286 0.042 -0.6836
vn -0.2021 -0.0116 -0.9793
vn 0.6676 0.0385 -0.7435
vn -0.4712 -0.0272 0.8816
vn 0 0 1
vn 0.9976 0.0575 0.0381
vn -0.9835 -0.0567 -0.1718
vn 0.2076 0.012 -0.9781
vn 0.1404 0.0081 0.9901
vn 0.9101 0.0524 0.411
vn -0.0054 -0.0003 1
vn 0.3964 0.0228 0.9178
vn -0.4409 -0.0254 0.8972
vn -0.8816 -0.0508 0.4692
vn 0.6294 0.0363 -0.7762
vn -0.5514 -0.0318 0.8336
vn -0.518 -0.0298 -0.8549
vn -0.0028 -0.0002 -1
vn -0.3049 -0.0176 -0.9522
vn 0.75 0.0432 -0.6601
vn -0.9983 -0.0575 0
vn -0.8892 -0.0512 0.4546
vn 0.7578 0.0437 -0.651
vn 0.9675 0.0557 0.2466
vn 0.9675 0.0557 0.2466
vn 0.9675 0.0557 0.2466
vn -0.4739 -0.0273 0.8801
vn -0.2247 -0.0129 -0.9743
vn -0.0069 -0.0004 1
vn 0.9974 0.0575 0.0424
vn 0.4016 0.0231 0.9155
vn 0.9983 0.0575 0.0092
vn -0.0562 -0.0032 0.9984
vn -0.0053 -0.0003 1
vn -0.4064 -0.0234 -0.9134
vn -0.8819 -0.0508 -0.4688
vn 0.7297 0.042 -0.6825
vn -0.7958 -0.0459 0.6038
vn 0.7389 0.0426 -0.6725
vn -0.0275 -0.0016 0.9996
vn 0.9642 0.0556 0.2592
vn -0.9983 -0.0575 0
vn 0.9983 0.0575 -0.0017
vn 0.1923 0.0111 -0.9813
vn -0.6415 -0.037 -0.7662
vn 0.7815 0.045 0.6223
vn 0.9951 0.0573 -0.0801
vn -0.9903 -0.0571 0.127
vn -0.9879 -0.0569 0.1444
vn -0.5126 -0.0295 -0.8581
vn -0.5508 -0.0317 0.834
vn -0.9967 -0.0574 -0.0572
vn -0.9976 -0.0575 -0.0385
vn 0.9864 0.0568 -0.1543
vn -0.9983 -0.0575 0
vn 0.9542 0.055 0.2941
vn -0.9983 -0.0575 0
vn -0.0856 -0.0049 -0.9963
vn -0.6355 -0.0366 -0.7713
vn 0.7796 0.0449 -0.6247
vn 0.7266 0.0419 -0.6858
vn 0.7346 0.0423 -0.6772
vn -0.0342 -0.002 -0.9994
vn 0.6461 0.0372 -0.7624
vn 0.998 0.0575 -0.0254
vn -0.9549 -0.055 0.2919
vn -0.6743 -0.0389 -0.7375
vn -0.4018 -0.0231 -0.9155
vn -0.0032 -0.0002 -1
vn -0.0417 -0.0024 -0.9991
vn -0.9983 -0.0575 0
vn -0.1329 -0.0077 0.9911
vn -0.1329 -0.0077 0.9911
vn -0.1329 -0.0077 0.9911
vn -0.7624 -0.0439 -0.6456
vn -0.6657 -0.0384 0.7452
vn -0.7257 -0.0418 0.6868
vn -0.0001 -0 1
vn 0.6058 0.0349 -0.7949
vn -0.7578 -0.0437 0.6511
vn 0.997 0.0574 0.0517
vn -0.0213 -0.0012 -0.9998
vn 0.8523 0.0491 0.5207
vn 0.0385 0.0022 0.9993
vn -0.789 -0.0455 -0.6127
vn 0.7079 0.0408 0.7051
vn -0.7867 -0.0453 0.6157
vn -0.7867 -0.0453 0.6157
vn -0.7867 -0.0453 0.6157
vn 0.0156 0.0009 0.9999
vn 0.2836 0.0163 -0.9588
vn 0.9983 0.0575 -0.0037
vn 0.3262 0.0188 0.9451
vn -0.9604 -0.0553 -0.2729
vn 0.0189 0.0011 0.9998
vn 0.1386 0.008 0.9903
vn 0.1126 0.0065 -0.9936
vn 0.0003 0 1
vn 0.4079 0.0235 -0.9127
vn 0.7649 0.0441 -0.6427
vn 0.03 0.0017 0.9995
vn 0.2105 0.0121 0.9775
vn 0.7732 0.0445 -0.6326
vn -0.7347 -0.0423 0.6771
vn 0.7652 0.0441 -0.6423
vn 0.7823 0.0451 -0.6213
vn 0.8237 0.0475 -0.565
vn -0.9983 -0.0575 0
vn -0.7673 -0.0442 0.6398
vn -0.9195 -0.053 0.3895
vn -0.8837 -0.0509 -0.4653
vn -0.8837 -0.0509 -0.4653
vn -0.8837 -0.0509 -0.4653
vn -0.1411 -0.0081 0.99
vn 0.0399 0.0023 -0.9992
vn -0.329 -0.019 0.9441
vn -0.0049 -0.0003 -1
vn 0.7774 0.0448 -0.6275
vn 0.1096 0.0063 -0.994
vn 0.6581 0.0379 0.752
vn -0.4231 -0.0244 -0.9058
vn 0.9092 0.0524 -0.4131
vn -0.0432 -0.0025 0.9991
vn -0.6152 -0.0354 0.7876
vn 0.2979 0.0172 0.9545
vn 0.5488 0.0316 0.8354
vn -0.023 -0.0013 -0.9997
vn -0.8361 -0.0482 0.5465
vn -0.1775 -0.0102 0.9841
vn -0.673 -0.0388 0.7387
vn 0.0085 0.0005 1
vn 0.7473 0.0431 -0.6631
vn -0.378 -0.0218 0.9256
vn 0.9968 0.0574 0.0558
vn 0.0763 0.0044 0.9971
vn 0.9673 0.0557 -0.2473
vn 0.7002 0.0403 -0.7128
vn -0.0902 -0.0052 0.9959
vn 0.0525 0.003 -0.9986
vn -0.1116 -0.0064 -0.9937
vn -0.4317 -0.0249 0.9017
vn -0.4317 -0.0249 0.9017
vn -0.4317 -0.0249 0.9017
vn -0.5611 -0.0323 0.8271
vn -0.2532 -0.0146 0.9673
vn 0.9894 0.057 -0.1334
vn 0.2877 0.0166 -0.9576
vn -0.0063 -0.0004 1
vn 0.5076 0.0292 -0.8611
vn 0.5321 0.0307 0.8461
vn 0.7509 0.0433 -0.6591
vn -0.0562 -0.0032 -0.9984
vn 0.8928 0.0514 0.4475
vn 0.0196 0.0011 0.9998
vn 0.7192 0.0414 -0.6936
vn -0.0105 -0.0006 -0.9999
vn 0.983 0.0566 0.1745
vn 0.4814 0.0277 -0.876
vn -0.309 -0.0178 -0.9509
vn -0.8776 -0.0506 -0.4767
vn 0.3924 0.0226 -0.9195
vn -0.9975 -0.0575 -0.0403
vn -0.0025 -0.0001 1
vn -0.6003 -0.0346 0.799
vn 0.6289 0.0362 -0.7767
vn 0.1946 0.0112 -0.9808
vn 0.9978 0.0575 0.0327
vn 0.9967 0.0574 0.0568
vn -0.9983 -0.0575 0
vn 0.9968 0.0574 -0.0555
vn -0.0063 -0.0004 -1
vn -0.1517 -0.0087 -0.9884
vn 0.4921 0.0284 -0.8701
vn -0.2288 -0.0132 0.9734
vn -0.0223 -0.0013 -0.9998
vn 0.9983 0.0575 0.001
vn 0.9978 0.0575 -0.0322
vn 0.3838 0.0221 -0.9232
vn 0.5324 0.0307 0.8459
vn 0.4061 0.0234 0.9135
vn -0.3062 -0.0176 -0.9518
vn -0.6828 -0.0393 0.7295
vn 0.5347 0.0308 -0.8445
vn 0.7715 0.0445 -0.6347
vn -0.0475 -0.0027 -0.9989
vn -0.9497 -0.0547 0.3083
vn -0.057 -0.0033 0.9984
vn 0.1248 0.0072 -0.9922
vn 0.6574 0.0379 0.7526
vn 0.7626 0.0439 -0.6454
vn 0.9983 0.0575 -0.0018
vn 0.5241 0.0302 -0.8511
vn -0.0527 -0.003 -0.9986
vn -0.0047 -0.0003 -1
vn 0.9468 0.0546 -0.3172
vn -0.2211 -0.0127 -0.9752
vn 0.7315 0.0422 -0.6805
vn -0.3566 -0.0205 0.934
vn 0.9983 0.0575 -0.0012
vn 0.0347 0.002 -0.9994
vn 0.0155 0.0009 -0.9999
vn -0.5485 -0.0316 -0.8356
vn -0.0537 -0.0031 0.9986
vn 0.7287 0.042 -0.6835
vn 0.7287 0.042 -0.6835
vn 0.7287 0.042 -0.6835
vn 0.0408 0.0023 -0.9992
vn 0.9982 0.0575 0.015
vn -0.0247 -0.0014 0.9997
vn -0.016 0.9764 0.2153
vn 0.0712 0.7995 0.5964
vn -0.0327 0.692 0.7211
vn 0.0081 0.9886 0.1505
vn 0.1492 0.8661 0.4769
vn 0.0213 0.9937 0.1094
vn 0.202 0.905 0.3743
vn 0.0294 0.9964 0.0797
vn 0.238 0.9283 0.2855
vn 0.0345 0.9978 0.0561
vn 0.2623 0.9426 0.2067
vn 0.0377 0.9986 0.0359
vn 0.2781 0.951 0.1345
vn 0.0395 0.9991 0.0175
vn 0.2871 0.9556 0.0663
vn 0.0401 0.9992 0
vn 0.2901 0.957 0
vn 0.0395 0.9991 -0.0175
vn 0.2871 0.9556 -0.0663
vn 0.0377 0.9986 -0.0359
vn 0.2781 0.951 -0.1345
vn 0.0345 0.9978 -0.0561
vn 0.2623 0.9426 -0.2067
vn 0.0294 0.9964 -0.0797
vn 0.238 0.9283 -0.2855
vn 0.0213 0.9937 -0.1094
vn 0.202 0.905 -0.3743
vn 0.0081 0.9886 -0.1505
vn 0.1492 0.8661 -0.4769
vn -0.016 0.9764 -0.2153
vn 0.0712 0.7995 -0.5964
vn -0.0668 0.943 -0.3261
vn -0.0327 0.692 -0.7211
vn -0.0987 0.9708 -0.2184
vn -0.1147 0.8827 -0.4556
vn -0.1476 0.9738 -0.1725
vn -0.1681 0.9126 -0.3727
vn -0.1631 0.978 -0.1298
vn -0.2062 0.9335 -0.2931
vn -0.1703 0.981 -0.0932
vn -0.2312 0.947 -0.2231
vn -0.1723 0.983 -0.0631
vn -0.2471 0.9555 -0.1608
vn -0.1716 0.9844 -0.0385
vn -0.257 0.9608 -0.1043
vn -0.17 0.9853 -0.0183
vn -0.2626 0.9635 -0.0515
vn -0.1692 0.9856 0
vn -0.2644 0.9644 0
vn -0.17 0.9853 0.0183
vn -0.2626 0.9635 0.0515
vn -0.1716 0.9844 0.0385
vn -0.257 0.9608 0.1043
vn -0.1722 0.983 0.0631
vn -0.2471 0.9555 0.1608
vn -0.1703 0.981 0.0932
vn -0.2311 0.947 0.2231
vn -0.1631 0.978 0.1298
vn -0.2062 0.9335 0.2931
vn -0.1476 0.9738 0.1725
vn -0.1681 0.9126 0.3727
vn -0.0668 0.943 0.3261
vn -0.1147 0.8827 0.4556
vn -0.0987 0.9708 0.2184
vn -0.5108 0.4193 0.7505
vn -0.5542 0.0197 0.8321
vn -0.706 0.0239 0.7078
vn -0.262 0.7088 0.6549
vn -0.139 0.6171 0.7745
vn -0.1876 0.3502 0.9177
vn -0.2231 0.7957 0.563
vn -0.1271 0.7248 0.6771
vn -0.139 0.6171 0.7745
vn 0.0152 0.2047 0.9787
vn 0.0195 0.0582 0.9981
vn -0.1271 0.7248 0.6771
vn 0.0001 0.3912 0.9203
vn -0.0327 0.692 0.7211
vn -0.3499 0.7626 0.5441
vn -0.3621 0.3929 0.8452
vn -0.2912 0.8395 0.4587
vn -0.4183 0.7972 0.4353
vn -0.5108 0.4193 0.7505
vn -0.341 0.8684 0.36
vn -0.4706 0.8192 0.3276
vn -0.6399 0.4367 0.6323
vn -0.3767 0.8873 0.2662
vn -0.5084 0.8326 0.2195
vn -0.7454 0.4478 0.4938
vn -0.4008 0.8991 0.1758
vn -0.5317 0.8397 0.1101
vn -0.8238 0.4546 0.3388
vn -0.415 0.9056 0.0874
vn -0.5396 0.8419 0
vn -0.8719 0.4584 0.1722
vn -0.4197 0.9077 0
vn -0.8881 0.4596 0
vn -0.8719 0.4584 -0.1722
vn -0.5317 0.8397 -0.1101
vn -0.415 0.9056 -0.0874
vn -0.8238 0.4546 -0.3388
vn -0.5084 0.8326 -0.2195
vn -0.4008 0.8991 -0.1758
vn -0.7454 0.4478 -0.4938
vn -0.4706 0.8192 -0.3276
vn -0.3767 0.8873 -0.2662
vn -0.6399 0.4367 -0.6323
vn -0.4182 0.7972 -0.4353
vn -0.341 0.8684 -0.36
vn -0.5108 0.4193 -0.7505
vn -0.3499 0.7626 -0.5441
vn -0.2913 0.8395 -0.4587
vn -0.3621 0.3929 -0.8452
vn -0.262 0.7088 -0.6549
vn -0.2231 0.7957 -0.563
vn -0.1876 0.3502 -0.9177
vn -0.139 0.6171 -0.7745
vn -0.1271 0.7248 -0.6771
vn -0.139 0.6171 -0.7745
vn -0.1876 0.3502 -0.9177
vn 0.0195 0.0582 -0.9981
vn -0.1271 0.7248 -0.6771
vn 0.0152 0.2047 -0.9787
vn -0.0327 0.692 -0.7211
vn -0.1147 0.8827 -0.4556
vn 0.1906 0.2884 -0.9384
vn 0.1518 0.5243 -0.8379
vn 0.0001 0.3912 -0.9203
vn 0.0001 0.3912 -0.9203
vn 0.3579 0.3622 -0.8607
vn 0.2023 0.0827 -0.9758
vn 0.2821 0.625 -0.7278
vn 0.1518 0.5243 -0.8379
vn 0.5033 0.4216 -0.7542
vn 0.3872 0.1071 -0.9157
vn 0.3835 0.6958 -0.6072
vn 0.2821 0.625 -0.7278
vn 0.3579 0.3622 -0.8607
vn 0.6239 0.4677 -0.626
vn 0.5033 0.4216 -0.7542
vn 0.5562 0.1284 -0.821
vn 0.4598 0.7447 -0.4837
vn 0.5033 0.4216 -0.7542
vn 0.7182 0.5018 -0.482
vn 0.7031 0.1462 -0.6958
vn 0.515 0.7776 -0.3607
vn 0.6239 0.4677 -0.626
vn 0.7856 0.5252 -0.327
vn 0.8229 0.1602 -0.5451
vn 0.5522 0.7986 -0.2392
vn 0.7182 0.5018 -0.482
vn 0.826 0.5389 -0.1651
vn 0.9114 0.1702 -0.3746
vn 0.5737 0.8103 -0.1191
vn 0.7856 0.5252 -0.327
vn 0.8395 0.5434 0
vn 0.9657 0.1763 -0.1906
vn 0.5808 0.8141 0
vn 0.826 0.5389 -0.1651
vn 0.9839 0.1784 0
vn 0.9657 0.1763 0.1906
vn 0.8395 0.5434 0
vn 0.826 0.5389 0.1651
vn 0.5737 0.8103 0.1191
vn 0.826 0.5389 0.1651
vn 0.9114 0.1702 0.3746
vn 0.7856 0.5252 0.327
vn 0.5522 0.7986 0.2392
vn 0.7856 0.5252 0.327
vn 0.8229 0.1602 0.5451
vn 0.7182 0.5018 0.482
vn 0.515 0.7776 0.3607
vn 0.7182 0.5018 0.482
vn 0.7031 0.1462 0.6958
vn 0.6239 0.4677 0.626
vn 0.4598 0.7447 0.4837
vn 0.6239 0.4677 0.626
vn 0.5562 0.1284 0.821
vn 0.5033 0.4216 0.7542
vn 0.3835 0.6958 0.6072
vn 0.5033 0.4216 0.7542
vn 0.5562 0.1284 0.821
vn 0.3872 0.1071 0.9157
vn 0.3579 0.3622 0.8607
vn 0.2821 0.625 0.7278
vn 0.3579 0.3622 0.8607
vn 0.2023 0.0827 0.9758
vn 0.2821 0.625 0.7278
vn 0.1906 0.2884 0.9384
vn 0.1518 0.5243 0.8379
vn 0.1518 0.5243 0.8379
vn 0.0001 0.3912 0.9203
vn -0.3766 0.1418 0.9155
vn -0.544 0.1867 0.818
vn -0.5492 0.0993 0.8298
vn -0.8719 0.4584 0.1722
vn -0.9802 0.0315 0.1953
vn -0.9995 0.0321 0
vn -0.8306 0.0274 -0.5562
vn -0.706 0.0239 -0.7078
vn -0.6399 0.4367 -0.6323
vn -0.1797 0.0092 -0.9837
vn 0.0125 0.0081 -0.9999
vn 0.5545 0.0207 -0.8319
vn 0.7062 0.0242 -0.7076
vn 0.8307 0.027 0.556
vn 0.7062 0.0242 0.7076
vn 0.9803 0.0305 -0.1953
vn 0.9995 0.0309 0
vn 0.0125 0.0081 0.9999
vn -0.1797 0.0092 0.9837
vn -0.1876 0.3502 0.9177
vn -0.6399 0.4367 0.6323
vn -0.8306 0.0274 0.5562
vn -0.9802 0.0315 -0.1953
vn -0.8719 0.4584 -0.1722
vn -0.5542 0.0197 -0.8321
vn -0.5108 0.4193 -0.7505
vn 0.9803 0.0305 0.1953
vn 0.8307 0.027 -0.556
vn 0.5545 0.0207 0.8319
vn 0.1937 0.0123 -0.981
vn -0.3811 0.0148 0.9244
vn -0.7454 0.4478 0.4938
vn -0.9232 0.0299 0.3831
vn -0.9232 0.0299 -0.3831
vn -0.8238 0.4546 -0.3388
vn -0.5542 0.0197 -0.8321
vn -0.3811 0.0148 -0.9244
vn -0.3621 0.3929 -0.8452
vn 0.5545 0.0207 0.8319
vn 0.3814 0.0167 0.9242
vn 0.3814 0.0167 -0.9242
vn 0.9233 0.0292 0.383
vn 0.9233 0.0292 -0.383
vn -0.3621 0.3929 0.8452
vn -0.5542 0.0197 0.8321
vn -0.8238 0.4546 0.3388
vn -0.7454 0.4478 -0.4938
vn 0.1937 0.0123 0.981
vn 0.5545 0.0207 -0.8319
vn 0.5562 0.1284 -0.821
vn -0.371 0.2011 0.9066
vn -0.5329 0.2633 0.8042
vn -0.8869 0.2785 0.3684
vn -0.9379 0.2922 0.1871
vn -0.9681 0.1586 0.1936
vn -0.9125 0.1508 -0.3801
vn -0.8869 0.2785 -0.3684
vn -0.8029 0.2561 -0.5383
vn -0.3771 0.0748 -0.9232
vn -0.3766 0.1418 -0.9155
vn -0.1781 0.0884 -0.98
vn 0.89 0.2669 -0.3695
vn 0.942 0.278 -0.1878
vn 0.9694 0.1509 -0.1936
vn 0.9135 0.1445 0.3801
vn 0.89 0.2669 0.3695
vn 0.8047 0.2486 0.5391
vn 0.3777 0.083 0.9222
vn 0.3761 0.1564 0.9133
vn 0.1917 0.1165 0.9745
vn 0.3761 0.1564 -0.9133
vn 0.5437 0.1925 -0.8169
vn 0.5496 0.1028 -0.829
vn -0.1781 0.0884 0.98
vn -0.3771 0.0748 0.9232
vn -0.8029 0.2561 0.5383
vn -0.9125 0.1508 0.3801
vn -0.9681 0.1586 -0.1936
vn -0.9379 0.2922 -0.187
vn -0.5492 0.0993 -0.8298
vn -0.544 0.1867 -0.818
vn 0.1917 0.1165 -0.9745
vn 0.3777 0.083 -0.9222
vn 0.8047 0.2486 -0.5391
vn 0.9135 0.1445 -0.3801
vn 0.9694 0.1509 0.1936
vn 0.942 0.278 0.1878
vn 0.5496 0.1028 0.829
vn 0.5437 0.1925 0.8169
vn 0.0118 0.0776 0.9969
vn -0.1756 0.046 0.9834
vn -0.6876 0.2252 0.6902
vn -0.8219 0.138 0.5527
vn -0.9869 0.1613 0
vn -0.955 0.2967 0
vn -0.6993 0.1206 -0.7046
vn -0.6876 0.2252 -0.6902
vn -0.544 0.1867 -0.818
vn 0.0118 0.0776 -0.9969
vn 0.1906 0.0615 -0.9797
vn 0.6881 0.2236 -0.6903
vn 0.8226 0.1341 -0.5525
vn 0.9882 0.1531 0
vn 0.9595 0.2817 0
vn 0.6999 0.1201 0.7041
vn 0.6881 0.2236 0.6903
vn 0.5437 0.1925 0.8169
vn -0.544 0.1867 0.818
vn -0.6993 0.1206 0.7046
vn -0.8219 0.138 -0.5527
vn -0.1756 0.046 -0.9834
vn 0.8226 0.1341 0.5525
vn 0.1906 0.0615 0.9797
vn 0.5437 0.1925 -0.8169
vn 0.6999 0.1201 -0.7041
vn -0.3893 0.1331 0.9114
vn -0.5553 0.1703 0.814
vn -0.852 0.3851 0.3546
vn -0.8977 0.4024 0.1794
vn -0.852 0.3851 -0.3546
vn -0.7757 0.3561 -0.5211
vn -0.371 0.2011 -0.9066
vn -0.1752 0.1252 -0.9765
vn 0.8578 0.37 0.3567
vn 0.7789 0.3463 0.5228
vn 0.3699 0.2216 0.9022
vn 0.1887 0.1658 0.9679
vn 0.3699 0.2216 -0.9022
vn 0.5322 0.2713 -0.802
vn 0.8578 0.37 -0.3567
vn 0.9053 0.3843 -0.1807
vn -0.1752 0.1252 0.9765
vn -0.7757 0.3561 0.5211
vn -0.8977 0.4024 -0.1794
vn -0.5329 0.2633 -0.8042
vn 0.7789 0.3463 -0.5228
vn 0.9053 0.3843 0.1807
vn 0.5322 0.2713 0.802
vn 0.1887 0.1658 -0.9679
vn 0.0103 0.1107 0.9938
vn -0.6688 0.3153 0.6732
vn -0.9129 0.4081 0
vn -0.6688 0.3153 -0.6732
vn -0.5329 0.2633 -0.8042
vn 0.0103 0.1107 -0.9938
vn 0.6697 0.3132 -0.6733
vn 0.9212 0.389 0
vn 0.6697 0.3132 0.6733
vn 0.5322 0.2713 0.802
vn -0.5329 0.2633 0.8042
vn 0.5322 0.2713 -0.802
vn -0.2814 -0.6805 0.6765
vn -0.4088 -0.6788 0.61
vn -0.8979 0.242 0.3677
vn -0.9495 0.2522 0.1868
vn -0.8979 0.242 -0.3677
vn -0.8134 0.225 -0.5364
vn -0.3893 0.1331 -0.9114
vn -0.1944 0.088 -0.977
vn 0.3869 0.1438 0.9109
vn 0.2034 0.1096 0.9729
vn 0.3869 0.1438 -0.9109
vn 0.5535 0.1738 -0.8145
vn 0.8997 0.2326 -0.3692
vn 0.9521 0.2411 -0.1877
vn 0.8997 0.2326 0.3692
vn 0.814 0.2185 0.5381
vn -0.1944 0.088 0.977
vn -0.8134 0.225 0.5364
vn -0.9495 0.2522 -0.1868
vn -0.5553 0.1703 -0.814
vn 0.9521 0.2411 0.1877
vn 0.5535 0.1738 0.8145
vn 0.2034 0.1096 -0.9729
vn 0.814 0.2185 -0.5381
vn 0.0224 0.0747 0.9969
vn -0.6981 0.2011 0.6872
vn -0.9668 0.2555 0
vn -0.6981 0.2011 -0.6872
vn -0.5553 0.1703 -0.814
vn 0.6974 0.1989 -0.6885
vn 0.9698 0.2439 0
vn 0.6974 0.1989 0.6885
vn 0.5535 0.1738 0.8145
vn 0.0224 0.0747 -0.9969
vn -0.5553 0.1703 0.814
vn 0.5535 0.1738 -0.8145
vn 0.0109 -0.6857 -0.7278
vn -0.1344 -0.6796 0.7211
vn 0.0109 -0.6857 0.7278
vn -0.6816 -0.6753 0.2818
vn -0.7239 -0.6747 0.1437
vn -0.6816 -0.6753 -0.2818
vn -0.6129 -0.6762 -0.4087
vn -0.2814 -0.6805 -0.6765
vn -0.1344 -0.6796 -0.7211
vn 0.2815 -0.6799 -0.6771
vn 0.4088 -0.6785 -0.6103
vn 0.6813 -0.6755 -0.2818
vn 0.7236 -0.6751 -0.1437
vn 0.6813 -0.6755 0.2818
vn 0.6128 -0.6763 0.4088
vn 0.2815 -0.6799 0.6771
vn 0.1437 -0.6814 0.7176
vn -0.1344 -0.6796 0.7211
vn -0.6129 -0.6762 0.4087
vn -0.7239 -0.6747 -0.1437
vn -0.4088 -0.6788 -0.61
vn 0.4088 -0.6785 0.6103
vn 0.1437 -0.6814 -0.7176
vn 0.6128 -0.6763 -0.4088
vn 0.7236 -0.6751 0.1437
vn 0.0109 -0.6857 0.7278
vn -0.5208 -0.6774 0.5195
vn -0.7382 -0.6745 0
vn -0.5208 -0.6774 -0.5195
vn -0.4088 -0.6788 -0.61
vn 0.7379 -0.6749 0
vn 0.5207 -0.6773 0.5197
vn 0.4088 -0.6785 0.6103
vn 0.0109 -0.6857 -0.7278
vn 0.5207 -0.6773 -0.5197
vn -0.4088 -0.6788 0.61
vn 0.4088 -0.6785 -0.6103
vn 0.5496 0.1028 -0.829
vn 0.0099 0.0407 0.9991
vn 0.0099 0.0407 -0.9991
vn -0.5492 0.0993 0.8298
vn 0.5496 0.1028 0.829
vn -0.5492 0.0993 -0.8298
vn -0.9321 0.3408 -0.1227
vn -0.9401 0.3408 0
vn -1 0 0
vn -0.6639 0.7427 -0.0874
vn -0.6696 0.7427 0
vn -0.0168 0.9998 -0.0022
vn -0.0169 0.9998 0
vn -0.6696 0.7427 0
vn 0.65 0.7551 0.0856
vn 0.6556 0.7551 0
vn 0.9302 0.3459 0.1225
vn 0.9383 0.3459 0
vn 0.6556 0.7551 0
vn 0.9914 0 0.1305
vn 1 0 0
vn 0.9302 -0.3459 0.1224
vn 0.9383 -0.3459 0
vn 0.65 -0.7551 0.0856
vn 0.6556 -0.7551 0
vn -0.0168 -0.9998 -0.0022
vn -0.0169 -0.9998 0
vn 0.6556 -0.7551 0
vn -0.6639 -0.7427 -0.0874
vn -0.6696 -0.7427 0
vn -0.6639 -0.7427 -0.0874
vn -0.9321 -0.3408 -0.1227
vn -0.9401 -0.3408 0
vn -0.9914 0 -0.1305
vn -0.9659 0 -0.2588
vn -0.9081 0.3408 -0.2433
vn -0.6468 0.7427 -0.1733
vn -0.6468 0.7427 -0.1733
vn -0.0164 0.9998 -0.0044
vn 0.6333 0.7551 0.1697
vn 0.6333 0.7551 0.1697
vn 0.9063 0.3459 0.2428
vn 0.9659 0 0.2588
vn 0.9063 -0.3459 0.2428
vn 0.6333 -0.7551 0.1697
vn 0.6333 -0.7551 0.1697
vn -0.0164 -0.9998 -0.0044
vn -0.6468 -0.7427 -0.1733
vn -0.9081 -0.3408 -0.2433
vn -0.8686 0.3408 -0.3598
vn -0.6187 0.7427 -0.2563
vn -0.0157 0.9998 -0.0065
vn 0.6057 0.7551 0.2509
vn 0.6057 0.7551 0.2509
vn 0.8668 0.3459 0.3591
vn 0.9239 0 0.3827
vn 0.8668 -0.3459 0.3591
vn 0.6057 -0.7551 0.2509
vn -0.0157 -0.9998 -0.0065
vn -0.6187 -0.7427 -0.2563
vn -0.8686 -0.3408 -0.3598
vn -0.6468 -0.7427 -0.1733
vn -0.9239 0 -0.3827
vn -0.8142 0.3408 -0.47
vn -0.5799 0.7427 -0.3348
vn -0.5799 0.7427 -0.3348
vn -0.0147 0.9998 -0.0085
vn 0.5678 0.7551 0.3278
vn 0.8126 0.3459 0.4691
vn 0.866 0 0.5
vn 0.8126 -0.3459 0.4691
vn 0.5678 -0.7551 0.3278
vn 0.5678 -0.7551 0.3278
vn -0.0147 -0.9998 -0.0085
vn -0.5799 -0.7427 -0.3348
vn -0.8142 -0.3408 -0.47
vn -0.6187 -0.7427 -0.2563
vn -0.866 0 -0.5
vn -0.7933 0 -0.6088
vn -0.7458 0.3408 -0.5723
vn -0.5313 0.7427 -0.4076
vn -0.5313 0.7427 -0.4076
vn -0.0134 0.9998 -0.0103
vn 0.5201 0.7551 0.3991
vn 0.5201 0.7551 0.3991
vn 0.7444 0.3459 0.5712
vn 0.7933 0 0.6088
vn 0.7444 -0.3459 0.5712
vn 0.5201 -0.7551 0.3991
vn 0.8126 -0.3459 0.4691
vn -0.0134 -0.9998 -0.0103
vn -0.5313 -0.7427 -0.4076
vn -0.7458 -0.3408 -0.5723
vn -0.5799 -0.7427 -0.3348
vn -0.7071 0 -0.7071
vn -0.6648 0.3408 -0.6648
vn -0.6648 0.3408 -0.6648
vn -0.4735 0.7427 -0.4735
vn -0.012 0.9998 -0.012
vn 0.4636 0.7551 0.4636
vn 0.4636 0.7551 0.4636
vn 0.6634 0.3459 0.6634
vn 0.7071 0 0.7071
vn 0.6634 -0.3459 0.6634
vn 0.6634 -0.3459 0.6634
vn 0.4636 -0.7551 0.4636
vn -0.012 -0.9998 -0.012
vn -0.4735 -0.7427 -0.4735
vn -0.6648 -0.3408 -0.6648
vn -0.5313 -0.7427 -0.4076
vn -0.5723 0.3408 -0.7458
vn -0.4076 0.7427 -0.5313
vn -0.0103 0.9998 -0.0134
vn 0.3991 0.7551 0.5201
vn 0.3991 0.7551 0.5201
vn 0.5712 0.3459 0.7444
vn 0.6088 0 0.7933
vn 0.5712 -0.3459 0.7444
vn 0.5712 -0.3459 0.7444
vn 0.3991 -0.7551 0.5201
vn -0.0103 -0.9998 -0.0134
vn -0.4076 -0.7427 -0.5313
vn -0.5723 -0.3408 -0.7458
vn -0.6648 -0.3408 -0.6648
vn -0.5723 -0.3408 -0.7458
vn -0.6088 0 -0.7933
vn -0.47 0.3408 -0.8142
vn -0.5723 0.3408 -0.7458
vn -0.6088 0 -0.7933
vn -0.3348 0.7427 -0.5799
vn -0.5723 0.3408 -0.7458
vn -0.0085 0.9998 -0.0147
vn 0.3278 0.7551 0.5678
vn 0.4691 0.3459 0.8126
vn 0.5712 0.3459 0.7444
vn 0.4691 0.3459 0.8126
vn 0.5 0 0.866
vn 0.6088 0 0.7933
vn 0.4691 -0.3459 0.8126
vn 0.5712 -0.3459 0.7444
vn 0.4691 -0.3459 0.8126
vn 0.3278 -0.7551 0.5678
vn -0.0085 -0.9998 -0.0147
vn -0.3348 -0.7427 -0.5799
vn -0.47 -0.3408 -0.8142
vn -0.47 -0.3408 -0.8142
vn -0.5 0 -0.866
vn -0.3598 0.3408 -0.8686
vn -0.2563 0.7427 -0.6187
vn -0.47 0.3408 -0.8142
vn -0.0065 0.9998 -0.0157
vn 0.2509 0.7551 0.6057
vn 0.2509 0.7551 0.6057
vn 0.3591 0.3459 0.8668
vn 0.3827 0 0.9239
vn 0.3591 -0.3459 0.8668
vn 0.3591 -0.3459 0.8668
vn 0.2509 -0.7551 0.6057
vn -0.0065 -0.9998 -0.0157
vn -0.2563 -0.7427 -0.6187
vn -0.3598 -0.3408 -0.8686
vn -0.3827 0 -0.9239
vn -0.2588 0 -0.9659
vn -0.2433 0.3408 -0.9081
vn -0.1733 0.7427 -0.6468
vn -0.2563 0.7427 -0.6187
vn -0.0044 0.9998 -0.0164
vn 0.1697 0.7551 0.6333
vn 0.2428 0.3459 0.9063
vn 0.2588 0 0.9659
vn 0.2428 -0.3459 0.9063
vn 0.1697 -0.7551 0.6333
vn -0.0044 -0.9998 -0.0164
vn -0.1733 -0.7427 -0.6468
vn -0.2433 -0.3408 -0.9081
vn -0.3598 -0.3408 -0.8686
vn -0.1412 0 -0.99
vn -0.131 0.3422 -0.9304
vn -0.0906 0.7438 -0.6623
vn -0.0023 0.9998 -0.0165
vn -0.1733 0.7427 -0.6468
vn 0.0835 0.756 0.6492
vn 0.0835 0.756 0.6492
vn 0.1157 0.3473 0.9306
vn 0.1214 0 0.9926
vn 0.1157 -0.3473 0.9306
vn 0.1157 -0.3473 0.9306
vn 0.0835 -0.756 0.6492
vn -0.0023 -0.9998 -0.0165
vn -0.0906 -0.7438 -0.6623
vn -0.131 -0.3422 -0.9304
vn -0.2433 -0.3408 -0.9081
vn -0.0101 0.4942 -0.8693
vn -0.0051 0.8604 -0.5096
vn -0.0906 0.7438 -0.6623
vn -0.131 0.3422 -0.9304
vn -0.0016 0.9999 -0.0109
vn -0.0039 0.8699 0.4932
vn -0.0087 0.5036 0.8639
vn 0.1157 0.3473 0.9306
vn -0.0087 0.5036 0.8639
vn -0.0107 0 0.9999
vn -0.0087 -0.5036 0.8639
vn -0.0039 -0.8699 0.4932
vn -0.0016 -0.9999 -0.0109
vn -0.0051 -0.8604 -0.5096
vn -0.0101 -0.4942 -0.8693
vn -0.0101 -0.4942 -0.8693
vn -0.0122 0 -0.9999
vn 0.1134 0.4954 -0.8612
vn 0.1134 0.4954 -0.8612
vn 0.0663 0.8614 -0.5036
vn 0.0014 0.9999 -0.0107
vn -0.0642 0.8707 0.4876
vn -0.1127 0.5047 0.8559
vn -0.1305 0 0.9914
vn -0.1127 -0.5047 0.8559
vn -0.1127 -0.5047 0.8559
vn -0.0642 -0.8707 0.4876
vn 0.0014 -0.9999 -0.0107
vn 0.0663 -0.8614 -0.5036
vn 0.1134 -0.4954 -0.8612
vn 0.1305 0 -0.9914
vn 0.2248 0.4954 -0.839
vn 0.2248 0.4954 -0.839
vn 0.1315 0.8614 -0.4907
vn 0.0028 0.9999 -0.0104
vn -0.1273 0.8707 0.4751
vn -0.2234 0.5047 0.8339
vn -0.2234 0.5047 0.8339
vn -0.2588 0 0.9659
vn -0.2234 -0.5047 0.8339
vn -0.1273 -0.8707 0.4751
vn 0.0028 -0.9999 -0.0104
vn 0.1315 -0.8614 -0.4907
vn 0.2248 -0.4954 -0.839
vn 0.2588 0 -0.9659
vn 0.1134 -0.4954 -0.8612
vn 0.3324 0.4954 -0.8025
vn 0.1944 0.8614 -0.4693
vn 0.0041 0.9999 -0.0099
vn -0.1882 0.8707 0.4544
vn -0.3304 0.5047 0.7975
vn -0.3304 0.5047 0.7975
vn -0.3827 0 0.9239
vn -0.3304 -0.5047 0.7975
vn -0.3304 -0.5047 0.7975
vn -0.1882 -0.8707 0.4544
vn 0.0041 -0.9999 -0.0099
vn 0.1944 -0.8614 -0.4693
vn 0.3324 -0.4954 -0.8025
vn 0.3324 -0.4954 -0.8025
vn 0.3827 0 -0.9239
vn 0.5 0 -0.866
vn 0.4343 0.4954 -0.7523
vn 0.4343 0.4954 -0.7523
vn 0.254 0.8614 -0.4399
vn 0.0054 0.9999 -0.0093
vn -0.2459 0.8707 0.4259
vn -0.4316 0.5047 0.7476
vn -0.4316 0.5047 0.7476
vn -0.5 0 0.866
vn -0.4316 -0.5047 0.7476
vn -0.4316 -0.5047 0.7476
vn -0.2459 -0.8707 0.4259
vn 0.0054 -0.9999 -0.0093
vn 0.254 -0.8614 -0.4399
vn 0.4343 -0.4954 -0.7523
vn 0.5288 0.4954 -0.6891
vn 0.5288 0.4954 -0.6891
vn 0.3092 0.8614 -0.403
vn 0.0066 0.9999 -0.0085
vn -0.2994 0.8707 0.3902
vn -0.5255 0.5047 0.6849
vn -0.5255 0.5047 0.6849
vn -0.6088 0 0.7933
vn -0.5255 -0.5047 0.6849
vn -0.5255 -0.5047 0.6849
vn -0.2994 -0.8707 0.3902
vn 0.0066 -0.9999 -0.0085
vn 0.3092 -0.8614 -0.403
vn 0.5288 -0.4954 -0.6891
vn 0.5288 -0.4954 -0.6891
vn 0.6088 0 -0.7933
vn 0.6142 0.4954 -0.6142
vn 0.5288 0.4954 -0.6891
vn 0.6088 0 -0.7933
vn 0.6142 0.4954 -0.6142
vn 0.3592 0.8614 -0.3592
vn 0.0076 0.9999 -0.0076
vn -0.3478 0.8707 0.3478
vn -0.6104 0.5047 0.6104
vn -0.6104 0.5047 0.6104
vn -0.7071 0 0.7071
vn -0.6088 0 0.7933
vn -0.6104 -0.5047 0.6104
vn -0.5255 -0.5047 0.6849
vn -0.6104 -0.5047 0.6104
vn -0.3478 -0.8707 0.3478
vn 0.0076 -0.9999 -0.0076
vn 0.3592 -0.8614 -0.3592
vn 0.6142 -0.4954 -0.6142
vn 0.6142 -0.4954 -0.6142
vn 0.7071 0 -0.7071
vn 0.7933 0 -0.6088
vn 0.6891 0.4954 -0.5288
vn 0.6891 0.4954 -0.5288
vn 0.403 0.8614 -0.3092
vn 0.0085 0.9999 -0.0066
vn -0.3902 0.8707 0.2994
vn -0.6849 0.5047 0.5255
vn -0.7933 0 0.6088
vn -0.6849 -0.5047 0.5255
vn -0.6849 -0.5047 0.5255
vn -0.3902 -0.8707 0.2994
vn 0.0085 -0.9999 -0.0066
vn 0.403 -0.8614 -0.3092
vn 0.6891 -0.4954 -0.5288
vn 0.6891 -0.4954 -0.5288
vn 0.866 0 -0.5
vn 0.7523 0.4954 -0.4343
vn 0.4399 0.8614 -0.254
vn 0.0093 0.9999 -0.0054
vn -0.4259 0.8707 0.2459
vn -0.7476 0.5047 0.4316
vn -0.7476 0.5047 0.4316
vn -0.866 0 0.5
vn -0.7476 -0.5047 0.4316
vn -0.4259 -0.8707 0.2459
vn 0.0093 -0.9999 -0.0054
vn 0.4399 -0.8614 -0.254
vn 0.7523 -0.4954 -0.4343
vn 0.9239 0 -0.3827
vn 0.8025 0.4954 -0.3324
vn 0.8025 0.4954 -0.3324
vn 0.4693 0.8614 -0.1944
vn 0.0099 0.9999 -0.0041
vn -0.4544 0.8707 0.1882
vn -0.7975 0.5047 0.3304
vn -0.9239 0 0.3827
vn -0.7975 -0.5047 0.3304
vn -0.7975 -0.5047 0.3304
vn -0.4544 -0.8707 0.1882
vn 0.0099 -0.9999 -0.0041
vn 0.4693 -0.8614 -0.1944
vn 0.8025 -0.4954 -0.3324
vn 0.8025 -0.4954 -0.3324
vn 0.839 0.4954 -0.2248
vn 0.4907 0.8614 -0.1315
vn 0.0104 0.9999 -0.0028
vn -0.4751 0.8707 0.1273
vn -0.8339 0.5047 0.2234
vn -0.8339 0.5047 0.2234
vn -0.9659 0 0.2588
vn -0.8339 -0.5047 0.2234
vn -0.8339 -0.5047 0.2234
vn -0.4751 -0.8707 0.1273
vn 0.0104 -0.9999 -0.0028
vn 0.4907 -0.8614 -0.1315
vn 0.839 -0.4954 -0.2248
vn 0.839 -0.4954 -0.2248
vn 0.9659 0 -0.2588
vn 0.9914 0 -0.1305
vn 0.8612 0.4954 -0.1134
vn 0.5036 0.8614 -0.0663
vn 0.839 0.4954 -0.2248
vn 0.0107 0.9999 -0.0014
vn -0.4876 0.8707 0.0642
vn -0.8559 0.5047 0.1127
vn -0.9914 0 0.1305
vn -0.8559 -0.5047 0.1127
vn -0.8559 -0.5047 0.1127
vn -0.4876 -0.8707 0.0642
vn 0.0107 -0.9999 -0.0014
vn 0.5036 -0.8614 -0.0663
vn 0.8612 -0.4954 -0.1134
vn 0.8612 -0.4954 -0.1134
vn 1 0 0
vn 0.8686 0.4954 0
vn 0.8686 0.4954 0
vn 0.508 0.8614 0
vn 0.0108 0.9999 0
vn -0.4918 0.8707 0
vn -0.8633 0.5047 0
vn -0.8633 0.5047 0
vn -1 0 0
vn -0.8633 -0.5047 0
vn -0.4918 -0.8707 0
vn 0.0108 -0.9999 0
vn 0.508 -0.8614 0
vn 0.8686 -0.4954 0
vn 0.8612 0.4954 0.1134
vn 0.5036 0.8614 0.0663
vn 0.0107 0.9999 0.0014
vn -0.4876 0.8707 -0.0642
vn -0.8559 0.5047 -0.1127
vn -0.9914 0 -0.1305
vn -0.8559 -0.5047 -0.1127
vn -0.8559 -0.5047 -0.1127
vn -0.4876 -0.8707 -0.0642
vn 0.0107 -0.9999 0.0014
vn 0.5036 -0.8614 0.0663
vn 0.8612 -0.4954 0.1134
vn 0.8612 -0.4954 0.1134
vn 0.9914 0 0.1305
vn 0.9659 0 0.2588
vn 0.839 0.4954 0.2248
vn 0.839 0.4954 0.2248
vn 0.4907 0.8614 0.1315
vn 0.0104 0.9999 0.0028
vn -0.4751 0.8707 -0.1273
vn -0.8339 0.5047 -0.2234
vn -0.8339 0.5047 -0.2234
vn -0.9659 0 -0.2588
vn -0.8339 -0.5047 -0.2234
vn -0.4751 -0.8707 -0.1273
vn 0.0104 -0.9999 0.0028
vn 0.4907 -0.8614 0.1315
vn 0.839 -0.4954 0.2248
vn 0.9239 0 0.3827
vn 0.8025 0.4954 0.3324
vn 0.4693 0.8614 0.1944
vn 0.0099 0.9999 0.0041
vn -0.4544 0.8707 -0.1882
vn -0.7975 0.5047 -0.3304
vn -0.9239 0 -0.3827
vn -0.7975 -0.5047 -0.3303
vn -0.4544 -0.8707 -0.1882
vn -0.8339 -0.5047 -0.2234
vn 0.0099 -0.9999 0.0041
vn 0.4693 -0.8614 0.1944
vn 0.8025 -0.4954 0.3324
vn 0.839 -0.4954 0.2248
vn 0.866 0 0.5
vn 0.7523 0.4954 0.4343
vn 0.7523 0.4954 0.4343
vn 0.4399 0.8614 0.254
vn 0.0093 0.9999 0.0054
vn -0.4259 0.8707 -0.2459
vn -0.7476 0.5047 -0.4316
vn -0.7476 0.5047 -0.4316
vn -0.866 0 -0.5
vn -0.7476 -0.5047 -0.4316
vn -0.7476 -0.5047 -0.4316
vn -0.4259 -0.8707 -0.2459
vn 0.0093 -0.9999 0.0054
vn 0.4399 -0.8614 0.254
vn 0.7523 -0.4954 0.4343
vn 0.8025 -0.4954 0.3324
vn 0.6891 0.4954 0.5288
vn 0.6891 0.4954 0.5288
vn 0.403 0.8614 0.3092
vn 0.0085 0.9999 0.0066
vn -0.3902 0.8707 -0.2994
vn -0.6849 0.5047 -0.5255
vn -0.6849 0.5047 -0.5255
vn -0.7933 0 -0.6088
vn -0.6849 -0.5047 -0.5255
vn -0.3902 -0.8707 -0.2994
vn 0.0085 -0.9999 0.0066
vn 0.403 -0.8614 0.3092
vn 0.6891 -0.4954 0.5288
vn 0.6891 -0.4954 0.5288
vn 0.7933 0 0.6088
vn 0.7071 0 0.7071
vn 0.6142 0.4954 0.6142
vn 0.3592 0.8614 0.3592
vn 0.0076 0.9999 0.0076
vn -0.3478 0.8707 -0.3478
vn -0.6104 0.5047 -0.6104
vn -0.6104 0.5047 -0.6104
vn -0.7071 0 -0.7071
vn -0.6104 -0.5047 -0.6104
vn -0.3478 -0.8707 -0.3478
vn -0.6849 -0.5047 -0.5255
vn 0.0076 -0.9999 0.0076
vn 0.3592 -0.8614 0.3592
vn 0.6142 -0.4954 0.6142
vn 0.6142 -0.4954 0.6142
vn 0.5288 0.4954 0.6891
vn 0.5288 0.4954 0.6891
vn 0.3092 0.8614 0.403
vn 0.0066 0.9999 0.0085
vn -0.2994 0.8707 -0.3902
vn -0.5255 0.5047 -0.6849
vn -0.6088 0 -0.7933
vn -0.5255 -0.5047 -0.6849
vn -0.5255 -0.5047 -0.6849
vn -0.2994 -0.8707 -0.3902
vn 0.0066 -0.9999 0.0085
vn 0.3092 -0.8614 0.403
vn 0.5288 -0.4954 0.6891
vn 0.5288 -0.4954 0.6891
vn 0.6088 0 0.7933
vn 0.4343 0.4954 0.7523
vn 0.5288 0.4954 0.6891
vn 0.6088 0 0.7933
vn 0.254 0.8614 0.4399
vn 0.0054 0.9999 0.0093
vn -0.2459 0.8707 -0.4259
vn -0.4316 0.5047 -0.7476
vn -0.5 0 -0.866
vn -0.6088 0 -0.7933
vn -0.5255 0.5047 -0.6849
vn -0.4316 -0.5047 -0.7476
vn -0.5255 -0.5047 -0.6849
vn -0.2459 -0.8707 -0.4259
vn 0.0054 -0.9999 0.0093
vn 0.254 -0.8614 0.4399
vn 0.4343 -0.4954 0.7523
vn 0.5 0 0.866
vn 0.5288 -0.4954 0.6891
vn 0.3827 0 0.9239
vn 0.3324 0.4954 0.8025
vn 0.1944 0.8614 0.4693
vn 0.4343 0.4954 0.7523
vn 0.0041 0.9999 0.0099
vn -0.1882 0.8707 -0.4544
vn -0.3304 0.5047 -0.7975
vn -0.3304 0.5047 -0.7975
vn -0.3827 0 -0.9239
vn -0.3304 -0.5047 -0.7975
vn -0.1882 -0.8707 -0.4544
vn -0.4316 -0.5047 -0.7476
vn 0.0041 -0.9999 0.0099
vn 0.1944 -0.8614 0.4693
vn 0.3324 -0.4954 0.8025
vn 0.3324 -0.4954 0.8025
vn 0.2588 0 0.9659
vn 0.2248 0.4954 0.839
vn 0.2248 0.4954 0.839
vn 0.1315 0.8614 0.4907
vn 0.0028 0.9999 0.0104
vn -0.1273 0.8707 -0.4751
vn -0.2234 0.5047 -0.8339
vn -0.2234 0.5047 -0.8339
vn -0.2588 0 -0.9659
vn -0.2234 -0.5047 -0.8339
vn -0.1273 -0.8707 -0.4751
vn -0.3304 -0.5047 -0.7975
vn 0.0028 -0.9999 0.0104
vn 0.1315 -0.8614 0.4907
vn 0.2248 -0.4954 0.839
vn 0.1305 0 0.9914
vn 0.1134 0.4954 0.8612
vn 0.0663 0.8614 0.5036
vn 0.0014 0.9999 0.0107
vn -0.0642 0.8707 -0.4876
vn -0.1127 0.5047 -0.8559
vn -0.1127 0.5047 -0.8559
vn -0.1305 0 -0.9914
vn -0.1127 -0.5047 -0.8559
vn -0.0642 -0.8707 -0.4876
vn -0.2234 -0.5047 -0.8339
vn 0.0014 -0.9999 0.0107
vn 0.0663 -0.8614 0.5036
vn 0.1134 -0.4954 0.8612
vn 0.2248 -0.4954 0.839
vn -0.0122 0 0.9999
vn -0.0101 0.4942 0.8693
vn -0.0051 0.8604 0.5096
vn 0.1134 0.4954 0.8612
vn -0.0016 0.9999 0.0109
vn -0.0039 0.8699 -0.4932
vn -0.0087 0.5036 -0.8639
vn -0.0087 0.5036 -0.8639
vn -0.0107 0 -0.9999
vn -0.0087 -0.5036 -0.8639
vn -0.0087 -0.5036 -0.8639
vn -0.0039 -0.8699 -0.4932
vn -0.0016 -0.9999 0.0109
vn -0.0051 -0.8604 0.5096
vn -0.0101 -0.4942 0.8693
vn 0.1134 -0.4954 0.8612
vn -0.1412 0 0.99
vn -0.131 0.3422 0.9304
vn -0.131 0.3422 0.9304
vn -0.0906 0.7438 0.6623
vn -0.0023 0.9998 0.0165
vn 0.0835 0.756 -0.6492
vn 0.1157 0.3473 -0.9306
vn 0.1214 0 -0.9926
vn 0.1157 -0.3473 -0.9306
vn 0.1157 -0.3473 -0.9306
vn 0.0835 -0.756 -0.6492
vn -0.0023 -0.9998 0.0165
vn -0.0906 -0.7438 0.6623
vn -0.131 -0.3422 0.9304
vn -0.0101 -0.4942 0.8693
vn -0.2588 0 0.9659
vn -0.2433 0.3408 0.9081
vn -0.1733 0.7427 0.6468
vn -0.0906 0.7438 0.6623
vn -0.1733 0.7427 0.6468
vn -0.0044 0.9998 0.0164
vn 0.1697 0.7551 -0.6333
vn 0.2428 0.3459 -0.9063
vn 0.1157 0.3473 -0.9306
vn 0.0835 0.756 -0.6492
vn 0.2588 0 -0.9659
vn 0.2428 -0.3459 -0.9063
vn 0.1697 -0.7551 -0.6333
vn -0.0044 -0.9998 0.0164
vn -0.1733 -0.7427 0.6468
vn -0.2433 -0.3408 0.9081
vn -0.131 -0.3422 0.9304
vn -0.0906 -0.7438 0.6623
vn -0.3598 0.3408 0.8686
vn -0.2563 0.7427 0.6187
vn -0.2563 0.7427 0.6187
vn -0.0065 0.9998 0.0157
vn 0.2509 0.7551 -0.6057
vn 0.3591 0.3459 -0.8668
vn 0.1697 0.7551 -0.6333
vn 0.3827 0 -0.9239
vn 0.3591 -0.3459 -0.8668
vn 0.3591 -0.3459 -0.8668
vn 0.2509 -0.7551 -0.6057
vn -0.0065 -0.9998 0.0157
vn -0.2563 -0.7427 0.6187
vn -0.3598 -0.3408 0.8686
vn -0.2433 -0.3408 0.9081
vn -0.3827 0 0.9239
vn -0.5 0 0.866
vn -0.47 0.3408 0.8142
vn -0.47 0.3408 0.8142
vn -0.3348 0.7427 0.5799
vn -0.0085 0.9998 0.0147
vn 0.3278 0.7551 -0.5678
vn 0.4691 0.3459 -0.8126
vn 0.2509 0.7551 -0.6057
vn 0.5 0 -0.866
vn 0.4691 -0.3459 -0.8126
vn 0.3278 -0.7551 -0.5678
vn -0.0085 -0.9998 0.0147
vn -0.3348 -0.7427 0.5799
vn -0.47 -0.3408 0.8142
vn -0.3598 -0.3408 0.8686
vn -0.6088 0 0.7933
vn -0.5723 0.3408 0.7458
vn -0.4076 0.7427 0.5313
vn -0.0103 0.9998 0.0134
vn 0.3991 0.7551 -0.5201
vn 0.5712 0.3459 -0.7444
vn 0.4691 0.3459 -0.8126
vn 0.6088 0 -0.7933
vn 0.5712 -0.3459 -0.7444
vn 0.3991 -0.7551 -0.5201
vn 0.4691 -0.3459 -0.8126
vn -0.0103 -0.9998 0.0134
vn -0.4076 -0.7427 0.5313
vn -0.5723 -0.3408 0.7458
vn -0.47 -0.3408 0.8142
vn -0.7071 0 0.7071
vn -0.6648 0.3408 0.6648
vn -0.5723 0.3408 0.7458
vn -0.6648 0.3408 0.6648
vn -0.4735 0.7427 0.4735
vn -0.012 0.9998 0.012
vn 0.4636 0.7551 -0.4636
vn 0.6634 0.3459 -0.6634
vn 0.5712 0.3459 -0.7444
vn 0.3991 0.7551 -0.5201
vn 0.7071 0 -0.7071
vn 0.6088 0 -0.7933
vn 0.6634 -0.3459 -0.6634
vn 0.5712 -0.3459 -0.7444
vn 0.6634 -0.3459 -0.6634
vn 0.4636 -0.7551 -0.4636
vn -0.012 -0.9998 0.012
vn -0.4735 -0.7427 0.4735
vn -0.6648 -0.3408 0.6648
vn -0.6088 0 0.7933
vn -0.5723 -0.3408 0.7458
vn -0.7458 0.3408 0.5723
vn -0.5313 0.7427 0.4076
vn -0.0134 0.9998 0.0103
vn 0.5201 0.7551 -0.3991
vn 0.7444 0.3459 -0.5712
vn 0.4636 0.7551 -0.4636
vn 0.7933 0 -0.6088
vn 0.7444 -0.3459 -0.5712
vn 0.5201 -0.7551 -0.3991
vn -0.0134 -0.9998 0.0103
vn -0.5313 -0.7427 0.4076
vn -0.5313 -0.7427 0.4076
vn -0.7458 -0.3408 0.5723
vn -0.6648 -0.3408 0.6648
vn -0.7933 0 0.6088
vn -0.8142 0.3408 0.47
vn -0.5799 0.7427 0.3348
vn -0.5313 0.7427 0.4076
vn -0.0147 0.9998 0.0085
vn 0.5678 0.7551 -0.3278
vn 0.8126 0.3459 -0.4691
vn 0.5201 0.7551 -0.3991
vn 0.866 0 -0.5
vn 0.8126 -0.3459 -0.4691
vn 0.8126 -0.3459 -0.4691
vn 0.5678 -0.7551 -0.3278
vn -0.0147 -0.9998 0.0085
vn -0.5799 -0.7427 0.3348
vn -0.5799 -0.7427 0.3348
vn -0.8142 -0.3408 0.47
vn -0.866 0 0.5
vn -0.8686 0.3408 0.3598
vn -0.6187 0.7427 0.2563
vn -0.6187 0.7427 0.2563
vn -0.0157 0.9998 0.0065
vn 0.6057 0.7551 -0.2509
vn 0.6057 0.7551 -0.2509
vn 0.8668 0.3459 -0.3591
vn 0.9239 0 -0.3827
vn 0.8668 -0.3459 -0.3591
vn 0.6057 -0.7551 -0.2509
vn 0.5678 -0.7551 -0.3278
vn -0.0157 -0.9998 0.0065
vn -0.6187 -0.7427 0.2563
vn -0.6187 -0.7427 0.2563
vn -0.8686 -0.3408 0.3598
vn -0.9239 0 0.3827
vn -0.9659 0 0.2588
vn -0.9081 0.3408 0.2433
vn -0.6468 0.7427 0.1733
vn -0.0164 0.9998 0.0044
vn 0.6333 0.7551 -0.1697
vn 0.9063 0.3459 -0.2428
vn 0.9659 0 -0.2588
vn 0.9063 -0.3459 -0.2428
vn 0.6333 -0.7551 -0.1697
vn 0.6333 -0.7551 -0.1697
vn -0.0164 -0.9998 0.0044
vn -0.6468 -0.7427 0.1733
vn -0.6468 -0.7427 0.1733
vn -0.9081 -0.3408 0.2433
vn -0.9321 0.3408 0.1227
vn -0.6639 0.7427 0.0874
vn -0.0168 0.9998 0.0022
vn -0.6468 0.7427 0.1733
vn 0.65 0.7551 -0.0856
vn 0.9302 0.3459 -0.1225
vn 0.6333 0.7551 -0.1697
vn 0.9914 0 -0.1305
vn 0.9302 -0.3459 -0.1224
vn 0.65 -0.7551 -0.0856
vn 0.65 -0.7551 -0.0856
vn -0.0168 -0.9998 0.0022
vn -0.6639 -0.7427 0.0874
vn -0.6639 -0.7427 0.0874
vn -0.9321 -0.3408 0.1227
vn -0.9914 0 0.1305
vn -0.1147 0.8827 0.4556
vn 0.5033 0.4216 0.7542
vn -0.8881 0.4596 0
vn -0.5108 0.4193 -0.7505
vn -0.5108 0.4193 0.7505
vn 0.1437 -0.6814 0.7176
vn 0.6128 -0.6763 0.4088
vn 0.2815 -0.6799 0.6771
vn 0.4088 -0.6785 0.6103
vn 0.5207 -0.6773 0.5197
vn 0.6813 -0.6755 0.2818
vn 0.7236 -0.6751 -0.1437
vn 0.6813 -0.6755 -0.2818
vn 0.7379 -0.6749 0
vn 0.7236 -0.6751 0.1437
vn 0.6128 -0.6763 -0.4088
vn 0.5207 -0.6773 -0.5197
vn 0.4088 -0.6785 -0.6103
vn 0.2815 -0.6799 -0.6771
vn 0.1437 -0.6814 -0.7176
vn -0.1344 -0.6796 -0.7211
vn -0.2814 -0.6805 -0.6765
vn -0.4088 -0.6788 -0.61
vn -0.5208 -0.6774 -0.5195
vn -0.6129 -0.6762 -0.4087
vn -0.6816 -0.6753 -0.2818
vn -0.7239 -0.6747 -0.1437
vn -0.7382 -0.6745 0
vn -0.7239 -0.6747 0.1437
vn -0.6816 -0.6753 0.2818
vn -0.6129 -0.6762 0.4087
vn -0.5208 -0.6774 0.5195
vn -0.4088 -0.6788 0.61
vn -0.2814 -0.6805 0.6765
vn -0.6639 0.7427 -0.0874
vn 0.65 0.7551 0.0856
vn 0.65 -0.7551 0.0856
vn -0.6696 -0.7427 0
vn -0.6187 0.7427 -0.2563
vn 0.6057 -0.7551 0.2509
vn 0.5678 0.7551 0.3278
vn 0.7444 -0.3459 0.5712
vn -0.7458 0.3408 -0.5723
vn -0.4735 -0.7427 -0.4735
vn 0.5712 0.3459 0.7444
vn -0.5723 -0.3408 -0.7458
vn -0.3598 0.3408 -0.8686
vn 0.3278 0.7551 0.5678
vn 0.1697 0.7551 0.6333
vn 0.2428 -0.3459 0.9063
vn -0.131 -0.3422 -0.9304
vn -0.0101 0.4942 -0.8693
vn -0.0087 -0.5036 0.8639
vn -0.1127 0.5047 0.8559
vn -0.2234 -0.5047 0.8339
vn 0.2248 -0.4954 -0.839
vn 0.3324 0.4954 -0.8025
vn 0.4343 -0.4954 -0.7523
vn -0.5255 0.5047 0.6849
vn 0.5288 -0.4954 -0.6891
vn -0.6849 0.5047 0.5255
vn 0.7523 0.4954 -0.4343
vn -0.7476 -0.5047 0.4316
vn 0.7523 -0.4954 -0.4343
vn -0.7975 0.5047 0.3304
vn 0.8612 0.4954 -0.1134
vn -0.8559 0.5047 0.1127
vn -0.8633 -0.5047 0
vn 0.8686 -0.4954 0
vn 0.8612 0.4954 0.1134
vn -0.8559 0.5047 -0.1127
vn 0.8025 0.4954 0.3324
vn -0.7975 0.5047 -0.3304
vn -0.7975 -0.5047 -0.3303
vn 0.7523 -0.4954 0.4343
vn 0.6142 0.4954 0.6142
vn -0.6104 -0.5047 -0.6104
vn -0.5255 0.5047 -0.6849
vn -0.4316 0.5047 -0.7476
vn 0.4343 -0.4954 0.7523
vn 0.3324 0.4954 0.8025
vn -0.1127 -0.5047 -0.8559
vn -0.0101 0.4942 0.8693
vn 0.2428 -0.3459 -0.9063
vn -0.1733 -0.7427 0.6468
vn -0.3598 0.3408 0.8686
vn 0.3278 0.7551 -0.5678
vn -0.5723 0.3408 0.7458
vn 0.5712 0.3459 -0.7444
vn 0.5712 -0.3459 -0.7444
vn -0.5723 -0.3408 0.7458
vn -0.7458 0.3408 0.5723
vn 0.7444 -0.3459 -0.5712
vn -0.4735 -0.7427 0.4735
vn -0.5799 0.7427 0.3348
vn 0.5678 0.7551 -0.3278
vn 0.6057 -0.7551 -0.2509
vn -0.6639 0.7427 0.0874
vn 0.65 0.7551 -0.0856
f 14/14/14 13/13/13 12/12/12
f 3/3/3 2/2/2 1/1/1
f 2/2/2 4/4/4 1/1/1
f 2/2/2 5/5/5 4/4/4
f 2/2/2 6/6/6 5/5/5
f 2/2/2 7/7/7 6/6/6
f 2/2/2 8/8/8 7/7/7
f 2/2/2 9/9/9 8/8/8
f 2/2/2 10/10/10 9/9/9
f 2/2/2 11/11/11 10/10/10
f 16/16/16 15/15/15 11/11/11
f 22/22/22 15/15/15 21/21/21
f 3/3/3 17/17/17 2/2/2
f 27/27/27 26/26/26 15/15/15
f 3/3/3 76/76/76 17/17/17
f 3/3/3 95/95/95 76/76/76
f 76/76/76 75/75/75 17/17/17
f 32/32/32 26/26/26 31/31/31
f 33/33/33 26/26/26 32/32/32
f 33/33/33 34/34/34 26/26/26
f 75/75/75 70/70/70 74/74/74
f 76/76/76 70/70/70 75/75/75
f 76/76/76 77/77/77 70/70/70
f 39/39/39 34/34/34 38/38/38
f 40/40/40 34/34/34 39/39/39
f 40/40/40 41/41/41 34/34/34
f 42/42/42 41/41/41 40/40/40
f 43/43/43 41/41/41 42/42/42
f 43/43/43 44/44/44 41/41/41
f 45/45/45 44/44/44 43/43/43
f 46/46/46 44/44/44 45/45/45
f 46/46/46 47/47/47 44/44/44
f 48/48/48 47/47/47 46/46/46
f 48/48/48 49/49/49 47/47/47
f 69/69/69 70/70/70 67/67/67
f 69/69/69 67/67/67 68/68/68
f 68/68/68 67/67/67 63/63/63
f 57/57/57 56/56/56 49/49/49
f 58/58/58 56/56/56 57/57/57
f 58/58/58 59/59/59 56/56/56
f 60/60/60 59/59/59 58/58/58
f 60/60/60 61/61/61 59/59/59
f 63/63/63 61/61/61 62/62/62
f 62/62/62 61/61/61 60/60/60
f 76/76/76 82/82/82 81/81/81
f 76/76/76 83/83/83 82/82/82
f 76/76/76 84/84/84 83/83/83
f 76/76/76 85/85/85 84/84/84
f 76/76/76 86/86/86 85/85/85
f 94/94/94 93/93/93 86/86/86
f 100/100/100 93/93/93 99/99/99
f 105/105/105 104/104/104 93/93/93
f 106/106/106 104/104/104 105/105/105
f 107/107/107 104/104/104 106/106/106
f 107/107/107 108/108/108 104/104/104
f 113/113/113 112/112/112 108/108/108
f 114/114/114 112/112/112 113/113/113
f 114/114/114 115/115/115 112/112/112
f 116/116/116 115/115/115 114/114/114
f 116/116/116 117/117/117 115/115/115
f 118/118/118 117/117/117 116/116/116
f 118/118/118 119/119/119 117/117/117
f 120/120/120 119/119/119 118/118/118
f 120/120/120 121/121/121 119/119/119
f 120/120/120 122/122/122 121/121/121
f 123/123/123 122/122/122 120/120/120
f 123/123/123 124/124/124 122/122/122
f 125/125/125 124/124/124 123/123/123
f 125/125/125 126/126/126 124/124/124
f 125/125/125 127/127/127 126/126/126
f 125/125/125 128/128/128 127/127/127
f 125/125/125 129/129/129 128/128/128
f 125/125/125 130/130/130 129/129/129
f 125/125/125 131/131/131 130/130/130
f 125/125/125 132/132/132 131/131/131
f 125/125/125 133/133/133 132/132/132
f 125/125/125 134/134/134 133/133/133
f 125/125/125 135/135/135 134/134/134
f 125/125/125 136/136/136 135/135/135
f 125/125/125 137/137/137 136/136/136
f 20/20/20 19/19/19 18/18/18
f 25/25/25 24/24/24 23/23/23
f 30/30/30 29/29/29 28/28/28
f 37/37/37 36/36/36 35/35/35
f 52/52/52 51/51/51 50/50/50
f 55/55/55 54/54/54 53/53/53
f 66/66/66 65/65/65 64/64/64
f 73/73/73 72/72/72 71/71/71
f 80/80/80 79/79/79 78/78/78
f 89/89/89 88/88/88 87/87/87
f 92/92/92 91/91/91 90/90/90
f 98/98/98 97/97/97 96/96/96
f 103/103/103 102/102/102 101/101/101
f 111/111/111 110/110/110 109/109/109
f 140/140/140 139/139/139 138/138/138
f 139/139/139 141/141/141 138/138/138
f 139/139/139 142/142/142 141/141/141
f 140/140/140 143/143/143 139/139/139
f 140/140/140 149/149/149 148/148/148
f 140/140/140 148/148/148 147/147/147
f 140/140/140 147/147/147 144/144/144
f 140/140/140 144/144/144 143/143/143
f 144/144/144 145/145/145 143/143/143
f 144/144/144 146/146/146 145/145/145
f 152/152/152 151/151/151 150/150/150
f 151/151/151 153/153/153 150/150/150
f 151/151/151 154/154/154 153/153/153
f 151/151/151 155/155/155 154/154/154
f 151/151/151 156/156/156 155/155/155
f 151/151/151 157/157/157 156/156/156
f 151/151/151 158/158/158 157/157/157
f 151/151/151 159/159/159 158/158/158
f 151/151/151 160/160/160 159/159/159
f 151/151/151 161/161/161 160/160/160
f 161/161/161 162/162/162 160/160/160
f 152/152/152 163/163/163 151/151/151
f 168/168/168 162/162/162 167/167/167
f 169/169/169 162/162/162 168/168/168
f 169/169/169 170/170/170 162/162/162
f 171/171/171 170/170/170 169/169/169
f 172/172/172 170/170/170 171/171/171
f 173/173/173 170/170/170 172/172/172
f 173/173/173 174/174/174 170/170/170
f 175/175/175 174/174/174 173/173/173
f 176/176/176 174/174/174 175/175/175
f 177/177/177 174/174/174 176/176/176
f 177/177/177 178/178/178 174/174/174
f 179/179/179 178/178/178 177/177/177
f 180/180/180 178/178/178 179/179/179
f 180/180/180 181/181/181 178/178/178
f 182/182/182 181/181/181 180/180/180
f 183/183/183 181/181/181 182/182/182
f 183/183/183 184/184/184 181/181/181
f 185/185/185 184/184/184 183/183/183
f 185/185/185 186/186/186 184/184/184
f 187/187/187 186/186/186 185/185/185
f 188/188/188 186/186/186 187/187/187
f 188/188/188 189/189/189 186/186/186
f 190/190/190 189/189/189 188/188/188
f 191/191/191 189/189/189 190/190/190
f 191/191/191 192/192/192 189/189/189
f 193/193/193 192/192/192 191/191/191
f 194/194/194 192/192/192 193/193/193
f 195/195/195 192/192/192 194/194/194
f 200/200/200 199/199/199 192/192/192
f 201/201/201 199/199/199 200/200/200
f 202/202/202 199/199/199 201/201/201
f 203/203/203 199/199/199 202/202/202
f 203/203/203 202/202/202 163/163/163
f 152/152/152 203/203/203 163/163/163
f 152/152/152 215/215/215 203/203/203
f 203/203/203 204/204/204 199/199/199
f 203/203/203 205/205/205 204/204/204
f 203/203/203 206/206/206 205/205/205
f 203/203/203 207/207/207 206/206/206
f 203/203/203 208/208/208 207/207/207
f 166/166/166 165/165/165 164/164/164
f 198/198/198 197/197/197 196/196/196
f 211/211/211 210/210/210 209/209/209
f 214/214/214 213/213/213 212/212/212
f 218/218/218 217/217/217 216/216/216
f 217/217/217 219/219/219 216/216/216
f 217/217/217 220/220/220 219/219/219
f 217/217/217 221/221/221 220/220/220
f 217/217/217 222/222/222 221/221/221
f 217/217/217 223/223/223 222/222/222
f 217/217/217 224/224/224 223/223/223
f 217/217/217 225/225/225 224/224/224
f 217/217/217 226/226/226 225/225/225
f 217/217/217 227/227/227 226/226/226
f 227/227/227 228/228/228 226/226/226
f 230/230/230 228/228/228 227/227/227
f 218/218/218 229/229/229 217/217/217
f 235/235/235 228/228/228 234/234/234
f 235/235/235 236/236/236 228/228/228
f 218/218/218 278/278/278 229/229/229
f 218/218/218 293/293/293 278/278/278
f 278/278/278 277/277/277 229/229/229
f 278/278/278 290/290/290 289/289/289
f 278/278/278 285/285/285 284/284/284
f 241/241/241 236/236/236 240/240/240
f 242/242/242 236/236/236 241/241/241
f 242/242/242 243/243/243 236/236/236
f 244/244/244 243/243/243 242/242/242
f 245/245/245 243/243/243 244/244/244
f 246/246/246 243/243/243 245/245/245
f 246/246/246 247/247/247 243/243/243
f 248/248/248 247/247/247 246/246/246
f 249/249/249 247/247/247 248/248/248
f 249/249/249 250/250/250 247/247/247
f 251/251/251 250/250/250 249/249/249
f 252/252/252 250/250/250 251/251/251
f 252/252/252 253/253/253 250/250/250
f 254/254/254 253/253/253 252/252/252
f 254/254/254 255/255/255 253/253/253
f 256/256/256 255/255/255 254/254/254
f 257/257/257 255/255/255 256/256/256
f 257/257/257 258/258/258 255/255/255
f 263/263/263 258/258/258 262/262/262
f 263/263/263 264/264/264 258/258/258
f 265/265/265 264/264/264 263/263/263
f 266/266/266 264/264/264 265/265/265
f 271/271/271 264/264/264 270/270/270
f 271/271/271 272/272/272 264/264/264
f 277/277/277 272/272/272 276/276/276
f 278/278/278 272/272/272 277/277/277
f 278/278/278 279/279/279 272/272/272
f 278/278/278 280/280/280 279/279/279
f 233/233/233 232/232/232 231/231/231
f 239/239/239 238/238/238 237/237/237
f 261/261/261 260/260/260 259/259/259
f 269/269/269 268/268/268 267/267/267
f 275/275/275 274/274/274 273/273/273
f 283/283/283 282/282/282 281/281/281
f 283/283/283 292/292/292 291/291/291
f 288/288/288 287/287/287 286/286/286
f 296/296/296 295/295/295 294/294/294
f 296/296/296 297/297/297 295/295/295
f 300/300/300 299/299/299 298/298/298
f 300/300/300 301/301/301 299/299/299
f 300/300/300 302/302/302 301/301/301
f 300/300/300 303/303/303 302/302/302
f 306/306/306 305/305/305 304/304/304
f 305/305/305 307/307/307 304/304/304
f 305/305/305 308/308/308 307/307/307
f 306/306/306 309/309/309 305/305/305
f 306/306/306 310/310/310 309/309/309
f 306/306/306 313/313/313 310/310/310
f 310/310/310 311/311/311 309/309/309
f 310/310/310 312/312/312 311/311/311
f 316/316/316 315/315/315 314/314/314
f 314/314/314 315/315/315 317/317/317
f 314/314/314 317/317/317 318/318/318
f 314/314/314 318/318/318 319/319/319
f 314/314/314 319/319/319 320/320/320
f 314/314/314 320/320/320 321/321/321
f 314/314/314 321/321/321 322/322/322
f 314/314/314 322/322/322 323/323/323
f 314/314/314 323/323/323 324/324/324
f 316/316/316 314/314/314 330/330/330
f 329/329/329 324/324/324 328/328/328
f 316/316/316 330/330/330 379/379/379
f 316/316/316 379/379/379 396/396/396
f 379/379/379 330/330/330 380/380/380
f 335/335/335 334/334/334 328/328/328
f 336/336/336 335/335/335 328/328/328
f 336/336/336 328/328/328 337/337/337
f 338/338/338 336/336/336 337/337/337
f 379/379/379 380/380/380 371/371/371
f 343/343/343 342/342/342 337/337/337
f 343/343/343 337/337/337 344/344/344
f 345/345/345 343/343/343 344/344/344
f 346/346/346 345/345/345 344/344/344
f 347/347/347 346/346/346 344/344/344
f 347/347/347 344/344/344 348/348/348
f 349/349/349 347/347/347 348/348/348
f 350/350/350 349/349/349 348/348/348
f 350/350/350 348/348/348 351/351/351
f 352/352/352 350/350/350 351/351/351
f 353/353/353 352/352/352 351/351/351
f 353/353/353 351/351/351 354/354/354
f 355/355/355 353/353/353 354/354/354
f 355/355/355 354/354/354 356/356/356
f 357/357/357 355/355/355 356/356/356
f 358/358/358 357/357/357 356/356/356
f 358/358/358 356/356/356 359/359/359
f 360/360/360 358/358/358 359/359/359
f 360/360/360 359/359/359 361/361/361
f 362/362/362 360/360/360 361/361/361
f 362/362/362 361/361/361 363/363/363
f 364/364/364 362/362/362 363/363/363
f 365/365/365 364/364/364 363/363/363
f 365/365/365 363/363/363 366/366/366
f 367/367/367 365/365/365 366/366/366
f 372/372/372 366/366/366 371/371/371
f 379/379/379 371/371/371 381/381/381
f 379/379/379 381/381/381 382/382/382
f 379/379/379 382/382/382 383/383/383
f 379/379/379 383/383/383 384/384/384
f 379/379/379 384/384/384 385/385/385
f 379/379/379 385/385/385 386/386/386
f 379/379/379 386/386/386 387/387/387
f 395/395/395 387/387/387 394/394/394
f 397/397/397 395/395/395 394/394/394
f 405/405/405 394/394/394 404/404/404
f 406/406/406 405/405/405 404/404/404
f 407/407/407 406/406/406 404/404/404
f 407/407/407 404/404/404 408/408/408
f 409/409/409 407/407/407 408/408/408
f 409/409/409 408/408/408 410/410/410
f 411/411/411 409/409/409 410/410/410
f 411/411/411 410/410/410 412/412/412
f 413/413/413 411/411/411 412/412/412
f 413/413/413 412/412/412 414/414/414
f 415/415/415 413/413/413 414/414/414
f 415/415/415 414/414/414 416/416/416
f 417/417/417 415/415/415 416/416/416
f 417/417/417 416/416/416 418/418/418
f 417/417/417 418/418/418 419/419/419
f 420/420/420 417/417/417 419/419/419
f 420/420/420 419/419/419 421/421/421
f 422/422/422 420/420/420 421/421/421
f 422/422/422 421/421/421 423/423/423
f 422/422/422 423/423/423 424/424/424
f 422/422/422 424/424/424 425/425/425
f 422/422/422 425/425/425 426/426/426
f 422/422/422 426/426/426 427/427/427
f 422/422/422 427/427/427 428/428/428
f 422/422/422 428/428/428 429/429/429
f 422/422/422 429/429/429 430/430/430
f 422/422/422 430/430/430 431/431/431
f 422/422/422 431/431/431 432/432/432
f 422/422/422 432/432/432 433/433/433
f 422/422/422 433/433/433 434/434/434
f 327/327/327 326/326/326 325/325/325
f 333/333/333 332/332/332 331/331/331
f 341/341/341 340/340/340 339/339/339
f 370/370/370 369/369/369 368/368/368
f 375/375/375 374/374/374 373/373/373
f 378/378/378 377/377/377 376/376/376
f 390/390/390 389/389/389 388/388/388
f 393/393/393 392/392/392 391/391/391
f 400/400/400 399/399/399 398/398/398
f 403/403/403 402/402/402 401/401/401
f 437/437/437 436/436/436 435/435/435
f 435/435/435 436/436/436 438/438/438
f 435/435/435 438/438/438 439/439/439
f 437/437/437 435/435/435 440/440/440
f 437/437/437 445/445/445 446/446/446
f 437/437/437 444/444/444 445/445/445
f 437/437/437 441/441/441 444/444/444
f 437/437/437 440/440/440 441/441/441
f 441/441/441 440/440/440 442/442/442
f 441/441/441 442/442/442 443/443/443
f 449/449/449 448/448/448 447/447/447
f 447/447/447 448/448/448 450/450/450
f 447/447/447 450/450/450 451/451/451
f 447/447/447 451/451/451 452/452/452
f 447/447/447 452/452/452 453/453/453
f 447/447/447 453/453/453 454/454/454
f 447/447/447 454/454/454 455/455/455
f 447/447/447 455/455/455 456/456/456
f 447/447/447 456/456/456 457/457/457
f 462/462/462 457/457/457 461/461/461
f 449/449/449 447/447/447 463/463/463
f 471/471/471 470/470/470 461/461/461
f 471/471/471 461/461/461 472/472/472
f 473/473/473 471/471/471 472/472/472
f 474/474/474 473/473/473 472/472/472
f 475/475/475 474/474/474 472/472/472
f 475/475/475 472/472/472 476/476/476
f 477/477/477 475/475/475 476/476/476
f 478/478/478 477/477/477 476/476/476
f 479/479/479 478/478/478 476/476/476
f 479/479/479 476/476/476 480/480/480
f 481/481/481 479/479/479 480/480/480
f 482/482/482 481/481/481 480/480/480
f 482/482/482 480/480/480 483/483/483
f 484/484/484 482/482/482 483/483/483
f 485/485/485 484/484/484 483/483/483
f 485/485/485 483/483/483 486/486/486
f 487/487/487 485/485/485 486/486/486
f 487/487/487 486/486/486 488/488/488
f 489/489/489 487/487/487 488/488/488
f 490/490/490 489/489/489 488/488/488
f 490/490/490 488/488/488 491/491/491
f 492/492/492 490/490/490 491/491/491
f 493/493/493 492/492/492 491/491/491
f 493/493/493 491/491/491 494/494/494
f 495/495/495 493/493/493 494/494/494
f 496/496/496 495/495/495 494/494/494
f 497/497/497 496/496/496 494/494/494
f 498/498/498 497/497/497 494/494/494
f 498/498/498 494/494/494 499/499/499
f 449/449/449 506/506/506 521/521/521
f 449/449/449 463/463/463 506/506/506
f 506/506/506 463/463/463 507/507/507
f 506/506/506 507/507/507 499/499/499
f 506/506/506 499/499/499 508/508/508
f 506/506/506 508/508/508 509/509/509
f 506/506/506 509/509/509 510/510/510
f 506/506/506 510/510/510 511/511/511
f 460/460/460 459/459/459 458/458/458
f 466/466/466 465/465/465 464/464/464
f 469/469/469 468/468/468 467/467/467
f 502/502/502 501/501/501 500/500/500
f 505/505/505 504/504/504 503/503/503
f 514/514/514 513/513/513 512/512/512
f 517/517/517 516/516/516 515/515/515
f 520/520/520 519/519/519 518/518/518
f 524/524/524 523/523/523 522/522/522
f 522/522/522 523/523/523 525/525/525
f 522/522/522 525/525/525 526/526/526
f 522/522/522 526/526/526 527/527/527
f 522/522/522 527/527/527 528/528/528
f 522/522/522 528/528/528 529/529/529
f 522/522/522 529/529/529 530/530/530
f 522/522/522 530/530/530 531/531/531
f 522/522/522 531/531/531 532/532/532
f 524/524/524 522/522/522 538/538/538
f 537/537/537 532/532/532 536/536/536
f 539/539/539 537/537/537 536/536/536
f 540/540/540 539/539/539 536/536/536
f 541/541/541 540/540/540 536/536/536
f 541/541/541 536/536/536 542/542/542
f 543/543/543 541/541/541 542/542/542
f 544/544/544 543/543/543 542/542/542
f 545/545/545 544/544/544 542/542/542
f 545/545/545 542/542/542 546/546/546
f 547/547/547 545/545/545 546/546/546
f 548/548/548 547/547/547 546/546/546
f 549/549/549 548/548/548 546/546/546
f 549/549/549 546/546/546 550/550/550
f 551/551/551 549/549/549 550/550/550
f 552/552/552 551/551/551 550/550/550
f 552/552/552 550/550/550 553/553/553
f 554/554/554 552/552/552 553/553/553
f 555/555/555 554/554/554 553/553/553
f 555/555/555 553/553/553 556/556/556
f 557/557/557 555/555/555 556/556/556
f 557/557/557 556/556/556 558/558/558
f 559/559/559 557/557/557 558/558/558
f 560/560/560 559/559/559 558/558/558
f 560/560/560 558/558/558 561/561/561
f 562/562/562 560/560/560 561/561/561
f 563/563/563 562/562/562 561/561/561
f 563/563/563 561/561/561 564/564/564
f 565/565/565 563/563/563 564/564/564
f 566/566/566 565/565/565 564/564/564
f 567/567/567 566/566/566 564/564/564
f 568/568/568 567/567/567 564/564/564
f 568/568/568 564/564/564 569/569/569
f 570/570/570 568/568/568 569/569/569
f 571/571/571 570/570/570 569/569/569
f 572/572/572 571/571/571 569/569/569
f 572/572/572 538/538/538 571/571/571
f 524/524/524 538/538/538 572/572/572
f 524/524/524 572/572/572 586/586/586
f 572/572/572 569/569/569 573/573/573
f 572/572/572 573/573/573 574/574/574
f 572/572/572 574/574/574 575/575/575
f 572/572/572 580/580/580 579/579/579
f 535/535/535 534/534/534 533/533/533
f 578/578/578 577/577/577 576/576/576
f 578/578/578 585/585/585 584/584/584
f 583/583/583 582/582/582 581/581/581
f 589/589/589 588/588/588 587/587/587
f 589/589/589 587/587/587 590/590/590
f 593/593/593 592/592/592 591/591/591
f 593/593/593 591/591/591 594/594/594
f 593/593/593 594/594/594 595/595/595
f 593/593/593 595/595/595 596/596/596
f 599/599/599 598/598/598 597/597/597
f 597/597/597 598/598/598 600/600/600
f 597/597/597 600/600/600 601/601/601
f 599/599/599 597/597/597 602/602/602
f 599/599/599 602/602/602 603/603/603
f 599/599/599 603/603/603 606/606/606
f 603/603/603 602/602/602 604/604/604
f 603/603/603 604/604/604 605/605/605
f 609/609/609 608/608/608 607/607/607
f 1321/1321/1321 609/609/609 607/607/607
f 612/612/612 611/611/611 610/610/610
f 1322/1322/1322 612/612/612 610/610/610
f 615/615/615 614/614/614 613/613/613
f 1323/1323/1323 615/615/615 613/613/613
f 618/618/618 617/617/617 616/616/616
f 1324/1324/1324 618/618/618 616/616/616
f 621/621/621 620/620/620 619/619/619
f 1325/1325/1325 621/621/621 619/619/619
f 624/624/624 623/623/623 622/622/622
f 1326/1326/1326 624/624/624 622/622/622
f 627/627/627 626/626/626 625/625/625
f 1327/1327/1327 627/627/627 625/625/625
f 630/630/630 629/629/629 628/628/628
f 1328/1328/1328 630/630/630 628/628/628
f 633/633/633 632/632/632 631/631/631
f 1329/1329/1329 633/633/633 631/631/631
f 636/636/636 635/635/635 634/634/634
f 1330/1330/1330 636/636/636 634/634/634
f 639/639/639 638/638/638 637/637/637
f 1331/1331/1331 639/639/639 637/637/637
f 642/642/642 641/641/641 640/640/640
f 1332/1332/1332 642/642/642 640/640/640
f 645/645/645 644/644/644 643/643/643
f 1333/1333/1333 645/645/645 643/643/643
f 648/648/648 647/647/647 646/646/646
f 1334/1334/1334 648/648/648 646/646/646
f 651/651/651 650/650/650 649/649/649
f 1335/1335/1335 651/651/651 649/649/649
f 654/654/654 653/653/653 652/652/652
f 1336/1336/1336 654/654/654 652/652/652
f 657/657/657 656/656/656 655/655/655
f 1337/1337/1337 657/657/657 655/655/655
f 660/660/660 659/659/659 658/658/658
f 1338/1338/1338 660/660/660 658/658/658
f 663/663/663 662/662/662 661/661/661
f 1339/1339/1339 663/663/663 661/661/661
f 666/666/666 665/665/665 664/664/664
f 1340/1340/1340 666/666/666 664/664/664
f 669/669/669 668/668/668 667/667/667
f 1341/1341/1341 669/669/669 667/667/667
f 672/672/672 671/671/671 670/670/670
f 1342/1342/1342 672/672/672 670/670/670
f 675/675/675 674/674/674 673/673/673
f 1343/1343/1343 675/675/675 673/673/673
f 678/678/678 677/677/677 676/676/676
f 1344/1344/1344 678/678/678 676/676/676
f 681/681/681 680/680/680 679/679/679
f 1345/1345/1345 681/681/681 679/679/679
f 684/684/684 683/683/683 682/682/682
f 1346/1346/1346 684/684/684 682/682/682
f 687/687/687 686/686/686 685/685/685
f 1347/1347/1347 687/687/687 685/685/685
f 690/690/690 689/689/689 688/688/688
f 1348/1348/1348 690/690/690 688/688/688
f 693/693/693 692/692/692 691/691/691
f 1349/1349/1349 693/693/693 691/691/691
f 696/696/696 695/695/695 694/694/694
f 1350/1350/1350 696/696/696 694/694/694
f 699/699/699 698/698/698 697/697/697
f 1351/1351/1351 699/699/699 697/697/697
f 702/702/702 701/701/701 700/700/700
f 1352/1352/1352 702/702/702 700/700/700
f 705/705/705 704/704/704 703/703/703
f 1353/1353/1353 705/705/705 703/703/703
f 708/708/708 707/707/707 706/706/706
f 1354/1354/1354 708/708/708 706/706/706
f 711/711/711 710/710/710 709/709/709
f 1355/1355/1355 711/711/711 709/709/709
f 714/714/714 713/713/713 712/712/712
f 1356/1356/1356 714/714/714 712/712/712
f 717/717/717 716/716/716 715/715/715
f 1357/1357/1357 717/717/717 715/715/715
f 720/720/720 719/719/719 718/718/718
f 1358/1358/1358 720/720/720 718/718/718
f 723/723/723 722/722/722 721/721/721
f 1359/1359/1359 723/723/723 721/721/721
f 726/726/726 725/725/725 724/724/724
f 1360/1360/1360 726/726/726 724/724/724
f 729/729/729 728/728/728 727/727/727
f 1361/1361/1361 729/729/729 727/727/727
f 732/732/732 731/731/731 730/730/730
f 1362/1362/1362 732/732/732 730/730/730
f 735/735/735 734/734/734 733/733/733
f 1363/1363/1363 735/735/735 733/733/733
f 738/738/738 737/737/737 736/736/736
f 1364/1364/1364 738/738/738 736/736/736
f 741/741/741 740/740/740 739/739/739
f 1365/1365/1365 741/741/741 739/739/739
f 744/744/744 743/743/743 742/742/742
f 1366/1366/1366 744/744/744 742/742/742
f 747/747/747 746/746/746 745/745/745
f 1367/1367/1367 747/747/747 745/745/745
f 750/750/750 749/749/749 748/748/748
f 1368/1368/1368 750/750/750 748/748/748
f 753/753/753 752/752/752 751/751/751
f 1369/1369/1369 753/753/753 751/751/751
f 756/756/756 755/755/755 754/754/754
f 1370/1370/1370 756/756/756 754/754/754
f 759/759/759 758/758/758 757/757/757
f 1371/1371/1371 759/759/759 757/757/757
f 762/762/762 761/761/761 760/760/760
f 1372/1372/1372 762/762/762 760/760/760
f 765/765/765 764/764/764 763/763/763
f 1373/1373/1373 765/765/765 763/763/763
f 768/768/768 767/767/767 766/766/766
f 1374/1374/1374 768/768/768 766/766/766
f 771/771/771 770/770/770 769/769/769
f 1375/1375/1375 771/771/771 769/769/769
f 774/774/774 773/773/773 772/772/772
f 1376/1376/1376 774/774/774 772/772/772
f 777/777/777 776/776/776 775/775/775
f 1377/1377/1377 777/777/777 775/775/775
f 780/780/780 779/779/779 778/778/778
f 1378/1378/1378 780/780/780 778/778/778
f 783/783/783 782/782/782 781/781/781
f 1379/1379/1379 783/783/783 781/781/781
f 786/786/786 785/785/785 784/784/784
f 1380/1380/1380 786/786/786 784/784/784
f 789/789/789 788/788/788 787/787/787
f 1381/1381/1381 789/789/789 787/787/787
f 792/792/792 791/791/791 790/790/790
f 1382/1382/1382 792/792/792 790/790/790
f 795/795/795 794/794/794 793/793/793
f 1383/1383/1383 795/795/795 793/793/793
f 798/798/798 797/797/797 796/796/796
f 1384/1384/1384 798/798/798 796/796/796
f 801/801/801 800/800/800 799/799/799
f 804/804/804 803/803/803 802/802/802
f 1388/1388/1388 804/804/804 802/802/802
f 807/807/807 806/806/806 805/805/805
f 1389/1389/1389 807/807/807 805/805/805
f 810/810/810 809/809/809 808/808/808
f 1390/1390/1390 810/810/810 808/808/808
f 813/813/813 812/812/812 811/811/811
f 1391/1391/1391 813/813/813 811/811/811
f 816/816/816 815/815/815 814/814/814
f 1392/1392/1392 816/816/816 814/814/814
f 819/819/819 818/818/818 817/817/817
f 1393/1393/1393 819/819/819 817/817/817
f 822/822/822 821/821/821 820/820/820
f 1394/1394/1394 822/822/822 820/820/820
f 825/825/825 824/824/824 823/823/823
f 1395/1395/1395 825/825/825 823/823/823
f 828/828/828 827/827/827 826/826/826
f 1396/1396/1396 828/828/828 826/826/826
f 831/831/831 830/830/830 829/829/829
f 1397/1397/1397 831/831/831 829/829/829
f 834/834/834 833/833/833 832/832/832
f 1398/1398/1398 834/834/834 832/832/832
f 837/837/837 836/836/836 835/835/835
f 1399/1399/1399 837/837/837 835/835/835
f 840/840/840 839/839/839 838/838/838
f 1400/1400/1400 840/840/840 838/838/838
f 843/843/843 842/842/842 841/841/841
f 1401/1401/1401 843/843/843 841/841/841
f 846/846/846 845/845/845 844/844/844
f 1402/1402/1402 846/846/846 844/844/844
f 849/849/849 848/848/848 847/847/847
f 1403/1403/1403 849/849/849 847/847/847
f 852/852/852 851/851/851 850/850/850
f 1404/1404/1404 852/852/852 850/850/850
f 855/855/855 854/854/854 853/853/853
f 1405/1405/1405 855/855/855 853/853/853
f 858/858/858 857/857/857 856/856/856
f 1406/1406/1406 858/858/858 856/856/856
f 861/861/861 860/860/860 859/859/859
f 1407/1407/1407 861/861/861 859/859/859
f 864/864/864 863/863/863 862/862/862
f 1408/1408/1408 864/864/864 862/862/862
f 867/867/867 866/866/866 865/865/865
f 1409/1409/1409 867/867/867 865/865/865
f 870/870/870 869/869/869 868/868/868
f 1410/1410/1410 870/870/870 868/868/868
f 873/873/873 872/872/872 871/871/871
f 1411/1411/1411 873/873/873 871/871/871
f 876/876/876 875/875/875 874/874/874
f 1412/1412/1412 876/876/876 874/874/874
f 879/879/879 878/878/878 877/877/877
f 1413/1413/1413 879/879/879 877/877/877
f 882/882/882 881/881/881 880/880/880
f 1414/1414/1414 882/882/882 880/880/880
f 885/885/885 884/884/884 883/883/883
f 1415/1415/1415 885/885/885 883/883/883
f 888/888/888 887/887/887 886/886/886
f 1416/1416/1416 888/888/888 886/886/886
f 891/891/891 890/890/890 889/889/889
f 1417/1417/1417 891/891/891 889/889/889
f 894/894/894 893/893/893 892/892/892
f 1418/1418/1418 894/894/894 892/892/892
f 897/897/897 896/896/896 895/895/895
f 1419/1419/1419 897/897/897 895/895/895
f 900/900/900 899/899/899 898/898/898
f 1420/1420/1420 900/900/900 898/898/898
f 903/903/903 902/902/902 901/901/901
f 1421/1421/1421 903/903/903 901/901/901
f 906/906/906 905/905/905 904/904/904
f 1422/1422/1422 906/906/906 904/904/904
f 909/909/909 908/908/908 907/907/907
f 1423/1423/1423 909/909/909 907/907/907
f 912/912/912 911/911/911 910/910/910
f 1424/1424/1424 912/912/912 910/910/910
f 915/915/915 914/914/914 913/913/913
f 1425/1425/1425 915/915/915 913/913/913
f 918/918/918 917/917/917 916/916/916
f 1426/1426/1426 918/918/918 916/916/916
f 921/921/921 920/920/920 919/919/919
f 1427/1427/1427 921/921/921 919/919/919
f 924/924/924 923/923/923 922/922/922
f 1428/1428/1428 924/924/924 922/922/922
f 927/927/927 926/926/926 925/925/925
f 1429/1429/1429 927/927/927 925/925/925
f 930/930/930 929/929/929 928/928/928
f 1430/1430/1430 930/930/930 928/928/928
f 933/933/933 932/932/932 931/931/931
f 1431/1431/1431 933/933/933 931/931/931
f 936/936/936 935/935/935 934/934/934
f 1432/1432/1432 936/936/936 934/934/934
f 939/939/939 938/938/938 937/937/937
f 942/942/942 941/941/941 940/940/940
f 1436/1436/1436 942/942/942 940/940/940
f 945/945/945 944/944/944 943/943/943
f 1437/1437/1437 945/945/945 943/943/943
f 948/948/948 947/947/947 946/946/946
f 1438/1438/1438 948/948/948 946/946/946
f 951/951/951 950/950/950 949/949/949
f 1439/1439/1439 951/951/951 949/949/949
f 954/954/954 953/953/953 952/952/952
f 1440/1440/1440 954/954/954 952/952/952
f 957/957/957 956/956/956 955/955/955
f 1441/1441/1441 957/957/957 955/955/955
f 960/960/960 959/959/959 958/958/958
f 1442/1442/1442 960/960/960 958/958/958
f 963/963/963 962/962/962 961/961/961
f 1443/1443/1443 963/963/963 961/961/961
f 966/966/966 965/965/965 964/964/964
f 1444/1444/1444 966/966/966 964/964/964
f 969/969/969 968/968/968 967/967/967
f 1445/1445/1445 969/969/969 967/967/967
f 972/972/972 971/971/971 970/970/970
f 1446/1446/1446 972/972/972 970/970/970
f 975/975/975 974/974/974 973/973/973
f 1447/1447/1447 975/975/975 973/973/973
f 978/978/978 977/977/977 976/976/976
f 981/981/981 980/980/980 979/979/979
f 1451/1451/1451 981/981/981 979/979/979
f 984/984/984 983/983/983 982/982/982
f 1452/1452/1452 984/984/984 982/982/982
f 987/987/987 986/986/986 985/985/985
f 1453/1453/1453 987/987/987 985/985/985
f 990/990/990 989/989/989 988/988/988
f 1454/1454/1454 990/990/990 988/988/988
f 993/993/993 992/992/992 991/991/991
f 1455/1455/1455 993/993/993 991/991/991
f 996/996/996 995/995/995 994/994/994
f 1456/1456/1456 996/996/996 994/994/994
f 999/999/999 998/998/998 997/997/997
f 1457/1457/1457 999/999/999 997/997/997
f 1002/1002/1002 1001/1001/1001 1000/1000/1000
f 1458/1458/1458 1002/1002/1002 1000/1000/1000
f 1005/1005/1005 1004/1004/1004 1003/1003/1003
f 1459/1459/1459 1005/1005/1005 1003/1003/1003
f 1008/1008/1008 1007/1007/1007 1006/1006/1006
f 1460/1460/1460 1008/1008/1008 1006/1006/1006
f 1011/1011/1011 1010/1010/1010 1009/1009/1009
f 1461/1461/1461 1011/1011/1011 1009/1009/1009
f 1014/1014/1014 1013/1013/1013 1012/1012/1012
f 1462/1462/1462 1014/1014/1014 1012/1012/1012
f 1017/1017/1017 1016/1016/1016 1015/1015/1015
f 1463/1463/1463 1017/1017/1017 1015/1015/1015
f 1020/1020/1020 1019/1019/1019 1018/1018/1018
f 1464/1464/1464 1020/1020/1020 1018/1018/1018
f 1023/1023/1023 1022/1022/1022 1021/1021/1021
f 1465/1465/1465 1023/1023/1023 1021/1021/1021
f 1026/1026/1026 1025/1025/1025 1024/1024/1024
f 1466/1466/1466 1026/1026/1026 1024/1024/1024
f 1029/1029/1029 1028/1028/1028 1027/1027/1027
f 1467/1467/1467 1029/1029/1029 1027/1027/1027
f 1032/1032/1032 1031/1031/1031 1030/1030/1030
f 1468/1468/1468 1032/1032/1032 1030/1030/1030
f 1035/1035/1035 1034/1034/1034 1033/1033/1033
f 1469/1469/1469 1035/1035/1035 1033/1033/1033
f 1038/1038/1038 1037/1037/1037 1036/1036/1036
f 1470/1470/1470 1038/1038/1038 1036/1036/1036
f 1041/1041/1041 1040/1040/1040 1039/1039/1039
f 1471/1471/1471 1041/1041/1041 1039/1039/1039
f 1044/1044/1044 1043/1043/1043 1042/1042/1042
f 1047/1047/1047 1046/1046/1046 1045/1045/1045
f 1475/1475/1475 1047/1047/1047 1045/1045/1045
f 1050/1050/1050 1049/1049/1049 1048/1048/1048
f 1476/1476/1476 1050/1050/1050 1048/1048/1048
f 1053/1053/1053 1052/1052/1052 1051/1051/1051
f 1477/1477/1477 1053/1053/1053 1051/1051/1051
f 1056/1056/1056 1055/1055/1055 1054/1054/1054
f 1478/1478/1478 1056/1056/1056 1054/1054/1054
f 1059/1059/1059 1058/1058/1058 1057/1057/1057
f 1479/1479/1479 1059/1059/1059 1057/1057/1057
f 1062/1062/1062 1061/1061/1061 1060/1060/1060
f 1480/1480/1480 1062/1062/1062 1060/1060/1060
f 1065/1065/1065 1064/1064/1064 1063/1063/1063
f 1481/1481/1481 1065/1065/1065 1063/1063/1063
f 1068/1068/1068 1067/1067/1067 1066/1066/1066
f 1482/1482/1482 1068/1068/1068 1066/1066/1066
f 1071/1071/1071 1070/1070/1070 1069/1069/1069
f 1483/1483/1483 1071/1071/1071 1069/1069/1069
f 1074/1074/1074 1073/1073/1073 1072/1072/1072
f 1484/1484/1484 1074/1074/1074 1072/1072/1072
f 1077/1077/1077 1076/1076/1076 1075/1075/1075
f 1485/1485/1485 1077/1077/1077 1075/1075/1075
f 1080/1080/1080 1079/1079/1079 1078/1078/1078
f 1486/1486/1486 1080/1080/1080 1078/1078/1078
f 1083/1083/1083 1082/1082/1082 1081/1081/1081
f 1487/1487/1487 1083/1083/1083 1081/1081/1081
f 1086/1086/1086 1085/1085/1085 1084/1084/1084
f 1488/1488/1488 1086/1086/1086 1084/1084/1084
f 1089/1089/1089 1088/1088/1088 1087/1087/1087
f 1489/1489/1489 1089/1089/1089 1087/1087/1087
f 1092/1092/1092 1091/1091/1091 1090/1090/1090
f 1490/1490/1490 1092/1092/1092 1090/1090/1090
f 1095/1095/1095 1094/1094/1094 1093/1093/1093
f 1491/1491/1491 1095/1095/1095 1093/1093/1093
f 1098/1098/1098 1097/1097/1097 1096/1096/1096
f 1492/1492/1492 1098/1098/1098 1096/1096/1096
f 1101/1101/1101 1100/1100/1100 1099/1099/1099
f 1493/1493/1493 1101/1101/1101 1099/1099/1099
f 1104/1104/1104 1103/1103/1103 1102/1102/1102
f 1494/1494/1494 1104/1104/1104 1102/1102/1102
f 1107/1107/1107 1106/1106/1106 1105/1105/1105
f 1495/1495/1495 1107/1107/1107 1105/1105/1105
f 1110/1110/1110 1109/1109/1109 1108/1108/1108
f 1496/1496/1496 1110/1110/1110 1108/1108/1108
f 1113/1113/1113 1112/1112/1112 1111/1111/1111
f 1497/1497/1497 1113/1113/1113 1111/1111/1111
f 1116/1116/1116 1115/1115/1115 1114/1114/1114
f 1498/1498/1498 1116/1116/1116 1114/1114/1114
f 1119/1119/1119 1118/1118/1118 1117/1117/1117
f 1499/1499/1499 1119/1119/1119 1117/1117/1117
f 1122/1122/1122 1121/1121/1121 1120/1120/1120
f 1500/1500/1500 1122/1122/1122 1120/1120/1120
f 1125/1125/1125 1124/1124/1124 1123/1123/1123
f 1501/1501/1501 1125/1125/1125 1123/1123/1123
f 1128/1128/1128 1127/1127/1127 1126/1126/1126
f 1131/1131/1131 1130/1130/1130 1129/1129/1129
f 1505/1505/1505 1131/1131/1131 1129/1129/1129
f 1134/1134/1134 1133/1133/1133 1132/1132/1132
f 1506/1506/1506 1134/1134/1134 1132/1132/1132
f 1137/1137/1137 1136/1136/1136 1135/1135/1135
f 1507/1507/1507 1137/1137/1137 1135/1135/1135
f 1140/1140/1140 1139/1139/1139 1138/1138/1138
f 1508/1508/1508 1140/1140/1140 1138/1138/1138
f 1143/1143/1143 1142/1142/1142 1141/1141/1141
f 1509/1509/1509 1143/1143/1143 1141/1141/1141
f 1146/1146/1146 1145/1145/1145 1144/1144/1144
f 1510/1510/1510 1146/1146/1146 1144/1144/1144
f 1149/1149/1149 1148/1148/1148 1147/1147/1147
f 1511/1511/1511 1149/1149/1149 1147/1147/1147
f 1152/1152/1152 1151/1151/1151 1150/1150/1150
f 1512/1512/1512 1152/1152/1152 1150/1150/1150
f 1155/1155/1155 1154/1154/1154 1153/1153/1153
f 1513/1513/1513 1155/1155/1155 1153/1153/1153
f 1158/1158/1158 1157/1157/1157 1156/1156/1156
f 1514/1514/1514 1158/1158/1158 1156/1156/1156
f 1161/1161/1161 1160/1160/1160 1159/1159/1159
f 1515/1515/1515 1161/1161/1161 1159/1159/1159
f 1164/1164/1164 1163/1163/1163 1162/1162/1162
f 1516/1516/1516 1164/1164/1164 1162/1162/1162
f 1167/1167/1167 1166/1166/1166 1165/1165/1165
f 1517/1517/1517 1167/1167/1167 1165/1165/1165
f 1170/1170/1170 1169/1169/1169 1168/1168/1168
f 1518/1518/1518 1170/1170/1170 1168/1168/1168
f 1173/1173/1173 1172/1172/1172 1171/1171/1171
f 1519/1519/1519 1173/1173/1173 1171/1171/1171
f 1176/1176/1176 1175/1175/1175 1174/1174/1174
f 1520/1520/1520 1176/1176/1176 1174/1174/1174
f 1179/1179/1179 1178/1178/1178 1177/1177/1177
f 1521/1521/1521 1179/1179/1179 1177/1177/1177
f 1182/1182/1182 1181/1181/1181 1180/1180/1180
f 1522/1522/1522 1182/1182/1182 1180/1180/1180
f 1185/1185/1185 1184/1184/1184 1183/1183/1183
f 1523/1523/1523 1185/1185/1185 1183/1183/1183
f 1188/1188/1188 1187/1187/1187 1186/1186/1186
f 1524/1524/1524 1188/1188/1188 1186/1186/1186
f 1191/1191/1191 1190/1190/1190 1189/1189/1189
f 1525/1525/1525 1191/1191/1191 1189/1189/1189
f 1194/1194/1194 1193/1193/1193 1192/1192/1192
f 1526/1526/1526 1194/1194/1194 1192/1192/1192
f 1197/1197/1197 1196/1196/1196 1195/1195/1195
f 1527/1527/1527 1197/1197/1197 1195/1195/1195
f 1200/1200/1200 1199/1199/1199 1198/1198/1198
f 1528/1528/1528 1200/1200/1200 1198/1198/1198
f 1203/1203/1203 1202/1202/1202 1201/1201/1201
f 1529/1529/1529 1203/1203/1203 1201/1201/1201
f 1206/1206/1206 1205/1205/1205 1204/1204/1204
f 1530/1530/1530 1206/1206/1206 1204/1204/1204
f 1209/1209/1209 1208/1208/1208 1207/1207/1207
f 1531/1531/1531 1209/1209/1209 1207/1207/1207
f 1212/1212/1212 1211/1211/1211 1210/1210/1210
f 1532/1532/1532 1212/1212/1212 1210/1210/1210
f 1215/1215/1215 1214/1214/1214 1213/1213/1213
f 1533/1533/1533 1215/1215/1215 1213/1213/1213
f 1218/1218/1218 1217/1217/1217 1216/1216/1216
f 1534/1534/1534 1218/1218/1218 1216/1216/1216
f 1221/1221/1221 1220/1220/1220 1219/1219/1219
f 1535/1535/1535 1221/1221/1221 1219/1219/1219
f 1224/1224/1224 1223/1223/1223 1222/1222/1222
f 1536/1536/1536 1224/1224/1224 1222/1222/1222
f 1227/1227/1227 1226/1226/1226 1225/1225/1225
f 1537/1537/1537 1227/1227/1227 1225/1225/1225
f 1230/1230/1230 1229/1229/1229 1228/1228/1228
f 1538/1538/1538 1230/1230/1230 1228/1228/1228
f 1233/1233/1233 1232/1232/1232 1231/1231/1231
f 1539/1539/1539 1233/1233/1233 1231/1231/1231
f 1236/1236/1236 1235/1235/1235 1234/1234/1234
f 1540/1540/1540 1236/1236/1236 1234/1234/1234
f 1239/1239/1239 1238/1238/1238 1237/1237/1237
f 1541/1541/1541 1239/1239/1239 1237/1237/1237
f 1242/1242/1242 1241/1241/1241 1240/1240/1240
f 1542/1542/1542 1242/1242/1242 1240/1240/1240
f 1245/1245/1245 1244/1244/1244 1243/1243/1243
f 1543/1543/1543 1245/1245/1245 1243/1243/1243
f 1248/1248/1248 1247/1247/1247 1246/1246/1246
f 1544/1544/1544 1248/1248/1248 1246/1246/1246
f 1251/1251/1251 1250/1250/1250 1249/1249/1249
f 1545/1545/1545 1251/1251/1251 1249/1249/1249
f 1254/1254/1254 1253/1253/1253 1252/1252/1252
f 1546/1546/1546 1254/1254/1254 1252/1252/1252
f 1257/1257/1257 1256/1256/1256 1255/1255/1255
f 1547/1547/1547 1257/1257/1257 1255/1255/1255
f 1260/1260/1260 1259/1259/1259 1258/1258/1258
f 1548/1548/1548 1260/1260/1260 1258/1258/1258
f 1263/1263/1263 1262/1262/1262 1261/1261/1261
f 1549/1549/1549 1263/1263/1263 1261/1261/1261
f 1266/1266/1266 1265/1265/1265 1264/1264/1264
f 1550/1550/1550 1266/1266/1266 1264/1264/1264
f 1269/1269/1269 1268/1268/1268 1267/1267/1267
f 1551/1551/1551 1269/1269/1269 1267/1267/1267
f 1272/1272/1272 1271/1271/1271 1270/1270/1270
f 1552/1552/1552 1272/1272/1272 1270/1270/1270
f 1275/1275/1275 1274/1274/1274 1273/1273/1273
f 1553/1553/1553 1275/1275/1275 1273/1273/1273
f 1278/1278/1278 1277/1277/1277 1276/1276/1276
f 1554/1554/1554 1278/1278/1278 1276/1276/1276
f 1281/1281/1281 1280/1280/1280 1279/1279/1279
f 1555/1555/1555 1281/1281/1281 1279/1279/1279
f 1284/1284/1284 1283/1283/1283 1282/1282/1282
f 1556/1556/1556 1284/1284/1284 1282/1282/1282
f 1287/1287/1287 1286/1286/1286 1285/1285/1285
f 1557/1557/1557 1287/1287/1287 1285/1285/1285
f 1290/1290/1290 1289/1289/1289 1288/1288/1288
f 1558/1558/1558 1290/1290/1290 1288/1288/1288
f 1293/1293/1293 1292/1292/1292 1291/1291/1291
f 1559/1559/1559 1293/1293/1293 1291/1291/1291
f 1296/1296/1296 1295/1295/1295 1294/1294/1294
f 1560/1560/1560 1296/1296/1296 1294/1294/1294
f 1299/1299/1299 1298/1298/1298 1297/1297/1297
f 1561/1561/1561 1299/1299/1299 1297/1297/1297
f 1302/1302/1302 1301/1301/1301 1300/1300/1300
f 1562/1562/1562 1302/1302/1302 1300/1300/1300
f 1305/1305/1305 1304/1304/1304 1303/1303/1303
f 1563/1563/1563 1305/1305/1305 1303/1303/1303
f 1308/1308/1308 1307/1307/1307 1306/1306/1306
f 1564/1564/1564 1308/1308/1308 1306/1306/1306
f 1311/1311/1311 1310/1310/1310 1309/1309/1309
f 1314/1314/1314 1313/1313/1313 1312/1312/1312
f 1568/1568/1568 1314/1314/1314 1312/1312/1312
f 1317/1317/1317 1316/1316/1316 1315/1315/1315
f 1569/1569/1569 1317/1317/1317 1315/1315/1315
f 1320/1320/1320 1319/1319/1319 1318/1318/1318
f 1570/1570/1570 1320/1320/1320 1318/1318/1318
f 1387/1387/1387 1386/1386/1386 1385/1385/1385
f 1435/1435/1435 1434/1434/1434 1433/1433/1433
f 1450/1450/1450 1449/1449/1449 1448/1448/1448
f 1474/1474/1474 1473/1473/1473 1472/1472/1472
f 1504/1504/1504 1503/1503/1503 1502/1502/1502
f 1567/1567/1567 1566/1566/1566 1565/1565/1565
f 1573/1573/1573 1572/1572/1572 1571/1571/1571
f 1573/1573/1573 1762/1762/1762 1572/1572/1572
f 1762/1762/1762 1760/1760/1760 1572/1572/1572
f 1632/1632/1632 1573/1573/1573 1571/1571/1571
f 1572/1572/1572 1760/1760/1760 1575/1575/1575
f 1571/1571/1571 1572/1572/1572 1574/1574/1574
f 1572/1572/1572 1575/1575/1575 1574/1574/1574
f 1574/1574/1574 1632/1632/1632 1571/1571/1571
f 1760/1760/1760 1755/1755/1755 1575/1575/1575
f 1633/1633/1633 1573/1573/1573 1632/1632/1632
f 1574/1574/1574 1575/1575/1575 1576/1576/1576
f 1632/1632/1632 1574/1574/1574 1576/1576/1576
f 1575/1575/1575 1755/1755/1755 1577/1577/1577
f 1575/1575/1575 1577/1577/1577 1576/1576/1576
f 1755/1755/1755 1750/1750/1750 1577/1577/1577
f 1755/1755/1755 1754/1754/1754 1750/1750/1750
f 1754/1754/1754 1749/1749/1749 1750/1750/1750
f 1576/1576/1576 1577/1577/1577 1578/1578/1578
f 1632/1632/1632 1576/1576/1576 1578/1578/1578
f 1577/1577/1577 1750/1750/1750 1579/1579/1579
f 1577/1577/1577 1579/1579/1579 1578/1578/1578
f 1750/1750/1750 1749/1749/1749 1746/1746/1746
f 1750/1750/1750 1746/1746/1746 1579/1579/1579
f 1749/1749/1749 1745/1745/1745 1746/1746/1746
f 1578/1578/1578 1579/1579/1579 1580/1580/1580
f 1632/1632/1632 1578/1578/1578 1580/1580/1580
f 1579/1579/1579 1746/1746/1746 1581/1581/1581
f 1579/1579/1579 1581/1581/1581 1580/1580/1580
f 1746/1746/1746 1745/1745/1745 1742/1742/1742
f 1746/1746/1746 1742/1742/1742 1581/1581/1581
f 1745/1745/1745 1741/1741/1741 1742/1742/1742
f 1580/1580/1580 1581/1581/1581 1582/1582/1582
f 1632/1632/1632 1580/1580/1580 1582/1582/1582
f 1581/1581/1581 1742/1742/1742 1583/1583/1583
f 1581/1581/1581 1583/1583/1583 1582/1582/1582
f 1742/1742/1742 1741/1741/1741 1738/1738/1738
f 1742/1742/1742 1738/1738/1738 1583/1583/1583
f 1741/1741/1741 1737/1737/1737 1738/1738/1738
f 1582/1582/1582 1583/1583/1583 1584/1584/1584
f 1632/1632/1632 1582/1582/1582 1584/1584/1584
f 1583/1583/1583 1738/1738/1738 1585/1585/1585
f 1583/1583/1583 1585/1585/1585 1584/1584/1584
f 1738/1738/1738 1737/1737/1737 1734/1734/1734
f 1738/1738/1738 1734/1734/1734 1585/1585/1585
f 1737/1737/1737 1733/1733/1733 1734/1734/1734
f 1584/1584/1584 1585/1585/1585 1586/1586/1586
f 1632/1632/1632 1584/1584/1584 1586/1586/1586
f 1585/1585/1585 1734/1734/1734 1587/1587/1587
f 1585/1585/1585 1587/1587/1587 1586/1586/1586
f 1734/1734/1734 1733/1733/1733 1728/1728/1728
f 1734/1734/1734 1728/1728/1728 1587/1587/1587
f 1733/1733/1733 1732/1732/1732 1728/1728/1728
f 1732/1732/1732 1729/1729/1729 1728/1728/1728
f 1729/1729/1729 1724/1724/1724 1728/1728/1728
f 1728/1728/1728 1724/1724/1724 1587/1587/1587
f 1729/1729/1729 1725/1725/1725 1724/1724/1724
f 1724/1724/1724 1589/1589/1589 1587/1587/1587
f 1587/1587/1587 1589/1589/1589 1586/1586/1586
f 1725/1725/1725 1720/1720/1720 1724/1724/1724
f 1724/1724/1724 1720/1720/1720 1589/1589/1589
f 1725/1725/1725 1721/1721/1721 1720/1720/1720
f 1589/1589/1589 1588/1588/1588 1586/1586/1586
f 1721/1721/1721 1716/1716/1716 1720/1720/1720
f 1721/1721/1721 1717/1717/1717 1716/1716/1716
f 1720/1720/1720 1591/1591/1591 1589/1589/1589
f 1720/1720/1720 1716/1716/1716 1591/1591/1591
f 1589/1589/1589 1591/1591/1591 1588/1588/1588
f 1717/1717/1717 1712/1712/1712 1716/1716/1716
f 1717/1717/1717 1713/1713/1713 1712/1712/1712
f 1716/1716/1716 1593/1593/1593 1591/1591/1591
f 1716/1716/1716 1712/1712/1712 1593/1593/1593
f 1591/1591/1591 1590/1590/1590 1588/1588/1588
f 1591/1591/1591 1593/1593/1593 1590/1590/1590
f 1713/1713/1713 1706/1706/1706 1712/1712/1712
f 1713/1713/1713 1708/1708/1708 1706/1706/1706
f 1708/1708/1708 1707/1707/1707 1706/1706/1706
f 1712/1712/1712 1595/1595/1595 1593/1593/1593
f 1712/1712/1712 1706/1706/1706 1595/1595/1595
f 1593/1593/1593 1592/1592/1592 1590/1590/1590
f 1593/1593/1593 1595/1595/1595 1592/1592/1592
f 1706/1706/1706 1707/1707/1707 1597/1597/1597
f 1706/1706/1706 1597/1597/1597 1595/1595/1595
f 1595/1595/1595 1594/1594/1594 1592/1592/1592
f 1595/1595/1595 1597/1597/1597 1594/1594/1594
f 1602/1602/1602 1590/1590/1590 1592/1592/1592
f 1602/1602/1602 1588/1588/1588 1590/1590/1590
f 1594/1594/1594 1602/1602/1602 1592/1592/1592
f 1602/1602/1602 1586/1586/1586 1588/1588/1588
f 1632/1632/1632 1586/1586/1586 1602/1602/1602
f 1597/1597/1597 1596/1596/1596 1594/1594/1594
f 1602/1602/1602 1594/1594/1594 1596/1596/1596
f 1707/1707/1707 1599/1599/1599 1597/1597/1597
f 1597/1597/1597 1599/1599/1599 1596/1596/1596
f 1707/1707/1707 1703/1703/1703 1599/1599/1599
f 1599/1599/1599 1598/1598/1598 1596/1596/1596
f 1598/1598/1598 1602/1602/1602 1596/1596/1596
f 1703/1703/1703 1601/1601/1601 1599/1599/1599
f 1599/1599/1599 1601/1601/1601 1598/1598/1598
f 1703/1703/1703 1699/1699/1699 1601/1601/1601
f 1699/1699/1699 1603/1603/1603 1601/1601/1601
f 1601/1601/1601 1600/1600/1600 1598/1598/1598
f 1601/1601/1601 1603/1603/1603 1600/1600/1600
f 1602/1602/1602 1598/1598/1598 1600/1600/1600
f 1603/1603/1603 1602/1602/1602 1600/1600/1600
f 1603/1603/1603 1605/1605/1605 1602/1602/1602
f 1632/1632/1632 1602/1602/1602 1604/1604/1604
f 1605/1605/1605 1604/1604/1604 1602/1602/1602
f 1604/1604/1604 1634/1634/1634 1632/1632/1632
f 1634/1634/1634 1633/1633/1633 1632/1632/1632
f 1604/1604/1604 1605/1605/1605 1606/1606/1606
f 1604/1604/1604 1630/1630/1630 1634/1634/1634
f 1633/1633/1633 1634/1634/1634 1630/1630/1630
f 1604/1604/1604 1606/1606/1606 1630/1630/1630
f 1605/1605/1605 1607/1607/1607 1606/1606/1606
f 1605/1605/1605 1688/1688/1688 1607/1607/1607
f 1630/1630/1630 1606/1606/1606 1608/1608/1608
f 1606/1606/1606 1607/1607/1607 1608/1608/1608
f 1631/1631/1631 1633/1633/1633 1630/1630/1630
f 1642/1642/1642 1633/1633/1633 1631/1631/1631
f 1688/1688/1688 1685/1685/1685 1607/1607/1607
f 1688/1688/1688 1687/1687/1687 1685/1685/1685
f 1631/1631/1631 1630/1630/1630 1628/1628/1628
f 1628/1628/1628 1630/1630/1630 1608/1608/1608
f 1641/1641/1641 1642/1642/1642 1631/1631/1631
f 1639/1639/1639 1642/1642/1642 1641/1641/1641
f 1629/1629/1629 1631/1631/1631 1628/1628/1628
f 1641/1641/1641 1631/1631/1631 1629/1629/1629
f 1608/1608/1608 1626/1626/1626 1628/1628/1628
f 1629/1629/1629 1628/1628/1628 1626/1626/1626
f 1638/1638/1638 1639/1639/1639 1641/1641/1641
f 1640/1640/1640 1639/1639/1639 1638/1638/1638
f 1650/1650/1650 1640/1640/1640 1638/1638/1638
f 1651/1651/1651 1641/1641/1641 1629/1629/1629
f 1638/1638/1638 1641/1641/1641 1651/1651/1651
f 1650/1650/1650 1638/1638/1638 1649/1649/1649
f 1649/1649/1649 1638/1638/1638 1651/1651/1651
f 1653/1653/1653 1650/1650/1650 1649/1649/1649
f 1651/1651/1651 1629/1629/1629 1627/1627/1627
f 1627/1627/1627 1629/1629/1629 1626/1626/1626
f 1649/1649/1649 1651/1651/1651 1654/1654/1654
f 1654/1654/1654 1651/1651/1651 1627/1627/1627
f 1653/1653/1653 1649/1649/1649 1652/1652/1652
f 1652/1652/1652 1649/1649/1649 1654/1654/1654
f 1656/1656/1656 1653/1653/1653 1652/1652/1652
f 1654/1654/1654 1627/1627/1627 1625/1625/1625
f 1656/1656/1656 1652/1652/1652 1655/1655/1655
f 1659/1659/1659 1656/1656/1656 1655/1655/1655
f 1652/1652/1652 1654/1654/1654 1657/1657/1657
f 1655/1655/1655 1652/1652/1652 1657/1657/1657
f 1657/1657/1657 1654/1654/1654 1625/1625/1625
f 1659/1659/1659 1655/1655/1655 1658/1658/1658
f 1662/1662/1662 1659/1659/1659 1658/1658/1658
f 1655/1655/1655 1657/1657/1657 1660/1660/1660
f 1658/1658/1658 1655/1655/1655 1660/1660/1660
f 1657/1657/1657 1625/1625/1625 1623/1623/1623
f 1660/1660/1660 1657/1657/1657 1623/1623/1623
f 1662/1662/1662 1658/1658/1658 1661/1661/1661
f 1665/1665/1665 1662/1662/1662 1661/1661/1661
f 1658/1658/1658 1660/1660/1660 1663/1663/1663
f 1661/1661/1661 1658/1658/1658 1663/1663/1663
f 1660/1660/1660 1623/1623/1623 1621/1621/1621
f 1663/1663/1663 1660/1660/1660 1621/1621/1621
f 1665/1665/1665 1661/1661/1661 1664/1664/1664
f 1667/1667/1667 1665/1665/1665 1664/1664/1664
f 1668/1668/1668 1667/1667/1667 1664/1664/1664
f 1661/1661/1661 1663/1663/1663 1666/1666/1666
f 1664/1664/1664 1661/1661/1661 1666/1666/1666
f 1669/1669/1669 1668/1668/1668 1664/1664/1664
f 1669/1669/1669 1664/1664/1664 1666/1666/1666
f 1671/1671/1671 1668/1668/1668 1669/1669/1669
f 1666/1666/1666 1663/1663/1663 1619/1619/1619
f 1663/1663/1663 1621/1621/1621 1619/1619/1619
f 1670/1670/1670 1669/1669/1669 1666/1666/1666
f 1670/1670/1670 1666/1666/1666 1619/1619/1619
f 1672/1672/1672 1671/1671/1671 1669/1669/1669
f 1672/1672/1672 1669/1669/1669 1670/1670/1670
f 1674/1674/1674 1671/1671/1671 1672/1672/1672
f 1617/1617/1617 1670/1670/1670 1619/1619/1619
f 1675/1675/1675 1674/1674/1674 1672/1672/1672
f 1677/1677/1677 1674/1674/1674 1675/1675/1675
f 1673/1673/1673 1672/1672/1672 1670/1670/1670
f 1675/1675/1675 1672/1672/1672 1673/1673/1673
f 1673/1673/1673 1670/1670/1670 1617/1617/1617
f 1678/1678/1678 1677/1677/1677 1675/1675/1675
f 1680/1680/1680 1677/1677/1677 1678/1678/1678
f 1676/1676/1676 1675/1675/1675 1673/1673/1673
f 1678/1678/1678 1675/1675/1675 1676/1676/1676
f 1615/1615/1615 1673/1673/1673 1617/1617/1617
f 1676/1676/1676 1673/1673/1673 1615/1615/1615
f 1617/1617/1617 1619/1619/1619 1618/1618/1618
f 1619/1619/1619 1621/1621/1621 1618/1618/1618
f 1615/1615/1615 1617/1617/1617 1616/1616/1616
f 1616/1616/1616 1617/1617/1617 1618/1618/1618
f 1621/1621/1621 1620/1620/1620 1618/1618/1618
f 1616/1616/1616 1618/1618/1618 1620/1620/1620
f 1621/1621/1621 1623/1623/1623 1620/1620/1620
f 1614/1614/1614 1615/1615/1615 1616/1616/1616
f 1623/1623/1623 1622/1622/1622 1620/1620/1620
f 1620/1620/1620 1622/1622/1622 1616/1616/1616
f 1622/1622/1622 1614/1614/1614 1616/1616/1616
f 1623/1623/1623 1625/1625/1625 1622/1622/1622
f 1613/1613/1613 1615/1615/1615 1614/1614/1614
f 1613/1613/1613 1676/1676/1676 1615/1615/1615
f 1622/1622/1622 1612/1612/1612 1614/1614/1614
f 1612/1612/1612 1613/1613/1613 1614/1614/1614
f 1625/1625/1625 1624/1624/1624 1622/1622/1622
f 1612/1612/1612 1622/1622/1622 1624/1624/1624
f 1625/1625/1625 1627/1627/1627 1624/1624/1624
f 1627/1627/1627 1626/1626/1626 1624/1624/1624
f 1610/1610/1610 1624/1624/1624 1626/1626/1626
f 1624/1624/1624 1610/1610/1610 1612/1612/1612
f 1626/1626/1626 1608/1608/1608 1610/1610/1610
f 1611/1611/1611 1613/1613/1613 1612/1612/1612
f 1610/1610/1610 1611/1611/1611 1612/1612/1612
f 1679/1679/1679 1676/1676/1676 1613/1613/1613
f 1611/1611/1611 1679/1679/1679 1613/1613/1613
f 1679/1679/1679 1678/1678/1678 1676/1676/1676
f 1608/1608/1608 1609/1609/1609 1610/1610/1610
f 1609/1609/1609 1611/1611/1611 1610/1610/1610
f 1607/1607/1607 1609/1609/1609 1608/1608/1608
f 1607/1607/1607 1685/1685/1685 1609/1609/1609
f 1609/1609/1609 1682/1682/1682 1611/1611/1611
f 1685/1685/1685 1682/1682/1682 1609/1609/1609
f 1682/1682/1682 1679/1679/1679 1611/1611/1611
f 1681/1681/1681 1678/1678/1678 1679/1679/1679
f 1682/1682/1682 1681/1681/1681 1679/1679/1679
f 1681/1681/1681 1680/1680/1680 1678/1678/1678
f 1683/1683/1683 1680/1680/1680 1681/1681/1681
f 1685/1685/1685 1684/1684/1684 1682/1682/1682
f 1684/1684/1684 1681/1681/1681 1682/1682/1682
f 1684/1684/1684 1683/1683/1683 1681/1681/1681
f 1687/1687/1687 1684/1684/1684 1685/1685/1685
f 1686/1686/1686 1683/1683/1683 1684/1684/1684
f 1687/1687/1687 1686/1686/1686 1684/1684/1684
f 1637/1637/1637 1636/1636/1636 1635/1635/1635
f 1783/1783/1783 1637/1637/1637 1635/1635/1635
f 1636/1636/1636 1637/1637/1637 1990/1990/1990
f 1784/1784/1784 1637/1637/1637 1783/1783/1783
f 1794/1794/1794 1784/1784/1784 1783/1783/1783
f 1637/1637/1637 1871/1871/1871 1990/1990/1990
f 1637/1637/1637 1784/1784/1784 1871/1871/1871
f 1990/1990/1990 1871/1871/1871 1870/1870/1870
f 1795/1795/1795 1784/1784/1784 1794/1794/1794
f 1808/1808/1808 1795/1795/1795 1794/1794/1794
f 1784/1784/1784 1855/1855/1855 1871/1871/1871
f 1784/1784/1784 1795/1795/1795 1855/1855/1855
f 1871/1871/1871 1854/1854/1854 1870/1870/1870
f 1871/1871/1871 1855/1855/1855 1854/1854/1854
f 1870/1870/1870 1854/1854/1854 1912/1912/1912
f 1767/1767/1767 1795/1795/1795 1808/1808/1808
f 1766/1766/1766 1767/1767/1767 1808/1808/1808
f 1854/1854/1854 1903/1903/1903 1912/1912/1912
f 1912/1912/1912 1903/1903/1903 1948/1948/1948
f 1855/1855/1855 1838/1838/1838 1854/1854/1854
f 1854/1854/1854 1838/1838/1838 1903/1903/1903
f 1795/1795/1795 1839/1839/1839 1855/1855/1855
f 1855/1855/1855 1839/1839/1839 1838/1838/1838
f 1795/1795/1795 1767/1767/1767 1839/1839/1839
f 1903/1903/1903 1939/1939/1939 1948/1948/1948
f 1948/1948/1948 1939/1939/1939 1985/1985/1985
f 1939/1939/1939 1976/1976/1976 1985/1985/1985
f 1838/1838/1838 1895/1895/1895 1903/1903/1903
f 1903/1903/1903 1895/1895/1895 1939/1939/1939
f 1939/1939/1939 1931/1931/1931 1976/1976/1976
f 1895/1895/1895 1931/1931/1931 1939/1939/1939
f 1931/1931/1931 1968/1968/1968 1976/1976/1976
f 1838/1838/1838 1815/1815/1815 1895/1895/1895
f 1839/1839/1839 1815/1815/1815 1838/1838/1838
f 1895/1895/1895 1880/1880/1880 1931/1931/1931
f 1815/1815/1815 1880/1880/1880 1895/1895/1895
f 1931/1931/1931 1916/1916/1916 1968/1968/1968
f 1880/1880/1880 1916/1916/1916 1931/1931/1931
f 1916/1916/1916 1953/1953/1953 1968/1968/1968
f 1839/1839/1839 1817/1817/1817 1815/1815/1815
f 1767/1767/1767 1817/1817/1817 1839/1839/1839
f 1815/1815/1815 1816/1816/1816 1880/1880/1880
f 1817/1817/1817 1816/1816/1816 1815/1815/1815
f 1880/1880/1880 1881/1881/1881 1916/1916/1916
f 1816/1816/1816 1881/1881/1881 1880/1880/1880
f 1916/1916/1916 1917/1917/1917 1953/1953/1953
f 1881/1881/1881 1917/1917/1917 1916/1916/1916
f 1917/1917/1917 1954/1954/1954 1953/1953/1953
f 1816/1816/1816 1857/1857/1857 1881/1881/1881
f 1917/1917/1917 1940/1940/1940 1954/1954/1954
f 1940/1940/1940 1977/1977/1977 1954/1954/1954
f 1969/1969/1969 1977/1977/1977 1940/1940/1940
f 1881/1881/1881 1904/1904/1904 1917/1917/1917
f 1904/1904/1904 1940/1940/1940 1917/1917/1917
f 1857/1857/1857 1904/1904/1904 1881/1881/1881
f 1932/1932/1932 1969/1969/1969 1940/1940/1940
f 1932/1932/1932 1940/1940/1940 1904/1904/1904
f 1955/1955/1955 1969/1969/1969 1932/1932/1932
f 1896/1896/1896 1904/1904/1904 1857/1857/1857
f 1896/1896/1896 1932/1932/1932 1904/1904/1904
f 1918/1918/1918 1955/1955/1955 1932/1932/1932
f 1918/1918/1918 1932/1932/1932 1896/1896/1896
f 1956/1956/1956 1955/1955/1955 1918/1918/1918
f 1856/1856/1856 1857/1857/1857 1816/1816/1816
f 1817/1817/1817 1856/1856/1856 1816/1816/1816
f 1841/1841/1841 1896/1896/1896 1857/1857/1857
f 1841/1841/1841 1857/1857/1857 1856/1856/1856
f 1882/1882/1882 1918/1918/1918 1896/1896/1896
f 1882/1882/1882 1896/1896/1896 1841/1841/1841
f 1919/1919/1919 1956/1956/1956 1918/1918/1918
f 1919/1919/1919 1918/1918/1918 1882/1882/1882
f 1978/1978/1978 1956/1956/1956 1919/1919/1919
f 1819/1819/1819 1882/1882/1882 1841/1841/1841
f 1941/1941/1941 1978/1978/1978 1919/1919/1919
f 1979/1979/1979 1978/1978/1978 1941/1941/1941
f 1942/1942/1942 1979/1979/1979 1941/1941/1941
f 1883/1883/1883 1919/1919/1919 1882/1882/1882
f 1941/1941/1941 1919/1919/1919 1883/1883/1883
f 1883/1883/1883 1882/1882/1882 1819/1819/1819
f 1942/1942/1942 1941/1941/1941 1905/1905/1905
f 1905/1905/1905 1941/1941/1941 1883/1883/1883
f 1906/1906/1906 1942/1942/1942 1905/1905/1905
f 1820/1820/1820 1883/1883/1883 1819/1819/1819
f 1905/1905/1905 1883/1883/1883 1820/1820/1820
f 1906/1906/1906 1905/1905/1905 1859/1859/1859
f 1859/1859/1859 1905/1905/1905 1820/1820/1820
f 1860/1860/1860 1906/1906/1906 1859/1859/1859
f 1819/1819/1819 1841/1841/1841 1840/1840/1840
f 1840/1840/1840 1841/1841/1841 1856/1856/1856
f 1820/1820/1820 1819/1819/1819 1818/1818/1818
f 1818/1818/1818 1819/1819/1819 1840/1840/1840
f 1859/1859/1859 1820/1820/1820 1872/1872/1872
f 1872/1872/1872 1820/1820/1820 1818/1818/1818
f 1860/1860/1860 1859/1859/1859 1858/1858/1858
f 1858/1858/1858 1859/1859/1859 1872/1872/1872
f 1992/1992/1992 1860/1860/1860 1858/1858/1858
f 1872/1872/1872 1818/1818/1818 1796/1796/1796
f 1992/1992/1992 1858/1858/1858 1770/1770/1770
f 1787/1787/1787 1992/1992/1992 1770/1770/1770
f 1788/1788/1788 1787/1787/1787 1770/1770/1770
f 1771/1771/1771 1788/1788/1788 1770/1770/1770
f 1858/1858/1858 1872/1872/1872 1769/1769/1769
f 1770/1770/1770 1858/1858/1858 1769/1769/1769
f 1771/1771/1771 1770/1770/1770 1769/1769/1769
f 1769/1769/1769 1872/1872/1872 1796/1796/1796
f 1809/1809/1809 1771/1771/1771 1769/1769/1769
f 1809/1809/1809 1769/1769/1769 1796/1796/1796
f 1797/1797/1797 1809/1809/1809 1796/1796/1796
f 1796/1796/1796 1818/1818/1818 1785/1785/1785
f 1797/1797/1797 1796/1796/1796 1785/1785/1785
f 1818/1818/1818 1840/1840/1840 1785/1785/1785
f 1786/1786/1786 1797/1797/1797 1785/1785/1785
f 1785/1785/1785 1840/1840/1840 1768/1768/1768
f 1786/1786/1786 1785/1785/1785 1768/1768/1768
f 1840/1840/1840 1856/1856/1856 1768/1768/1768
f 1768/1768/1768 1856/1856/1856 1817/1817/1817
f 2740/2740/2740 1786/1786/1786 1768/1768/1768
f 1767/1767/1767 1768/1768/1768 1817/1817/1817
f 2740/2740/2740 1768/1768/1768 1766/1766/1766
f 1768/1768/1768 1767/1767/1767 1766/1766/1766
f 1645/1645/1645 1644/1644/1644 1643/1643/1643
f 1643/1643/1643 1644/1644/1644 1646/1646/1646
f 1782/1782/1782 1645/1645/1645 1643/1643/1643
f 2738/2738/2738 1646/1646/1646 1648/1648/1648
f 1646/1646/1646 1647/1647/1647 1648/1648/1648
f 1644/1644/1644 1647/1647/1647 1646/1646/1646
f 1647/1647/1647 1644/1644/1644 1761/1761/1761
f 1644/1644/1644 1759/1759/1759 1761/1761/1761
f 1644/1644/1644 1645/1645/1645 1759/1759/1759
f 1761/1761/1761 1759/1759/1759 1758/1758/1758
f 1759/1759/1759 1756/1756/1756 1758/1758/1758
f 1645/1645/1645 1757/1757/1757 1759/1759/1759
f 1759/1759/1759 1757/1757/1757 1756/1756/1756
f 1645/1645/1645 1782/1782/1782 1780/1780/1780
f 1645/1645/1645 1780/1780/1780 1757/1757/1757
f 1757/1757/1757 1753/1753/1753 1756/1756/1756
f 1756/1756/1756 1753/1753/1753 1751/1751/1751
f 1753/1753/1753 1752/1752/1752 1751/1751/1751
f 1780/1780/1780 1810/1810/1810 1757/1757/1757
f 1757/1757/1757 1810/1810/1810 1753/1753/1753
f 1753/1753/1753 1802/1802/1802 1752/1752/1752
f 1810/1810/1810 1802/1802/1802 1753/1753/1753
f 1802/1802/1802 1801/1801/1801 1752/1752/1752
f 1780/1780/1780 1988/1988/1988 1810/1810/1810
f 1802/1802/1802 1830/1830/1830 1801/1801/1801
f 1830/1830/1830 1850/1850/1850 1801/1801/1801
f 1810/1810/1810 1875/1875/1875 1802/1802/1802
f 1875/1875/1875 1830/1830/1830 1802/1802/1802
f 1988/1988/1988 1875/1875/1875 1810/1810/1810
f 1830/1830/1830 1831/1831/1831 1850/1850/1850
f 1831/1831/1831 1851/1851/1851 1850/1850/1850
f 1875/1875/1875 1832/1832/1832 1830/1830/1830
f 1832/1832/1832 1831/1831/1831 1830/1830/1830
f 1988/1988/1988 1852/1852/1852 1875/1875/1875
f 1852/1852/1852 1832/1832/1832 1875/1875/1875
f 1780/1780/1780 1781/1781/1781 1988/1988/1988
f 1782/1782/1782 1781/1781/1781 1780/1780/1780
f 1988/1988/1988 1853/1853/1853 1852/1852/1852
f 1781/1781/1781 1853/1853/1853 1988/1988/1988
f 1793/1793/1793 1781/1781/1781 1782/1782/1782
f 1781/1781/1781 1793/1793/1793 1853/1853/1853
f 1806/1806/1806 1793/1793/1793 1782/1782/1782
f 2742/2742/2742 1807/1807/1807 1806/1806/1806
f 1807/1807/1807 1793/1793/1793 1806/1806/1806
f 1793/1793/1793 1807/1807/1807 1837/1837/1837
f 1793/1793/1793 1837/1837/1837 1853/1853/1853
f 1807/1807/1807 1765/1765/1765 1837/1837/1837
f 1853/1853/1853 1836/1836/1836 1852/1852/1852
f 1853/1853/1853 1837/1837/1837 1836/1836/1836
f 1837/1837/1837 1765/1765/1765 1763/1763/1763
f 1837/1837/1837 1763/1763/1763 1836/1836/1836
f 1765/1765/1765 1764/1764/1764 1763/1763/1763
f 1852/1852/1852 1836/1836/1836 1902/1902/1902
f 1852/1852/1852 1902/1902/1902 1832/1832/1832
f 1836/1836/1836 1763/1763/1763 1894/1894/1894
f 1836/1836/1836 1894/1894/1894 1902/1902/1902
f 1763/1763/1763 1764/1764/1764 1813/1813/1813
f 1763/1763/1763 1813/1813/1813 1894/1894/1894
f 1764/1764/1764 1814/1814/1814 1813/1813/1813
f 1902/1902/1902 1889/1889/1889 1832/1832/1832
f 1832/1832/1832 1889/1889/1889 1831/1831/1831
f 1813/1813/1813 1814/1814/1814 1878/1878/1878
f 1814/1814/1814 1879/1879/1879 1878/1878/1878
f 1879/1879/1879 1915/1915/1915 1914/1914/1914
f 1878/1878/1878 1879/1879/1879 1914/1914/1914
f 1878/1878/1878 1914/1914/1914 1967/1967/1967
f 1813/1813/1813 1878/1878/1878 1930/1930/1930
f 1930/1930/1930 1878/1878/1878 1967/1967/1967
f 1894/1894/1894 1813/1813/1813 1930/1930/1930
f 1930/1930/1930 1967/1967/1967 1975/1975/1975
f 1902/1902/1902 1894/1894/1894 1938/1938/1938
f 1894/1894/1894 1930/1930/1930 1938/1938/1938
f 1938/1938/1938 1930/1930/1930 1975/1975/1975
f 1902/1902/1902 1938/1938/1938 1889/1889/1889
f 1938/1938/1938 1975/1975/1975 1923/1923/1923
f 1938/1938/1938 1923/1923/1923 1889/1889/1889
f 1975/1975/1975 1966/1966/1966 1923/1923/1923
f 1889/1889/1889 1888/1888/1888 1831/1831/1831
f 1889/1889/1889 1923/1923/1923 1888/1888/1888
f 1831/1831/1831 1888/1888/1888 1851/1851/1851
f 1888/1888/1888 1900/1900/1900 1851/1851/1851
f 1923/1923/1923 1966/1966/1966 1922/1922/1922
f 1923/1923/1923 1922/1922/1922 1888/1888/1888
f 1888/1888/1888 1922/1922/1922 1900/1900/1900
f 1966/1966/1966 1965/1965/1965 1922/1922/1922
f 1922/1922/1922 1935/1935/1935 1900/1900/1900
f 1922/1922/1922 1965/1965/1965 1935/1935/1935
f 1965/1965/1965 1971/1971/1971 1935/1935/1935
f 1691/1691/1691 1690/1690/1690 1689/1689/1689
f 1693/1693/1693 1691/1691/1691 1689/1689/1689
f 1693/1693/1693 1689/1689/1689 1692/1692/1692
f 1692/1692/1692 1695/1695/1695 1694/1694/1694
f 1698/1698/1698 1692/1692/1692 1694/1694/1694
f 1698/1698/1698 1693/1693/1693 1692/1692/1692
f 1693/1693/1693 1698/1698/1698 1697/1697/1697
f 1696/1696/1696 1693/1693/1693 1697/1697/1697
f 1691/1691/1691 1693/1693/1693 1696/1696/1696
f 1696/1696/1696 1697/1697/1697 1702/1702/1702
f 1700/1700/1700 1696/1696/1696 1702/1702/1702
f 1701/1701/1701 1691/1691/1691 1696/1696/1696
f 1701/1701/1701 1696/1696/1696 1700/1700/1700
f 1691/1691/1691 1773/1773/1773 1690/1690/1690
f 1691/1691/1691 1701/1701/1701 1773/1773/1773
f 1705/1705/1705 1701/1701/1701 1700/1700/1700
f 1705/1705/1705 1700/1700/1700 1704/1704/1704
f 1812/1812/1812 1705/1705/1705 1704/1704/1704
f 1701/1701/1701 1792/1792/1792 1773/1773/1773
f 1701/1701/1701 1705/1705/1705 1792/1792/1792
f 1705/1705/1705 1812/1812/1812 1803/1803/1803
f 1705/1705/1705 1803/1803/1803 1792/1792/1792
f 1812/1812/1812 1811/1811/1811 1803/1803/1803
f 1773/1773/1773 1792/1792/1792 1989/1989/1989
f 1803/1803/1803 1811/1811/1811 1845/1845/1845
f 1811/1811/1811 1835/1835/1835 1845/1845/1845
f 1792/1792/1792 1803/1803/1803 1862/1862/1862
f 1803/1803/1803 1845/1845/1845 1862/1862/1862
f 1792/1792/1792 1862/1862/1862 1989/1989/1989
f 1845/1845/1845 1835/1835/1835 1833/1833/1833
f 1835/1835/1835 1834/1834/1834 1833/1833/1833
f 1862/1862/1862 1845/1845/1845 1844/1844/1844
f 1845/1845/1845 1833/1833/1833 1844/1844/1844
f 1989/1989/1989 1862/1862/1862 1861/1861/1861
f 1862/1862/1862 1844/1844/1844 1861/1861/1861
f 1833/1833/1833 1834/1834/1834 1890/1890/1890
f 1834/1834/1834 1891/1891/1891 1890/1890/1890
f 1844/1844/1844 1833/1833/1833 1901/1901/1901
f 1833/1833/1833 1890/1890/1890 1901/1901/1901
f 1861/1861/1861 1844/1844/1844 1907/1907/1907
f 1844/1844/1844 1901/1901/1901 1907/1907/1907
f 1890/1890/1890 1891/1891/1891 1924/1924/1924
f 1891/1891/1891 1925/1925/1925 1924/1924/1924
f 1901/1901/1901 1890/1890/1890 1936/1936/1936
f 1890/1890/1890 1924/1924/1924 1936/1936/1936
f 1925/1925/1925 1960/1960/1960 1959/1959/1959
f 1924/1924/1924 1925/1925/1925 1959/1959/1959
f 1924/1924/1924 1959/1959/1959 1972/1972/1972
f 1936/1936/1936 1924/1924/1924 1972/1972/1972
f 1936/1936/1936 1972/1972/1972 1983/1983/1983
f 1901/1901/1901 1936/1936/1936 1947/1947/1947
f 1947/1947/1947 1936/1936/1936 1983/1983/1983
f 1907/1907/1907 1901/1901/1901 1947/1947/1947
f 1947/1947/1947 1983/1983/1983 1921/1921/1921
f 1983/1983/1983 1958/1958/1958 1921/1921/1921
f 1907/1907/1907 1947/1947/1947 1885/1885/1885
f 1947/1947/1947 1921/1921/1921 1885/1885/1885
f 1921/1921/1921 1958/1958/1958 1920/1920/1920
f 1958/1958/1958 1957/1957/1957 1920/1920/1920
f 1957/1957/1957 1970/1970/1970 1933/1933/1933
f 1920/1920/1920 1957/1957/1957 1933/1933/1933
f 1920/1920/1920 1933/1933/1933 1897/1897/1897
f 1921/1921/1921 1920/1920/1920 1884/1884/1884
f 1884/1884/1884 1920/1920/1920 1897/1897/1897
f 1885/1885/1885 1921/1921/1921 1884/1884/1884
f 1884/1884/1884 1897/1897/1897 1843/1843/1843
f 1907/1907/1907 1885/1885/1885 1823/1823/1823
f 1861/1861/1861 1907/1907/1907 1823/1823/1823
f 1885/1885/1885 1884/1884/1884 1822/1822/1822
f 1822/1822/1822 1884/1884/1884 1843/1843/1843
f 1823/1823/1823 1885/1885/1885 1822/1822/1822
f 1822/1822/1822 1843/1843/1843 1842/1842/1842
f 1861/1861/1861 1823/1823/1823 1873/1873/1873
f 1989/1989/1989 1861/1861/1861 1873/1873/1873
f 1823/1823/1823 1822/1822/1822 1821/1821/1821
f 1821/1821/1821 1822/1822/1822 1842/1842/1842
f 1873/1873/1873 1823/1823/1823 1821/1821/1821
f 1821/1821/1821 1842/1842/1842 1798/1798/1798
f 1989/1989/1989 1873/1873/1873 1772/1772/1772
f 1773/1773/1773 1989/1989/1989 1772/1772/1772
f 1773/1773/1773 1772/1772/1772 1690/1690/1690
f 1873/1873/1873 1821/1821/1821 1799/1799/1799
f 1772/1772/1772 1873/1873/1873 1799/1799/1799
f 1690/1690/1690 1772/1772/1772 1799/1799/1799
f 1799/1799/1799 1821/1821/1821 1798/1798/1798
f 1800/1800/1800 1690/1690/1690 1799/1799/1799
f 1800/1800/1800 1799/1799/1799 1798/1798/1798
f 2741/2741/2741 1800/1800/1800 1798/1798/1798
f 1711/1711/1711 1710/1710/1710 1709/1709/1709
f 1715/1715/1715 1711/1711/1711 1709/1709/1709
f 1715/1715/1715 1709/1709/1709 1714/1714/1714
f 1711/1711/1711 1715/1715/1715 1774/1774/1774
f 1719/1719/1719 1715/1715/1715 1714/1714/1714
f 1719/1719/1719 1714/1714/1714 1718/1718/1718
f 1715/1715/1715 1775/1775/1775 1774/1774/1774
f 1715/1715/1715 1719/1719/1719 1775/1775/1775
f 1774/1774/1774 1775/1775/1775 1987/1987/1987
f 1723/1723/1723 1719/1719/1719 1718/1718/1718
f 1723/1723/1723 1718/1718/1718 1722/1722/1722
f 1719/1719/1719 1790/1790/1790 1775/1775/1775
f 1719/1719/1719 1723/1723/1723 1790/1790/1790
f 1775/1775/1775 1877/1877/1877 1987/1987/1987
f 1775/1775/1775 1790/1790/1790 1877/1877/1877
f 1987/1987/1987 1877/1877/1877 1876/1876/1876
f 1727/1727/1727 1723/1723/1723 1722/1722/1722
f 1727/1727/1727 1722/1722/1722 1726/1726/1726
f 1877/1877/1877 1863/1863/1863 1876/1876/1876
f 1876/1876/1876 1863/1863/1863 1913/1913/1913
f 1790/1790/1790 1864/1864/1864 1877/1877/1877
f 1877/1877/1877 1864/1864/1864 1863/1863/1863
f 1723/1723/1723 1805/1805/1805 1790/1790/1790
f 1790/1790/1790 1805/1805/1805 1864/1864/1864
f 1723/1723/1723 1727/1727/1727 1805/1805/1805
f 1863/1863/1863 1908/1908/1908 1913/1913/1913
f 1913/1913/1913 1908/1908/1908 1949/1949/1949
f 1864/1864/1864 1846/1846/1846 1863/1863/1863
f 1863/1863/1863 1846/1846/1846 1908/1908/1908
f 1805/1805/1805 1847/1847/1847 1864/1864/1864
f 1864/1864/1864 1847/1847/1847 1846/1846/1846
f 1908/1908/1908 1943/1943/1943 1949/1949/1949
f 1949/1949/1949 1943/1943/1943 1986/1986/1986
f 1943/1943/1943 1984/1984/1984 1986/1986/1986
f 1846/1846/1846 1898/1898/1898 1908/1908/1908
f 1908/1908/1908 1898/1898/1898 1943/1943/1943
f 1943/1943/1943 1937/1937/1937 1984/1984/1984
f 1898/1898/1898 1937/1937/1937 1943/1943/1943
f 1937/1937/1937 1973/1973/1973 1984/1984/1984
f 1846/1846/1846 1824/1824/1824 1898/1898/1898
f 1847/1847/1847 1824/1824/1824 1846/1846/1846
f 1898/1898/1898 1892/1892/1892 1937/1937/1937
f 1824/1824/1824 1892/1892/1892 1898/1898/1898
f 1937/1937/1937 1926/1926/1926 1973/1973/1973
f 1892/1892/1892 1926/1926/1926 1937/1937/1937
f 1926/1926/1926 1961/1961/1961 1973/1973/1973
f 1824/1824/1824 1825/1825/1825 1892/1892/1892
f 1926/1926/1926 1927/1927/1927 1961/1961/1961
f 1927/1927/1927 1962/1962/1962 1961/1961/1961
f 1892/1892/1892 1893/1893/1893 1926/1926/1926
f 1893/1893/1893 1927/1927/1927 1926/1926/1926
f 1825/1825/1825 1893/1893/1893 1892/1892/1892
f 1927/1927/1927 1944/1944/1944 1962/1962/1962
f 1944/1944/1944 1980/1980/1980 1962/1962/1962
f 1974/1974/1974 1980/1980/1980 1944/1944/1944
f 1893/1893/1893 1909/1909/1909 1927/1927/1927
f 1909/1909/1909 1944/1944/1944 1927/1927/1927
f 1934/1934/1934 1974/1974/1974 1944/1944/1944
f 1934/1934/1934 1944/1944/1944 1909/1909/1909
f 1963/1963/1963 1974/1974/1974 1934/1934/1934
f 1866/1866/1866 1909/1909/1909 1893/1893/1893
f 1825/1825/1825 1866/1866/1866 1893/1893/1893
f 1899/1899/1899 1934/1934/1934 1909/1909/1909
f 1899/1899/1899 1909/1909/1909 1866/1866/1866
f 1928/1928/1928 1963/1963/1963 1934/1934/1934
f 1928/1928/1928 1934/1934/1934 1899/1899/1899
f 1964/1964/1964 1963/1963/1963 1928/1928/1928
f 1849/1849/1849 1899/1899/1899 1866/1866/1866
f 1929/1929/1929 1964/1964/1964 1928/1928/1928
f 1981/1981/1981 1964/1964/1964 1929/1929/1929
f 1886/1886/1886 1928/1928/1928 1899/1899/1899
f 1929/1929/1929 1928/1928/1928 1886/1886/1886
f 1886/1886/1886 1899/1899/1899 1849/1849/1849
f 1945/1945/1945 1981/1981/1981 1929/1929/1929
f 1982/1982/1982 1981/1981/1981 1945/1945/1945
f 1946/1946/1946 1982/1982/1982 1945/1945/1945
f 1887/1887/1887 1929/1929/1929 1886/1886/1886
f 1945/1945/1945 1929/1929/1929 1887/1887/1887
f 1946/1946/1946 1945/1945/1945 1910/1910/1910
f 1910/1910/1910 1945/1945/1945 1887/1887/1887
f 1911/1911/1911 1946/1946/1946 1910/1910/1910
f 1887/1887/1887 1886/1886/1886 1828/1828/1828
f 1828/1828/1828 1886/1886/1886 1849/1849/1849
f 1910/1910/1910 1887/1887/1887 1829/1829/1829
f 1829/1829/1829 1887/1887/1887 1828/1828/1828
f 1911/1911/1911 1910/1910/1910 1868/1868/1868
f 1868/1868/1868 1910/1910/1910 1829/1829/1829
f 1869/1869/1869 1911/1911/1911 1868/1868/1868
f 1829/1829/1829 1828/1828/1828 1827/1827/1827
f 1869/1869/1869 1868/1868/1868 1867/1867/1867
f 1991/1991/1991 1869/1869/1869 1867/1867/1867
f 1868/1868/1868 1829/1829/1829 1874/1874/1874
f 1867/1867/1867 1868/1868/1868 1874/1874/1874
f 1874/1874/1874 1829/1829/1829 1827/1827/1827
f 1991/1991/1991 1867/1867/1867 1777/1777/1777
f 1791/1791/1791 1991/1991/1991 1777/1777/1777
f 1867/1867/1867 1874/1874/1874 1776/1776/1776
f 1777/1777/1777 1867/1867/1867 1776/1776/1776
f 1874/1874/1874 1827/1827/1827 1804/1804/1804
f 1776/1776/1776 1874/1874/1874 1804/1804/1804
f 1791/1791/1791 1777/1777/1777 1744/1744/1744
f 1748/1748/1748 1791/1791/1791 1744/1744/1744
f 2739/2739/2739 1748/1748/1748 1747/1747/1747
f 1748/1748/1748 1744/1744/1744 1747/1747/1747
f 1747/1747/1747 1744/1744/1744 1743/1743/1743
f 1744/1744/1744 1777/1777/1777 1740/1740/1740
f 1744/1744/1744 1740/1740/1740 1743/1743/1743
f 1777/1777/1777 1776/1776/1776 1740/1740/1740
f 1743/1743/1743 1740/1740/1740 1739/1739/1739
f 1740/1740/1740 1776/1776/1776 1736/1736/1736
f 1740/1740/1740 1736/1736/1736 1739/1739/1739
f 1776/1776/1776 1804/1804/1804 1736/1736/1736
f 1739/1739/1739 1736/1736/1736 1735/1735/1735
f 1736/1736/1736 1731/1731/1731 1735/1735/1735
f 1736/1736/1736 1804/1804/1804 1731/1731/1731
f 1735/1735/1735 1731/1731/1731 1726/1726/1726
f 1804/1804/1804 1789/1789/1789 1731/1731/1731
f 1804/1804/1804 1827/1827/1827 1789/1789/1789
f 1731/1731/1731 1730/1730/1730 1726/1726/1726
f 1731/1731/1731 1789/1789/1789 1730/1730/1730
f 1730/1730/1730 1727/1727/1727 1726/1726/1726
f 1827/1827/1827 1848/1848/1848 1789/1789/1789
f 1827/1827/1827 1828/1828/1828 1848/1848/1848
f 1828/1828/1828 1849/1849/1849 1848/1848/1848
f 1789/1789/1789 1779/1779/1779 1730/1730/1730
f 1789/1789/1789 1848/1848/1848 1779/1779/1779
f 1727/1727/1727 1730/1730/1730 1778/1778/1778
f 1730/1730/1730 1779/1779/1779 1778/1778/1778
f 1727/1727/1727 1778/1778/1778 1805/1805/1805
f 1805/1805/1805 1778/1778/1778 1847/1847/1847
f 1848/1848/1848 1849/1849/1849 1865/1865/1865
f 1848/1848/1848 1865/1865/1865 1779/1779/1779
f 1849/1849/1849 1866/1866/1866 1865/1865/1865
f 1865/1865/1865 1866/1866/1866 1825/1825/1825
f 1778/1778/1778 1779/1779/1779 1826/1826/1826
f 1779/1779/1779 1865/1865/1865 1826/1826/1826
f 1778/1778/1778 1826/1826/1826 1847/1847/1847
f 1826/1826/1826 1865/1865/1865 1825/1825/1825
f 1847/1847/1847 1826/1826/1826 1824/1824/1824
f 1826/1826/1826 1825/1825/1825 1824/1824/1824
f 1952/1952/1952 1951/1951/1951 1950/1950/1950
f 1950/1950/1950 2757/2757/2757 2756/2756/2756
f 1951/1951/1951 2758/2758/2758 1950/1950/1950
f 1950/1950/1950 2756/2756/2756 2753/2753/2753
f 1950/1950/1950 2753/2753/2753 1952/1952/1952
f 2753/2753/2753 2756/2756/2756 2755/2755/2755
f 2753/2753/2753 2755/2755/2755 2754/2754/2754
f 2758/2758/2758 2760/2760/2760 2759/2759/2759
f 2758/2758/2758 2761/2761/2761 2760/2760/2760
f 1952/1952/1952 2753/2753/2753 2744/2744/2744
f 2744/2744/2744 2743/2743/2743 1952/1952/1952
f 2744/2744/2744 2745/2745/2745 2743/2743/2743
f 2744/2744/2744 2746/2746/2746 2745/2745/2745
f 2746/2746/2746 2744/2744/2744 2747/2747/2747
f 2744/2744/2744 2753/2753/2753 2748/2748/2748
f 2748/2748/2748 2753/2753/2753 2750/2750/2750
f 2750/2750/2750 2749/2749/2749 2748/2748/2748
f 2752/2752/2752 2748/2748/2748 2749/2749/2749
f 2752/2752/2752 2749/2749/2749 2751/2751/2751
f 2763/2763/2763 2762/2762/2762 2761/2761/2761
f 2758/2758/2758 2763/2763/2763 2761/2761/2761
f 2765/2765/2765 2764/2764/2764 2763/2763/2763
f 2763/2763/2763 2758/2758/2758 2767/2767/2767
f 2763/2763/2763 2767/2767/2767 2765/2765/2765
f 1951/1951/1951 2767/2767/2767 2758/2758/2758
f 2767/2767/2767 2766/2766/2766 2765/2765/2765
f 2767/2767/2767 1951/1951/1951 2771/2771/2771
f 2767/2767/2767 2771/2771/2771 2770/2770/2770
f 2767/2767/2767 2770/2770/2770 2769/2769/2769
f 2769/2769/2769 2768/2768/2768 2767/2767/2767
f 1995/1995/1995 1994/1994/1994 1993/1993/1993
f 1994/1994/1994 1997/1997/1997 1993/1993/1993
f 1997/1997/1997 1996/1996/1996 1993/1993/1993
f 2723/2723/2723 1997/1997/1997 1994/1994/1994
f 1993/1993/1993 1996/1996/1996 2022/2022/2022
f 1996/1996/1996 2023/2023/2023 2022/2022/2022
f 2022/2022/2022 2023/2023/2023 2037/2037/2037
f 2722/2722/2722 2723/2723/2723 1994/1994/1994
f 2036/2036/2036 2022/2022/2022 2037/2037/2037
f 2722/2722/2722 2709/2709/2709 2723/2723/2723
f 2709/2709/2709 2710/2710/2710 2723/2723/2723
f 2737/2737/2737 2722/2722/2722 1994/1994/1994
f 1995/1995/1995 2737/2737/2737 1994/1994/1994
f 2708/2708/2708 2709/2709/2709 2722/2722/2722
f 2737/2737/2737 2708/2708/2708 2722/2722/2722
f 2709/2709/2709 2692/2692/2692 2710/2710/2710
f 2692/2692/2692 2709/2709/2709 2708/2708/2708
f 2692/2692/2692 2693/2693/2693 2710/2710/2710
f 2677/2677/2677 2693/2693/2693 2692/2692/2692
f 1993/1993/1993 2022/2022/2022 2021/2021/2021
f 2021/2021/2021 2022/2022/2022 2036/2036/2036
f 2676/2676/2676 2677/2677/2677 2692/2692/2692
f 2678/2678/2678 2677/2677/2677 2676/2676/2676
f 2661/2661/2661 2678/2678/2678 2676/2676/2676
f 2020/2020/2020 1993/1993/1993 2021/2021/2021
f 2020/2020/2020 1995/1995/1995 1993/1993/1993
f 2691/2691/2691 2676/2676/2676 2692/2692/2692
f 1995/1995/1995 2020/2020/2020 2018/2018/2018
f 2675/2675/2675 2661/2661/2661 2676/2676/2676
f 2691/2691/2691 2675/2675/2675 2676/2676/2676
f 2018/2018/2018 2020/2020/2020 2035/2035/2035
f 2020/2020/2020 2021/2021/2021 2035/2035/2035
f 2019/2019/2019 1995/1995/1995 2018/2018/2018
f 2737/2737/2737 1995/1995/1995 2019/2019/2019
f 2017/2017/2017 2018/2018/2018 2035/2035/2035
f 2019/2019/2019 2018/2018/2018 2017/2017/2017
f 2048/2048/2048 2017/2017/2017 2035/2035/2035
f 2775/2775/2775 2019/2019/2019 2017/2017/2017
f 2775/2775/2775 2735/2735/2735 2019/2019/2019
f 2048/2048/2048 2035/2035/2035 2047/2047/2047
f 2035/2035/2035 2021/2021/2021 2047/2047/2047
f 2063/2063/2063 2048/2048/2048 2047/2047/2047
f 2735/2735/2735 2736/2736/2736 2019/2019/2019
f 2736/2736/2736 2737/2737/2737 2019/2019/2019
f 2721/2721/2721 2736/2736/2736 2735/2735/2735
f 2736/2736/2736 2721/2721/2721 2737/2737/2737
f 2721/2721/2721 2708/2708/2708 2737/2737/2737
f 2720/2720/2720 2721/2721/2721 2735/2735/2735
f 2707/2707/2707 2692/2692/2692 2708/2708/2708
f 2707/2707/2707 2708/2708/2708 2721/2721/2721
f 2707/2707/2707 2691/2691/2691 2692/2692/2692
f 2706/2706/2706 2721/2721/2721 2720/2720/2720
f 2706/2706/2706 2707/2707/2707 2721/2721/2721
f 2705/2705/2705 2706/2706/2706 2720/2720/2720
f 2690/2690/2690 2691/2691/2691 2707/2707/2707
f 2706/2706/2706 2690/2690/2690 2707/2707/2707
f 2690/2690/2690 2706/2706/2706 2705/2705/2705
f 2675/2675/2675 2691/2691/2691 2690/2690/2690
f 2689/2689/2689 2690/2690/2690 2705/2705/2705
f 2673/2673/2673 2690/2690/2690 2689/2689/2689
f 2673/2673/2673 2675/2675/2675 2690/2690/2690
f 2672/2672/2672 2673/2673/2673 2689/2689/2689
f 2831/2831/2831 2674/2674/2674 2672/2672/2672
f 2674/2674/2674 2673/2673/2673 2672/2672/2672
f 2640/2640/2640 2675/2675/2675 2673/2673/2673
f 2674/2674/2674 2640/2640/2640 2673/2673/2673
f 2675/2675/2675 2640/2640/2640 2661/2661/2661
f 2674/2674/2674 2660/2660/2660 2640/2640/2640
f 2640/2640/2640 2641/2641/2641 2661/2661/2661
f 2660/2660/2660 2659/2659/2659 2640/2640/2640
f 2642/2642/2642 2641/2641/2641 2640/2640/2640
f 2659/2659/2659 2642/2642/2642 2640/2640/2640
f 2021/2021/2021 2049/2049/2049 2047/2047/2047
f 2049/2049/2049 2021/2021/2021 2036/2036/2036
f 2063/2063/2063 2047/2047/2047 2062/2062/2062
f 2047/2047/2047 2049/2049/2049 2062/2062/2062
f 2080/2080/2080 2063/2063/2063 2062/2062/2062
f 2049/2049/2049 2036/2036/2036 2050/2050/2050
f 2036/2036/2036 2037/2037/2037 2050/2050/2050
f 2037/2037/2037 2051/2051/2051 2050/2050/2050
f 2050/2050/2050 2051/2051/2051 2067/2067/2067
f 2066/2066/2066 2050/2050/2050 2067/2067/2067
f 2064/2064/2064 2049/2049/2049 2050/2050/2050
f 2049/2049/2049 2064/2064/2064 2062/2062/2062
f 2064/2064/2064 2050/2050/2050 2065/2065/2065
f 2062/2062/2062 2064/2064/2064 2065/2065/2065
f 2050/2050/2050 2066/2066/2066 2065/2065/2065
f 2080/2080/2080 2062/2062/2062 2079/2079/2079
f 2079/2079/2079 2062/2062/2062 2065/2065/2065
f 2096/2096/2096 2080/2080/2080 2079/2079/2079
f 2065/2065/2065 2066/2066/2066 2081/2081/2081
f 2079/2079/2079 2065/2065/2065 2081/2081/2081
f 2066/2066/2066 2082/2082/2082 2081/2081/2081
f 2081/2081/2081 2082/2082/2082 2097/2097/2097
f 2112/2112/2112 2081/2081/2081 2097/2097/2097
f 2081/2081/2081 2112/2112/2112 2111/2111/2111
f 2095/2095/2095 2081/2081/2081 2111/2111/2111
f 2095/2095/2095 2079/2079/2079 2081/2081/2081
f 2096/2096/2096 2079/2079/2079 2095/2095/2095
f 2781/2781/2781 2096/2096/2096 2095/2095/2095
f 2000/2000/2000 1999/1999/1999 1998/1998/1998
f 2772/2772/2772 2000/2000/2000 1998/1998/1998
f 2772/2772/2772 1998/1998/1998 2024/2024/2024
f 2724/2724/2724 1999/1999/1999 2000/2000/2000
f 2835/2835/2835 2724/2724/2724 2000/2000/2000
f 2835/2835/2835 2725/2725/2725 2724/2724/2724
f 1999/1999/1999 2002/2002/2002 1998/1998/1998
f 1999/1999/1999 2724/2724/2724 2002/2002/2002
f 2002/2002/2002 2001/2001/2001 1998/1998/1998
f 2724/2724/2724 2726/2726/2726 2002/2002/2002
f 1998/1998/1998 2001/2001/2001 2026/2026/2026
f 2724/2724/2724 2711/2711/2711 2726/2726/2726
f 2725/2725/2725 2711/2711/2711 2724/2724/2724
f 2711/2711/2711 2712/2712/2712 2726/2726/2726
f 2725/2725/2725 2694/2694/2694 2711/2711/2711
f 2025/2025/2025 1998/1998/1998 2026/2026/2026
f 1998/1998/1998 2025/2025/2025 2024/2024/2024
f 2711/2711/2711 2695/2695/2695 2712/2712/2712
f 2694/2694/2694 2695/2695/2695 2711/2711/2711
f 2695/2695/2695 2696/2696/2696 2712/2712/2712
f 2680/2680/2680 2696/2696/2696 2695/2695/2695
f 2024/2024/2024 2025/2025/2025 2038/2038/2038
f 2025/2025/2025 2026/2026/2026 2038/2038/2038
f 2776/2776/2776 2024/2024/2024 2038/2038/2038
f 2026/2026/2026 2039/2039/2039 2038/2038/2038
f 2776/2776/2776 2038/2038/2038 2052/2052/2052
f 2038/2038/2038 2039/2039/2039 2054/2054/2054
f 2038/2038/2038 2053/2053/2053 2052/2052/2052
f 2053/2053/2053 2038/2038/2038 2054/2054/2054
f 2052/2052/2052 2053/2053/2053 2068/2068/2068
f 2053/2053/2053 2054/2054/2054 2069/2069/2069
f 2053/2053/2053 2069/2069/2069 2068/2068/2068
f 2054/2054/2054 2070/2070/2070 2069/2069/2069
f 2069/2069/2069 2070/2070/2070 2086/2086/2086
f 2780/2780/2780 2068/2068/2068 2083/2083/2083
f 2085/2085/2085 2069/2069/2069 2086/2086/2086
f 2085/2085/2085 2086/2086/2086 2100/2100/2100
f 2068/2068/2068 2069/2069/2069 2084/2084/2084
f 2069/2069/2069 2085/2085/2085 2084/2084/2084
f 2068/2068/2068 2084/2084/2084 2083/2083/2083
f 2099/2099/2099 2085/2085/2085 2100/2100/2100
f 2084/2084/2084 2085/2085/2085 2099/2099/2099
f 2083/2083/2083 2084/2084/2084 2098/2098/2098
f 2098/2098/2098 2084/2084/2084 2099/2099/2099
f 2117/2117/2117 2083/2083/2083 2098/2098/2098
f 2099/2099/2099 2100/2100/2100 2118/2118/2118
f 2117/2117/2117 2098/2098/2098 2116/2116/2116
f 2098/2098/2098 2099/2099/2099 2116/2116/2116
f 2099/2099/2099 2118/2118/2118 2116/2116/2116
f 2136/2136/2136 2117/2117/2117 2116/2116/2116
f 2100/2100/2100 2119/2119/2119 2118/2118/2118
f 2100/2100/2100 2121/2121/2121 2119/2119/2119
f 2121/2121/2121 2120/2120/2120 2119/2119/2119
f 2118/2118/2118 2119/2119/2119 2137/2137/2137
f 2116/2116/2116 2118/2118/2118 2137/2137/2137
f 2119/2119/2119 2138/2138/2138 2137/2137/2137
f 2136/2136/2136 2116/2116/2116 2135/2135/2135
f 2135/2135/2135 2116/2116/2116 2137/2137/2137
f 2784/2784/2784 2136/2136/2136 2135/2135/2135
f 2137/2137/2137 2138/2138/2138 2153/2153/2153
f 2135/2135/2135 2137/2137/2137 2153/2153/2153
f 2138/2138/2138 2154/2154/2154 2153/2153/2153
f 2167/2167/2167 2135/2135/2135 2153/2153/2153
f 2153/2153/2153 2154/2154/2154 2166/2166/2166
f 2167/2167/2167 2153/2153/2153 2166/2166/2166
f 2154/2154/2154 2168/2168/2168 2166/2166/2166
f 2181/2181/2181 2167/2167/2167 2166/2166/2166
f 2166/2166/2166 2168/2168/2168 2183/2183/2183
f 2181/2181/2181 2166/2166/2166 2183/2183/2183
f 2168/2168/2168 2184/2184/2184 2183/2183/2183
f 2168/2168/2168 2186/2186/2186 2184/2184/2184
f 2186/2186/2186 2185/2185/2185 2184/2184/2184
f 2180/2180/2180 2181/2181/2181 2183/2183/2183
f 2182/2182/2182 2181/2181/2181 2180/2180/2180
f 2789/2789/2789 2182/2182/2182 2180/2180/2180
f 2789/2789/2789 2180/2180/2180 2197/2197/2197
f 2184/2184/2184 2185/2185/2185 2200/2200/2200
f 2185/2185/2185 2201/2201/2201 2200/2200/2200
f 2183/2183/2183 2184/2184/2184 2199/2199/2199
f 2184/2184/2184 2200/2200/2200 2199/2199/2199
f 2180/2180/2180 2183/2183/2183 2199/2199/2199
f 2200/2200/2200 2201/2201/2201 2214/2214/2214
f 2199/2199/2199 2200/2200/2200 2214/2214/2214
f 2201/2201/2201 2215/2215/2215 2214/2214/2214
f 2180/2180/2180 2198/2198/2198 2197/2197/2197
f 2198/2198/2198 2180/2180/2180 2199/2199/2199
f 2197/2197/2197 2198/2198/2198 2211/2211/2211
f 2214/2214/2214 2215/2215/2215 2229/2229/2229
f 2198/2198/2198 2212/2212/2212 2211/2211/2211
f 2198/2198/2198 2199/2199/2199 2212/2212/2212
f 2213/2213/2213 2199/2199/2199 2214/2214/2214
f 2199/2199/2199 2213/2213/2213 2212/2212/2212
f 2228/2228/2228 2214/2214/2214 2229/2229/2229
f 2213/2213/2213 2214/2214/2214 2227/2227/2227
f 2212/2212/2212 2213/2213/2213 2227/2227/2227
f 2214/2214/2214 2228/2228/2228 2227/2227/2227
f 2211/2211/2211 2212/2212/2212 2226/2226/2226
f 2226/2226/2226 2212/2212/2212 2227/2227/2227
f 2794/2794/2794 2211/2211/2211 2226/2226/2226
f 2794/2794/2794 2226/2226/2226 2242/2242/2242
f 2228/2228/2228 2229/2229/2229 2245/2245/2245
f 2229/2229/2229 2246/2246/2246 2245/2245/2245
f 2226/2226/2226 2243/2243/2243 2242/2242/2242
f 2226/2226/2226 2227/2227/2227 2243/2243/2243
f 2242/2242/2242 2243/2243/2243 2256/2256/2256
f 2227/2227/2227 2228/2228/2228 2244/2244/2244
f 2227/2227/2227 2244/2244/2244 2243/2243/2243
f 2228/2228/2228 2245/2245/2245 2244/2244/2244
f 2243/2243/2243 2257/2257/2257 2256/2256/2256
f 2243/2243/2243 2244/2244/2244 2257/2257/2257
f 2256/2256/2256 2257/2257/2257 2274/2274/2274
f 2245/2245/2245 2246/2246/2246 2259/2259/2259
f 2244/2244/2244 2245/2245/2245 2259/2259/2259
f 2246/2246/2246 2260/2260/2260 2259/2259/2259
f 2244/2244/2244 2258/2258/2258 2257/2257/2257
f 2258/2258/2258 2244/2244/2244 2259/2259/2259
f 2257/2257/2257 2275/2275/2275 2274/2274/2274
f 2274/2274/2274 2275/2275/2275 2293/2293/2293
f 2257/2257/2257 2258/2258/2258 2276/2276/2276
f 2275/2275/2275 2257/2257/2257 2276/2276/2276
f 2258/2258/2258 2259/2259/2259 2276/2276/2276
f 2275/2275/2275 2294/2294/2294 2293/2293/2293
f 2275/2275/2275 2276/2276/2276 2294/2294/2294
f 2259/2259/2259 2260/2260/2260 2277/2277/2277
f 2259/2259/2259 2277/2277/2277 2276/2276/2276
f 2260/2260/2260 2278/2278/2278 2277/2277/2277
f 2277/2277/2277 2278/2278/2278 2297/2297/2297
f 2276/2276/2276 2295/2295/2295 2294/2294/2294
f 2276/2276/2276 2277/2277/2277 2295/2295/2295
f 2296/2296/2296 2277/2277/2277 2297/2297/2297
f 2277/2277/2277 2296/2296/2296 2295/2295/2295
f 2296/2296/2296 2297/2297/2297 2310/2310/2310
f 2297/2297/2297 2311/2311/2311 2310/2310/2310
f 2295/2295/2295 2296/2296/2296 2309/2309/2309
f 2294/2294/2294 2295/2295/2295 2309/2309/2309
f 2296/2296/2296 2310/2310/2310 2309/2309/2309
f 2310/2310/2310 2311/2311/2311 2325/2325/2325
f 2293/2293/2293 2294/2294/2294 2308/2308/2308
f 2308/2308/2308 2294/2294/2294 2309/2309/2309
f 2799/2799/2799 2293/2293/2293 2308/2308/2308
f 2799/2799/2799 2308/2308/2308 2321/2321/2321
f 2309/2309/2309 2310/2310/2310 2324/2324/2324
f 2324/2324/2324 2310/2310/2310 2325/2325/2325
f 2308/2308/2308 2309/2309/2309 2323/2323/2323
f 2323/2323/2323 2309/2309/2309 2324/2324/2324
f 2308/2308/2308 2322/2322/2322 2321/2321/2321
f 2322/2322/2322 2308/2308/2308 2323/2323/2323
f 2324/2324/2324 2325/2325/2325 2337/2337/2337
f 2323/2323/2323 2324/2324/2324 2337/2337/2337
f 2325/2325/2325 2338/2338/2338 2337/2337/2337
f 2321/2321/2321 2322/2322/2322 2335/2335/2335
f 2352/2352/2352 2321/2321/2321 2335/2335/2335
f 2322/2322/2322 2323/2323/2323 2336/2336/2336
f 2335/2335/2335 2322/2322/2322 2336/2336/2336
f 2336/2336/2336 2323/2323/2323 2337/2337/2337
f 2352/2352/2352 2335/2335/2335 2351/2351/2351
f 2335/2335/2335 2336/2336/2336 2351/2351/2351
f 2803/2803/2803 2352/2352/2352 2351/2351/2351
f 2337/2337/2337 2338/2338/2338 2354/2354/2354
f 2336/2336/2336 2337/2337/2337 2354/2354/2354
f 2338/2338/2338 2355/2355/2355 2354/2354/2354
f 2803/2803/2803 2351/2351/2351 2366/2366/2366
f 2353/2353/2353 2336/2336/2336 2354/2354/2354
f 2336/2336/2336 2353/2353/2353 2351/2351/2351
f 2354/2354/2354 2355/2355/2355 2369/2369/2369
f 2353/2353/2353 2354/2354/2354 2369/2369/2369
f 2355/2355/2355 2370/2370/2370 2369/2369/2369
f 2369/2369/2369 2370/2370/2370 2382/2382/2382
f 2351/2351/2351 2353/2353/2353 2368/2368/2368
f 2368/2368/2368 2353/2353/2353 2369/2369/2369
f 2351/2351/2351 2367/2367/2367 2366/2366/2366
f 2367/2367/2367 2351/2351/2351 2368/2368/2368
f 2366/2366/2366 2367/2367/2367 2379/2379/2379
f 2367/2367/2367 2368/2368/2368 2379/2379/2379
f 2807/2807/2807 2366/2366/2366 2379/2379/2379
f 2807/2807/2807 2379/2379/2379 2394/2394/2394
f 2368/2368/2368 2369/2369/2369 2380/2380/2380
f 2368/2368/2368 2380/2380/2380 2379/2379/2379
f 2381/2381/2381 2369/2369/2369 2382/2382/2382
f 2369/2369/2369 2381/2381/2381 2380/2380/2380
f 2381/2381/2381 2382/2382/2382 2398/2398/2398
f 2379/2379/2379 2380/2380/2380 2395/2395/2395
f 2379/2379/2379 2395/2395/2395 2394/2394/2394
f 2380/2380/2380 2381/2381/2381 2396/2396/2396
f 2380/2380/2380 2396/2396/2396 2395/2395/2395
f 2397/2397/2397 2381/2381/2381 2398/2398/2398
f 2381/2381/2381 2397/2397/2397 2396/2396/2396
f 2394/2394/2394 2395/2395/2395 2408/2408/2408
f 2809/2809/2809 2394/2394/2394 2408/2408/2408
f 2809/2809/2809 2408/2408/2408 2422/2422/2422
f 2395/2395/2395 2396/2396/2396 2409/2409/2409
f 2408/2408/2408 2395/2395/2395 2409/2409/2409
f 2396/2396/2396 2397/2397/2397 2409/2409/2409
f 2408/2408/2408 2423/2423/2423 2422/2422/2422
f 2408/2408/2408 2409/2409/2409 2423/2423/2423
f 2422/2422/2422 2423/2423/2423 2437/2437/2437
f 2397/2397/2397 2398/2398/2398 2410/2410/2410
f 2397/2397/2397 2410/2410/2410 2409/2409/2409
f 2398/2398/2398 2411/2411/2411 2410/2410/2410
f 2410/2410/2410 2411/2411/2411 2426/2426/2426
f 2409/2409/2409 2424/2424/2424 2423/2423/2423
f 2409/2409/2409 2410/2410/2410 2424/2424/2424
f 2425/2425/2425 2410/2410/2410 2426/2426/2426
f 2410/2410/2410 2425/2425/2425 2424/2424/2424
f 2425/2425/2425 2426/2426/2426 2441/2441/2441
f 2423/2423/2423 2424/2424/2424 2438/2438/2438
f 2423/2423/2423 2438/2438/2438 2437/2437/2437
f 2424/2424/2424 2425/2425/2425 2440/2440/2440
f 2440/2440/2440 2425/2425/2425 2441/2441/2441
f 2424/2424/2424 2439/2439/2439 2438/2438/2438
f 2439/2439/2439 2424/2424/2424 2440/2440/2440
f 2437/2437/2437 2438/2438/2438 2453/2453/2453
f 2813/2813/2813 2437/2437/2437 2453/2453/2453
f 2813/2813/2813 2453/2453/2453 2467/2467/2467
f 2440/2440/2440 2441/2441/2441 2455/2455/2455
f 2439/2439/2439 2440/2440/2440 2455/2455/2455
f 2441/2441/2441 2456/2456/2456 2455/2455/2455
f 2455/2455/2455 2456/2456/2456 2471/2471/2471
f 2438/2438/2438 2439/2439/2439 2454/2454/2454
f 2454/2454/2454 2439/2439/2439 2455/2455/2455
f 2453/2453/2453 2438/2438/2438 2454/2454/2454
f 2470/2470/2470 2455/2455/2455 2471/2471/2471
f 2454/2454/2454 2455/2455/2455 2470/2470/2470
f 2453/2453/2453 2468/2468/2468 2467/2467/2467
f 2453/2453/2453 2454/2454/2454 2468/2468/2468
f 2470/2470/2470 2471/2471/2471 2486/2486/2486
f 2471/2471/2471 2487/2487/2487 2486/2486/2486
f 2469/2469/2469 2454/2454/2454 2470/2470/2470
f 2454/2454/2454 2469/2469/2469 2468/2468/2468
f 2469/2469/2469 2470/2470/2470 2485/2485/2485
f 2468/2468/2468 2469/2469/2469 2485/2485/2485
f 2470/2470/2470 2486/2486/2486 2485/2485/2485
f 2467/2467/2467 2468/2468/2468 2484/2484/2484
f 2484/2484/2484 2468/2468/2468 2485/2485/2485
f 2502/2502/2502 2467/2467/2467 2484/2484/2484
f 2486/2486/2486 2487/2487/2487 2504/2504/2504
f 2485/2485/2485 2486/2486/2486 2504/2504/2504
f 2487/2487/2487 2505/2505/2505 2504/2504/2504
f 2502/2502/2502 2484/2484/2484 2501/2501/2501
f 2484/2484/2484 2485/2485/2485 2501/2501/2501
f 2818/2818/2818 2502/2502/2502 2501/2501/2501
f 2818/2818/2818 2501/2501/2501 2517/2517/2517
f 2503/2503/2503 2485/2485/2485 2504/2504/2504
f 2485/2485/2485 2503/2503/2503 2501/2501/2501
f 2504/2504/2504 2505/2505/2505 2520/2520/2520
f 2505/2505/2505 2521/2521/2521 2520/2520/2520
f 2520/2520/2520 2521/2521/2521 2535/2535/2535
f 2503/2503/2503 2504/2504/2504 2519/2519/2519
f 2501/2501/2501 2503/2503/2503 2519/2519/2519
f 2504/2504/2504 2520/2520/2520 2519/2519/2519
f 2501/2501/2501 2518/2518/2518 2517/2517/2517
f 2518/2518/2518 2501/2501/2501 2519/2519/2519
f 2517/2517/2517 2518/2518/2518 2532/2532/2532
f 2518/2518/2518 2519/2519/2519 2532/2532/2532
f 2548/2548/2548 2517/2517/2517 2532/2532/2532
f 2519/2519/2519 2520/2520/2520 2533/2533/2533
f 2519/2519/2519 2533/2533/2533 2532/2532/2532
f 2534/2534/2534 2520/2520/2520 2535/2535/2535
f 2520/2520/2520 2534/2534/2534 2533/2533/2533
f 2534/2534/2534 2535/2535/2535 2551/2551/2551
f 2548/2548/2548 2532/2532/2532 2547/2547/2547
f 2532/2532/2532 2533/2533/2533 2547/2547/2547
f 2820/2820/2820 2548/2548/2548 2547/2547/2547
f 2820/2820/2820 2547/2547/2547 2563/2563/2563
f 2547/2547/2547 2564/2564/2564 2563/2563/2563
f 2550/2550/2550 2534/2534/2534 2551/2551/2551
f 2533/2533/2533 2534/2534/2534 2550/2550/2550
f 2550/2550/2550 2551/2551/2551 2567/2567/2567
f 2566/2566/2566 2550/2550/2550 2567/2567/2567
f 2533/2533/2533 2549/2549/2549 2547/2547/2547
f 2549/2549/2549 2533/2533/2533 2550/2550/2550
f 2547/2547/2547 2549/2549/2549 2564/2564/2564
f 2549/2549/2549 2550/2550/2550 2566/2566/2566
f 2549/2549/2549 2565/2565/2565 2564/2564/2564
f 2565/2565/2565 2549/2549/2549 2566/2566/2566
f 2564/2564/2564 2565/2565/2565 2580/2580/2580
f 2565/2565/2565 2566/2566/2566 2582/2582/2582
f 2565/2565/2565 2581/2581/2581 2580/2580/2580
f 2581/2581/2581 2565/2565/2565 2582/2582/2582
f 2581/2581/2581 2582/2582/2582 2598/2598/2598
f 2580/2580/2580 2581/2581/2581 2596/2596/2596
f 2597/2597/2597 2581/2581/2581 2598/2598/2598
f 2581/2581/2581 2597/2597/2597 2596/2596/2596
f 2597/2597/2597 2598/2598/2598 2615/2615/2615
f 2823/2823/2823 2596/2596/2596 2612/2612/2612
f 2596/2596/2596 2597/2597/2597 2613/2613/2613
f 2596/2596/2596 2613/2613/2613 2612/2612/2612
f 2614/2614/2614 2597/2597/2597 2615/2615/2615
f 2597/2597/2597 2614/2614/2614 2613/2613/2613
f 2612/2612/2612 2613/2613/2613 2627/2627/2627
f 2613/2613/2613 2614/2614/2614 2627/2627/2627
f 2825/2825/2825 2612/2612/2612 2627/2627/2627
f 2825/2825/2825 2627/2627/2627 2643/2643/2643
f 2614/2614/2614 2615/2615/2615 2628/2628/2628
f 2614/2614/2614 2628/2628/2628 2627/2627/2627
f 2615/2615/2615 2629/2629/2629 2628/2628/2628
f 2615/2615/2615 2631/2631/2631 2629/2629/2629
f 2631/2631/2631 2630/2630/2630 2629/2629/2629
f 2628/2628/2628 2629/2629/2629 2646/2646/2646
f 2627/2627/2627 2628/2628/2628 2645/2645/2645
f 2645/2645/2645 2628/2628/2628 2646/2646/2646
f 2627/2627/2627 2644/2644/2644 2643/2643/2643
f 2644/2644/2644 2627/2627/2627 2645/2645/2645
f 2645/2645/2645 2646/2646/2646 2663/2663/2663
f 2644/2644/2644 2645/2645/2645 2663/2663/2663
f 2646/2646/2646 2664/2664/2664 2663/2663/2663
f 2663/2663/2663 2664/2664/2664 2680/2680/2680
f 2643/2643/2643 2644/2644/2644 2662/2662/2662
f 2662/2662/2662 2644/2644/2644 2663/2663/2663
f 2829/2829/2829 2643/2643/2643 2662/2662/2662
f 2679/2679/2679 2663/2663/2663 2680/2680/2680
f 2662/2662/2662 2663/2663/2663 2679/2679/2679
f 2679/2679/2679 2680/2680/2680 2695/2695/2695
f 2832/2832/2832 2662/2662/2662 2679/2679/2679
f 2679/2679/2679 2695/2695/2695 2694/2694/2694
f 2832/2832/2832 2679/2679/2679 2694/2694/2694
f 2005/2005/2005 2004/2004/2004 2003/2003/2003
f 2773/2773/2773 2005/2005/2005 2003/2003/2003
f 2773/2773/2773 2003/2003/2003 2027/2027/2027
f 2727/2727/2727 2004/2004/2004 2005/2005/2005
f 2836/2836/2836 2727/2727/2727 2005/2005/2005
f 2836/2836/2836 2728/2728/2728 2727/2727/2727
f 2003/2003/2003 2028/2028/2028 2027/2027/2027
f 2027/2027/2027 2028/2028/2028 2040/2040/2040
f 2728/2728/2728 2713/2713/2713 2727/2727/2727
f 2728/2728/2728 2697/2697/2697 2713/2713/2713
f 2028/2028/2028 2041/2041/2041 2040/2040/2040
f 2727/2727/2727 2713/2713/2713 2729/2729/2729
f 2727/2727/2727 2729/2729/2729 2004/2004/2004
f 2028/2028/2028 2003/2003/2003 2029/2029/2029
f 2028/2028/2028 2029/2029/2029 2041/2041/2041
f 2003/2003/2003 2004/2004/2004 2006/2006/2006
f 2003/2003/2003 2006/2006/2006 2029/2029/2029
f 2004/2004/2004 2007/2007/2007 2006/2006/2006
f 2729/2729/2729 2007/2007/2007 2004/2004/2004
f 2006/2006/2006 2007/2007/2007 2008/2008/2008
f 2006/2006/2006 2008/2008/2008 2029/2029/2029
f 2007/2007/2007 2729/2729/2729 2009/2009/2009
f 2007/2007/2007 2009/2009/2009 2008/2008/2008
f 2029/2029/2029 2042/2042/2042 2041/2041/2041
f 2008/2008/2008 2009/2009/2009 2010/2010/2010
f 2009/2009/2009 2011/2011/2011 2010/2010/2010
f 2008/2008/2008 2010/2010/2010 2031/2031/2031
f 2731/2731/2731 2011/2011/2011 2009/2009/2009
f 2030/2030/2030 2008/2008/2008 2031/2031/2031
f 2008/2008/2008 2030/2030/2030 2029/2029/2029
f 2730/2730/2730 2731/2731/2731 2009/2009/2009
f 2729/2729/2729 2730/2730/2730 2009/2009/2009
f 2716/2716/2716 2731/2731/2731 2730/2730/2730
f 2029/2029/2029 2030/2030/2030 2043/2043/2043
f 2030/2030/2030 2031/2031/2031 2043/2043/2043
f 2042/2042/2042 2029/2029/2029 2043/2043/2043
f 2031/2031/2031 2044/2044/2044 2043/2043/2043
f 2715/2715/2715 2716/2716/2716 2730/2730/2730
f 2715/2715/2715 2730/2730/2730 2729/2729/2729
f 2043/2043/2043 2044/2044/2044 2057/2057/2057
f 2044/2044/2044 2058/2058/2058 2057/2057/2057
f 2042/2042/2042 2043/2043/2043 2056/2056/2056
f 2043/2043/2043 2057/2057/2057 2056/2056/2056
f 2041/2041/2041 2042/2042/2042 2056/2056/2056
f 2056/2056/2056 2057/2057/2057 2074/2074/2074
f 2714/2714/2714 2715/2715/2715 2729/2729/2729
f 2713/2713/2713 2714/2714/2714 2729/2729/2729
f 2715/2715/2715 2700/2700/2700 2716/2716/2716
f 2700/2700/2700 2715/2715/2715 2714/2714/2714
f 2700/2700/2700 2701/2701/2701 2716/2716/2716
f 2713/2713/2713 2698/2698/2698 2714/2714/2714
f 2697/2697/2697 2698/2698/2698 2713/2713/2713
f 2684/2684/2684 2702/2702/2702 2701/2701/2701
f 2700/2700/2700 2684/2684/2684 2701/2701/2701
f 2698/2698/2698 2699/2699/2699 2714/2714/2714
f 2699/2699/2699 2700/2700/2700 2714/2714/2714
f 2683/2683/2683 2684/2684/2684 2700/2700/2700
f 2699/2699/2699 2683/2683/2683 2700/2700/2700
f 2683/2683/2683 2699/2699/2699 2698/2698/2698
f 2668/2668/2668 2684/2684/2684 2683/2683/2683
f 2681/2681/2681 2698/2698/2698 2697/2697/2697
f 2681/2681/2681 2683/2683/2683 2698/2698/2698
f 2833/2833/2833 2681/2681/2681 2697/2697/2697
f 2833/2833/2833 2682/2682/2682 2681/2681/2681
f 2667/2667/2667 2668/2668/2668 2683/2683/2683
f 2667/2667/2667 2683/2683/2683 2681/2681/2681
f 2682/2682/2682 2665/2665/2665 2681/2681/2681
f 2665/2665/2665 2667/2667/2667 2681/2681/2681
f 2682/2682/2682 2666/2666/2666 2665/2665/2665
f 2667/2667/2667 2650/2650/2650 2668/2668/2668
f 2650/2650/2650 2652/2652/2652 2668/2668/2668
f 2653/2653/2653 2652/2652/2652 2650/2650/2650
f 2651/2651/2651 2653/2653/2653 2650/2650/2650
f 2665/2665/2665 2647/2647/2647 2667/2667/2667
f 2647/2647/2647 2650/2650/2650 2667/2667/2667
f 2666/2666/2666 2647/2647/2647 2665/2665/2665
f 2651/2651/2651 2650/2650/2650 2647/2647/2647
f 2666/2666/2666 2649/2649/2649 2647/2647/2647
f 2648/2648/2648 2651/2651/2651 2647/2647/2647
f 2649/2649/2649 2648/2648/2648 2647/2647/2647
f 2055/2055/2055 2041/2041/2041 2056/2056/2056
f 2040/2040/2040 2041/2041/2041 2055/2055/2055
f 2778/2778/2778 2040/2040/2040 2055/2055/2055
f 2778/2778/2778 2055/2055/2055 2071/2071/2071
f 2055/2055/2055 2056/2056/2056 2073/2073/2073
f 2073/2073/2073 2056/2056/2056 2074/2074/2074
f 2055/2055/2055 2072/2072/2072 2071/2071/2071
f 2072/2072/2072 2055/2055/2055 2073/2073/2073
f 2071/2071/2071 2072/2072/2072 2087/2087/2087
f 2073/2073/2073 2074/2074/2074 2089/2089/2089
f 2074/2074/2074 2090/2090/2090 2089/2089/2089
f 2089/2089/2089 2090/2090/2090 2104/2104/2104
f 2103/2103/2103 2089/2089/2089 2104/2104/2104
f 2089/2089/2089 2103/2103/2103 2102/2102/2102
f 2072/2072/2072 2073/2073/2073 2088/2088/2088
f 2073/2073/2073 2089/2089/2089 2088/2088/2088
f 2072/2072/2072 2088/2088/2088 2087/2087/2087
f 2088/2088/2088 2089/2089/2089 2102/2102/2102
f 2087/2087/2087 2088/2088/2088 2101/2101/2101
f 2088/2088/2088 2102/2102/2102 2101/2101/2101
f 2014/2014/2014 2013/2013/2013 2012/2012/2012
f 2774/2774/2774 2014/2014/2014 2012/2012/2012
f 2774/2774/2774 2012/2012/2012 2032/2032/2032
f 2733/2733/2733 2013/2013/2013 2014/2014/2014
f 2732/2732/2732 2733/2733/2733 2014/2014/2014
f 2013/2013/2013 2016/2016/2016 2012/2012/2012
f 2734/2734/2734 2016/2016/2016 2013/2013/2013
f 2733/2733/2733 2734/2734/2734 2013/2013/2013
f 2016/2016/2016 2015/2015/2015 2012/2012/2012
f 2733/2733/2733 2718/2718/2718 2734/2734/2734
f 2718/2718/2718 2733/2733/2733 2732/2732/2732
f 2718/2718/2718 2719/2719/2719 2734/2734/2734
f 2717/2717/2717 2718/2718/2718 2732/2732/2732
f 2012/2012/2012 2015/2015/2015 2033/2033/2033
f 2012/2012/2012 2033/2033/2033 2032/2032/2032
f 2015/2015/2015 2034/2034/2034 2033/2033/2033
f 2033/2033/2033 2034/2034/2034 2046/2046/2046
f 2032/2032/2032 2033/2033/2033 2045/2045/2045
f 2045/2045/2045 2033/2033/2033 2046/2046/2046
f 2777/2777/2777 2032/2032/2032 2045/2045/2045
f 2777/2777/2777 2045/2045/2045 2059/2059/2059
f 2045/2045/2045 2046/2046/2046 2060/2060/2060
f 2045/2045/2045 2060/2060/2060 2059/2059/2059
f 2046/2046/2046 2061/2061/2061 2060/2060/2060
f 2060/2060/2060 2061/2061/2061 2078/2078/2078
f 2059/2059/2059 2060/2060/2060 2077/2077/2077
f 2077/2077/2077 2060/2060/2060 2078/2078/2078
f 2075/2075/2075 2059/2059/2059 2077/2077/2077
f 2076/2076/2076 2059/2059/2059 2075/2075/2075
f 2779/2779/2779 2076/2076/2076 2075/2075/2075
f 2779/2779/2779 2075/2075/2075 2091/2091/2091
f 2077/2077/2077 2078/2078/2078 2093/2093/2093
f 2075/2075/2075 2077/2077/2077 2093/2093/2093
f 2078/2078/2078 2094/2094/2094 2093/2093/2093
f 2075/2075/2075 2092/2092/2092 2091/2091/2091
f 2092/2092/2092 2075/2075/2075 2093/2093/2093
f 2091/2091/2091 2092/2092/2092 2105/2105/2105
f 2092/2092/2092 2106/2106/2106 2105/2105/2105
f 2092/2092/2092 2093/2093/2093 2106/2106/2106
f 2105/2105/2105 2106/2106/2106 2127/2127/2127
f 2093/2093/2093 2107/2107/2107 2106/2106/2106
f 2093/2093/2093 2094/2094/2094 2107/2107/2107
f 2106/2106/2106 2128/2128/2128 2127/2127/2127
f 2106/2106/2106 2107/2107/2107 2128/2128/2128
f 2127/2127/2127 2128/2128/2128 2143/2143/2143
f 2094/2094/2094 2110/2110/2110 2109/2109/2109
f 2108/2108/2108 2094/2094/2094 2109/2109/2109
f 2094/2094/2094 2108/2108/2108 2107/2107/2107
f 2108/2108/2108 2109/2109/2109 2131/2131/2131
f 2107/2107/2107 2108/2108/2108 2129/2129/2129
f 2107/2107/2107 2129/2129/2129 2128/2128/2128
f 2130/2130/2130 2108/2108/2108 2131/2131/2131
f 2108/2108/2108 2130/2130/2130 2129/2129/2129
f 2130/2130/2130 2131/2131/2131 2147/2147/2147
f 2128/2128/2128 2129/2129/2129 2145/2145/2145
f 2129/2129/2129 2130/2130/2130 2145/2145/2145
f 2146/2146/2146 2130/2130/2130 2147/2147/2147
f 2130/2130/2130 2146/2146/2146 2145/2145/2145
f 2146/2146/2146 2147/2147/2147 2161/2161/2161
f 2144/2144/2144 2128/2128/2128 2145/2145/2145
f 2128/2128/2128 2144/2144/2144 2143/2143/2143
f 2145/2145/2145 2146/2146/2146 2159/2159/2159
f 2144/2144/2144 2145/2145/2145 2159/2159/2159
f 2160/2160/2160 2146/2146/2146 2161/2161/2161
f 2146/2146/2146 2160/2160/2160 2159/2159/2159
f 2143/2143/2143 2144/2144/2144 2158/2158/2158
f 2158/2158/2158 2144/2144/2144 2159/2159/2159
f 2787/2787/2787 2143/2143/2143 2158/2158/2158
f 2787/2787/2787 2158/2158/2158 2173/2173/2173
f 2160/2160/2160 2161/2161/2161 2176/2176/2176
f 2159/2159/2159 2160/2160/2160 2176/2176/2176
f 2161/2161/2161 2177/2177/2177 2176/2176/2176
f 2158/2158/2158 2159/2159/2159 2175/2175/2175
f 2175/2175/2175 2159/2159/2159 2176/2176/2176
f 2158/2158/2158 2174/2174/2174 2173/2173/2173
f 2174/2174/2174 2158/2158/2158 2175/2175/2175
f 2176/2176/2176 2177/2177/2177 2192/2192/2192
f 2177/2177/2177 2193/2193/2193 2192/2192/2192
f 2175/2175/2175 2176/2176/2176 2191/2191/2191
f 2174/2174/2174 2175/2175/2175 2191/2191/2191
f 2176/2176/2176 2192/2192/2192 2191/2191/2191
f 2192/2192/2192 2193/2193/2193 2208/2208/2208
f 2173/2173/2173 2174/2174/2174 2190/2190/2190
f 2190/2190/2190 2174/2174/2174 2191/2191/2191
f 2790/2790/2790 2173/2173/2173 2190/2190/2190
f 2790/2790/2790 2190/2190/2190 2204/2204/2204
f 2207/2207/2207 2192/2192/2192 2208/2208/2208
f 2207/2207/2207 2208/2208/2208 2222/2222/2222
f 2191/2191/2191 2192/2192/2192 2206/2206/2206
f 2192/2192/2192 2207/2207/2207 2206/2206/2206
f 2190/2190/2190 2191/2191/2191 2206/2206/2206
f 2221/2221/2221 2207/2207/2207 2222/2222/2222
f 2206/2206/2206 2207/2207/2207 2221/2221/2221
f 2190/2190/2190 2205/2205/2205 2204/2204/2204
f 2205/2205/2205 2190/2190/2190 2206/2206/2206
f 2204/2204/2204 2205/2205/2205 2219/2219/2219
f 2205/2205/2205 2206/2206/2206 2219/2219/2219
f 2792/2792/2792 2204/2204/2204 2219/2219/2219
f 2792/2792/2792 2219/2219/2219 2233/2233/2233
f 2206/2206/2206 2220/2220/2220 2219/2219/2219
f 2220/2220/2220 2206/2206/2206 2221/2221/2221
f 2219/2219/2219 2234/2234/2234 2233/2233/2233
f 2219/2219/2219 2220/2220/2220 2234/2234/2234
f 2233/2233/2233 2234/2234/2234 2250/2250/2250
f 2220/2220/2220 2221/2221/2221 2235/2235/2235
f 2220/2220/2220 2235/2235/2235 2234/2234/2234
f 2221/2221/2221 2222/2222/2222 2236/2236/2236
f 2221/2221/2221 2236/2236/2236 2235/2235/2235
f 2222/2222/2222 2237/2237/2237 2236/2236/2236
f 2236/2236/2236 2237/2237/2237 2254/2254/2254
f 2234/2234/2234 2251/2251/2251 2250/2250/2250
f 2250/2250/2250 2251/2251/2251 2264/2264/2264
f 2253/2253/2253 2236/2236/2236 2254/2254/2254
f 2235/2235/2235 2236/2236/2236 2253/2253/2253
f 2251/2251/2251 2265/2265/2265 2264/2264/2264
f 2264/2264/2264 2265/2265/2265 2284/2284/2284
f 2251/2251/2251 2234/2234/2234 2252/2252/2252
f 2234/2234/2234 2235/2235/2235 2252/2252/2252
f 2251/2251/2251 2252/2252/2252 2265/2265/2265
f 2252/2252/2252 2235/2235/2235 2253/2253/2253
f 2253/2253/2253 2254/2254/2254 2267/2267/2267
f 2252/2252/2252 2253/2253/2253 2267/2267/2267
f 2254/2254/2254 2268/2268/2268 2267/2267/2267
f 2252/2252/2252 2266/2266/2266 2265/2265/2265
f 2266/2266/2266 2252/2252/2252 2267/2267/2267
f 2267/2267/2267 2268/2268/2268 2287/2287/2287
f 2266/2266/2266 2267/2267/2267 2287/2287/2287
f 2268/2268/2268 2288/2288/2288 2287/2287/2287
f 2265/2265/2265 2266/2266/2266 2286/2286/2286
f 2286/2286/2286 2266/2266/2266 2287/2287/2287
f 2265/2265/2265 2285/2285/2285 2284/2284/2284
f 2285/2285/2285 2265/2265/2265 2286/2286/2286
f 2284/2284/2284 2285/2285/2285 2300/2300/2300
f 2286/2286/2286 2287/2287/2287 2302/2302/2302
f 2285/2285/2285 2286/2286/2286 2302/2302/2302
f 2287/2287/2287 2288/2288/2288 2303/2303/2303
f 2287/2287/2287 2303/2303/2303 2302/2302/2302
f 2288/2288/2288 2304/2304/2304 2303/2303/2303
f 2285/2285/2285 2301/2301/2301 2300/2300/2300
f 2301/2301/2301 2285/2285/2285 2302/2302/2302
f 2303/2303/2303 2304/2304/2304 2317/2317/2317
f 2304/2304/2304 2318/2318/2318 2317/2317/2317
f 2300/2300/2300 2301/2301/2301 2315/2315/2315
f 2301/2301/2301 2302/2302/2302 2315/2315/2315
f 2800/2800/2800 2300/2300/2300 2315/2315/2315
f 2800/2800/2800 2315/2315/2315 2328/2328/2328
f 2302/2302/2302 2303/2303/2303 2316/2316/2316
f 2303/2303/2303 2317/2317/2317 2316/2316/2316
f 2302/2302/2302 2316/2316/2316 2315/2315/2315
f 2317/2317/2317 2318/2318/2318 2331/2331/2331
f 2316/2316/2316 2317/2317/2317 2331/2331/2331
f 2318/2318/2318 2332/2332/2332 2331/2331/2331
f 2315/2315/2315 2316/2316/2316 2330/2330/2330
f 2330/2330/2330 2316/2316/2316 2331/2331/2331
f 2315/2315/2315 2329/2329/2329 2328/2328/2328
f 2329/2329/2329 2315/2315/2315 2330/2330/2330
f 2328/2328/2328 2329/2329/2329 2342/2342/2342
f 2331/2331/2331 2332/2332/2332 2345/2345/2345
f 2329/2329/2329 2343/2343/2343 2342/2342/2342
f 2329/2329/2329 2330/2330/2330 2343/2343/2343
f 2332/2332/2332 2346/2346/2346 2345/2345/2345
f 2342/2342/2342 2343/2343/2343 2358/2358/2358
f 2330/2330/2330 2331/2331/2331 2344/2344/2344
f 2330/2330/2330 2344/2344/2344 2343/2343/2343
f 2331/2331/2331 2345/2345/2345 2344/2344/2344
f 2343/2343/2343 2359/2359/2359 2358/2358/2358
f 2343/2343/2343 2344/2344/2344 2359/2359/2359
f 2345/2345/2345 2346/2346/2346 2361/2361/2361
f 2346/2346/2346 2362/2362/2362 2361/2361/2361
f 2344/2344/2344 2345/2345/2345 2360/2360/2360
f 2344/2344/2344 2360/2360/2360 2359/2359/2359
f 2345/2345/2345 2361/2361/2361 2360/2360/2360
f 2361/2361/2361 2362/2362/2362 2377/2377/2377
f 2358/2358/2358 2359/2359/2359 2374/2374/2374
f 2359/2359/2359 2360/2360/2360 2374/2374/2374
f 2805/2805/2805 2358/2358/2358 2374/2374/2374
f 2805/2805/2805 2374/2374/2374 2385/2385/2385
f 2360/2360/2360 2361/2361/2361 2376/2376/2376
f 2376/2376/2376 2361/2361/2361 2377/2377/2377
f 2360/2360/2360 2375/2375/2375 2374/2374/2374
f 2375/2375/2375 2360/2360/2360 2376/2376/2376
f 2374/2374/2374 2386/2386/2386 2385/2385/2385
f 2376/2376/2376 2377/2377/2377 2388/2388/2388
f 2377/2377/2377 2389/2389/2389 2388/2388/2388
f 2388/2388/2388 2389/2389/2389 2405/2405/2405
f 2375/2375/2375 2376/2376/2376 2387/2387/2387
f 2374/2374/2374 2375/2375/2375 2387/2387/2387
f 2376/2376/2376 2388/2388/2388 2387/2387/2387
f 2386/2386/2386 2374/2374/2374 2387/2387/2387
f 2404/2404/2404 2388/2388/2388 2405/2405/2405
f 2387/2387/2387 2388/2388/2388 2404/2404/2404
f 2404/2404/2404 2405/2405/2405 2418/2418/2418
f 2386/2386/2386 2387/2387/2387 2403/2403/2403
f 2403/2403/2403 2387/2387/2387 2404/2404/2404
f 2385/2385/2385 2386/2386/2386 2402/2402/2402
f 2402/2402/2402 2386/2386/2386 2403/2403/2403
f 2415/2415/2415 2385/2385/2385 2402/2402/2402
f 2417/2417/2417 2404/2404/2404 2418/2418/2418
f 2417/2417/2417 2418/2418/2418 2434/2434/2434
f 2403/2403/2403 2404/2404/2404 2416/2416/2416
f 2404/2404/2404 2417/2417/2417 2416/2416/2416
f 2402/2402/2402 2403/2403/2403 2416/2416/2416
f 2433/2433/2433 2417/2417/2417 2434/2434/2434
f 2416/2416/2416 2417/2417/2417 2433/2433/2433
f 2415/2415/2415 2402/2402/2402 2414/2414/2414
f 2414/2414/2414 2402/2402/2402 2416/2416/2416
f 2811/2811/2811 2415/2415/2415 2414/2414/2414
f 2811/2811/2811 2414/2414/2414 2430/2430/2430
f 2432/2432/2432 2416/2416/2416 2433/2433/2433
f 2414/2414/2414 2416/2416/2416 2432/2432/2432
f 2433/2433/2433 2434/2434/2434 2447/2447/2447
f 2432/2432/2432 2433/2433/2433 2447/2447/2447
f 2434/2434/2434 2448/2448/2448 2447/2447/2447
f 2447/2447/2447 2448/2448/2448 2464/2464/2464
f 2431/2431/2431 2414/2414/2414 2432/2432/2432
f 2414/2414/2414 2431/2431/2431 2430/2430/2430
f 2446/2446/2446 2432/2432/2432 2447/2447/2447
f 2431/2431/2431 2432/2432/2432 2446/2446/2446
f 2430/2430/2430 2431/2431/2431 2445/2445/2445
f 2445/2445/2445 2431/2431/2431 2446/2446/2446
f 2461/2461/2461 2430/2430/2430 2445/2445/2445
f 2463/2463/2463 2447/2447/2447 2464/2464/2464
f 2461/2461/2461 2445/2445/2445 2460/2460/2460
f 2445/2445/2445 2446/2446/2446 2460/2460/2460
f 2814/2814/2814 2461/2461/2461 2460/2460/2460
f 2463/2463/2463 2464/2464/2464 2478/2478/2478
f 2814/2814/2814 2460/2460/2460 2474/2474/2474
f 2446/2446/2446 2447/2447/2447 2462/2462/2462
f 2446/2446/2446 2462/2462/2462 2460/2460/2460
f 2447/2447/2447 2463/2463/2463 2462/2462/2462
f 2460/2460/2460 2475/2475/2475 2474/2474/2474
f 2460/2460/2460 2462/2462/2462 2475/2475/2475
f 2477/2477/2477 2463/2463/2463 2478/2478/2478
f 2474/2474/2474 2475/2475/2475 2493/2493/2493
f 2510/2510/2510 2474/2474/2474 2493/2493/2493
f 2462/2462/2462 2476/2476/2476 2475/2475/2475
f 2462/2462/2462 2463/2463/2463 2476/2476/2476
f 2475/2475/2475 2476/2476/2476 2493/2493/2493
f 2463/2463/2463 2477/2477/2477 2476/2476/2476
f 2510/2510/2510 2493/2493/2493 2509/2509/2509
f 2526/2526/2526 2510/2510/2510 2509/2509/2509
f 2476/2476/2476 2494/2494/2494 2493/2493/2493
f 2493/2493/2493 2494/2494/2494 2509/2509/2509
f 2476/2476/2476 2477/2477/2477 2495/2495/2495
f 2477/2477/2477 2478/2478/2478 2495/2495/2495
f 2494/2494/2494 2476/2476/2476 2495/2495/2495
f 2478/2478/2478 2496/2496/2496 2495/2495/2495
f 2494/2494/2494 2511/2511/2511 2509/2509/2509
f 2494/2494/2494 2495/2495/2495 2511/2511/2511
f 2526/2526/2526 2509/2509/2509 2525/2525/2525
f 2509/2509/2509 2511/2511/2511 2525/2525/2525
f 2540/2540/2540 2526/2526/2526 2525/2525/2525
f 2495/2495/2495 2496/2496/2496 2512/2512/2512
f 2495/2495/2495 2512/2512/2512 2511/2511/2511
f 2496/2496/2496 2513/2513/2513 2512/2512/2512
f 2512/2512/2512 2513/2513/2513 2529/2529/2529
f 2511/2511/2511 2527/2527/2527 2525/2525/2525
f 2511/2511/2511 2512/2512/2512 2527/2527/2527
f 2528/2528/2528 2512/2512/2512 2529/2529/2529
f 2512/2512/2512 2528/2528/2528 2527/2527/2527
f 2528/2528/2528 2529/2529/2529 2542/2542/2542
f 2527/2527/2527 2528/2528/2528 2542/2542/2542
f 2529/2529/2529 2543/2543/2543 2542/2542/2542
f 2525/2525/2525 2527/2527/2527 2541/2541/2541
f 2541/2541/2541 2527/2527/2527 2542/2542/2542
f 2540/2540/2540 2525/2525/2525 2539/2539/2539
f 2539/2539/2539 2525/2525/2525 2541/2541/2541
f 2819/2819/2819 2540/2540/2540 2539/2539/2539
f 2819/2819/2819 2539/2539/2539 2555/2555/2555
f 2542/2542/2542 2543/2543/2543 2558/2558/2558
f 2543/2543/2543 2559/2559/2559 2558/2558/2558
f 2558/2558/2558 2559/2559/2559 2574/2574/2574
f 2573/2573/2573 2558/2558/2558 2574/2574/2574
f 2539/2539/2539 2556/2556/2556 2555/2555/2555
f 2539/2539/2539 2541/2541/2541 2556/2556/2556
f 2555/2555/2555 2556/2556/2556 2570/2570/2570
f 2541/2541/2541 2542/2542/2542 2557/2557/2557
f 2542/2542/2542 2558/2558/2558 2557/2557/2557
f 2541/2541/2541 2557/2557/2557 2556/2556/2556
f 2557/2557/2557 2558/2558/2558 2573/2573/2573
f 2556/2556/2556 2571/2571/2571 2570/2570/2570
f 2556/2556/2556 2557/2557/2557 2571/2571/2571
f 2572/2572/2572 2557/2557/2557 2573/2573/2573
f 2557/2557/2557 2572/2572/2572 2571/2571/2571
f 2572/2572/2572 2573/2573/2573 2590/2590/2590
f 2570/2570/2570 2571/2571/2571 2588/2588/2588
f 2571/2571/2571 2572/2572/2572 2588/2588/2588
f 2821/2821/2821 2570/2570/2570 2588/2588/2588
f 2821/2821/2821 2588/2588/2588 2603/2603/2603
f 2589/2589/2589 2572/2572/2572 2590/2590/2590
f 2572/2572/2572 2589/2589/2589 2588/2588/2588
f 2588/2588/2588 2604/2604/2604 2603/2603/2603
f 2588/2588/2588 2589/2589/2589 2604/2604/2604
f 2589/2589/2589 2590/2590/2590 2606/2606/2606
f 2590/2590/2590 2608/2608/2608 2606/2606/2606
f 2608/2608/2608 2607/2607/2607 2606/2606/2606
f 2589/2589/2589 2605/2605/2605 2604/2604/2604
f 2605/2605/2605 2589/2589/2589 2606/2606/2606
f 2603/2603/2603 2604/2604/2604 2620/2620/2620
f 2604/2604/2604 2605/2605/2605 2620/2620/2620
f 2635/2635/2635 2603/2603/2603 2620/2620/2620
f 2606/2606/2606 2607/2607/2607 2622/2622/2622
f 2605/2605/2605 2606/2606/2606 2622/2622/2622
f 2607/2607/2607 2623/2623/2623 2622/2622/2622
f 2605/2605/2605 2621/2621/2621 2620/2620/2620
f 2621/2621/2621 2605/2605/2605 2622/2622/2622
f 2622/2622/2622 2623/2623/2623 2637/2637/2637
f 2621/2621/2621 2622/2622/2622 2637/2637/2637
f 2623/2623/2623 2638/2638/2638 2637/2637/2637
f 2620/2620/2620 2621/2621/2621 2636/2636/2636
f 2636/2636/2636 2621/2621/2621 2637/2637/2637
f 2635/2635/2635 2620/2620/2620 2634/2634/2634
f 2634/2634/2634 2620/2620/2620 2636/2636/2636
f 2827/2827/2827 2635/2635/2635 2634/2634/2634
f 2827/2827/2827 2634/2634/2634 2654/2654/2654
f 2637/2637/2637 2638/2638/2638 2657/2657/2657
f 2638/2638/2638 2658/2658/2658 2657/2657/2657
f 2636/2636/2636 2637/2637/2637 2657/2657/2657
f 2634/2634/2634 2655/2655/2655 2654/2654/2654
f 2634/2634/2634 2636/2636/2636 2655/2655/2655
f 2656/2656/2656 2636/2636/2636 2657/2657/2657
f 2636/2636/2636 2656/2656/2656 2655/2655/2655
f 2656/2656/2656 2657/2657/2657 2671/2671/2671
f 2654/2654/2654 2655/2655/2655 2669/2669/2669
f 2830/2830/2830 2654/2654/2654 2669/2669/2669
f 2830/2830/2830 2669/2669/2669 2685/2685/2685
f 2669/2669/2669 2686/2686/2686 2685/2685/2685
f 2655/2655/2655 2656/2656/2656 2670/2670/2670
f 2669/2669/2669 2655/2655/2655 2670/2670/2670
f 2670/2670/2670 2656/2656/2656 2671/2671/2671
f 2669/2669/2669 2670/2670/2670 2686/2686/2686
f 2670/2670/2670 2671/2671/2671 2688/2688/2688
f 2687/2687/2687 2670/2670/2670 2688/2688/2688
f 2670/2670/2670 2687/2687/2687 2686/2686/2686
f 2687/2687/2687 2688/2688/2688 2704/2704/2704
f 2686/2686/2686 2687/2687/2687 2703/2703/2703
f 2703/2703/2703 2687/2687/2687 2704/2704/2704
f 2834/2834/2834 2686/2686/2686 2703/2703/2703
f 2703/2703/2703 2704/2704/2704 2719/2719/2719
f 2834/2834/2834 2703/2703/2703 2717/2717/2717
f 2718/2718/2718 2703/2703/2703 2719/2719/2719
f 2703/2703/2703 2718/2718/2718 2717/2717/2717
f 2115/2115/2115 2114/2114/2114 2113/2113/2113
f 2133/2133/2133 2115/2115/2115 2113/2113/2113
f 2133/2133/2133 2113/2113/2113 2134/2134/2134
f 2783/2783/2783 2115/2115/2115 2132/2132/2132
f 2115/2115/2115 2133/2133/2133 2132/2132/2132
f 2132/2132/2132 2133/2133/2133 2148/2148/2148
f 2148/2148/2148 2133/2133/2133 2134/2134/2134
f 2162/2162/2162 2132/2132/2132 2148/2148/2148
f 2162/2162/2162 2148/2148/2148 2149/2149/2149
f 2148/2148/2148 2134/2134/2134 2149/2149/2149
f 2178/2178/2178 2162/2162/2162 2149/2149/2149
f 2134/2134/2134 2150/2150/2150 2149/2149/2149
f 2134/2134/2134 2152/2152/2152 2150/2150/2150
f 2152/2152/2152 2151/2151/2151 2150/2150/2150
f 2178/2178/2178 2149/2149/2149 2163/2163/2163
f 2149/2149/2149 2150/2150/2150 2163/2163/2163
f 2788/2788/2788 2178/2178/2178 2163/2163/2163
f 2150/2150/2150 2151/2151/2151 2164/2164/2164
f 2151/2151/2151 2165/2165/2165 2164/2164/2164
f 2150/2150/2150 2164/2164/2164 2163/2163/2163
f 2788/2788/2788 2163/2163/2163 2194/2194/2194
f 2163/2163/2163 2164/2164/2164 2179/2179/2179
f 2195/2195/2195 2163/2163/2163 2179/2179/2179
f 2163/2163/2163 2195/2195/2195 2194/2194/2194
f 2195/2195/2195 2179/2179/2179 2196/2196/2196
f 2194/2194/2194 2195/2195/2195 2209/2209/2209
f 2209/2209/2209 2195/2195/2195 2196/2196/2196
f 2224/2224/2224 2194/2194/2194 2209/2209/2209
f 2209/2209/2209 2196/2196/2196 2210/2210/2210
f 2224/2224/2224 2209/2209/2209 2223/2223/2223
f 2223/2223/2223 2209/2209/2209 2210/2210/2210
f 2793/2793/2793 2224/2224/2224 2223/2223/2223
f 2223/2223/2223 2210/2210/2210 2225/2225/2225
f 2793/2793/2793 2223/2223/2223 2238/2238/2238
f 2239/2239/2239 2223/2223/2223 2225/2225/2225
f 2223/2223/2223 2239/2239/2239 2238/2238/2238
f 2239/2239/2239 2225/2225/2225 2240/2240/2240
f 2238/2238/2238 2239/2239/2239 2240/2240/2240
f 2225/2225/2225 2241/2241/2241 2240/2240/2240
f 2795/2795/2795 2238/2238/2238 2240/2240/2240
f 2240/2240/2240 2241/2241/2241 2255/2255/2255
f 2795/2795/2795 2240/2240/2240 2269/2269/2269
f 2270/2270/2270 2240/2240/2240 2255/2255/2255
f 2240/2240/2240 2270/2270/2270 2269/2269/2269
f 2124/2124/2124 2123/2123/2123 2122/2122/2122
f 2782/2782/2782 2124/2124/2124 2122/2122/2122
f 2124/2124/2124 2126/2126/2126 2125/2125/2125
f 2123/2123/2123 2124/2124/2124 2125/2125/2125
f 2123/2123/2123 2125/2125/2125 2142/2142/2142
f 2141/2141/2141 2123/2123/2123 2142/2142/2142
f 2122/2122/2122 2123/2123/2123 2141/2141/2141
f 2141/2141/2141 2142/2142/2142 2157/2157/2157
f 2785/2785/2785 2122/2122/2122 2139/2139/2139
f 2156/2156/2156 2141/2141/2141 2157/2157/2157
f 2156/2156/2156 2157/2157/2157 2172/2172/2172
f 2140/2140/2140 2122/2122/2122 2141/2141/2141
f 2122/2122/2122 2140/2140/2140 2139/2139/2139
f 2140/2140/2140 2141/2141/2141 2155/2155/2155
f 2139/2139/2139 2140/2140/2140 2155/2155/2155
f 2141/2141/2141 2156/2156/2156 2155/2155/2155
f 2786/2786/2786 2139/2139/2139 2155/2155/2155
f 2786/2786/2786 2155/2155/2155 2169/2169/2169
f 2155/2155/2155 2170/2170/2170 2169/2169/2169
f 2171/2171/2171 2156/2156/2156 2172/2172/2172
f 2155/2155/2155 2156/2156/2156 2171/2171/2171
f 2170/2170/2170 2155/2155/2155 2171/2171/2171
f 2171/2171/2171 2172/2172/2172 2189/2189/2189
f 2170/2170/2170 2171/2171/2171 2187/2187/2187
f 2188/2188/2188 2171/2171/2171 2189/2189/2189
f 2171/2171/2171 2188/2188/2188 2187/2187/2187
f 2188/2188/2188 2189/2189/2189 2203/2203/2203
f 2187/2187/2187 2188/2188/2188 2202/2202/2202
f 2202/2202/2202 2188/2188/2188 2203/2203/2203
f 2791/2791/2791 2187/2187/2187 2202/2202/2202
f 2202/2202/2202 2203/2203/2203 2218/2218/2218
f 2791/2791/2791 2202/2202/2202 2216/2216/2216
f 2217/2217/2217 2202/2202/2202 2218/2218/2218
f 2202/2202/2202 2217/2217/2217 2216/2216/2216
f 2217/2217/2217 2218/2218/2218 2232/2232/2232
f 2216/2216/2216 2217/2217/2217 2230/2230/2230
f 2217/2217/2217 2231/2231/2231 2230/2230/2230
f 2231/2231/2231 2217/2217/2217 2232/2232/2232
f 2230/2230/2230 2231/2231/2231 2247/2247/2247
f 2231/2231/2231 2232/2232/2232 2248/2248/2248
f 2231/2231/2231 2248/2248/2248 2247/2247/2247
f 2232/2232/2232 2249/2249/2249 2248/2248/2248
f 2247/2247/2247 2248/2248/2248 2261/2261/2261
f 2248/2248/2248 2249/2249/2249 2263/2263/2263
f 2248/2248/2248 2262/2262/2262 2261/2261/2261
f 2262/2262/2262 2248/2248/2248 2263/2263/2263
f 2273/2273/2273 2272/2272/2272 2271/2271/2271
f 2797/2797/2797 2273/2273/2273 2289/2289/2289
f 2273/2273/2273 2290/2290/2290 2289/2289/2289
f 2290/2290/2290 2273/2273/2273 2271/2271/2271
f 2289/2289/2289 2290/2290/2290 2305/2305/2305
f 2290/2290/2290 2271/2271/2271 2291/2291/2291
f 2290/2290/2290 2291/2291/2291 2305/2305/2305
f 2271/2271/2271 2292/2292/2292 2291/2291/2291
f 2305/2305/2305 2291/2291/2291 2306/2306/2306
f 2291/2291/2291 2292/2292/2292 2306/2306/2306
f 2801/2801/2801 2305/2305/2305 2306/2306/2306
f 2292/2292/2292 2307/2307/2307 2306/2306/2306
f 2801/2801/2801 2306/2306/2306 2333/2333/2333
f 2306/2306/2306 2307/2307/2307 2319/2319/2319
f 2306/2306/2306 2319/2319/2319 2333/2333/2333
f 2307/2307/2307 2320/2320/2320 2319/2319/2319
f 2333/2333/2333 2319/2319/2319 2347/2347/2347
f 2319/2319/2319 2320/2320/2320 2334/2334/2334
f 2319/2319/2319 2348/2348/2348 2347/2347/2347
f 2348/2348/2348 2319/2319/2319 2334/2334/2334
f 2347/2347/2347 2348/2348/2348 2363/2363/2363
f 2348/2348/2348 2334/2334/2334 2349/2349/2349
f 2348/2348/2348 2349/2349/2349 2363/2363/2363
f 2334/2334/2334 2350/2350/2350 2349/2349/2349
f 2363/2363/2363 2349/2349/2349 2364/2364/2364
f 2349/2349/2349 2350/2350/2350 2364/2364/2364
f 2806/2806/2806 2363/2363/2363 2364/2364/2364
f 2350/2350/2350 2365/2365/2365 2364/2364/2364
f 2806/2806/2806 2364/2364/2364 2390/2390/2390
f 2364/2364/2364 2365/2365/2365 2378/2378/2378
f 2364/2364/2364 2391/2391/2391 2390/2390/2390
f 2391/2391/2391 2364/2364/2364 2378/2378/2378
f 2390/2390/2390 2391/2391/2391 2392/2392/2392
f 2391/2391/2391 2378/2378/2378 2392/2392/2392
f 2419/2419/2419 2390/2390/2390 2392/2392/2392
f 2378/2378/2378 2393/2393/2393 2392/2392/2392
f 2419/2419/2419 2392/2392/2392 2406/2406/2406
f 2392/2392/2392 2393/2393/2393 2406/2406/2406
f 2435/2435/2435 2419/2419/2419 2406/2406/2406
f 2393/2393/2393 2407/2407/2407 2406/2406/2406
f 2435/2435/2435 2406/2406/2406 2420/2420/2420
f 2406/2406/2406 2407/2407/2407 2420/2420/2420
f 2812/2812/2812 2435/2435/2435 2420/2420/2420
f 2407/2407/2407 2421/2421/2421 2420/2420/2420
f 2812/2812/2812 2420/2420/2420 2449/2449/2449
f 2420/2420/2420 2421/2421/2421 2436/2436/2436
f 2420/2420/2420 2450/2450/2450 2449/2449/2449
f 2450/2450/2450 2420/2420/2420 2436/2436/2436
f 2449/2449/2449 2450/2450/2450 2465/2465/2465
f 2450/2450/2450 2436/2436/2436 2451/2451/2451
f 2450/2450/2450 2451/2451/2451 2465/2465/2465
f 2436/2436/2436 2452/2452/2452 2451/2451/2451
f 2465/2465/2465 2451/2451/2451 2479/2479/2479
f 2451/2451/2451 2452/2452/2452 2466/2466/2466
f 2451/2451/2451 2480/2480/2480 2479/2479/2479
f 2480/2480/2480 2451/2451/2451 2466/2466/2466
f 2281/2281/2281 2280/2280/2280 2279/2279/2279
f 2796/2796/2796 2281/2281/2281 2279/2279/2279
f 2280/2280/2280 2281/2281/2281 2282/2282/2282
f 2281/2281/2281 2283/2283/2283 2282/2282/2282
f 2279/2279/2279 2280/2280/2280 2298/2298/2298
f 2280/2280/2280 2282/2282/2282 2298/2298/2298
f 2798/2798/2798 2279/2279/2279 2298/2298/2298
f 2282/2282/2282 2299/2299/2299 2298/2298/2298
f 2798/2798/2798 2298/2298/2298 2312/2312/2312
f 2298/2298/2298 2299/2299/2299 2314/2314/2314
f 2313/2313/2313 2298/2298/2298 2314/2314/2314
f 2298/2298/2298 2313/2313/2313 2312/2312/2312
f 2313/2313/2313 2314/2314/2314 2327/2327/2327
f 2312/2312/2312 2313/2313/2313 2326/2326/2326
f 2326/2326/2326 2313/2313/2313 2327/2327/2327
f 2802/2802/2802 2312/2312/2312 2326/2326/2326
f 2802/2802/2802 2326/2326/2326 2339/2339/2339
f 2326/2326/2326 2327/2327/2327 2340/2340/2340
f 2326/2326/2326 2340/2340/2340 2339/2339/2339
f 2327/2327/2327 2341/2341/2341 2340/2340/2340
f 2340/2340/2340 2341/2341/2341 2357/2357/2357
f 2339/2339/2339 2340/2340/2340 2356/2356/2356
f 2356/2356/2356 2340/2340/2340 2357/2357/2357
f 2804/2804/2804 2339/2339/2339 2356/2356/2356
f 2804/2804/2804 2356/2356/2356 2371/2371/2371
f 2356/2356/2356 2357/2357/2357 2372/2372/2372
f 2356/2356/2356 2372/2372/2372 2371/2371/2371
f 2357/2357/2357 2373/2373/2373 2372/2372/2372
f 2372/2372/2372 2373/2373/2373 2384/2384/2384
f 2371/2371/2371 2372/2372/2372 2383/2383/2383
f 2383/2383/2383 2372/2372/2372 2384/2384/2384
f 2808/2808/2808 2371/2371/2371 2383/2383/2383
f 2808/2808/2808 2383/2383/2383 2399/2399/2399
f 2383/2383/2383 2384/2384/2384 2400/2400/2400
f 2383/2383/2383 2400/2400/2400 2399/2399/2399
f 2384/2384/2384 2401/2401/2401 2400/2400/2400
f 2400/2400/2400 2401/2401/2401 2413/2413/2413
f 2399/2399/2399 2400/2400/2400 2412/2412/2412
f 2412/2412/2412 2400/2400/2400 2413/2413/2413
f 2810/2810/2810 2399/2399/2399 2412/2412/2412
f 2810/2810/2810 2412/2412/2412 2427/2427/2427
f 2412/2412/2412 2413/2413/2413 2428/2428/2428
f 2412/2412/2412 2428/2428/2428 2427/2427/2427
f 2413/2413/2413 2429/2429/2429 2428/2428/2428
f 2427/2427/2427 2428/2428/2428 2442/2442/2442
f 2428/2428/2428 2429/2429/2429 2444/2444/2444
f 2428/2428/2428 2443/2443/2443 2442/2442/2442
f 2443/2443/2443 2428/2428/2428 2444/2444/2444
f 2442/2442/2442 2443/2443/2443 2457/2457/2457
f 2443/2443/2443 2444/2444/2444 2458/2458/2458
f 2443/2443/2443 2458/2458/2458 2457/2457/2457
f 2444/2444/2444 2459/2459/2459 2458/2458/2458
f 2457/2457/2457 2458/2458/2458 2472/2472/2472
f 2458/2458/2458 2459/2459/2459 2472/2472/2472
f 2815/2815/2815 2457/2457/2457 2472/2472/2472
f 2459/2459/2459 2473/2473/2473 2472/2472/2472
f 2483/2483/2483 2482/2482/2482 2481/2481/2481
f 2497/2497/2497 2483/2483/2483 2481/2481/2481
f 2498/2498/2498 2483/2483/2483 2497/2497/2497
f 2817/2817/2817 2498/2498/2498 2497/2497/2497
f 2817/2817/2817 2497/2497/2497 2514/2514/2514
f 2497/2497/2497 2481/2481/2481 2499/2499/2499
f 2497/2497/2497 2499/2499/2499 2514/2514/2514
f 2481/2481/2481 2500/2500/2500 2499/2499/2499
f 2514/2514/2514 2499/2499/2499 2515/2515/2515
f 2499/2499/2499 2500/2500/2500 2515/2515/2515
f 2544/2544/2544 2514/2514/2514 2515/2515/2515
f 2500/2500/2500 2516/2516/2516 2515/2515/2515
f 2544/2544/2544 2515/2515/2515 2530/2530/2530
f 2515/2515/2515 2516/2516/2516 2530/2530/2530
f 2560/2560/2560 2544/2544/2544 2530/2530/2530
f 2516/2516/2516 2531/2531/2531 2530/2530/2530
f 2560/2560/2560 2530/2530/2530 2545/2545/2545
f 2530/2530/2530 2531/2531/2531 2545/2545/2545
f 2575/2575/2575 2560/2560/2560 2545/2545/2545
f 2531/2531/2531 2546/2546/2546 2545/2545/2545
f 2575/2575/2575 2545/2545/2545 2561/2561/2561
f 2545/2545/2545 2546/2546/2546 2561/2561/2561
f 2592/2592/2592 2575/2575/2575 2561/2561/2561
f 2546/2546/2546 2562/2562/2562 2561/2561/2561
f 2592/2592/2592 2561/2561/2561 2591/2591/2591
f 2593/2593/2593 2592/2592/2592 2591/2591/2591
f 2822/2822/2822 2593/2593/2593 2591/2591/2591
f 2561/2561/2561 2562/2562/2562 2576/2576/2576
f 2561/2561/2561 2576/2576/2576 2591/2591/2591
f 2562/2562/2562 2579/2579/2579 2578/2578/2578
f 2591/2591/2591 2576/2576/2576 2609/2609/2609
f 2577/2577/2577 2562/2562/2562 2578/2578/2578
f 2562/2562/2562 2577/2577/2577 2576/2576/2576
f 2577/2577/2577 2578/2578/2578 2595/2595/2595
f 2624/2624/2624 2591/2591/2591 2609/2609/2609
f 2594/2594/2594 2577/2577/2577 2595/2595/2595
f 2576/2576/2576 2577/2577/2577 2594/2594/2594
f 2609/2609/2609 2576/2576/2576 2594/2594/2594
f 2624/2624/2624 2609/2609/2609 2610/2610/2610
f 2609/2609/2609 2594/2594/2594 2610/2610/2610
f 2639/2639/2639 2624/2624/2624 2610/2610/2610
f 2594/2594/2594 2611/2611/2611 2610/2610/2610
f 2639/2639/2639 2610/2610/2610 2625/2625/2625
f 2610/2610/2610 2611/2611/2611 2625/2625/2625
f 2828/2828/2828 2639/2639/2639 2625/2625/2625
f 2611/2611/2611 2626/2626/2626 2625/2625/2625
f 2490/2490/2490 2489/2489/2489 2488/2488/2488
f 2816/2816/2816 2490/2490/2490 2488/2488/2488
f 2489/2489/2489 2492/2492/2492 2491/2491/2491
f 2488/2488/2488 2489/2489/2489 2491/2491/2491
f 2816/2816/2816 2488/2488/2488 2506/2506/2506
f 2488/2488/2488 2491/2491/2491 2508/2508/2508
f 2488/2488/2488 2507/2507/2507 2506/2506/2506
f 2507/2507/2507 2488/2488/2488 2508/2508/2508
f 2506/2506/2506 2507/2507/2507 2522/2522/2522
f 2507/2507/2507 2508/2508/2508 2523/2523/2523
f 2507/2507/2507 2523/2523/2523 2522/2522/2522
f 2508/2508/2508 2524/2524/2524 2523/2523/2523
f 2522/2522/2522 2523/2523/2523 2536/2536/2536
f 2523/2523/2523 2524/2524/2524 2537/2537/2537
f 2523/2523/2523 2537/2537/2537 2536/2536/2536
f 2524/2524/2524 2538/2538/2538 2537/2537/2537
f 2536/2536/2536 2537/2537/2537 2552/2552/2552
f 2537/2537/2537 2538/2538/2538 2554/2554/2554
f 2537/2537/2537 2553/2553/2553 2552/2552/2552
f 2553/2553/2553 2537/2537/2537 2554/2554/2554
f 2552/2552/2552 2553/2553/2553 2568/2568/2568
f 2553/2553/2553 2554/2554/2554 2568/2568/2568
f 2584/2584/2584 2552/2552/2552 2568/2568/2568
f 2554/2554/2554 2569/2569/2569 2568/2568/2568
f 2584/2584/2584 2568/2568/2568 2583/2583/2583
f 2585/2585/2585 2584/2584/2584 2583/2583/2583
f 2600/2600/2600 2585/2585/2585 2583/2583/2583
f 2568/2568/2568 2569/2569/2569 2586/2586/2586
f 2568/2568/2568 2586/2586/2586 2583/2583/2583
f 2569/2569/2569 2587/2587/2587 2586/2586/2586
f 2600/2600/2600 2583/2583/2583 2599/2599/2599
f 2583/2583/2583 2586/2586/2586 2599/2599/2599
f 2586/2586/2586 2587/2587/2587 2602/2602/2602
f 2617/2617/2617 2600/2600/2600 2599/2599/2599
f 2601/2601/2601 2586/2586/2586 2602/2602/2602
f 2586/2586/2586 2601/2601/2601 2599/2599/2599
f 2601/2601/2601 2602/2602/2602 2618/2618/2618
f 2599/2599/2599 2601/2601/2601 2618/2618/2618
f 2602/2602/2602 2619/2619/2619 2618/2618/2618
f 2617/2617/2617 2599/2599/2599 2616/2616/2616
f 2616/2616/2616 2599/2599/2599 2618/2618/2618
f 2824/2824/2824 2617/2617/2617 2616/2616/2616
f 2618/2618/2618 2619/2619/2619 2632/2632/2632
f 2616/2616/2616 2618/2618/2618 2632/2632/2632
f 2619/2619/2619 2633/2633/2633 2632/2632/2632
f 2826/2826/2826 2616/2616/2616 2632/2632/2632
