# VPXTOOL table OBJ file
# VPXTOOL OBJ file
# numVerts: 904 numFaces: 1150
o Gottlieb Flipper - newer
v -0.050432 2.6032 0.001047
v -0.050432 2.591847 -0.147786
v -0.050432 2.508088 -0.359847
v 0.054048 2.508088 -0.358851
v 0.054048 2.508088 0.360945
v -0.050432 2.508088 -0.359847
v 0.054048 2.602818 0.001047
v 0.054048 2.591495 0.149499
v 0.054048 2.508088 0.360945
v -0.050432 2.508088 0.361941
v -0.050432 2.511134 0.360362
v -0.050432 2.559518 0.276054
v -0.050432 2.591848 0.14988
v -0.050432 2.559518 -0.27396
v -0.050432 2.511134 -0.358267
v -0.050432 2.508088 0.361941
v -0.001336 2.508088 -0.367623
v -0.001336 2.508088 0.369717
v 0.054048 2.508088 -0.358851
v 0.054048 2.510988 -0.357347
v 0.054048 2.559248 -0.273256
v 0.054048 2.591495 -0.147405
v 0.054048 2.559248 0.27535
v 0.054048 2.510988 0.359441
v -0.378615 2.49749 -0.045864
v -0.322269 2.536669 -0.088184
v -0.322269 2.543476 0.001047
v -0.378615 2.49749 -0.045864
v -0.378615 2.501069 0.001047
v -0.398031 2.454061 0.001047
v -0.322269 2.536669 0.090278
v -0.378615 2.49749 0.047959
v -0.234507 2.567761 -0.121769
v -0.234507 2.57713 0.001047
v -0.378615 2.4873 -0.085634
v -0.322269 2.517286 -0.16383
v -0.378615 2.4873 -0.085634
v -0.378615 2.49749 0.047959
v -0.322269 2.517286 0.165924
v -0.378615 2.4873 0.087728
v -0.234507 2.567761 0.123863
v -0.123921 2.587724 -0.143331
v -0.123921 2.598737 0.001047
v -0.234507 2.541083 -0.225887
v -0.378615 2.47205 -0.112207
v -0.322269 2.488278 -0.214375
v -0.322269 2.517286 -0.16383
v -0.378615 2.4873 0.087728
v -0.322269 2.517286 0.165924
v -0.322269 2.488278 0.21647
v -0.378615 2.47205 0.114301
v -0.234507 2.541083 0.227981
v -0.123921 2.587724 0.145426
v -0.054464 2.602955 0.001047
v -0.123921 2.556362 -0.26573
v -0.322269 2.488278 -0.214375
v -0.234507 2.501157 -0.295456
v -0.378615 2.454061 -0.121538
v -0.322269 2.454061 -0.232124
v -0.322269 2.454061 0.234219
v -0.378615 2.454061 0.123633
v -0.234507 2.501157 0.297551
v -0.322269 2.488278 0.21647
v -0.123921 2.556362 0.267824
v -0.054464 2.591621 -0.147541
v -0.123921 2.509426 -0.347514
v -0.234507 2.454061 -0.319886
v -0.234507 2.501157 -0.295456
v -0.234507 2.501157 0.297551
v -0.234507 2.454061 0.32198
v -0.123921 2.509426 0.349608
v -0.054464 2.591621 0.149635
v -0.054464 2.559345 -0.273509
v -0.234507 2.454061 -0.319886
v -0.123921 2.454061 -0.376232
v -0.123921 2.509426 -0.347514
v -0.123921 2.509426 0.349608
v -0.123921 2.454061 0.378327
v -0.234507 2.454061 0.32198
v -0.054464 2.559345 0.275603
v -0.001336 2.454061 -0.395648
v -0.050432 2.508088 -0.359847
v -0.054464 2.51104 0.359771
v -0.050432 2.508088 0.361941
v 0.054048 2.508088 -0.358851
v 0.12125 2.509426 -0.347514
v 0.054682 2.510973 -0.357254
v 0.054048 2.508088 0.360945
v 0.12125 2.509426 0.349608
v 0.12125 2.454061 0.378327
v 0.12125 2.509426 -0.347514
v 0.12125 2.556362 -0.26573
v 0.054682 2.559221 -0.273185
v 0.231836 2.454061 -0.319886
v 0.231836 2.501157 -0.295456
v 0.231836 2.501157 0.297551
v 0.231836 2.454061 0.32198
v 0.054682 2.559221 0.275279
v 0.12125 2.556362 0.267824
v 0.12125 2.509426 0.349608
v 0.12125 2.587724 -0.143331
v 0.054682 2.591459 -0.147366
v 0.231836 2.501157 -0.295456
v 0.231836 2.541084 -0.225887
v 0.319597 2.454061 -0.232124
v 0.319597 2.488278 -0.214375
v 0.319597 2.488278 0.21647
v 0.319597 2.454061 0.234219
v 0.231836 2.541084 0.227981
v 0.231836 2.501157 0.297551
v 0.054682 2.591459 0.14946
v 0.12125 2.587724 0.145426
v 0.12125 2.598737 0.001047
v 0.054682 2.60278 0.001047
v 0.231836 2.567761 -0.121769
v 0.319597 2.488278 -0.214375
v 0.319597 2.517287 -0.16383
v 0.375944 2.454061 -0.121538
v 0.375944 2.47205 -0.112207
v 0.319597 2.488278 -0.214375
v 0.319597 2.488278 0.21647
v 0.375944 2.47205 0.114302
v 0.375944 2.454061 0.123633
v 0.319597 2.517287 0.165924
v 0.319597 2.488278 0.21647
v 0.231836 2.567761 0.123863
v 0.231836 2.57713 0.001047
v 0.319597 2.536669 -0.088184
v 0.375944 2.4873 -0.085634
v 0.319597 2.517287 -0.16383
v 0.395359 2.454061 0.001047
v 0.319597 2.517287 0.165924
v 0.375944 2.4873 0.087728
v 0.319597 2.536669 0.090278
v 0.319597 2.543476 0.001047
v 0.375944 2.4873 -0.085634
v 0.375944 2.497491 -0.045864
v 0.375944 2.497491 0.047959
v 0.375944 2.4873 0.087728
v 0.375944 2.501069 0.001047
v 0.375944 2.497491 -0.045864
v 0.375944 2.497491 0.047959
v 0.375944 2.501069 0.001047
v -0.054464 2.51104 0.359771
v -0.050432 2.559518 0.276054
v -0.050432 2.559518 -0.27396
v -0.054464 2.51104 -0.357677
v -0.050432 2.591848 0.14988
v -0.050432 2.591847 -0.147786
v -0.050432 2.6032 0.001047
v 0.054048 2.602818 0.001047
v 0.054048 2.591495 0.149499
v 0.054048 2.591495 -0.147405
v 0.054048 2.559248 0.27535
v 0.054682 2.510973 0.359349
v 0.054682 2.510973 -0.357254
v 0.054048 2.559248 -0.273256
v 0.051153 0.820895 -1.389528
v 0.051153 1.898354 -1.389528
v -0.219598 1.898354 -1.362861
v 8.054498 0.820895 -0.573864
v 8.054498 1.898354 -0.573864
v 7.935491 1.898354 -0.637475
v 8.15881 0.820895 -0.488258
v 8.15881 1.898354 -0.488258
v 8.244415 0.820895 -0.383947
v 8.244415 1.898354 -0.383947
v 8.15881 1.898354 -0.488258
v 8.308025 0.820895 -0.264939
v 8.308025 1.898354 -0.264939
v 8.347198 0.820895 -0.135808
v 8.347198 1.898354 -0.135808
v 8.360424 0.820895 -0.001517
v 8.360424 1.898354 -0.001517
v 8.347198 0.820895 0.132775
v 8.347198 1.898354 0.132775
v 8.308025 0.820895 0.261906
v 8.308025 1.898354 0.261906
v 8.244415 0.820895 0.380913
v 8.244415 1.898354 0.380913
v 8.15881 0.820895 0.485224
v 8.15881 1.898354 0.485224
v 8.054498 0.820895 0.57083
v 8.054498 1.898354 0.57083
v 8.15881 1.898354 0.485224
v 7.935491 0.820895 0.634441
v 7.935491 1.898354 0.634441
v 7.80636 0.820895 0.673613
v 7.80636 1.898354 0.673613
v 0.051153 0.820895 1.386142
v 0.051153 1.898354 1.386142
v -0.219601 0.820895 1.359475
v -0.219601 1.898354 1.359475
v -0.479949 0.820895 1.280499
v -0.479949 1.898354 1.280499
v -0.719887 0.820895 1.152249
v -0.719887 1.898354 1.152249
v -0.930194 0.820895 0.979654
v -0.930194 1.898354 0.979654
v -1.10279 0.820895 0.769346
v -1.10279 1.898354 0.769346
v -0.930194 1.898354 0.979654
v -1.23104 0.820895 0.529407
v -1.23104 1.898354 0.529407
v -1.310015 0.820895 0.269059
v -1.310015 1.898354 0.269059
v -1.336681 0.820895 -0.001694
v -1.336681 1.898354 -0.001694
v -1.310014 0.820895 -0.272447
v -1.310014 1.898354 -0.272447
v -1.231039 0.820895 -0.532796
v -1.231039 1.898354 -0.532796
v -1.102789 0.820895 -0.772734
v -1.102789 1.898354 -0.772734
v -0.930193 0.820895 -0.983041
v -0.930193 1.898354 -0.983041
v -0.719885 0.820895 -1.155636
v -0.719885 1.898354 -1.155636
v -0.930193 1.898354 -0.983041
v -0.479946 0.820895 -1.283886
v -0.479946 1.898354 -1.283886
v -0.219598 0.820895 -1.362861
v -0.207589 1.953475 1.299093
v 0.05192 1.953475 -1.328038
v 0.05192 1.953475 1.324653
v 0.051153 0.799346 1.386142
v 7.80636 0.799346 -0.676646
v 0.051153 0.799346 -1.389528
v 7.935491 0.820895 -0.637475
v 7.80636 1.898354 -0.676646
v 0.051378 1.93733 -1.371518
v 0.051378 1.93733 -1.371518
v 7.80339 1.93733 -0.660676
v 7.80339 1.93733 -0.660676
v 7.79622 1.953475 -0.622122
v 7.929283 1.93733 -0.622487
v 7.929283 1.93733 -0.622487
v 7.914296 1.953475 -0.586304
v 8.045485 1.93733 -0.560375
v 8.147338 1.93733 -0.476788
v 8.045485 1.93733 -0.560375
v 8.119642 1.953475 -0.449096
v 8.023727 1.953475 -0.52781
v 8.230927 1.93733 -0.374933
v 8.147338 1.93733 -0.476788
v 8.198364 1.953475 -0.353173
v 8.147338 1.93733 -0.476788
v 8.230927 1.93733 -0.374933
v 8.293036 1.93733 -0.258731
v 8.331286 1.93733 -0.132644
v 8.293036 1.93733 -0.258731
v 8.292874 1.953475 -0.125005
v 8.256854 1.953475 -0.243745
v 8.344202 1.93733 -0.001517
v 8.305037 1.953475 -0.001517
v 8.331286 1.93733 -0.132644
v 8.344202 1.93733 -0.001517
v 8.331286 1.93733 0.12961
v 8.331286 1.93733 0.12961
v 8.292874 1.953475 0.121971
v 8.293036 1.93733 0.255697
v 8.230927 1.93733 0.3719
v 8.293036 1.93733 0.255697
v 8.198364 1.953475 0.350139
v 8.256854 1.953475 0.240711
v 8.230927 1.93733 0.3719
v 8.147338 1.93733 0.473754
v 8.147338 1.93733 0.473754
v 8.119642 1.953475 0.446062
v 8.045485 1.93733 0.557342
v 7.929283 1.93733 0.619454
v 8.045485 1.93733 0.557342
v 7.914296 1.953475 0.58327
v 8.023727 1.953475 0.524777
v 7.80339 1.93733 0.657643
v 7.79622 1.953475 0.619088
v 7.929283 1.93733 0.619454
v 0.051378 1.93733 1.368132
v 7.80339 1.93733 0.657643
v -0.216083 1.93733 1.341789
v 0.051378 1.93733 1.368132
v -0.473048 1.93733 1.263839
v -0.456389 1.953475 1.22362
v -0.216083 1.93733 1.341789
v -0.473048 1.93733 1.263839
v -0.709869 1.93733 1.137256
v -0.709869 1.93733 1.137256
v -0.685683 1.953475 1.10106
v -0.917444 1.93733 0.966903
v -1.087797 1.93733 0.759328
v -0.917444 1.93733 0.966903
v -0.886662 1.953475 0.936121
v -1.087797 1.93733 0.759328
v -1.174161 1.953475 0.505848
v -1.051601 1.953475 0.735142
v -1.21438 1.93733 0.522507
v -1.21438 1.93733 0.522507
v -1.29233 1.93733 0.265541
v -1.29233 1.93733 0.265541
v -1.275117 1.953475 -0.001694
v -1.249633 1.953475 0.257048
v -1.292329 1.93733 -0.26893
v -1.31865 1.93733 -0.001694
v -1.249632 1.953475 -0.260436
v -1.31865 1.93733 -0.001694
v -1.214379 1.93733 -0.525895
v -1.17416 1.953475 -0.509236
v -1.292329 1.93733 -0.26893
v -1.214379 1.93733 -0.525895
v -1.087795 1.93733 -0.762716
v -1.087795 1.93733 -0.762716
v -1.051599 1.953475 -0.738531
v -0.917443 1.93733 -0.970291
v -0.709867 1.93733 -1.140644
v -0.917443 1.93733 -0.970291
v -0.685682 1.953475 -1.104447
v -0.886661 1.953475 -0.939508
v -0.473046 1.93733 -1.267226
v -0.456387 1.953475 -1.227007
v -0.709867 1.93733 -1.140644
v -0.21608 1.93733 -1.345176
v -0.207587 1.953475 -1.302479
v -0.473046 1.93733 -1.267226
v -0.21608 1.93733 -1.345176
v 7.80636 0.820895 -0.676646
v 7.80636 0.799346 -0.676646
v 7.935491 0.799346 -0.637475
v -0.219598 0.799346 -1.362861
v -0.479946 0.799346 -1.283886
v -0.719885 0.799346 -1.155636
v -0.930193 0.820895 -0.983041
v -0.930193 0.799346 -0.983041
v -1.102789 0.799346 -0.772734
v -1.231039 0.799346 -0.532796
v -1.310014 0.799346 -0.272447
v -1.336681 0.799346 -0.001694
v -1.310015 0.799346 0.269059
v -1.23104 0.799346 0.529407
v -1.10279 0.799346 0.769346
v -0.930194 0.820895 0.979654
v -0.930194 0.799346 0.979654
v -0.719887 0.799346 1.152249
v -0.479949 0.799346 1.280499
v -0.219601 0.799346 1.359475
v 0.051153 0.799346 1.386142
v 7.80636 0.799346 0.673613
v 7.935491 0.799346 0.634441
v 8.054498 0.799346 0.57083
v 8.15881 0.820895 0.485224
v 8.15881 0.799346 0.485224
v 8.244415 0.799346 0.380913
v 8.308025 0.799346 0.261906
v 8.347198 0.799346 0.132775
v 8.360424 0.799346 -0.001517
v 8.347198 0.799346 -0.135808
v 8.308025 0.799346 -0.264939
v 8.244415 0.799346 -0.383947
v 8.15881 0.820895 -0.488258
v 8.15881 0.799346 -0.488258
v 8.054498 0.799346 -0.573864
v 0.051153 0.799346 -1.389528
v 7.756285 2.018569 -0.472792
v 7.756285 2.025176 -0.472792
v 0.058123 2.025176 -1.151262
v 7.846715 2.018569 -0.44536
v 7.846715 2.025176 -0.44536
v 7.930056 2.018569 -0.400814
v 7.930056 2.025176 -0.400814
v 8.003105 2.018569 -0.340864
v 8.003105 2.025176 -0.340864
v 8.063055 2.018569 -0.267815
v 8.063055 2.025176 -0.267815
v 8.003105 2.025176 -0.340864
v 8.107601 2.018569 -0.184474
v 8.107601 2.025176 -0.184474
v 8.135033 2.018569 -0.094044
v 8.135033 2.025176 -0.094044
v 8.144296 2.018569 -0
v 8.144296 2.025176 -0
v 8.135033 2.018569 0.094044
v 8.135033 2.025176 0.094044
v 8.107601 2.018569 0.184474
v 8.107601 2.025176 0.184474
v 8.063055 2.018569 0.267815
v 8.063055 2.025176 0.267815
v 8.003105 2.018569 0.340864
v 8.003105 2.025176 0.340864
v 7.930056 2.018569 0.400814
v 7.930056 2.025176 0.400814
v 8.003105 2.025176 0.340864
v 7.846715 2.018569 0.44536
v 7.846715 2.025176 0.44536
v 7.756285 2.018569 0.472792
v 7.756285 2.025176 0.472792
v 0.058123 2.018569 1.151368
v 0.058123 2.025176 1.151368
v -0.166488 2.018569 1.129246
v -0.166488 2.025176 1.129246
v -0.382466 2.018569 1.06373
v -0.382466 2.025176 1.06373
v -0.581514 2.018569 0.957337
v -0.581514 2.025176 0.957337
v -0.75598 2.018569 0.814156
v -0.75598 2.025176 0.814156
v -0.899161 2.018569 0.639689
v -0.899161 2.025176 0.639689
v -0.75598 2.025176 0.814156
v -1.005554 2.018569 0.440642
v -1.005554 2.025176 0.440642
v -1.07107 2.018569 0.224663
v -1.07107 2.025176 0.224663
v -1.093192 2.018569 0.000052
v -1.093192 2.025176 0.000052
v -1.071069 2.018569 -0.224558
v -1.071069 2.025176 -0.224558
v -1.005553 2.018569 -0.440537
v -1.005553 2.025176 -0.440537
v -0.89916 2.018569 -0.639584
v -0.89916 2.025176 -0.639584
v -0.755979 2.018569 -0.81405
v -0.755979 2.025176 -0.81405
v -0.581512 2.018569 -0.957231
v -0.581512 2.025176 -0.957231
v -0.755979 2.025176 -0.81405
v -0.382465 2.018569 -1.063624
v -0.382465 2.025176 -1.063624
v -0.888821 2.021928 -0.195269
v -1.071069 2.025176 -0.224558
v -1.005553 2.025176 -0.440537
v 0.058123 2.018569 -1.151262
v -0.166486 2.025176 -1.12914
v -0.166486 2.018569 -1.12914
v 7.756285 0.058641 0.472792
v 7.756285 0.058641 -0.472792
v 0.058123 0.058641 -1.151262
v -0.747421 2.355513 -0.556282
v -0.834932 2.355513 -0.383139
v -0.834932 2.032037 -0.383139
v 7.895746 2.021928 -0.256796
v 7.836301 2.021928 -0.30196
v 7.930056 2.025176 -0.400814
v 7.768482 2.021928 0.33552
v 7.846715 2.025176 0.44536
v 7.756285 2.025176 0.472792
v -0.629651 2.021928 -0.708043
v -0.755979 2.025176 -0.81405
v -0.581512 2.025176 -0.957231
v -0.144778 2.021928 0.982348
v -0.166488 2.025176 1.129246
v -0.382466 2.025176 1.06373
v 8.003102 2.021928 -0.07085
v 7.98078 2.021928 -0.138977
v 8.107601 2.025176 -0.184474
v 0.039971 2.021928 -1.001369
v -0.144776 2.021928 -0.982126
v -0.166486 2.025176 -1.12914
v -0.747422 2.021928 0.556503
v -0.629651 2.021928 0.708264
v -0.75598 2.025176 0.814156
v 8.003102 2.021928 0.07085
v 8.135033 2.025176 0.094044
v 8.107601 2.025176 0.184474
v -0.907018 2.021928 0.00011
v -0.888822 2.021928 0.19549
v -1.07107 2.025176 0.224663
v 7.768482 2.021928 -0.33552
v 7.694893 2.021928 -0.356186
v 7.756285 2.025176 -0.472792
v 7.895746 2.021928 0.256796
v 8.003105 2.025176 0.340864
v 7.930056 2.025176 0.400814
v -0.834932 2.021928 -0.383139
v -0.89916 2.025176 -0.639584
v 7.94453 2.021928 -0.201763
v 8.003105 2.025176 -0.340864
v 7.694893 2.021928 0.356186
v 0.058123 2.025176 1.151368
v -0.486147 2.021928 -0.832589
v -0.382465 2.025176 -1.063624
v -0.486148 2.021928 0.832811
v -0.322426 2.021928 0.925358
v 0.058123 2.025176 -1.151262
v 8.01064 2.021928 -0
v 8.135033 2.025176 -0.094044
v -0.834933 2.021928 0.38336
v -0.899161 2.025176 0.639689
v 7.98078 2.021928 0.138977
v 8.063055 2.025176 0.267815
v -1.093192 2.025176 0.000052
v 7.846715 2.025176 -0.44536
v 7.836301 2.021928 0.30196
v -0.747421 2.021928 -0.556282
v 0.039971 2.021928 1.001591
v 8.063055 2.025176 -0.267815
v -0.322425 2.021928 -0.925136
v -0.581514 2.025176 0.957337
v 8.144296 2.025176 -0
v -1.005554 2.025176 0.440642
v 7.94453 2.021928 0.201763
v 0.039971 2.355513 -1.001369
v -0.144776 2.355513 -0.982126
v -0.144776 2.032037 -0.982126
v 7.94453 2.355513 -0.201763
v 7.895746 2.355513 -0.256796
v 7.895746 2.032037 -0.256796
v 0.039971 2.355513 1.001591
v 7.694893 2.355513 0.356186
v 7.694893 2.032037 0.356186
v -0.888821 2.355513 -0.195269
v -0.907018 2.355513 0.00011
v -0.907018 2.032037 0.00011
v 7.836301 2.355513 -0.30196
v 7.768482 2.355513 -0.33552
v 7.768482 2.032037 -0.33552
v 7.768482 2.355513 0.33552
v 7.836301 2.355513 0.30196
v 7.836301 2.032037 0.30196
v -0.888822 2.355513 0.19549
v -0.834933 2.355513 0.38336
v -0.834933 2.032037 0.38336
v 7.895746 2.355513 0.256796
v 7.94453 2.355513 0.201763
v 7.94453 2.032037 0.201763
v -0.747422 2.355513 0.556503
v -0.629651 2.355513 0.708264
v -0.629651 2.032037 0.708264
v 7.98078 2.355513 0.138977
v 8.003102 2.355513 0.07085
v 8.003102 2.032037 0.07085
v -0.322425 2.355513 -0.925136
v -0.486147 2.355513 -0.832589
v -0.486147 2.032037 -0.832589
v -0.486148 2.355513 0.832811
v -0.322426 2.355513 0.925358
v -0.322426 2.032037 0.925358
v 8.01064 2.355513 -0
v 8.003102 2.355513 -0.07085
v 8.003102 2.032037 -0.07085
v -0.629651 2.355513 -0.708043
v -0.747421 2.032037 -0.556282
v 7.98078 2.355513 -0.138977
v 7.94453 2.032037 -0.201763
v -0.144778 2.355513 0.982348
v 0.039971 2.032037 1.001591
v -0.888821 2.032037 -0.195269
v 7.895746 2.355513 -0.256796
v 7.836301 2.032037 -0.30196
v 7.768482 2.032037 0.33552
v -0.888822 2.032037 0.19549
v -0.76043 2.462127 -0.171095
v 0.042814 2.462127 -0.870881
v -0.776375 2.462127 0.000111
v 7.895746 2.355513 0.256796
v 7.895746 2.032037 0.256796
v 7.694893 2.355513 -0.356186
v 7.694893 2.032037 -0.356186
v -0.747422 2.032037 0.556503
v 7.98078 2.032037 0.138977
v -0.322425 2.032037 -0.925136
v -0.629651 2.355513 0.708264
v -0.486148 2.032037 0.832811
v 8.01064 2.032037 -0
v -0.629651 2.355513 -0.708043
v -0.629651 2.032037 -0.708043
v -0.144778 2.032037 0.982348
v 7.98078 2.032037 -0.138977
v 0.040352 2.40882 -0.983887
v 0.041393 2.447843 -0.936125
v 7.692505 2.40882 -0.34202
v 0.041393 2.447843 -0.936125
v 7.685982 2.447843 -0.303319
v 7.685982 2.447843 -0.303319
v 7.76334 2.40882 -0.322128
v 7.67707 2.462127 -0.250453
v 7.74929 2.447843 -0.285541
v 7.828745 2.40882 -0.289762
v 7.808102 2.447843 -0.256438
v 7.76334 2.40882 -0.322128
v 7.779902 2.462127 -0.210915
v 7.730097 2.462127 -0.235561
v 7.885988 2.40882 -0.246271
v 7.859328 2.447843 -0.217517
v 7.828745 2.40882 -0.289762
v 7.82291 2.462127 -0.178239
v 7.932882 2.40882 -0.19337
v 7.885988 2.40882 -0.246271
v 7.901062 2.447843 -0.170438
v 7.885988 2.40882 -0.246271
v 7.857594 2.462127 -0.139113
v 7.967669 2.40882 -0.13312
v 7.931847 2.447843 -0.117118
v 7.932882 2.40882 -0.19337
v 7.882913 2.462127 -0.095259
v 7.989059 2.40882 -0.067837
v 7.95069 2.447843 -0.059607
v 7.931847 2.447843 -0.117118
v 7.898278 2.462127 -0.048365
v 7.996276 2.40882 -0
v 7.957032 2.447843 -0
v 7.903424 2.462127 -0
v 7.95069 2.447843 -0.059607
v 7.989059 2.40882 0.067837
v 7.957032 2.447843 -0
v 7.95069 2.447843 0.059607
v 7.95069 2.447843 0.059607
v 7.967668 2.40882 0.133119
v 7.898278 2.462127 0.048365
v 7.931847 2.447843 0.117117
v 7.967668 2.40882 0.133119
v 7.932882 2.40882 0.193369
v 7.882914 2.462127 0.095257
v 7.901062 2.447843 0.170438
v 7.932882 2.40882 0.193369
v 7.885987 2.40882 0.246271
v 7.857594 2.462127 0.139113
v 7.859328 2.447843 0.217517
v 7.885987 2.40882 0.246271
v 7.828745 2.40882 0.289762
v 7.82291 2.462127 0.178239
v 7.808102 2.447843 0.256437
v 7.828745 2.40882 0.289762
v 7.76334 2.40882 0.322128
v 7.779902 2.462127 0.210915
v 7.74929 2.447843 0.28554
v 7.692505 2.40882 0.34202
v 7.76334 2.40882 0.322128
v 7.685982 2.447843 0.303319
v 7.74929 2.447843 0.28554
v 7.67707 2.462127 0.250453
v 7.730097 2.462127 0.235561
v 0.040352 2.40882 0.984109
v 0.041392 2.447843 0.936348
v 0.042814 2.462127 0.871104
v 7.685982 2.447843 0.303319
v -0.141175 2.40882 0.965202
v -0.131332 2.447843 0.918357
v -0.117886 2.462127 0.854366
v 0.041392 2.447843 0.936348
v -0.315404 2.40882 0.909309
v -0.131332 2.447843 0.918357
v -0.296218 2.447843 0.865461
v -0.315404 2.40882 0.909309
v -0.476048 2.40882 0.818502
v -0.270009 2.462127 0.805564
v -0.448453 2.447843 0.779407
v -0.476048 2.40882 0.818502
v -0.616934 2.40882 0.696226
v -0.410758 2.462127 0.726004
v -0.58219 2.447843 0.663337
v -0.616934 2.40882 0.696226
v -0.732625 2.40882 0.547144
v -0.534728 2.462127 0.618409
v -0.6922 2.447843 0.521576
v -0.732625 2.40882 0.547144
v -0.818636 2.40882 0.37697
v -0.636978 2.462127 0.486649
v -0.774111 2.447843 0.359513
v -0.818636 2.40882 0.37697
v -0.774111 2.447843 0.359513
v -0.871621 2.40882 0.192251
v -0.713289 2.462127 0.335666
v -0.824626 2.447843 0.183403
v -0.824626 2.447843 0.183403
v -0.889515 2.40882 0.00011
v -0.760431 2.462127 0.171316
v -0.841696 2.447843 0.00011
v -0.87162 2.40882 -0.19203
v -0.824626 2.447843 -0.183182
v -0.841696 2.447843 0.00011
v -0.818635 2.40882 -0.37675
v -0.77411 2.447843 -0.359292
v -0.713288 2.462127 -0.335445
v -0.824626 2.447843 -0.183182
v -0.732624 2.40882 -0.546923
v -0.692199 2.447843 -0.521355
v -0.77411 2.447843 -0.359292
v -0.818635 2.40882 -0.37675
v -0.636977 2.462127 -0.486427
v -0.616933 2.40882 -0.696004
v -0.582189 2.447843 -0.663115
v -0.732624 2.40882 -0.546923
v -0.534728 2.462127 -0.618187
v -0.476046 2.40882 -0.81828
v -0.616933 2.40882 -0.696004
v -0.448452 2.447843 -0.779185
v -0.616933 2.40882 -0.696004
v -0.410757 2.462127 -0.725782
v -0.315402 2.40882 -0.909087
v -0.296216 2.447843 -0.865239
v -0.476046 2.40882 -0.81828
v -0.270008 2.462127 -0.805342
v -0.141173 2.40882 -0.964979
v -0.13133 2.447843 -0.918134
v -0.296216 2.447843 -0.865239
v -0.117885 2.462127 -0.854143
v -0.13133 2.447843 -0.918134
v 0.039971 2.032037 -1.001369
v 0.039971 2.021928 -1.001369
v 7.98078 2.021928 -0.138977
v -0.144778 2.021928 0.982348
v -0.629651 2.021928 -0.708043
v 8.01064 2.021928 -0
v -0.629651 2.032037 0.708264
v -0.486148 2.021928 0.832811
v -0.322425 2.021928 -0.925136
v 7.98078 2.021928 0.138977
v -0.747422 2.021928 0.556503
v 7.694893 2.021928 -0.356186
v 7.895746 2.021928 0.256796
v -0.888822 2.021928 0.19549
v 7.768482 2.021928 0.33552
v 7.895746 2.032037 -0.256796
v 7.836301 2.021928 -0.30196
v -0.888821 2.021928 -0.195269
v 0.039971 2.021928 1.001591
v 7.94453 2.021928 -0.201763
v -0.629651 2.032037 -0.708043
v -0.747421 2.021928 -0.556282
v 8.003102 2.021928 -0.07085
v -0.322426 2.021928 0.925358
v -0.486147 2.021928 -0.832589
v 8.003102 2.021928 0.07085
v -0.629651 2.021928 0.708264
v 7.895746 2.032037 0.256796
v 7.94453 2.021928 0.201763
v -0.834933 2.021928 0.38336
v 7.836301 2.021928 0.30196
v 7.768482 2.021928 -0.33552
v -0.907018 2.021928 0.00011
v 7.694893 2.021928 0.356186
v 7.895746 2.021928 -0.256796
v -0.144776 2.021928 -0.982126
v -0.834932 2.021928 -0.383139
v -0.166486 0.058641 -1.12914
v -0.166486 0.069446 -1.12914
v -0.382465 0.069446 -1.063624
v 0.058123 0.058641 -1.151262
v 0.058123 0.069446 -1.151262
v -0.382465 0.058641 -1.063624
v -0.581512 0.069446 -0.957231
v -0.581512 0.058641 -0.957231
v -0.755979 0.069446 -0.81405
v -0.755979 0.058641 -0.81405
v -0.755979 0.069446 -0.81405
v -0.89916 0.069446 -0.639584
v -0.89916 0.058641 -0.639584
v -1.005553 0.069446 -0.440537
v -1.005553 0.058641 -0.440537
v -1.071069 0.069446 -0.224558
v -1.071069 0.058641 -0.224558
v -1.093192 0.069446 0.000052
v -1.093192 0.058641 0.000052
v -1.07107 0.069446 0.224663
v -1.07107 0.058641 0.224663
v -1.005554 0.069446 0.440642
v -1.005554 0.058641 0.440642
v -0.899161 0.069446 0.639689
v -0.899161 0.058641 0.639689
v -0.75598 0.069446 0.814156
v -0.75598 0.058641 0.814156
v -0.75598 0.069446 0.814156
v -0.581514 0.069446 0.957337
v -0.581514 0.058641 0.957337
v -0.382466 0.069446 1.06373
v -0.382466 0.058641 1.06373
v -0.166488 0.069446 1.129246
v -0.166488 0.058641 1.129246
v 0.058123 0.069446 1.151368
v 0.058123 0.058641 1.151368
v 7.756285 0.069446 0.472792
v 7.756285 0.058641 0.472792
v 7.846715 0.069446 0.44536
v 7.846715 0.058641 0.44536
v 7.930056 0.069446 0.400814
v 7.930056 0.058641 0.400814
v 8.003105 0.069446 0.340864
v 8.003105 0.058641 0.340864
v 8.003105 0.069446 0.340864
v 8.063055 0.069446 0.267815
v 8.063055 0.058641 0.267815
v 8.107601 0.069446 0.184474
v 8.107601 0.058641 0.184474
v 8.135033 0.069446 0.094044
v 8.135033 0.058641 0.094044
v 8.144296 0.069446 -0
v 8.144296 0.058641 -0
v 8.135033 0.069446 -0.094044
v 8.135033 0.058641 -0.094044
v 8.107601 0.069446 -0.184474
v 8.107601 0.058641 -0.184474
v 8.063055 0.069446 -0.267815
v 8.063055 0.058641 -0.267815
v 8.003105 0.069446 -0.340864
v 8.003105 0.058641 -0.340864
v 8.003105 0.069446 -0.340864
v 7.930056 0.069446 -0.400814
v 7.930056 0.058641 -0.400814
v 7.846715 0.069446 -0.44536
v 7.846715 0.058641 -0.44536
v 7.756285 0.069446 -0.472792
v 7.756285 0.058641 -0.472792
v -0.755979 2.018569 -0.81405
v -0.75598 2.018569 0.814156
v 8.003105 2.018569 0.340864
v 8.003105 2.018569 -0.340864
v -0.378615 2.501069 0.001047
v -0.234507 2.501157 -0.295456
v -0.234507 2.501157 0.297551
v -0.054464 2.51104 -0.357677
v -0.001336 2.508088 -0.367623
v -0.050432 2.511134 -0.358267
v -0.050432 2.511134 0.360362
v -0.001336 2.508088 0.369717
v -0.001336 2.454061 0.397742
v 0.054048 2.510988 -0.357347
v 0.12125 2.454061 -0.376232
v 0.054048 2.510988 0.359441
v 0.054682 2.510973 0.359349
v 0.319597 2.454061 -0.232124
v 0.319597 2.454061 0.234219
v -0.050432 2.511134 0.360362
v -0.050432 2.511134 -0.358267
v 0.054048 2.510988 0.359441
v 0.054048 2.510988 -0.357347
v -0.219598 0.799346 -1.362861
v -0.479946 0.799346 -1.283886
v -0.719885 0.799346 -1.155636
v -0.930193 0.799346 -0.983041
v -1.102789 0.799346 -0.772734
v -1.231039 0.799346 -0.532796
v -1.310014 0.799346 -0.272447
v -1.336681 0.799346 -0.001694
v -1.310015 0.799346 0.269059
v -1.23104 0.799346 0.529407
v -1.10279 0.799346 0.769346
v -0.930194 0.799346 0.979654
v -0.719887 0.799346 1.152249
v -0.479949 0.799346 1.280499
v -0.219601 0.799346 1.359475
v 7.80636 0.799346 0.673613
v 7.935491 0.799346 0.634441
v 8.054498 0.799346 0.57083
v 8.15881 0.799346 0.485224
v 8.244415 0.799346 0.380913
v 8.308025 0.799346 0.261906
v 8.347198 0.799346 0.132775
v 8.360424 0.799346 -0.001517
v 8.347198 0.799346 -0.135808
v 8.308025 0.799346 -0.264939
v 8.244415 0.799346 -0.383947
v 8.054498 0.799346 -0.573864
v 8.15881 0.799346 -0.488258
v 7.935491 0.799346 -0.637475
v 8.147338 1.93733 0.473754
v -0.917444 1.93733 0.966903
v -0.917443 1.93733 -0.970291
v -0.930193 0.799346 -0.983041
v -0.930194 0.799346 0.979654
v 8.15881 0.799346 0.485224
v 8.15881 0.799346 -0.488258
v -0.166486 0.058641 -1.12914
v -0.382465 0.058641 -1.063624
v -0.581512 0.058641 -0.957231
v -1.071069 0.058641 -0.224558
v -0.755979 0.058641 -0.81405
v -0.89916 0.058641 -0.639584
v -1.005553 0.058641 -0.440537
v -1.093192 0.058641 0.000052
v -1.07107 0.058641 0.224663
v -1.005554 0.058641 0.440642
v -0.899161 0.058641 0.639689
v -0.75598 0.058641 0.814156
v -0.581514 0.058641 0.957337
v -0.382466 0.058641 1.06373
v -0.166488 0.058641 1.129246
v 0.058123 0.058641 1.151368
v 7.846715 0.058641 0.44536
v 7.930056 0.058641 0.400814
v 8.003105 0.058641 0.340864
v 8.063055 0.058641 0.267815
v 8.107601 0.058641 0.184474
v 8.135033 0.058641 0.094044
v 8.144296 0.058641 -0
v 8.135033 0.058641 -0.094044
v 8.107601 0.058641 -0.184474
v 8.063055 0.058641 -0.267815
v 8.003105 0.058641 -0.340864
v 7.930056 0.058641 -0.400814
v 7.846715 0.058641 -0.44536
v 7.74929 2.447843 -0.285541
v 7.967669 2.40882 -0.13312
v 7.931847 2.447843 0.117117
v 7.885987 2.40882 0.246271
v -0.296218 2.447843 0.865461
v -0.616934 2.40882 0.696226
v -0.315402 2.40882 -0.909087
v -0.629651 2.021928 0.708264
v 7.895746 2.021928 -0.256796
v -0.629651 2.021928 -0.708043
v 7.895746 2.021928 0.256796
v -0.755979 0.058641 -0.81405
v -0.75598 0.058641 0.814156
v 8.003105 0.058641 0.340864
v 8.003105 0.058641 -0.340864
vt 0.499871 0.560574
vt 0.500533 0.569372
vt 0.505417 0.58190602
vt 0.39504 0.53976202
vt 0.39504 0.58230698
vt 0.401156 0.53970402
vt 0.505417 0.560516
vt 0.506077 0.56928998
vt 0.510937 0.581788
vt 0.505417 0.53924298
vt 0.505239 0.53933698
vt 0.502418 0.54432
vt 0.500533 0.551777
vt 0.502418 0.57682902
vt 0.505239 0.58181202
vt 0.401156 0.582366
vt 0.398282 0.539244
vt 0.398282 0.58282602
vt 0.510937 0.53924298
vt 0.510768 0.53933197
vt 0.507956 0.544303
vt 0.506077 0.551741
vt 0.507956 0.576729
vt 0.510768 0.581699
vt 0.395039 0.55770898
vt 0.391737 0.55520803
vt 0.391736 0.56048203
vt 0.403793 0.56098598
vt 0.404002 0.558213
vt 0.401156 0.558213
vt 0.391737 0.56575602
vt 0.395039 0.563255
vt 0.386597 0.553222
vt 0.386596 0.56048203
vt 0.39504 0.555359
vt 0.391739 0.550736
vt 0.403199 0.56333703
vt 0.403793 0.55544
vt 0.391739 0.57022703
vt 0.39504 0.56560498
vt 0.386597 0.56774098
vt 0.380121 0.551948
vt 0.38012 0.56048203
vt 0.386599 0.547068
vt 0.402311 0.564907
vt 0.403566 0.57094598
vt 0.405256 0.567959
vt 0.403199 0.55308998
vt 0.405256 0.548468
vt 0.403566 0.54548
vt 0.402311 0.55151898
vt 0.386599 0.57389498
vt 0.380121 0.56901503
vt 0.376054 0.56048203
vt 0.380125 0.54471302
vt 0.391742 0.54774898
vt 0.386603 0.542957
vt 0.401262 0.565459
vt 0.401572 0.57199502
vt 0.401572 0.54443097
vt 0.401262 0.550968
vt 0.386603 0.57800698
vt 0.391742 0.573215
vt 0.380125 0.57625002
vt 0.376055 0.55169898
vt 0.380129 0.53987998
vt 0.402053 0.577183
vt 0.404798 0.57573903
vt 0.404798 0.54068798
vt 0.402053 0.539244
vt 0.380129 0.581084
vt 0.376055 0.569264
vt 0.376059 0.544254
vt 0.511288 0.53924298
vt 0.511025 0.54575503
vt 0.514391 0.54576302
vt 0.517897 0.565516
vt 0.51453 0.56552398
vt 0.514794 0.57203603
vt 0.376059 0.57671
vt 0.510937 0.552992
vt 0.514258 0.550102
vt 0.517946 0.56141502
vt 0.517763 0.56117702
vt 0.514267 0.556278
vt 0.514401 0.56025398
vt 0.514443 0.55631602
vt 0.517772 0.55500197
vt 0.517907 0.55102497
vt 0.51454 0.55103302
vt 0.478358 0.539824
vt 0.478354 0.544658
vt 0.48225 0.544218
vt 0.511307 0.56680602
vt 0.514171 0.566813
vt 0.517676 0.54446602
vt 0.514813 0.544473
vt 0.48225 0.576635
vt 0.478354 0.576195
vt 0.478358 0.581029
vt 0.47835 0.551893
vt 0.482247 0.55165398
vt 0.471886 0.54290098
vt 0.471882 0.54701298
vt 0.511728 0.57203102
vt 0.513809 0.57203603
vt 0.517314 0.53924298
vt 0.515234 0.539248
vt 0.471882 0.57384002
vt 0.471886 0.57795203
vt 0.482247 0.56919903
vt 0.47835 0.56896
vt 0.478349 0.560426
vt 0.482246 0.560426
vt 0.471879 0.553167
vt 0.46675 0.54769403
vt 0.466747 0.550681
vt 0.518048 0.54578
vt 0.519097 0.546331
vt 0.520334 0.54029202
vt 0.520334 0.565758
vt 0.519097 0.55971903
vt 0.518048 0.56027102
vt 0.466747 0.570172
vt 0.46675 0.57316
vt 0.471879 0.56768602
vt 0.471878 0.560427
vt 0.466745 0.555153
vt 0.519987 0.547902
vt 0.522025 0.54328
vt 0.517948 0.553025
vt 0.522025 0.56277102
vt 0.519987 0.55814898
vt 0.466745 0.565701
vt 0.466745 0.560427
vt 0.463452 0.55530298
vt 0.463451 0.55765402
vt 0.463451 0.5632
vt 0.463452 0.56555003
vt 0.463451 0.560427
vt 0.520581 0.55025202
vt 0.520581 0.555798
vt 0.520789 0.553025
vt 0.376063 0.581685
vt 0.375823 0.57673597
vt 0.375823 0.544227
vt 0.376063 0.53927898
vt 0.375819 0.56927902
vt 0.375819 0.55168498
vt 0.375818 0.56048203
vt 0.482283 0.560426
vt 0.482284 0.569201
vt 0.482284 0.551652
vt 0.482287 0.57664
vt 0.482255 0.58160502
vt 0.482255 0.539249
vt 0.482287 0.544213
vt 0.915108 0.05202198
vt 0.977968 0.052209973
vt 0.978133 0.037823975
vt 0.916641 0.52918702
vt 0.979501 0.52937597
vt 0.979223 0.522313
vt 0.917026 0.53539097
vt 0.979886 0.53557903
vt 0.457345 0.541115
vt 0.457345 0.60455298
vt 0.463451 0.604998
vt 0.450379 0.540784
vt 0.450379 0.604223
vt 0.44282 0.540581
vt 0.44282 0.604019
vt 0.434959 0.54051203
vt 0.434959 0.60395002
vt 0.427098 0.540581
vt 0.427098 0.604019
vt 0.41954 0.540784
vt 0.41954 0.604223
vt 0.412574 0.541115
vt 0.412574 0.60455298
vt 0.406468 0.54156
vt 0.406468 0.604998
vt 0.848274 0.006392002
vt 0.911134 0.006204009
vt 0.91152 0
vt 0.847996 0.01345402
vt 0.910857 0.013266027
vt 0.847837 0.021103978
vt 0.910697 0.020915985
vt 0.846741 0.483557
vt 0.909601 0.483369
vt 0.846906 0.49794304
vt 0.909766 0.497755
vt 0.847293 0.511755
vt 0.910153 0.511567
vt 0.847886 0.52446198
vt 0.910747 0.524274
vt 0.848664 0.535576
vt 0.911524 0.53538698
vt 0.292078 0.55042702
vt 0.354869 0.55042702
vt 0.355722 0.539244
vt 0.291445 0.563186
vt 0.354236 0.563186
vt 0.291055 0.57703
vt 0.353846 0.57703
vt 0.290923 0.59142798
vt 0.353714 0.59142798
vt 0.291055 0.605825
vt 0.353846 0.605825
vt 0.291445 0.61966902
vt 0.354236 0.61966902
vt 0.292078 0.632428
vt 0.354869 0.632428
vt 0.29293 0.64361203
vt 0.355722 0.64361203
vt 0.916253 0.0111169815
vt 0.979113 0.011304975
vt 0.979891 0.00019198656
vt 0.915659 0.023823977
vt 0.97852 0.02401197
vt 0.915273 0.037635982
vt 0.148408 0.50133997
vt 0.287386 0.49779403
vt 0.148065 0.48747802
vt 0.145779 0.49903202
vt 0.066953 0.029743016
vt 0 0.48823798
vt 0.916363 0.522125
vt 0.979064 0.51466298
vt 0.980319 0.05223602
vt 0.289667 0.497993
vt 0.289667 0.034729004
vt 0.981414 0.514502
vt 0.287386 0.034983993
vt 0.287976 0.027143002
vt 0.98157 0.52196002
vt 0.2858 0.027868986
vt 0.284848 0.020025015
vt 0.982217 0.534913
vt 0.981841 0.52885598
vt 0.278669 0.015170991
vt 0.282854 0.021165013
vt 0.456817 0.60691798
vt 0.462779 0.60735297
vt 0.273406 0.010115027
vt 0.280404 0.013659
vt 0.274816 0.008292019
vt 0.268298 0.0041279793
vt 0.442635 0.60639602
vt 0.450015 0.60659498
vt 0.260491 0.00355798
vt 0.267269 0.0061939955
vt 0.434959 0.60632902
vt 0.253334 0.0023069978
vt 0.261101 0.0013279915
vt 0.253501 0
vt 0.245791 0.00019401312
vt 0.427284 0.60639602
vt 0.246073 0.002489984
vt 0.238267 0.0019040108
vt 0.413101 0.60691798
vt 0.419903 0.60659498
vt 0.232348 0.0070750117
vt 0.238987 0.0041000247
vt 0.231217 0.0050629973
vt 0.224913 0.009549975
vt 0.91385 0.0006660223
vt 0.226411 0.011300981
vt 0.219597 0.015192986
vt 0.913203 0.013619006
vt 0.913474 0.0067229867
vt 0.217522 0.022813022
vt 0.221406 0.016614974
vt 0.913048 0.021076977
vt 0.214926 0.029618025
vt 0.215474 0.021773994
vt 0.911952 0.483343
vt 0.212706 0.029030979
vt 0.912115 0.497554
vt 0.145779 0.48733902
vt 0.912497 0.51118702
vt 0.151414 0.51482803
vt 0.146133 0.501626
vt 0.149237 0.51555598
vt 0.154973 0.52860802
vt 0.913083 0.523728
vt 0.156968 0.527465
vt 0.163121 0.54027897
vt 0.357215 0.55096
vt 0.358056 0.539922
vt 0.164856 0.538765
vt 0.173367 0.550121
vt 0.186347 0.55568498
vt 0.174776 0.548293
vt 0.356589 0.56355298
vt 0.185317 0.557755
vt 0.198513 0.56288803
vt 0.356205 0.57721698
vt 0.212615 0.56301302
vt 0.199123 0.560655
vt 0.356205 0.60563803
vt 0.356075 0.59142798
vt 0.226302 0.562667
vt 0.212447 0.565323
vt 0.356589 0.619303
vt 0.23966 0.559632
vt 0.226583 0.56496602
vt 0.24038 0.561832
vt 0.253305 0.55604
vt 0.357215 0.63189602
vt 0.252174 0.55402398
vt 0.264863 0.547813
vt 0.981449 0.011851013
vt 0.982217 0.00088202953
vt 0.272802 0.53604198
vt 0.263365 0.546059
vt 0.980864 0.024393022
vt 0.280122 0.52435797
vt 0.27461 0.537467
vt 0.980482 0.03802502
vt 0.285044 0.51145703
vt 0.28217 0.52539998
vt 0.287253 0.512075
vt 0.916204 0.514475
vt 0.914946 0.514471
vt 0.915106 0.522121
vt 0.914015 0.03763199
vt 0.914402 0.023819983
vt 0.914996 0.011112988
vt 0.917031 0.000003993511
vt 0.291674 0.64361203
vt 0.290822 0.632428
vt 0.290189 0.61966902
vt 0.289799 0.605825
vt 0.289667 0.59142798
vt 0.289799 0.57703
vt 0.290189 0.563186
vt 0.290822 0.55042702
vt 0.29293 0.539244
vt 0.847407 0.53557903
vt 0.846629 0.52446598
vt 0.846035 0.51175898
vt 0.845649 0.49794698
vt 0.845484 0.48356104
vt 0.84658 0.021107972
vt 0.846739 0.013458014
vt 0.847017 0.0063959956
vt 0.848659 0.00018799305
vt 0.406468 0.540291
vt 0.412574 0.539846
vt 0.41954 0.53951597
vt 0.427098 0.539312
vt 0.434959 0.53924298
vt 0.44282 0.539312
vt 0.450379 0.53951597
vt 0.457345 0.539846
vt 0.463451 0.54156
vt 0.915769 0.53538698
vt 0.915384 0.52918398
vt 0.91385 0.052017987
vt 0.754834 0.500656
vt 0.755219 0.50065702
vt 0.754263 0.04198897
vt 0.754946 0.50601298
vt 0.755332 0.506015
vt 0.755141 0.51095903
vt 0.755527 0.51095998
vt 0.755412 0.51530302
vt 0.755797 0.51530498
vt 0.610326 0.51600498
vt 0.610326 0.515616
vt 0.60605 0.51530498
vt 0.615204 0.51623702
vt 0.615204 0.51584798
vt 0.620497 0.516379
vt 0.620497 0.51599002
vt 0.626002 0.516428
vt 0.626002 0.516039
vt 0.631507 0.516379
vt 0.631507 0.51599002
vt 0.6368 0.51623702
vt 0.6368 0.51584798
vt 0.641679 0.51600498
vt 0.641679 0.515616
vt 0.645955 0.51569402
vt 0.645955 0.51530498
vt 0.638877 0.004345
vt 0.639262 0.0043439865
vt 0.639533 0
vt 0.638682 0.009290993
vt 0.639067 0.00928998
vt 0.638569 0.01464802
vt 0.638955 0.014647007
vt 0.637613 0.47331703
vt 0.637999 0.473316
vt 0.637744 0.48483896
vt 0.638129 0.484838
vt 0.638052 0.495901
vt 0.638437 0.49590003
vt 0.638526 0.506078
vt 0.638911 0.506077
vt 0.639147 0.514979
vt 0.639533 0.514978
vt 0.597179 0.63157302
vt 0.597179 0.631962
vt 0.60605 0.63265097
vt 0.587059 0.63106102
vt 0.587059 0.63145
vt 0.576079 0.630745
vt 0.576079 0.63113397
vt 0.564659 0.63063902
vt 0.564659 0.631028
vt 0.553239 0.630745
vt 0.553239 0.63113397
vt 0.542259 0.63106102
vt 0.542259 0.63145
vt 0.532139 0.63157302
vt 0.532139 0.631962
vt 0.523268 0.632262
vt 0.523268 0.63265097
vt 0.75479 0.009226978
vt 0.755176 0.009227991
vt 0.755797 0.00032699108
vt 0.754316 0.019403994
vt 0.754702 0.019405007
vt 0.452447 0.014024973
vt 0.449581 0.001914978
vt 0.438852 0.0060229897
vt 0.753878 0.041988015
vt 0.754393 0.030466974
vt 0.754008 0.03046602
vt 0.406468 0.024775982
vt 0.351245 0.02098602
vt 0.289667 0.476265
vt 0.363317 0.546596
vt 0.36371 0.55498397
vt 0.374905 0.55498397
vt 0.481214 0.52561498
vt 0.47834 0.522291
vt 0.472939 0.528216
vt 0.5153 0.51573598
vt 0.522025 0.51990998
vt 0.523268 0.514467
vt 0.428747 0.028235972
vt 0.420766 0.020106018
vt 0.414105 0.029541016
vt 0.511235 0.046117008
vt 0.521372 0.043534994
vt 0.517304 0.032700002
vt 0.492499 0.531201
vt 0.488432 0.53015703
vt 0.486278 0.53781903
vt 0.416885 0.06156397
vt 0.417205 0.052571
vt 0.406815 0.051397026
vt 0.488891 0.018388987
vt 0.496539 0.023582995
vt 0.503356 0.0144379735
vt 0.500775 0.53063297
vt 0.502653 0.53832
vt 0.507825 0.53634
vt 0.46174 0.012503028
vt 0.471151 0.012741029
vt 0.472368 0.00035101175
vt 0.476111 0.518426
vt 0.474612 0.51416898
vt 0.468046 0.51825702
vt 0.511208 0.523556
vt 0.516544 0.52955103
vt 0.519755 0.52500302
vt 0.44363 0.017246008
vt 0.429122 0.01216501
vt 0.484621 0.52827102
vt 0.47673 0.532283
vt 0.516215 0.51131397
vt 0.523268 0.05496198
vt 0.423252 0.035580993
vt 0.409394 0.04010701
vt 0.502967 0.030108988
vt 0.507929 0.037717998
vt 0.406468 0.06297898
vt 0.496667 0.53136098
vt 0.491669 0.539074
vt 0.480319 0.01472801
vt 0.494013 0.0077109933
vt 0.504665 0.52904302
vt 0.512515 0.53337902
vt 0.460898 0
vt 0.470007 0.52348
vt 0.513609 0.51986998
vt 0.435627 0.022045016
vt 0.512757 0.054983974
vt 0.481234 0.53552598
vt 0.419355 0.04379797
vt 0.511221 0.022875011
vt 0.497197 0.53924298
vt 0.483549 0.0029550195
vt 0.508187 0.526654
vt 0.994014 0.53237402
vt 0.994127 0.523431
vt 0.98292 0.52338898
vt 0.487741 0.566347
vt 0.48749 0.5696
vt 0.49869 0.5696
vt 0.994014 0.46762598
vt 0.994291 0.011915982
vt 0.983084 0.011958003
vt 0.363953 0.564085
vt 0.364035 0.57355
vt 0.375229 0.57355
vt 0.994513 0.996465981
vt 0.994371 0.992443025
vt 0.983164 0.992401004
vt 0.994371 0.007556975
vt 0.994513 0.003534019
vt 0.983307 0.0035759807
vt 0.363953 0.58301502
vt 0.36371 0.592116
vt 0.374905 0.592116
vt 0.48749 0.53924298
vt 0.487741 0.54249603
vt 0.498941 0.54249603
vt 0.363317 0.60050398
vt 0.362787 0.60785598
vt 0.373981 0.60785598
vt 0.487927 0.546207
vt 0.488042 0.55023402
vt 0.499243 0.55023402
vt 0.994385 0.51484603
vt 0.99478 0.50695002
vt 0.983573 0.506908
vt 0.99478 0.49304998
vt 0.994385 0.48515403
vt 0.983179 0.48519504
vt 0.488081 0.55442202
vt 0.488042 0.558609
vt 0.499243 0.558609
vt 0.362787 0.539244
vt 0.374511 0.546596
vt 0.487927 0.56263602
vt 0.498941 0.566347
vt 0.994127 0.476569
vt 0.982807 0.467668
vt 0.375147 0.564085
vt 0.994713 1
vt 0.983307 0.9964240193
vt 0.983164 0.007598996
vt 0.375147 0.58301502
vt 0.806641 0.510498
vt 0.842363 0.47358704
vt 0.798397 0.51079398
vt 0.994713 0
vt 0.983507 0.000042021275
vt 0.994291 0.988084018
vt 0.983084 0.988041997
vt 0.374511 0.60050398
vt 0.499128 0.546207
vt 0.983179 0.51480502
vt 0.995294 0.499956
vt 0.983573 0.493092
vt 0.499281 0.55442202
vt 0.995294 0.499956
vt 0.984088 0.50000203
vt 0.98292 0.47661102
vt 0.499128 0.56263602
vt 0.997192 0.53241003
vt 0.999654 0.53248698
vt 0.997469 0.987960994
vt 0.845484 0.47383797
vt 0.844126 0.01809299
vt 0.999931 0.987600982
vt 0.997546 0.992156029
vt 0.841007 0.018438995
vt 0.843299 0.0142970085
vt 0.997683 0.9960370064
vt 0.841795 0.010729015
vt 0.845484 0.013595998
vt 0.83904 0.012237012
vt 0.840314 0.015259981
vt 0.997876 0.9994390011
vt 0.839692 0.007574022
vt 0.843811 0.009626985
vt 0.837275 0.009589016
vt 0.484572 0.56585097
vt 0.484331 0.568978
vt 0.83708 0.0049520135
vt 0.841461 0.0061020255
vt 0.835104 0.00740999
vt 0.484752 0.56229
vt 0.834067 0.0029559731
vt 0.838527 0.0031560063
vt 0.832626 0.005768001
vt 0.484862 0.55843103
vt 0.482389 0.557945
vt 0.482292 0.56134403
vt 0.829937 0.0047029853
vt 0.484899 0.55442202
vt 0.482421 0.55442202
vt 0.827128 0.004235983
vt 0.83077 0.0016490221
vt 0.484862 0.550412
vt 0.827307 0.0010740161
vt 0.823803 0.0012459755
vt 0.482389 0.55089802
vt 0.484752 0.54655302
vt 0.824284 0.004375994
vt 0.820379 0.0021640062
vt 0.819563 0
vt 0.815926 0.0018489957
vt 0.821493 0.005123973
vt 0.81716 0.003799975
vt 0.484572 0.542992
vt 0.812677 0.004437983
vt 0.818845 0.0064700246
vt 0.814269 0.0061039925
vt 0.997876 0.00055998564
vt 0.809944 0.0076680183
vt 0.816442 0.008383989
vt 0.811823 0.008994997
vt 0.997683 0.0039629936
vt 0.807834 0.011418998
vt 0.814389 0.010811985
vt 0.809925 0.01236701
vt 0.997469 0.012039006
vt 0.997546 0.007843971
vt 0.999931 0.012399018
vt 1 0.008648992
vt 0.811734 0.016745985
vt 0.812782 0.013666987
vt 0.997192 0.46758997
vt 0.999654 0.46751297
vt 0.758926 0.46876204
vt 0.808674 0.016043007
vt 0.997303 0.476377
vt 0.99976 0.475874
vt 0.759287 0.47658002
vt 0.755797 0.468651
vt 0.997556 0.484796
vt 0.756185 0.477055
vt 0.758266 0.48517597
vt 0.756113 0.485987
vt 0.760022 0.494008
vt 0.761207 0.48407304
vt 0.761971 0.492777
vt 0.997943 0.492544
vt 0.765492 0.50116003
vt 0.764632 0.49110103
vt 0.767163 0.49956703
vt 0.359623 0.60727298
vt 0.772316 0.507169
vt 0.769445 0.49739504
vt 0.773651 0.50528002
vt 0.360143 0.600051
vt 0.78023 0.5118
vt 0.775476 0.50270498
vt 0.781189 0.509691
vt 0.36053 0.591807
vt 0.358056 0.59096098
vt 0.360769 0.58285803
vt 0.782498 0.506814
vt 0.789486 0.512622
vt 0.358283 0.582429
vt 0.360849 0.57355
vt 0.790241 0.50954902
vt 0.798218 0.513955
vt 0.360769 0.564242
vt 0.358283 0.56467098
vt 0.35836 0.57355
vt 0.36053 0.55529302
vt 0.358056 0.556139
vt 0.814643 0.508673
vt 0.807044 0.513637
vt 0.360143 0.547049
vt 0.823605 0.508169
vt 0.815618 0.51168197
vt 0.816332 0.513888
vt 0.822084 0.5054
vt 0.359623 0.539827
vt 0.830697 0.503241
vt 0.824718 0.510199
vt 0.828675 0.50081998
vt 0.997943 0.507456
vt 0.998449 0.50067598
vt 0.836623 0.49709404
vt 0.832176 0.50501698
vt 0.834169 0.49512196
vt 0.997556 0.515204
vt 0.841162 0.48996997
vt 0.838419 0.498541
vt 0.838365 0.488535
vt 0.997303 0.523624
vt 0.99976 0.524126
vt 1 0.51615798
vt 0.84112 0.481313
vt 0.844148 0.48214197
vt 0.982807 0.532332
vt 0.982217 0.53232998
vt 0.499717 0.56263602
vt 0.98233 0.476613
vt 0.983498 0.5
vt 0.499871 0.55442202
vt 0.984088 0.50000203
vt 0.982983 0.49309397
vt 0.982589 0.514803
vt 0.499717 0.546207
vt 0.3751 0.60050398
vt 0.982495 0.98803997
vt 0.982917 0.000043988228
vt 0.375736 0.58301502
vt 0.982574 0.0076010227
vt 0.983507 0.999957978725
vt 0.982717 0.9964219928
vt 0.375736 0.564085
vt 0.982217 0.46766996
vt 0.499531 0.566347
vt 0.373981 0.539244
vt 0.3751 0.546596
vt 0.499832 0.558609
vt 0.982589 0.48519802
vt 0.982983 0.50690597
vt 0.499832 0.55023402
vt 0.37457 0.60785598
vt 0.49869 0.53924298
vt 0.499531 0.54249603
vt 0.375494 0.592116
vt 0.982717 0.0035780072
vt 0.982574 0.9923989773
vt 0.375818 0.57355
vt 0.982495 0.01196003
vt 0.499279 0.5696
vt 0.98233 0.523387
vt 0.375494 0.55498397
vt 0.639663 0.030139983
vt 0.640294 0.03014201
vt 0.640602 0.019079983
vt 0.639533 0.041661978
vt 0.640163 0.041664004
vt 0.639971 0.019078016
vt 0.641076 0.008903027
vt 0.640445 0.008901
vt 0.641697 0.000002026558
vt 0.523268 0.51692802
vt 0.523268 0.517564
vt 0.532139 0.51687503
vt 0.532139 0.516239
vt 0.542259 0.516362
vt 0.542259 0.51572698
vt 0.553239 0.516047
vt 0.553239 0.51541102
vt 0.564659 0.51594102
vt 0.564659 0.51530498
vt 0.576079 0.516047
vt 0.576079 0.51541102
vt 0.587059 0.516362
vt 0.587059 0.51572698
vt 0.597179 0.51687503
vt 0.597179 0.516239
vt 0.60605 0.517564
vt 0.524803 0.51530498
vt 0.525433 0.51530302
vt 0.524811 0.50640202
vt 0.524181 0.50640398
vt 0.524337 0.496225
vt 0.523707 0.49622703
vt 0.524029 0.48516297
vt 0.523399 0.485165
vt 0.523899 0.47364104
vt 0.523268 0.473642
vt 0.524855 0.0149719715
vt 0.524225 0.014973998
vt 0.524967 0.009615004
vt 0.524337 0.009616971
vt 0.525163 0.0046690106
vt 0.524532 0.0046709776
vt 0.525433 0.00032502413
vt 0.645955 0.63108897
vt 0.645955 0.630453
vt 0.641679 0.63076502
vt 0.641679 0.631401
vt 0.6368 0.630997
vt 0.6368 0.63163298
vt 0.631507 0.63113898
vt 0.631507 0.63177502
vt 0.626002 0.63118702
vt 0.626002 0.631823
vt 0.620497 0.63113898
vt 0.620497 0.63177502
vt 0.615204 0.630997
vt 0.615204 0.63163298
vt 0.610326 0.63076502
vt 0.610326 0.631401
vt 0.60605 0.630453
vt 0.641067 0.514978
vt 0.641697 0.51498002
vt 0.641427 0.51063502
vt 0.640797 0.510634
vt 0.641232 0.50568998
vt 0.640601 0.505688
vt 0.641119 0.500333
vt 0.640489 0.50033098
vt 0.755412 0.0003259778
vt 0.60605 0.632262
vt 0.639147 0.000001013279
vt 0.60605 0.51569402
vt 0.395039 0.56048203
vt 0.514152 0.53925002
vt 0.517658 0.572029
vt 0.51444 0.549864
vt 0.514223 0.55299997
vt 0.514443 0.550102
vt 0.517948 0.56117702
vt 0.517728 0.55827898
vt 0.514443 0.55828702
vt 0.514443 0.55631602
vt 0.511034 0.560246
vt 0.517948 0.554964
vt 0.517948 0.554964
vt 0.518339 0.53924298
vt 0.518339 0.56680697
vt 0.375827 0.58172
vt 0.375827 0.539244
vt 0.482255 0.58160502
vt 0.482255 0.539249
vt 0.000358 0.50269997
vt 0.003503 0.516815
vt 0.009315 0.530038
vt 0.017569 0.54186302
vt 0.02795 0.551834
vt 0.040058 0.559568
vt 0.053427 0.56476903
vt 0.067545 0.567236
vt 0.081867 0.56687498
vt 0.095845 0.563699
vt 0.108941 0.557831
vt 0.120651 0.54949498
vt 0.130526 0.53901303
vt 0.138186 0.52678698
vt 0.143336 0.51328802
vt 0.145779 0.03557998
vt 0.144045 0.027797997
vt 0.140841 0.020507991
vt 0.13629 0.013988972
vt 0.130567 0.008491993
vt 0.123892 0.004227996
vt 0.116521 0.0013599992
vt 0.108738 0
vt 0.100842 0.00019901991
vt 0.093136 0.0019500256
vt 0.085916 0.005185008
vt 0.074016 0.015559971
vt 0.07946 0.009781003
vt 0.069793 0.022300005
vt 0.407139 0.60735297
vt 0.91385 0.534697
vt 0.358056 0.64293402
vt 0.915774 0
vt 0.291674 0.539244
vt 0.847402 0.00019198656
vt 0.463451 0.540291
vt 0.290015 0.48784697
vt 0.292593 0.49913704
vt 0.297304 0.50970298
vt 0.332781 0.53732902
vt 0.303965 0.51913798
vt 0.312321 0.527079
vt 0.322051 0.533221
vt 0.344098 0.539244
vt 0.355567 0.53889298
vt 0.366749 0.53628898
vt 0.377212 0.531533
vt 0.386556 0.52480602
vt 0.39442 0.516369
vt 0.400503 0.506544
vt 0.404571 0.495709
vt 0.406468 0.48428202
vt 0.405225 0.019334018
vt 0.402954 0.0142400265
vt 0.399743 0.009692013
vt 0.395715 0.005864024
vt 0.391024 0.0029029846
vt 0.385852 0.0009229779
vt 0.380397 0
vt 0.374868 0.00016897917
vt 0.369478 0.0014240146
vt 0.364434 0.0037170053
vt 0.35993 0.0069599748
vt 0.356139 0.0110269785
vt 0.353206 0.015762985
vt 1 0.991351008
vt 0.835122 0.00089997053
vt 0.482292 0.547499
vt 0.484331 0.53986502
vt 1 0.48384202
vt 0.998449 0.49932396
vt 0.84321 0.491023
vt 0.983498 0.5
vt 0.982917 0.999956011772
vt 0.37457 0.539244
vt 0.499279 0.53924298
vt 0.641067 0
vt 0.60605 0.51692802
vt 0.524803 0.00032699108
vt 0.60605 0.63108897
vn 1 -0 0
vn 1 -0 0
vn 1 -0 0
vn 0 1 0
vn 0 1 0
vn 0 1 0
vn -1 0 0
vn -1 0 0
vn -1 0 0
vn 1 -0 0
vn 1 -0 0
vn 1 -0 0
vn 1 -0 0
vn 1 -0 0
vn 1 -0 0
vn 0 1 0
vn 0 1 0
vn 0 1 0
vn -1 0 0
vn -1 0 0
vn -1 0 0
vn -1 0 0
vn -1 0 0
vn -1 0 0
vn -0.8009 0.5916 -0.0919
vn -0.5083 0.8495 -0.1413
vn -0.4816 0.8764 0
vn -0.8009 0.5916 -0.0919
vn -0.7846 0.6199 0
vn -0.9477 0.3191 -0
vn -0.5083 0.8495 0.1413
vn -0.8009 0.5916 0.0919
vn -0.2942 0.9426 -0.1581
vn -0.2748 0.9615 0
vn -0.8447 0.5017 -0.1862
vn -0.5895 0.7494 -0.3014
vn -0.8447 0.5017 -0.1862
vn -0.8009 0.5916 0.0919
vn -0.5895 0.7494 0.3014
vn -0.8447 0.5017 0.1862
vn -0.2942 0.9426 0.1581
vn -0.1356 0.9771 -0.164
vn -0.126 0.992 0
vn -0.3605 0.8626 -0.3549
vn -0.9026 0.3218 -0.286
vn -0.7127 0.5004 -0.4917
vn -0.5895 0.7494 -0.3014
vn -0.8447 0.5017 0.1862
vn -0.5895 0.7494 0.3014
vn -0.7127 0.5004 0.4917
vn -0.9026 0.3218 0.286
vn -0.3605 0.8626 0.3549
vn -0.1356 0.9771 0.164
vn -0.0606 0.9981 0
vn -0.1702 0.9104 -0.3771
vn -0.7127 0.5004 -0.4917
vn -0.484 0.6075 -0.6298
vn -0.9214 0.1789 -0.345
vn -0.7496 0.3048 -0.5875
vn -0.7496 0.3048 0.5875
vn -0.9214 0.1789 0.345
vn -0.484 0.6075 0.6298
vn -0.7127 0.5004 0.4917
vn -0.1702 0.9104 0.3771
vn -0.065 0.9846 -0.1624
vn -0.2431 0.6638 -0.7072
vn -0.5211 0.393 -0.7576
vn -0.484 0.6075 -0.6298
vn -0.484 0.6075 0.6298
vn -0.5211 0.393 0.7576
vn -0.2431 0.6638 0.7072
vn -0.0651 0.9846 0.1624
vn -0.0816 0.9234 -0.375
vn -0.5211 0.393 -0.7576
vn -0.2655 0.4439 -0.8558
vn -0.2431 0.6638 -0.7072
vn -0.2431 0.6638 0.7072
vn -0.2655 0.4439 0.8558
vn -0.5211 0.393 0.7576
vn -0.0816 0.9234 0.375
vn -0 0.4605 -0.8877
vn -0.1392 0.456 -0.879
vn -0.1208 0.6874 0.7161
vn -0.1392 0.456 0.879
vn 0.1392 0.456 -0.879
vn 0.2431 0.6638 -0.7072
vn 0.1208 0.6874 -0.7161
vn 0.1392 0.456 0.879
vn 0.2431 0.6638 0.7072
vn 0.2655 0.4439 0.8558
vn 0.2431 0.6638 -0.7072
vn 0.1701 0.9104 -0.3771
vn 0.0818 0.9234 -0.375
vn 0.5211 0.393 -0.7576
vn 0.484 0.6075 -0.6298
vn 0.484 0.6075 0.6298
vn 0.5211 0.393 0.7576
vn 0.0818 0.9234 0.375
vn 0.1701 0.9104 0.3771
vn 0.2431 0.6638 0.7072
vn 0.1356 0.9771 -0.164
vn 0.0652 0.9846 -0.1624
vn 0.484 0.6075 -0.6298
vn 0.3605 0.8626 -0.3549
vn 0.7496 0.3048 -0.5875
vn 0.7127 0.5004 -0.4917
vn 0.7127 0.5004 0.4917
vn 0.7496 0.3048 0.5875
vn 0.3605 0.8626 0.3549
vn 0.484 0.6075 0.6298
vn 0.0652 0.9846 0.1624
vn 0.1356 0.9771 0.164
vn 0.126 0.992 0
vn 0.0607 0.9981 0
vn 0.2942 0.9426 -0.1581
vn 0.7127 0.5004 -0.4917
vn 0.5895 0.7494 -0.3014
vn 0.9214 0.1789 -0.345
vn 0.9026 0.3218 -0.286
vn 0.7127 0.5004 -0.4917
vn 0.7127 0.5004 0.4917
vn 0.9026 0.3218 0.286
vn 0.9214 0.1789 0.345
vn 0.5895 0.7494 0.3014
vn 0.7127 0.5004 0.4917
vn 0.2942 0.9426 0.1581
vn 0.2748 0.9615 0
vn 0.5083 0.8495 -0.1413
vn 0.8447 0.5017 -0.1862
vn 0.5895 0.7494 -0.3014
vn 0.9477 0.3191 0
vn 0.5895 0.7494 0.3014
vn 0.8447 0.5017 0.1862
vn 0.5083 0.8495 0.1413
vn 0.4816 0.8764 0
vn 0.8447 0.5017 -0.1862
vn 0.8009 0.5916 -0.0919
vn 0.8009 0.5916 0.0919
vn 0.8447 0.5017 0.1862
vn 0.7846 0.6199 0
vn 0.8009 0.5916 -0.0919
vn 0.8009 0.5916 0.0919
vn 0.7846 0.6199 0
vn -0.1208 0.6874 0.7161
vn -0.0823 0.9205 0.3819
vn -0.0823 0.9205 -0.3819
vn -0.1208 0.6874 -0.7161
vn -0.0652 0.9841 0.1652
vn -0.0652 0.9841 -0.1652
vn -0.0607 0.9982 -0
vn 0.0608 0.9981 0
vn 0.0655 0.9841 0.1652
vn 0.0655 0.9841 -0.1651
vn 0.0826 0.9205 0.3819
vn 0.1208 0.6874 0.7161
vn 0.1208 0.6874 -0.7161
vn 0.0826 0.9205 -0.3819
vn -0.0032 0 -1
vn -0.0033 0.2121 -0.9772
vn -0.1906 0.2122 -0.9584
vn 0.5556 0 -0.8314
vn 0.545 0.1936 -0.8157
vn 0.3754 0.1936 -0.9064
vn 0.7071 0 -0.7071
vn 0.6937 0.1936 -0.6937
vn 0.8314 0 -0.5556
vn 0.8157 0.1936 -0.545
vn 0.6937 0.1936 -0.6937
vn 0.9239 0 -0.3827
vn 0.9064 0.1936 -0.3754
vn 0.9808 0 -0.1951
vn 0.9622 0.1936 -0.1914
vn 1 -0 0
vn 0.981 0.1936 0
vn 0.9808 0 0.1951
vn 0.9622 0.1936 0.1914
vn 0.9239 0 0.3827
vn 0.9064 0.1936 0.3754
vn 0.8314 0 0.5556
vn 0.8157 0.1936 0.545
vn 0.7071 0 0.7071
vn 0.6937 0.1936 0.6937
vn 0.5556 0 0.8314
vn 0.545 0.1936 0.8157
vn 0.6937 0.1936 0.6937
vn 0.3827 0 0.9239
vn 0.3754 0.1936 0.9064
vn 0.1919 0 0.9814
vn 0.1881 0.1938 0.9628
vn -0.0033 0 1
vn -0.0033 0.2121 0.9772
vn -0.1951 0 0.9808
vn -0.1906 0.2122 0.9584
vn -0.3827 0 0.9239
vn -0.3739 0.2122 0.9028
vn -0.5556 0 0.8314
vn -0.5429 0.2122 0.8125
vn -0.7071 0 0.7071
vn -0.691 0.2122 0.691
vn -0.8314 0 0.5556
vn -0.8125 0.2122 0.5429
vn -0.691 0.2122 0.691
vn -0.9239 0 0.3827
vn -0.9028 0.2122 0.3739
vn -0.9808 0 0.1951
vn -0.9584 0.2122 0.1906
vn -1 0 0
vn -0.9772 0.2122 0
vn -0.9808 0 -0.1951
vn -0.9584 0.2122 -0.1906
vn -0.9239 0 -0.3827
vn -0.9028 0.2122 -0.3739
vn -0.8314 0 -0.5556
vn -0.8125 0.2122 -0.5429
vn -0.7071 0 -0.7071
vn -0.691 0.2122 -0.691
vn -0.5556 0 -0.8314
vn -0.5429 0.2122 -0.8125
vn -0.691 0.2122 -0.691
vn -0.3827 0 -0.9239
vn -0.3739 0.2122 -0.9028
vn -0.1951 0 -0.9808
vn -0.0365 0.9823 0.1837
vn -0.0005 0.9823 -0.1871
vn -0.0005 0.9823 0.1871
vn -0.0024 -0.6864 0.7272
vn 0.1398 -0.685 -0.715
vn -0.0023 -0.6864 -0.7272
vn 0.3827 0 -0.9239
vn 0.1881 0.1938 -0.9628
vn -0.0022 0.7226 -0.6912
vn -0.0022 0.7226 -0.6912
vn 0.1376 0.6965 -0.7042
vn 0.1376 0.6965 -0.7042
vn 0.0396 0.9785 -0.2022
vn 0.2746 0.6966 -0.6629
vn 0.2746 0.6966 -0.6629
vn 0.0788 0.9786 -0.1902
vn 0.3986 0.6966 -0.5966
vn 0.5073 0.6966 -0.5073
vn 0.3986 0.6966 -0.5966
vn 0.1456 0.9786 -0.1456
vn 0.1144 0.9786 -0.1711
vn 0.5966 0.6966 -0.3986
vn 0.5073 0.6966 -0.5073
vn 0.1712 0.9786 -0.1144
vn 0.5073 0.6966 -0.5073
vn 0.5966 0.6966 -0.3986
vn 0.6629 0.6966 -0.2745
vn 0.7037 0.6966 -0.14
vn 0.6629 0.6966 -0.2745
vn 0.2019 0.9786 -0.0402
vn 0.1902 0.9785 -0.0788
vn 0.7175 0.6966 0
vn 0.2059 0.9786 0
vn 0.7037 0.6966 -0.14
vn 0.7175 0.6966 0
vn 0.7037 0.6965 0.14
vn 0.7037 0.6965 0.14
vn 0.2019 0.9785 0.0402
vn 0.6629 0.6966 0.2745
vn 0.5966 0.6966 0.3986
vn 0.6629 0.6966 0.2745
vn 0.1712 0.9786 0.1144
vn 0.1902 0.9785 0.0788
vn 0.5966 0.6966 0.3986
vn 0.5073 0.6965 0.5073
vn 0.5073 0.6965 0.5073
vn 0.1456 0.9786 0.1456
vn 0.3986 0.6966 0.5966
vn 0.2746 0.6966 0.6629
vn 0.3986 0.6966 0.5966
vn 0.0788 0.9786 0.1902
vn 0.1144 0.9786 0.1712
vn 0.1375 0.6965 0.7042
vn 0.0396 0.9785 0.2022
vn 0.2746 0.6966 0.6629
vn -0.0022 0.7226 0.6912
vn 0.1375 0.6965 0.7042
vn -0.1349 0.7225 0.6781
vn -0.0022 0.7226 0.6912
vn -0.2646 0.7225 0.6387
vn -0.0717 0.9823 0.173
vn -0.1349 0.7225 0.6781
vn -0.2646 0.7225 0.6387
vn -0.3841 0.7225 0.5748
vn -0.3841 0.7225 0.5748
vn -0.104 0.9823 0.1557
vn -0.4888 0.7225 0.4888
vn -0.5748 0.7225 0.3841
vn -0.4888 0.7225 0.4888
vn -0.1324 0.9823 0.1324
vn -0.5748 0.7225 0.3841
vn -0.173 0.9823 0.0717
vn -0.1557 0.9823 0.104
vn -0.6387 0.7225 0.2646
vn -0.6387 0.7225 0.2646
vn -0.6781 0.7225 0.1349
vn -0.6781 0.7225 0.1349
vn -0.1873 0.9823 0
vn -0.1837 0.9823 0.0365
vn -0.6781 0.7225 -0.1349
vn -0.6914 0.7225 0
vn -0.1837 0.9823 -0.0365
vn -0.6914 0.7225 0
vn -0.6387 0.7225 -0.2646
vn -0.173 0.9823 -0.0717
vn -0.6781 0.7225 -0.1349
vn -0.6387 0.7225 -0.2646
vn -0.5748 0.7225 -0.3841
vn -0.5748 0.7225 -0.3841
vn -0.1557 0.9823 -0.104
vn -0.4888 0.7225 -0.4888
vn -0.3841 0.7225 -0.5748
vn -0.4888 0.7225 -0.4888
vn -0.104 0.9823 -0.1557
vn -0.1324 0.9823 -0.1324
vn -0.2646 0.7225 -0.6387
vn -0.0717 0.9823 -0.173
vn -0.3841 0.7225 -0.5748
vn -0.1349 0.7225 -0.6781
vn -0.0365 0.9823 -0.1837
vn -0.2646 0.7225 -0.6387
vn -0.1349 0.7225 -0.6781
vn 0.1919 0 -0.9814
vn 0.1398 -0.685 -0.715
vn 0.2785 -0.6857 -0.6725
vn -0.142 -0.6857 -0.7139
vn -0.2785 -0.6857 -0.6725
vn -0.4044 -0.6857 -0.6052
vn -0.7071 0 -0.7071
vn -0.5147 -0.6857 -0.5147
vn -0.6052 -0.6857 -0.4044
vn -0.6725 -0.6857 -0.2785
vn -0.7139 -0.6857 -0.142
vn -0.7279 -0.6857 0
vn -0.7139 -0.6857 0.142
vn -0.6725 -0.6857 0.2785
vn -0.6052 -0.6857 0.4044
vn -0.7071 0 0.7071
vn -0.5147 -0.6857 0.5147
vn -0.4044 -0.6857 0.6052
vn -0.2785 -0.6857 0.6725
vn -0.142 -0.6857 0.7139
vn -0.0024 -0.6864 0.7272
vn 0.1398 -0.685 0.715
vn 0.2785 -0.6857 0.6725
vn 0.4044 -0.6857 0.6052
vn 0.7071 0 0.7071
vn 0.5147 -0.6857 0.5147
vn 0.6052 -0.6857 0.4044
vn 0.6725 -0.6857 0.2785
vn 0.7139 -0.6857 0.142
vn 0.7279 -0.6857 0
vn 0.7139 -0.6857 -0.142
vn 0.6725 -0.6857 -0.2785
vn 0.6052 -0.6857 -0.4044
vn 0.7071 0 -0.7071
vn 0.5147 -0.6857 -0.5147
vn 0.4044 -0.6857 -0.6052
vn -0.0023 -0.6864 -0.7272
vn 0.19 0 -0.9817
vn 0.1367 0.6934 -0.7075
vn -0.0038 0.6942 -0.7197
vn 0.3827 0 -0.9239
vn 0.2753 0.6941 -0.6651
vn 0.5556 0 -0.8314
vn 0.3999 0.694 -0.5987
vn 0.7071 0 -0.7071
vn 0.5091 0.6939 -0.5092
vn 0.8314 0 -0.5556
vn 0.5987 0.6939 -0.4
vn 0.5091 0.6939 -0.5092
vn 0.9239 0 -0.3827
vn 0.6652 0.6939 -0.2755
vn 0.9808 0 -0.1951
vn 0.7062 0.694 -0.1404
vn 1 -0 0
vn 0.72 0.694 0
vn 0.9808 0 0.1951
vn 0.7062 0.694 0.1404
vn 0.9239 0 0.3827
vn 0.6652 0.6939 0.2755
vn 0.8314 0 0.5556
vn 0.5987 0.6939 0.4
vn 0.7071 0 0.7071
vn 0.5091 0.6939 0.5091
vn 0.5556 0 0.8314
vn 0.3999 0.694 0.5987
vn 0.5091 0.6939 0.5091
vn 0.3827 0 0.9239
vn 0.2753 0.6941 0.6651
vn 0.19 0 0.9817
vn 0.1367 0.6934 0.7075
vn -0.0051 0 1
vn -0.0038 0.6942 0.7198
vn -0.1951 0 0.9808
vn -0.1406 0.6931 0.7069
vn -0.3827 0 0.9239
vn -0.2757 0.693 0.6661
vn -0.5556 0 0.8314
vn -0.4006 0.6927 0.5997
vn -0.7071 0 0.7071
vn -0.5101 0.6924 0.5103
vn -0.8314 0 0.5556
vn -0.6001 0.6921 0.4011
vn -0.5101 0.6924 0.5103
vn -0.9239 0 0.3827
vn -0.667 0.6918 0.2764
vn -0.9808 0 0.1951
vn -0.7083 0.6917 0.1409
vn -1 0 0
vn -0.7222 0.6916 0
vn -0.9808 0 -0.1951
vn -0.7083 0.6917 -0.1409
vn -0.9239 0 -0.3827
vn -0.667 0.6918 -0.2764
vn -0.8314 0 -0.5556
vn -0.6001 0.6921 -0.4011
vn -0.7071 0 -0.7071
vn -0.5101 0.6924 -0.5103
vn -0.5556 0 -0.8314
vn -0.4006 0.6927 -0.5997
vn -0.5101 0.6924 -0.5103
vn -0.3827 0 -0.9239
vn -0.2757 0.693 -0.6661
vn -0.6663 0.7351 -0.1253
vn -0.7083 0.6917 -0.1409
vn -0.667 0.6918 -0.2764
vn -0.0051 0 -1
vn -0.1406 0.6931 -0.7069
vn -0.1951 0 -0.9808
vn 0.1385 -0.6846 0.7156
vn 0.1385 -0.6846 -0.7156
vn -0.0037 -0.6868 -0.7268
vn -0.8347 0.1565 -0.5279
vn -0.9195 0.1565 -0.3605
vn -0.931 0 -0.365
vn 0.4585 0.7384 -0.4945
vn 0.3555 0.7378 -0.5737
vn 0.3999 0.694 -0.5987
vn 0.2423 0.7375 0.6303
vn 0.2753 0.6941 0.6651
vn 0.1367 0.6934 0.7075
vn -0.491 0.737 -0.4645
vn -0.5101 0.6924 -0.5103
vn -0.4006 0.6927 -0.5997
vn -0.1386 0.739 0.6593
vn -0.1406 0.6931 0.7069
vn -0.2757 0.693 0.6661
vn 0.6573 0.7403 -0.141
vn 0.6143 0.7398 -0.2745
vn 0.6652 0.6939 -0.2755
vn -0.0065 0.7367 -0.6762
vn -0.1386 0.7389 -0.6593
vn -0.1406 0.6931 -0.7069
vn -0.572 0.7362 0.3616
vn -0.491 0.737 0.4645
vn -0.5101 0.6924 0.5103
vn 0.6573 0.7403 0.141
vn 0.7062 0.694 0.1404
vn 0.6652 0.6939 0.2755
vn -0.6782 0.7349 0
vn -0.6663 0.7351 0.1253
vn -0.7083 0.6917 0.1409
vn 0.2423 0.7375 -0.6303
vn 0.1203 0.7384 -0.6635
vn 0.1367 0.6934 -0.7075
vn 0.4585 0.7384 0.4945
vn 0.5091 0.6939 0.5091
vn 0.3999 0.694 0.5987
vn -0.6308 0.7355 -0.2472
vn -0.6001 0.6921 -0.4011
vn 0.5464 0.7391 -0.3938
vn 0.5091 0.6939 -0.5092
vn 0.1203 0.7384 0.6635
vn -0.0038 0.6942 0.7198
vn -0.3894 0.7378 -0.5513
vn -0.2757 0.693 -0.6661
vn -0.3893 0.7379 0.5513
vn -0.2702 0.7385 0.6176
vn -0.0038 0.6942 -0.7197
vn 0.672 0.7405 0
vn 0.7062 0.694 -0.1404
vn -0.6308 0.7355 0.2472
vn -0.6001 0.6921 0.4011
vn 0.6143 0.7398 0.2745
vn 0.5987 0.6939 0.4
vn -0.7222 0.6916 0
vn 0.2753 0.6941 -0.6651
vn 0.3555 0.7378 0.5737
vn -0.5721 0.7362 -0.3616
vn -0.0065 0.7367 0.6762
vn 0.5987 0.6939 -0.4
vn -0.2702 0.7385 -0.6176
vn -0.4006 0.6927 0.5997
vn 0.72 0.694 0
vn -0.667 0.6918 0.2764
vn 0.5464 0.7391 0.3938
vn -0.0098 0.1563 -0.9876
vn -0.2031 0.1565 -0.9666
vn -0.2056 0 -0.9786
vn 0.8044 0.1301 -0.5797
vn 0.6741 0.1301 -0.7271
vn 0.6799 0 -0.7333
vn -0.0098 0.1563 0.9876
vn 0.1763 0.1303 0.9757
vn 0.178 0 0.984
vn -0.9706 0.1565 -0.1827
vn -0.9877 0.1565 0
vn -1 0 0
vn 0.5221 0.1301 -0.8429
vn 0.3554 0.13 -0.9256
vn 0.3585 0 -0.9335
vn 0.3554 0.13 0.9256
vn 0.5221 0.1301 0.8429
vn 0.5266 0 0.8501
vn -0.9706 0.1565 0.1827
vn -0.9195 0.1565 0.3605
vn -0.931 0 0.365
vn 0.6741 0.1301 0.7271
vn 0.8044 0.1301 0.5797
vn 0.8113 0 0.5846
vn -0.8347 0.1565 0.5279
vn -0.7173 0.1565 0.679
vn -0.7262 0 0.6874
vn 0.9053 0.1301 0.4044
vn 0.9694 0.1301 0.208
vn 0.9778 0 0.2097
vn -0.3959 0.1565 -0.9048
vn -0.5695 0.1565 -0.8069
vn -0.5766 0 -0.8169
vn -0.5695 0.1565 0.8069
vn -0.3959 0.1565 0.9048
vn -0.4009 0 0.9161
vn 0.9915 0.1301 0
vn 0.9694 0.1301 -0.208
vn 0.9778 0 -0.2097
vn -0.7173 0.1565 -0.679
vn -0.8451 0 -0.5345
vn 0.9053 0.1301 -0.4044
vn 0.8113 0 -0.5846
vn -0.2031 0.1565 0.9666
vn -0.0098 0 0.9999
vn -0.9827 0 -0.185
vn 0.6741 0.1301 -0.7271
vn 0.5266 0 -0.8501
vn 0.3585 0 0.9335
vn -0.9827 0 0.185
vn -0.1117 0.9935 -0.021
vn -0.0011 0.9935 -0.1138
vn -0.1137 0.9935 0
vn 0.6741 0.1301 0.7271
vn 0.6799 0 0.7333
vn 0.1763 0.1303 -0.9757
vn 0.178 0 -0.984
vn -0.8451 0 0.5345
vn 0.913 0 0.4078
vn -0.4009 0 -0.9161
vn -0.7173 0.1565 0.679
vn -0.5766 0 0.8169
vn 1 -0 0
vn -0.7173 0.1565 -0.679
vn -0.7262 0 -0.6874
vn -0.2056 0 0.9786
vn 0.913 0 -0.4078
vn -0.0083 0.5581 -0.8297
vn -0.0044 0.8949 -0.4463
vn 0.1542 0.4952 -0.8549
vn -0.0044 0.8949 -0.4463
vn 0.0904 0.8603 -0.5016
vn 0.0904 0.8603 -0.5016
vn 0.3115 0.4949 -0.8112
vn 0.0244 0.9905 -0.1354
vn 0.1828 0.8602 -0.476
vn 0.4576 0.4948 -0.7387
vn 0.2686 0.8601 -0.4336
vn 0.3115 0.4949 -0.8112
vn 0.0725 0.9904 -0.117
vn 0.0493 0.9905 -0.1284
vn 0.5909 0.4946 -0.6373
vn 0.347 0.86 -0.3742
vn 0.4576 0.4948 -0.7387
vn 0.0937 0.9904 -0.1011
vn 0.7051 0.4946 -0.5081
vn 0.5909 0.4946 -0.6373
vn 0.4142 0.8598 -0.2985
vn 0.5909 0.4946 -0.6373
vn 0.112 0.9904 -0.0807
vn 0.7936 0.4945 -0.3545
vn 0.4664 0.8597 -0.2083
vn 0.7051 0.4946 -0.5081
vn 0.1262 0.9904 -0.0564
vn 0.8499 0.4944 -0.1823
vn 0.4996 0.8596 -0.1072
vn 0.4664 0.8597 -0.2083
vn 0.1353 0.9904 -0.029
vn 0.8692 0.4944 0
vn 0.511 0.8596 0
vn 0.1384 0.9904 0
vn 0.4996 0.8596 -0.1072
vn 0.8499 0.4944 0.1823
vn 0.511 0.8596 0
vn 0.4996 0.8596 0.1072
vn 0.4996 0.8596 0.1072
vn 0.7936 0.4945 0.3545
vn 0.1353 0.9904 0.029
vn 0.4664 0.8597 0.2083
vn 0.7936 0.4945 0.3545
vn 0.7051 0.4946 0.5081
vn 0.1262 0.9904 0.0564
vn 0.4142 0.8598 0.2985
vn 0.7051 0.4946 0.5081
vn 0.5909 0.4947 0.6373
vn 0.112 0.9904 0.0807
vn 0.347 0.86 0.3742
vn 0.5909 0.4947 0.6373
vn 0.4576 0.4948 0.7387
vn 0.0937 0.9904 0.1011
vn 0.2686 0.8601 0.4336
vn 0.4576 0.4948 0.7387
vn 0.3115 0.4949 0.8112
vn 0.0725 0.9904 0.117
vn 0.1828 0.8602 0.476
vn 0.1542 0.4952 0.8549
vn 0.3115 0.4949 0.8112
vn 0.0904 0.8603 0.5016
vn 0.1828 0.8602 0.476
vn 0.0244 0.9905 0.1354
vn 0.0493 0.9905 0.1284
vn -0.0083 0.5581 0.8297
vn -0.0044 0.8949 0.4463
vn -0.0011 0.9935 0.1138
vn 0.0904 0.8603 0.5016
vn -0.1706 0.558 0.8121
vn -0.0919 0.8947 0.4372
vn -0.0235 0.9934 0.1118
vn -0.0044 0.8949 0.4463
vn -0.3326 0.558 0.7602
vn -0.0919 0.8947 0.4372
vn -0.179 0.8947 0.4092
vn -0.3326 0.558 0.7602
vn -0.4785 0.5581 0.6779
vn -0.0458 0.9934 0.1046
vn -0.2575 0.8948 0.3648
vn -0.4785 0.5581 0.6779
vn -0.6025 0.5582 0.5704
vn -0.0658 0.9934 0.0932
vn -0.3241 0.8949 0.3068
vn -0.6025 0.5582 0.5704
vn -0.7011 0.5583 0.4434
vn -0.0828 0.9935 0.0783
vn -0.377 0.895 0.2385
vn -0.7011 0.5583 0.4434
vn -0.7723 0.5584 0.3028
vn -0.0962 0.9935 0.0609
vn -0.4152 0.895 0.1628
vn -0.7723 0.5584 0.3028
vn -0.4152 0.895 0.1628
vn -0.8152 0.5585 0.1535
vn -0.1059 0.9935 0.0415
vn -0.4382 0.8951 0.0825
vn -0.4382 0.8951 0.0825
vn -0.8295 0.5585 0
vn -0.1117 0.9935 0.021
vn -0.4458 0.8951 0
vn -0.8152 0.5585 -0.1535
vn -0.4382 0.8951 -0.0825
vn -0.4458 0.8951 0
vn -0.7723 0.5584 -0.3028
vn -0.4152 0.895 -0.1628
vn -0.1059 0.9935 -0.0415
vn -0.4382 0.8951 -0.0825
vn -0.7011 0.5583 -0.4434
vn -0.377 0.895 -0.2385
vn -0.4152 0.895 -0.1628
vn -0.7723 0.5584 -0.3028
vn -0.0962 0.9935 -0.0609
vn -0.6025 0.5582 -0.5704
vn -0.3241 0.8949 -0.3068
vn -0.7011 0.5583 -0.4434
vn -0.0828 0.9935 -0.0783
vn -0.4785 0.5581 -0.6779
vn -0.6025 0.5582 -0.5704
vn -0.2575 0.8948 -0.3648
vn -0.6025 0.5582 -0.5704
vn -0.0658 0.9934 -0.0932
vn -0.3326 0.558 -0.7602
vn -0.179 0.8947 -0.4092
vn -0.4785 0.5581 -0.6779
vn -0.0458 0.9934 -0.1046
vn -0.1706 0.558 -0.8121
vn -0.0919 0.8947 -0.4372
vn -0.179 0.8947 -0.4092
vn -0.0235 0.9934 -0.1118
vn -0.0919 0.8947 -0.4372
vn -0.0098 0 -0.9999
vn -0.0065 0.7367 -0.6762
vn 0.6143 0.7398 -0.2745
vn -0.1386 0.739 0.6593
vn -0.491 0.737 -0.4645
vn 0.672 0.7405 0
vn -0.7262 0 0.6874
vn -0.3893 0.7379 0.5513
vn -0.2702 0.7385 -0.6176
vn 0.6143 0.7398 0.2745
vn -0.572 0.7362 0.3616
vn 0.1203 0.7384 -0.6635
vn 0.4585 0.7384 0.4945
vn -0.6663 0.7351 0.1253
vn 0.2423 0.7375 0.6303
vn 0.6799 0 -0.7333
vn 0.3555 0.7378 -0.5737
vn -0.6663 0.7351 -0.1253
vn -0.0065 0.7367 0.6762
vn 0.5464 0.7391 -0.3938
vn -0.7262 0 -0.6874
vn -0.5721 0.7362 -0.3616
vn 0.6573 0.7403 -0.141
vn -0.2702 0.7385 0.6176
vn -0.3894 0.7378 -0.5513
vn 0.6573 0.7403 0.141
vn -0.491 0.737 0.4645
vn 0.6799 0 0.7333
vn 0.5464 0.7391 0.3938
vn -0.6308 0.7355 0.2472
vn 0.3555 0.7378 0.5737
vn 0.2423 0.7375 -0.6303
vn -0.6782 0.7349 0
vn 0.1203 0.7384 0.6635
vn 0.4585 0.7384 -0.4945
vn -0.1386 0.7389 -0.6593
vn -0.6308 0.7355 -0.2472
vn -0.142 -0.6857 -0.7139
vn -0.1951 0 -0.9808
vn -0.3827 0 -0.9239
vn -0.0037 -0.6868 -0.7268
vn -0.0051 0 -1
vn -0.2785 -0.6857 -0.6725
vn -0.5556 0 -0.8314
vn -0.4044 -0.6857 -0.6052
vn -0.7071 0 -0.7071
vn -0.5147 -0.6857 -0.5147
vn -0.7071 0 -0.7071
vn -0.8314 0 -0.5556
vn -0.6052 -0.6857 -0.4044
vn -0.9239 0 -0.3827
vn -0.6725 -0.6857 -0.2785
vn -0.9808 0 -0.1951
vn -0.7139 -0.6857 -0.142
vn -1 0 0
vn -0.7279 -0.6857 0
vn -0.9808 0 0.1951
vn -0.7139 -0.6857 0.142
vn -0.9239 0 0.3827
vn -0.6725 -0.6857 0.2785
vn -0.8314 0 0.5556
vn -0.6052 -0.6857 0.4044
vn -0.7071 0 0.7071
vn -0.5147 -0.6857 0.5147
vn -0.7071 0 0.7071
vn -0.5556 0 0.8314
vn -0.4044 -0.6857 0.6052
vn -0.3827 0 0.9239
vn -0.2785 -0.6857 0.6725
vn -0.1951 0 0.9808
vn -0.142 -0.6857 0.7139
vn -0.0051 0 1
vn -0.0037 -0.6868 0.7268
vn 0.19 0 0.9817
vn 0.1385 -0.6846 0.7156
vn 0.3827 0 0.9239
vn 0.2785 -0.6857 0.6725
vn 0.5556 0 0.8314
vn 0.4044 -0.6857 0.6052
vn 0.7071 0 0.7071
vn 0.5147 -0.6857 0.5147
vn 0.7071 0 0.7071
vn 0.8314 0 0.5556
vn 0.6052 -0.6857 0.4044
vn 0.9239 0 0.3827
vn 0.6725 -0.6857 0.2785
vn 0.9808 0 0.1951
vn 0.7139 -0.6857 0.142
vn 1 -0 0
vn 0.7279 -0.6857 0
vn 0.9808 0 -0.1951
vn 0.7139 -0.6857 -0.142
vn 0.9239 0 -0.3827
vn 0.6725 -0.6857 -0.2785
vn 0.8314 0 -0.5556
vn 0.6052 -0.6857 -0.4044
vn 0.7071 0 -0.7071
vn 0.5147 -0.6857 -0.5147
vn 0.7071 0 -0.7071
vn 0.5556 0 -0.8314
vn 0.4044 -0.6857 -0.6052
vn 0.3827 0 -0.9239
vn 0.2785 -0.6857 -0.6725
vn 0.19 0 -0.9817
vn 0.1385 -0.6846 -0.7156
vn -0.7071 0 -0.7071
vn -0.7071 0 0.7071
vn 0.7071 0 0.7071
vn 0.7071 0 -0.7071
vn -0.7846 0.6199 0
vn -0.484 0.6075 -0.6298
vn -0.484 0.6075 0.6298
vn -0.1208 0.6874 -0.7161
vn -0 0.4605 -0.8877
vn -0.1221 0.6762 -0.7265
vn -0.1221 0.6762 0.7265
vn 0 0.4605 0.8877
vn 0 0.4605 0.8877
vn 0.122 0.6763 -0.7265
vn 0.2655 0.4439 -0.8558
vn 0.122 0.6763 0.7265
vn 0.1208 0.6874 0.7161
vn 0.7496 0.3048 -0.5875
vn 0.7496 0.3048 0.5875
vn -0.1221 0.6762 0.7265
vn -0.1221 0.6762 -0.7265
vn 0.122 0.6763 0.7265
vn 0.122 0.6763 -0.7265
vn -0.142 -0.6857 -0.7139
vn -0.2785 -0.6857 -0.6725
vn -0.4044 -0.6857 -0.6052
vn -0.5147 -0.6857 -0.5147
vn -0.6052 -0.6857 -0.4044
vn -0.6725 -0.6857 -0.2785
vn -0.7139 -0.6857 -0.142
vn -0.7279 -0.6857 0
vn -0.7139 -0.6857 0.142
vn -0.6725 -0.6857 0.2785
vn -0.6052 -0.6857 0.4044
vn -0.5147 -0.6857 0.5147
vn -0.4044 -0.6857 0.6052
vn -0.2785 -0.6857 0.6725
vn -0.142 -0.6857 0.7139
vn 0.1398 -0.685 0.715
vn 0.2785 -0.6857 0.6725
vn 0.4044 -0.6857 0.6052
vn 0.5147 -0.6857 0.5147
vn 0.6052 -0.6857 0.4044
vn 0.6725 -0.6857 0.2785
vn 0.7139 -0.6857 0.142
vn 0.7279 -0.6857 0
vn 0.7139 -0.6857 -0.142
vn 0.6725 -0.6857 -0.2785
vn 0.6052 -0.6857 -0.4044
vn 0.4044 -0.6857 -0.6052
vn 0.5147 -0.6857 -0.5147
vn 0.2785 -0.6857 -0.6725
vn 0.5073 0.6965 0.5073
vn -0.4888 0.7225 0.4888
vn -0.4888 0.7225 -0.4888
vn -0.5147 -0.6857 -0.5147
vn -0.5147 -0.6857 0.5147
vn 0.5147 -0.6857 0.5147
vn 0.5147 -0.6857 -0.5147
vn -0.142 -0.6857 -0.7139
vn -0.2785 -0.6857 -0.6725
vn -0.4044 -0.6857 -0.6052
vn -0.7139 -0.6857 -0.142
vn -0.5147 -0.6857 -0.5147
vn -0.6052 -0.6857 -0.4044
vn -0.6725 -0.6857 -0.2785
vn -0.7279 -0.6857 0
vn -0.7139 -0.6857 0.142
vn -0.6725 -0.6857 0.2785
vn -0.6052 -0.6857 0.4044
vn -0.5147 -0.6857 0.5147
vn -0.4044 -0.6857 0.6052
vn -0.2785 -0.6857 0.6725
vn -0.142 -0.6857 0.7139
vn -0.0037 -0.6868 0.7268
vn 0.2785 -0.6857 0.6725
vn 0.4044 -0.6857 0.6052
vn 0.5147 -0.6857 0.5147
vn 0.6052 -0.6857 0.4044
vn 0.6725 -0.6857 0.2785
vn 0.7139 -0.6857 0.142
vn 0.7279 -0.6857 0
vn 0.7139 -0.6857 -0.142
vn 0.6725 -0.6857 -0.2785
vn 0.6052 -0.6857 -0.4044
vn 0.5147 -0.6857 -0.5147
vn 0.4044 -0.6857 -0.6052
vn 0.2785 -0.6857 -0.6725
vn 0.1828 0.8602 -0.476
vn 0.7936 0.4945 -0.3545
vn 0.4664 0.8597 0.2083
vn 0.5909 0.4947 0.6373
vn -0.179 0.8947 0.4092
vn -0.6025 0.5582 0.5704
vn -0.3326 0.558 -0.7602
vn -0.491 0.737 0.4645
vn 0.4585 0.7384 -0.4945
vn -0.491 0.737 -0.4645
vn 0.4585 0.7384 0.4945
vn -0.5147 -0.6857 -0.5147
vn -0.5147 -0.6857 0.5147
vn 0.5147 -0.6857 0.5147
vn 0.5147 -0.6857 -0.5147
f 6/6/6 4/4/4 17/17/17
f 6/6/6 5/5/5 4/4/4
f 5/5/5 6/6/6 16/16/16
f 16/16/16 18/18/18 5/5/5
f 3/3/3 2/2/2 1/1/1
f 3/3/3 14/14/14 2/2/2
f 14/14/14 3/3/3 15/15/15
f 1/1/1 10/10/10 3/3/3
f 10/10/10 1/1/1 13/13/13
f 12/12/12 10/10/10 13/13/13
f 10/10/10 12/12/12 11/11/11
f 9/9/9 8/8/8 7/7/7
f 9/9/9 23/23/23 8/8/8
f 23/23/23 9/9/9 24/24/24
f 7/7/7 19/19/19 9/9/9
f 19/19/19 7/7/7 22/22/22
f 21/21/21 19/19/19 22/22/22
f 19/19/19 21/21/21 20/20/20
f 27/27/27 26/26/26 25/25/25
f 25/25/25 26/26/26 35/35/35
f 806/806/806 27/27/27 25/25/25
f 26/26/26 36/36/36 35/35/35
f 806/806/806 32/32/32 27/27/27
f 26/26/26 33/33/33 36/36/36
f 32/32/32 31/31/31 27/27/27
f 32/32/32 40/40/40 31/31/31
f 27/27/27 34/34/34 26/26/26
f 27/27/27 31/31/31 34/34/34
f 34/34/34 33/33/33 26/26/26
f 40/40/40 39/39/39 31/31/31
f 31/31/31 41/41/41 34/34/34
f 31/31/31 39/39/39 41/41/41
f 34/34/34 43/43/43 33/33/33
f 34/34/34 41/41/41 43/43/43
f 33/33/33 44/44/44 36/36/36
f 36/36/36 44/44/44 56/56/56
f 44/44/44 57/57/57 56/56/56
f 39/39/39 52/52/52 41/41/41
f 39/39/39 63/63/63 52/52/52
f 63/63/63 62/62/62 52/52/52
f 44/44/44 55/55/55 57/57/57
f 55/55/55 66/66/66 57/57/57
f 33/33/33 42/42/42 44/44/44
f 42/42/42 55/55/55 44/44/44
f 43/43/43 42/42/42 33/33/33
f 66/66/66 55/55/55 73/73/73
f 147/147/147 66/66/66 73/73/73
f 55/55/55 42/42/42 65/65/65
f 73/73/73 55/55/55 65/65/65
f 822/822/822 147/147/147 146/146/146
f 147/147/147 73/73/73 146/146/146
f 146/146/146 73/73/73 149/149/149
f 73/73/73 65/65/65 149/149/149
f 149/149/149 65/65/65 150/150/150
f 65/65/65 42/42/42 54/54/54
f 65/65/65 54/54/54 150/150/150
f 42/42/42 43/43/43 54/54/54
f 150/150/150 54/54/54 72/72/72
f 148/148/148 150/150/150 72/72/72
f 54/54/54 43/43/43 53/53/53
f 72/72/72 54/54/54 53/53/53
f 41/41/41 53/53/53 43/43/43
f 41/41/41 52/52/52 53/53/53
f 148/148/148 72/72/72 80/80/80
f 52/52/52 64/64/64 53/53/53
f 72/72/72 53/53/53 64/64/64
f 52/52/52 62/62/62 64/64/64
f 80/80/80 72/72/72 64/64/64
f 62/62/62 71/71/71 64/64/64
f 80/80/80 64/64/64 71/71/71
f 145/145/145 148/148/148 80/80/80
f 144/144/144 80/80/80 71/71/71
f 145/145/145 80/80/80 144/144/144
f 821/821/821 145/145/145 144/144/144
f 30/30/30 29/29/29 28/28/28
f 30/30/30 38/38/38 29/29/29
f 30/30/30 28/28/28 37/37/37
f 30/30/30 48/48/48 38/38/38
f 30/30/30 37/37/37 45/45/45
f 37/37/37 47/47/47 45/45/45
f 47/47/47 46/46/46 45/45/45
f 30/30/30 45/45/45 58/58/58
f 45/45/45 46/46/46 58/58/58
f 46/46/46 59/59/59 58/58/58
f 46/46/46 68/68/68 59/59/59
f 68/68/68 67/67/67 59/59/59
f 30/30/30 51/51/51 48/48/48
f 48/48/48 51/51/51 49/49/49
f 30/30/30 61/61/61 51/51/51
f 51/51/51 50/50/50 49/49/49
f 51/51/51 61/61/61 50/50/50
f 61/61/61 60/60/60 50/50/50
f 50/50/50 60/60/60 69/69/69
f 60/60/60 70/70/70 69/69/69
f 76/76/76 75/75/75 74/74/74
f 807/807/807 76/76/76 74/74/74
f 809/809/809 75/75/75 76/76/76
f 82/82/82 75/75/75 809/809/809
f 809/809/809 811/811/811 82/82/82
f 75/75/75 82/82/82 81/81/81
f 82/82/82 810/810/810 81/81/81
f 81/81/81 810/810/810 85/85/85
f 816/816/816 81/81/81 85/85/85
f 85/85/85 815/815/815 87/87/87
f 87/87/87 86/86/86 85/85/85
f 85/85/85 86/86/86 816/816/816
f 816/816/816 86/86/86 94/94/94
f 86/86/86 95/95/95 94/94/94
f 94/94/94 95/95/95 105/105/105
f 95/95/95 106/106/106 105/105/105
f 79/79/79 78/78/78 77/77/77
f 808/808/808 79/79/79 77/77/77
f 83/83/83 77/77/77 78/78/78
f 78/78/78 84/84/84 83/83/83
f 84/84/84 812/812/812 83/83/83
f 84/84/84 78/78/78 814/814/814
f 814/814/814 813/813/813 84/84/84
f 88/88/88 813/813/813 814/814/814
f 88/88/88 814/814/814 90/90/90
f 818/818/818 817/817/817 88/88/88
f 88/88/88 89/89/89 818/818/818
f 90/90/90 89/89/89 88/88/88
f 90/90/90 97/97/97 89/89/89
f 97/97/97 96/96/96 89/89/89
f 97/97/97 108/108/108 96/96/96
f 108/108/108 107/107/107 96/96/96
f 93/93/93 92/92/92 91/91/91
f 91/91/91 92/92/92 103/103/103
f 156/156/156 93/93/93 91/91/91
f 824/824/824 157/157/157 156/156/156
f 157/157/157 93/93/93 156/156/156
f 157/157/157 153/153/153 93/93/93
f 153/153/153 102/102/102 93/93/93
f 93/93/93 102/102/102 92/92/92
f 153/153/153 151/151/151 102/102/102
f 92/92/92 104/104/104 103/103/103
f 103/103/103 104/104/104 116/116/116
f 104/104/104 117/117/117 116/116/116
f 102/102/102 101/101/101 92/92/92
f 92/92/92 101/101/101 104/104/104
f 151/151/151 114/114/114 102/102/102
f 102/102/102 114/114/114 101/101/101
f 104/104/104 115/115/115 117/117/117
f 101/101/101 115/115/115 104/104/104
f 111/111/111 114/114/114 151/151/151
f 152/152/152 111/111/111 151/151/151
f 114/114/114 113/113/113 101/101/101
f 101/101/101 113/113/113 115/115/115
f 111/111/111 112/112/112 114/114/114
f 112/112/112 113/113/113 114/114/114
f 98/98/98 111/111/111 152/152/152
f 154/154/154 98/98/98 152/152/152
f 823/823/823 155/155/155 154/154/154
f 155/155/155 98/98/98 154/154/154
f 155/155/155 100/100/100 98/98/98
f 98/98/98 99/99/99 111/111/111
f 100/100/100 99/99/99 98/98/98
f 99/99/99 112/112/112 111/111/111
f 100/100/100 110/110/110 99/99/99
f 110/110/110 109/109/109 99/99/99
f 99/99/99 109/109/109 112/112/112
f 110/110/110 125/125/125 109/109/109
f 125/125/125 124/124/124 109/109/109
f 109/109/109 126/126/126 112/112/112
f 109/109/109 124/124/124 126/126/126
f 112/112/112 126/126/126 113/113/113
f 124/124/124 134/134/134 126/126/126
f 124/124/124 139/139/139 134/134/134
f 139/139/139 138/138/138 134/134/134
f 126/126/126 127/127/127 113/113/113
f 126/126/126 134/134/134 127/127/127
f 113/113/113 127/127/127 115/115/115
f 134/134/134 138/138/138 135/135/135
f 134/134/134 135/135/135 127/127/127
f 138/138/138 140/140/140 135/135/135
f 135/135/135 140/140/140 137/137/137
f 115/115/115 127/127/127 128/128/128
f 127/127/127 135/135/135 128/128/128
f 128/128/128 135/135/135 137/137/137
f 115/115/115 128/128/128 117/117/117
f 128/128/128 137/137/137 136/136/136
f 117/117/117 128/128/128 136/136/136
f 120/120/120 119/119/119 118/118/118
f 819/819/819 120/120/120 118/118/118
f 120/120/120 130/130/130 119/119/119
f 130/130/130 129/129/129 119/119/119
f 119/119/119 131/131/131 118/118/118
f 129/129/129 131/131/131 119/119/119
f 141/141/141 131/131/131 129/129/129
f 143/143/143 131/131/131 141/141/141
f 142/142/142 131/131/131 143/143/143
f 133/133/133 131/131/131 142/142/142
f 122/122/122 131/131/131 133/133/133
f 122/122/122 133/133/133 132/132/132
f 123/123/123 131/131/131 122/122/122
f 121/121/121 122/122/122 132/132/132
f 123/123/123 122/122/122 121/121/121
f 820/820/820 123/123/123 121/121/121
f 160/160/160 159/159/159 158/158/158
f 159/159/159 160/160/160 321/321/321
f 231/231/231 159/159/159 321/321/321
f 160/160/160 221/221/221 321/321/321
f 221/221/221 318/318/318 321/321/321
f 230/230/230 159/159/159 231/231/231
f 234/234/234 230/230/230 231/231/231
f 221/221/221 218/218/218 318/318/318
f 218/218/218 314/314/314 318/318/318
f 221/221/221 160/160/160 222/222/222
f 222/222/222 160/160/160 158/158/158
f 219/219/219 315/315/315 314/314/314
f 218/218/218 219/219/219 314/314/314
f 220/220/220 221/221/221 222/222/222
f 218/218/218 221/221/221 220/220/220
f 219/219/219 218/218/218 217/217/217
f 217/217/217 218/218/218 220/220/220
f 331/331/331 219/219/219 217/217/217
f 220/220/220 222/222/222 328/328/328
f 331/331/331 217/217/217 330/330/330
f 857/857/857 331/331/331 330/330/330
f 330/330/330 217/217/217 329/329/329
f 217/217/217 220/220/220 329/329/329
f 329/329/329 220/220/220 328/328/328
f 328/328/328 222/222/222 361/361/361
f 222/222/222 158/158/158 361/361/361
f 361/361/361 158/158/158 326/326/326
f 158/158/158 325/325/325 326/326/326
f 158/158/158 159/159/159 325/325/325
f 159/159/159 230/230/230 325/325/325
f 326/326/326 325/325/325 327/327/327
f 325/325/325 229/229/229 327/327/327
f 325/325/325 230/230/230 229/229/229
f 327/327/327 229/229/229 360/360/360
f 163/163/163 230/230/230 234/234/234
f 230/230/230 163/163/163 229/229/229
f 237/237/237 163/163/163 234/234/234
f 229/229/229 161/161/161 360/360/360
f 229/229/229 163/163/163 161/161/161
f 360/360/360 161/161/161 359/359/359
f 161/161/161 164/164/164 359/359/359
f 162/162/162 163/163/163 237/237/237
f 163/163/163 162/162/162 161/161/161
f 161/161/161 162/162/162 164/164/164
f 241/241/241 162/162/162 237/237/237
f 162/162/162 165/165/165 164/164/164
f 162/162/162 241/241/241 240/240/240
f 165/165/165 162/162/162 240/240/240
f 168/168/168 167/167/167 166/166/166
f 168/168/168 245/245/245 244/244/244
f 167/167/167 168/168/168 244/244/244
f 358/358/358 168/168/168 166/166/166
f 860/860/860 358/358/358 357/357/357
f 358/358/358 166/166/166 357/357/357
f 357/357/357 166/166/166 356/356/356
f 170/170/170 167/167/167 244/244/244
f 251/251/251 170/170/170 244/244/244
f 166/166/166 167/167/167 169/169/169
f 166/166/166 169/169/169 356/356/356
f 167/167/167 170/170/170 169/169/169
f 356/356/356 169/169/169 355/355/355
f 170/170/170 251/251/251 250/250/250
f 169/169/169 171/171/171 355/355/355
f 169/169/169 170/170/170 171/171/171
f 355/355/355 171/171/171 354/354/354
f 172/172/172 170/170/170 250/250/250
f 170/170/170 172/172/172 171/171/171
f 172/172/172 250/250/250 254/254/254
f 171/171/171 173/173/173 354/354/354
f 171/171/171 172/172/172 173/173/173
f 354/354/354 173/173/173 353/353/353
f 174/174/174 172/172/172 254/254/254
f 172/172/172 174/174/174 173/173/173
f 173/173/173 175/175/175 353/353/353
f 173/173/173 174/174/174 175/175/175
f 353/353/353 175/175/175 352/352/352
f 176/176/176 174/174/174 254/254/254
f 174/174/174 176/176/176 175/175/175
f 259/259/259 176/176/176 254/254/254
f 175/175/175 177/177/177 352/352/352
f 175/175/175 176/176/176 177/177/177
f 352/352/352 177/177/177 351/351/351
f 178/178/178 176/176/176 259/259/259
f 176/176/176 178/178/178 177/177/177
f 263/263/263 178/178/178 259/259/259
f 177/177/177 179/179/179 351/351/351
f 177/177/177 178/178/178 179/179/179
f 351/351/351 179/179/179 350/350/350
f 178/178/178 263/263/263 262/262/262
f 179/179/179 181/181/181 350/350/350
f 178/178/178 180/180/180 179/179/179
f 179/179/179 180/180/180 181/181/181
f 180/180/180 178/178/178 262/262/262
f 180/180/180 182/182/182 181/181/181
f 182/182/182 180/180/180 262/262/262
f 854/854/854 182/182/182 262/262/262
f 185/185/185 184/184/184 183/183/183
f 184/184/184 185/185/185 268/268/268
f 272/272/272 184/184/184 268/268/268
f 349/349/349 185/185/185 183/183/183
f 184/184/184 272/272/272 271/271/271
f 349/349/349 183/183/183 348/348/348
f 859/859/859 349/349/349 348/348/348
f 348/348/348 183/183/183 347/347/347
f 187/187/187 184/184/184 271/271/271
f 183/183/183 186/186/186 347/347/347
f 183/183/183 184/184/184 186/186/186
f 184/184/184 187/187/187 186/186/186
f 347/347/347 186/186/186 346/346/346
f 187/187/187 271/271/271 275/275/275
f 186/186/186 188/188/188 346/346/346
f 186/186/186 187/187/187 188/188/188
f 346/346/346 188/188/188 345/345/345
f 189/189/189 187/187/187 275/275/275
f 187/187/187 189/189/189 188/188/188
f 189/189/189 275/275/275 278/278/278
f 188/188/188 190/190/190 345/345/345
f 188/188/188 189/189/189 190/190/190
f 345/345/345 190/190/190 344/344/344
f 191/191/191 189/189/189 278/278/278
f 189/189/189 191/191/191 190/190/190
f 191/191/191 278/278/278 280/280/280
f 190/190/190 192/192/192 344/344/344
f 190/190/190 191/191/191 192/192/192
f 344/344/344 192/192/192 343/343/343
f 193/193/193 191/191/191 280/280/280
f 191/191/191 193/193/193 192/192/192
f 193/193/193 280/280/280 282/282/282
f 192/192/192 194/194/194 343/343/343
f 192/192/192 193/193/193 194/194/194
f 343/343/343 194/194/194 342/342/342
f 195/195/195 193/193/193 282/282/282
f 193/193/193 195/195/195 194/194/194
f 194/194/194 196/196/196 342/342/342
f 194/194/194 195/195/195 196/196/196
f 342/342/342 196/196/196 341/341/341
f 196/196/196 198/198/198 341/341/341
f 197/197/197 195/195/195 282/282/282
f 195/195/195 197/197/197 196/196/196
f 196/196/196 197/197/197 198/198/198
f 287/287/287 197/197/197 282/282/282
f 197/197/197 199/199/199 198/198/198
f 199/199/199 197/197/197 287/287/287
f 855/855/855 199/199/199 287/287/287
f 202/202/202 201/201/201 200/200/200
f 202/202/202 291/291/291 290/290/290
f 201/201/201 202/202/202 290/290/290
f 340/340/340 202/202/202 200/200/200
f 204/204/204 201/201/201 290/290/290
f 296/296/296 204/204/204 290/290/290
f 858/858/858 340/340/340 339/339/339
f 340/340/340 200/200/200 339/339/339
f 339/339/339 200/200/200 338/338/338
f 200/200/200 201/201/201 203/203/203
f 200/200/200 203/203/203 338/338/338
f 201/201/201 204/204/204 203/203/203
f 338/338/338 203/203/203 337/337/337
f 206/206/206 204/204/204 296/296/296
f 203/203/203 205/205/205 337/337/337
f 203/203/203 204/204/204 205/205/205
f 204/204/204 206/206/206 205/205/205
f 337/337/337 205/205/205 336/336/336
f 299/299/299 206/206/206 296/296/296
f 205/205/205 207/207/207 336/336/336
f 205/205/205 206/206/206 207/207/207
f 336/336/336 207/207/207 335/335/335
f 208/208/208 206/206/206 299/299/299
f 206/206/206 208/208/208 207/207/207
f 303/303/303 208/208/208 299/299/299
f 208/208/208 303/303/303 302/302/302
f 207/207/207 209/209/209 335/335/335
f 207/207/207 208/208/208 209/209/209
f 335/335/335 209/209/209 334/334/334
f 210/210/210 208/208/208 302/302/302
f 208/208/208 210/210/210 209/209/209
f 210/210/210 302/302/302 306/306/306
f 209/209/209 211/211/211 334/334/334
f 209/209/209 210/210/210 211/211/211
f 334/334/334 211/211/211 333/333/333
f 212/212/212 210/210/210 306/306/306
f 210/210/210 212/212/212 211/211/211
f 211/211/211 213/213/213 333/333/333
f 211/211/211 212/212/212 213/213/213
f 333/333/333 213/213/213 332/332/332
f 213/213/213 215/215/215 332/332/332
f 214/214/214 212/212/212 306/306/306
f 212/212/212 214/214/214 213/213/213
f 213/213/213 214/214/214 215/215/215
f 311/311/311 214/214/214 306/306/306
f 214/214/214 216/216/216 215/215/215
f 216/216/216 214/214/214 311/311/311
f 856/856/856 216/216/216 311/311/311
f 225/225/225 224/224/224 223/223/223
f 281/281/281 225/225/225 223/223/223
f 281/281/281 279/279/279 225/225/225
f 284/284/284 281/281/281 223/223/223
f 279/279/279 276/276/276 225/225/225
f 279/279/279 277/277/277 276/276/276
f 284/284/284 223/223/223 283/283/283
f 285/285/285 284/284/284 283/283/283
f 286/286/286 285/285/285 283/283/283
f 288/288/288 286/286/286 283/283/283
f 288/288/288 283/283/283 223/223/223
f 289/289/289 286/286/286 288/288/288
f 292/292/292 289/289/289 288/288/288
f 293/293/293 289/289/289 292/292/292
f 304/304/304 288/288/288 223/223/223
f 304/304/304 292/292/292 288/288/288
f 295/295/295 293/293/293 292/292/292
f 293/293/293 295/295/295 294/294/294
f 297/297/297 293/293/293 294/294/294
f 298/298/298 297/297/297 294/294/294
f 292/292/292 301/301/301 295/295/295
f 301/301/301 294/294/294 295/295/295
f 301/301/301 298/298/298 294/294/294
f 304/304/304 301/301/301 292/292/292
f 298/298/298 301/301/301 300/300/300
f 304/304/304 300/300/300 301/301/301
f 305/305/305 298/298/298 300/300/300
f 305/305/305 300/300/300 304/304/304
f 308/308/308 305/305/305 304/304/304
f 308/308/308 304/304/304 307/307/307
f 309/309/309 308/308/308 307/307/307
f 310/310/310 309/309/309 307/307/307
f 312/312/312 310/310/310 307/307/307
f 313/313/313 310/310/310 312/312/312
f 316/316/316 307/307/307 304/304/304
f 316/316/316 312/312/312 307/307/307
f 317/317/317 313/313/313 312/312/312
f 316/316/316 317/317/317 312/312/312
f 313/313/313 317/317/317 316/316/316
f 320/320/320 313/313/313 316/316/316
f 320/320/320 316/316/316 319/319/319
f 304/304/304 319/319/319 316/316/316
f 323/323/323 320/320/320 319/319/319
f 304/304/304 322/322/322 319/319/319
f 323/323/323 319/319/319 322/322/322
f 223/223/223 322/322/322 304/304/304
f 324/324/324 323/323/323 322/322/322
f 223/223/223 224/224/224 322/322/322
f 232/232/232 324/324/324 322/322/322
f 224/224/224 232/232/232 322/322/322
f 233/233/233 232/232/232 224/224/224
f 235/235/235 233/233/233 224/224/224
f 224/224/224 225/225/225 235/235/235
f 236/236/236 233/233/233 235/235/235
f 235/235/235 225/225/225 276/276/276
f 238/238/238 236/236/236 235/235/235
f 239/239/239 236/236/236 238/238/238
f 243/243/243 239/239/239 238/238/238
f 243/243/243 238/238/238 235/235/235
f 239/239/239 243/243/243 242/242/242
f 235/235/235 242/242/242 243/243/243
f 247/247/247 239/239/239 242/242/242
f 247/247/247 242/242/242 246/246/246
f 246/246/246 242/242/242 235/235/235
f 248/248/248 247/247/247 246/246/246
f 249/249/249 248/248/248 246/246/246
f 235/235/235 253/253/253 246/246/246
f 253/253/253 249/249/249 246/246/246
f 249/249/249 253/253/253 252/252/252
f 235/235/235 252/252/252 253/253/253
f 256/256/256 249/249/249 252/252/252
f 235/235/235 255/255/255 252/252/252
f 256/256/256 252/252/252 255/255/255
f 276/276/276 255/255/255 235/235/235
f 257/257/257 256/256/256 255/255/255
f 258/258/258 257/257/257 255/255/255
f 260/260/260 258/258/258 255/255/255
f 255/255/255 276/276/276 260/260/260
f 261/261/261 258/258/258 260/260/260
f 265/265/265 261/261/261 260/260/260
f 276/276/276 265/265/265 260/260/260
f 261/261/261 265/265/265 264/264/264
f 276/276/276 264/264/264 265/265/265
f 266/266/266 261/261/261 264/264/264
f 267/267/267 266/266/266 264/264/264
f 269/269/269 267/267/267 264/264/264
f 276/276/276 269/269/269 264/264/264
f 270/270/270 267/267/267 269/269/269
f 269/269/269 276/276/276 274/274/274
f 274/274/274 270/270/270 269/269/269
f 276/276/276 273/273/273 274/274/274
f 270/270/270 274/274/274 273/273/273
f 277/277/277 273/273/273 276/276/276
f 277/277/277 270/270/270 273/273/273
f 228/228/228 227/227/227 226/226/226
f 226/226/226 839/839/839 838/838/838
f 826/826/826 825/825/825 228/228/228
f 226/226/226 838/838/838 836/836/836
f 838/838/838 837/837/837 836/836/836
f 226/226/226 836/836/836 228/228/228
f 227/227/227 840/840/840 226/226/226
f 828/828/828 826/826/826 228/228/228
f 828/828/828 827/827/827 826/826/826
f 836/836/836 831/831/831 228/228/228
f 228/228/228 831/831/831 828/828/828
f 830/830/830 829/829/829 828/828/828
f 828/828/828 831/831/831 830/830/830
f 831/831/831 836/836/836 833/833/833
f 831/831/831 833/833/833 832/832/832
f 836/836/836 835/835/835 833/833/833
f 833/833/833 835/835/835 834/834/834
f 840/840/840 842/842/842 841/841/841
f 842/842/842 844/844/844 843/843/843
f 842/842/842 845/845/845 844/844/844
f 840/840/840 845/845/845 842/842/842
f 227/227/227 845/845/845 840/840/840
f 847/847/847 846/846/846 845/845/845
f 845/845/845 849/849/849 847/847/847
f 845/845/845 227/227/227 849/849/849
f 849/849/849 848/848/848 847/847/847
f 849/849/849 227/227/227 851/851/851
f 851/851/851 227/227/227 853/853/853
f 851/851/851 850/850/850 849/849/849
f 850/850/850 851/851/851 852/852/852
f 364/364/364 363/363/363 362/362/362
f 430/430/430 364/364/364 362/362/362
f 431/431/431 364/364/364 430/430/430
f 362/362/362 363/363/363 365/365/365
f 363/363/363 366/366/366 365/365/365
f 432/432/432 431/431/431 430/430/430
f 426/426/426 431/431/431 432/432/432
f 365/365/365 366/366/366 367/367/367
f 366/366/366 368/368/368 367/367/367
f 368/368/368 370/370/370 369/369/369
f 367/367/367 368/368/368 369/369/369
f 367/367/367 369/369/369 795/795/795
f 796/796/796 367/367/367 795/795/795
f 365/365/365 367/367/367 796/796/796
f 796/796/796 795/795/795 794/794/794
f 797/797/797 796/796/796 794/794/794
f 798/798/798 365/365/365 796/796/796
f 798/798/798 796/796/796 797/797/797
f 362/362/362 365/365/365 798/798/798
f 799/799/799 798/798/798 797/797/797
f 800/800/800 362/362/362 798/798/798
f 800/800/800 798/798/798 799/799/799
f 430/430/430 362/362/362 800/800/800
f 801/801/801 800/800/800 799/799/799
f 738/738/738 430/430/430 800/800/800
f 738/738/738 800/800/800 801/801/801
f 432/432/432 430/430/430 738/738/738
f 737/737/737 738/738/738 801/801/801
f 735/735/735 738/738/738 737/737/737
f 735/735/735 432/432/432 738/738/738
f 734/734/734 735/735/735 737/737/737
f 425/425/425 426/426/426 432/432/432
f 425/425/425 432/432/432 735/735/735
f 423/423/423 426/426/426 425/425/425
f 736/736/736 735/735/735 734/734/734
f 736/736/736 425/425/425 735/735/735
f 739/739/739 736/736/736 734/734/734
f 422/422/422 423/423/423 425/425/425
f 422/422/422 425/425/425 736/736/736
f 424/424/424 423/423/423 422/422/422
f 802/802/802 424/424/424 422/422/422
f 740/740/740 736/736/736 739/739/739
f 740/740/740 422/422/422 736/736/736
f 802/802/802 422/422/422 740/740/740
f 741/741/741 740/740/740 739/739/739
f 742/742/742 802/802/802 740/740/740
f 742/742/742 740/740/740 741/741/741
f 901/901/901 742/742/742 741/741/741
f 373/373/373 372/372/372 371/371/371
f 805/805/805 373/373/373 371/371/371
f 371/371/371 372/372/372 374/374/374
f 372/372/372 375/375/375 374/374/374
f 805/805/805 371/371/371 791/791/791
f 793/793/793 805/805/805 791/791/791
f 904/904/904 793/793/793 792/792/792
f 793/793/793 791/791/791 792/792/792
f 792/792/792 791/791/791 790/790/790
f 791/791/791 371/371/371 789/789/789
f 791/791/791 789/789/789 790/790/790
f 371/371/371 374/374/374 789/789/789
f 790/790/790 789/789/789 788/788/788
f 374/374/374 375/375/375 376/376/376
f 789/789/789 787/787/787 788/788/788
f 789/789/789 374/374/374 787/787/787
f 374/374/374 376/376/376 787/787/787
f 788/788/788 787/787/787 786/786/786
f 375/375/375 377/377/377 376/376/376
f 787/787/787 785/785/785 786/786/786
f 787/787/787 376/376/376 785/785/785
f 786/786/786 785/785/785 784/784/784
f 376/376/376 377/377/377 378/378/378
f 376/376/376 378/378/378 785/785/785
f 377/377/377 379/379/379 378/378/378
f 785/785/785 783/783/783 784/784/784
f 785/785/785 378/378/378 783/783/783
f 784/784/784 783/783/783 782/782/782
f 378/378/378 379/379/379 380/380/380
f 378/378/378 380/380/380 783/783/783
f 379/379/379 381/381/381 380/380/380
f 783/783/783 781/781/781 782/782/782
f 783/783/783 380/380/380 781/781/781
f 782/782/782 781/781/781 780/780/780
f 380/380/380 381/381/381 382/382/382
f 380/380/380 382/382/382 781/781/781
f 381/381/381 383/383/383 382/382/382
f 781/781/781 779/779/779 780/780/780
f 781/781/781 382/382/382 779/779/779
f 780/780/780 779/779/779 777/777/777
f 779/779/779 778/778/778 777/777/777
f 382/382/382 383/383/383 384/384/384
f 382/382/382 384/384/384 779/779/779
f 779/779/779 384/384/384 778/778/778
f 383/383/383 385/385/385 384/384/384
f 384/384/384 386/386/386 778/778/778
f 384/384/384 385/385/385 386/386/386
f 385/385/385 387/387/387 386/386/386
f 390/390/390 389/389/389 388/388/388
f 804/804/804 390/390/390 388/388/388
f 388/388/388 389/389/389 391/391/391
f 389/389/389 392/392/392 391/391/391
f 804/804/804 388/388/388 774/774/774
f 776/776/776 804/804/804 774/774/774
f 903/903/903 776/776/776 775/775/775
f 776/776/776 774/774/774 775/775/775
f 775/775/775 774/774/774 773/773/773
f 774/774/774 388/388/388 772/772/772
f 774/774/774 772/772/772 773/773/773
f 388/388/388 391/391/391 772/772/772
f 773/773/773 772/772/772 771/771/771
f 391/391/391 392/392/392 393/393/393
f 772/772/772 770/770/770 771/771/771
f 772/772/772 391/391/391 770/770/770
f 391/391/391 393/393/393 770/770/770
f 771/771/771 770/770/770 769/769/769
f 392/392/392 394/394/394 393/393/393
f 770/770/770 768/768/768 769/769/769
f 770/770/770 393/393/393 768/768/768
f 769/769/769 768/768/768 767/767/767
f 393/393/393 394/394/394 395/395/395
f 393/393/393 395/395/395 768/768/768
f 394/394/394 396/396/396 395/395/395
f 768/768/768 766/766/766 767/767/767
f 768/768/768 395/395/395 766/766/766
f 767/767/767 766/766/766 765/765/765
f 395/395/395 396/396/396 397/397/397
f 395/395/395 397/397/397 766/766/766
f 396/396/396 398/398/398 397/397/397
f 766/766/766 764/764/764 765/765/765
f 766/766/766 397/397/397 764/764/764
f 765/765/765 764/764/764 763/763/763
f 397/397/397 398/398/398 399/399/399
f 397/397/397 399/399/399 764/764/764
f 398/398/398 400/400/400 399/399/399
f 764/764/764 762/762/762 763/763/763
f 764/764/764 399/399/399 762/762/762
f 763/763/763 762/762/762 760/760/760
f 762/762/762 761/761/761 760/760/760
f 399/399/399 400/400/400 401/401/401
f 399/399/399 401/401/401 762/762/762
f 762/762/762 401/401/401 761/761/761
f 400/400/400 402/402/402 401/401/401
f 401/401/401 403/403/403 761/761/761
f 401/401/401 402/402/402 403/403/403
f 402/402/402 404/404/404 403/403/403
f 407/407/407 406/406/406 405/405/405
f 803/803/803 407/407/407 405/405/405
f 405/405/405 406/406/406 408/408/408
f 406/406/406 409/409/409 408/408/408
f 803/803/803 405/405/405 757/757/757
f 759/759/759 803/803/803 757/757/757
f 902/902/902 759/759/759 758/758/758
f 759/759/759 757/757/757 758/758/758
f 758/758/758 757/757/757 756/756/756
f 757/757/757 405/405/405 755/755/755
f 757/757/757 755/755/755 756/756/756
f 405/405/405 408/408/408 755/755/755
f 756/756/756 755/755/755 754/754/754
f 408/408/408 409/409/409 410/410/410
f 755/755/755 753/753/753 754/754/754
f 755/755/755 408/408/408 753/753/753
f 408/408/408 410/410/410 753/753/753
f 754/754/754 753/753/753 752/752/752
f 409/409/409 411/411/411 410/410/410
f 753/753/753 751/751/751 752/752/752
f 753/753/753 410/410/410 751/751/751
f 752/752/752 751/751/751 750/750/750
f 410/410/410 411/411/411 412/412/412
f 410/410/410 412/412/412 751/751/751
f 411/411/411 413/413/413 412/412/412
f 751/751/751 749/749/749 750/750/750
f 751/751/751 412/412/412 749/749/749
f 750/750/750 749/749/749 748/748/748
f 412/412/412 413/413/413 414/414/414
f 412/412/412 414/414/414 749/749/749
f 413/413/413 415/415/415 414/414/414
f 749/749/749 747/747/747 748/748/748
f 749/749/749 414/414/414 747/747/747
f 748/748/748 747/747/747 746/746/746
f 414/414/414 415/415/415 416/416/416
f 414/414/414 416/416/416 747/747/747
f 415/415/415 417/417/417 416/416/416
f 747/747/747 745/745/745 746/746/746
f 747/747/747 416/416/416 745/745/745
f 746/746/746 745/745/745 743/743/743
f 745/745/745 744/744/744 743/743/743
f 416/416/416 417/417/417 418/418/418
f 416/416/416 418/418/418 745/745/745
f 745/745/745 418/418/418 744/744/744
f 417/417/417 419/419/419 418/418/418
f 418/418/418 420/420/420 744/744/744
f 418/418/418 419/419/419 420/420/420
f 419/419/419 421/421/421 420/420/420
f 429/429/429 428/428/428 427/427/427
f 472/472/472 429/429/429 427/427/427
f 427/427/427 428/428/428 463/463/463
f 473/473/473 429/429/429 472/472/472
f 428/428/428 489/489/489 463/463/463
f 492/492/492 473/473/473 472/472/472
f 489/489/489 465/465/465 463/463/463
f 446/446/446 473/473/473 492/492/492
f 465/465/465 464/464/464 463/463/463
f 445/445/445 446/446/446 492/492/492
f 465/465/465 498/498/498 464/464/464
f 447/447/447 446/446/446 445/445/445
f 498/498/498 485/485/485 464/464/464
f 478/478/478 447/447/447 445/445/445
f 498/498/498 486/486/486 485/485/485
f 479/479/479 447/447/447 478/478/478
f 486/486/486 457/457/457 485/485/485
f 495/495/495 479/479/479 478/478/478
f 486/486/486 459/459/459 457/457/457
f 479/479/479 495/495/495 455/455/455
f 459/459/459 458/458/458 457/457/457
f 456/456/456 479/479/479 455/455/455
f 459/459/459 496/496/496 458/458/458
f 456/456/456 455/455/455 454/454/454
f 496/496/496 480/480/480 458/458/458
f 482/482/482 456/456/456 454/454/454
f 496/496/496 450/450/450 480/480/480
f 482/482/482 454/454/454 467/467/467
f 450/450/450 481/481/481 480/480/480
f 468/468/468 482/482/482 467/467/467
f 481/481/481 450/450/450 448/448/448
f 468/468/468 467/467/467 466/466/466
f 450/450/450 449/449/449 448/448/448
f 490/490/490 468/468/468 466/466/466
f 448/448/448 449/449/449 493/493/493
f 490/490/490 466/466/466 440/440/440
f 449/449/449 477/477/477 493/493/493
f 441/441/441 490/490/490 440/440/440
f 493/493/493 477/477/477 476/476/476
f 441/441/441 440/440/440 439/439/439
f 477/477/477 444/444/444 476/476/476
f 475/475/475 441/441/441 439/439/439
f 476/476/476 444/444/444 442/442/442
f 475/475/475 439/439/439 474/474/474
f 444/444/444 443/443/443 442/442/442
f 494/494/494 475/475/475 474/474/474
f 442/442/442 443/443/443 491/491/491
f 494/494/494 474/474/474 452/452/452
f 443/443/443 471/471/471 491/491/491
f 453/453/453 494/494/494 452/452/452
f 491/491/491 471/471/471 469/469/469
f 453/453/453 452/452/452 451/451/451
f 471/471/471 470/470/470 469/469/469
f 484/484/484 453/453/453 451/451/451
f 469/469/469 470/470/470 499/499/499
f 484/484/484 451/451/451 483/483/483
f 470/470/470 488/488/488 499/499/499
f 497/497/497 484/484/484 483/483/483
f 499/499/499 488/488/488 487/487/487
f 461/461/461 497/497/497 483/483/483
f 488/488/488 462/462/462 487/487/487
f 460/460/460 461/461/461 483/483/483
f 487/487/487 462/462/462 460/460/460
f 462/462/462 461/461/461 460/460/460
f 435/435/435 434/434/434 433/433/433
f 862/862/862 861/861/861 435/435/435
f 433/433/433 878/878/878 877/877/877
f 864/864/864 862/862/862 435/435/435
f 864/864/864 863/863/863 862/862/862
f 435/435/435 433/433/433 876/876/876
f 876/876/876 864/864/864 435/435/435
f 863/863/863 866/866/866 865/865/865
f 863/863/863 864/864/864 866/866/866
f 866/866/866 864/864/864 867/867/867
f 433/433/433 882/882/882 878/878/878
f 434/434/434 882/882/882 433/433/433
f 878/878/878 882/882/882 881/881/881
f 878/878/878 881/881/881 879/879/879
f 881/881/881 880/880/880 879/879/879
f 882/882/882 434/434/434 884/884/884
f 882/882/882 884/884/884 883/883/883
f 884/884/884 434/434/434 888/888/888
f 888/888/888 434/434/434 889/889/889
f 888/888/888 885/885/885 884/884/884
f 885/885/885 888/888/888 887/887/887
f 887/887/887 886/886/886 885/885/885
f 864/864/864 869/869/869 868/868/868
f 869/869/869 871/871/871 870/870/870
f 872/872/872 871/871/871 869/869/869
f 864/864/864 872/872/872 869/869/869
f 876/876/876 872/872/872 864/864/864
f 876/876/876 875/875/875 872/872/872
f 872/872/872 875/875/875 874/874/874
f 874/874/874 873/873/873 872/872/872
f 438/438/438 437/437/437 436/436/436
f 436/436/436 437/437/437 674/674/674
f 436/436/436 674/674/674 679/679/679
f 539/539/539 436/436/436 679/679/679
f 437/437/437 670/670/670 674/674/674
f 540/540/540 436/436/436 539/539/539
f 540/540/540 438/438/438 436/436/436
f 717/717/717 540/540/540 539/539/539
f 899/899/899 718/718/718 717/717/717
f 718/718/718 540/540/540 717/717/717
f 718/718/718 733/733/733 540/540/540
f 733/733/733 438/438/438 540/540/540
f 733/733/733 714/714/714 438/438/438
f 714/714/714 545/545/545 438/438/438
f 438/438/438 545/545/545 437/437/437
f 714/714/714 729/729/729 545/545/545
f 437/437/437 509/509/509 670/670/670
f 545/545/545 509/509/509 437/437/437
f 729/729/729 511/511/511 545/545/545
f 545/545/545 511/511/511 509/509/509
f 729/729/729 710/710/710 511/511/511
f 509/509/509 667/667/667 670/670/670
f 670/670/670 667/667/667 671/671/671
f 667/667/667 668/668/668 671/671/671
f 710/710/710 549/549/549 511/511/511
f 710/710/710 726/726/726 549/549/549
f 511/511/511 510/510/510 509/509/509
f 509/509/509 510/510/510 667/667/667
f 511/511/511 549/549/549 510/510/510
f 667/667/667 664/664/664 668/668/668
f 510/510/510 664/664/664 667/667/667
f 664/664/664 669/669/669 668/668/668
f 669/669/669 664/664/664 663/663/663
f 726/726/726 520/520/520 549/549/549
f 664/664/664 660/660/660 663/663/663
f 664/664/664 510/510/510 660/660/660
f 663/663/663 660/660/660 659/659/659
f 726/726/726 707/707/707 520/520/520
f 660/660/660 658/658/658 659/659/659
f 549/549/549 518/518/518 510/510/510
f 510/510/510 518/518/518 660/660/660
f 549/549/549 520/520/520 518/518/518
f 660/660/660 518/518/518 658/658/658
f 707/707/707 557/557/557 520/520/520
f 707/707/707 723/723/723 557/557/557
f 723/723/723 526/526/526 557/557/557
f 520/520/520 519/519/519 518/518/518
f 518/518/518 519/519/519 658/658/658
f 520/520/520 557/557/557 519/519/519
f 658/658/658 519/519/519 654/654/654
f 557/557/557 526/526/526 524/524/524
f 557/557/557 524/524/524 519/519/519
f 519/519/519 524/524/524 654/654/654
f 526/526/526 525/525/525 524/524/524
f 654/654/654 524/524/524 650/650/650
f 524/524/524 525/525/525 650/650/650
f 502/502/502 501/501/501 500/500/500
f 500/500/500 501/501/501 692/692/692
f 502/502/502 559/559/559 501/501/501
f 501/501/501 530/530/530 692/692/692
f 559/559/559 530/530/530 501/501/501
f 705/705/705 559/559/559 502/502/502
f 732/732/732 705/705/705 502/502/502
f 705/705/705 721/721/721 559/559/559
f 732/732/732 502/502/502 697/697/697
f 697/697/697 502/502/502 500/500/500
f 698/698/698 732/732/732 697/697/697
f 721/721/721 532/532/532 559/559/559
f 559/559/559 532/532/532 530/530/530
f 721/721/721 701/701/701 532/532/532
f 701/701/701 564/564/564 532/532/532
f 698/698/698 697/697/697 556/556/556
f 532/532/532 564/564/564 531/531/531
f 532/532/532 531/531/531 530/530/530
f 708/708/708 698/698/698 556/556/556
f 564/564/564 563/563/563 531/531/531
f 563/563/563 684/684/684 683/683/683
f 531/531/531 563/563/563 683/683/683
f 531/531/531 683/683/683 688/688/688
f 530/530/530 531/531/531 688/688/688
f 530/530/530 688/688/688 692/692/692
f 688/688/688 694/694/694 693/693/693
f 692/692/692 688/688/688 693/693/693
f 567/567/567 692/692/692 693/693/693
f 567/567/567 500/500/500 692/692/692
f 568/568/568 567/567/567 693/693/693
f 697/697/697 500/500/500 555/555/555
f 555/555/555 500/500/500 567/567/567
f 556/556/556 697/697/697 555/555/555
f 569/569/569 567/567/567 568/568/568
f 569/569/569 555/555/555 567/567/567
f 572/572/572 569/569/569 568/568/568
f 556/556/556 555/555/555 513/513/513
f 513/513/513 555/555/555 569/569/569
f 573/573/573 569/569/569 572/572/572
f 890/890/890 573/573/573 572/572/572
f 573/573/573 513/513/513 569/569/569
f 513/513/513 573/573/573 576/576/576
f 708/708/708 556/556/556 514/514/514
f 514/514/514 556/556/556 513/513/513
f 728/728/728 708/708/708 514/514/514
f 512/512/512 513/513/513 576/576/576
f 514/514/514 513/513/513 512/512/512
f 512/512/512 576/576/576 581/581/581
f 546/546/546 512/512/512 581/581/581
f 728/728/728 514/514/514 547/547/547
f 547/547/547 514/514/514 512/512/512
f 547/547/547 512/512/512 546/546/546
f 713/713/713 728/728/728 547/547/547
f 712/712/712 547/547/547 546/546/546
f 713/713/713 547/547/547 712/712/712
f 898/898/898 713/713/713 712/712/712
f 505/505/505 504/504/504 503/503/503
f 504/504/504 586/586/586 585/585/585
f 503/503/503 504/504/504 585/585/585
f 503/503/503 585/585/585 590/590/590
f 542/542/542 505/505/505 503/503/503
f 731/731/731 505/505/505 542/542/542
f 716/716/716 731/731/731 542/542/542
f 541/541/541 503/503/503 590/590/590
f 542/542/542 503/503/503 541/541/541
f 716/716/716 542/542/542 566/566/566
f 566/566/566 542/542/542 541/541/541
f 699/699/699 716/716/716 566/566/566
f 590/590/590 596/596/596 595/595/595
f 699/699/699 566/566/566 538/538/538
f 594/594/594 590/590/590 595/595/595
f 541/541/541 590/590/590 594/594/594
f 719/719/719 699/699/699 538/538/538
f 594/594/594 595/595/595 599/599/599
f 566/566/566 541/541/541 537/537/537
f 537/537/537 541/541/541 594/594/594
f 538/538/538 566/566/566 537/537/537
f 598/598/598 594/594/594 599/599/599
f 537/537/537 594/594/594 598/598/598
f 719/719/719 538/538/538 562/562/562
f 702/702/702 719/719/719 562/562/562
f 538/538/538 537/537/537 536/536/536
f 562/562/562 538/538/538 536/536/536
f 536/536/536 537/537/537 598/598/598
f 702/702/702 562/562/562 529/529/529
f 722/722/722 702/702/702 529/529/529
f 562/562/562 536/536/536 528/528/528
f 528/528/528 536/536/536 598/598/598
f 529/529/529 562/562/562 528/528/528
f 602/602/602 598/598/598 599/599/599
f 602/602/602 528/528/528 598/598/598
f 605/605/605 602/602/602 599/599/599
f 529/529/529 528/528/528 527/527/527
f 527/527/527 528/528/528 602/602/602
f 722/722/722 529/529/529 558/558/558
f 558/558/558 529/529/529 527/527/527
f 706/706/706 722/722/722 558/558/558
f 606/606/606 602/602/602 605/605/605
f 606/606/606 527/527/527 602/602/602
f 892/892/892 606/606/606 605/605/605
f 522/522/522 527/527/527 606/606/606
f 558/558/558 527/527/527 522/522/522
f 613/613/613 522/522/522 606/606/606
f 706/706/706 558/558/558 523/523/523
f 523/523/523 558/558/558 522/522/522
f 725/725/725 706/706/706 523/523/523
f 521/521/521 522/522/522 613/613/613
f 523/523/523 522/522/522 521/521/521
f 893/893/893 521/521/521 613/613/613
f 724/724/724 523/523/523 521/521/521
f 725/725/725 523/523/523 724/724/724
f 900/900/900 725/725/725 724/724/724
f 508/508/508 507/507/507 506/506/506
f 544/544/544 508/508/508 506/506/506
f 730/730/730 508/508/508 544/544/544
f 730/730/730 711/711/711 508/508/508
f 715/715/715 730/730/730 544/544/544
f 711/711/711 548/548/548 508/508/508
f 508/508/508 548/548/548 507/507/507
f 711/711/711 727/727/727 548/548/548
f 715/715/715 544/544/544 565/565/565
f 700/700/700 715/715/715 565/565/565
f 727/727/727 517/517/517 548/548/548
f 727/727/727 709/709/709 517/517/517
f 709/709/709 554/554/554 517/517/517
f 565/565/565 544/544/544 543/543/543
f 544/544/544 506/506/506 543/543/543
f 517/517/517 554/554/554 516/516/516
f 554/554/554 553/553/553 516/516/516
f 516/516/516 553/553/553 617/617/617
f 621/621/621 516/516/516 617/617/617
f 548/548/548 517/517/517 515/515/515
f 517/517/517 516/516/516 515/515/515
f 515/515/515 516/516/516 621/621/621
f 548/548/548 515/515/515 507/507/507
f 626/626/626 515/515/515 621/621/621
f 507/507/507 515/515/515 625/625/625
f 515/515/515 626/626/626 625/625/625
f 626/626/626 628/628/628 627/627/627
f 625/625/625 626/626/626 627/627/627
f 625/625/625 627/627/627 632/632/632
f 507/507/507 625/625/625 631/631/631
f 631/631/631 625/625/625 632/632/632
f 506/506/506 507/507/507 631/631/631
f 631/631/631 632/632/632 636/636/636
f 506/506/506 631/631/631 635/635/635
f 635/635/635 631/631/631 636/636/636
f 543/543/543 506/506/506 635/635/635
f 894/894/894 639/639/639 636/636/636
f 639/639/639 635/635/635 636/636/636
f 534/534/534 543/543/543 635/635/635
f 639/639/639 534/534/534 635/635/635
f 565/565/565 543/543/543 534/534/534
f 533/533/533 534/534/534 639/639/639
f 646/646/646 533/533/533 639/639/639
f 535/535/535 565/565/565 534/534/534
f 535/535/535 534/534/534 533/533/533
f 700/700/700 565/565/565 535/535/535
f 720/720/720 700/700/700 535/535/535
f 560/560/560 533/533/533 646/646/646
f 895/895/895 560/560/560 646/646/646
f 561/561/561 535/535/535 533/533/533
f 561/561/561 533/533/533 560/560/560
f 720/720/720 535/535/535 561/561/561
f 703/703/703 561/561/561 560/560/560
f 704/704/704 720/720/720 561/561/561
f 704/704/704 561/561/561 703/703/703
f 897/897/897 704/704/704 703/703/703
f 552/552/552 551/551/551 550/550/550
f 666/666/666 552/552/552 550/550/550
f 673/673/673 666/666/666 550/550/550
f 673/673/673 550/550/550 672/672/672
f 551/551/551 672/672/672 550/550/550
f 676/676/676 673/673/673 672/672/672
f 552/552/552 666/666/666 665/665/665
f 666/666/666 662/662/662 665/665/665
f 676/676/676 672/672/672 678/678/678
f 551/551/551 678/678/678 672/672/672
f 665/665/665 662/662/662 661/661/661
f 662/662/662 657/657/657 661/661/661
f 633/633/633 552/552/552 665/665/665
f 633/633/633 665/665/665 661/661/661
f 552/552/552 633/633/633 551/551/551
f 661/661/661 657/657/657 656/656/656
f 633/633/633 661/661/661 656/656/656
f 657/657/657 653/653/653 656/656/656
f 657/657/657 655/655/655 653/653/653
f 655/655/655 651/651/651 653/653/653
f 656/656/656 653/653/653 652/652/652
f 633/633/633 656/656/656 652/652/652
f 653/653/653 651/651/651 649/649/649
f 653/653/653 649/649/649 652/652/652
f 651/651/651 647/647/647 649/649/649
f 652/652/652 649/649/649 648/648/648
f 633/633/633 652/652/652 648/648/648
f 649/649/649 647/647/647 645/645/645
f 649/649/649 645/645/645 648/648/648
f 647/647/647 643/643/643 645/645/645
f 648/648/648 645/645/645 644/644/644
f 633/633/633 648/648/648 644/644/644
f 645/645/645 643/643/643 641/641/641
f 645/645/645 641/641/641 644/644/644
f 643/643/643 642/642/642 641/641/641
f 644/644/644 641/641/641 637/637/637
f 633/633/633 644/644/644 637/637/637
f 641/641/641 640/640/640 637/637/637
f 640/640/640 638/638/638 637/637/637
f 638/638/638 633/633/633 637/637/637
f 638/638/638 634/634/634 633/633/633
f 634/634/634 629/629/629 633/633/633
f 551/551/551 633/633/633 629/629/629
f 634/634/634 624/624/624 629/629/629
f 624/624/624 630/630/630 629/629/629
f 574/574/574 551/551/551 629/629/629
f 574/574/574 629/629/629 630/630/630
f 630/630/630 624/624/624 623/623/623
f 630/630/630 580/580/580 574/574/574
f 624/624/624 620/620/620 623/623/623
f 624/624/624 622/622/622 620/620/620
f 622/622/622 618/618/618 620/620/620
f 579/579/579 630/630/630 623/623/623
f 630/630/630 579/579/579 580/580/580
f 623/623/623 620/620/620 619/619/619
f 623/623/623 619/619/619 579/579/579
f 620/620/620 618/618/618 616/616/616
f 620/620/620 616/616/616 619/619/619
f 618/618/618 614/614/614 616/616/616
f 580/580/580 575/575/575 574/574/574
f 575/575/575 580/580/580 579/579/579
f 575/575/575 571/571/571 574/574/574
f 574/574/574 571/571/571 551/551/551
f 571/571/571 570/570/570 551/551/551
f 577/577/577 575/575/575 579/579/579
f 578/578/578 575/575/575 577/577/577
f 583/583/583 578/578/578 577/577/577
f 579/579/579 619/619/619 584/584/584
f 577/577/577 579/579/579 584/584/584
f 583/583/583 577/577/577 582/582/582
f 582/582/582 577/577/577 584/584/584
f 588/588/588 583/583/583 582/582/582
f 615/615/615 584/584/584 619/619/619
f 619/619/619 616/616/616 615/615/615
f 582/582/582 584/584/584 589/589/589
f 589/589/589 584/584/584 615/615/615
f 588/588/588 582/582/582 587/587/587
f 587/587/587 582/582/582 589/589/589
f 592/592/592 588/588/588 587/587/587
f 616/616/616 612/612/612 615/615/615
f 616/616/616 614/614/614 612/612/612
f 614/614/614 610/610/610 612/612/612
f 592/592/592 587/587/587 591/591/591
f 891/891/891 592/592/592 591/591/591
f 612/612/612 610/610/610 608/608/608
f 610/610/610 609/609/609 608/608/608
f 615/615/615 612/612/612 611/611/611
f 612/612/612 608/608/608 611/611/611
f 589/589/589 615/615/615 611/611/611
f 587/587/587 589/589/589 593/593/593
f 591/591/591 587/587/587 593/593/593
f 611/611/611 593/593/593 589/589/589
f 591/591/591 593/593/593 597/597/597
f 611/611/611 597/597/597 593/593/593
f 601/601/601 591/591/591 597/597/597
f 611/611/611 608/608/608 607/607/607
f 597/597/597 611/611/611 607/607/607
f 608/608/608 604/604/604 607/607/607
f 601/601/601 597/597/597 600/600/600
f 607/607/607 600/600/600 597/597/597
f 607/607/607 604/604/604 600/600/600
f 603/603/603 601/601/601 600/600/600
f 604/604/604 603/603/603 600/600/600
f 570/570/570 696/696/696 695/695/695
f 551/551/551 570/570/570 695/695/695
f 696/696/696 689/689/689 695/695/695
f 691/691/691 551/551/551 695/695/695
f 689/689/689 691/691/691 695/695/695
f 896/896/896 690/690/690 689/689/689
f 690/690/690 685/685/685 689/689/689
f 689/689/689 685/685/685 691/691/691
f 690/690/690 686/686/686 685/685/685
f 551/551/551 691/691/691 687/687/687
f 685/685/685 687/687/687 691/691/691
f 686/686/686 680/680/680 685/685/685
f 685/685/685 680/680/680 687/687/687
f 686/686/686 681/681/681 680/680/680
f 682/682/682 551/551/551 687/687/687
f 680/680/680 682/682/682 687/687/687
f 551/551/551 682/682/682 678/678/678
f 681/681/681 675/675/675 680/680/680
f 680/680/680 675/675/675 682/682/682
f 675/675/675 678/678/678 682/682/682
f 681/681/681 677/677/677 675/675/675
f 675/675/675 676/676/676 678/678/678
f 677/677/677 676/676/676 675/675/675
