# VPXTOOL table OBJ file
# VPXTOOL OBJ file
# numVerts: 5027 numFaces: 8767
o VRCoinDoor
v 4.899744 23.018183 -12.164152
v 4.898805 23.014105 -12.152721
v 4.607746 23.0182 -12.166142
v 2.056301 22.94524 -15.505577
v 2.055837 22.944578 -15.441288
v 2.023032 22.946962 -15.505148
v 5.086523 22.808414 -14.070269
v 5.103824 22.808887 -14.02067
v 5.072012 22.812366 -14.058117
v 4.38816 22.97377 -12.140587
v 4.400507 22.973831 -12.146368
v 4.430873 22.717516 -12.092261
v 1.930154 22.83412 -14.415098
v 1.922721 22.47917 -14.419796
v 1.930159 22.837372 -14.733216
v 4.567955 22.809284 -14.159952
v 4.556334 22.811934 -14.081882
v 4.483524 22.809132 -14.157037
v 3.312686 22.879314 -15.762512
v 2.744498 22.879225 -15.751589
v 3.297169 22.881124 -15.782319
v 3.57292 22.879313 -15.762733
v 3.318591 22.87435 -15.748811
v 7.42145 22.893429 -14.295209
v 7.458875 22.932814 -14.287188
v 7.394855 22.892199 -14.175704
v 6.136497 22.821798 -14.054825
v 6.103875 22.87617 -14.02088
v 6.10185 22.822218 -14.069682
v 6.147464 22.81708 -13.460745
v 6.147576 22.81357 -13.094753
v 6.117428 22.869095 -13.459937
v 5.026326 22.886835 -13.732127
v 5.02279 22.888523 -13.908104
v 5.061245 22.871819 -13.731844
v 4.300903 22.983694 -12.227655
v 4.312477 23.015032 -12.215396
v 4.297418 22.983383 -12.201815
v 5.428195 22.833185 -11.206199
v 5.610001 22.833197 -11.207272
v 5.428524 22.900877 -11.170882
v 5.565845 22.808552 -13.726154
v 5.500595 22.804926 -13.727007
v 5.567703 22.810226 -13.907178
v 4.492431 22.833126 -11.200676
v 4.492938 22.791893 -11.217171
v 4.620795 22.833138 -11.201433
v 6.529722 22.86174 -13.211779
v 6.592461 22.860964 -13.13479
v 6.475841 22.85286 -13.171761
v 7.438976 22.871634 -12.16691
v 7.371281 22.851074 -12.167384
v 7.438314 22.87319 -12.318499
v 6.387365 22.845713 -13.746988
v 6.3529 22.844458 -13.63096
v 6.365435 22.818636 -13.755154
v 6.766192 22.83006 -15.691247
v 6.770782 22.838785 -15.701376
v 6.826754 22.82974 -15.671032
v 5.599504 22.86491 -13.093243
v 5.596243 22.861816 -12.770515
v 5.573269 22.81377 -13.093765
v 4.86551 22.881432 -13.093075
v 4.653363 22.881432 -13.093074
v 4.862321 22.885176 -13.460045
v 5.867218 22.833212 -11.20879
v 5.610388 22.900885 -11.171822
v 7.471627 22.919922 -12.856503
v 7.45605 22.919495 -12.946712
v 7.512344 22.912518 -12.860096
v 3.505666 22.8605 -12.595663
v 3.501791 22.8077 -12.564676
v 3.4265 22.860975 -12.59621
v 5.179862 22.98368 -12.231647
v 5.170428 23.015032 -12.219126
v 5.128674 22.983612 -12.23314
v 6.238773 22.801239 -13.484552
v 6.189153 22.802176 -13.467237
v 6.243233 22.803272 -13.683622
v 4.462737 22.789206 -12.305601
v 4.346044 22.789211 -12.306314
v 4.452519 22.789595 -12.343857
v 6.355252 22.81012 -13.760536
v 6.326657 22.805798 -13.782501
v 6.417766 22.811335 -13.869537
v 2.63174 22.827978 -15.487732
v 2.726772 22.823233 -15.484913
v 2.629812 22.820635 -14.755266
v 7.575285 22.470669 -13.586756
v 7.567852 22.82574 -13.591784
v 7.575285 22.471489 -13.667253
v 5.318485 22.833178 -11.205551
v 5.318675 22.90087 -11.170315
v 3.825588 22.825354 -15.688616
v 4.108877 22.825348 -15.687851
v 3.825685 22.82342 -15.656892
v 6.876106 22.82032 -11.301829
v 6.831418 22.828608 -11.240678
v 6.855921 22.794024 -11.302455
v 7.492928 22.895712 -11.21395
v 7.470989 22.903374 -11.235949
v 7.514236 22.896435 -11.284414
v 3.572942 22.874338 -15.748814
v 3.825411 22.87433 -15.748056
v 3.572962 22.865562 -15.737947
v 3.376271 22.871424 -13.724598
v 3.349448 22.82015 -13.725331
v 3.376528 22.873384 -13.899734
v 2.084909 22.890661 -14.030766
v 2.045629 22.930182 -14.030859
v 2.085993 22.891996 -14.161609
v 7.474438 22.912708 -12.318928
v 7.475024 22.91115 -12.166506
v 6.146945 22.908688 -15.79634
v 5.927594 22.908705 -15.797915
v 6.146346 22.948584 -15.833252
v 5.717616 22.809172 -14.162679
v 5.880583 22.809208 -14.164803
v 5.731225 22.811432 -14.089483
v 7.575285 22.463333 -12.868642
v 7.575285 22.461943 -12.732364
v 7.567882 22.818289 -12.864622
v 5.391889 22.874283 -15.74336
v 5.12307 22.874289 -15.744165
v 5.391797 22.879246 -15.756326
v 5.245771 22.816647 -12.279173
v 5.199405 22.983644 -12.226941
v 5.22062 22.8167 -12.284603
v 2.144399 22.908646 -15.789902
v 2.119235 22.908396 -15.761503
v 2.118706 22.94842 -15.816683
v 4.236724 22.445065 -11.078883
v 4.190473 22.445065 -11.078883
v 4.232671 22.800112 -11.082693
v 3.645898 22.88516 -13.458549
v 3.782542 22.885162 -13.458542
v 3.646672 22.881432 -13.093074
v 2.097913 22.90682 -15.60739
v 2.057058 22.946323 -15.61034
v 2.103731 22.907862 -15.706566
v 1.930132 22.804937 -11.556213
v 1.930154 22.809725 -12.025001
v 1.95237 22.876904 -11.556713
v 4.919792 22.839115 -15.714393
v 5.123265 22.83911 -15.713784
v 4.919832 22.83034 -15.703526
v 7.439672 22.870018 -12.008616
v 7.372167 22.849463 -12.009735
v 7.516694 22.938936 -15.447265
v 7.545537 22.916626 -15.447268
v 7.516694 22.931995 -14.767696
v 5.424891 22.445065 -11.078882
v 5.428361 22.8001 -11.082695
v 5.607257 22.445065 -11.078882
v 4.532135 22.878178 -12.774353
v 4.577867 22.878174 -12.774413
v 4.533494 22.8769 -12.649507
v 5.043929 22.833162 -11.203931
v 5.163126 22.833168 -11.204636
v 5.045347 22.900858 -11.168905
v 4.578264 22.825333 -15.686579
v 4.919897 22.825325 -15.685655
v 4.578327 22.823404 -15.655513
v 2.621001 22.83661 -15.488451
v 2.601584 22.863226 -15.490044
v 2.629987 22.837992 -15.627155
v 3.786018 22.878187 -12.775053
v 3.647346 22.878187 -12.775053
v 3.7844 22.881432 -13.093075
v 4.578207 22.839128 -15.715418
v 4.578229 22.830353 -15.704549
v 5.738544 22.890408 -13.972145
v 5.737862 22.889606 -13.893847
v 5.671937 22.89041 -13.972488
v 3.508955 22.881432 -13.093075
v 2.243029 22.800098 -11.082602
v 2.325888 22.800104 -11.082671
v 2.245399 22.445065 -11.078883
v 7.518301 22.89804 -11.441614
v 7.545626 22.87571 -11.439484
v 2.727301 22.795055 -11.208664
v 2.74058 22.79333 -11.208839
v 2.746273 22.83387 -11.187147
v 6.91808 22.801348 -12.015759
v 6.937861 22.82756 -12.015219
v 6.921052 22.797258 -11.610877
v 5.251147 22.8141 -12.034086
v 5.251025 22.815378 -12.157347
v 5.267571 22.786457 -12.03627
v 5.603498 22.868614 -13.459014
v 5.606399 22.871304 -13.725014
v 5.638392 22.883959 -13.45875
v 5.595524 22.860949 -12.633651
v 5.630087 22.875814 -12.646132
v 6.646716 22.849667 -15.936036
v 6.488225 22.849659 -15.936049
v 6.635653 22.494766 -15.947069
v 5.6584 22.875868 -14.037756
v 5.62353 22.875854 -14.02549
v 5.643119 22.822472 -14.074434
v 3.917106 22.780542 -11.457317
v 3.917701 22.779274 -11.332979
v 3.649616 22.780262 -11.429932
v 4.620215 22.902512 -11.151224
v 4.903517 22.90252 -11.152042
v 4.619961 22.894865 -11.130726
v 2.621942 22.806768 -12.546078
v 2.602176 22.832975 -12.546303
v 2.621754 22.807913 -12.658165
v 4.023592 22.795135 -12.764887
v 4.190128 22.793888 -12.764408
v 4.023767 22.793428 -12.609101
v 1.952472 22.906073 -14.414047
v 1.952467 22.90932 -14.732059
v 4.91972 22.86552 -15.733908
v 5.12314 22.86551 -15.733297
v 4.967245 22.793533 -12.533746
v 4.976681 22.796225 -12.55217
v 5.027953 22.792433 -12.519291
v 4.230476 22.791883 -11.216177
v 4.237638 22.778318 -11.239573
v 4.267144 22.791882 -11.216095
v 7.3307 22.92115 -13.438093
v 7.314334 22.920376 -13.369801
v 7.296252 22.907059 -13.440166
v 3.87331 22.886744 -13.723442
v 3.870948 22.888548 -13.894573
v 3.90843 22.871727 -13.723449
v 4.896268 22.966255 -11.415762
v 4.623389 22.966248 -11.417247
v 4.894977 22.711103 -11.463114
v 4.42767 22.716793 -12.021128
v 4.384402 22.97247 -12.024247
v 4.426763 22.717278 -12.068632
v 5.309347 22.788845 -12.27041
v 5.311249 22.787823 -12.170195
v 5.265709 22.788738 -12.259861
v 2.67303 22.902454 -11.145629
v 2.675052 22.900726 -11.156852
v 2.706944 22.902452 -11.145676
v 6.453078 22.808 -13.991987
v 6.536372 22.809055 -14.093458
v 6.500051 22.81245 -13.964024
v 6.112312 22.810452 -14.38678
v 6.205763 22.81018 -14.360147
v 6.112686 22.809113 -14.167675
v 4.519131 22.860752 -12.591718
v 4.501727 22.807383 -12.562132
v 4.484872 22.861296 -12.602916
v 6.844342 22.836203 -11.240479
v 6.835141 22.858921 -11.213094
v 4.308282 23.007687 -11.512217
v 4.307642 23.006872 -11.423269
v 4.295939 22.976112 -11.509565
v 6.777317 22.849064 -14.098196
v 6.836243 22.849415 -14.119922
v 6.783237 22.857582 -14.08869
v 6.818057 22.85435 -11.212881
v 6.819598 22.901012 -11.178494
v 3.395383 22.810495 -14.390881
v 3.401443 22.809332 -14.174593
v 3.258017 22.810688 -14.409983
v 6.917037 22.850615 -14.267839
v 6.900278 22.824389 -14.278021
v 6.926678 22.85258 -14.471375
v 7.25263 22.950504 -15.852091
v 7.253039 22.943386 -15.882754
v 7.314322 22.950455 -15.84732
v 6.90867 22.826534 -14.476994
v 6.924598 22.855602 -14.76601
v 7.389316 22.918987 -12.93341
v 7.435837 22.918169 -12.852854
v 6.122227 22.860891 -12.636606
v 6.092604 22.875824 -12.648906
v 6.122085 22.861809 -12.771254
v 4.489949 23.018223 -12.168427
v 4.492121 23.014164 -12.157675
v 6.871265 22.823185 -14.179417
v 6.864037 22.814655 -14.187428
v 5.12499 22.973602 -12.122517
v 5.121768 22.973785 -12.137701
v 5.13526 23.013962 -12.131669
v 4.578165 22.865532 -15.734932
v 4.91968 22.874294 -15.744776
v 2.302355 22.879026 -15.577037
v 2.200723 22.87862 -15.537003
v 2.23805 22.87998 -15.670145
v 6.606084 22.881714 -13.148661
v 6.638608 22.92151 -13.180259
v 6.678484 22.881094 -13.089398
v 2.724992 22.894852 -11.129336
v 2.76563 22.894852 -11.129459
v 2.72407 22.872286 -11.104259
v 3.936671 22.809057 -14.152466
v 4.080646 22.809649 -14.307999
v 3.99692 22.80836 -14.092269
v 3.349161 22.82181 -13.90443
v 3.377302 22.874857 -13.993745
v 4.24794 22.816341 -12.249081
v 4.231547 22.788784 -12.264421
v 4.251783 22.816679 -12.281711
v 7.017355 22.84514 -12.358019
v 7.013702 22.842623 -12.168692
v 6.944861 22.839386 -12.322503
v 7.516694 22.940226 -15.573812
v 7.516699 22.94102 -15.651061
v 7.545537 22.91792 -15.574131
v 3.941799 22.81393 -13.093762
v 3.91665 22.864754 -13.093245
v 3.939624 22.817343 -13.459116
v 7.016716 22.835491 -11.473436
v 7.195471 22.837038 -11.464183
v 7.021655 22.834917 -11.365919
v 4.43931 22.807789 -12.619385
v 4.454629 22.807096 -12.575706
v 4.423497 22.796228 -12.612925
v 5.120793 22.921417 -15.912964
v 5.390306 22.921412 -15.912964
v 5.12188 22.943407 -15.884628
v 6.147079 22.819658 -13.729372
v 6.115493 22.872002 -13.728718
v 7.489662 22.939434 -14.767754
v 7.467422 22.937708 -14.767899
v 7.489662 22.946371 -15.447432
v 4.85802 22.889557 -14.012183
v 4.857957 22.890524 -13.983534
v 4.647687 22.88955 -14.005765
v 6.543662 22.780983 -11.500087
v 6.564604 22.782394 -11.638939
v 6.723434 22.780867 -11.488955
v 4.869535 22.875526 -12.627687
v 4.967951 22.87556 -12.628629
v 4.869827 22.860044 -12.594088
v 6.29509 22.804478 -13.651394
v 6.872679 22.828943 -15.603682
v 6.823318 22.824354 -15.599754
v 6.856129 22.82934 -15.640798
v 4.34911 22.810009 -14.343412
v 4.156274 22.807838 -14.130745
v 6.813783 22.887932 -15.777802
v 6.817915 22.908638 -15.791519
v 6.982376 22.887884 -15.772922
v 2.09657 22.905062 -15.441365
v 2.097089 22.905727 -15.505238
v 2.131188 22.884586 -15.450166
v 6.0279 22.808208 -12.566511
v 6.107053 22.807713 -12.566679
v 6.029734 22.796371 -12.551856
v 5.435047 22.809679 -14.310978
v 5.680004 22.81008 -14.350437
v 5.582418 22.809004 -14.153127
v 6.861697 22.862362 -14.095158
v 6.920193 22.862743 -14.13489
v 6.940229 22.870125 -14.032327
v 2.02993 22.902563 -11.325595
v 2.041639 22.901875 -11.257908
v 2.010015 22.904264 -11.323137
v 2.801644 22.838984 -15.714149
v 3.320561 22.839148 -15.719177
v 2.805711 22.83024 -15.703886
v 5.648762 22.889036 -13.997099
v 5.610646 22.874907 -13.989291
v 5.267272 22.787779 -12.166079
v 5.311968 22.786457 -12.036732
v 4.898358 23.00593 -11.338757
v 4.622488 23.005964 -11.340136
v 4.898038 23.009909 -11.350481
v 6.665429 22.800098 -11.082312
v 6.678489 22.872269 -11.102736
v 6.709641 22.800097 -11.082259
v 3.649242 22.781555 -11.556545
v 3.327942 22.781185 -11.520249
v 5.1477 23.012737 -11.630964
v 5.183639 23.012718 -11.627485
v 5.14748 23.011663 -11.525967
v 6.78505 22.877342 -13.763887
v 6.838673 22.877678 -13.792158
v 6.858351 22.746523 -13.654285
v 5.736149 22.87553 -14.037437
v 5.732855 22.822794 -14.072959
v 4.323636 22.983715 -12.231894
v 4.280031 22.816723 -12.2863
v 6.95623 22.880175 -13.000368
v 6.942359 22.859385 -12.980512
v 6.852755 22.880312 -13.015591
v 4.368511 23.010408 -11.401306
v 4.364768 23.010565 -11.416755
v 4.379301 23.006592 -11.411942
v 2.022285 22.94512 -15.324802
v 2.054988 22.943386 -15.324265
v 2.019833 22.939064 -14.731441
v 7.484773 22.934513 -14.285893
v 2.156364 22.854084 -11.226769
v 2.139395 22.861881 -11.207264
v 2.109102 22.854069 -11.250591
v 6.773921 22.83633 -11.212144
v 6.757091 22.90096 -11.178547
v 6.731751 22.83401 -11.211992
v 2.706572 22.799475 -11.208426
v 2.723171 22.83462 -11.187105
v 7.430287 22.906424 -15.574522
v 7.467419 22.945936 -15.573918
v 7.430287 22.905136 -15.448435
v 6.904487 22.79576 -12.319513
v 6.902537 22.797894 -12.525996
v 6.915464 22.804417 -12.319666
v 5.137315 23.007713 -11.528189
v 7.11009 22.74262 -13.402593
v 7.127177 22.743124 -13.433864
v 7.222756 22.873232 -13.330475
v 4.362284 23.01166 -11.524784
v 4.362923 23.01095 -11.455021
v 4.31974 23.011583 -11.514767
v 6.112457 22.87548 -13.98967
v 6.147452 22.821709 -14.00965
v 3.412145 22.889442 -13.980691
v 2.016109 22.872866 -11.16139
v 2.038078 22.895388 -11.182021
v 2.086569 22.872494 -11.125246
v 6.541903 22.796783 -12.889994
v 6.464679 22.79759 -12.968809
v 6.599815 22.802387 -12.964327
v 2.034967 22.915127 -12.556247
v 2.010828 22.916859 -12.556704
v 2.035968 22.916534 -12.693981
v 3.8589 22.875645 -14.045784
v 3.876688 22.822805 -14.076881
v 3.89188 22.875921 -14.031443
v 4.432309 22.714308 -11.777538
v 4.434813 22.712965 -11.646002
v 4.384801 22.969887 -11.770334
v 5.313563 22.783493 -11.746233
v 5.268221 22.783533 -11.750182
v 6.195181 22.789557 -12.340242
v 6.153327 22.787796 -12.167768
v 5.861379 22.789171 -12.302094
v 6.290977 22.805965 -13.947362
v 6.381245 22.806948 -13.892182
v 6.260609 22.804832 -13.836573
v 4.246986 22.80864 -11.498123
v 4.247478 22.80748 -11.382261
v 4.231483 22.780907 -11.493014
v 4.611713 22.71757 -12.096797
v 4.503854 22.717575 -12.097816
v 4.608962 22.973713 -12.143774
v 5.877654 22.875431 -14.035885
v 5.879801 22.82286 -14.071233
v 7.37768 22.950312 -15.833391
v 7.393871 22.94319 -15.8639
v 7.431795 22.95002 -15.804532
v 3.935672 22.810894 -14.072144
v 3.922465 22.822208 -14.060125
v 3.884157 22.811428 -14.091322
v 5.194066 23.008793 -11.626514
v 5.184515 23.0116 -11.517355
v 5.425625 22.780802 -11.482571
v 5.607037 22.78065 -11.4677
v 5.426836 22.779478 -11.352793
v 6.475723 22.902563 -11.156404
v 6.470362 22.89487 -11.131303
v 6.323702 22.90256 -11.1561
v 1.922721 22.47513 -14.023685
v 1.922721 22.476576 -14.165654
v 1.930154 22.830235 -14.030357
v 7.376679 22.852642 -12.321226
v 7.215902 22.845879 -12.330067
v 5.877544 22.875446 -12.624405
v 6.020401 22.875502 -12.625968
v 5.877687 22.859777 -12.590845
v 3.508757 22.875633 -12.629519
v 3.647729 22.860271 -12.595669
v 6.627643 22.786293 -12.020518
v 6.411353 22.786318 -12.022947
v 5.007955 22.869009 -14.044065
v 4.996714 22.88912 -14.015258
v 4.951045 22.872923 -14.047182
v 4.506851 23.00995 -11.353018
v 4.505225 23.006004 -11.341255
v 4.412268 23.009964 -11.353295
v 7.094697 22.798615 -11.085091
v 6.910339 22.802597 -11.082642
v 7.072026 22.87228 -11.104149
v 2.678568 22.865475 -15.711002
v 2.793476 22.865631 -15.731963
v 2.690666 22.83873 -15.694899
v 2.701615 22.872284 -11.104259
v 2.699493 22.8001 -11.082692
v 2.665614 22.872286 -11.104261
v 2.48334 22.921389 -15.912977
v 2.297831 22.92139 -15.913006
v 2.481355 22.849667 -15.936012
v 6.999662 22.908627 -15.790212
v 6.99951 22.94853 -15.827892
v 6.903835 22.795101 -11.385749
v 3.276762 22.948767 -15.851299
v 2.485345 22.948822 -15.856268
v 3.27672 22.95065 -15.866351
v 6.499956 22.948565 -15.831003
v 6.656002 22.948551 -15.830032
v 6.503362 22.908669 -15.793781
v 4.505825 22.877113 -12.773894
v 4.50713 22.875912 -12.647636
v 4.470652 22.862316 -12.770854
v 6.846555 22.810719 -14.259845
v 6.790933 22.810373 -14.228578
v 3.791345 22.811905 -14.091387
v 3.417741 22.889013 -14.006339
v 3.442286 22.890472 -13.978605
v 4.430338 22.973812 -12.147767
v 4.424883 23.014198 -12.158749
v 4.493959 22.795713 -12.548057
v 6.898132 22.817884 -14.479422
v 6.905726 22.829494 -14.768467
v 2.108026 22.849249 -12.022632
v 2.098504 22.838808 -11.551231
v 2.068831 22.86868 -12.01193
v 2.682026 22.786901 -11.250774
v 2.662223 22.80076 -11.24976
v 2.638165 22.792639 -11.324478
v 7.173523 22.87922 -15.595785
v 7.360064 22.885914 -15.580011
v 7.178555 22.87783 -15.459646
v 4.440719 23.006498 -11.407712
v 4.446304 22.966305 -11.417617
v 4.514769 23.006468 -11.407363
v 3.327535 22.786463 -12.036991
v 3.327817 22.782732 -11.671652
v 2.728575 22.788021 -12.031929
v 4.300436 22.974611 -11.331745
v 4.296931 22.97481 -11.354361
v 4.311893 23.006191 -11.345079
v 5.865361 22.780434 -11.446503
v 6.133738 22.780205 -11.424395
v 5.86624 22.77928 -11.333504
v 5.242702 22.791933 -11.221129
v 5.274104 22.791939 -11.221524
v 5.245681 22.833178 -11.205122
v 5.109761 22.966341 -11.415644
v 5.080769 22.966301 -11.414873
v 5.073068 22.711128 -11.465608
v 6.4698 22.886374 -13.609413
v 6.512386 22.925758 -13.597167
v 6.460199 22.885326 -13.508362
v 6.659904 22.880957 -15.765899
v 6.505844 22.880962 -15.76667
v 6.659033 22.887959 -15.780079
v 5.146803 22.80628 -11.265862
v 5.037594 22.806267 -11.265411
v 5.123264 22.974316 -11.324883
v 2.649401 22.78496 -11.325443
v 2.634327 22.78683 -11.441945
v 6.504558 22.924833 -13.507158
v 6.470432 22.884266 -13.406565
v 5.314942 22.780901 -11.492395
v 5.2688 22.780964 -11.498454
v 5.314265 22.782177 -11.61718
v 3.238146 22.80219 -13.461359
v 2.724642 22.802704 -13.470078
v 3.238094 22.804895 -13.726363
v 4.605651 23.018656 -12.207979
v 6.079382 22.875607 -12.62674
v 6.09164 22.87493 -12.630201
v 6.092174 22.860497 -12.594324
v 5.098543 22.790485 -12.431128
v 5.067386 22.789547 -12.339199
v 4.938385 22.790653 -12.447583
v 6.654563 22.950527 -15.854286
v 4.918941 22.943409 -15.884809
v 3.43076 22.875425 -14.048019
v 3.391186 22.875612 -14.034039
v 3.41608 22.82305 -14.077459
v 4.396957 23.00654 -11.408842
v 4.40656 22.966356 -11.418344
v 2.0754 22.878918 -12.880111
v 2.037339 22.918467 -12.883171
v 2.077788 22.88187 -13.169184
v 5.875322 22.889664 -13.999403
v 5.738566 22.889694 -14.000607
v 7.075682 22.920105 -13.042366
v 6.963136 22.920124 -13.044683
v 7.037072 22.918255 -13.146007
v 5.722855 22.808203 -12.563416
v 5.726713 22.859922 -12.589344
v 5.877814 22.808382 -12.565169
v 2.634124 22.788504 -11.605608
v 2.633617 22.792845 -12.031082
v 2.728984 22.783762 -11.614661
v 5.861398 22.786383 -12.029236
v 6.149259 22.786346 -12.025795
v 5.863573 22.783005 -11.698465
v 2.070579 22.872952 -12.296289
v 2.069605 22.871758 -12.178757
v 2.033087 22.912474 -12.295942
v 4.355295 22.816721 -12.287723
v 4.46624 22.816704 -12.287549
v 4.382609 22.98363 -12.233191
v 6.480017 22.900927 -11.176555
v 6.487004 22.83322 -11.211355
v 6.616579 22.900942 -11.177666
v 6.79553 22.86211 -14.072996
v 6.843279 22.857914 -14.11108
v 4.576132 22.860174 -12.591396
v 4.579058 22.875532 -12.625091
v 4.656682 22.859999 -12.591915
v 2.358339 22.845016 -11.208457
v 2.438753 22.833494 -11.247919
v 2.524647 22.825697 -11.204844
v 5.031442 22.884016 -13.460676
v 6.145042 22.494766 -15.947069
v 6.321348 22.494766 -15.947069
v 6.144797 22.849653 -15.936016
v 2.768609 22.872288 -11.104267
v 2.793077 22.872288 -11.10427
v 2.771625 22.800106 -11.082695
v 7.335519 22.921932 -13.508249
v 7.439499 22.919346 -13.435463
v 6.702862 22.92868 -13.882975
v 6.781859 22.92912 -13.926067
v 6.756602 22.924759 -13.806131
v 5.567156 22.8082 -12.619442
v 5.569318 22.810242 -12.767355
v 6.814839 22.742128 -13.402892
v 6.704083 22.87338 -13.328104
v 6.798187 22.742554 -13.433779
v 2.612036 22.86473 -15.634095
v 2.651234 22.83839 -15.664986
v 6.652618 22.943388 -15.883403
v 6.495015 22.943392 -15.88362
v 6.650196 22.92139 -15.913071
v 4.092052 22.780725 -11.475233
v 4.092608 22.779387 -11.343772
v 7.346697 22.872374 -11.113733
v 7.343184 22.894972 -11.141356
v 7.216506 22.92071 -13.040775
v 7.188869 22.880146 -12.992728
v 6.577939 22.92742 -13.759249
v 6.633689 22.928112 -13.826772
v 6.656741 22.923779 -13.70542
v 5.251441 22.811207 -11.751361
v 7.51778 22.90544 -12.166447
v 7.545537 22.883133 -12.166321
v 7.517894 22.903816 -12.007132
v 3.918387 22.833094 -11.197288
v 3.918627 22.900795 -11.163084
v 3.650383 22.833078 -11.195705
v 3.647806 22.807947 -12.566025
v 3.647888 22.796154 -12.550449
v 6.710333 22.821436 -15.462523
v 6.833159 22.823015 -15.466888
v 6.766518 22.814306 -14.76411
v 2.325212 22.872282 -11.104174
v 2.519881 22.872282 -11.104268
v 5.927402 22.950554 -15.856829
v 5.675951 22.950562 -15.857732
v 5.927436 22.943394 -15.883905
v 5.081295 22.714205 -11.767099
v 5.12666 22.96978 -11.760579
v 5.082526 22.71291 -11.640347
v 4.497103 22.886742 -13.72084
v 4.521818 22.88784 -13.720726
v 4.49951 22.88406 -13.457852
v 5.736817 22.887873 -13.724142
v 5.872797 22.887884 -13.725183
v 6.951263 22.832031 -11.608189
v 7.018169 22.836836 -11.603084
v 6.949632 22.8306 -11.476974
v 2.321717 22.870497 -14.741591
v 2.32121 22.877155 -15.393643
v 2.44622 22.870564 -14.747904
v 5.175574 22.798485 -13.093922
v 5.335113 22.797253 -13.093933
v 5.177217 22.795143 -12.765322
v 2.602685 22.829208 -12.177366
v 2.591728 22.837873 -12.177315
v 2.60252 22.83042 -12.295916
v 6.07732 22.876911 -12.650583
v 4.094029 22.902494 -11.149669
v 4.192362 22.902496 -11.149956
v 4.094192 22.89486 -11.130338
v 7.545556 22.881502 -12.006475
v 7.518274 22.89928 -11.563351
v 4.108767 22.83914 -15.716825
v 3.825503 22.83915 -15.717674
v 4.108695 22.865543 -15.736341
v 6.139421 22.807535 -12.580593
v 6.114312 22.860933 -12.605547
v 5.090969 22.8199 -13.731985
v 5.065925 22.868822 -13.460722
v 7.274293 22.908731 -13.638703
v 7.311101 22.923197 -13.64674
v 7.294326 22.908424 -13.57527
v 5.029723 22.974258 -11.324895
v 5.117881 23.00597 -11.338215
v 5.016027 22.966265 -11.41514
v 5.058755 22.711117 -11.464642
v 6.734539 22.894855 -11.129898
v 6.721646 22.872265 -11.102527
v 6.691945 22.894857 -11.130199
v 4.511275 22.875046 -12.628317
v 7.007455 22.869066 -14.702563
v 6.934286 22.864246 -14.763273
v 6.995936 22.876379 -15.46773
v 6.917452 22.87334 -15.614336
v 6.90618 22.864746 -15.611827
v 6.895588 22.873814 -15.662373
v 7.220641 22.876749 -13.679038
v 7.249416 22.87618 -13.627554
v 7.111301 22.744974 -13.60404
v 6.499252 22.883278 -13.30954
v 6.540434 22.922983 -13.326427
v 4.997143 22.889751 -13.908225
v 5.020592 22.888962 -13.989269
v 6.816941 22.950521 -15.853649
v 6.81622 22.94339 -15.883142
v 5.126715 22.966825 -11.466515
v 5.08397 22.711426 -11.494915
v 5.126825 22.967438 -11.530768
v 2.62343 22.795486 -11.440777
v 2.623223 22.797155 -11.604521
v 7.088764 22.745367 -13.631298
v 6.939065 22.821915 -11.477652
v 6.60597 22.811146 -12.973222
v 6.688837 22.801813 -12.911837
v 5.146499 23.017511 -12.097208
v 5.144619 23.017967 -12.140965
v 5.181945 23.017765 -12.11923
v 4.32026 23.014116 -11.763727
v 4.308712 23.01022 -11.762669
v 4.320374 23.016857 -12.031517
v 5.155451 22.816704 -12.286513
v 5.05141 22.816694 -12.286687
v 7.438996 22.915424 -13.125786
v 7.181746 22.918709 -13.19928
v 6.962837 22.92955 -13.967918
v 6.867085 22.929407 -13.95426
v 6.955775 22.890532 -14.013565
v 4.647742 22.89043 -13.974617
v 4.564426 22.889576 -14.00321
v 5.391082 22.950571 -15.858755
v 5.675924 22.943398 -15.88413
v 2.297301 22.494766 -15.947069
v 2.474134 22.494766 -15.947069
v 2.296939 22.849672 -15.93602
v 5.867548 22.8001 -11.082695
v 5.865685 22.445065 -11.078882
v 5.610456 22.8001 -11.082695
v 5.000302 22.887959 -13.732437
v 3.884166 22.807608 -12.567099
v 3.793679 22.80793 -12.567001
v 3.87089 22.860634 -12.596878
v 5.610585 22.90254 -11.154146
v 5.867589 22.902548 -11.154905
v 5.61077 22.89487 -11.13146
v 3.270544 22.494766 -15.947069
v 3.556255 22.494766 -15.947069
v 3.275189 22.849663 -15.936008
v 7.135871 22.878023 -13.763832
v 7.059687 22.745457 -13.655969
v 7.082184 22.878397 -13.794168
v 5.61087 22.872282 -11.104269
v 5.428869 22.872282 -11.10427
v 5.634602 22.874908 -12.625987
v 6.088533 22.880276 -13.093086
v 6.071557 22.881432 -13.093074
v 6.084995 22.884062 -13.459576
v 3.440665 22.881432 -13.093074
v 3.44066 22.878187 -12.775052
v 3.411533 22.880247 -13.093087
v 7.430314 22.907217 -15.646283
v 4.649218 22.887867 -13.723547
v 4.650953 22.885162 -13.458521
v 4.567475 22.887844 -13.721375
v 6.710061 22.857185 -14.063335
v 6.865365 22.920261 -13.058835
v 6.779901 22.920536 -13.085722
v 5.392176 22.830328 -15.70211
v 5.67687 22.830317 -15.701256
v 5.392301 22.825312 -15.684376
v 7.248374 22.908642 -15.788439
v 7.24021 22.888515 -15.771642
v 2.591229 22.841639 -12.546453
v 2.591384 22.840374 -12.422009
v 4.364151 22.894861 -11.130526
v 4.491484 22.894863 -11.130626
v 4.364616 22.87229 -11.104261
v 4.296002 22.978653 -11.761786
v 4.308839 23.013006 -12.032856
v 5.927918 22.830309 -15.700503
v 5.676976 22.825302 -15.683605
v 7.44016 22.923405 -13.885209
v 7.182148 22.924911 -13.807987
v 7.212793 22.930164 -13.967051
v 7.495105 22.917572 -13.353653
v 7.439361 22.918434 -13.358633
v 7.497212 22.918388 -13.434069
v 7.446511 22.918459 -13.031627
v 7.323556 22.919603 -12.99334
v 6.58296 22.92219 -13.247593
v 6.661934 22.919708 -13.299895
v 6.139231 22.782764 -11.674682
v 5.864502 22.781631 -11.563862
v 3.9059 22.87378 -13.897661
v 3.903965 22.875238 -13.991198
v 3.937267 22.821371 -13.902107
v 5.636052 22.811176 -14.090515
v 6.161435 22.810322 -14.015213
v 6.148286 22.81056 -14.067309
v 6.20002 22.807419 -14.000048
v 2.633428 22.794342 -12.177616
v 2.859171 22.902466 -11.146706
v 3.347026 22.902475 -11.147573
v 2.86642 22.894854 -11.129601
v 5.251576 22.809898 -11.622971
v 5.205827 22.977203 -11.625696
v 1.930159 22.811295 -12.178974
v 1.952465 22.881687 -12.025148
v 3.956439 22.802177 -13.093884
v 3.954813 22.805649 -13.459218
v 5.074022 22.717482 -12.088186
v 5.109736 22.973816 -12.141394
v 7.343534 22.802685 -11.092989
v 7.145639 22.445065 -11.078882
v 7.067072 22.902582 -11.158432
v 7.339384 22.902676 -11.167624
v 7.069439 22.89488 -11.13238
v 5.117724 22.84971 -15.936009
v 5.389173 22.849695 -15.936008
v 1.930154 22.831556 -14.163262
v 2.203465 22.846827 -12.422963
v 2.325382 22.846825 -12.422647
v 2.203148 22.845533 -12.29637
v 6.339828 22.865484 -15.729648
v 6.147984 22.865482 -15.730225
v 6.339169 22.874258 -15.740495
v 4.623137 23.010326 -11.395249
v 4.622628 23.00993 -11.352004
v 4.513228 23.010332 -11.396164
v 3.327415 22.787874 -12.175311
v 2.728412 22.789509 -12.177341
v 5.880066 22.810207 -14.362984
v 6.02703 22.809172 -14.164724
v 5.562701 22.805815 -13.459782
v 5.558382 22.802052 -13.093884
v 5.498105 22.802197 -13.460021
v 4.950532 22.887953 -13.731918
v 4.954718 22.885185 -13.460614
v 4.859964 22.887928 -13.729639
v 7.231633 22.870895 -14.107492
v 6.983801 22.865522 -14.413072
v 7.300002 22.871616 -14.178633
v 7.234856 22.858618 -12.904953
v 7.302305 22.857939 -12.838741
v 6.988827 22.84693 -12.590685
v 6.87122 22.85023 -12.90884
v 6.843299 22.859552 -12.997643
v 6.870284 22.812984 -14.476026
v 6.869647 22.813448 -14.273427
v 6.809151 22.81121 -14.461045
v 6.890629 22.815786 -14.282919
v 7.321121 22.930086 -14.019834
v 6.774719 22.827703 -15.676735
v 6.784371 22.825031 -15.663579
v 6.656094 22.83021 -15.698299
v 6.659458 22.825272 -15.682418
v 2.071622 22.874247 -12.423021
v 2.034003 22.913761 -12.422715
v 2.072721 22.875605 -12.555931
v 3.237837 22.806725 -13.908918
v 2.724085 22.807241 -13.914448
v 3.237145 22.807787 -14.023022
v 2.795373 22.827953 -15.690258
v 2.697288 22.830017 -15.686435
v 2.781506 22.825205 -15.677555
v 2.750496 22.824926 -15.650949
v 3.311899 22.823103 -15.625895
v 1.930077 22.803432 -11.407416
v 1.922721 22.448452 -11.410954
v 4.601531 22.816694 -12.287349
v 4.476597 22.983522 -12.233061
v 6.183048 22.813677 -14.70255
v 6.451797 22.810362 -14.378105
v 5.522905 22.808382 -14.094463
v 5.585007 22.810902 -14.072529
v 3.803672 22.809292 -14.163679
v 6.159801 22.798618 -12.772354
v 6.160923 22.80192 -13.09783
v 6.192566 22.795753 -12.833174
v 6.247153 22.798695 -13.235407
v 6.304076 22.801317 -13.33668
v 6.189133 22.798822 -13.13422
v 6.267745 22.796366 -13.007009
v 6.396609 22.798544 -13.062564
v 6.341728 22.799753 -13.181704
v 6.43293 22.8041 -13.132792
v 6.180923 22.792599 -12.575283
v 6.20184 22.794107 -12.680754
v 6.339279 22.794035 -12.778502
v 6.287312 22.802977 -13.501806
v 6.328993 22.806454 -13.373334
v 6.299924 22.794968 -12.870186
v 6.162523 22.805447 -13.461179
v 6.458337 22.792343 -12.612976
v 6.479468 22.789494 -12.333864
v 6.161322 22.796694 -12.619361
v 6.218812 22.790947 -12.476446
v 6.381395 22.793083 -12.685521
v 6.869073 22.800688 -12.812384
v 6.875347 22.797682 -12.726892
v 6.856885 22.795244 -12.7428
v 6.893042 22.799809 -12.714473
v 6.880089 22.793114 -12.53082
v 1.936417 22.802408 -11.306084
v 1.958045 22.874422 -11.311897
v 5.303628 22.787182 -11.242619
v 5.263812 22.77835 -11.242377
v 5.267944 22.778687 -11.275327
v 4.203674 22.787123 -11.236438
v 4.233628 22.778648 -11.272001
v 5.078908 22.716722 -12.013578
v 4.362756 23.016768 -12.026287
v 4.36334 23.01754 -12.101145
v 4.139609 22.790295 -12.412342
v 4.264662 22.790453 -12.428053
v 4.228441 22.789543 -12.338846
v 4.193893 22.789375 -12.32244
v 4.235228 22.789145 -12.299864
v 4.208825 22.791462 -12.52681
v 4.396577 22.79211 -12.532272
v 4.584419 22.790651 -12.447383
v 4.427025 22.790499 -12.432514
v 5.369107 22.790257 -12.408554
v 5.27346 22.789467 -12.331324
v 5.253412 22.790426 -12.425079
v 4.231969 22.779615 -11.366372
v 4.191701 22.779482 -11.353391
v 5.304989 22.789318 -12.316648
v 5.261594 22.789097 -12.295029
v 5.138477 22.792202 -12.535461
v 5.164492 22.789162 -12.301477
v 5.190039 22.789522 -12.336843
v 5.234622 22.789143 -12.299572
v 5.411747 22.789766 -12.360669
v 5.523094 22.791872 -12.524093
v 5.865936 22.790733 -12.455521
v 5.594513 22.79029 -12.411993
v 6.15088 22.795897 -12.569256
v 5.681175 22.792444 -12.519135
v 5.764007 22.793238 -12.522849
v 5.875404 22.793146 -12.523385
v 5.986526 22.793356 -12.527427
v 6.081115 22.791582 -12.514391
v 6.127818 22.79391 -12.527244
v 5.877916 22.796507 -12.55041
v 5.571186 22.795801 -12.565371
v 5.623108 22.79593 -12.54895
v 7.489662 22.947662 -15.573791
v 5.034416 22.860592 -12.596549
v 5.067386 22.860859 -12.607449
v 5.047769 22.807646 -12.567383
v 4.858846 22.874357 -14.04665
v 4.859785 22.824036 -14.071079
v 6.330879 22.807146 -14.063082
v 4.657259 22.809406 -14.166742
v 4.680778 22.810436 -14.385176
v 4.84967 22.80948 -14.168717
v 3.376583 22.861902 -12.77143
v 3.377524 22.861153 -12.637309
v 3.349221 22.81017 -12.767743
v 2.760014 22.833443 -11.187191
v 2.758244 22.900732 -11.157654
v 3.84664 22.887865 -13.723539
v 3.781192 22.887867 -13.723629
v 3.845017 22.889608 -13.894304
v 2.696014 22.80174 -11.208194
v 2.723795 22.8001 -11.082693
v 2.727863 22.445065 -11.078883
v 2.61659 22.810326 -11.241772
v 2.651998 22.805872 -11.248652
v 2.664892 22.805494 -11.206608
v 2.522652 22.847939 -11.187806
v 2.694264 22.782145 -11.251331
v 3.293027 22.792128 -12.533821
v 3.647601 22.790726 -12.454585
v 3.32346 22.79043 -12.425724
v 3.991926 22.791874 -12.522753
v 3.918058 22.790287 -12.411756
v 3.462459 22.792349 -12.518372
v 3.404539 22.795578 -12.548852
v 3.35218 22.795557 -12.565181
v 3.52692 22.793413 -12.532284
v 3.500258 22.795954 -12.549229
v 6.817331 22.948542 -15.829033
v 3.647869 22.792488 -12.518511
v 3.768714 22.793499 -12.533595
v 3.795339 22.796143 -12.551598
v 3.890514 22.795885 -12.551748
v 3.942131 22.79594 -12.56734
v 3.832904 22.792429 -12.519678
v 4.440873 22.79553 -12.564054
v 4.512926 22.792356 -12.515995
v 4.572501 22.7935 -12.530806
v 4.638858 22.792511 -12.515917
v 4.887274 22.792522 -12.517385
v 5.053879 22.795925 -12.552871
v 5.10067 22.795965 -12.568899
v 7.343921 22.84202 -11.274689
v 7.373422 22.846373 -11.298153
v 7.390994 22.862505 -11.248514
v 7.221646 22.835672 -11.330539
v 7.376436 22.84258 -11.331064
v 7.335796 22.901213 -11.189365
v 7.065007 22.901077 -11.17975
v 7.323483 22.862186 -11.225595
v 6.950181 22.831703 -11.378354
v 6.886981 22.828966 -11.300779
v 6.928425 22.822502 -11.38302
v 6.989936 22.834282 -11.342959
v 7.142526 22.835361 -11.300074
v 7.274792 22.84175 -11.25021
v 6.932418 22.833668 -11.290947
v 7.053679 22.840897 -11.245113
v 6.966489 22.848738 -12.767702
v 6.928875 22.843561 -12.732719
v 6.882136 22.840303 -11.238315
v 6.835336 22.791689 -12.54878
v 6.9413 22.841537 -12.535454
v 6.719851 22.850748 -12.964126
v 6.752377 22.859854 -13.027361
v 6.800943 22.850487 -12.93561
v 7.463738 22.916876 -12.725864
v 7.427013 22.87734 -12.718984
v 7.397781 22.878567 -12.840774
v 7.400887 22.867994 -12.742108
v 7.365917 22.857216 -12.767962
v 6.737202 22.8001 -11.082297
v 6.814169 22.800123 -11.082617
v 6.72932 22.445065 -11.078882
v 2.070069 22.445303 -11.102573
v 2.074249 22.800333 -11.105707
v 2.161615 22.445122 -11.084805
v 2.72434 22.80536 -13.730394
v 2.824059 22.792206 -11.211189
v 3.341868 22.79198 -11.225975
v 2.841188 22.83309 -11.188056
v 3.308635 22.821518 -15.470675
v 3.30957 22.822802 -15.596357
v 2.619255 22.87904 -15.732597
v 2.56422 22.879166 -15.68868
v 2.483882 22.880974 -15.767486
v 2.304258 22.909004 -15.823963
v 2.486611 22.908968 -15.822642
v 2.350237 22.88821 -15.803938
v 2.230275 22.908987 -15.820654
v 2.277071 22.888138 -15.796334
v 2.210918 22.877998 -15.476276
v 2.12903 22.885231 -15.512946
v 2.72587 22.79434 -12.650957
v 3.239819 22.793394 -12.616113
v 2.726485 22.79324 -12.543028
v 2.206753 22.860212 -13.733894
v 2.323312 22.860203 -13.732985
v 2.206119 22.857603 -13.478392
v 6.855072 22.874138 -15.702714
v 6.877046 22.878918 -15.717234
v 7.251923 22.94852 -15.82631
v 6.930491 22.88074 -15.744616
v 6.995 22.849674 -15.936009
v 7.250527 22.849682 -15.936016
v 6.997849 22.921394 -15.912965
v 7.3797 22.908281 -15.753408
v 7.328492 22.88754 -15.738597
v 7.344063 22.908493 -15.773457
v 6.981589 22.494766 -15.947069
v 7.236784 22.494764 -15.947069
v 7.30026 22.908617 -15.784501
v 7.284931 22.893244 -15.773563
v 7.303735 22.887775 -15.761053
v 7.229978 22.88248 -15.74244
v 7.218866 22.881794 -15.716175
v 7.19706 22.880136 -15.677771
v 6.971154 22.879349 -15.674798
v 7.354138 22.890772 -15.681177
v 7.346701 22.88626 -15.703629
v 7.358262 22.88568 -15.656528
v 7.567849 22.846764 -15.652583
v 7.567849 22.845982 -15.575983
v 7.545539 22.918713 -15.651615
v 6.935982 22.86121 -14.467032
v 6.963426 22.86366 -14.228692
v 6.925989 22.859207 -14.261817
v 7.39652 22.88306 -14.280263
v 6.843321 22.869953 -14.015944
v 6.752864 22.86963 -13.984742
v 6.364488 22.853022 -13.629025
v 6.354153 22.851662 -13.507741
v 6.507095 22.879215 -15.75234
v 6.33842 22.879215 -15.752953
v 4.10854 22.881086 -15.778918
v 4.375233 22.881075 -15.77756
v 4.108605 22.879293 -15.760845
v 2.786799 22.87434 -15.738787
v 2.670423 22.874163 -15.717267
v 2.660121 22.829704 -15.659088
v 2.090326 22.847301 -11.298532
v 2.089273 22.840317 -11.32672
v 2.175896 22.836374 -11.399239
v 2.357031 22.842196 -11.269106
v 2.254805 22.861683 -11.188424
v 2.278173 22.850552 -11.2095
v 2.32661 22.859898 -11.188574
v 2.288855 22.845182 -11.284591
v 2.544778 22.834816 -11.404331
v 2.217073 22.852718 -11.21533
v 2.543506 22.819754 -11.251609
v 2.566177 22.828083 -11.303942
v 2.519703 22.8001 -11.082695
v 2.330855 22.445065 -11.078883
v 2.409385 22.880756 -15.746485
v 2.179202 22.908857 -15.809459
v 2.217863 22.887959 -15.779367
v 2.633121 22.88108 -15.777855
v 2.523534 22.888216 -15.80555
v 2.322658 22.880388 -15.71052
v 2.626843 22.873846 -15.683265
v 2.602331 22.87338 -15.637218
v 2.424107 22.879595 -15.632679
v 3.335847 22.7789 -11.296311
v 2.782737 22.779428 -11.257446
v 3.329977 22.779924 -11.396926
v 1.97892 22.848433 -15.81684
v 1.942342 22.847454 -15.720744
v 1.972501 22.493479 -15.821129
v 6.631793 22.851254 -13.014895
v 6.547029 22.851973 -13.08506
v 6.66772 22.860334 -13.073196
v 6.653677 22.875956 -13.56732
v 6.670881 22.876377 -13.624504
v 6.784515 22.744528 -13.545366
v 6.491861 22.921385 -15.913125
v 7.521379 22.920044 -15.7825
v 7.480593 22.920765 -15.852991
v 7.540518 22.848166 -15.79047
v 2.093053 22.836533 -11.4148
v 2.064988 22.86394 -11.547797
v 2.065352 22.863108 -11.330894
v 2.063277 22.863987 -11.417612
v 2.026607 22.90348 -11.415511
v 4.967177 22.876926 -12.651776
v 2.121944 22.886269 -15.613204
v 2.118036 22.892376 -15.686614
v 2.169901 22.87963 -15.635914
v 2.136664 22.88742 -15.726315
v 4.656456 22.875498 -12.625739
v 2.704823 22.894852 -11.129328
v 4.308304 23.006384 -11.366134
v 4.319458 23.010216 -11.376179
v 6.126274 22.445065 -11.078882
v 5.26911 22.779673 -11.371856
v 5.315653 22.779556 -11.360693
v 5.185819 23.010733 -11.43047
v 5.196174 23.00682 -11.424466
v 5.185799 23.010164 -11.373222
v 5.182703 23.009953 -11.351999
v 5.141138 23.010359 -11.396568
v 5.179102 23.018652 -12.203653
v 5.18154 23.018398 -12.179632
v 5.141149 23.018154 -12.1591
v 5.181694 23.016777 -12.023862
v 5.314952 22.79148 -12.528399
v 5.188704 23.014997 -12.214769
v 5.19117 23.014706 -12.189261
v 5.090662 23.010311 -11.392626
v 5.126231 23.010328 -11.393852
v 5.11257 23.00991 -11.349566
v 4.323548 23.018665 -12.20459
v 4.343621 23.018703 -12.208984
v 4.367867 23.018166 -12.161345
v 4.362314 23.01413 -11.767731
v 4.362166 23.012775 -11.634723
v 4.333879 23.015059 -12.219582
v 4.389054 23.015001 -12.220423
v 4.364841 23.01797 -12.142442
v 4.320449 23.018417 -12.181218
v 5.582575 22.822271 -14.009031
v 5.146731 23.010942 -11.454592
v 4.387533 23.01037 -11.398157
v 4.347984 23.009989 -11.354004
v 5.093686 23.018202 -12.164831
v 5.116608 23.018688 -12.208709
v 5.127153 23.018194 -12.163194
v 5.026187 23.009909 -11.350183
v 4.319888 23.017815 -12.123632
v 5.191779 23.013979 -12.124727
v 6.193501 22.806402 -13.889686
v 6.190245 22.80468 -13.71557
v 7.528224 22.801088 -11.179638
v 7.513407 22.873198 -11.193776
v 7.558368 22.801956 -11.263972
v 4.462342 22.871836 -13.721136
v 4.495615 22.888493 -13.889579
v 3.316226 22.823452 -15.660202
v 6.023926 22.859982 -12.592803
v 6.517799 22.823381 -15.653442
v 6.672904 22.823423 -15.657457
v 6.524307 22.823036 -15.619727
v 3.441879 22.889767 -14.011975
v 4.464574 22.869154 -13.458041
v 3.790273 22.860302 -12.596114
v 3.858862 22.87566 -12.629665
v 4.27077 22.800117 -11.082693
v 5.122988 22.879257 -15.757273
v 5.609534 22.792213 -11.248611
v 5.42779 22.792225 -11.249795
v 5.608435 22.779394 -11.344837
v 7.279824 22.879839 -12.964777
v 7.34897 22.879303 -12.914297
v 7.184305 22.890606 -14.016645
v 7.27689 22.890913 -14.048667
v 5.494677 22.798454 -13.093921
v 5.492172 22.795057 -12.765131
v 6.828502 22.910343 -13.817513
v 6.769923 22.909979 -13.78664
v 6.819403 22.925106 -13.839397
v 4.190325 22.783571 -11.753736
v 4.189382 22.786547 -12.045225
v 4.230454 22.783611 -11.757557
v 4.374339 23.013527 -12.09574
v 4.375685 23.013945 -12.133103
v 6.510059 22.830265 -15.698783
v 6.509637 22.839033 -15.709615
v 7.127924 22.744436 -13.574231
v 7.139245 22.74391 -13.54191
v 6.705462 22.837004 -12.937535
v 6.694977 22.810562 -12.92079
v 6.616272 22.837486 -12.989628
v 5.008908 22.711115 -11.464183
v 6.85267 22.800125 -11.082669
v 6.895587 22.872293 -11.104156
v 2.60087 22.842424 -13.471777
v 2.620636 22.81622 -13.471711
v 2.601369 22.839016 -13.137812
v 7.567887 22.826624 -13.676852
v 7.575285 22.472446 -13.761182
v 4.91946 22.908777 -15.80516
v 4.578017 22.908804 -15.807612
v 4.919328 22.948664 -15.840973
v 6.642435 22.445065 -11.078882
v 6.691268 22.445065 -11.078882
v 3.650515 22.894857 -11.130016
v 3.650523 22.902481 -11.148363
v 3.918757 22.89486 -11.130213
v 7.490281 22.904003 -11.297338
v 7.30962 22.948477 -15.821307
v 6.318748 22.872278 -11.104025
v 6.32137 22.894875 -11.131641
v 6.464513 22.872272 -11.103693
v 2.8768 22.872286 -11.10427
v 2.80054 22.800108 -11.082695
v 2.854005 22.900743 -11.15855
v 2.774027 22.90074 -11.15805
v 5.033874 22.868336 -14.029268
v 5.029566 22.81804 -14.071271
v 3.349456 22.813707 -13.093894
v 6.968881 22.445065 -11.078882
v 5.634562 22.88023 -13.093086
v 7.32877 22.922585 -13.578959
v 7.439715 22.920868 -13.586498
v 4.503495 22.974346 -11.327234
v 4.40646 23.00607 -11.341803
v 1.922721 22.4563 -12.179574
v 1.922721 22.45748 -12.295229
v 6.771793 22.810123 -12.892188
v 3.647582 22.809381 -14.167508
v 3.639509 22.81022 -14.363983
v 6.888114 22.901133 -11.178865
v 6.846023 22.901085 -11.178639
v 6.872129 22.861418 -11.213495
v 3.911893 22.868805 -13.458622
v 3.938066 22.819826 -13.723848
v 6.738469 22.877052 -13.725863
v 6.699778 22.876736 -13.678377
v 6.718885 22.909632 -13.744837
v 4.348366 22.806568 -13.901443
v 4.413964 22.80976 -13.899606
v 4.349859 22.804766 -13.722289
v 5.730051 22.875462 -12.622897
v 6.543279 22.860538 -13.92071
v 6.531039 22.855946 -13.934471
v 6.630675 22.861263 -13.993422
v 6.452873 22.839174 -13.15386
v 6.527989 22.838238 -13.062811
v 6.439192 22.812847 -13.141115
v 3.410881 22.807219 -12.563466
v 3.363606 22.807127 -12.577116
v 5.193267 23.010101 -11.754365
v 6.497264 22.887356 -13.70411
v 6.537031 22.926628 -13.682137
v 5.604196 22.783236 -11.720972
v 6.81781 22.902575 -11.157632
v 6.815582 22.894878 -11.131936
v 6.765056 22.902567 -11.156584
v 5.10884 22.80567 -13.46122
v 5.093654 22.817364 -13.461149
v 5.106568 22.808256 -13.731906
v 6.834412 22.838417 -15.679059
v 6.11387 22.79598 -12.552446
v 4.461127 22.873722 -13.892988
v 4.42979 22.821331 -13.897622
v 4.461089 22.875086 -13.984062
v 2.2075 22.86323 -14.029501
v 2.322845 22.863213 -14.028047
v 2.207225 22.862114 -13.920235
v 6.893313 22.786406 -11.386034
v 6.910063 22.787338 -11.479679
v 2.249916 22.900833 -11.154836
v 2.325654 22.900814 -11.155156
v 7.575285 22.477736 -14.279209
v 7.567854 22.832775 -14.282383
v 7.575285 22.482763 -14.77166
v 2.589541 22.853735 -13.73096
v 2.548543 22.858572 -13.731233
v 2.589284 22.855618 -13.915356
v 4.375381 22.865536 -15.73554
v 4.375445 22.839134 -15.716024
v 3.276834 22.9089 -15.816962
v 3.572835 22.908876 -15.814836
v 3.281928 22.888184 -15.80241
v 1.930152 22.84633 -15.608963
v 1.922721 22.491413 -15.618753
v 3.3483 22.822374 -14.009912
v 6.92528 22.739483 -13.328707
v 6.898919 22.872763 -13.198233
v 6.891361 22.73996 -13.339443
v 7.13889 22.743328 -13.469906
v 7.251691 22.873764 -13.384917
v 3.920513 22.861412 -12.77153
v 3.886089 22.876938 -12.77461
v 5.022126 22.875645 -12.629244
v 5.02003 22.876928 -12.652054
v 5.042603 22.874918 -12.632391
v 2.046573 22.931517 -14.161562
v 2.048396 22.934086 -14.413229
v 2.122483 22.871433 -14.161486
v 4.572831 22.494766 -15.947069
v 4.905322 22.494764 -15.947069
v 4.576669 22.849651 -15.936009
v 4.869336 22.87692 -12.651264
v 4.656292 22.87691 -12.650148
v 4.868269 22.878181 -12.774792
v 4.574369 22.881432 -13.093074
v 4.372142 22.849669 -15.936009
v 3.509114 22.878187 -12.775052
v 3.440655 22.876932 -12.652304
v 4.565692 22.889568 -13.890185
v 4.564995 22.890398 -13.971331
v 4.648147 22.889605 -13.893721
v 5.416626 22.788956 -12.28123
v 2.59906 22.855553 -14.754908
v 2.588153 22.86421 -14.754831
v 6.470791 22.8597 -13.834963
v 6.41647 22.858719 -13.736557
v 6.45543 22.855183 -13.845255
v 4.26849 22.872293 -11.104258
v 4.491752 22.902506 -11.150843
v 6.741301 22.872862 -13.282297
v 6.8361 22.74163 -13.37722
v 6.785989 22.872696 -13.244911
v 5.87254 22.889622 -13.895196
v 5.873682 22.89041 -13.972334
v 6.004171 22.889637 -13.896897
v 4.915947 22.849686 -15.936008
v 4.577488 22.921381 -15.912964
v 2.725491 22.90072 -11.156974
v 2.710846 22.835411 -11.187128
v 3.90832 22.86087 -12.607544
v 3.882531 22.874924 -12.632625
v 3.921297 22.860628 -12.637695
v 6.628682 22.920374 -13.362587
v 6.650414 22.906315 -13.371465
v 3.91456 22.789078 -12.293491
v 3.647392 22.789183 -12.303473
v 2.60234 22.831707 -12.422049
v 4.436803 22.71191 -11.542471
v 4.385034 22.968548 -11.637759
v 7.408216 22.948061 -15.781134
v 7.407085 22.908 -15.72246
v 6.660711 22.874321 -15.739574
v 6.660566 22.879221 -15.751829
v 6.781562 22.874306 -15.730177
v 2.601819 22.835897 -12.832483
v 2.621495 22.809677 -12.830938
v 2.602043 22.834127 -12.659214
v 2.108947 22.851189 -12.178833
v 6.772889 22.900967 -11.178352
v 3.279264 22.808563 -14.140374
v 2.723911 22.809736 -14.158772
v 6.534719 22.846987 -13.071058
v 6.461086 22.847908 -13.160483
v 6.386416 22.855091 -13.38788
v 6.373197 22.856344 -13.507952
v 6.451962 22.86368 -13.402705
v 4.191247 22.78084 -11.48627
v 5.122464 22.94865 -15.839695
v 5.391227 22.948631 -15.838006
v 5.122693 22.908762 -15.803699
v 2.162482 22.94867 -15.840672
v 6.603937 22.922531 -13.576048
v 7.539501 22.919273 -15.706437
v 1.980271 22.897749 -11.412896
v 1.985454 22.896791 -11.31893
v 1.952147 22.875412 -11.409709
v 3.645392 22.889616 -13.894638
v 3.645334 22.887869 -13.72366
v 3.509157 22.889618 -13.894842
v 6.627951 22.796186 -12.832479
v 6.884854 22.849743 -14.163578
v 6.825656 22.82267 -14.139795
v 6.514104 22.923887 -13.41493
v 6.607084 22.921104 -13.433258
v 6.427312 22.819866 -13.863316
v 4.338063 23.006138 -11.342753
v 4.327783 22.974545 -11.329283
v 7.491704 22.91662 -13.260973
v 7.439229 22.917412 -13.272149
v 2.729159 22.782108 -11.452622
v 2.151201 22.950552 -15.856987
v 6.812117 22.849674 -15.936015
v 2.120907 22.901064 -11.177944
v 2.095296 22.862116 -11.232999
v 6.524946 22.867739 -13.798361
v 6.586498 22.868492 -13.872199
v 3.440673 22.885162 -13.458615
v 3.50877 22.88516 -13.458566
v 2.325294 22.894846 -11.128899
v 2.247087 22.89484 -11.128438
v 7.575285 22.467228 -13.249903
v 7.567997 22.822336 -13.255119
v 7.575285 22.4681 -13.335264
v 4.364811 22.791887 -11.216522
v 4.368159 22.778309 -11.23855
v 6.85715 22.815964 -14.768348
v 6.894941 22.820827 -14.769264
v 7.567871 22.803726 -11.43734
v 7.575284 22.448687 -11.434088
v 4.655468 22.878178 -12.774514
v 6.657707 22.838966 -15.709129
v 6.660274 22.865562 -15.728741
v 4.467669 22.865448 -13.093237
v 4.436531 22.813238 -13.09377
v 2.593436 22.831974 -11.599565
v 2.592078 22.83637 -12.030016
v 2.603739 22.823334 -11.602036
v 2.168992 22.87233 -11.109042
v 2.17609 22.894888 -11.133207
v 2.244689 22.872278 -11.103891
v 2.708447 22.900723 -11.156927
v 2.679971 22.83754 -11.187229
v 5.203752 22.98135 -12.026752
v 5.203372 22.982513 -12.130816
v 4.528659 22.881432 -13.093075
v 4.502853 22.88034 -13.093084
v 4.524684 22.885155 -13.457816
v 5.676289 22.908722 -15.799721
v 5.391479 22.908745 -15.801767
v 5.676074 22.948614 -15.836215
v 4.486788 22.822838 -14.066531
v 4.557158 22.82345 -14.067015
v 4.503987 22.87541 -14.036949
v 1.930159 22.827202 -13.733137
v 1.930152 22.82463 -13.481172
v 1.922721 22.472082 -13.725389
v 7.436034 22.863237 -11.326645
v 7.442146 22.864332 -11.449579
v 2.109753 22.85239 -12.29644
v 2.202853 22.84433 -12.178579
v 6.926843 22.849745 -12.863313
v 4.248919 22.806644 -11.298368
v 4.252282 22.806349 -11.26867
v 7.567892 22.823324 -13.349416
v 7.545712 22.895275 -13.351279
v 7.567854 22.824139 -13.432251
v 5.164073 22.900862 -11.169518
v 7.368322 22.877615 -14.767087
v 4.577947 22.948685 -15.843119
v 4.919255 22.950588 -15.860451
v 2.591564 22.839085 -12.295849
v 6.99935 22.950514 -15.852976
v 3.572448 22.943422 -15.88602
v 3.276567 22.94342 -15.886287
v 3.571609 22.921413 -15.912963
v 3.852715 22.881432 -13.093074
v 3.849194 22.885162 -13.458519
v 3.508635 22.887869 -13.723726
v 6.129328 22.900911 -11.174519
v 6.130055 22.833223 -11.210201
v 6.325555 22.90092 -11.175579
v 6.015187 22.875586 -14.033892
v 2.728068 22.790718 -12.295911
v 4.901669 22.791912 -11.219129
v 5.042855 22.791922 -11.219904
v 4.902119 22.833155 -11.203094
v 4.903065 22.900846 -11.168169
v 4.265459 22.833115 -11.199335
v 4.363735 22.83312 -11.199917
v 4.266288 22.900816 -11.16488
v 6.783297 22.836868 -12.909752
v 6.833346 22.809752 -12.86568
v 6.877267 22.445065 -11.078882
v 3.348497 22.808044 -12.620346
v 3.334524 22.798489 -12.76675
v 7.545537 22.884686 -12.318987
v 4.093448 22.800102 -11.082695
v 4.088174 22.445065 -11.078883
v 3.917748 22.800102 -11.082696
v 2.727321 22.791994 -12.421244
v 4.265282 22.789198 -12.305037
v 5.31853 22.872292 -11.104271
v 5.317421 22.800112 -11.082695
v 5.276613 22.87232 -11.104271
v 4.52003 22.889559 -13.889059
v 6.694095 22.822466 -14.090481
v 6.767489 22.822573 -14.117769
v 6.704682 22.848637 -14.072975
v 7.575285 22.491793 -15.656165
v 7.575285 22.491085 -15.586626
v 5.927818 22.86549 -15.730885
v 6.147811 22.874262 -15.741088
v 6.893541 22.836227 -15.469189
v 6.916031 22.86321 -15.470146
v 6.920632 22.796028 -11.479002
v 6.333621 22.948572 -15.83206
v 6.335895 22.90868 -15.794985
v 4.375485 22.830359 -15.705156
v 3.319525 22.865583 -15.738522
v 6.770498 22.90488 -13.222479
v 6.998878 22.943384 -15.882943
v 7.252844 22.921396 -15.91299
v 5.867464 22.9009 -11.173149
v 7.05852 22.861935 -11.215564
v 6.341024 22.839064 -15.710135
v 6.341686 22.83029 -15.699286
v 2.588583 22.860682 -14.411428
v 2.546966 22.86901 -14.753073
v 1.930155 22.84349 -15.329617
v 1.922721 22.488636 -15.346889
v 1.930155 22.844692 -15.446436
v 3.647609 22.876932 -12.652305
v 3.509177 22.876932 -12.652305
v 4.59619 22.789623 -12.346563
v 4.918159 22.7896 -12.344373
v 6.891738 22.836071 -12.832961
v 6.919919 22.834845 -12.727032
v 6.876561 22.809393 -12.819527
v 2.032238 22.91127 -12.178482
v 2.00977 22.914198 -12.295959
v 4.896887 23.010307 -11.393167
v 4.896577 23.006447 -11.404478
v 7.493672 22.914433 -12.31891
v 7.487559 22.918598 -12.726758
v 4.491334 22.445065 -11.078883
v 4.371367 22.445065 -11.078883
v 4.490948 22.8001 -11.082694
v 3.918627 22.872286 -11.10427
v 7.071537 22.890549 -14.012272
v 6.128342 22.894875 -11.131757
v 7.312222 22.494698 -15.940475
v 3.512536 22.889668 -14.011721
v 3.511612 22.874947 -14.048429
v 3.647841 22.889639 -14.011037
v 2.202466 22.842781 -12.026912
v 2.090704 22.897818 -14.731556
v 2.088073 22.89457 -14.413446
v 2.050695 22.937332 -14.731323
v 7.494007 22.912876 -12.16649
v 7.517698 22.906994 -12.318905
v 2.117829 22.864471 -13.479866
v 2.080362 22.88504 -13.480309
v 2.119567 22.867071 -13.734501
v 4.946901 22.890558 -13.987007
v 4.947898 22.889746 -13.907284
v 7.568074 22.821293 -13.156648
v 3.650263 22.792051 -11.232845
v 3.344352 22.833052 -11.193487
v 5.318767 22.90253 -11.153287
v 5.428691 22.902534 -11.153609
v 5.318762 22.89487 -11.131247
v 3.876898 22.883997 -13.458504
v 3.334471 22.802 -13.094401
v 3.349453 22.817434 -13.459518
v 2.548062 22.861574 -14.025233
v 2.589129 22.856733 -14.024783
v 2.548241 22.860456 -13.915833
v 6.910227 22.788597 -11.611795
v 6.861324 22.78378 -11.615619
v 6.907114 22.792686 -12.016024
v 5.644265 22.860458 -12.589194
v 4.093353 22.833103 -11.19832
v 4.191321 22.83311 -11.198898
v 4.093825 22.900805 -11.163989
v 2.536073 22.836977 -11.559362
v 2.551535 22.8412 -12.02949
v 6.962752 22.90477 -13.164537
v 6.893678 22.904818 -13.172243
v 6.962337 22.87273 -13.191174
v 3.957992 22.798878 -12.766284
v 3.943991 22.810661 -12.768099
v 7.441607 22.865553 -11.570441
v 7.477316 22.905025 -11.566681
v 6.664866 22.869135 -13.935577
v 6.600065 22.888958 -13.858392
v 3.43893 22.875729 -12.629651
v 3.416529 22.875084 -12.632617
v 7.015582 22.841047 -12.014575
v 6.948668 22.836226 -12.015252
v 2.633078 22.796839 -12.422178
v 2.63326 22.795551 -12.296188
v 4.108807 22.830366 -15.705956
v 5.927883 22.839085 -15.711371
v 5.676805 22.83909 -15.712123
v 4.415632 22.808056 -13.721981
v 4.431465 22.819674 -13.721797
v 4.417734 22.805357 -13.458741
v 3.91817 22.792107 -11.238157
v 3.649986 22.779104 -11.316475
v 6.148473 22.830301 -15.699848
v 6.14875 22.825289 -15.682338
v 6.479528 22.494766 -15.947069
v 6.326095 22.849653 -15.936035
v 7.467419 22.944645 -15.447666
v 7.430292 22.898212 -14.769264
v 7.575284 22.456139 -12.163915
v 7.567849 22.811167 -12.165916
v 7.575285 22.457752 -12.321577
v 4.893486 22.717546 -12.094164
v 6.316563 22.800095 -11.082634
v 6.127702 22.872282 -11.10421
v 1.983857 22.928381 -14.413607
v 1.984184 22.93163 -14.731679
v 7.575285 22.468998 -13.423422
v 7.575285 22.469872 -13.509033
v 6.508066 22.874277 -15.739986
v 6.482043 22.862652 -13.301855
v 6.545403 22.882433 -13.222807
v 6.848613 22.865458 -15.694715
v 6.866266 22.837973 -15.646049
v 4.374027 22.921389 -15.912964
v 4.858494 22.889706 -13.903567
v 2.016487 22.930801 -13.922006
v 2.04484 22.929068 -13.921654
v 2.015713 22.928885 -13.73469
v 5.733205 22.881432 -13.093074
v 5.735299 22.885164 -13.45867
v 5.875546 22.881432 -13.093074
v 2.723861 22.80837 -14.024969
v 7.34763 22.891447 -14.103348
v 7.388085 22.930735 -14.083834
v 7.567852 22.809532 -12.005186
v 7.575284 22.454468 -12.0001
v 7.567876 22.80497 -11.559292
v 6.888482 22.918337 -13.150154
v 6.963109 22.918255 -13.141349
v 4.428194 22.821949 -14.000364
v 4.472084 22.87571 -14.022628
v 5.273782 22.800156 -11.082695
v 5.244727 22.87234 -11.104265
v 6.356316 22.821386 -15.457557
v 6.541905 22.821392 -15.458455
v 6.438768 22.814224 -14.756361
v 2.115709 22.86128 -13.167076
v 5.039334 22.983524 -12.233053
v 5.036413 23.014927 -12.219768
v 4.905332 22.98349 -12.233021
v 2.618536 22.815735 -11.322556
v 7.47035 22.902437 -11.308577
v 7.477791 22.903784 -11.444688
v 1.952445 22.887196 -12.555945
v 1.952472 22.88578 -12.422035
v 1.930152 22.815237 -12.5518
v 4.103229 22.849709 -15.936008
v 4.106667 22.921417 -15.912964
v 5.580635 22.820284 -13.725851
v 5.608641 22.873297 -13.899138
v 5.122336 22.950583 -15.85972
v 6.529233 22.8227 -15.586527
v 6.162446 22.80804 -13.727793
v 6.161735 22.809675 -13.908771
v 5.927471 22.948597 -15.834634
v 7.545651 22.876947 -11.561132
v 4.108472 22.88813 -15.797079
v 4.375171 22.888111 -15.795301
v 7.409824 22.494497 -15.920692
v 7.498434 22.494034 -15.875571
v 7.413812 22.849405 -15.910759
v 6.50882 22.821012 -13.957397
v 6.44597 22.846651 -13.851486
v 4.570361 22.885157 -13.457978
v 2.599539 22.85202 -14.411497
v 2.588942 22.85809 -14.157417
v 2.215902 22.494722 -15.942913
v 1.930132 22.816736 -12.69198
v 1.922721 22.461224 -12.661978
v 5.663521 22.881432 -13.093075
v 4.965279 22.878183 -12.77492
v 5.927781 22.874264 -15.741753
v 5.676626 22.874273 -15.742506
v 5.927738 22.87923 -15.754438
v 4.897809 22.973692 -12.14147
v 5.018282 22.973728 -12.142181
v 4.498264 22.888983 -13.996009
v 3.824582 22.943424 -15.885794
v 3.823243 22.921434 -15.912964
v 7.241364 22.924416 -13.762171
v 7.44004 22.920202 -13.841246
v 7.283157 22.923824 -13.708117
v 7.567912 22.830467 -14.057275
v 7.545796 22.902447 -14.058975
v 7.567869 22.83144 -14.152191
v 7.452055 22.901909 -11.254944
v 7.421547 22.86288 -11.283077
v 6.36906 22.78256 -11.655134
v 1.922721 22.473928 -13.90617
v 6.786501 22.743176 -13.470802
v 6.656456 22.874794 -13.4433
v 6.781402 22.743872 -13.509489
v 4.494284 22.973757 -12.146374
v 4.454869 22.717579 -12.098306
v 1.980763 22.899227 -11.558074
v 4.531958 22.875643 -12.624838
v 3.390396 22.861317 -12.606897
v 5.083206 22.71124 -11.47659
v 5.125509 22.966516 -11.431896
v 5.080394 22.711155 -11.468206
v 2.631585 22.807552 -13.471613
v 2.631238 22.810202 -13.731077
v 2.208736 22.849632 -15.932158
v 2.210339 22.921362 -15.910034
v 6.145516 22.943392 -15.883746
v 6.145074 22.92138 -15.912991
v 1.983597 22.925816 -14.162159
v 1.952467 22.903513 -14.162588
v 4.375001 22.9487 -15.844395
v 4.57791 22.950602 -15.861675
v 7.567849 22.84468 -15.448698
v 7.567849 22.837725 -14.768287
v 3.825219 22.908857 -15.813022
v 4.108422 22.908836 -15.810987
v 3.825264 22.888151 -15.798965
v 2.084008 22.889547 -13.921549
v 2.662427 22.8001 -11.082693
v 2.6005 22.845072 -13.730962
v 2.600241 22.846956 -13.91531
v 6.848368 22.872297 -11.104165
v 6.89291 22.894882 -11.132277
v 5.169554 22.807304 -14.025103
v 5.170755 22.8066 -13.915388
v 5.384281 22.494766 -15.947069
v 6.814973 22.92139 -15.912992
v 7.568189 22.492325 -15.708088
v 2.082464 22.887636 -13.734579
v 2.043487 22.927156 -13.734485
v 6.916848 22.80287 -12.167329
v 6.936674 22.829136 -12.166962
v 6.148301 22.839079 -15.710711
v 6.675433 22.874084 -13.38191
v 2.162981 22.800154 -11.08833
v 2.034807 22.49423 -15.894798
v 5.391964 22.865505 -15.732491
v 5.676691 22.8655 -15.731637
v 5.392101 22.8391 -15.712976
v 7.475634 22.909525 -12.007765
v 4.516309 22.966263 -11.417681
v 4.623272 23.006454 -11.406595
v 7.028944 22.904636 -13.170521
v 7.023571 22.87255 -13.197002
v 5.554759 22.798544 -12.766034
v 5.553715 22.796564 -12.613797
v 3.799055 22.494766 -15.94707
v 3.568995 22.849703 -15.936008
v 4.918174 22.921398 -15.912963
v 7.24618 22.9055 -13.316083
v 6.131922 22.77916 -11.321598
v 5.866927 22.792196 -11.246917
v 5.194972 23.007673 -11.515139
v 4.494101 22.778315 -11.23886
v 4.62099 22.791897 -11.217753
v 6.786732 22.840656 -11.212297
v 6.128896 22.902554 -11.15564
v 6.961074 22.878511 -13.817385
v 6.960619 22.745604 -13.686338
v 6.89847 22.87814 -13.810381
v 5.934533 22.494766 -15.947069
v 5.928797 22.849655 -15.936008
v 5.683165 22.494766 -15.947069
v 5.047276 22.872295 -11.104239
v 5.046358 22.800117 -11.082687
v 4.904526 22.872284 -11.10425
v 4.647673 22.874603 -14.041721
v 2.632886 22.798103 -12.545858
v 2.632668 22.799244 -12.657501
v 2.590452 22.847683 -13.13838
v 2.590919 22.84457 -12.833391
v 6.940438 22.823368 -11.609106
v 7.495659 22.905493 -11.4433
v 7.495412 22.906738 -11.565191
v 7.546134 22.894278 -13.254891
v 4.435236 23.010347 -11.396788
v 1.922721 22.463198 -12.855194
v 2.54899 22.85593 -13.472522
v 2.449132 22.857561 -13.474203
v 6.799687 22.494766 -15.947069
v 2.01133 22.918278 -12.695545
v 1.981924 22.910887 -12.696791
v 2.01207 22.92022 -12.885448
v 5.103222 22.494766 -15.947069
v 2.010294 22.915493 -12.42276
v 1.981801 22.908064 -12.422616
v 2.484429 22.943426 -15.887016
v 2.298969 22.943428 -15.887221
v 5.164479 22.872324 -11.104249
v 5.164774 22.894876 -11.131101
v 3.647551 22.787865 -12.174216
v 2.725398 22.796082 -12.82141
v 3.238678 22.795132 -12.774136
v 5.04074 22.778328 -11.24004
v 5.155655 22.778332 -11.240628
v 2.415854 22.838202 -11.578175
v 4.578145 22.874308 -15.7458
v 4.919632 22.879263 -15.75799
v 4.621252 22.778315 -11.23892
v 4.90106 22.77832 -11.239447
v 5.27744 22.894878 -11.131217
v 5.245799 22.894884 -11.131186
v 3.572995 22.839159 -15.718431
v 3.321048 22.830374 -15.708311
v 5.277557 22.833174 -11.205311
v 2.447526 22.864548 -14.158598
v 2.547844 22.862926 -14.157713
v 2.447831 22.8632 -14.026474
v 7.444262 22.932346 -14.073725
v 7.470091 22.93322 -14.159467
v 7.505668 22.924809 -14.063908
v 7.037413 22.925486 -13.862299
v 7.073395 22.929552 -13.967413
v 7.112 22.925282 -13.842415
v 6.701796 22.924318 -13.761219
v 6.818202 22.918505 -13.171243
v 7.497001 22.914421 -13.046468
v 7.505952 22.9135 -12.95592
v 7.151652 22.910519 -13.785682
v 7.201719 22.909973 -13.743392
v 6.961768 22.925516 -13.868095
v 6.146912 22.82123 -13.909414
v 5.104952 22.809479 -13.915278
v 4.229915 22.787844 -12.172329
v 4.189142 22.78788 -12.176207
v 5.582001 22.807415 -12.575752
v 5.607986 22.86095 -12.600571
v 5.629076 22.80765 -12.56201
v 5.731372 22.878176 -12.774096
v 5.730645 22.876892 -12.648478
v 5.660413 22.878174 -12.773988
v 5.876918 22.878178 -12.774319
v 5.877447 22.876902 -12.64937
v 6.019652 22.876913 -12.650234
v 5.577534 22.817541 -13.459615
v 4.108293 22.948713 -15.846071
v 3.572857 22.888168 -15.800646
v 5.145375 22.445065 -11.078882
v 5.161736 22.80016 -11.082689
v 5.220494 22.445065 -11.078882
v 6.127101 22.800098 -11.08268
v 5.867781 22.872282 -11.10427
v 6.459335 22.800095 -11.082551
v 6.578807 22.800097 -11.082426
v 5.205147 22.978518 -11.753659
v 6.315113 22.445065 -11.078882
v 6.453552 22.445065 -11.078882
v 7.568004 22.829468 -13.959457
v 7.575285 22.474485 -13.96093
v 7.568059 22.828478 -13.861757
v 7.575285 22.489775 -15.458241
v 1.922721 22.458645 -12.40948
v 1.922721 22.459871 -12.529381
v 1.930159 22.81382 -12.419967
v 2.618861 22.829294 -14.755171
v 1.930132 22.821573 -13.172845
v 1.930117 22.818718 -12.884374
v 1.922721 22.46628 -13.15695
v 4.496319 22.806284 -11.265987
v 2.184845 22.90089 -11.160469
v 2.195829 22.861753 -11.192947
v 6.451241 22.865847 -13.614119
v 6.44114 22.864767 -13.508678
v 6.38358 22.85758 -13.625864
v 7.047586 22.870178 -14.037036
v 7.149887 22.870354 -14.054086
v 6.892974 22.858278 -14.155977
v 6.76224 22.81406 -14.127928
v 6.687631 22.813904 -14.099357
v 6.713597 22.8102 -14.209199
v 6.625191 22.809872 -14.173546
v 6.59512 22.813337 -14.042677
v 6.712628 22.81103 -14.443505
v 6.881937 22.827635 -15.468678
v 7.249613 22.872524 -14.760981
v 6.376853 22.808859 -14.230827
v 7.567857 22.816902 -12.728785
v 7.545664 22.89023 -12.862621
v 2.322635 22.864557 -14.159732
v 6.152328 22.82139 -15.458287
v 2.724944 22.815819 -14.755198
v 4.579238 22.876905 -12.649746
v 6.805478 22.795599 -12.779669
v 6.653312 22.787796 -12.167767
v 6.778093 22.78627 -12.018331
v 6.428578 22.787796 -12.167767
v 6.705271 22.779842 -11.388864
v 4.570171 22.796173 -12.548592
v 6.135972 22.781364 -11.537546
v 4.308574 23.00885 -11.628709
v 4.320107 23.012753 -11.629972
v 4.621582 22.80627 -11.265447
v 4.900315 22.806263 -11.265038
v 4.228339 22.833109 -11.199117
v 5.423205 22.783396 -11.736696
v 4.578045 22.888096 -15.793949
v 4.91951 22.888075 -15.791676
v 4.578082 22.881065 -15.776525
v 4.094159 22.789799 -12.363722
v 5.721384 22.796366 -12.549109
v 1.984916 22.938889 -15.441918
v 1.984975 22.939531 -15.504934
v 2.022772 22.946312 -15.441458
v 4.37348 23.00773 -11.527298
v 4.37339 23.00883 -11.636031
v 4.385261 22.967468 -11.529989
v 4.945301 22.809303 -14.163672
v 5.030865 22.808811 -14.16205
v 4.958877 22.81189 -14.085654
v 4.374085 22.808327 -14.120056
v 4.182225 22.80668 -14.01755
v 3.837326 22.810072 -14.349703
v 3.507307 22.812014 -14.091697
v 3.650318 22.812103 -14.091429
v 3.509087 22.823526 -14.076569
v 3.490944 22.810291 -14.370991
v 7.575285 22.475475 -14.057827
v 7.575285 22.47642 -14.150318
v 2.742628 22.780737 -11.335151
v 7.196095 22.838318 -11.58964
v 7.074636 22.880192 -12.99867
v 7.051424 22.859308 -12.972433
v 3.276195 22.921387 -15.912965
v 2.452712 22.879013 -15.575601
v 2.447019 22.87763 -15.440224
v 2.32251 22.878431 -15.518489
v 2.326036 22.84279 -12.027914
v 2.221162 22.846067 -11.299038
v 3.825114 22.948734 -15.847853
v 5.277642 22.900867 -11.170103
v 6.888447 22.925379 -13.860257
v 5.360777 22.807888 -14.135463
v 5.163059 22.810062 -14.348536
v 6.328713 22.833221 -11.210955
v 5.568158 22.810799 -14.017027
v 5.59742 22.8222 -14.058758
v 3.649327 22.874826 -14.04801
v 3.781162 22.889679 -14.010255
v 2.608076 22.823496 -11.32048
v 2.101246 22.895044 -11.148684
v 2.11247 22.902657 -11.165544
v 5.162854 23.009924 -11.349788
v 4.472827 22.711061 -11.459131
v 4.323094 23.010023 -11.356309
v 4.419077 23.01824 -12.169133
v 4.481337 23.01867 -12.208627
v 5.251816 22.8075 -11.386059
v 5.171696 23.006014 -11.338602
v 4.903285 23.01866 -12.207725
v 5.023601 23.018194 -12.164865
v 4.439091 22.717567 -12.096907
v 5.126196 22.973186 -12.08691
v 5.077243 22.7174 -12.079967
v 2.111521 22.855032 -12.555411
v 2.112455 22.856407 -12.689784
v 4.623848 22.711075 -11.460556
v 4.523516 22.711065 -11.459609
v 4.909639 22.816687 -12.2869
v 5.13762 23.01007 -11.759221
v 5.137535 23.012728 -12.017637
v 5.14766 23.014036 -11.758307
v 4.375381 22.806301 -11.266127
v 4.400395 22.974442 -11.328039
v 5.250655 22.806631 -11.298949
v 5.246952 22.806324 -11.26849
v 5.670388 22.889767 -14.001215
v 6.698151 22.822763 -15.592775
v 4.960381 22.881432 -13.093074
v 5.011978 22.881432 -13.093075
v 4.351829 22.802074 -13.458842
v 4.374676 22.94341 -15.8853
v 4.1078 22.943419 -15.885538
v 3.789467 22.823395 -14.076242
v 4.572007 22.807972 -12.563449
v 4.390265 22.966413 -11.421148
v 4.442666 22.711088 -11.461824
v 6.321418 22.816332 -13.507792
v 6.310686 22.807718 -13.507681
v 6.330337 22.81748 -13.635236
v 5.202259 22.983318 -12.199753
v 7.031463 22.740477 -13.339228
v 7.061834 22.741205 -13.355129
v 7.081748 22.87244 -13.214912
v 5.066868 22.717516 -12.091422
v 5.082082 22.973782 -12.142521
v 7.43984 22.921541 -13.665825
v 5.927978 22.825294 -15.682926
v 5.677148 22.823381 -15.653501
v 2.325012 22.849415 -12.676538
v 2.204161 22.849491 -12.684114
v 2.32474 22.851265 -12.857605
v 5.122401 23.01499 -12.220201
v 6.344517 22.823372 -15.652309
v 6.346612 22.823017 -15.617634
v 2.209236 22.870445 -14.736406
v 2.210631 22.876778 -15.356479
v 4.01756 22.807657 -14.018419
v 3.881844 22.880201 -13.093086
v 2.30042 22.94884 -15.85743
v 7.545871 22.891247 -12.961988
v 5.631266 22.877007 -12.773518
v 7.439952 22.922235 -13.747639
v 5.191769 23.012896 -12.025137
v 4.190794 22.78218 -11.61772
v 4.091485 22.782066 -11.606502
v 5.049719 22.869093 -13.999597
v 5.015393 22.88739 -14.009975
v 5.053876 22.71753 -12.092627
v 2.485013 22.950678 -15.869204
v 4.086656 22.494766 -15.947069
v 4.3632 22.494766 -15.947071
v 7.14349 22.743504 -13.507122
v 7.269579 22.874844 -13.445122
v 5.207095 22.975222 -11.417635
v 5.206466 22.976086 -11.512842
v 5.046449 22.875784 -12.650373
v 5.078774 22.860617 -12.637685
v 5.088058 23.014168 -12.15373
v 5.021019 23.014132 -12.153586
v 6.598409 22.921839 -13.506286
v 5.860445 22.787796 -12.167768
v 5.597364 22.789064 -12.291924
v 3.869675 22.889503 -13.978567
v 3.844278 22.890457 -13.976988
v 3.34816 22.894857 -11.129818
v 3.349823 22.872282 -11.104272
v 2.631999 22.80413 -13.136326
v 2.724992 22.79924 -13.130766
v 2.632391 22.801003 -12.830019
v 2.550893 22.843918 -12.295864
v 2.551088 22.842709 -12.177404
v 3.352177 22.445065 -11.078883
v 2.897447 22.445065 -11.078883
v 3.351321 22.8001 -11.082695
v 4.230981 22.782225 -11.622259
v 2.203804 22.848164 -12.553747
v 3.502228 22.809376 -14.169348
v 7.546441 22.893219 -13.153839
v 7.546241 22.892227 -13.057632
v 7.49796 22.910925 -13.151026
v 2.006641 22.906675 -11.559134
v 2.008654 22.911432 -12.025219
v 2.027753 22.904955 -11.559926
v 4.090891 22.783474 -11.74428
v 2.031134 22.909706 -12.025236
v 4.391915 23.014206 -12.15693
v 6.378077 22.813944 -13.251873
v 7.433215 22.931545 -14.162819
v 7.460804 22.947195 -15.695026
v 7.467426 22.946732 -15.650263
v 7.424519 22.907646 -15.685214
v 7.494594 22.920835 -13.673942
v 7.491152 22.921719 -13.760545
v 7.545694 22.898586 -13.678247
v 5.137567 23.008768 -11.631988
v 4.971387 22.860197 -12.595319
v 6.847428 22.894884 -11.132261
v 5.086093 22.816936 -14.015383
v 5.088655 22.82021 -13.914114
v 6.508783 22.865509 -15.729154
v 4.229273 22.900814 -11.164688
v 4.229675 22.9025 -11.150062
v 2.11868 22.8495 -15.920561
v 2.126286 22.921263 -15.901056
v 4.184609 22.803677 -13.722986
v 4.186185 22.80098 -13.459025
v 3.572778 22.948748 -15.849439
v 3.825066 22.95063 -15.864382
v 2.733801 22.824593 -15.618502
v 5.424454 22.782066 -11.606503
v 5.605669 22.78189 -11.588945
v 5.017786 22.878183 -12.77499
v 6.857783 22.78244 -11.482337
v 4.491152 22.872286 -11.104263
v 4.619601 22.87228 -11.104267
v 6.778738 22.865578 -15.72005
v 5.126381 22.97242 -12.016826
v 4.619192 22.800098 -11.082695
v 4.904343 22.800104 -11.082689
v 7.49437 22.911251 -12.007522
v 1.955591 22.801466 -11.214946
v 1.998049 22.800734 -11.144617
v 1.948682 22.446444 -11.214394
v 2.124201 22.874008 -14.413484
v 2.208456 22.867144 -14.413147
v 2.724465 22.81233 -14.412673
v 2.61968 22.823223 -14.157726
v 2.599899 22.849424 -14.157455
v 2.619325 22.825817 -14.411794
v 1.952472 22.88446 -12.29599
v 1.952472 22.883253 -12.178782
v 1.930159 22.8125 -12.295889
v 4.229602 22.786541 -12.044628
v 4.245196 22.814196 -12.042361
v 2.591192 22.871859 -15.490789
v 2.622121 22.805506 -12.422186
v 2.666465 22.445065 -11.078883
v 2.522717 22.445065 -11.078883
v 3.646855 22.445065 -11.078883
v 6.018036 22.87818 -12.774535
v 5.492442 22.793367 -12.61008
v 5.334681 22.79389 -12.764874
v 3.780458 22.889612 -13.894489
v 5.873961 22.885168 -13.458931
v 2.069405 22.901384 -11.209631
v 3.937362 22.821945 -14.008034
v 3.952791 22.810526 -14.014753
v 5.219428 22.806303 -11.266764
v 5.180583 22.97438 -11.325655
v 2.005792 22.905201 -11.414625
v 5.641176 22.886667 -13.724426
v 5.643019 22.888449 -13.89488
v 4.479631 22.811438 -14.081135
v 4.428389 22.810892 -14.062588
v 5.391686 22.881023 -15.772383
v 5.077436 22.8614 -12.771526
v 5.100805 22.81067 -12.768162
v 6.9001 22.844776 -12.840255
v 6.761181 22.880613 -13.045035
v 6.762363 22.89003 -13.967188
v 6.854198 22.890356 -13.998542
v 6.884012 22.83754 -15.606219
v 6.885795 22.865187 -15.657166
v 4.656859 22.808165 -12.564448
v 4.656946 22.796326 -12.549316
v 7.374194 22.845037 -11.576035
v 6.061605 22.889652 -13.897963
v 6.062191 22.890415 -13.973171
v 6.080825 22.888638 -13.899132
v 6.526865 22.779903 -11.394627
v 6.508567 22.778994 -11.305414
v 6.345296 22.780027 -11.406786
v 3.825446 22.865553 -15.737189
v 6.497784 22.950533 -15.854885
v 7.575285 22.473469 -13.861442
v 7.567989 22.827532 -13.7672
v 5.676554 22.879238 -15.755323
v 6.890539 22.90258 -11.157981
v 1.982421 22.915749 -13.174042
v 2.013306 22.92315 -13.172575
v 1.982044 22.912838 -12.887553
v 5.126783 22.968475 -11.633444
v 5.08348 22.711916 -11.542921
v 5.677217 22.849672 -15.93601
v 4.279494 22.445065 -11.078883
v 4.365837 22.80011 -11.082693
v 5.669664 22.887875 -13.724063
v 5.671282 22.889606 -13.893835
v 6.961296 22.73942 -13.324747
v 3.647933 22.786491 -12.039701
v 3.648832 22.783043 -11.702208
v 5.335001 22.792303 -12.609013
v 5.177474 22.79345 -12.610847
v 5.420319 22.786446 -12.03532
v 5.419046 22.787823 -12.170046
v 4.620393 22.900833 -11.166711
v 5.173512 22.802168 -13.46105
v 5.111948 22.802187 -13.093883
v 5.161074 22.791927 -11.220579
v 3.510932 22.89047 -13.978201
v 3.646478 22.890465 -13.977718
v 7.483692 22.948942 -15.698944
v 4.308482 23.014053 -12.129298
v 5.044298 22.876936 -12.774579
v 5.038363 22.880198 -13.093087
v 4.285217 22.80632 -11.266733
v 5.161753 23.018692 -12.207832
v 5.259542 22.445065 -11.078882
v 5.240774 22.80018 -11.082693
v 6.840692 22.781471 -11.386873
v 6.796084 22.780565 -11.302725
v 6.844869 22.785366 -11.302568
v 3.915833 22.783304 -11.727625
v 5.268513 22.782223 -11.621611
v 5.033756 23.018663 -12.208075
v 2.322236 22.867142 -14.412601
v 2.446934 22.867134 -14.412008
v 6.330345 22.94339 -15.883693
v 2.07332 22.862501 -11.271785
v 2.448088 22.862082 -13.917114
v 2.44852 22.860191 -13.732004
v 3.650401 22.872286 -11.104271
v 2.547425 22.865517 -14.411556
v 4.384432 22.973188 -12.090785
v 4.373862 23.012781 -12.02507
v 6.675815 22.889565 -13.919487
v 2.323017 22.862099 -13.918736
v 4.898727 22.974249 -11.32485
v 6.746945 22.902569 -11.156617
v 6.704934 22.90257 -11.156774
v 3.326374 22.78911 -12.296532
v 2.593544 22.8303 -11.435662
v 2.550384 22.847658 -12.66236
v 2.451047 22.849335 -12.668607
v 2.550141 22.849442 -12.837063
v 6.145966 22.950546 -15.856061
v 4.605057 23.014902 -12.219579
v 4.604355 22.983488 -12.233016
v 4.904248 23.014906 -12.219601
v 1.952467 22.916605 -15.442839
v 2.164158 22.84489 -11.324259
v 2.299026 22.83814 -11.572104
v 6.11394 22.874056 -13.903866
v 6.080301 22.889524 -13.975352
v 6.789512 22.845589 -12.919003
v 6.846486 22.836693 -12.88274
v 3.819118 22.849735 -15.936008
v 6.013884 22.881432 -13.093074
v 6.009109 22.885168 -13.459249
v 2.181097 22.902487 -11.149116
v 6.722486 22.795855 -12.802631
v 6.766253 22.801394 -12.882608
v 7.110055 22.918386 -13.165021
v 6.368116 22.850288 -13.383781
v 6.342829 22.843044 -13.5077
v 6.83843 22.87272 -13.216654
v 7.091867 22.90459 -13.18971
v 7.151141 22.9048 -13.221621
v 7.203627 22.905144 -13.26437
v 7.243441 22.919168 -13.246572
v 6.99732 22.739817 -13.328678
v 7.183838 22.872953 -13.283099
v 2.521569 22.900753 -11.155995
v 7.362174 22.872337 -14.248882
v 6.005624 22.8879 -13.726456
v 6.704283 22.920958 -13.126249
v 7.361322 22.884602 -15.451437
v 6.987157 22.877857 -15.610877
v 6.927414 22.871801 -15.470356
v 6.186297 22.80824 -14.11724
v 6.62605 22.814255 -14.759222
v 6.578619 22.810917 -14.432428
v 5.115947 22.796886 -12.615833
v 6.026933 22.810265 -14.368477
v 4.412358 22.810516 -14.007609
v 4.648741 22.812145 -14.083461
v 4.603514 22.810211 -14.363422
v 4.357534 22.79327 -12.608553
v 4.356853 22.794954 -12.764751
v 4.508179 22.810135 -14.355694
v 4.10823 22.95062 -15.863363
v 4.577783 22.943403 -15.885117
v 7.374436 22.8438 -11.454475
v 3.952971 22.809795 -13.903793
v 4.018432 22.806595 -13.904393
v 3.953652 22.80818 -13.723902
v 4.491966 22.900827 -11.166048
v 4.193129 22.872286 -11.104264
v 4.193054 22.800106 -11.082694
v 4.094222 22.872286 -11.104267
v 5.122886 22.881039 -15.773752
v 4.919573 22.881048 -15.774788
v 5.122781 22.88806 -15.790321
v 2.120845 22.868979 -13.921282
v 2.041651 22.924562 -13.480556
v 2.014644 22.926296 -13.480972
v 4.517278 22.88968 -14.001765
v 4.561088 22.874825 -14.039244
v 4.190465 22.792284 -12.607148
v 3.573012 22.830383 -15.707562
v 2.620022 22.820747 -13.915352
v 2.619867 22.821869 -14.024908
v 6.827623 22.904837 -13.192078
v 3.91649 22.781866 -11.586735
v 7.575284 22.449957 -11.558437
v 6.063306 22.887905 -13.727229
v 6.082408 22.886833 -13.727732
v 1.983345 22.923374 -13.922161
v 5.171989 22.80488 -13.731121
v 2.221536 22.948801 -15.853519
v 7.494716 22.942232 -15.770289
v 7.511206 22.941547 -15.703091
v 7.465768 22.949512 -15.754974
v 6.888535 22.746506 -13.670002
v 6.923936 22.746078 -13.68108
v 3.913766 22.78786 -12.174068
v 3.91438 22.786514 -12.042145
v 7.439002 22.912836 -13.173159
v 7.286443 22.919718 -13.304688
v 6.794653 22.787796 -12.167767
v 6.812049 22.789406 -12.325409
v 6.872272 22.7894 -12.167721
v 5.600755 22.786415 -12.032626
v 4.386786 22.96655 -11.434393
v 4.375675 23.006737 -11.426262
v 6.355099 22.781141 -11.516286
v 5.037609 22.445065 -11.078883
v 7.546383 22.900448 -13.862841
v 6.820519 22.814184 -14.150061
v 5.335822 22.800997 -13.460548
v 4.375296 22.879284 -15.759907
v 4.578117 22.879278 -15.759192
v 4.375343 22.874313 -15.746408
v 1.981549 22.905561 -12.178646
v 1.981382 22.903996 -12.025202
v 4.385428 22.973576 -12.12415
v 4.427624 22.717426 -12.08322
v 6.337551 22.880974 -15.76754
v 6.50453 22.88797 -15.781107
v 5.01927 23.010303 -11.392521
v 5.017603 23.00645 -11.403697
v 2.670098 22.89485 -11.129319
v 2.521167 22.902449 -11.145056
v 4.192732 22.894861 -11.130404
v 2.038248 22.84915 -15.886895
v 7.545557 22.896101 -13.433496
v 7.545547 22.896862 -13.510774
v 5.122266 22.966385 -11.418129
v 4.089585 22.786535 -12.044191
v 6.398464 22.85424 -13.743055
v 2.620281 22.818867 -13.731074
v 6.737405 22.782257 -11.625217
v 2.299746 22.950687 -15.869886
v 2.21801 22.950655 -15.866835
v 2.130389 22.88338 -15.332121
v 2.126369 22.877266 -14.732882
v 2.095598 22.903868 -15.32396
v 2.186678 22.838087 -11.56686
v 4.433589 22.816977 -13.458606
v 2.449936 22.854214 -13.146778
v 2.549599 22.852545 -13.140791
v 2.45066 22.851145 -12.846116
v 3.408525 22.811634 -14.092434
v 4.64797 22.823717 -14.068525
v 6.404415 22.849003 -13.265308
v 6.421279 22.853903 -13.273274
v 4.373508 23.010172 -11.768837
v 2.600086 22.848072 -14.024767
v 5.599247 22.787802 -12.168337
v 4.373987 23.007076 -11.461044
v 2.02418 22.903524 -11.250627
v 6.493653 22.792135 -11.241356
v 6.628732 22.83323 -11.211716
v 6.337161 22.779057 -11.311922
v 6.331398 22.792152 -11.242907
v 2.62108 22.8128 -13.136893
v 1.995335 22.941696 -15.71774
v 1.98506 22.940582 -15.608212
v 1.963868 22.919403 -15.719177
v 2.630282 22.817152 -14.411932
v 5.311386 22.445065 -11.078882
v 4.093073 22.792143 -11.241631
v 7.363083 22.948324 -15.807037
v 3.320097 22.825369 -15.690575
v 3.376271 22.868713 -13.45891
v 2.725363 22.902456 -11.145704
v 6.676657 22.909227 -13.692587
v 2.640142 22.829348 -15.624144
v 2.205358 22.854366 -13.161646
v 2.324256 22.854294 -13.154383
v 2.204646 22.851376 -12.868576
v 4.363952 22.902502 -11.15046
v 6.721912 22.905098 -13.26292
v 3.650241 22.823637 -14.076151
v 3.573045 22.825361 -15.689301
v 3.573095 22.823421 -15.657354
v 1.981669 22.906763 -12.295988
v 1.922721 22.48243 -14.739048
v 7.193778 22.842636 -12.012228
v 6.081025 22.876017 -14.032255
v 6.023092 22.822668 -14.069919
v 6.025707 22.811327 -14.086361
v 5.880444 22.811487 -14.087934
v 5.056434 22.872362 -13.910254
v 2.451571 22.846819 -12.422322
v 2.550688 22.845205 -12.422077
v 2.451863 22.845531 -12.295998
v 6.623451 22.923174 -13.642457
v 4.87017 22.796328 -12.551216
v 2.113739 22.858318 -12.876818
v 7.495173 22.848959 -15.868056
v 1.930155 22.845324 -15.508518
v 1.922721 22.490465 -15.525681
v 3.411536 22.886688 -13.724165
v 3.411688 22.888477 -13.896007
v 6.621905 22.846247 -12.998781
v 5.136656 23.007051 -11.460465
v 5.117661 23.006508 -11.404716
v 6.357417 22.841625 -13.381505
v 6.394742 22.840302 -13.260762
v 6.338076 22.81513 -13.37705
v 4.618395 22.445065 -11.078883
v 6.794987 22.797567 -11.240776
v 6.806888 22.805103 -11.240758
v 1.952467 22.915411 -15.326453
v 1.984796 22.937698 -15.325554
v 7.575285 22.46538 -13.069042
v 7.575285 22.464373 -12.970492
v 7.568025 22.820303 -13.061294
v 4.821816 22.810457 -14.387575
v 4.903087 22.810257 -14.367776
v 4.2459 22.815449 -12.163532
v 7.511902 22.925753 -14.156228
v 7.545619 22.90342 -14.153851
v 1.930154 22.829126 -13.919333
v 2.009288 22.912998 -12.178541
v 2.325185 22.84814 -12.55146
v 7.546166 22.901443 -13.960814
v 7.496544 22.923857 -13.970384
v 2.073845 22.876999 -12.691994
v 4.090055 22.788984 -12.284195
v 3.441082 22.88962 -13.895189
v 5.927636 22.888004 -15.784959
v 2.02596 22.94253 -15.799511
v 1.998187 22.920319 -15.809431
v 6.147381 22.880983 -15.76853
v 5.927689 22.880995 -15.769655
v 6.14715 22.88799 -15.783495
v 6.961326 22.911089 -13.844026
v 7.029268 22.911121 -13.837709
v 5.502889 22.807766 -14.022718
v 5.206361 22.974657 -11.352047
v 6.645289 22.908775 -13.633593
v 2.053095 22.92096 -15.872161
v 3.44068 22.887875 -13.723925
v 7.302012 22.907997 -13.507886
v 7.539234 22.874006 -11.272647
v 4.495043 22.88942 -13.971604
v 4.245935 22.811295 -11.758748
v 4.246477 22.809912 -11.623727
v 5.428828 22.894873 -11.131326
v 7.093828 22.910913 -13.818201
v 2.591124 22.8428 -12.659832
v 4.375655 22.82341 -15.655885
v 4.108989 22.823414 -15.656373
v 4.375548 22.825338 -15.687127
v 3.238231 22.7985 -13.099916
v 2.017481 22.933245 -14.161806
v 1.983457 22.924488 -14.031481
v 6.861619 22.74079 -13.355843
v 1.983155 22.92146 -13.734789
v 1.982853 22.91887 -13.481402
v 7.136004 22.87263 -13.244095
v 7.08814 22.74194 -13.376284
v 4.190255 22.78889 -12.274775
v 4.089028 22.78788 -12.175759
v 6.715511 22.900951 -11.178476
v 3.411533 22.883978 -13.458685
v 6.602811 22.82191 -14.03507
v 6.614939 22.84807 -14.018829
v 4.479082 23.014925 -12.219798
v 4.870062 22.808159 -12.566395
v 5.097319 22.813942 -13.093763
v 2.207827 22.86457 -14.160778
v 2.121589 22.870096 -14.030514
v 7.561018 22.847334 -15.708486
v 7.567849 22.824905 -13.510686
v 4.904028 22.894867 -11.130908
v 5.336516 22.805614 -13.912949
v 5.502182 22.806751 -13.909649
v 5.336321 22.803738 -13.729076
v 4.442062 22.822222 -14.050005
v 1.922721 22.489851 -15.465864
v 1.952445 22.896584 -13.481647
v 4.363889 22.900816 -11.165386
v 4.266645 22.9025 -11.150169
v 6.479943 22.86686 -13.712765
v 4.022262 22.798485 -13.093921
v 4.188363 22.797253 -13.093933
v 7.424123 22.902935 -11.193018
v 7.412667 22.901493 -11.214706
v 3.918727 22.902489 -11.149154
v 5.164526 22.902527 -11.152813
v 5.046026 22.902521 -11.152453
v 2.520632 22.894846 -11.129185
v 6.931884 22.832834 -12.531577
v 6.93501 22.830708 -12.320312
v 6.913244 22.80657 -12.527687
v 5.391574 22.888042 -15.788528
v 3.57275 22.95064 -15.865288
v 4.608323 23.014124 -12.154989
v 5.123445 22.825315 -15.685103
v 5.123637 22.823393 -15.654514
v 2.325449 22.902441 -11.144381
v 3.786643 22.876932 -12.652304
v 3.647656 22.875586 -12.629484
v 2.589926 22.85109 -13.471875
v 6.602165 22.792032 -12.582602
v 6.332172 22.950539 -15.855446
v 5.144826 23.010525 -11.412804
v 5.134893 23.006693 -11.422343
v 7.319234 22.943335 -15.878031
v 1.952467 22.901093 -13.92173
v 6.875633 22.790962 -12.320869
v 7.154316 22.859121 -12.953786
v 5.001291 22.81019 -14.361115
v 5.192792 23.00606 -11.340896
v 6.853976 22.845385 -12.891279
v 4.995837 22.890572 -13.98818
v 3.930923 22.807617 -12.580758
v 3.945617 22.808598 -12.622429
v 5.036391 22.809988 -14.086262
v 4.272858 22.778309 -11.238586
v 2.761976 22.902458 -11.146153
v 4.296166 22.982609 -12.135708
v 5.102947 22.808603 -12.622683
v 5.089885 22.807634 -12.581149
v 5.251703 22.808678 -11.503003
v 4.859423 22.812403 -14.085454
v 4.957621 22.822657 -14.071389
v 4.309218 23.014753 -12.190944
v 6.749091 22.7919 -12.5695
v 6.755518 22.89486 -11.130079
v 5.249659 22.81629 -12.245122
v 6.672763 22.778969 -11.303011
v 6.641918 22.792133 -11.240821
v 2.325579 22.845531 -12.296185
v 6.147954 22.810278 -12.76952
v 6.130651 22.792175 -11.244939
v 3.958923 22.796867 -12.614811
v 5.005263 22.885183 -13.460743
v 2.630636 22.81456 -14.15787
v 7.489665 22.948448 -15.650675
v 6.328307 22.921383 -15.913071
v 2.064656 22.947401 -15.71509
v 4.92001 22.8234 -15.654887
v 6.005509 22.890411 -13.972771
v 7.459585 22.445498 -11.121305
v 7.456771 22.800518 -11.123994
v 7.533186 22.446066 -11.176991
v 6.681468 22.905622 -13.312878
v 6.705307 22.919159 -13.246429
v 6.319498 22.808928 -13.638332
v 4.374944 22.95061 -15.862404
v 5.182935 23.014027 -11.755224
v 6.516726 22.8119 -13.047368
v 7.545572 22.888855 -12.727974
v 4.437832 22.711378 -11.490682
v 2.122176 22.494595 -15.93044
v 4.519273 22.890387 -13.970066
v 4.420648 22.80162 -13.093889
v 1.952445 22.918276 -15.607704
v 7.546897 22.493189 -15.792963
v 3.33412 22.810158 -13.906565
v 7.545562 22.904745 -14.283596
v 2.248685 22.902437 -11.143951
v 4.230302 22.894863 -11.130426
v 2.70341 22.445065 -11.078883
v 4.347065 22.807623 -14.013495
v 4.183379 22.805517 -13.903325
v 5.644035 22.889404 -13.974876
v 4.975023 22.808027 -12.567194
v 4.42302 22.798143 -12.76582
v 4.438903 22.809744 -12.767345
v 7.277492 22.906073 -13.3752
v 5.072237 22.864744 -13.093245
v 2.622304 22.804216 -12.296133
v 2.03232 22.949118 -15.716433
v 1.922721 22.469545 -13.477074
v 7.192317 22.844225 -12.168249
v 6.109015 22.810957 -14.085256
v 4.296062 22.981478 -12.034584
v 2.622471 22.803005 -12.177566
v 2.622668 22.80151 -12.030901
v 4.375126 22.908817 -15.809071
v 4.192048 22.90081 -11.164495
v 2.549767 22.876451 -15.478508
v 2.039417 22.921404 -13.171075
v 6.342739 22.825285 -15.681846
v 5.131822 23.014149 -12.148354
v 6.658259 22.908655 -15.792667
v 4.600582 22.789196 -12.30479
v 2.110615 22.853683 -12.423131
v 2.325769 22.844328 -12.178158
v 6.71079 22.845758 -12.946984
v 3.57289 22.881119 -15.781645
v 3.825318 22.881104 -15.780358
v 4.947202 22.889442 -14.014606
v 1.981901 22.909447 -12.556797
v 3.825373 22.879303 -15.761843
v 3.650481 22.900782 -11.161699
v 1.952467 22.902199 -14.031446
v 4.267306 22.894865 -11.130449
v 4.019375 22.804806 -13.723662
v 5.046727 22.89487 -11.130997
v 3.78043 22.89046 -13.977275
v 2.452138 22.84432 -12.177726
v 3.912677 22.445065 -11.078883
v 3.649854 22.8001 -11.082696
v 5.277685 22.90253 -11.153166
v 5.246063 22.902529 -11.153069
v 4.900613 22.445065 -11.078883
v 5.136946 23.01352 -12.091937
v 7.243011 22.90931 -13.694571
v 3.334636 22.796436 -12.614079
v 5.657169 22.875565 -12.622288
v 5.65919 22.876888 -12.648046
v 6.512217 22.825281 -15.681766
v 4.378531 23.014145 -12.15094
v 4.322292 22.78959 -12.343636
v 3.887582 22.875786 -12.650493
v 4.231273 22.872292 -11.10426
v 7.545537 22.909683 -14.767739
v 6.149145 22.808329 -12.62317
v 2.055819 22.902987 -11.197844
v 2.785403 22.894855 -11.129527
v 6.64869 22.87544 -13.506895
v 6.811256 22.745754 -13.608044
v 6.827766 22.801048 -12.856255
v 2.603921 22.821661 -11.438266
v 6.827553 22.445065 -11.078882
v 5.390805 22.943405 -15.884386
v 6.626849 22.908276 -13.571555
v 4.452349 22.711063 -11.459683
v 5.078436 22.717236 -12.063818
v 4.295982 22.977274 -11.627609
v 1.952465 22.917244 -15.505445
v 3.334447 22.805733 -13.459764
v 3.334439 22.808447 -13.725569
v 2.451286 22.848114 -12.54907
v 4.910893 22.789179 -12.302999
v 5.114708 22.79889 -12.76654
v 3.346237 22.900766 -11.160276
v 6.813592 22.872297 -11.103952
v 7.275417 22.875828 -13.507763
v 7.268184 22.87607 -13.569519
v 1.95231 22.890648 -12.888393
v 1.952362 22.888681 -12.696753
v 2.630824 22.813202 -14.024961
v 2.630979 22.812082 -13.915323
v 6.523548 22.847399 -13.94269
v 2.016939 22.931911 -14.031201
v 7.323307 22.849611 -15.929705
v 6.147614 22.879221 -15.753655
v 6.994645 22.745426 -13.684592
v 7.023118 22.878582 -13.811999
v 7.027254 22.74542 -13.674812
v 1.92921 22.447397 -11.307599
v 6.620957 22.856627 -14.009546
v 3.333151 22.81088 -14.0175
v 1.952362 22.893513 -13.174812
v 5.66708 22.885164 -13.458651
v 2.018522 22.935814 -14.413349
v 3.865717 22.889109 -14.003886
v 4.020581 22.802149 -13.459186
v 4.295847 22.975302 -11.416058
v 7.567932 22.819317 -12.965227
v 2.550503 22.846483 -12.547194
v 6.846819 22.902578 -11.157873
v 3.825536 22.830376 -15.706805
v 4.354553 22.798346 -13.093922
v 6.075704 22.87818 -12.774622
v 7.333791 22.445171 -11.089489
v 5.928075 22.823381 -15.65304
v 5.005825 22.717531 -12.093104
v 7.458512 22.942852 -15.831082
v 7.406565 22.921162 -15.891098
v 6.869112 22.787863 -12.01672
v 6.06679 22.885172 -13.459442
v 5.867708 22.894875 -11.131649
v 2.323721 22.85758 -13.47635
v 6.719315 22.861805 -14.046413
v 7.515501 22.927067 -14.284702
v 1.976316 22.873543 -11.226366
v 3.855781 22.878187 -12.775053
v 3.856965 22.876932 -12.652304
v 7.516212 22.911165 -12.727461
v 2.171446 22.88771 -15.755279
v 7.545552 22.897701 -13.592342
v 7.496915 22.919981 -13.590384
v 6.149771 22.823023 -15.617918
v 6.150298 22.82269 -15.585327
v 5.123333 22.830334 -15.702917
v 4.622318 22.974287 -11.32609
v 1.952467 22.899166 -13.734541
v 6.905826 22.794216 -12.16758
v 6.562929 22.445065 -11.078882
v 5.927703 22.921383 -15.912964
v 5.676134 22.921394 -15.912966
v 6.348612 22.822683 -15.584785
v 4.472548 22.861372 -12.635021
v 2.779141 22.902462 -11.146416
v 7.43704 22.895237 -11.167377
v 6.750819 22.793495 -11.240797
v 3.41178 22.875895 -12.650492
v 3.376271 22.864983 -13.093243
v 6.809063 22.824715 -15.634686
v 4.382567 23.018225 -12.167146
v 6.065511 22.889772 -13.99756
v 6.079052 22.889135 -13.994194
v 6.510681 22.80314 -13.038504
v 2.074422 22.943073 -15.852923
v 7.322812 22.921339 -15.907531
v 6.757271 22.91877 -13.20344
v 3.784795 22.87506 -14.047036
v 6.629983 22.907026 -13.437796
v 5.055238 22.789171 -12.302151
v 5.118723 23.014183 -12.152278
v 2.214092 22.943407 -15.884822
v 2.138187 22.943325 -15.877375
v 5.13134 23.006548 -11.407356
v 5.196004 23.006273 -11.363413
v 7.442305 22.928455 -13.984941
v 6.688457 22.82311 -15.626537
v 3.411593 22.877033 -12.774609
v 2.886847 22.800106 -11.082696
v 7.495191 22.919033 -13.863196
v 7.546099 22.8995 -13.768534
v 2.55987 22.877934 -15.623284
v 6.947053 22.837803 -12.167903
v 6.688432 22.78946 -12.330588
v 7.448601 22.87267 -11.142199
v 6.608661 22.902567 -11.156665
v 5.027915 23.005936 -11.338634
v 7.440929 22.947662 -15.741223
v 2.002099 22.895987 -11.24037
v 5.233963 22.778337 -11.24136
v 3.787177 22.875591 -12.629536
v 7.564745 22.446905 -11.259208
v 6.745575 22.87227 -11.102678
v 3.845851 22.889791 -14.009709
v 7.182562 22.87747 -13.72434
v 4.439313 22.711178 -11.470509
v 4.385483 22.966854 -11.466436
v 6.091557 22.877012 -12.774212
v 6.120057 22.865124 -13.093241
v 5.676458 22.88101 -15.770933
v 2.602932 22.827711 -12.030401
v 4.395106 23.018694 -12.209646
v 3.36467 22.822554 -14.061136
v 6.902757 22.80851 -12.718578
v 2.023454 22.948029 -15.609348
v 2.098203 22.95031 -15.833311
v 2.057907 22.949854 -15.788773
v 1.922721 22.449976 -11.560255
v 1.922721 22.454716 -12.024329
v 6.149222 22.823376 -15.652642
v 2.7795 22.445065 -11.078883
v 5.140147 22.807983 -14.126535
v 5.147326 23.016697 -12.018799
v 3.351349 22.811184 -14.074186
v 6.370913 22.805216 -13.245102
v 5.58238 22.821894 -13.904861
v 2.085653 22.94805 -15.779346
v 6.801023 22.8809 -15.760218
v 6.787622 22.879148 -15.742949
v 6.598885 22.894865 -11.130745
v 6.588603 22.872272 -11.103194
v 6.336675 22.88798 -15.782228
v 5.336299 22.806765 -14.025599
v 2.452627 22.842802 -12.028781
v 4.318932 23.010738 -11.429584
v 5.676366 22.888023 -15.786633
v 4.108654 22.874321 -15.747208
v 5.2029 22.97444 -11.328048
v 6.893351 22.910772 -13.836967
v 6.540617 22.888218 -13.786852
v 6.621645 22.907701 -13.506337
v 6.008393 22.889685 -13.998192
v 2.635738 22.865171 -15.677774
v 5.085523 23.006472 -11.403636
v 6.794811 22.745153 -13.57827
v 7.567849 22.812727 -12.319388
v 5.245938 22.900866 -11.169941
v 5.39251 22.82339 -15.65402
v 2.810855 22.445065 -11.078883
v 6.832789 22.74624 -13.633708
v 7.497874 22.919159 -13.510288
v 7.439591 22.920155 -13.509556
v 4.442209 22.81599 -11.478628
v 4.442209 22.545153 -11.481426
v 5.056229 22.81599 -11.478627
v 5.056229 22.545153 -11.481425
v 5.056229 22.551378 -12.083797
v 5.056229 22.822214 -12.081
v 4.442209 22.822214 -12.081
v 4.442209 22.551378 -12.083797
v 4.41684 22.82247 -12.105888
v 4.41684 22.815731 -11.45374
v 5.081595 22.82247 -12.105888
v 4.41684 22.544897 -11.456537
v 4.41684 22.551632 -12.108686
v 5.081595 22.551632 -12.108686
v 5.081595 22.544897 -11.456537
v 5.081595 22.815731 -11.453739
v 7.905432 22.777903 -15.997928
v 7.900768 22.768593 -15.998003
v 7.905619 22.771204 -15.341516
v 7.891509 22.769342 -16.07144
v 7.905432 22.811943 -15.997581
v 7.896036 22.778666 -16.072592
v 7.867411 22.77936 -16.140226
v 7.896036 22.81271 -16.072245
v 7.891509 22.822002 -16.070904
v 7.867411 22.813402 -16.13988
v 7.900768 22.821253 -15.997467
v 7.634743 22.818413 -15.719179
v 7.623951 22.819208 -15.797029
v 7.863361 22.822683 -16.137411
v 7.594517 22.819923 -15.866774
v 7.623857 22.829273 -15.719025
v 7.613389 22.83004 -15.794007
v 7.585069 22.830725 -15.861122
v 7.634858 22.814552 -15.341083
v 7.89631 22.814552 -15.341073
v 7.623996 22.825415 -15.340972
v 7.623857 22.928522 -15.718012
v 7.613389 22.929287 -15.792994
v 7.623994 22.924665 -15.339958
v 7.59784 22.95422 -15.717648
v 7.58814 22.954914 -15.785776
v 7.562486 22.955534 -15.846611
v 7.585069 22.929974 -15.860109
v 7.541015 22.930555 -15.917129
v 7.541015 22.831306 -15.918142
v 7.483989 22.831758 -15.962196
v 7.52251 22.956062 -15.898363
v 7.483989 22.931004 -15.961184
v 7.416871 22.832047 -15.990516
v 7.470752 22.956469 -15.93834
v 7.416871 22.931295 -15.989502
v 7.341881 22.832153 -16.000984
v 7.409916 22.956734 -15.963995
v 7.282835 22.931402 -15.999971
v 7.457516 22.930546 -15.916025
v 7.402962 22.93078 -15.939011
v 7.282733 22.956831 -15.973695
v 7.402962 22.495928 -15.94345
v 7.341677 22.496017 -15.952383
v 7.457516 22.495693 -15.920465
v 7.504007 22.495323 -15.884561
v 7.504007 22.930178 -15.880121
v 7.539906 22.494852 -15.838076
v 7.539906 22.929705 -15.833636
v 7.562895 22.494293 -15.783525
v 7.562895 22.929146 -15.779086
v 7.571827 22.92852 -15.717808
v 7.571827 22.493668 -15.722247
v 7.572082 22.489813 -15.344399
v 7.572082 22.924665 -15.33996
v 7.572082 22.916462 -14.536811
v 7.598038 22.95036 -15.339697
v 7.598038 22.942158 -14.536547
v 7.572082 22.906094 -13.521235
v 7.623996 22.916462 -14.536808
v 7.598038 22.931791 -13.52097
v 7.623996 22.817215 -14.537823
v 7.623994 22.906094 -13.521233
v 7.623996 22.806847 -13.522245
v 7.634858 22.806353 -14.537932
v 7.623996 22.796478 -12.50667
v 7.634858 22.795986 -13.522356
v 7.634858 22.785616 -12.506781
v 7.623996 22.788279 -11.70352
v 7.623996 22.895727 -12.505657
v 7.598038 22.921421 -12.505397
v 7.598037 22.913223 -11.702245
v 7.572082 22.895727 -12.505659
v 7.572081 22.887527 -11.702508
v 7.623996 22.887526 -11.702505
v 7.59784 22.909365 -11.32429
v 7.571826 22.88367 -11.324656
v 7.588139 22.908667 -11.256155
v 7.623856 22.883667 -11.32445
v 7.613389 22.882902 -11.249464
v 7.623856 22.784422 -11.325463
v 7.613389 22.783653 -11.250477
v 7.634742 22.773556 -11.325531
v 7.62395 22.772764 -11.247678
v 7.634857 22.77742 -11.70363
v 7.900187 22.770786 -11.054083
v 7.89631 22.777418 -11.703621
v 7.905622 22.768108 -11.703714
v 7.904954 22.761477 -11.054159
v 7.890727 22.770021 -10.979033
v 7.895354 22.7607 -10.977853
v 7.866097 22.759993 -10.908724
v 7.594516 22.772053 -11.177936
v 7.866097 22.72595 -10.909071
v 7.895354 22.726656 -10.978201
v 7.904954 22.727434 -11.054506
v 7.890727 22.717356 -10.97957
v 7.900187 22.718126 -11.054621
v 7.820974 22.759396 -10.850377
v 7.861957 22.716663 -10.911592
v 7.820974 22.725353 -10.850724
v 7.817583 22.716078 -10.854211
v 7.760203 22.715626 -10.809845
v 7.692221 22.71533 -10.781078
v 7.762628 22.724894 -10.80561
v 7.693497 22.724594 -10.776356
v 7.762628 22.758936 -10.805263
v 7.760203 22.768286 -10.809306
v 7.692221 22.767992 -10.78054
v 7.617161 22.767897 -10.771082
v 7.617179 22.75854 -10.766409
v 7.617179 22.724497 -10.766756
v 7.419781 22.770676 -11.043517
v 7.489529 22.770979 -11.072952
v 6.903281 22.767899 -10.771174
v 7.341926 22.770567 -11.032728
v 6.903278 22.758492 -10.76196
v 5.94879 22.758492 -10.76196
v 5.94879 22.767899 -10.771174
v 6.903288 22.770569 -11.032613
v 5.9488 22.770569 -11.032612
v 5.9488 22.781538 -11.043363
v 6.903291 22.781538 -11.043364
v 7.341886 22.781538 -11.043503
v 5.9488 22.880785 -11.042349
v 6.903291 22.880785 -11.042349
v 6.903291 22.906748 -11.068043
v 7.341786 22.90675 -11.068239
v 5.9488 22.906748 -11.068043
v 4.736485 22.880785 -11.042349
v 4.736485 22.906748 -11.068043
v 4.736485 22.781538 -11.043364
v 5.9488 22.881315 -11.09426
v 4.736485 22.881315 -11.094261
v 5.9488 22.446463 -11.0987
v 6.903294 22.881315 -11.09426
v 4.736485 22.446463 -11.098701
v 6.903294 22.446463 -11.0987
v 7.341686 22.881319 -11.094516
v 7.341686 22.446468 -11.098955
v 7.402966 22.88141 -11.103451
v 7.40992 22.906849 -11.077942
v 7.45752 22.881643 -11.126438
v 7.45752 22.44679 -11.130877
v 7.470757 22.90711 -11.103595
v 7.416873 22.880896 -11.052958
v 7.341886 22.880789 -11.042489
v 7.483991 22.781935 -11.08229
v 7.416873 22.781647 -11.05397
v 7.483991 22.881184 -11.081277
v 7.541014 22.782387 -11.126344
v 7.548755 22.771444 -11.118712
v 7.541014 22.881634 -11.125331
v 7.817583 22.76874 -10.853674
v 7.861957 22.769325 -10.911055
v 7.585068 22.782969 -11.183364
v 7.585068 22.882214 -11.18235
v 7.562488 22.908047 -11.195324
v 7.522509 22.907518 -11.143573
v 7.504006 22.882011 -11.16234
v 7.539906 22.882486 -11.208822
v 7.539906 22.447636 -11.213263
v 7.504006 22.447159 -11.16678
v 7.562892 22.883045 -11.263371
v 7.562892 22.448195 -11.267812
v 7.571826 22.44882 -11.329095
v 7.572081 22.452675 -11.706947
v 7.572082 22.460876 -12.510099
v 7.572082 22.471243 -13.525674
v 7.572082 22.481611 -14.541249
v 3.524169 22.881315 -11.094261
v 3.524169 22.446463 -11.098701
v 2.569675 22.881315 -11.094261
v 2.56968 22.446463 -11.098701
v 3.524169 22.906748 -11.068044
v 2.131187 22.90675 -11.06824
v 2.131287 22.881319 -11.094516
v 2.569675 22.906748 -11.068044
v 2.131287 22.446468 -11.098955
v 2.569675 22.880785 -11.042349
v 3.524169 22.880785 -11.04235
v 2.131083 22.880789 -11.04249
v 2.569675 22.781538 -11.043364
v 2.063045 22.906849 -11.077942
v 2.056091 22.880896 -11.052957
v 2.056091 22.781647 -11.053971
v 2.131083 22.781538 -11.043503
v 2.13104 22.770567 -11.032728
v 2.569675 22.770569 -11.032614
v 2.05318 22.770676 -11.043517
v 1.856538 22.767857 -10.766921
v 2.569668 22.767899 -10.771175
v 1.782835 22.767948 -10.776213
v 1.983437 22.770979 -11.07295
v 1.988975 22.781935 -11.082288
v 1.716069 22.768238 -10.804464
v 1.713684 22.758886 -10.800497
v 1.781582 22.758595 -10.771763
v 1.856519 22.758497 -10.762335
v 1.781582 22.72455 -10.77211
v 1.713684 22.724844 -10.800843
v 1.659717 22.768682 -10.848037
v 1.656386 22.759338 -10.844801
v 1.656389 22.725298 -10.845149
v 1.716069 22.715576 -10.805003
v 1.782835 22.715286 -10.77675
v 1.659717 22.716019 -10.848575
v 1.856519 22.724455 -10.762682
v 2.569668 22.724451 -10.762308
v 1.856538 22.715193 -10.767459
v 2.569668 22.715235 -10.771712
v 3.524159 22.715235 -10.771712
v 2.569668 22.758492 -10.76196
v 3.524159 22.724451 -10.762308
v 3.524159 22.758492 -10.76196
v 3.524159 22.767899 -10.771175
v 4.736475 22.758492 -10.76196
v 4.736475 22.724451 -10.762308
v 3.524166 22.770569 -11.032614
v 4.736485 22.770569 -11.032614
v 4.736475 22.767899 -10.771175
v 3.524169 22.781538 -11.043364
v 5.94879 22.724451 -10.762308
v 4.736475 22.715235 -10.771712
v 5.94879 22.715235 -10.771711
v 6.903278 22.724451 -10.762307
v 6.903281 22.715235 -10.771711
v 7.617161 22.715235 -10.77162
v 1.612078 22.72588 -10.902451
v 1.616143 22.716597 -10.904929
v 1.583345 22.726574 -10.970339
v 1.58789 22.71728 -10.971685
v 1.583345 22.760616 -10.96999
v 1.612075 22.759922 -10.902103
v 1.58789 22.76994 -10.971148
v 1.616143 22.769258 -10.904392
v 1.878447 22.772053 -11.177934
v 1.924206 22.771442 -11.118711
v 1.859572 22.783653 -11.250475
v 1.887895 22.782969 -11.183361
v 1.84901 22.772764 -11.247676
v 1.859572 22.882902 -11.249461
v 1.887895 22.882214 -11.182348
v 1.931952 22.782387 -11.126343
v 1.931952 22.881634 -11.125328
v 1.988975 22.881184 -11.081274
v 1.950454 22.907518 -11.14357
v 2.002212 22.90711 -11.103592
v 1.968959 22.882011 -11.162334
v 2.015448 22.881641 -11.126434
v 2.015448 22.44679 -11.130874
v 2.069997 22.446556 -11.10789
v 1.968959 22.447159 -11.166775
v 2.069997 22.88141 -11.103449
v 1.933058 22.447636 -11.213257
v 1.933058 22.882486 -11.208817
v 1.910069 22.448193 -11.267808
v 1.901137 22.44882 -11.329088
v 1.901137 22.88367 -11.324648
v 1.910069 22.883045 -11.263369
v 1.884822 22.908667 -11.256153
v 1.875118 22.909365 -11.324286
v 1.849103 22.883667 -11.324447
v 1.910478 22.908047 -11.19532
v 1.90088 22.782867 -11.373711
v 1.874921 22.808561 -11.373449
v 1.849085 22.78491 -11.373487
v 1.849103 22.78442 -11.325459
v 1.849085 22.78491 -11.373487
v 1.838221 22.773556 -11.325529
v 1.848965 22.788279 -11.703517
v 1.578601 22.77069 -11.044853
v 1.838104 22.77742 -11.703629
v 1.576651 22.77742 -11.70363
v 1.573917 22.761385 -11.044931
v 1.567342 22.776306 -12.506876
v 1.576651 22.785616 -12.506781
v 1.567342 22.768108 -11.703726
v 1.838104 22.785616 -12.506779
v 1.567342 22.734066 -11.704073
v 1.567342 22.742266 -12.507225
v 1.573917 22.72734 -11.045278
v 1.576651 22.724758 -11.704167
v 1.576651 22.732956 -12.507319
v 1.578601 22.71803 -11.045391
v 1.567342 22.752634 -13.522799
v 1.576651 22.743324 -13.522894
v 1.567342 22.763002 -14.538376
v 1.576651 22.753693 -14.538469
v 1.567343 22.771204 -15.341526
v 1.576651 22.761894 -15.34162
v 1.569777 22.77785 -15.992586
v 1.574499 22.768538 -15.992663
v 1.579291 22.77862 -16.068176
v 1.583873 22.7693 -16.06701
v 1.612365 22.769985 -16.134342
v 1.608265 22.779322 -16.13665
v 1.656317 22.770567 -16.191177
v 1.652956 22.77991 -16.19444
v 1.713161 22.771015 -16.235128
v 1.710756 22.780369 -16.239132
v 1.652956 22.813953 -16.194096
v 1.608265 22.813362 -16.136303
v 1.710756 22.81441 -16.238787
v 1.713161 22.823675 -16.23459
v 1.656317 22.823229 -16.19064
v 1.612365 22.822647 -16.133804
v 1.924207 22.820526 -15.925998
v 1.988976 22.831758 -15.962198
v 1.931952 22.831306 -15.918146
v 1.983437 22.820993 -15.971758
v 1.887896 22.830725 -15.861125
v 1.878445 22.819923 -15.866774
v 1.583873 22.821959 -16.066473
v 1.84901 22.819208 -15.797029
v 1.931952 22.930555 -15.917131
v 1.887896 22.929974 -15.860111
v 1.859573 22.929287 -15.792995
v 1.88482 22.954914 -15.785778
v 1.910476 22.955534 -15.846613
v 1.950455 22.956064 -15.898367
v 1.933059 22.929705 -15.83364
v 1.96896 22.930178 -15.880126
v 1.875119 22.95422 -15.717648
v 1.910069 22.929146 -15.779087
v 1.901137 22.92852 -15.717809
v 1.874922 22.8548 -15.70711
v 1.849103 22.928522 -15.718014
v 1.90088 22.829103 -15.707373
v 1.90088 22.489813 -15.344395
v 1.874921 22.8398 -14.5437
v 1.90088 22.481611 -14.541245
v 1.90088 22.814106 -14.543962
v 1.90088 22.803736 -13.528386
v 1.90088 22.460876 -12.510093
v 1.90088 22.793365 -12.512811
v 1.90088 22.471243 -13.525668
v 1.874921 22.829433 -13.528124
v 1.874921 22.819063 -12.512549
v 1.848966 22.814106 -14.543962
v 1.848966 22.803736 -13.528387
v 1.848965 22.793365 -12.512812
v 1.848965 22.796478 -12.506667
v 1.848966 22.806847 -13.522243
v 1.838104 22.795986 -13.522353
v 1.576651 22.795986 -13.522356
v 1.838104 22.806353 -14.53793
v 1.848966 22.817215 -14.537819
v 1.576651 22.806353 -14.537932
v 1.567342 22.797045 -14.538027
v 1.567342 22.786678 -13.52245
v 1.567343 22.805243 -15.341179
v 1.576651 22.814552 -15.341082
v 1.569777 22.811892 -15.992239
v 1.574501 22.8212 -15.992126
v 1.579291 22.812662 -16.06783
v 1.838221 22.818413 -15.719179
v 1.859573 22.83004 -15.794008
v 1.849103 22.829273 -15.719025
v 1.838104 22.814552 -15.34108
v 1.848966 22.825413 -15.340969
v 1.848966 22.829103 -15.707375
v 1.90088 22.452675 -11.706943
v 1.901137 22.493668 -15.722248
v 1.910069 22.494293 -15.783527
v 1.933059 22.494852 -15.838079
v 1.96896 22.495325 -15.884567
v 2.015448 22.930546 -15.916026
v 2.015448 22.495693 -15.920465
v 2.002212 22.956469 -15.938343
v 2.070002 22.495928 -15.943451
v 2.070002 22.93078 -15.939011
v 2.063046 22.956734 -15.963995
v 2.056092 22.931295 -15.989505
v 1.988976 22.931004 -15.961185
v 2.056094 22.832047 -15.990518
v 2.053185 22.821293 -16.001192
v 2.131036 22.821402 -16.01198
v 2.131078 22.832153 -16.000984
v 2.195228 22.931402 -15.999971
v 1.780494 22.823969 -16.263086
v 1.854848 22.824062 -16.272459
v 2.569675 22.832155 -16.001123
v 2.569675 22.821405 -16.012094
v 2.569673 22.824074 -16.273535
v 2.569673 22.81486 -16.282938
v 1.854828 22.814802 -16.277275
v 1.779233 22.814705 -16.267765
v 1.854828 22.78076 -16.277622
v 2.569673 22.780817 -16.283285
v 2.569673 22.771414 -16.274073
v 1.854848 22.7714 -16.272995
v 1.780494 22.771305 -16.263622
v 1.779233 22.780663 -16.26811
v 3.524161 22.771414 -16.27407
v 3.524161 22.780817 -16.283287
v 4.73648 22.771412 -16.274073
v 4.73648 22.780817 -16.283287
v 5.948795 22.771414 -16.27407
v 5.948795 22.780817 -16.283285
v 6.903286 22.771412 -16.274073
v 6.903286 22.780817 -16.283285
v 6.903286 22.81486 -16.282938
v 5.948795 22.81486 -16.282938
v 7.623857 22.771421 -16.274902
v 7.623874 22.780779 -16.279472
v 7.623874 22.814821 -16.279123
v 7.623857 22.824081 -16.274364
v 6.903286 22.824074 -16.273533
v 7.341926 22.821402 -16.01198
v 6.903289 22.821405 -16.012094
v 5.948798 22.821405 -16.012096
v 5.948798 22.832155 -16.001123
v 6.903289 22.832155 -16.001123
v 6.103113 22.99717 -15.995511
v 7.179099 22.99717 -15.995511
v 4.736482 22.821405 -16.012096
v 4.736482 22.99717 -15.995511
v 4.736482 22.832155 -16.001123
v 4.736482 23.022598 -15.969294
v 3.369849 22.99717 -15.995512
v 6.103113 23.022598 -15.969294
v 4.736482 22.996635 -15.9436
v 3.369849 23.022598 -15.969294
v 6.103113 22.996635 -15.943601
v 7.179099 23.022598 -15.969294
v 7.179099 22.996635 -15.9436
v 7.28263 22.930868 -15.947945
v 6.903289 22.496021 -15.95264
v 5.948798 22.496021 -15.952638
v 4.736482 22.496021 -15.952639
v 3.524166 22.496021 -15.952639
v 2.569675 22.496021 -15.95264
v 3.369849 22.996635 -15.943601
v 2.293863 22.996635 -15.943601
v 2.195435 22.930868 -15.947946
v 2.131283 22.496017 -15.952383
v 2.293863 23.022598 -15.969295
v 2.19533 22.956831 -15.973696
v 2.293863 22.99717 -15.995511
v 3.524166 22.832155 -16.001123
v 3.524166 22.821405 -16.012096
v 3.524161 22.824074 -16.273537
v 4.73648 22.824074 -16.273535
v 3.524161 22.81486 -16.282938
v 4.73648 22.81486 -16.282938
v 5.948795 22.824074 -16.273533
v 7.419779 22.821293 -16.001192
v 7.697292 22.823992 -16.265108
v 7.763806 22.8237 -16.236963
v 7.489527 22.820993 -15.971756
v 7.766181 22.814432 -16.241108
v 7.698541 22.814726 -16.26973
v 7.766181 22.78039 -16.241453
v 7.698541 22.780682 -16.270079
v 7.697292 22.771328 -16.265644
v 7.763806 22.771038 -16.237501
v 7.823264 22.813982 -16.196968
v 7.823264 22.77994 -16.197315
v 7.819946 22.770596 -16.19409
v 7.863361 22.770023 -16.137947
v 7.819946 22.823256 -16.193554
v 7.548755 22.820526 -15.925997
v 7.89631 22.724756 -11.704157
v 7.905622 22.734066 -11.704062
v 7.89631 22.732956 -12.50731
v 7.905622 22.742266 -12.507214
v 7.905619 22.752634 -13.522788
v 7.89631 22.75369 -14.53846
v 7.89631 22.743324 -13.522884
v 7.905622 22.763002 -14.538365
v 7.905619 22.786678 -13.522441
v 7.905622 22.776308 -12.506866
v 7.905622 22.797045 -14.538017
v 7.89631 22.795986 -13.522346
v 7.89631 22.785616 -12.506773
v 7.905619 22.805244 -15.341167
v 7.89631 22.806353 -14.537923
v 7.89631 22.761896 -15.34161
v 5.046061 22.67093 -11.497149
v 5.039746 22.677248 -11.497083
v 5.046061 22.676838 -12.068712
v 5.039746 22.677248 -11.497083
v 4.458677 22.677248 -11.497083
v 5.039746 22.683151 -12.068648
v 4.458677 22.670866 -11.490833
v 4.458677 22.677248 -11.497083
v 5.039743 22.670866 -11.490833
v 5.039746 22.65192 -11.491029
v 5.046061 22.651987 -11.497345
v 5.039743 22.64567 -11.49741
v 5.039746 22.651577 -12.068974
v 4.458677 22.64567 -11.49741
v 4.458677 22.65192 -11.491028
v 5.046061 22.657888 -12.068909
v 5.039746 22.657955 -12.075225
v 4.458677 22.651577 -12.068974
v 4.458677 22.657955 -12.075225
v 4.452362 22.657888 -12.068909
v 5.039743 22.676905 -12.075028
v 4.458677 22.676905 -12.075027
v 4.452362 22.676838 -12.068712
v 5.039746 22.683151 -12.068648
v 4.458677 22.683151 -12.068647
v 4.452362 22.651987 -11.497345
v 4.452362 22.67093 -11.497149
v 7.778728 22.836561 -13.585821
v 7.762264 22.835188 -13.600107
v 7.766951 22.835213 -13.604167
v 7.758913 22.835163 -13.59489
v 7.772591 22.835226 -13.606744
v 7.757165 22.83513 -13.58894
v 7.757165 22.835098 -13.582739
v 7.778728 22.835228 -13.607626
v 7.778728 22.835 -13.564052
v 7.772591 22.835001 -13.564934
v 7.784868 22.835001 -13.564935
v 7.766951 22.835018 -13.567511
v 7.795193 22.835041 -13.571572
v 7.790509 22.835018 -13.567511
v 7.798547 22.835068 -13.576788
v 7.758913 22.835068 -13.576789
v 7.762264 22.835041 -13.571572
v 7.790507 22.835213 -13.604167
v 7.795193 22.835188 -13.600107
v 7.784868 22.835226 -13.606743
v 7.798547 22.835163 -13.59489
v 7.800295 22.835098 -13.582738
v 7.800295 22.83513 -13.58894
v 7.836578 22.824183 -13.577659
v 7.836578 22.824276 -13.594293
v 7.831889 22.824358 -13.610254
v 7.854494 22.805971 -13.597099
v 7.854494 22.805853 -13.575313
v 7.854494 22.795681 -13.575439
v 7.848357 22.806082 -13.618004
v 7.854494 22.7958 -13.597227
v 7.848357 22.805744 -13.554408
v 7.848357 22.795572 -13.554535
v 7.836578 22.805645 -13.536079
v 7.836578 22.795471 -13.536207
v 7.831889 22.824099 -13.561697
v 7.822897 22.824024 -13.547704
v 7.810328 22.823967 -13.53681
v 7.820113 22.80557 -13.521811
v 7.820113 22.795399 -13.521939
v 7.800295 22.805521 -13.51276
v 7.800295 22.79535 -13.512889
v 7.795193 22.823933 -13.5299
v 7.778728 22.805506 -13.509661
v 7.778728 22.795332 -13.509789
v 7.778728 22.823915 -13.527532
v 7.757165 22.79535 -13.512889
v 7.757165 22.805521 -13.51276
v 7.737347 22.795399 -13.52194
v 7.737347 22.80557 -13.521811
v 7.720881 22.795471 -13.536207
v 7.720881 22.805645 -13.536079
v 7.747132 22.823967 -13.53681
v 7.734562 22.824022 -13.547703
v 7.762264 22.823933 -13.529898
v 7.709103 22.80574 -13.554408
v 7.725568 22.824099 -13.561697
v 7.720881 22.824183 -13.577659
v 7.709103 22.795572 -13.554535
v 7.702966 22.795681 -13.575439
v 7.702966 22.805853 -13.575312
v 7.702966 22.7958 -13.597226
v 7.702966 22.805967 -13.597099
v 7.709103 22.795908 -13.618132
v 7.709103 22.806082 -13.618004
v 7.720881 22.824276 -13.594294
v 7.725568 22.824358 -13.610254
v 7.720881 22.806177 -13.636332
v 7.734562 22.82443 -13.624249
v 7.737347 22.806255 -13.6506
v 7.747132 22.82449 -13.635143
v 7.737347 22.796082 -13.650728
v 7.720881 22.796005 -13.63646
v 7.757165 22.796127 -13.659779
v 7.757165 22.806303 -13.659651
v 7.778728 22.796146 -13.662879
v 7.778728 22.80632 -13.662751
v 7.778728 22.82454 -13.644421
v 7.762264 22.824524 -13.642053
v 7.795193 22.824524 -13.642054
v 7.800295 22.806303 -13.659651
v 7.810328 22.82449 -13.635142
v 7.820113 22.806255 -13.6506
v 7.800295 22.796127 -13.659779
v 7.820113 22.796082 -13.650727
v 7.836578 22.806177 -13.636332
v 7.836578 22.796005 -13.63646
v 7.848357 22.795908 -13.618132
v 7.822897 22.82443 -13.624249
v 4.84306 22.861666 -16.119204
v 4.826595 22.860294 -16.133488
v 4.831282 22.860315 -16.13755
v 4.823242 22.860266 -16.128271
v 4.836923 22.86033 -16.140127
v 4.821494 22.860233 -16.122322
v 4.821494 22.8602 -16.11612
v 4.84306 22.860332 -16.141008
v 4.854838 22.860315 -16.13755
v 4.859525 22.860294 -16.133488
v 4.849198 22.860329 -16.140125
v 4.862879 22.860266 -16.128271
v 4.864624 22.8602 -16.11612
v 4.862879 22.860167 -16.11017
v 4.864624 22.860233 -16.122322
v 4.859525 22.860144 -16.104952
v 4.84306 22.860102 -16.097433
v 4.836923 22.860106 -16.098316
v 4.849198 22.860106 -16.098316
v 4.83128 22.86012 -16.100891
v 4.854838 22.86012 -16.100893
v 4.823242 22.860167 -16.11017
v 4.826595 22.860144 -16.104952
v 4.798892 22.849129 -16.081085
v 4.811464 22.84907 -16.070192
v 4.785213 22.83075 -16.06946
v 4.801678 22.830673 -16.055193
v 4.7899 22.849201 -16.095078
v 4.785213 22.820576 -16.069588
v 4.801678 22.820501 -16.05532
v 4.773432 22.820675 -16.087917
v 4.773432 22.830845 -16.08779
v 4.821494 22.820452 -16.04627
v 4.826595 22.849035 -16.06328
v 4.821494 22.830624 -16.046143
v 4.84306 22.820433 -16.043169
v 4.84306 22.830608 -16.043041
v 4.864624 22.830624 -16.04614
v 4.84306 22.84902 -16.060911
v 4.859525 22.849035 -16.06328
v 4.874657 22.84907 -16.07019
v 4.887227 22.849129 -16.081085
v 4.884443 22.830673 -16.055195
v 4.864624 22.820456 -16.04627
v 4.900908 22.83075 -16.06946
v 4.884443 22.820501 -16.05532
v 4.912686 22.830845 -16.087788
v 4.900908 22.820576 -16.069588
v 4.896224 22.849201 -16.095078
v 4.90091 22.849287 -16.11104
v 4.918826 22.83096 -16.108694
v 4.912686 22.820675 -16.087915
v 4.90091 22.849377 -16.127674
v 4.918826 22.83107 -16.130482
v 4.918826 22.820786 -16.108822
v 4.896224 22.849459 -16.143637
v 4.912686 22.831186 -16.151384
v 4.918826 22.820904 -16.130608
v 4.887227 22.849535 -16.15763
v 4.90091 22.831282 -16.169714
v 4.912686 22.821012 -16.151512
v 4.884443 22.831358 -16.18398
v 4.90091 22.82111 -16.16984
v 4.874657 22.84959 -16.168522
v 4.859525 22.849627 -16.175434
v 4.84306 22.831423 -16.196133
v 4.864624 22.831406 -16.193031
v 4.84306 22.849642 -16.177801
v 4.864624 22.821232 -16.19316
v 4.884443 22.821182 -16.184109
v 4.84306 22.82125 -16.19626
v 4.821494 22.821232 -16.19316
v 4.801678 22.831358 -16.18398
v 4.801678 22.821182 -16.184109
v 4.821494 22.831406 -16.193031
v 4.826595 22.849627 -16.175434
v 4.811464 22.84959 -16.168524
v 4.785213 22.831282 -16.169714
v 4.785213 22.82111 -16.169842
v 4.789897 22.849459 -16.143635
v 4.773432 22.831186 -16.151384
v 4.798892 22.849535 -16.157629
v 4.773432 22.821012 -16.151512
v 4.767295 22.820904 -16.130608
v 4.767295 22.83107 -16.130482
v 4.785213 22.849377 -16.127674
v 4.785213 22.849287 -16.11104
v 4.767295 22.83096 -16.108694
v 4.767295 22.820786 -16.108822
v 4.84306 22.807537 -10.870037
v 4.854838 22.806189 -10.888384
v 4.859525 22.806166 -10.884323
v 4.849197 22.8062 -10.89096
v 4.862878 22.806137 -10.879107
v 4.836922 22.8062 -10.89096
v 4.84306 22.806204 -10.891843
v 4.864624 22.806074 -10.866955
v 4.862878 22.80604 -10.861004
v 4.864624 22.806107 -10.873156
v 4.859525 22.806013 -10.855787
v 4.84306 22.805977 -10.848268
v 4.836922 22.805977 -10.849152
v 4.849197 22.805977 -10.849152
v 4.831282 22.805994 -10.851727
v 4.854838 22.805994 -10.851727
v 4.823242 22.80604 -10.861004
v 4.821494 22.806074 -10.866955
v 4.826595 22.806013 -10.855787
v 4.821494 22.806107 -10.873156
v 4.826595 22.806166 -10.884323
v 4.831279 22.806189 -10.888384
v 4.823242 22.806137 -10.879107
v 4.84306 22.795513 -10.928636
v 4.826595 22.7955 -10.926268
v 4.811463 22.795464 -10.919357
v 4.84306 22.777296 -10.946967
v 4.821494 22.777277 -10.943867
v 4.801678 22.777231 -10.934814
v 4.821494 22.767103 -10.943995
v 4.801678 22.767057 -10.934943
v 4.84306 22.76712 -10.947094
v 4.864624 22.777277 -10.943867
v 4.864624 22.767103 -10.943995
v 4.884442 22.777231 -10.934815
v 4.884442 22.767057 -10.934944
v 4.900907 22.777153 -10.920547
v 4.900907 22.76698 -10.920676
v 4.887227 22.795406 -10.908464
v 4.874657 22.795464 -10.919357
v 4.859525 22.7955 -10.92627
v 4.896223 22.795332 -10.89447
v 4.912685 22.777056 -10.90222
v 4.90091 22.795248 -10.87851
v 4.918826 22.776943 -10.881315
v 4.918826 22.766773 -10.881443
v 4.912685 22.766884 -10.902348
v 4.918826 22.776829 -10.859528
v 4.918826 22.766659 -10.859655
v 4.912685 22.776716 -10.838624
v 4.912685 22.766546 -10.838752
v 4.90091 22.795158 -10.861875
v 4.896223 22.795074 -10.845913
v 4.887227 22.795002 -10.831919
v 4.90091 22.77662 -10.820295
v 4.874657 22.794943 -10.821025
v 4.884442 22.776546 -10.806027
v 4.90091 22.766447 -10.820423
v 4.884442 22.766373 -10.806155
v 4.864624 22.776495 -10.796976
v 4.864624 22.766325 -10.797105
v 4.84306 22.776482 -10.793877
v 4.84306 22.766308 -10.794003
v 4.821494 22.766325 -10.797105
v 4.821494 22.776495 -10.796976
v 4.801678 22.766373 -10.806155
v 4.801678 22.776546 -10.806027
v 4.785213 22.766447 -10.820422
v 4.785213 22.77662 -10.820295
v 4.773432 22.766546 -10.838752
v 4.773432 22.776716 -10.838624
v 4.767294 22.766659 -10.859655
v 4.767294 22.776829 -10.859528
v 4.767294 22.766773 -10.881443
v 4.767294 22.776943 -10.881315
v 4.773432 22.766884 -10.902348
v 4.773432 22.777056 -10.90222
v 4.785213 22.76698 -10.920676
v 4.785213 22.777153 -10.920547
v 4.798891 22.795406 -10.908464
v 4.789899 22.795332 -10.89447
v 4.785213 22.795248 -10.87851
v 4.785213 22.795158 -10.861875
v 4.789899 22.795074 -10.845913
v 4.798891 22.795002 -10.831919
v 4.811463 22.794943 -10.821025
v 4.826595 22.794907 -10.814116
v 4.84306 22.794891 -10.811748
v 4.859525 22.794907 -10.814116
v 3.478899 23.01912 -14.719196
v 4.060935 23.018234 -14.722469
v 3.478462 23.024141 -14.712692
v 3.472509 23.018745 -14.720572
v 3.469153 23.023577 -14.714771
v 3.478462 23.024141 -14.712692
v 3.366982 23.040562 -14.652
v 4.063322 23.023209 -14.716136
v 4.167343 23.040562 -14.652
v 3.478462 23.024141 -14.712692
v 3.45728 23.018608 -14.733138
v 3.366982 23.040562 -14.652
v 3.457283 22.862123 -15.311478
v 3.359389 22.829266 -15.420864
v 3.366977 22.834286 -15.41436
v 3.359389 23.039509 -14.643852
v 4.167343 23.040562 -14.652
v 4.174934 23.039509 -14.64385
v 3.366982 23.040562 -14.652
v 3.366982 23.040562 -14.652
v 3.459435 23.021038 -14.724151
v 3.469153 23.023577 -14.714771
v 3.469153 23.023577 -14.714771
v 3.466297 23.017124 -14.726568
v 3.464874 23.015457 -14.732738
v 3.45728 23.018608 -14.733138
v 3.469141 23.009434 -14.72593
v 3.473902 23.01068 -14.721334
v 3.46802 23.00808 -14.73093
v 3.46802 22.93242 -14.710457
v 3.469141 22.933773 -14.705458
v 3.473902 22.935017 -14.700863
v 3.479081 23.010971 -14.720252
v 3.479081 22.93531 -14.69978
v 4.057784 23.010086 -14.723524
v 4.057784 22.934423 -14.703051
v 4.057784 22.774063 -15.295715
v 4.057789 22.849724 -15.316186
v 3.479081 22.773367 -15.298285
v 3.479081 22.849031 -15.318756
v 3.473902 22.849321 -15.317674
v 3.473902 22.773663 -15.297201
v 3.469141 22.850565 -15.313078
v 3.46802 22.851917 -15.30808
v 3.46802 22.776255 -15.287606
v 3.464869 22.859198 -15.310236
v 3.466297 22.857529 -15.316404
v 3.472509 22.855907 -15.322401
v 3.457283 22.862123 -15.311478
v 3.469153 22.857151 -15.329846
v 3.459435 22.859688 -15.320467
v 3.478899 22.855534 -15.323777
v 3.478462 22.85659 -15.331925
v 3.459435 22.859688 -15.320467
v 3.366977 22.834286 -15.41436
v 3.469153 22.857151 -15.329846
v 3.478462 22.85659 -15.331925
v 4.060935 22.85623 -15.321206
v 4.167343 22.834286 -15.41436
v 3.478462 22.85659 -15.331925
v 4.066516 22.85781 -15.327418
v 4.06332 22.85733 -15.329184
v 4.167343 22.834286 -15.41436
v 4.06332 22.85733 -15.329184
v 4.174934 22.829266 -15.420864
v 4.167343 22.834286 -15.41436
v 4.068346 23.021898 -14.720985
v 4.068346 22.85864 -15.324334
v 4.167343 23.040562 -14.652
v 4.068346 22.85864 -15.324334
v 4.068346 22.85864 -15.324334
v 4.068346 23.021898 -14.720985
v 4.066516 23.022732 -14.7179
v 4.167343 23.040562 -14.652
v 4.066516 23.022732 -14.7179
v 4.063322 23.023209 -14.716136
v 4.167343 23.040562 -14.652
v 4.063322 23.023209 -14.716136
v 3.35624 22.821117 -15.42192
v 4.17808 22.821117 -15.42192
v 4.17808 23.033003 -14.638831
v 4.17808 22.957342 -14.61836
v 4.17808 22.745455 -15.401446
v 3.35624 22.745455 -15.401447
v 3.35624 22.957342 -14.618359
v 3.35624 23.033003 -14.638832
v 3.457283 22.862123 -15.311478
v 4.430672 23.01912 -14.719196
v 5.012708 23.018234 -14.722469
v 4.430235 23.024141 -14.712692
v 4.424282 23.018745 -14.720572
v 4.420926 23.023577 -14.714771
v 4.430235 23.024141 -14.712692
v 4.318755 23.040562 -14.652
v 5.015094 23.023209 -14.716136
v 5.119116 23.040562 -14.652
v 4.430235 23.024141 -14.712692
v 4.409053 23.018608 -14.733138
v 4.318755 23.040562 -14.652
v 4.409056 22.862123 -15.311478
v 4.311162 22.829266 -15.420864
v 4.31875 22.834286 -15.41436
v 4.311162 23.039509 -14.643852
v 5.119116 23.040562 -14.652
v 5.126707 23.039509 -14.64385
v 4.318755 23.040562 -14.652
v 4.318755 23.040562 -14.652
v 4.411208 23.021038 -14.724151
v 4.420926 23.023577 -14.714771
v 4.418069 23.017124 -14.726568
v 4.416646 23.015457 -14.732738
v 4.409053 23.018608 -14.733138
v 4.420914 23.009434 -14.72593
v 4.425675 23.01068 -14.721334
v 4.419792 22.93242 -14.710457
v 4.420914 22.933773 -14.705458
v 4.419792 23.00808 -14.73093
v 4.425675 22.935017 -14.700863
v 4.430854 23.010971 -14.720252
v 4.430854 22.93531 -14.69978
v 5.009556 23.010086 -14.723524
v 5.009556 22.934423 -14.703051
v 5.009556 22.774063 -15.295715
v 5.009561 22.849724 -15.316186
v 4.430854 22.773367 -15.298285
v 4.430854 22.849031 -15.318756
v 4.425675 22.849321 -15.317674
v 4.425675 22.773663 -15.297201
v 4.420914 22.850565 -15.313078
v 4.420914 22.774902 -15.292606
v 4.419792 22.851917 -15.30808
v 4.416641 22.859198 -15.310236
v 4.418069 22.857529 -15.316404
v 4.424282 22.855907 -15.322401
v 4.409056 22.862123 -15.311478
v 4.420926 22.857151 -15.329846
v 4.411208 22.859688 -15.320467
v 4.430672 22.855534 -15.323777
v 4.430235 22.85659 -15.331925
v 4.411208 22.859688 -15.320467
v 4.31875 22.834286 -15.41436
v 4.420926 22.857151 -15.329846
v 4.420926 22.857151 -15.329846
v 4.430235 22.85659 -15.331925
v 5.012708 22.85623 -15.321206
v 5.119116 22.834286 -15.41436
v 4.430235 22.85659 -15.331925
v 5.018288 22.85781 -15.327418
v 5.015092 22.85733 -15.329184
v 5.119116 22.834286 -15.41436
v 5.015092 22.85733 -15.329184
v 5.126707 22.829266 -15.420864
v 5.119116 22.834286 -15.41436
v 5.020119 23.021898 -14.720985
v 5.020119 22.85864 -15.324334
v 5.119116 23.040562 -14.652
v 5.119116 22.834286 -15.41436
v 5.020119 22.85864 -15.324334
v 5.020119 23.021898 -14.720985
v 5.018288 23.022732 -14.7179
v 5.119116 23.040562 -14.652
v 5.018288 23.022732 -14.7179
v 5.015094 23.023209 -14.716136
v 4.308013 22.821117 -15.42192
v 5.129853 22.821117 -15.42192
v 5.129853 23.033003 -14.638831
v 5.129853 22.957342 -14.61836
v 5.129853 22.745455 -15.401446
v 4.308013 22.745455 -15.401447
v 4.308013 22.957342 -14.618359
v 4.308013 23.033003 -14.638832
v 4.409056 22.862123 -15.311478
v 4.419792 22.776255 -15.287606
v 5.366622 23.01912 -14.719196
v 5.948658 23.018234 -14.722469
v 5.366185 23.024141 -14.712692
v 5.360232 23.018745 -14.720572
v 5.356877 23.023577 -14.714771
v 5.366185 23.024141 -14.712692
v 5.254705 23.040562 -14.652
v 5.951046 23.023209 -14.716136
v 6.055066 23.040562 -14.652
v 5.366185 23.024141 -14.712692
v 5.345004 23.018608 -14.733138
v 5.254705 23.040562 -14.652
v 5.345006 22.862123 -15.311478
v 5.247112 22.829266 -15.420864
v 5.254701 22.834286 -15.41436
v 5.247112 23.039509 -14.643852
v 6.055066 23.040562 -14.652
v 6.062657 23.039509 -14.64385
v 5.254705 23.040562 -14.652
v 5.254705 23.040562 -14.652
v 5.347158 23.021038 -14.724151
v 5.356877 23.023577 -14.714771
v 5.35402 23.017124 -14.726568
v 5.352597 23.015457 -14.732738
v 5.345004 23.018608 -14.733138
v 5.356864 23.009434 -14.72593
v 5.361626 23.01068 -14.721334
v 5.355742 22.93242 -14.710457
v 5.356864 22.933773 -14.705458
v 5.355742 23.00808 -14.73093
v 5.361626 22.935017 -14.700863
v 5.366805 23.010971 -14.720252
v 5.366805 22.93531 -14.69978
v 5.945507 22.934423 -14.703051
v 5.945507 23.010086 -14.723524
v 5.945507 22.774063 -15.295715
v 5.945511 22.849724 -15.316186
v 5.366805 22.773367 -15.298285
v 5.366805 22.849031 -15.318756
v 5.361626 22.849321 -15.317674
v 5.361626 22.773663 -15.297201
v 5.356864 22.850565 -15.313078
v 5.355742 22.851917 -15.30808
v 5.355742 22.776255 -15.287606
v 5.352592 22.859198 -15.310236
v 5.35402 22.857529 -15.316404
v 5.360232 22.855907 -15.322401
v 5.345006 22.862123 -15.311478
v 5.356877 22.857151 -15.329846
v 5.347158 22.859688 -15.320467
v 5.366622 22.855534 -15.323777
v 5.366185 22.85659 -15.331925
v 5.347158 22.859688 -15.320467
v 5.254701 22.834286 -15.41436
v 5.356877 22.857151 -15.329846
v 5.356877 22.857151 -15.329846
v 5.366185 22.85659 -15.331925
v 5.948658 22.85623 -15.321206
v 6.055066 22.834286 -15.41436
v 5.366185 22.85659 -15.331925
v 5.954238 22.85781 -15.327418
v 5.951042 22.85733 -15.329184
v 6.055066 22.834286 -15.41436
v 5.951042 22.85733 -15.329184
v 6.062657 22.829266 -15.420864
v 6.055066 22.834286 -15.41436
v 5.956069 23.021898 -14.720985
v 5.956069 22.85864 -15.324334
v 6.055066 23.040562 -14.652
v 6.055066 22.834286 -15.41436
v 5.956069 22.85864 -15.324334
v 5.956069 22.85864 -15.324334
v 5.956069 23.021898 -14.720985
v 5.954238 23.022732 -14.7179
v 6.055066 23.040562 -14.652
v 5.954238 23.022732 -14.7179
v 5.951046 23.023209 -14.716136
v 5.243964 22.821117 -15.42192
v 6.065803 22.821117 -15.42192
v 6.065803 23.033003 -14.638832
v 6.065803 22.957342 -14.61836
v 6.065803 22.745455 -15.401446
v 5.243964 22.745455 -15.401447
v 5.243964 22.957342 -14.618359
v 5.243964 23.033003 -14.638832
v 5.345006 22.862123 -15.311478
v 6.065304 23.157112 -14.58622
v 6.063786 23.155354 -14.592743
v 6.076629 23.159777 -14.587631
v 6.057134 23.153627 -14.599165
v 6.074025 23.15688 -14.598362
v 6.203183 23.224968 -14.346402
v 6.076629 23.159777 -14.587631
v 6.068072 23.140963 -14.65735
v 6.065304 23.209593 -14.391179
v 6.076629 23.212719 -14.391369
v 6.056525 23.15246 -14.584393
v 6.055853 23.151596 -14.587658
v 6.056525 23.203955 -14.390126
v 6.050861 23.191269 -14.386914
v 6.050861 23.141592 -14.581011
v 6.050727 23.141302 -14.582148
v 6.050861 22.80312 -14.278304
v 6.050861 22.804342 -14.486544
v 6.050727 22.804348 -14.487764
v 6.049548 23.141268 -14.58228
v 6.049875 23.150759 -14.590821
v 6.049548 22.804348 -14.487906
v 6.053253 23.150928 -14.590172
v 6.050382 23.153234 -14.60063
v 6.05103 23.15309 -14.612341
v 5.158989 23.153234 -14.60063
v 5.159204 23.152327 -14.612137
v 6.05103 23.15309 -14.612341
v 6.068072 23.140963 -14.65735
v 6.062145 23.153778 -14.609827
v 5.159204 23.152327 -14.612137
v 5.236639 23.140196 -14.657378
v 6.05103 23.15309 -14.612341
v 6.050414 23.131416 -14.665409
v 6.068072 23.140963 -14.65735
v 5.255715 23.131397 -14.665476
v 6.053609 23.12953 -14.672263
v 6.068072 22.929844 -15.439985
v 6.053609 22.927761 -15.417951
v 6.047618 22.926168 -15.423844
v 5.236776 22.92943 -15.438707
v 5.258433 22.926264 -15.423535
v 5.236776 22.92943 -15.438707
v 5.192948 22.867302 -15.668871
v 6.068072 22.929844 -15.439985
v 6.204381 22.878487 -15.630837
v 6.068072 22.929844 -15.439985
v 6.202149 22.874004 -15.647432
v 6.18485 22.869223 -15.665111
v 6.169143 22.868134 -15.669091
v 6.169143 22.868134 -15.669091
v 6.176148 22.858107 -15.683292
v 6.18485 22.869223 -15.665111
v 6.202149 22.874004 -15.647432
v 6.211886 22.864199 -15.66083
v 6.179054 22.842447 -15.685822
v 6.193068 22.859207 -15.679276
v 6.215924 22.848623 -15.663043
v 5.195821 22.841614 -15.685578
v 5.194977 22.857273 -15.683056
v 4.213806 22.856438 -15.682819
v 5.192948 22.867302 -15.668871
v 4.216753 22.86647 -15.668652
v 5.195829 22.811337 -15.676756
v 6.179063 22.811337 -15.676755
v 4.212596 22.811337 -15.676756
v 4.212588 22.840782 -15.685335
v 3.229362 22.811337 -15.676756
v 3.229354 22.839949 -15.685093
v 3.211938 22.811314 -15.672409
v 3.211932 22.841024 -15.681055
v 3.232633 22.855606 -15.682583
v 3.2157 22.856672 -15.678587
v 3.192484 22.846066 -15.662295
v 3.192492 22.811193 -15.652191
v 3.193658 22.866133 -15.643444
v 3.188758 22.850601 -15.645475
v 3.196868 22.861624 -15.660158
v 3.188309 22.811087 -15.634079
v 3.188312 22.802786 -14.222309
v 3.188975 23.204273 -14.334372
v 3.193094 23.20875 -14.317791
v 3.194082 23.217775 -14.339868
v 3.198405 23.22217 -14.323569
v 3.212241 23.213757 -14.299307
v 3.192492 22.802681 -14.204197
v 3.217537 23.227089 -14.305426
v 3.229412 23.214842 -14.295334
v 3.229362 22.80254 -14.179632
v 3.211938 22.802563 -14.183981
v 6.179063 22.80254 -14.179632
v 6.179038 23.217337 -14.296064
v 6.196487 22.802563 -14.18398
v 3.234821 23.228125 -14.301655
v 6.174176 23.230593 -14.302444
v 6.191314 23.229574 -14.306273
v 6.210384 23.224691 -14.324419
v 6.196211 23.216278 -14.300047
v 6.215934 22.802681 -14.204196
v 6.215357 23.211306 -14.318539
v 6.219477 23.206839 -14.335123
v 6.220116 22.802786 -14.222309
v 6.220116 22.811087 -15.634079
v 6.215934 22.811193 -15.652191
v 6.219642 22.853165 -15.646223
v 6.214691 23.220306 -14.340705
v 6.21508 22.868723 -15.644066
v 6.196475 22.843548 -15.681792
v 6.196485 22.811314 -15.672406
v 6.203183 23.224968 -14.346402
v 6.204381 22.878487 -15.630837
v 6.19842 23.229162 -14.330822
v 6.19842 23.229162 -14.330822
v 6.074025 23.215614 -14.380638
v 6.203183 23.224968 -14.346402
v 6.179509 23.233824 -14.313489
v 6.062145 23.218695 -14.369165
v 6.074025 23.215614 -14.380638
v 6.179509 23.233824 -14.313489
v 6.074025 23.215614 -14.380638
v 6.062145 23.218695 -14.369165
v 6.063786 23.211348 -14.384656
v 6.055853 23.20482 -14.386861
v 6.053253 23.205486 -14.384348
v 6.057134 23.213078 -14.378233
v 6.05103 23.219364 -14.366648
v 6.050379 23.213472 -14.376769
v 6.050724 23.191559 -14.385775
v 6.049548 23.191595 -14.385643
v 6.049875 23.205662 -14.383697
v 5.15871 23.191595 -14.385644
v 5.158819 23.205662 -14.383698
v 5.158987 23.213472 -14.376769
v 4.267764 23.205662 -14.383698
v 4.267871 23.191595 -14.385644
v 5.159204 23.218605 -14.366444
v 4.267594 23.213472 -14.376769
v 4.267377 23.217848 -14.366239
v 4.267377 23.217848 -14.366239
v 5.159204 23.218605 -14.366444
v 6.162437 23.234741 -14.310028
v 3.376201 23.213472 -14.376769
v 3.364439 23.216404 -14.368547
v 3.369447 23.213078 -14.378233
v 3.375551 23.217089 -14.366034
v 3.375551 23.217089 -14.366034
v 3.247881 23.232332 -14.309096
v 3.364439 23.216404 -14.368547
v 3.2303 23.231428 -14.312386
v 3.247881 23.232332 -14.309096
v 3.211184 23.226734 -14.329726
v 3.364439 23.216404 -14.368547
v 3.2303 23.231428 -14.312386
v 3.352559 23.213295 -14.380014
v 3.206367 23.222513 -14.345358
v 3.211184 23.226734 -14.329726
v 3.206367 23.222513 -14.345358
v 3.352559 23.213295 -14.380014
v 3.361279 23.209593 -14.39118
v 3.362795 23.211348 -14.384657
v 3.349954 23.210398 -14.390743
v 3.352559 23.213295 -14.380014
v 3.370054 23.203955 -14.390127
v 3.370728 23.20482 -14.386862
v 3.376708 23.205662 -14.383698
v 3.37333 23.205486 -14.384348
v 3.375857 23.191559 -14.385777
v 3.377033 23.191595 -14.385644
v 3.377033 22.803106 -14.276943
v 3.375857 22.803108 -14.277084
v 4.267871 22.803106 -14.276942
v 5.15871 22.803106 -14.276942
v 6.049548 22.803106 -14.276941
v 6.050724 22.803108 -14.277082
v 3.375722 22.80312 -14.278305
v 3.375722 23.191269 -14.386913
v 3.375722 22.804342 -14.486544
v 3.375722 23.141592 -14.58101
v 3.370054 23.15246 -14.584393
v 3.361279 23.157112 -14.58622
v 3.370728 23.151596 -14.587658
v 3.375859 23.141302 -14.58215
v 3.352558 23.154566 -14.597737
v 3.362795 23.155354 -14.592743
v 3.349954 23.157455 -14.587006
v 3.355293 23.13856 -14.657083
v 3.349954 23.157455 -14.587006
v 3.206367 23.222513 -14.345358
v 3.375551 23.150812 -14.611728
v 3.364439 23.15148 -14.609209
v 3.355293 23.13856 -14.657083
v 3.364439 23.15148 -14.609209
v 3.369447 23.153627 -14.599166
v 3.369742 23.129478 -14.672433
v 3.355293 23.13856 -14.657083
v 3.369735 22.927761 -15.417951
v 3.372735 23.131388 -14.665511
v 4.186818 23.139204 -14.657507
v 4.16792 23.131374 -14.665584
v 4.267377 23.151571 -14.611932
v 3.375551 23.150812 -14.611728
v 4.186818 23.139204 -14.657507
v 3.376204 23.153234 -14.60063
v 3.375551 23.150812 -14.611728
v 4.267597 23.153234 -14.60063
v 4.267377 23.151571 -14.611932
v 4.303616 23.141191 -14.650534
v 5.159204 23.152327 -14.612137
v 4.303616 23.141191 -14.650534
v 4.267377 23.151571 -14.611932
v 4.18668 22.928246 -15.439554
v 4.303616 23.141191 -14.650534
v 4.303575 22.928345 -15.439581
v 4.31733 23.13052 -14.668614
v 4.323945 23.131878 -14.663559
v 5.130419 23.141886 -14.65076
v 5.109575 23.131878 -14.66357
v 4.323525 22.926168 -15.423844
v 5.110445 22.926264 -15.423537
v 4.317318 22.92765 -15.418386
v 5.130419 22.92934 -15.438684
v 4.303575 22.928345 -15.439581
v 5.192948 22.867302 -15.668871
v 4.18668 22.928246 -15.439554
v 4.216753 22.86647 -15.668652
v 4.303575 22.928345 -15.439581
v 3.355272 22.927536 -15.439363
v 4.216753 22.86647 -15.668652
v 3.240559 22.865639 -15.66843
v 3.224803 22.866673 -15.664547
v 3.224803 22.866673 -15.664547
v 3.240559 22.865639 -15.66843
v 3.355272 22.927536 -15.439363
v 3.20746 22.871405 -15.646949
v 3.224803 22.866673 -15.664547
v 3.20517 22.875832 -15.630527
v 3.20746 22.871405 -15.646949
v 3.20517 22.875832 -15.630527
v 4.18668 22.928246 -15.439554
v 4.169683 22.928102 -15.416583
v 4.16445 22.926168 -15.423844
v 3.375727 22.926168 -15.423844
v 3.355272 22.927536 -15.439363
v 3.396182 22.913876 -15.413916
v 4.142219 22.913876 -15.413916
v 4.163329 22.926304 -15.417314
v 3.381718 22.91533 -15.408098
v 3.375727 22.926231 -15.417587
v 3.375727 22.919212 -15.394161
v 3.375727 23.111029 -14.685263
v 3.381718 22.81588 -15.378345
v 3.375727 22.82196 -14.599962
v 3.375727 22.816 -15.363283
v 3.381718 23.114902 -14.671326
v 3.375124 23.128492 -14.670233
v 3.381718 22.822079 -14.584917
v 3.396182 23.116377 -14.665514
v 3.396182 22.822126 -14.578684
v 4.142214 23.116377 -14.665514
v 4.156678 23.114902 -14.671327
v 4.156683 22.822079 -14.584917
v 4.164041 23.128422 -14.670511
v 4.169714 23.129097 -14.673718
v 4.16267 23.111029 -14.685263
v 4.162674 22.919212 -15.394161
v 4.162674 22.82196 -14.599962
v 4.162674 22.816 -15.363284
v 4.156683 22.91533 -15.408098
v 4.156683 22.81588 -15.378347
v 4.142219 22.815828 -15.384586
v 3.396182 22.815828 -15.384584
v 5.115955 22.927912 -15.417406
v 5.130419 22.92934 -15.438684
v 5.115955 23.130394 -14.669075
v 5.130419 22.92934 -15.438684
v 5.236776 22.92943 -15.438707
v 5.159204 23.152327 -14.612137
v 5.130419 22.92934 -15.438684
v 4.343476 22.913876 -15.413916
v 5.089509 22.913877 -15.413917
v 5.110061 22.926289 -15.417387
v 5.103973 22.91533 -15.408098
v 5.109964 22.919212 -15.394162
v 5.089509 22.815828 -15.384584
v 5.103973 22.81588 -15.378346
v 5.109964 22.82196 -14.599962
v 5.109964 22.816 -15.363283
v 5.109964 23.111029 -14.685264
v 5.103973 23.114902 -14.671327
v 5.089509 23.116377 -14.665515
v 5.103973 22.822079 -14.584917
v 4.343477 22.822126 -14.578684
v 5.089509 22.822126 -14.578684
v 4.343477 23.116377 -14.665514
v 4.329013 23.114902 -14.671326
v 4.329013 22.822079 -14.584917
v 4.323022 23.111029 -14.685263
v 4.323022 22.82196 -14.599962
v 4.323017 22.816 -15.363282
v 4.329012 22.91533 -15.408097
v 4.329008 22.81588 -15.378345
v 4.323021 22.919212 -15.394161
v 4.343472 22.815828 -15.384584
v 4.323208 22.926207 -15.417674
v 4.323296 23.128859 -14.668898
v 5.109886 23.128834 -14.668994
v 4.267764 23.150759 -14.590821
v 3.376708 23.150759 -14.590822
v 5.158819 23.150759 -14.590821
v 4.267871 23.141268 -14.582281
v 3.377033 23.141268 -14.582281
v 5.15871 23.141268 -14.58228
v 4.267871 22.804348 -14.487906
v 3.377033 22.804348 -14.487906
v 5.15871 22.804348 -14.487906
v 3.375859 22.804348 -14.487765
v 3.37333 23.150928 -14.590172
v 6.162437 23.234741 -14.310028
v 6.179509 23.233824 -14.313489
v 6.162437 23.234741 -14.310028
v 6.062145 23.218695 -14.369165
v 5.253696 22.92823 -15.416113
v 5.253659 23.12916 -14.673511
v 5.236639 23.140196 -14.657378
v 5.260674 23.111029 -14.685263
v 5.260674 22.919212 -15.394161
v 5.259934 22.92636 -15.417128
v 5.266665 23.114902 -14.671326
v 5.260674 22.82196 -14.599962
v 5.260674 22.816 -15.363283
v 5.266665 22.91533 -15.408098
v 5.266665 22.81588 -15.378345
v 5.281128 22.913876 -15.413916
v 5.281128 22.815828 -15.384584
v 6.027163 22.913876 -15.413916
v 6.027163 22.815828 -15.384584
v 6.041626 22.91533 -15.408097
v 6.047618 22.919212 -15.394161
v 6.041626 22.81588 -15.378346
v 6.047618 22.82196 -14.599962
v 6.047618 22.816 -15.363283
v 6.047618 23.111029 -14.685263
v 6.041626 23.114902 -14.671326
v 6.027163 23.116377 -14.665514
v 6.041626 22.822079 -14.584917
v 5.281128 23.116377 -14.665514
v 5.281128 22.822126 -14.578684
v 5.266665 22.822079 -14.584917
v 5.259371 23.128445 -14.670438
v 6.048183 23.128515 -14.670169
v 6.047618 22.926231 -15.417586
v 6.063207 23.145922 -14.366904
v 3.367085 23.145922 -14.366904
v 6.063207 23.089022 -14.577209
v 1.671756 22.836557 -13.585822
v 1.655291 22.835188 -13.600107
v 1.659977 22.835209 -13.604168
v 1.65194 22.83516 -13.594891
v 1.665616 22.835222 -13.606745
v 1.650189 22.835127 -13.588941
v 1.650189 22.835096 -13.58274
v 1.671756 22.835228 -13.607627
v 1.671756 22.834995 -13.564053
v 1.665616 22.835001 -13.564936
v 1.677893 22.835001 -13.564936
v 1.659977 22.835012 -13.567512
v 1.688218 22.835035 -13.571573
v 1.683531 22.835012 -13.567512
v 1.691574 22.835064 -13.576789
v 1.651935 22.835064 -13.576789
v 1.655291 22.835035 -13.571571
v 1.683531 22.835209 -13.604168
v 1.688218 22.835188 -13.600107
v 1.677893 22.835222 -13.606745
v 1.691574 22.83516 -13.594891
v 1.693319 22.835096 -13.582739
v 1.693319 22.835127 -13.588941
v 1.729605 22.824183 -13.57766
v 1.729605 22.82427 -13.594295
v 1.724916 22.824352 -13.610254
v 1.747519 22.805967 -13.597099
v 1.747519 22.805851 -13.575313
v 1.747519 22.79568 -13.57544
v 1.741381 22.80608 -13.618005
v 1.747519 22.795795 -13.597228
v 1.741381 22.80574 -13.554409
v 1.741381 22.795567 -13.554536
v 1.729605 22.805641 -13.53608
v 1.729605 22.795471 -13.536207
v 1.715922 22.82402 -13.547704
v 1.724916 22.824099 -13.561697
v 1.703352 22.823965 -13.53681
v 1.713135 22.805569 -13.521812
v 1.71314 22.795397 -13.52194
v 1.693319 22.80552 -13.512762
v 1.693319 22.79535 -13.512889
v 1.688218 22.823929 -13.5299
v 1.671756 22.8055 -13.509661
v 1.671756 22.795332 -13.509789
v 1.671756 22.823915 -13.527533
v 1.655291 22.823929 -13.5299
v 1.630373 22.805569 -13.521812
v 1.640157 22.823965 -13.53681
v 1.650189 22.80552 -13.512762
v 1.650189 22.79535 -13.512889
v 1.630373 22.795397 -13.52194
v 1.613906 22.795471 -13.536208
v 1.613906 22.805641 -13.53608
v 1.627587 22.824018 -13.547703
v 1.602128 22.80574 -13.554407
v 1.618593 22.824099 -13.561697
v 1.602128 22.795567 -13.554536
v 1.59599 22.805851 -13.575314
v 1.613906 22.824183 -13.57766
v 1.59599 22.79568 -13.57544
v 1.59599 22.805967 -13.5971
v 1.613906 22.82427 -13.594294
v 1.59599 22.795795 -13.597227
v 1.602128 22.795906 -13.618133
v 1.602128 22.80608 -13.618004
v 1.618593 22.824352 -13.610254
v 1.613906 22.806175 -13.636333
v 1.627587 22.824429 -13.624249
v 1.630373 22.80625 -13.650601
v 1.640157 22.824488 -13.635143
v 1.630373 22.79608 -13.650728
v 1.613906 22.796003 -13.636461
v 1.650189 22.796127 -13.659779
v 1.650189 22.8063 -13.659652
v 1.671756 22.796144 -13.66288
v 1.671756 22.806316 -13.662752
v 1.693319 22.8063 -13.659652
v 1.693319 22.796127 -13.659779
v 1.688218 22.824522 -13.642054
v 1.671756 22.824535 -13.644421
v 1.655291 22.824522 -13.642054
v 1.703352 22.824488 -13.635143
v 1.71314 22.80625 -13.650601
v 1.715922 22.824429 -13.624249
v 1.729605 22.806175 -13.636333
v 1.729605 22.796003 -13.636461
v 1.713135 22.79608 -13.650728
v 1.741381 22.795906 -13.618132
v 1.928545 22.751863 -11.483727
v 1.889558 22.73572 -11.483467
v 1.923009 22.757433 -11.480821
v 1.889558 22.743576 -11.480598
v 1.85611 22.757433 -11.480822
v 1.850575 22.751863 -11.483728
v 1.842253 22.790888 -11.481359
v 1.834426 22.790857 -11.484356
v 1.85611 22.82434 -11.481899
v 1.850575 22.82985 -11.484983
v 1.889558 22.8382 -11.482122
v 1.889558 22.845995 -11.485244
v 1.928545 22.82985 -11.484983
v 1.944693 22.790857 -11.484356
v 1.923009 22.82434 -11.481899
v 1.936866 22.790888 -11.481359
v 1.930836 22.832066 -11.492252
v 1.947935 22.790783 -11.491588
v 1.930836 22.7495 -11.490922
v 1.889558 22.732399 -11.490647
v 1.889558 22.729557 -11.773056
v 1.930836 22.74666 -11.773331
v 1.947935 22.787943 -11.773996
v 1.928545 22.748877 -11.7806
v 1.889558 22.732729 -11.780338
v 1.928545 22.826862 -11.781856
v 1.944693 22.78787 -11.781227
v 1.930836 22.829226 -11.77466
v 1.923009 22.821293 -11.784761
v 1.936866 22.787838 -11.784223
v 1.923009 22.754383 -11.783684
v 1.889558 22.740526 -11.783461
v 1.850575 22.748877 -11.7806
v 1.85611 22.754383 -11.783684
v 1.834426 22.78787 -11.781227
v 1.842253 22.787838 -11.784223
v 1.850575 22.826862 -11.781855
v 1.85611 22.821293 -11.784761
v 1.889558 22.843008 -11.782116
v 1.889558 22.83515 -11.784985
v 1.848284 22.829226 -11.77466
v 1.889558 22.846325 -11.774937
v 1.889558 22.849169 -11.492528
v 1.848284 22.832066 -11.492252
v 1.831184 22.790783 -11.491588
v 1.831184 22.787943 -11.773996
v 1.848284 22.7495 -11.490922
v 1.848284 22.74666 -11.773331
v 1.944639 22.79311 -11.809793
v 1.928491 22.754112 -11.809603
v 1.936859 22.79309 -11.806667
v 1.889512 22.73796 -11.808985
v 1.923003 22.759626 -11.806503
v 1.889558 22.74577 -11.805974
v 1.856112 22.759624 -11.805389
v 1.850531 22.754105 -11.808304
v 1.84226 22.793076 -11.805092
v 1.834387 22.793097 -11.807958
v 1.856112 22.826536 -11.805256
v 1.850533 22.832088 -11.808147
v 1.889558 22.840395 -11.805786
v 1.889512 22.848242 -11.808765
v 1.928493 22.832098 -11.809446
v 1.923007 22.82654 -11.806371
v 1.930675 22.83444 -11.816711
v 1.947769 22.793158 -11.817078
v 1.8894 22.851536 -11.815989
v 1.943399 22.795069 -12.099485
v 1.9263 22.836351 -12.099117
v 1.884918 22.850254 -12.105635
v 1.923894 22.834106 -12.106316
v 1.88503 22.853447 -12.098396
v 1.940046 22.795118 -12.106663
v 1.843758 22.83634 -12.097744
v 1.845937 22.834099 -12.105017
v 1.848128 22.83443 -11.815337
v 1.851426 22.828583 -12.108116
v 1.884872 22.842445 -12.108644
v 1.918316 22.82859 -12.109229
v 1.932173 22.79514 -12.109527
v 1.918316 22.761679 -12.109363
v 1.884872 22.747816 -12.108833
v 1.923897 22.75612 -12.106471
v 1.884918 22.73997 -12.105854
v 1.845937 22.756117 -12.105172
v 1.851426 22.761673 -12.108249
v 1.829793 22.795105 -12.104827
v 1.837573 22.795128 -12.107952
v 1.843758 22.753775 -12.097908
v 1.826663 22.795057 -12.097542
v 1.831034 22.793146 -11.815134
v 1.848128 22.751863 -11.815502
v 1.8894 22.734768 -11.816222
v 1.88503 22.736677 -12.09863
v 1.93067 22.751871 -11.816875
v 1.9263 22.753782 -12.099283
v 1.928463 22.85625 -15.379522
v 1.944603 22.817259 -15.380017
v 1.923001 22.85069 -15.376396
v 1.928461 22.778265 -15.379677
v 1.93685 22.817238 -15.376821
v 1.889487 22.762108 -15.378704
v 1.923001 22.78378 -15.376529
v 1.850513 22.77825 -15.377665
v 1.889559 22.769915 -15.375693
v 1.856119 22.783768 -15.374802
v 1.842266 22.81722 -15.374378
v 1.834369 22.817238 -15.377171
v 1.856119 22.85068 -15.374668
v 1.850516 22.856232 -15.377508
v 1.889559 22.864542 -15.375504
v 1.889487 22.872393 -15.378484
v 1.848048 22.858578 -15.384674
v 1.889313 22.875685 -15.385707
v 1.93058 22.85859 -15.386806
v 1.94767 22.817307 -15.387331
v 1.94089 22.81922 -15.669685
v 1.923798 22.8605 -15.669162
v 1.88236 22.874397 -15.675299
v 1.921331 22.858257 -15.676337
v 1.882533 22.87759 -15.668063
v 1.937475 22.819267 -15.676832
v 1.841268 22.860485 -15.667032
v 1.843388 22.85824 -15.674326
v 1.848847 22.852726 -15.677474
v 1.882288 22.866589 -15.678309
v 1.915728 22.85274 -15.6792
v 1.929579 22.819286 -15.679625
v 1.921333 22.780272 -15.676492
v 1.915728 22.785826 -15.679333
v 1.923798 22.777931 -15.669326
v 1.882288 22.771965 -15.678496
v 1.88236 22.764116 -15.675517
v 1.882533 22.760826 -15.668294
v 1.841268 22.777916 -15.667194
v 1.848847 22.785814 -15.677606
v 1.843388 22.780262 -15.674479
v 1.827244 22.819248 -15.673985
v 1.834997 22.81927 -15.677182
v 1.824177 22.819199 -15.666672
v 1.830954 22.81729 -15.384316
v 1.848048 22.776007 -15.384839
v 1.889313 22.758911 -15.385941
v 1.93058 22.77602 -15.386971
v 1.944693 22.815054 -15.054074
v 1.928544 22.776062 -15.054152
v 1.936866 22.815035 -15.051079
v 1.923009 22.84849 -15.051012
v 1.889559 22.75991 -15.054184
v 1.923009 22.781578 -15.051146
v 1.889559 22.767721 -15.051172
v 1.856111 22.781578 -15.051146
v 1.850576 22.776062 -15.054152
v 1.842254 22.815035 -15.051079
v 1.834427 22.815054 -15.054074
v 1.856111 22.84849 -15.051012
v 1.850576 22.854046 -15.053997
v 1.889559 22.862345 -15.050984
v 1.889559 22.870195 -15.053965
v 1.928544 22.854046 -15.053997
v 1.848284 22.856386 -15.061224
v 1.889559 22.873487 -15.06119
v 1.930836 22.856386 -15.061224
v 1.947935 22.815104 -15.061306
v 1.947935 22.817013 -15.34375
v 1.930836 22.858297 -15.343667
v 1.889559 22.872204 -15.350872
v 1.928544 22.856052 -15.350904
v 1.889559 22.875397 -15.343634
v 1.944693 22.817062 -15.350982
v 1.928544 22.77807 -15.351059
v 1.930836 22.773819 -15.061388
v 1.930836 22.775726 -15.343831
v 1.889559 22.76192 -15.351091
v 1.889559 22.756718 -15.061422
v 1.889559 22.758629 -15.343866
v 1.848284 22.773819 -15.061388
v 1.848284 22.775726 -15.343832
v 1.831185 22.815104 -15.061306
v 1.850576 22.77807 -15.35106
v 1.831185 22.817013 -15.34375
v 1.834427 22.817062 -15.350982
v 1.848284 22.858297 -15.343668
v 1.850576 22.856052 -15.350904
v 1.842254 22.817081 -15.353977
v 1.856111 22.850538 -15.35391
v 1.889559 22.864395 -15.353884
v 1.923009 22.850538 -15.35391
v 1.936866 22.817081 -15.353977
v 1.923009 22.783625 -15.354043
v 1.889559 22.769772 -15.354072
v 1.856111 22.783625 -15.354044
v 1.944724 22.812853 -14.728795
v 1.928578 22.773867 -14.729095
v 1.93686 22.812834 -14.725908
v 1.923007 22.84629 -14.726031
v 1.889597 22.757715 -14.729664
v 1.923007 22.77938 -14.726165
v 1.889559 22.765524 -14.726653
v 1.856111 22.779385 -14.727085
v 1.850614 22.773869 -14.730168
v 1.842256 22.812843 -14.727209
v 1.834468 22.812868 -14.730312
v 1.856111 22.846298 -14.726953
v 1.850616 22.851852 -14.730013
v 1.889559 22.86015 -14.726465
v 1.889597 22.868 -14.729445
v 1.928579 22.851847 -14.72894
v 1.848415 22.854197 -14.73727
v 1.88969 22.871292 -14.73667
v 1.930964 22.854185 -14.736135
v 1.948059 22.812904 -14.735982
v 1.934576 22.856098 -15.018554
v 1.951675 22.814812 -15.0184
v 1.893396 22.870007 -15.026325
v 1.932377 22.853855 -15.025822
v 1.893303 22.8732 -15.019088
v 1.948526 22.814861 -15.025677
v 1.932375 22.775871 -15.025976
v 1.930964 22.771622 -14.736299
v 1.934576 22.773527 -15.018719
v 1.893396 22.759727 -15.026545
v 1.88969 22.754522 -14.736902
v 1.893303 22.756435 -15.01932
v 1.848415 22.771626 -14.737435
v 1.852031 22.773537 -15.019854
v 1.831318 22.812916 -14.737589
v 1.854415 22.775877 -15.027049
v 1.834932 22.814825 -15.020008
v 1.838266 22.814875 -15.027194
v 1.852031 22.856108 -15.01969
v 1.854417 22.853865 -15.026894
v 1.859988 22.848349 -15.029823
v 1.846131 22.814892 -15.030082
v 1.859988 22.781435 -15.029957
v 1.893434 22.767574 -15.029524
v 1.92688 22.781427 -15.029037
v 1.940737 22.814882 -15.02878
v 1.92688 22.84834 -15.028904
v 1.893434 22.862198 -15.029337
v 1.944693 22.810717 -14.405033
v 1.928543 22.849695 -14.40425
v 1.947935 22.810886 -14.412264
v 1.930836 22.769613 -14.413094
v 1.930836 22.776276 -14.695485
v 1.930836 22.852158 -14.411434
v 1.947935 22.81755 -14.694656
v 1.928543 22.856699 -14.701103
v 1.944693 22.817719 -14.701886
v 1.930836 22.85882 -14.693827
v 1.928543 22.778736 -14.702669
v 1.889559 22.762594 -14.702994
v 1.889559 22.752518 -14.413436
v 1.889559 22.759182 -14.695829
v 1.848284 22.776276 -14.695486
v 1.848284 22.769613 -14.413094
v 1.889559 22.755589 -14.406141
v 1.850577 22.771736 -14.405817
v 1.928543 22.771736 -14.405817
v 1.834427 22.810717 -14.405033
v 1.831185 22.810886 -14.412264
v 1.850576 22.849695 -14.40425
v 1.831185 22.81755 -14.694656
v 1.848284 22.852158 -14.411434
v 1.850576 22.778736 -14.70267
v 1.834427 22.817719 -14.701886
v 1.848284 22.85882 -14.693827
v 1.850577 22.856699 -14.701103
v 1.889559 22.875916 -14.693483
v 1.889559 22.869253 -14.411091
v 1.889559 22.872845 -14.700779
v 1.889559 22.865847 -14.403925
v 1.889559 22.857944 -14.401089
v 1.856111 22.84409 -14.401367
v 1.936865 22.810644 -14.402039
v 1.923008 22.84409 -14.401367
v 1.923008 22.777199 -14.402711
v 1.889559 22.76334 -14.402988
v 1.856111 22.777199 -14.402711
v 1.842254 22.810644 -14.402039
v 1.856111 22.851234 -14.704209
v 1.889559 22.86509 -14.703931
v 1.923008 22.851234 -14.704209
v 1.936865 22.81779 -14.704882
v 1.923008 22.784344 -14.705553
v 1.889559 22.770489 -14.705832
v 1.856111 22.784344 -14.705553
v 1.842254 22.81779 -14.704882
v 1.930836 22.766903 -14.086331
v 1.889559 22.749811 -14.085747
v 1.928544 22.76939 -14.079181
v 1.889559 22.753244 -14.078629
v 1.850575 22.76939 -14.079181
v 1.889559 22.742214 -14.368032
v 1.848284 22.766903 -14.086331
v 1.928542 22.761404 -14.375925
v 1.889559 22.74526 -14.375372
v 1.930836 22.759308 -14.368617
v 1.848284 22.759308 -14.368618
v 1.850577 22.761404 -14.375925
v 1.831185 22.80058 -14.370028
v 1.831185 22.80817 -14.087744
v 1.834426 22.800385 -14.377258
v 1.848284 22.841846 -14.371441
v 1.848284 22.84944 -14.089155
v 1.834426 22.808365 -14.080514
v 1.850575 22.847345 -14.081846
v 1.889559 22.86349 -14.082399
v 1.889559 22.866535 -14.089739
v 1.930836 22.84944 -14.089155
v 1.930836 22.841846 -14.371441
v 1.850575 22.83936 -14.378592
v 1.889559 22.858944 -14.372026
v 1.889559 22.855509 -14.379145
v 1.928544 22.83936 -14.378592
v 1.944694 22.800385 -14.377258
v 1.947935 22.80817 -14.087744
v 1.947935 22.80058 -14.370029
v 1.944694 22.808365 -14.080514
v 1.928545 22.847345 -14.081846
v 1.936867 22.808447 -14.077519
v 1.92301 22.84189 -14.078663
v 1.92301 22.775003 -14.076376
v 1.889559 22.761152 -14.075902
v 1.85611 22.775003 -14.076376
v 1.842253 22.808447 -14.077519
v 1.85611 22.84189 -14.078663
v 1.889559 22.855745 -14.079137
v 1.92301 22.833746 -14.381397
v 1.936867 22.8003 -14.380254
v 1.92301 22.766857 -14.379108
v 1.889559 22.753006 -14.378634
v 1.85611 22.766857 -14.379109
v 1.842253 22.8003 -14.380253
v 1.85611 22.833746 -14.381397
v 1.889559 22.8476 -14.381872
v 1.930836 22.765038 -13.763309
v 1.889559 22.747942 -13.763343
v 1.928544 22.767284 -13.756072
v 1.889559 22.751133 -13.756104
v 1.850576 22.767284 -13.756072
v 1.889559 22.749847 -14.045786
v 1.848284 22.765038 -13.763309
v 1.928544 22.76929 -14.052979
v 1.889559 22.75314 -14.053011
v 1.930836 22.766945 -14.045753
v 1.848284 22.766945 -14.045753
v 1.850576 22.76929 -14.052979
v 1.831185 22.808233 -14.04567
v 1.831185 22.806322 -13.763227
v 1.834427 22.808283 -14.052901
v 1.848284 22.849518 -14.045588
v 1.848284 22.847609 -13.763144
v 1.834427 22.806273 -13.755995
v 1.850576 22.845266 -13.755917
v 1.889559 22.861416 -13.755884
v 1.889559 22.864708 -13.763109
v 1.930836 22.847609 -13.763144
v 1.930836 22.849518 -14.045588
v 1.850576 22.847273 -14.052824
v 1.889559 22.866617 -14.045553
v 1.889559 22.863424 -14.052792
v 1.928544 22.847273 -14.052824
v 1.944693 22.808283 -14.052902
v 1.947935 22.806322 -13.763227
v 1.947935 22.808233 -14.045671
v 1.944693 22.806273 -13.755995
v 1.928544 22.845266 -13.755917
v 1.936866 22.806253 -13.752999
v 1.923009 22.83971 -13.752932
v 1.889559 22.853565 -13.752905
v 1.856111 22.83971 -13.752932
v 1.842254 22.806253 -13.752999
v 1.856111 22.772799 -13.753065
v 1.889559 22.758944 -13.753094
v 1.923009 22.772799 -13.753065
v 1.936866 22.808302 -14.055898
v 1.923009 22.774843 -14.055964
v 1.923009 22.841757 -14.055831
v 1.889559 22.855614 -14.055803
v 1.856111 22.841757 -14.055831
v 1.842254 22.808302 -14.055897
v 1.856111 22.774843 -14.055964
v 1.889559 22.76099 -14.055991
v 1.930648 22.762741 -13.439133
v 1.889368 22.745655 -13.438293
v 1.928472 22.765045 -13.431877
v 1.889487 22.748907 -13.431086
v 1.850514 22.765081 -13.430519
v 1.88479 22.74519 -13.72069
v 1.848103 22.762777 -13.437694
v 1.923661 22.764553 -13.728738
v 1.884675 22.748417 -13.727943
v 1.926068 22.76227 -13.72153
v 1.843525 22.76231 -13.720091
v 1.943182 22.803549 -13.722119
v 1.947762 22.804016 -13.439723
v 1.926103 22.84484 -13.722114
v 1.939823 22.80354 -13.729294
v 1.930683 22.845306 -13.439716
v 1.944638 22.804031 -13.432435
v 1.928508 22.843027 -13.432429
v 1.889418 22.862429 -13.439117
v 1.889534 22.859194 -13.431864
v 1.85055 22.843063 -13.43107
v 1.84814 22.845346 -13.438277
v 1.843561 22.844877 -13.720675
v 1.845736 22.842571 -13.72793
v 1.88484 22.86196 -13.721514
v 1.884722 22.858706 -13.728723
v 1.923694 22.842539 -13.729288
v 1.851217 22.837032 -13.730982
v 1.88467 22.850872 -13.731663
v 1.918108 22.836998 -13.732148
v 1.931949 22.80354 -13.732153
v 1.91808 22.770086 -13.731676
v 1.884629 22.756245 -13.730993
v 1.845703 22.764595 -13.727378
v 1.851189 22.770119 -13.730509
v 1.829571 22.803587 -13.727373
v 1.837348 22.803583 -13.730503
v 1.826446 22.803602 -13.720085
v 1.831026 22.80407 -13.437688
v 1.834385 22.80408 -13.430513
v 1.84226 22.80408 -13.427654
v 1.856128 22.837532 -13.428132
v 1.856098 22.770618 -13.427659
v 1.889579 22.851374 -13.428814
v 1.923019 22.837498 -13.429298
v 1.93686 22.804037 -13.429304
v 1.922991 22.770586 -13.428825
v 1.889538 22.756742 -13.428144
v 1.928544 22.762894 -13.107033
v 1.889559 22.74674 -13.107065
v 1.923009 22.768408 -13.104026
v 1.889559 22.754549 -13.104053
v 1.856111 22.768408 -13.104026
v 1.850576 22.762894 -13.107033
v 1.842254 22.801863 -13.10396
v 1.834427 22.801882 -13.106955
v 1.856111 22.835321 -13.103892
v 1.850576 22.840878 -13.106876
v 1.889559 22.849176 -13.103866
v 1.889559 22.857027 -13.106846
v 1.928544 22.840878 -13.106877
v 1.936866 22.801863 -13.10396
v 1.923009 22.835321 -13.103893
v 1.944693 22.801882 -13.106955
v 1.947935 22.801933 -13.114187
v 1.930836 22.76065 -13.114268
v 1.930836 22.762558 -13.396713
v 1.930836 22.843218 -13.114104
v 1.947935 22.80384 -13.396629
v 1.930836 22.845127 -13.396548
v 1.944693 22.80389 -13.403862
v 1.928544 22.7649 -13.40394
v 1.889559 22.859034 -13.403752
v 1.928544 22.842882 -13.403785
v 1.889559 22.862228 -13.396514
v 1.889559 22.860317 -13.114071
v 1.889559 22.851227 -13.406764
v 1.923009 22.83737 -13.406792
v 1.936866 22.803911 -13.406857
v 1.923009 22.770456 -13.406925
v 1.889559 22.7566 -13.406952
v 1.889559 22.74875 -13.403973
v 1.850576 22.7649 -13.40394
v 1.856111 22.770456 -13.406925
v 1.834426 22.80389 -13.403862
v 1.842254 22.803911 -13.406858
v 1.850576 22.842882 -13.403785
v 1.856111 22.83737 -13.406792
v 1.831185 22.80384 -13.39663
v 1.848284 22.845127 -13.396548
v 1.848284 22.843218 -13.114103
v 1.831185 22.801933 -13.114187
v 1.848284 22.76065 -13.114268
v 1.848284 22.762558 -13.396713
v 1.889559 22.743547 -13.114304
v 1.889559 22.74546 -13.396748
v 1.889558 22.854832 -12.782325
v 1.928543 22.838678 -12.782357
v 1.889558 22.846981 -12.779345
v 1.944693 22.799685 -12.782434
v 1.923009 22.833122 -12.779373
v 1.928543 22.760698 -12.782513
v 1.936865 22.799664 -12.77944
v 1.889558 22.744547 -12.782545
v 1.923009 22.766212 -12.779506
v 1.889558 22.752354 -12.779533
v 1.856111 22.766212 -12.779506
v 1.850576 22.760698 -12.782513
v 1.842254 22.799664 -12.779439
v 1.834426 22.799685 -12.782434
v 1.85611 22.833122 -12.779373
v 1.850576 22.83868 -12.782358
v 1.831184 22.799736 -12.789667
v 1.848284 22.84102 -12.789585
v 1.889558 22.85812 -12.78955
v 1.930836 22.84102 -12.789585
v 1.930836 22.84293 -13.072028
v 1.848284 22.842932 -13.072029
v 1.850576 22.840687 -13.079266
v 1.889559 22.860033 -13.071995
v 1.889559 22.85684 -13.079232
v 1.928544 22.840687 -13.079265
v 1.831185 22.801647 -13.07211
v 1.834426 22.801699 -13.079342
v 1.842254 22.801718 -13.082337
v 1.856111 22.835173 -13.082272
v 1.889559 22.849031 -13.082244
v 1.923009 22.835173 -13.082272
v 1.944693 22.801699 -13.079342
v 1.936866 22.801718 -13.082337
v 1.947935 22.801647 -13.07211
v 1.928544 22.762709 -13.07942
v 1.923009 22.768263 -13.082405
v 1.930836 22.760365 -13.072193
v 1.889559 22.754402 -13.082432
v 1.889559 22.746552 -13.079453
v 1.889559 22.743261 -13.072227
v 1.848284 22.760365 -13.072193
v 1.850576 22.762709 -13.07942
v 1.856111 22.768263 -13.082405
v 1.848284 22.758453 -12.789749
v 1.889558 22.741352 -12.789783
v 1.930836 22.758453 -12.789749
v 1.947935 22.799736 -12.789667
v 1.889558 22.75016 -12.455013
v 1.889643 22.742352 -12.458023
v 1.856122 22.764023 -12.455998
v 1.850674 22.758507 -12.459171
v 1.842272 22.797485 -12.456352
v 1.834532 22.797504 -12.459583
v 1.856122 22.830936 -12.455866
v 1.850674 22.83649 -12.459017
v 1.889643 22.852636 -12.457804
v 1.928613 22.83648 -12.456656
v 1.889558 22.844788 -12.454824
v 1.936843 22.797464 -12.453487
v 1.922997 22.830921 -12.45384
v 1.944752 22.797483 -12.456244
v 1.928614 22.758497 -12.45681
v 1.922997 22.764011 -12.453973
v 1.931109 22.756252 -12.463975
v 1.948196 22.79753 -12.463375
v 1.939055 22.75816 -12.746298
v 1.889846 22.739159 -12.465259
v 1.936968 22.760504 -12.753592
v 1.897798 22.741068 -12.747581
v 1.956147 22.79944 -12.745699
v 1.898001 22.744358 -12.754805
v 1.856538 22.758175 -12.748798
v 1.848587 22.756266 -12.466475
v 1.859033 22.760517 -12.755953
v 1.839446 22.799463 -12.749233
v 1.831495 22.797554 -12.46691
v 1.848587 22.838833 -12.466311
v 1.889846 22.855927 -12.465027
v 1.897798 22.857836 -12.747349
v 1.842891 22.799511 -12.756363
v 1.856538 22.840746 -12.748632
v 1.859033 22.838501 -12.755796
v 1.898001 22.854643 -12.754585
v 1.936967 22.838484 -12.753436
v 1.931109 22.838818 -12.463811
v 1.939055 22.840725 -12.746134
v 1.95311 22.799488 -12.753025
v 1.898086 22.846834 -12.757595
v 1.93152 22.832968 -12.756609
v 1.94537 22.799511 -12.756257
v 1.93152 22.76606 -12.756742
v 1.898086 22.752207 -12.757783
v 1.86465 22.766073 -12.758768
v 1.850799 22.799534 -12.759121
v 1.86465 22.832985 -12.758635
v 1.944693 22.795195 -12.133395
v 1.928542 22.756218 -12.13206
v 1.936867 22.795277 -12.1304
v 1.923009 22.828722 -12.131544
v 1.889558 22.740074 -12.131509
v 1.923009 22.761831 -12.129255
v 1.889558 22.747978 -12.128782
v 1.85611 22.761831 -12.129255
v 1.850577 22.756218 -12.13206
v 1.842252 22.795277 -12.1304
v 1.834426 22.795195 -12.133395
v 1.85611 22.828722 -12.131544
v 1.850576 22.834173 -12.134727
v 1.889558 22.842577 -12.132018
v 1.889558 22.850319 -12.135281
v 1.928543 22.834173 -12.134727
v 1.848284 22.83627 -12.142036
v 1.889558 22.853365 -12.14262
v 1.930836 22.83627 -12.142036
v 1.947935 22.795 -12.140624
v 1.947935 22.787405 -12.42291
v 1.930836 22.828674 -12.424322
v 1.889558 22.84233 -12.432026
v 1.928542 22.826185 -12.431473
v 1.889558 22.845772 -12.424907
v 1.944693 22.78721 -12.43014
v 1.848284 22.828674 -12.424322
v 1.850577 22.826185 -12.431473
v 1.85611 22.820572 -12.434278
v 1.889558 22.834427 -12.434752
v 1.923009 22.820572 -12.434278
v 1.936867 22.78713 -12.433134
v 1.923009 22.753685 -12.43199
v 1.889558 22.739832 -12.431516
v 1.928542 22.748234 -12.428805
v 1.889558 22.732092 -12.428253
v 1.850577 22.748234 -12.428805
v 1.85611 22.753685 -12.43199
v 1.834426 22.78721 -12.43014
v 1.842252 22.78713 -12.433134
v 1.831184 22.787405 -12.42291
v 1.848284 22.746136 -12.421498
v 1.848284 22.75373 -12.139212
v 1.831184 22.795 -12.140624
v 1.889558 22.736639 -12.138627
v 1.889558 22.729046 -12.420913
v 1.930836 22.75373 -12.139212
v 1.930836 22.746136 -12.421498
v 1.935163 22.492489 -15.724195
v 7.575285 22.466337 -13.162708
v 3.325298 22.814028 -14.737066
v 1.992011 22.44571 -11.142373
v 7.693497 22.758638 -10.776009
v 7.402966 22.446556 -11.10789
v 4.458677 22.677248 -11.497083
v 4.458677 22.683151 -12.068647
v 5.039746 22.683151 -12.068648
v 4.167343 23.040562 -14.652
v 3.478462 23.024141 -14.712692
v 3.366982 23.040562 -14.652
v 3.457283 22.862123 -15.311478
v 3.459435 23.021038 -14.724151
v 3.469141 22.774902 -15.292606
v 4.167343 22.834286 -15.41436
v 3.478462 22.85659 -15.331925
v 4.068346 22.85864 -15.324334
v 4.167343 23.040562 -14.652
v 5.119116 23.040562 -14.652
v 4.430235 23.024141 -14.712692
v 4.318755 23.040562 -14.652
v 4.409056 22.862123 -15.311478
v 4.411208 23.021038 -14.724151
v 5.119116 22.834286 -15.41436
v 4.430235 22.85659 -15.331925
v 5.020119 22.85864 -15.324334
v 5.119116 23.040562 -14.652
v 6.055066 23.040562 -14.652
v 5.254705 23.040562 -14.652
v 5.366185 23.024141 -14.712692
v 5.254705 23.040562 -14.652
v 5.345006 22.862123 -15.311478
v 5.347158 23.021038 -14.724151
v 5.356864 22.774902 -15.292606
v 6.055066 22.834286 -15.41436
v 5.366185 22.85659 -15.331925
v 5.956069 22.85864 -15.324334
v 6.055066 23.040562 -14.652
v 6.062145 23.153778 -14.609827
v 6.068072 22.929844 -15.439985
v 6.203183 23.224968 -14.346402
v 6.074025 23.15688 -14.598362
v 6.062145 23.153778 -14.609827
v 6.068072 23.140963 -14.65735
v 6.068072 23.140963 -14.65735
v 6.068072 22.929844 -15.439985
v 6.203183 23.224968 -14.346402
v 6.203183 23.224968 -14.346402
v 6.076629 23.212719 -14.391369
v 6.076629 23.159777 -14.587631
v 6.076629 23.159777 -14.587631
v 6.074025 23.15688 -14.598362
v 6.068072 23.140963 -14.65735
v 5.236639 23.140196 -14.657378
v 6.05103 23.15309 -14.612341
v 5.192948 22.867302 -15.668871
v 6.068072 22.929844 -15.439985
v 6.074025 23.215614 -14.380638
v 6.076629 23.212719 -14.391369
v 6.203183 23.224968 -14.346402
v 6.074025 23.215614 -14.380638
v 6.19842 23.229162 -14.330822
v 6.179509 23.233824 -14.313489
v 6.162437 23.234741 -14.310028
v 3.247881 23.232332 -14.309096
v 3.375551 23.217089 -14.366034
v 5.159204 23.218605 -14.366444
v 6.05103 23.219364 -14.366648
v 6.162437 23.234741 -14.310028
v 6.162437 23.234741 -14.310028
v 3.375551 23.217089 -14.366034
v 4.267377 23.217848 -14.366239
v 3.247881 23.232332 -14.309096
v 3.2303 23.231428 -14.312386
v 3.364439 23.216404 -14.368547
v 3.2303 23.231428 -14.312386
v 3.352559 23.213295 -14.380014
v 3.206367 23.222513 -14.345358
v 3.349954 23.210398 -14.390743
v 3.352559 23.213295 -14.380014
v 3.206367 23.222513 -14.345358
v 3.355272 22.927536 -15.439363
v 3.349954 23.157455 -14.587006
v 3.349954 23.210398 -14.390743
v 3.206367 23.222513 -14.345358
v 3.355293 23.13856 -14.657083
v 3.352558 23.154566 -14.597737
v 3.349954 23.157455 -14.587006
v 3.206367 23.222513 -14.345358
v 3.355272 22.927536 -15.439363
v 3.355293 23.13856 -14.657083
v 3.364439 23.15148 -14.609209
v 3.352558 23.154566 -14.597737
v 3.355293 23.13856 -14.657083
v 3.375551 23.150812 -14.611728
v 3.355293 23.13856 -14.657083
v 4.186818 23.139204 -14.657507
v 4.303616 23.141191 -14.650534
v 5.130419 23.141886 -14.65076
v 5.159204 23.152327 -14.612137
v 4.18668 22.928246 -15.439554
v 4.303616 23.141191 -14.650534
v 4.267377 23.151571 -14.611932
v 4.186818 23.139204 -14.657507
v 4.18668 22.928246 -15.439554
v 4.303575 22.928345 -15.439581
v 5.192948 22.867302 -15.668871
v 3.355272 22.927536 -15.439363
v 4.216753 22.86647 -15.668652
v 4.142219 22.822126 -14.578684
v 5.159204 23.152327 -14.612137
v 5.130419 23.141886 -14.65076
v 5.130419 22.92934 -15.438684
v 5.236776 22.92943 -15.438707
v 5.236639 23.140196 -14.657378
v 5.159204 23.152327 -14.612137
v 6.162437 23.234741 -14.310028
v 6.062145 23.218695 -14.369165
v 6.027163 22.822126 -14.578684
v 3.367085 23.145922 -14.366904
v 3.367085 23.089022 -14.577209
v 6.063207 23.089022 -14.577209
vt 0.678348 0.23470098
vt 0.677706 0.234801
vt 0.678126 0.25023103
vt 0.928803 0.44083703
vt 0.924719 0.441633
vt 0.929197 0.442913
vt 0.821872 0.21958601
vt 0.818035 0.21807003
vt 0.820884 0.220756
vt 0.671893 0.26096702
vt 0.672351 0.260387
vt 0.663688 0.252881
vt 0.851398 0.464433
vt 0.853594 0.49314404
vt 0.875936 0.462142
vt 0.828999 0.257775
vt 0.823224 0.258317
vt 0.828463 0.26410902
vt 0.948281 0.353226
vt 0.944189 0.393353
vt 0.949635 0.35444403
vt 0.949427 0.33417904
vt 0.947264 0.35273004
vt 0.842547 0.045642972
vt 0.841962 0.041619003
vt 0.833851 0.047281027
vt 0.821246 0.140944
vt 0.817542 0.14447701
vt 0.822523 0.14362401
vt 0.778547 0.13770801
vt 0.752419 0.13772202
vt 0.778472 0.14200497
vt 0.796903 0.22497797
vt 0.80906 0.22558796
vt 0.796938 0.22232103
vt 0.678957 0.26825702
vt 0.677714 0.26700103
vt 0.677573 0.268919
vt 0.611887 0.19047499
vt 0.612365 0.17623198
vt 0.605818 0.19014901
vt 0.796965 0.184017
vt 0.797055 0.18865097
vt 0.809788 0.18365401
vt 0.606412 0.259147
vt 0.609574 0.258869
vt 0.606031 0.250054
vt 0.761245 0.108639
vt 0.755668 0.104267
vt 0.75845 0.11253899
vt 0.683225 0.04570198
vt 0.68359 0.050714016
vt 0.69408 0.04505402
vt 0.799345 0.119485974
vt 0.790976 0.121711016
vt 0.800178 0.121948004
vt 0.93915 0.095074
vt 0.94 0.09463
vt 0.937417 0.09126103
vt 0.752378 0.178967
vt 0.729769 0.17877
vt 0.752361 0.18301797
vt 0.752158 0.23571998
vt 0.751978 0.25052
vt 0.777738 0.23616397
vt 0.613258 0.15677297
vt 0.606507 0.17596501
vt 0.733655 0.03996998
vt 0.740538 0.040973008
vt 0.733855 0.03683299
vt 0.715379 0.33633602
vt 0.711112 0.336747
vt 0.715561 0.341672
vt 0.68045 0.21838301
vt 0.678911 0.219361
vt 0.681198 0.22116101
vt 0.780336 0.13088101
vt 0.779042 0.13442802
vt 0.794721 0.130867
vt 0.694646 0.262092
vt 0.693108 0.27059102
vt 0.697237 0.263201
vt 0.800609 0.12290001
vt 0.802134 0.12507403
vt 0.808831 0.11865598
vt 0.924463 0.400245
vt 0.924116 0.39353
vt 0.872963 0.40291202
vt 0.788963 0.0003849864
vt 0.789397 0.027620018
vt 0.795181 0.0004490018
vt 0.611462 0.19948101
vt 0.605228 0.19888496
vt 0.943106 0.31510997
vt 0.943631 0.293831
vt 0.940735 0.315026
vt 0.626214 0.08595699
vt 0.621815 0.08869898
vt 0.626736 0.088054
vt 0.622866 0.048864007
vt 0.624014 0.04989302
vt 0.626128 0.047387004
vt 0.948335 0.334122
vt 0.94906 0.31532502
vt 0.947304 0.33406997
vt 0.795544 0.34692
vt 0.795637 0.35107696
vt 0.807937 0.34652102
vt 0.820557 0.44794703
vt 0.820749 0.45227802
vt 0.830688 0.447488
vt 0.693932 0.041166008
vt 0.682938 0.041888
vt 0.952951 0.138726
vt 0.953919 0.15522897
vt 0.957037 0.13850904
vt 0.829686 0.17162597
vt 0.83019 0.159702
vt 0.824405 0.17035103
vt 0.733395 0.00073099136
vt 0.722804 0.0009750128
vt 0.733948 0.028072
vt 0.949873 0.19609898
vt 0.950157 0.21662903
vt 0.950932 0.19608903
vt 0.689157 0.20883799
vt 0.67989 0.21735501
vt 0.690043 0.21075201
vt 0.944175 0.43264198
vt 0.94268 0.434004
vt 0.946296 0.43466604
vt 0.562516 0.279642
vt 0.562526 0.283283
vt 0.590419 0.279773
vt 0.776585 0.327488
vt 0.776686 0.317748
vt 0.750591 0.327119
vt 0.934304 0.436293
vt 0.935088 0.439552
vt 0.939821 0.43513
vt 0.630883 0.45234704
vt 0.663604 0.458497
vt 0.632306 0.44725204
vt 0.946665 0.23217297
vt 0.946582 0.21663898
vt 0.945599 0.23216903
vt 0.672138 0.04654199
vt 0.67261 0.051397026
vt 0.924245 0.043778002
vt 0.924633 0.041334987
vt 0.877333 0.038981974
vt 0.56659 0.18777597
vt 0.593986 0.18944299
vt 0.567493 0.173765
vt 0.72977 0.25824296
vt 0.7299 0.255135
vt 0.721514 0.257725
vt 0.60817 0.22064698
vt 0.609652 0.21186501
vt 0.602675 0.21982199
vt 0.944112 0.25822198
vt 0.944183 0.232162
vt 0.941742 0.25819397
vt 0.924564 0.401204
vt 0.924819 0.40349603
vt 0.93399 0.40025496
vt 0.728337 0.316993
vt 0.728174 0.326662
vt 0.750735 0.317311
vt 0.946598 0.25824904
vt 0.945533 0.25823796
vt 0.813895 0.169281
vt 0.80855 0.16925597
vt 0.813808 0.173724
vt 0.750404 0.336949
vt 0.601911 0.427844
vt 0.600379 0.422684
vt 0.579284 0.43826902
vt 0.634525 0.045351982
vt 0.633927 0.043348014
vt 0.613109 0.392946
vt 0.613087 0.39204097
vt 0.609938 0.392044
vt 0.674423 0.084028006
vt 0.674365 0.08176702
vt 0.64697 0.08423799
vt 0.671557 0.20386702
vt 0.679965 0.205652
vt 0.672021 0.20174503
vt 0.778149 0.17883599
vt 0.796866 0.17865402
vt 0.77815 0.17614996
vt 0.72058 0.17821401
vt 0.721569 0.17585397
vt 0.965561 0.09995997
vt 0.967101 0.11175597
vt 0.993034 0.096266985
vt 0.818178 0.174797
vt 0.817265 0.176983
vt 0.822444 0.17675197
vt 0.629211 0.30567598
vt 0.619806 0.305179
vt 0.626768 0.32560897
vt 0.599569 0.250171
vt 0.600429 0.22995996
vt 0.597988 0.250184
vt 0.707727 0.403521
vt 0.707642 0.40596402
vt 0.716078 0.403929
vt 0.727308 0.29735196
vt 0.727392 0.285172
vt 0.715594 0.297655
vt 0.850939 0.45858502
vt 0.875256 0.456443
vt 0.949174 0.23217797
vt 0.949089 0.216631
vt 0.71154 0.228288
vt 0.712861 0.22766602
vt 0.710658 0.22389603
vt 0.611896 0.27899098
vt 0.614271 0.27832
vt 0.611671 0.275967
vt 0.777773 0.04979402
vt 0.772696 0.05103302
vt 0.777954 0.052542984
vt 0.795534 0.311566
vt 0.807505 0.31204402
vt 0.79558 0.308865
vt 0.63261 0.23431599
vt 0.632079 0.24841899
vt 0.642868 0.23700398
vt 0.661255 0.253379
vt 0.666046 0.263166
vt 0.66272 0.25322604
vt 0.689931 0.20192003
vt 0.682055 0.200346
vt 0.688483 0.20543802
vt 0.604717 0.397901
vt 0.605482 0.397645
vt 0.60438 0.395531
vt 0.818004 0.11651498
vt 0.825787 0.11074501
vt 0.816104 0.11293799
vt 0.84663 0.142744
vt 0.844732 0.13579899
vt 0.830272 0.14258498
vt 0.717638 0.25862396
vt 0.713687 0.260377
vt 0.718334 0.26076102
vt 0.621662 0.08768302
vt 0.619074 0.08789998
vt 0.638329 0.268314
vt 0.633195 0.267195
vt 0.63776 0.27024996
vt 0.826256 0.092643976
vt 0.828293 0.08847797
vt 0.825414 0.09205598
vt 0.619075 0.089127004
vt 0.615155 0.088271976
vt 0.845752 0.346344
vt 0.829437 0.34576702
vt 0.847159 0.35668504
vt 0.839508 0.08282697
vt 0.840344 0.08504403
vt 0.85414 0.08244401
vt 0.948481 0.061241984
vt 0.950318 0.060853004
vt 0.947535 0.05780101
vt 0.854487 0.084719
vt 0.875083 0.08310801
vt 0.739657 0.046064973
vt 0.733435 0.04267901
vt 0.720956 0.14280403
vt 0.721893 0.144867
vt 0.729883 0.14229
vt 0.676952 0.256571
vt 0.676356 0.256294
vt 0.833407 0.086945
vt 0.834042 0.08767599
vt 0.671828 0.22323596
vt 0.672531 0.22371697
vt 0.673553 0.22121102
vt 0.949102 0.25827503
vt 0.950241 0.23218101
vt 0.931335 0.423535
vt 0.929252 0.430134
vt 0.937202 0.42726898
vt 0.757074 0.10282397
vt 0.759948 0.099757016
vt 0.752734 0.097846985
vt 0.602933 0.394436
vt 0.602551 0.391549
vt 0.600547 0.394839
vt 0.827607 0.30594397
vt 0.839523 0.294926
vt 0.822984 0.30127597
vt 0.808507 0.350654
vt 0.81429 0.34601402
vt 0.685533 0.27838802
vt 0.687419 0.280707
vt 0.688098 0.27734303
vt 0.698231 0.075284004
vt 0.684884 0.07596499
vt 0.695849 0.08049703
vt 0.932248 0.04527998
vt 0.936751 0.046254992
vt 0.932737 0.043044984
vt 0.75089 0.30365396
vt 0.750829 0.30769002
vt 0.776875 0.30417597
vt 0.637957 0.07688099
vt 0.637575 0.065599024
vt 0.630984 0.076415
vt 0.718047 0.265666
vt 0.714816 0.264017
vt 0.717332 0.267031
vt 0.966186 0.216685
vt 0.96593 0.19593203
vt 0.963424 0.21662098
vt 0.797765 0.13817596
vt 0.797591 0.14252901
vt 0.877197 0.040986
vt 0.877094 0.042567015
vt 0.923988 0.045636
vt 0.816032 0.23682797
vt 0.814059 0.236844
vt 0.815529 0.251436
vt 0.638643 0.109619975
vt 0.648275 0.10861397
vt 0.638551 0.09743601
vt 0.720365 0.235273
vt 0.720573 0.22872603
vt 0.717875 0.23520201
vt 0.792493 0.12704402
vt 0.932918 0.08850098
vt 0.93276 0.09178102
vt 0.935361 0.08949202
vt 0.842378 0.27460504
vt 0.826092 0.28907204
vt 0.946219 0.09057701
vt 0.947904 0.090053976
vt 0.944419 0.07906401
vt 0.924082 0.437948
vt 0.928145 0.437289
vt 0.924262 0.435255
vt 0.713971 0.14855802
vt 0.714571 0.14274198
vt 0.712649 0.14832997
vt 0.840393 0.19312704
vt 0.843576 0.17477202
vt 0.828502 0.18179101
vt 0.8264 0.086291015
vt 0.829653 0.08209503
vt 0.822061 0.080121994
vt 0.61986 0.438554
vt 0.616337 0.437154
vt 0.619481 0.43960404
vt 0.940614 0.388887
vt 0.943925 0.35236502
vt 0.939705 0.38851202
vt 0.8154 0.175255
vt 0.81499 0.17788303
vt 0.681128 0.203506
vt 0.672487 0.19872701
vt 0.626884 0.23341101
vt 0.626285 0.24883199
vt 0.627573 0.23351699
vt 0.602183 0.09690201
vt 0.607605 0.09687501
vt 0.60275 0.093769014
vt 0.636185 0.32573903
vt 0.633535 0.34937
vt 0.646835 0.21734703
vt 0.646445 0.215433
vt 0.641211 0.218288
vt 0.799649 0.08907199
vt 0.801701 0.085569024
vt 0.790685 0.08273202
vt 0.818524 0.16961402
vt 0.82297 0.17014301
vt 0.679603 0.267057
vt 0.689111 0.275173
vt 0.745323 0.07825601
vt 0.743318 0.07944298
vt 0.746855 0.08567101
vt 0.632394 0.26311696
vt 0.633377 0.263444
vt 0.633218 0.262308
vt 0.917344 0.44530904
vt 0.916944 0.443049
vt 0.874639 0.45082903
vt 0.841932 0.039692998
vt 0.615572 0.43012297
vt 0.614493 0.43110204
vt 0.616855 0.43266404
vt 0.619399 0.09233898
vt 0.614359 0.092507005
vt 0.619008 0.09512198
vt 0.613089 0.394391
vt 0.610095 0.39364398
vt 0.931242 0.051625013
vt 0.931702 0.048336983
vt 0.923396 0.050656974
vt 0.695688 0.08473301
vt 0.71031 0.084575
vt 0.695686 0.083745
vt 0.641452 0.21885699
vt 0.776684 0.068485975
vt 0.778445 0.067514
vt 0.770476 0.05884701
vt 0.63973 0.265401
vt 0.635763 0.26422203
vt 0.638622 0.26765203
vt 0.815587 0.14375603
vt 0.81784 0.13965899
vt 0.813279 0.34359896
vt 0.611009 0.438219
vt 0.612362 0.436952
vt 0.609076 0.434842
vt 0.737064 0.10948998
vt 0.74294 0.11487001
vt 0.742311 0.105075
vt 0.705569 0.45078003
vt 0.705457 0.45265102
vt 0.716231 0.45147502
vt 0.81767 0.312989
vt 0.82167 0.31089497
vt 0.816696 0.31088996
vt 0.653762 0.25347304
vt 0.649269 0.253164
vt 0.652883 0.26445198
vt 0.652998 0.19711304
vt 0.653189 0.20011103
vt 0.697611 0.13561797
vt 0.684996 0.13848901
vt 0.69421 0.15995198
vt 0.814093 0.12832302
vt 0.810374 0.12144399
vt 0.805854 0.13007498
vt 0.634612 0.280917
vt 0.62647 0.279149
vt 0.633866 0.283033
vt 0.664736 0.24711698
vt 0.664356 0.25047696
vt 0.67538 0.24983597
vt 0.818708 0.15979397
vt 0.823189 0.159679
vt 0.946211 0.054508984
vt 0.947697 0.05344498
vt 0.94447 0.051826
vt 0.82124 0.30611098
vt 0.820082 0.30736196
vt 0.823003 0.310166
vt 0.646328 0.21482402
vt 0.640341 0.21632701
vt 0.634515 0.18994403
vt 0.633268 0.17672199
vt 0.624848 0.19037402
vt 0.609974 0.11173302
vt 0.60806 0.111889005
vt 0.608775 0.12263399
vt 0.821292 0.49467003
vt 0.83282 0.49422598
vt 0.821125 0.46614897
vt 0.694509 0.04972899
vt 0.695721 0.061227977
vt 0.720064 0.15919602
vt 0.720349 0.14953303
vt 0.717517 0.15916198
vt 0.717932 0.33610404
vt 0.715408 0.32639396
vt 0.674861 0.10448599
vt 0.674892 0.11980301
vt 0.818278 0.22662103
vt 0.816073 0.22753704
vt 0.818544 0.23041499
vt 0.627853 0.255297
vt 0.627156 0.25549996
vt 0.628911 0.26077402
vt 0.608585 0.06824303
vt 0.60592 0.07996297
vt 0.61293 0.07082403
vt 0.940585 0.39772797
vt 0.942767 0.389731
vt 0.938671 0.39633
vt 0.600787 0.39644003
vt 0.595418 0.39744496
vt 0.601192 0.398983
vt 0.956455 0.413274
vt 0.954173 0.425407
vt 0.96177 0.414338
vt 0.946051 0.07768297
vt 0.949708 0.077166975
vt 0.632211 0.085165024
vt 0.956743 0.35646296
vt 0.951908 0.41251504
vt 0.957841 0.35655499
vt 0.954736 0.11224699
vt 0.953373 0.10095602
vt 0.950733 0.112411976
vt 0.729655 0.260032
vt 0.721318 0.259426
vt 0.729285 0.262636
vt 0.838993 0.08906102
vt 0.8366 0.092895985
vt 0.823562 0.317137
vt 0.81494 0.34319198
vt 0.813098 0.34159803
vt 0.673087 0.25890303
vt 0.675267 0.260094
vt 0.712375 0.26102996
vt 0.854637 0.08569598
vt 0.875182 0.08538401
vt 0.666302 0.439597
vt 0.634154 0.43541002
vt 0.665157 0.442612
vt 0.61627 0.39573896
vt 0.616066 0.39738798
vt 0.621316 0.398539
vt 0.931896 0.06747401
vt 0.931104 0.05609399
vt 0.923266 0.067086995
vt 0.631838 0.258426
vt 0.633987 0.25740397
vt 0.630815 0.25432396
vt 0.671627 0.34978402
vt 0.644615 0.349366
vt 0.670485 0.393736
vt 0.627719 0.26756096
vt 0.628935 0.268196
vt 0.629084 0.266343
vt 0.632214 0.15773898
vt 0.631557 0.13816398
vt 0.623915 0.15735
vt 0.614297 0.20619798
vt 0.614642 0.20362902
vt 0.610725 0.20543301
vt 0.63594 0.22371101
vt 0.635209 0.225097
vt 0.643729 0.23141998
vt 0.789513 0.11245501
vt 0.788564 0.108434975
vt 0.7824 0.112990975
vt 0.946595 0.10151601
vt 0.947796 0.112519026
vt 0.947724 0.101446986
vt 0.617271 0.21472502
vt 0.615509 0.22234899
vt 0.627736 0.22032702
vt 0.621398 0.39762604
vt 0.629178 0.39857304
vt 0.782393 0.108862996
vt 0.775266 0.11220902
vt 0.635733 0.19780499
vt 0.636501 0.20097399
vt 0.644337 0.19722402
vt 0.776558 0.35956204
vt 0.777167 0.397622
vt 0.795876 0.359451
vt 0.68036 0.250625
vt 0.720494 0.145733
vt 0.72071 0.14495802
vt 0.718319 0.14481199
vt 0.704017 0.21867001
vt 0.697476 0.221457
vt 0.705538 0.23024702
vt 0.955131 0.10083401
vt 0.963476 0.23224199
vt 0.817803 0.34246302
vt 0.816822 0.34497
vt 0.82179 0.34426904
vt 0.632688 0.26110196
vt 0.634828 0.259439
vt 0.730884 0.44793296
vt 0.730955 0.45221496
vt 0.753387 0.44860697
vt 0.815983 0.159917
vt 0.815831 0.16933203
vt 0.748967 0.06932801
vt 0.749578 0.07741797
vt 0.756619 0.07178199
vt 0.713503 0.16996902
vt 0.717498 0.16954398
vt 0.713502 0.159082
vt 0.640327 0.398843
vt 0.67013 0.400528
vt 0.641157 0.392254
vt 0.67438 0.15936697
vt 0.674742 0.13857901
vt 0.650482 0.15845901
vt 0.686081 0.44497097
vt 0.67731 0.444098
vt 0.685661 0.449071
vt 0.690806 0.269342
vt 0.692423 0.261486
vt 0.680472 0.263806
vt 0.611442 0.111598015
vt 0.616852 0.111729026
vt 0.612752 0.10206401
vt 0.824319 0.09104097
vt 0.827505 0.087773025
vt 0.717519 0.25494802
vt 0.719959 0.25474298
vt 0.71754 0.24957001
vt 0.613762 0.418122
vt 0.616132 0.41274703
vt 0.613057 0.40707803
vt 0.777905 0.22432303
vt 0.997102 0.135652
vt 0.996017 0.12157601
vt 0.969438 0.137802
vt 0.6001 0.391645
vt 0.599873 0.389872
vt 0.59459 0.392173
vt 0.782995 0.049450994
vt 0.777567 0.04164803
vt 0.808791 0.09592801
vt 0.812095 0.090552986
vt 0.803596 0.09192699
vt 0.718543 0.18207002
vt 0.729322 0.18286598
vt 0.776808 0.08489698
vt 0.770747 0.094069004
vt 0.7785 0.08583498
vt 0.934836 0.40239096
vt 0.936549 0.39888597
vt 0.957309 0.100688994
vt 0.958706 0.11219299
vt 0.960008 0.100498974
vt 0.631339 0.292839
vt 0.621424 0.29172397
vt 0.61668 0.055387974
vt 0.618532 0.05600202
vt 0.748234 0.058927
vt 0.74376 0.061402977
vt 0.799857 0.10426599
vt 0.80467 0.100568
vt 0.796289 0.09865898
vt 0.65322 0.20221299
vt 0.682666 0.03874302
vt 0.682412 0.036183
vt 0.67137 0.03987199
vt 0.607903 0.30475998
vt 0.601958 0.30463004
vt 0.60761 0.32550204
vt 0.711107 0.32630098
vt 0.709698 0.32626998
vt 0.923783 0.09985101
vt 0.923778 0.09136999
vt 0.874708 0.09550202
vt 0.605234 0.421615
vt 0.602882 0.408971
vt 0.959722 0.15497202
vt 0.96052 0.17413998
vt 0.961853 0.15486902
vt 0.653619 0.23124498
vt 0.653487 0.219719
vt 0.649636 0.23117197
vt 0.79582 0.261846
vt 0.795806 0.26011598
vt 0.77735 0.26162398
vt 0.796805 0.16930401
vt 0.79697 0.1598
vt 0.646795 0.081146
vt 0.646417 0.07674003
vt 0.63814 0.08127099
vt 0.873316 0.42678702
vt 0.919275 0.423095
vt 0.873194 0.41762
vt 0.752206 0.21133304
vt 0.752211 0.20010501
vt 0.728977 0.21145302
vt 0.680492 0.40446603
vt 0.680437 0.405478
vt 0.689136 0.404958
vt 0.722025 0.14586103
vt 0.600978 0.29065597
vt 0.600902 0.282726
vt 0.599312 0.29065
vt 0.671012 0.037416995
vt 0.64189 0.043897986
vt 0.946103 0.29389703
vt 0.945559 0.315197
vt 0.948584 0.293961
vt 0.715879 0.140235
vt 0.719065 0.14345801
vt 0.797069 0.21810102
vt 0.777929 0.22167999
vt 0.792551 0.05429697
vt 0.793283 0.051398993
vt 0.787894 0.052744985
vt 0.626423 0.22561902
vt 0.629645 0.221093
vt 0.633985 0.22834802
vt 0.64362 0.23195702
vt 0.61071 0.09343201
vt 0.608119 0.09388399
vt 0.61022 0.09635502
vt 0.720105 0.25909996
vt 0.870764 0.07690102
vt 0.874919 0.08218998
vt 0.923873 0.07902199
vt 0.933907 0.08427602
vt 0.933702 0.085244
vt 0.937354 0.08565098
vt 0.794829 0.059134007
vt 0.791251 0.05706501
vt 0.788075 0.06847
vt 0.768471 0.110174
vt 0.770062 0.10635799
vt 0.809007 0.22733998
vt 0.814423 0.22597003
vt 0.953443 0.089313984
vt 0.95557 0.089031994
vt 0.638749 0.22199398
vt 0.644857 0.231026
vt 0.642072 0.22099602
vt 0.629086 0.399513
vt 0.64022 0.39980304
vt 0.78961 0.06976199
vt 0.638184 0.08216798
vt 0.743114 0.10447401
vt 0.738201 0.09880698
vt 0.671678 0.21982098
vt 0.674302 0.22074598
vt 0.673458 0.21807998
vt 0.65255 0.26950204
vt 0.652488 0.270186
vt 0.667453 0.268197
vt 0.691428 0.21578503
vt 0.692817 0.223189
vt 0.754178 0.041888
vt 0.760155 0.06107098
vt 0.815841 0.077894986
vt 0.814436 0.08465499
vt 0.820139 0.078788996
vt 0.813378 0.25139797
vt 0.815205 0.257124
vt 0.961113 0.19595802
vt 0.962613 0.17407703
vt 0.981583 0.43820298
vt 0.987637 0.424349
vt 0.958938 0.42672503
vt 0.595936 0.15570801
vt 0.568764 0.153786
vt 0.594791 0.17535299
vt 0.796886 0.22679198
vt 0.712167 0.309148
vt 0.711634 0.315858
vt 0.716234 0.31097496
vt 0.605142 0.175888
vt 0.606159 0.15634203
vt 0.603301 0.175785
vt 0.99491 0.36023998
vt 0.996353 0.338237
vt 0.967438 0.357489
vt 0.800591 0.06518501
vt 0.790978 0.07142699
vt 0.802515 0.068993986
vt 0.600583 0.17563903
vt 0.59985 0.18977898
vt 0.72028 0.17553103
vt 0.752414 0.14433897
vt 0.752428 0.14553702
vt 0.778433 0.144548
vt 0.750297 0.341824
vt 0.727784 0.341083
vt 0.750248 0.343907
vt 0.935404 0.052160025
vt 0.795999 0.25122797
vt 0.777491 0.25100398
vt 0.795842 0.25692904
vt 0.823129 0.09717798
vt 0.750936 0.084298015
vt 0.753101 0.09019697
vt 0.945244 0.196154
vt 0.944733 0.174546
vt 0.943843 0.19616598
vt 0.943852 0.062301993
vt 0.942384 0.06298101
vt 0.707607 0.407003
vt 0.698372 0.40650702
vt 0.59863 0.26922798
vt 0.598169 0.25961697
vt 0.595968 0.269311
vt 0.652401 0.272124
vt 0.667628 0.26887703
vt 0.944056 0.15562797
vt 0.943345 0.17457497
vt 0.8115 0.04208201
vt 0.805021 0.061295986
vt 0.817064 0.059553027
vt 0.771392 0.037468016
vt 0.771787 0.041670024
vt 0.777464 0.03729999
vt 0.747017 0.041517973
vt 0.744377 0.050957024
vt 0.764632 0.103507996
vt 0.768176 0.098025024
vt 0.649531 0.138596
vt 0.640756 0.15808797
vt 0.807818 0.30941796
vt 0.814147 0.30994904
vt 0.808379 0.30512404
vt 0.823865 0.17745799
vt 0.818439 0.13837498
vt 0.822471 0.139831
vt 0.817551 0.13536799
vt 0.680666 0.401075
vt 0.603159 0.384691
vt 0.60117 0.348664
vt 0.601753 0.384282
vt 0.645005 0.20238799
vt 0.646091 0.21293598
vt 0.67515 0.460393
vt 0.664618 0.45300698
vt 0.750905 0.302316
vt 0.776897 0.302813
vt 0.663897 0.23171604
vt 0.672905 0.224294
vt 0.612866 0.054169
vt 0.585748 0.05523902
vt 0.616718 0.071895
vt 0.619964 0.05644703
vt 0.615095 0.07144201
vt 0.972002 0.216883
vt 0.971737 0.19591403
vt 0.831647 0.46569097
vt 0.696517 0.43543196
vt 0.697188 0.42629397
vt 0.68705 0.434668
vt 0.945786 0.124846995
vt 0.946727 0.13901699
vt 0.946812 0.12482101
vt 0.629326 0.248618
vt 0.626989 0.248792
vt 0.630186 0.25453
vt 0.681882 0.34993804
vt 0.680964 0.39416897
vt 0.844729 0.159926
vt 0.830147 0.148974
vt 0.778164 0.18421
vt 0.752348 0.18435502
vt 0.778157 0.18877602
vt 0.796783 0.230254
vt 0.777844 0.22969502
vt 0.796536 0.23654902
vt 0.828561 0.059099972
vt 0.850094 0.078005016
vt 0.833884 0.054331005
vt 0.737023 0.058408022
vt 0.732103 0.053692997
vt 0.714841 0.07691598
vt 0.738252 0.084986985
vt 0.74497 0.08661401
vt 0.854348 0.08771098
vt 0.839998 0.08744401
vt 0.853175 0.09205699
vt 0.840701 0.08596301
vt 0.821398 0.05149603
vt 0.938111 0.094613016
vt 0.937157 0.094062984
vt 0.940427 0.10249698
vt 0.939248 0.10237801
vt 0.695671 0.44580996
vt 0.695308 0.44997096
vt 0.705831 0.446571
vt 0.809307 0.35904098
vt 0.810527 0.397514
vt 0.817851 0.35865402
vt 0.93869 0.389148
vt 0.937929 0.39575303
vt 0.937716 0.39003503
vt 0.935726 0.39205003
vt 0.936896 0.352565
vt 0.621407 0.44901204
vt 0.607898 0.47071004
vt 0.693555 0.252522
vt 0.681666 0.25838697
vt 0.86995 0.13778603
vt 0.84644 0.11773598
vt 0.823978 0.18631303
vt 0.822161 0.18142402
vt 0.828819 0.31600702
vt 0.729647 0.137119
vt 0.752613 0.13646
vt 0.733824 0.134651
vt 0.7624 0.13022304
vt 0.7697 0.12612599
vt 0.755178 0.13440901
vt 0.746039 0.12897003
vt 0.749834 0.11961502
vt 0.758493 0.12344301
vt 0.754872 0.11688501
vt 0.715158 0.136639
vt 0.722988 0.13457102
vt 0.729537 0.12434697
vt 0.781632 0.12739998
vt 0.772357 0.12431198
vt 0.736191 0.126917
vt 0.778586 0.13634598
vt 0.717324 0.116165996
vt 0.697137 0.11498898
vt 0.718662 0.13789403
vt 0.707625 0.133825
vt 0.722728 0.12156898
vt 0.730391 0.086631
vt 0.724491 0.086300015
vt 0.725626 0.08759099
vt 0.723604 0.08505398
vt 0.710677 0.086198986
vt 0.615839 0.44636297
vt 0.617944 0.44266498
vt 0.616385 0.20108598
vt 0.61675 0.20469701
vt 0.619608 0.20392102
vt 0.613481 0.28139997
vt 0.617083 0.279239
vt 0.660125 0.23134398
vt 0.66675 0.26590896
vt 0.670944 0.264875
vt 0.700139 0.28825796
vt 0.701867 0.278275
vt 0.694128 0.28073204
vt 0.692692 0.283612
vt 0.69061 0.279805
vt 0.709455 0.283112
vt 0.710936 0.268582
vt 0.705238 0.254417
vt 0.703475 0.26574802
vt 0.701427 0.197456
vt 0.694879 0.20525002
vt 0.70281 0.20665503
vt 0.624704 0.2812
vt 0.623108 0.284055
vt 0.693706 0.20259798
vt 0.691592 0.20652002
vt 0.711932 0.21537602
vt 0.693619 0.214629
vt 0.696029 0.21223998
vt 0.692339 0.20893699
vt 0.697715 0.19398797
vt 0.710755 0.18548
vt 0.705317 0.159823
vt 0.702129 0.17992902
vt 0.714723 0.13907802
vt 0.710121 0.173091
vt 0.710276 0.16713
vt 0.710242 0.15920901
vt 0.710785 0.151321
vt 0.710136 0.14441198
vt 0.71129 0.14089
vt 0.712166 0.15905398
vt 0.714066 0.18156499
vt 0.712561 0.1774
vt 0.931927 0.046985984
vt 0.718491 0.22434902
vt 0.719259 0.22234601
vt 0.714608 0.222615
vt 0.818643 0.236741
vt 0.822591 0.23659402
vt 0.822848 0.12584001
vt 0.829711 0.25120902
vt 0.845911 0.24974298
vt 0.829935 0.23721999
vt 0.727282 0.345765
vt 0.718207 0.344958
vt 0.726679 0.34991598
vt 0.609853 0.39109004
vt 0.604743 0.391802
vt 0.795505 0.313447
vt 0.795439 0.31805897
vt 0.807436 0.31383502
vt 0.613075 0.395141
vt 0.595122 0.39567304
vt 0.568529 0.40013897
vt 0.615508 0.400665
vt 0.615971 0.398176
vt 0.613036 0.39734
vt 0.611192 0.407461
vt 0.616324 0.394854
vt 0.70883 0.35298002
vt 0.702705 0.326185
vt 0.700646 0.350537
vt 0.708802 0.300152
vt 0.70001 0.30573404
vt 0.707508 0.33974004
vt 0.709922 0.34406102
vt 0.711352 0.348305
vt 0.708441 0.334989
vt 0.709723 0.33689404
vt 0.951721 0.08954501
vt 0.70739 0.326235
vt 0.708821 0.31751096
vt 0.71025 0.31565
vt 0.710741 0.308492
vt 0.712305 0.30433702
vt 0.708041 0.31272304
vt 0.713591 0.26524603
vt 0.709966 0.25961804
vt 0.710985 0.25534904
vt 0.70996 0.250755
vt 0.710262 0.23380697
vt 0.713268 0.22202504
vt 0.714653 0.218301
vt 0.6267 0.05716598
vt 0.62796 0.055584013
vt 0.625277 0.054558992
vt 0.629619 0.06396997
vt 0.629743 0.05539298
vt 0.621108 0.056801975
vt 0.617988 0.07224202
vt 0.623837 0.057964027
vt 0.63157 0.08114499
vt 0.626057 0.08504498
vt 0.63185 0.082726
vt 0.629381 0.07837403
vt 0.627421 0.06860399
vt 0.625248 0.06077099
vt 0.625628 0.081930995
vt 0.623442 0.073742986
vt 0.727588 0.07827699
vt 0.725107 0.081047
vt 0.621701 0.08500302
vt 0.712011 0.08934802
vt 0.710981 0.080392
vt 0.743087 0.095676005
vt 0.747515 0.09309
vt 0.740612 0.08999503
vt 0.723879 0.040769994
vt 0.723282 0.04475802
vt 0.732144 0.046607018
vt 0.724982 0.046746016
vt 0.726888 0.049338996
vt 0.603129 0.09182298
vt 0.604227 0.086502016
vt 0.57724 0.08713198
vt 0.586368 0.450468
vt 0.60574 0.436921
vt 0.582277 0.44419897
vt 0.79671 0.39764202
vt 0.612753 0.38634396
vt 0.611724 0.34876502
vt 0.609366 0.38541102
vt 0.925703 0.352301
vt 0.934773 0.35261297
vt 0.94208 0.402277
vt 0.938779 0.406044
vt 0.943889 0.41184402
vt 0.947012 0.423738
vt 0.948354 0.41203403
vt 0.94555 0.420707
vt 0.946239 0.428052
vt 0.944739 0.425112
vt 0.925324 0.42987502
vt 0.928277 0.434848
vt 0.715889 0.39590502
vt 0.714862 0.35731697
vt 0.707866 0.395505
vt 0.797328 0.438536
vt 0.797174 0.42955697
vt 0.777561 0.43861496
vt 0.94046 0.08830297
vt 0.941356 0.08663702
vt 0.946978 0.061550975
vt 0.942881 0.082736015
vt 0.960987 0.07524699
vt 0.957015 0.05902803
vt 0.955863 0.07616997
vt 0.941147 0.055257976
vt 0.940245 0.058192015
vt 0.942342 0.057099998
vt 0.987114 0.06808001
vt 0.979031 0.047185004
vt 0.94323 0.059418023
vt 0.94234 0.060437977
vt 0.941508 0.059490025
vt 0.940674 0.06371999
vt 0.939139 0.064475
vt 0.936873 0.065892994
vt 0.937874 0.080362976
vt 0.937046 0.05672902
vt 0.938319 0.057219982
vt 0.935607 0.056482017
vt 0.938705 0.040009975
vt 0.934105 0.038375974
vt 0.937263 0.04420799
vt 0.853853 0.081532
vt 0.836716 0.079135
vt 0.839056 0.08193499
vt 0.841415 0.047573984
vt 0.820369 0.087194026
vt 0.817617 0.09366
vt 0.790833 0.120676994
vt 0.782212 0.121223986
vt 0.946745 0.112526
vt 0.947801 0.12480301
vt 0.952112 0.29406297
vt 0.952448 0.273798
vt 0.950738 0.29402196
vt 0.943487 0.39029002
vt 0.941229 0.39846802
vt 0.936033 0.398112
vt 0.6194 0.433787
vt 0.621 0.43396604
vt 0.625503 0.429465
vt 0.617658 0.41802
vt 0.612882 0.424716
vt 0.61416 0.423158
vt 0.61242 0.420322
vt 0.618721 0.42228103
vt 0.626495 0.40581703
vt 0.61476 0.426755
vt 0.616218 0.40570998
vt 0.619786 0.404257
vt 0.597751 0.40998
vt 0.576571 0.43207204
vt 0.942169 0.416703
vt 0.945314 0.430821
vt 0.943538 0.428459
vt 0.945389 0.401532
vt 0.946752 0.40935504
vt 0.93966 0.42210996
vt 0.938517 0.401536
vt 0.935142 0.403287
vt 0.934779 0.41556096
vt 0.617049 0.34905696
vt 0.616281 0.38891304
vt 0.624485 0.349321
vt 0.948609 0.44428396
vt 0.943965 0.447483
vt 0.964587 0.46190798
vt 0.746998 0.101778984
vt 0.752194 0.107629
vt 0.7511 0.09901798
vt 0.786442 0.097455025
vt 0.790217 0.096391976
vt 0.784616 0.08669698
vt 0.961452 0.112127006
vt 0.943828 0.046968997
vt 0.94703 0.049118996
vt 0.945815 0.04368198
vt 0.625842 0.43446898
vt 0.633544 0.438084
vt 0.62083 0.435768
vt 0.625604 0.436823
vt 0.624862 0.439929
vt 0.722098 0.22881001
vt 0.934366 0.43439996
vt 0.938541 0.43417096
vt 0.935401 0.431441
vt 0.94057 0.43289
vt 0.720039 0.24960399
vt 0.603135 0.39586103
vt 0.630077 0.26664197
vt 0.630698 0.266079
vt 0.570381 0.133475
vt 0.627401 0.202317
vt 0.626027 0.19893503
vt 0.635336 0.21720302
vt 0.634897 0.21661901
vt 0.632132 0.21755898
vt 0.631019 0.21775103
vt 0.633541 0.22030401
vt 0.678095 0.21897501
vt 0.676854 0.21872401
vt 0.675449 0.22109699
vt 0.668037 0.216771
vt 0.710904 0.20167303
vt 0.678633 0.21853
vt 0.677445 0.21824402
vt 0.632525 0.22341001
vt 0.633263 0.221237
vt 0.630258 0.22153902
vt 0.677195 0.26646197
vt 0.677503 0.265419
vt 0.67467 0.263839
vt 0.65278 0.267227
vt 0.645698 0.26664698
vt 0.678031 0.26600802
vt 0.67857 0.26302803
vt 0.67346 0.264131
vt 0.67597 0.26670504
vt 0.8171 0.18171698
vt 0.637187 0.21929097
vt 0.632105 0.261869
vt 0.629446 0.26446104
vt 0.676293 0.22404999
vt 0.678699 0.22230303
vt 0.675742 0.22197104
vt 0.629039 0.22642201
vt 0.672742 0.26719904
vt 0.673897 0.217542
vt 0.809428 0.13514698
vt 0.796895 0.13475597
vt 0.619154 0.045076013
vt 0.621639 0.04768598
vt 0.623155 0.042406976
vt 0.795842 0.264499
vt 0.807548 0.26179504
vt 0.939381 0.352396
vt 0.71791 0.14919198
vt 0.938065 0.112495005
vt 0.937436 0.101607025
vt 0.935633 0.11221099
vt 0.81531 0.34162104
vt 0.777327 0.26429498
vt 0.715807 0.316409
vt 0.718544 0.311935
vt 0.590362 0.276784
vt 0.951228 0.21662802
vt 0.616817 0.17639697
vt 0.616655 0.19062698
vt 0.624147 0.17659497
vt 0.741428 0.054871976
vt 0.737573 0.05000502
vt 0.821575 0.062152028
vt 0.824261 0.05549699
vt 0.7523 0.18885899
vt 0.72889 0.18866402
vt 0.804365 0.08677
vt 0.802031 0.090774
vt 0.806143 0.08759999
vt 0.651354 0.28744698
vt 0.671252 0.286552
vt 0.651642 0.28476
vt 0.670457 0.26428604
vt 0.672704 0.263547
vt 0.941403 0.11278403
vt 0.942403 0.112730026
vt 0.786388 0.067515016
vt 0.784565 0.06685799
vt 0.741018 0.09694201
vt 0.739018 0.09821999
vt 0.745022 0.10312098
vt 0.643341 0.23347497
vt 0.604822 0.08383703
vt 0.610556 0.08207101
vt 0.777251 0.408163
vt 0.777245 0.405684
vt 0.752022 0.40773296
vt 0.795874 0.02769798
vt 0.802441 0.0005519986
vt 0.955907 0.23220003
vt 0.955922 0.25835204
vt 0.96002 0.23220599
vt 0.575957 0.09358597
vt 0.576673 0.08994901
vt 0.599237 0.325534
vt 0.600769 0.32551897
vt 0.599246 0.30460703
vt 0.627008 0.048555017
vt 0.946124 0.058305025
vt 0.604278 0.12254602
vt 0.606897 0.12261903
vt 0.605456 0.111992
vt 0.599199 0.38374603
vt 0.594279 0.390033
vt 0.604056 0.384991
vt 0.60463 0.39068997
vt 0.817313 0.22487801
vt 0.821993 0.224168
vt 0.750086 0.35082698
vt 0.581332 0.069043994
vt 0.752403 0.176278
vt 0.788254 0.050001025
vt 0.788921 0.041696012
vt 0.625158 0.255912
vt 0.628256 0.261225
vt 0.670739 0.48863804
vt 0.680167 0.489882
vt 0.736558 0.09287
vt 0.829311 0.32749498
vt 0.843827 0.32807398
vt 0.616008 0.083651006
vt 0.615492 0.086480975
vt 0.619399 0.085356
vt 0.776797 0.30833304
vt 0.795693 0.304617
vt 0.797026 0.092091024
vt 0.793814 0.09456998
vt 0.798986 0.094211996
vt 0.808832 0.27478397
vt 0.808526 0.27005398
vt 0.795927 0.274854
vt 0.720006 0.16926402
vt 0.812176 0.10858703
vt 0.813152 0.109548986
vt 0.817735 0.102559984
vt 0.75705 0.11441499
vt 0.750457 0.10922301
vt 0.755599 0.11622703
vt 0.711313 0.343468
vt 0.712602 0.34719002
vt 0.65336 0.21452302
vt 0.796236 0.11068499
vt 0.794439 0.106894016
vt 0.651564 0.17706501
vt 0.613714 0.08813
vt 0.611865 0.087939024
vt 0.612973 0.091696024
vt 0.778015 0.21622503
vt 0.777998 0.217574
vt 0.7971 0.21672398
vt 0.938066 0.09059399
vt 0.713224 0.14204597
vt 0.807845 0.264378
vt 0.808328 0.26865804
vt 0.813973 0.264059
vt 0.820131 0.438044
vt 0.819776 0.42920196
vt 0.811718 0.438276
vt 0.632273 0.086053014
vt 0.638342 0.08512199
vt 0.609867 0.425479
vt 0.609101 0.420869
vt 0.842421 0.0015619993
vt 0.842007 0.028889
vt 0.880638 0.0030930042
vt 0.796859 0.40924704
vt 0.796903 0.412373
vt 0.810801 0.40911198
vt 0.948941 0.273727
vt 0.946444 0.27368402
vt 0.952905 0.356165
vt 0.954189 0.334431
vt 0.951095 0.35565996
vt 0.938042 0.45021904
vt 0.95087 0.472032
vt 0.81626 0.349957
vt 0.772752 0.078779995
vt 0.761877 0.081249
vt 0.773339 0.080645025
vt 0.780484 0.06685501
vt 0.774266 0.05679798
vt 0.72806 0.307387
vt 0.728323 0.31002903
vt 0.720703 0.22524297
vt 0.722163 0.225389
vt 0.720911 0.223961
vt 0.830917 0.451805
vt 0.850339 0.450602
vt 0.830521 0.444261
vt 0.999362 0.25938904
vt 0.999662 0.23339498
vt 0.971845 0.25864196
vt 0.721948 0.23531401
vt 0.721676 0.24963498
vt 0.730267 0.23545504
vt 0.751873 0.25602198
vt 0.971569 0.274395
vt 0.72796 0.33631003
vt 0.719459 0.34069598
vt 0.807534 0.256988
vt 0.813054 0.25704002
vt 0.807794 0.25131702
vt 0.691521 0.19328797
vt 0.873107 0.406281
vt 0.873153 0.40727997
vt 0.805781 0.11352199
vt 0.798591 0.11715001
vt 0.806493 0.114690006
vt 0.596278 0.276801
vt 0.599771 0.259538
vt 0.76771 0.091636
vt 0.7754 0.08371103
vt 0.765192 0.08871901
vt 0.808783 0.15999103
vt 0.814113 0.16000098
vt 0.809057 0.15093601
vt 0.972034 0.23248899
vt 0.966048 0.258505
vt 0.605006 0.39411902
vt 0.610162 0.39450097
vt 0.717093 0.308617
vt 0.718783 0.31039798
vt 0.719002 0.307725
vt 0.772518 0.10030198
vt 0.773219 0.098565996
vt 0.690915 0.306
vt 0.691533 0.32613897
vt 0.698424 0.405474
vt 0.645866 0.25289
vt 0.646267 0.26388502
vt 0.943263 0.053107977
vt 0.939492 0.053777993
vt 0.944655 0.10167599
vt 0.945587 0.10158098
vt 0.942995 0.09327698
vt 0.729042 0.40696096
vt 0.729001 0.40449703
vt 0.716063 0.40638304
vt 0.677665 0.44082403
vt 0.614552 0.09144199
vt 0.826716 0.35512304
vt 0.828859 0.39721
vt 0.75119 0.10856497
vt 0.757639 0.11363602
vt 0.773766 0.11879599
vt 0.782254 0.11983198
vt 0.774844 0.11413199
vt 0.63296 0.285789
vt 0.959884 0.2166
vt 0.959515 0.195975
vt 0.955762 0.21661603
vt 0.947832 0.43235898
vt 0.787223 0.102100015
vt 0.940159 0.045273006
vt 0.624024 0.442653
vt 0.618902 0.440924
vt 0.623218 0.44468403
vt 0.807353 0.327654
vt 0.79536 0.327636
vt 0.807356 0.33711803
vt 0.732676 0.10347301
vt 0.831804 0.08505398
vt 0.830383 0.08990097
vt 0.776103 0.108145
vt 0.777381 0.10179502
vt 0.808301 0.117757976
vt 0.628843 0.265072
vt 0.627087 0.26604903
vt 0.764389 0.037768006
vt 0.765267 0.041725993
vt 0.629907 0.392089
vt 0.948649 0.433088
vt 0.963579 0.08794302
vt 0.612121 0.43261397
vt 0.615845 0.433407
vt 0.803298 0.10950601
vt 0.808814 0.10527402
vt 0.776489 0.34216797
vt 0.776512 0.33729196
vt 0.60734 0.421201
vt 0.608232 0.425938
vt 0.762921 0.00034701824
vt 0.763762 0.02760601
vt 0.769523 0.00031900406
vt 0.610614 0.26823604
vt 0.612521 0.26770997
vt 0.875099 0.089052975
vt 0.875211 0.08636099
vt 0.632482 0.038998008
vt 0.620779 0.016524017
vt 0.730057 0.24986202
vt 0.941384 0.102280974
vt 0.94368 0.101821005
vt 0.751695 0.263685
vt 0.751572 0.26796
vt 0.639766 0.40296102
vt 0.669846 0.404835
vt 0.639972 0.402044
vt 0.607514 0.430687
vt 0.609231 0.429918
vt 0.606311 0.42649102
vt 0.605163 0.395315
vt 0.610321 0.396644
vt 0.668658 0.21428001
vt 0.674661 0.21565998
vt 0.751804 0.25920904
vt 0.751761 0.261011
vt 0.777364 0.25985503
vt 0.954745 0.17429698
vt 0.955388 0.196033
vt 0.958869 0.17418098
vt 0.821271 0.26334
vt 0.821871 0.258142
vt 0.817395 0.261227
vt 0.797551 0.46670496
vt 0.777574 0.46676302
vt 0.797059 0.49526596
vt 0.629206 0.052049994
vt 0.635915 0.050796986
vt 0.686406 0.44165504
vt 0.678358 0.433892
vt 0.734681 0.08101201
vt 0.620018 0.27724004
vt 0.6177 0.276268
vt 0.770947 0.027565002
vt 0.771167 0.03328401
vt 0.777254 0.027554989
vt 0.603827 0.21097499
vt 0.876461 0.051090002
vt 0.960011 0.258399
vt 0.961523 0.23221397
vt 0.68908 0.40598202
vt 0.951357 0.076909006
vt 0.960925 0.33483398
vt 0.95938 0.35669196
vt 0.963517 0.33505297
vt 0.750787 0.31246102
vt 0.77674 0.313011
vt 0.795384 0.337291
vt 0.608902 0.13695401
vt 0.614529 0.13732898
vt 0.610203 0.12263703
vt 0.818566 0.15028
vt 0.689624 0.39456403
vt 0.609936 0.23094797
vt 0.611295 0.221214
vt 0.606902 0.23062599
vt 0.601588 0.23007601
vt 0.608021 0.276412
vt 0.607253 0.26869297
vt 0.601856 0.276729
vt 0.738606 0.091528
vt 0.73435 0.08869201
vt 0.579686 0.076003015
vt 0.715916 0.34877598
vt 0.726497 0.35125804
vt 0.693569 0.035308003
vt 0.590565 0.29077303
vt 0.562526 0.291355
vt 0.590607 0.30469596
vt 0.698851 0.39503503
vt 0.69154 0.277138
vt 0.599258 0.19841498
vt 0.593386 0.19803399
vt 0.598983 0.20168197
vt 0.807484 0.260121
vt 0.825999 0.099047005
vt 0.828425 0.093889
vt 0.823978 0.097721994
vt 0.9507 0.018940985
vt 0.946063 0.016318977
vt 0.947572 0.15548998
vt 0.947767 0.13897097
vt 0.923913 0.087010026
vt 0.92403 0.084609985
vt 0.638299 0.08422899
vt 0.95594 0.12450701
vt 0.951887 0.12467301
vt 0.945383 0.273664
vt 0.946295 0.35259604
vt 0.76287 0.09039599
vt 0.953387 0.07657802
vt 0.952513 0.06033802
vt 0.607536 0.15643
vt 0.621211 0.073154986
vt 0.943374 0.12493199
vt 0.942352 0.124953985
vt 0.848011 0.408251
vt 0.87317 0.41027296
vt 0.919786 0.456132
vt 0.930764 0.481583
vt 0.92797 0.45385802
vt 0.71961 0.326487
vt 0.719497 0.336084
vt 0.698455 0.25322902
vt 0.698613 0.23183101
vt 0.732386 0.083905995
vt 0.724667 0.08192998
vt 0.730975 0.08588499
vt 0.676844 0.448124
vt 0.685471 0.45083904
vt 0.629859 0.23390198
vt 0.630493 0.23400402
vt 0.693852 0.039765
vt 0.723896 0.038994014
vt 0.562654 0.25966
vt 0.562533 0.269055
vt 0.589938 0.25983298
vt 0.596539 0.304614
vt 0.820694 0.07036501
vt 0.605644 0.13677597
vt 0.975908 0.042156994
vt 0.8154 0.336895
vt 0.818129 0.337031
vt 0.815457 0.32749903
vt 0.667371 0.43281603
vt 0.873992 0.444349
vt 0.850037 0.44632196
vt 0.874402 0.448533
vt 0.682827 0.040526986
vt 0.693739 0.03792703
vt 0.777634 0.44549
vt 0.777665 0.44882202
vt 0.797448 0.44531703
vt 0.814244 0.23080897
vt 0.808875 0.23068601
vt 0.756247 0.027679026
vt 0.61183 0.32551396
vt 0.607814 0.34867597
vt 0.603867 0.19876897
vt 0.604453 0.19006199
vt 0.602022 0.19862002
vt 0.776763 0.31104302
vt 0.750077 0.35219896
vt 0.776465 0.351193
vt 0.819164 0.412098
vt 0.819063 0.408978
vt 0.810888 0.412237
vt 0.647028 0.08516598
vt 0.647266 0.08845401
vt 0.674451 0.08498901
vt 0.717735 0.17500901
vt 0.608281 0.29074597
vt 0.608405 0.282552
vt 0.602136 0.29066896
vt 0.636854 0.40673697
vt 0.669635 0.40773904
vt 0.758374 0.07705599
vt 0.759076 0.08191502
vt 0.761262 0.07697499
vt 0.727508 0.30209
vt 0.727684 0.30339897
vt 0.643193 0.049869
vt 0.642527 0.046536982
vt 0.813685 0.099843025
vt 0.807457 0.10379702
vt 0.717944 0.340791
vt 0.718119 0.342259
vt 0.674178 0.07619703
vt 0.674354 0.080816984
vt 0.698587 0.40201402
vt 0.689313 0.401528
vt 0.945049 0.29386902
vt 0.945104 0.15558898
vt 0.94579 0.17452198
vt 0.795877 0.270171
vt 0.795864 0.26877904
vt 0.777259 0.269961
vt 0.612428 0.304887
vt 0.618245 0.32553196
vt 0.943248 0.139175
vt 0.941897 0.13922602
vt 0.994716 0.10887402
vt 0.968352 0.12399399
vt 0.923805 0.047104
vt 0.876917 0.046450973
vt 0.67845 0.0036129951
vt 0.681807 0.030717015
vt 0.690774 0.002538979
vt 0.665111 0.237804
vt 0.598733 0.12211901
vt 0.602999 0.13661098
vt 0.850709 0.455617
vt 0.874932 0.453542
vt 0.776342 0.00031799078
vt 0.78296 0.00034302473
vt 0.945781 0.112544
vt 0.76768 0.11197901
vt 0.762366 0.10699099
vt 0.939759 0.088952005
vt 0.935777 0.088645995
vt 0.965792 0.27413
vt 0.808562 0.23679501
vt 0.81231 0.45481002
vt 0.812227 0.45258904
vt 0.797626 0.45513797
vt 0.752459 0.16935098
vt 0.778176 0.16932297
vt 0.75248 0.15934002
vt 0.818824 0.39739704
vt 0.828476 0.05053401
vt 0.826467 0.046558022
vt 0.67017 0.03213501
vt 0.66558 0.005041003
vt 0.640104 0.03676802
vt 0.757282 0.082398
vt 0.756472 0.077106
vt 0.815836 0.268207
vt 0.816408 0.26322496
vt 0.593124 0.20140302
vt 0.598758 0.20415497
vt 0.924687 0.124873996
vt 0.924103 0.11164701
vt 0.873955 0.119139016
vt 0.753296 0.445244
vt 0.682177 0.22623998
vt 0.680245 0.22674203
vt 0.683293 0.23398298
vt 0.621075 0.40056396
vt 0.62775 0.049507976
vt 0.63516 0.04772103
vt 0.704952 0.457824
vt 0.694567 0.45687902
vt 0.70407 0.46367502
vt 0.971022 0.29501104
vt 0.965281 0.29456902
vt 0.796938 0.18268299
vt 0.808985 0.17831498
vt 0.96143 0.21659899
vt 0.933255 0.11202502
vt 0.797698 0.13679397
vt 0.810638 0.13753599
vt 0.958029 0.15504402
vt 0.641329 0.041666985
vt 0.953587 0.29410696
vt 0.953902 0.27382803
vt 0.971211 0.035633028
vt 0.96581 0.029604018
vt 0.952564 0.050328016
vt 0.815506 0.11210799
vt 0.80702 0.11557102
vt 0.777404 0.25665104
vt 0.847975 0.40721798
vt 0.829047 0.408769
vt 0.978592 0.44387603
vt 0.715108 0.46454298
vt 0.710117 0.492899
vt 0.752423 0.17424399
vt 0.730282 0.228885
vt 0.948623 0.15544903
vt 0.949337 0.174434
vt 0.949649 0.15540898
vt 0.675584 0.235057
vt 0.674522 0.22897899
vt 0.814627 0.26145697
vt 0.961863 0.315885
vt 0.964499 0.3161
vt 0.801762 0.056788027
vt 0.80816 0.041996002
vt 0.797815 0.053577006
vt 0.824894 0.028313994
vt 0.824929 0.034052014
vt 0.832131 0.028527021
vt 0.625029 0.05079502
vt 0.627019 0.052982986
vt 0.648832 0.122271
vt 0.811766 0.49496603
vt 0.780522 0.08651
vt 0.778309 0.09722102
vt 0.782641 0.08682501
vt 0.674207 0.25559103
vt 0.664119 0.25196302
vt 0.632947 0.44489503
vt 0.719919 0.257784
vt 0.71631 0.343989
vt 0.644169 0.23108
vt 0.636999 0.22274303
vt 0.643853 0.23116702
vt 0.777239 0.40463102
vt 0.79681 0.404657
vt 0.956982 0.43210196
vt 0.952752 0.43055797
vt 0.960925 0.138322
vt 0.9637 0.13817203
vt 0.831193 0.45676696
vt 0.831356 0.45976102
vt 0.959866 0.273937
vt 0.961441 0.25841796
vt 0.92572 0.036131024
vt 0.877941 0.030888021
vt 0.954924 0.315557
vt 0.955478 0.29415798
vt 0.953044 0.315485
vt 0.812072 0.44825304
vt 0.595888 0.400119
vt 0.796847 0.40819097
vt 0.810776 0.40805697
vt 0.609881 0.085237026
vt 0.612905 0.082741976
vt 0.818568 0.213045
vt 0.810424 0.21259499
vt 0.99952 0.19579798
vt 0.958185 0.088690996
vt 0.954054 0.020932019
vt 0.797506 0.44861996
vt 0.797585 0.452958
vt 0.684961 0.08389199
vt 0.684909 0.08159
vt 0.944285 0.13913101
vt 0.774283 0.095955014
vt 0.603625 0.432374
vt 0.970093 0.45639002
vt 0.948808 0.19611096
vt 0.948278 0.17446
vt 0.946307 0.19614303
vt 0.671753 0.04285699
vt 0.632946 0.25378203
vt 0.629967 0.248577
vt 0.758643 0.07233298
vt 0.761517 0.072806
vt 0.729152 0.18418902
vt 0.717912 0.18335098
vt 0.997375 0.31950903
vt 0.969151 0.33559704
vt 0.966226 0.23230499
vt 0.768836 0.056279004
vt 0.624117 0.13784999
vt 0.61743 0.15700299
vt 0.640105 0.21571702
vt 0.611365 0.25862002
vt 0.609088 0.24998802
vt 0.619345 0.09143603
vt 0.607502 0.13687897
vt 0.803755 0.077372015
vt 0.792556 0.077079
vt 0.803103 0.08160001
vt 0.998136 0.15235502
vt 0.970401 0.154347
vt 0.998955 0.17224199
vt 0.59721 0.21910799
vt 0.59159 0.21867698
vt 0.596284 0.22959697
vt 0.818241 0.2515
vt 0.707755 0.40248203
vt 0.716069 0.402887
vt 0.752046 0.408785
vt 0.729077 0.408009
vt 0.646858 0.08206898
vt 0.634897 0.046705008
vt 0.64226 0.045403004
vt 0.763852 0.03332299
vt 0.63125 0.25891602
vt 0.72598 0.49396098
vt 0.777286 0.412341
vt 0.777363 0.41993904
vt 0.990695 0.082940996
vt 0.716228 0.45340097
vt 0.716163 0.455769
vt 0.731039 0.45420003
vt 0.999682 0.21789598
vt 0.695142 0.451791
vt 0.694908 0.454049
vt 0.954118 0.412862
vt 0.95208 0.424901
vt 0.598138 0.21031404
vt 0.600808 0.210572
vt 0.681926 0.326106
vt 0.728581 0.39646304
vt 0.726595 0.358234
vt 0.612969 0.22165102
vt 0.614694 0.21340501
vt 0.637736 0.41483903
vt 0.950168 0.258287
vt 0.951321 0.23218602
vt 0.610797 0.24993801
vt 0.61159 0.23114598
vt 0.601733 0.201868
vt 0.60149 0.20433903
vt 0.94488 0.33395398
vt 0.942922 0.352264
vt 0.61106 0.202856
vt 0.82943 0.41944396
vt 0.829154 0.41187596
vt 0.819424 0.41968596
vt 0.825846 0.042272985
vt 0.832419 0.040526986
vt 0.825244 0.037552
vt 0.808536 0.072073996
vt 0.816353 0.06990498
vt 0.807336 0.066562
vt 0.800287 0.095646024
vt 0.758962 0.08730298
vt 0.748046 0.037639976
vt 0.741142 0.03713399
vt 0.803102 0.06356901
vt 0.800152 0.059789002
vt 0.808685 0.07755798
vt 0.810578 0.13888401
vt 0.810163 0.21737397
vt 0.680054 0.28232896
vt 0.680822 0.28533304
vt 0.715194 0.18047798
vt 0.718536 0.17727798
vt 0.71384 0.17681402
vt 0.730257 0.16925699
vt 0.721736 0.169209
vt 0.730169 0.17413104
vt 0.730325 0.15927702
vt 0.72177 0.15921402
vt 0.721965 0.14961499
vt 0.778163 0.18287599
vt 0.959511 0.29427397
vt 0.952331 0.33433402
vt 0.565056 0.209234
vt 0.592385 0.20997798
vt 0.565475 0.20346999
vt 0.597378 0.13618201
vt 0.60164 0.15605599
vt 0.599976 0.11167401
vt 0.601185 0.103067994
vt 0.653354 0.212637
vt 0.571993 0.11873603
vt 0.573478 0.108003974
vt 0.817428 0.028120995
vt 0.817875 0.00086402893
vt 0.80997 0.027949989
vt 0.936582 0.011729002
vt 0.689481 0.49097097
vt 0.699272 0.491966
vt 0.693757 0.462695
vt 0.873004 0.403915
vt 0.753143 0.466352
vt 0.730313 0.46546102
vt 0.750718 0.49496102
vt 0.614026 0.25817597
vt 0.610772 0.429187
vt 0.613502 0.428083
vt 0.789908 0.11440402
vt 0.782376 0.11498499
vt 0.790639 0.11927199
vt 0.822897 0.07229602
vt 0.824474 0.06490803
vt 0.831155 0.084234
vt 0.829307 0.094420016
vt 0.826801 0.09967303
vt 0.834905 0.09830797
vt 0.831975 0.104545
vt 0.822259 0.106233
vt 0.851729 0.098960996
vt 0.923865 0.087998986
vt 0.875564 0.059531987
vt 0.835446 0.122922
vt 0.723643 0.02836901
vt 0.733977 0.033793986
vt 0.829812 0.42891896
vt 0.92535 0.13971901
vt 0.87273 0.39603603
vt 0.721584 0.254748
vt 0.728326 0.091108024
vt 0.68523 0.10266298
vt 0.674704 0.09395003
vt 0.685232 0.11865997
vt 0.63183 0.098281026
vt 0.71224 0.255507
vt 0.6397 0.13841903
vt 0.644946 0.26956904
vt 0.645113 0.26889503
vt 0.613363 0.24984902
vt 0.614103 0.23145103
vt 0.608223 0.27945197
vt 0.652453 0.18971097
vt 0.954025 0.25833404
vt 0.954014 0.23219901
vt 0.952589 0.258317
vt 0.696213 0.29187
vt 0.712191 0.17012101
vt 0.925718 0.446294
vt 0.929732 0.44533098
vt 0.925148 0.443784
vt 0.640029 0.26478398
vt 0.645859 0.26602197
vt 0.640754 0.26262903
vt 0.829439 0.23017901
vt 0.82911 0.223755
vt 0.82365 0.229402
vt 0.82534 0.27241004
vt 0.817546 0.28702497
vt 0.842697 0.31328797
vt 0.82363 0.33761203
vt 0.823782 0.32730997
vt 0.822265 0.33741796
vt 0.844297 0.33917296
vt 0.825351 0.0010539889
vt 0.83248 0.0012530088
vt 0.621795 0.391344
vt 0.645413 0.065377
vt 0.744662 0.06968999
vt 0.742343 0.07154298
vt 0.9619 0.35693097
vt 0.930965 0.41370296
vt 0.921887 0.41445303
vt 0.927491 0.42243397
vt 0.668294 0.423912
vt 0.619658 0.426381
vt 0.958906 0.31571996
vt 0.604909 0.20216
vt 0.807866 0.082775
vt 0.827104 0.19868398
vt 0.843152 0.21365899
vt 0.615726 0.122935
vt 0.817844 0.18302399
vt 0.820887 0.18023503
vt 0.818246 0.32739604
vt 0.815318 0.318259
vt 0.62092 0.40144002
vt 0.610583 0.433797
vt 0.61149 0.43311
vt 0.630788 0.218777
vt 0.642877 0.25129497
vt 0.629644 0.265801
vt 0.675819 0.26062596
vt 0.679076 0.257573
vt 0.62894 0.20450902
vt 0.630237 0.21821302
vt 0.680672 0.23429799
vt 0.677288 0.22803998
vt 0.663947 0.252535
vt 0.670079 0.222377
vt 0.663492 0.23149699
vt 0.706027 0.443205
vt 0.716336 0.443843
vt 0.642687 0.24614704
vt 0.642789 0.24953902
vt 0.693781 0.23261297
vt 0.653526 0.21759301
vt 0.667175 0.21912098
vt 0.653499 0.21702302
vt 0.615303 0.26668096
vt 0.626266 0.26192904
vt 0.622201 0.20617199
vt 0.61979 0.207089
vt 0.815699 0.17386198
vt 0.932848 0.10022497
vt 0.752187 0.229119
vt 0.752189 0.225528
vt 0.777218 0.27462697
vt 0.963086 0.27402604
vt 0.962605 0.294402
vt 0.822196 0.31735098
vt 0.71355 0.25534797
vt 0.635295 0.26023102
vt 0.643048 0.252447
vt 0.782115 0.12469697
vt 0.782082 0.125691
vt 0.79136 0.12422097
vt 0.678473 0.21664
vt 0.773211 0.07292497
vt 0.774058 0.071220994
vt 0.762635 0.068789005
vt 0.664065 0.23203802
vt 0.673516 0.22567701
vt 0.794895 0.04176402
vt 0.942685 0.15567702
vt 0.941065 0.17462099
vt 0.716295 0.42754
vt 0.716332 0.43676698
vt 0.730056 0.42825603
vt 0.679324 0.22187501
vt 0.938858 0.124975026
vt 0.936327 0.124978006
vt 0.873546 0.435121
vt 0.917468 0.43072903
vt 0.817332 0.29948103
vt 0.750804 0.31039298
vt 0.950157 0.42446804
vt 0.741537 0.033648014
vt 0.730081 0.17613399
vt 0.801067 0.041863978
vt 0.668217 0.21617997
vt 0.642109 0.286896
vt 0.640815 0.29370904
vt 0.815351 0.223741
vt 0.815749 0.22633302
vt 0.664231 0.23249501
vt 0.952811 0.41264904
vt 0.998342 0.29723203
vt 0.999014 0.275725
vt 0.782594 0.06660402
vt 0.778475 0.05552697
vt 0.634183 0.214724
vt 0.639649 0.21380699
vt 0.722035 0.22369999
vt 0.721077 0.22152299
vt 0.675689 0.22455102
vt 0.676665 0.22831899
vt 0.782404 0.10241699
vt 0.68444 0.15976298
vt 0.693041 0.17946303
vt 0.813171 0.312347
vt 0.813028 0.31404102
vt 0.599713 0.348633
vt 0.597132 0.348607
vt 0.751969 0.40420997
vt 0.751712 0.39721203
vt 0.728965 0.40345097
vt 0.688912 0.40898502
vt 0.680272 0.408445
vt 0.563564 0.35016
vt 0.566325 0.386971
vt 0.591385 0.348736
vt 0.642657 0.28420496
vt 0.706405 0.43614697
vt 0.829294 0.338193
vt 0.756162 0.03341198
vt 0.748827 0.03351903
vt 0.756015 0.037352026
vt 0.633386 0.44315398
vt 0.665374 0.44836104
vt 0.633704 0.441791
vt 0.650544 0.29421604
vt 0.665609 0.44675303
vt 0.674507 0.26216304
vt 0.763653 0.12054402
vt 0.832596 0.043321013
vt 0.938688 0.049883008
vt 0.936178 0.049124002
vt 0.937539 0.052707016
vt 0.795569 0.037639976
vt 0.802115 0.038008988
vt 0.795951 0.033423007
vt 0.646949 0.217915
vt 0.718159 0.22840297
vt 0.612302 0.085785985
vt 0.817504 0.219509
vt 0.809986 0.218768
vt 0.944775 0.112583995
vt 0.601994 0.27969897
vt 0.600809 0.279716
vt 0.954691 0.43695104
vt 0.951201 0.43494797
vt 0.79596 0.286681
vt 0.777109 0.286367
vt 0.958106 0.334643
vt 0.96016 0.315776
vt 0.933426 0.39308703
vt 0.643369 0.189686
vt 0.642093 0.17684197
vt 0.730245 0.22532898
vt 0.638446 0.088566005
vt 0.595586 0.25971603
vt 0.595454 0.250197
vt 0.942101 0.093630016
vt 0.666568 0.221178
vt 0.589914 0.250179
vt 0.590768 0.22925699
vt 0.671596 0.04156798
vt 0.611443 0.443592
vt 0.608229 0.440683
vt 0.595246 0.46072304
vt 0.849826 0.44315898
vt 0.849419 0.43674803
vt 0.847744 0.39678
vt 0.828961 0.40525997
vt 0.829017 0.40772104
vt 0.847902 0.40479004
vt 0.684882 0.455836
vt 0.675991 0.45471203
vt 0.684128 0.46160603
vt 0.670908 0.28376102
vt 0.670512 0.28161502
vt 0.924925 0.40443003
vt 0.698542 0.40304697
vt 0.569383 0.404813
vt 0.57178 0.416444
vt 0.562728 0.32655
vt 0.73031 0.14963901
vt 0.717362 0.188043
vt 0.728683 0.200073
vt 0.807368 0.31829703
vt 0.77825 0.15952098
vt 0.613913 0.43535304
vt 0.816116 0.30579603
vt 0.816781 0.304417
vt 0.618924 0.209225
vt 0.628636 0.21719998
vt 0.624526 0.441132
vt 0.796823 0.17598903
vt 0.808637 0.17574203
vt 0.822606 0.26407003
vt 0.820824 0.26806903
vt 0.952165 0.19607699
vt 0.729879 0.221039
vt 0.729448 0.21715498
vt 0.733014 0.08307499
vt 0.749326 0.09211898
vt 0.815844 0.092602015
vt 0.818543 0.08611399
vt 0.93312 0.087562025
vt 0.936918 0.08653402
vt 0.713573 0.24953902
vt 0.712263 0.24952799
vt 0.644 0.054271996
vt 0.809255 0.146999
vt 0.814305 0.14717603
vt 0.809393 0.14568299
vt 0.631323 0.110302985
vt 0.625074 0.111049
vt 0.631253 0.122996986
vt 0.948014 0.31528604
vt 0.956508 0.11222303
vt 0.810191 0.0006939769
vt 0.802758 0.027806997
vt 0.950381 0.17440999
vt 0.61465 0.08324003
vt 0.753559 0.457462
vt 0.753519 0.454966
vt 0.73108 0.45662796
vt 0.647259 0.22003299
vt 0.646527 0.231085
vt 0.971191 0.17370099
vt 0.562507 0.27627802
vt 0.590166 0.2694
vt 0.796794 0.17399597
vt 0.808544 0.17381203
vt 0.772485 0.07681
vt 0.671941 0.32607996
vt 0.646935 0.325895
vt 0.717143 0.20008802
vt 0.717637 0.212093
vt 0.673215 0.19117904
vt 0.683072 0.19230902
vt 0.600689 0.250161
vt 0.778056 0.21166599
vt 0.75221 0.21580899
vt 0.612968 0.21262097
vt 0.813098 0.336972
vt 0.813138 0.32759
vt 0.939072 0.048642993
vt 0.673178 0.26783597
vt 0.730177 0.22353202
vt 0.752187 0.22369003
vt 0.61682 0.27362204
vt 0.678345 0.21986496
vt 0.565695 0.20046902
vt 0.592918 0.20394397
vt 0.632208 0.08947402
vt 0.626689 0.09204799
vt 0.626857 0.08894503
vt 0.649061 0.30653
vt 0.64478 0.20026898
vt 0.679576 0.22701299
vt 0.848927 0.42816198
vt 0.848458 0.418809
vt 0.959883 0.124422014
vt 0.61776 0.434716
vt 0.811114 0.41983497
vt 0.797018 0.41997802
vt 0.596592 0.32557404
vt 0.848132 0.41132104
vt 0.669422 0.262159
vt 0.666568 0.265279
vt 0.812075 0.098609984
vt 0.811416 0.429379
vt 0.624924 0.233136
vt 0.612751 0.09292501
vt 0.612262 0.09578198
vt 0.690928 0.350155
vt 0.628669 0.402601
vt 0.716115 0.41050804
vt 0.716212 0.41799104
vt 0.729235 0.41110897
vt 0.958763 0.13842797
vt 0.681036 0.250732
vt 0.682965 0.25098896
vt 0.681363 0.23419398
vt 0.926379 0.448878
vt 0.621071 0.42978203
vt 0.636815 0.42250502
vt 0.809851 0.143206
vt 0.814492 0.14598203
vt 0.739437 0.090929985
vt 0.736233 0.087090015
vt 0.970191 0.31666696
vt 0.752461 0.14959902
vt 0.778361 0.14993703
vt 0.610162 0.429483
vt 0.730225 0.096849024
vt 0.73571 0.093409
vt 0.757804 0.066425025
vt 0.773455 0.12013197
vt 0.782182 0.12223899
vt 0.763228 0.08527601
vt 0.759849 0.067754984
vt 0.762018 0.06336701
vt 0.765073 0.05945599
vt 0.763585 0.056418
vt 0.772642 0.07482201
vt 0.767206 0.061604977
vt 0.607037 0.408153
vt 0.839087 0.05008799
vt 0.797221 0.15049201
vt 0.756108 0.09533203
vt 0.92314 0.055357993
vt 0.933522 0.07950401
vt 0.924063 0.083637
vt 0.826461 0.13696504
vt 0.874256 0.105578005
vt 0.850648 0.10860902
vt 0.718347 0.21676898
vt 0.845218 0.14906001
vt 0.816523 0.26962197
vt 0.82367 0.251651
vt 0.844209 0.25548
vt 0.716545 0.272012
vt 0.728039 0.27299798
vt 0.843509 0.262621
vt 0.960833 0.294317
vt 0.963322 0.25845003
vt 0.636639 0.054920018
vt 0.808579 0.30373204
vt 0.808868 0.29898596
vt 0.795727 0.303231
vt 0.6009 0.259475
vt 0.596447 0.28276896
vt 0.590472 0.282893
vt 0.596559 0.29066396
vt 0.952496 0.21662802
vt 0.952613 0.232193
vt 0.953874 0.21662599
vt 0.811956 0.44497597
vt 0.777695 0.453148
vt 0.777715 0.455271
vt 0.815013 0.26023102
vt 0.817833 0.257474
vt 0.715668 0.28477
vt 0.943851 0.33390498
vt 0.810724 0.40558004
vt 0.818979 0.40545297
vt 0.760635 0.08648801
vt 0.63879 0.306163
vt 0.629955 0.012492001
vt 0.797377 0.14643502
vt 0.79745 0.14508998
vt 0.812383 0.457474
vt 0.797165 0.21207601
vt 0.949092 0.42912
vt 0.942889 0.048530996
vt 0.939548 0.047137022
vt 0.941959 0.04997599
vt 0.791579 0.081072986
vt 0.792231 0.07911599
vt 0.681871 0.306211
vt 0.672026 0.306409
vt 0.757767 0.041815996
vt 0.767868 0.053156972
vt 0.685134 0.09269297
vt 0.696228 0.09129202
vt 0.685044 0.08724499
vt 0.673904 0.17824101
vt 0.635904 0.260673
vt 0.634173 0.262837
vt 0.639012 0.12278402
vt 0.56447 0.217493
vt 0.809984 0.03368199
vt 0.831234 0.090445995
vt 0.778124 0.20022798
vt 0.951098 0.27376902
vt 0.951258 0.2583
vt 0.950003 0.27374697
vt 0.676364 0.451972
vt 0.665059 0.450383
vt 0.671105 0.26143396
vt 0.663294 0.253092
vt 0.948886 0.12478697
vt 0.948965 0.112504005
vt 0.631268 0.22738099
vt 0.631879 0.22764301
vt 0.603499 0.398295
vt 0.606303 0.40829897
vt 0.599211 0.28273702
vt 0.952016 0.440866
vt 0.777401 0.033273995
vt 0.783256 0.033289015
vt 0.636342 0.22314602
vt 0.671718 0.293629
vt 0.799023 0.11848998
vt 0.796822 0.405711
vt 0.647751 0.096795976
vt 0.950925 0.42464
vt 0.949831 0.42945504
vt 0.916479 0.43634903
vt 0.873799 0.441301
vt 0.916308 0.43917596
vt 0.635853 0.42984104
vt 0.777273 0.268574
vt 0.752421 0.41947603
vt 0.752157 0.41189897
vt 0.729607 0.41865003
vt 0.823152 0.344993
vt 0.822318 0.25165904
vt 0.765088 0.117561996
vt 0.765667 0.11632401
vt 0.652834 0.26659203
vt 0.819035 0.40792596
vt 0.683846 0.17889899
vt 0.636317 0.263642
vt 0.615811 0.438012
vt 0.620445 0.11163902
vt 0.618029 0.101978004
vt 0.624499 0.123071015
vt 0.619465 0.12306601
vt 0.751993 0.40525997
vt 0.941679 0.441773
vt 0.935872 0.44376004
vt 0.942263 0.443753
vt 0.847874 0.403758
vt 0.565984 0.19648397
vt 0.61314 0.2909
vt 0.944888 0.05545497
vt 0.941589 0.352248
vt 0.776476 0.34702003
vt 0.604204 0.39423597
vt 0.795285 0.09702098
vt 0.933715 0.39937496
vt 0.753061 0.438264
vt 0.75275 0.42909598
vt 0.730468 0.43748796
vt 0.600268 0.269158
vt 0.765734 0.09369898
vt 0.822407 0.32731903
vt 0.942458 0.333839
vt 0.940105 0.33372998
vt 0.685221 0.45304203
vt 0.87974 0.49079597
vt 0.673513 0.063835025
vt 0.818286 0.14594102
vt 0.822997 0.14946997
vt 0.82443 0.14921403
vt 0.824635 0.15964699
vt 0.80933 0.22303402
vt 0.697794 0.416892
vt 0.698213 0.40953898
vt 0.688462 0.41626203
vt 0.791849 0.10084599
vt 0.71257 0.23502499
vt 0.730772 0.444548
vt 0.949499 0.04657799
vt 0.932039 0.45244896
vt 0.944209 0.47566903
vt 0.795481 0.34418
vt 0.807573 0.34386504
vt 0.74584 0.10255802
vt 0.637686 0.21983397
vt 0.63385 0.22197902
vt 0.773237 0.121101975
vt 0.764677 0.11845398
vt 0.772685 0.12342703
vt 0.562842 0.24980599
vt 0.622679 0.091703
vt 0.62252 0.090834975
vt 0.918423 0.450729
vt 0.917855 0.44796598
vt 0.748923 0.00047701597
vt 0.741288 0.00058597326
vt 0.748963 0.027779996
vt 0.846143 0.239245
vt 0.844664 0.233186
vt 0.678956 0.280119
vt 0.832264 0.03730899
vt 0.832143 0.034245014
vt 0.812314 0.466425
vt 0.676637 0.449834
vt 0.706847 0.42696
vt 0.81745 0.033858
vt 0.818108 0.038011014
vt 0.716311 0.447226
vt 0.689907 0.29232502
vt 0.807459 0.341833
vt 0.952074 0.155312
vt 0.945571 0.439534
vt 0.946432 0.44116402
vt 0.949893 0.13888097
vt 0.950804 0.15536296
vt 0.951128 0.138825
vt 0.806684 0.07748699
vt 0.806469 0.07260597
vt 0.818502 0.187976
vt 0.630547 0.215428
vt 0.791169 0.09907299
vt 0.949295 0.438349
vt 0.795438 0.34210896
vt 0.782939 0.052133024
vt 0.625144 0.045853972
vt 0.813047 0.261688
vt 0.651755 0.28267002
vt 0.642978 0.28211296
vt 0.602604 0.189946
vt 0.805279 0.067876995
vt 0.716067 0.40742803
vt 0.941587 0.273593
vt 0.941253 0.293768
vt 0.943962 0.273637
vt 0.75029 0.35918403
vt 0.831043 0.454067
vt 0.820964 0.45720303
vt 0.774232 0.08229101
vt 0.797656 0.45775998
vt 0.777725 0.45783603
vt 0.764569 0.064996004
vt 0.775217 0.06973398
vt 0.688715 0.28411
vt 0.681516 0.292938
vt 0.613858 0.095310986
vt 0.776483 0.34425902
vt 0.821562 0.10549998
vt 0.819702 0.10395998
vt 0.679721 0.25784302
vt 0.713885 0.23506498
vt 0.752209 0.217125
vt 0.830203 0.43768597
vt 0.820415 0.444691
vt 0.941755 0.04141903
vt 0.783224 0.027571976
vt 0.598814 0.22980797
vt 0.810491 0.20043802
vt 0.810143 0.18835104
vt 0.797198 0.20035702
vt 0.819645 0.266769
vt 0.939922 0.477687
vt 0.777707 0.460805
vt 0.60142 0.26909602
vt 0.600682 0.27676296
vt 0.797021 0.11253202
vt 0.75096 0.297619
vt 0.751146 0.285805
vt 0.62185 0.05223298
vt 0.622937 0.052891016
vt 0.600854 0.30461597
vt 0.602556 0.21078801
vt 0.601467 0.21963799
vt 0.605132 0.40853
vt 0.710709 0.081304014
vt 0.695708 0.08142698
vt 0.710425 0.08359599
vt 0.95351 0.19606298
vt 0.959292 0.334715
vt 0.677499 0.25012696
vt 0.944106 0.21664101
vt 0.94177 0.21663898
vt 0.608421 0.42099798
vt 0.719895 0.31684
vt 0.718017 0.326451
vt 0.777256 0.40921903
vt 0.714847 0.10589701
vt 0.957696 0.124469995
vt 0.634587 0.22003198
vt 0.635337 0.22059399
vt 0.949213 0.05718702
vt 0.812407 0.46046996
vt 0.695823 0.086799026
vt 0.740722 0.064135015
vt 0.84414 0.22583002
vt 0.630513 0.21724498
vt 0.737 0.08635998
vt 0.814316 0.22758603
vt 0.713649 0.30548203
vt 0.716948 0.30399597
vt 0.823249 0.22352302
vt 0.613769 0.275248
vt 0.603887 0.391644
vt 0.673887 0.26975596
vt 0.719051 0.217983
vt 0.715909 0.21937203
vt 0.63711 0.203148
vt 0.823913 0.23659503
vt 0.822365 0.22958702
vt 0.676559 0.26728296
vt 0.713626 0.095451
vt 0.61098 0.09200299
vt 0.686565 0.20764399
vt 0.625978 0.09995699
vt 0.621525 0.101532996
vt 0.687797 0.42558098
vt 0.729521 0.13829899
vt 0.618462 0.13755798
vt 0.716188 0.302705
vt 0.777891 0.22615701
vt 0.828941 0.40421498
vt 0.936422 0.04784602
vt 0.962648 0.12433702
vt 0.940884 0.438047
vt 0.941832 0.23215103
vt 0.814226 0.15096098
vt 0.598971 0.033900023
vt 0.615977 0.048528016
vt 0.603638 0.028847992
vt 0.7692 0.096448004
vt 0.76443 0.095061004
vt 0.79159 0.12522101
vt 0.96125 0.273969
vt 0.653392 0.21513098
vt 0.748691 0.110762
vt 0.723819 0.034034014
vt 0.644102 0.252711
vt 0.97464 0.450306
vt 0.81293 0.26008296
vt 0.751533 0.269346
vt 0.936448 0.446024
vt 0.959795 0.024731994
vt 0.808744 0.352019
vt 0.841925 0.034548998
vt 0.609231 0.425659
vt 0.599121 0.279729
vt 0.568865 0.40199304
vt 0.817169 0.27458298
vt 0.809057 0.28687096
vt 0.813964 0.17556399
vt 0.714183 0.227858
vt 0.728445 0.26828396
vt 0.728669 0.26690602
vt 0.773175 0.05394399
vt 0.752185 0.22109199
vt 0.689262 0.402552
vt 0.941236 0.43979
vt 0.776832 0.495359
vt 0.684364 0.06340003
vt 0.823936 0.142946
vt 0.668 0.27083504
vt 0.680616 0.40208697
vt 0.670071 0.401519
vt 0.955798 0.27385998
vt 0.602088 0.282722
vt 0.924194 0.40735197
vt 0.753456 0.452914
vt 0.941023 0.12496501
vt 0.674633 0.22176802
vt 0.949452 0.101291
vt 0.695687 0.252742
vt 0.695954 0.442464
vt 0.679132 0.42486703
vt 0.741863 0.09641701
vt 0.950832 0.334253
vt 0.951552 0.31542397
vt 0.816092 0.23076499
vt 0.705272 0.45496404
vt 0.950158 0.315368
vt 0.601805 0.325513
vt 0.821052 0.46020103
vt 0.599007 0.276789
vt 0.795823 0.298531
vt 0.599795 0.21940804
vt 0.813064 0.31833196
vt 0.679817 0.41563904
vt 0.562521 0.30528796
vt 0.590755 0.325705
vt 0.603562 0.20202398
vt 0.603298 0.204508
vt 0.563791 0.22800303
vt 0.6712 0.22031301
vt 0.796633 0.056674004
vt 0.715228 0.350057
vt 0.720043 0.17408001
vt 0.721734 0.17395002
vt 0.940123 0.11273402
vt 0.673895 0.26304197
vt 0.695623 0.27293503
vt 0.719949 0.31007802
vt 0.59637 0.27973902
vt 0.877518 0.036364973
vt 0.719117 0.13908398
vt 0.613257 0.43604803
vt 0.60238 0.39013302
vt 0.782481 0.097757995
vt 0.788091 0.08529103
vt 0.733551 0.08925998
vt 0.628862 0.40169704
vt 0.578843 0.079683006
vt 0.963157 0.195943
vt 0.786888 0.10025203
vt 0.642959 0.25207698
vt 0.662576 0.231399
vt 0.644607 0.27149904
vt 0.930405 0.44777703
vt 0.776469 0.35256696
vt 0.795673 0.35245
vt 0.707242 0.41748202
vt 0.695869 0.23242801
vt 0.729262 0.21588302
vt 0.602135 0.348687
vt 0.609392 0.08759898
vt 0.782868 0.055136025
vt 0.787194 0.055685997
vt 0.730985 0.45954204
vt 0.715949 0.45865798
vt 0.818957 0.40440202
vt 0.810701 0.40452802
vt 0.813862 0.11027998
vt 0.820854 0.45452
vt 0.955144 0.054875016
vt 0.948775 0.138928
vt 0.792493 0.07516897
vt 0.803565 0.07311398
vt 0.791988 0.07331002
vt 0.600996 0.465787
vt 0.81889 0.10335201
vt 0.81701 0.35131896
vt 0.753521 0.460406
vt 0.778152 0.17412901
vt 0.850505 0.45289302
vt 0.814819 0.312648
vt 0.776965 0.29812896
vt 0.632359 0.269081
vt 0.741623 0.027907014
vt 0.707508 0.41006196
vt 0.614097 0.086169004
vt 0.944515 0.31516004
vt 0.75141 0.27402198
vt 0.730242 0.145702
vt 0.593126 0.04196
vt 0.940442 0.155756
vt 0.664608 0.234106
vt 0.945777 0.050440013
vt 0.949253 0.052405
vt 0.674534 0.08763099
vt 0.778412 0.14584398
vt 0.604316 0.15622497
vt 0.777463 0.42954302
vt 0.821927 0.096404016
vt 0.841924 0.037343025
vt 0.613892 0.44056296
vt 0.728365 0.312137
vt 0.72005 0.312105
vt 0.723876 0.036790013
vt 0.94213 0.431
vt 0.789436 0.03334099
vt 0.789258 0.037387013
vt 0.937125 0.13938999
vt 0.93472 0.13946402
vt 0.945517 0.21664101
vt 0.624303 0.24895
vt 0.797652 0.460747
vt 0.684991 0.08487201
vt 0.574849 0.09960598
vt 0.964631 0.154715
vt 0.965394 0.17397296
vt 0.933936 0.124971986
vt 0.720276 0.26173198
vt 0.603755 0.39042497
vt 0.620576 0.05146599
vt 0.622402 0.09445703
vt 0.719276 0.342611
vt 0.750182 0.34666002
vt 0.935126 0.092589974
vt 0.675105 0.26292098
vt 0.815911 0.146994
vt 0.815716 0.14610702
vt 0.747903 0.111378014
vt 0.948111 0.437043
vt 0.951153 0.056490004
vt 0.761355 0.091503024
vt 0.818033 0.31793404
vt 0.777745 0.099971
vt 0.694956 0.22262096
vt 0.675082 0.22264397
vt 0.950899 0.42989504
vt 0.949688 0.433953
vt 0.634321 0.22107899
vt 0.631564 0.21701902
vt 0.819083 0.04218501
vt 0.935214 0.100715995
vt 0.727662 0.34310603
vt 0.593505 0.38356996
vt 0.80993 0.037836015
vt 0.802807 0.033532023
vt 0.934199 0.40631604
vt 0.684959 0.080643
vt 0.69674 0.10005903
vt 0.619072 0.05055499
vt 0.611216 0.102402985
vt 0.628375 0.22616696
vt 0.941136 0.051256
vt 0.615058 0.439102
vt 0.616162 0.207263
vt 0.718332 0.31674802
vt 0.608596 0.024452984
vt 0.608429 0.092236996
vt 0.815197 0.313945
vt 0.797945 0.061851025
vt 0.643354 0.25259
vt 0.637478 0.26146603
vt 0.730183 0.14462
vt 0.752388 0.14187002
vt 0.951574 0.17438298
vt 0.669925 0.40385103
vt 0.677982 0.262559
vt 0.820173 0.348239
vt 0.723921 0.084137976
vt 0.935423 0.441504
vt 0.947138 0.43578196
vt 0.944866 0.437926
vt 0.619243 0.47642696
vt 0.658006 0.48668897
vt 0.939693 0.13930398
vt 0.567829 0.39616
vt 0.826277 0.215433
vt 0.667358 0.21856898
vt 0.821419 0.34948504
vt 0.763066 0.12128997
vt 0.809563 0.18233001
vt 0.944262 0.43649
vt 0.945001 0.09163898
vt 0.943894 0.092729986
vt 0.609235 0.10281098
vt 0.606628 0.103167
vt 0.950089 0.12476003
vt 0.818826 0.20050097
vt 0.669083 0.41480696
vt 0.633689 0.26657796
vt 0.952881 0.17435199
vt 0.94964 0.29399002
vt 0.62925 0.21602601
vt 0.805952 0.08227897
vt 0.802197 0.10781002
vt 0.782423 0.10055399
vt 0.815953 0.15077603
vt 0.937994 0.40070403
vt 0.633094 0.22391999
vt 0.786437 0.086166024
vt 0.69318 0.029738009
vt 0.604621 0.20466602
vt 0.941531 0.19618398
vt 0.567419 0.393766
vt 0.789526 0.08412701
vt 0.783214 0.03727001
vt 0.783136 0.041661024
vt 0.395434 0.582146
vt 0.383828 0.57102
vt 0.358729 0.578332
vt 0.372125 0.567774
vt 0.371702 0.55487698
vt 0.364016 0.54609197
vt 0.39523 0.547992
vt 0.385485 0.55816698
vt 0.396587 0.54653502
vt 0.397393 0.584337
vt 0.362638 0.54471898
vt 0.421084 0.60942
vt 0.437905 0.50832802
vt 0.332134 0.517196
vt 0.332134 0.609321
vt 0.357427 0.57933903
vt 0.495015 0.454216
vt 0.495769 0.454395
vt 0.501504 0.409966
vt 0.494327 0.45974803
vt 0.492678 0.45370996
vt 0.493587 0.45947802
vt 0.491339 0.46430504
vt 0.491354 0.458682
vt 0.490693 0.458439
vt 0.489267 0.463089
vt 0.491936 0.453578
vt 0.474137 0.431269
vt 0.472131 0.43688703
vt 0.488663 0.462731
vt 0.469055 0.44234097
vt 0.473076 0.43097603
vt 0.471035 0.43637204
vt 0.468008 0.441612
vt 0.481306 0.40576
vt 0.498358 0.409469
vt 0.480319 0.40552402
vt 0.466705 0.428293
vt 0.46451 0.432927
vt 0.474124 0.40395796
vt 0.464393 0.42749596
vt 0.462331 0.431679
vt 0.459695 0.43541598
vt 0.461759 0.437015
vt 0.458445 0.44082904
vt 0.464004 0.44629097
vt 0.459353 0.450441
vt 0.456562 0.43892002
vt 0.454529 0.444157
vt 0.454159 0.45382
vt 0.452905 0.44199896
vt 0.450152 0.44701004
vt 0.44869 0.45616198
vt 0.448793 0.44460297
vt 0.440155 0.451824
vt 0.451298 0.439785
vt 0.447542 0.44219
vt 0.438891 0.44879603
vt 0.433713 0.41996598
vt 0.430393 0.420362
vt 0.436321 0.41909802
vt 0.438437 0.417799
vt 0.454661 0.436953
vt 0.440131 0.416008
vt 0.457626 0.43377
vt 0.441387 0.413719
vt 0.460163 0.430382
vt 0.46215 0.426687
vt 0.442508 0.410761
vt 0.445789 0.39364302
vt 0.469578 0.402766
vt 0.479343 0.353455
vt 0.471834 0.40336204
vt 0.48156 0.353853
vt 0.489212 0.29276204
vt 0.483781 0.354249
vt 0.491476 0.293141
vt 0.489843 0.35529
vt 0.493738 0.293526
vt 0.499915 0.29461002
vt 0.490849 0.355466
vt 0.51221 0.22976601
vt 0.501009 0.294805
vt 0.51337 0.22996998
vt 0.522341 0.16767597
vt 0.505299 0.228607
vt 0.502769 0.22821599
vt 0.511087 0.16725099
vt 0.50024 0.22784299
vt 0.508132 0.167162
vt 0.514087 0.16737103
vt 0.510641 0.13334203
vt 0.507446 0.13360101
vt 0.509405 0.12711203
vt 0.513935 0.13313699
vt 0.512678 0.12626898
vt 0.523207 0.13193601
vt 0.522496 0.12402499
vt 0.524709 0.13196003
vt 0.524131 0.123730004
vt 0.523633 0.16778499
vt 0.556134 0.10905099
vt 0.545701 0.169936
vt 0.546879 0.17016
vt 0.557192 0.109173
vt 0.556254 0.10177803
vt 0.557263 0.10169101
vt 0.555981 0.09461999
vt 0.521873 0.11544901
vt 0.559305 0.093603015
vt 0.560722 0.10139698
vt 0.560575 0.10944098
vt 0.56187 0.10130501
vt 0.561676 0.109514
vt 0.553315 0.088084996
vt 0.560403 0.093279004
vt 0.556361 0.086409986
vt 0.557352 0.085877
vt 0.552851 0.079229
vt 0.54685 0.073424995
vt 0.551964 0.07997602
vt 0.546117 0.074377
vt 0.549311 0.082223
vt 0.548532 0.082901
vt 0.543296 0.078078985
vt 0.536694 0.07418102
vt 0.537183 0.073113024
vt 0.538846 0.06991202
vt 0.506773 0.094093025
vt 0.513105 0.10023302
vt 0.469841 0.047185004
vt 0.499593 0.08942801
vt 0.470285 0.045840025
vt 0.387057 0.023056984
vt 0.386747 0.024626017
vt 0.460881 0.06988901
vt 0.382245 0.04602301
vt 0.381924 0.047526002
vt 0.460332 0.07124698
vt 0.498861 0.090813994
vt 0.380187 0.05544001
vt 0.456899 0.07931399
vt 0.455608 0.08226901
vt 0.491437 0.10154301
vt 0.379523 0.058321
vt 0.286505 0.041523993
vt 0.286249 0.044377983
vt 0.287219 0.03369701
vt 0.378856 0.06118399
vt 0.285994 0.04722202
vt 0.371228 0.09417999
vt 0.454326 0.08516699
vt 0.282704 0.08131999
vt 0.436645 0.11513102
vt 0.489635 0.10434902
vt 0.460503 0.12774998
vt 0.494045 0.10823798
vt 0.496477 0.10568899
vt 0.497947 0.112681985
vt 0.468861 0.13349903
vt 0.500758 0.11040902
vt 0.498842 0.10313302
vt 0.493255 0.09863001
vt 0.511736 0.10139698
vt 0.505692 0.095424
vt 0.503561 0.10815799
vt 0.516684 0.10834199
vt 0.518233 0.10745597
vt 0.507413 0.11381602
vt 0.552414 0.08857
vt 0.555002 0.09490198
vt 0.520218 0.11604899
vt 0.510575 0.119831026
vt 0.507331 0.12122798
vt 0.504385 0.11565101
vt 0.501246 0.11755198
vt 0.504053 0.12264097
vt 0.474995 0.14029402
vt 0.472216 0.13664502
vt 0.506103 0.12802899
vt 0.476838 0.14463699
vt 0.477243 0.149935
vt 0.474861 0.17165202
vt 0.468673 0.224581
vt 0.460448 0.288054
vt 0.452309 0.34887898
vt 0.191589 0.04454398
vt 0.19233 0.08017999
vt 0.112069 0.05409199
vt 0.123896 0.088395
vt 0.191455 0.041576028
vt 0.071602 0.06388801
vt 0.072959 0.06702602
vt 0.111302 0.050957978
vt 0.099843 0.09511697
vt 0.110539 0.04776299
vt 0.191328 0.03859198
vt 0.070235 0.060634017
vt 0.108364 0.03891599
vt 0.065838 0.067261994
vt 0.063861 0.064319015
vt 0.058066 0.055522025
vt 0.065765 0.051886022
vt 0.065249 0.050351977
vt 0.108059 0.037449002
vt 0.057168 0.054001987
vt 0.029471 0.029597998
vt 0.102898 0.013127983
vt 0.022233 0.032592
vt 0.04981 0.059297025
vt 0.051024 0.06065297
vt 0.016377 0.036935985
vt 0.015647 0.03614801
vt 0.021687 0.031641006
vt 0.029133 0.028425992
vt 0.019827 0.028458
vt 0.013139 0.03343898
vt 0.011773 0.042294025
vt 0.01089 0.041691005
vt 0.007878 0.039600015
vt 0.012302 0.03255099
vt 0.019191 0.02737099
vt 0.006895 0.038933992
vt 0.027863 0.024851024
vt 0.102156 0.008338988
vt 0.027424 0.023642004
vt 0.101947 0.006878972
vt 0.190433 0.00031799078
vt 0.10268 0.011675
vt 0.190454 0.0019509792
vt 0.19051 0.0048999786
vt 0.190533 0.006522
vt 0.289506 0.009181976
vt 0.289763 0.006411016
vt 0.191027 0.028823972
vt 0.287365 0.032024026
vt 0.289353 0.010899007
vt 0.191073 0.030377984
vt 0.387654 0.020204008
vt 0.289917 0.0046849847
vt 0.387967 0.018625021
vt 0.471344 0.04274398
vt 0.471797 0.04139
vt 0.539431 0.06883401
vt 0.004116 0.04672402
vt 0.002998 0.046279013
vt 0.001967 0.054614007
vt 0.000774 0.054419994
vt 0.00551 0.055239975
vt 0.007488 0.048114
vt 0.006553 0.055415988
vt 0.008477 0.048503995
vt 0.03907 0.07365203
vt 0.043743 0.066003025
vt 0.037621 0.082261026
vt 0.040683 0.074450016
vt 0.035977 0.08185798
vt 0.046634 0.085105
vt 0.049566 0.079092026
vt 0.045196 0.067101
vt 0.053618 0.073614
vt 0.058382 0.06864202
vt 0.056328 0.07587898
vt 0.060807 0.07129699
vt 0.059135 0.07825303
vt 0.063239 0.07400501
vt 0.08995 0.100709975
vt 0.094355 0.09762901
vt 0.086177 0.10419297
vt 0.067864 0.07021898
vt 0.082812 0.108107984
vt 0.055543 0.082793
vt 0.07987 0.112592995
vt 0.077448 0.11817002
vt 0.050391 0.091645
vt 0.052597 0.08748102
vt 0.049816 0.086155
vt 0.048147 0.09075403
vt 0.045548 0.09187502
vt 0.052582 0.08090603
vt 0.053629 0.101484
vt 0.05041 0.100537
vt 0.047884 0.101732016
vt 0.036766 0.09032297
vt 0.039398 0.109623015
vt 0.035177 0.09040797
vt 0.04203 0.12892401
vt 0.006132 0.06286597
vt 0.040651 0.12891799
vt 0.013768 0.12697399
vt 0.005025 0.062925994
vt 0.009197 0.192841
vt 0.010435 0.19283801
vt 0.012541 0.12702203
vt 0.029843 0.191423
vt 0.00948 0.12714303
vt 0.006502 0.19283599
vt 0.001471 0.06292701
vt 0.008258 0.12719399
vt 0.005261 0.19283903
vt 0.000318 0.06292701
vt 0.00926 0.27121103
vt 0.007928 0.27130198
vt 0.016846 0.345416
vt 0.015699 0.34556603
vt 0.027063 0.40533304
vt 0.025992 0.40547597
vt 0.032289 0.459378
vt 0.031361 0.45955098
vt 0.033718 0.465944
vt 0.032803 0.466227
vt 0.03535 0.472409
vt 0.036186 0.471959
vt 0.03904 0.47790003
vt 0.039764 0.47729802
vt 0.043817 0.48259997
vt 0.044418 0.48184
vt 0.042017 0.47544098
vt 0.038737 0.470603
vt 0.046265 0.4795
vt 0.04679 0.478822
vt 0.042669 0.47488904
vt 0.039485 0.47020102
vt 0.067609 0.45415604
vt 0.073981 0.457933
vt 0.068707 0.45315003
vt 0.073077 0.459127
vt 0.064486 0.44756198
vt 0.063198 0.44828498
vt 0.03725 0.46484804
vt 0.060471 0.44138098
vt 0.075093 0.44721
vt 0.07165 0.443197
vt 0.069118 0.439326
vt 0.071011 0.438183
vt 0.073662 0.441589
vt 0.077072 0.44514
vt 0.075642 0.43979704
vt 0.07905 0.44295704
vt 0.069058 0.435794
vt 0.072655 0.43676
vt 0.069986 0.433958
vt 0.064461 0.430663
vt 0.067867 0.435982
vt 0.065957 0.42776704
vt 0.08065 0.38322997
vt 0.044633 0.34481597
vt 0.071193 0.342359
vt 0.047418 0.34440196
vt 0.040755 0.272016
vt 0.065273 0.19593102
vt 0.038957 0.195467
vt 0.065697 0.27014196
vt 0.038064 0.272175
vt 0.036134 0.19529098
vt 0.042132 0.34516597
vt 0.035367 0.27233696
vt 0.032662 0.19499803
vt 0.031121 0.19148397
vt 0.033939 0.26995802
vt 0.032618 0.27004004
vt 0.013141 0.270953
vt 0.03952 0.34334302
vt 0.040689 0.34317303
vt 0.020501 0.34493303
vt 0.019355 0.34508204
vt 0.011814 0.271043
vt 0.029758 0.40496302
vt 0.030836 0.404813
vt 0.035188 0.458893
vt 0.036099 0.45878398
vt 0.036431 0.46509898
vt 0.059797 0.433537
vt 0.061913 0.44104803
vt 0.061291 0.43337703
vt 0.052122 0.399895
vt 0.053304 0.39961803
vt 0.060975 0.431925
vt 0.071659 0.139373
vt 0.088116 0.411107
vt 0.089939 0.41514003
vt 0.091891 0.41751802
vt 0.094352 0.419286
vt 0.082903 0.44590902
vt 0.097229 0.42061698
vt 0.081185 0.44842696
vt 0.100488 0.421557
vt 0.087263 0.448474
vt 0.085881 0.45126402
vt 0.084382 0.45403504
vt 0.079384 0.45088804
vt 0.080046 0.461792
vt 0.07937 0.46307302
vt 0.086035 0.46582198
vt 0.08642 0.46461403
vt 0.095649 0.459212
vt 0.051763 0.481955
vt 0.057703 0.484015
vt 0.118892 0.47425604
vt 0.118654 0.47542
vt 0.115169 0.495072
vt 0.115005 0.49621904
vt 0.057479 0.48495
vt 0.05138 0.482741
vt 0.056617 0.487796
vt 0.114602 0.498873
vt 0.114433 0.500027
vt 0.056318 0.488752
vt 0.049651 0.486251
vt 0.050088 0.48536098
vt 0.185944 0.50769
vt 0.186003 0.506337
vt 0.271692 0.50769103
vt 0.271629 0.506213
vt 0.355259 0.500978
vt 0.355108 0.499691
vt 0.422268 0.49000704
vt 0.422064 0.48896003
vt 0.421589 0.48652804
vt 0.354828 0.497325
vt 0.474411 0.47793496
vt 0.474134 0.47710204
vt 0.473368 0.47460604
vt 0.473168 0.473787
vt 0.421391 0.48548496
vt 0.449041 0.45727098
vt 0.417318 0.46725
vt 0.352924 0.478168
vt 0.352784 0.47692096
vt 0.41705 0.46614003
vt 0.362424 0.464414
vt 0.430468 0.452227
vt 0.270855 0.484294
vt 0.270446 0.471421
vt 0.270803 0.482845
vt 0.270375 0.46892297
vt 0.17621 0.469822
vt 0.362106 0.46185696
vt 0.270307 0.46643102
vt 0.17638 0.467309
vt 0.361813 0.459435
vt 0.429665 0.450199
vt 0.429686 0.448017
vt 0.438667 0.44556403
vt 0.407942 0.422018
vt 0.348961 0.42726803
vt 0.269732 0.431296
vt 0.189082 0.42995703
vt 0.1295 0.425344
vt 0.176571 0.46465802
vt 0.105836 0.45658004
vt 0.098289 0.452698
vt 0.104182 0.42213297
vt 0.105855 0.45860696
vt 0.097422 0.45610404
vt 0.105048 0.46054196
vt 0.186903 0.482597
vt 0.186836 0.48390102
vt 0.186189 0.50251698
vt 0.271476 0.50236797
vt 0.186132 0.503864
vt 0.271537 0.50383902
vt 0.354681 0.496045
vt 0.454741 0.45492196
vt 0.478247 0.472111
vt 0.482456 0.46964502
vt 0.460147 0.45148504
vt 0.482882 0.470223
vt 0.478558 0.472781
vt 0.484346 0.47214997
vt 0.479662 0.47502196
vt 0.480028 0.47577202
vt 0.48483 0.47278702
vt 0.486428 0.46694398
vt 0.488253 0.46857202
vt 0.488833 0.46908796
vt 0.492014 0.464705
vt 0.485902 0.46647203
vt 0.464943 0.44719803
vt 0.550987 0.17096299
vt 0.549814 0.170726
vt 0.536236 0.234716
vt 0.535121 0.23445797
vt 0.5205 0.298562
vt 0.510858 0.35868204
vt 0.52158 0.29878402
vt 0.509898 0.35851896
vt 0.518422 0.29814196
vt 0.532759 0.23392302
vt 0.50781 0.35816503
vt 0.51734 0.29792798
vt 0.531643 0.23367602
vt 0.499255 0.409612
vt 0.50685 0.358002
vt 0.502397 0.41010404
vt 0.700856 0.64513803
vt 0.701039 0.64588398
vt 0.741607 0.645191
vt 0.701039 0.64588398
vt 0.701735 0.686256
vt 0.741433 0.64594
vt 0.700997 0.686413
vt 0.701735 0.686256
vt 0.700294 0.645741
vt 0.698808 0.64444298
vt 0.699579 0.643638
vt 0.697885 0.64280498
vt 0.744504 0.64280498
vt 0.698746 0.68930602
vt 0.699547 0.687724
vt 0.742843 0.64370197
vt 0.743627 0.64447498
vt 0.745114 0.68958497
vt 0.744257 0.68790197
vt 0.743458 0.688684
vt 0.742175 0.645783
vt 0.742759 0.68659103
vt 0.742196 0.68719298
vt 0.741433 0.64594
vt 0.742017 0.686445
vt 0.700321 0.688488
vt 0.70156 0.68699998
vt 0.655987 0.674433
vt 0.65695 0.673351
vt 0.656607 0.67312503
vt 0.657216 0.673665
vt 0.656214 0.67300498
vt 0.657384 0.67404097
vt 0.657439 0.674451
vt 0.655805 0.672998
vt 0.65617 0.675875
vt 0.65657 0.675766
vt 0.655755 0.675869
vt 0.656924 0.675547
vt 0.655013 0.67551398
vt 0.655358 0.675745
vt 0.654748 0.67519403
vt 0.657376 0.67486
vt 0.6572 0.675236
vt 0.65506 0.67332202
vt 0.654785 0.673626
vt 0.655409 0.67310703
vt 0.654605 0.67399597
vt 0.654585 0.67481297
vt 0.654536 0.674403
vt 0.65212 0.675453
vt 0.651997 0.67432302
vt 0.652196 0.673208
vt 0.650167 0.674204
vt 0.650323 0.67585498
vt 0.649494 0.67604
vt 0.65048 0.672585
vt 0.649326 0.67414898
vt 0.65094 0.677404
vt 0.650192 0.677819
vt 0.651977 0.67872602
vt 0.651371 0.67934102
vt 0.652559 0.676507
vt 0.653282 0.677397
vt 0.654232 0.678047
vt 0.653358 0.679707
vt 0.652949 0.680479
vt 0.654983 0.68025398
vt 0.654814 0.681131
vt 0.655334 0.678396
vt 0.65673 0.680286
vt 0.656847 0.681215
vt 0.65649 0.678401
vt 0.658795 0.68062598
vt 0.658413 0.679819
vt 0.660438 0.679528
vt 0.65985 0.67888302
vt 0.661682 0.67803198
vt 0.660942 0.677588
vt 0.658588 0.677494
vt 0.659347 0.67662698
vt 0.657609 0.67810702
vt 0.661616 0.676049
vt 0.659824 0.67558497
vt 0.659985 0.674455
vt 0.662444 0.676264
vt 0.662675 0.674367
vt 0.661826 0.67439502
vt 0.662366 0.672494
vt 0.661564 0.67275703
vt 0.661548 0.670794
vt 0.660857 0.671269
vt 0.659822 0.67333
vt 0.659352 0.67229998
vt 0.659768 0.67004502
vt 0.658615 0.67144698
vt 0.658392 0.66917998
vt 0.657674 0.670834
vt 0.658718 0.668424
vt 0.660295 0.669402
vt 0.656954 0.66792703
vt 0.656846 0.668729
vt 0.655161 0.66792703
vt 0.655259 0.66869903
vt 0.655485 0.67048
vt 0.656603 0.670505
vt 0.654408 0.670784
vt 0.65373 0.669124
vt 0.653454 0.67136902
vt 0.652346 0.66994703
vt 0.653425 0.66837502
vt 0.651841 0.66929698
vt 0.651229 0.671129
vt 0.650558 0.67063802
vt 0.649693 0.67229903
vt 0.652696 0.672198
vt 0.642 0.674433
vt 0.642963 0.673351
vt 0.64262 0.67312503
vt 0.643229 0.673665
vt 0.642228 0.67300397
vt 0.643397 0.67404097
vt 0.643452 0.674451
vt 0.641818 0.672998
vt 0.641073 0.673321
vt 0.640798 0.673626
vt 0.641423 0.673106
vt 0.640618 0.67399597
vt 0.640598 0.67481297
vt 0.640761 0.67519403
vt 0.64055 0.674403
vt 0.641026 0.67551303
vt 0.642183 0.675875
vt 0.642583 0.675766
vt 0.641768 0.675869
vt 0.642937 0.675546
vt 0.641371 0.675745
vt 0.643389 0.67486
vt 0.643213 0.675236
vt 0.64536 0.67662698
vt 0.644602 0.677494
vt 0.646956 0.677588
vt 0.645863 0.67888302
vt 0.645837 0.67558402
vt 0.647695 0.67803198
vt 0.646452 0.679528
vt 0.648457 0.67626297
vt 0.647629 0.676049
vt 0.644809 0.68062598
vt 0.643622 0.67810702
vt 0.644426 0.679819
vt 0.642861 0.68121397
vt 0.642743 0.680286
vt 0.640997 0.68025398
vt 0.642504 0.678401
vt 0.641347 0.67839497
vt 0.640246 0.678047
vt 0.639295 0.677397
vt 0.639371 0.679707
vt 0.640828 0.681131
vt 0.63799 0.678725
vt 0.638962 0.680479
vt 0.636953 0.677404
vt 0.637385 0.67934
vt 0.638572 0.67650598
vt 0.638133 0.675452
vt 0.636336 0.67585403
vt 0.636205 0.677818
vt 0.63801 0.674322
vt 0.636181 0.67420298
vt 0.635507 0.67603898
vt 0.638209 0.673208
vt 0.636494 0.672585
vt 0.635339 0.67414802
vt 0.638709 0.67219698
vt 0.637243 0.671129
vt 0.635706 0.672298
vt 0.638359 0.66994703
vt 0.636572 0.67063802
vt 0.639468 0.67136902
vt 0.640422 0.67078298
vt 0.641272 0.66869903
vt 0.639744 0.669124
vt 0.641498 0.67048
vt 0.639439 0.66837502
vt 0.637855 0.66929698
vt 0.641175 0.66792703
vt 0.642968 0.66792703
vt 0.644405 0.66917998
vt 0.644731 0.668424
vt 0.642859 0.668729
vt 0.642617 0.670505
vt 0.643687 0.670833
vt 0.645781 0.67004502
vt 0.646309 0.669402
vt 0.645365 0.67229998
vt 0.64687 0.671268
vt 0.644629 0.67144603
vt 0.647561 0.670794
vt 0.648379 0.672494
vt 0.647578 0.67275703
vt 0.645836 0.673329
vt 0.645999 0.67445397
vt 0.64784 0.674394
vt 0.648689 0.674366
vt 0.422236 0.661663
vt 0.421309 0.66055202
vt 0.421034 0.660856
vt 0.421658 0.66033697
vt 0.420854 0.66122597
vt 0.422464 0.66023397
vt 0.422054 0.660228
vt 0.420834 0.66204298
vt 0.420997 0.66242403
vt 0.420786 0.661633
vt 0.421262 0.662744
vt 0.422419 0.663105
vt 0.422819 0.662996
vt 0.422004 0.663099
vt 0.423173 0.662777
vt 0.421607 0.662975
vt 0.423625 0.66209
vt 0.423688 0.661681
vt 0.423449 0.662466
vt 0.423633 0.66127098
vt 0.423198 0.660581
vt 0.422856 0.66035497
vt 0.423465 0.660895
vt 0.421734 0.65771002
vt 0.422852 0.657735
vt 0.423923 0.658064
vt 0.421508 0.65592903
vt 0.423095 0.655959
vt 0.42464 0.65640998
vt 0.423203 0.65515703
vt 0.424966 0.655654
vt 0.42141 0.65515703
vt 0.419979 0.65635502
vt 0.419674 0.65560597
vt 0.418595 0.65717798
vt 0.41809 0.656528
vt 0.417478 0.658359
vt 0.416807 0.65786803
vt 0.418945 0.659428
vt 0.419703 0.65859902
vt 0.420657 0.658014
vt 0.418444 0.660439
vt 0.41673 0.65981603
vt 0.418246 0.66155303
vt 0.416417 0.661434
vt 0.415574 0.66137898
vt 0.415942 0.65952897
vt 0.416572 0.66308498
vt 0.415743 0.66327
vt 0.41719 0.664635
vt 0.416441 0.66504902
vt 0.41837 0.662683
vt 0.418808 0.663737
vt 0.419531 0.66462702
vt 0.418226 0.66595602
vt 0.420482 0.665277
vt 0.419608 0.666937
vt 0.417621 0.66657102
vt 0.419199 0.667709
vt 0.421233 0.667484
vt 0.421064 0.668361
vt 0.42298 0.667516
vt 0.423097 0.66844398
vt 0.425045 0.66785502
vt 0.424663 0.667049
vt 0.426688 0.666758
vt 0.4261 0.66611302
vt 0.427931 0.66526198
vt 0.427192 0.66481698
vt 0.428693 0.66349298
vt 0.427866 0.663279
vt 0.428924 0.661596
vt 0.428076 0.661624
vt 0.428615 0.65972298
vt 0.427813 0.65998697
vt 0.427796 0.658023
vt 0.427106 0.658498
vt 0.426544 0.656632
vt 0.426016 0.65727502
vt 0.424864 0.65867603
vt 0.425601 0.65952998
vt 0.426072 0.660559
vt 0.426235 0.66168398
vt 0.426073 0.66281402
vt 0.425596 0.66385698
vt 0.424838 0.664724
vt 0.423858 0.66533703
vt 0.42274 0.665631
vt 0.421584 0.665626
vt 0.458594 0.60509503
vt 0.505368 0.604083
vt 0.458528 0.604181
vt 0.457883 0.60527498
vt 0.457532 0.60441
vt 0.458528 0.604181
vt 0.447958 0.59843802
vt 0.505572 0.60348803
vt 0.512499 0.59854198
vt 0.458528 0.604181
vt 0.456088 0.60628003
vt 0.447958 0.59843802
vt 0.456518 0.64476103
vt 0.447515 0.65728903
vt 0.448581 0.656048
vt 0.446749 0.59718
vt 0.512499 0.59854198
vt 0.513506 0.597417
vt 0.447958 0.59843802
vt 0.447958 0.59843802
vt 0.456387 0.605407
vt 0.457532 0.60441
vt 0.457532 0.60441
vt 0.457107 0.60588402
vt 0.456781 0.60644698
vt 0.456088 0.60628003
vt 0.457715 0.60642397
vt 0.458246 0.60610002
vt 0.457401 0.60675
vt 0.460169 0.61172098
vt 0.46037 0.61148298
vt 0.460639 0.611283
vt 0.458709 0.605969
vt 0.460883 0.61124098
vt 0.50481 0.60465997
vt 0.501008 0.609093
vt 0.501851 0.63897502
vt 0.507515 0.643394
vt 0.46201 0.638524
vt 0.459411 0.64495403
vt 0.458875 0.644818
vt 0.461583 0.638404
vt 0.458252 0.64449197
vt 0.45785 0.644153
vt 0.460877 0.637384
vt 0.457216 0.64454502
vt 0.457623 0.645135
vt 0.458535 0.64573598
vt 0.456518 0.64476103
vt 0.458191 0.64668798
vt 0.456888 0.64568597
vt 0.459313 0.64589697
vt 0.459287 0.64686698
vt 0.456888 0.64568597
vt 0.448581 0.656048
vt 0.458191 0.64668798
vt 0.459287 0.64686698
vt 0.508151 0.643946
vt 0.516101 0.650733
vt 0.459287 0.64686698
vt 0.508653 0.644383
vt 0.508424 0.64452899
vt 0.516101 0.650733
vt 0.508424 0.64452899
vt 0.517229 0.651861
vt 0.516101 0.650733
vt 0.505948 0.60382497
vt 0.508786 0.64414197
vt 0.512499 0.59854198
vt 0.508786 0.64414197
vt 0.508786 0.64414197
vt 0.505948 0.60382497
vt 0.505802 0.603608
vt 0.512499 0.59854198
vt 0.505802 0.603608
vt 0.505572 0.60348803
vt 0.512499 0.59854198
vt 0.505572 0.60348803
vt 0.44628 0.65873998
vt 0.518462 0.653103
vt 0.514574 0.59613597
vt 0.5204 0.58945
vt 0.526553 0.66101098
vt 0.438542 0.66676903
vt 0.438542 0.58786702
vt 0.445503 0.59587598
vt 0.456518 0.64476103
vt 0.547242 0.52555603
vt 0.594016 0.524544
vt 0.547176 0.524642
vt 0.546531 0.52573597
vt 0.54618 0.524871
vt 0.547176 0.524642
vt 0.536606 0.51889902
vt 0.59422 0.52394903
vt 0.601147 0.51900297
vt 0.547176 0.524642
vt 0.544736 0.52674103
vt 0.536606 0.51889902
vt 0.545166 0.56522202
vt 0.536163 0.57775003
vt 0.537229 0.576509
vt 0.535397 0.517641
vt 0.601147 0.51900297
vt 0.602154 0.517878
vt 0.536606 0.51889902
vt 0.536606 0.51889902
vt 0.545035 0.525868
vt 0.54618 0.524871
vt 0.545755 0.526344
vt 0.545429 0.52690798
vt 0.544736 0.52674103
vt 0.546363 0.52688402
vt 0.546894 0.52656102
vt 0.548817 0.53218102
vt 0.549017 0.53194398
vt 0.546049 0.527211
vt 0.549287 0.531744
vt 0.547357 0.52643
vt 0.549531 0.53170198
vt 0.593458 0.52512097
vt 0.589656 0.529554
vt 0.590499 0.559435
vt 0.596163 0.563855
vt 0.550658 0.558985
vt 0.548059 0.56541502
vt 0.547523 0.565279
vt 0.550231 0.558864
vt 0.5469 0.56495303
vt 0.549798 0.558569
vt 0.546497 0.564614
vt 0.545864 0.565005
vt 0.546271 0.56559598
vt 0.547183 0.56619698
vt 0.545166 0.56522202
vt 0.546839 0.56714898
vt 0.545536 0.56614703
vt 0.547961 0.56635702
vt 0.547935 0.56732798
vt 0.545536 0.56614703
vt 0.537229 0.576509
vt 0.546839 0.56714898
vt 0.546839 0.56714898
vt 0.547935 0.56732798
vt 0.596799 0.56440598
vt 0.604749 0.571194
vt 0.547935 0.56732798
vt 0.597301 0.564843
vt 0.597072 0.56498897
vt 0.604749 0.571194
vt 0.597072 0.56498897
vt 0.605877 0.572321
vt 0.604749 0.571194
vt 0.594596 0.52428597
vt 0.597434 0.56460297
vt 0.601147 0.51900297
vt 0.604749 0.571194
vt 0.597434 0.56460297
vt 0.594596 0.52428597
vt 0.59445 0.524069
vt 0.601147 0.51900297
vt 0.59445 0.524069
vt 0.59422 0.52394903
vt 0.534928 0.57920098
vt 0.60711 0.57356298
vt 0.603222 0.51659602
vt 0.609048 0.509911
vt 0.615201 0.58147198
vt 0.52719 0.58723003
vt 0.52719 0.50832802
vt 0.534151 0.51633698
vt 0.545166 0.56522202
vt 0.549525 0.55784398
vt 0.458594 0.52555603
vt 0.505368 0.524543
vt 0.458528 0.524642
vt 0.457883 0.52573597
vt 0.457532 0.524871
vt 0.458528 0.524642
vt 0.447958 0.51889902
vt 0.505572 0.52394903
vt 0.512499 0.51900297
vt 0.458528 0.524642
vt 0.456088 0.52674103
vt 0.447958 0.51889902
vt 0.456518 0.56522202
vt 0.447515 0.57775003
vt 0.448581 0.576509
vt 0.446749 0.517641
vt 0.512499 0.51900297
vt 0.513506 0.517878
vt 0.447958 0.51889902
vt 0.447958 0.51889902
vt 0.456387 0.525868
vt 0.457532 0.524871
vt 0.457107 0.526344
vt 0.456781 0.52690798
vt 0.456088 0.52674103
vt 0.457715 0.52688402
vt 0.458246 0.52656102
vt 0.460169 0.53218198
vt 0.46037 0.53194398
vt 0.457401 0.527211
vt 0.460639 0.531744
vt 0.458709 0.52643
vt 0.460883 0.53170198
vt 0.501008 0.529553
vt 0.50481 0.52512002
vt 0.501851 0.559435
vt 0.507515 0.563855
vt 0.46201 0.558985
vt 0.459411 0.56541502
vt 0.458875 0.565279
vt 0.461583 0.558864
vt 0.458252 0.56495303
vt 0.45785 0.564614
vt 0.460877 0.55784398
vt 0.457216 0.565005
vt 0.457623 0.56559598
vt 0.458535 0.56619698
vt 0.456518 0.56522202
vt 0.458191 0.56714898
vt 0.456888 0.56614703
vt 0.459314 0.56635702
vt 0.459287 0.56732798
vt 0.456888 0.56614703
vt 0.448581 0.576509
vt 0.458191 0.56714898
vt 0.458191 0.56714898
vt 0.459287 0.56732798
vt 0.508151 0.56440598
vt 0.516102 0.571194
vt 0.459287 0.56732798
vt 0.508653 0.564843
vt 0.508424 0.56498897
vt 0.516102 0.571194
vt 0.508424 0.56498897
vt 0.517229 0.572321
vt 0.516102 0.571194
vt 0.505949 0.52428597
vt 0.508786 0.56460202
vt 0.512499 0.51900297
vt 0.516102 0.571194
vt 0.508786 0.56460202
vt 0.508786 0.56460202
vt 0.505949 0.52428597
vt 0.505802 0.524069
vt 0.512499 0.51900297
vt 0.505802 0.524069
vt 0.505572 0.52394903
vt 0.44628 0.57920098
vt 0.518462 0.57356298
vt 0.514574 0.51659602
vt 0.5204 0.509911
vt 0.526553 0.58147198
vt 0.438542 0.58723003
vt 0.438542 0.50832802
vt 0.445503 0.51633698
vt 0.456518 0.56522202
vt 0.247028 0.60734802
vt 0.247614 0.60787398
vt 0.247678 0.606445
vt 0.248265 0.608948
vt 0.248435 0.607082
vt 0.242906 0.57378697
vt 0.247678 0.606445
vt 0.254873 0.61235702
vt 0.232715 0.58602798
vt 0.233855 0.585132
vt 0.246232 0.608271
vt 0.246529 0.608662
vt 0.231721 0.586901
vt 0.230481 0.58851898
vt 0.244604 0.609267
vt 0.244689 0.60948902
vt 0.215873 0.613164
vt 0.220734 0.61630303
vt 0.221061 0.616629
vt 0.244744 0.60971302
vt 0.246718 0.60969
vt 0.220904 0.617105
vt 0.246712 0.60917002
vt 0.248246 0.609976
vt 0.249924 0.61027902
vt 0.203846 0.66416502
vt 0.204603 0.665012
vt 0.249924 0.61027902
vt 0.254873 0.61235702
vt 0.250366 0.60845703
vt 0.204603 0.665012
vt 0.210161 0.663607
vt 0.249924 0.61027902
vt 0.254283 0.61490202
vt 0.254873 0.61235702
vt 0.211997 0.66318798
vt 0.25532 0.61516398
vt 0.300987 0.66641802
vt 0.29843 0.66576898
vt 0.298383 0.66678
vt 0.248516 0.714307
vt 0.24934 0.711613
vt 0.248516 0.714307
vt 0.258009 0.734721
vt 0.300987 0.66641802
vt 0.322151 0.670929
vt 0.300987 0.66641802
vt 0.323345 0.67234802
vt 0.323435 0.674654
vt 0.322708 0.675911
vt 0.322708 0.675911
vt 0.324326 0.676571
vt 0.323435 0.674654
vt 0.323345 0.67234802
vt 0.325158 0.67277902
vt 0.325839 0.677298
vt 0.325091 0.67518097
vt 0.326776 0.67290503
vt 0.260073 0.73712897
vt 0.259081 0.735897
vt 0.181749 0.77985299
vt 0.258009 0.734721
vt 0.181371 0.77830398
vt 0.261776 0.73948902
vt 0.329395 0.678667
vt 0.183368 0.78395402
vt 0.182255 0.78134698
vt 0.096999 0.80979103
vt 0.09757 0.806422
vt 0.094575 0.80944902
vt 0.09577 0.80612898
vt 0.09777 0.80477202
vt 0.09621 0.804708
vt 0.093415 0.80493498
vt 0.090798 0.80814898
vt 0.09328 0.802068
vt 0.09196 0.80354702
vt 0.09417 0.803532
vt 0.088623 0.806916
vt 0.000318 0.672383
vt 0.052275 0.68673402
vt 0.052427 0.68440598
vt 0.054418 0.68658298
vt 0.054237 0.684577
vt 0.053379 0.68124402
vt 0.000318 0.66985297
vt 0.055261 0.6818
vt 0.054606 0.67894298
vt 0.00114 0.663665
vt 0.000621 0.666008
vt 0.251925 0.50832802
vt 0.236699 0.56836402
vt 0.254451 0.509139
vt 0.056837 0.680268
vt 0.236925 0.57116997
vt 0.239167 0.570485
vt 0.242286 0.571002
vt 0.239581 0.568412
vt 0.258294 0.51100302
vt 0.243075 0.569224
vt 0.245353 0.570369
vt 0.260708 0.512415
vt 0.331497 0.66980398
vt 0.331324 0.672377
vt 0.326366 0.67087698
vt 0.244046 0.57226098
vt 0.324357 0.671207
vt 0.326542 0.675583
vt 0.33037 0.67637098
vt 0.242906 0.57378697
vt 0.322151 0.670929
vt 0.241419 0.57252097
vt 0.241419 0.57252097
vt 0.232833 0.58421302
vt 0.242906 0.57378697
vt 0.238433 0.572155
vt 0.230849 0.58374602
vt 0.232833 0.58421302
vt 0.238433 0.572155
vt 0.232833 0.58421302
vt 0.230849 0.58374602
vt 0.232071 0.585446
vt 0.23135 0.58661902
vt 0.230881 0.58644497
vt 0.230929 0.585114
vt 0.229662 0.58411402
vt 0.23013 0.58525503
vt 0.230306 0.588414
vt 0.230108 0.58831
vt 0.230432 0.58643103
vt 0.17485 0.61961
vt 0.174355 0.618752
vt 0.173863 0.61788702
vt 0.128602 0.646801
vt 0.129131 0.64763802
vt 0.173369 0.61701798
vt 0.128066 0.645966
vt 0.127529 0.645126
vt 0.127529 0.645126
vt 0.173369 0.61701798
vt 0.236265 0.573314
vt 0.072833 0.679887
vt 0.071258 0.679761
vt 0.072314 0.68047398
vt 0.072106 0.67893797
vt 0.072106 0.67893797
vt 0.059067 0.68053102
vt 0.071258 0.679761
vt 0.057062 0.681871
vt 0.059067 0.68053102
vt 0.055943 0.684533
vt 0.071258 0.679761
vt 0.057062 0.681871
vt 0.07072 0.68155903
vt 0.056255 0.68635398
vt 0.055943 0.684533
vt 0.056255 0.68635398
vt 0.07072 0.68155903
vt 0.07216 0.682342
vt 0.072025 0.681552
vt 0.07098 0.68275398
vt 0.07072 0.68155903
vt 0.073348 0.682024
vt 0.073322 0.681585
vt 0.073655 0.680753
vt 0.073428 0.681121
vt 0.075282 0.681736
vt 0.075292 0.68150902
vt 0.095811 0.68108302
vt 0.095615 0.681351
vt 0.138291 0.662019
vt 0.185225 0.63726997
vt 0.214489 0.613317
vt 0.215414 0.612904
vt 0.095723 0.68162698
vt 0.075279 0.68193
vt 0.096628 0.68850797
vt 0.082268 0.703274
vt 0.080861 0.70445198
vt 0.079724 0.705019
vt 0.081157 0.704822
vt 0.082419 0.70343298
vt 0.079223 0.706901
vt 0.080212 0.705773
vt 0.078396 0.70555198
vt 0.081205 0.71241498
vt 0.078396 0.70555198
vt 0.056255 0.68635398
vt 0.081913 0.70783198
vt 0.08092 0.70717102
vt 0.081205 0.71241498
vt 0.08092 0.70717102
vt 0.081225 0.706253
vt 0.083221 0.714144
vt 0.081205 0.71241498
vt 0.103257 0.77751303
vt 0.083499 0.71316302
vt 0.147731 0.69966298
vt 0.146384 0.70104098
vt 0.151824 0.69566798
vt 0.081913 0.70783198
vt 0.147731 0.69966298
vt 0.081996 0.706429
vt 0.081913 0.70783198
vt 0.151471 0.694588
vt 0.151824 0.69566798
vt 0.154885 0.697056
vt 0.204603 0.665012
vt 0.154885 0.697056
vt 0.151824 0.69566798
vt 0.169995 0.75923401
vt 0.154885 0.697056
vt 0.179557 0.75523299
vt 0.156494 0.697977
vt 0.15678 0.69730002
vt 0.204647 0.668095
vt 0.203791 0.67001998
vt 0.18086 0.75283599
vt 0.238238 0.71969002
vt 0.179839 0.75254601
vt 0.240869 0.71980602
vt 0.179557 0.75523299
vt 0.258009 0.734721
vt 0.169995 0.75923401
vt 0.181371 0.77830398
vt 0.179557 0.75523299
vt 0.102521 0.77996999
vt 0.181371 0.77830398
vt 0.098117 0.80305803
vt 0.096691 0.803042
vt 0.096691 0.803042
vt 0.098117 0.80305803
vt 0.102521 0.77996999
vt 0.094818 0.80180597
vt 0.096691 0.803042
vt 0.094256 0.80013901
vt 0.094818 0.80180597
vt 0.094256 0.80013901
vt 0.169995 0.75923401
vt 0.16767 0.75751299
vt 0.167314 0.75853598
vt 0.10415 0.77800101
vt 0.102521 0.77996999
vt 0.10629 0.77603298
vt 0.164317 0.75821102
vt 0.167036 0.75784898
vt 0.104793 0.77567601
vt 0.103922 0.777345
vt 0.103621 0.77463102
vt 0.085064 0.71591002
vt 0.108675 0.76751
vt 0.104849 0.727005
vt 0.107938 0.766702
vt 0.085454 0.71460402
vt 0.083809 0.71384197
vt 0.105126 0.726166
vt 0.08657 0.713695
vt 0.105913 0.72571498
vt 0.1442 0.702487
vt 0.145436 0.70273697
vt 0.135352 0.720703
vt 0.146356 0.70168
vt 0.146893 0.70172298
vt 0.146351 0.70354098
vt 0.165702 0.75561303
vt 0.136045 0.721241
vt 0.157743 0.75186002
vt 0.165335 0.757101
vt 0.157726 0.75293499
vt 0.156983 0.753703
vt 0.109656 0.76786399
vt 0.238423 0.71867698
vt 0.240869 0.71980602
vt 0.204572 0.67016703
vt 0.240869 0.71980602
vt 0.248516 0.714307
vt 0.204603 0.665012
vt 0.240869 0.71980602
vt 0.1826 0.75039601
vt 0.235289 0.720024
vt 0.237866 0.719095
vt 0.236007 0.718697
vt 0.235973 0.717171
vt 0.227102 0.717398
vt 0.227644 0.716483
vt 0.199844 0.69140399
vt 0.227414 0.715446
vt 0.204843 0.67234802
vt 0.203822 0.67180997
vt 0.202614 0.67183602
vt 0.199094 0.691113
vt 0.175335 0.702376
vt 0.198118 0.691083
vt 0.158759 0.697281
vt 0.15817 0.69821
vt 0.174818 0.70291197
vt 0.158135 0.699251
vt 0.174792 0.70365
vt 0.182571 0.74086702
vt 0.181041 0.75032502
vt 0.18344 0.741507
vt 0.179705 0.749479
vt 0.184454 0.74165702
vt 0.180485 0.75222099
vt 0.156948 0.697762
vt 0.204113 0.670447
vt 0.151118 0.693519
vt 0.082026 0.705186
vt 0.203099 0.663332
vt 0.150762 0.692459
vt 0.082584 0.703561
vt 0.202364 0.662499
vt 0.143262 0.67311603
vt 0.096943 0.68907398
vt 0.191553 0.646576
vt 0.096764 0.68897402
vt 0.081588 0.705074
vt 0.236265 0.573314
vt 0.238433 0.572155
vt 0.236265 0.573314
vt 0.230849 0.58374602
vt 0.248268 0.71133798
vt 0.212283 0.663939
vt 0.210161 0.663607
vt 0.214043 0.664397
vt 0.247694 0.708624
vt 0.248906 0.71098298
vt 0.213828 0.663274
vt 0.232892 0.664145
vt 0.248637 0.699628
vt 0.249187 0.70909
vt 0.249671 0.700099
vt 0.25069 0.70877898
vt 0.250748 0.700041
vt 0.295597 0.667611
vt 0.28669 0.66620302
vt 0.296069 0.666126
vt 0.29579 0.664562
vt 0.287068 0.665165
vt 0.256243 0.64318502
vt 0.286623 0.66412097
vt 0.255971 0.617827
vt 0.254532 0.61747903
vt 0.253064 0.61801398
vt 0.255264 0.64295
vt 0.214219 0.66215402
vt 0.233149 0.66238302
vt 0.232827 0.663337
vt 0.212518 0.663486
vt 0.254731 0.615538
vt 0.297944 0.666247
vt 0.609771 0.675389
vt 0.415574 0.675389
vt 0.609771 0.691082
vt 0.669973 0.674433
vt 0.670936 0.673351
vt 0.670593 0.67312503
vt 0.671202 0.67366397
vt 0.670201 0.67300397
vt 0.67137 0.67404097
vt 0.671425 0.67444998
vt 0.669791 0.672998
vt 0.670156 0.675874
vt 0.670557 0.67576498
vt 0.669742 0.675869
vt 0.67091 0.675546
vt 0.669 0.67551303
vt 0.669345 0.675745
vt 0.668735 0.67519403
vt 0.671363 0.67486
vt 0.671186 0.675236
vt 0.669046 0.673321
vt 0.668771 0.673626
vt 0.669396 0.673106
vt 0.668591 0.67399597
vt 0.668572 0.67481297
vt 0.668523 0.674403
vt 0.666107 0.675453
vt 0.665983 0.67432302
vt 0.666182 0.673208
vt 0.664154 0.674204
vt 0.664309 0.67585498
vt 0.66348 0.67604
vt 0.664467 0.67258602
vt 0.663312 0.67414898
vt 0.664927 0.677405
vt 0.664178 0.677819
vt 0.665963 0.67872602
vt 0.665358 0.67934102
vt 0.667268 0.677397
vt 0.666546 0.676507
vt 0.668219 0.678047
vt 0.667345 0.679707
vt 0.666936 0.680479
vt 0.66897 0.68025398
vt 0.668801 0.681131
vt 0.669322 0.67839497
vt 0.670717 0.680286
vt 0.670835 0.68121397
vt 0.670478 0.678401
vt 0.671595 0.678106
vt 0.673837 0.678882
vt 0.672576 0.677494
vt 0.6724 0.67981797
vt 0.672783 0.68062502
vt 0.674426 0.67952698
vt 0.675669 0.67803103
vt 0.674929 0.67758697
vt 0.673333 0.67662698
vt 0.675602 0.67604798
vt 0.67381 0.67558402
vt 0.676431 0.67626202
vt 0.675813 0.674393
vt 0.673972 0.67445397
vt 0.676662 0.674366
vt 0.67555 0.67275602
vt 0.673809 0.673329
vt 0.676352 0.67249298
vt 0.675534 0.670793
vt 0.674843 0.671268
vt 0.673338 0.67229903
vt 0.673754 0.670044
vt 0.672601 0.67144603
vt 0.672378 0.66917902
vt 0.67166 0.670833
vt 0.672704 0.668424
vt 0.674281 0.669401
vt 0.67094 0.66792703
vt 0.670832 0.668728
vt 0.669147 0.66792703
vt 0.669245 0.66869903
vt 0.667716 0.669124
vt 0.667411 0.66837603
vt 0.668395 0.670784
vt 0.669471 0.67048
vt 0.670589 0.670505
vt 0.66744 0.67136902
vt 0.666331 0.66994703
vt 0.666682 0.672198
vt 0.665215 0.671129
vt 0.664544 0.67063802
vt 0.665827 0.66929698
vt 0.663679 0.67229903
vt 0.80134 0.64496702
vt 0.794228 0.65547597
vt 0.803204 0.64652902
vt 0.792889 0.66331297
vt 0.788735 0.64405602
vt 0.791011 0.643202
vt 0.791561 0.63603002
vt 0.792705 0.63636202
vt 0.794924 0.632313
vt 0.795386 0.632801
vt 0.79833 0.631482
vt 0.798252 0.63194
vt 0.800668 0.633704
vt 0.802014 0.63795298
vt 0.801266 0.63339698
vt 0.803204 0.63801903
vt 0.800151 0.63394397
vt 0.800972 0.637852
vt 0.799759 0.643494
vt 0.795427 0.64846498
vt 0.803365 0.602017
vt 0.804023 0.60141897
vt 0.804582 0.599703
vt 0.804163 0.60089898
vt 0.80345 0.60152298
vt 0.80506 0.59631902
vt 0.80482 0.59908998
vt 0.804784 0.59726697
vt 0.805307 0.595347
vt 0.805053 0.59845603
vt 0.804299 0.60036302
vt 0.803535 0.60101998
vt 0.80299 0.60067803
vt 0.803042 0.60010803
vt 0.802955 0.59884
vt 0.802941 0.59821302
vt 0.80367 0.59600002
vt 0.803766 0.594948
vt 0.805156 0.59153903
vt 0.805784 0.58786702
vt 0.803608 0.597032
vt 0.804586 0.59486598
vt 0.798189 0.632308
vt 0.795794 0.63319898
vt 0.793721 0.636613
vt 0.802982 0.59945297
vt 0.792993 0.64233798
vt 0.802945 0.60123098
vt 0.76658 0.637959
vt 0.765907 0.64497203
vt 0.76777 0.638025
vt 0.758787 0.655483
vt 0.76777 0.646536
vt 0.757442 0.663323
vt 0.7533 0.644068
vt 0.755576 0.643214
vt 0.75613 0.63604897
vt 0.757274 0.63638198
vt 0.75949 0.632338
vt 0.759952 0.63282502
vt 0.762891 0.631503
vt 0.762814 0.631961
vt 0.765231 0.633716
vt 0.765828 0.633408
vt 0.764715 0.63395703
vt 0.765539 0.637859
vt 0.762752 0.63232797
vt 0.769181 0.599719
vt 0.769394 0.59723198
vt 0.76976 0.591541
vt 0.769679 0.59623802
vt 0.769188 0.59486902
vt 0.76941 0.59915
vt 0.768206 0.597072
vt 0.768261 0.596085
vt 0.760361 0.633224
vt 0.768352 0.595084
vt 0.770391 0.58786702
vt 0.769938 0.595214
vt 0.769632 0.59856498
vt 0.768906 0.600318
vt 0.768137 0.60101497
vt 0.768767 0.60087103
vt 0.76805 0.60151702
vt 0.767585 0.60069698
vt 0.767636 0.600146
vt 0.767567 0.598777
vt 0.767559 0.5981
vt 0.767543 0.60123402
vt 0.767586 0.59943402
vt 0.758288 0.636634
vt 0.757558 0.64235198
vt 0.759989 0.648471
vt 0.767965 0.60201
vt 0.764324 0.643498
vt 0.768624 0.60140598
vt 0.807968 0.55218
vt 0.809306 0.55636603
vt 0.808557 0.551875
vt 0.808642 0.56329203
vt 0.810481 0.556431
vt 0.8016 0.57367498
vt 0.810481 0.564838
vt 0.798428 0.561558
vt 0.800271 0.58142
vt 0.79618 0.562401
vt 0.798973 0.554483
vt 0.800102 0.554811
vt 0.802291 0.55081898
vt 0.802745 0.551301
vt 0.805649 0.54999697
vt 0.805573 0.55045098
vt 0.803149 0.55169398
vt 0.805512 0.550815
vt 0.807459 0.552419
vt 0.808279 0.55626798
vt 0.812015 0.518593
vt 0.8121 0.516227
vt 0.812364 0.51104403
vt 0.81236 0.51520902
vt 0.811819 0.514064
vt 0.812325 0.517999
vt 0.810805 0.51591402
vt 0.810819 0.514789
vt 0.810859 0.51362997
vt 0.812924 0.507796
vt 0.812628 0.51414502
vt 0.812638 0.517388
vt 0.8116 0.519715
vt 0.811764 0.51917702
vt 0.811436 0.52023602
vt 0.810871 0.519746
vt 0.810793 0.520276
vt 0.810714 0.52079397
vt 0.810245 0.520042
vt 0.810355 0.51903403
vt 0.810295 0.519543
vt 0.810173 0.517511
vt 0.810137 0.51678598
vt 0.810217 0.518211
vt 0.801103 0.55506003
vt 0.800384 0.56070602
vt 0.802789 0.56674802
vt 0.807079 0.561835
vt 0.784306 0.63796997
vt 0.783634 0.64498
vt 0.785496 0.638036
vt 0.783558 0.63341898
vt 0.776518 0.655486
vt 0.785496 0.64654303
vt 0.775176 0.66332603
vt 0.771028 0.64406598
vt 0.773305 0.643211
vt 0.773859 0.63604403
vt 0.775003 0.63637698
vt 0.777223 0.632335
vt 0.777683 0.632823
vt 0.780625 0.63150698
vt 0.780546 0.63196498
vt 0.782961 0.633726
vt 0.778092 0.63322198
vt 0.780484 0.63233203
vt 0.782444 0.63396603
vt 0.783266 0.63787
vt 0.786893 0.599715
vt 0.787105 0.597228
vt 0.787469 0.591541
vt 0.787391 0.59622902
vt 0.7869 0.59486997
vt 0.787128 0.59912997
vt 0.786466 0.600915
vt 0.782051 0.643507
vt 0.786329 0.60142702
vt 0.785755 0.601515
vt 0.777719 0.64847398
vt 0.785672 0.602009
vt 0.775287 0.642348
vt 0.785255 0.601211
vt 0.776018 0.636629
vt 0.785298 0.60065
vt 0.785298 0.599438
vt 0.785277 0.59879798
vt 0.785915 0.597076
vt 0.785969 0.59609503
vt 0.785269 0.59814
vt 0.786059 0.59509897
vt 0.788098 0.58786702
vt 0.787651 0.5952
vt 0.787357 0.59852803
vt 0.786599 0.60038698
vt 0.78584 0.601013
vt 0.785349 0.60007203
vt 0.791762 0.557917
vt 0.791089 0.56492603
vt 0.792951 0.557984
vt 0.791017 0.553366
vt 0.783978 0.575428
vt 0.792951 0.56648803
vt 0.782637 0.583268
vt 0.778485 0.56400198
vt 0.780762 0.563147
vt 0.781317 0.555977
vt 0.782461 0.55631
vt 0.784683 0.55226898
vt 0.785143 0.55275702
vt 0.788087 0.551448
vt 0.788007 0.551906
vt 0.790419 0.55367202
vt 0.78555 0.55315602
vt 0.787944 0.55227298
vt 0.789901 0.55391198
vt 0.790721 0.557818
vt 0.794541 0.51720202
vt 0.794336 0.51964003
vt 0.794915 0.511472
vt 0.794818 0.516249
vt 0.794345 0.51480198
vt 0.794581 0.519015
vt 0.793873 0.520891
vt 0.789508 0.56345397
vt 0.793758 0.521379
vt 0.793238 0.52141398
vt 0.785179 0.568415
vt 0.793134 0.521935
vt 0.782744 0.562284
vt 0.792706 0.521164
vt 0.783475 0.556562
vt 0.792746 0.52062
vt 0.792738 0.51938802
vt 0.792711 0.51877803
vt 0.793365 0.516967
vt 0.793426 0.51593602
vt 0.793522 0.514884
vt 0.792695 0.51815498
vt 0.792796 0.52006298
vt 0.793346 0.520882
vt 0.793978 0.520392
vt 0.794824 0.51836503
vt 0.795066 0.51527
vt 0.795543 0.507796
vt 0.756315 0.55792803
vt 0.75497 0.553689
vt 0.755276 0.55782902
vt 0.75406 0.56346202
vt 0.758347 0.52137202
vt 0.754455 0.55392998
vt 0.758924 0.51963502
vt 0.759407 0.516248
vt 0.75917 0.51901102
vt 0.759128 0.517201
vt 0.75846 0.520885
vt 0.757825 0.52141
vt 0.749727 0.568426
vt 0.75772 0.52192903
vt 0.757292 0.521163
vt 0.747298 0.56230003
vt 0.748522 0.57544
vt 0.745315 0.56316298
vt 0.755642 0.56493598
vt 0.747018 0.556332
vt 0.748031 0.556585
vt 0.749699 0.55278403
vt 0.757326 0.519392
vt 0.750106 0.55318302
vt 0.757333 0.52062
vt 0.757298 0.51878202
vt 0.757953 0.51697397
vt 0.758015 0.51594102
vt 0.758933 0.51480597
vt 0.752497 0.552297
vt 0.759505 0.51147503
vt 0.752559 0.55193
vt 0.752638 0.551472
vt 0.749239 0.55229598
vt 0.757504 0.55799502
vt 0.755567 0.553383
vt 0.757504 0.5665
vt 0.747176 0.583283
vt 0.743037 0.56401598
vt 0.745874 0.55599803
vt 0.758112 0.51488698
vt 0.760137 0.507796
vt 0.759656 0.51526898
vt 0.759413 0.518362
vt 0.758567 0.520387
vt 0.757934 0.52087897
vt 0.757384 0.52006203
vt 0.757283 0.518157
vt 0.428099 0.616486
vt 0.42545 0.61635202
vt 0.427862 0.616942
vt 0.425602 0.61682302
vt 0.423838 0.61823797
vt 0.429273 0.62814802
vt 0.423378 0.61800802
vt 0.421874 0.628613
vt 0.429777 0.629704
vt 0.422634 0.62732202
vt 0.43417 0.62358302
vt 0.435543 0.624183
vt 0.434317 0.617186
vt 0.423123 0.620726
vt 0.435622 0.61665702
vt 0.430068 0.612871
vt 0.424899 0.622824
vt 0.423615 0.620556
vt 0.425124 0.622356
vt 0.42747 0.62257302
vt 0.427628 0.623061
vt 0.429699 0.62126797
vt 0.419676 0.61624098
vt 0.430574 0.61165798
vt 0.424317 0.61284602
vt 0.423937 0.61167502
vt 0.418554 0.615556
vt 0.417399 0.62256497
vt 0.429904 0.61852998
vt 0.418766 0.62222898
vt 0.429406 0.61868203
vt 0.429243 0.621022
vt 0.42895 0.61883497
vt 0.428813 0.62080503
vt 0.427652 0.617369
vt 0.425736 0.61724102
vt 0.424258 0.61846
vt 0.424074 0.62041098
vt 0.425345 0.62192798
vt 0.427317 0.62209898
vt 0.417051 0.61466902
vt 0.415574 0.623047
vt 0.420877 0.630372
vt 0.430512 0.63197201
vt 0.437383 0.62502402
vt 0.437383 0.615977
vt 0.431271 0.610057
vt 0.423481 0.610269
vt 0.428109 0.63900697
vt 0.425454 0.638869
vt 0.42787 0.63946402
vt 0.425606 0.639342
vt 0.423838 0.64075798
vt 0.429267 0.65069097
vt 0.423377 0.640527
vt 0.421858 0.65113997
vt 0.429769 0.65224802
vt 0.422619 0.649849
vt 0.434173 0.64612198
vt 0.435545 0.646725
vt 0.434318 0.639728
vt 0.423121 0.64324802
vt 0.435623 0.639202
vt 0.430074 0.63541698
vt 0.424895 0.645347
vt 0.423614 0.64307898
vt 0.425121 0.64488
vt 0.427466 0.6451
vt 0.427623 0.64558703
vt 0.429697 0.643799
vt 0.419692 0.638766
vt 0.430583 0.634207
vt 0.424333 0.635386
vt 0.423956 0.634216
vt 0.418573 0.638081
vt 0.417399 0.64507902
vt 0.429911 0.64105898
vt 0.418766 0.64474398
vt 0.429412 0.64121002
vt 0.429241 0.643552
vt 0.428956 0.641362
vt 0.428812 0.64333397
vt 0.427313 0.64462602
vt 0.425342 0.644453
vt 0.424073 0.64293498
vt 0.424259 0.64098197
vt 0.425741 0.63976198
vt 0.42766 0.63989198
vt 0.415574 0.645559
vt 0.420858 0.65289998
vt 0.417071 0.637192
vt 0.423502 0.63281
vt 0.431282 0.632609
vt 0.437385 0.638524
vt 0.437385 0.647569
vt 0.430502 0.654521
vt 0.625432 0.67432898
vt 0.622778 0.67419302
vt 0.625194 0.67478597
vt 0.62293 0.67466497
vt 0.621163 0.676081
vt 0.626594 0.68600702
vt 0.620703 0.67584997
vt 0.619182 0.68646502
vt 0.627096 0.68756402
vt 0.619944 0.685174
vt 0.631491 0.68143702
vt 0.616083 0.68006802
vt 0.627236 0.67637998
vt 0.617008 0.67408502
vt 0.614716 0.680403
vt 0.627024 0.679119
vt 0.626738 0.67653102
vt 0.626568 0.678872
vt 0.62495 0.68090802
vt 0.624792 0.68041998
vt 0.622447 0.68019998
vt 0.622222 0.68066603
vt 0.627396 0.67073703
vt 0.627903 0.66952598
vt 0.621651 0.670704
vt 0.621272 0.66953403
vt 0.615888 0.67339998
vt 0.628601 0.66792703
vt 0.620818 0.668128
vt 0.614385 0.672512
vt 0.61289 0.680883
vt 0.618182 0.68822598
vt 0.62783 0.689835
vt 0.632863 0.68203998
vt 0.634702 0.68288302
vt 0.632941 0.67452198
vt 0.634702 0.67384398
vt 0.631637 0.675049
vt 0.620448 0.678568
vt 0.62094 0.67839903
vt 0.621399 0.67825502
vt 0.622668 0.67977202
vt 0.621584 0.67630398
vt 0.624639 0.679946
vt 0.626139 0.67865503
vt 0.626281 0.67668402
vt 0.624983 0.67521298
vt 0.623064 0.675084
vt 0.783634 0.721075
vt 0.776518 0.73158097
vt 0.785495 0.722638
vt 0.775176 0.739421
vt 0.771028 0.72016197
vt 0.773304 0.719307
vt 0.773859 0.712139
vt 0.775002 0.71247202
vt 0.777222 0.70843
vt 0.777683 0.70891798
vt 0.780625 0.70760298
vt 0.780546 0.70806098
vt 0.782961 0.709822
vt 0.785495 0.714132
vt 0.783557 0.70951498
vt 0.784306 0.71406603
vt 0.783266 0.713966
vt 0.782051 0.719602
vt 0.786339 0.67749298
vt 0.782443 0.71006298
vt 0.786888 0.675808
vt 0.787093 0.673374
vt 0.78712 0.67521
vt 0.786484 0.67694998
vt 0.787468 0.667638
vt 0.787367 0.672431
vt 0.786897 0.67096603
vt 0.780483 0.70842803
vt 0.788098 0.66396302
vt 0.787615 0.671462
vt 0.787347 0.67459202
vt 0.786628 0.67638803
vt 0.785853 0.67711103
vt 0.785765 0.67761302
vt 0.785295 0.67681003
vt 0.785346 0.67626798
vt 0.785264 0.67490798
vt 0.785249 0.674263
vt 0.785982 0.67208397
vt 0.78608 0.671027
vt 0.785292 0.67553598
vt 0.785919 0.67312002
vt 0.778091 0.70931602
vt 0.776017 0.71272397
vt 0.775286 0.718445
vt 0.785254 0.67733902
vt 0.777719 0.72456998
vt 0.78568 0.678106
vt 0.763112 0.56961
vt 0.762399 0.57023197
vt 0.763027 0.570112
vt 0.761742 0.57203698
vt 0.762263 0.570767
vt 0.761502 0.57480597
vt 0.761509 0.572672
vt 0.761403 0.57958603
vt 0.761255 0.57577997
vt 0.760774 0.583261
vt 0.762794 0.57617903
vt 0.762891 0.575126
vt 0.76362 0.57291597
vt 0.763606 0.572289
vt 0.76352 0.57102197
vt 0.763573 0.570453
vt 0.76358 0.57167602
vt 0.763617 0.569901
vt 0.763197 0.569116
vt 0.76254 0.56971198
vt 0.766825 0.52761602
vt 0.77359 0.52877498
vt 0.775572 0.52791202
vt 0.771158 0.522649
vt 0.772359 0.51563698
vt 0.765243 0.526143
vt 0.772859 0.534495
vt 0.773874 0.534747
vt 0.775017 0.53508002
vt 0.777848 0.527058
vt 0.773703 0.507796
vt 0.763381 0.52458
vt 0.76457 0.533154
vt 0.763381 0.53308702
vt 0.765611 0.53325403
vt 0.765914 0.53739703
vt 0.765318 0.537704
vt 0.766432 0.537157
vt 0.76825 0.539617
vt 0.768329 0.539159
vt 0.768392 0.538792
vt 0.770785 0.537903
vt 0.771192 0.538302
vt 0.771654 0.53879
vt 0.762952 0.57409298
vt 0.761974 0.576258
vt 0.761777 0.57385802
vt 0.76198 0.57142502
vt 0.788735 0.79464602
vt 0.790981 0.79380298
vt 0.791526 0.786731
vt 0.792654 0.78705901
vt 0.794842 0.78306901
vt 0.795297 0.78355002
vt 0.7982 0.782247
vt 0.798123 0.7827
vt 0.800518 0.784428
vt 0.801855 0.78861302
vt 0.801107 0.784123
vt 0.80303 0.797082
vt 0.80303 0.78867799
vt 0.801191 0.795537
vt 0.794152 0.805915
vt 0.792824 0.81365699
vt 0.795341 0.79899102
vt 0.799629 0.79408002
vt 0.803264 0.75305599
vt 0.792937 0.792952
vt 0.803343 0.75253898
vt 0.802793 0.75230199
vt 0.803988 0.75249702
vt 0.802842 0.7518
vt 0.802764 0.75047201
vt 0.793655 0.78730798
vt 0.80272 0.74977
vt 0.803349 0.748178
vt 0.7957 0.783943
vt 0.798062 0.78306401
vt 0.800009 0.78466702
vt 0.804657 0.74849302
vt 0.803365 0.74704802
vt 0.804357 0.74634302
vt 0.80489 0.74333698
vt 0.804928 0.74747097
vt 0.804878 0.75026202
vt 0.800828 0.78851497
vt 0.804569 0.75085598
vt 0.804152 0.75197601
vt 0.805175 0.74641198
vt 0.805191 0.74965
vt 0.804315 0.75143802
vt 0.803421 0.75200403
vt 0.802905 0.75129801
vt 0.802685 0.749044
vt 0.803406 0.745883
vt 0.805478 0.74002898
vt 0.802012 0.714027
vt 0.801341 0.72104502
vt 0.803203 0.71409303
vt 0.801265 0.70946598
vt 0.794234 0.731557
vt 0.803204 0.722606
vt 0.792899 0.73939198
vt 0.788735 0.720141
vt 0.791009 0.719285
vt 0.791554 0.71210903
vt 0.792699 0.71244
vt 0.794915 0.70838398
vt 0.795378 0.70887202
vt 0.798325 0.70754898
vt 0.798247 0.708008
vt 0.800666 0.70977402
vt 0.795787 0.70927
vt 0.798184 0.708376
vt 0.800149 0.710014
vt 0.800972 0.71392602
vt 0.804555 0.675799
vt 0.804757 0.67336
vt 0.805125 0.667633
vt 0.805032 0.672414
vt 0.804559 0.67095798
vt 0.804793 0.675187
vt 0.80358 0.67312598
vt 0.80364 0.672095
vt 0.803736 0.671044
vt 0.805751 0.66396302
vt 0.805278 0.67144197
vt 0.805027 0.67455298
vt 0.804272 0.676462
vt 0.803509 0.67712098
vt 0.804136 0.67699802
vt 0.803423 0.677624
vt 0.802962 0.67677802
vt 0.803014 0.67620802
vt 0.802928 0.674937
vt 0.802912 0.67431098
vt 0.802955 0.67554998
vt 0.802919 0.67733198
vt 0.79299 0.71842098
vt 0.793716 0.71269
vt 0.795428 0.72454798
vt 0.803339 0.67812002
vt 0.799758 0.71957302
vt 0.803996 0.67751902
vt 0.958022 0.46712804
vt 0.756175 0.00040197372
vt 0.871628 0.35155702
vt 0.590734 0.455877
vt 0.543928 0.077241
vt 0.464941 0.13054097
vt 0.701735 0.686256
vt 0.742017 0.686445
vt 0.741433 0.64594
vt 0.512499 0.59854198
vt 0.458528 0.604181
vt 0.447958 0.59843802
vt 0.456518 0.64476103
vt 0.456387 0.605407
vt 0.461151 0.63810802
vt 0.516101 0.650733
vt 0.459287 0.64686698
vt 0.508786 0.64414197
vt 0.512499 0.59854198
vt 0.601147 0.51900297
vt 0.547176 0.524642
vt 0.536606 0.51889902
vt 0.545166 0.56522202
vt 0.545035 0.525868
vt 0.604749 0.571194
vt 0.547935 0.56732798
vt 0.597434 0.56460297
vt 0.601147 0.51900297
vt 0.512499 0.51900297
vt 0.447958 0.51889902
vt 0.458528 0.524642
vt 0.447958 0.51889902
vt 0.456518 0.56522202
vt 0.456387 0.525868
vt 0.461151 0.558569
vt 0.516102 0.571194
vt 0.459287 0.56732798
vt 0.508786 0.56460202
vt 0.512499 0.51900297
vt 0.250366 0.60845703
vt 0.300987 0.66641802
vt 0.242906 0.57378697
vt 0.248435 0.607082
vt 0.250366 0.60845703
vt 0.254873 0.61235702
vt 0.254873 0.61235702
vt 0.300987 0.66641802
vt 0.242906 0.57378697
vt 0.242906 0.57378697
vt 0.233855 0.585132
vt 0.247678 0.606445
vt 0.247678 0.606445
vt 0.248435 0.607082
vt 0.254873 0.61235702
vt 0.210161 0.663607
vt 0.249924 0.61027902
vt 0.258009 0.734721
vt 0.300987 0.66641802
vt 0.232833 0.58421302
vt 0.233855 0.585132
vt 0.242906 0.57378697
vt 0.232833 0.58421302
vt 0.241419 0.57252097
vt 0.238433 0.572155
vt 0.236265 0.573314
vt 0.059067 0.68053102
vt 0.072106 0.67893797
vt 0.173369 0.61701798
vt 0.229662 0.58411402
vt 0.236265 0.573314
vt 0.236265 0.573314
vt 0.072106 0.67893797
vt 0.127529 0.645126
vt 0.059067 0.68053102
vt 0.057062 0.681871
vt 0.071258 0.679761
vt 0.057062 0.681871
vt 0.07072 0.68155903
vt 0.056255 0.68635398
vt 0.07098 0.68275398
vt 0.07072 0.68155903
vt 0.056255 0.68635398
vt 0.102521 0.77996999
vt 0.078396 0.70555198
vt 0.07098 0.68275398
vt 0.056255 0.68635398
vt 0.081205 0.71241498
vt 0.079223 0.706901
vt 0.078396 0.70555198
vt 0.056255 0.68635398
vt 0.102521 0.77996999
vt 0.081205 0.71241498
vt 0.08092 0.70717102
vt 0.079223 0.706901
vt 0.081205 0.71241498
vt 0.081913 0.70783198
vt 0.081205 0.71241498
vt 0.147731 0.69966298
vt 0.154885 0.697056
vt 0.204647 0.668095
vt 0.204603 0.665012
vt 0.169995 0.75923401
vt 0.154885 0.697056
vt 0.151824 0.69566798
vt 0.147731 0.69966298
vt 0.169995 0.75923401
vt 0.179557 0.75523299
vt 0.258009 0.734721
vt 0.102521 0.77996999
vt 0.181371 0.77830398
vt 0.134353 0.72038
vt 0.204603 0.665012
vt 0.204647 0.668095
vt 0.240869 0.71980602
vt 0.248516 0.714307
vt 0.210161 0.663607
vt 0.204603 0.665012
vt 0.236265 0.573314
vt 0.230849 0.58374602
vt 0.254391 0.643422
vt 0.415574 0.675389
vt 0.415574 0.691082
vt 0.609771 0.691082
vn -0.0002 0.9966 0.0824
vn -0.0031 0.4615 0.8871
vn -0.0987 0.9807 0.169
vn 0.4844 0.8747 0.0127
vn 0.4883 0.8726 0.0126
vn -0.0781 0.9969 0.014
vn 0.0187 0.9998 -0.0067
vn 0.0977 0.995 -0.0221
vn 0.387 0.7733 -0.5022
vn 0.7858 0.2506 0.5655
vn 0.1766 0.2247 0.9583
vn 0.7604 0.2331 0.6062
vn -0.9976 0.0698 0.0007
vn -0.9998 0.0209 0.0002
vn -0.9938 0.0919 0.062
vn -0.0016 1 -0.0064
vn -0.0055 0.9896 -0.1439
vn 0.0017 1 -0.0061
vn 0.0021 0.9836 0.1801
vn 0.0079 0.9884 0.1519
vn 0.0003 0.978 0.2088
vn -0.0003 0.9797 0.2004
vn 0.0046 0.8698 0.4933
vn -0.5895 0.8075 -0.0202
vn -0.5394 0.8417 -0.0235
vn -0.4703 0.8614 -0.1916
vn 0.5735 0.7005 -0.4249
vn 0.5457 0.7378 -0.3973
vn 0.0652 0.682 -0.7284
vn 0.8176 0.5758 0.0039
vn 0.8393 0.5436 0.0022
vn 0.7308 0.6826 -0.0088
vn 0.2554 0.9668 0.0049
vn 0.2738 0.9618 0.0008
vn 0.7187 0.6949 -0.0229
vn -0.6914 0.4077 -0.5964
vn -0.5677 0.6671 -0.4823
vn -0.9447 0.3266 -0.0305
vn -0.0002 0.5912 -0.8065
vn -0.0031 0.5748 -0.8183
vn -0.1138 0.6217 -0.775
vn -0.183 0.9831 0.0077
vn -0.021 0.9997 0.0098
vn -0.2975 0.9399 -0.1673
vn -0.0051 0.425 -0.9052
vn -0.0041 0.5692 -0.8222
vn 0.0072 0.4164 -0.9091
vn -0.2548 0.9504 0.1785
vn -0.2151 0.9506 0.224
vn -0.146 0.9858 0.0824
vn -0.5038 0.8638 0.011
vn -0.1113 0.9937 0.0095
vn -0.5425 0.8399 0.0172
vn -0.6592 0.7008 -0.2727
vn -0.7067 0.6969 -0.1221
vn -0.6654 0.7 -0.2593
vn -0.0698 0.8975 0.4355
vn -0.1258 0.6518 0.7479
vn -0.2907 0.8984 0.3292
vn -0.735 0.6781 -0.0008
vn -0.7365 0.6764 -0.0006
vn -0.8366 0.5476 0.0154
vn -0 0.9999 0.0102
vn -0 0.9999 0.0102
vn -0 0.9999 0.0102
vn -0.0049 0.5616 -0.8274
vn 0.2974 0.7456 -0.5963
vn 0.0696 0.9976 -0.0064
vn 0.046 0.9989 -0.0079
vn 0.3801 0.9248 -0.0158
vn 0.0018 0.6822 0.7312
vn 0.0046 0.587 0.8095
vn 0.0146 0.737 0.6757
vn 0.0826 0.3293 -0.9406
vn 0.0682 0.5742 -0.8158
vn -0.014 0.3331 -0.9428
vn -0.0006 0.9999 0.0105
vn 0.0611 0.9981 0.0102
vn -0.0021 1 0.008
vn 0.0017 0.9101 -0.4144
vn -0.0018 0.9106 -0.4133
vn -0 0.9999 0.0102
vn -0.248 0.9643 -0.093
vn -0.0492 0.9988 -0.0081
vn -0.1923 0.9424 -0.2737
vn 0.1193 0.9928 0.011
vn 0.0092 0.9999 0.0104
vn 0.3147 0.917 0.2453
vn 0.9998 0.0209 0.0002
vn 0.9976 0.0699 0.0008
vn 0.9998 0.0209 0.0002
vn -0.0311 0.5366 -0.8432
vn -0.1766 0.6247 -0.7606
vn -0.0004 0.9905 0.1378
vn -0.0003 0.9904 0.1386
vn -0.0001 0.9981 0.0608
vn -0.6447 0.6197 -0.4476
vn -0.4927 0.6108 -0.6198
vn -0.6515 0.6145 -0.4448
vn 0.3893 0.8818 0.2663
vn 0.0954 0.993 0.0701
vn 0.4692 0.8816 0.0505
vn -0.0011 0.8693 0.4943
vn -0.0015 0.8734 0.487
vn 0.0006 0.6545 0.7561
vn -0.7316 0.6817 0.0067
vn -0.8336 0.5524 0.0055
vn -0.6897 0.719 0.0857
vn 0.6205 0.7841 0.0129
vn 0.5172 0.8558 0.0131
vn 0.6112 0.7915 -0.0054
vn -0.5817 0.8132 0.0181
vn -0.5961 0.8028 0.0107
vn -0.0053 0.6343 0.7731
vn -0.0053 0.6338 0.7735
vn 0.0308 0.822 0.5686
vn -0.0008 1 -0.0029
vn 0.0001 1 -0.0041
vn 0.0798 0.9849 -0.1539
vn 0.9998 0.0208 0.0003
vn 0.9998 0.0209 0.0002
vn 0.9883 0.1271 -0.0837
vn -0.0015 0.8662 0.4998
vn -0.0015 0.8674 0.4976
vn -0.0013 0.9741 0.2263
vn 0.7362 0.421 -0.5299
vn 0.7515 0.3876 -0.5339
vn 0.0703 0.3548 -0.9323
vn 0.3715 0.7977 0.4749
vn 0.5675 0.763 0.3094
vn 0.3844 0.8683 0.3134
vn -0 0.0107 0.9999
vn -0 0.0107 0.9999
vn 0.0949 0.1381 0.9859
vn -0 0.9999 0.0102
vn -0 0.9999 0.0102
vn -0 0.9999 0.0102
vn 0.6779 0.735 0.0177
vn 0.4818 0.8759 0.0263
vn 0.6531 0.7518 0.0911
vn -0.9976 0.0689 0.0005
vn -0.9976 0.0695 0.0007
vn -0.8792 0.4761 0.0205
vn -0.002 0.6532 0.7572
vn -0.0022 0.6532 0.7572
vn -0.0032 0.9019 0.4319
vn -0.5026 0.8645 0.011
vn -0.1115 0.9937 0.0107
vn 0.4696 0.8828 0.009
vn 0.8777 0.4792 0.0049
vn 0.4479 0.894 -0.0143
vn -0 0.0107 0.9999
vn -0.0009 0.0585 0.9983
vn -0 0.0107 0.9999
vn -0.0149 0.9998 0.0104
vn -0 0.9999 0.0102
vn -0.0289 0.9993 0.0216
vn -0.005 0.424 -0.9056
vn -0.0053 0.4245 -0.9054
vn -0.1643 0.6242 -0.7638
vn -0.0003 0.9901 0.1401
vn -0.0004 0.99 0.1409
vn -0.0001 0.9981 0.062
vn 0.7555 0.655 0.0155
vn 0.7581 0.652 0.0167
vn 0.662 0.734 0.1517
vn -0 0.9999 0.0102
vn -0 0.9999 0.0102
vn -0 0.9999 0.0102
vn -0.002 0.6533 0.7571
vn -0.0024 0.9023 0.431
vn -0.0001 1 0.0007
vn -0 0.9999 0.0102
vn -0.0073 1 -0.0046
vn -0 0.9999 0.0102
vn -0.0343 0.0557 0.9979
vn 0.0004 0.0583 0.9983
vn -0.0347 0.0103 0.9993
vn 0.5124 0.8586 0.0174
vn 0.8876 0.46 0.0243
vn 0.1402 0.7337 -0.6649
vn 0.0071 0.7909 -0.6118
vn 0.0016 0.4467 -0.8947
vn -0.7514 0.6598 0.0123
vn -0.7512 0.6599 0.0117
vn -0.7189 0.6927 0.0577
vn 0.9501 0.3119 0.0013
vn 0.9486 0.3166 -0.0037
vn 0.4078 0.9125 0.031
vn -0.7361 0.6768 -0.0013
vn -0.7393 0.6733 -0.0015
vn -0.2512 0.9679 0.0108
vn -0.7371 0.6735 0.0555
vn -0.2513 0.9675 0.0285
vn 0.0001 0.0792 -0.9969
vn -0.0001 0.0793 -0.9968
vn -0 0.0311 -0.9995
vn -0.0699 0.7237 -0.6865
vn -0.4954 0.7324 -0.4671
vn -0.192 0.6677 -0.7192
vn -0 0.9999 0.0102
vn -0.003 0.9986 -0.0521
vn -0 0.9999 0.0102
vn 0.0003 0.9868 0.1621
vn 0.0002 0.9873 0.1589
vn 0.0036 0.8418 0.5398
vn 0.7509 0.6604 0.0056
vn 0.75 0.6614 0.0057
vn 0.724 0.6883 -0.0449
vn 0.0214 0.9997 0.0106
vn 0.0005 0.9999 0.0104
vn 0.017 0.9996 0.021
vn -0.8678 0.4969 0.005
vn -0.8176 0.5655 0.1088
vn -0.002 0.6541 0.7564
vn -0.0022 0.6541 0.7564
vn -0.002 0.9968 0.0805
vn 0.0012 0.9337 0.358
vn 0.0018 0.9977 0.0679
vn 0.1152 0.6186 -0.7772
vn -0.195 0.9749 0.1079
vn -0.0794 0.6178 -0.7823
vn -0.0808 0.9967 -0.0018
vn -0.0678 0.9976 -0.0131
vn -0.5855 0.8062 -0.0849
vn 0.2525 0.9676 0.0067
vn 0.2538 0.9672 0.0069
vn 0.7181 0.6957 -0.0173
vn 0.0019 0.1938 -0.981
vn -0.0008 0.1832 -0.9831
vn -0.0055 0.1766 -0.9843
vn 0.9846 0.174 -0.0134
vn 0.9832 0.1827 -0.0031
vn 0.9859 0.1666 0.0127
vn -0 0.9999 0.0102
vn -0 0.9999 0.0102
vn 0.4055 0.9137 0.0261
vn 0.0004 0.978 0.2084
vn 0.012 0.5704 -0.8213
vn 0.0732 0.9853 0.1542
vn -0.0255 0.9996 -0.0089
vn -0.0158 0.9999 -0.0047
vn -0.0893 0.9742 -0.2071
vn 0.0006 1 0.0063
vn 0.0009 1 0.0088
vn 0.0114 0.9999 -0.0035
vn -0.0838 0.6586 0.7478
vn -0.0907 0.5897 0.8025
vn -0.4274 0.7258 0.539
vn -0.1944 0.8933 -0.4052
vn -0.0867 0.6679 -0.7392
vn -0.8299 0.5579 0.0024
vn -0.8392 0.5437 0.0073
vn -0.9549 0.2966 0.0137
vn -0.2509 0.6823 -0.6866
vn -0.3762 0.6919 -0.6162
vn -0.1276 0.9194 -0.372
vn -0.1678 0.6093 -0.775
vn -0.2092 0.843 -0.4956
vn 0.0008 1 0.0054
vn -0.0025 1 -0.0011
vn 0.0024 1 0.0092
vn -0.7759 0.6236 -0.0959
vn -0.7709 0.6307 -0.0892
vn -0.7527 0.6572 0.0393
vn 0.0019 0.9957 -0.0925
vn 0.0076 0.901 -0.4337
vn -0.0001 0.996 -0.0891
vn -0.7389 0.6721 0.0483
vn -0.7428 0.6675 0.051
vn -0.2536 0.9422 0.219
vn -0.3364 0.9116 0.2363
vn 0.7737 0.6322 0.0406
vn 0.3356 0.9419 0.0128
vn 0.7126 0.697 -0.0803
vn -0.0013 0.9965 0.084
vn 0.0055 0.451 0.8925
vn -0.6707 0.6476 -0.3617
vn -0.2037 0.973 -0.1086
vn -0.9728 0.2112 0.0946
vn -0.7386 0.2699 0.6178
vn -0.7235 0.5822 0.3711
vn -0.0023 0.6541 0.7564
vn -0.0016 0.8688 0.4952
vn -0 0.9999 0.0102
vn 0.0392 0.9992 0.0035
vn 0.0078 0.9993 0.0377
vn -0.4806 0.7291 0.4873
vn -0.1978 0.9579 0.208
vn -0.3921 0.7234 0.5683
vn 0.0017 0.8051 0.5932
vn 0.0016 0.8061 0.5918
vn 0.0729 0.4528 0.8886
vn 0.0042 1 -0.0004
vn 0.0013 1 0.0078
vn 0.0183 0.9998 0.0083
vn -0.7657 0.6331 0.1135
vn -0.6686 0.7436 0.0017
vn -0.9399 0.3386 -0.0427
vn -0.401 0.916 -0.0086
vn -0.7129 0.5081 -0.4834
vn -0.021 0.9997 0.0161
vn -0.0256 0.9996 0.0114
vn -0.1906 0.9792 -0.0691
vn 0.47 0.8826 0.009
vn 0.4719 0.8816 -0.0115
vn 0.8731 0.486 -0.0395
vn 0.8444 0.5358 -0.0017
vn 0.7405 0.672 -0.0004
vn 0.7669 0.6323 -0.1099
vn -0.0248 0.9997 0.0069
vn -0.0232 0.9997 0.0118
vn -0.0145 0.9999 0.0053
vn -0.7817 0.6196 0.0712
vn -0.3224 0.8117 0.4871
vn -0.1895 0.9817 -0.0185
vn 0.0001 0.4823 -0.876
vn 0.0001 0.4836 -0.8753
vn -0.0035 0.8776 -0.4794
vn 0.8065 0.5913 0.0025
vn 0.7207 0.6931 -0.0138
vn 0.1142 0.9934 0.0105
vn -0.5622 0.827 0.0041
vn 0.0957 0.9954 -0.0094
vn -0.0068 0.9701 -0.2426
vn -0.0005 1 -0.0011
vn -0.0309 0.9769 -0.2115
vn -0 0.9999 0.0102
vn -0 0.9999 0.0102
vn -0.0054 0.9999 0.0086
vn 0.0024 0.9593 0.2824
vn 0.0024 0.9578 0.2873
vn 0.0331 0.6755 0.7367
vn -0.0686 0.9976 -0.001
vn -0.2105 0.9767 0.0414
vn -0.0352 0.9993 0.0154
vn -0.3005 0.9501 0.0841
vn -0.0016 1 0.0075
vn 0.0013 1 0.0085
vn -0.0211 0.7562 0.6539
vn -0.0086 0.6449 0.7642
vn -0.0189 0.8479 0.5298
vn 0.6233 0.7818 0.0137
vn 0.638 0.77 0.0101
vn 0.2463 0.9679 0.051
vn 0.0091 0.5453 0.8382
vn 0.1045 0.577 0.81
vn -0.008 0.9393 0.343
vn -0.0017 1 0.0079
vn -0.0006 1 0.005
vn 0.0002 1 -0.0065
vn -0.0444 0.9946 -0.094
vn -0.0485 0.998 -0.0395
vn 0.0791 0.8957 -0.4377
vn 0.5868 0.8087 -0.0411
vn 0.5635 0.8067 -0.1781
vn -0.1277 0.9913 0.0306
vn 0.0278 0.6373 0.7701
vn 0.0044 0.6473 0.7622
vn 0.0126 0.9086 0.4174
vn -0.1945 0.9649 -0.1764
vn -0.7239 0.6896 -0.0203
vn 0.4674 0.878 0.1032
vn -0 0.9999 0.0102
vn -0.0028 0.5888 0.8083
vn -0.005 0.592 0.8059
vn -0.0042 0.9967 0.0815
vn -0.001 0.0561 0.9984
vn -0.0038 0.4534 0.8913
vn 0.0484 0.0632 0.9968
vn -0 0.9999 0.0102
vn 0.0015 1 0.0098
vn -0.0864 0.9962 0.0101
vn 0.0854 0.9963 0.0095
vn -0.1722 0.9804 -0.0957
vn 0.3934 0.6942 0.6028
vn 0.2704 0.6933 0.668
vn 0.3824 0.7098 0.5916
vn 0.0071 0.7263 -0.6874
vn -0.0535 0.6496 -0.7584
vn -0.0622 0.3316 -0.9414
vn -0.1793 0.4431 -0.8783
vn -0.0585 0.7337 0.6769
vn -0.0374 0.9602 0.2768
vn -0.1694 0.72 0.6729
vn 0.0286 0.9993 -0.0247
vn 0.0547 0.9985 0.0043
vn 0.2053 0.685 -0.6991
vn -0.0821 0.9966 0.01
vn 0.4926 0.8702 0.0126
vn -0.0754 0.997 0.02
vn 0.0875 0.9962 -0.0043
vn 0.0476 0.9908 -0.1266
vn 0.2357 0.777 -0.5837
vn 0.1949 0.9782 -0.0712
vn -0.0609 0.4994 -0.8642
vn -0.0004 0.6306 -0.7761
vn -0.0199 0.5017 -0.8648
vn 0.1714 0.7533 -0.6349
vn 0.0084 0.4618 -0.8869
vn -0.4883 0.8726 0.0099
vn -0.5687 0.8225 0.0079
vn -0.5156 0.8566 -0.0185
vn -0.3223 0.9466 0.0106
vn -0.3668 0.9301 0.0181
vn -0.7542 0.6564 0.0184
vn -0.9028 0.4301 0.0014
vn -0.5847 0.715 -0.3834
vn -0.6446 0.7157 -0.2686
vn -0.5931 0.6861 -0.4214
vn 0.0704 0.9975 0.0099
vn 0.063 0.998 0.0085
vn -0.0911 0.995 -0.0418
vn 0.7228 0.6894 -0.0483
vn 0.7484 0.6414 -0.169
vn -0.2419 0.9702 -0.0095
vn -0.5884 0.4867 0.6457
vn -0.3336 0.867 0.3702
vn -0.1848 0.5131 0.8382
vn -0.0125 0.9996 0.0243
vn -0.0172 0.9995 0.025
vn -0.2049 0.9758 0.0761
vn 0.5513 0.8342 0.0127
vn -0.1068 0.9942 0.0098
vn 0.434 0.8919 -0.1267
vn 0.0969 0.6974 -0.7101
vn 0.1035 0.6112 -0.7846
vn 0.4911 0.7319 -0.4723
vn 0.9833 0.1813 -0.0168
vn 0.982 0.1883 -0.0143
vn 0.976 0.2148 -0.0348
vn -0 0.9999 0.0102
vn 0.4009 0.9161 0.0089
vn -0 0.9999 0.0102
vn -0 0.9999 0.0102
vn -0 0.9999 0.0102
vn -0.0021 1 0.0084
vn -0.0609 0.9981 -0.0063
vn -0.0014 0.9999 0.0103
vn -0.9486 0.3165 0.0059
vn -0.9477 0.3189 0.0115
vn -0.433 0.9013 -0.0094
vn -0.0077 0.1799 0.9837
vn -0.0112 0.183 0.983
vn 0.0165 0.216 0.9763
vn 0.008 0.7291 -0.6844
vn -0.0296 0.6391 -0.7686
vn 0.0331 0.9958 -0.0853
vn 0.1414 0.9037 -0.4042
vn 0.063 0.9962 -0.0596
vn 0.107 0.991 -0.0802
vn 0.4986 0.8078 -0.3144
vn 0.2014 0.9581 -0.2035
vn 0.8455 0.5339 -0.0002
vn 0.0862 0.9963 -0.0001
vn -0 0.9999 0.0102
vn -0 0.9999 0.0102
vn 0.0076 0.9985 -0.0545
vn -0.0003 0.9915 0.1303
vn -0.0013 0.8686 0.4956
vn 0.0251 0.9934 0.1116
vn -0.9998 0.0209 0.0002
vn -0.9998 0.0209 0.0002
vn -0.988 0.1262 0.0886
vn -0.1822 0.9814 0.0612
vn -0.0246 0.9995 0.0176
vn 0.0025 0.9596 0.2813
vn 0.0028 0.9586 0.2849
vn 0.0268 0.6607 0.7501
vn 0.0006 0.9595 0.2817
vn 0.0783 0.7227 0.6868
vn -0 0.9999 0.0102
vn -0 0.9999 0.0102
vn 0.1864 0.627 -0.7564
vn 0.0773 0.9404 -0.3312
vn -0.0368 0.6669 -0.7443
vn -0.0003 0.9966 0.0825
vn -0.006 0.5869 0.8096
vn -0.0794 0.9783 0.1912
vn 0.0263 0.0589 0.9979
vn 0.0036 0.0593 0.9982
vn 0.0628 0.465 0.8831
vn 0.2505 0.6187 0.7446
vn 0.0334 0.5819 0.8126
vn 0.2583 0.6254 0.7363
vn -0 0.4339 0.901
vn -0 0.0572 0.9984
vn 0.0489 0.4524 0.8905
vn 0.0001 0.4659 -0.8848
vn -0.0091 0.4622 -0.8867
vn -0.0341 0.0866 -0.9957
vn 0.0069 0.6648 0.747
vn 0.0334 0.8364 0.5471
vn -0.6916 0.6764 -0.2533
vn -0.0043 0.7637 0.6456
vn -0.0043 0.7541 0.6568
vn -0.0005 0.988 -0.1546
vn -0.0037 0.8263 0.5633
vn -0.0036 0.8291 0.559
vn -0.0182 0.6336 0.7734
vn -0.251 0.9679 0.0121
vn -0.2484 0.9684 0.0235
vn -0.7097 0.7036 0.0361
vn -0.0348 0.9994 -0.0011
vn 0.0013 0.9999 -0.0145
vn 0.1987 0.9292 -0.3117
vn -0.1919 0.9655 -0.1762
vn -0.0074 1 -0.0046
vn 0.0002 0.2023 0.9793
vn 0.2368 0.5267 0.8164
vn -0.0347 0.9587 0.2821
vn -0.3165 0.9485 0.0093
vn -0.756 0.6544 0.0146
vn 0.1863 0.9823 0.019
vn 0.2049 0.9786 0.0211
vn 0.6236 0.7816 0.0167
vn 0.4879 0.8065 -0.3341
vn 0.5296 0.7914 -0.3052
vn 0.6575 0.7178 -0.2291
vn -0.0222 0.9997 0.0082
vn -0.1056 0.9944 0.0078
vn -0.0216 0.9997 0.0092
vn 0.0098 0.4414 -0.8972
vn 0.0045 0.1754 -0.9845
vn -0.2453 0.5634 -0.7889
vn 0.0018 0.9999 0.0102
vn 0.0019 0.9999 0.0102
vn 0.0179 0.9995 0.0248
vn -0.578 0.432 0.6923
vn -0.9526 0.2996 0.053
vn -0.3912 0.7595 0.5197
vn -0 0.9999 0.0102
vn -0 0.9999 0.0102
vn 0.0058 0.9983 -0.0583
vn -0.0079 0.5503 -0.8349
vn -0.1279 0.6007 -0.7892
vn 0.0062 0.4194 -0.9078
vn -0.0842 0.2172 -0.9725
vn -0.0062 0.2053 -0.9787
vn -0.1583 0.2088 -0.9651
vn -0.6781 0.725 -0.1207
vn -0.2819 0.9585 -0.0434
vn -0.6942 0.7198 -0.004
vn -0.0073 0.9545 0.2982
vn -0.0016 0.9566 0.2913
vn -0.0036 0.696 0.718
vn 0.0065 0.4034 0.915
vn 0.0024 0.4011 0.916
vn 0.0242 0.3516 0.9358
vn 0.128 0.9916 -0.0187
vn 0.3481 0.9078 0.234
vn -0.3647 0.9287 -0.0667
vn -0.6842 0.7182 0.1267
vn -0 0.9999 0.0102
vn 0.3889 0.9212 0.0087
vn -0 0.9999 0.0102
vn -0.0053 0.9999 0.0102
vn 0.0085 0.9999 0.0102
vn -0.0065 1 0.0043
vn 0.0289 0.9973 -0.0671
vn 0.0278 0.9579 0.2857
vn 0.275 0.9424 0.1905
vn 0.223 0.6493 0.7271
vn -0.0002 0.9999 0.0132
vn -0 0.9999 0.0102
vn -0.002 0.9998 0.0184
vn -0.0024 0.9954 -0.0962
vn 0.0004 0.8737 -0.4864
vn -0.0817 0.6863 -0.7227
vn -0.4968 0.7197 -0.485
vn -0.2022 0.6192 -0.7587
vn 0.0608 0.4496 -0.8912
vn 0.0645 0.1847 -0.9807
vn 0.6182 0.7859 0.0128
vn 0.5417 0.8405 0.0127
vn 0.6063 0.7952 -0.0054
vn 0.0021 0.973 -0.2309
vn 0.0026 0.9739 -0.2269
vn -0.011 0.9616 0.2742
vn -0.0215 0.9568 0.2899
vn 0.086 0.984 -0.1561
vn 0.0082 0.5389 0.8423
vn 0.007 0.6543 0.7562
vn 0.1098 0.595 0.7962
vn 0.1237 0.9923 0.01
vn 0.1212 0.9926 0.01
vn 0.029 0.9992 0.0271
vn -0 0.9999 0.0102
vn -0 0.9999 0.0102
vn -0 0.9999 0.0102
vn 0.6167 0.7871 0.0128
vn 0.6171 0.7868 0.0136
vn 0.5488 0.8346 -0.0469
vn -0.0059 0.3581 -0.9337
vn 0.0016 0.3517 -0.9361
vn -0.0302 0.3328 -0.9425
vn -0.0042 0.6224 -0.7827
vn -0.0015 0.5132 -0.8583
vn -0.2971 0.7422 -0.6008
vn -0.0459 0.9909 -0.1262
vn -0.1551 0.9216 -0.3558
vn 0.0052 0.6596 0.7516
vn 0.0031 0.9597 0.2808
vn 0.0766 0.7029 0.7071
vn 0.0877 0.9692 -0.23
vn 0.0992 0.9945 0.0348
vn 0.1406 0.8692 -0.4741
vn 0.2307 0.9726 -0.0273
vn -0 0.0311 -0.9995
vn -0 0.0311 -0.9995
vn -0.0816 0.129 -0.9883
vn 0.0065 0.6356 0.772
vn -0 0.4352 0.9004
vn 0.0922 0.1231 0.9881
vn -0.0829 0.9965 0.0113
vn 0.0165 0.9998 0.0114
vn -0.1566 0.9621 -0.2231
vn -0.1116 0.9632 -0.2447
vn 0.0126 0.9754 0.2201
vn -0.8247 0.5624 0.0607
vn -0.7617 0.6391 -0.1065
vn 0.5871 0.7136 -0.3822
vn 0.6009 0.6982 -0.3891
vn 0.6516 0.712 -0.2618
vn 0.6673 0.7344 0.1244
vn 0.5881 0.6599 0.4675
vn 0.0006 0.8958 -0.4444
vn 0.0004 0.8943 -0.4475
vn -0.0236 0.4924 -0.8701
vn -0 0.9999 0.0102
vn -0.0074 0.9986 -0.0529
vn 0.0889 0.457 0.885
vn 0.0499 0.871 0.4887
vn -0.0113 0.9931 0.1169
vn -0.0971 0.8472 0.5223
vn -0.2263 0.9638 -0.1411
vn -0.1931 0.9634 -0.186
vn 0.0915 0.9763 0.1961
vn 0.9507 0.3101 0.0007
vn 0.4997 0.8662 0.0085
vn 0.8829 0.4696 0.0047
vn 0.4783 0.8778 -0.0261
vn -0.0067 0.5652 -0.8249
vn -0.0048 0.5783 -0.8158
vn -0.0257 0.5596 -0.8284
vn 0.0036 0.5778 0.8162
vn 0.0023 0.932 0.3625
vn -0.0055 0.9999 0.0106
vn -0.0371 0.9992 0.0114
vn -0.0088 0.9999 0.0084
vn 0.0014 0.4385 0.8987
vn 0.0002 0.4426 0.8967
vn 0.0001 0.9945 -0.1047
vn 0.0002 0.9942 -0.1079
vn -0.0024 0.8875 -0.4607
vn -0.9844 0.1753 0.0113
vn -0.9821 0.1885 0.0063
vn -0.985 0.1724 0.0102
vn -0.2594 0.9657 0.0122
vn -0.0157 0.9998 0.0104
vn -0.2239 0.9734 0.0477
vn -0 0.9999 0.0102
vn -0 0.9999 0.0102
vn -0.174 0.9847 0.0107
vn -0.0263 0.9996 0.0103
vn -0.2852 0.9445 -0.1633
vn -0 0.9999 0.0102
vn -0 0.9999 0.0102
vn 0.0074 0.9999 0.0103
vn 0.0222 0.9997 0.01
vn 0.0001 0.9999 0.0102
vn 0.0286 0.9994 0.0205
vn 0.7499 0.6616 0.0057
vn 0.2556 0.9667 0.0094
vn 0.718 0.6946 -0.0447
vn 0.0103 0.9996 0.0255
vn 0.0005 0.9848 0.1739
vn 0.0002 0.985 0.1724
vn 0.0093 0.8328 0.5535
vn 0.8242 0.557 -0.1025
vn 0.4787 0.8777 -0.0247
vn -0.0022 0.6531 0.7572
vn -0.0023 0.6533 0.7571
vn 0.0036 0.6543 0.7562
vn 0.6272 0.6248 0.465
vn 0.4795 0.7912 0.3796
vn 0.8173 0.5761 -0.0105
vn 0.7293 0.6841 0.0116
vn -0.5309 0.8158 0.2293
vn -0.0651 0.9973 0.034
vn -0.5698 0.8097 0.1404
vn 0.0224 0.3656 0.9305
vn 0.0729 0.576 0.8142
vn 0.0023 0.2014 -0.9795
vn -0.0276 0.1917 -0.9811
vn -0.0006 0.8696 0.4938
vn -0.1131 0.5782 0.808
vn 0.0191 0.879 0.4765
vn -0.1611 0.9604 0.2273
vn -0.0239 0.9997 0.0085
vn -0.182 0.9832 0.0117
vn -0.0383 0.9993 -0.002
vn -0.1522 0.9877 0.0359
vn -0.7084 0.6952 0.1218
vn -0.3175 0.9465 0.057
vn -0.5882 0.6939 0.4153
vn -0.6584 0.6934 0.2927
vn -0.5766 0.7089 0.4061
vn -0.6361 0.7236 0.2679
vn -0.2858 0.9548 0.0817
vn 0.016 0.9998 0.0092
vn 0.3431 0.9336 -0.1036
vn 0.0002 0.9955 -0.0947
vn -0.003 0.8978 -0.4403
vn -0.9836 0.18 -0.0087
vn -0.9859 0.1673 -0.0072
vn -0.9833 0.1815 0.0092
vn 0.7194 0.6898 -0.0814
vn 0.7538 0.6571 0.0056
vn -0.4979 0.7077 0.5013
vn -0.7682 0.6386 -0.0453
vn -0.4359 0.6512 0.6212
vn -0.335 0.9214 0.1969
vn -0.0776 0.9969 0.0121
vn -0.0666 0.9976 0.0164
vn 0.1376 0.9865 0.0893
vn -0.0733 0.9973 0.0101
vn -0.8215 0.5701 0.0053
vn -0.1653 0.9833 -0.0761
vn 0.0117 0.3359 -0.9418
vn -0.0307 0.3445 -0.9383
vn 0.0228 0.9994 -0.0252
vn 0.0239 0.9803 -0.1961
vn -0.017 0.9649 -0.2619
vn -0.0623 0.9647 -0.2558
vn -0.0451 0.7398 -0.6714
vn 0.008 0.9999 -0.0087
vn -0.0283 0.9767 -0.2128
vn 0.0002 0.9938 -0.1115
vn 0.028 0.8953 -0.4446
vn -0.017 0.0313 -0.9994
vn -0 0.0311 -0.9995
vn -0.0674 0.243 -0.9677
vn -0 0.0592 0.9982
vn -0 0.0107 0.9999
vn 0.074 0.2025 0.9765
vn 0.021 0.9996 0.0167
vn 0.0792 0.5922 0.8019
vn 0.0049 0.5732 0.8194
vn 0.1285 0.6656 0.7352
vn 0.0003 0.9892 0.1466
vn -0 0.9897 0.1429
vn 0.0036 0.8556 0.5176
vn -0 0.0311 -0.9995
vn -0 0.0311 -0.9995
vn -0.071 0.1136 -0.991
vn -0.4095 0.6908 0.5959
vn -0.4071 0.705 0.5807
vn -0.2894 0.6872 0.6663
vn 0.0001 0.4593 0.8883
vn 0.0002 0.458 0.889
vn -0.1879 0.9573 0.2195
vn 0.3169 0.9484 0.0072
vn 0.0156 0.9998 0.0101
vn 0.2458 0.9678 -0.0537
vn -0.0122 0.9999 0.0102
vn -0.0122 0.9999 0.0103
vn -0.2471 0.9689 0.0121
vn -0.5234 0.8521 0.0069
vn -0 0.9999 0.0102
vn -0 0.9999 0.0102
vn -0 0.9999 0.0102
vn -0.1793 0.9168 -0.3568
vn -0.0611 0.9578 0.2808
vn -0.1921 0.9413 0.2777
vn -0.0013 0.901 0.4339
vn -0.0013 0.9006 0.4347
vn -0.002 0.9898 0.1427
vn -0.011 0.6759 0.7369
vn -0.0287 0.8881 0.4588
vn 0.2541 0.9671 0.0096
vn 0.3673 0.9189 0.1438
vn 0.0003 0.8373 0.5467
vn 0.0003 0.8392 0.5437
vn 0.0271 0.455 0.8901
vn -0.9534 0.3016 0.0033
vn -0.8215 0.5699 -0.017
vn -0.0013 0.9002 0.4355
vn 0.0258 0.9855 0.1676
vn 0.0218 0.9988 0.0436
vn -0.0162 0.9979 0.062
vn 0.057 0.9893 -0.1346
vn 0.2185 0.9757 0.0151
vn 0.0149 0.9998 0.0119
vn 0.2205 0.9752 0.0178
vn 0.0248 0.9995 -0.021
vn -0.1057 0.9755 0.1931
vn -0.2333 0.9583 0.1651
vn 0.1093 0.9921 -0.0617
vn -0 0.9999 0.0102
vn -0 0.9999 0.0102
vn 0.5911 0.8066 0.0003
vn 0.7157 0.6958 -0.0605
vn 0.7913 0.6086 -0.0584
vn 0.0663 0.9805 -0.1851
vn 0.237 0.9714 -0.0153
vn 0.1153 0.9907 -0.0723
vn 0.0257 0.9996 0.0152
vn 0.1279 0.9917 0.01
vn 0.0001 0.9812 0.1927
vn 0.0002 0.9819 0.1896
vn 0.0019 0.8167 0.577
vn 0.9519 0.3066 0.0009
vn 0.9606 0.278 -0.0017
vn -0.9976 0.069 0.0007
vn -0.8427 0.5302 -0.0932
vn 0.1832 0.983 0.0088
vn 0.335 0.9249 0.1797
vn -0.731 0.2507 0.6346
vn -0.1274 0.2254 0.9659
vn 0.1157 0.0647 0.9912
vn 0.0255 0.0153 0.9996
vn 0.0024 0.9916 0.129
vn 0.0125 0.9914 0.1304
vn 0.0331 0.8869 0.4607
vn -0 0.0792 -0.9969
vn -0 0.0792 -0.9969
vn -0.9829 0.1604 -0.0903
vn 0.0321 0.9994 0.0103
vn -0 0.9999 0.0102
vn 0.0333 0.9994 0.0138
vn -0.0023 0.6535 0.757
vn -0.0023 0.6538 0.7567
vn -0.0014 0.8615 0.5077
vn 0.0005 0.998 -0.0639
vn -0.0017 0.9685 0.2492
vn 0.0997 0.9856 -0.1368
vn 0.0019 0.9999 0.0102
vn 0.0436 0.9989 0.0141
vn -0.0001 1 0.0051
vn 0.0049 1 -0.0046
vn -0.1855 0.9826 0.008
vn -0.1853 0.9827 0.0081
vn -0.0214 0.9997 0.0082
vn -0 0.9999 0.0102
vn -0 0.9999 0.0102
vn -0 0.9999 0.0102
vn -0.0347 0.999 -0.028
vn -0.0384 0.9992 0.0063
vn -0.0094 0.9989 -0.0449
vn -0.0342 0.9981 0.051
vn -0.0324 0.9989 0.0335
vn -0.0731 0.9973 -0.0051
vn -0.047 0.9935 0.1038
vn 0.014 0.9187 0.3947
vn -0.0748 0.9971 0.0104
vn -0.0982 0.9952 0.0042
vn -0.0078 0.9999 0.0067
vn -0.4785 0.8766 -0.0521
vn -0.1137 0.9785 -0.1722
vn -0.0231 0.9803 0.1959
vn -0.0299 0.9958 0.0869
vn -0.0119 0.8905 0.4548
vn -0.0086 0.9847 0.1739
vn 0.6173 0.7866 0.0129
vn 0.5566 0.8307 0.0123
vn 0.609 0.7932 -0.0042
vn -0.0048 0.9999 0.0097
vn 0.0087 0.9999 0.0101
vn -0.0027 1 0.0059
vn 0.0024 0.9818 0.1897
vn 0.0976 0.946 0.3091
vn 0.0063 0.9976 0.0691
vn 0.0099 0.9998 0.017
vn 0.0029 0.9999 0.0105
vn -0.9974 0.0676 0.0258
vn -0.9995 0.0205 0.0257
vn 0.0002 0.348 -0.9375
vn 0.0194 0.3281 -0.9444
vn -0 0.9999 0.0102
vn -0.0013 1 0.0089
vn -0.0112 0.9999 0.0035
vn -0.0776 0.9807 -0.1793
vn 0.0013 1 -0.0043
vn 0.3258 0.9454 0.0076
vn 0.3444 0.9388 0.0093
vn 0.0394 0.9992 0.0116
vn -0.0001 0.9999 0.0115
vn -0.0578 0.9982 0.0143
vn 0.0576 0.9982 0.0192
vn -0.0005 0.9999 0.0122
vn -0.024 0.9994 0.0243
vn -0.0352 0.9991 0.0224
vn -0.2277 0.9732 0.032
vn 0.02 0.9996 0.0182
vn 0.0275 0.9995 0.0142
vn -0.0002 0.9999 0.0124
vn -0.1394 0.99 0.0201
vn -0.2842 0.9577 0.0449
vn -0.0012 1 0.0097
vn 0.3366 0.9416 0.0101
vn -0.0012 0.9999 0.0123
vn -0 0.9999 0.0102
vn 0.2798 0.9597 0.0266
vn 0.0016 0.9999 0.0126
vn -0.001 0.9999 0.0125
vn -0.2387 0.9624 0.13
vn -0.1313 0.9912 0.0193
vn -0.0408 0.9989 0.0243
vn -0.389 0.9196 0.0548
vn -0.1291 0.9916 -0.0095
vn -0.9891 0.0658 0.132
vn -0.8574 0.48 0.1855
vn -0.1204 0.9493 -0.2903
vn 0.2075 0.9747 0.0832
vn 0.3475 0.9376 -0.0109
vn 0.122 0.9467 -0.2981
vn -0.3845 0.9231 -0.0099
vn -0.9838 0.1791 0.009
vn 0.0732 0.9973 0.0104
vn 0.1577 0.9802 0.1193
vn 0.0009 0.9999 0.0112
vn -0.0001 0.9999 0.0112
vn -0 0.9999 0.0102
vn -0 0.9999 0.0102
vn -0.1245 0.9795 -0.1585
vn -0.0005 0.9999 0.0119
vn -0.0068 0.9997 0.0227
vn -0.0003 0.9999 0.0171
vn -0.0001 0.9999 0.0127
vn -0.0008 0.9999 0.0114
vn -0 0.9999 0.0102
vn 0.0003 0.9999 0.0118
vn -0.5795 0.815 0.0022
vn 0.0025 0.9998 -0.0184
vn -0 0.9999 0.0102
vn 0.2497 0.9509 -0.183
vn 0.0077 0.9997 0.0248
vn 0.0066 0.8962 -0.4435
vn -0 0.9999 0.0102
vn 0.1 0.8717 -0.4798
vn -0.0002 0.9999 0.0109
vn -0.0047 0.9998 0.019
vn 0.0001 0.9999 0.0158
vn 0.0003 0.9999 0.0115
vn 0.238 0.9583 0.1582
vn -0.0073 0.997 0.0776
vn -0.0022 0.9968 0.0795
vn 0.0011 0.997 0.0779
vn 0.0041 0.9967 0.0813
vn 0.0006 0.9985 0.054
vn 0.0147 0.9987 0.0482
vn 0.004 0.9311 0.3647
vn -0.11 0.9855 0.1291
vn -0.0251 0.9575 0.2873
vn 0.1151 0.9933 0.0102
vn 0.0874 0.6588 0.7472
vn 0.5029 0.6809 0.5325
vn 0.2086 0.6081 0.7659
vn -0.0099 0.6704 -0.7419
vn -0.0067 0.5308 -0.8475
vn -0.0017 1 0.0082
vn -0.0011 1 -0.0072
vn -0.0008 1 0.0045
vn 0.0041 1 -0.0086
vn -0.7346 0.6784 0.0078
vn -0.7337 0.6761 0.0674
vn -0.8259 0.5615 0.0502
vn -0.0124 0.4423 -0.8968
vn -0.366 0.7322 -0.5744
vn 0.0123 0.9999 0.0101
vn -0 0.9999 0.0102
vn 0.0175 0.9997 0.018
vn 0.0917 0.8707 -0.4831
vn 0.0011 0.0553 0.9985
vn -0 0.0107 0.9999
vn 0.1351 0.9895 0.0522
vn 0.2427 0.956 -0.165
vn 0.0685 0.8559 -0.5126
vn 0.0397 0.5345 -0.8442
vn 0.326 0.9243 -0.1986
vn -0.0003 0.9998 0.0174
vn -0 0.9999 0.0158
vn 0.0019 0.9999 0.0119
vn 0.0222 0.9994 0.0275
vn -0.0003 0.9999 0.0116
vn -0.0059 0.9978 0.0666
vn -0.0266 0.9591 0.2817
vn -0.1124 0.9856 0.1266
vn -0.001 0.9973 0.0736
vn -0.001 0.9531 0.3027
vn -0.0029 0.9531 0.3025
vn -0 0.9984 0.0566
vn 0.001 0.9973 0.074
vn 0.0035 0.8808 0.4734
vn 0.0239 0.9646 0.2626
vn 0.1219 0.9832 0.1359
vn 0.0042 0.998 0.0634
vn -0.1961 0.9578 0.2102
vn -0.0092 0.998 0.0625
vn -0.0015 0.9962 0.0869
vn 0.0013 0.9987 0.0518
vn 0.001 0.9988 0.049
vn 0.0722 0.9102 0.4078
vn 0.1493 0.9768 0.1534
vn -0.1037 0.9846 -0.1406
vn -0.1771 0.9798 -0.0925
vn -0.3359 0.801 -0.4956
vn -0.0434 0.9988 -0.0212
vn -0.1293 0.9915 -0.0149
vn -0.0576 0.83 -0.5548
vn -0.0143 0.8183 -0.5746
vn -0.0844 0.7402 -0.6671
vn -0.1077 0.9937 -0.032
vn -0.2399 0.9508 -0.1962
vn -0.5816 0.8041 -0.1234
vn -0.0197 0.9994 -0.029
vn -0.0053 0.9987 -0.051
vn -0.0387 0.9474 -0.3178
vn -0.0333 0.9953 -0.0911
vn 0.0306 0.9386 -0.3437
vn -0.0429 0.9988 0.0252
vn -0.2645 0.9644 0.0032
vn -0.0296 0.9079 -0.4182
vn -0.0085 0.9999 0.0139
vn -0.4677 0.86 0.204
vn -0.0611 0.988 0.1421
vn -0.121 0.9495 0.2897
vn -0.0939 0.9783 0.1845
vn -0.557 0.829 0.0509
vn -0.5885 0.8069 0.0513
vn -0.4876 0.8469 0.212
vn -0.2223 0.975 -0.0005
vn -0.0898 0.9958 0.0178
vn 0.0008 0.047 0.9989
vn 0.0028 0.0495 0.9988
vn 0.0006 0.0101 0.9999
vn -0.3217 0.0122 0.9468
vn -0.3217 0.0597 0.945
vn -0.1343 0.0105 0.9909
vn 0.0322 0.9991 0.0269
vn -0.0164 0.8346 -0.5506
vn -0.0113 0.8822 -0.4707
vn -0.012 0.4533 -0.8913
vn 0.0027 0.9999 0.0102
vn 0.0027 0.9999 0.01
vn 0.0194 0.9978 0.0641
vn 0.0208 0.9996 0.0211
vn -0.0109 0.9935 0.1135
vn 0.012 0.6666 0.7453
vn -0.0025 0.6313 0.7756
vn -0 0.9202 0.3915
vn 0.0862 0.7284 0.6797
vn -0.06 0.9593 0.2761
vn 0.0357 0.9993 0.0087
vn 0.3804 0.9238 0.0435
vn 0.0094 0.9999 0.0105
vn -0.0029 0.9999 0.0131
vn 0.0098 0.9999 0.0137
vn 0.0335 0.9994 0.0103
vn -0 0.9999 0.0102
vn 0.0364 0.9992 0.0155
vn -0.1598 0.9462 0.2814
vn -0.0259 0.9982 0.0541
vn -0.011 0.8371 0.5469
vn -0.004 0.9938 0.1116
vn -0 0.0795 -0.9968
vn 0.0201 0.0789 -0.9967
vn -0.0292 0.4974 -0.867
vn -0.3719 0.8103 0.4528
vn -0.146 0.9802 0.1335
vn -0.2214 0.7565 0.6154
vn -0 0.0311 -0.9995
vn 0.0198 0.0304 -0.9993
vn -0.1192 0.6837 0.72
vn -0.0841 0.8033 0.5896
vn -0.1502 0.88 0.4506
vn -0.0158 0.997 0.0759
vn -0.016 0.9997 0.0207
vn -0.0246 0.9996 0.014
vn -0.0356 0.9986 0.0398
vn -0.1805 0.9811 0.0699
vn -0.1702 0.9853 0.0172
vn -0.1979 0.9683 0.1522
vn 0.9961 0.0709 -0.0527
vn 0.9976 0.0693 0.0007
vn 0.7768 0.6184 -0.1195
vn -0.2135 0.9769 0.0037
vn -0.0438 0.999 -0.0051
vn -0.2469 0.9687 -0.027
vn -0.2506 0.9679 0.0177
vn -0.0835 0.9479 -0.3074
vn -0.1293 0.9524 -0.2762
vn -0.3861 0.9203 -0.0631
vn -0.4036 0.9148 0.016
vn -0.0009 0.97 0.243
vn -0.0008 0.9705 0.2411
vn -0.0012 0.9715 0.2369
vn -0.0013 0.9704 0.2416
vn -0.0016 0.9779 0.2089
vn 0.0237 0.8597 0.5102
vn 0.1049 0.9452 0.3091
vn 0.1257 0.9842 0.1244
vn 0.0848 0.985 -0.1503
vn 0.3045 0.9415 -0.1445
vn -0.0857 0.9928 -0.0842
vn 0.0867 0.9962 0.0069
vn 0.0365 0.7431 -0.6682
vn -0.0442 0.9405 -0.3369
vn -0.0186 0.8152 -0.5789
vn 0.0315 0.9994 -0.0153
vn 0.0851 0.9954 0.0429
vn 0.1316 0.9665 -0.2202
vn 0.1186 0.9844 0.1302
vn 0.1011 0.9908 0.0896
vn 0.0914 0.1496 0.9845
vn -0 0.0107 0.9999
vn 0.003 0.999 0.0438
vn 0.2105 0.7805 0.5886
vn -0.0269 0.9682 0.2487
vn 0.0028 0.9895 0.1442
vn 0.0403 0.8482 0.5282
vn 0.0106 0.9994 0.0328
vn 0.1649 0.9758 0.1437
vn 0.2368 0.9703 0.0489
vn 0.0036 0.9999 0.0096
vn -0.0029 0.9977 -0.068
vn -0.0015 0.9965 -0.0836
vn 0.0011 0.9999 0.0103
vn -0.8645 0.0619 -0.4987
vn -0.9709 0.0677 -0.2298
vn -0.8644 0.0222 -0.5024
vn -0.0868 0.987 0.1351
vn -0.1083 0.9792 0.1713
vn -0.2427 0.9408 0.2366
vn 0.7048 0.6956 0.1396
vn 0.6625 0.6941 0.2818
vn 0.6884 0.7106 0.1453
vn -0.1014 0.6069 -0.7883
vn 0.8264 0.4565 -0.3297
vn 0.6095 0.4696 -0.6388
vn 0.8977 0.088 -0.4317
vn 0.4773 0.8787 -0.0139
vn 0.6755 0.7373 0.0129
vn 0.719 0.6933 -0.0484
vn 0.7073 0.7069 -0.0058
vn 0.5791 0.8153 0.0037
vn -0.0037 0.9998 0.0187
vn 0.3351 0.9422 0.0031
vn 0.4677 0.8816 0.0638
vn 0.1096 0.9938 0.0184
vn 0.4422 0.8946 0.0641
vn 0.0422 0.9696 0.2409
vn 0.0002 0.8058 0.5921
vn -0.5108 0.8597 0.0019
vn -0.0747 0.9972 -0.0081
vn -0 0.0107 0.9999
vn 0.377 0.9262 0.0086
vn -0.0052 0.9997 -0.0242
vn 0.086 0.9962 0.0092
vn 0.8595 0.5112 0.0014
vn 0.2235 0.9692 0.1037
vn 0.0379 0.9982 0.0474
vn -0.0332 0.9992 -0.0223
vn 0.0465 0.9987 -0.0219
vn 0.2464 0.9665 -0.0717
vn -0.099 0.9935 0.0554
vn 0.0899 0.9959 0.0099
vn 0.0007 0.9999 0.0124
vn 0.6343 0.6401 -0.4335
vn 0.8593 0.5109 -0.026
vn -0.001 0.9985 -0.0547
vn -0.0046 0.9989 -0.0462
vn -0.081 0.9861 0.1454
vn -0.039 0.999 -0.0227
vn -0.0054 0.9978 -0.0655
vn 0.0405 0.9944 0.0972
vn 0.0752 0.9971 0.0103
vn 0.0744 0.9972 0.0102
vn -0.0562 0.5593 -0.827
vn -0.0027 0.5558 -0.8313
vn 0.0571 0.9983 0.0146
vn -0.0731 0.9973 0.0073
vn -0.8085 0.583 -0.0799
vn -0.1779 0.9783 -0.1065
vn 0.0043 0.9988 -0.0484
vn -0.0023 0.9965 0.083
vn -0.0012 0.9972 0.0742
vn -0 0.9979 -0.0648
vn -0.0791 0.9937 0.0796
vn -0.0003 0.9964 0.0846
vn -0.1214 0.9905 -0.0645
vn 0.856 0.517 0.0012
vn 0.0396 0.9992 0.0113
vn 0.0791 0.9967 0.0175
vn 0.8035 0.0574 0.5925
vn 0.7313 0.4451 0.5168
vn 0.9868 0.1243 0.1042
vn -0.7148 0.6992 0.0129
vn -0.2271 0.9725 0.0522
vn 0.0028 0.9993 0.0378
vn -0.0784 0.7198 0.6897
vn 0.0001 0.9994 0.0354
vn -0.0074 0.9994 0.035
vn -0 0.9999 0.0102
vn -0.0152 0.9809 -0.1938
vn -0.6633 0.7434 0.0858
vn 0.0889 0.7287 0.679
vn 0.0407 0.9576 0.2853
vn -0 0.0583 0.9983
vn 0.0095 0.9726 0.2323
vn 0.0027 0.931 -0.365
vn -0.0046 0.9412 -0.3377
vn 0.0095 0.9979 -0.0638
vn -0.2112 0.8892 0.4058
vn -0.3867 0.8772 0.2846
vn -0.1042 0.8575 -0.5037
vn -0.224 0.8974 -0.3803
vn -0.0424 0.9991 0.01
vn -0.0211 0.9997 0.0106
vn 0.2523 0.7364 0.6277
vn 0.3707 0.7362 0.5662
vn 0.0067 0.9328 0.3602
vn -0 0.9999 0.0102
vn -0 0.9999 0.0102
vn -0.4392 0.8984 0.0015
vn 0.8952 0.4453 0.0183
vn 0.6291 0.7537 -0.19
vn -0.001 0.8963 0.4434
vn -0.0022 0.6518 0.7584
vn -0.6384 0.7095 0.2985
vn -0.6857 0.7086 0.1662
vn -0.3256 0.6552 0.6817
vn -0.3536 0.6985 0.6221
vn -0.3842 0.6727 0.6323
vn -0.0072 0.1859 -0.9825
vn -0.0012 0.0476 0.9989
vn -0.0784 0.4826 0.8723
vn 0.7501 0.6613 0.0057
vn 0.7508 0.6605 0.0057
vn 0.7173 0.6953 -0.045
vn 0.9836 0.1568 -0.0886
vn 0.9998 0.0207 0.0003
vn -0.0055 0.6308 0.7759
vn -0.0053 0.6304 0.7762
vn 0.0213 0.8003 0.5993
vn -0.0001 0.0098 1
vn -0 0.0096 1
vn 0.0001 0.8254 0.5646
vn -0.0001 0.9832 0.1823
vn 0.0434 0.8503 0.5245
vn 0.1226 0.9924 0.0106
vn -0.0855 0.851 0.5182
vn -0.0009 0.4618 0.887
vn -0.0305 0.8806 0.473
vn 0.1029 0.5434 0.8331
vn -0 0.4456 0.8952
vn -0.0732 0.0915 0.9931
vn -0.0064 0.5336 -0.8457
vn 0.3591 0.7851 -0.5046
vn 0.539 0.6688 -0.512
vn 0.0817 0.6594 -0.7473
vn -0.8337 0.5521 0.0057
vn 0.0033 0.0143 0.9999
vn -0.2497 0.9683 0.0098
vn -0.2683 0.9625 0.0412
vn 0.0164 0.9998 0.0089
vn -0.0063 0.352 0.936
vn -0.0728 0.5852 0.8076
vn -0.9998 0.0209 0.0002
vn -0.9998 0.0209 0.0002
vn -0.2182 0.6896 0.6905
vn 0.0003 1 -0.0061
vn 0.0003 1 0.0043
vn -0.0036 0.8081 -0.589
vn 0.1514 0.8935 -0.4228
vn -0.0262 0.6972 -0.7164
vn 0.674 0.7352 -0.0717
vn 0.7581 0.6435 -0.1061
vn 0.5062 0.6939 0.5122
vn 0.5964 0.6933 0.4047
vn 0.4866 0.741 0.4628
vn -0.0183 0.9998 0.0098
vn -0.1743 0.9846 0.0106
vn -0.0251 0.9997 0.0015
vn 0.0031 0.9601 0.2796
vn -0.1107 0.9885 -0.1027
vn -0.2927 0.9123 -0.2865
vn -0.0794 0.983 -0.1656
vn -0.6358 0.6371 0.4357
vn -0.5397 0.6429 0.5435
vn -0.6316 0.6311 0.4505
vn -0.1018 0.7638 0.6374
vn -0.3555 0.7482 0.5601
vn 0.6876 0.6939 -0.2137
vn -0.6347 0.7322 -0.2468
vn -0.2587 0.9613 -0.0946
vn -0 0.9999 0.0102
vn 0.0026 0.9901 0.1402
vn 0.0102 0.8655 0.5009
vn 0.0342 0.9933 0.1104
vn 0.1831 0.9831 0.0079
vn 0.7587 0.6423 0.1088
vn 0.3284 0.9296 0.167
vn -0.3356 0.7023 0.6278
vn 0.123 0.9518 0.2809
vn -0.5934 0.8048 0.0132
vn -0.8038 0.5948 0.0127
vn -0.6602 0.7506 0.0263
vn 0.034 0.9994 0.0103
vn -0 0.9999 0.0102
vn 0.0354 0.9993 0.0143
vn -0.2132 0.9747 -0.0666
vn -0.2089 0.9779 -0.0066
vn 0.0257 0.7406 -0.6714
vn -0.2269 0.76 -0.609
vn 0.9998 0.0209 0.0002
vn 0.9976 0.0691 0.0007
vn 0.9998 0.0209 0.0002
vn 0.2543 0.9671 0.0095
vn 0.0457 0.9989 0.0101
vn 0.3549 0.924 0.1425
vn -0.0021 0.6541 0.7564
vn 0.006 0.6537 0.7568
vn -0.0048 0.6262 0.7796
vn -0.0052 0.6272 0.7788
vn -0.0006 0.7866 0.6174
vn -0.9957 0.0722 -0.0579
vn -0.9979 0.0214 -0.061
vn -0.7312 0.6818 0.024
vn 0.1509 0.7066 -0.6913
vn 0.1468 0.6919 -0.7069
vn 0.2871 0.7079 -0.6453
vn -0.6853 0.7135 -0.1458
vn -0.6659 0.6996 -0.259
vn 0.7549 0.6558 -0.0001
vn 0.2526 0.9675 0.0068
vn 0.0245 0.9574 0.2877
vn 0.014 0.9998 0.0164
vn 0.2175 0.9562 0.1959
vn 0.4087 0.9067 -0.1038
vn 0.5064 0.8622 0.0126
vn 0.2187 0.9757 0.0115
vn -0 0.0312 -0.9995
vn -0 0.0311 -0.9995
vn -0.0666 0.1082 -0.9919
vn 0.0003 0.9987 0.051
vn -0 0.9998 0.0181
vn -0 0.9999 0.0102
vn -0 0.9999 0.0102
vn -0 0.0789 -0.9969
vn -0 0.9999 0.0102
vn -0.0265 0.9995 0.018
vn -0 0.9999 0.0102
vn -0.0082 0.9999 -0.0079
vn -0 0.9999 0.0102
vn -0 0.9999 0.0102
vn 0.7518 0.6594 0.008
vn 0.2523 0.9676 0.0105
vn -0.1284 0.9887 -0.0772
vn -0.1371 0.9894 -0.0469
vn -0.333 0.9146 -0.2294
vn 0.0969 0.5004 0.8604
vn 0.0399 0.9906 0.1309
vn 0.5123 0.6996 -0.4982
vn 0.506 0.7133 -0.4849
vn 0.4074 0.698 -0.5889
vn -0 0.9999 0.0102
vn -0 1 0.0003
vn -0 0.9999 0.0102
vn -0.0908 0.1668 -0.9818
vn -0.0221 0.4809 -0.8765
vn -0.0064 0.5273 -0.8496
vn 0.0231 0.4555 -0.89
vn 0.4645 0.6876 0.5581
vn 0.1824 0.9538 0.2387
vn 0.7321 0.6806 0.0286
vn 0.1201 0.992 -0.0393
vn 0.6229 0.7417 -0.2488
vn -0 0.9999 0.0102
vn -0 0.9999 0.0102
vn 0.7487 0.6627 0.0187
vn 0.9807 0.1951 -0.015
vn 0.9787 0.2052 0.0085
vn -0.3034 0.8771 0.3724
vn -0.4468 0.8471 0.2878
vn -0.0179 0.862 0.5066
vn -0.0087 0.971 0.2391
vn -0.1057 0.8789 0.4652
vn 0.7515 0.6597 0.0057
vn 0.7523 0.6588 0.0057
vn 0.6802 0.733 -0.0028
vn 0.2033 0.979 0.0122
vn -0.0887 0.7181 -0.6902
vn 0.0001 1 -0.0063
vn 0.0095 0.9999 0.0095
vn -0.2986 0.9039 0.3064
vn -0.3518 0.9033 0.2454
vn -0.1504 0.9878 0.0405
vn -0.1504 0.9886 0.0118
vn -0.3304 0.9438 0.0014
vn -0 0.9999 0.0102
vn -0.0022 0.8042 0.5943
vn -0.0038 0.8088 0.588
vn -0.0111 0.6313 0.7754
vn 0.3157 0.8322 0.4559
vn 0.1288 0.9911 0.0337
vn 0.8242 0.5106 -0.245
vn -0.4852 0.8742 0.0183
vn -0.4898 0.869 0.0709
vn -0.8015 0.583 0.1331
vn -0 0.9999 0.0102
vn -0 0.9999 0.0102
vn -0 0.9999 0.0102
vn -0.0069 0.9997 0.0253
vn -0.6599 0.6609 -0.3573
vn -0.3981 0.7093 -0.5817
vn -0.4225 0.9 0.1075
vn 0.1275 0.9917 -0.0187
vn -0.5962 0.7242 -0.3465
vn -0.0286 0.5748 0.8178
vn -0.0312 0.36 0.9324
vn 0.2037 0.9787 0.0254
vn 0.0096 0.9995 0.0302
vn 0.0239 0.9993 0.0275
vn -0.0408 0.9907 -0.1296
vn 0.0001 0.0793 -0.9968
vn 0.2449 0.7766 -0.5805
vn 0.4695 0.7862 -0.4019
vn -0.2567 0.9529 -0.1618
vn -0.1831 0.9162 -0.3564
vn -0.0122 0.9999 0.0102
vn -0 0.9999 0.0102
vn 0.0014 0.8006 0.5992
vn 0.0253 0.8167 0.5765
vn 0.9998 0.0204 0.0001
vn 0.9975 0.0701 0.0004
vn 0.9998 0.0207 0.0001
vn -0.0037 0.5732 -0.8194
vn -0.0013 0.9624 0.2717
vn -0.0726 0.9966 0.0388
vn -0.5225 0.8522 0.0269
vn 0.9971 0.0686 0.0316
vn 0.9992 0.0201 0.0345
vn -0 0.9999 0.0102
vn -0.0239 0.7275 0.6857
vn -0.0242 0.6546 0.7556
vn -0.7109 0.7032 0.0131
vn -0.8044 0.5932 0.032
vn 0.2234 0.9747 0.0103
vn 0.2331 0.9724 0.0098
vn 0.7596 0.6504 0.0037
vn -0.1218 0.4314 0.8939
vn -0.0827 0.8067 0.5852
vn 0.0225 0.6066 0.7947
vn 0.3572 0.7597 -0.5434
vn 0.0305 0.4725 -0.8808
vn 0.9586 0.2849 0.0002
vn 0.9587 0.2845 -0.0043
vn -0.0269 0.9996 0.0104
vn -0.2535 0.9673 0.0122
vn -0.028 0.9996 0.01
vn -0.0056 0.6332 0.774
vn 0.0259 0.6076 0.7938
vn 0.0241 0.8144 0.5799
vn -0.1281 0.6081 -0.7834
vn -0.0172 0.569 -0.8222
vn -0.1962 0.6913 -0.6954
vn -0.9976 0.0698 0.0007
vn -0.9976 0.0691 0.0006
vn -0.9998 0.0209 0.0002
vn -0.53 0.8461 -0.057
vn -0.5276 0.8489 -0.0321
vn 0.2025 0.9792 0.0114
vn 0.0328 0.9994 0.0132
vn -0.0625 0.997 0.0452
vn -0.9427 0.3309 0.0426
vn -0.5588 0.4946 0.6657
vn 0.9688 0.2477 0.0008
vn 0.7905 0.6125 0.0064
vn 0.9927 0.0987 -0.0696
vn 0.2477 0.667 -0.7027
vn -0.1247 0.9922 0.0049
vn 0.175 0.8759 0.4496
vn -0.0012 0.9929 -0.1191
vn 0.5045 0.8631 0.0225
vn 0.0001 0.9957 -0.0927
vn 0.0005 0.8527 -0.5224
vn 0.0005 0.8447 -0.5353
vn -0.0118 0.4731 -0.8809
vn 0.0127 0.9999 0.0101
vn 0.0195 0.9996 0.0185
vn -0 0.9999 0.0102
vn -0.0041 0.6244 -0.7811
vn -0.0025 0.5461 -0.8377
vn -0.2961 0.7463 -0.5961
vn -0.074 0.7616 -0.6438
vn 0.0158 0.9996 0.0238
vn -0.0045 0.5518 -0.834
vn -0.0048 0.5475 -0.8368
vn -0.001 0.4229 -0.9062
vn -0.1438 0.6157 -0.7747
vn -0.005 0.4259 -0.9048
vn -0.0049 0.425 -0.9052
vn -0.1962 0.6129 -0.7654
vn -0.2123 0.695 0.687
vn -0.3808 0.6899 0.6157
vn -0 0.0106 0.9999
vn -0.779 0.5796 0.2392
vn -0.1315 0.9912 -0.0148
vn 0.8344 0.5424 -0.0977
vn -0 0.0586 0.9983
vn -0 0.0107 0.9999
vn 0.0409 0.0688 0.9968
vn 0.0093 0.9999 0.0106
vn -0.0583 0.8871 -0.4579
vn 0.0001 0.4543 0.8909
vn -0 0.0566 0.9984
vn 0.0602 0.4654 0.883
vn -0.0158 0.9998 0.0087
vn -0.3353 0.6682 -0.6641
vn -0.2528 0.6853 -0.683
vn -0.3347 0.7222 -0.6053
vn 0.9981 0.0216 -0.0582
vn 0.9998 0.0209 0.0002
vn -0.0023 0.654 0.7565
vn -0.0041 0.8638 0.5038
vn -0.7287 0.6844 0.025
vn -0.7312 0.6818 0.0249
vn -0.7139 0.7002 -0.0089
vn -0.0037 0.8231 0.5679
vn -0.017 0.6332 0.7738
vn -0.0033 0.9027 0.4304
vn 0.0557 0.6785 0.7325
vn 0.3748 0.7425 -0.5551
vn -0.0181 0.9075 -0.4196
vn -0.0695 0.6036 -0.7943
vn 0.3019 0.7924 -0.53
vn -0.0379 0.7461 -0.6647
vn -0.0022 0.6527 0.7576
vn -0.0034 0.8991 0.4376
vn 0.2543 0.9671 0.0095
vn 0.0458 0.9989 0.0128
vn -0.9976 0.069 0.0007
vn -0.9998 0.0209 0.0002
vn -0.9968 0.0732 0.0306
vn -0 0.9998 0.0181
vn 0.0159 0.9993 0.0337
vn -0 0.9999 0.0102
vn -0 0.9999 0.0102
vn -0.6796 0.6547 0.331
vn -0.7732 0.6249 0.1075
vn -0.6908 0.6311 0.3528
vn 0.4254 0.893 -0.1469
vn -0.1096 0.9939 0.0134
vn 0.0006 0.9979 -0.0643
vn -0.0047 0.4628 -0.8865
vn 0.1255 0.9921 0.009
vn 0.0948 0.9955 -0.008
vn -0 0.0107 0.9999
vn -0 0.0107 0.9999
vn 0.0867 0.1202 0.989
vn 0.0001 0.4494 0.8933
vn -0.025 0.7704 -0.637
vn 0.0321 0.875 0.483
vn 0.1503 0.0254 -0.9883
vn 0.0016 0.9757 -0.2191
vn 0.0016 0.6925 -0.7214
vn -0.0146 0.9786 -0.2054
vn 0.0279 0.9995 0.0117
vn 0.6219 0.783 0.013
vn 0.605 0.7956 0.0327
vn 0.3098 0.9504 0.029
vn 0.132 0.9912 0.0102
vn 0.4891 0.8722 0.0105
vn 0.2113 0.9774 0.0114
vn 0.6193 0.785 0.013
vn 0.2749 0.9575 0.0868
vn -0.0006 1 -0.0019
vn -0 0.9999 0.0102
vn 0.9972 0.071 -0.0215
vn -0.0047 0.9136 -0.4067
vn 0.0164 0.5319 -0.8467
vn 0.0002 0.9885 0.1512
vn 0.0002 0.9888 0.1494
vn 0.0081 0.8517 0.524
vn 0.2516 0.9678 0.0069
vn -0.128 0.9917 0.0102
vn -0.7669 0.631 0.1169
vn 0.0456 0.9989 0.0101
vn 0.2532 0.9674 0.0076
vn 0.0862 0.9961 0.0175
vn -0.2287 0.9734 0.0102
vn -0.0386 0.9992 0.0093
vn -0.3717 0.9186 -0.1339
vn 0.0115 0.7163 0.6977
vn -0.0099 0.5846 -0.8113
vn 0.0195 0.5315 -0.8468
vn -0.1955 0.6117 -0.7665
vn 0.0746 0.9971 0.0116
vn 0.0454 0.9989 0.0103
vn 0.0085 0.7437 -0.6685
vn 0.1351 0.7384 -0.6607
vn 0.0209 0.6903 -0.7232
vn 0.1845 0.9828 0.0097
vn 0.8552 0.5182 -0.0014
vn -0.5037 0.8638 0.0108
vn -0.6033 0.7975 0.0106
vn -0.1747 0.953 -0.2476
vn -0.4728 0.738 -0.4814
vn -0.0158 0.9599 0.2799
vn -0.1472 0.9615 0.2322
vn -0.0261 0.9996 0.0104
vn -0.1737 0.9847 0.0112
vn 0.1253 0.9921 0.0098
vn 0.5198 0.842 0.1441
vn -0.0033 0.9032 0.4293
vn -0.0023 0.6533 0.7571
vn -0.0023 0.6532 0.7572
vn -0.4852 0.8743 0.0126
vn -0.8072 0.5902 0.0115
vn -0.3203 0.9351 -0.1517
vn -0.0078 0.9288 -0.3704
vn -0.0061 0.9982 -0.0598
vn -0.0012 0.8998 0.4363
vn -0.0028 0.9894 0.1449
vn -0 0.0311 -0.9995
vn 0.0372 0.0878 -0.9954
vn -0.426 0.8929 -0.146
vn -0.5529 0.8332 0.0013
vn 0.9998 0.0209 0.0002
vn 0.9977 0.0685 0.0007
vn 0.9998 0.0209 0.0002
vn -0.0103 0.1806 0.9835
vn -0.0002 0.0591 0.9982
vn -0.0382 0.4675 0.8832
vn -0.4101 0.912 0.0089
vn -0.3985 0.9171 0.0133
vn 0.9998 0.0209 0.0002
vn 0.9998 0.0209 0.0002
vn -0.0016 0.8609 0.5087
vn -0.2837 0.9506 0.1257
vn -0.5903 0.7003 0.4014
vn -0.3806 0.6586 0.6491
vn -0.6123 0.6854 0.3941
vn -0.0359 0.4818 -0.8756
vn -0 0.9999 0.0102
vn -0.0925 0.9957 0.0098
vn 0.5203 0.8539 0.0127
vn -0.083 0.9963 0.0232
vn -0 0.9999 0.0102
vn -0 0.9999 0.0102
vn -0 0.9999 0.0102
vn 0.026 0.9993 0.0277
vn -0.3238 0.9055 -0.2743
vn -0.2813 0.9377 -0.2038
vn 0.9976 0.0693 0.0007
vn 0.9998 0.0209 0.0002
vn 0.9922 0.1033 -0.0698
vn 0.0252 0.9929 -0.1164
vn -0.1423 0.9521 -0.2708
vn -0.7104 0.7029 0.0347
vn -0.5399 0.745 -0.3918
vn 0.0967 0.1457 0.9846
vn 0.0466 0.4636 0.8848
vn -0 0.9999 0.0102
vn -0 0.9999 0.0102
vn -0 0.9999 0.0102
vn 0.2655 0.9602 0.0864
vn -0.0022 0.3756 -0.9268
vn -0.0022 0.5806 -0.8142
vn -0.0295 0.3437 -0.9386
vn 0.6662 0.7198 -0.195
vn -0.5652 0.8223 -0.0661
vn -0.2925 0.953 0.0788
vn -0.8757 0.4827 0.0053
vn -0.876 0.4823 0.005
vn -0.9956 0.082 0.046
vn -0 0.0792 -0.9969
vn -0.0279 0.4786 -0.8776
vn -0.8399 0.5427 -0.004
vn -0.699 0.7105 0.0809
vn 0.0002 0.9934 -0.1151
vn -0 0.9999 0.0102
vn 0.3246 0.9458 0.0091
vn 0.3639 0.9274 0.0864
vn -0.1561 0.8726 0.4628
vn 0.767 0.6413 -0.0225
vn -0.0039 0.7556 0.655
vn -0.0044 0.7502 0.6612
vn 0.3295 0.022 -0.9439
vn 0.6834 0.0205 -0.7298
vn 0.2513 0.133 -0.9587
vn -0.523 0.6726 -0.5236
vn -0.6057 0.6869 -0.4016
vn -0 0.9999 0.0102
vn 0.7497 0.6618 0.0057
vn 0.3736 0.9162 0.1451
vn -0.0928 0.029 -0.9953
vn -0.9976 0.0692 0.0008
vn -0.9998 0.0209 0.0002
vn -0.0123 0.9999 0.0094
vn -0 0.9999 0.0102
vn -0.0015 0.8657 0.5005
vn -0.0015 0.865 0.5018
vn -0.0012 0.9722 0.2343
vn 0.0011 0.2576 0.9662
vn 0.0339 0.2202 0.9749
vn -0.2179 0.9623 -0.1626
vn 0.0005 0.8576 -0.5144
vn -0.0139 0.475 -0.8799
vn -0.0269 0.9987 0.0432
vn 0.025 0.9995 0.0168
vn -0.0741 0.9972 -0.0007
vn 0.9977 0.0684 0.0001
vn 0.8307 0.5567 0.0105
vn 0.9918 0.1052 -0.0721
vn -0.4408 0.8606 -0.2549
vn -0.4821 0.8418 -0.2427
vn -0 0.9999 0.0102
vn -0.9998 0.0209 0.0002
vn 0.6894 0.7106 -0.1405
vn 0.7039 0.6957 -0.1432
vn 0.7039 0.7103 -0.0051
vn -0.0511 0.2274 0.9725
vn 0.0207 0.1896 0.9816
vn -0.4777 0.8785 0.0101
vn 0.0169 0.9714 0.2369
vn -0.5026 0.7261 0.4693
vn -0.9745 0.1834 -0.1296
vn -0.9772 0.1918 -0.0908
vn -0.7164 0.2397 -0.6552
vn 0.1232 0.9923 0.01
vn 0.3321 0.9116 0.2421
vn 0.0054 0.1546 -0.988
vn -0.1352 0.4693 -0.8727
vn -0 0.8903 -0.4555
vn -0.0169 0.4904 -0.8714
vn -0.415 0.9098 0.0087
vn -0.8691 0.4947 0.0048
vn -0.004 0.7897 0.6135
vn 0.0263 0.9947 -0.0991
vn 0.9976 0.0694 0.0007
vn 0.9686 0.2487 0.0025
vn -0.0053 0.6281 0.7781
vn -0.0053 0.6288 0.7775
vn -0.0011 0.7613 0.6484
vn 0.6203 0.7842 0.0128
vn 0.0424 0.2295 0.9724
vn 0.7498 0.6617 0.0057
vn 0.7163 0.6964 -0.045
vn 0.1269 0.5452 0.8286
vn 0.018 0.8745 0.4848
vn 0.0061 1 0.0064
vn 0.016 0.9998 0.0071
vn -0 0.0311 -0.9995
vn 0.1025 0.5508 -0.8283
vn 0.9793 0.0204 -0.2016
vn 0.5892 0.8079 0.0128
vn 0.41 0.9019 0.1362
vn -0.7499 0.6614 0.0132
vn -0.7551 0.6551 0.0236
vn 0.0065 0.6538 0.7566
vn 0.6994 0.6569 -0.2816
vn -0.1956 0.0816 0.9773
vn -0.5916 0.0227 -0.8059
vn -0.0019 0.6539 0.7566
vn -0.0532 0.6909 0.721
vn 0.0037 0.6534 0.757
vn -0.2792 0.9597 0.0311
vn -0.0283 0.2067 -0.978
vn 0.264 0.7195 -0.6423
vn -0.1223 0.761 -0.6371
vn -0.1254 0.6938 -0.7092
vn -0.1847 0.9827 0.0087
vn -0.1779 0.9837 0.0259
vn -0 0.0311 -0.9995
vn 0.0523 0.0966 -0.9939
vn -0.1013 0.5967 -0.796
vn -0.4687 0.8315 -0.2983
vn 0.0151 0.9968 -0.078
vn 0.0221 0.9172 -0.3979
vn 0.8451 0.5315 0.0579
vn 0.1645 0.978 0.1281
vn 0.0143 0.5614 -0.8274
vn -0.22 0.4789 -0.8498
vn 0.0273 0.9931 0.1144
vn 0.0118 0.6863 0.7272
vn 0.0361 0.705 0.7083
vn 0.1405 0.6905 0.7096
vn -0 0.0311 -0.9995
vn -0 0.0798 -0.9968
vn -0 0.0311 -0.9995
vn -0 0.4555 0.8902
vn -0 0.0599 0.9982
vn 0.0959 0.5033 0.8588
vn -0.0477 0.6891 -0.7231
vn 0.1269 0.9919 0.0098
vn 0.3311 0.9123 0.241
vn 0.2556 0.9667 0.0095
vn 0.3852 0.9114 0.1448
vn -0.719 0.6927 0.056
vn 0.0856 0.9963 0.0119
vn 0.111 0.9937 -0.0175
vn 0.779 0.6269 0.0078
vn 0.0011 0.9985 -0.055
vn -0.9998 0.0208 0.0002
vn 0.0459 0.9989 0.0101
vn 0.0074 0.9999 0.0102
vn -0 0.0311 -0.9995
vn -0.0721 0.9973 0.0102
vn -0.4485 0.8937 0.0088
vn -0.0882 0.9958 0.0249
vn -0 0.0311 -0.9995
vn -0.1081 0.9941 0.0102
vn -0.4561 0.8898 0.0136
vn 0.0005 0.8349 -0.5504
vn -0.0053 0.8276 -0.5613
vn -0.0001 0.4558 0.8901
vn 0.0106 0.8501 0.5264
vn -0 0.9999 0.0102
vn 0.0087 0.9999 0.0103
vn -0.0052 0.9999 0.0104
vn 0.0009 0.9542 0.2992
vn 0.0022 0.9579 0.2872
vn 0.0052 1 -0.0014
vn -0.003 0.8691 0.4946
vn 0.0111 0.9731 0.2303
vn 0.1801 0.9763 0.1198
vn -0.0002 0.9527 0.3039
vn 0.0006 0.8503 0.5263
vn 0.0263 0.8554 0.5173
vn -0.0022 0.653 0.7574
vn 0.0277 0.8875 0.4601
vn -0.0159 0.415 -0.9097
vn 0.0072 0.9999 0.0102
vn 0.0456 0.9989 0.0099
vn 0.0075 0.9999 0.0109
vn 0.0365 0.9988 0.0338
vn 0.0683 0.9975 0.0156
vn 0.2976 0.9537 0.0445
vn -0.0178 0.9939 0.1086
vn 0.0266 0.9149 -0.4027
vn -0.2249 0.9404 0.255
vn 0.2978 0.9483 0.1094
vn 0.0487 0.9926 -0.1111
vn 0.2471 0.9689 -0.0164
vn 0.3108 0.9503 -0.0163
vn -0.3294 0.8056 0.4925
vn -0.3928 0.8229 0.4106
vn 0.0008 0.9916 0.1296
vn 0.6773 0.7357 0.0045
vn 0.2917 0.9448 -0.1493
vn -0.4232 0.906 0.0044
vn -0 0.9999 0.0102
vn -0.5302 0.6187 0.5797
vn -0.4312 0.7822 0.4496
vn -0.0075 0.6927 0.7212
vn -0 0.9999 0.0102
vn -0 0.9998 0.0183
vn -0.0129 0.9999 0.0061
vn -0 0.9999 0.0102
vn -0 0.9998 0.0184
vn 0.0159 0.9993 0.0346
vn -0.8395 0.5434 -0.004
vn -0.0026 0.7847 0.6199
vn -0.04 0.7859 0.617
vn -0 0.0107 0.9999
vn -0 0.0601 0.9982
vn -0 0.0107 0.9999
vn -0.0911 0.1497 0.9845
vn 0.1037 0.5255 0.8445
vn -0.0006 0.0594 0.9982
vn 0.0766 0.1082 0.9912
vn 0.9508 0.3083 -0.0313
vn -0 0.0106 0.9999
vn -0.0001 0.0104 0.9999
vn 0.9977 0.0671 0.0002
vn 0.9998 0.0204 0.0002
vn 0.9973 0.0694 -0.0226
vn 0.9998 0.0209 0.0002
vn -0.9998 0.0209 0.0002
vn -0.9998 0.0209 0.0002
vn -0.9695 0.2429 0.0316
vn 0.7523 0.6588 0.0078
vn -0.9977 0.0683 0.0006
vn -0.9817 0.1682 -0.0897
vn -0.9998 0.0208 0.0002
vn -0.0036 0.4155 0.9096
vn 0.1135 0.754 -0.647
vn 0.1761 0.8263 -0.5351
vn -0.2967 0.9538 -0.0466
vn -0.4465 0.8809 0.1569
vn -0.1459 0.9887 -0.0354
vn 0.1373 0.9596 -0.2455
vn -0.2406 0.9507 -0.1958
vn -0.2688 0.9567 -0.112
vn -0.0397 0.9939 -0.1025
vn -0.0582 0.993 -0.1027
vn 0.0036 0.9999 -0.013
vn -0.0227 0.9997 -0.008
vn -0.3056 0.9479 -0.0899
vn -0.0003 1 0.008
vn -0.3436 0.9244 0.1657
vn -0.019 0.9998 0.0026
vn -0.0027 1 0.0086
vn 0.9831 0.1601 -0.0888
vn 0.8534 0.5186 -0.0516
vn -0 0.9999 0.0102
vn -0 0.9999 0.0102
vn 0.0134 0.9999 -0.0005
vn 0.0144 0.9992 0.0374
vn -0.0076 0.9996 0.0267
vn -0 0.9999 0.0102
vn -0.007 0.9999 0.0082
vn -0 0.9999 0.0102
vn -0.0052 0.9999 0.0087
vn 0.0013 0.9321 0.3621
vn -0 0.9999 0.0102
vn -0.8242 0.5663 0.0047
vn -0.1585 0.9842 -0.079
vn 0.1294 0.5196 0.8445
vn -0.0005 0.4005 0.9163
vn -0.0201 0.4154 -0.9094
vn -0 0.9999 0.0102
vn -0.004 0.7443 0.6678
vn -0.0044 0.7386 0.6741
vn -0.001 0.9691 0.2468
vn 0.0003 0.9999 0.011
vn 0.0015 0.935 0.3546
vn -0.3894 0.921 0.0091
vn -0.3867 0.9222 0.0092
vn -0.0659 0.9977 0.018
vn 0.8842 0.4672 0.0024
vn 0.885 0.4655 0.0043
vn 0.9673 0.2521 -0.0284
vn 0.0027 1 -0.0068
vn 0.0066 1 0.0024
vn 0.1473 0.9706 -0.1904
vn -0.0052 1 -0.0065
vn 0.0003 1 0.0095
vn 0.0008 1 0.0044
vn -0.0008 0.9893 -0.1457
vn 0.0007 0.9893 -0.1456
vn -0.0119 0.5707 -0.8211
vn 0.0004 1 0.0049
vn 0.9998 0.0207 0.0001
vn 0.9998 0.0208 0.0002
vn 0.0134 0.9999 -0.0042
vn -0.0238 0.9997 0.0102
vn -0.0477 0.7988 0.5997
vn 0.1241 0.8864 0.446
vn 0.1066 0.5551 -0.8249
vn 0.0067 0.9999 0.0087
vn 0.0079 0.9999 0.01
vn -0 0.9999 0.0102
vn -0 0.9999 0.0102
vn 0.0237 0.9992 -0.0333
vn -0.0027 0.7793 0.6267
vn -0.3312 0.7822 -0.5277
vn 0.0244 0.9901 0.1383
vn -0.0013 1 0.0092
vn 0.001 1 0.0088
vn -0.0074 0.5538 -0.8326
vn -0.1671 0.9859 -0.0107
vn -0.375 0.76 -0.5308
vn -0.0679 0.745 -0.6636
vn -0.0179 0.9789 -0.2035
vn 0.2724 0.9581 0.0887
vn -0.1673 0.8731 0.4578
vn -0.0596 0.9832 0.1727
vn 0.0805 0.9727 0.2177
vn 0.0048 0.1621 -0.9868
vn 0.0057 0.9935 0.1137
vn 0.0011 0.9969 0.0789
vn -0.0814 0.9887 -0.1261
vn 0.9505 0.3108 0.0069
vn 0.0306 0.562 0.8266
vn 0.0863 0.9865 -0.1395
vn -0.097 0.9812 0.1666
vn 0.2225 0.2143 0.9511
vn -0.98 0.1984 0.0151
vn -0.963 0.2051 0.1751
vn 0.2058 0.9785 0.0114
vn 0.2587 0.9624 0.0827
vn -0.0092 0.1696 -0.9855
vn -0.0073 0.1646 -0.9863
vn 0.0012 0.3394 -0.9407
vn -0.9003 0.4352 0.005
vn -0.9004 0.4351 0.0057
vn -0.0886 0.996 0.0062
vn -0.0046 0.423 0.9061
vn -0.0307 0.3738 0.927
vn 0.9454 0.3234 0.0418
vn 0.6947 0.5095 0.5077
vn -0.034 0.9735 -0.2261
vn -0.0052 0.9999 0.0108
vn -0 0.9999 0.0102
vn 0.0159 0.9998 0.01
vn -0.0189 0.9998 0.0104
vn 0.0005 0.8657 -0.5005
vn 0.0005 0.8619 -0.507
vn 0.0694 0.5978 -0.7986
vn 0.0783 0.5859 0.8066
vn 0.6166 0.2591 -0.7434
vn 0.6033 0.2403 -0.7604
vn -0.7378 0.6747 0.0225
vn -0.4797 0.8774 0.0011
vn -0.663 0.7311 -0.161
vn 0.9564 0.2897 -0.0363
vn -0.2801 0.7126 -0.6432
vn -0.3966 0.7122 -0.5792
vn -0.2588 0.6833 -0.6827
vn -0.1995 0.2164 0.9557
vn -0.0077 0.2057 0.9786
vn 0.0144 0.9999 0.008
vn -0.0267 0.9851 0.1699
vn -0.0001 0.998 0.0637
vn -0 0.9999 0.0102
vn 0.0327 0.9994 0.0103
vn -0 0.9999 0.0102
vn -0.0653 0.8562 -0.5125
vn -0 0.9994 0.0351
vn -0 0.9999 0.0102
vn 0.0345 0.9994 0.0104
vn 0.035 0.9993 0.0103
vn 0.0185 0.9997 0.0126
vn 0.2277 0.9736 -0.0179
vn 0.0064 0.7452 0.6668
vn 0.8332 0.5529 0.0008
vn -0.2228 0.9747 -0.0193
vn 0.0081 0.9999 -0.0064
vn 0.8464 0.5325 0.0025
vn -0 0.9999 0.0102
vn -0 0.9999 0.0102
vn 0.7247 0.6725 -0.1501
vn 0.2783 0.9025 -0.3286
vn -0.0353 0.1925 0.9807
vn -0.0436 0.9915 -0.1229
vn -0 0.0311 -0.9995
vn -0 0.0312 -0.9995
vn -0.7045 0.7097 0.006
vn -0.7072 0.6961 -0.1237
vn 0.9633 0.2685 0.0043
vn 0.9453 0.3258 -0.0152
vn 0.2202 0.9754 0.0096
vn 0.7696 0.6363 0.0532
vn -0.011 0.4601 0.8878
vn 0.142 0.8238 0.5488
vn 0.3774 0.9218 0.0889
vn -0 0.9999 0.0102
vn -0 0.9999 0.0102
vn 0.2538 0.9672 -0.0077
vn 0.0126 0.9999 0.004
vn 0.0009 0.8676 0.4973
vn 0.0113 0.449 0.8934
vn 0.1226 0.9924 0.01
vn 0.0085 0.9999 0.0102
vn 0.3032 0.9221 0.2405
vn 0.0461 0.9989 0.0101
vn 0.0605 0.9977 0.0301
vn -0 0.0107 0.9999
vn -0 0.0107 0.9999
vn 0.0555 0.0786 0.9954
vn -0.4394 0.8982 0.0109
vn 0.0325 0.9994 0.0103
vn -0.0055 1 -0.0075
vn 0.7719 0.6357 0.0064
vn 0.8005 0.5993 0.0018
vn 0.1949 0.9807 0.0128
vn -0.1188 0.9929 0.0099
vn -0.1151 0.9933 0.0099
vn 0.2896 0.957 0.0193
vn -0 0.9999 0.0102
vn 0.2845 0.9582 -0.0303
vn 0.0423 0.5048 0.8622
vn -0.7168 0.6239 0.3115
vn -0.325 0.9189 -0.2236
vn -0.5112 0.845 0.1571
vn -0.4161 0.9008 -0.1242
vn -0.5038 0.8501 0.1533
vn 0.2191 0.9757 0.0045
vn 0.2062 0.9785 -0.0047
vn 0.7821 0.6222 -0.0331
vn -0.89 0.4469 -0.0905
vn -0.0821 0.7301 0.6784
vn -0.0326 0.8852 0.464
vn 0.4318 0.8873 -0.1619
vn 0.7943 0.6068 -0.0298
vn -0.0023 0.6534 0.757
vn -0.0044 0.5744 -0.8186
vn 0.0163 0.9856 0.1684
vn -0.2569 0.064 -0.9643
vn -0.287 0.4554 -0.8428
vn 0.0001 0.9999 0.0102
vn 0.0002 0.9999 0.0102
vn -0.0041 0.7735 0.6338
vn -0.0018 0.9905 -0.1375
vn 0.0215 0.999 0.039
vn -0 0.9999 0.0102
vn -0 0.9999 0.0102
vn 0.0302 0.9995 0.0125
vn -0.0349 0.9994 0.007
vn -0.1073 0.5411 0.8341
vn 0.1028 0.5213 0.8472
vn -0.0913 0.7026 0.7057
vn -0.9668 0.2554 0.0036
vn -0 0.0592 0.9982
vn 0.023 0.2362 0.9714
vn 0.1344 0.9909 0.0099
vn -0.932 0.0679 0.356
vn -0.6756 0.0691 0.734
vn -0.9345 0.0189 0.3556
vn 0.2211 0.9752 0.0115
vn 0.0344 0.9994 0.0104
vn 0.027 0.9993 0.0274
vn 0.7502 0.6611 0.0057
vn 0.7141 0.6977 0.0573
vn 0.7186 0.6939 -0.0458
vn -0.8768 0.4807 0.0061
vn -0.8157 0.5693 -0.1028
vn -0.9752 0.2069 0.0784
vn -0.5027 0.8619 -0.0666
vn -0.9468 0.322 0.0031
vn 0.5093 0.8587 0.057
vn 0.7138 0.6979 0.0582
vn -0 0.0107 0.9999
vn -0 0.0107 0.9999
vn -0 0.0107 0.9999
vn -0 0.9999 0.0102
vn -0.0282 0.9996 0.0088
vn 0.0003 0.9999 0.0104
vn -0 0.9999 0.0102
vn -0 0.9999 0.0102
vn 0.1683 0.8762 -0.4516
vn 0.6156 0.7799 -0.1129
vn 0.1826 0.9825 0.0359
vn 0.025 0.4102 0.9117
vn 0.0755 0.344 0.9359
vn -0.1221 0.9924 0.0165
vn -0.2269 0.9737 -0.0193
vn -0.2301 0.9724 0.0373
vn 0.1016 0.9452 -0.3102
vn -0.0853 0.9941 -0.067
vn -0.001 0.9646 0.2636
vn 0.7622 0.6474 -0.0034
vn 0.8562 0.5166 -0.0049
vn -0.2763 0.9544 0.113
vn -0.2772 0.7062 0.6515
vn -0.2747 0.7396 -0.6144
vn -0.1795 0.7269 -0.6628
vn -0.712 0.6919 0.1193
vn -0.6074 0.6924 0.3894
vn 0.0077 0.557 0.8305
vn 0.0794 0.9223 0.3781
vn -0.1116 0.9937 0.0105
vn 0.0135 0.9999 0.0102
vn 0.0114 0.9999 0.0018
vn 0.2879 0.9576 -0.0056
vn -0 0.9999 0.0102
vn 0.0019 0.9971 -0.0755
vn -0 0.9999 0.0102
vn 0.0489 0.6907 0.7215
vn 0.0174 0.9965 -0.0812
vn 0.9998 0.0204 0.0003
vn 0.9798 0.1811 -0.0853
vn 0.0079 0.9711 0.2387
vn 0.0003 0.9911 0.1328
vn -0.437 0.8994 0.0085
vn -0.0989 0.9951 0.0099
vn -0.4115 0.9114 0.0108
vn -0.9759 0.2152 0.0351
vn -0.9857 0.1682 0.0104
vn -0 0.2595 -0.9657
vn -0 0.0107 0.9999
vn -0.023 0.0626 0.9978
vn -0.0127 0.9999 0.0101
vn -0.0221 0.9996 0.0179
vn -0.002 0.7078 -0.7064
vn -0 0.9999 0.0102
vn -0 0.9999 0.0102
vn -0.0008 1 0.0099
vn 0.0187 0.9997 0.0144
vn -0 0.9999 0.0102
vn -0 0.9999 0.0102
vn -0.0046 0.5912 -0.8065
vn 0.0207 0.9997 0.0099
vn 0.3294 0.9266 0.1815
vn -0.0995 0.6291 -0.771
vn 0.0002 1 0.0004
vn 0.0074 1 -0.0057
vn 0.1169 0.993 -0.0166
vn -0.8322 0.5545 0.0023
vn 0.2713 0.9625 0.0052
vn 0.2362 0.9713 -0.0263
vn 0.1073 0.5405 0.8345
vn -0.055 0.9761 -0.2101
vn -0 0.0107 0.9999
vn -0.0922 0.1445 0.9852
vn -0.0346 0.9994 -0.0017
vn -0.0367 0.9945 -0.098
vn -0.2175 0.9527 -0.2124
vn -0 0.9999 0.0102
vn 0.5697 0.821 0.0378
vn 0.049 0.9748 -0.2174
vn -0 0.9999 0.0102
vn 0.0072 0.9999 0.0105
vn 0.0002 0.8927 -0.4507
vn 0.6235 0.767 -0.1517
vn 0.0072 0.9999 0.0102
vn 0.0088 0.9999 0.0106
vn -0.0276 0.4515 0.8918
vn 0.0666 0.9973 0.0309
vn 0.9787 0.2 0.047
vn 0.7941 0.5611 -0.2336
vn -0.398 0.7112 -0.5795
vn -0 0.9999 0.0102
vn -0.0019 0.3472 0.9378
vn -0.0005 0.9916 0.1296
vn 0.0199 0.9938 0.1093
vn 0.0012 1 0.0095
vn 0.3834 0.9115 -0.1492
vn 0.0456 0.9989 0.0101
vn 0.0071 0.9999 0.0102
vn 0.0581 0.9979 0.0292
vn 0.0001 0.9948 -0.1018
vn 0.0007 0.5857 -0.8105
vn 0.0006 0.3797 -0.9251
vn -0.0219 0.8618 -0.5067
vn -0.8647 0.5023 0.0051
vn -0.0261 0.9983 -0.0518
vn 0.0001 1 0.0038
vn 0.6576 0.7483 -0.0869
vn 0.214 0.974 -0.0744
vn -0.1428 0.9156 0.3758
vn -0.4292 0.6799 0.5946
vn 0.0592 0.1013 -0.9931
vn -0 0.9999 0.0102
vn -0 0.9999 0.0102
vn -0.0666 0.9867 0.1484
vn -0.0039 0.9997 0.0257
vn -0.0423 0.9913 0.1249
vn -0.2305 0.9538 -0.1927
vn -0.405 0.9095 0.0937
vn -0.7087 0.705 -0.0262
vn 0.2646 0.692 -0.6716
vn -0.2374 0.7858 -0.5711
vn -0.3235 0.8127 -0.4846
vn -0.3942 0.8309 -0.3927
vn 0.0016 0.9968 -0.0794
vn -0.1491 0.7107 -0.6875
vn -0.5079 0.6986 -0.504
vn 0.0121 0.6333 -0.7738
vn -0.0787 0.9969 -0.0015
vn -0 0.9999 0.0102
vn -0.2594 0.9022 0.3445
vn -0.1599 0.9864 -0.0373
vn -0.0219 0.9996 0.0166
vn -0.5084 0.86 -0.0426
vn 0.0121 0.9999 -0.011
vn -0 0.9999 0.0102
vn 0.0002 1 0.0074
vn 0.1858 0.9822 0.0256
vn -0.0003 1 0.0057
vn -0.1525 0.9883 -0.0057
vn 0.1559 0.9616 -0.2259
vn -0.0011 1 0.0045
vn -0.0147 0.9998 0.014
vn -0.0182 0.9998 0.0107
vn -0.0006 1 0.0048
vn 0.0002 0.9912 -0.1323
vn -0.032 0.8848 -0.4648
vn -0.1315 0.9896 0.0583
vn 0.1747 0.9846 0.0077
vn 0.0184 0.9998 0.0093
vn 0.2848 0.9439 0.1672
vn -0.0011 0.5881 -0.8088
vn -0 0.4479 0.8941
vn 0.0001 0.2416 0.9704
vn 0.0866 0.4866 0.8693
vn -0.0014 0.9694 0.2454
vn -0.0063 0.9688 0.2476
vn -0.0002 0.7325 0.6807
vn 0.2167 0.9762 0.0111
vn 0.5296 0.8482 0.0127
vn -0.0964 0.9953 0.0099
vn -0.0354 0.9733 -0.2266
vn -0.0885 0.7756 -0.625
vn 0.0012 0.9999 0.0107
vn 0.0296 0.8902 0.4546
vn 0.7505 0.6608 0.0057
vn 0.7242 0.6881 -0.0439
vn 0.2299 0.7907 -0.5674
vn -0 0.9999 0.0102
vn 0.9998 0.0209 0.0002
vn 0.014 0.9999 0.0101
vn 0.2926 0.9562 0.0012
vn -0.4211 0.9069 0.0108
vn 0.0381 0.9992 0.0113
vn 0.0768 0.7614 0.6437
vn 0.4119 0.8965 -0.1631
vn 0.4264 0.9024 -0.0624
vn 0.0946 0.9949 -0.0354
vn 0.2715 0.7091 0.6507
vn 0.1623 0.7079 0.6874
vn -0 0.9999 0.0102
vn -0 0.9999 0.0102
vn 0.027 0.9996 0.0051
vn -0.1884 0.9705 -0.1507
vn -0.0131 0.9999 0.0092
vn -0.0083 0.9999 0.01
vn -0.0599 0.9982 -0.0003
vn -0 0.9999 0.0102
vn 0.968 0.2271 -0.1065
vn 0.5067 0.8096 -0.2964
vn -0 0.9999 0.0102
vn -0 0.0107 0.9999
vn 0.7677 0.6408 0.0067
vn -0.1131 0.9906 -0.0768
vn -0.0001 0.9999 0.0101
vn -0.0007 0.9713 0.2378
vn 0.0111 0.9738 0.2273
vn -0.0017 0.871 0.4913
vn -0.4639 0.8858 0.0086
vn -0.4452 0.8952 -0.0194
vn 0.9782 0.1905 0.083
vn 0.9688 0.1837 0.1663
vn 0.0065 0.9601 0.2794
vn -0.0654 0.7392 0.6703
vn 0.0027 0.9662 -0.2578
vn -0.0195 0.4644 -0.8854
vn 0.0456 0.8288 0.5577
vn 0.0677 0.9862 0.1508
vn -0.0372 0.8453 0.533
vn -0.5155 0.1464 -0.8443
vn 0.6961 0.7179 0.0087
vn 0.7791 0.624 -0.0612
vn -0.6896 0.319 -0.6502
vn -0 0.9999 0.0102
vn -0.4055 0.9061 -0.1208
vn 0.7139 0.6978 0.0583
vn -0.0074 0.9999 0.0096
vn -0.0019 0.9842 -0.177
vn -0.0133 0.985 -0.1718
vn 0.2278 0.9736 0.0114
vn 0.2232 0.9747 0.0115
vn 0.592 0.8058 0.0141
vn -0.0036 1 0.0048
vn -0.8055 0.5926 -0.0105
vn 0.0072 0.9999 0.0102
vn 0.0461 0.9989 0.0101
vn 0.0091 0.9999 0.0105
vn 0.0806 0.9809 -0.1771
vn -0.1257 0.6173 -0.7767
vn -0.3876 0.9058 0.1709
vn -0.1922 0.9801 0.0493
vn 0.8891 0.4578 0.0042
vn 0.7488 0.6625 0.0179
vn -0 0.9999 0.0102
vn 0.884 0.4672 -0.0131
vn -0.1251 0.9912 0.0426
vn 0.0039 0.8736 -0.4866
vn 0.0014 0.5043 -0.8635
vn 0.0037 0.9943 -0.1067
vn 0.0049 0.8856 -0.4644
vn 0.679 0.7341 0.0011
vn -0.4 0.9133 -0.0766
vn -0.3884 0.9214 -0.0107
vn -0.8594 0.487 -0.1561
vn 0.1223 0.9923 0.0191
vn -0 0.0107 0.9999
vn 0.071 0.9278 -0.3663
vn -0.1825 0.8676 0.4625
vn 0.002 0.9882 0.1531
vn -0.7301 0.6833 0.007
vn 0.0268 0.976 0.216
vn 0.5597 0.7583 0.3344
vn 0.1299 0.991 0.0313
vn 0.0436 0.999 0.0104
vn -0 0.9999 0.0102
vn 0.0423 0.999 0.0123
vn 0.0406 0.9903 0.1329
vn 0.4352 0.7649 -0.4749
vn -0.1038 0.651 -0.752
vn -0.0004 0.9905 0.1372
vn -0.0002 0.9982 0.0607
vn -0.4398 0.8975 0.0314
vn -0.9998 0.0209 0.0002
vn -0.0237 0.9997 0.0104
vn 0.0375 0.8122 -0.5822
vn -0.061 0.748 -0.6609
vn 0.0028 0.9907 -0.136
vn -0.17 0.9287 -0.3297
vn 0.6711 0.7405 0.0373
vn 0.0072 0.9999 0.0102
vn 0.0459 0.9989 0.01
vn 0.0075 0.9999 0.011
vn 0.2008 0.9491 0.2426
vn 0.0039 0.9512 0.3085
vn 0.2068 0.9783 0.0114
vn 0.7453 0.1378 -0.6523
vn -0.9975 0.0702 0.0007
vn -0.9998 0.0209 0.0002
vn -0.2475 0.9688 0.0098
vn -0.1955 0.9806 0.0155
vn -0.2391 0.9062 0.3488
vn -0.9043 0.4266 -0.014
vn -0.1739 0.4822 -0.8586
vn -0.6683 0.7287 0.1492
vn -0.6862 0.6854 0.2437
vn -0.744 0.6435 0.1798
vn -0 0.0107 0.9999
vn -0.1685 0.8052 -0.5686
vn -0.4452 0.628 -0.6383
vn -0.7372 0.6756 0.0068
vn -0.3948 0.9187 0.009
vn 0.9998 0.0204 0.0003
vn 0.9998 0.0206 0.0003
vn 0.9874 0.134 -0.0847
vn 0.0001 1 0.0045
vn 0.0015 1 0.0048
vn -0.9151 0.3973 0.068
vn 0.3765 0.9258 0.0322
vn 0.7878 0.6034 0.1236
vn -0.9822 0.1647 -0.0899
vn -0.0957 0.9954 -0.0086
vn -0 0.9999 0.0102
vn 0.6907 0.7229 0.0159
vn 0.2422 0.9696 0.0344
vn 0.589 0.8081 0.0086
vn -0 0.9999 0.0102
vn -0.0122 0.9999 0.01
vn 0.0013 0.7135 0.7006
vn -0.385 0.8979 -0.2133
vn -0.7883 0.464 -0.4039
vn -0.0015 0.9595 0.2818
vn -0.0015 0.9611 0.2762
vn 0.0533 0.7484 0.6611
vn 0.003 0.7381 0.6747
vn -0.0893 0.7645 0.6383
vn -0.0167 0.9998 0.008
vn 0.9554 0.293 0.0361
vn 0.6211 0.7387 0.2619
vn -0.5261 0.4454 -0.7245
vn -0.0278 0.9996 0.0072
vn -0.598 0.801 0.0264
vn 0.8198 0.5065 0.2672
vn -0.2204 0.975 0.0296
vn -0.9171 0.3904 0.081
vn -0.9173 0.3923 -0.069
vn -0.0352 0.8705 0.4908
vn -0.2425 0.7749 0.5837
vn 0.5071 0.8618 0.0083
vn -0.0001 0.9981 0.0617
vn -0.0001 0.9981 0.0613
vn -0.027 0.9853 0.1688
vn -0.0173 0.9998 -0.0024
vn -0.0899 0.9959 0.0099
vn -0.4109 0.9115 0.0194
vn 0.4092 0.711 -0.5718
vn -0.4133 0.9106 -0.0043
vn -0.4192 0.9076 0.0232
vn -0.4323 0.6785 -0.5939
vn -0.501 0.7133 -0.4902
vn -0 0.9999 0.0102
vn -0 0.9999 0.0102
vn -0.3009 0.7491 -0.5902
vn -0.1983 0.9801 0.0127
vn -0.4396 0.6654 -0.6033
vn -0.4473 0.672 -0.5902
vn -0.0485 0.5764 -0.8157
vn 0.0611 0.5691 0.82
vn 0.785 0.6093 -0.1123
vn 0.04 0.9991 0.0162
vn 0.2297 0.9728 -0.0291
vn 0.9863 0.1397 -0.0883
vn 0.9799 0.1787 -0.0888
vn 0.0402 0.8642 0.5016
vn -0.0004 1 0.01
vn -0.0303 0.9994 0.0184
vn -0.0002 0.9999 0.0101
vn -0.3645 0.7798 -0.5089
vn -0.9998 0.0209 0.0002
vn -0.87 0.4919 0.0346
vn -0.3308 0.7766 -0.5361
vn -0.0417 0.9903 0.1327
vn -0.2818 0.9539 -0.1036
vn 0.0213 0.9997 0.0101
vn 0.0004 0.9999 0.0102
vn 0.051 0.9921 0.1147
vn -0.0233 0.9464 -0.3222
vn 0.0482 0.9903 0.1305
vn -0 0.9882 0.1532
vn 0.0002 0.9878 0.1557
vn -0.044 0.83 0.556
vn -0.7759 0.63 0.0336
vn -0.7337 0.6788 -0.0311
vn -0.7232 0.6855 0.0843
vn -0.056 0.7575 0.6504
vn 0.0362 0.9933 -0.1093
vn -0.2769 0.6475 0.71
vn -0.0004 0.9899 0.1417
vn -0.0001 0.998 0.0626
vn 0.0687 0.9851 0.1575
vn 0.0001 0.9998 0.0181
vn -0.0071 0.9804 0.197
vn 0.3756 0.9155 0.144
vn 0.0001 0.9999 0.0134
vn -0 0.9979 -0.0643
vn -0.2469 0.9688 -0.0201
vn -0.8932 0.442 -0.0829
vn 0.0443 0.9119 -0.4081
vn -0.86 0.5061 0.065
vn -0.1228 0.9924 0.0101
vn -0.2257 0.9525 0.2043
vn 0.0009 1 0.0063
vn 0.5399 0.6501 0.5347
vn -0.1826 0.9382 0.2941
vn 0.0563 0.9984 -0.0112
vn 0.5041 0.6353 0.5851
vn 0.8158 0.5783 0.0054
vn 0.1603 0.9499 -0.2682
vn -0.1467 0.9874 0.0592
vn 0.0782 0.9835 0.1632
vn -0.9538 0.3003 -0.0057
vn 0.657 0.7364 0.1613
vn 0.3838 0.728 0.568
vn 0.9307 0.3552 0.0873
vn 0.0008 0.9882 -0.1534
vn -0.0581 0.7008 -0.711
vn -0.5205 0.8526 0.0466
vn -0.0017 0.9999 0.0133
vn 0.0454 0.8768 0.4787
vn 0.8704 0.4895 -0.0524
vn -0.0068 0.9922 -0.1247
vn -0.058 0.8181 -0.5721
vn -0 0.9999 0.0102
vn 0.8574 0.5146 0.0029
vn 0.0016 0.8294 -0.5587
vn 0.1725 0.9846 0.0281
vn 0.0153 0.9998 0.01
vn 0.1225 0.9924 0.01
vn 0.0992 0.9949 0.02
vn -0.1 0.6077 -0.7879
vn 0.3953 0.918 -0.0312
vn -0.0001 0.9981 0.0624
vn -0.0018 1 0.0001
vn 0.4073 0.0071 0.9132
vn 0.4173 0.0503 0.9074
vn 0.7973 0.0141 0.6035
vn 0.518 0.7673 -0.3781
vn 0.0638 0.99 -0.1261
vn -0.4438 0.8914 -0.0918
vn 0.0291 0.9945 -0.1008
vn 0.1872 0.9787 -0.0842
vn -0.551 0.6863 0.4748
vn 0.8126 0.571 0.1166
vn 0.9789 0.2015 -0.0343
vn -0.2551 0.0249 -0.9666
vn -0.0108 0.9999 -0.0025
vn -0.1738 0.9847 0.0127
vn -0.8158 0.5622 -0.1355
vn 0.9235 0.0194 -0.3832
vn -0.1306 0.9914 0.009
vn 0.8749 0.4842 0.007
vn -0.0067 0.9749 0.2227
vn -0.0371 0.846 0.5319
vn -0 0.0107 0.9999
vn -0.0238 0.9997 -0.0036
vn 0.0001 0.9999 0.0101
vn -0.1934 0.9808 -0.0244
vn 0.109 0.6369 0.7632
vn -0.4834 0.8751 0.0247
vn -0.7317 0.6717 0.1163
vn -0.5286 0.8283 -0.186
vn 0.7456 0.6663 0.0039
vn 0.7504 0.6609 0.0057
vn -0.0848 0.9964 -0.0069
vn -0.9998 0.0209 0.0002
vn -0.0224 0.9997 0.0093
vn 0.1473 0.98 -0.1335
vn -0.9512 0.3083 -0.0119
vn 0.7505 0.6608 0.0057
vn 0.7517 0.6595 0.0056
vn -0.0054 0.5901 0.8073
vn 0.1596 0.5996 -0.7842
vn 0.0448 0.9989 0.0108
vn 0.4216 0.8988 -0.1199
vn 0.0261 0.9851 0.1699
vn -0.1214 0.8113 0.5719
vn 0.0296 0.6133 0.7893
vn 0.0007 0.9117 -0.411
vn 0.346 0.9382 0.0119
vn -0 0.9999 0.0102
vn -0.1753 0.91 0.3759
vn -0.0008 0.976 0.2178
vn -0.0012 0.9727 0.2321
vn -0.0259 0.9673 -0.2523
vn -0.4291 0.9032 -0.0117
vn 0.0139 0.9755 0.2197
vn 0.3388 0.7673 -0.5445
vn -0.8051 0.584 -0.1038
vn -0.0396 0.8531 0.5203
vn 0.022 0.9998 0.0035
vn -0.0366 0.8623 0.5051
vn 0.0001 1 0.0003
vn 0.0072 0.9999 0.0102
vn -0 0.0107 0.9999
vn 0.0731 0.2034 0.9764
vn 0.0344 0.9924 0.1182
vn 0.0003 0.9883 0.1525
vn -0 0.0107 0.9999
vn -0.6451 0.7107 0.2806
vn -0.4568 0.8269 0.3281
vn -0.3966 0.889 0.2289
vn -0.0156 0.9609 0.2763
vn -0.0042 0.9993 0.0384
vn 0.002 0.9795 0.2013
vn 0.3912 0.636 0.6652
vn -0 0.9999 0.0102
vn 0.2052 0.9783 0.0293
vn 0.0839 0.6026 0.7936
vn 0.755 0.6557 0.0071
vn 0.8465 0.5304 0.0464
vn -0.0951 0.99 0.1043
vn 0.0006 0.8113 0.5846
vn 0.7379 0.6746 0.0188
vn 0.5749 0.7104 0.4059
vn -0.0753 0.8487 0.5234
vn 0.721 0.6885 -0.078
vn 0.0004 0.0105 0.9999
vn -0.0281 0.895 -0.4452
vn 0.6612 0.7389 0.1297
vn 0.0866 0.1735 -0.981
vn -0.9822 0.1851 0.0335
vn -0.9445 0.3268 0.0338
vn -0.8008 0.5903 -0.1014
vn -0.538 0.8429 0.0086
vn -0.5265 0.8479 -0.0626
vn 0.007 0.9999 0.0102
vn -0.0783 0.859 -0.5059
vn 0.1914 0.9815 0.0089
vn -0.0803 0.5608 -0.824
vn 0.0194 0.6561 0.7545
vn -0.7592 0.6506 0.0188
vn -0.7424 0.651 0.1585
vn -0.8746 0.4849 0.0048
vn -0.8752 0.4837 0.0051
vn 0.1247 0.9921 0.01
vn 0.2088 0.9591 0.1913
vn -0.4643 0.7088 -0.531
vn -0.091 0.9958 0.0073
vn 0.0529 0.1504 -0.9872
vn -0.0009 0.968 0.2508
vn -0.1222 0.7026 0.7011
vn -0.1665 0.6677 0.7256
vn -0.2843 0.7027 0.6522
vn -0.9912 0.0197 0.1312
vn -0.2968 0.8928 -0.3387
vn -0.1493 0.9754 -0.1623
vn -0.8172 0.5652 0.1126
vn -0.0208 0.9998 0.0015
vn -0.0767 0.9971 -0.0012
vn 0.2109 0.9642 -0.1606
vn 0.0203 0.9997 0.0098
vn -0.9502 0.3094 0.0366
vn 0.9972 0.0704 0.0269
vn 0.0675 0.9977 -0.0114
vn -0.0287 0.9936 0.109
vn -0.0329 0.8886 0.4574
vn -0.0188 0.9998 0.0104
vn 0.0366 0.9989 0.0297
vn 0.122 0.0069 0.9925
vn -0.0001 0.998 0.0639
vn -0.0074 0.1852 0.9827
vn 0.287 0.9037 -0.3177
vn 0.3368 0.4706 -0.8155
vn -0.0943 0.9953 0.0203
vn 0.0305 0.9995 -0.0062
vn 0.0336 0.8771 0.4791
vn -0 0.9999 0.0102
vn -0.1141 0.9835 -0.1405
vn 0.4509 0.8925 0.0145
vn -0.8193 0.4754 0.3206
vn 0.0283 0.9996 0.0098
vn 0.001 0.9993 0.0363
vn 0.4406 0.8972 -0.0308
vn 0.0513 0.9594 0.2774
vn 0.7495 0.6569 0.0817
vn 0.2199 0.9755 0.0079
vn -0 0.9999 0.0103
vn -0 0.9999 0.0103
vn 0.0278 0.8887 0.4577
vn -0.0079 0.3951 0.9186
vn -0.8014 0.5875 0.1124
vn -0.4915 0.8708 -0.0142
vn -0.0001 0.0101 0.9999
vn 0.1081 0.5743 -0.8115
vn 0.1067 0.5842 -0.8046
vn -0 0.9999 0.0102
vn -0.6917 0.6973 0.1881
vn 0.0007 0.9789 0.2045
vn 0.2062 0.8761 0.4359
vn 0.0211 0.8275 -0.5611
vn -0.2514 0.9674 0.0319
vn -0.6271 0.7789 0.0081
vn -0.0811 0.9956 0.0464
vn -0.043 0.9894 0.1384
vn 0.0234 0.9708 -0.2388
vn 0.2173 0.9609 -0.1718
vn -0.052 0.9391 0.3398
vn -0.2731 0.8831 -0.3815
vn 0.0033 0.6074 -0.7944
vn 0.2761 0.9238 -0.2653
vn 0.0849 0.7544 -0.6509
vn 0.637 0.7655 -0.0902
vn 0.0018 0.8994 -0.4371
vn -0.1057 0.4819 0.8698
vn -0.0402 0.8782 -0.4766
vn -0.124 0.8513 -0.5099
vn -0.6998 0.6663 -0.2574
vn 0.5702 0.8144 -0.1076
vn 0.0539 0.9978 0.039
vn -0.0075 0.9999 0.0117
vn -0.2186 0.9751 0.0363
vn -0.0899 0.1614 0.9828
vn 0.194 0.9809 0.0155
vn 0.748 0.6606 0.0647
vn 0.0833 0.9963 0.0198
vn -0.3684 0.9081 -0.1994
vn -0 0.9999 0.0102
vn 0.3855 0.4386 0.8118
vn -0.0005 0.992 0.126
vn 0.2022 0.7288 0.6542
vn -0.379 0.92 0.0993
vn -0.4567 0.8684 0.1932
vn 0.0176 0.9985 -0.0524
vn -0.0458 0.9703 0.2374
vn 0.9865 0.0185 0.1629
vn 0.1294 0.5745 0.8082
vn 0.025 0.9758 -0.2172
vn -0.4996 0.6726 0.5459
vn 0.9623 0.2182 -0.1621
vn 0.9633 0.2672 -0.0277
vn 0.2696 0.961 -0.0611
vn 0.6835 0.7252 0.0829
vn -0.0082 0.9645 0.2639
vn 0.7187 0.693 0.0574
vn -0.0821 0.9781 -0.1913
vn -0.355 0.7554 -0.5507
vn -0.7194 0.6903 0.0764
vn -0.0752 0.9972 -0.0001
vn -0.0488 0.9947 -0.0908
vn -0.0889 0.9952 -0.0409
vn -0.9998 0.0209 0.0002
vn -0.9998 0.0209 0.0002
vn -0.0001 0.999 0.0452
vn -0 0.0107 0.9999
vn 0.0093 0.9999 0.0042
vn -0.1764 0.98 -0.0922
vn -0.2227 0.945 -0.2394
vn -0.5346 0.832 0.1486
vn -0.776 0.6222 0.104
vn 0.3929 0.9154 0.0876
vn -0.0144 0.9716 0.2363
vn -0.025 0.9763 0.2148
vn -0.0019 0.8718 0.4898
vn -0.104 0.5718 0.8138
vn -0.0636 0.7418 0.6676
vn -0.0007 1 0.0097
vn 0.0095 0.9999 0.0104
vn -0.1028 0.9921 0.0724
vn 0.0496 0.7546 0.6543
vn -0.0015 0.8721 0.4894
vn 0.6541 0.4042 0.6393
vn 0.0926 0.7731 0.6275
vn -0.5889 0.7104 -0.3854
vn 0.6163 0.7875 -0.0042
vn -0.0354 0.9782 -0.2047
vn 0.5163 0.7323 0.4441
vn -0.259 0.574 -0.7768
vn 0.6423 0.7108 0.2867
vn 0.9829 0.1589 0.0931
vn -0.3246 0.7841 -0.5289
vn -0.0001 0.998 0.0632
vn -0 0.0107 0.9999
vn 0.4876 0.7104 0.5074
vn 0.2343 0.9721 0.0094
vn 0.0172 0.9998 0.0101
vn 0.6869 0.2037 -0.6977
vn 0.7006 0.0074 -0.7135
vn -0.9381 0.2833 -0.1991
vn -0.7003 0.0074 -0.7138
vn -0.7008 -0.0074 0.7133
vn -0.9638 0.2521 0.0869
vn 0.9278 0.307 0.212
vn 0.7006 -0.0074 0.7135
vn -0.6948 0.1325 -0.7069
vn -0.3121 0.3034 0.9003
vn 0.6952 0.1274 -0.7075
vn -0.7003 -0.0074 0.7138
vn -0.7001 0.0074 -0.714
vn 0.7003 0.0074 -0.7138
vn 0.7001 -0.0074 0.714
vn 0.1277 0.7008 0.7019
vn 0.9939 -0.1099 -0.0136
vn 0.8579 -0.5136 -0.0153
vn 0.9129 -0.3758 0.1591
vn 0.8626 -0.4479 -0.2352
vn 0.9938 0.1108 -0.0112
vn 0.9453 -0.1133 -0.3058
vn 0.8588 -0.1014 -0.5021
vn 0.9013 0.2312 -0.3664
vn 0.0275 0.9996 0.0028
vn 0.867 0.1136 -0.4851
vn 0.0879 0.9961 0.0077
vn 0.0319 0.9994 0.0094
vn 0.0286 0.9996 0.0023
vn -0.002 0.8279 -0.5608
vn 0.5007 0.8616 0.084
vn 0.9956 0.0909 -0.0212
vn 0.7587 0.3954 -0.5178
vn 0.8594 0.1073 -0.4999
vn 0.0199 0.9997 0.0102
vn 0.0053 0.9999 0.0108
vn 0.8829 0.3688 -0.2907
vn 0.9777 0.1995 -0.0656
vn 0.9464 0.1965 -0.2565
vn 0.9075 0.3804 -0.1782
vn 0.0085 0.9999 0.0108
vn 0.0478 0.9989 -0.0026
vn 0.0435 0.9989 -0.0152
vn 0.7256 0.5457 -0.4193
vn 0.6937 0.2008 -0.6917
vn 0.8401 0.3664 -0.3999
vn 0.3285 0.1602 -0.9308
vn 0.0455 0.9986 -0.0258
vn 0.5635 0.2216 -0.7958
vn 0.055 0.1836 -0.9815
vn 0.0355 0.9987 -0.0367
vn 0.2774 0.2456 -0.9288
vn -0.232 0.3472 -0.9086
vn 0.0513 0.997 -0.0582
vn 0.1258 0.3263 -0.9368
vn -0.5028 0.0445 0.8632
vn 0.1334 0.405 0.9046
vn 0.2774 0.9607 -0.013
vn -0.2369 -0.0107 0.9715
vn -0.0482 -0.0095 0.9988
vn -0.5036 -0.0088 0.8639
vn -0.7071 -0.0072 0.707
vn -0.3866 0.3033 0.8709
vn -0.864 -0.0051 0.5035
vn -0.5931 0.3033 0.7459
vn -0.9641 -0.0027 0.2656
vn -0.7616 0.3019 0.5734
vn -0.9983 0.0545 0.0211
vn -0.9998 -0.0002 0.0209
vn -1 -0 0.0003
vn -0.8703 0.3595 0.3365
vn -0.998 0.0625 0.0007
vn 0.0001 0.9999 0.0102
vn -0 0.9999 0.0102
vn -0.8769 0.3508 0.3287
vn 0.9073 0.3803 -0.1793
vn -0 0.9999 0.0102
vn 0.9963 0.0862 0.0009
vn 0.9073 0.3766 0.187
vn 0.9958 0.0872 -0.0263
vn 0.0284 0.9995 0.0102
vn 0.9963 0.0858 0.0009
vn 0.3574 0.8593 0.366
vn 0.3575 0.8593 0.3659
vn 0.8829 0.3631 -0.2979
vn 0.9152 0.3575 0.1859
vn -0 0.9999 0.0102
vn 0.0001 0.9999 0.0102
vn -0.8767 0.3507 0.3292
vn -0.8766 0.3473 0.333
vn 0.8359 0.5488 0.0058
vn 0.0269 0.999 0.0366
vn -0.9982 0.0572 -0.0203
vn 0.0478 0.9986 0.0229
vn 0.8999 0.4194 -0.1192
vn 0.9458 0.1941 0.2603
vn 0.9963 0.0832 0.022
vn 0.9589 0.1062 0.263
vn 0.0321 0.9994 0.011
vn 0.0285 0.9994 0.0181
vn 0.3569 0.8584 0.3684
vn 0.0867 0.9962 0.0064
vn 0.0101 0.9999 0.009
vn 0.9739 0.227 0.0019
vn 0.9584 0.2796 -0.0577
vn 0.0473 0.998 -0.0421
vn 0.9649 0.2256 0.1343
vn 0.8586 0.1042 0.502
vn 0.0053 0.9961 0.0884
vn 0.8586 -0.1144 0.4998
vn 0.9136 -0.1853 0.362
vn 0.9935 -0.1135 0.0123
vn 0.8588 -0.4604 0.2248
vn 0.8546 -0.5192 0.0056
vn 0.7711 0.1765 0.6117
vn 0.7677 -0.4627 0.4433
vn 0.7147 -0.118 0.6894
vn 0.6286 -0.4643 0.624
vn 0.4481 -0.4659 0.763
vn 0.2294 -0.467 0.854
vn 0.5952 -0.2163 0.7739
vn 0.1311 -0.2375 0.9625
vn 0.3943 0.1743 0.9023
vn 0.0098 0.9996 0.027
vn -0.389 0.7054 0.5926
vn 0.0009 0.9963 0.0861
vn 0.0317 0.0993 0.9946
vn 0.0157 -0.1256 0.992
vn 0.0079 0.9992 0.0389
vn 0.0191 0.9989 0.0429
vn 0.0006 0.9997 0.0233
vn 0.349 0.8297 0.4356
vn 0.0029 0.2203 0.9754
vn -0 0.2038 0.979
vn -0 0.9985 0.055
vn 0.3637 0.857 0.365
vn -0.3461 0.8936 0.2857
vn -0 0.0799 0.9968
vn 0.2968 0.3564 0.886
vn 0.0181 0.0727 0.9972
vn -0 0.2011 0.9796
vn 0.1825 0.3692 0.9113
vn -0 0.9999 0.0103
vn 0.001 0.9998 0.0176
vn -0 0.9999 0.0102
vn -0 0.1973 0.9803
vn -0 0.9999 0.0102
vn 0.023 0.073 0.9971
vn -0 0.0735 -0.9973
vn -0.324 0.3648 -0.8729
vn -0 0.0102 -0.9999
vn 0.1282 0.0916 -0.9875
vn -0 0.0102 -0.9999
vn -0.0003 0.0102 -0.9999
vn -0.2761 0.1315 -0.9521
vn -0.0181 0.0102 -0.9998
vn -0.32 0.0568 -0.9457
vn 0.0076 0.9979 0.0637
vn -0.5033 0.0621 -0.8619
vn -0.5036 0.0088 -0.8639
vn 0.0224 0.9978 0.0626
vn 0.337 0.2045 0.919
vn 0.0955 0.5377 0.8377
vn 0.5017 0.0792 0.8614
vn 0.2619 0.0991 0.96
vn 0.5353 0.4978 0.6824
vn 0.7029 0.1017 0.7039
vn 0.0219 0.9992 0.032
vn 0.6932 0.19 0.6952
vn 0.666 0.7426 -0.0704
vn 0.6888 0.4194 0.5914
vn 0.8887 0.0888 0.4498
vn 0.8937 0.2293 0.3855
vn 0.0447 0.998 0.0443
vn 0.0343 0.998 0.0537
vn -0.8079 0.1065 -0.5796
vn -0.863 0.0521 -0.5025
vn -0.8641 0.0051 -0.5034
vn -0.7071 0.0072 -0.707
vn -0.6978 0.6908 -0.1894
vn -0.9641 0.0027 -0.2656
vn -0.9998 0.0002 -0.0209
vn -1 -0 -0.0003
vn -1 -0 -0
vn -1 -0 -0
vn -1 -0 -0
vn -0 0.0736 -0.9973
vn -0 0.0102 -0.9999
vn 0.0002 0.0698 -0.9976
vn -0 0.0102 -0.9999
vn -0 0.9999 0.0102
vn -0.001 0.9998 0.0176
vn 0.0195 0.0747 -0.997
vn -0 0.9999 0.0104
vn 0.0181 0.0102 -0.9998
vn -0.0001 0.1968 0.9804
vn 0.1814 0.3634 0.9138
vn -0.0203 0.1941 0.9808
vn 0.0289 0.0753 0.9967
vn -0.0128 0.9982 0.058
vn -0.178 0.2024 0.963
vn -0.262 0.0913 0.9607
vn 0.1545 0.5685 0.808
vn -0.0007 0.9991 0.042
vn -0.3598 0.8629 0.3549
vn -0.0646 0.9975 0.0282
vn 0.0041 0.9952 0.0976
vn 0.0012 0.9998 0.02
vn -0.4295 0.8998 0.0771
vn -0.0747 0.9972 0.0099
vn -0.5021 0.0896 0.8601
vn 0.2013 0.6628 0.7212
vn -0.4862 0.0995 0.8681
vn -0.3688 0.2109 0.9052
vn 0.0652 0.2448 0.9674
vn -0.3047 -0.1262 0.9441
vn -0.501 -0.1165 0.8576
vn -0.0169 0.9995 0.0271
vn -0.6906 0.1014 0.7161
vn -0.7377 -0.1254 0.6634
vn -0.4496 -0.4595 0.766
vn -0.2303 -0.4605 0.8573
vn -0.6311 -0.4576 0.6263
vn -0.1802 -0.189 0.9653
vn 0.0006 -0.2401 0.9708
vn -0.0096 -0.5243 0.8515
vn 0.0019 -0.7243 0.6894
vn -0 -0.7143 0.6998
vn 0.001 0.2186 0.9758
vn 0.0057 -0.2263 0.974
vn -0.0022 0.2063 0.9785
vn -0.3416 0.8646 0.3685
vn 0.1738 0.3659 0.9143
vn -0.1737 -0.3819 0.9077
vn -0 0.9993 0.037
vn -0 0.9993 0.0369
vn 0.3409 0.8648 0.3687
vn -0 0.6327 0.7744
vn -0.1739 -0.3819 0.9077
vn -0 -0.7142 0.6999
vn -0 -0.7142 0.6999
vn 0.0029 -0.2364 0.9716
vn 0.0019 -0.7231 0.6907
vn 0.0115 -0.5272 0.8497
vn -0.8588 -0.1125 0.4998
vn -0.7706 -0.4562 0.445
vn -0.9606 -0.1097 0.2555
vn -0.8619 -0.4541 0.2256
vn -0.9606 0.1044 0.2576
vn -0.8587 0.1022 0.5021
vn -0.0281 0.9994 0.0176
vn -0.7143 0.6723 -0.1944
vn -0.5009 0.8636 -0.0576
vn -0.0255 0.999 0.0356
vn -0.9583 0.1062 0.2653
vn -0.8605 0.0828 0.5026
vn -0.3276 0.9176 -0.2251
vn -0.9451 0.194 0.2629
vn -0.8475 0.1885 0.4961
vn -0.836 0.1957 0.5126
vn -0.5095 0.37 0.7769
vn -0.494 0.1866 0.8492
vn -0.0353 0.9983 0.0455
vn -0.0254 0.9982 0.0537
vn 0.7057 0.0707 -0.705
vn 0.1219 0.3989 -0.9089
vn 0.5035 0.0088 -0.864
vn 0.2656 0.0098 -0.964
vn 0.7071 0.0072 -0.7071
vn 0.5647 0.4105 -0.716
vn 0.8639 0.0051 -0.5037
vn 0.5887 0.3165 -0.7438
vn 0.9641 0.0027 -0.2656
vn 0.9992 0.0008 -0.0397
vn 0.6605 0.0555 -0.7488
vn 0.9138 0.3926 0.1044
vn -0.049 0.9986 0.0205
vn -0.0201 0.7621 -0.6471
vn -0.9702 0.2258 -0.0873
vn -0.0524 0.9981 0.0327
vn 0.9941 0.1077 -0.0109
vn 0.1833 0.9696 -0.1621
vn -0.6906 0.7218 -0.0459
vn -0.9462 0.3142 0.0775
vn -0.6906 0.7218 -0.0459
vn -0.024 0.9997 0.0104
vn -0.3706 0.8473 0.3804
vn -0.729 0.5984 -0.3325
vn -0.3572 0.8588 0.3672
vn -0.0661 0.9797 -0.189
vn -0.9935 0.1078 0.037
vn -0.9769 0.2136 0.0022
vn -0.0484 0.9988 0.0102
vn -0.8489 0.5283 0.0129
vn -0.0285 0.9995 0.0101
vn -0.9733 -0.2294 -0.0053
vn -0.9763 -0.2162 -0.0022
vn -0.9602 -0.2732 -0.0584
vn -0.7001 -0.714 -0.0042
vn -0.7071 -0.7071 -0.0072
vn -0.8582 -0.5133 0.0094
vn -0.9763 -0.2162 -0.0022
vn -0.7071 -0.7071 -0.0072
vn -0.9764 -0.2161 -0.0022
vn -0.7072 -0.707 -0.0072
vn -0.9743 -0.225 -0.003
vn -0.699 -0.7151 -0.0061
vn -0.9936 -0.1119 -0.0169
vn -0.8561 -0.5165 -0.0182
vn -0.9604 -0.1058 -0.2576
vn -0.8605 -0.4523 -0.2345
vn -0.7693 -0.4499 -0.4537
vn -0.8587 -0.1031 -0.502
vn -0.6299 -0.4482 -0.6344
vn -0.703 -0.1011 -0.704
vn -0.4487 -0.4467 -0.774
vn -0.5009 -0.0997 -0.8597
vn -0.7375 0.1263 -0.6634
vn -0.8587 0.1133 -0.4998
vn -0.5934 0.2393 -0.7685
vn -0.0097 0.9999 -0.0063
vn 0.0099 0.6831 -0.7303
vn -0.0166 0.9999 0.0006
vn -0.0254 0.9996 -0.0153
vn -0.502 0.111 -0.8577
vn -0.704 0.1002 -0.7031
vn 0.1077 0.8874 -0.4482
vn -0.8598 0.1024 -0.5002
vn -0.0915 0.9086 -0.4075
vn -0.0083 0.9937 -0.1119
vn -0.0497 0.997 0.0586
vn -0.6937 0.2006 -0.6918
vn -0.8767 0.3815 -0.2929
vn -0.9463 0.1965 -0.2565
vn -0.0478 0.9989 -0.0026
vn -0.0447 0.9987 -0.0238
vn -0.0353 0.9991 -0.0252
vn 0.8627 0.0481 0.5033
vn 0.7063 0.0427 0.7067
vn -0.0063 0.7121 0.702
vn 0.9138 0.3946 -0.0963
vn 0.9995 0.004 0.0304
vn 0.0016 0.9971 0.0763
vn -0.4685 0.6627 0.5843
vn 0.9958 0.0911 0.0102
vn 1 0.0003 0.0007
vn -0 0.9999 0.0116
vn 1 -0 -0
vn 0.8813 0.3711 0.2927
vn 0.9099 0.2915 -0.2951
vn 1 -0 -0
vn 0.9968 0.0799 0.0008
vn 1 -0 -0
vn -0 0.9999 0.0102
vn 0.0001 1 0.0045
vn -0.712 0.7018 0.021
vn 0.1381 0.3737 -0.9172
vn 0.1397 0.3769 -0.9157
vn -0.6138 0.7894 0.008
vn -0.5924 0.8056 0.0082
vn -0.0274 0.9996 0.0102
vn -0.0442 0.999 0.0102
vn -0.0347 0.9993 0.0102
vn -0.5719 0.8203 0.0083
vn -0.0375 0.9992 0.0102
vn -0.9759 0.218 0.0043
vn -0.9106 0.3767 -0.17
vn -0.9735 0.2287 0.0019
vn -0.0098 0.9999 0.0107
vn -0.9936 0.1117 -0.0144
vn -0.0869 0.9962 0.0075
vn -0.9605 0.1102 -0.2555
vn -0.0322 0.9994 0.0094
vn -0.9169 0.3939 0.0636
vn -0.9317 0.3542 -0.0802
vn -0.0196 0.9995 0.0239
vn -0.6497 0.7602 0.0078
vn -0.761 0.6451 0.0681
vn 1 0.0002 -0.0002
vn 0.9993 -0.0004 0.0362
vn 0.9641 -0.0027 0.2655
vn 0.8639 -0.0051 0.5036
vn 0.7071 -0.0072 0.7071
vn 0.5026 0.0533 0.8629
vn 0.5035 -0.0088 0.8639
vn -0.0234 0.9991 -0.035
vn 0.235 -0.0108 0.9719
vn 0.5361 0.2721 0.7991
vn 0.0044 0.9996 -0.028
vn -0.2738 0.2457 -0.9299
vn -0.3363 0.2942 -0.8946
vn -0.2301 0.104 -0.9676
vn 0.0484 0.998 -0.0397
vn -0.0007 0.9998 -0.0218
vn -0.0312 0.1588 -0.9868
vn -0.0453 0.1418 -0.9889
vn 0.3342 0.6288 -0.7021
vn -0.0014 0.9978 -0.0663
vn 0.0004 0.1383 -0.9904
vn 0.0116 0.9998 -0.0145
vn 0.1768 0.9831 -0.0483
vn -0.0036 0.2331 -0.9725
vn -0.1811 0.1936 -0.9642
vn -0.37 0.2309 -0.8999
vn 0.0273 -0.1316 -0.9909
vn 0.0034 -0.2188 -0.9758
vn -0.0024 -0.709 -0.7052
vn -0.0128 -0.5072 -0.8618
vn -0.2299 -0.4459 -0.865
vn -0.2451 -0.3381 -0.9086
vn -0 -0.6999 -0.7142
vn 0.0001 -0.2039 -0.979
vn -0 -0.6999 -0.7143
vn -0 -0.2081 -0.9781
vn -0 -0.7001 -0.7141
vn -0 -0.204 -0.979
vn 0.0017 -0.709 -0.7052
vn 0.0025 -0.2191 -0.9757
vn 0.0026 0.2365 -0.9716
vn -0 0.2279 -0.9737
vn 0.0106 -0.5041 -0.8636
vn 0.0148 -0.1025 -0.9946
vn 0.0144 0.1222 -0.9924
vn 0.0009 0.9977 -0.0673
vn 0.0005 1 -0.0063
vn 0.0007 0.9998 -0.0216
vn 0.3638 0.8642 -0.3477
vn -0 0.9997 -0.0248
vn -0.0047 0.0982 -0.9952
vn 0.0002 0.6657 -0.7462
vn -0 0.2101 -0.9777
vn 0.0098 0.218 -0.9759
vn 0.3578 0.8679 -0.3446
vn -0 0.208 -0.9781
vn 0.306 0.3837 -0.8713
vn -0 0.9999 0.0102
vn -0.2113 0.3914 -0.8956
vn -0 0.9999 0.0103
vn -0 0.0426 0.9991
vn -0 0.9999 0.0102
vn -0 0.0401 0.9992
vn 0.0558 0.9984 0.0101
vn 0.0065 0.0399 0.9992
vn 0.3491 0.2273 0.9091
vn 0.0011 -0.0177 0.9998
vn -0 -0.0181 0.9998
vn -0 -0.0181 0.9998
vn -0 -0.0181 0.9998
vn 0.0002 -0.0179 0.9998
vn -0.1699 0.6233 0.7633
vn 0.2607 0.3592 0.8961
vn 0.0167 0.0762 0.997
vn 0.0387 -0.0132 0.9992
vn -0.2069 0.9549 0.2128
vn -0.3269 0.9422 -0.0737
vn -0.4344 0.3024 -0.8484
vn -0 0.1123 -0.9937
vn 0.0054 0.9999 -0.0116
vn 0.0852 0.9956 -0.0379
vn 0.0666 0.9969 -0.0407
vn -0.0022 0.2293 -0.9734
vn -0 0.548 -0.8365
vn -0.0666 0.7473 -0.6611
vn 0.0647 0.9979 -0.0079
vn 0.0074 0.9998 -0.0175
vn 0.0095 0.9999 -0.006
vn 0.0191 0.9996 -0.0227
vn 0.4862 0.1167 -0.866
vn 0.3686 0.2288 -0.901
vn 0.501 -0.0984 -0.8598
vn 0.3621 -0.168 -0.9169
vn 0.2304 -0.4417 -0.8671
vn 0.4501 -0.4422 -0.7758
vn 0.703 0.1143 -0.7019
vn 0.7378 -0.1116 -0.6658
vn 0.6314 -0.4438 -0.6358
vn 0.7712 -0.4455 -0.4547
vn 0.0168 0.9998 -0.0065
vn 0.0254 0.9996 -0.0151
vn 0.6988 -0.7152 -0.0092
vn 0.9738 -0.2273 -0.0002
vn 0.7071 -0.7071 -0.0072
vn 0.9769 -0.2139 0.0005
vn 0.976 -0.2179 -0.0022
vn 0.7071 -0.7071 -0.0072
vn 0.7072 -0.707 -0.0072
vn 0.9759 -0.2181 -0.0002
vn 0.9769 0.2138 0.0022
vn 0.9121 0.3739 -0.1683
vn 0.9763 0.2164 -0.0032
vn 0.0443 0.999 0.0102
vn 0.3558 0.8661 0.351
vn 0.9145 0.3695 0.1649
vn 0.675 0.7377 0.0127
vn 0.6989 -0.7152 -0.0051
vn 0.9707 0.24 0.0076
vn 0.0037 0.9999 0.014
vn 0.8775 0.0151 -0.4794
vn 0.0107 0.9997 0.0212
vn -0.014 0.9998 0.0162
vn 0.0058 1 -0.0038
vn -0.0049 0.23 0.9732
vn -0.0037 0.9999 0.0143
vn 0.4794 0.001 0.8776
vn 0.1078 -0.6148 0.7813
vn 0.7253 -0.6508 0.2244
vn 0.4048 -0.8207 0.4032
vn 0.4042 -0.8128 -0.4195
vn -0.4048 -0.8207 0.4032
vn -0.0098 -0.2518 0.9677
vn 0.6926 -0.2973 -0.6572
vn 0.0092 -0.2316 -0.9728
vn -0.4056 -0.8114 -0.4209
vn -0.0048 -0.2355 -0.9719
vn -0.9703 -0.2416 -0.0123
vn 0.0066 0.2507 -0.968
vn -0.4795 0.0183 -0.8773
vn -0.9707 0.2404 -0.0035
vn 0.0106 0.9999 -0.0005
vn 0.001 0.9999 0.0112
vn -0.9732 -0.2297 0.0077
vn -0.9691 0.2465 0.0106
vn -0 1 0.0054
vn -0.1936 0.9675 -0.1627
vn -0.1386 0.9678 -0.21
vn -0.233 0.9672 -0.1015
vn -0.072 0.968 -0.2405
vn -0.2538 0.9668 -0.0312
vn -0.2539 0.9663 0.0418
vn -0 0.9679 -0.2513
vn -0 0.9651 0.2618
vn -0.0723 0.9651 0.2517
vn 0.0723 0.9651 0.2517
vn -0.1387 0.9653 0.2213
vn 0.1941 0.9656 0.1732
vn 0.1387 0.9653 0.2212
vn 0.2335 0.9659 0.112
vn -0.2336 0.9659 0.112
vn -0.1941 0.9655 0.1733
vn 0.1386 0.9678 -0.2101
vn 0.1936 0.9675 -0.1627
vn 0.072 0.968 -0.2406
vn 0.2329 0.9672 -0.1014
vn 0.2539 0.9663 0.0421
vn 0.2537 0.9668 -0.0309
vn 0.5239 0.8477 0.083
vn 0.5222 0.8499 -0.0712
vn 0.4826 0.8497 -0.2126
vn 0.8891 0.4577 0.0119
vn 0.851 0.455 0.2621
vn 0.9898 -0.0018 0.1423
vn 0.9 0.3747 -0.223
vn 0.9898 0.0018 -0.1422
vn 0.7778 0.5167 0.3579
vn 0.9097 -0.0052 0.4153
vn 0.6467 0.5145 0.563
vn 0.7558 -0.0082 0.6548
vn 0.4807 0.8478 0.224
vn 0.3998 0.8469 0.3507
vn 0.2862 0.8461 0.4497
vn 0.3622 0.4492 0.8168
vn 0.5409 -0.0105 0.841
vn 0.2413 0.5117 0.8246
vn 0.282 -0.0121 0.9593
vn 0.1491 0.8457 0.5125
vn -0 0.5128 0.8585
vn -0 -0.0126 0.9999
vn -0 0.8455 0.5339
vn -0.282 -0.0121 0.9593
vn -0.2414 0.5117 0.8246
vn -0.5409 -0.0106 0.841
vn -0.4629 0.5127 0.7231
vn -0.7558 -0.0083 0.6548
vn -0.6467 0.5145 0.5631
vn -0.2862 0.8461 0.4497
vn -0.4018 0.8463 0.3497
vn -0.1491 0.8457 0.5124
vn -0.7778 0.5166 0.3579
vn -0.4808 0.8478 0.2239
vn -0.5238 0.8483 0.0777
vn -0.9098 -0.0052 0.4151
vn -0.9898 -0.0017 0.1424
vn -0.8867 0.3514 0.3003
vn -0.9898 0.0018 -0.1424
vn -0.8449 0.5217 -0.1187
vn -0.9097 0.0052 -0.4153
vn -0.7757 0.5242 -0.3514
vn -0.5228 0.8494 -0.0727
vn -0.4793 0.8505 -0.2167
vn -0.6441 0.5263 -0.5551
vn -0.3981 0.8519 -0.3403
vn -0.4604 0.528 -0.7136
vn -0.2885 0.8509 -0.4389
vn -0.541 0.0106 -0.841
vn -0.7559 0.0082 -0.6547
vn -0.2816 0.0121 -0.9595
vn -0.2399 0.529 -0.814
vn -0 0.0126 -0.9999
vn -0 0.5279 -0.8493
vn -0 0.8533 -0.5215
vn -0.1478 0.8503 -0.505
vn 0.1482 0.8531 -0.5003
vn 0.3772 0.4659 -0.8004
vn 0.2879 0.8516 -0.4381
vn 0.5883 0.4646 -0.6619
vn 0.2816 0.012 -0.9595
vn 0.5409 0.0105 -0.841
vn 0.644 0.5264 -0.5551
vn 0.7558 0.0082 -0.6548
vn 0.9096 0.0053 -0.4154
vn 0.398 0.8519 -0.3403
vn -0 1 0.0053
vn -0.1936 0.9675 -0.1624
vn -0.1385 0.9678 -0.2103
vn -0.2332 0.9672 -0.101
vn -0.072 0.968 -0.2405
vn -0.2538 0.9668 -0.0313
vn -0.2538 0.9664 0.0417
vn -0 0.968 -0.251
vn 0.1384 0.9678 -0.2103
vn 0.1936 0.9675 -0.1625
vn 0.072 0.968 -0.2405
vn 0.2331 0.9672 -0.101
vn 0.2539 0.9664 0.0415
vn 0.2335 0.9659 0.1115
vn 0.2537 0.9668 -0.0314
vn 0.1942 0.9656 0.1731
vn -0 0.9652 0.2616
vn -0.0723 0.9651 0.2515
vn 0.0723 0.9651 0.2516
vn -0.1387 0.9653 0.2212
vn 0.1387 0.9653 0.2213
vn -0.2335 0.9659 0.1116
vn -0.1942 0.9656 0.1731
vn -0.3997 0.8468 0.3508
vn -0.2861 0.8461 0.4497
vn -0.6468 0.5144 0.5631
vn -0.5478 0.4863 0.6808
vn -0.4806 0.8471 0.2268
vn -0.7557 -0.0082 0.6549
vn -0.5406 -0.0106 0.8412
vn -0.9097 -0.0051 0.4153
vn -0.7671 0.3489 0.5383
vn -0.2819 -0.012 0.9594
vn -0.1492 0.8456 0.5125
vn -0.0955 0.3614 0.9275
vn -0 -0.0126 0.9999
vn 0.1366 0.4491 0.883
vn 0.2414 0.5116 0.8246
vn -0.0033 0.8435 0.5371
vn 0.1491 0.8457 0.5125
vn 0.2862 0.8461 0.4497
vn 0.3993 0.8454 0.3548
vn 0.5477 0.4863 0.6808
vn 0.282 -0.0121 0.9593
vn 0.5802 0.3643 0.7285
vn 0.5404 -0.0105 0.8413
vn 0.7778 0.5166 0.358
vn 0.7557 -0.0082 0.6548
vn 0.4807 0.8477 0.2241
vn 0.5226 0.8488 0.0799
vn 0.8799 0.3691 0.2994
vn 0.9095 -0.0052 0.4157
vn 0.5222 0.8499 -0.0706
vn 0.9275 0.3718 0.0396
vn 0.9898 -0.0018 0.1422
vn 0.4794 0.8509 -0.2146
vn 0.9 0.3746 -0.223
vn 0.9898 0.0018 -0.1423
vn 0.398 0.8519 -0.3404
vn 0.7997 0.3771 -0.4672
vn 0.9097 0.0052 -0.4153
vn 0.4604 0.528 -0.7136
vn 0.7554 0.0082 -0.6553
vn 0.2845 0.8527 -0.4382
vn 0.1482 0.8531 -0.5002
vn -0 0.528 -0.8492
vn 0.0946 0.3811 -0.9197
vn 0.002 0.8506 -0.5258
vn 0.282 0.0121 -0.9593
vn 0.5407 0.0106 -0.8412
vn -0 0.0127 -0.9999
vn -0.2815 0.0121 -0.9595
vn -0.4604 0.528 -0.7136
vn -0.5407 0.0106 -0.8411
vn -0.2244 0.2235 -0.9485
vn -0.1463 0.8513 -0.5038
vn -0.2837 0.8508 -0.4422
vn -0.5907 0.5005 -0.6329
vn -0.7558 0.0082 -0.6547
vn -0.4794 0.851 -0.2145
vn -0.7762 0.5242 -0.3504
vn -0.4003 0.8491 -0.3447
vn -0.9096 0.0052 -0.4154
vn -0.9898 0.0018 -0.1422
vn -0.889 0.4577 0.012
vn -0.5243 0.8488 -0.0679
vn -0.5226 0.8488 0.0797
vn -0.8454 0.5192 0.1254
vn -0.9898 -0.0018 0.1422
vn -0 1 0.0054
vn 0.1384 0.9678 -0.2102
vn 0.1937 0.9675 -0.1624
vn 0.072 0.968 -0.2405
vn 0.2331 0.9672 -0.1011
vn -0.0721 0.968 -0.2405
vn -0 0.968 -0.251
vn 0.2539 0.9664 0.0413
vn 0.2335 0.9659 0.1115
vn 0.2537 0.9668 -0.0313
vn 0.1941 0.9656 0.1731
vn -0 0.9651 0.2617
vn -0.0724 0.9651 0.2516
vn 0.0724 0.9651 0.2517
vn -0.1387 0.9653 0.2212
vn 0.1387 0.9653 0.2213
vn -0.2335 0.9659 0.1116
vn -0.2539 0.9663 0.0416
vn -0.1941 0.9656 0.1731
vn -0.2538 0.9668 -0.031
vn -0.1937 0.9675 -0.1623
vn -0.1384 0.9679 -0.21
vn -0.2331 0.9672 -0.1011
vn -0 0.8532 -0.5215
vn -0.1478 0.8531 -0.5004
vn -0.2842 0.8526 -0.4386
vn -0 0.5279 -0.8493
vn -0.1529 0.5029 -0.8507
vn -0.3875 0.5021 -0.7732
vn -0.282 0.012 -0.9593
vn -0.5408 0.0106 -0.8411
vn -0 0.0125 -0.9999
vn 0.2398 0.529 -0.814
vn 0.2815 0.012 -0.9595
vn 0.4604 0.528 -0.7136
vn 0.5403 0.0106 -0.8414
vn 0.644 0.5263 -0.5552
vn 0.7558 0.0082 -0.6548
vn 0.398 0.8519 -0.3404
vn 0.2846 0.8526 -0.4382
vn 0.1466 0.8526 -0.5015
vn 0.4822 0.8499 -0.2125
vn 0.8551 0.4603 -0.2386
vn 0.5243 0.8488 -0.0678
vn 0.8891 0.4576 0.0119
vn 0.9898 0.0018 -0.1425
vn 0.9097 0.0052 -0.4153
vn 0.8456 0.5191 0.1244
vn 0.9898 -0.0018 0.1424
vn 0.7778 0.5166 0.3579
vn 0.9096 -0.0052 0.4153
vn 0.5226 0.8488 0.0798
vn 0.4807 0.8478 0.2241
vn 0.399 0.8457 0.3544
vn 0.5766 0.4507 0.6815
vn 0.2861 0.8461 0.4497
vn 0.3621 0.4491 0.8168
vn 0.7556 -0.0082 0.655
vn 0.5409 -0.0106 0.841
vn 0.2413 0.5117 0.8246
vn 0.2819 -0.0121 0.9594
vn -0 0.5128 0.8585
vn -0 -0.0125 0.9999
vn -0.2819 -0.0121 0.9594
vn -0.2413 0.5117 0.8246
vn -0.5406 -0.0106 0.8412
vn -0.463 0.5127 0.723
vn -0.7558 -0.0082 0.6548
vn -0.6467 0.5144 0.5631
vn -0.9097 -0.0052 0.4152
vn -0.7778 0.5167 0.3579
vn -0.9898 -0.0019 0.1424
vn -0.8456 0.5192 0.1243
vn -0.9898 0.0018 -0.1422
vn -0.8448 0.5217 -0.1187
vn -0.9096 0.0052 -0.4154
vn -0.7757 0.5242 -0.3514
vn -0.7558 0.0083 -0.6547
vn -0.6439 0.5263 -0.5553
vn -0.398 0.8519 -0.3404
vn -0.4794 0.851 -0.2145
vn -0.5222 0.8499 -0.0706
vn -0.5243 0.8475 0.0832
vn -0.4808 0.8477 0.224
vn -0.4001 0.8468 0.3505
vn -0.2861 0.8461 0.4497
vn -0.1466 0.8442 0.5157
vn -0 0.8455 0.5339
vn 0.1466 0.8441 0.5157
vn -0.0022 0.4976 -0.8674
vn -0.4208 0.6849 -0.5948
vn -0.0001 0.9553 -0.2956
vn 0.3538 0.5598 -0.7493
vn 0.0224 0.9549 -0.2962
vn -0.0001 0.9548 -0.2972
vn -0.0206 0.9703 -0.2409
vn -0.0003 0.9549 -0.2969
vn 0.0186 0.9704 -0.2408
vn -0.0333 0.9601 -0.2776
vn 0.0281 0.9649 -0.2612
vn -0.0221 0.9699 -0.2424
vn 0.0166 0.959 -0.283
vn -0.4055 0.6809 -0.6099
vn -0.0165 0.9606 -0.2773
vn -0.5326 0.8355 0.1354
vn 0.0179 0.9698 -0.2434
vn 0.4064 0.8949 0.1846
vn -0.0188 0.9699 -0.2428
vn -0.0207 0.9703 -0.2409
vn 0.034 0.9591 -0.281
vn 0.0224 0.9549 -0.2961
vn 0.0233 0.9547 -0.2966
vn 0.5685 0.6587 -0.493
vn 0.7061 0.6831 -0.1865
vn 0.0277 0.9649 -0.2611
vn 0.7834 -0.0334 -0.6206
vn 0.51 -0.1886 -0.8393
vn 0.9593 0.0273 -0.2809
vn 1 -0.0002 -0.0008
vn 0.8605 -0.133 -0.4917
vn 0.5102 -0.2246 -0.8302
vn -0.0031 -0.2227 -0.9749
vn -0.0049 -0.2612 -0.9653
vn -0.7264 -0.1099 -0.6784
vn -0.7276 -0.1792 -0.6622
vn -0.728 0.1791 0.6618
vn -0.7233 0.2664 0.6371
vn -0.0025 0.2611 0.9653
vn -0.0039 0.2967 0.955
vn 0.5092 0.2642 0.8191
vn 0.5108 0.2245 0.8298
vn 0.8665 0.1625 0.472
vn 0.9993 0.0363 -0.0089
vn 1 0.0004 0.0014
vn 0.7061 0.684 -0.1832
vn 0.5875 0.7955 0.1486
vn 0.3395 0.8761 0.3423
vn 0.0287 0.9649 -0.261
vn 0.02 0.973 -0.23
vn 0.0316 0.9698 -0.2417
vn 0.0442 0.8402 0.5405
vn -0.0001 0.9719 -0.2352
vn 0.0312 0.9696 -0.2426
vn -0.0183 0.9601 -0.279
vn 0.0193 0.9729 -0.2306
vn -0 0.9724 -0.2335
vn -0.44 0.8938 0.0868
vn 0.0213 0.9616 -0.2736
vn 0.0021 0.9723 -0.2335
vn -0.0154 0.9692 -0.2457
vn -0.0002 0.9723 -0.2337
vn 0.0175 0.9603 -0.2783
vn -0.0003 0.9729 -0.2314
vn 0.4059 0.6804 -0.6102
vn 0.0157 0.9609 -0.2765
vn -0.0262 0.9649 -0.2611
vn -0.017 0.9597 -0.2804
vn 0.0212 0.9697 -0.2434
vn -0.0262 0.965 -0.2611
vn -0.0262 0.965 -0.261
vn -0.0284 0.9647 -0.2617
vn -0.0174 0.9605 -0.2779
vn 0.0197 0.9701 -0.2418
vn -0.0175 0.9604 -0.2779
vn -0.0004 0.9543 -0.299
vn 0.0197 0.9701 -0.2419
vn -0.0003 0.9549 -0.297
vn -0.7016 -0.1407 -0.6985
vn 0.7016 -0.1403 -0.6986
vn 0.7016 0.2243 0.6763
vn 0.7025 0.1859 0.687
vn 0.7023 -0.1859 -0.6872
vn -0.7023 -0.1859 -0.6871
vn -0.7024 0.1859 0.6871
vn -0.8085 0.376 0.4528
vn 0.0281 0.9649 -0.261
vn -0.0022 0.4976 -0.8674
vn -0.4208 0.6849 -0.5948
vn -0.0001 0.9553 -0.2956
vn 0.3538 0.5598 -0.7493
vn 0.0224 0.9549 -0.2961
vn -0.0001 0.9548 -0.2971
vn -0.0206 0.9703 -0.2409
vn -0.0003 0.9549 -0.2969
vn 0.0186 0.9704 -0.2408
vn -0.0333 0.9601 -0.2776
vn 0.0281 0.9649 -0.2612
vn -0.0221 0.9699 -0.2424
vn 0.0166 0.959 -0.283
vn -0.4055 0.6809 -0.6099
vn -0.0166 0.9606 -0.2773
vn -0.5327 0.8354 0.1355
vn 0.0179 0.9697 -0.2435
vn 0.4064 0.8949 0.1844
vn -0.0188 0.9699 -0.2427
vn -0.0207 0.9703 -0.2409
vn 0.034 0.9591 -0.2811
vn 0.0233 0.9547 -0.2965
vn 0.5685 0.6587 -0.493
vn 0.7061 0.6831 -0.1865
vn 0.0277 0.9649 -0.2611
vn 0.7848 -0.0317 -0.619
vn 0.51 -0.1886 -0.8393
vn 1 -0.0005 -0.0018
vn 0.86 -0.1332 -0.4926
vn 0.9147 0.277 -0.2941
vn 0.5102 -0.2246 -0.8302
vn -0.0031 -0.2227 -0.9749
vn -0.0049 -0.2612 -0.9653
vn -0.7264 -0.1099 -0.6784
vn -0.7276 -0.1792 -0.6622
vn -0.728 0.1791 0.6618
vn -0.7233 0.2665 0.637
vn -0.0037 0.2612 0.9653
vn -0.002 0.2993 0.9542
vn 0.5193 0.2612 0.8137
vn 0.5103 0.2246 0.8302
vn 0.8665 0.165 0.4711
vn 0.86 0.1333 0.4926
vn 0.999 0.0374 -0.0225
vn 0.7061 0.684 -0.1832
vn 0.5875 0.7955 0.1486
vn 0.3395 0.8761 0.3424
vn 0.0287 0.9649 -0.261
vn 0.02 0.973 -0.2301
vn 0.0316 0.9698 -0.2418
vn 0.0441 0.8401 0.5406
vn -0.0001 0.9719 -0.2352
vn 0.0312 0.9696 -0.2426
vn -0.0183 0.9601 -0.279
vn 0.0193 0.9729 -0.2305
vn 0.0193 0.9729 -0.2306
vn -0 0.9724 -0.2335
vn -0.44 0.8938 0.0867
vn 0.0213 0.9616 -0.2737
vn 0.0021 0.9723 -0.2336
vn -0.0154 0.9692 -0.2458
vn -0.0002 0.9723 -0.2337
vn 0.0176 0.9603 -0.2783
vn -0.0004 0.9728 -0.2315
vn 0.4059 0.6804 -0.6102
vn 0.0157 0.9609 -0.2765
vn -0.0262 0.9649 -0.2611
vn -0.017 0.9597 -0.2804
vn 0.0212 0.9697 -0.2434
vn 0.0175 0.9603 -0.2783
vn -0.0262 0.965 -0.2611
vn -0.0283 0.9647 -0.2617
vn -0.0174 0.9605 -0.2778
vn 0.0197 0.9701 -0.2419
vn -0.0174 0.9605 -0.2779
vn -0.0004 0.9543 -0.2989
vn -0.7016 -0.1358 -0.6995
vn 0.7016 -0.1435 -0.6979
vn 0.7016 0.2261 0.6757
vn 0.7024 0.1859 0.6871
vn 0.7023 -0.1859 -0.6871
vn -0.7023 -0.1859 -0.6872
vn -0.7025 0.1859 0.687
vn -0.7017 0.2257 0.6758
vn 0.0281 0.9649 -0.261
vn 1 0.0007 0.0024
vn -0.0022 0.4975 -0.8674
vn -0.4208 0.6849 -0.5949
vn -0.0001 0.9554 -0.2954
vn 0.3538 0.5598 -0.7493
vn 0.0224 0.9549 -0.296
vn -0.0001 0.9548 -0.2971
vn -0.0206 0.9703 -0.2409
vn -0.0003 0.9549 -0.297
vn 0.0186 0.9704 -0.2409
vn -0.0333 0.9601 -0.2776
vn 0.0281 0.9649 -0.2612
vn -0.0221 0.9699 -0.2424
vn 0.0166 0.959 -0.283
vn -0.4055 0.6808 -0.6099
vn -0.0165 0.9607 -0.2772
vn -0.5327 0.8354 0.1355
vn 0.0179 0.9697 -0.2435
vn 0.4064 0.8949 0.1844
vn -0.0189 0.97 -0.2426
vn -0.0207 0.9703 -0.2409
vn 0.034 0.9591 -0.2811
vn 0.0233 0.9548 -0.2965
vn 0.5684 0.6587 -0.493
vn 0.7061 0.6831 -0.1866
vn 0.0278 0.9649 -0.2611
vn 0.7865 -0.0295 -0.6169
vn 0.5105 -0.1912 -0.8384
vn 1 -0.0005 -0.0019
vn 0.8597 -0.1334 -0.4931
vn 0.9147 0.277 -0.2942
vn 0.5093 -0.2248 -0.8307
vn -0.0031 -0.2227 -0.9749
vn -0.0049 -0.2612 -0.9653
vn -0.7276 -0.1792 -0.6622
vn -0.8271 0.1172 -0.5497
vn -0.728 0.1791 0.6618
vn -0.7233 0.2665 0.637
vn -0.0037 0.2612 0.9653
vn -0.002 0.2994 0.9541
vn 0.5193 0.2613 0.8136
vn 0.5103 0.2246 0.8302
vn 0.8665 0.1625 0.472
vn 0.9993 0.0363 -0.0089
vn 1 0.0004 0.0014
vn 0.7061 0.684 -0.1831
vn 0.5875 0.7955 0.1486
vn 0.3395 0.876 0.3425
vn 0.0287 0.9649 -0.261
vn 0.02 0.973 -0.2301
vn 0.0316 0.9698 -0.2418
vn 0.0441 0.8401 0.5407
vn -0.0001 0.972 -0.235
vn 0.0312 0.9696 -0.2426
vn -0.0183 0.9601 -0.279
vn 0.0193 0.9729 -0.2306
vn 0.0193 0.9729 -0.2305
vn -0 0.9724 -0.2335
vn -0.4399 0.8938 0.0865
vn 0.0213 0.9616 -0.2737
vn 0.0021 0.9723 -0.2336
vn -0.0154 0.9692 -0.2458
vn -0.0002 0.9723 -0.2336
vn 0.0176 0.9603 -0.2783
vn -0.0003 0.9728 -0.2317
vn 0.4059 0.6804 -0.6102
vn 0.0157 0.9609 -0.2766
vn -0.0262 0.9649 -0.2611
vn -0.017 0.9597 -0.2804
vn 0.0212 0.9697 -0.2434
vn 0.0175 0.9603 -0.2783
vn -0.0262 0.965 -0.2611
vn -0.0261 0.965 -0.261
vn -0.0284 0.9647 -0.2617
vn -0.0174 0.9606 -0.2775
vn 0.0197 0.9701 -0.2418
vn -0.0175 0.9606 -0.2775
vn -0.0005 0.9543 -0.2989
vn -0.7016 -0.1406 -0.6985
vn 0.7016 -0.1402 -0.6986
vn 0.7017 0.2243 0.6763
vn 0.7025 0.1859 0.687
vn 0.7023 -0.1859 -0.6872
vn -0.7023 -0.1859 -0.6871
vn -0.7024 0.1859 0.6871
vn -0.8085 0.3759 0.4528
vn 0.0281 0.9649 -0.261
vn -0.3728 0.8966 -0.2389
vn -0.2789 0.9568 -0.0817
vn -0.0017 0.9654 -0.2607
vn -0.17 0.9852 0.0227
vn -0.0012 0.9656 -0.26
vn 0.0444 0.9641 -0.2617
vn -0.0048 0.9657 -0.2597
vn 0.0316 0.9607 -0.2757
vn -0.3897 0.8889 -0.2409
vn -0.0075 0.9655 -0.2604
vn -0.761 0.6281 -0.1627
vn -0.5568 0.8253 0.0938
vn -0.7792 0.6054 -0.1621
vn -0.9999 0.0114 0.0119
vn -0.9997 0.0182 -0.0179
vn -0.4686 0.4809 0.741
vn -1 -0.0001 -0.0004
vn -1 0.0001 0.0005
vn -0.7016 0.1921 0.6861
vn 0.0118 0.29 0.9569
vn -0.0013 0.8382 0.5453
vn 0.0004 0.2698 0.9629
vn -0.3881 0.8511 0.3536
vn -0.0053 0.9962 0.087
vn -0.0014 0.9798 -0.1998
vn -0.0105 0.9964 0.0843
vn -0.0004 0.9706 -0.2405
vn -0.0009 0.9761 -0.2171
vn -0.0275 0.9584 -0.2842
vn -0.0009 0.9655 -0.2604
vn -0.0008 0.9707 -0.2404
vn 0.0363 0.9552 -0.2937
vn 0.0268 0.9737 -0.2264
vn -0.026 0.4259 -0.9044
vn -0.0264 0.955 -0.2954
vn 0.0333 0.9938 -0.1058
vn -0.5198 0.8454 -0.1228
vn -0.0249 0.9706 -0.2394
vn -0.6661 0.7287 -0.1591
vn 0.1353 0.9573 0.2554
vn 0.0199 0.9688 -0.247
vn 0.0353 0.9001 0.4342
vn 0.0149 0.9698 -0.2434
vn 0.0035 0.9589 -0.2839
vn -0.0101 0.9701 -0.2425
vn 0.0446 0.9645 -0.2602
vn -0.0154 0.9691 -0.2461
vn 0.0409 0.9582 -0.2833
vn 0.0223 0.9556 -0.2938
vn -0.0008 0.9585 -0.285
vn 0.0004 0.9584 -0.2853
vn 0.0028 0.545 -0.8384
vn 0.022 0.9557 -0.2936
vn 0.0407 0.9589 -0.2808
vn 0.587 0.6546 -0.4764
vn 0.0031 -0.1378 -0.9904
vn 0.2856 0.6074 -0.7413
vn 0.8214 -0.0011 -0.5703
vn -0.0725 -0.0591 -0.9956
vn -0.001 0.544 -0.8391
vn -0.0007 0.5435 -0.8394
vn -0.0009 0.9588 -0.2842
vn -0.0009 0.9587 -0.2844
vn -0 -0.2798 -0.9601
vn 0.004 -0.2797 -0.9601
vn -0 -0.2797 -0.9601
vn -0.0702 -0.0653 -0.9954
vn -0.0045 -0.2797 -0.9601
vn -0.0064 -0.1356 -0.9907
vn -0.5497 -0.2332 -0.8021
vn -0.5569 0.0277 -0.8301
vn -0.0038 0.5444 -0.8388
vn -0.3397 0.6184 -0.7087
vn -0.8891 0.024 -0.4572
vn -0.8532 -0.1414 -0.502
vn -0.7733 0.6126 -0.1637
vn -0.9998 0.0214 -0.0028
vn -0.6928 0.5272 -0.4921
vn -1 0.0072 -0.0065
vn -1 0.004 0.0067
vn -0.9997 0.0221 0.0047
vn -0.8423 0.1595 0.5148
vn -0.792 0.6103 -0.015
vn -0.6166 0.758 0.2126
vn -0.4001 0.3 0.866
vn -0.8411 0.1469 0.5206
vn -0.3998 0.7397 0.5413
vn 0.0262 0.4217 0.9064
vn -0.0014 0.2702 0.9628
vn -0.5367 0.2282 0.8123
vn 0.0008 0.2702 0.9628
vn 0.2263 0.2447 0.9428
vn 0.5367 0.2282 0.8123
vn 0.0758 0.7625 0.6426
vn 0.2727 0.6792 0.6814
vn 0.4211 0.7645 0.4881
vn 0.6282 0.7452 0.2239
vn 0.3797 0.4602 0.8026
vn 0.8411 0.1468 0.5206
vn 0.7626 0.381 0.5228
vn 0.9844 0.1407 -0.1055
vn 1 0.004 0.0067
vn 1 0.007 -0.0066
vn 0.8525 -0.1416 -0.5032
vn 0.9475 0.0442 -0.3166
vn 0.6966 0.7037 -0.1398
vn 0.794 0.5874 -0.1569
vn 0.3952 0.0498 -0.9173
vn 0.549 -0.2332 -0.8026
vn 0.0392 0.9658 -0.2562
vn 0.0568 0.9645 -0.2578
vn 0.0392 0.9712 -0.235
vn 0.0403 0.9716 -0.2332
vn 0.0012 0.9619 -0.2734
vn 0.0444 0.9642 -0.2613
vn 0.028 0.9767 -0.2127
vn -0.0095 0.9618 -0.2736
vn -0.0121 0.9633 -0.2681
vn 0.0581 0.9632 -0.2625
vn -0.0131 0.9633 -0.2682
vn -0.0101 0.9617 -0.2739
vn -0.3105 0.8422 -0.4408
vn -0.6074 0.6126 -0.5057
vn -0.3322 0.5386 -0.7743
vn -0.1771 0.7858 -0.5925
vn -0.0014 0.9568 -0.2909
vn -0.044 0.7526 -0.657
vn -0.706 -0.1543 -0.6912
vn 0.0131 -0.2546 -0.967
vn -0.1497 0.4727 -0.8684
vn -0 -0.2541 -0.9672
vn -0.0007 0.3766 -0.9264
vn -0.0001 0.7998 -0.6003
vn -0.0445 0.4181 -0.9073
vn -0 -0.2556 -0.9668
vn -0.0008 0.9595 -0.2816
vn -0.0102 0.814 -0.5807
vn -0.0004 0.9615 -0.2748
vn -0.0152 0.9653 -0.2608
vn -0.0002 0.9595 -0.2816
vn 0.0081 0.9858 -0.1675
vn 0.0174 0.86 -0.5101
vn 0.001 0.9647 -0.2633
vn 0.1165 0.8902 -0.4405
vn -0.0011 0.9687 -0.2482
vn -0.0007 0.9641 -0.2655
vn -0.0932 0.9674 -0.2355
vn 0.0009 0.9648 -0.2629
vn -0.0276 0.9761 -0.2155
vn 0.0005 0.9869 -0.1612
vn -0.0377 0.9707 -0.2371
vn 0.0008 0.9648 -0.2632
vn -0.056 0.963 -0.2635
vn 0.0013 0.9651 -0.262
vn -0.038 0.9659 -0.2561
vn -0.0382 0.9711 -0.2357
vn -0.042 0.9644 -0.2611
vn -0.0011 0.9648 -0.2631
vn 0.2891 0.9242 -0.2497
vn 0.1931 0.9104 -0.3659
vn 0.0026 0.9655 -0.2603
vn 0.0014 0.965 -0.2622
vn 0.7793 0.6053 -0.1621
vn 0.6074 0.6126 -0.5058
vn 0.0017 0.377 -0.9262
vn 0.4078 0.4362 -0.8021
vn 0.7067 -0.1541 -0.6905
vn -0.0139 -0.2551 -0.9668
vn -0 -0.2695 -0.963
vn 0.7121 -0.1893 -0.6761
vn -0 -0.2695 -0.963
vn -0 -0.2695 -0.963
vn 0.0001 -0.2696 -0.963
vn -0.7116 -0.1896 -0.6765
vn 1 -0.0002 -0.0004
vn 0.9612 0.0562 -0.2701
vn 1 0.0001 0.0005
vn 0.9998 0.0179 -0.0021
vn 0.763 0.6266 -0.1587
vn 0.2369 0.9421 -0.2372
vn 0.5453 0.8259 0.1434
vn 0.7062 0.2319 0.6689
vn -0.0008 0.9655 -0.2605
vn 0.2308 0.9561 -0.1806
vn -0.0031 0.9654 -0.2606
vn -0.0239 0.9634 -0.2671
vn -0.0003 0.9655 -0.2603
vn -0.0419 0.964 -0.2627
vn -0.001 0.9697 -0.2444
vn -0.0073 0.9685 -0.2489
vn 0.0144 0.9604 -0.2782
vn 0.0061 0.9683 -0.2497
vn 0.0989 0.9905 -0.0956
vn 0.6245 0.7448 -0.2352
vn 0.0041 0.964 -0.2659
vn 0.0346 0.9797 -0.1974
vn -0.2766 0.6585 -0.7
vn -0.0228 0.9551 -0.2955
vn -0.0279 0.4445 -0.8954
vn -0.0008 0.9686 -0.2485
vn -0.0114 0.9686 -0.2482
vn -0.0309 0.9583 -0.284
vn 0.0005 0.9999 0.0113
vn -0.001 0.9651 -0.262
vn -0.0002 0.9993 0.0386
vn -0.0008 0.9687 -0.2483
vn 0.0307 0.9568 -0.2892
vn 0.0046 0.9705 -0.2412
vn 0.0259 0.9556 -0.2934
vn -0.0068 0.9682 -0.2499
vn -0.0159 0.9682 -0.2498
vn 0.02 0.9601 -0.2791
vn 0.0194 0.9663 -0.2568
vn 0.6392 0.731 -0.239
vn -0.1327 0.726 -0.6747
vn -0.0284 0.9545 -0.297
vn -0.0378 0.5825 -0.812
vn 0.0325 0.9091 0.4154
vn -0.0877 0.9772 -0.1934
vn 0.4971 0.8299 0.2534
vn -0.0165 0.9693 -0.2452
vn 0.0072 0.9702 -0.2423
vn -0.0053 0.9589 -0.2838
vn -0.014 0.9688 -0.2476
vn -0.0009 0.9588 -0.2842
vn 0.0127 0.9693 -0.2457
vn 0.0043 0.9689 -0.2473
vn -0.0053 0.9589 -0.2838
vn -0.0018 0.9584 -0.2853
vn -0.0229 0.9559 -0.2926
vn -0.0232 0.9558 -0.293
vn -0.001 0.9585 -0.2851
vn 0.0087 0.9683 -0.2498
vn -0.0405 0.9585 -0.2823
vn -0.0233 0.9558 -0.293
vn -0.0523 0.9647 -0.258
vn -0.0403 0.9591 -0.2801
vn -0.0421 0.9646 -0.2603
vn -0.0196 0.9704 -0.2407
vn -0.5826 0.7935 -0.176
vn 0.1636 0.9656 0.202
vn 0.0337 0.9218 0.3862
vn 0.0133 0.9656 -0.2595
vn 0.0052 0.3317 0.9434
vn -0.1399 0.7029 0.6974
vn -0.4387 0.8924 0.1057
vn 0.72 0.1656 0.6739
vn 0.399 0.9021 0.1641
vn 0.9819 0.1226 -0.1442
vn 0.9996 0.0219 -0.0164
vn 0.7098 0.2019 0.6749
vn 1 -0.0021 -0.0071
vn 1 0.0015 0.0049
vn 0.6587 -0.297 -0.6913
vn 0.4817 0.7282 -0.4874
vn 0.7074 -0.2001 -0.6779
vn -0.0108 -0.2745 -0.9615
vn 0.0093 -0.283 -0.9591
vn -0.2616 -0.2938 -0.9194
vn -0.6316 -0.2973 -0.716
vn -0.7074 -0.2001 -0.6779
vn -0.4939 0.6991 -0.5171
vn -0.622 0.6619 -0.4184
vn -0.9992 0.0381 -0.008
vn -0.9997 0.0226 -0.0007
vn -1 -0.0021 -0.0071
vn -1 0.0015 0.0049
vn -0.5577 0.7502 0.3553
vn -0.7098 0.2019 0.6749
vn -0.0072 0.2866 0.958
vn 0.0045 0.2866 0.958
vn -0.652 0.7395 -0.1672
vn -0.0265 0.9726 -0.231
vn -0.0395 0.9426 -0.3314
vn -0.016 0.9694 -0.2448
vn 0.0135 0.9701 -0.2423
vn 0.0041 0.9705 -0.2411
vn -0.0165 0.9693 -0.2453
vn 0.0055 0.3343 0.9424
vn -0.1384 0.6926 0.7079
vn -0.4174 0.8954 0.155
vn -0.8549 0.432 0.2872
vn -0.9996 0.0054 0.0273
vn -0.0072 0.2866 0.958
vn -0.7097 0.2019 0.6749
vn -1 -0.0021 -0.007
vn -1 0.0015 0.0049
vn -0.9987 0.0512 0.0055
vn -0.6936 -0.2887 -0.66
vn -0.002 -0.2716 -0.9624
vn -0.7074 -0.2001 -0.6779
vn 0.0079 -0.283 -0.9591
vn -0.0093 -0.283 -0.9591
vn -0.0775 -0.2017 -0.9764
vn 0.719 -0.2817 -0.6353
vn 0.7074 -0.2001 -0.6779
vn 0.9997 0.0184 -0.0131
vn 1 -0.0021 -0.0071
vn 1 0.0015 0.0049
vn 0.7055 0.1686 0.6883
vn 0.7098 0.2019 0.6749
vn 0.9144 0.3707 -0.1626
vn 0.0045 0.2867 0.958
vn 0.3863 0.9046 0.1803
vn 0.3712 0.684 -0.6279
vn -0.3795 0.6937 -0.6122
vn -0 0.8382 0.5454
vn 0.0014 0.8383 0.5452
vn 0.0342 0.8555 0.5167
vn -0 0.2856 0.9583
vn -0.0121 0.2896 0.9571
vn 0.2095 0.4703 0.8573
vn -0 0.2697 0.9629
vn -0.0001 0.2698 0.9629
vn -0 0.2697 0.9629
vn 0.7025 0.192 0.6853
vn 0.3021 0.892 0.3363
vn -0.0022 0.9849 -0.173
vn 0.03 0.977 -0.2113
vn -0.0036 0.9859 -0.167
vn -0.0147 0.9677 -0.2518
vn 0.4626 0.8275 -0.3183
vn 0.6446 0.7282 -0.2329
vn 0.0266 0.9569 -0.2892
vn 0.9992 0.0382 -0.0074
vn 0.8365 0.5457 -0.0501
vn 0.4313 0.8969 0.0972
vn 0.6365 -0.2948 -0.7127
vn 1 -0.0021 -0.0071
vn 1 0.0015 0.005
vn 0.8602 0.4203 0.2889
vn 0.7097 0.2019 0.6749
vn 0.0053 0.3281 0.9446
vn 0.0045 0.2865 0.9581
vn -0.0032 0.3313 0.9435
vn -0.0072 0.2866 0.958
vn -0.72 0.1657 0.6739
vn -0.9998 0.0195 -0.0065
vn -0.7097 0.2019 0.6749
vn -1 -0.0021 -0.0071
vn -1 0.0015 0.0049
vn -0.9987 0.0515 0.0058
vn -0.6684 -0.2955 -0.6826
vn 0.0002 -0.2801 -0.96
vn -0.7074 -0.2001 -0.6779
vn 0.0011 -0.2827 -0.9592
vn 0.0093 -0.283 -0.9591
vn 0.7074 -0.2001 -0.6779
vn 0.4868 0.6846 -0.5426
vn -0.4721 0.716 -0.5142
vn -0.3986 0.9016 0.1682
vn -0 0.9653 -0.2611
vn -0 0.9653 -0.2611
vn -0 0.9653 -0.2611
vn -0 1 0.0054
vn -0.1935 0.9675 -0.1625
vn -0.1384 0.9678 -0.2102
vn -0.2331 0.9672 -0.1012
vn -0.0723 0.968 -0.2405
vn -0.2537 0.9668 -0.0313
vn -0.2539 0.9663 0.0415
vn -0 0.968 -0.251
vn -0 0.9652 0.2616
vn -0.0724 0.9651 0.2516
vn 0.0724 0.9651 0.2515
vn -0.1389 0.9653 0.2213
vn 0.194 0.9655 0.1735
vn 0.1389 0.9653 0.2213
vn 0.2334 0.9659 0.1118
vn -0.2334 0.9659 0.1118
vn -0.194 0.9655 0.1735
vn 0.1384 0.9678 -0.2103
vn 0.1935 0.9675 -0.1627
vn 0.0723 0.968 -0.2404
vn 0.2331 0.9672 -0.1012
vn 0.2539 0.9663 0.0416
vn 0.2538 0.9668 -0.0311
vn 0.524 0.8477 0.083
vn 0.5222 0.8499 -0.0712
vn 0.4826 0.8496 -0.2125
vn 0.8891 0.4576 0.0119
vn 0.8511 0.455 0.262
vn 0.9898 -0.0018 0.1422
vn 0.9 0.3746 -0.2229
vn 0.9898 0.0018 -0.1423
vn 0.7778 0.5166 0.358
vn 0.9099 -0.0052 0.4147
vn 0.6467 0.5145 0.5631
vn 0.7558 -0.0082 0.6548
vn 0.3997 0.8469 0.3508
vn 0.4806 0.8478 0.2241
vn 0.2862 0.8461 0.4496
vn 0.3622 0.4493 0.8167
vn 0.5404 -0.0104 0.8413
vn 0.2414 0.5117 0.8246
vn 0.2819 -0.012 0.9594
vn 0.1492 0.8456 0.5125
vn -0 0.5128 0.8585
vn -0 -0.0125 0.9999
vn -0.0005 0.842 0.5395
vn -0.1469 0.845 0.5142
vn -0.463 0.5128 0.723
vn -0.2862 0.8461 0.4496
vn -0.4069 0.2727 0.8718
vn -0.2816 -0.012 0.9595
vn -0.5409 -0.0106 0.841
vn -0.7556 -0.0082 0.655
vn -0.6467 0.5145 0.5632
vn -0.4018 0.8463 0.3498
vn -0.7778 0.5166 0.3579
vn -0.4807 0.8478 0.2241
vn -0.9097 -0.0052 0.4153
vn -0.8456 0.5191 0.1243
vn -0.5227 0.8488 0.0796
vn -0.9898 -0.0018 0.1425
vn -0.8448 0.5217 -0.1187
vn -0.5222 0.8499 -0.0706
vn -0.9898 0.0018 -0.1422
vn -0.9097 0.0053 -0.4153
vn -0.7757 0.5242 -0.3515
vn -0.4793 0.8505 -0.2166
vn -0.644 0.5263 -0.5552
vn -0.398 0.8519 -0.3403
vn -0.4604 0.528 -0.7136
vn -0.2885 0.851 -0.4389
vn -0.5406 0.0105 -0.8412
vn -0.7557 0.0082 -0.6548
vn -0.2815 0.012 -0.9595
vn -0.2398 0.5291 -0.814
vn -0 0.0126 -0.9999
vn -0 0.528 -0.8493
vn 0.2398 0.5291 -0.814
vn 0.282 0.0121 -0.9593
vn 0.1482 0.853 -0.5004
vn -0 0.8532 -0.5216
vn -0.1514 0.852 -0.5012
vn 0.2878 0.8516 -0.4382
vn 0.4604 0.5279 -0.7137
vn 0.4012 0.8508 -0.3392
vn 0.7521 0.4626 -0.4693
vn 0.7559 0.0082 -0.6546
vn 0.5406 0.0103 -0.8412
vn 0.9097 0.0052 -0.4152
vn 0.4913 -0.4806 0.7264
vn -0 -0.6843 0.7292
vn 0.2529 -0.238 0.9378
vn -0.0001 -0.343 0.9393
vn -0.2529 -0.238 0.9377
vn -0.5463 -0.4636 0.6975
vn -0.3575 0.0148 0.9338
vn -0.7207 0.0612 0.6905
vn -0.2521 0.2674 0.93
vn -0.4729 0.555 0.6844
vn -0 0.3718 0.9283
vn 0.0507 0.7292 0.6824
vn 0.4898 0.5012 0.7134
vn 0.6939 0.0116 0.72
vn 0.2524 0.2669 0.9301
vn 0.3574 0.0152 0.9338
vn 0.7071 0.7071 0.0025
vn 1 0.0002 0.0098
vn 0.7072 -0.7068 0.0167
vn -0 -0.9999 0.0173
vn -0.1862 -0.9671 -0.1736
vn 0.7264 -0.6873 -0.0047
vn 0.959 -0.1924 -0.2081
vn 0.4966 -0.495 -0.713
vn -0 -0.7034 -0.7108
vn 0.4919 0.4801 -0.7264
vn 0.7406 -0.0604 -0.6693
vn 0.7323 0.6807 -0.0197
vn 0.2529 0.238 -0.9378
vn 0.3575 -0.0152 -0.9338
vn 0.2524 -0.2669 -0.9301
vn -0 -0.3718 -0.9283
vn -0.4708 -0.5476 -0.6918
vn -0.2524 -0.2669 -0.9301
vn -0.7143 -0.0579 -0.6974
vn -0.3576 -0.0148 -0.9338
vn -0.5387 0.4615 -0.7049
vn -0.2529 0.238 -0.9377
vn -0.0473 0.7044 -0.7082
vn -0 0.343 -0.9393
vn -0.7072 0.7068 -0.0168
vn 0.186 0.9702 -0.1554
vn -0 1 0.0023
vn -0.7071 0.7071 0.0026
vn -1 0.0001 0.0097
vn -1 -0.0011 -0.0098
vn -0.7072 -0.7068 0.0167
vn -0.7067 -0.7075 -0.0025
vn 0.7055 -0.0014 0.7087
vn 0.5034 -0.4928 0.7098
vn 0.3728 -0.002 0.9279
vn 0.012 -0.6969 0.7171
vn 0.2684 -0.2549 0.929
vn 0.0155 -0.3599 0.9329
vn -0.2374 -0.255 0.9373
vn -0.5347 -0.4761 0.6982
vn -0.342 -0.0016 0.9397
vn -0.7094 0.0489 0.7031
vn -0.2369 0.2508 0.9386
vn -0.4617 0.5428 0.7016
vn 0.0155 0.355 0.9347
vn 0.062 0.7172 0.6941
vn 0.5015 0.4882 0.7143
vn 0.268 0.2505 0.9303
vn 0.7072 0.707 0.0036
vn 1 -0 -0.0058
vn 0.0002 0.9998 0.0189
vn 0.9615 -0.1891 -0.1996
vn 0.6867 0.7267 -0.0174
vn -0.012 0.6969 -0.7171
vn 0.4797 0.4932 -0.7257
vn 0.1818 0.9527 -0.2437
vn 0.6824 0.0015 -0.731
vn -0.7072 0.707 0.006
vn -0.5033 0.4927 -0.7099
vn -0.7068 0.7069 0.0255
vn -0.2683 0.2549 -0.929
vn -0.0154 0.3598 -0.9329
vn 0.2374 0.255 -0.9373
vn 0.342 0.0018 -0.9397
vn 0.2371 -0.2505 -0.9387
vn -0.0155 -0.355 -0.9347
vn 0.4595 -0.5355 -0.7086
vn -0.0621 -0.7171 -0.6942
vn -0.4822 -0.535 -0.6937
vn -0.2679 -0.2503 -0.9304
vn -0.7254 -0.0454 -0.6869
vn -0.3728 0.0021 -0.9279
vn -0.7072 -0.707 -0.0037
vn -0.9744 0.1832 -0.1304
vn -0.9997 -0.0001 0.0251
vn -0.7069 -0.7071 0.0157
vn 0.0001 -1 0.0005
vn -0.0004 -0.9998 -0.0191
vn 0.7072 -0.707 -0.0061
vn 0.5396 -0.8011 -0.259
vn 0.5082 0.4877 0.7098
vn 0.7117 -0.0014 0.7025
vn 0.2763 0.2501 0.928
vn 0.5097 -0.4926 0.7054
vn 0.3812 -0.0021 0.9245
vn 0.0186 -0.6969 0.7169
vn 0.2772 -0.2547 0.9265
vn -0.473 -0.4932 0.73
vn 0.024 -0.3597 0.9328
vn -0.2288 -0.255 0.9395
vn -0.3335 -0.002 0.9428
vn -0.7031 0.0489 0.7094
vn -0.2286 0.2506 0.9407
vn -0.4555 0.5429 0.7055
vn 0.024 0.3549 0.9346
vn 0.0684 0.7174 0.6933
vn -0.7066 0.7069 0.0315
vn -0.1814 0.9647 0.1907
vn 0.7072 0.707 -0.0025
vn 0.9999 -0 -0.0143
vn 0.9597 -0.1892 -0.2079
vn 0.6865 0.7268 -0.0234
vn -0.0187 0.6971 -0.7168
vn 0.4731 0.4932 -0.73
vn 0.1794 0.9527 -0.2451
vn 0.6758 0.0015 -0.7371
vn -0.7071 0.707 0.012
vn -0.5096 0.4925 -0.7055
vn -0.2768 0.2548 -0.9265
vn -0.0241 0.3598 -0.9327
vn 0.2289 0.255 -0.9395
vn 0.3335 0.002 -0.9428
vn 0.472 -0.4882 -0.7341
vn 0.2282 -0.2507 -0.9408
vn 0.7066 -0.7069 -0.0314
vn -0.024 -0.3548 -0.9346
vn 0.0332 -0.7171 -0.6962
vn 0.1815 -0.9646 -0.1914
vn -0.8198 -0.5578 -0.1298
vn -0.2765 -0.2505 -0.9278
vn -0.573 -0.5152 -0.6373
vn -0.7314 -0.0453 -0.6805
vn -0.3812 0.0015 -0.9245
vn -0.9755 0.1833 -0.122
vn -0.9994 -0.0001 0.0337
vn -0.7068 -0.7071 0.0219
vn 0.0002 -1 0.0004
vn 0.7071 -0.707 -0.0121
vn 0.694 -0.0014 0.72
vn 0.4915 -0.4929 0.718
vn 0.3574 -0.0021 0.934
vn 0.2526 0.2505 0.9346
vn -0 -0.6971 0.7169
vn 0.2532 -0.2548 0.9333
vn -0 -0.3597 0.9331
vn -0.253 -0.255 0.9333
vn -0.546 -0.4758 0.6896
vn -0.3574 -0.0017 0.9339
vn -0.7206 0.0489 0.6917
vn -0.2526 0.2504 0.9346
vn -0.473 0.5427 0.6941
vn -0 0.3549 0.9349
vn 0.0508 0.7172 0.695
vn 0.4728 0.5425 0.6944
vn -0.7071 0.707 0.0145
vn -0.1862 0.9647 0.1863
vn 0.7071 0.707 0.0146
vn 0.9993 0.0361 0.0132
vn 0.9644 -0.189 -0.1847
vn 0.6871 0.7265 -0.0069
vn -0 0.6969 -0.7171
vn 0.4915 0.4929 -0.718
vn 0.1861 0.9526 -0.2408
vn 0.6939 0.0014 -0.72
vn 0.4899 -0.4884 -0.7221
vn 0.7075 -0.7067 0.0049
vn 0.6333 -0.6721 -0.3837
vn -0 -0.6908 -0.7231
vn -0 -1 0.0003
vn -0.0279 -0.9234 -0.3828
vn -0.8166 -0.5485 0.18
vn -0.8115 -0.5435 -0.2146
vn -0.9644 0.189 0.1847
vn -0.487 -0.5565 -0.6732
vn -0.9993 -0.0361 -0.0132
vn -0.7401 -0.0486 -0.6707
vn -0.5579 0.8178 -0.1415
vn -0.5596 0.4897 -0.6686
vn -0.3574 0.002 -0.9339
vn -0.2529 0.255 -0.9333
vn -0 0.3599 -0.933
vn 0.253 0.255 -0.9333
vn 0.3574 0.0021 -0.934
vn 0.2526 -0.2506 -0.9346
vn -0 -0.3549 -0.9349
vn -0.2522 -0.2509 -0.9346
vn 0.6843 -0.0014 0.7292
vn 0.4817 -0.493 0.7245
vn 0.3447 -0.002 0.9387
vn 0.2398 0.2505 0.9379
vn -0.0099 -0.6969 0.7171
vn 0.2401 -0.255 0.9366
vn -0.0128 -0.3599 0.9329
vn -0.2656 -0.2548 0.9298
vn -0.5553 -0.4758 0.6821
vn -0.3702 -0.0021 0.929
vn -0.7296 0.0489 0.6821
vn -0.2654 0.2507 0.931
vn -0.4822 0.5424 0.6879
vn -0.0128 0.3549 0.9348
vn 0.0413 0.7171 0.6957
vn 0.4636 0.5427 0.7004
vn -0.7072 0.707 0.0057
vn -0.1886 0.9647 0.184
vn 0.7069 0.7069 0.0236
vn 0.999 0.0362 0.026
vn 0.8189 0.5485 -0.1693
vn 0.9667 -0.189 -0.1724
vn 0.0099 0.697 -0.717
vn 0.5013 0.4928 -0.7112
vn 0.1892 0.9527 -0.238
vn 0.7035 0.0014 -0.7107
vn 0.4995 -0.4882 -0.7157
vn 0.7073 -0.7068 0.014
vn 0.6383 -0.672 -0.3756
vn 0.0099 -0.6908 -0.723
vn -0.0002 -1 0.0004
vn -0.0228 -0.9233 -0.3833
vn -0.8189 -0.5484 0.1693
vn -0.8087 -0.5436 -0.2248
vn -0.9668 0.1889 0.1723
vn -0.4779 -0.5567 -0.6795
vn -0.999 -0.0362 -0.0259
vn -0.7311 -0.0486 -0.6805
vn -0.5558 0.8179 -0.1486
vn -0.5505 0.4899 -0.6761
vn -0.2401 0.255 -0.9367
vn -0.3446 0.0021 -0.9388
vn -0.2397 -0.2502 -0.9381
vn 0.0128 -0.3552 -0.9347
vn 0.2653 -0.2505 -0.9311
vn 0.3702 0.0021 -0.929
vn 0.2656 0.2549 -0.9298
vn 0.0128 0.3598 -0.933
vn 0.6939 -0.0145 0.72
vn 0.4902 0.4756 0.7304
vn 0.9993 0.0359 0.0139
vn 0.7071 -0.7071 -0.0071
vn 0.5481 -0.8116 -0.2023
vn 0.549 0.812 0.1983
vn 0.9995 0.0281 -0.0112
vn 0.4914 0.5057 -0.7091
vn 0.6939 0.0145 -0.7199
vn 0.8029 0.5487 -0.233
vn 0.497 -0.4694 -0.7298
vn -0 -0.6779 -0.7351
vn -0 -0.9999 -0.0164
vn -0.0279 -0.9167 -0.3986
vn -0.8165 -0.555 -0.1589
vn -0.687 -0.7267 -0.0054
vn -0 -0.7094 0.7048
vn -0.5564 -0.4962 0.6665
vn 0.5564 -0.4961 0.6666
vn -0.7339 0.0383 0.6781
vn -0.9645 0.1857 0.1879
vn -0.4816 0.5415 0.6891
vn -0.9591 0.1938 -0.2065
vn -0.5482 0.8115 0.2023
vn -0.4871 -0.5446 -0.6827
vn -0.7399 -0.0367 -0.6717
vn -0.7322 0.6811 0.0031
vn -0.5594 0.5016 -0.6599
vn 0.1857 0.9749 -0.1224
vn -0.0279 0.9989 0.0379
vn -0.0508 0.7541 -0.6548
vn 0.0092 0.6785 0.7345
vn -0 0.3377 0.9413
vn -0.2524 0.2339 0.9389
vn 0.3574 -0.019 0.9338
vn 0.2524 0.234 0.9389
vn 0.2529 -0.2717 0.9286
vn -0 -0.3766 0.9264
vn -0.2529 -0.2718 0.9285
vn -0.3574 -0.019 0.9338
vn -0.2529 0.2718 -0.9285
vn -0 0.3765 -0.9264
vn 0.2529 0.2718 -0.9285
vn 0.3575 0.0189 -0.9337
vn 0.2526 -0.2336 -0.9389
vn -0 -0.3381 -0.9411
vn -0.2526 -0.2335 -0.939
vn -0.3575 0.0189 -0.9337
vn 0.7072 -0.7064 0.0287
vn -0 -0.9994 0.0339
vn 0.4858 -0.4738 0.7345
vn 0.051 -0.719 0.6931
vn -0.557 -0.4602 0.6913
vn -0 -0.9999 0.0146
vn -0.8169 -0.5416 0.1986
vn 0.4895 -0.5137 -0.7046
vn -0 -0.7156 -0.6985
vn 0.5439 -0.8089 -0.2232
vn -0.6811 -0.7321 0.0068
vn -0.4869 -0.58 -0.6531
vn -0.9721 0.1783 -0.1525
vn -0.9996 -0.027 0.0126
vn -0.7403 -0.0725 -0.6684
vn -0.5578 0.8125 -0.1696
vn -0.7263 0.6873 -0.0068
vn -0.694 0.0246 0.7196
vn -0.4815 0.5773 0.6594
vn 0.0524 0.754 0.6547
vn 0.1861 0.9699 0.1572
vn 0.7072 0.707 -0.0093
vn 0.8169 0.5417 -0.1982
vn -0.56 0.466 -0.685
vn -0.0368 0.9986 -0.0376
vn -0.051 0.7187 -0.6934
vn 0.4921 0.4671 -0.7346
vn 0.6941 -0.0247 -0.7195
vn 1 0.0014 0.0097
vn 0.9247 -0.0406 -0.3786
vn 0.6944 0.0154 0.7194
vn 0.4815 0.5773 0.6595
vn 0.3576 0.0321 0.9333
vn 0.2524 0.2836 0.9251
vn 0.253 -0.2212 0.9418
vn -0 -0.3261 0.9453
vn -0.2533 -0.2209 0.9418
vn -0.3575 0.0321 0.9333
vn -0.2524 0.2836 0.9251
vn -0 0.3885 0.9215
vn 0.2531 0.2212 -0.9418
vn 0.3575 -0.0316 -0.9334
vn 0.2525 -0.2838 -0.925
vn -0 -0.3881 -0.9216
vn -0.2523 -0.2841 -0.925
vn -0.3575 -0.0316 -0.9334
vn -0.2531 0.2212 -0.9418
vn -0 0.3261 -0.9454
vn 0.7071 -0.7071 0.0049
vn -0 -1 0.0004
vn 0.4854 -0.4997 0.7174
vn 0.0509 -0.7425 0.6679
vn -0.5565 -0.4843 0.6751
vn -0 -0.9998 -0.0191
vn -0.8166 -0.5485 0.18
vn 0.4899 -0.4884 -0.7222
vn -0 -0.6908 -0.7231
vn 0.5437 -0.8009 -0.2508
vn -0.6811 -0.732 -0.018
vn -0.487 -0.5564 -0.6732
vn -0.9721 0.1836 -0.1457
vn -0.9995 -0.0277 0.0116
vn -0.7401 -0.0486 -0.6708
vn -0.558 0.8177 -0.1413
vn -0.7265 0.687 0.0165
vn -0.694 -0.0014 0.72
vn -0.4815 0.5535 0.6796
vn 0.0524 0.7306 0.6808
vn 0.1865 0.9639 0.1898
vn 0.7071 0.707 0.0145
vn 0.8165 0.5486 -0.1798
vn -0.5597 0.4898 -0.6684
vn -0.0366 0.9993 -0.0039
vn -0.0511 0.7427 -0.6676
vn 0.4916 0.4929 -0.7179
vn 0.6939 0.0014 -0.72
vn 1 0.0007 0.0096
vn 0.9246 -0.0272 -0.38
vn 0.694 -0.0014 0.72
vn 0.4872 0.5566 0.6729
vn 0.3575 -0.0015 0.9339
vn 0.2526 0.2505 0.9346
vn -0 0.3549 0.9349
vn -0.2526 0.2505 0.9346
vn -0.3574 -0.0021 0.9339
vn -0.2531 -0.2547 0.9333
vn -0 -0.3597 0.9331
vn 0.2529 -0.255 0.9333
vn 0.3573 0.0021 -0.934
vn 0.2526 -0.2505 -0.9346
vn 0.2529 0.2549 -0.9333
vn -0 0.3597 -0.9331
vn -0.2529 0.2549 -0.9333
vn -0.3575 0.0021 -0.9339
vn -0.2523 -0.2508 -0.9346
vn -0 -0.3549 -0.9349
vn 0.7069 -0.7073 -0.0005
vn -0.0003 -1 0.0086
vn 0.4976 -0.4934 0.7134
vn 0.0621 -0.7371 0.6729
vn -0.5451 -0.478 0.6887
vn -0.0009 -0.9999 -0.0104
vn -0.8138 -0.5463 0.1979
vn 0.4772 -0.4953 -0.7259
vn -0.0128 -0.6972 -0.7167
vn 0.5391 -0.8035 -0.2525
vn -0.6816 -0.7318 -0.001
vn 0.9997 -0.0006 -0.026
vn 1 -0.0005 -0.0066
vn 0.7072 0.7066 -0.0223
vn 0.7228 -0.0568 -0.6887
vn 0.7075 0.7067 -0.003
vn 0.7066 -0.0045 0.7076
vn 0.5091 0.4882 0.7089
vn 0.0007 0.9999 0.0107
vn 0.022 0.6976 0.7161
vn -0.4771 0.4952 0.726
vn -0.7065 0.7074 0.0201
vn -0.7073 0.7069 0.0006
vn -0.5038 0.4866 -0.7138
vn -0.1898 0.9507 -0.2454
vn -0.0621 0.737 -0.6731
vn 0.5486 0.4839 -0.6819
vn -0.2691 0.2467 -0.931
vn -0.016 0.3515 -0.9361
vn 0.2368 0.2464 -0.9398
vn 0.3413 -0.0066 -0.9399
vn 0.2362 -0.259 -0.9366
vn -0.0164 -0.3632 -0.9316
vn -0.5098 -0.4874 -0.7089
vn -0.2689 -0.2589 -0.9277
vn -0.7259 -0.0512 -0.6859
vn -0.3735 -0.0061 -0.9276
vn -0.9744 0.1826 -0.1313
vn -0.9997 0.0006 0.0258
vn -0.6818 0.0055 0.7315
vn -0.3413 0.0065 0.9399
vn -0.2363 0.2591 0.9365
vn -0.2368 -0.2464 0.9398
vn 0.0163 0.3634 0.9315
vn 0.2688 0.2587 0.9278
vn 0.3736 0.0067 0.9276
vn 0.2693 -0.2464 0.931
vn 0.0161 -0.3514 0.9361
vn 0.4912 -0.4933 0.7179
vn -0 -0.6969 0.7171
vn 0.2529 -0.255 0.9333
vn -0 -0.3599 0.933
vn -0.253 -0.255 0.9333
vn -0.5459 -0.4759 0.6895
vn -0.3575 -0.0021 0.9339
vn -0.7206 0.0489 0.6916
vn -0.2526 0.2505 0.9346
vn -0.473 0.5428 0.694
vn -0 0.3548 0.9349
vn 0.0507 0.717 0.6952
vn 0.4899 0.4884 0.7221
vn 0.3574 -0.0021 0.9339
vn 0.2523 0.251 0.9345
vn 0.6946 -0.0116 0.7193
vn 1 -0 0.0096
vn 0.7071 -0.7071 0.0049
vn 0.548 -0.8149 -0.1887
vn 0.5488 0.8154 0.1843
vn 0.9996 0.0277 -0.0116
vn 0.8125 0.5449 -0.207
vn 0.6945 0.0106 -0.7195
vn 0.4899 -0.4884 -0.7221
vn -0 0.6971 -0.717
vn 0.5597 0.49 -0.6683
vn 0.0367 0.9993 -0.0038
vn -0 0.9998 0.019
vn -0 0.3598 -0.933
vn 0.2529 0.255 -0.9333
vn 0.3575 0.0021 -0.9339
vn 0.2526 -0.2504 -0.9346
vn -0 -0.3549 -0.9349
vn -0.0508 -0.7171 -0.6951
vn -0.4709 -0.5353 -0.7013
vn -0.2523 -0.2506 -0.9346
vn -0.7141 -0.0453 -0.6985
vn -0.3574 0.0021 -0.9339
vn -0.5385 0.4738 -0.6968
vn -0.2533 0.2548 -0.9332
vn -1 0.0001 -0.0097
vn -0.558 0.8177 -0.1414
vn -0.7071 0.707 0.0145
vn -1 -0 0.0097
vn -0.7072 -0.707 0.0049
vn -0.7067 -0.7073 -0.0145
vn -0 -1 0.0004
vn -0 -0.9998 -0.019
vn -0 0.6909 0.723
vn 0.4899 0.4884 0.7221
vn -0 0.3548 0.935
vn 0.694 -0.0014 0.72
vn 0.2524 0.2508 0.9346
vn 0.4916 -0.4929 0.7179
vn 0.3574 -0.0021 0.934
vn -0 -0.697 0.7171
vn 0.2529 -0.255 0.9333
vn -0 -0.3598 0.933
vn -0.2529 -0.255 0.9333
vn -0.5461 -0.476 0.6894
vn -0.3573 -0.0021 0.934
vn -0.7206 0.0488 0.6917
vn -0.2525 0.2509 0.9345
vn -0.473 0.5427 0.694
vn -1 -0 0.0097
vn -0.8159 0.5483 0.1837
vn -0.1861 0.9647 0.1864
vn 0.7071 0.7069 0.0145
vn 0.8166 0.5484 -0.18
vn -0.7075 0.7067 -0.0049
vn -0.4916 0.4929 -0.7179
vn -0.1861 0.9525 -0.2409
vn -0.0507 0.7425 -0.6679
vn 0.4915 0.4929 -0.7179
vn -1 -0 -0.0097
vn -0.694 0.0014 -0.72
vn -0.3574 0.0021 -0.9339
vn -0.253 0.255 -0.9333
vn -0 0.3599 -0.933
vn 0.253 0.255 -0.9333
vn 0.694 0.0014 -0.72
vn 0.3574 0.0021 -0.9339
vn 1 -0 -0.0097
vn 0.4903 -0.4879 -0.7222
vn 0.2527 -0.2506 -0.9346
vn 0.7071 -0.7069 -0.0146
vn -0 -0.3549 -0.9349
vn 0.0506 -0.7172 -0.695
vn 0.1862 -0.9647 -0.1863
vn -0.8164 -0.5577 -0.1499
vn -0.4976 -0.4815 -0.7215
vn -0.2527 -0.2505 -0.9346
vn -0.7072 -0.707 0.0049
vn -0.1922 -0.9657 0.1744
vn 0.7071 -0.7071 0.0049
vn 1 -0 0.0097
vn -0.0287 -0.3598 0.9326
vn -0.0215 -0.697 0.7167
vn -0.2809 -0.2548 0.9253
vn -0.5663 -0.4757 0.6731
vn -0.3853 -0.0015 0.9228
vn -0.7404 0.0489 0.6704
vn -0.2806 0.2505 0.9266
vn -0.4932 0.5425 0.68
vn -0.0218 0.6908 0.7227
vn 0.4682 0.4887 0.7362
vn -0.0281 0.3548 0.9345
vn 0.3291 -0.0021 0.9443
vn 0.2244 0.2504 0.9418
vn 0.6733 -0.0117 0.7393
vn 0.4699 -0.4933 0.732
vn 0.2247 -0.255 0.9405
vn 0.7067 -0.7071 0.0223
vn 0.9993 -0.0001 0.0378
vn 0.707 -0.7072 0.0028
vn -0.1955 -0.9656 0.1715
vn 0.5111 -0.4881 -0.7075
vn 0.0365 -0.9992 -0.0186
vn 0.9646 -0.1885 -0.1843
vn 0.0707 -0.7372 -0.672
vn -0.8119 -0.5575 -0.1734
vn -0.6873 -0.7263 -0.0125
vn -0.467 -0.5567 -0.687
vn -0.9675 0.184 -0.1733
vn -0.9995 -0.0276 -0.0165
vn -0.5554 0.8133 0.1734
vn -0.0003 0.9999 0.0165
vn 0.1955 0.9655 -0.1717
vn -0.7201 -0.0486 -0.6922
vn -0.7321 0.6807 -0.0266
vn -0.5395 0.49 -0.6848
vn 0.0219 0.6969 -0.7169
vn 0.5129 0.4926 -0.7031
vn 0.706 0.7074 0.0344
vn 0.6852 0.6351 -0.3567
vn 0.7536 -0.0504 -0.6553
vn 0.0283 0.3597 -0.9326
vn 0.281 0.2549 -0.9252
vn 0.3852 0.0017 -0.9228
vn 0.2806 -0.2504 -0.9266
vn 0.0281 -0.355 -0.9344
vn -0.2244 -0.2504 -0.9418
vn -0.3292 0.0018 -0.9442
vn -0.2247 0.2551 -0.9404
vn 0.694 0.0246 0.7196
vn 0.4919 -0.4669 0.7349
vn 0.3575 0.0316 0.9334
vn 0.2525 0.2838 0.925
vn -0 -0.6716 0.7409
vn 0.253 -0.2212 0.9418
vn -0 -0.326 0.9454
vn -0.2533 -0.2209 0.9418
vn -0.5464 -0.4512 0.7056
vn -0.3575 0.0316 0.9334
vn -0.7208 0.0735 0.6893
vn -0.2523 0.2841 0.925
vn -0.4729 0.5669 0.6745
vn -0 0.3885 0.9214
vn 0.0506 0.741 0.6696
vn 0.473 0.5672 0.6742
vn -0.7072 0.707 -0.0093
vn -0.186 0.9705 0.1536
vn 0.7071 0.707 -0.0094
vn 0.9993 0.0366 0.0119
vn 0.9643 -0.1956 -0.1783
vn 0.6873 0.7257 -0.0313
vn -0 0.6714 -0.7411
vn 0.492 0.467 -0.7348
vn 0.1863 0.9439 -0.2728
vn 0.694 -0.0246 -0.7195
vn -0.7072 0.7064 -0.0288
vn -0.492 0.467 -0.7348
vn -0.2533 0.2209 -0.9418
vn -0 0.3261 -0.9453
vn 0.2534 0.2209 -0.9418
vn 0.3575 -0.032 -0.9334
vn 0.2526 -0.2839 -0.925
vn -0 -0.3883 -0.9215
vn 0.4707 -0.56 -0.6818
vn -0.0506 -0.7411 -0.6695
vn -0.4707 -0.5601 -0.6817
vn -0.2522 -0.2843 -0.925
vn -0.7145 -0.0704 -0.6961
vn -0.3575 -0.0321 -0.9334
vn -1 -0.0003 -0.0096
vn -0.7072 -0.707 0.0091
vn -0.7072 -0.7064 0.0288
vn -0.9996 -0.0269 0.0124
vn -0 -0.9994 0.0339
vn -0 -0.9999 0.015
vn 0.7072 -0.7064 0.0288
vn 0.5436 -0.809 -0.2235
vn -0.9714 0.0219 -0.2365
vn 0.9998 0.0203 0.0002
vn 0.0027 0.9999 0.0104
vn -0.6774 0.0162 0.7354
vn 0.2566 0.0996 0.9614
vn -0.2657 0.0098 -0.964
vn -0.0058 0.9997 0.0244
vn -0.0107 0.9999 -0.0005
vn 0.0141 0.9999 0.0044
vn 0.0232 0.969 -0.246
vn 0.002 0.9548 -0.2972
vn -0.0136 0.9717 -0.2359
vn 0.028 0.9655 -0.2589
vn 0.0344 0.9588 -0.282
vn 0.8605 0.133 0.4917
vn 0.0162 0.96 -0.2795
vn -0.0237 0.969 -0.2458
vn -0.0261 0.9655 -0.2589
vn 0.0115 0.9716 -0.2364
vn 0.0232 0.969 -0.2459
vn 0.002 0.9548 -0.2971
vn -0.0136 0.9717 -0.2359
vn 0.028 0.9655 -0.2589
vn 0.0344 0.9588 -0.2821
vn 0.0162 0.96 -0.2795
vn -0.0237 0.969 -0.2458
vn -0.0261 0.9655 -0.2589
vn 0.0115 0.9716 -0.2364
vn 0.0232 0.969 -0.2459
vn -0.0207 0.9703 -0.2408
vn 0.002 0.9549 -0.2971
vn -0.0136 0.9717 -0.2359
vn 0.028 0.9655 -0.2589
vn 0.0344 0.9588 -0.2821
vn 0.8605 0.1331 0.4917
vn 0.0162 0.96 -0.2794
vn -0.0237 0.9691 -0.2457
vn -0.0261 0.9655 -0.2589
vn 0.0115 0.9716 -0.2364
vn -0.0018 0.9655 -0.2602
vn -0.014 0.9695 -0.2449
vn 0.0418 0.9685 -0.2454
vn -0.0004 0.9656 -0.26
vn -0.001 0.9656 -0.26
vn 0.035 0.9632 -0.2663
vn -0.0306 0.9594 -0.2803
vn -0.0207 0.9668 -0.2546
vn 0.0437 0.9666 -0.2525
vn 0.0421 0.9608 -0.274
vn -0.0047 0.9655 -0.2605
vn -0.001 0.9645 -0.2642
vn -0.0013 0.9664 -0.2569
vn -0.0017 0.9655 -0.2605
vn 0.034 0.9625 -0.2691
vn 0.0105 0.9513 -0.3081
vn -0.0025 0.9761 -0.2172
vn -0.0096 0.9592 -0.2827
vn -0.0182 0.9682 -0.2495
vn -0.0127 0.9635 -0.2673
vn -0.0046 0.9654 -0.2607
vn 0.026 0.974 -0.2252
vn -0.0116 0.9676 -0.2522
vn 0.0403 0.9716 -0.2333
vn 0.0274 0.9773 -0.2099
vn 0.0112 0.9858 -0.1678
vn -0.001 0.9859 -0.1671
vn -0.0008 0.964 -0.2659
vn -0.0228 0.9651 -0.2611
vn -0.0009 0.9618 -0.2736
vn -0.0048 0.9859 -0.167
vn -0.0964 0.9602 -0.2622
vn -0.006 0.9649 -0.2627
vn -0.0006 0.9616 -0.2744
vn 0.0013 0.9859 -0.1673
vn -0.0295 0.9762 -0.2147
vn 0.0017 0.9659 -0.2589
vn -0.0271 0.9766 -0.2132
vn 0.0013 0.966 -0.2587
vn -0.0255 0.9731 -0.2288
vn -0.0002 0.9654 -0.2606
vn 0.0015 0.9651 -0.262
vn -0.0394 0.9684 -0.2464
vn 0.0074 0.9685 -0.2489
vn -0.0008 0.9653 -0.261
vn -0.0002 0.9655 -0.2604
vn -0.0394 0.9609 -0.274
vn -0.025 0.965 -0.2609
vn -0.0009 0.9654 -0.2606
vn -0.0009 0.9656 -0.26
vn -0.0414 0.9665 -0.2535
vn 0.0124 0.9669 -0.2548
vn 0.0175 0.9612 -0.2755
vn 0.0122 0.9662 -0.2576
vn -0.0008 0.9655 -0.2604
vn 0.0185 0.9614 -0.2745
vn -0.0002 0.9697 -0.2445
vn 0.0159 0.9607 -0.277
vn -0.0134 0.9552 -0.2957
vn 0.0128 0.9538 -0.3001
vn -0.0368 0.9557 -0.2919
vn -0.0015 0.9707 -0.2405
vn -0.0123 0.9691 -0.2462
vn 0.0401 0.9608 -0.2744
vn 0.0038 0.9684 -0.2494
vn -0.0297 0.958 -0.2853
vn -0.0168 0.9678 -0.2511
vn 0.0156 0.9684 -0.2488
vn 0.0072 0.9591 -0.283
vn 0.0108 0.9677 -0.252
vn 0.0083 0.9592 -0.2825
vn -0.0079 -0.283 -0.9591
vn 0.0105 0.9698 -0.2437
vn -0.0367 0.9557 -0.2919
vn -0.0198 0.9682 -0.2496
vn 0.0184 0.9688 -0.2473
vn 0.0347 0.9548 -0.2953
vn -0.0075 0.9704 -0.2415
vn 0.0905 0.9683 -0.233
vn -0.009 0.9617 -0.2739
vn -0.0079 -0.2831 -0.9591
vn -0 0.9653 -0.2612
vn -0 0.9653 -0.2612
vn -0 0.9653 -0.2612
f 3290/3290/3290 3289/3289/3289 3288/3288/3288
f 3/3/3 2/2/2 1/1/1
f 1/1/1 560/560/560 3/3/3
f 3/3/3 2501/2501/2501 2/2/2
f 1/1/1 1979/1979/1979 560/560/560
f 277/277/277 2501/2501/2501 3/3/3
f 560/560/560 276/276/276 3/3/3
f 277/277/277 3/3/3 276/276/276
f 1979/1979/1979 2227/2227/2227 560/560/560
f 560/560/560 1976/1976/1976 276/276/276
f 1976/1976/1976 560/560/560 2227/2227/2227
f 276/276/276 510/510/510 277/277/277
f 1976/1976/1976 1975/1975/1975 276/276/276
f 276/276/276 1975/1975/1975 510/510/510
f 1976/1976/1976 2227/2227/2227 2471/2471/2471
f 1976/1976/1976 2749/2749/2749 1975/1975/1975
f 2749/2749/2749 1976/1976/1976 2471/2471/2471
f 2076/2076/2076 510/510/510 1975/1975/1975
f 2749/2749/2749 2708/2708/2708 1975/1975/1975
f 2076/2076/2076 1975/1975/1975 2708/2708/2708
f 509/509/509 277/277/277 510/510/510
f 510/510/510 2076/2076/2076 11/11/11
f 510/510/510 11/11/11 509/509/509
f 509/509/509 1725/1725/1725 277/277/277
f 1725/1725/1725 2501/2501/2501 277/277/277
f 509/509/509 11/11/11 1981/1981/1981
f 509/509/509 1981/1981/1981 1726/1726/1726
f 1726/1726/1726 1725/1725/1725 509/509/509
f 12/12/12 1981/1981/1981 11/11/11
f 1726/1726/1726 444/444/444 1725/1725/1725
f 12/12/12 11/11/11 10/10/10
f 2076/2076/2076 10/10/10 11/11/11
f 445/445/445 1725/1725/1725 444/444/444
f 1725/1725/1725 445/445/445 2501/2501/2501
f 445/445/445 444/444/444 443/443/443
f 1634/1634/1634 445/445/445 443/443/443
f 1707/1707/1707 2501/2501/2501 445/445/445
f 1634/1634/1634 1707/1707/1707 445/445/445
f 1707/1707/1707 2/2/2 2501/2501/2501
f 2675/2675/2675 1707/1707/1707 1634/1634/1634
f 2675/2675/2675 1708/1708/1708 1707/1707/1707
f 1708/1708/1708 2/2/2 1707/1707/1707
f 1708/1708/1708 2675/2675/2675 2038/2038/2038
f 1708/1708/1708 2049/2049/2049 2/2/2
f 2049/2049/2049 1/1/1 2/2/2
f 1708/1708/1708 2038/2038/2038 2015/2015/2015
f 2049/2049/2049 1708/1708/1708 2015/2015/2015
f 2015/2015/2015 2038/2038/2038 2014/2014/2014
f 2049/2049/2049 1980/1980/1980 1/1/1
f 1980/1980/1980 1979/1979/1979 1/1/1
f 2049/2049/2049 2015/2015/2015 2048/2048/2048
f 2048/2048/2048 1980/1980/1980 2049/2049/2049
f 2015/2015/2015 2014/2014/2014 820/820/820
f 2048/2048/2048 2015/2015/2015 820/820/820
f 820/820/820 2014/2014/2014 819/819/819
f 2048/2048/2048 1188/1188/1188 1980/1980/1980
f 2048/2048/2048 820/820/820 2718/2718/2718
f 1188/1188/1188 2048/2048/2048 2718/2718/2718
f 820/820/820 819/819/819 281/281/281
f 281/281/281 2718/2718/2718 820/820/820
f 1980/1980/1980 2205/2205/2205 1979/1979/1979
f 2205/2205/2205 1980/1980/1980 1188/1188/1188
f 819/819/819 280/280/280 281/281/281
f 819/819/819 1983/1983/1983 280/280/280
f 2205/2205/2205 2229/2229/2229 1979/1979/1979
f 1979/1979/1979 2229/2229/2229 2227/2227/2227
f 1983/1983/1983 1982/1982/1982 280/280/280
f 1983/1983/1983 2635/2635/2635 1982/1982/1982
f 2229/2229/2229 2228/2228/2228 2227/2227/2227
f 2471/2471/2471 2227/2227/2227 2228/2228/2228
f 2635/2635/2635 2107/2107/2107 1982/1982/1982
f 2635/2635/2635 919/919/919 2107/2107/2107
f 2613/2613/2613 280/280/280 1982/1982/1982
f 657/657/657 2107/2107/2107 919/919/919
f 657/657/657 919/919/919 656/656/656
f 658/658/658 657/657/657 656/656/656
f 1990/1990/1990 1982/1982/1982 2107/2107/2107
f 1990/1990/1990 2613/2613/2613 1982/1982/1982
f 1989/1989/1989 2107/2107/2107 657/657/657
f 1989/1989/1989 1990/1990/1990 2107/2107/2107
f 658/658/658 2172/2172/2172 657/657/657
f 2172/2172/2172 1989/1989/1989 657/657/657
f 2173/2173/2173 2172/2172/2172 658/658/658
f 1991/1991/1991 1990/1990/1990 1989/1989/1989
f 2173/2173/2173 717/717/717 2172/2172/2172
f 717/717/717 2173/2173/2173 716/716/716
f 2172/2172/2172 2085/2085/2085 1989/1989/1989
f 2085/2085/2085 2172/2172/2172 717/717/717
f 2085/2085/2085 1991/1991/1991 1989/1989/1989
f 717/717/717 716/716/716 715/715/715
f 715/715/715 716/716/716 1730/1730/1730
f 2085/2085/2085 717/717/717 407/407/407
f 407/407/407 717/717/717 715/715/715
f 2085/2085/2085 373/373/373 1991/1991/1991
f 373/373/373 2085/2085/2085 407/407/407
f 715/715/715 1730/1730/1730 1731/1731/1731
f 1732/1732/1732 1731/1731/1731 1730/1730/1730
f 407/407/407 715/715/715 2407/2407/2407
f 2407/2407/2407 715/715/715 1731/1731/1731
f 373/373/373 407/407/407 375/375/375
f 2407/2407/2407 375/375/375 407/407/407
f 1732/1732/1732 2338/2338/2338 1731/1731/1731
f 2407/2407/2407 1731/1731/1731 2511/2511/2511
f 2338/2338/2338 2511/2511/2511 1731/1731/1731
f 2407/2407/2407 1185/1185/1185 375/375/375
f 1185/1185/1185 2407/2407/2407 2511/2511/2511
f 1732/1732/1732 538/538/538 2338/2338/2338
f 1732/1732/1732 540/540/540 538/538/538
f 2338/2338/2338 2721/2721/2721 2511/2511/2511
f 540/540/540 539/539/539 538/538/538
f 540/540/540 695/695/695 539/539/539
f 2408/2408/2408 2338/2338/2338 538/538/538
f 2408/2408/2408 2721/2721/2721 2338/2338/2338
f 538/538/538 539/539/539 2781/2781/2781
f 538/538/538 2781/2781/2781 2408/2408/2408
f 695/695/695 694/694/694 539/539/539
f 695/695/695 1236/1236/1236 694/694/694
f 2331/2331/2331 2781/2781/2781 539/539/539
f 2331/2331/2331 539/539/539 694/694/694
f 229/229/229 694/694/694 1236/1236/1236
f 229/229/229 1236/1236/1236 231/231/231
f 694/694/694 1557/1557/1557 2331/2331/2331
f 694/694/694 229/229/229 1557/1557/1557
f 231/231/231 230/230/230 229/229/229
f 231/231/231 1986/1986/1986 230/230/230
f 1987/1987/1987 230/230/230 1986/1986/1986
f 229/229/229 1772/1772/1772 1557/1557/1557
f 229/229/229 230/230/230 1772/1772/1772
f 1987/1987/1987 1771/1771/1771 230/230/230
f 1772/1772/1772 230/230/230 1771/1771/1771
f 1771/1771/1771 1987/1987/1987 1973/1973/1973
f 1557/1557/1557 1772/1772/1772 835/835/835
f 1771/1771/1771 1973/1973/1973 524/524/524
f 2634/2634/2634 524/524/524 1973/1973/1973
f 1772/1772/1772 1771/1771/1771 525/525/525
f 525/525/525 1771/1771/1771 524/524/524
f 835/835/835 1772/1772/1772 525/525/525
f 2634/2634/2634 573/573/573 524/524/524
f 573/573/573 2634/2634/2634 2006/2006/2006
f 525/525/525 524/524/524 523/523/523
f 523/523/523 524/524/524 573/573/573
f 835/835/835 525/525/525 837/837/837
f 523/523/523 837/837/837 525/525/525
f 1557/1557/1557 835/835/835 1556/1556/1556
f 2331/2331/2331 1557/1557/1557 1556/1556/1556
f 837/837/837 836/836/836 835/835/835
f 1556/1556/1556 835/835/835 836/836/836
f 2331/2331/2331 1556/1556/1556 2330/2330/2330
f 2781/2781/2781 2331/2331/2331 2330/2330/2330
f 1556/1556/1556 836/836/836 367/367/367
f 367/367/367 2330/2330/2330 1556/1556/1556
f 2781/2781/2781 2330/2330/2330 1172/1172/1172
f 2408/2408/2408 2781/2781/2781 1172/1172/1172
f 367/367/367 1191/1191/1191 2330/2330/2330
f 1172/1172/1172 2330/2330/2330 1191/1191/1191
f 2408/2408/2408 1172/1172/1172 1173/1173/1173
f 2721/2721/2721 2408/2408/2408 1173/1173/1173
f 1172/1172/1172 1191/1191/1191 1174/1174/1174
f 1174/1174/1174 1173/1173/1173 1172/1172/1172
f 1191/1191/1191 367/367/367 365/365/365
f 2721/2721/2721 1173/1173/1173 1164/1164/1164
f 367/367/367 836/836/836 366/366/366
f 367/367/367 366/366/366 365/365/365
f 837/837/837 477/477/477 836/836/836
f 366/366/366 836/836/836 477/477/477
f 1191/1191/1191 365/365/365 2734/2734/2734
f 2734/2734/2734 1174/1174/1174 1191/1191/1191
f 1806/1806/1806 477/477/477 837/837/837
f 523/523/523 1806/1806/1806 837/837/837
f 1174/1174/1174 1972/1972/1972 1173/1173/1173
f 1164/1164/1164 1173/1173/1173 1972/1972/1972
f 1806/1806/1806 523/523/523 572/572/572
f 523/523/523 573/573/573 572/572/572
f 1972/1972/1972 1174/1174/1174 693/693/693
f 2734/2734/2734 693/693/693 1174/1174/1174
f 2005/2005/2005 572/572/572 573/573/573
f 573/573/573 2006/2006/2006 2005/2005/2005
f 1806/1806/1806 572/572/572 1186/1186/1186
f 2006/2006/2006 2314/2314/2314 2005/2005/2005
f 2006/2006/2006 2743/2743/2743 2314/2314/2314
f 2005/2005/2005 388/388/388 572/572/572
f 388/388/388 1186/1186/1186 572/572/572
f 2315/2315/2315 2005/2005/2005 2314/2314/2314
f 2315/2315/2315 388/388/388 2005/2005/2005
f 2744/2744/2744 2314/2314/2314 2743/2743/2743
f 2744/2744/2744 2743/2743/2743 2558/2558/2558
f 2314/2314/2314 2360/2360/2360 2315/2315/2315
f 2314/2314/2314 2744/2744/2744 2360/2360/2360
f 1936/1936/1936 2744/2744/2744 2558/2558/2558
f 1936/1936/1936 2558/2558/2558 1383/1383/1383
f 1934/1934/1934 2360/2360/2360 2744/2744/2744
f 1934/1934/1934 2744/2744/2744 1936/1936/1936
f 1384/1384/1384 1936/1936/1936 1383/1383/1383
f 1384/1384/1384 1383/1383/1383 430/430/430
f 1936/1936/1936 1935/1935/1935 1934/1934/1934
f 1936/1936/1936 1384/1384/1384 1935/1935/1935
f 431/431/431 1384/1384/1384 430/430/430
f 431/431/431 430/430/430 429/429/429
f 232/232/232 431/431/431 429/429/429
f 2357/2357/2357 1935/1935/1935 1384/1384/1384
f 2357/2357/2357 1384/1384/1384 431/431/431
f 232/232/232 233/233/233 431/431/431
f 2357/2357/2357 431/431/431 233/233/233
f 234/234/234 233/233/233 232/232/232
f 1178/1178/1178 1935/1935/1935 2357/2357/2357
f 234/234/234 2214/2214/2214 233/233/233
f 2214/2214/2214 234/234/234 2327/2327/2327
f 2357/2357/2357 233/233/233 2215/2215/2215
f 2215/2215/2215 233/233/233 2214/2214/2214
f 2215/2215/2215 1178/1178/1178 2357/2357/2357
f 2214/2214/2214 2327/2327/2327 2326/2326/2326
f 2326/2326/2326 2327/2327/2327 12/12/12
f 2326/2326/2326 12/12/12 10/10/10
f 2215/2215/2215 2214/2214/2214 1227/1227/1227
f 1227/1227/1227 2214/2214/2214 2326/2326/2326
f 1228/1228/1228 2326/2326/2326 10/10/10
f 1227/1227/1227 2326/2326/2326 1228/1228/1228
f 920/920/920 2215/2215/2215 1227/1227/1227
f 2215/2215/2215 920/920/920 1178/1178/1178
f 1228/1228/1228 921/921/921 1227/1227/1227
f 920/920/920 1227/1227/1227 921/921/921
f 1228/1228/1228 10/10/10 2619/2619/2619
f 2076/2076/2076 2619/2619/2619 10/10/10
f 2619/2619/2619 2076/2076/2076 2708/2708/2708
f 1228/1228/1228 1182/1182/1182 921/921/921
f 1182/1182/1182 1228/1228/1228 2619/2619/2619
f 2619/2619/2619 2708/2708/2708 1177/1177/1177
f 1182/1182/1182 2619/2619/2619 1177/1177/1177
f 1177/1177/1177 2708/2708/2708 1176/1176/1176
f 2749/2749/2749 1176/1176/1176 2708/2708/2708
f 1177/1177/1177 1183/1183/1183 1182/1182/1182
f 1176/1176/1176 2749/2749/2749 1181/1181/1181
f 2749/2749/2749 2471/2471/2471 1181/1181/1181
f 1177/1177/1177 1176/1176/1176 1175/1175/1175
f 1177/1177/1177 1175/1175/1175 1183/1183/1183
f 1176/1176/1176 1181/1181/1181 1180/1180/1180
f 1180/1180/1180 1175/1175/1175 1176/1176/1176
f 1181/1181/1181 2471/2471/2471 879/879/879
f 2471/2471/2471 2228/2228/2228 879/879/879
f 1180/1180/1180 1181/1181/1181 596/596/596
f 1181/1181/1181 879/879/879 596/596/596
f 1180/1180/1180 37/37/37 1175/1175/1175
f 879/879/879 2228/2228/2228 878/878/878
f 1180/1180/1180 596/596/596 381/381/381
f 37/37/37 1180/1180/1180 381/381/381
f 596/596/596 879/879/879 595/595/595
f 879/879/879 878/878/878 595/595/595
f 381/381/381 596/596/596 594/594/594
f 596/596/596 595/595/595 594/594/594
f 878/878/878 2228/2228/2228 1672/1672/1672
f 2229/2229/2229 1672/1672/1672 2228/2228/2228
f 595/595/595 878/878/878 2592/2592/2592
f 1672/1672/1672 2229/2229/2229 1671/1671/1671
f 2205/2205/2205 1671/1671/1671 2229/2229/2229
f 878/878/878 1672/1672/1672 1988/1988/1988
f 1988/1988/1988 2592/2592/2592 878/878/878
f 1672/1672/1672 1671/1671/1671 1670/1670/1670
f 1670/1670/1670 1988/1988/1988 1672/1672/1672
f 1671/1671/1671 2205/2205/2205 1189/1189/1189
f 2205/2205/2205 1188/1188/1188 1189/1189/1189
f 2022/2022/2022 1670/1670/1670 1671/1671/1671
f 1671/1671/1671 1189/1189/1189 2022/2022/2022
f 1190/1190/1190 1189/1189/1189 1188/1188/1188
f 1188/1188/1188 2718/2718/2718 1190/1190/1190
f 2022/2022/2022 1189/1189/1189 2197/2197/2197
f 1190/1190/1190 2197/2197/2197 1189/1189/1189
f 2590/2590/2590 1190/1190/1190 2718/2718/2718
f 281/281/281 2590/2590/2590 2718/2718/2718
f 1167/1167/1167 2197/2197/2197 1190/1190/1190
f 2590/2590/2590 1167/1167/1167 1190/1190/1190
f 282/282/282 2590/2590/2590 281/281/281
f 282/282/282 281/281/281 280/280/280
f 2613/2613/2613 282/282/282 280/280/280
f 2590/2590/2590 725/725/725 1167/1167/1167
f 2590/2590/2590 282/282/282 725/725/725
f 282/282/282 2613/2613/2613 724/724/724
f 282/282/282 724/724/724 725/725/725
f 2613/2613/2613 2760/2760/2760 724/724/724
f 2613/2613/2613 1990/1990/1990 2760/2760/2760
f 1991/1991/1991 2760/2760/2760 1990/1990/1990
f 726/726/726 725/725/725 724/724/724
f 2555/2555/2555 2760/2760/2760 1991/1991/1991
f 373/373/373 2555/2555/2555 1991/1991/1991
f 724/724/724 2760/2760/2760 1168/1168/1168
f 2555/2555/2555 1168/1168/1168 2760/2760/2760
f 724/724/724 1168/1168/1168 726/726/726
f 373/373/373 374/374/374 2555/2555/2555
f 375/375/375 374/374/374 373/373/373
f 1295/1295/1295 1168/1168/1168 2555/2555/2555
f 1295/1295/1295 2555/2555/2555 374/374/374
f 726/726/726 1168/1168/1168 2033/2033/2033
f 1295/1295/1295 2033/2033/2033 1168/1168/1168
f 375/375/375 455/455/455 374/374/374
f 1185/1185/1185 455/455/455 375/375/375
f 1295/1295/1295 374/374/374 454/454/454
f 455/455/455 454/454/454 374/374/374
f 1875/1875/1875 2033/2033/2033 1295/1295/1295
f 1875/1875/1875 1295/1295/1295 454/454/454
f 726/726/726 2033/2033/2033 1193/1193/1193
f 726/726/726 1166/1166/1166 725/725/725
f 1166/1166/1166 726/726/726 1193/1193/1193
f 1167/1167/1167 725/725/725 1166/1166/1166
f 1458/1458/1458 1193/1193/1193 2033/2033/2033
f 1875/1875/1875 1458/1458/1458 2033/2033/2033
f 1167/1167/1167 1166/1166/1166 1165/1165/1165
f 1167/1167/1167 1165/1165/1165 2197/2197/2197
f 1166/1166/1166 1193/1193/1193 1171/1171/1171
f 1165/1165/1165 1166/1166/1166 1171/1171/1171
f 1458/1458/1458 1459/1459/1459 1193/1193/1193
f 1171/1171/1171 1193/1193/1193 1459/1459/1459
f 75/75/75 2197/2197/2197 1165/1165/1165
f 2022/2022/2022 2197/2197/2197 75/75/75
f 1165/1165/1165 1171/1171/1171 1170/1170/1170
f 75/75/75 1165/1165/1165 1170/1170/1170
f 1171/1171/1171 1459/1459/1459 2010/2010/2010
f 1170/1170/1170 1171/1171/1171 2010/2010/2010
f 76/76/76 2022/2022/2022 75/75/75
f 2022/2022/2022 76/76/76 1670/1670/1670
f 74/74/74 75/75/75 1170/1170/1170
f 76/76/76 75/75/75 74/74/74
f 1170/1170/1170 2010/2010/2010 127/127/127
f 74/74/74 1170/1170/1170 127/127/127
f 731/731/731 1670/1670/1670 76/76/76
f 1670/1670/1670 731/731/731 1988/1988/1988
f 74/74/74 730/730/730 76/76/76
f 731/731/731 76/76/76 730/730/730
f 128/128/128 74/74/74 127/127/127
f 74/74/74 128/128/128 730/730/730
f 731/731/731 2641/2641/2641 1988/1988/1988
f 1988/1988/1988 2641/2641/2641 2592/2592/2592
f 2717/2717/2717 731/731/731 730/730/730
f 731/731/731 2717/2717/2717 2641/2641/2641
f 128/128/128 939/939/939 730/730/730
f 2717/2717/2717 730/730/730 939/939/939
f 1549/1549/1549 2592/2592/2592 2641/2641/2641
f 2717/2717/2717 1550/1550/1550 2641/2641/2641
f 1549/1549/1549 2641/2641/2641 1550/1550/1550
f 939/939/939 565/565/565 2717/2717/2717
f 2717/2717/2717 565/565/565 1550/1550/1550
f 1549/1549/1549 80/80/80 2592/2592/2592
f 595/595/595 2592/2592/2592 80/80/80
f 594/594/594 595/595/595 80/80/80
f 1550/1550/1550 929/929/929 1549/1549/1549
f 1549/1549/1549 82/82/82 80/80/80
f 82/82/82 1549/1549/1549 929/929/929
f 594/594/594 80/80/80 81/81/81
f 82/82/82 81/81/81 80/80/80
f 382/382/382 594/594/594 81/81/81
f 381/381/381 594/594/594 382/382/382
f 82/82/82 2620/2620/2620 81/81/81
f 382/382/382 36/36/36 381/381/381
f 37/37/37 381/381/381 36/36/36
f 382/382/382 81/81/81 1516/1516/1516
f 2620/2620/2620 1516/1516/1516 81/81/81
f 382/382/382 301/301/301 36/36/36
f 1516/1516/1516 301/301/301 382/382/382
f 930/930/930 2620/2620/2620 82/82/82
f 82/82/82 929/929/929 930/930/930
f 2620/2620/2620 924/924/924 1516/1516/1516
f 930/930/930 923/923/923 2620/2620/2620
f 924/924/924 2620/2620/2620 923/923/923
f 1516/1516/1516 926/926/926 301/301/301
f 926/926/926 1516/1516/1516 924/924/924
f 923/923/923 930/930/930 928/928/928
f 930/930/930 929/929/929 928/928/928
f 924/924/924 923/923/923 922/922/922
f 926/926/926 924/924/924 925/925/925
f 922/922/922 925/925/925 924/924/924
f 301/301/301 926/926/926 300/300/300
f 927/927/927 922/922/922 923/923/923
f 923/923/923 928/928/928 927/927/927
f 2465/2465/2465 926/926/926 925/925/925
f 2465/2465/2465 300/300/300 926/926/926
f 922/922/922 1929/1929/1929 925/925/925
f 301/301/301 300/300/300 299/299/299
f 299/299/299 36/36/36 301/301/301
f 2431/2431/2431 2465/2465/2465 925/925/925
f 2431/2431/2431 925/925/925 1929/1929/1929
f 299/299/299 38/38/38 36/36/36
f 38/38/38 37/37/37 36/36/36
f 1854/1854/1854 299/299/299 300/300/300
f 38/38/38 2531/2531/2531 37/37/37
f 2531/2531/2531 1175/1175/1175 37/37/37
f 2531/2531/2531 1183/1183/1183 1175/1175/1175
f 2422/2422/2422 38/38/38 299/299/299
f 1854/1854/1854 2422/2422/2422 299/299/299
f 2531/2531/2531 38/38/38 2525/2525/2525
f 2422/2422/2422 2525/2525/2525 38/38/38
f 1183/1183/1183 2531/2531/2531 2193/2193/2193
f 2531/2531/2531 2525/2525/2525 2193/2193/2193
f 300/300/300 1855/1855/1855 1854/1854/1854
f 300/300/300 2465/2465/2465 1855/1855/1855
f 1183/1183/1183 2193/2193/2193 1192/1192/1192
f 1182/1182/1182 1183/1183/1183 1192/1192/1192
f 1182/1182/1182 1192/1192/1192 921/921/921
f 2466/2466/2466 1855/1855/1855 2465/2465/2465
f 2466/2466/2466 2465/2465/2465 2431/2431/2431
f 921/921/921 1192/1192/1192 729/729/729
f 921/921/921 729/729/729 920/920/920
f 787/787/787 1192/1192/1192 2193/2193/2193
f 787/787/787 729/729/729 1192/1192/1192
f 2193/2193/2193 2525/2525/2525 2582/2582/2582
f 2193/2193/2193 2582/2582/2582 787/787/787
f 727/727/727 920/920/920 729/729/729
f 727/727/727 1178/1178/1178 920/920/920
f 729/729/729 787/787/787 728/728/728
f 729/729/729 728/728/728 727/727/727
f 787/787/787 2582/2582/2582 786/786/786
f 787/787/787 786/786/786 728/728/728
f 727/727/727 1179/1179/1179 1178/1178/1178
f 1178/1178/1178 1179/1179/1179 1935/1935/1935
f 1934/1934/1934 1935/1935/1935 1179/1179/1179
f 1921/1921/1921 727/727/727 728/728/728
f 727/727/727 1921/1921/1921 1179/1179/1179
f 1934/1934/1934 1179/1179/1179 411/411/411
f 1921/1921/1921 411/411/411 1179/1179/1179
f 2360/2360/2360 1934/1934/1934 411/411/411
f 1921/1921/1921 728/728/728 1920/1920/1920
f 786/786/786 1920/1920/1920 728/728/728
f 1921/1921/1921 413/413/413 411/411/411
f 413/413/413 1921/1921/1921 1920/1920/1920
f 2360/2360/2360 411/411/411 412/412/412
f 413/413/413 412/412/412 411/411/411
f 2315/2315/2315 2360/2360/2360 412/412/412
f 413/413/413 1920/1920/1920 252/252/252
f 2315/2315/2315 412/412/412 387/387/387
f 388/388/388 2315/2315/2315 387/387/387
f 413/413/413 2772/2772/2772 412/412/412
f 2772/2772/2772 387/387/387 412/412/412
f 252/252/252 2772/2772/2772 413/413/413
f 388/388/388 387/387/387 386/386/386
f 388/388/388 386/386/386 1186/1186/1186
f 2772/2772/2772 1156/1156/1156 387/387/387
f 386/386/386 387/387/387 1156/1156/1156
f 252/252/252 253/253/253 2772/2772/2772
f 1156/1156/1156 2772/2772/2772 253/253/253
f 2636/2636/2636 252/252/252 1920/1920/1920
f 786/786/786 2636/2636/2636 1920/1920/1920
f 254/254/254 253/253/253 252/252/252
f 2636/2636/2636 254/254/254 252/252/252
f 2449/2449/2449 2636/2636/2636 786/786/786
f 2582/2582/2582 2449/2449/2449 786/786/786
f 2450/2450/2450 254/254/254 2636/2636/2636
f 2449/2449/2449 2450/2450/2450 2636/2636/2636
f 2582/2582/2582 2124/2124/2124 2449/2449/2449
f 2124/2124/2124 2582/2582/2582 2525/2525/2525
f 2124/2124/2124 2525/2525/2525 2422/2422/2422
f 1226/1226/1226 2450/2450/2450 2449/2449/2449
f 1226/1226/1226 2449/2449/2449 2124/2124/2124
f 2422/2422/2422 2123/2123/2123 2124/2124/2124
f 1226/1226/1226 2124/2124/2124 2123/2123/2123
f 2422/2422/2422 1854/1854/1854 2123/2123/2123
f 1854/1854/1854 1225/1225/1225 2123/2123/2123
f 1226/1226/1226 2123/2123/2123 1225/1225/1225
f 1854/1854/1854 1855/1855/1855 1225/1225/1225
f 1225/1225/1225 1855/1855/1855 2466/2466/2466
f 1226/1226/1226 2065/2065/2065 2450/2450/2450
f 1226/1226/1226 1225/1225/1225 1224/1224/1224
f 1224/1224/1224 2065/2065/2065 1226/1226/1226
f 1225/1225/1225 2466/2466/2466 2339/2339/2339
f 2339/2339/2339 1224/1224/1224 1225/1225/1225
f 440/440/440 2450/2450/2450 2065/2065/2065
f 2450/2450/2450 440/440/440 254/254/254
f 1224/1224/1224 2034/2034/2034 2065/2065/2065
f 440/440/440 2666/2666/2666 254/254/254
f 254/254/254 2666/2666/2666 253/253/253
f 440/440/440 2065/2065/2065 442/442/442
f 2034/2034/2034 442/442/442 2065/2065/2065
f 440/440/440 441/441/441 2666/2666/2666
f 442/442/442 441/441/441 440/440/440
f 1155/1155/1155 253/253/253 2666/2666/2666
f 1156/1156/1156 253/253/253 1155/1155/1155
f 530/530/530 2666/2666/2666 441/441/441
f 1155/1155/1155 2666/2666/2666 530/530/530
f 1974/1974/1974 1156/1156/1156 1155/1155/1155
f 386/386/386 1156/1156/1156 1974/1974/1974
f 531/531/531 1155/1155/1155 530/530/530
f 1974/1974/1974 1155/1155/1155 531/531/531
f 386/386/386 1974/1974/1974 1187/1187/1187
f 386/386/386 1187/1187/1187 1186/1186/1186
f 1974/1974/1974 531/531/531 1421/1421/1421
f 1974/1974/1974 1421/1421/1421 1187/1187/1187
f 1186/1186/1186 1187/1187/1187 479/479/479
f 1186/1186/1186 479/479/479 1806/1806/1806
f 1806/1806/1806 479/479/479 477/477/477
f 1269/1269/1269 1187/1187/1187 1421/1421/1421
f 1269/1269/1269 479/479/479 1187/1187/1187
f 479/479/479 478/478/478 477/477/477
f 479/479/479 1269/1269/1269 478/478/478
f 366/366/366 477/477/477 478/478/478
f 1421/1421/1421 1993/1993/1993 1269/1269/1269
f 478/478/478 2694/2694/2694 366/366/366
f 365/365/365 366/366/366 2694/2694/2694
f 1269/1269/1269 1268/1268/1268 478/478/478
f 478/478/478 1268/1268/1268 2694/2694/2694
f 1269/1269/1269 1993/1993/1993 1268/1268/1268
f 365/365/365 2694/2694/2694 2218/2218/2218
f 2734/2734/2734 365/365/365 2218/2218/2218
f 1922/1922/1922 2694/2694/2694 1268/1268/1268
f 2218/2218/2218 2694/2694/2694 1922/1922/1922
f 1889/1889/1889 1268/1268/1268 1993/1993/1993
f 1922/1922/1922 1268/1268/1268 1889/1889/1889
f 2734/2734/2734 2218/2218/2218 692/692/692
f 693/693/693 2734/2734/2734 692/692/692
f 2218/2218/2218 1922/1922/1922 1923/1923/1923
f 1923/1923/1923 692/692/692 2218/2218/2218
f 1829/1829/1829 1922/1922/1922 1889/1889/1889
f 1829/1829/1829 1923/1923/1923 1922/1922/1922
f 1889/1889/1889 1993/1993/1993 1992/1992/1992
f 1421/1421/1421 1422/1422/1422 1993/1993/1993
f 1422/1422/1422 1992/1992/1992 1993/1993/1993
f 531/531/531 1422/1422/1422 1421/1421/1421
f 1992/1992/1992 1784/1784/1784 1889/1889/1889
f 1829/1829/1829 1889/1889/1889 1784/1784/1784
f 531/531/531 529/529/529 1422/1422/1422
f 531/531/531 530/530/530 529/529/529
f 1422/1422/1422 2196/2196/2196 1992/1992/1992
f 2196/2196/2196 1422/1422/1422 529/529/529
f 1992/1992/1992 1440/1440/1440 1784/1784/1784
f 1440/1440/1440 1992/1992/1992 2196/2196/2196
f 529/529/529 530/530/530 1477/1477/1477
f 530/530/530 441/441/441 1477/1477/1477
f 2196/2196/2196 529/529/529 1478/1478/1478
f 529/529/529 1477/1477/1477 1478/1478/1478
f 1440/1440/1440 2196/2196/2196 2523/2523/2523
f 1478/1478/1478 2523/2523/2523 2196/2196/2196
f 934/934/934 1477/1477/1477 441/441/441
f 442/442/442 934/934/934 441/441/441
f 918/918/918 1478/1478/1478 1477/1477/1477
f 934/934/934 918/918/918 1477/1477/1477
f 1478/1478/1478 221/221/221 2523/2523/2523
f 918/918/918 221/221/221 1478/1478/1478
f 1402/1402/1402 934/934/934 442/442/442
f 2034/2034/2034 1402/1402/1402 442/442/442
f 935/935/935 918/918/918 934/934/934
f 1402/1402/1402 935/935/935 934/934/934
f 918/918/918 917/917/917 221/221/221
f 935/935/935 917/917/917 918/918/918
f 222/222/222 2523/2523/2523 221/221/221
f 220/220/220 221/221/221 917/917/917
f 222/222/222 221/221/221 220/220/220
f 2523/2523/2523 1439/1439/1439 1440/1440/1440
f 2523/2523/2523 222/222/222 1439/1439/1439
f 46/46/46 1784/1784/1784 1440/1440/1440
f 46/46/46 1440/1440/1440 1439/1439/1439
f 1785/1785/1785 1784/1784/1784 46/46/46
f 1785/1785/1785 1829/1829/1829 1784/1784/1784
f 1439/1439/1439 45/45/45 46/46/46
f 1785/1785/1785 1830/1830/1830 1829/1829/1829
f 1829/1829/1829 1830/1830/1830 1923/1923/1923
f 47/47/47 1785/1785/1785 46/46/46
f 47/47/47 46/46/46 45/45/45
f 1785/1785/1785 1499/1499/1499 1830/1830/1830
f 47/47/47 1499/1499/1499 1785/1785/1785
f 1830/1830/1830 548/548/548 1923/1923/1923
f 1923/1923/1923 548/548/548 692/692/692
f 1499/1499/1499 1824/1824/1824 1830/1830/1830
f 1830/1830/1830 1824/1824/1824 548/548/548
f 549/549/549 692/692/692 548/548/548
f 693/693/693 692/692/692 549/549/549
f 1824/1824/1824 547/547/547 548/548/548
f 549/549/549 548/548/548 547/547/547
f 1978/1978/1978 693/693/693 549/549/549
f 1972/1972/1972 693/693/693 1978/1978/1978
f 2139/2139/2139 549/549/549 547/547/547
f 1978/1978/1978 549/549/549 2139/2139/2139
f 1163/1163/1163 1972/1972/1972 1978/1978/1978
f 1164/1164/1164 1972/1972/1972 1163/1163/1163
f 2517/2517/2517 1978/1978/1978 2139/2139/2139
f 1163/1163/1163 1978/1978/1978 2517/2517/2517
f 2139/2139/2139 547/547/547 2138/2138/2138
f 2517/2517/2517 2139/2139/2139 2775/2775/2775
f 2138/2138/2138 2775/2775/2775 2139/2139/2139
f 1824/1824/1824 1825/1825/1825 547/547/547
f 1825/1825/1825 2138/2138/2138 547/547/547
f 1499/1499/1499 1500/1500/1500 1824/1824/1824
f 1500/1500/1500 1825/1825/1825 1824/1824/1824
f 47/47/47 1501/1501/1501 1499/1499/1499
f 1501/1501/1501 1500/1500/1500 1499/1499/1499
f 2186/2186/2186 1501/1501/1501 47/47/47
f 45/45/45 2186/2186/2186 47/47/47
f 1501/1501/1501 158/158/158 1500/1500/1500
f 1500/1500/1500 2189/2189/2189 1825/1825/1825
f 2189/2189/2189 1500/1500/1500 158/158/158
f 1825/1825/1825 2737/2737/2737 2138/2138/2138
f 2189/2189/2189 2737/2737/2737 1825/1825/1825
f 1502/1502/1502 158/158/158 1501/1501/1501
f 2186/2186/2186 1502/1502/1502 1501/1501/1501
f 1995/1995/1995 2138/2138/2138 2737/2737/2737
f 2138/2138/2138 1995/1995/1995 2775/2775/2775
f 2189/2189/2189 535/535/535 2737/2737/2737
f 2189/2189/2189 158/158/158 159/159/159
f 159/159/159 535/535/535 2189/2189/2189
f 1995/1995/1995 2737/2737/2737 915/915/915
f 535/535/535 915/915/915 2737/2737/2737
f 160/160/160 159/159/159 158/158/158
f 1502/1502/1502 160/160/160 158/158/158
f 159/159/159 537/537/537 535/535/535
f 160/160/160 1482/1482/1482 159/159/159
f 1482/1482/1482 537/537/537 159/159/159
f 535/535/535 536/536/536 915/915/915
f 537/537/537 536/536/536 535/535/535
f 1995/1995/1995 915/915/915 916/916/916
f 536/536/536 914/914/914 915/915/915
f 916/916/916 915/915/915 914/914/914
f 1994/1994/1994 2775/2775/2775 1995/1995/1995
f 1995/1995/1995 916/916/916 1994/1994/1994
f 1994/1994/1994 2442/2442/2442 2775/2775/2775
f 2442/2442/2442 2517/2517/2517 2775/2775/2775
f 1158/1158/1158 1994/1994/1994 916/916/916
f 2442/2442/2442 2722/2722/2722 2517/2517/2517
f 2722/2722/2722 1163/1163/1163 2517/2517/2517
f 2442/2442/2442 1994/1994/1994 1977/1977/1977
f 1158/1158/1158 1977/1977/1977 1994/1994/1994
f 2722/2722/2722 2442/2442/2442 2044/2044/2044
f 2442/2442/2442 1977/1977/1977 2044/2044/2044
f 2722/2722/2722 1162/1162/1162 1163/1163/1163
f 1162/1162/1162 1164/1164/1164 1163/1163/1163
f 2722/2722/2722 2044/2044/2044 1161/1161/1161
f 1162/1162/1162 2722/2722/2722 1161/1161/1161
f 1162/1162/1162 2510/2510/2510 1164/1164/1164
f 2721/2721/2721 1164/1164/1164 2510/2510/2510
f 2721/2721/2721 2510/2510/2510 2511/2511/2511
f 1185/1185/1185 2511/2511/2511 2510/2510/2510
f 2510/2510/2510 1162/1162/1162 1160/1160/1160
f 2510/2510/2510 1160/1160/1160 1185/1185/1185
f 1162/1162/1162 1161/1161/1161 1160/1160/1160
f 1185/1185/1185 1160/1160/1160 455/455/455
f 1783/1783/1783 455/455/455 1160/1160/1160
f 1783/1783/1783 1160/1160/1160 1161/1161/1161
f 455/455/455 1783/1783/1783 454/454/454
f 2045/2045/2045 1161/1161/1161 2044/2044/2044
f 2045/2045/2045 1783/1783/1783 1161/1161/1161
f 1783/1783/1783 814/814/814 454/454/454
f 1783/1783/1783 2045/2045/2045 814/814/814
f 1875/1875/1875 454/454/454 814/814/814
f 2528/2528/2528 2045/2045/2045 2044/2044/2044
f 2528/2528/2528 2044/2044/2044 1977/1977/1977
f 813/813/813 814/814/814 2045/2045/2045
f 813/813/813 2045/2045/2045 2528/2528/2528
f 639/639/639 1875/1875/1875 814/814/814
f 639/639/639 814/814/814 813/813/813
f 639/639/639 1458/1458/1458 1875/1875/1875
f 555/555/555 2528/2528/2528 1977/1977/1977
f 555/555/555 1977/1977/1977 1158/1158/1158
f 2204/2204/2204 813/813/813 2528/2528/2528
f 2204/2204/2204 2528/2528/2528 555/555/555
f 813/813/813 433/433/433 639/639/639
f 813/813/813 2204/2204/2204 433/433/433
f 639/639/639 187/187/187 1458/1458/1458
f 433/433/433 187/187/187 639/639/639
f 187/187/187 1459/1459/1459 1458/1458/1458
f 556/556/556 2204/2204/2204 555/555/555
f 187/187/187 188/188/188 1459/1459/1459
f 188/188/188 2010/2010/2010 1459/1459/1459
f 433/433/433 189/189/189 187/187/187
f 189/189/189 188/188/188 187/187/187
f 2204/2204/2204 432/432/432 433/433/433
f 2204/2204/2204 556/556/556 432/432/432
f 364/364/364 189/189/189 433/433/433
f 364/364/364 433/433/433 432/432/432
f 189/189/189 363/363/363 188/188/188
f 364/364/364 363/363/363 189/189/189
f 188/188/188 2534/2534/2534 2010/2010/2010
f 363/363/363 2534/2534/2534 188/188/188
f 127/127/127 2010/2010/2010 2534/2534/2534
f 364/364/364 236/236/236 363/363/363
f 127/127/127 2534/2534/2534 126/126/126
f 128/128/128 127/127/127 126/126/126
f 363/363/363 237/237/237 2534/2534/2534
f 237/237/237 126/126/126 2534/2534/2534
f 237/237/237 363/363/363 236/236/236
f 941/941/941 128/128/128 126/126/126
f 128/128/128 941/941/941 939/939/939
f 237/237/237 937/937/937 126/126/126
f 941/941/941 126/126/126 937/937/937
f 237/237/237 236/236/236 235/235/235
f 235/235/235 937/937/937 237/237/237
f 941/941/941 940/940/940 939/939/939
f 939/939/939 940/940/940 565/565/565
f 932/932/932 941/941/941 937/937/937
f 941/941/941 932/932/932 940/940/940
f 235/235/235 936/936/936 937/937/937
f 932/932/932 937/937/937 936/936/936
f 235/235/235 236/236/236 2185/2185/2185
f 2185/2185/2185 236/236/236 364/364/364
f 1357/1357/1357 936/936/936 235/235/235
f 235/235/235 2185/2185/2185 1357/1357/1357
f 2185/2185/2185 364/364/364 2184/2184/2184
f 2184/2184/2184 364/364/364 432/432/432
f 2359/2359/2359 1357/1357/1357 2185/2185/2185
f 2359/2359/2359 2185/2185/2185 2184/2184/2184
f 2184/2184/2184 432/432/432 1925/1925/1925
f 556/556/556 1925/1925/1925 432/432/432
f 2359/2359/2359 2184/2184/2184 2313/2313/2313
f 1925/1925/1925 2313/2313/2313 2184/2184/2184
f 2359/2359/2359 2052/2052/2052 1357/1357/1357
f 556/556/556 2100/2100/2100 1925/1925/1925
f 1357/1357/1357 942/942/942 936/936/936
f 942/942/942 1357/1357/1357 2052/2052/2052
f 931/931/931 932/932/932 936/936/936
f 931/931/931 936/936/936 942/942/942
f 933/933/933 940/940/940 932/932/932
f 933/933/933 932/932/932 931/931/931
f 564/564/564 940/940/940 933/933/933
f 564/564/564 565/565/565 940/940/940
f 1169/1169/1169 933/933/933 931/931/931
f 566/566/566 565/565/565 564/564/564
f 566/566/566 1550/1550/1550 565/565/565
f 938/938/938 564/564/564 933/933/933
f 938/938/938 933/933/933 1169/1169/1169
f 564/564/564 938/938/938 566/566/566
f 1550/1550/1550 566/566/566 929/929/929
f 943/943/943 931/931/931 942/942/942
f 1169/1169/1169 931/931/931 943/943/943
f 942/942/942 2052/2052/2052 945/945/945
f 943/943/943 942/942/942 945/945/945
f 2052/2052/2052 2359/2359/2359 2051/2051/2051
f 2313/2313/2313 2051/2051/2051 2359/2359/2359
f 436/436/436 945/945/945 2052/2052/2052
f 2052/2052/2052 2051/2051/2051 436/436/436
f 1925/1925/1925 1298/1298/1298 2313/2313/2313
f 2100/2100/2100 1298/1298/1298 1925/1925/1925
f 2313/2313/2313 588/588/588 2051/2051/2051
f 588/588/588 2313/2313/2313 1298/1298/1298
f 436/436/436 2051/2051/2051 435/435/435
f 588/588/588 1298/1298/1298 590/590/590
f 589/589/589 2051/2051/2051 588/588/588
f 590/590/590 589/589/589 588/588/588
f 589/589/589 435/435/435 2051/2051/2051
f 2101/2101/2101 590/590/590 1298/1298/1298
f 2100/2100/2100 2101/2101/2101 1298/1298/1298
f 590/590/590 800/800/800 589/589/589
f 2101/2101/2101 801/801/801 590/590/590
f 801/801/801 800/800/800 590/590/590
f 456/456/456 2101/2101/2101 2100/2100/2100
f 1720/1720/1720 589/589/589 800/800/800
f 457/457/457 801/801/801 2101/2101/2101
f 456/456/456 457/457/457 2101/2101/2101
f 801/801/801 1919/1919/1919 800/800/800
f 1720/1720/1720 800/800/800 1919/1919/1919
f 457/457/457 532/532/532 801/801/801
f 1919/1919/1919 801/801/801 532/532/532
f 554/554/554 456/456/456 2100/2100/2100
f 554/554/554 2100/2100/2100 556/556/556
f 556/556/556 555/555/555 554/554/554
f 1158/1158/1158 554/554/554 555/555/555
f 1158/1158/1158 1159/1159/1159 554/554/554
f 1159/1159/1159 456/456/456 554/554/554
f 916/916/916 1159/1159/1159 1158/1158/1158
f 916/916/916 914/914/914 1159/1159/1159
f 458/458/458 457/457/457 456/456/456
f 1159/1159/1159 458/458/458 456/456/456
f 458/458/458 1214/1214/1214 457/457/457
f 532/532/532 457/457/457 1214/1214/1214
f 1159/1159/1159 1213/1213/1213 458/458/458
f 1159/1159/1159 914/914/914 1213/1213/1213
f 1214/1214/1214 458/458/458 1213/1213/1213
f 92/92/92 1213/1213/1213 914/914/914
f 536/536/536 92/92/92 914/914/914
f 1214/1214/1214 1213/1213/1213 1212/1212/1212
f 536/536/536 1835/1835/1835 92/92/92
f 537/537/537 1835/1835/1835 536/536/536
f 92/92/92 39/39/39 1213/1213/1213
f 39/39/39 1212/1212/1212 1213/1213/1213
f 1835/1835/1835 93/93/93 92/92/92
f 93/93/93 39/39/39 92/92/92
f 537/537/537 1960/1960/1960 1835/1835/1835
f 1835/1835/1835 1960/1960/1960 93/93/93
f 1212/1212/1212 534/534/534 1214/1214/1214
f 532/532/532 1214/1214/1214 534/534/534
f 537/537/537 2784/2784/2784 1960/1960/1960
f 1482/1482/1482 2784/2784/2784 537/537/537
f 534/534/534 533/533/533 532/532/532
f 1919/1919/1919 532/532/532 533/533/533
f 2493/2493/2493 2784/2784/2784 1482/1482/1482
f 533/533/533 2316/2316/2316 1919/1919/1919
f 1720/1720/1720 1919/1919/1919 2316/2316/2316
f 1960/1960/1960 2784/2784/2784 2611/2611/2611
f 2493/2493/2493 2611/2611/2611 2784/2784/2784
f 1960/1960/1960 1584/1584/1584 93/93/93
f 1960/1960/1960 2611/2611/2611 2610/2610/2610
f 1960/1960/1960 2610/2610/2610 1584/1584/1584
f 93/93/93 41/41/41 39/39/39
f 41/41/41 93/93/93 1584/1584/1584
f 39/39/39 40/40/40 1212/1212/1212
f 41/41/41 40/40/40 39/39/39
f 1212/1212/1212 1782/1782/1782 534/534/534
f 40/40/40 1782/1782/1782 1212/1212/1212
f 534/534/534 1781/1781/1781 533/533/533
f 1782/1782/1782 1781/1781/1781 534/534/534
f 41/41/41 67/67/67 40/40/40
f 1781/1781/1781 2162/2162/2162 533/533/533
f 533/533/533 2162/2162/2162 2316/2316/2316
f 41/41/41 1584/1584/1584 1585/1585/1585
f 1585/1585/1585 67/67/67 41/41/41
f 2610/2610/2610 1586/1586/1586 1584/1584/1584
f 1586/1586/1586 1585/1585/1585 1584/1584/1584
f 2611/2611/2611 1831/1831/1831 2610/2610/2610
f 2610/2610/2610 1831/1831/1831 1586/1586/1586
f 2611/2611/2611 1832/1832/1832 1831/1831/1831
f 2493/2493/2493 1832/1832/1832 2611/2611/2611
f 1517/1517/1517 1586/1586/1586 1831/1831/1831
f 1832/1832/1832 1519/1519/1519 1831/1831/1831
f 1517/1517/1517 1831/1831/1831 1519/1519/1519
f 1586/1586/1586 2451/2451/2451 1585/1585/1585
f 1832/1832/1832 1665/1665/1665 1519/1519/1519
f 751/751/751 1585/1585/1585 2451/2451/2451
f 1585/1585/1585 751/751/751 67/67/67
f 1586/1586/1586 761/761/761 2451/2451/2451
f 1586/1586/1586 1517/1517/1517 761/761/761
f 751/751/751 2451/2451/2451 753/753/753
f 753/753/753 2451/2451/2451 761/761/761
f 1538/1538/1538 67/67/67 751/751/751
f 67/67/67 66/66/66 40/40/40
f 67/67/67 1538/1538/1538 66/66/66
f 40/40/40 66/66/66 1782/1782/1782
f 1538/1538/1538 751/751/751 752/752/752
f 753/753/753 752/752/752 751/751/751
f 1494/1494/1494 66/66/66 1538/1538/1538
f 1782/1782/1782 66/66/66 1495/1495/1495
f 1494/1494/1494 1495/1495/1495 66/66/66
f 1538/1538/1538 752/752/752 1787/1787/1787
f 1538/1538/1538 1787/1787/1787 1494/1494/1494
f 1782/1782/1782 1495/1495/1495 2539/2539/2539
f 1782/1782/1782 2539/2539/2539 1781/1781/1781
f 1496/1496/1496 1495/1495/1495 1494/1494/1494
f 1964/1964/1964 2539/2539/2539 1495/1495/1495
f 1496/1496/1496 1964/1964/1964 1495/1495/1495
f 1781/1781/1781 2539/2539/2539 2365/2365/2365
f 1964/1964/1964 2365/2365/2365 2539/2539/2539
f 1494/1494/1494 461/461/461 1496/1496/1496
f 1494/1494/1494 1787/1787/1787 461/461/461
f 1781/1781/1781 2365/2365/2365 2364/2364/2364
f 1781/1781/1781 2364/2364/2364 2162/2162/2162
f 598/598/598 2365/2365/2365 1964/1964/1964
f 2362/2362/2362 2364/2364/2364 2365/2365/2365
f 598/598/598 2362/2362/2362 2365/2365/2365
f 2162/2162/2162 2364/2364/2364 2161/2161/2161
f 2362/2362/2362 2161/2161/2161 2364/2364/2364
f 1964/1964/1964 1496/1496/1496 597/597/597
f 1964/1964/1964 597/597/597 598/598/598
f 2162/2162/2162 2161/2161/2161 2160/2160/2160
f 2160/2160/2160 2316/2316/2316 2162/2162/2162
f 1496/1496/1496 459/459/459 597/597/597
f 1496/1496/1496 461/461/461 459/459/459
f 2160/2160/2160 328/328/328 2316/2316/2316
f 1720/1720/1720 2316/2316/2316 328/328/328
f 2535/2535/2535 2160/2160/2160 2161/2161/2161
f 328/328/328 2160/2160/2160 1917/1917/1917
f 2535/2535/2535 1917/1917/1917 2160/2160/2160
f 2161/2161/2161 2362/2362/2362 2536/2536/2536
f 2161/2161/2161 2536/2536/2536 2535/2535/2535
f 2363/2363/2363 2362/2362/2362 598/598/598
f 2363/2363/2363 2536/2536/2536 2362/2362/2362
f 599/599/599 598/598/598 597/597/597
f 599/599/599 2363/2363/2363 598/598/598
f 2704/2704/2704 2535/2535/2535 2536/2536/2536
f 2536/2536/2536 2363/2363/2363 398/398/398
f 2536/2536/2536 398/398/398 2704/2704/2704
f 2363/2363/2363 599/599/599 2467/2467/2467
f 2363/2363/2363 2467/2467/2467 398/398/398
f 597/597/597 2733/2733/2733 599/599/599
f 597/597/597 459/459/459 2733/2733/2733
f 599/599/599 2220/2220/2220 2467/2467/2467
f 599/599/599 2733/2733/2733 2220/2220/2220
f 398/398/398 2467/2467/2467 397/397/397
f 459/459/459 2767/2767/2767 2733/2733/2733
f 2467/2467/2467 2220/2220/2220 2219/2219/2219
f 2467/2467/2467 2219/2219/2219 397/397/397
f 2733/2733/2733 698/698/698 2220/2220/2220
f 2733/2733/2733 2767/2767/2767 698/698/698
f 2220/2220/2220 696/696/696 2219/2219/2219
f 2220/2220/2220 698/698/698 696/696/696
f 459/459/459 460/460/460 2767/2767/2767
f 461/461/461 460/460/460 459/459/459
f 369/369/369 698/698/698 2767/2767/2767
f 461/461/461 1255/1255/1255 460/460/460
f 1787/1787/1787 1255/1255/1255 461/461/461
f 460/460/460 2768/2768/2768 2767/2767/2767
f 369/369/369 2767/2767/2767 2768/2768/2768
f 1256/1256/1256 460/460/460 1255/1255/1255
f 460/460/460 1256/1256/1256 2768/2768/2768
f 1787/1787/1787 1565/1565/1565 1255/1255/1255
f 752/752/752 1565/1565/1565 1787/1787/1787
f 1256/1256/1256 1255/1255/1255 1254/1254/1254
f 1565/1565/1565 1254/1254/1254 1255/1255/1255
f 752/752/752 2680/2680/2680 1565/1565/1565
f 753/753/753 2680/2680/2680 752/752/752
f 1565/1565/1565 1636/1636/1636 1254/1254/1254
f 1636/1636/1636 1565/1565/1565 2680/2680/2680
f 2680/2680/2680 753/753/753 760/760/760
f 753/753/753 761/761/761 760/760/760
f 1636/1636/1636 2680/2680/2680 1872/1872/1872
f 2680/2680/2680 760/760/760 1872/1872/1872
f 1636/1636/1636 1635/1635/1635 1254/1254/1254
f 1872/1872/1872 1871/1871/1871 1636/1636/1636
f 1636/1636/1636 1871/1871/1871 1635/1635/1635
f 744/744/744 1872/1872/1872 760/760/760
f 1872/1872/1872 744/744/744 1871/1871/1871
f 761/761/761 746/746/746 760/760/760
f 744/744/744 760/760/760 746/746/746
f 1876/1876/1876 1635/1635/1635 1871/1871/1871
f 1876/1876/1876 1871/1871/1871 1157/1157/1157
f 1157/1157/1157 1871/1871/1871 744/744/744
f 1877/1877/1877 1635/1635/1635 1876/1876/1876
f 1157/1157/1157 744/744/744 745/745/745
f 746/746/746 745/745/745 744/744/744
f 746/746/746 154/154/154 745/745/745
f 1877/1877/1877 1873/1873/1873 1635/1635/1635
f 1254/1254/1254 1635/1635/1635 1873/1873/1873
f 1254/1254/1254 1873/1873/1873 1256/1256/1256
f 1873/1873/1873 1877/1877/1877 2697/2697/2697
f 154/154/154 746/746/746 153/153/153
f 761/761/761 153/153/153 746/746/746
f 154/154/154 153/153/153 152/152/152
f 1517/1517/1517 153/153/153 761/761/761
f 1873/1873/1873 2697/2697/2697 1874/1874/1874
f 1874/1874/1874 1256/1256/1256 1873/1873/1873
f 1874/1874/1874 2768/2768/2768 1256/1256/1256
f 1874/1874/1874 2697/2697/2697 1247/1247/1247
f 1517/1517/1517 1518/1518/1518 153/153/153
f 152/152/152 153/153/153 1518/1518/1518
f 1519/1519/1519 1518/1518/1518 1517/1517/1517
f 152/152/152 1518/1518/1518 2371/2371/2371
f 1874/1874/1874 1247/1247/1247 368/368/368
f 2768/2768/2768 1874/1874/1874 368/368/368
f 1248/1248/1248 368/368/368 1247/1247/1247
f 2768/2768/2768 368/368/368 369/369/369
f 1664/1664/1664 2371/2371/2371 1518/1518/1518
f 1519/1519/1519 1664/1664/1664 1518/1518/1518
f 1664/1664/1664 2198/2198/2198 2371/2371/2371
f 1665/1665/1665 1664/1664/1664 1519/1519/1519
f 1248/1248/1248 370/370/370 368/368/368
f 370/370/370 369/369/369 368/368/368
f 370/370/370 1248/1248/1248 1037/1037/1037
f 2199/2199/2199 2198/2198/2198 1664/1664/1664
f 1665/1665/1665 2199/2199/2199 1664/1664/1664
f 2199/2199/2199 1870/1870/1870 2198/2198/2198
f 370/370/370 697/697/697 369/369/369
f 698/698/698 369/369/369 697/697/697
f 698/698/698 697/697/697 696/696/696
f 370/370/370 1037/1037/1037 1035/1035/1035
f 697/697/697 370/370/370 1035/1035/1035
f 1870/1870/1870 2199/2199/2199 1869/1869/1869
f 1870/1870/1870 1869/1869/1869 1868/1868/1868
f 697/697/697 1035/1035/1035 2740/2740/2740
f 2740/2740/2740 696/696/696 697/697/697
f 1037/1037/1037 1036/1036/1036 1035/1035/1035
f 2740/2740/2740 1035/1035/1035 1036/1036/1036
f 1037/1037/1037 2631/2631/2631 1036/1036/1036
f 2740/2740/2740 2533/2533/2533 696/696/696
f 2219/2219/2219 696/696/696 2533/2533/2533
f 2740/2740/2740 1036/1036/1036 2644/2644/2644
f 2533/2533/2533 2740/2740/2740 2644/2644/2644
f 1237/1237/1237 1036/1036/1036 2631/2631/2631
f 1237/1237/1237 2631/2631/2631 1508/1508/1508
f 1752/1752/1752 2644/2644/2644 1036/1036/1036
f 1752/1752/1752 1036/1036/1036 1237/1237/1237
f 2533/2533/2533 2644/2644/2644 1300/1300/1300
f 1300/1300/1300 2644/2644/2644 1752/1752/1752
f 2219/2219/2219 2533/2533/2533 1301/1301/1301
f 1301/1301/1301 2533/2533/2533 1300/1300/1300
f 397/397/397 2219/2219/2219 1301/1301/1301
f 1508/1508/1508 481/481/481 1237/1237/1237
f 1508/1508/1508 1264/1264/1264 481/481/481
f 1238/1238/1238 1752/1752/1752 1237/1237/1237
f 1238/1238/1238 1237/1237/1237 481/481/481
f 480/480/480 481/481/481 1264/1264/1264
f 480/480/480 1264/1264/1264 822/822/822
f 482/482/482 1238/1238/1238 481/481/481
f 482/482/482 481/481/481 480/480/480
f 822/822/822 821/821/821 480/480/480
f 822/822/822 2673/2673/2673 821/821/821
f 2548/2548/2548 821/821/821 2673/2673/2673
f 480/480/480 632/632/632 482/482/482
f 480/480/480 821/821/821 632/632/632
f 2548/2548/2548 2549/2549/2549 821/821/821
f 2549/2549/2549 632/632/632 821/821/821
f 2550/2550/2550 2549/2549/2549 2548/2548/2548
f 1238/1238/1238 482/482/482 825/825/825
f 2550/2550/2550 1196/1196/1196 2549/2549/2549
f 1196/1196/1196 2550/2550/2550 2739/2739/2739
f 2549/2549/2549 2732/2732/2732 632/632/632
f 2732/2732/2732 2549/2549/2549 1196/1196/1196
f 633/633/633 482/482/482 632/632/632
f 633/633/633 825/825/825 482/482/482
f 2703/2703/2703 632/632/632 2732/2732/2732
f 2703/2703/2703 633/633/633 632/632/632
f 2732/2732/2732 1196/1196/1196 1197/1197/1197
f 1197/1197/1197 2703/2703/2703 2732/2732/2732
f 1196/1196/1196 2739/2739/2739 1198/1198/1198
f 1198/1198/1198 1197/1197/1197 1196/1196/1196
f 1198/1198/1198 2739/2739/2739 1444/1444/1444
f 1197/1197/1197 100/100/100 2703/2703/2703
f 1198/1198/1198 1444/1444/1444 1443/1443/1443
f 2295/2295/2295 1443/1443/1443 1444/1444/1444
f 1198/1198/1198 2447/2447/2447 1197/1197/1197
f 1443/1443/1443 2447/2447/2447 1198/1198/1198
f 100/100/100 1197/1197/1197 2447/2447/2447
f 2295/2295/2295 1659/1659/1659 1443/1443/1443
f 1659/1659/1659 2295/2295/2295 1658/1658/1658
f 1443/1443/1443 180/180/180 2447/2447/2447
f 180/180/180 1443/1443/1443 1659/1659/1659
f 100/100/100 2447/2447/2447 102/102/102
f 102/102/102 2447/2447/2447 180/180/180
f 1659/1659/1659 1658/1658/1658 1657/1657/1657
f 1657/1657/1657 1658/1658/1658 1631/1631/1631
f 180/180/180 1659/1659/1659 1688/1688/1688
f 1688/1688/1688 1659/1659/1659 1657/1657/1657
f 102/102/102 180/180/180 179/179/179
f 1688/1688/1688 179/179/179 180/180/180
f 1657/1657/1657 1631/1631/1631 1632/1632/1632
f 1633/1633/1633 1632/1632/1632 1631/1631/1631
f 1688/1688/1688 1657/1657/1657 680/680/680
f 1632/1632/1632 680/680/680 1657/1657/1657
f 1688/1688/1688 681/681/681 179/179/179
f 681/681/681 1688/1688/1688 680/680/680
f 1633/1633/1633 2783/2783/2783 1632/1632/1632
f 121/121/121 2783/2783/2783 1633/1633/1633
f 1632/1632/1632 641/641/641 680/680/680
f 641/641/641 1632/1632/1632 2783/2783/2783
f 681/681/681 680/680/680 642/642/642
f 642/642/642 680/680/680 641/641/641
f 121/121/121 1907/1907/1907 2783/2783/2783
f 641/641/641 2783/2783/2783 1511/1511/1511
f 1511/1511/1511 2783/2783/2783 1907/1907/1907
f 642/642/642 641/641/641 640/640/640
f 1511/1511/1511 640/640/640 641/641/641
f 122/122/122 1907/1907/1907 121/121/121
f 122/122/122 121/121/121 120/120/120
f 1511/1511/1511 1907/1907/1907 2557/2557/2557
f 2667/2667/2667 122/122/122 120/120/120
f 2667/2667/2667 120/120/120 2418/2418/2418
f 1908/1908/1908 1907/1907/1907 122/122/122
f 1908/1908/1908 2557/2557/2557 1907/1907/1907
f 2030/2030/2030 122/122/122 2667/2667/2667
f 2030/2030/2030 1908/1908/1908 122/122/122
f 2419/2419/2419 2667/2667/2667 2418/2418/2418
f 2419/2419/2419 2418/2418/2418 2417/2417/2417
f 2069/2069/2069 2030/2030/2030 2667/2667/2667
f 2069/2069/2069 2667/2667/2667 2419/2419/2419
f 2417/2417/2417 1581/1581/1581 2419/2419/2419
f 2417/2417/2417 4906/4906/4906 1581/1581/1581
f 1581/1581/1581 4906/4906/4906 1436/1436/1436
f 2068/2068/2068 2069/2069/2069 2419/2419/2419
f 2068/2068/2068 2419/2419/2419 1581/1581/1581
f 1581/1581/1581 1436/1436/1436 1437/1437/1437
f 1438/1438/1438 1437/1437/1437 1436/1436/1436
f 1581/1581/1581 1805/1805/1805 2068/2068/2068
f 1581/1581/1581 1437/1437/1437 1805/1805/1805
f 1438/1438/1438 1479/1479/1479 1437/1437/1437
f 1805/1805/1805 1437/1437/1437 1479/1479/1479
f 1639/1639/1639 1479/1479/1479 1438/1438/1438
f 2070/2070/2070 2069/2069/2069 2068/2068/2068
f 2070/2070/2070 2068/2068/2068 1805/1805/1805
f 1639/1639/1639 1481/1481/1481 1479/1479/1479
f 1640/1640/1640 1481/1481/1481 1639/1639/1639
f 1805/1805/1805 1479/1479/1479 1480/1480/1480
f 1481/1481/1481 1480/1480/1480 1479/1479/1479
f 1640/1640/1640 2477/2477/2477 1481/1481/1481
f 2477/2477/2477 1640/1640/1640 89/89/89
f 1481/1481/1481 2336/2336/2336 1480/1480/1480
f 2336/2336/2336 1481/1481/1481 2477/2477/2477
f 1480/1480/1480 1423/1423/1423 1805/1805/1805
f 2070/2070/2070 1805/1805/1805 1423/1423/1423
f 2477/2477/2477 89/89/89 90/90/90
f 91/91/91 90/90/90 89/89/89
f 1480/1480/1480 793/793/793 1423/1423/1423
f 793/793/793 1480/1480/1480 2336/2336/2336
f 91/91/91 1242/1242/1242 90/90/90
f 1243/1243/1243 1242/1242/1242 91/91/91
f 90/90/90 2337/2337/2337 2477/2477/2477
f 2336/2336/2336 2477/2477/2477 2337/2337/2337
f 2689/2689/2689 90/90/90 1242/1242/1242
f 90/90/90 2689/2689/2689 2337/2337/2337
f 1243/1243/1243 2166/2166/2166 1242/1242/1242
f 2166/2166/2166 1243/1243/1243 2165/2165/2165
f 2689/2689/2689 1242/1242/1242 2084/2084/2084
f 2166/2166/2166 2084/2084/2084 1242/1242/1242
f 2166/2166/2166 2165/2165/2165 1880/1880/1880
f 1880/1880/1880 2165/2165/2165 1879/1879/1879
f 2166/2166/2166 2728/2728/2728 2084/2084/2084
f 2728/2728/2728 2166/2166/2166 1880/1880/1880
f 1880/1880/1880 1879/1879/1879 1878/1878/1878
f 1878/1878/1878 1879/1879/1879 1947/1947/1947
f 2728/2728/2728 1880/1880/1880 2318/2318/2318
f 1878/1878/1878 2318/2318/2318 1880/1880/1880
f 1878/1878/1878 1947/1947/1947 1715/1715/1715
f 1948/1948/1948 1715/1715/1715 1947/1947/1947
f 1878/1878/1878 2428/2428/2428 2318/2318/2318
f 2428/2428/2428 1878/1878/1878 1715/1715/1715
f 2728/2728/2728 2318/2318/2318 2727/2727/2727
f 2727/2727/2727 2318/2318/2318 2428/2428/2428
f 1948/1948/1948 1717/1717/1717 1715/1715/1715
f 1317/1317/1317 1717/1717/1717 1948/1948/1948
f 2428/2428/2428 1715/1715/1715 1716/1716/1716
f 1717/1717/1717 1716/1716/1716 1715/1715/1715
f 1317/1317/1317 1318/1318/1318 1717/1717/1717
f 1319/1319/1319 1318/1318/1318 1317/1317/1317
f 1717/1717/1717 2424/2424/2424 1716/1716/1716
f 2424/2424/2424 1717/1717/1717 1318/1318/1318
f 1716/1716/1716 2429/2429/2429 2428/2428/2428
f 2727/2727/2727 2428/2428/2428 2429/2429/2429
f 1841/1841/1841 1716/1716/1716 2424/2424/2424
f 1716/1716/1716 1841/1841/1841 2429/2429/2429
f 2424/2424/2424 1318/1318/1318 2565/2565/2565
f 1319/1319/1319 1744/1744/1744 1318/1318/1318
f 2565/2565/2565 1318/1318/1318 1744/1744/1744
f 1841/1841/1841 2424/2424/2424 2423/2423/2423
f 2565/2565/2565 2423/2423/2423 2424/2424/2424
f 1743/1743/1743 1744/1744/1744 1319/1319/1319
f 1743/1743/1743 1319/1319/1319 1881/1881/1881
f 2565/2565/2565 1744/1744/1744 2623/2623/2623
f 1086/1086/1086 1743/1743/1743 1881/1881/1881
f 1086/1086/1086 1881/1881/1881 1525/1525/1525
f 150/150/150 1744/1744/1744 1743/1743/1743
f 150/150/150 2623/2623/2623 1744/1744/1744
f 1085/1085/1085 1086/1086/1086 1525/1525/1525
f 1085/1085/1085 1525/1525/1525 1524/1524/1524
f 1758/1758/1758 1085/1085/1085 1524/1524/1524
f 2683/2683/2683 2565/2565/2565 2623/2623/2623
f 2565/2565/2565 2683/2683/2683 2423/2423/2423
f 1758/1758/1758 2476/2476/2476 1085/1085/1085
f 2563/2563/2563 2476/2476/2476 1758/1758/1758
f 2683/2683/2683 2623/2623/2623 151/151/151
f 151/151/151 2623/2623/2623 150/150/150
f 2423/2423/2423 2683/2683/2683 392/392/392
f 392/392/392 2683/2683/2683 151/151/151
f 307/307/307 150/150/150 1743/1743/1743
f 307/307/307 1743/1743/1743 1086/1086/1086
f 151/151/151 150/150/150 149/149/149
f 149/149/149 150/150/150 307/307/307
f 1087/1087/1087 1086/1086/1086 1085/1085/1085
f 1087/1087/1087 307/307/307 1086/1086/1086
f 1087/1087/1087 1085/1085/1085 2476/2476/2476
f 149/149/149 322/322/322 151/151/151
f 392/392/392 151/151/151 322/322/322
f 2563/2563/2563 1142/1142/1142 2476/2476/2476
f 1692/1692/1692 1142/1142/1142 2563/2563/2563
f 1087/1087/1087 2476/2476/2476 1408/1408/1408
f 1142/1142/1142 1408/1408/1408 2476/2476/2476
f 307/307/307 1087/1087/1087 306/306/306
f 1408/1408/1408 306/306/306 1087/1087/1087
f 149/149/149 307/307/307 305/305/305
f 307/307/307 306/306/306 305/305/305
f 149/149/149 324/324/324 322/322/322
f 324/324/324 149/149/149 305/305/305
f 305/305/305 306/306/306 2543/2543/2543
f 324/324/324 305/305/305 956/956/956
f 305/305/305 2543/2543/2543 956/956/956
f 1408/1408/1408 2302/2302/2302 306/306/306
f 2302/2302/2302 2543/2543/2543 306/306/306
f 324/324/324 323/323/323 322/322/322
f 2302/2302/2302 2192/2192/2192 2543/2543/2543
f 956/956/956 1629/1629/1629 324/324/324
f 324/324/324 1629/1629/1629 323/323/323
f 956/956/956 2543/2543/2543 2080/2080/2080
f 2080/2080/2080 2543/2543/2543 2192/2192/2192
f 956/956/956 402/402/402 1629/1629/1629
f 956/956/956 2080/2080/2080 402/402/402
f 1630/1630/1630 323/323/323 1629/1629/1629
f 403/403/403 1629/1629/1629 402/402/402
f 1630/1630/1630 1629/1629/1629 403/403/403
f 322/322/322 323/323/323 25/25/25
f 322/322/322 25/25/25 392/392/392
f 323/323/323 1630/1630/1630 24/24/24
f 323/323/323 24/24/24 25/25/25
f 403/403/403 1483/1483/1483 1630/1630/1630
f 24/24/24 1630/1630/1630 1483/1483/1483
f 1840/1840/1840 392/392/392 25/25/25
f 2423/2423/2423 392/392/392 1840/1840/1840
f 1841/1841/1841 2423/2423/2423 1840/1840/1840
f 1840/1840/1840 25/25/25 2078/2078/2078
f 1841/1841/1841 1840/1840/1840 1839/1839/1839
f 1839/1839/1839 1840/1840/1840 2078/2078/2078
f 1841/1841/1841 1839/1839/1839 2723/2723/2723
f 1841/1841/1841 2723/2723/2723 2429/2429/2429
f 1839/1839/1839 2078/2078/2078 1656/1656/1656
f 2723/2723/2723 1839/1839/1839 1656/1656/1656
f 26/26/26 2078/2078/2078 25/25/25
f 1656/1656/1656 2078/2078/2078 26/26/26
f 26/26/26 25/25/25 24/24/24
f 790/790/790 2429/2429/2429 2723/2723/2723
f 790/790/790 2727/2727/2727 2429/2429/2429
f 2723/2723/2723 1656/1656/1656 860/860/860
f 790/790/790 2723/2723/2723 860/860/860
f 24/24/24 1091/1091/1091 26/26/26
f 24/24/24 1483/1483/1483 1091/1091/1091
f 1656/1656/1656 26/26/26 1655/1655/1655
f 860/860/860 1656/1656/1656 1655/1655/1655
f 26/26/26 1091/1091/1091 2254/2254/2254
f 1091/1091/1091 1483/1483/1483 1905/1905/1905
f 1091/1091/1091 1905/1905/1905 2254/2254/2254
f 26/26/26 850/850/850 1655/1655/1655
f 26/26/26 2254/2254/2254 850/850/850
f 860/860/860 1655/1655/1655 1218/1218/1218
f 700/700/700 850/850/850 2254/2254/2254
f 700/700/700 2254/2254/2254 1905/1905/1905
f 1655/1655/1655 850/850/850 848/848/848
f 1655/1655/1655 848/848/848 1218/1218/1218
f 850/850/850 700/700/700 849/849/849
f 850/850/850 849/849/849 848/848/848
f 792/792/792 860/860/860 1218/1218/1218
f 790/790/790 860/860/860 792/792/792
f 1217/1217/1217 1218/1218/1218 848/848/848
f 792/792/792 1218/1218/1218 1217/1217/1217
f 1089/1089/1089 848/848/848 849/849/849
f 1217/1217/1217 848/848/848 1896/1896/1896
f 1089/1089/1089 1896/1896/1896 848/848/848
f 1217/1217/1217 1843/1843/1843 792/792/792
f 1896/1896/1896 1564/1564/1564 1217/1217/1217
f 1217/1217/1217 1564/1564/1564 1843/1843/1843
f 1089/1089/1089 1895/1895/1895 1896/1896/1896
f 1896/1896/1896 1895/1895/1895 1564/1564/1564
f 1844/1844/1844 792/792/792 1843/1843/1843
f 1895/1895/1895 736/736/736 1564/1564/1564
f 734/734/734 1843/1843/1843 1564/1564/1564
f 734/734/734 1564/1564/1564 736/736/736
f 1844/1844/1844 1843/1843/1843 1842/1842/1842
f 1842/1842/1842 1843/1843/1843 734/734/734
f 792/792/792 1844/1844/1844 791/791/791
f 792/792/792 791/791/791 790/790/790
f 2452/2452/2452 1844/1844/1844 1842/1842/1842
f 1849/1849/1849 791/791/791 1844/1844/1844
f 1849/1849/1849 1844/1844/1844 2452/2452/2452
f 1712/1712/1712 790/790/790 791/791/791
f 1850/1850/1850 791/791/791 1849/1849/1849
f 1850/1850/1850 1712/1712/1712 791/791/791
f 757/757/757 1849/1849/1849 2452/2452/2452
f 757/757/757 1850/1850/1850 1849/1849/1849
f 1712/1712/1712 1713/1713/1713 790/790/790
f 790/790/790 1713/1713/1713 2727/2727/2727
f 2614/2614/2614 1712/1712/1712 1850/1850/1850
f 1713/1713/1713 2083/2083/2083 2727/2727/2727
f 2728/2728/2728 2727/2727/2727 2083/2083/2083
f 2084/2084/2084 2728/2728/2728 2083/2083/2083
f 1714/1714/1714 1713/1713/1713 1712/1712/1712
f 2614/2614/2614 1714/1714/1714 1712/1712/1712
f 1713/1713/1713 2032/2032/2032 2083/2083/2083
f 1714/1714/1714 2032/2032/2032 1713/1713/1713
f 2084/2084/2084 2083/2083/2083 2082/2082/2082
f 2032/2032/2032 2082/2082/2082 2083/2083/2083
f 2689/2689/2689 2084/2084/2084 2082/2082/2082
f 690/690/690 2032/2032/2032 1714/1714/1714
f 2689/2689/2689 2082/2082/2082 2690/2690/2690
f 2690/2690/2690 2337/2337/2337 2689/2689/2689
f 2032/2032/2032 2016/2016/2016 2082/2082/2082
f 2016/2016/2016 2690/2690/2690 2082/2082/2082
f 690/690/690 2016/2016/2016 2032/2032/2032
f 2690/2690/2690 2788/2788/2788 2337/2337/2337
f 2016/2016/2016 1267/1267/1267 2690/2690/2690
f 1267/1267/1267 2788/2788/2788 2690/2690/2690
f 1266/1266/1266 2016/2016/2016 690/690/690
f 1266/1266/1266 1267/1267/1267 2016/2016/2016
f 1714/1714/1714 689/689/689 690/690/690
f 1714/1714/1714 2614/2614/2614 689/689/689
f 691/691/691 1266/1266/1266 690/690/690
f 691/691/691 690/690/690 689/689/689
f 615/615/615 1267/1267/1267 1266/1266/1266
f 706/706/706 689/689/689 2614/2614/2614
f 615/615/615 2789/2789/2789 1267/1267/1267
f 1267/1267/1267 2789/2789/2789 2788/2788/2788
f 2742/2742/2742 2614/2614/2614 1850/1850/1850
f 2742/2742/2742 706/706/706 2614/2614/2614
f 757/757/757 2742/2742/2742 1850/1850/1850
f 616/616/616 2788/2788/2788 2789/2789/2789
f 616/616/616 2789/2789/2789 615/615/615
f 2337/2337/2337 2788/2788/2788 795/795/795
f 616/616/616 795/795/795 2788/2788/2788
f 2337/2337/2337 795/795/795 2336/2336/2336
f 793/793/793 2336/2336/2336 795/795/795
f 795/795/795 616/616/616 794/794/794
f 795/795/795 794/794/794 793/793/793
f 616/616/616 615/615/615 223/223/223
f 794/794/794 616/616/616 223/223/223
f 1266/1266/1266 2446/2446/2446 615/615/615
f 2446/2446/2446 223/223/223 615/615/615
f 1266/1266/1266 691/691/691 2446/2446/2446
f 793/793/793 794/794/794 1424/1424/1424
f 793/793/793 1424/1424/1424 1423/1423/1423
f 794/794/794 223/223/223 224/224/224
f 1424/1424/1424 794/794/794 224/224/224
f 2446/2446/2446 225/225/225 223/223/223
f 225/225/225 224/224/224 223/223/223
f 2308/2308/2308 1423/1423/1423 1424/1424/1424
f 2308/2308/2308 2070/2070/2070 1423/1423/1423
f 1424/1424/1424 224/224/224 2309/2309/2309
f 2309/2309/2309 2308/2308/2308 1424/1424/1424
f 225/225/225 2575/2575/2575 224/224/224
f 2575/2575/2575 2309/2309/2309 224/224/224
f 225/225/225 2446/2446/2446 2645/2645/2645
f 2309/2309/2309 2250/2250/2250 2308/2308/2308
f 2446/2446/2446 2646/2646/2646 2645/2645/2645
f 2446/2446/2446 691/691/691 2646/2646/2646
f 225/225/225 2645/2645/2645 2043/2043/2043
f 2575/2575/2575 225/225/225 2043/2043/2043
f 2042/2042/2042 2645/2645/2645 2646/2646/2646
f 2043/2043/2043 2645/2645/2645 2042/2042/2042
f 2042/2042/2042 2646/2646/2646 1232/1232/1232
f 2043/2043/2043 2042/2042/2042 1334/1334/1334
f 1232/1232/1232 2646/2646/2646 707/707/707
f 707/707/707 2646/2646/2646 691/691/691
f 707/707/707 691/691/691 689/689/689
f 1232/1232/1232 707/707/707 1231/1231/1231
f 706/706/706 707/707/707 689/689/689
f 708/708/708 1231/1231/1231 707/707/707
f 708/708/708 707/707/707 706/706/706
f 706/706/706 720/720/720 708/708/708
f 706/706/706 2742/2742/2742 720/720/720
f 758/758/758 720/720/720 2742/2742/2742
f 758/758/758 2742/2742/2742 757/757/757
f 1335/1335/1335 2043/2043/2043 1334/1334/1334
f 2575/2575/2575 2043/2043/2043 1335/1335/1335
f 1335/1335/1335 1334/1334/1334 409/409/409
f 759/759/759 758/758/758 757/757/757
f 757/757/757 2452/2452/2452 759/759/759
f 759/759/759 2657/2657/2657 758/758/758
f 410/410/410 1335/1335/1335 409/409/409
f 410/410/410 409/409/409 408/408/408
f 1780/1780/1780 2575/2575/2575 1335/1335/1335
f 1780/1780/1780 1335/1335/1335 410/410/410
f 2575/2575/2575 1780/1780/1780 2309/2309/2309
f 2250/2250/2250 2309/2309/2309 1780/1780/1780
f 408/408/408 2252/2252/2252 410/410/410
f 408/408/408 2464/2464/2464 2252/2252/2252
f 2249/2249/2249 1780/1780/1780 410/410/410
f 2249/2249/2249 410/410/410 2252/2252/2252
f 2250/2250/2250 1780/1780/1780 2249/2249/2249
f 2464/2464/2464 2463/2463/2463 2252/2252/2252
f 2464/2464/2464 2012/2012/2012 2463/2463/2463
f 2248/2248/2248 2249/2249/2249 2252/2252/2252
f 2248/2248/2248 2252/2252/2252 2463/2463/2463
f 2013/2013/2013 2463/2463/2463 2012/2012/2012
f 2013/2013/2013 2248/2248/2248 2463/2463/2463
f 2013/2013/2013 2012/2012/2012 2011/2011/2011
f 2013/2013/2013 2011/2011/2011 2251/2251/2251
f 2249/2249/2249 733/733/733 2250/2250/2250
f 2249/2249/2249 2248/2248/2248 733/733/733
f 2013/2013/2013 2251/2251/2251 1774/1774/1774
f 2013/2013/2013 2247/2247/2247 2248/2248/2248
f 1774/1774/1774 2247/2247/2247 2013/2013/2013
f 2243/2243/2243 733/733/733 2248/2248/2248
f 2243/2243/2243 2248/2248/2248 2247/2247/2247
f 732/732/732 2250/2250/2250 733/733/733
f 732/732/732 2308/2308/2308 2250/2250/2250
f 2308/2308/2308 732/732/732 2070/2070/2070
f 733/733/733 2243/2243/2243 634/634/634
f 733/733/733 634/634/634 732/732/732
f 581/581/581 2243/2243/2243 2247/2247/2247
f 1847/1847/1847 2070/2070/2070 732/732/732
f 2070/2070/2070 1847/1847/1847 2069/2069/2069
f 1847/1847/1847 2030/2030/2030 2069/2069/2069
f 581/581/581 2247/2247/2247 1773/1773/1773
f 1774/1774/1774 1773/1773/1773 2247/2247/2247
f 1847/1847/1847 1848/1848/1848 2030/2030/2030
f 1848/1848/1848 1908/1908/1908 2030/2030/2030
f 1847/1847/1847 732/732/732 796/796/796
f 796/796/796 1848/1848/1848 1847/1847/1847
f 1848/1848/1848 70/70/70 1908/1908/1908
f 70/70/70 2557/2557/2557 1908/1908/1908
f 796/796/796 69/69/69 1848/1848/1848
f 70/70/70 1848/1848/1848 69/69/69
f 732/732/732 797/797/797 796/796/796
f 732/732/732 634/634/634 797/797/797
f 796/796/796 271/271/271 69/69/69
f 796/796/796 797/797/797 271/271/271
f 70/70/70 2687/2687/2687 2557/2557/2557
f 1511/1511/1511 2557/2557/2557 2687/2687/2687
f 70/70/70 69/69/69 68/68/68
f 1511/1511/1511 2687/2687/2687 1575/1575/1575
f 1511/1511/1511 1575/1575/1575 640/640/640
f 1559/1559/1559 2687/2687/2687 70/70/70
f 1575/1575/1575 2687/2687/2687 1559/1559/1559
f 1559/1559/1559 70/70/70 68/68/68
f 272/272/272 68/68/68 69/69/69
f 272/272/272 69/69/69 271/271/271
f 68/68/68 1030/1030/1030 1559/1559/1559
f 68/68/68 272/272/272 1030/1030/1030
f 1575/1575/1575 1559/1559/1559 1558/1558/1558
f 1032/1032/1032 272/272/272 271/271/271
f 1030/1030/1030 272/272/272 1032/1032/1032
f 1559/1559/1559 112/112/112 1558/1558/1558
f 1559/1559/1559 1030/1030/1030 112/112/112
f 1575/1575/1575 1558/1558/1558 1574/1574/1574
f 1575/1575/1575 1574/1574/1574 640/640/640
f 1031/1031/1031 112/112/112 1030/1030/1030
f 1030/1030/1030 1032/1032/1032 1031/1031/1031
f 113/113/113 1558/1558/1558 112/112/112
f 113/113/113 1574/1574/1574 1558/1558/1558
f 1031/1031/1031 53/53/53 112/112/112
f 53/53/53 113/113/113 112/112/112
f 640/640/640 1574/1574/1574 2110/2110/2110
f 640/640/640 2110/2110/2110 642/642/642
f 1574/1574/1574 113/113/113 1770/1770/1770
f 1574/1574/1574 1770/1770/1770 2110/2110/2110
f 1804/1804/1804 642/642/642 2110/2110/2110
f 1804/1804/1804 681/681/681 642/642/642
f 2110/2110/2110 1770/1770/1770 1608/1608/1608
f 2110/2110/2110 1608/1608/1608 1804/1804/1804
f 1803/1803/1803 681/681/681 1804/1804/1804
f 1803/1803/1803 179/179/179 681/681/681
f 1804/1804/1804 1608/1608/1608 1675/1675/1675
f 1804/1804/1804 1675/1675/1675 1803/1803/1803
f 179/179/179 1803/1803/1803 1252/1252/1252
f 179/179/179 1252/1252/1252 102/102/102
f 1674/1674/1674 1803/1803/1803 1675/1675/1675
f 1674/1674/1674 1252/1252/1252 1803/1803/1803
f 102/102/102 1252/1252/1252 101/101/101
f 102/102/102 101/101/101 100/100/100
f 1718/1718/1718 1252/1252/1252 1674/1674/1674
f 1718/1718/1718 101/101/101 1252/1252/1252
f 100/100/100 101/101/101 2490/2490/2490
f 100/100/100 2490/2490/2490 2703/2703/2703
f 2490/2490/2490 633/633/633 2703/2703/2703
f 101/101/101 1718/1718/1718 2491/2491/2491
f 101/101/101 2491/2491/2491 2490/2490/2490
f 2490/2490/2490 824/824/824 633/633/633
f 2491/2491/2491 824/824/824 2490/2490/2490
f 825/825/825 633/633/633 824/824/824
f 1008/1008/1008 2491/2491/2491 1718/1718/1718
f 2491/2491/2491 1011/1011/1011 824/824/824
f 1011/1011/1011 2491/2491/2491 1008/1008/1008
f 825/825/825 824/824/824 823/823/823
f 823/823/823 824/824/824 1011/1011/1011
f 1674/1674/1674 1719/1719/1719 1718/1718/1718
f 1008/1008/1008 1718/1718/1718 1719/1719/1719
f 1674/1674/1674 1472/1472/1472 1719/1719/1719
f 1675/1675/1675 1472/1472/1472 1674/1674/1674
f 1008/1008/1008 1719/1719/1719 1007/1007/1007
f 1472/1472/1472 1007/1007/1007 1719/1719/1719
f 1675/1675/1675 1473/1473/1473 1472/1472/1472
f 1473/1473/1473 1675/1675/1675 1608/1608/1608
f 1472/1472/1472 1010/1010/1010 1007/1007/1007
f 1473/1473/1473 1010/1010/1010 1472/1472/1472
f 1473/1473/1473 1608/1608/1608 1607/1607/1607
f 1770/1770/1770 1607/1607/1607 1608/1608/1608
f 1473/1473/1473 2273/2273/2273 1010/1010/1010
f 2273/2273/2273 1473/1473/1473 1607/1607/1607
f 1010/1010/1010 1009/1009/1009 1007/1007/1007
f 2273/2273/2273 1009/1009/1009 1010/1010/1010
f 1008/1008/1008 1007/1007/1007 1006/1006/1006
f 1006/1006/1006 1007/1007/1007 1009/1009/1009
f 1770/1770/1770 147/147/147 1607/1607/1607
f 147/147/147 1770/1770/1770 113/113/113
f 2273/2273/2273 1607/1607/1607 2156/2156/2156
f 147/147/147 2156/2156/2156 1607/1607/1607
f 147/147/147 113/113/113 51/51/51
f 53/53/53 51/51/51 113/113/113
f 147/147/147 148/148/148 2156/2156/2156
f 51/51/51 148/148/148 147/147/147
f 312/312/312 2273/2273/2273 2156/2156/2156
f 2273/2273/2273 312/312/312 1009/1009/1009
f 1950/1950/1950 2156/2156/2156 148/148/148
f 312/312/312 2156/2156/2156 1950/1950/1950
f 51/51/51 52/52/52 148/148/148
f 53/53/53 52/52/52 51/51/51
f 1950/1950/1950 148/148/148 2389/2389/2389
f 2389/2389/2389 148/148/148 52/52/52
f 311/311/311 312/312/312 1950/1950/1950
f 53/53/53 465/465/465 52/52/52
f 465/465/465 53/53/53 1031/1031/1031
f 2389/2389/2389 665/665/665 1950/1950/1950
f 311/311/311 1950/1950/1950 665/665/665
f 465/465/465 1031/1031/1031 1033/1033/1033
f 1031/1031/1031 1032/1032/1032 1033/1033/1033
f 466/466/466 52/52/52 465/465/465
f 466/466/466 465/465/465 1033/1033/1033
f 2389/2389/2389 52/52/52 2580/2580/2580
f 466/466/466 2580/2580/2580 52/52/52
f 1034/1034/1034 1033/1033/1033 1032/1032/1032
f 466/466/466 1033/1033/1033 1034/1034/1034
f 1613/1613/1613 2389/2389/2389 2580/2580/2580
f 2389/2389/2389 1613/1613/1613 665/665/665
f 302/302/302 2580/2580/2580 466/466/466
f 1034/1034/1034 302/302/302 466/466/466
f 1613/1613/1613 2580/2580/2580 303/303/303
f 302/302/302 303/303/303 2580/2580/2580
f 852/852/852 1034/1034/1034 1032/1032/1032
f 1034/1034/1034 852/852/852 302/302/302
f 852/852/852 1032/1032/1032 1216/1216/1216
f 1032/1032/1032 271/271/271 1216/1216/1216
f 1216/1216/1216 271/271/271 797/797/797
f 1216/1216/1216 797/797/797 1215/1215/1215
f 634/634/634 1215/1215/1215 797/797/797
f 851/851/851 852/852/852 1216/1216/1216
f 851/851/851 1216/1216/1216 1215/1215/1215
f 853/853/853 302/302/302 852/852/852
f 853/853/853 852/852/852 851/851/851
f 634/634/634 635/635/635 1215/1215/1215
f 635/635/635 851/851/851 1215/1215/1215
f 579/579/579 635/635/635 634/634/634
f 579/579/579 634/634/634 2243/2243/2243
f 579/579/579 2243/2243/2243 581/581/581
f 635/635/635 2515/2515/2515 851/851/851
f 579/579/579 1951/1951/1951 635/635/635
f 1951/1951/1951 2515/2515/2515 635/635/635
f 581/581/581 580/580/580 579/579/579
f 580/580/580 1951/1951/1951 579/579/579
f 851/851/851 2515/2515/2515 1022/1022/1022
f 851/851/851 1022/1022/1022 853/853/853
f 1951/1951/1951 1952/1952/1952 2515/2515/2515
f 1022/1022/1022 2515/2515/2515 1952/1952/1952
f 580/580/580 383/383/383 1951/1951/1951
f 383/383/383 1952/1952/1952 1951/1951/1951
f 581/581/581 1661/1661/1661 580/580/580
f 1661/1661/1661 581/581/581 1773/1773/1773
f 383/383/383 580/580/580 774/774/774
f 774/774/774 580/580/580 1661/1661/1661
f 1661/1661/1661 1773/1773/1773 1602/1602/1602
f 1774/1774/1774 1602/1602/1602 1773/1773/1773
f 774/774/774 1661/1661/1661 1660/1660/1660
f 1602/1602/1602 1660/1660/1660 1661/1661/1661
f 1774/1774/1774 1604/1604/1604 1602/1602/1602
f 1604/1604/1604 1774/1774/1774 2251/2251/2251
f 1604/1604/1604 2251/2251/2251 2179/2179/2179
f 1602/1602/1602 1603/1603/1603 1660/1660/1660
f 1604/1604/1604 1603/1603/1603 1602/1602/1602
f 2179/2179/2179 1332/1332/1332 1604/1604/1604
f 1604/1604/1604 1332/1332/1332 1603/1603/1603
f 2179/2179/2179 1331/1331/1331 1332/1332/1332
f 1333/1333/1333 1332/1332/1332 1331/1331/1331
f 1333/1333/1333 2246/2246/2246 1332/1332/1332
f 2246/2246/2246 1603/1603/1603 1332/1332/1332
f 2460/2460/2460 2246/2246/2246 1333/1333/1333
f 2293/2293/2293 1660/1660/1660 1603/1603/1603
f 2246/2246/2246 2293/2293/2293 1603/1603/1603
f 2460/2460/2460 1367/1367/1367 2246/2246/2246
f 1367/1367/1367 2293/2293/2293 2246/2246/2246
f 1367/1367/1367 2460/2460/2460 1366/1366/1366
f 2293/2293/2293 1846/1846/1846 1660/1660/1660
f 774/774/774 1660/1660/1660 1846/1846/1846
f 1367/1367/1367 1535/1535/1535 2293/2293/2293
f 1535/1535/1535 1846/1846/1846 2293/2293/2293
f 1367/1367/1367 1366/1366/1366 1365/1365/1365
f 1365/1365/1365 1535/1535/1535 1367/1367/1367
f 1365/1365/1365 1366/1366/1366 622/622/622
f 1535/1535/1535 2714/2714/2714 1846/1846/1846
f 1365/1365/1365 622/622/622 623/623/623
f 624/624/624 623/623/623 622/622/622
f 1365/1365/1365 2383/2383/2383 1535/1535/1535
f 623/623/623 2383/2383/2383 1365/1365/1365
f 2714/2714/2714 1535/1535/1535 2383/2383/2383
f 624/624/624 1764/1764/1764 623/623/623
f 1722/1722/1722 1764/1764/1764 624/624/624
f 623/623/623 2551/2551/2551 2383/2383/2383
f 1764/1764/1764 2551/2551/2551 623/623/623
f 2714/2714/2714 2383/2383/2383 2552/2552/2552
f 2552/2552/2552 2383/2383/2383 2551/2551/2551
f 1722/1722/1722 1723/1723/1723 1764/1764/1764
f 1724/1724/1724 1723/1723/1723 1722/1722/1722
f 1764/1764/1764 1379/1379/1379 2551/2551/2551
f 1723/1723/1723 1379/1379/1379 1764/1764/1764
f 2552/2552/2552 2551/2551/2551 799/799/799
f 799/799/799 2551/2551/2551 1379/1379/1379
f 1724/1724/1724 2627/2627/2627 1723/1723/1723
f 2627/2627/2627 1724/1724/1724 1138/1138/1138
f 1723/1723/1723 2716/2716/2716 1379/1379/1379
f 2627/2627/2627 2716/2716/2716 1723/1723/1723
f 799/799/799 1379/1379/1379 1378/1378/1378
f 1378/1378/1378 1379/1379/1379 2716/2716/2716
f 289/289/289 2552/2552/2552 799/799/799
f 2627/2627/2627 2778/2778/2778 2716/2716/2716
f 2256/2256/2256 2714/2714/2714 2552/2552/2552
f 2256/2256/2256 2552/2552/2552 289/289/289
f 775/775/775 1846/1846/1846 2714/2714/2714
f 775/775/775 2714/2714/2714 2256/2256/2256
f 774/774/774 1846/1846/1846 775/775/775
f 1419/1419/1419 2716/2716/2716 2778/2778/2778
f 1378/1378/1378 2716/2716/2716 1419/1419/1419
f 775/775/775 385/385/385 774/774/774
f 383/383/383 774/774/774 385/385/385
f 2256/2256/2256 2149/2149/2149 775/775/775
f 775/775/775 2149/2149/2149 385/385/385
f 385/385/385 384/384/384 383/383/383
f 383/383/383 384/384/384 1952/1952/1952
f 2149/2149/2149 855/855/855 385/385/385
f 385/385/385 855/855/855 384/384/384
f 2256/2256/2256 290/290/290 2149/2149/2149
f 290/290/290 2256/2256/2256 289/289/289
f 1476/1476/1476 1952/1952/1952 384/384/384
f 1022/1022/1022 1952/1952/1952 1476/1476/1476
f 1476/1476/1476 384/384/384 854/854/854
f 855/855/855 854/854/854 384/384/384
f 2148/2148/2148 1022/1022/1022 1476/1476/1476
f 2148/2148/2148 1476/1476/1476 854/854/854
f 2149/2149/2149 1028/1028/1028 855/855/855
f 290/290/290 1028/1028/1028 2149/2149/2149
f 855/855/855 1029/1029/1029 854/854/854
f 1029/1029/1029 855/855/855 1028/1028/1028
f 2148/2148/2148 854/854/854 2518/2518/2518
f 2518/2518/2518 854/854/854 1029/1029/1029
f 2148/2148/2148 1023/1023/1023 1022/1022/1022
f 1023/1023/1023 853/853/853 1022/1022/1022
f 2236/2236/2236 2148/2148/2148 2518/2518/2518
f 1023/1023/1023 1026/1026/1026 853/853/853
f 1026/1026/1026 302/302/302 853/853/853
f 1023/1023/1023 2148/2148/2148 1551/1551/1551
f 2236/2236/2236 1551/1551/1551 2148/2148/2148
f 1026/1026/1026 1023/1023/1023 1552/1552/1552
f 1023/1023/1023 1551/1551/1551 1552/1552/1552
f 1026/1026/1026 304/304/304 302/302/302
f 304/304/304 303/303/303 302/302/302
f 1026/1026/1026 1552/1552/1552 2496/2496/2496
f 304/304/304 1026/1026/1026 2496/2496/2496
f 1553/1553/1553 1552/1552/1552 1551/1551/1551
f 304/304/304 2730/2730/2730 303/303/303
f 2496/2496/2496 1552/1552/1552 2751/2751/2751
f 1553/1553/1553 2751/2751/2751 1552/1552/1552
f 304/304/304 2496/2496/2496 2497/2497/2497
f 2497/2497/2497 2730/2730/2730 304/304/304
f 2496/2496/2496 2751/2751/2751 2498/2498/2498
f 2498/2498/2498 2497/2497/2497 2496/2496/2496
f 303/303/303 2730/2730/2730 1614/1614/1614
f 303/303/303 1614/1614/1614 1613/1613/1613
f 2497/2497/2497 1762/1762/1762 2730/2730/2730
f 1614/1614/1614 2730/2730/2730 1762/1762/1762
f 2498/2498/2498 406/406/406 2497/2497/2497
f 1762/1762/1762 2497/2497/2497 406/406/406
f 664/664/664 1613/1613/1613 1614/1614/1614
f 664/664/664 665/665/665 1613/1613/1613
f 1614/1614/1614 1762/1762/1762 185/185/185
f 666/666/666 665/665/665 664/664/664
f 666/666/666 311/311/311 665/665/665
f 1614/1614/1614 1802/1802/1802 664/664/664
f 1614/1614/1614 185/185/185 1802/1802/1802
f 664/664/664 721/721/721 666/666/666
f 664/664/664 1802/1802/1802 721/721/721
f 184/184/184 185/185/185 1762/1762/1762
f 186/186/186 1802/1802/1802 185/185/185
f 186/186/186 185/185/185 184/184/184
f 1530/1530/1530 721/721/721 1802/1802/1802
f 1530/1530/1530 1802/1802/1802 186/186/186
f 184/184/184 1762/1762/1762 1761/1761/1761
f 1762/1762/1762 406/406/406 1761/1761/1761
f 1593/1593/1593 186/186/186 184/184/184
f 1595/1595/1595 184/184/184 1761/1761/1761
f 1593/1593/1593 184/184/184 1595/1595/1595
f 2696/2696/2696 1761/1761/1761 406/406/406
f 1595/1595/1595 1761/1761/1761 2696/2696/2696
f 186/186/186 1593/1593/1593 1314/1314/1314
f 186/186/186 1314/1314/1314 1530/1530/1530
f 1595/1595/1595 1594/1594/1594 1593/1593/1593
f 1530/1530/1530 1016/1016/1016 721/721/721
f 1016/1016/1016 666/666/666 721/721/721
f 494/494/494 1530/1530/1530 1314/1314/1314
f 1530/1530/1530 494/494/494 1016/1016/1016
f 1593/1593/1593 2103/2103/2103 1314/1314/1314
f 1593/1593/1593 1594/1594/1594 2103/2103/2103
f 494/494/494 1314/1314/1314 1313/1313/1313
f 1313/1313/1313 1314/1314/1314 2103/2103/2103
f 1595/1595/1595 2678/2678/2678 1594/1594/1594
f 2696/2696/2696 2678/2678/2678 1595/1595/1595
f 2342/2342/2342 2103/2103/2103 1594/1594/1594
f 1594/1594/1594 2678/2678/2678 1915/1915/1915
f 1594/1594/1594 1915/1915/1915 2342/2342/2342
f 2696/2696/2696 2312/2312/2312 2678/2678/2678
f 2678/2678/2678 2310/2310/2310 1915/1915/1915
f 2678/2678/2678 2312/2312/2312 2310/2310/2310
f 2696/2696/2696 406/406/406 404/404/404
f 2312/2312/2312 2696/2696/2696 404/404/404
f 406/406/406 405/405/405 404/404/404
f 406/406/406 2498/2498/2498 405/405/405
f 2312/2312/2312 404/404/404 2514/2514/2514
f 405/405/405 2514/2514/2514 404/404/404
f 2498/2498/2498 910/910/910 405/405/405
f 2498/2498/2498 2751/2751/2751 910/910/910
f 405/405/405 911/911/911 2514/2514/2514
f 911/911/911 405/405/405 910/910/910
f 2312/2312/2312 2514/2514/2514 2311/2311/2311
f 2311/2311/2311 2514/2514/2514 911/911/911
f 2312/2312/2312 2311/2311/2311 2310/2310/2310
f 2751/2751/2751 907/907/907 910/910/910
f 2751/2751/2751 1553/1553/1553 907/907/907
f 911/911/911 910/910/910 908/908/908
f 910/910/910 907/907/907 908/908/908
f 908/908/908 1025/1025/1025 911/911/911
f 2311/2311/2311 911/911/911 1025/1025/1025
f 909/909/909 908/908/908 907/907/907
f 908/908/908 909/909/909 1025/1025/1025
f 1553/1553/1553 2629/2629/2629 907/907/907
f 2532/2532/2532 1025/1025/1025 909/909/909
f 2311/2311/2311 1025/1025/1025 2532/2532/2532
f 907/907/907 1913/1913/1913 909/909/909
f 2532/2532/2532 909/909/909 1913/1913/1913
f 907/907/907 2629/2629/2629 1913/1913/1913
f 2311/2311/2311 2532/2532/2532 2731/2731/2731
f 2310/2310/2310 2311/2311/2311 2731/2731/2731
f 2532/2532/2532 1913/1913/1913 2241/2241/2241
f 2310/2310/2310 2731/2731/2731 1914/1914/1914
f 1915/1915/1915 2310/2310/2310 1914/1914/1914
f 2731/2731/2731 2532/2532/2532 2508/2508/2508
f 2532/2532/2532 2241/2241/2241 2508/2508/2508
f 1914/1914/1914 2731/2731/2731 903/903/903
f 2731/2731/2731 2508/2508/2508 903/903/903
f 1915/1915/1915 1914/1914/1914 472/472/472
f 2342/2342/2342 1915/1915/1915 472/472/472
f 1914/1914/1914 903/903/903 1916/1916/1916
f 472/472/472 1914/1914/1914 1916/1916/1916
f 903/903/903 2508/2508/2508 902/902/902
f 2342/2342/2342 472/472/472 329/329/329
f 1916/1916/1916 903/903/903 434/434/434
f 903/903/903 902/902/902 434/434/434
f 472/472/472 1916/1916/1916 473/473/473
f 473/473/473 329/329/329 472/472/472
f 1916/1916/1916 434/434/434 435/435/435
f 435/435/435 473/473/473 1916/1916/1916
f 435/435/435 589/589/589 473/473/473
f 1720/1720/1720 473/473/473 589/589/589
f 473/473/473 1720/1720/1720 329/329/329
f 436/436/436 435/435/435 434/434/434
f 1720/1720/1720 328/328/328 329/329/329
f 330/330/330 2342/2342/2342 329/329/329
f 330/330/330 329/329/329 328/328/328
f 2342/2342/2342 330/330/330 2103/2103/2103
f 328/328/328 1917/1917/1917 330/330/330
f 2200/2200/2200 2103/2103/2103 330/330/330
f 2200/2200/2200 330/330/330 1917/1917/1917
f 1313/1313/1313 2103/2103/2103 2200/2200/2200
f 1917/1917/1917 2201/2201/2201 2200/2200/2200
f 1917/1917/1917 2535/2535/2535 2201/2201/2201
f 2704/2704/2704 2201/2201/2201 2535/2535/2535
f 2202/2202/2202 1313/1313/1313 2200/2200/2200
f 2202/2202/2202 2200/2200/2200 2201/2201/2201
f 2201/2201/2201 2704/2704/2704 2413/2413/2413
f 2201/2201/2201 2413/2413/2413 2202/2202/2202
f 99/99/99 1313/1313/1313 2202/2202/2202
f 99/99/99 494/494/494 1313/1313/1313
f 2414/2414/2414 2202/2202/2202 2413/2413/2413
f 2414/2414/2414 99/99/99 2202/2202/2202
f 396/396/396 2413/2413/2413 2704/2704/2704
f 396/396/396 2704/2704/2704 398/398/398
f 398/398/398 397/397/397 396/396/396
f 2413/2413/2413 1786/1786/1786 2414/2414/2414
f 2413/2413/2413 396/396/396 1786/1786/1786
f 1394/1394/1394 396/396/396 397/397/397
f 1394/1394/1394 1786/1786/1786 396/396/396
f 397/397/397 1301/1301/1301 1394/1394/1394
f 98/98/98 2414/2414/2414 1786/1786/1786
f 99/99/99 2414/2414/2414 98/98/98
f 1394/1394/1394 258/258/258 1786/1786/1786
f 98/98/98 1786/1786/1786 258/258/258
f 97/97/97 494/494/494 99/99/99
f 99/99/99 98/98/98 97/97/97
f 97/97/97 1016/1016/1016 494/494/494
f 1394/1394/1394 1301/1301/1301 1299/1299/1299
f 1301/1301/1301 1300/1300/1300 1299/1299/1299
f 1394/1394/1394 259/259/259 258/258/258
f 1394/1394/1394 1299/1299/1299 259/259/259
f 98/98/98 258/258/258 251/251/251
f 259/259/259 251/251/251 258/258/258
f 1299/1299/1299 1300/1300/1300 2087/2087/2087
f 1300/1300/1300 1752/1752/1752 2087/2087/2087
f 259/259/259 1299/1299/1299 2669/2669/2669
f 1299/1299/1299 2087/2087/2087 2669/2669/2669
f 259/259/259 1276/1276/1276 251/251/251
f 259/259/259 2669/2669/2669 1276/1276/1276
f 1753/1753/1753 2087/2087/2087 1752/1752/1752
f 1753/1753/1753 1752/1752/1752 1238/1238/1238
f 1238/1238/1238 825/825/825 1753/1753/1753
f 823/823/823 1753/1753/1753 825/825/825
f 2168/2168/2168 2087/2087/2087 1753/1753/1753
f 823/823/823 2168/2168/2168 1753/1753/1753
f 2168/2168/2168 2669/2669/2669 2087/2087/2087
f 1012/1012/1012 2168/2168/2168 823/823/823
f 823/823/823 1011/1011/1011 1012/1012/1012
f 2669/2669/2669 2168/2168/2168 1275/1275/1275
f 1012/1012/1012 1275/1275/1275 2168/2168/2168
f 2669/2669/2669 1275/1275/1275 1276/1276/1276
f 1013/1013/1013 1012/1012/1012 1011/1011/1011
f 1011/1011/1011 1008/1008/1008 1013/1013/1013
f 1013/1013/1013 1008/1008/1008 1006/1006/1006
f 1277/1277/1277 1276/1276/1276 1275/1275/1275
f 1277/1277/1277 251/251/251 1276/1276/1276
f 1275/1275/1275 1012/1012/1012 1539/1539/1539
f 1013/1013/1013 1539/1539/1539 1012/1012/1012
f 1275/1275/1275 1539/1539/1539 1277/1277/1277
f 1013/1013/1013 1006/1006/1006 1019/1019/1019
f 1019/1019/1019 1539/1539/1539 1013/1013/1013
f 1019/1019/1019 1006/1006/1006 1009/1009/1009
f 1277/1277/1277 250/250/250 251/251/251
f 98/98/98 251/251/251 250/250/250
f 250/250/250 97/97/97 98/98/98
f 1539/1539/1539 1024/1024/1024 1277/1277/1277
f 1277/1277/1277 1024/1024/1024 250/250/250
f 250/250/250 1015/1015/1015 97/97/97
f 1024/1024/1024 1015/1015/1015 250/250/250
f 1016/1016/1016 97/97/97 1015/1015/1015
f 1539/1539/1539 1021/1021/1021 1024/1024/1024
f 1019/1019/1019 1021/1021/1021 1539/1539/1539
f 1024/1024/1024 1020/1020/1020 1015/1015/1015
f 1021/1021/1021 1020/1020/1020 1024/1024/1024
f 1016/1016/1016 1015/1015/1015 1014/1014/1014
f 1020/1020/1020 1014/1014/1014 1015/1015/1015
f 1016/1016/1016 1014/1014/1014 666/666/666
f 311/311/311 666/666/666 1014/1014/1014
f 1021/1021/1021 1017/1017/1017 1020/1020/1020
f 1020/1020/1020 1017/1017/1017 1014/1014/1014
f 1019/1019/1019 1018/1018/1018 1021/1021/1021
f 1021/1021/1021 1018/1018/1018 1017/1017/1017
f 1019/1019/1019 1009/1009/1009 1018/1018/1018
f 313/313/313 1014/1014/1014 1017/1017/1017
f 1018/1018/1018 313/313/313 1017/1017/1017
f 311/311/311 1014/1014/1014 313/313/313
f 1018/1018/1018 1009/1009/1009 313/313/313
f 313/313/313 312/312/312 311/311/311
f 313/313/313 1009/1009/1009 312/312/312
f 944/944/944 436/436/436 434/434/434
f 436/436/436 944/944/944 945/945/945
f 945/945/945 944/944/944 943/943/943
f 944/944/944 434/434/434 905/905/905
f 905/905/905 434/434/434 902/902/902
f 947/947/947 943/943/943 944/944/944
f 905/905/905 902/902/902 906/906/906
f 943/943/943 947/947/947 955/955/955
f 1415/1415/1415 906/906/906 902/902/902
f 2508/2508/2508 1415/1415/1415 902/902/902
f 2508/2508/2508 2241/2241/2241 1415/1415/1415
f 943/943/943 955/955/955 954/954/954
f 2241/2241/2241 723/723/723 1415/1415/1415
f 2131/2131/2131 943/943/943 954/954/954
f 2131/2131/2131 1169/1169/1169 943/943/943
f 2241/2241/2241 2242/2242/2242 723/723/723
f 1913/1913/1913 2242/2242/2242 2241/2241/2241
f 1913/1913/1913 2629/2629/2629 2242/2242/2242
f 2131/2131/2131 2182/2182/2182 1169/1169/1169
f 2629/2629/2629 1272/1272/1272 2242/2242/2242
f 2183/2183/2183 1169/1169/1169 2182/2182/2182
f 2183/2183/2183 938/938/938 1169/1169/1169
f 2132/2132/2132 2182/2182/2182 2131/2131/2131
f 2132/2132/2132 2183/2183/2183 2182/2182/2182
f 1234/1234/1234 723/723/723 2242/2242/2242
f 1234/1234/1234 2242/2242/2242 1272/1272/1272
f 422/422/422 1415/1415/1415 723/723/723
f 2629/2629/2629 1507/1507/1507 1272/1272/1272
f 1553/1553/1553 1507/1507/1507 2629/2629/2629
f 1551/1551/1551 1507/1507/1507 1553/1553/1553
f 1551/1551/1551 2236/2236/2236 1507/1507/1507
f 1507/1507/1507 1506/1506/1506 1272/1272/1272
f 1507/1507/1507 2236/2236/2236 1506/1506/1506
f 1272/1272/1272 1233/1233/1233 1234/1234/1234
f 1272/1272/1272 1506/1506/1506 1233/1233/1233
f 723/723/723 1234/1234/1234 722/722/722
f 723/723/723 722/722/722 422/422/422
f 2236/2236/2236 2235/2235/2235 1506/1506/1506
f 2236/2236/2236 2518/2518/2518 2235/2235/2235
f 2518/2518/2518 1029/1029/1029 2235/2235/2235
f 2595/2595/2595 1506/1506/1506 2235/2235/2235
f 2595/2595/2595 1233/1233/1233 1506/1506/1506
f 2235/2235/2235 1029/1029/1029 1027/1027/1027
f 2235/2235/2235 1027/1027/1027 2595/2595/2595
f 1029/1029/1029 1028/1028/1028 1027/1027/1027
f 2406/2406/2406 1233/1233/1233 2595/2595/2595
f 1027/1027/1027 2406/2406/2406 2595/2595/2595
f 1235/1235/1235 1234/1234/1234 1233/1233/1233
f 2406/2406/2406 1235/1235/1235 1233/1233/1233
f 1235/1235/1235 722/722/722 1234/1234/1234
f 1027/1027/1027 1028/1028/1028 1135/1135/1135
f 290/290/290 1135/1135/1135 1028/1028/1028
f 1027/1027/1027 1133/1133/1133 2406/2406/2406
f 1027/1027/1027 1135/1135/1135 1133/1133/1133
f 1291/1291/1291 1235/1235/1235 2406/2406/2406
f 1133/1133/1133 1397/1397/1397 2406/2406/2406
f 1291/1291/1291 2406/2406/2406 1397/1397/1397
f 1135/1135/1135 1134/1134/1134 1133/1133/1133
f 1133/1133/1133 1134/1134/1134 1397/1397/1397
f 290/290/290 49/49/49 1135/1135/1135
f 1135/1135/1135 49/49/49 1134/1134/1134
f 1235/1235/1235 2556/2556/2556 722/722/722
f 1235/1235/1235 1291/1291/1291 2556/2556/2556
f 290/290/290 288/288/288 49/49/49
f 290/290/290 289/289/289 288/288/288
f 2711/2711/2711 722/722/722 2556/2556/2556
f 2711/2711/2711 422/422/422 722/722/722
f 798/798/798 288/288/288 289/289/289
f 289/289/289 799/799/799 798/798/798
f 1378/1378/1378 798/798/798 799/799/799
f 288/288/288 48/48/48 49/49/49
f 1378/1378/1378 710/710/710 798/798/798
f 710/710/710 1378/1378/1378 1419/1419/1419
f 798/798/798 1643/1643/1643 288/288/288
f 288/288/288 1643/1643/1643 48/48/48
f 709/709/709 798/798/798 710/710/710
f 709/709/709 1643/1643/1643 798/798/798
f 710/710/710 1419/1419/1419 1418/1418/1418
f 1643/1643/1643 709/709/709 1642/1642/1642
f 1643/1643/1643 1642/1642/1642 48/48/48
f 710/710/710 553/553/553 709/709/709
f 710/710/710 1418/1418/1418 553/553/553
f 1401/1401/1401 1642/1642/1642 709/709/709
f 1401/1401/1401 709/709/709 553/553/553
f 2050/2050/2050 1418/1418/1418 1419/1419/1419
f 1419/1419/1419 2778/2778/2778 2050/2050/2050
f 553/553/553 1418/1418/1418 552/552/552
f 2050/2050/2050 552/552/552 1418/1418/1418
f 2050/2050/2050 2778/2778/2778 2633/2633/2633
f 2633/2633/2633 2778/2778/2778 2627/2627/2627
f 552/552/552 2050/2050/2050 1407/1407/1407
f 2050/2050/2050 2633/2633/2633 1407/1407/1407
f 2633/2633/2633 2627/2627/2627 1136/1136/1136
f 2627/2627/2627 1138/1138/1138 1136/1136/1136
f 2443/2443/2443 1407/1407/1407 2633/2633/2633
f 2443/2443/2443 2633/2633/2633 1136/1136/1136
f 1138/1138/1138 1137/1137/1137 1136/1136/1136
f 2443/2443/2443 1136/1136/1136 1137/1137/1137
f 1138/1138/1138 2782/2782/2782 1137/1137/1137
f 2443/2443/2443 2398/2398/2398 1407/1407/1407
f 1281/1281/1281 1137/1137/1137 2782/2782/2782
f 1281/1281/1281 2782/2782/2782 2628/2628/2628
f 2377/2377/2377 2443/2443/2443 1137/1137/1137
f 2377/2377/2377 1137/1137/1137 1281/1281/1281
f 2628/2628/2628 1280/1280/1280 1281/1281/1281
f 2628/2628/2628 2787/2787/2787 1280/1280/1280
f 1282/1282/1282 2377/2377/2377 1281/1281/1281
f 1282/1282/1282 1281/1281/1281 1280/1280/1280
f 638/638/638 2443/2443/2443 2377/2377/2377
f 638/638/638 2398/2398/2398 2443/2443/2443
f 376/376/376 1280/1280/1280 2787/2787/2787
f 376/376/376 2787/2787/2787 378/378/378
f 542/542/542 1407/1407/1407 2398/2398/2398
f 552/552/552 1407/1407/1407 542/542/542
f 378/378/378 377/377/377 376/376/376
f 378/378/378 2304/2304/2304 377/377/377
f 2305/2305/2305 377/377/377 2304/2304/2304
f 1280/1280/1280 376/376/376 1222/1222/1222
f 377/377/377 1222/1222/1222 376/376/376
f 1280/1280/1280 1222/1222/1222 1282/1282/1282
f 2305/2305/2305 1790/1790/1790 377/377/377
f 1790/1790/1790 2305/2305/2305 1789/1789/1789
f 377/377/377 1221/1221/1221 1222/1222/1222
f 1221/1221/1221 377/377/377 1790/1790/1790
f 1790/1790/1790 1789/1789/1789 1788/1788/1788
f 2655/2655/2655 1788/1788/1788 1789/1789/1789
f 1221/1221/1221 1790/1790/1790 2776/2776/2776
f 2776/2776/2776 1790/1790/1790 1788/1788/1788
f 2655/2655/2655 2656/2656/2656 1788/1788/1788
f 2657/2657/2657 2656/2656/2656 2655/2655/2655
f 2657/2657/2657 759/759/759 2656/2656/2656
f 2776/2776/2776 1788/1788/1788 2439/2439/2439
f 2656/2656/2656 2439/2439/2439 1788/1788/1788
f 2440/2440/2440 2656/2656/2656 759/759/759
f 2656/2656/2656 2440/2440/2440 2439/2439/2439
f 2440/2440/2440 759/759/759 2452/2452/2452
f 2452/2452/2452 1842/1842/1842 2440/2440/2440
f 1961/1961/1961 2776/2776/2776 2439/2439/2439
f 1221/1221/1221 2776/2776/2776 1961/1961/1961
f 2440/2440/2440 1851/1851/1851 2439/2439/2439
f 2440/2440/2440 1842/1842/1842 1851/1851/1851
f 1961/1961/1961 2439/2439/2439 1851/1851/1851
f 1842/1842/1842 734/734/734 1851/1851/1851
f 1221/1221/1221 1961/1961/1961 1223/1223/1223
f 1223/1223/1223 1222/1222/1222 1221/1221/1221
f 1851/1851/1851 735/735/735 1961/1961/1961
f 1851/1851/1851 734/734/734 735/735/735
f 735/735/735 1223/1223/1223 1961/1961/1961
f 736/736/736 735/735/735 734/734/734
f 1223/1223/1223 619/619/619 1222/1222/1222
f 1282/1282/1282 1222/1222/1222 619/619/619
f 735/735/735 618/618/618 1223/1223/1223
f 619/619/619 1223/1223/1223 618/618/618
f 736/736/736 2151/2151/2151 735/735/735
f 618/618/618 735/735/735 2151/2151/2151
f 1282/1282/1282 619/619/619 1845/1845/1845
f 1845/1845/1845 2377/2377/2377 1282/1282/1282
f 1845/1845/1845 638/638/638 2377/2377/2377
f 619/619/619 618/618/618 617/617/617
f 617/617/617 1845/1845/1845 619/619/619
f 618/618/618 2151/2151/2151 2150/2150/2150
f 617/617/617 618/618/618 2150/2150/2150
f 354/354/354 2151/2151/2151 736/736/736
f 1895/1895/1895 354/354/354 736/736/736
f 1092/1092/1092 2150/2150/2150 2151/2151/2151
f 354/354/354 1092/1092/1092 2151/2151/2151
f 354/354/354 1895/1895/1895 353/353/353
f 1089/1089/1089 353/353/353 1895/1895/1895
f 1092/1092/1092 354/354/354 352/352/352
f 354/354/354 353/353/353 352/352/352
f 1897/1897/1897 353/353/353 1089/1089/1089
f 352/352/352 353/353/353 1897/1897/1897
f 1897/1897/1897 1089/1089/1089 1090/1090/1090
f 849/849/849 1090/1090/1090 1089/1089/1089
f 352/352/352 1897/1897/1897 601/601/601
f 849/849/849 1088/1088/1088 1090/1090/1090
f 700/700/700 1088/1088/1088 849/849/849
f 1416/1416/1416 1897/1897/1897 1090/1090/1090
f 601/601/601 1897/1897/1897 1416/1416/1416
f 1088/1088/1088 263/263/263 1090/1090/1090
f 1416/1416/1416 1090/1090/1090 263/263/263
f 601/601/601 600/600/600 352/352/352
f 1092/1092/1092 352/352/352 600/600/600
f 601/601/601 1416/1416/1416 256/256/256
f 600/600/600 1093/1093/1093 1092/1092/1092
f 1092/1092/1092 1093/1093/1093 2150/2150/2150
f 601/601/601 257/257/257 600/600/600
f 257/257/257 601/601/601 256/256/256
f 600/600/600 2682/2682/2682 1093/1093/1093
f 2682/2682/2682 600/600/600 257/257/257
f 1093/1093/1093 2216/2216/2216 2150/2150/2150
f 617/617/617 2150/2150/2150 2216/2216/2216
f 257/257/257 256/256/256 255/255/255
f 637/637/637 617/617/617 2216/2216/2216
f 617/617/617 637/637/637 1845/1845/1845
f 638/638/638 1845/1845/1845 637/637/637
f 255/255/255 773/773/773 257/257/257
f 2682/2682/2682 257/257/257 773/773/773
f 255/255/255 256/256/256 1417/1417/1417
f 1417/1417/1417 256/256/256 1416/1416/1416
f 255/255/255 1523/1523/1523 773/773/773
f 1417/1417/1417 1416/1416/1416 278/278/278
f 263/263/263 278/278/278 1416/1416/1416
f 255/255/255 1417/1417/1417 1522/1522/1522
f 1523/1523/1523 255/255/255 1522/1522/1522
f 2319/2319/2319 1417/1417/1417 278/278/278
f 2319/2319/2319 1522/1522/1522 1417/1417/1417
f 263/263/263 264/264/264 278/278/278
f 2659/2659/2659 2682/2682/2682 773/773/773
f 2659/2659/2659 773/773/773 1523/1523/1523
f 265/265/265 264/264/264 263/263/263
f 1088/1088/1088 265/265/265 263/263/263
f 264/264/264 279/279/279 278/278/278
f 2319/2319/2319 278/278/278 279/279/279
f 265/265/265 1088/1088/1088 701/701/701
f 700/700/700 701/701/701 1088/1088/1088
f 265/265/265 269/269/269 264/264/264
f 702/702/702 701/701/701 700/700/700
f 1905/1905/1905 702/702/702 700/700/700
f 265/265/265 701/701/701 270/270/270
f 270/270/270 269/269/269 265/265/265
f 702/702/702 2259/2259/2259 701/701/701
f 2259/2259/2259 270/270/270 701/701/701
f 859/859/859 264/264/264 269/269/269
f 264/264/264 859/859/859 279/279/279
f 270/270/270 513/513/513 269/269/269
f 859/859/859 269/269/269 512/512/512
f 513/513/513 512/512/512 269/269/269
f 859/859/859 857/857/857 279/279/279
f 513/513/513 270/270/270 1529/1529/1529
f 2259/2259/2259 1529/1529/1529 270/270/270
f 856/856/856 857/857/857 859/859/859
f 856/856/856 859/859/859 512/512/512
f 279/279/279 857/857/857 504/504/504
f 858/858/858 857/857/857 856/856/856
f 858/858/858 504/504/504 857/857/857
f 1441/1441/1441 856/856/856 512/512/512
f 505/505/505 279/279/279 504/504/504
f 505/505/505 2319/2319/2319 279/279/279
f 1903/1903/1903 504/504/504 858/858/858
f 1903/1903/1903 505/505/505 504/504/504
f 650/650/650 858/858/858 856/856/856
f 650/650/650 856/856/856 1441/1441/1441
f 650/650/650 1903/1903/1903 858/858/858
f 1441/1441/1441 512/512/512 1442/1442/1442
f 513/513/513 1442/1442/1442 512/512/512
f 650/650/650 1441/1441/1441 649/649/649
f 1442/1442/1442 649/649/649 1441/1441/1441
f 1442/1442/1442 513/513/513 1528/1528/1528
f 513/513/513 1529/1529/1529 1528/1528/1528
f 1442/1442/1442 1904/1904/1904 649/649/649
f 1442/1442/1442 1528/1528/1528 1904/1904/1904
f 335/335/335 649/649/649 1904/1904/1904
f 1528/1528/1528 335/335/335 1904/1904/1904
f 2152/2152/2152 1528/1528/1528 1529/1529/1529
f 1528/1528/1528 2152/2152/2152 335/335/335
f 2152/2152/2152 1529/1529/1529 704/704/704
f 2259/2259/2259 704/704/704 1529/1529/1529
f 1645/1645/1645 335/335/335 2152/2152/2152
f 2259/2259/2259 703/703/703 704/704/704
f 2153/2153/2153 2152/2152/2152 704/704/704
f 2153/2153/2153 1645/1645/1645 2152/2152/2152
f 705/705/705 704/704/704 703/703/703
f 705/705/705 2153/2153/2153 704/704/704
f 2259/2259/2259 2258/2258/2258 703/703/703
f 2259/2259/2259 702/702/702 2258/2258/2258
f 1081/1081/1081 705/705/705 703/703/703
f 1081/1081/1081 703/703/703 2258/2258/2258
f 1063/1063/1063 2153/2153/2153 705/705/705
f 520/520/520 2258/2258/2258 702/702/702
f 1063/1063/1063 1644/1644/1644 2153/2153/2153
f 1645/1645/1645 2153/2153/2153 1644/1644/1644
f 520/520/520 702/702/702 522/522/522
f 1905/1905/1905 522/522/522 702/702/702
f 2258/2258/2258 520/520/520 1080/1080/1080
f 2258/2258/2258 1080/1080/1080 1081/1081/1081
f 522/522/522 521/521/521 520/520/520
f 521/521/521 1080/1080/1080 520/520/520
f 1905/1905/1905 2257/2257/2257 522/522/522
f 522/522/522 2257/2257/2257 521/521/521
f 1905/1905/1905 1483/1483/1483 2257/2257/2257
f 403/403/403 2257/2257/2257 1483/1483/1483
f 401/401/401 2257/2257/2257 403/403/403
f 401/401/401 521/521/521 2257/2257/2257
f 403/403/403 402/402/402 401/401/401
f 402/402/402 769/769/769 401/401/401
f 769/769/769 521/521/521 401/401/401
f 402/402/402 2080/2080/2080 769/769/769
f 769/769/769 1084/1084/1084 521/521/521
f 521/521/521 1084/1084/1084 1080/1080/1080
f 2081/2081/2081 769/769/769 2080/2080/2080
f 1084/1084/1084 769/769/769 2081/2081/2081
f 1084/1084/1084 1082/1082/1082 1080/1080/1080
f 1084/1084/1084 2081/2081/2081 1082/1082/1082
f 2081/2081/2081 2080/2080/2080 2079/2079/2079
f 2080/2080/2080 2192/2192/2192 2079/2079/2079
f 1386/1386/1386 1082/1082/1082 2081/2081/2081
f 2303/2303/2303 2079/2079/2079 2192/2192/2192
f 2081/2081/2081 2079/2079/2079 2735/2735/2735
f 2081/2081/2081 2735/2735/2735 1386/1386/1386
f 2303/2303/2303 2735/2735/2735 2079/2079/2079
f 2303/2303/2303 2192/2192/2192 2302/2302/2302
f 1083/1083/1083 1080/1080/1080 1082/1082/1082
f 1386/1386/1386 1083/1083/1083 1082/1082/1082
f 2303/2303/2303 2302/2302/2302 2301/2301/2301
f 2301/2301/2301 2302/2302/2302 1408/1408/1408
f 2303/2303/2303 1385/1385/1385 2735/2735/2735
f 1386/1386/1386 2735/2735/2735 1385/1385/1385
f 2301/2301/2301 1408/1408/1408 1140/1140/1140
f 1142/1142/1142 1140/1140/1140 1408/1408/1408
f 2301/2301/2301 450/450/450 2303/2303/2303
f 2303/2303/2303 450/450/450 1385/1385/1385
f 2676/2676/2676 2301/2301/2301 1140/1140/1140
f 2301/2301/2301 2676/2676/2676 450/450/450
f 1142/1142/1142 1141/1141/1141 1140/1140/1140
f 2676/2676/2676 1140/1140/1140 1141/1141/1141
f 1142/1142/1142 2401/2401/2401 1141/1141/1141
f 1692/1692/1692 2401/2401/2401 1142/1142/1142
f 2677/2677/2677 2676/2676/2676 1141/1141/1141
f 1693/1693/1693 2401/2401/2401 1692/1692/1692
f 1693/1693/1693 1141/1141/1141 2401/2401/2401
f 1693/1693/1693 2677/2677/2677 1141/1141/1141
f 1693/1693/1693 1692/1692/1692 1691/1691/1691
f 2677/2677/2677 449/449/449 2676/2676/2676
f 450/450/450 2676/2676/2676 449/449/449
f 1691/1691/1691 2653/2653/2653 1693/1693/1693
f 1691/1691/1691 1566/1566/1566 2653/2653/2653
f 2713/2713/2713 2677/2677/2677 1693/1693/1693
f 2713/2713/2713 1693/1693/1693 2653/2653/2653
f 449/449/449 2677/2677/2677 2713/2713/2713
f 1068/1068/1068 2653/2653/2653 1566/1566/1566
f 1068/1068/1068 1566/1566/1566 1074/1074/1074
f 1537/1537/1537 2713/2713/2713 2653/2653/2653
f 1537/1537/1537 2653/2653/2653 1068/1068/1068
f 1067/1067/1067 1068/1068/1068 1074/1074/1074
f 1067/1067/1067 1074/1074/1074 1073/1073/1073
f 1069/1069/1069 1537/1537/1537 1068/1068/1068
f 1069/1069/1069 1068/1068/1068 1067/1067/1067
f 1073/1073/1073 1427/1427/1427 1067/1067/1067
f 1073/1073/1073 1810/1810/1810 1427/1427/1427
f 1757/1757/1757 1069/1069/1069 1067/1067/1067
f 1757/1757/1757 1067/1067/1067 1427/1427/1427
f 195/195/195 1427/1427/1427 1810/1810/1810
f 195/195/195 1810/1810/1810 197/197/197
f 629/629/629 1757/1757/1757 1427/1427/1427
f 629/629/629 1427/1427/1427 195/195/195
f 197/197/197 196/196/196 195/195/195
f 197/197/197 1627/1627/1627 196/196/196
f 1139/1139/1139 629/629/629 195/195/195
f 1139/1139/1139 195/195/195 196/196/196
f 1628/1628/1628 196/196/196 1627/1627/1627
f 1628/1628/1628 1627/1627/1627 610/610/610
f 2544/2544/2544 1139/1139/1139 196/196/196
f 2544/2544/2544 196/196/196 1628/1628/1628
f 611/611/611 1628/1628/1628 610/610/610
f 611/611/611 610/610/610 609/609/609
f 611/611/611 609/609/609 1791/1791/1791
f 1738/1738/1738 2544/2544/2544 1628/1628/1628
f 1738/1738/1738 1628/1628/1628 611/611/611
f 611/611/611 1791/1791/1791 1792/1792/1792
f 1792/1792/1792 1738/1738/1738 611/611/611
f 1793/1793/1793 1792/1792/1792 1791/1791/1791
f 1139/1139/1139 2544/2544/2544 2208/2208/2208
f 1793/1793/1793 2174/2174/2174 1792/1792/1792
f 2174/2174/2174 1793/1793/1793 1756/1756/1756
f 1792/1792/1792 2698/2698/2698 1738/1738/1738
f 2698/2698/2698 1792/1792/1792 2174/2174/2174
f 2544/2544/2544 1738/1738/1738 1737/1737/1737
f 2544/2544/2544 1737/1737/1737 2208/2208/2208
f 1738/1738/1738 2698/2698/2698 655/655/655
f 1738/1738/1738 655/655/655 1737/1737/1737
f 2698/2698/2698 2174/2174/2174 2699/2699/2699
f 2699/2699/2699 655/655/655 2698/2698/2698
f 2174/2174/2174 1756/1756/1756 827/827/827
f 318/318/318 2699/2699/2699 2174/2174/2174
f 318/318/318 2174/2174/2174 827/827/827
f 1756/1756/1756 826/826/826 827/827/827
f 1756/1756/1756 1814/1814/1814 826/826/826
f 317/317/317 318/318/318 827/827/827
f 317/317/317 827/827/827 826/826/826
f 1371/1371/1371 826/826/826 1814/1814/1814
f 1371/1371/1371 1814/1814/1814 1345/1345/1345
f 1779/1779/1779 317/317/317 826/826/826
f 1779/1779/1779 826/826/826 1371/1371/1371
f 1346/1346/1346 1371/1371/1371 1345/1345/1345
f 1346/1346/1346 1345/1345/1345 1344/1344/1344
f 1372/1372/1372 1779/1779/1779 1371/1371/1371
f 1372/1372/1372 1371/1371/1371 1346/1346/1346
f 1344/1344/1344 1351/1351/1351 1346/1346/1346
f 1344/1344/1344 2041/2041/2041 1351/1351/1351
f 1646/1646/1646 1372/1372/1372 1346/1346/1346
f 1646/1646/1646 1346/1346/1346 1351/1351/1351
f 1679/1679/1679 1351/1351/1351 2041/2041/2041
f 1679/1679/1679 2041/2041/2041 2040/2040/2040
f 1680/1680/1680 1646/1646/1646 1351/1351/1351
f 1680/1680/1680 1351/1351/1351 1679/1679/1679
f 2237/2237/2237 1679/1679/1679 2040/2040/2040
f 2237/2237/2237 2040/2040/2040 1777/1777/1777
f 1711/1711/1711 1680/1680/1680 1679/1679/1679
f 1711/1711/1711 1679/1679/1679 2237/2237/2237
f 1778/1778/1778 2237/2237/2237 1777/1777/1777
f 1778/1778/1778 1777/1777/1777 755/755/755
f 1490/1490/1490 1711/1711/1711 2237/2237/2237
f 1490/1490/1490 2237/2237/2237 1778/1778/1778
f 756/756/756 1778/1778/1778 755/755/755
f 756/756/756 755/755/755 754/754/754
f 1953/1953/1953 1490/1490/1490 1778/1778/1778
f 1953/1953/1953 1778/1778/1778 756/756/756
f 491/491/491 756/756/756 754/754/754
f 491/491/491 754/754/754 742/742/742
f 489/489/489 1953/1953/1953 756/756/756
f 489/489/489 756/756/756 491/491/491
f 743/743/743 491/491/491 742/742/742
f 743/743/743 742/742/742 741/741/741
f 1699/1699/1699 743/743/743 741/741/741
f 491/491/491 490/490/490 489/489/489
f 491/491/491 743/743/743 490/490/490
f 1699/1699/1699 1735/1735/1735 743/743/743
f 2559/2559/2559 1735/1735/1735 1699/1699/1699
f 1736/1736/1736 490/490/490 743/743/743
f 1736/1736/1736 743/743/743 1735/1735/1735
f 2559/2559/2559 2093/2093/2093 1735/1735/1735
f 2093/2093/2093 2559/2559/2559 1766/1766/1766
f 2094/2094/2094 1736/1736/1736 1735/1735/1735
f 2094/2094/2094 1735/1735/1735 2093/2093/2093
f 490/490/490 1736/1736/1736 2719/2719/2719
f 2093/2093/2093 1766/1766/1766 2335/2335/2335
f 489/489/489 490/490/490 1818/1818/1818
f 490/490/490 2719/2719/2719 1818/1818/1818
f 1130/1130/1130 2335/2335/2335 1766/1766/1766
f 1130/1130/1130 1766/1766/1766 1132/1132/1132
f 2093/2093/2093 2335/2335/2335 2444/2444/2444
f 2093/2093/2093 2444/2444/2444 2094/2094/2094
f 2335/2335/2335 1130/1130/1130 2435/2435/2435
f 2335/2335/2335 2435/2435/2435 2444/2444/2444
f 1132/1132/1132 1131/1131/1131 1130/1130/1130
f 1132/1132/1132 4905/4905/4905 1131/1131/1131
f 1131/1131/1131 4905/4905/4905 1329/1329/1329
f 1130/1130/1130 2369/2369/2369 2435/2435/2435
f 1130/1130/1130 1131/1131/1131 2369/2369/2369
f 1131/1131/1131 1329/1329/1329 1328/1328/1328
f 1328/1328/1328 1329/1329/1329 2403/2403/2403
f 1131/1131/1131 2562/2562/2562 2369/2369/2369
f 1131/1131/1131 1328/1328/1328 2562/2562/2562
f 1328/1328/1328 2403/2403/2403 2402/2402/2402
f 2402/2402/2402 2562/2562/2562 1328/1328/1328
f 2402/2402/2402 2403/2403/2403 2483/2483/2483
f 2435/2435/2435 2369/2369/2369 2367/2367/2367
f 2402/2402/2402 2483/2483/2483 1546/1546/1546
f 1546/1546/1546 2483/2483/2483 1545/1545/1545
f 2402/2402/2402 2637/2637/2637 2562/2562/2562
f 2637/2637/2637 2402/2402/2402 1546/1546/1546
f 2369/2369/2369 2562/2562/2562 2368/2368/2368
f 2369/2369/2369 2368/2368/2368 2367/2367/2367
f 1546/1546/1546 1545/1545/1545 1544/1544/1544
f 1544/1544/1544 1545/1545/1545 2388/2388/2388
f 2637/2637/2637 1546/1546/1546 2230/2230/2230
f 1544/1544/1544 2230/2230/2230 1546/1546/1546
f 2562/2562/2562 2637/2637/2637 1932/1932/1932
f 2230/2230/2230 1932/1932/1932 2637/2637/2637
f 2562/2562/2562 1932/1932/1932 2368/2368/2368
f 1544/1544/1544 2388/2388/2388 15/15/15
f 15/15/15 2388/2388/2388 14/14/14
f 1544/1544/1544 2415/2415/2415 2230/2230/2230
f 2415/2415/2415 1544/1544/1544 15/15/15
f 2230/2230/2230 1931/1931/1931 1932/1932/1932
f 1931/1931/1931 2230/2230/2230 2415/2415/2415
f 15/15/15 14/14/14 13/13/13
f 2415/2415/2415 15/15/15 214/214/214
f 214/214/214 15/15/15 13/13/13
f 1931/1931/1931 2415/2415/2415 2416/2416/2416
f 214/214/214 2416/2416/2416 2415/2415/2415
f 1933/1933/1933 1932/1932/1932 1931/1931/1931
f 2416/2416/2416 1933/1933/1933 1931/1931/1931
f 2368/2368/2368 1932/1932/1932 6/6/6
f 1933/1933/1933 6/6/6 1932/1932/1932
f 14/14/14 828/828/828 13/13/13
f 14/14/14 463/463/463 828/828/828
f 214/214/214 13/13/13 213/213/213
f 213/213/213 13/13/13 828/828/828
f 214/214/214 1638/1638/1638 2416/2416/2416
f 1638/1638/1638 214/214/214 213/213/213
f 2416/2416/2416 389/389/389 1933/1933/1933
f 1638/1638/1638 389/389/389 2416/2416/2416
f 464/464/464 828/828/828 463/463/463
f 464/464/464 463/463/463 462/462/462
f 5/5/5 1933/1933/1933 389/389/389
f 6/6/6 1933/1933/1933 5/5/5
f 462/462/462 2425/2425/2425 464/464/464
f 462/462/462 1721/1721/1721 2425/2425/2425
f 2368/2368/2368 6/6/6 2752/2752/2752
f 2752/2752/2752 2367/2367/2367 2368/2368/2368
f 1469/1469/1469 2425/2425/2425 1721/1721/1721
f 1469/1469/1469 1721/1721/1721 1471/1471/1471
f 2752/2752/2752 6/6/6 4/4/4
f 6/6/6 5/5/5 4/4/4
f 1471/1471/1471 1470/1470/1470 1469/1469/1469
f 1471/1471/1471 2579/2579/2579 1470/1470/1470
f 2425/2425/2425 1469/1469/1469 2695/2695/2695
f 1886/1886/1886 1470/1470/1470 2579/2579/2579
f 1886/1886/1886 2579/2579/2579 1888/1888/1888
f 2484/2484/2484 1469/1469/1469 1470/1470/1470
f 2484/2484/2484 2695/2695/2695 1469/1469/1469
f 1470/1470/1470 1886/1886/1886 2661/2661/2661
f 1470/1470/1470 2661/2661/2661 2484/2484/2484
f 1888/1888/1888 1887/1887/1887 1886/1886/1886
f 1888/1888/1888 1807/1807/1807 1887/1887/1887
f 2647/2647/2647 2661/2661/2661 1886/1886/1886
f 2647/2647/2647 1886/1886/1886 1887/1887/1887
f 2661/2661/2661 2462/2462/2462 2484/2484/2484
f 2695/2695/2695 2484/2484/2484 2462/2462/2462
f 1700/1700/1700 1887/1887/1887 1807/1807/1807
f 1700/1700/1700 1807/1807/1807 1701/1701/1701
f 2425/2425/2425 2695/2695/2695 2513/2513/2513
f 2513/2513/2513 464/464/464 2425/2425/2425
f 1701/1701/1701 1678/1678/1678 1700/1700/1700
f 1701/1701/1701 1883/1883/1883 1678/1678/1678
f 1887/1887/1887 1700/1700/1700 2648/2648/2648
f 1887/1887/1887 2648/2648/2648 2647/2647/2647
f 1676/1676/1676 1700/1700/1700 1678/1678/1678
f 1676/1676/1676 2648/2648/2648 1700/1700/1700
f 1884/1884/1884 1678/1678/1678 1883/1883/1883
f 1884/1884/1884 1883/1883/1883 1882/1882/1882
f 1678/1678/1678 1677/1677/1677 1676/1676/1676
f 1678/1678/1678 1884/1884/1884 1677/1677/1677
f 1882/1882/1882 2122/2122/2122 1884/1884/1884
f 1882/1882/1882 1271/1271/1271 2122/2122/2122
f 2120/2120/2120 1677/1677/1677 1884/1884/1884
f 2120/2120/2120 1884/1884/1884 2122/2122/2122
f 815/815/815 2122/2122/2122 1271/1271/1271
f 815/815/815 1271/1271/1271 1270/1270/1270
f 2122/2122/2122 2121/2121/2121 2120/2120/2120
f 2122/2122/2122 815/815/815 2121/2121/2121
f 1270/1270/1270 142/142/142 815/815/815
f 1270/1270/1270 2756/2756/2756 142/142/142
f 816/816/816 2121/2121/2121 815/815/815
f 816/816/816 815/815/815 142/142/142
f 141/141/141 142/142/142 2756/2756/2756
f 141/141/141 2756/2756/2756 2755/2755/2755
f 141/141/141 2755/2755/2755 877/877/877
f 143/143/143 816/816/816 142/142/142
f 143/143/143 142/142/142 141/141/141
f 2121/2121/2121 816/816/816 2325/2325/2325
f 141/141/141 877/877/877 876/876/876
f 1727/1727/1727 816/816/816 143/143/143
f 1727/1727/1727 2325/2325/2325 816/816/816
f 141/141/141 1411/1411/1411 143/143/143
f 141/141/141 876/876/876 1411/1411/1411
f 1409/1409/1409 1727/1727/1727 143/143/143
f 1409/1409/1409 143/143/143 1411/1411/1411
f 877/877/877 912/912/912 876/876/876
f 877/877/877 2658/2658/2658 912/912/912
f 913/913/913 1411/1411/1411 876/876/876
f 913/913/913 876/876/876 912/912/912
f 1411/1411/1411 1410/1410/1410 1409/1409/1409
f 1411/1411/1411 913/913/913 1410/1410/1410
f 2111/2111/2111 912/912/912 2658/2658/2658
f 2111/2111/2111 2658/2658/2658 2113/2113/2113
f 912/912/912 2684/2684/2684 913/913/913
f 912/912/912 2111/2111/2111 2684/2684/2684
f 2736/2736/2736 1410/1410/1410 913/913/913
f 2736/2736/2736 913/913/913 2684/2684/2684
f 2113/2113/2113 2112/2112/2112 2111/2111/2111
f 2113/2113/2113 4908/4908/4908 2112/2112/2112
f 2112/2112/2112 4908/4908/4908 1038/1038/1038
f 2111/2111/2111 417/417/417 2684/2684/2684
f 2111/2111/2111 2112/2112/2112 417/417/417
f 2112/2112/2112 1038/1038/1038 1039/1039/1039
f 417/417/417 2112/2112/2112 1039/1039/1039
f 1040/1040/1040 1039/1039/1039 1038/1038/1038
f 2684/2684/2684 417/417/417 418/418/418
f 2684/2684/2684 418/418/418 2736/2736/2736
f 417/417/417 1039/1039/1039 419/419/419
f 419/419/419 418/418/418 417/417/417
f 1040/1040/1040 1765/1765/1765 1039/1039/1039
f 1765/1765/1765 419/419/419 1039/1039/1039
f 1040/1040/1040 176/176/176 1765/1765/1765
f 1040/1040/1040 178/178/178 176/176/176
f 1765/1765/1765 1453/1453/1453 419/419/419
f 1453/1453/1453 1765/1765/1765 176/176/176
f 419/419/419 1970/1970/1970 418/418/418
f 1453/1453/1453 1970/1970/1970 419/419/419
f 178/178/178 177/177/177 176/176/176
f 178/178/178 1117/1117/1117 177/177/177
f 1453/1453/1453 176/176/176 1455/1455/1455
f 1455/1455/1455 176/176/176 177/177/177
f 1453/1453/1453 1454/1454/1454 1970/1970/1970
f 1455/1455/1455 1454/1454/1454 1453/1453/1453
f 2625/2625/2625 418/418/418 1970/1970/1970
f 2736/2736/2736 418/418/418 2625/2625/2625
f 1454/1454/1454 1971/1971/1971 1970/1970/1970
f 2625/2625/2625 1970/1970/1970 1971/1971/1971
f 2736/2736/2736 2625/2625/2625 2361/2361/2361
f 1410/1410/1410 2736/2736/2736 2361/2361/2361
f 1971/1971/1971 2135/2135/2135 2625/2625/2625
f 2361/2361/2361 2625/2625/2625 2135/2135/2135
f 1410/1410/1410 2361/2361/2361 357/357/357
f 1409/1409/1409 1410/1410/1410 357/357/357
f 2361/2361/2361 2135/2135/2135 356/356/356
f 357/357/357 2361/2361/2361 356/356/356
f 1409/1409/1409 357/357/357 2140/2140/2140
f 1727/1727/1727 1409/1409/1409 2140/2140/2140
f 357/357/357 356/356/356 355/355/355
f 2140/2140/2140 357/357/357 355/355/355
f 1727/1727/1727 2140/2140/2140 2071/2071/2071
f 2071/2071/2071 2325/2325/2325 1727/1727/1727
f 2140/2140/2140 355/355/355 1147/1147/1147
f 2071/2071/2071 2140/2140/2140 1147/1147/1147
f 2209/2209/2209 355/355/355 356/356/356
f 2071/2071/2071 2072/2072/2072 2325/2325/2325
f 1429/1429/1429 356/356/356 2135/2135/2135
f 1429/1429/1429 2209/2209/2209 356/356/356
f 1971/1971/1971 1428/1428/1428 2135/2135/2135
f 1429/1429/1429 2135/2135/2135 1428/1428/1428
f 1454/1454/1454 2240/2240/2240 1971/1971/1971
f 1428/1428/1428 1971/1971/1971 2240/2240/2240
f 2240/2240/2240 1454/1454/1454 1435/1435/1435
f 1455/1455/1455 1435/1435/1435 1454/1454/1454
f 1428/1428/1428 2240/2240/2240 1890/1890/1890
f 1435/1435/1435 1455/1455/1455 651/651/651
f 1455/1455/1455 177/177/177 651/651/651
f 2240/2240/2240 1435/1435/1435 2566/2566/2566
f 2566/2566/2566 1890/1890/1890 2240/2240/2240
f 1435/1435/1435 651/651/651 1434/1434/1434
f 1434/1434/1434 2566/2566/2566 1435/1435/1435
f 177/177/177 652/652/652 651/651/651
f 652/652/652 1434/1434/1434 651/651/651
f 1117/1117/1117 1116/1116/1116 177/177/177
f 177/177/177 1116/1116/1116 652/652/652
f 1117/1117/1117 2128/2128/2128 1116/1116/1116
f 1749/1749/1749 1116/1116/1116 2128/2128/2128
f 1749/1749/1749 652/652/652 1116/1116/1116
f 1749/1749/1749 2128/2128/2128 2127/2127/2127
f 652/652/652 2495/2495/2495 1434/1434/1434
f 2127/2127/2127 487/487/487 1749/1749/1749
f 2127/2127/2127 2568/2568/2568 487/487/487
f 1749/1749/1749 488/488/488 652/652/652
f 488/488/488 1749/1749/1749 487/487/487
f 488/488/488 2495/2495/2495 652/652/652
f 2568/2568/2568 975/975/975 487/487/487
f 2568/2568/2568 976/976/976 975/975/975
f 488/488/488 487/487/487 486/486/486
f 486/486/486 487/487/487 975/975/975
f 488/488/488 2332/2332/2332 2495/2495/2495
f 486/486/486 2332/2332/2332 488/488/488
f 2504/2504/2504 1434/1434/1434 2495/2495/2495
f 1434/1434/1434 2504/2504/2504 2566/2566/2566
f 2333/2333/2333 2495/2495/2495 2332/2332/2332
f 2504/2504/2504 2495/2495/2495 2333/2333/2333
f 1315/1315/1315 2566/2566/2566 2504/2504/2504
f 2566/2566/2566 1315/1315/1315 1890/1890/1890
f 2333/2333/2333 1316/1316/1316 2504/2504/2504
f 1315/1315/1315 2504/2504/2504 1316/1316/1316
f 2333/2333/2333 2332/2332/2332 238/238/238
f 1315/1315/1315 1891/1891/1891 1890/1890/1890
f 486/486/486 1154/1154/1154 2332/2332/2332
f 238/238/238 2332/2332/2332 1154/1154/1154
f 1890/1890/1890 394/394/394 1428/1428/1428
f 1890/1890/1890 1891/1891/1891 394/394/394
f 1429/1429/1429 1428/1428/1428 394/394/394
f 1315/1315/1315 1108/1108/1108 1891/1891/1891
f 1316/1316/1316 1108/1108/1108 1315/1315/1315
f 395/395/395 1429/1429/1429 394/394/394
f 2209/2209/2209 1429/1429/1429 395/395/395
f 1891/1891/1891 393/393/393 394/394/394
f 395/395/395 394/394/394 393/393/393
f 1113/1113/1113 1891/1891/1891 1108/1108/1108
f 1891/1891/1891 1113/1113/1113 393/393/393
f 1316/1316/1316 1110/1110/1110 1108/1108/1108
f 2333/2333/2333 2253/2253/2253 1316/1316/1316
f 1110/1110/1110 1316/1316/1316 2253/2253/2253
f 238/238/238 2253/2253/2253 2333/2333/2333
f 1110/1110/1110 1109/1109/1109 1108/1108/1108
f 1113/1113/1113 1108/1108/1108 1109/1109/1109
f 1110/1110/1110 2253/2253/2253 980/980/980
f 238/238/238 239/239/239 2253/2253/2253
f 239/239/239 980/980/980 2253/2253/2253
f 1110/1110/1110 605/605/605 1109/1109/1109
f 605/605/605 1110/1110/1110 980/980/980
f 240/240/240 239/239/239 238/238/238
f 238/238/238 1154/1154/1154 240/240/240
f 239/239/239 1457/1457/1457 980/980/980
f 240/240/240 1456/1456/1456 239/239/239
f 1457/1457/1457 239/239/239 1456/1456/1456
f 291/291/291 240/240/240 1154/1154/1154
f 1456/1456/1456 240/240/240 2376/2376/2376
f 291/291/291 2376/2376/2376 240/240/240
f 1154/1154/1154 486/486/486 293/293/293
f 1154/1154/1154 293/293/293 291/291/291
f 486/486/486 975/975/975 293/293/293
f 291/291/291 2524/2524/2524 2376/2376/2376
f 293/293/293 292/292/292 291/291/291
f 291/291/291 292/292/292 2524/2524/2524
f 975/975/975 612/612/612 293/293/293
f 293/293/293 612/612/612 292/292/292
f 975/975/975 614/614/614 612/612/612
f 976/976/976 614/614/614 975/975/975
f 976/976/976 2758/2758/2758 614/614/614
f 612/612/612 2626/2626/2626 292/292/292
f 2758/2758/2758 1258/1258/1258 614/614/614
f 2758/2758/2758 2786/2786/2786 1258/1258/1258
f 614/614/614 613/613/613 612/612/612
f 614/614/614 1258/1258/1258 613/613/613
f 612/612/612 613/613/613 2626/2626/2626
f 2786/2786/2786 2726/2726/2726 1258/1258/1258
f 2786/2786/2786 2063/2063/2063 2726/2726/2726
f 1258/1258/1258 1257/1257/1257 613/613/613
f 1258/1258/1258 2726/2726/2726 1257/1257/1257
f 613/613/613 812/812/812 2626/2626/2626
f 613/613/613 1257/1257/1257 812/812/812
f 2064/2064/2064 2726/2726/2726 2063/2063/2063
f 2064/2064/2064 2063/2063/2063 2062/2062/2062
f 2129/2129/2129 2064/2064/2064 2062/2062/2062
f 2056/2056/2056 1257/1257/1257 2726/2726/2726
f 2056/2056/2056 2726/2726/2726 2064/2064/2064
f 2129/2129/2129 2609/2609/2609 2064/2064/2064
f 2609/2609/2609 2129/2129/2129 2608/2608/2608
f 2212/2212/2212 2056/2056/2056 2064/2064/2064
f 2212/2212/2212 2064/2064/2064 2609/2609/2609
f 2609/2609/2609 2608/2608/2608 1514/1514/1514
f 2212/2212/2212 2609/2609/2609 1514/1514/1514
f 1514/1514/1514 2608/2608/2608 1513/1513/1513
f 1257/1257/1257 2056/2056/2056 2055/2055/2055
f 1257/1257/1257 2055/2055/2055 812/812/812
f 1514/1514/1514 1513/1513/1513 1512/1512/1512
f 133/133/133 1512/1512/1512 1513/1513/1513
f 2212/2212/2212 1514/1514/1514 1563/1563/1563
f 1563/1563/1563 1514/1514/1514 1512/1512/1512
f 2056/2056/2056 2212/2212/2212 1249/1249/1249
f 1249/1249/1249 2212/2212/2212 1563/1563/1563
f 2056/2056/2056 1249/1249/1249 2055/2055/2055
f 1563/1563/1563 1512/1512/1512 2280/2280/2280
f 1249/1249/1249 1563/1563/1563 1251/1251/1251
f 2280/2280/2280 1251/1251/1251 1563/1563/1563
f 2055/2055/2055 1249/1249/1249 1250/1250/1250
f 1251/1251/1251 1250/1250/1250 1249/1249/1249
f 812/812/812 2055/2055/2055 811/811/811
f 2055/2055/2055 1250/1250/1250 811/811/811
f 133/133/133 2279/2279/2279 1512/1512/1512
f 2280/2280/2280 1512/1512/1512 2279/2279/2279
f 812/812/812 811/811/811 810/810/810
f 2626/2626/2626 812/812/812 810/810/810
f 134/134/134 2279/2279/2279 133/133/133
f 134/134/134 133/133/133 132/132/132
f 2626/2626/2626 810/810/810 2702/2702/2702
f 292/292/292 2626/2626/2626 2702/2702/2702
f 292/292/292 2702/2702/2702 2524/2524/2524
f 132/132/132 1210/1210/1210 134/134/134
f 132/132/132 2175/2175/2175 1210/1210/1210
f 2524/2524/2524 2702/2702/2702 1260/1260/1260
f 2176/2176/2176 1210/1210/1210 2175/2175/2175
f 2176/2176/2176 2175/2175/2175 1561/1561/1561
f 2702/2702/2702 810/810/810 1259/1259/1259
f 2702/2702/2702 1259/1259/1259 1260/1260/1260
f 1562/1562/1562 2176/2176/2176 1561/1561/1561
f 1562/1562/1562 1561/1561/1561 1560/1560/1560
f 2412/2412/2412 1562/1562/1562 1560/1560/1560
f 810/810/810 2643/2643/2643 1259/1259/1259
f 810/810/810 811/811/811 2643/2643/2643
f 2412/2412/2412 2108/2108/2108 1562/1562/1562
f 2108/2108/2108 2412/2412/2412 2612/2612/2612
f 811/811/811 2601/2601/2601 2643/2643/2643
f 811/811/811 1250/1250/1250 2601/2601/2601
f 2108/2108/2108 2612/2612/2612 2109/2109/2109
f 2109/2109/2109 2612/2612/2612 2317/2317/2317
f 2108/2108/2108 2104/2104/2104 1562/1562/1562
f 2104/2104/2104 2176/2176/2176 1562/1562/1562
f 2109/2109/2109 2317/2317/2317 1795/1795/1795
f 1795/1795/1795 2317/2317/2317 1868/1868/1868
f 1795/1795/1795 1868/1868/1868 1869/1869/1869
f 2109/2109/2109 2105/2105/2105 2108/2108/2108
f 2108/2108/2108 2105/2105/2105 2104/2104/2104
f 1796/1796/1796 2109/2109/2109 1795/1795/1795
f 2109/2109/2109 1796/1796/1796 2105/2105/2105
f 1869/1869/1869 1794/1794/1794 1795/1795/1795
f 1796/1796/1796 1795/1795/1795 1794/1794/1794
f 2104/2104/2104 785/785/785 2176/2176/2176
f 785/785/785 1210/1210/1210 2176/2176/2176
f 1869/1869/1869 1819/1819/1819 1794/1794/1794
f 1819/1819/1819 1869/1869/1869 2199/2199/2199
f 1819/1819/1819 2199/2199/2199 1665/1665/1665
f 1665/1665/1665 1820/1820/1820 1819/1819/1819
f 1820/1820/1820 1794/1794/1794 1819/1819/1819
f 1665/1665/1665 1832/1832/1832 1820/1820/1820
f 2493/2493/2493 1820/1820/1820 1832/1832/1832
f 1820/1820/1820 2605/2605/2605 1794/1794/1794
f 2605/2605/2605 1820/1820/1820 2493/2493/2493
f 2605/2605/2605 1796/1796/1796 1794/1794/1794
f 2605/2605/2605 2493/2493/2493 2494/2494/2494
f 1482/1482/1482 2494/2494/2494 2493/2493/2493
f 1482/1482/1482 160/160/160 2494/2494/2494
f 2605/2605/2605 2478/2478/2478 1796/1796/1796
f 2494/2494/2494 2478/2478/2478 2605/2605/2605
f 2105/2105/2105 1796/1796/1796 2478/2478/2478
f 205/205/205 2494/2494/2494 160/160/160
f 2494/2494/2494 205/205/205 2478/2478/2478
f 205/205/205 160/160/160 1502/1502/1502
f 2105/2105/2105 2478/2478/2478 206/206/206
f 206/206/206 2478/2478/2478 205/205/205
f 204/204/204 205/205/205 1502/1502/1502
f 206/206/206 205/205/205 204/204/204
f 204/204/204 1502/1502/1502 2186/2186/2186
f 2105/2105/2105 206/206/206 784/784/784
f 2105/2105/2105 784/784/784 2104/2104/2104
f 785/785/785 2104/2104/2104 784/784/784
f 1364/1364/1364 206/206/206 204/204/204
f 1364/1364/1364 784/784/784 206/206/206
f 204/204/204 2186/2186/2186 2277/2277/2277
f 204/204/204 2277/2277/2277 1364/1364/1364
f 45/45/45 2277/2277/2277 2186/2186/2186
f 2382/2382/2382 784/784/784 1364/1364/1364
f 1504/1504/1504 2277/2277/2277 45/45/45
f 1439/1439/1439 1504/1504/1504 45/45/45
f 2485/2485/2485 1364/1364/1364 2277/2277/2277
f 1504/1504/1504 2485/2485/2485 2277/2277/2277
f 2485/2485/2485 2382/2382/2382 1364/1364/1364
f 1504/1504/1504 1439/1439/1439 222/222/222
f 2382/2382/2382 783/783/783 784/784/784
f 785/785/785 784/784/784 783/783/783
f 1504/1504/1504 222/222/222 1503/1503/1503
f 220/220/220 1503/1503/1503 222/222/222
f 1363/1363/1363 785/785/785 783/783/783
f 785/785/785 1363/1363/1363 1210/1210/1210
f 1363/1363/1363 134/134/134 1210/1210/1210
f 2603/2603/2603 783/783/783 2382/2382/2382
f 1363/1363/1363 783/783/783 2603/2603/2603
f 1363/1363/1363 2622/2622/2622 134/134/134
f 2622/2622/2622 1363/1363/1363 2603/2603/2603
f 2622/2622/2622 2279/2279/2279 134/134/134
f 2603/2603/2603 2382/2382/2382 2486/2486/2486
f 2486/2486/2486 2382/2382/2382 2485/2485/2485
f 2622/2622/2622 2278/2278/2278 2279/2279/2279
f 2280/2280/2280 2279/2279/2279 2278/2278/2278
f 2622/2622/2622 2603/2603/2603 2567/2567/2567
f 2278/2278/2278 2622/2622/2622 2567/2567/2567
f 2567/2567/2567 2603/2603/2603 2486/2486/2486
f 2280/2280/2280 2278/2278/2278 2334/2334/2334
f 2278/2278/2278 2567/2567/2567 2334/2334/2334
f 2486/2486/2486 2485/2485/2485 1505/1505/1505
f 1505/1505/1505 2485/2485/2485 1504/1504/1504
f 1505/1505/1505 1504/1504/1504 1503/1503/1503
f 2567/2567/2567 2486/2486/2486 2092/2092/2092
f 2092/2092/2092 2486/2486/2486 1505/1505/1505
f 2334/2334/2334 2567/2567/2567 2092/2092/2092
f 1503/1503/1503 2091/2091/2091 1505/1505/1505
f 2092/2092/2092 1505/1505/1505 2091/2091/2091
f 2280/2280/2280 2334/2334/2334 679/679/679
f 2280/2280/2280 679/679/679 1251/1251/1251
f 2334/2334/2334 2092/2092/2092 678/678/678
f 679/679/679 2334/2334/2334 678/678/678
f 678/678/678 2092/2092/2092 2091/2091/2091
f 1251/1251/1251 679/679/679 677/677/677
f 679/679/679 678/678/678 677/677/677
f 1503/1503/1503 1924/1924/1924 2091/2091/2091
f 220/220/220 1924/1924/1924 1503/1503/1503
f 678/678/678 2091/2091/2091 2586/2586/2586
f 2586/2586/2586 2091/2091/2091 1924/1924/1924
f 677/677/677 678/678/678 2586/2586/2586
f 220/220/220 1598/1598/1598 1924/1924/1924
f 2586/2586/2586 1924/1924/1924 1598/1598/1598
f 220/220/220 917/917/917 1598/1598/1598
f 677/677/677 2586/2586/2586 1599/1599/1599
f 1599/1599/1599 2586/2586/2586 1598/1598/1598
f 1251/1251/1251 677/677/677 2492/2492/2492
f 2492/2492/2492 677/677/677 1599/1599/1599
f 1251/1251/1251 2492/2492/2492 1250/1250/1250
f 2372/2372/2372 1598/1598/1598 917/917/917
f 1250/1250/1250 2492/2492/2492 644/644/644
f 2492/2492/2492 1599/1599/1599 644/644/644
f 1250/1250/1250 644/644/644 2601/2601/2601
f 2372/2372/2372 917/917/917 935/935/935
f 1599/1599/1599 1598/1598/1598 1597/1597/1597
f 644/644/644 1599/1599/1599 1597/1597/1597
f 2372/2372/2372 1597/1597/1597 1598/1598/1598
f 645/645/645 2601/2601/2601 644/644/644
f 2643/2643/2643 2601/2601/2601 645/645/645
f 644/644/644 1597/1597/1597 643/643/643
f 645/645/645 644/644/644 643/643/643
f 1597/1597/1597 1623/1623/1623 643/643/643
f 1597/1597/1597 2372/2372/2372 1623/1623/1623
f 643/643/643 1582/1582/1582 645/645/645
f 643/643/643 1623/1623/1623 1582/1582/1582
f 2643/2643/2643 645/645/645 1583/1583/1583
f 1583/1583/1583 645/645/645 1582/1582/1582
f 1583/1583/1583 1259/1259/1259 2643/2643/2643
f 1624/1624/1624 1582/1582/1582 1623/1623/1623
f 1583/1583/1583 1044/1044/1044 1259/1259/1259
f 1044/1044/1044 1260/1260/1260 1259/1259/1259
f 1583/1583/1583 1582/1582/1582 1043/1043/1043
f 1044/1044/1044 1583/1583/1583 1043/1043/1043
f 1043/1043/1043 1582/1582/1582 1624/1624/1624
f 202/202/202 1623/1623/1623 2372/2372/2372
f 1624/1624/1624 1623/1623/1623 202/202/202
f 2372/2372/2372 935/935/935 631/631/631
f 202/202/202 2372/2372/2372 631/631/631
f 630/630/630 631/631/631 935/935/935
f 630/630/630 935/935/935 1402/1402/1402
f 201/201/201 202/202/202 631/631/631
f 201/201/201 631/631/631 630/630/630
f 2035/2035/2035 630/630/630 1402/1402/1402
f 2035/2035/2035 1402/1402/1402 2034/2034/2034
f 2294/2294/2294 201/201/201 630/630/630
f 2294/2294/2294 630/630/630 2035/2035/2035
f 203/203/203 202/202/202 201/201/201
f 203/203/203 1624/1624/1624 202/202/202
f 2074/2074/2074 2035/2035/2035 2034/2034/2034
f 2074/2074/2074 2034/2034/2034 1224/1224/1224
f 2339/2339/2339 2074/2074/2074 1224/1224/1224
f 2203/2203/2203 2035/2035/2035 2074/2074/2074
f 2203/2203/2203 2294/2294/2294 2035/2035/2035
f 2307/2307/2307 2074/2074/2074 2339/2339/2339
f 2307/2307/2307 2203/2203/2203 2074/2074/2074
f 371/371/371 201/201/201 2294/2294/2294
f 371/371/371 203/203/203 201/201/201
f 2181/2181/2181 2294/2294/2294 2203/2203/2203
f 2181/2181/2181 371/371/371 2294/2294/2294
f 2180/2180/2180 2203/2203/2203 2307/2307/2307
f 2180/2180/2180 2181/2181/2181 2203/2203/2203
f 2306/2306/2306 2307/2307/2307 2339/2339/2339
f 2306/2306/2306 2339/2339/2339 2466/2466/2466
f 2306/2306/2306 2466/2466/2466 2431/2431/2431
f 1821/1821/1821 2307/2307/2307 2306/2306/2306
f 1821/1821/1821 2180/2180/2180 2307/2307/2307
f 2306/2306/2306 2431/2431/2431 1380/1380/1380
f 1821/1821/1821 2306/2306/2306 1380/1380/1380
f 1380/1380/1380 2431/2431/2431 1929/1929/1929
f 2180/2180/2180 1821/1821/1821 838/838/838
f 1380/1380/1380 1929/1929/1929 986/986/986
f 2180/2180/2180 838/838/838 526/526/526
f 526/526/526 2181/2181/2181 2180/2180/2180
f 1821/1821/1821 1380/1380/1380 1381/1381/1381
f 986/986/986 1381/1381/1381 1380/1380/1380
f 2221/2221/2221 838/838/838 1821/1821/1821
f 2221/2221/2221 1821/1821/1821 1381/1381/1381
f 839/839/839 526/526/526 838/838/838
f 2221/2221/2221 839/839/839 838/838/838
f 526/526/526 527/527/527 2181/2181/2181
f 527/527/527 371/371/371 2181/2181/2181
f 839/839/839 528/528/528 526/526/526
f 528/528/528 527/527/527 526/526/526
f 527/527/527 372/372/372 371/371/371
f 372/372/372 203/203/203 371/371/371
f 528/528/528 587/587/587 527/527/527
f 372/372/372 527/527/527 587/587/587
f 528/528/528 839/839/839 809/809/809
f 372/372/372 1129/1129/1129 203/203/203
f 1129/1129/1129 1624/1624/1624 203/203/203
f 2221/2221/2221 1498/1498/1498 839/839/839
f 1498/1498/1498 809/809/809 839/839/839
f 984/984/984 2221/2221/2221 1381/1381/1381
f 1498/1498/1498 2221/2221/2221 984/984/984
f 528/528/528 809/809/809 586/586/586
f 587/587/587 528/528/528 586/586/586
f 1498/1498/1498 1616/1616/1616 809/809/809
f 372/372/372 587/587/587 1425/1425/1425
f 1425/1425/1425 1129/1129/1129 372/372/372
f 587/587/587 586/586/586 585/585/585
f 1425/1425/1425 587/587/587 585/585/585
f 586/586/586 809/809/809 2583/2583/2583
f 2583/2583/2583 809/809/809 1616/1616/1616
f 585/585/585 586/586/586 2584/2584/2584
f 586/586/586 2583/2583/2583 2584/2584/2584
f 1616/1616/1616 1498/1498/1498 1515/1515/1515
f 1498/1498/1498 984/984/984 1515/1515/1515
f 2583/2583/2583 1616/1616/1616 2577/2577/2577
f 1616/1616/1616 1515/1515/1515 1615/1615/1615
f 1615/1615/1615 2577/2577/2577 1616/1616/1616
f 673/673/673 2584/2584/2584 2583/2583/2583
f 2577/2577/2577 673/673/673 2583/2583/2583
f 585/585/585 2584/2584/2584 719/719/719
f 673/673/673 2748/2748/2748 2584/2584/2584
f 719/719/719 2584/2584/2584 2748/2748/2748
f 2577/2577/2577 675/675/675 673/673/673
f 551/551/551 585/585/585 719/719/719
f 1425/1425/1425 585/585/585 551/551/551
f 2748/2748/2748 673/673/673 674/674/674
f 675/675/675 674/674/674 673/673/673
f 719/719/719 2748/2748/2748 1452/1452/1452
f 2126/2126/2126 675/675/675 2577/2577/2577
f 1615/1615/1615 2126/2126/2126 2577/2577/2577
f 2748/2748/2748 674/674/674 1451/1451/1451
f 1452/1452/1452 2748/2748/2748 1451/1451/1451
f 675/675/675 1486/1486/1486 674/674/674
f 718/718/718 719/719/719 1452/1452/1452
f 551/551/551 719/719/719 718/718/718
f 1451/1451/1451 674/674/674 2061/2061/2061
f 2061/2061/2061 674/674/674 1486/1486/1486
f 1452/1452/1452 1451/1451/1451 1450/1450/1450
f 1486/1486/1486 675/675/675 1382/1382/1382
f 2126/2126/2126 1382/1382/1382 675/675/675
f 2630/2630/2630 1452/1452/1452 1450/1450/1450
f 718/718/718 1452/1452/1452 2630/2630/2630
f 1450/1450/1450 1451/1451/1451 1601/1601/1601
f 1451/1451/1451 2061/2061/2061 1601/1601/1601
f 2630/2630/2630 1450/1450/1450 2222/2222/2222
f 1450/1450/1450 1601/1601/1601 1600/1600/1600
f 2222/2222/2222 1450/1450/1450 1600/1600/1600
f 718/718/718 2630/2630/2630 1673/1673/1673
f 1673/1673/1673 2630/2630/2630 2222/2222/2222
f 551/551/551 718/718/718 519/519/519
f 718/718/718 1673/1673/1673 519/519/519
f 551/551/551 519/519/519 550/550/550
f 550/550/550 1425/1425/1425 551/551/551
f 519/519/519 1673/1673/1673 518/518/518
f 550/550/550 1949/1949/1949 1425/1425/1425
f 1425/1425/1425 1949/1949/1949 1129/1129/1129
f 550/550/550 519/519/519 517/517/517
f 519/519/519 518/518/518 517/517/517
f 1949/1949/1949 550/550/550 981/981/981
f 550/550/550 517/517/517 981/981/981
f 1129/1129/1129 1949/1949/1949 1128/1128/1128
f 1949/1949/1949 981/981/981 1128/1128/1128
f 1129/1129/1129 1128/1128/1128 1127/1127/1127
f 1129/1129/1129 1127/1127/1127 1624/1624/1624
f 1043/1043/1043 1624/1624/1624 1127/1127/1127
f 1042/1042/1042 1043/1043/1043 1127/1127/1127
f 1042/1042/1042 1127/1127/1127 1128/1128/1128
f 1044/1044/1044 1043/1043/1043 1042/1042/1042
f 1128/1128/1128 981/981/981 182/182/182
f 1128/1128/1128 182/182/182 1042/1042/1042
f 969/969/969 1044/1044/1044 1042/1042/1042
f 969/969/969 1042/1042/1042 182/182/182
f 1044/1044/1044 969/969/969 1260/1260/1260
f 981/981/981 181/181/181 182/182/182
f 981/981/981 517/517/517 181/181/181
f 183/183/183 969/969/969 182/182/182
f 183/183/183 182/182/182 181/181/181
f 970/970/970 1260/1260/1260 969/969/969
f 970/970/970 969/969/969 183/183/183
f 2524/2524/2524 1260/1260/1260 970/970/970
f 2376/2376/2376 2524/2524/2524 970/970/970
f 399/399/399 181/181/181 517/517/517
f 399/399/399 517/517/517 518/518/518
f 2376/2376/2376 970/970/970 1373/1373/1373
f 183/183/183 1373/1373/1373 970/970/970
f 1456/1456/1456 2376/2376/2376 1373/1373/1373
f 400/400/400 183/183/183 181/181/181
f 183/183/183 400/400/400 1373/1373/1373
f 400/400/400 181/181/181 399/399/399
f 1374/1374/1374 1456/1456/1456 1373/1373/1373
f 1374/1374/1374 1373/1373/1373 400/400/400
f 1374/1374/1374 400/400/400 399/399/399
f 1457/1457/1457 1456/1456/1456 1374/1374/1374
f 1374/1374/1374 399/399/399 974/974/974
f 1457/1457/1457 1374/1374/1374 974/974/974
f 518/518/518 974/974/974 399/399/399
f 1457/1457/1457 974/974/974 979/979/979
f 980/980/980 1457/1457/1457 979/979/979
f 518/518/518 978/978/978 974/974/974
f 979/979/979 974/974/974 978/978/978
f 1673/1673/1673 978/978/978 518/518/518
f 980/980/980 979/979/979 607/607/607
f 605/605/605 980/980/980 607/607/607
f 979/979/979 978/978/978 977/977/977
f 607/607/607 979/979/979 977/977/977
f 1673/1673/1673 1969/1969/1969 978/978/978
f 1969/1969/1969 977/977/977 978/978/978
f 1673/1673/1673 2222/2222/2222 1969/1969/1969
f 607/607/607 977/977/977 1114/1114/1114
f 1969/1969/1969 2222/2222/2222 1112/1112/1112
f 2222/2222/2222 1600/1600/1600 1112/1112/1112
f 1969/1969/1969 1115/1115/1115 977/977/977
f 977/977/977 1115/1115/1115 1114/1114/1114
f 1969/1969/1969 1112/1112/1112 1115/1115/1115
f 607/607/607 1114/1114/1114 606/606/606
f 1114/1114/1114 1115/1115/1115 606/606/606
f 607/607/607 606/606/606 605/605/605
f 606/606/606 1115/1115/1115 1112/1112/1112
f 1107/1107/1107 605/605/605 606/606/606
f 606/606/606 1112/1112/1112 1107/1107/1107
f 1107/1107/1107 1109/1109/1109 605/605/605
f 1112/1112/1112 1111/1111/1111 1107/1107/1107
f 1109/1109/1109 1107/1107/1107 1111/1111/1111
f 1112/1112/1112 1600/1600/1600 1111/1111/1111
f 1109/1109/1109 1111/1111/1111 1113/1113/1113
f 1111/1111/1111 1600/1600/1600 1826/1826/1826
f 1601/1601/1601 1826/1826/1826 1600/1600/1600
f 1958/1958/1958 1113/1113/1113 1111/1111/1111
f 1111/1111/1111 1826/1826/1826 1958/1958/1958
f 1958/1958/1958 393/393/393 1113/1113/1113
f 1601/1601/1601 2771/2771/2771 1826/1826/1826
f 2771/2771/2771 1601/1601/1601 2061/2061/2061
f 393/393/393 1958/1958/1958 2231/2231/2231
f 393/393/393 2231/2231/2231 395/395/395
f 1958/1958/1958 1826/1826/1826 2232/2232/2232
f 1958/1958/1958 2232/2232/2232 2231/2231/2231
f 1826/1826/1826 2771/2771/2771 1957/1957/1957
f 1826/1826/1826 1957/1957/1957 2232/2232/2232
f 1104/1104/1104 395/395/395 2231/2231/2231
f 2209/2209/2209 395/395/395 1104/1104/1104
f 2232/2232/2232 1106/1106/1106 2231/2231/2231
f 1104/1104/1104 2231/2231/2231 1106/1106/1106
f 2771/2771/2771 2061/2061/2061 2607/2607/2607
f 2607/2607/2607 1957/1957/1957 2771/2771/2771
f 1145/1145/1145 2209/2209/2209 1104/1104/1104
f 2209/2209/2209 1145/1145/1145 355/355/355
f 1147/1147/1147 355/355/355 1145/1145/1145
f 1106/1106/1106 1105/1105/1105 1104/1104/1104
f 1145/1145/1145 1104/1104/1104 1105/1105/1105
f 1106/1106/1106 1143/1143/1143 1105/1105/1105
f 1143/1143/1143 1145/1145/1145 1105/1105/1105
f 1147/1147/1147 1145/1145/1145 1146/1146/1146
f 1143/1143/1143 1146/1146/1146 1145/1145/1145
f 1144/1144/1144 1147/1147/1147 1146/1146/1146
f 1144/1144/1144 1146/1146/1146 1143/1143/1143
f 1106/1106/1106 515/515/515 1143/1143/1143
f 1144/1144/1144 1143/1143/1143 515/515/515
f 2232/2232/2232 2348/2348/2348 1106/1106/1106
f 1106/1106/1106 2348/2348/2348 515/515/515
f 1144/1144/1144 2073/2073/2073 1147/1147/1147
f 2071/2071/2071 1147/1147/1147 2073/2073/2073
f 2073/2073/2073 2072/2072/2072 2071/2071/2071
f 516/516/516 1144/1144/1144 515/515/515
f 516/516/516 2073/2073/2073 1144/1144/1144
f 2348/2348/2348 514/514/514 515/515/515
f 516/516/516 515/515/515 514/514/514
f 2232/2232/2232 1570/1570/1570 2348/2348/2348
f 2348/2348/2348 1570/1570/1570 514/514/514
f 2232/2232/2232 1957/1957/1957 1570/1570/1570
f 516/516/516 2075/2075/2075 2073/2073/2073
f 2073/2073/2073 2075/2075/2075 2072/2072/2072
f 592/592/592 516/516/516 514/514/514
f 592/592/592 2075/2075/2075 516/516/516
f 1393/1393/1393 514/514/514 1570/1570/1570
f 592/592/592 514/514/514 1393/1393/1393
f 1957/1957/1957 1475/1475/1475 1570/1570/1570
f 1393/1393/1393 1570/1570/1570 1475/1475/1475
f 1957/1957/1957 2594/2594/2594 1475/1475/1475
f 2607/2607/2607 2594/2594/2594 1957/1957/1957
f 1475/1475/1475 1474/1474/1474 1393/1393/1393
f 2594/2594/2594 2607/2607/2607 2397/2397/2397
f 591/591/591 1393/1393/1393 1474/1474/1474
f 591/591/591 592/592/592 1393/1393/1393
f 2537/2537/2537 1475/1475/1475 2594/2594/2594
f 2594/2594/2594 2397/2397/2397 2537/2537/2537
f 1475/1475/1475 831/831/831 1474/1474/1474
f 2537/2537/2537 831/831/831 1475/1475/1475
f 2060/2060/2060 2397/2397/2397 2607/2607/2607
f 2060/2060/2060 2607/2607/2607 2061/2061/2061
f 2061/2061/2061 1486/1486/1486 2060/2060/2060
f 2395/2395/2395 2537/2537/2537 2397/2397/2397
f 782/782/782 2060/2060/2060 1486/1486/1486
f 2397/2397/2397 2060/2060/2060 2396/2396/2396
f 782/782/782 2396/2396/2396 2060/2060/2060
f 2397/2397/2397 2396/2396/2396 2395/2395/2395
f 1486/1486/1486 1382/1382/1382 782/782/782
f 2395/2395/2395 830/830/830 2537/2537/2537
f 831/831/831 2537/2537/2537 830/830/830
f 782/782/782 1382/1382/1382 208/208/208
f 2396/2396/2396 782/782/782 781/781/781
f 782/782/782 208/208/208 781/781/781
f 2668/2668/2668 2395/2395/2395 2396/2396/2396
f 2396/2396/2396 781/781/781 2668/2668/2668
f 830/830/830 2395/2395/2395 2640/2640/2640
f 2668/2668/2668 2640/2640/2640 2395/2395/2395
f 1382/1382/1382 207/207/207 208/208/208
f 1382/1382/1382 2126/2126/2126 207/207/207
f 781/781/781 208/208/208 1392/1392/1392
f 1798/1798/1798 207/207/207 2126/2126/2126
f 1798/1798/1798 2126/2126/2126 1615/1615/1615
f 209/209/209 208/208/208 207/207/207
f 209/209/209 1392/1392/1392 208/208/208
f 1799/1799/1799 207/207/207 1798/1798/1798
f 1799/1799/1799 209/209/209 207/207/207
f 1059/1059/1059 1798/1798/1798 1615/1615/1615
f 1059/1059/1059 1615/1615/1615 1515/1515/1515
f 1798/1798/1798 1057/1057/1057 1799/1799/1799
f 1798/1798/1798 1059/1059/1059 1057/1057/1057
f 209/209/209 1799/1799/1799 2059/2059/2059
f 982/982/982 1059/1059/1059 1515/1515/1515
f 982/982/982 1515/1515/1515 984/984/984
f 1059/1059/1059 1058/1058/1058 1057/1057/1057
f 1059/1059/1059 982/982/982 1058/1058/1058
f 1822/1822/1822 1799/1799/1799 1057/1057/1057
f 1822/1822/1822 2059/2059/2059 1799/1799/1799
f 1057/1057/1057 1058/1058/1058 1823/1823/1823
f 1057/1057/1057 1823/1823/1823 1822/1822/1822
f 209/209/209 2059/2059/2059 1391/1391/1391
f 1392/1392/1392 209/209/209 1391/1391/1391
f 2059/2059/2059 1822/1822/1822 2058/2058/2058
f 2057/2057/2057 1391/1391/1391 2059/2059/2059
f 2059/2059/2059 2058/2058/2058 2057/2057/2057
f 1822/1822/1822 1823/1823/1823 2457/2457/2457
f 1822/1822/1822 2457/2457/2457 2058/2058/2058
f 1058/1058/1058 1510/1510/1510 1823/1823/1823
f 2058/2058/2058 2457/2457/2457 557/557/557
f 1588/1588/1588 2457/2457/2457 1823/1823/1823
f 1588/1588/1588 1823/1823/1823 1510/1510/1510
f 2457/2457/2457 2638/2638/2638 557/557/557
f 2457/2457/2457 1588/1588/1588 2638/2638/2638
f 2058/2058/2058 557/557/557 558/558/558
f 558/558/558 2057/2057/2057 2058/2058/2058
f 1058/1058/1058 2615/2615/2615 1510/1510/1510
f 2615/2615/2615 1058/1058/1058 982/982/982
f 558/558/558 1733/1733/1733 2057/2057/2057
f 2057/2057/2057 2366/2366/2366 1391/1391/1391
f 1733/1733/1733 2366/2366/2366 2057/2057/2057
f 1392/1392/1392 1391/1391/1391 1390/1390/1390
f 2366/2366/2366 1390/1390/1390 1391/1391/1391
f 781/781/781 1392/1392/1392 2453/2453/2453
f 1390/1390/1390 2453/2453/2453 1392/1392/1392
f 2453/2453/2453 2668/2668/2668 781/781/781
f 2366/2366/2366 1241/1241/1241 1390/1390/1390
f 2453/2453/2453 2223/2223/2223 2668/2668/2668
f 2640/2640/2640 2668/2668/2668 2223/2223/2223
f 1390/1390/1390 1801/1801/1801 2453/2453/2453
f 2223/2223/2223 2453/2453/2453 1801/1801/1801
f 1801/1801/1801 1390/1390/1390 1241/1241/1241
f 2640/2640/2640 2223/2223/2223 2224/2224/2224
f 1241/1241/1241 2366/2366/2366 1240/1240/1240
f 1733/1733/1733 1240/1240/1240 2366/2366/2366
f 2223/2223/2223 1801/1801/1801 2225/2225/2225
f 2225/2225/2225 2224/2224/2224 2223/2223/2223
f 1801/1801/1801 1241/1241/1241 1800/1800/1800
f 1800/1800/1800 2225/2225/2225 1801/1801/1801
f 1241/1241/1241 1240/1240/1240 1239/1239/1239
f 1239/1239/1239 1800/1800/1800 1241/1241/1241
f 1734/1734/1734 1240/1240/1240 1733/1733/1733
f 1800/1800/1800 2351/2351/2351 2225/2225/2225
f 1239/1239/1239 1240/1240/1240 2341/2341/2341
f 1734/1734/1734 2341/2341/2341 1240/1240/1240
f 1239/1239/1239 2507/2507/2507 1800/1800/1800
f 2507/2507/2507 2351/2351/2351 1800/1800/1800
f 1239/1239/1239 2341/2341/2341 1750/1750/1750
f 2507/2507/2507 1239/1239/1239 1750/1750/1750
f 2352/2352/2352 2225/2225/2225 2351/2351/2351
f 2225/2225/2225 2352/2352/2352 2224/2224/2224
f 2507/2507/2507 1808/1808/1808 2351/2351/2351
f 2224/2224/2224 2427/2427/2427 2640/2640/2640
f 830/830/830 2640/2640/2640 2427/2427/2427
f 2019/2019/2019 2224/2224/2224 2352/2352/2352
f 2224/2224/2224 2019/2019/2019 2427/2427/2427
f 2352/2352/2352 2351/2351/2351 2350/2350/2350
f 1808/1808/1808 2350/2350/2350 2351/2351/2351
f 2427/2427/2427 829/829/829 830/830/830
f 831/831/831 830/830/830 829/829/829
f 2427/2427/2427 2066/2066/2066 829/829/829
f 2066/2066/2066 2427/2427/2427 2019/2019/2019
f 831/831/831 829/829/829 2593/2593/2593
f 2593/2593/2593 829/829/829 2066/2066/2066
f 831/831/831 2593/2593/2593 1474/1474/1474
f 2019/2019/2019 2352/2352/2352 2021/2021/2021
f 2350/2350/2350 2021/2021/2021 2352/2352/2352
f 865/865/865 1474/1474/1474 2593/2593/2593
f 865/865/865 591/591/591 1474/1474/1474
f 2593/2593/2593 2066/2066/2066 1984/1984/1984
f 865/865/865 2593/2593/2593 1984/1984/1984
f 2066/2066/2066 2019/2019/2019 2020/2020/2020
f 2020/2020/2020 1984/1984/1984 2066/2066/2066
f 2021/2021/2021 2020/2020/2020 2019/2019/2019
f 865/865/865 1984/1984/1984 867/867/867
f 2020/2020/2020 1985/1985/1985 1984/1984/1984
f 1985/1985/1985 867/867/867 1984/1984/1984
f 2021/2021/2021 2381/2381/2381 2020/2020/2020
f 1985/1985/1985 2020/2020/2020 2381/2381/2381
f 2350/2350/2350 2380/2380/2380 2021/2021/2021
f 2381/2381/2381 2021/2021/2021 2380/2380/2380
f 591/591/591 865/865/865 866/866/866
f 867/867/867 866/866/866 865/865/865
f 2380/2380/2380 2350/2350/2350 1809/1809/1809
f 1808/1808/1808 1809/1809/1809 2350/2350/2350
f 591/591/591 866/866/866 593/593/593
f 593/593/593 592/592/592 591/591/591
f 867/867/867 423/423/423 866/866/866
f 593/593/593 1554/1554/1554 592/592/592
f 592/592/592 1554/1554/1554 2075/2075/2075
f 1815/1815/1815 593/593/593 866/866/866
f 1815/1815/1815 866/866/866 423/423/423
f 1555/1555/1555 1554/1554/1554 593/593/593
f 1815/1815/1815 1555/1555/1555 593/593/593
f 2426/2426/2426 2075/2075/2075 1554/1554/1554
f 1555/1555/1555 2426/2426/2426 1554/1554/1554
f 2426/2426/2426 2072/2072/2072 2075/2075/2075
f 2430/2430/2430 423/423/423 867/867/867
f 1985/1985/1985 2430/2430/2430 867/867/867
f 2324/2324/2324 2072/2072/2072 2426/2426/2426
f 2324/2324/2324 2325/2325/2325 2072/2072/2072
f 2121/2121/2121 2325/2325/2325 2324/2324/2324
f 2324/2324/2324 2120/2120/2120 2121/2121/2121
f 2387/2387/2387 2324/2324/2324 2426/2426/2426
f 2324/2324/2324 2387/2387/2387 2120/2120/2120
f 2387/2387/2387 2426/2426/2426 1555/1555/1555
f 1677/1677/1677 2120/2120/2120 2387/2387/2387
f 1816/1816/1816 2387/2387/2387 1555/1555/1555
f 1677/1677/1677 2387/2387/2387 1816/1816/1816
f 1816/1816/1816 1555/1555/1555 1815/1815/1815
f 1816/1816/1816 1676/1676/1676 1677/1677/1677
f 1816/1816/1816 2599/2599/2599 1676/1676/1676
f 2599/2599/2599 1816/1816/1816 1815/1815/1815
f 2648/2648/2648 1676/1676/1676 2599/2599/2599
f 1815/1815/1815 423/423/423 424/424/424
f 2599/2599/2599 1815/1815/1815 424/424/424
f 425/425/425 424/424/424 423/423/423
f 2430/2430/2430 425/425/425 423/423/423
f 2599/2599/2599 424/424/424 1811/1811/1811
f 425/425/425 1811/1811/1811 424/424/424
f 2648/2648/2648 2599/2599/2599 1812/1812/1812
f 2599/2599/2599 1811/1811/1811 1812/1812/1812
f 2171/2171/2171 2648/2648/2648 1812/1812/1812
f 2171/2171/2171 2647/2647/2647 2648/2648/2648
f 1813/1813/1813 1812/1812/1812 1811/1811/1811
f 1813/1813/1813 2171/2171/2171 1812/1812/1812
f 1811/1811/1811 425/425/425 575/575/575
f 1811/1811/1811 575/575/575 1813/1813/1813
f 2169/2169/2169 2647/2647/2647 2171/2171/2171
f 2169/2169/2169 2661/2661/2661 2647/2647/2647
f 2661/2661/2661 2169/2169/2169 2462/2462/2462
f 2171/2171/2171 1813/1813/1813 2170/2170/2170
f 2171/2171/2171 2170/2170/2170 2169/2169/2169
f 2588/2588/2588 1813/1813/1813 575/575/575
f 2588/2588/2588 2170/2170/2170 1813/1813/1813
f 574/574/574 575/575/575 425/425/425
f 574/574/574 425/425/425 2430/2430/2430
f 2286/2286/2286 2169/2169/2169 2170/2170/2170
f 2286/2286/2286 2462/2462/2462 2169/2169/2169
f 2430/2430/2430 2400/2400/2400 574/574/574
f 2430/2430/2430 1985/1985/1985 2400/2400/2400
f 1985/1985/1985 2381/2381/2381 2400/2400/2400
f 576/576/576 575/575/575 574/574/574
f 576/576/576 2588/2588/2588 575/575/575
f 1669/1669/1669 574/574/574 2400/2400/2400
f 1669/1669/1669 576/576/576 574/574/574
f 2400/2400/2400 2381/2381/2381 2379/2379/2379
f 2400/2400/2400 2379/2379/2379 1669/1669/1669
f 2381/2381/2381 2380/2380/2380 2379/2379/2379
f 576/576/576 1669/1669/1669 1576/1576/1576
f 2681/2681/2681 2379/2379/2379 2380/2380/2380
f 2380/2380/2380 1809/1809/1809 2681/2681/2681
f 1669/1669/1669 2379/2379/2379 1062/1062/1062
f 2681/2681/2681 1062/1062/1062 2379/2379/2379
f 1669/1669/1669 1062/1062/1062 1576/1576/1576
f 1577/1577/1577 2588/2588/2588 576/576/576
f 576/576/576 1576/1576/1576 1577/1577/1577
f 2170/2170/2170 2588/2588/2588 2285/2285/2285
f 1577/1577/1577 2285/2285/2285 2588/2588/2588
f 2170/2170/2170 2285/2285/2285 2286/2286/2286
f 1578/1578/1578 1577/1577/1577 1576/1576/1576
f 1759/1759/1759 2285/2285/2285 1577/1577/1577
f 1578/1578/1578 1759/1759/1759 1577/1577/1577
f 1760/1760/1760 2286/2286/2286 2285/2285/2285
f 1759/1759/1759 1760/1760/1760 2285/2285/2285
f 1060/1060/1060 1576/1576/1576 1062/1062/1062
f 1060/1060/1060 1578/1578/1578 1576/1576/1576
f 1062/1062/1062 2681/2681/2681 1061/1061/1061
f 1062/1062/1062 1061/1061/1061 1060/1060/1060
f 2681/2681/2681 1809/1809/1809 2211/2211/2211
f 2681/2681/2681 2211/2211/2211 1061/1061/1061
f 1578/1578/1578 1060/1060/1060 1312/1312/1312
f 2217/2217/2217 1060/1060/1060 1061/1061/1061
f 2217/2217/2217 1312/1312/1312 1060/1060/1060
f 2210/2210/2210 1061/1061/1061 2211/2211/2211
f 2210/2210/2210 2217/2217/2217 1061/1061/1061
f 1321/1321/1321 2211/2211/2211 1809/1809/1809
f 1321/1321/1321 1809/1809/1809 1808/1808/1808
f 2211/2211/2211 1592/1592/1592 2210/2210/2210
f 2211/2211/2211 1321/1321/1321 1592/1592/1592
f 1808/1808/1808 1320/1320/1320 1321/1321/1321
f 1808/1808/1808 2507/2507/2507 1320/1320/1320
f 2507/2507/2507 1750/1750/1750 1320/1320/1320
f 1322/1322/1322 1592/1592/1592 1321/1321/1321
f 1322/1322/1322 1321/1321/1321 1320/1320/1320
f 1751/1751/1751 1320/1320/1320 1750/1750/1750
f 1751/1751/1751 1322/1322/1322 1320/1320/1320
f 1750/1750/1750 2291/2291/2291 1751/1751/1751
f 1750/1750/1750 2341/2341/2341 2291/2291/2291
f 1322/1322/1322 1751/1751/1751 2358/2358/2358
f 2341/2341/2341 2650/2650/2650 2291/2291/2291
f 2341/2341/2341 1734/1734/1734 2650/2650/2650
f 2292/2292/2292 1751/1751/1751 2291/2291/2291
f 2292/2292/2292 2358/2358/2358 1751/1751/1751
f 2649/2649/2649 2291/2291/2291 2650/2650/2650
f 2649/2649/2649 2292/2292/2292 2291/2291/2291
f 1322/1322/1322 2358/2358/2358 1591/1591/1591
f 1592/1592/1592 1322/1322/1322 1591/1591/1591
f 2358/2358/2358 2292/2292/2292 2117/2117/2117
f 1592/1592/1592 1591/1591/1591 1590/1590/1590
f 1590/1590/1590 2210/2210/2210 1592/1592/1592
f 1591/1591/1591 2358/2358/2358 2118/2118/2118
f 2358/2358/2358 2117/2117/2117 2118/2118/2118
f 1698/1698/1698 1590/1590/1590 1591/1591/1591
f 1591/1591/1591 2118/2118/2118 1698/1698/1698
f 1590/1590/1590 1838/1838/1838 2210/2210/2210
f 2217/2217/2217 2210/2210/2210 1838/1838/1838
f 1698/1698/1698 1837/1837/1837 1590/1590/1590
f 1838/1838/1838 1590/1590/1590 1837/1837/1837
f 2217/2217/2217 1838/1838/1838 1311/1311/1311
f 1312/1312/1312 2217/2217/2217 1311/1311/1311
f 1838/1838/1838 1837/1837/1837 1836/1836/1836
f 1311/1311/1311 1838/1838/1838 1836/1836/1836
f 1837/1837/1837 1698/1698/1698 1542/1542/1542
f 1836/1836/1836 1837/1837/1837 2213/2213/2213
f 1837/1837/1837 1542/1542/1542 2213/2213/2213
f 1698/1698/1698 2118/2118/2118 1697/1697/1697
f 1698/1698/1698 1697/1697/1697 1542/1542/1542
f 2119/2119/2119 2118/2118/2118 2117/2117/2117
f 2119/2119/2119 1697/1697/1697 2118/2118/2118
f 2292/2292/2292 2542/2542/2542 2117/2117/2117
f 2542/2542/2542 2119/2119/2119 2117/2117/2117
f 2292/2292/2292 2649/2649/2649 2542/2542/2542
f 1885/1885/1885 1697/1697/1697 2119/2119/2119
f 1654/1654/1654 2542/2542/2542 2649/2649/2649
f 2650/2650/2650 1654/1654/1654 2649/2649/2649
f 2542/2542/2542 2370/2370/2370 2119/2119/2119
f 2370/2370/2370 1885/1885/1885 2119/2119/2119
f 1654/1654/1654 1396/1396/1396 2542/2542/2542
f 1396/1396/1396 2370/2370/2370 2542/2542/2542
f 2650/2650/2650 869/869/869 1654/1654/1654
f 869/869/869 2650/2650/2650 1734/1734/1734
f 870/870/870 1396/1396/1396 1654/1654/1654
f 870/870/870 1654/1654/1654 869/869/869
f 869/869/869 1734/1734/1734 1041/1041/1041
f 1733/1733/1733 1041/1041/1041 1734/1734/1734
f 1733/1733/1733 558/558/558 1041/1041/1041
f 1041/1041/1041 868/868/868 869/869/869
f 870/870/870 869/869/869 868/868/868
f 559/559/559 1041/1041/1041 558/558/558
f 1041/1041/1041 559/559/559 868/868/868
f 559/559/559 558/558/558 557/557/557
f 2660/2660/2660 870/870/870 868/868/868
f 2639/2639/2639 559/559/559 557/557/557
f 559/559/559 2564/2564/2564 868/868/868
f 559/559/559 2639/2639/2639 2564/2564/2564
f 2660/2660/2660 868/868/868 2564/2564/2564
f 2639/2639/2639 557/557/557 2638/2638/2638
f 1330/1330/1330 2660/2660/2660 2564/2564/2564
f 2639/2639/2639 297/297/297 2564/2564/2564
f 1330/1330/1330 2564/2564/2564 297/297/297
f 2638/2638/2638 107/107/107 2639/2639/2639
f 2639/2639/2639 107/107/107 297/297/297
f 2638/2638/2638 1589/1589/1589 107/107/107
f 1589/1589/1589 2638/2638/2638 1588/1588/1588
f 108/108/108 297/297/297 107/107/107
f 106/106/106 107/107/107 1589/1589/1589
f 108/108/108 107/107/107 106/106/106
f 1589/1589/1589 1588/1588/1588 1263/1263/1263
f 298/298/298 297/297/297 108/108/108
f 298/298/298 1330/1330/1330 297/297/297
f 106/106/106 1589/1589/1589 2375/2375/2375
f 1263/1263/1263 2375/2375/2375 1589/1589/1589
f 2405/2405/2405 108/108/108 106/106/106
f 968/968/968 1263/1263/1263 1588/1588/1588
f 968/968/968 1588/1588/1588 1510/1510/1510
f 2404/2404/2404 106/106/106 2375/2375/2375
f 2405/2405/2405 106/106/106 2404/2404/2404
f 1510/1510/1510 1509/1509/1509 968/968/968
f 1510/1510/1510 2615/2615/2615 1509/1509/1509
f 108/108/108 2405/2405/2405 416/416/416
f 108/108/108 416/416/416 298/298/298
f 2432/2432/2432 2405/2405/2405 2404/2404/2404
f 298/298/298 416/416/416 507/507/507
f 508/508/508 416/416/416 2405/2405/2405
f 508/508/508 2405/2405/2405 2432/2432/2432
f 508/508/508 507/507/507 416/416/416
f 2432/2432/2432 2404/2404/2404 2445/2445/2445
f 298/298/298 507/507/507 570/570/570
f 570/570/570 1330/1330/1330 298/298/298
f 2468/2468/2468 2445/2445/2445 2404/2404/2404
f 2404/2404/2404 2375/2375/2375 2468/2468/2468
f 570/570/570 2750/2750/2750 1330/1330/1330
f 2750/2750/2750 2660/2660/2660 1330/1330/1330
f 2468/2468/2468 2375/2375/2375 2706/2706/2706
f 1263/1263/1263 2706/2706/2706 2375/2375/2375
f 2750/2750/2750 2761/2761/2761 2660/2660/2660
f 870/870/870 2660/2660/2660 2761/2761/2761
f 966/966/966 2706/2706/2706 1263/1263/1263
f 966/966/966 1263/1263/1263 968/968/968
f 870/870/870 2761/2761/2761 1395/1395/1395
f 870/870/870 1395/1395/1395 1396/1396/1396
f 968/968/968 967/967/967 966/966/966
f 968/968/968 1509/1509/1509 967/967/967
f 262/262/262 1396/1396/1396 1395/1395/1395
f 2705/2705/2705 966/966/966 967/967/967
f 2761/2761/2761 261/261/261 1395/1395/1395
f 262/262/262 1395/1395/1395 261/261/261
f 2750/2750/2750 2353/2353/2353 2761/2761/2761
f 2761/2761/2761 2353/2353/2353 261/261/261
f 262/262/262 2116/2116/2116 1396/1396/1396
f 1396/1396/1396 2116/2116/2116 2370/2370/2370
f 262/262/262 261/261/261 260/260/260
f 261/261/261 1946/1946/1946 260/260/260
f 262/262/262 1911/1911/1911 2116/2116/2116
f 262/262/262 4907/4907/4907 1911/1911/1911
f 1911/1911/1911 4907/4907/4907 1045/1045/1045
f 2116/2116/2116 88/88/88 2370/2370/2370
f 2116/2116/2116 1911/1911/1911 88/88/88
f 2370/2370/2370 88/88/88 1885/1885/1885
f 1911/1911/1911 1045/1045/1045 87/87/87
f 88/88/88 1911/1911/1911 87/87/87
f 1046/1046/1046 87/87/87 1045/1045/1045
f 261/261/261 2067/2067/2067 1946/1946/1946
f 2353/2353/2353 2067/2067/2067 261/261/261
f 2067/2067/2067 1274/1274/1274 1946/1946/1946
f 88/88/88 87/87/87 86/86/86
f 86/86/86 1885/1885/1885 88/88/88
f 1046/1046/1046 2099/2099/2099 87/87/87
f 86/86/86 164/164/164 1885/1885/1885
f 87/87/87 2378/2378/2378 86/86/86
f 87/87/87 2099/2099/2099 2378/2378/2378
f 2378/2378/2378 164/164/164 86/86/86
f 1046/1046/1046 874/874/874 2099/2099/2099
f 1046/1046/1046 875/875/875 874/874/874
f 1103/1103/1103 2378/2378/2378 2099/2099/2099
f 1103/1103/1103 2099/2099/2099 874/874/874
f 875/875/875 873/873/873 874/874/874
f 875/875/875 1201/1201/1201 873/873/873
f 874/874/874 872/872/872 1103/1103/1103
f 874/874/874 873/873/873 872/872/872
f 1201/1201/1201 871/871/871 873/873/873
f 873/873/873 871/871/871 872/872/872
f 1201/1201/1201 2374/2374/2374 871/871/871
f 2386/2386/2386 2374/2374/2374 1201/1201/1201
f 360/360/360 872/872/872 871/871/871
f 2374/2374/2374 360/360/360 871/871/871
f 485/485/485 1103/1103/1103 872/872/872
f 2386/2386/2386 2385/2385/2385 2374/2374/2374
f 872/872/872 360/360/360 358/358/358
f 872/872/872 358/358/358 485/485/485
f 2374/2374/2374 1834/1834/1834 360/360/360
f 1834/1834/1834 2374/2374/2374 2385/2385/2385
f 360/360/360 359/359/359 358/358/358
f 360/360/360 1834/1834/1834 359/359/359
f 2386/2386/2386 94/94/94 2385/2385/2385
f 2386/2386/2386 96/96/96 94/94/94
f 1834/1834/1834 2385/2385/2385 2290/2290/2290
f 96/96/96 95/95/95 94/94/94
f 96/96/96 2455/2455/2455 95/95/95
f 2385/2385/2385 94/94/94 2670/2670/2670
f 2385/2385/2385 2670/2670/2670 2290/2290/2290
f 1617/1617/1617 94/94/94 95/95/95
f 1617/1617/1617 2670/2670/2670 94/94/94
f 2456/2456/2456 95/95/95 2455/2455/2455
f 2456/2456/2456 2455/2455/2455 2454/2454/2454
f 95/95/95 1533/1533/1533 1617/1617/1617
f 95/95/95 2456/2456/2456 1533/1533/1533
f 2454/2454/2454 161/161/161 2456/2456/2456
f 2454/2454/2454 163/163/163 161/161/161
f 2456/2456/2456 171/171/171 1533/1533/1533
f 2456/2456/2456 161/161/161 171/171/171
f 163/163/163 162/162/162 161/161/161
f 163/163/163 2546/2546/2546 162/162/162
f 161/161/161 146/146/146 171/171/171
f 161/161/161 162/162/162 146/146/146
f 2546/2546/2546 2502/2502/2502 162/162/162
f 2546/2546/2546 2503/2503/2503 2502/2502/2502
f 162/162/162 2693/2693/2693 146/146/146
f 162/162/162 2502/2502/2502 2693/2693/2693
f 2503/2503/2503 778/778/778 2502/2502/2502
f 2503/2503/2503 2785/2785/2785 778/778/778
f 776/776/776 2693/2693/2693 2502/2502/2502
f 776/776/776 2502/2502/2502 778/778/778
f 789/789/789 778/778/778 2785/2785/2785
f 789/789/789 2785/2785/2785 2018/2018/2018
f 778/778/778 777/777/777 776/776/776
f 778/778/778 789/789/789 777/777/777
f 2018/2018/2018 2017/2017/2017 789/789/789
f 2018/2018/2018 2674/2674/2674 2017/2017/2017
f 789/789/789 788/788/788 777/777/777
f 789/789/789 2017/2017/2017 788/788/788
f 2674/2674/2674 1626/1626/1626 2017/2017/2017
f 2674/2674/2674 2757/2757/2757 1626/1626/1626
f 2017/2017/2017 1625/1625/1625 788/788/788
f 2017/2017/2017 1626/1626/1626 1625/1625/1625
f 777/777/777 788/788/788 1618/1618/1618
f 2757/2757/2757 2589/2589/2589 1626/1626/1626
f 788/788/788 1625/1625/1625 1763/1763/1763
f 788/788/788 1763/1763/1763 1618/1618/1618
f 1626/1626/1626 1541/1541/1541 1625/1625/1625
f 1626/1626/1626 2589/2589/2589 1541/1541/1541
f 1625/1625/1625 1540/1540/1540 1763/1763/1763
f 1625/1625/1625 1541/1541/1541 1540/1540/1540
f 2757/2757/2757 2023/2023/2023 2589/2589/2589
f 2691/2691/2691 2023/2023/2023 2757/2757/2757
f 2589/2589/2589 1229/1229/1229 1541/1541/1541
f 2691/2691/2691 2024/2024/2024 2023/2023/2023
f 2692/2692/2692 2024/2024/2024 2691/2691/2691
f 2023/2023/2023 2618/2618/2618 2589/2589/2589
f 2589/2589/2589 2618/2618/2618 1229/1229/1229
f 2024/2024/2024 1203/1203/1203 2023/2023/2023
f 2023/2023/2023 1203/1203/1203 2618/2618/2618
f 2692/2692/2692 2700/2700/2700 2024/2024/2024
f 1910/1910/1910 2700/2700/2700 2692/2692/2692
f 2024/2024/2024 1205/1205/1205 1203/1203/1203
f 2700/2700/2700 1205/1205/1205 2024/2024/2024
f 1541/1541/1541 1229/1229/1229 1230/1230/1230
f 1541/1541/1541 1230/1230/1230 1540/1540/1540
f 2618/2618/2618 863/863/863 1229/1229/1229
f 863/863/863 1230/1230/1230 1229/1229/1229
f 1203/1203/1203 864/864/864 2618/2618/2618
f 2618/2618/2618 864/864/864 863/863/863
f 1205/1205/1205 1204/1204/1204 1203/1203/1203
f 1203/1203/1203 1204/1204/1204 864/864/864
f 863/863/863 1446/1446/1446 1230/1230/1230
f 864/864/864 57/57/57 863/863/863
f 1446/1446/1446 863/863/863 57/57/57
f 1204/1204/1204 861/861/861 864/864/864
f 864/864/864 861/861/861 57/57/57
f 2090/2090/2090 1540/1540/1540 1230/1230/1230
f 2090/2090/2090 1230/1230/1230 1446/1446/1446
f 1204/1204/1204 862/862/862 861/861/861
f 1446/1446/1446 57/57/57 58/58/58
f 57/57/57 861/861/861 59/59/59
f 862/862/862 59/59/59 861/861/861
f 59/59/59 58/58/58 57/57/57
f 862/862/862 1204/1204/1204 2724/2724/2724
f 1205/1205/1205 2724/2724/2724 1204/1204/1204
f 2707/2707/2707 59/59/59 862/862/862
f 862/862/862 2724/2724/2724 2707/2707/2707
f 2724/2724/2724 1205/1205/1205 1684/1684/1684
f 2700/2700/2700 1684/1684/1684 1205/1205/1205
f 1997/1997/1997 2707/2707/2707 2724/2724/2724
f 2724/2724/2724 1684/1684/1684 1997/1997/1997
f 1684/1684/1684 2700/2700/2700 1666/1666/1666
f 1910/1910/1910 1666/1666/1666 2700/2700/2700
f 1667/1667/1667 1997/1997/1997 1684/1684/1684
f 1684/1684/1684 1666/1666/1666 1667/1667/1667
f 1668/1668/1668 1666/1666/1666 1910/1910/1910
f 1668/1668/1668 1667/1667/1667 1666/1666/1666
f 1668/1668/1668 1910/1910/1910 880/880/880
f 1667/1667/1667 648/648/648 1997/1997/1997
f 881/881/881 1668/1668/1668 880/880/880
f 245/245/245 881/881/881 880/880/880
f 1668/1668/1668 2261/2261/2261 1667/1667/1667
f 2261/2261/2261 648/648/648 1667/1667/1667
f 881/881/881 2262/2262/2262 1668/1668/1668
f 2262/2262/2262 2261/2261/2261 1668/1668/1668
f 648/648/648 336/336/336 1997/1997/1997
f 1997/1997/1997 336/336/336 2707/2707/2707
f 2261/2261/2261 650/650/650 648/648/648
f 650/650/650 649/649/649 648/648/648
f 648/648/648 649/649/649 336/336/336
f 650/650/650 2261/2261/2261 1903/1903/1903
f 2262/2262/2262 1903/1903/1903 2261/2261/2261
f 335/335/335 336/336/336 649/649/649
f 1900/1900/1900 1903/1903/1903 2262/2262/2262
f 337/337/337 336/336/336 335/335/335
f 337/337/337 2707/2707/2707 336/336/336
f 2707/2707/2707 337/337/337 59/59/59
f 1645/1645/1645 337/337/337 335/335/335
f 1900/1900/1900 505/505/505 1903/1903/1903
f 337/337/337 1645/1645/1645 1305/1305/1305
f 337/337/337 1305/1305/1305 59/59/59
f 59/59/59 1305/1305/1305 58/58/58
f 1645/1645/1645 1644/1644/1644 1305/1305/1305
f 1305/1305/1305 2106/2106/2106 58/58/58
f 1305/1305/1305 1644/1644/1644 2106/2106/2106
f 58/58/58 1447/1447/1447 1446/1446/1446
f 58/58/58 2106/2106/2106 1447/1447/1447
f 2090/2090/2090 1446/1446/1446 1447/1447/1447
f 1644/1644/1644 1389/1389/1389 2106/2106/2106
f 2106/2106/2106 1387/1387/1387 1447/1447/1447
f 1387/1387/1387 2090/2090/2090 1447/1447/1447
f 2106/2106/2106 1389/1389/1389 1387/1387/1387
f 1644/1644/1644 1063/1063/1063 1389/1389/1389
f 1387/1387/1387 1641/1641/1641 2090/2090/2090
f 1389/1389/1389 1388/1388/1388 1387/1387/1387
f 1388/1388/1388 1641/1641/1641 1387/1387/1387
f 2766/2766/2766 1389/1389/1389 1063/1063/1063
f 1389/1389/1389 2766/2766/2766 1388/1388/1388
f 1641/1641/1641 832/832/832 2090/2090/2090
f 2090/2090/2090 832/832/832 1540/1540/1540
f 1763/1763/1763 1540/1540/1540 832/832/832
f 1388/1388/1388 1096/1096/1096 1641/1641/1641
f 1763/1763/1763 832/832/832 833/833/833
f 1618/1618/1618 1763/1763/1763 833/833/833
f 1641/1641/1641 834/834/834 832/832/832
f 834/834/834 833/833/833 832/832/832
f 1096/1096/1096 834/834/834 1641/1641/1641
f 1618/1618/1618 833/833/833 1526/1526/1526
f 834/834/834 1527/1527/1527 833/833/833
f 1527/1527/1527 1526/1526/1526 833/833/833
f 1096/1096/1096 1097/1097/1097 834/834/834
f 1097/1097/1097 1527/1527/1527 834/834/834
f 544/544/544 1096/1096/1096 1388/1388/1388
f 544/544/544 1388/1388/1388 2766/2766/2766
f 545/545/545 1097/1097/1097 1096/1096/1096
f 544/544/544 545/545/545 1096/1096/1096
f 1097/1097/1097 2654/2654/2654 1527/1527/1527
f 544/544/544 2766/2766/2766 2765/2765/2765
f 2654/2654/2654 1704/1704/1704 1527/1527/1527
f 1527/1527/1527 1704/1704/1704 1526/1526/1526
f 2328/2328/2328 2654/2654/2654 1097/1097/1097
f 545/545/545 2328/2328/2328 1097/1097/1097
f 1526/1526/1526 1619/1619/1619 1618/1618/1618
f 777/777/777 1618/1618/1618 1619/1619/1619
f 776/776/776 777/777/777 1619/1619/1619
f 1526/1526/1526 1768/1768/1768 1619/1619/1619
f 1704/1704/1704 1768/1768/1768 1526/1526/1526
f 776/776/776 1619/1619/1619 1769/1769/1769
f 1769/1769/1769 1619/1619/1619 1768/1768/1768
f 2693/2693/2693 776/776/776 1769/1769/1769
f 1704/1704/1704 1705/1705/1705 1768/1768/1768
f 2693/2693/2693 1769/1769/1769 145/145/145
f 146/146/146 2693/2693/2693 145/145/145
f 1769/1769/1769 1768/1768/1768 1767/1767/1767
f 145/145/145 1769/1769/1769 1767/1767/1767
f 1705/1705/1705 1767/1767/1767 1768/1768/1768
f 146/146/146 145/145/145 144/144/144
f 171/171/171 146/146/146 144/144/144
f 145/145/145 1767/1767/1767 216/216/216
f 144/144/144 145/145/145 216/216/216
f 1705/1705/1705 123/123/123 1767/1767/1767
f 123/123/123 216/216/216 1767/1767/1767
f 171/171/171 144/144/144 170/170/170
f 1533/1533/1533 171/171/171 170/170/170
f 144/144/144 216/216/216 215/215/215
f 170/170/170 144/144/144 215/215/215
f 123/123/123 124/124/124 216/216/216
f 215/215/215 216/216/216 124/124/124
f 1533/1533/1533 170/170/170 1324/1324/1324
f 1617/1617/1617 1533/1533/1533 1324/1324/1324
f 170/170/170 215/215/215 283/283/283
f 1324/1324/1324 170/170/170 283/283/283
f 215/215/215 124/124/124 284/284/284
f 284/284/284 283/283/283 215/215/215
f 1617/1617/1617 1324/1324/1324 682/682/682
f 2670/2670/2670 1617/1617/1617 682/682/682
f 1324/1324/1324 283/283/283 1323/1323/1323
f 682/682/682 1324/1324/1324 1323/1323/1323
f 284/284/284 1827/1827/1827 283/283/283
f 1827/1827/1827 1323/1323/1323 283/283/283
f 2670/2670/2670 682/682/682 683/683/683
f 2290/2290/2290 2670/2670/2670 683/683/683
f 682/682/682 1323/1323/1323 684/684/684
f 684/684/684 683/683/683 682/682/682
f 1827/1827/1827 2323/2323/2323 1323/1323/1323
f 2323/2323/2323 684/684/684 1323/1323/1323
f 2290/2290/2290 683/683/683 1833/1833/1833
f 1834/1834/1834 2290/2290/2290 1833/1833/1833
f 1834/1834/1834 1833/1833/1833 359/359/359
f 684/684/684 2163/2163/2163 683/683/683
f 1833/1833/1833 683/683/683 2163/2163/2163
f 359/359/359 1833/1833/1833 105/105/105
f 1833/1833/1833 2163/2163/2163 105/105/105
f 2774/2774/2774 2163/2163/2163 684/684/684
f 2323/2323/2323 2774/2774/2774 684/684/684
f 105/105/105 2163/2163/2163 104/104/104
f 2774/2774/2774 104/104/104 2163/2163/2163
f 359/359/359 105/105/105 1534/1534/1534
f 358/358/358 359/359/359 1534/1534/1534
f 105/105/105 104/104/104 103/103/103
f 1534/1534/1534 105/105/105 103/103/103
f 358/358/358 1534/1534/1534 484/484/484
f 485/485/485 358/358/358 484/484/484
f 1534/1534/1534 103/103/103 23/23/23
f 484/484/484 1534/1534/1534 23/23/23
f 2600/2600/2600 103/103/103 104/104/104
f 23/23/23 103/103/103 22/22/22
f 2600/2600/2600 22/22/22 103/103/103
f 104/104/104 2774/2774/2774 1100/1100/1100
f 104/104/104 1100/1100/1100 2600/2600/2600
f 2321/2321/2321 2774/2774/2774 2323/2323/2323
f 2321/2321/2321 1100/1100/1100 2774/2774/2774
f 2323/2323/2323 2322/2322/2322 2321/2321/2321
f 2323/2323/2323 1827/1827/1827 2322/2322/2322
f 1100/1100/1100 2321/2321/2321 1099/1099/1099
f 1828/1828/1828 2322/2322/2322 1827/1827/1827
f 1828/1828/1828 1827/1827/1827 284/284/284
f 1928/1928/1928 2321/2321/2321 2322/2322/2322
f 1928/1928/1928 1099/1099/1099 2321/2321/2321
f 2322/2322/2322 1828/1828/1828 2282/2282/2282
f 2322/2322/2322 2282/2282/2282 1928/1928/1928
f 1211/1211/1211 1828/1828/1828 284/284/284
f 1211/1211/1211 284/284/284 124/124/124
f 1828/1828/1828 2281/2281/2281 2282/2282/2282
f 1828/1828/1828 1211/1211/1211 2281/2281/2281
f 125/125/125 1211/1211/1211 124/124/124
f 125/125/125 124/124/124 123/123/123
f 2145/2145/2145 2281/2281/2281 1211/1211/1211
f 2145/2145/2145 1211/1211/1211 125/125/125
f 2167/2167/2167 125/125/125 123/123/123
f 2167/2167/2167 123/123/123 1705/1705/1705
f 2747/2747/2747 2145/2145/2145 125/125/125
f 2747/2747/2747 125/125/125 2167/2167/2167
f 1706/1706/1706 2167/2167/2167 1705/1705/1705
f 1706/1706/1706 1705/1705/1705 1704/1704/1704
f 2654/2654/2654 1706/1706/1706 1704/1704/1704
f 2437/2437/2437 2747/2747/2747 2167/2167/2167
f 2437/2437/2437 2167/2167/2167 1706/1706/1706
f 2436/2436/2436 1706/1706/1706 2654/2654/2654
f 2436/2436/2436 2437/2437/2437 1706/1706/1706
f 2328/2328/2328 2436/2436/2436 2654/2654/2654
f 2433/2433/2433 2747/2747/2747 2437/2437/2437
f 2438/2438/2438 2437/2437/2437 2436/2436/2436
f 2438/2438/2438 2433/2433/2433 2437/2437/2437
f 2769/2769/2769 2436/2436/2436 2328/2328/2328
f 2769/2769/2769 2438/2438/2438 2436/2436/2436
f 2433/2433/2433 2773/2773/2773 2747/2747/2747
f 2145/2145/2145 2747/2747/2747 2773/2773/2773
f 2433/2433/2433 2438/2438/2438 114/114/114
f 2145/2145/2145 2773/2773/2773 2499/2499/2499
f 2499/2499/2499 2281/2281/2281 2145/2145/2145
f 2773/2773/2773 2433/2433/2433 115/115/115
f 2433/2433/2433 114/114/114 115/115/115
f 2499/2499/2499 2773/2773/2773 1463/1463/1463
f 2773/2773/2773 115/115/115 1463/1463/1463
f 2499/2499/2499 2283/2283/2283 2281/2281/2281
f 2283/2283/2283 2282/2282/2282 2281/2281/2281
f 2499/2499/2499 1463/1463/1463 1464/1464/1464
f 2283/2283/2283 2499/2499/2499 1464/1464/1464
f 2283/2283/2283 1927/1927/1927 2282/2282/2282
f 1928/1928/1928 2282/2282/2282 1927/1927/1927
f 2283/2283/2283 1464/1464/1464 1405/1405/1405
f 1927/1927/1927 2283/2283/2283 1405/1405/1405
f 1928/1928/1928 1927/1927/1927 1926/1926/1926
f 1099/1099/1099 1928/1928/1928 1926/1926/1926
f 1927/1927/1927 1405/1405/1405 1244/1244/1244
f 1926/1926/1926 1927/1927/1927 1244/1244/1244
f 1405/1405/1405 1464/1464/1464 1404/1404/1404
f 1244/1244/1244 1405/1405/1405 1403/1403/1403
f 1405/1405/1405 1404/1404/1404 1403/1403/1403
f 1465/1465/1465 1464/1464/1464 1463/1463/1463
f 1465/1465/1465 1404/1404/1404 1464/1464/1464
f 1687/1687/1687 1463/1463/1463 115/115/115
f 1687/1687/1687 1465/1465/1465 1463/1463/1463
f 116/116/116 1687/1687/1687 115/115/115
f 116/116/116 115/115/115 114/114/114
f 653/653/653 1465/1465/1465 1687/1687/1687
f 654/654/654 1404/1404/1404 1465/1465/1465
f 653/653/653 654/654/654 1465/1465/1465
f 2226/2226/2226 1687/1687/1687 116/116/116
f 2226/2226/2226 653/653/653 1687/1687/1687
f 654/654/654 739/739/739 1404/1404/1404
f 739/739/739 1403/1403/1403 1404/1404/1404
f 655/655/655 654/654/654 653/653/653
f 1737/1737/1737 655/655/655 653/653/653
f 1737/1737/1737 653/653/653 2226/2226/2226
f 655/655/655 740/740/740 654/654/654
f 740/740/740 739/739/739 654/654/654
f 2699/2699/2699 740/740/740 655/655/655
f 2208/2208/2208 1737/1737/1737 2226/2226/2226
f 2699/2699/2699 2632/2632/2632 740/740/740
f 740/740/740 2632/2632/2632 739/739/739
f 2699/2699/2699 318/318/318 2632/2632/2632
f 2208/2208/2208 2226/2226/2226 2509/2509/2509
f 2509/2509/2509 2226/2226/2226 116/116/116
f 319/319/319 2632/2632/2632 318/318/318
f 319/319/319 318/318/318 317/317/317
f 2632/2632/2632 1683/1683/1683 739/739/739
f 2632/2632/2632 319/319/319 1683/1683/1683
f 739/739/739 1683/1683/1683 1403/1403/1403
f 317/317/317 568/568/568 319/319/319
f 317/317/317 1779/1779/1779 568/568/568
f 319/319/319 1485/1485/1485 1683/1683/1683
f 319/319/319 568/568/568 1485/1485/1485
f 1683/1683/1683 1246/1246/1246 1403/1403/1403
f 1683/1683/1683 1485/1485/1485 1246/1246/1246
f 1244/1244/1244 1403/1403/1403 1246/1246/1246
f 1779/1779/1779 2272/2272/2272 568/568/568
f 1779/1779/1779 1372/1372/1372 2272/2272/2272
f 568/568/568 1742/1742/1742 1485/1485/1485
f 568/568/568 2272/2272/2272 1742/1742/1742
f 1485/1485/1485 1484/1484/1484 1246/1246/1246
f 1485/1485/1485 1742/1742/1742 1484/1484/1484
f 1246/1246/1246 1245/1245/1245 1244/1244/1244
f 1246/1246/1246 1484/1484/1484 1245/1245/1245
f 1926/1926/1926 1244/1244/1244 1245/1245/1245
f 1372/1372/1372 2001/2001/2001 2272/2272/2272
f 1372/1372/1372 1646/1646/1646 2001/2001/2001
f 1690/1690/1690 1926/1926/1926 1245/1245/1245
f 1099/1099/1099 1926/1926/1926 1690/1690/1690
f 1484/1484/1484 2585/2585/2585 1245/1245/1245
f 1690/1690/1690 1245/1245/1245 2585/2585/2585
f 1742/1742/1742 1741/1741/1741 1484/1484/1484
f 1484/1484/1484 1741/1741/1741 2585/2585/2585
f 2272/2272/2272 2554/2554/2554 1742/1742/1742
f 1742/1742/1742 2554/2554/2554 1741/1741/1741
f 2272/2272/2272 2001/2001/2001 2554/2554/2554
f 1098/1098/1098 1099/1099/1099 1690/1690/1690
f 1100/1100/1100 1099/1099/1099 1098/1098/1098
f 1098/1098/1098 2600/2600/2600 1100/1100/1100
f 1689/1689/1689 1690/1690/1690 2585/2585/2585
f 1098/1098/1098 1690/1690/1690 1689/1689/1689
f 1098/1098/1098 2597/2597/2597 2600/2600/2600
f 2597/2597/2597 1098/1098/1098 1689/1689/1689
f 22/22/22 2600/2600/2600 2597/2597/2597
f 1689/1689/1689 2585/2585/2585 1746/1746/1746
f 1746/1746/1746 2585/2585/2585 1741/1741/1741
f 2597/2597/2597 1689/1689/1689 1747/1747/1747
f 1747/1747/1747 1689/1689/1689 1746/1746/1746
f 22/22/22 2597/2597/2597 2596/2596/2596
f 2596/2596/2596 2597/2597/2597 1747/1747/1747
f 1746/1746/1746 1741/1741/1741 1866/1866/1866
f 2554/2554/2554 1866/1866/1866 1741/1741/1741
f 1747/1747/1747 1746/1746/1746 1745/1745/1745
f 1745/1745/1745 1746/1746/1746 1866/1866/1866
f 2596/2596/2596 1747/1747/1747 1867/1867/1867
f 1867/1867/1867 1747/1747/1747 1745/1745/1745
f 2554/2554/2554 2271/2271/2271 1866/1866/1866
f 2001/2001/2001 2271/2271/2271 2554/2554/2554
f 1745/1745/1745 1866/1866/1866 1959/1959/1959
f 2271/2271/2271 1959/1959/1959 1866/1866/1866
f 1867/1867/1867 1745/1745/1745 1326/1326/1326
f 1326/1326/1326 1745/1745/1745 1959/1959/1959
f 2001/2001/2001 2002/2002/2002 2271/2271/2271
f 1646/1646/1646 2002/2002/2002 2001/2001/2001
f 1646/1646/1646 1680/1680/1680 2002/2002/2002
f 2271/2271/2271 2098/2098/2098 1959/1959/1959
f 2002/2002/2002 2098/2098/2098 2271/2271/2271
f 1680/1680/1680 1710/1710/1710 2002/2002/2002
f 2002/2002/2002 1710/1710/1710 2098/2098/2098
f 1680/1680/1680 1711/1711/1711 1710/1710/1710
f 2098/2098/2098 2097/2097/2097 1959/1959/1959
f 1326/1326/1326 1959/1959/1959 2097/2097/2097
f 1710/1710/1710 2500/2500/2500 2098/2098/2098
f 2098/2098/2098 2500/2500/2500 2097/2097/2097
f 1711/1711/1711 1488/1488/1488 1710/1710/1710
f 1710/1710/1710 1488/1488/1488 2500/2500/2500
f 1711/1711/1711 1490/1490/1490 1488/1488/1488
f 2500/2500/2500 495/495/495 2097/2097/2097
f 1490/1490/1490 1489/1489/1489 1488/1488/1488
f 1490/1490/1490 1953/1953/1953 1489/1489/1489
f 1488/1488/1488 497/497/497 2500/2500/2500
f 1488/1488/1488 1489/1489/1489 497/497/497
f 2500/2500/2500 497/497/497 495/495/495
f 1953/1953/1953 1817/1817/1817 1489/1489/1489
f 1953/1953/1953 489/489/489 1817/1817/1817
f 489/489/489 1818/1818/1818 1817/1817/1817
f 1489/1489/1489 2039/2039/2039 497/497/497
f 1489/1489/1489 1817/1817/1817 2039/2039/2039
f 497/497/497 496/496/496 495/495/495
f 497/497/497 2039/2039/2039 496/496/496
f 1817/1817/1817 1818/1818/1818 2343/2343/2343
f 1817/1817/1817 2343/2343/2343 2039/2039/2039
f 1325/1325/1325 2097/2097/2097 495/495/495
f 1325/1325/1325 1326/1326/1326 2097/2097/2097
f 2039/2039/2039 2343/2343/2343 2029/2029/2029
f 2039/2039/2039 2029/2029/2029 496/496/496
f 1818/1818/1818 2344/2344/2344 2343/2343/2343
f 1818/1818/1818 2719/2719/2719 2344/2344/2344
f 1051/1051/1051 495/495/495 496/496/496
f 1051/1051/1051 1325/1325/1325 495/495/495
f 1050/1050/1050 496/496/496 2029/2029/2029
f 1050/1050/1050 1051/1051/1051 496/496/496
f 2343/2343/2343 2300/2300/2300 2029/2029/2029
f 2343/2343/2343 2344/2344/2344 2300/2300/2300
f 2029/2029/2029 1053/1053/1053 1050/1050/1050
f 2029/2029/2029 2300/2300/2300 1053/1053/1053
f 1052/1052/1052 1051/1051/1051 1050/1050/1050
f 2344/2344/2344 1406/1406/1406 2300/2300/2300
f 1122/1122/1122 1325/1325/1325 1051/1051/1051
f 1052/1052/1052 1122/1122/1122 1051/1051/1051
f 1327/1327/1327 1326/1326/1326 1325/1325/1325
f 1122/1122/1122 1327/1327/1327 1325/1325/1325
f 1327/1327/1327 1867/1867/1867 1326/1326/1326
f 1054/1054/1054 1052/1052/1052 1050/1050/1050
f 1054/1054/1054 1050/1050/1050 1053/1053/1053
f 21/21/21 1867/1867/1867 1327/1327/1327
f 21/21/21 2596/2596/2596 1867/1867/1867
f 1121/1121/1121 1327/1327/1327 1122/1122/1122
f 1121/1121/1121 21/21/21 1327/1327/1327
f 1122/1122/1122 1052/1052/1052 1049/1049/1049
f 1122/1122/1122 1049/1049/1049 1121/1121/1121
f 2596/2596/2596 21/21/21 19/19/19
f 2596/2596/2596 19/19/19 22/22/22
f 23/23/23 22/22/22 19/19/19
f 21/21/21 1121/1121/1121 20/20/20
f 21/21/21 20/20/20 19/19/19
f 19/19/19 1101/1101/1101 23/23/23
f 19/19/19 20/20/20 1101/1101/1101
f 484/484/484 23/23/23 1101/1101/1101
f 1121/1121/1121 1047/1047/1047 20/20/20
f 1121/1121/1121 1049/1049/1049 1047/1047/1047
f 20/20/20 1102/1102/1102 1101/1101/1101
f 20/20/20 1047/1047/1047 1102/1102/1102
f 1101/1101/1101 483/483/483 484/484/484
f 1101/1101/1101 1102/1102/1102 483/483/483
f 485/485/485 484/484/484 483/483/483
f 1047/1047/1047 1124/1124/1124 1102/1102/1102
f 483/483/483 626/626/626 485/485/485
f 485/485/485 626/626/626 1103/1103/1103
f 2780/2780/2780 483/483/483 1102/1102/1102
f 483/483/483 2780/2780/2780 626/626/626
f 2780/2780/2780 1102/1102/1102 1124/1124/1124
f 2378/2378/2378 1103/1103/1103 626/626/626
f 625/625/625 2780/2780/2780 1124/1124/1124
f 626/626/626 2780/2780/2780 625/625/625
f 2378/2378/2378 626/626/626 166/166/166
f 626/626/626 625/625/625 166/166/166
f 2378/2378/2378 166/166/166 164/164/164
f 1047/1047/1047 1048/1048/1048 1124/1124/1124
f 1049/1049/1049 1048/1048/1048 1047/1047/1047
f 166/166/166 165/165/165 164/164/164
f 166/166/166 625/625/625 165/165/165
f 625/625/625 1124/1124/1124 1125/1125/1125
f 1048/1048/1048 1125/1125/1125 1124/1124/1124
f 2125/2125/2125 165/165/165 625/625/625
f 2125/2125/2125 625/625/625 1125/1125/1125
f 164/164/164 165/165/165 1358/1358/1358
f 164/164/164 1358/1358/1358 1885/1885/1885
f 1885/1885/1885 1358/1358/1358 1697/1697/1697
f 1358/1358/1358 1542/1542/1542 1697/1697/1697
f 165/165/165 1359/1359/1359 1358/1358/1358
f 1358/1358/1358 1359/1359/1359 1542/1542/1542
f 165/165/165 2125/2125/2125 1359/1359/1359
f 1543/1543/1543 1542/1542/1542 1359/1359/1359
f 1543/1543/1543 2213/2213/2213 1542/1542/1542
f 1359/1359/1359 2125/2125/2125 2587/2587/2587
f 1359/1359/1359 2587/2587/2587 1543/1543/1543
f 2729/2729/2729 2125/2125/2125 1125/1125/1125
f 2729/2729/2729 2587/2587/2587 2125/2125/2125
f 1048/1048/1048 2729/2729/2729 1125/1125/1125
f 1543/1543/1543 2587/2587/2587 1955/1955/1955
f 1954/1954/1954 2587/2587/2587 2729/2729/2729
f 1954/1954/1954 1955/1955/1955 2587/2587/2587
f 1126/1126/1126 2729/2729/2729 1048/1048/1048
f 1126/1126/1126 1954/1954/1954 2729/2729/2729
f 1049/1049/1049 1118/1118/1118 1048/1048/1048
f 1118/1118/1118 1126/1126/1126 1048/1048/1048
f 1052/1052/1052 1118/1118/1118 1049/1049/1049
f 1052/1052/1052 1054/1054/1054 1118/1118/1118
f 1118/1118/1118 1123/1123/1123 1126/1126/1126
f 1054/1054/1054 1123/1123/1123 1118/1118/1118
f 285/285/285 1954/1954/1954 1126/1126/1126
f 1123/1123/1123 285/285/285 1126/1126/1126
f 1054/1054/1054 1120/1120/1120 1123/1123/1123
f 1120/1120/1120 1054/1054/1054 1053/1053/1053
f 1123/1123/1123 287/287/287 285/285/285
f 1120/1120/1120 287/287/287 1123/1123/1123
f 285/285/285 1956/1956/1956 1954/1954/1954
f 1956/1956/1956 1955/1955/1955 1954/1954/1954
f 1120/1120/1120 1053/1053/1053 1119/1119/1119
f 1119/1119/1119 1053/1053/1053 2300/2300/2300
f 1119/1119/1119 2300/2300/2300 1406/1406/1406
f 1119/1119/1119 2688/2688/2688 1120/1120/1120
f 1120/1120/1120 2688/2688/2688 287/287/287
f 1406/1406/1406 129/129/129 1119/1119/1119
f 1119/1119/1119 129/129/129 2688/2688/2688
f 287/287/287 286/286/286 285/285/285
f 1956/1956/1956 285/285/285 286/286/286
f 287/287/287 2688/2688/2688 1152/1152/1152
f 130/130/130 2688/2688/2688 129/129/129
f 130/130/130 1152/1152/1152 2688/2688/2688
f 1406/1406/1406 131/131/131 129/129/129
f 131/131/131 130/130/130 129/129/129
f 287/287/287 1152/1152/1152 1151/1151/1151
f 287/287/287 1151/1151/1151 286/286/286
f 1151/1151/1151 1152/1152/1152 1150/1150/1150
f 1152/1152/1152 130/130/130 1150/1150/1150
f 286/286/286 1151/1151/1151 1149/1149/1149
f 1151/1151/1151 1150/1150/1150 1149/1149/1149
f 1426/1426/1426 131/131/131 1406/1406/1406
f 2344/2344/2344 1426/1426/1426 1406/1406/1406
f 2719/2719/2719 1426/1426/1426 2344/2344/2344
f 286/286/286 1149/1149/1149 1056/1056/1056
f 2719/2719/2719 2720/2720/2720 1426/1426/1426
f 1736/1736/1736 2720/2720/2720 2719/2719/2719
f 1736/1736/1736 2094/2094/2094 2720/2720/2720
f 1426/1426/1426 2753/2753/2753 131/131/131
f 2720/2720/2720 2753/2753/2753 1426/1426/1426
f 2094/2094/2094 2712/2712/2712 2720/2720/2720
f 2720/2720/2720 2712/2712/2712 2753/2753/2753
f 2094/2094/2094 2444/2444/2444 2712/2712/2712
f 2753/2753/2753 2764/2764/2764 131/131/131
f 131/131/131 2764/2764/2764 130/130/130
f 2712/2712/2712 2754/2754/2754 2753/2753/2753
f 2753/2753/2753 2754/2754/2754 2764/2764/2764
f 2444/2444/2444 2434/2434/2434 2712/2712/2712
f 2712/2712/2712 2434/2434/2434 2754/2754/2754
f 2444/2444/2444 2435/2435/2435 2434/2434/2434
f 2435/2435/2435 2367/2367/2367 2434/2434/2434
f 2754/2754/2754 2545/2545/2545 2764/2764/2764
f 130/130/130 2764/2764/2764 2545/2545/2545
f 2434/2434/2434 2578/2578/2578 2754/2754/2754
f 2434/2434/2434 2367/2367/2367 2578/2578/2578
f 2754/2754/2754 2578/2578/2578 2545/2545/2545
f 2752/2752/2752 2578/2578/2578 2367/2367/2367
f 130/130/130 2545/2545/2545 140/140/140
f 140/140/140 1150/1150/1150 130/130/130
f 2578/2578/2578 139/139/139 2545/2545/2545
f 2578/2578/2578 2752/2752/2752 139/139/139
f 140/140/140 2545/2545/2545 139/139/139
f 2752/2752/2752 4/4/4 139/139/139
f 138/138/138 1150/1150/1150 140/140/140
f 140/140/140 139/139/139 138/138/138
f 138/138/138 1149/1149/1149 1150/1150/1150
f 138/138/138 139/139/139 4/4/4
f 138/138/138 1056/1056/1056 1149/1149/1149
f 138/138/138 4/4/4 344/344/344
f 138/138/138 344/344/344 1056/1056/1056
f 344/344/344 4/4/4 5/5/5
f 345/345/345 1056/1056/1056 344/344/344
f 344/344/344 5/5/5 343/343/343
f 345/345/345 344/344/344 343/343/343
f 1056/1056/1056 1055/1055/1055 286/286/286
f 1056/1056/1056 345/345/345 1055/1055/1055
f 1956/1956/1956 286/286/286 1055/1055/1055
f 390/390/390 343/343/343 5/5/5
f 5/5/5 389/389/389 390/390/390
f 1055/1055/1055 668/668/668 1956/1956/1956
f 1956/1956/1956 668/668/668 1955/1955/1955
f 345/345/345 2026/2026/2026 1055/1055/1055
f 1055/1055/1055 2026/2026/2026 668/668/668
f 343/343/343 2345/2345/2345 345/345/345
f 345/345/345 2345/2345/2345 2026/2026/2026
f 669/669/669 1955/1955/1955 668/668/668
f 1543/1543/1543 1955/1955/1955 669/669/669
f 669/669/669 2213/2213/2213 1543/1543/1543
f 667/667/667 668/668/668 2026/2026/2026
f 669/669/669 668/668/668 667/667/667
f 669/669/669 2207/2207/2207 2213/2213/2213
f 2207/2207/2207 669/669/669 667/667/667
f 1836/1836/1836 2213/2213/2213 2207/2207/2207
f 667/667/667 2026/2026/2026 2025/2025/2025
f 2345/2345/2345 2025/2025/2025 2026/2026/2026
f 2207/2207/2207 667/667/667 2206/2206/2206
f 2025/2025/2025 2206/2206/2206 667/667/667
f 1909/1909/1909 1836/1836/1836 2207/2207/2207
f 1909/1909/1909 2207/2207/2207 2206/2206/2206
f 1311/1311/1311 1836/1836/1836 1909/1909/1909
f 2025/2025/2025 2115/2115/2115 2206/2206/2206
f 1310/1310/1310 1311/1311/1311 1909/1909/1909
f 1312/1312/1312 1311/1311/1311 1310/1310/1310
f 2474/2474/2474 1909/1909/1909 2206/2206/2206
f 1310/1310/1310 1909/1909/1909 2474/2474/2474
f 2474/2474/2474 2206/2206/2206 2115/2115/2115
f 1310/1310/1310 2284/2284/2284 1312/1312/1312
f 1578/1578/1578 1312/1312/1312 2284/2284/2284
f 1759/1759/1759 1578/1578/1578 2284/2284/2284
f 2475/2475/2475 1310/1310/1310 2474/2474/2474
f 1310/1310/1310 2475/2475/2475 2284/2284/2284
f 1759/1759/1759 2284/2284/2284 1748/1748/1748
f 2475/2475/2475 1748/1748/1748 2284/2284/2284
f 1748/1748/1748 1760/1760/1760 1759/1759/1759
f 2475/2475/2475 2474/2474/2474 1343/1343/1343
f 1343/1343/1343 2474/2474/2474 2115/2115/2115
f 2475/2475/2475 109/109/109 1748/1748/1748
f 109/109/109 2475/2475/2475 1343/1343/1343
f 1748/1748/1748 1649/1649/1649 1760/1760/1760
f 109/109/109 1649/1649/1649 1748/1748/1748
f 2115/2115/2115 2025/2025/2025 2346/2346/2346
f 2345/2345/2345 2346/2346/2346 2025/2025/2025
f 1343/1343/1343 2115/2115/2115 2114/2114/2114
f 2115/2115/2115 2346/2346/2346 2114/2114/2114
f 2347/2347/2347 2346/2346/2346 2345/2345/2345
f 343/343/343 2347/2347/2347 2345/2345/2345
f 390/390/390 2347/2347/2347 343/343/343
f 1571/1571/1571 2114/2114/2114 2346/2346/2346
f 2347/2347/2347 1571/1571/1571 2346/2346/2346
f 1572/1572/1572 1343/1343/1343 2114/2114/2114
f 1571/1571/1571 1572/1572/1572 2114/2114/2114
f 2347/2347/2347 1573/1573/1573 1571/1571/1571
f 2347/2347/2347 390/390/390 1573/1573/1573
f 1573/1573/1573 1572/1572/1572 1571/1571/1571
f 391/391/391 1573/1573/1573 390/390/390
f 391/391/391 390/390/390 389/389/389
f 1638/1638/1638 391/391/391 389/389/389
f 1573/1573/1573 1342/1342/1342 1572/1572/1572
f 391/391/391 1342/1342/1342 1573/1573/1573
f 1572/1572/1572 111/111/111 1343/1343/1343
f 111/111/111 1572/1572/1572 1342/1342/1342
f 109/109/109 1343/1343/1343 111/111/111
f 391/391/391 1638/1638/1638 1637/1637/1637
f 1638/1638/1638 213/213/213 1637/1637/1637
f 111/111/111 110/110/110 109/109/109
f 109/109/109 110/110/110 1649/1649/1649
f 391/391/391 1637/1637/1637 2663/2663/2663
f 391/391/391 2663/2663/2663 1342/1342/1342
f 1637/1637/1637 213/213/213 1740/1740/1740
f 213/213/213 828/828/828 1740/1740/1740
f 1739/1739/1739 2663/2663/2663 1637/1637/1637
f 1637/1637/1637 1740/1740/1740 1739/1739/1739
f 1342/1342/1342 2663/2663/2663 2458/2458/2458
f 1739/1739/1739 2458/2458/2458 2663/2663/2663
f 111/111/111 1342/1342/1342 1341/1341/1341
f 1342/1342/1342 2458/2458/2458 1341/1341/1341
f 111/111/111 1341/1341/1341 110/110/110
f 2459/2459/2459 2458/2458/2458 1739/1739/1739
f 1740/1740/1740 2459/2459/2459 1739/1739/1739
f 2652/2652/2652 1341/1341/1341 2458/2458/2458
f 2652/2652/2652 110/110/110 1341/1341/1341
f 2459/2459/2459 2652/2652/2652 2458/2458/2458
f 828/828/828 2602/2602/2602 1740/1740/1740
f 1740/1740/1740 2602/2602/2602 2459/2459/2459
f 828/828/828 464/464/464 2602/2602/2602
f 2513/2513/2513 2602/2602/2602 464/464/464
f 2602/2602/2602 2298/2298/2298 2459/2459/2459
f 2602/2602/2602 2513/2513/2513 2298/2298/2298
f 2298/2298/2298 2652/2652/2652 2459/2459/2459
f 110/110/110 2652/2652/2652 1648/1648/1648
f 2298/2298/2298 1648/1648/1648 2652/2652/2652
f 110/110/110 1648/1648/1648 1649/1649/1649
f 2513/2513/2513 2461/2461/2461 2298/2298/2298
f 2513/2513/2513 2695/2695/2695 2461/2461/2461
f 2695/2695/2695 2462/2462/2462 2461/2461/2461
f 2298/2298/2298 1650/1650/1650 1648/1648/1648
f 2298/2298/2298 2461/2461/2461 1650/1650/1650
f 1650/1650/1650 1649/1649/1649 1648/1648/1648
f 2462/2462/2462 1650/1650/1650 2461/2461/2461
f 1650/1650/1650 1760/1760/1760 1649/1649/1649
f 2462/2462/2462 2286/2286/2286 1650/1650/1650
f 1760/1760/1760 1650/1650/1650 2286/2286/2286
f 9/9/9 8/8/8 7/7/7
f 9/9/9 7/7/7 2522/2522/2522
f 7/7/7 8/8/8 1754/1754/1754
f 9/9/9 2522/2522/2522 1262/1262/1262
f 7/7/7 1754/1754/1754 2759/2759/2759
f 1938/1938/1938 2522/2522/2522 7/7/7
f 1938/1938/1938 7/7/7 2759/2759/2759
f 1939/1939/1939 1262/1262/1262 2522/2522/2522
f 1939/1939/1939 2522/2522/2522 1938/1938/1938
f 1938/1938/1938 2759/2759/2759 1963/1963/1963
f 1938/1938/1938 1963/1963/1963 2516/2516/2516
f 1963/1963/1963 2759/2759/2759 1962/1962/1962
f 1962/1962/1962 2759/2759/2759 1754/1754/1754
f 1963/1963/1963 1962/1962/1962 349/349/349
f 1937/1937/1937 1938/1938/1938 2516/2516/2516
f 1939/1939/1939 1938/1938/1938 1937/1937/1937
f 1937/1937/1937 2516/2516/2516 2421/2421/2421
f 965/965/965 1937/1937/1937 2421/2421/2421
f 965/965/965 2421/2421/2421 2420/2420/2420
f 965/965/965 2420/2420/2420 964/964/964
f 2529/2529/2529 1939/1939/1939 1937/1937/1937
f 2529/2529/2529 1937/1937/1937 965/965/965
f 965/965/965 964/964/964 963/963/963
f 963/963/963 2529/2529/2529 965/965/965
f 2267/2267/2267 963/963/963 964/964/964
f 2530/2530/2530 1939/1939/1939 2529/2529/2529
f 1939/1939/1939 2530/2530/2530 1262/1262/1262
f 2267/2267/2267 16/16/16 963/963/963
f 16/16/16 2267/2267/2267 2270/2270/2270
f 963/963/963 2266/2266/2266 2529/2529/2529
f 2266/2266/2266 963/963/963 16/16/16
f 2530/2530/2530 2529/2529/2529 961/961/961
f 961/961/961 2529/2529/2529 2266/2266/2266
f 16/16/16 2270/2270/2270 18/18/18
f 338/338/338 18/18/18 2270/2270/2270
f 2266/2266/2266 16/16/16 17/17/17
f 18/18/18 17/17/17 16/16/16
f 961/961/961 2266/2266/2266 2354/2354/2354
f 17/17/17 2354/2354/2354 2266/2266/2266
f 476/476/476 2530/2530/2530 961/961/961
f 2530/2530/2530 474/474/474 1262/1262/1262
f 2530/2530/2530 476/476/476 474/474/474
f 2354/2354/2354 960/960/960 961/961/961
f 476/476/476 961/961/961 960/960/960
f 1262/1262/1262 474/474/474 1261/1261/1261
f 1262/1262/1262 1261/1261/1261 9/9/9
f 476/476/476 475/475/475 474/474/474
f 2088/2088/2088 9/9/9 1261/1261/1261
f 9/9/9 2088/2088/2088 8/8/8
f 474/474/474 2037/2037/2037 1261/1261/1261
f 474/474/474 475/475/475 2037/2037/2037
f 2088/2088/2088 1261/1261/1261 2036/2036/2036
f 2037/2037/2037 2036/2036/2036 1261/1261/1261
f 476/476/476 2598/2598/2598 475/475/475
f 960/960/960 2598/2598/2598 476/476/476
f 2037/2037/2037 475/475/475 2519/2519/2519
f 2598/2598/2598 2519/2519/2519 475/475/475
f 2037/2037/2037 712/712/712 2036/2036/2036
f 2037/2037/2037 2519/2519/2519 712/712/712
f 2036/2036/2036 2089/2089/2089 2088/2088/2088
f 2598/2598/2598 1579/1579/1579 2519/2519/2519
f 1853/1853/1853 8/8/8 2088/2088/2088
f 1853/1853/1853 2088/2088/2088 2089/2089/2089
f 960/960/960 325/325/325 2598/2598/2598
f 1579/1579/1579 2598/2598/2598 325/325/325
f 8/8/8 1853/1853/1853 1755/1755/1755
f 8/8/8 1755/1755/1755 1754/1754/1754
f 1797/1797/1797 325/325/325 960/960/960
f 2354/2354/2354 1797/1797/1797 960/960/960
f 1755/1755/1755 2770/2770/2770 1754/1754/1754
f 1962/1962/1962 1754/1754/1754 2770/2770/2770
f 1304/1304/1304 1755/1755/1755 1853/1853/1853
f 1304/1304/1304 1853/1853/1853 2089/2089/2089
f 1755/1755/1755 2479/2479/2479 2770/2770/2770
f 2036/2036/2036 2394/2394/2394 2089/2089/2089
f 712/712/712 2394/2394/2394 2036/2036/2036
f 1962/1962/1962 2770/2770/2770 2441/2441/2441
f 2441/2441/2441 2770/2770/2770 2479/2479/2479
f 687/687/687 2089/2089/2089 2394/2394/2394
f 1304/1304/1304 2089/2089/2089 687/687/687
f 1962/1962/1962 2441/2441/2441 882/882/882
f 882/882/882 349/349/349 1962/1962/1962
f 1304/1304/1304 2299/2299/2299 1755/1755/1755
f 2479/2479/2479 1755/1755/1755 2299/2299/2299
f 882/882/882 351/351/351 349/349/349
f 351/351/351 350/350/350 349/349/349
f 1965/1965/1965 882/882/882 2441/2441/2441
f 351/351/351 117/117/117 350/350/350
f 840/840/840 350/350/350 117/117/117
f 883/883/883 351/351/351 882/882/882
f 1965/1965/1965 883/883/883 882/882/882
f 805/805/805 117/117/117 351/351/351
f 883/883/883 805/805/805 351/351/351
f 2441/2441/2441 2479/2479/2479 2480/2480/2480
f 2480/2480/2480 1965/1965/1965 2441/2441/2441
f 1966/1966/1966 805/805/805 883/883/883
f 1966/1966/1966 883/883/883 1965/1965/1965
f 2481/2481/2481 2480/2480/2480 2479/2479/2479
f 2479/2479/2479 2299/2299/2299 2481/2481/2481
f 2480/2480/2480 44/44/44 1965/1965/1965
f 2187/2187/2187 2481/2481/2481 2299/2299/2299
f 1966/1966/1966 1965/1965/1965 1184/1184/1184
f 44/44/44 1184/1184/1184 1965/1965/1965
f 2481/2481/2481 43/43/43 2480/2480/2480
f 44/44/44 2480/2480/2480 43/43/43
f 2187/2187/2187 2320/2320/2320 2481/2481/2481
f 43/43/43 2481/2481/2481 2320/2320/2320
f 2299/2299/2299 1302/1302/1302 2187/2187/2187
f 2299/2299/2299 1304/1304/1304 1302/1302/1302
f 2320/2320/2320 2187/2187/2187 670/670/670
f 1304/1304/1304 1303/1303/1303 1302/1302/1302
f 1304/1304/1304 687/687/687 1303/1303/1303
f 2188/2188/2188 2187/2187/2187 1302/1302/1302
f 2188/2188/2188 670/670/670 2187/2187/2187
f 1302/1302/1302 1303/1303/1303 2473/2473/2473
f 1302/1302/1302 2473/2473/2473 2188/2188/2188
f 688/688/688 1303/1303/1303 687/687/687
f 2576/2576/2576 2473/2473/2473 1303/1303/1303
f 2576/2576/2576 1303/1303/1303 688/688/688
f 2188/2188/2188 2473/2473/2473 2147/2147/2147
f 688/688/688 687/687/687 35/35/35
f 687/687/687 2394/2394/2394 35/35/35
f 2473/2473/2473 2576/2576/2576 2146/2146/2146
f 2473/2473/2473 2146/2146/2146 2147/2147/2147
f 35/35/35 2394/2394/2394 34/34/34
f 712/712/712 34/34/34 2394/2394/2394
f 2188/2188/2188 2147/2147/2147 2642/2642/2642
f 670/670/670 2188/2188/2188 2642/2642/2642
f 712/712/712 711/711/711 34/34/34
f 712/712/712 2519/2519/2519 711/711/711
f 711/711/711 2519/2519/2519 1579/1579/1579
f 35/35/35 34/34/34 33/33/33
f 711/711/711 1579/1579/1579 1580/1580/1580
f 747/747/747 33/33/33 34/34/34
f 747/747/747 34/34/34 711/711/711
f 608/608/608 35/35/35 33/33/33
f 608/608/608 688/688/688 35/35/35
f 2541/2541/2541 33/33/33 747/747/747
f 2541/2541/2541 608/608/608 33/33/33
f 711/711/711 845/845/845 747/747/747
f 711/711/711 1580/1580/1580 845/845/845
f 2195/2195/2195 688/688/688 608/608/608
f 2195/2195/2195 2576/2576/2576 688/688/688
f 326/326/326 1580/1580/1580 1579/1579/1579
f 1579/1579/1579 325/325/325 326/326/326
f 845/845/845 1580/1580/1580 1647/1647/1647
f 326/326/326 1647/1647/1647 1580/1580/1580
f 327/327/327 326/326/326 325/325/325
f 1797/1797/1797 327/327/327 325/325/325
f 737/737/737 1647/1647/1647 326/326/326
f 327/327/327 737/737/737 326/326/326
f 845/845/845 1647/1647/1647 847/847/847
f 1797/1797/1797 738/738/738 327/327/327
f 738/738/738 737/737/737 327/327/327
f 846/846/846 747/747/747 845/845/845
f 847/847/847 846/846/846 845/845/845
f 846/846/846 2541/2541/2541 747/747/747
f 737/737/737 1356/1356/1356 1647/1647/1647
f 1356/1356/1356 847/847/847 1647/1647/1647
f 738/738/738 1355/1355/1355 737/737/737
f 1356/1356/1356 737/737/737 1355/1355/1355
f 1797/1797/1797 2288/2288/2288 738/738/738
f 2354/2354/2354 2288/2288/2288 1797/1797/1797
f 1356/1356/1356 1355/1355/1355 1354/1354/1354
f 2354/2354/2354 1467/1467/1467 2288/2288/2288
f 17/17/17 1467/1467/1467 2354/2354/2354
f 1356/1356/1356 770/770/770 847/847/847
f 1354/1354/1354 770/770/770 1356/1356/1356
f 1466/1466/1466 1467/1467/1467 17/17/17
f 65/65/65 847/847/847 770/770/770
f 847/847/847 65/65/65 846/846/846
f 1468/1468/1468 2288/2288/2288 1467/1467/1467
f 1468/1468/1468 1467/1467/1467 1466/1466/1466
f 2288/2288/2288 2287/2287/2287 738/738/738
f 2288/2288/2288 1468/1468/1468 2287/2287/2287
f 738/738/738 2560/2560/2560 1355/1355/1355
f 738/738/738 2287/2287/2287 2560/2560/2560
f 2560/2560/2560 1354/1354/1354 1355/1355/1355
f 1468/1468/1468 1709/1709/1709 2287/2287/2287
f 1709/1709/1709 2560/2560/2560 2287/2287/2287
f 1466/1466/1466 1663/1663/1663 1468/1468/1468
f 1468/1468/1468 1663/1663/1663 1709/1709/1709
f 1466/1466/1466 17/17/17 2143/2143/2143
f 18/18/18 2143/2143/2143 17/17/17
f 1466/1466/1466 2482/2482/2482 1663/1663/1663
f 2143/2143/2143 2482/2482/2482 1466/1466/1466
f 18/18/18 2144/2144/2144 2143/2143/2143
f 2143/2143/2143 2144/2144/2144 2482/2482/2482
f 18/18/18 1940/1940/1940 2144/2144/2144
f 338/338/338 1940/1940/1940 18/18/18
f 2265/2265/2265 2482/2482/2482 2144/2144/2144
f 339/339/339 1940/1940/1940 338/338/338
f 339/339/339 338/338/338 295/295/295
f 2569/2569/2569 2144/2144/2144 1940/1940/1940
f 2569/2569/2569 2265/2265/2265 2144/2144/2144
f 1941/1941/1941 1940/1940/1940 339/339/339
f 1941/1941/1941 2569/2569/2569 1940/1940/1940
f 2265/2265/2265 1662/1662/1662 2482/2482/2482
f 1663/1663/1663 2482/2482/2482 1662/1662/1662
f 2265/2265/2265 2569/2569/2569 1283/1283/1283
f 1663/1663/1663 1662/1662/1662 1309/1309/1309
f 1309/1309/1309 1709/1709/1709 1663/1663/1663
f 1284/1284/1284 1662/1662/1662 2265/2265/2265
f 2265/2265/2265 1283/1283/1283 1284/1284/1284
f 1309/1309/1309 2448/2448/2448 1709/1709/1709
f 1709/1709/1709 2448/2448/2448 2560/2560/2560
f 1309/1309/1309 1662/1662/1662 1308/1308/1308
f 1284/1284/1284 1308/1308/1308 1662/1662/1662
f 1307/1307/1307 2448/2448/2448 1309/1309/1309
f 1309/1309/1309 1308/1308/1308 1307/1307/1307
f 1200/1200/1200 2560/2560/2560 2448/2448/2448
f 1307/1307/1307 1200/1200/1200 2448/2448/2448
f 1620/1620/1620 1308/1308/1308 1284/1284/1284
f 1200/1200/1200 1520/1520/1520 2560/2560/2560
f 2560/2560/2560 1520/1520/1520 1354/1354/1354
f 1621/1621/1621 1307/1307/1307 1308/1308/1308
f 1620/1620/1620 1621/1621/1621 1308/1308/1308
f 1200/1200/1200 1307/1307/1307 1199/1199/1199
f 1621/1621/1621 1199/1199/1199 1307/1307/1307
f 1520/1520/1520 1200/1200/1200 659/659/659
f 1200/1200/1200 1199/1199/1199 659/659/659
f 1520/1520/1520 772/772/772 1354/1354/1354
f 1354/1354/1354 772/772/772 770/770/770
f 1520/1520/1520 659/659/659 660/660/660
f 1520/1520/1520 660/660/660 772/772/772
f 1207/1207/1207 659/659/659 1199/1199/1199
f 772/772/772 771/771/771 770/770/770
f 65/65/65 770/770/770 771/771/771
f 661/661/661 660/660/660 659/659/659
f 1207/1207/1207 661/661/661 659/659/659
f 772/772/772 660/660/660 1462/1462/1462
f 661/661/661 1462/1462/1462 660/660/660
f 772/772/772 1696/1696/1696 771/771/771
f 772/772/772 1462/1462/1462 1696/1696/1696
f 65/65/65 771/771/771 64/64/64
f 771/771/771 1696/1696/1696 1350/1350/1350
f 771/771/771 1350/1350/1350 64/64/64
f 1460/1460/1460 1696/1696/1696 1462/1462/1462
f 1460/1460/1460 1350/1350/1350 1696/1696/1696
f 1462/1462/1462 661/661/661 1461/1461/1461
f 1462/1462/1462 1461/1461/1461 1460/1460/1460
f 661/661/661 1448/1448/1448 1461/1461/1461
f 661/661/661 1207/1207/1207 1448/1448/1448
f 501/501/501 1460/1460/1460 1461/1461/1461
f 1448/1448/1448 501/501/501 1461/1461/1461
f 1350/1350/1350 1460/1460/1460 155/155/155
f 501/501/501 155/155/155 1460/1460/1460
f 1350/1350/1350 155/155/155 156/156/156
f 156/156/156 64/64/64 1350/1350/1350
f 501/501/501 157/157/157 155/155/155
f 157/157/157 156/156/156 155/155/155
f 65/65/65 64/64/64 63/63/63
f 63/63/63 846/846/846 65/65/65
f 156/156/156 1445/1445/1445 64/64/64
f 1445/1445/1445 63/63/63 64/64/64
f 63/63/63 1998/1998/1998 846/846/846
f 1998/1998/1998 2541/2541/2541 846/846/846
f 1445/1445/1445 1349/1349/1349 63/63/63
f 1349/1349/1349 1998/1998/1998 63/63/63
f 1912/1912/1912 1445/1445/1445 156/156/156
f 157/157/157 1912/1912/1912 156/156/156
f 1349/1349/1349 1445/1445/1445 1348/1348/1348
f 1912/1912/1912 1348/1348/1348 1445/1445/1445
f 1998/1998/1998 1999/1999/1999 2541/2541/2541
f 1999/1999/1999 608/608/608 2541/2541/2541
f 1999/1999/1999 2195/2195/2195 608/608/608
f 1349/1349/1349 1703/1703/1703 1998/1998/1998
f 1703/1703/1703 1999/1999/1999 1998/1998/1998
f 1349/1349/1349 1348/1348/1348 1347/1347/1347
f 1347/1347/1347 1703/1703/1703 1349/1349/1349
f 2195/2195/2195 1999/1999/1999 2102/2102/2102
f 1703/1703/1703 2102/2102/2102 1999/1999/1999
f 1912/1912/1912 1153/1153/1153 1348/1348/1348
f 1347/1347/1347 1348/1348/1348 1153/1153/1153
f 2102/2102/2102 1703/1703/1703 1148/1148/1148
f 1347/1347/1347 1148/1148/1148 1703/1703/1703
f 2195/2195/2195 2102/2102/2102 2194/2194/2194
f 2576/2576/2576 2195/2195/2195 2194/2194/2194
f 2576/2576/2576 2194/2194/2194 2146/2146/2146
f 1148/1148/1148 1347/1347/1347 331/331/331
f 1347/1347/1347 1153/1153/1153 331/331/331
f 2102/2102/2102 1148/1148/1148 1339/1339/1339
f 1339/1339/1339 2194/2194/2194 2102/2102/2102
f 1148/1148/1148 331/331/331 332/332/332
f 332/332/332 1339/1339/1339 1148/1148/1148
f 2146/2146/2146 2194/2194/2194 2046/2046/2046
f 1339/1339/1339 2046/2046/2046 2194/2194/2194
f 2146/2146/2146 2046/2046/2046 2047/2047/2047
f 2047/2047/2047 2147/2147/2147 2146/2146/2146
f 1340/1340/1340 2046/2046/2046 1339/1339/1339
f 1340/1340/1340 2047/2047/2047 2046/2046/2046
f 332/332/332 1338/1338/1338 1339/1339/1339
f 1340/1340/1340 1339/1339/1339 1338/1338/1338
f 2047/2047/2047 2526/2526/2526 2147/2147/2147
f 2526/2526/2526 2642/2642/2642 2147/2147/2147
f 1340/1340/1340 958/958/958 2047/2047/2047
f 2526/2526/2526 2047/2047/2047 958/958/958
f 957/957/957 1340/1340/1340 1338/1338/1338
f 957/957/957 958/958/958 1340/1340/1340
f 1338/1338/1338 332/332/332 2086/2086/2086
f 1338/1338/1338 2086/2086/2086 957/957/957
f 333/333/333 332/332/332 331/331/331
f 333/333/333 2086/2086/2086 332/332/332
f 333/333/333 331/331/331 1153/1153/1153
f 957/957/957 2086/2086/2086 2572/2572/2572
f 2472/2472/2472 2086/2086/2086 333/333/333
f 2472/2472/2472 2572/2572/2572 2086/2086/2086
f 333/333/333 1153/1153/1153 604/604/604
f 2472/2472/2472 333/333/333 604/604/604
f 959/959/959 958/958/958 957/957/957
f 957/957/957 2572/2572/2572 959/959/959
f 2526/2526/2526 958/958/958 2527/2527/2527
f 959/959/959 2527/2527/2527 958/958/958
f 2526/2526/2526 2263/2263/2263 2642/2642/2642
f 2527/2527/2527 2263/2263/2263 2526/2526/2526
f 959/959/959 2572/2572/2572 218/218/218
f 2263/2263/2263 672/672/672 2642/2642/2642
f 670/670/670 2642/2642/2642 672/672/672
f 2527/2527/2527 959/959/959 1004/1004/1004
f 959/959/959 218/218/218 1004/1004/1004
f 2527/2527/2527 1005/1005/1005 2263/2263/2263
f 2527/2527/2527 1004/1004/1004 1005/1005/1005
f 2263/2263/2263 2183/2183/2183 672/672/672
f 1005/1005/1005 2183/2183/2183 2263/2263/2263
f 1005/1005/1005 938/938/938 2183/2183/2183
f 1005/1005/1005 1004/1004/1004 938/938/938
f 2132/2132/2132 672/672/672 2183/2183/2183
f 219/219/219 938/938/938 1004/1004/1004
f 219/219/219 1004/1004/1004 218/218/218
f 219/219/219 566/566/566 938/938/938
f 672/672/672 671/671/671 670/670/670
f 672/672/672 2132/2132/2132 671/671/671
f 2320/2320/2320 670/670/670 671/671/671
f 219/219/219 218/218/218 217/217/217
f 219/219/219 217/217/217 566/566/566
f 671/671/671 2132/2132/2132 1220/1220/1220
f 2132/2132/2132 2131/2131/2131 1220/1220/1220
f 2320/2320/2320 671/671/671 1219/1219/1219
f 671/671/671 1220/1220/1220 1219/1219/1219
f 1220/1220/1220 2131/2131/2131 1776/1776/1776
f 2131/2131/2131 954/954/954 1776/1776/1776
f 2320/2320/2320 1219/1219/1219 844/844/844
f 43/43/43 2320/2320/2320 844/844/844
f 1775/1775/1775 1219/1219/1219 1220/1220/1220
f 1220/1220/1220 1776/1776/1776 1775/1775/1775
f 844/844/844 1219/1219/1219 843/843/843
f 1775/1775/1775 843/843/843 1219/1219/1219
f 842/842/842 43/43/43 844/844/844
f 844/844/844 843/843/843 842/842/842
f 1856/1856/1856 1776/1776/1776 954/954/954
f 955/955/955 1856/1856/1856 954/954/954
f 620/620/620 1775/1775/1775 1776/1776/1776
f 1856/1856/1856 620/620/620 1776/1776/1776
f 621/621/621 843/843/843 1775/1775/1775
f 620/620/620 621/621/621 1775/1775/1775
f 62/62/62 842/842/842 843/843/843
f 621/621/621 62/62/62 843/843/843
f 842/842/842 42/42/42 43/43/43
f 44/44/44 43/43/43 42/42/42
f 62/62/62 1865/1865/1865 842/842/842
f 1865/1865/1865 42/42/42 842/842/842
f 2763/2763/2763 44/44/44 42/42/42
f 44/44/44 2763/2763/2763 1184/1184/1184
f 1865/1865/1865 1681/1681/1681 42/42/42
f 2763/2763/2763 42/42/42 1681/1681/1681
f 60/60/60 1865/1865/1865 62/62/62
f 362/362/362 1184/1184/1184 2763/2763/2763
f 62/62/62 621/621/621 61/61/61
f 62/62/62 61/61/61 60/60/60
f 193/193/193 621/621/621 620/620/620
f 193/193/193 61/61/61 621/621/621
f 60/60/60 190/190/190 1865/1865/1865
f 190/190/190 1681/1681/1681 1865/1865/1865
f 2031/2031/2031 60/60/60 61/61/61
f 1682/1682/1682 2763/2763/2763 1681/1681/1681
f 362/362/362 2763/2763/2763 1682/1682/1682
f 194/194/194 61/61/61 193/193/193
f 194/194/194 2031/2031/2031 61/61/61
f 1857/1857/1857 193/193/193 620/620/620
f 1857/1857/1857 620/620/620 1856/1856/1856
f 193/193/193 762/762/762 194/194/194
f 193/193/193 1857/1857/1857 762/762/762
f 1858/1858/1858 1857/1857/1857 1856/1856/1856
f 955/955/955 1858/1858/1858 1856/1856/1856
f 1596/1596/1596 762/762/762 1857/1857/1857
f 1858/1858/1858 1596/1596/1596 1857/1857/1857
f 762/762/762 2617/2617/2617 194/194/194
f 2031/2031/2031 194/194/194 2617/2617/2617
f 1596/1596/1596 2616/2616/2616 762/762/762
f 762/762/762 2616/2616/2616 2617/2617/2617
f 1858/1858/1858 955/955/955 1930/1930/1930
f 947/947/947 1930/1930/1930 955/955/955
f 1596/1596/1596 1858/1858/1858 582/582/582
f 1858/1858/1858 1930/1930/1930 582/582/582
f 583/583/583 2616/2616/2616 1596/1596/1596
f 1596/1596/1596 582/582/582 583/583/583
f 947/947/947 948/948/948 1930/1930/1930
f 947/947/947 944/944/944 948/948/948
f 953/953/953 582/582/582 1930/1930/1930
f 948/948/948 953/953/953 1930/1930/1930
f 584/584/584 583/583/583 582/582/582
f 953/953/953 584/584/584 582/582/582
f 949/949/949 948/948/948 944/944/944
f 948/948/948 949/949/949 953/953/953
f 949/949/949 944/944/944 950/950/950
f 950/950/950 953/953/953 949/949/949
f 951/951/951 950/950/950 944/944/944
f 951/951/951 944/944/944 905/905/905
f 950/950/950 348/348/348 953/953/953
f 951/951/951 348/348/348 950/950/950
f 953/953/953 346/346/346 584/584/584
f 953/953/953 348/348/348 346/346/346
f 905/905/905 952/952/952 951/951/951
f 951/951/951 1306/1306/1306 348/348/348
f 951/951/951 952/952/952 1306/1306/1306
f 348/348/348 347/347/347 346/346/346
f 348/348/348 1306/1306/1306 347/347/347
f 952/952/952 905/905/905 895/895/895
f 906/906/906 895/895/895 905/905/905
f 946/946/946 1306/1306/1306 952/952/952
f 946/946/946 952/952/952 895/895/895
f 685/685/685 347/347/347 1306/1306/1306
f 685/685/685 1306/1306/1306 946/946/946
f 563/563/563 346/346/346 347/347/347
f 685/685/685 946/946/946 904/904/904
f 895/895/895 904/904/904 946/946/946
f 686/686/686 347/347/347 685/685/685
f 686/686/686 563/563/563 347/347/347
f 685/685/685 904/904/904 2624/2624/2624
f 2624/2624/2624 686/686/686 685/685/685
f 563/563/563 1202/1202/1202 346/346/346
f 584/584/584 346/346/346 1202/1202/1202
f 563/563/563 686/686/686 562/562/562
f 584/584/584 1202/1202/1202 469/469/469
f 584/584/584 469/469/469 583/583/583
f 561/561/561 1202/1202/1202 563/563/563
f 563/563/563 562/562/562 561/561/561
f 469/469/469 1202/1202/1202 468/468/468
f 561/561/561 468/468/468 1202/1202/1202
f 469/469/469 1286/1286/1286 583/583/583
f 583/583/583 1286/1286/1286 2616/2616/2616
f 1286/1286/1286 2617/2617/2617 2616/2616/2616
f 469/469/469 468/468/468 467/467/467
f 469/469/469 467/467/467 1286/1286/1286
f 676/676/676 468/468/468 561/561/561
f 562/562/562 676/676/676 561/561/561
f 1286/1286/1286 1860/1860/1860 2617/2617/2617
f 1860/1860/1860 1286/1286/1286 467/467/467
f 273/273/273 562/562/562 686/686/686
f 2624/2624/2624 273/273/273 686/686/686
f 467/467/467 468/468/468 1864/1864/1864
f 676/676/676 1864/1864/1864 468/468/468
f 273/273/273 274/274/274 562/562/562
f 562/562/562 274/274/274 676/676/676
f 467/467/467 1864/1864/1864 1863/1863/1863
f 1860/1860/1860 467/467/467 1863/1863/1863
f 1864/1864/1864 676/676/676 2672/2672/2672
f 1861/1861/1861 2617/2617/2617 1860/1860/1860
f 2031/2031/2031 2617/2617/2617 1861/1861/1861
f 2745/2745/2745 676/676/676 274/274/274
f 2745/2745/2745 2672/2672/2672 676/676/676
f 275/275/275 274/274/274 273/273/273
f 275/275/275 2745/2745/2745 274/274/274
f 2538/2538/2538 273/273/273 2624/2624/2624
f 2538/2538/2538 275/275/275 273/273/273
f 885/885/885 2538/2538/2538 2624/2624/2624
f 885/885/885 2624/2624/2624 904/904/904
f 31/31/31 275/275/275 2538/2538/2538
f 31/31/31 2538/2538/2538 885/885/885
f 2746/2746/2746 2745/2745/2745 275/275/275
f 31/31/31 2746/2746/2746 275/275/275
f 2746/2746/2746 763/763/763 2745/2745/2745
f 2672/2672/2672 2745/2745/2745 763/763/763
f 32/32/32 2746/2746/2746 31/31/31
f 763/763/763 2746/2746/2746 32/32/32
f 1864/1864/1864 2672/2672/2672 2130/2130/2130
f 2130/2130/2130 1863/1863/1863 1864/1864/1864
f 2672/2672/2672 763/763/763 764/764/764
f 764/764/764 2130/2130/2130 2672/2672/2672
f 763/763/763 32/32/32 765/765/765
f 765/765/765 764/764/764 763/763/763
f 2130/2130/2130 1862/1862/1862 1863/1863/1863
f 764/764/764 2238/2238/2238 2130/2130/2130
f 1862/1862/1862 2130/2130/2130 2238/2238/2238
f 765/765/765 2679/2679/2679 764/764/764
f 2238/2238/2238 764/764/764 2679/2679/2679
f 1863/1863/1863 1862/1862/1862 1859/1859/1859
f 1863/1863/1863 1859/1859/1859 1860/1860/1860
f 1861/1861/1861 1860/1860/1860 1859/1859/1859
f 1862/1862/1862 2238/2238/2238 1653/1653/1653
f 1862/1862/1862 1651/1651/1651 1859/1859/1859
f 1862/1862/1862 1653/1653/1653 1651/1651/1651
f 1859/1859/1859 1702/1702/1702 1861/1861/1861
f 1859/1859/1859 1651/1651/1651 1702/1702/1702
f 2238/2238/2238 2679/2679/2679 2239/2239/2239
f 2239/2239/2239 1653/1653/1653 2238/2238/2238
f 765/765/765 2296/2296/2296 2679/2679/2679
f 2296/2296/2296 2239/2239/2239 2679/2679/2679
f 1265/1265/1265 1861/1861/1861 1702/1702/1702
f 1265/1265/1265 2031/2031/2031 1861/1861/1861
f 2031/2031/2031 1265/1265/1265 60/60/60
f 1265/1265/1265 190/190/190 60/60/60
f 1702/1702/1702 192/192/192 1265/1265/1265
f 1265/1265/1265 192/192/192 190/190/190
f 1651/1651/1651 2662/2662/2662 1702/1702/1702
f 1702/1702/1702 2662/2662/2662 192/192/192
f 1653/1653/1653 1652/1652/1652 1651/1651/1651
f 1651/1651/1651 1652/1652/1652 2662/2662/2662
f 192/192/192 191/191/191 190/190/190
f 190/190/190 191/191/191 1681/1681/1681
f 1682/1682/1682 1681/1681/1681 191/191/191
f 2662/2662/2662 2141/2141/2141 192/192/192
f 192/192/192 2141/2141/2141 191/191/191
f 1652/1652/1652 2177/2177/2177 2662/2662/2662
f 2662/2662/2662 2177/2177/2177 2141/2141/2141
f 2142/2142/2142 1682/1682/1682 191/191/191
f 2142/2142/2142 191/191/191 2141/2141/2141
f 1653/1653/1653 2134/2134/2134 1652/1652/1652
f 2239/2239/2239 2134/2134/2134 1653/1653/1653
f 1652/1652/1652 662/662/662 2177/2177/2177
f 2134/2134/2134 662/662/662 1652/1652/1652
f 2178/2178/2178 2141/2141/2141 2177/2177/2177
f 662/662/662 2178/2178/2178 2177/2177/2177
f 2178/2178/2178 2142/2142/2142 2141/2141/2141
f 2134/2134/2134 2239/2239/2239 2255/2255/2255
f 2296/2296/2296 2255/2255/2255 2239/2239/2239
f 2134/2134/2134 663/663/663 662/662/662
f 2134/2134/2134 2255/2255/2255 663/663/663
f 662/662/662 173/173/173 2178/2178/2178
f 663/663/663 173/173/173 662/662/662
f 174/174/174 2142/2142/2142 2178/2178/2178
f 174/174/174 2178/2178/2178 173/173/173
f 2571/2571/2571 1682/1682/1682 2142/2142/2142
f 174/174/174 2571/2571/2571 2142/2142/2142
f 2571/2571/2571 362/362/362 1682/1682/1682
f 663/663/663 1368/1368/1368 173/173/173
f 2255/2255/2255 1368/1368/1368 663/663/663
f 362/362/362 2571/2571/2571 361/361/361
f 174/174/174 361/361/361 2571/2571/2571
f 1368/1368/1368 172/172/172 173/173/173
f 174/174/174 173/173/173 172/172/172
f 2255/2255/2255 1370/1370/1370 1368/1368/1368
f 2296/2296/2296 1370/1370/1370 2255/2255/2255
f 1368/1368/1368 1369/1369/1369 172/172/172
f 1370/1370/1370 1369/1369/1369 1368/1368/1368
f 578/578/578 174/174/174 172/172/172
f 578/578/578 172/172/172 1369/1369/1369
f 174/174/174 1996/1996/1996 361/361/361
f 578/578/578 1996/1996/1996 174/174/174
f 362/362/362 361/361/361 199/199/199
f 199/199/199 1184/1184/1184 362/362/362
f 199/199/199 1966/1966/1966 1184/1184/1184
f 198/198/198 361/361/361 1996/1996/1996
f 198/198/198 199/199/199 361/361/361
f 200/200/200 1966/1966/1966 199/199/199
f 200/200/200 199/199/199 198/198/198
f 1966/1966/1966 200/200/200 805/805/805
f 1996/1996/1996 379/379/379 198/198/198
f 1996/1996/1996 578/578/578 379/379/379
f 380/380/380 200/200/200 198/198/198
f 380/380/380 198/198/198 379/379/379
f 200/200/200 119/119/119 805/805/805
f 200/200/200 380/380/380 119/119/119
f 805/805/805 119/119/119 117/117/117
f 447/447/447 380/380/380 379/379/379
f 119/119/119 118/118/118 117/117/117
f 840/840/840 117/117/117 118/118/118
f 2393/2393/2393 119/119/119 380/380/380
f 119/119/119 2393/2393/2393 118/118/118
f 2393/2393/2393 380/380/380 447/447/447
f 841/841/841 840/840/840 118/118/118
f 841/841/841 2264/2264/2264 840/840/840
f 2392/2392/2392 118/118/118 2393/2393/2393
f 2392/2392/2392 841/841/841 118/118/118
f 2393/2393/2393 447/447/447 2391/2391/2391
f 2393/2393/2393 2391/2391/2391 2392/2392/2392
f 246/246/246 2264/2264/2264 841/841/841
f 246/246/246 244/244/244 2264/2264/2264
f 246/246/246 245/245/245 244/244/244
f 2581/2581/2581 841/841/841 2392/2392/2392
f 2581/2581/2581 246/246/246 841/841/841
f 29/29/29 2392/2392/2392 2391/2391/2391
f 29/29/29 2581/2581/2581 2392/2392/2392
f 246/246/246 2260/2260/2260 245/245/245
f 2260/2260/2260 246/246/246 2581/2581/2581
f 1906/1906/1906 245/245/245 2260/2260/2260
f 245/245/245 1906/1906/1906 881/881/881
f 2260/2260/2260 2581/2581/2581 807/807/807
f 1901/1901/1901 881/881/881 1906/1906/1906
f 1901/1901/1901 2262/2262/2262 881/881/881
f 1901/1901/1901 1900/1900/1900 2262/2262/2262
f 2581/2581/2581 27/27/27 807/807/807
f 2581/2581/2581 29/29/29 27/27/27
f 808/808/808 2260/2260/2260 807/807/807
f 27/27/27 806/806/806 807/807/807
f 808/808/808 807/807/807 806/806/806
f 1906/1906/1906 2260/2260/2260 962/962/962
f 962/962/962 2260/2260/2260 808/808/808
f 1901/1901/1901 1906/1906/1906 242/242/242
f 962/962/962 242/242/242 1906/1906/1906
f 27/27/27 415/415/415 806/806/806
f 29/29/29 28/28/28 27/27/27
f 415/415/415 27/27/27 28/28/28
f 2391/2391/2391 2390/2390/2390 29/29/29
f 29/29/29 2390/2390/2390 28/28/28
f 415/415/415 1686/1686/1686 806/806/806
f 1686/1686/1686 808/808/808 806/806/806
f 415/415/415 28/28/28 414/414/414
f 2391/2391/2391 1497/1497/1497 2390/2390/2390
f 1497/1497/1497 2391/2391/2391 447/447/447
f 2710/2710/2710 28/28/28 2390/2390/2390
f 414/414/414 28/28/28 2710/2710/2710
f 1497/1497/1497 2709/2709/2709 2390/2390/2390
f 2710/2710/2710 2390/2390/2390 2709/2709/2709
f 1497/1497/1497 447/447/447 446/446/446
f 447/447/447 379/379/379 446/446/446
f 446/446/446 379/379/379 578/578/578
f 1497/1497/1497 2779/2779/2779 2709/2709/2709
f 2779/2779/2779 1497/1497/1497 446/446/446
f 446/446/446 578/578/578 577/577/577
f 2779/2779/2779 446/446/446 577/577/577
f 578/578/578 1369/1369/1369 577/577/577
f 2158/2158/2158 2709/2709/2709 2779/2779/2779
f 2710/2710/2710 2709/2709/2709 2158/2158/2158
f 2547/2547/2547 2779/2779/2779 577/577/577
f 2547/2547/2547 577/577/577 1369/1369/1369
f 2158/2158/2158 2779/2779/2779 2547/2547/2547
f 1370/1370/1370 2547/2547/2547 1369/1369/1369
f 2710/2710/2710 2158/2158/2158 2234/2234/2234
f 414/414/414 2710/2710/2710 2234/2234/2234
f 2157/2157/2157 2547/2547/2547 1370/1370/1370
f 2157/2157/2157 2158/2158/2158 2547/2547/2547
f 2296/2296/2296 2157/2157/2157 1370/1370/1370
f 2159/2159/2159 2234/2234/2234 2158/2158/2158
f 2159/2159/2159 2158/2158/2158 2157/2157/2157
f 2297/2297/2297 2157/2157/2157 2296/2296/2296
f 2297/2297/2297 2159/2159/2159 2157/2157/2157
f 765/765/765 2297/2297/2297 2296/2296/2296
f 2297/2297/2297 765/765/765 32/32/32
f 2234/2234/2234 2159/2159/2159 2233/2233/2233
f 2234/2234/2234 2233/2233/2233 414/414/414
f 321/321/321 2159/2159/2159 2297/2297/2297
f 2297/2297/2297 32/32/32 321/321/321
f 321/321/321 2233/2233/2233 2159/2159/2159
f 414/414/414 1852/1852/1852 415/415/415
f 414/414/414 2233/2233/2233 1852/1852/1852
f 415/415/415 1852/1852/1852 1686/1686/1686
f 320/320/320 1852/1852/1852 2233/2233/2233
f 320/320/320 2233/2233/2233 321/321/321
f 1686/1686/1686 1852/1852/1852 320/320/320
f 321/321/321 32/32/32 30/30/30
f 321/321/321 30/30/30 320/320/320
f 32/32/32 31/31/31 30/30/30
f 1686/1686/1686 320/320/320 1685/1685/1685
f 30/30/30 1685/1685/1685 320/320/320
f 30/30/30 31/31/31 886/886/886
f 31/31/31 885/885/885 886/886/886
f 30/30/30 901/901/901 1685/1685/1685
f 30/30/30 886/886/886 901/901/901
f 1194/1194/1194 1686/1686/1686 1685/1685/1685
f 1686/1686/1686 1194/1194/1194 808/808/808
f 901/901/901 1195/1195/1195 1685/1685/1685
f 1194/1194/1194 1685/1685/1685 1195/1195/1195
f 437/437/437 808/808/808 1194/1194/1194
f 962/962/962 808/808/808 437/437/437
f 1195/1195/1195 439/439/439 1194/1194/1194
f 437/437/437 1194/1194/1194 439/439/439
f 241/241/241 962/962/962 437/437/437
f 962/962/962 241/241/241 242/242/242
f 439/439/439 438/438/438 437/437/437
f 241/241/241 437/437/437 438/438/438
f 1195/1195/1195 79/79/79 439/439/439
f 439/439/439 84/84/84 438/438/438
f 84/84/84 439/439/439 79/79/79
f 85/85/85 241/241/241 438/438/438
f 85/85/85 438/438/438 84/84/84
f 243/243/243 242/242/242 241/241/241
f 85/85/85 243/243/243 241/241/241
f 79/79/79 1195/1195/1195 78/78/78
f 901/901/901 78/78/78 1195/1195/1195
f 243/243/243 1902/1902/1902 242/242/242
f 1902/1902/1902 1901/1901/1901 242/242/242
f 890/890/890 78/78/78 901/901/901
f 890/890/890 901/901/901 886/886/886
f 1902/1902/1902 1899/1899/1899 1901/1901/1901
f 1900/1900/1900 1901/1901/1901 1899/1899/1899
f 887/887/887 890/890/890 886/886/886
f 887/887/887 886/886/886 885/885/885
f 1900/1900/1900 1899/1899/1899 1898/1898/1898
f 1898/1898/1898 505/505/505 1900/1900/1900
f 1898/1898/1898 2319/2319/2319 505/505/505
f 2319/2319/2319 1898/1898/1898 1522/1522/1522
f 1521/1521/1521 1522/1522/1522 1898/1898/1898
f 1521/1521/1521 1898/1898/1898 1899/1899/1899
f 1523/1523/1523 1522/1522/1522 1521/1521/1521
f 1899/1899/1899 1902/1902/1902 2469/2469/2469
f 1899/1899/1899 2469/2469/2469 1521/1521/1521
f 2470/2470/2470 1523/1523/1523 1521/1521/1521
f 2470/2470/2470 1521/1521/1521 2469/2469/2469
f 2659/2659/2659 1523/1523/1523 2470/2470/2470
f 1694/1694/1694 2469/2469/2469 1902/1902/1902
f 1694/1694/1694 1902/1902/1902 243/243/243
f 2469/2469/2469 2651/2651/2651 2470/2470/2470
f 2469/2469/2469 1694/1694/1694 2651/2651/2651
f 2651/2651/2651 2659/2659/2659 2470/2470/2470
f 1420/1420/1420 1694/1694/1694 243/243/243
f 1420/1420/1420 243/243/243 85/85/85
f 1695/1695/1695 2651/2651/2651 1694/1694/1694
f 1695/1695/1695 1694/1694/1694 1420/1420/1420
f 2651/2651/2651 1288/1288/1288 2659/2659/2659
f 1420/1420/1420 85/85/85 83/83/83
f 85/85/85 84/84/84 83/83/83
f 1289/1289/1289 2659/2659/2659 1288/1288/1288
f 2659/2659/2659 1289/1289/1289 2682/2682/2682
f 1289/1289/1289 1093/1093/1093 2682/2682/2682
f 1362/1362/1362 1288/1288/1288 2651/2651/2651
f 1362/1362/1362 2651/2651/2651 1695/1695/1695
f 1289/1289/1289 1288/1288/1288 1287/1287/1287
f 1362/1362/1362 1287/1287/1287 1288/1288/1288
f 1289/1289/1289 1609/1609/1609 1093/1093/1093
f 1287/1287/1287 1609/1609/1609 1289/1289/1289
f 1093/1093/1093 1609/1609/1609 2216/2216/2216
f 1287/1287/1287 1431/1431/1431 1609/1609/1609
f 1610/1610/1610 2216/2216/2216 1609/1609/1609
f 1610/1610/1610 1609/1609/1609 1431/1431/1431
f 637/637/637 2216/2216/2216 1610/1610/1610
f 1431/1431/1431 1287/1287/1287 1360/1360/1360
f 1362/1362/1362 1360/1360/1360 1287/1287/1287
f 1430/1430/1430 1610/1610/1610 1431/1431/1431
f 1431/1431/1431 1360/1360/1360 1430/1430/1430
f 1610/1610/1610 636/636/636 637/637/637
f 638/638/638 637/637/637 636/636/636
f 1430/1430/1430 2777/2777/2777 1610/1610/1610
f 1610/1610/1610 2777/2777/2777 636/636/636
f 1360/1360/1360 2487/2487/2487 1430/1430/1430
f 2487/2487/2487 2777/2777/2777 1430/1430/1430
f 1297/1297/1297 638/638/638 636/636/636
f 1297/1297/1297 2398/2398/2398 638/638/638
f 636/636/636 2777/2777/2777 1296/1296/1296
f 636/636/636 1296/1296/1296 1297/1297/1297
f 2487/2487/2487 1296/1296/1296 2777/2777/2777
f 542/542/542 2398/2398/2398 1297/1297/1297
f 1360/1360/1360 1361/1361/1361 2487/2487/2487
f 1362/1362/1362 1361/1361/1361 1360/1360/1360
f 541/541/541 542/542/542 1297/1297/1297
f 541/541/541 1297/1297/1297 1296/1296/1296
f 1892/1892/1892 1296/1296/1296 2487/2487/2487
f 1892/1892/1892 541/541/541 1296/1296/1296
f 1892/1892/1892 2487/2487/2487 1361/1361/1361
f 543/543/543 542/542/542 541/541/541
f 543/543/543 552/552/552 542/542/542
f 553/553/553 552/552/552 543/543/543
f 541/541/541 1893/1893/1893 543/543/543
f 553/553/553 543/543/543 1893/1893/1893
f 541/541/541 1892/1892/1892 1893/1893/1893
f 553/553/553 1893/1893/1893 1401/1401/1401
f 1892/1892/1892 1361/1361/1361 1894/1894/1894
f 1894/1894/1894 1893/1893/1893 1892/1892/1892
f 1362/1362/1362 2340/2340/2340 1361/1361/1361
f 2340/2340/2340 1894/1894/1894 1361/1361/1361
f 2340/2340/2340 1362/1362/1362 1695/1695/1695
f 1894/1894/1894 1400/1400/1400 1893/1893/1893
f 1401/1401/1401 1893/1893/1893 1400/1400/1400
f 2340/2340/2340 1094/1094/1094 1894/1894/1894
f 1094/1094/1094 1400/1400/1400 1894/1894/1894
f 2340/2340/2340 1695/1695/1695 54/54/54
f 54/54/54 1094/1094/1094 2340/2340/2340
f 54/54/54 1695/1695/1695 1420/1420/1420
f 1401/1401/1401 1400/1400/1400 1399/1399/1399
f 1399/1399/1399 1642/1642/1642 1401/1401/1401
f 54/54/54 1420/1420/1420 56/56/56
f 1420/1420/1420 83/83/83 56/56/56
f 54/54/54 55/55/55 1094/1094/1094
f 56/56/56 55/55/55 54/54/54
f 1094/1094/1094 1095/1095/1095 1400/1400/1400
f 55/55/55 1095/1095/1095 1094/1094/1094
f 1095/1095/1095 1399/1399/1399 1400/1400/1400
f 1399/1399/1399 2356/2356/2356 1642/1642/1642
f 48/48/48 1642/1642/1642 2356/2356/2356
f 1095/1095/1095 2244/2244/2244 1399/1399/1399
f 2356/2356/2356 1399/1399/1399 2244/2244/2244
f 55/55/55 2245/2245/2245 1095/1095/1095
f 2245/2245/2245 2244/2244/2244 1095/1095/1095
f 48/48/48 2356/2356/2356 50/50/50
f 50/50/50 49/49/49 48/48/48
f 50/50/50 1134/1134/1134 49/49/49
f 2356/2356/2356 2244/2244/2244 2355/2355/2355
f 50/50/50 2356/2356/2356 2355/2355/2355
f 1134/1134/1134 50/50/50 1398/1398/1398
f 50/50/50 2355/2355/2355 1398/1398/1398
f 1134/1134/1134 1398/1398/1398 1397/1397/1397
f 2355/2355/2355 2244/2244/2244 2409/2409/2409
f 2245/2245/2245 2409/2409/2409 2244/2244/2244
f 1398/1398/1398 2355/2355/2355 2410/2410/2410
f 2355/2355/2355 2409/2409/2409 2410/2410/2410
f 1397/1397/1397 1398/1398/1398 1290/1290/1290
f 1398/1398/1398 2410/2410/2410 1290/1290/1290
f 1397/1397/1397 1290/1290/1290 1291/1291/1291
f 2409/2409/2409 2245/2245/2245 2007/2007/2007
f 55/55/55 2007/2007/2007 2245/2245/2245
f 1292/1292/1292 1291/1291/1291 1290/1290/1290
f 1292/1292/1292 2556/2556/2556 1291/1291/1291
f 1290/1290/1290 2410/2410/2410 2077/2077/2077
f 1290/1290/1290 2077/2077/2077 1292/1292/1292
f 2411/2411/2411 2410/2410/2410 2409/2409/2409
f 2411/2411/2411 2077/2077/2077 2410/2410/2410
f 2409/2409/2409 2007/2007/2007 2411/2411/2411
f 2556/2556/2556 1292/1292/1292 894/894/894
f 2556/2556/2556 894/894/894 2711/2711/2711
f 1292/1292/1292 2077/2077/2077 2762/2762/2762
f 1292/1292/1292 2762/2762/2762 894/894/894
f 2077/2077/2077 2411/2411/2411 899/899/899
f 2077/2077/2077 899/899/899 2762/2762/2762
f 2008/2008/2008 2411/2411/2411 2007/2007/2007
f 2008/2008/2008 899/899/899 2411/2411/2411
f 55/55/55 2009/2009/2009 2007/2007/2007
f 2009/2009/2009 2008/2008/2008 2007/2007/2007
f 56/56/56 2009/2009/2009 55/55/55
f 2553/2553/2553 2009/2009/2009 56/56/56
f 2009/2009/2009 2553/2553/2553 2008/2008/2008
f 2553/2553/2553 56/56/56 83/83/83
f 899/899/899 2008/2008/2008 898/898/898
f 2553/2553/2553 898/898/898 2008/2008/2008
f 334/334/334 2553/2553/2553 83/83/83
f 2553/2553/2553 334/334/334 898/898/898
f 334/334/334 83/83/83 84/84/84
f 84/84/84 79/79/79 334/334/334
f 899/899/899 898/898/898 889/889/889
f 2762/2762/2762 899/899/899 889/889/889
f 77/77/77 898/898/898 334/334/334
f 77/77/77 334/334/334 79/79/79
f 889/889/889 898/898/898 77/77/77
f 79/79/79 78/78/78 77/77/77
f 2762/2762/2762 889/889/889 893/893/893
f 894/894/894 2762/2762/2762 893/893/893
f 889/889/889 77/77/77 888/888/888
f 888/888/888 77/77/77 78/78/78
f 893/893/893 889/889/889 888/888/888
f 888/888/888 78/78/78 890/890/890
f 894/894/894 893/893/893 892/892/892
f 2711/2711/2711 894/894/894 892/892/892
f 893/893/893 888/888/888 891/891/891
f 891/891/891 888/888/888 890/890/890
f 892/892/892 893/893/893 891/891/891
f 891/891/891 890/890/890 887/887/887
f 2711/2711/2711 892/892/892 421/421/421
f 422/422/422 2711/2711/2711 421/421/421
f 892/892/892 891/891/891 900/900/900
f 900/900/900 891/891/891 887/887/887
f 421/421/421 892/892/892 900/900/900
f 422/422/422 421/421/421 420/420/420
f 422/422/422 420/420/420 1415/1415/1415
f 1415/1415/1415 420/420/420 906/906/906
f 420/420/420 421/421/421 897/897/897
f 420/420/420 897/897/897 906/906/906
f 421/421/421 900/900/900 897/897/897
f 906/906/906 897/897/897 895/895/895
f 900/900/900 887/887/887 896/896/896
f 897/897/897 900/900/900 896/896/896
f 897/897/897 896/896/896 895/895/895
f 896/896/896 887/887/887 885/885/885
f 895/895/895 896/896/896 904/904/904
f 896/896/896 885/885/885 904/904/904
f 73/73/73 72/72/72 71/71/71
f 71/71/71 1611/1611/1611 73/73/73
f 73/73/73 1293/1293/1293 72/72/72
f 71/71/71 470/470/470 1611/1611/1611
f 1612/1612/1612 73/73/73 1611/1611/1611
f 71/71/71 72/72/72 646/646/646
f 1612/1612/1612 1729/1729/1729 73/73/73
f 1729/1729/1729 1293/1293/1293 73/73/73
f 71/71/71 646/646/646 471/471/471
f 471/471/471 470/470/470 71/71/71
f 967/967/967 1729/1729/1729 1612/1612/1612
f 1729/1729/1729 967/967/967 1509/1509/1509
f 967/967/967 1612/1612/1612 2705/2705/2705
f 1729/1729/1729 1509/1509/1509 1294/1294/1294
f 1729/1729/1729 1294/1294/1294 1293/1293/1293
f 1294/1294/1294 1509/1509/1509 2615/2615/2615
f 1612/1612/1612 1611/1611/1611 1353/1353/1353
f 1612/1612/1612 1353/1353/1353 2705/2705/2705
f 1353/1353/1353 1611/1611/1611 470/470/470
f 1294/1294/1294 2615/2615/2615 989/989/989
f 2615/2615/2615 982/982/982 989/989/989
f 1294/1294/1294 989/989/989 988/988/988
f 989/989/989 982/982/982 988/988/988
f 1294/1294/1294 988/988/988 1293/1293/1293
f 987/987/987 988/988/988 982/982/982
f 991/991/991 1293/1293/1293 988/988/988
f 991/991/991 72/72/72 1293/1293/1293
f 987/987/987 990/990/990 988/988/988
f 991/991/991 988/988/988 990/990/990
f 987/987/987 982/982/982 983/983/983
f 987/987/987 983/983/983 990/990/990
f 984/984/984 983/983/983 982/982/982
f 984/984/984 1381/1381/1381 983/983/983
f 986/986/986 983/983/983 1381/1381/1381
f 72/72/72 991/991/991 647/647/647
f 991/991/991 990/990/990 647/647/647
f 72/72/72 647/647/647 646/646/646
f 993/993/993 990/990/990 983/983/983
f 993/993/993 647/647/647 990/990/990
f 993/993/993 983/983/983 994/994/994
f 993/993/993 994/994/994 647/647/647
f 986/986/986 985/985/985 983/983/983
f 1929/1929/1929 985/985/985 986/986/986
f 1929/1929/1929 922/922/922 985/985/985
f 998/998/998 994/994/994 983/983/983
f 998/998/998 983/983/983 985/985/985
f 927/927/927 985/985/985 922/922/922
f 998/998/998 996/996/996 994/994/994
f 998/998/998 985/985/985 996/996/996
f 995/995/995 647/647/647 994/994/994
f 995/995/995 994/994/994 996/996/996
f 749/749/749 646/646/646 647/647/647
f 749/749/749 647/647/647 995/995/995
f 646/646/646 749/749/749 1208/1208/1208
f 646/646/646 1208/1208/1208 471/471/471
f 748/748/748 749/749/749 995/995/995
f 748/748/748 995/995/995 996/996/996
f 750/750/750 1208/1208/1208 749/749/749
f 750/750/750 749/749/749 748/748/748
f 471/471/471 1208/1208/1208 2738/2738/2738
f 2520/2520/2520 748/748/748 996/996/996
f 1209/1209/1209 1208/1208/1208 750/750/750
f 1209/1209/1209 2738/2738/2738 1208/1208/1208
f 748/748/748 1375/1375/1375 750/750/750
f 748/748/748 2520/2520/2520 1375/1375/1375
f 750/750/750 1376/1376/1376 1209/1209/1209
f 750/750/750 1375/1375/1375 1376/1376/1376
f 2520/2520/2520 996/996/996 997/997/997
f 997/997/997 996/996/996 985/985/985
f 2521/2521/2521 1375/1375/1375 2520/2520/2520
f 997/997/997 985/985/985 212/212/212
f 927/927/927 212/212/212 985/985/985
f 2540/2540/2540 2520/2520/2520 997/997/997
f 997/997/997 212/212/212 2540/2540/2540
f 2540/2540/2540 2521/2521/2521 2520/2520/2520
f 927/927/927 2289/2289/2289 212/212/212
f 2521/2521/2521 1377/1377/1377 1375/1375/1375
f 1377/1377/1377 1376/1376/1376 1375/1375/1375
f 927/927/927 2268/2268/2268 2289/2289/2289
f 927/927/927 928/928/928 2268/2268/2268
f 212/212/212 2289/2289/2289 211/211/211
f 211/211/211 2289/2289/2289 2268/2268/2268
f 210/210/210 2540/2540/2540 212/212/212
f 212/212/212 211/211/211 210/210/210
f 1605/1605/1605 2521/2521/2521 2540/2540/2540
f 210/210/210 1605/1605/1605 2540/2540/2540
f 1377/1377/1377 2521/2521/2521 1606/1606/1606
f 1605/1605/1605 1606/1606/1606 2521/2521/2521
f 1377/1377/1377 2621/2621/2621 1376/1376/1376
f 1605/1605/1605 210/210/210 2488/2488/2488
f 2686/2686/2686 1209/1209/1209 1376/1376/1376
f 2686/2686/2686 1376/1376/1376 2621/2621/2621
f 2738/2738/2738 1209/1209/1209 2686/2686/2686
f 1336/1336/1336 2621/2621/2621 1377/1377/1377
f 1377/1377/1377 1606/1606/1606 1336/1336/1336
f 2686/2686/2686 2621/2621/2621 1337/1337/1337
f 1336/1336/1336 1337/1337/1337 2621/2621/2621
f 817/817/817 1606/1606/1606 1605/1605/1605
f 1605/1605/1605 2488/2488/2488 817/817/817
f 1336/1336/1336 1606/1606/1606 308/308/308
f 817/817/817 308/308/308 1606/1606/1606
f 309/309/309 1337/1337/1337 1336/1336/1336
f 1336/1336/1336 308/308/308 309/309/309
f 2686/2686/2686 1337/1337/1337 2685/2685/2685
f 818/818/818 308/308/308 817/817/817
f 309/309/309 2028/2028/2028 1337/1337/1337
f 2685/2685/2685 1337/1337/1337 2028/2028/2028
f 310/310/310 309/309/309 308/308/308
f 818/818/818 310/310/310 308/308/308
f 1278/1278/1278 2028/2028/2028 309/309/309
f 310/310/310 1278/1278/1278 309/309/309
f 817/817/817 2665/2665/2665 818/818/818
f 817/817/817 2488/2488/2488 2665/2665/2665
f 310/310/310 818/818/818 2276/2276/2276
f 818/818/818 2665/2665/2665 2604/2604/2604
f 818/818/818 2604/2604/2604 2276/2276/2276
f 1279/1279/1279 1278/1278/1278 310/310/310
f 310/310/310 2276/2276/2276 1279/1279/1279
f 1278/1278/1278 1587/1587/1587 2028/2028/2028
f 1279/1279/1279 228/228/228 1278/1278/1278
f 1587/1587/1587 1278/1278/1278 228/228/228
f 1491/1491/1491 2028/2028/2028 1587/1587/1587
f 2685/2685/2685 2028/2028/2028 1491/1491/1491
f 1587/1587/1587 228/228/228 226/226/226
f 2505/2505/2505 2686/2686/2686 2685/2685/2685
f 2738/2738/2738 2686/2686/2686 2505/2505/2505
f 167/167/167 2685/2685/2685 1491/1491/1491
f 2505/2505/2505 2685/2685/2685 167/167/167
f 1491/1491/1491 1587/1587/1587 1492/1492/1492
f 226/226/226 1492/1492/1492 1587/1587/1587
f 167/167/167 1491/1491/1491 169/169/169
f 1492/1492/1492 169/169/169 1491/1491/1491
f 2506/2506/2506 2738/2738/2738 2505/2505/2505
f 471/471/471 2738/2738/2738 2506/2506/2506
f 471/471/471 2506/2506/2506 470/470/470
f 1547/1547/1547 2505/2505/2505 167/167/167
f 2506/2506/2506 2505/2505/2505 1547/1547/1547
f 1548/1548/1548 470/470/470 2506/2506/2506
f 1548/1548/1548 2506/2506/2506 1547/1547/1547
f 1353/1353/1353 470/470/470 1548/1548/1548
f 1547/1547/1547 167/167/167 168/168/168
f 168/168/168 1548/1548/1548 1547/1547/1547
f 169/169/169 168/168/168 167/167/167
f 1353/1353/1353 1548/1548/1548 1352/1352/1352
f 168/168/168 1352/1352/1352 1548/1548/1548
f 169/169/169 137/137/137 168/168/168
f 1352/1352/1352 168/168/168 137/137/137
f 1492/1492/1492 136/136/136 169/169/169
f 137/137/137 169/169/169 136/136/136
f 226/226/226 971/971/971 1492/1492/1492
f 136/136/136 1492/1492/1492 971/971/971
f 1352/1352/1352 137/137/137 175/175/175
f 971/971/971 226/226/226 227/227/227
f 228/228/228 227/227/227 226/226/226
f 137/137/137 136/136/136 135/135/135
f 135/135/135 175/175/175 137/137/137
f 136/136/136 971/971/971 972/972/972
f 972/972/972 135/135/135 136/136/136
f 971/971/971 227/227/227 973/973/973
f 973/973/973 972/972/972 971/971/971
f 228/228/228 802/802/802 227/227/227
f 802/802/802 228/228/228 1279/1279/1279
f 2054/2054/2054 973/973/973 227/227/227
f 802/802/802 1279/1279/1279 804/804/804
f 2276/2276/2276 804/804/804 1279/1279/1279
f 802/802/802 2053/2053/2053 227/227/227
f 2054/2054/2054 227/227/227 2053/2053/2053
f 804/804/804 803/803/803 802/802/802
f 802/802/802 803/803/803 2053/2053/2053
f 2276/2276/2276 2274/2274/2274 804/804/804
f 803/803/803 2664/2664/2664 2053/2053/2053
f 2054/2054/2054 2053/2053/2053 2664/2664/2664
f 804/804/804 2136/2136/2136 803/803/803
f 2274/2274/2274 2136/2136/2136 804/804/804
f 803/803/803 428/428/428 2664/2664/2664
f 2136/2136/2136 428/428/428 803/803/803
f 2276/2276/2276 2275/2275/2275 2274/2274/2274
f 2276/2276/2276 2604/2604/2604 2275/2275/2275
f 2274/2274/2274 2137/2137/2137 2136/2136/2136
f 2137/2137/2137 2274/2274/2274 2275/2275/2275
f 2136/2136/2136 452/452/452 428/428/428
f 2137/2137/2137 452/452/452 2136/2136/2136
f 2664/2664/2664 428/428/428 426/426/426
f 428/428/428 452/452/452 427/427/427
f 428/428/428 427/427/427 426/426/426
f 2664/2664/2664 426/426/426 2741/2741/2741
f 2054/2054/2054 2664/2664/2664 2741/2741/2741
f 2003/2003/2003 426/426/426 427/427/427
f 2741/2741/2741 426/426/426 2715/2715/2715
f 2003/2003/2003 2715/2715/2715 426/426/426
f 1968/1968/1968 2054/2054/2054 2741/2741/2741
f 2741/2741/2741 2715/2715/2715 1968/1968/1968
f 453/453/453 427/427/427 452/452/452
f 1968/1968/1968 2715/2715/2715 1967/1967/1967
f 453/453/453 452/452/452 451/451/451
f 2137/2137/2137 451/451/451 452/452/452
f 2384/2384/2384 1967/1967/1967 2715/2715/2715
f 2384/2384/2384 2715/2715/2715 2003/2003/2003
f 1968/1968/1968 1967/1967/1967 1569/1569/1569
f 506/506/506 2003/2003/2003 427/427/427
f 506/506/506 427/427/427 453/453/453
f 1968/1968/1968 2606/2606/2606 2054/2054/2054
f 1569/1569/1569 2606/2606/2606 1968/1968/1968
f 2133/2133/2133 2054/2054/2054 2606/2606/2606
f 2133/2133/2133 973/973/973 2054/2054/2054
f 973/973/973 2133/2133/2133 972/972/972
f 1569/1569/1569 2191/2191/2191 2606/2606/2606
f 2191/2191/2191 2133/2133/2133 2606/2606/2606
f 1569/1569/1569 1967/1967/1967 1568/1568/1568
f 1568/1568/1568 1967/1967/1967 2384/2384/2384
f 2191/2191/2191 1569/1569/1569 1567/1567/1567
f 1569/1569/1569 1568/1568/1568 1567/1567/1567
f 1413/1413/1413 972/972/972 2133/2133/2133
f 972/972/972 1413/1413/1413 135/135/135
f 2191/2191/2191 1412/1412/1412 2133/2133/2133
f 1413/1413/1413 2133/2133/2133 1412/1412/1412
f 2191/2191/2191 1567/1567/1567 2190/2190/2190
f 2190/2190/2190 1412/1412/1412 2191/2191/2191
f 1206/1206/1206 1567/1567/1567 1568/1568/1568
f 1206/1206/1206 2190/2190/2190 1567/1567/1567
f 2190/2190/2190 1414/1414/1414 1412/1412/1412
f 1414/1414/1414 1413/1413/1413 1412/1412/1412
f 1206/1206/1206 508/508/508 2190/2190/2190
f 1414/1414/1414 2190/2190/2190 508/508/508
f 508/508/508 1206/1206/1206 507/507/507
f 1414/1414/1414 508/508/508 2432/2432/2432
f 2445/2445/2445 1414/1414/1414 2432/2432/2432
f 569/569/569 507/507/507 1206/1206/1206
f 1206/1206/1206 1568/1568/1568 569/569/569
f 569/569/569 570/570/570 507/507/507
f 2445/2445/2445 1493/1493/1493 1414/1414/1414
f 1414/1414/1414 1493/1493/1493 1413/1413/1413
f 571/571/571 570/570/570 569/569/569
f 571/571/571 2750/2750/2750 570/570/570
f 2750/2750/2750 571/571/571 2353/2353/2353
f 569/569/569 1568/1568/1568 1945/1945/1945
f 569/569/569 1945/1945/1945 571/571/571
f 1568/1568/1568 2384/2384/2384 1945/1945/1945
f 571/571/571 1943/1943/1943 2353/2353/2353
f 571/571/571 1945/1945/1945 1943/1943/1943
f 2353/2353/2353 1943/1943/1943 2067/2067/2067
f 1945/1945/1945 2384/2384/2384 1944/1944/1944
f 1945/1945/1945 1944/1944/1944 1943/1943/1943
f 2003/2003/2003 1944/1944/1944 2384/2384/2384
f 2003/2003/2003 506/506/506 1944/1944/1944
f 1943/1943/1943 1273/1273/1273 2067/2067/2067
f 1943/1943/1943 1944/1944/1944 1273/1273/1273
f 1273/1273/1273 1944/1944/1944 506/506/506
f 2067/2067/2067 1273/1273/1273 1274/1274/1274
f 1273/1273/1273 506/506/506 884/884/884
f 884/884/884 1274/1274/1274 1273/1273/1273
f 453/453/453 884/884/884 506/506/506
f 884/884/884 1942/1942/1942 1274/1274/1274
f 453/453/453 294/294/294 884/884/884
f 1942/1942/1942 884/884/884 294/294/294
f 294/294/294 453/453/453 451/451/451
f 1942/1942/1942 294/294/294 295/295/295
f 294/294/294 451/451/451 296/296/296
f 296/296/296 295/295/295 294/294/294
f 2137/2137/2137 296/296/296 451/451/451
f 296/296/296 339/339/339 295/295/295
f 2137/2137/2137 2027/2027/2027 296/296/296
f 2027/2027/2027 339/339/339 296/296/296
f 2137/2137/2137 2275/2275/2275 2027/2027/2027
f 2027/2027/2027 1941/1941/1941 339/339/339
f 2275/2275/2275 1941/1941/1941 2027/2027/2027
f 2275/2275/2275 2570/2570/2570 1941/1941/1941
f 2570/2570/2570 2569/2569/2569 1941/1941/1941
f 2604/2604/2604 2570/2570/2570 2275/2275/2275
f 2570/2570/2570 1283/1283/1283 2569/2569/2569
f 2604/2604/2604 2095/2095/2095 2570/2570/2570
f 2095/2095/2095 1283/1283/1283 2570/2570/2570
f 2665/2665/2665 2095/2095/2095 2604/2604/2604
f 2095/2095/2095 1285/1285/1285 1283/1283/1283
f 1285/1285/1285 1284/1284/1284 1283/1283/1283
f 2665/2665/2665 2096/2096/2096 2095/2095/2095
f 2096/2096/2096 1285/1285/1285 2095/2095/2095
f 2488/2488/2488 2096/2096/2096 2665/2665/2665
f 1285/1285/1285 1620/1620/1620 1284/1284/1284
f 2488/2488/2488 2489/2489/2489 2096/2096/2096
f 210/210/210 2489/2489/2489 2488/2488/2488
f 2096/2096/2096 2000/2000/2000 1285/1285/1285
f 1620/1620/1620 1285/1285/1285 2000/2000/2000
f 2489/2489/2489 2000/2000/2000 2096/2096/2096
f 210/210/210 211/211/211 2489/2489/2489
f 1620/1620/1620 2000/2000/2000 1622/1622/1622
f 1622/1622/1622 1621/1621/1621 1620/1620/1620
f 2489/2489/2489 2671/2671/2671 2000/2000/2000
f 211/211/211 2671/2671/2671 2489/2489/2489
f 1622/1622/1622 2000/2000/2000 2671/2671/2671
f 1622/1622/1622 2349/2349/2349 1621/1621/1621
f 2349/2349/2349 1199/1199/1199 1621/1621/1621
f 2349/2349/2349 1207/1207/1207 1199/1199/1199
f 1622/1622/1622 2671/2671/2671 2561/2561/2561
f 2349/2349/2349 1622/1622/1622 2561/2561/2561
f 1207/1207/1207 2349/2349/2349 1449/1449/1449
f 2349/2349/2349 2561/2561/2561 1449/1449/1449
f 1207/1207/1207 1449/1449/1449 1448/1448/1448
f 211/211/211 2269/2269/2269 2671/2671/2671
f 211/211/211 2268/2268/2268 2269/2269/2269
f 1449/1449/1449 503/503/503 1448/1448/1448
f 1448/1448/1448 503/503/503 501/501/501
f 2573/2573/2573 2671/2671/2671 2269/2269/2269
f 2573/2573/2573 2561/2561/2561 2671/2671/2671
f 316/316/316 2269/2269/2269 2268/2268/2268
f 316/316/316 2573/2573/2573 2269/2269/2269
f 316/316/316 2268/2268/2268 928/928/928
f 2574/2574/2574 1449/1449/1449 2561/2561/2561
f 2574/2574/2574 2561/2561/2561 2573/2573/2573
f 1449/1449/1449 2574/2574/2574 503/503/503
f 314/314/314 2574/2574/2574 2573/2573/2573
f 314/314/314 2573/2573/2573 316/316/316
f 2574/2574/2574 2701/2701/2701 503/503/503
f 2574/2574/2574 314/314/314 2701/2701/2701
f 503/503/503 502/502/502 501/501/501
f 503/503/503 2701/2701/2701 502/502/502
f 501/501/501 502/502/502 157/157/157
f 2701/2701/2701 699/699/699 502/502/502
f 699/699/699 157/157/157 502/502/502
f 314/314/314 249/249/249 2701/2701/2701
f 2701/2701/2701 249/249/249 699/699/699
f 316/316/316 315/315/315 314/314/314
f 314/314/314 315/315/315 249/249/249
f 316/316/316 999/999/999 315/315/315
f 316/316/316 928/928/928 999/999/999
f 315/315/315 999/999/999 511/511/511
f 999/999/999 928/928/928 511/511/511
f 249/249/249 315/315/315 248/248/248
f 315/315/315 511/511/511 248/248/248
f 699/699/699 249/249/249 247/247/247
f 249/249/249 248/248/248 247/247/247
f 1000/1000/1000 511/511/511 928/928/928
f 1000/1000/1000 928/928/928 929/929/929
f 1918/1918/1918 248/248/248 511/511/511
f 1918/1918/1918 511/511/511 1000/1000/1000
f 1000/1000/1000 929/929/929 1001/1001/1001
f 1918/1918/1918 1000/1000/1000 1001/1001/1001
f 1002/1002/1002 1001/1001/1001 929/929/929
f 1002/1002/1002 1918/1918/1918 1001/1001/1001
f 1002/1002/1002 929/929/929 566/566/566
f 1918/1918/1918 2004/2004/2004 248/248/248
f 2004/2004/2004 247/247/247 248/248/248
f 1002/1002/1002 566/566/566 1003/1003/1003
f 1003/1003/1003 566/566/566 217/217/217
f 1002/1002/1002 2155/2155/2155 1918/1918/1918
f 2155/2155/2155 1002/1002/1002 1003/1003/1003
f 2004/2004/2004 1918/1918/1918 2155/2155/2155
f 2399/2399/2399 1003/1003/1003 217/217/217
f 2155/2155/2155 1003/1003/1003 2399/2399/2399
f 2399/2399/2399 217/217/217 218/218/218
f 2399/2399/2399 218/218/218 2572/2572/2572
f 2399/2399/2399 2572/2572/2572 2472/2472/2472
f 2154/2154/2154 2155/2155/2155 2399/2399/2399
f 2154/2154/2154 2399/2399/2399 2472/2472/2472
f 2004/2004/2004 2155/2155/2155 2154/2154/2154
f 2472/2472/2472 604/604/604 2154/2154/2154
f 2154/2154/2154 602/602/602 2004/2004/2004
f 2154/2154/2154 604/604/604 602/602/602
f 2004/2004/2004 602/602/602 247/247/247
f 604/604/604 603/603/603 602/602/602
f 604/604/604 1153/1153/1153 603/603/603
f 1912/1912/1912 603/603/603 1153/1153/1153
f 603/603/603 1912/1912/1912 157/157/157
f 1728/1728/1728 247/247/247 602/602/602
f 1728/1728/1728 602/602/602 603/603/603
f 603/603/603 157/157/157 1728/1728/1728
f 699/699/699 247/247/247 1728/1728/1728
f 699/699/699 1728/1728/1728 157/157/157
f 268/268/268 267/267/267 266/266/266
f 266/266/266 1253/1253/1253 268/268/268
f 267/267/267 1487/1487/1487 266/266/266
f 266/266/266 1065/1065/1065 1253/1253/1253
f 1487/1487/1487 1065/1065/1065 266/266/266
f 2373/2373/2373 268/268/268 1253/1253/1253
f 1065/1065/1065 1075/1075/1075 1253/1253/1253
f 1253/1253/1253 1072/1072/1072 2373/2373/2373
f 1253/1253/1253 1075/1075/1075 1072/1072/1072
f 2373/2373/2373 448/448/448 268/268/268
f 1065/1065/1065 779/779/779 1075/1075/1075
f 2512/2512/2512 268/268/268 448/448/448
f 268/268/268 2512/2512/2512 267/267/267
f 2512/2512/2512 448/448/448 449/449/449
f 450/450/450 449/449/449 448/448/448
f 449/449/449 2713/2713/2713 2512/2512/2512
f 2713/2713/2713 267/267/267 2512/2512/2512
f 448/448/448 1385/1385/1385 450/450/450
f 448/448/448 2373/2373/2373 1385/1385/1385
f 2713/2713/2713 1537/1537/1537 267/267/267
f 1070/1070/1070 1385/1385/1385 2373/2373/2373
f 1070/1070/1070 2373/2373/2373 1072/1072/1072
f 1386/1386/1386 1385/1385/1385 1070/1070/1070
f 1083/1083/1083 1386/1386/1386 1070/1070/1070
f 1537/1537/1537 1536/1536/1536 267/267/267
f 267/267/267 1536/1536/1536 1487/1487/1487
f 1537/1537/1537 1069/1069/1069 1536/1536/1536
f 1083/1083/1083 1070/1070/1070 1071/1071/1071
f 1072/1072/1072 1071/1071/1071 1070/1070/1070
f 1069/1069/1069 714/714/714 1536/1536/1536
f 1069/1069/1069 1757/1757/1757 714/714/714
f 1072/1072/1072 1077/1077/1077 1071/1071/1071
f 1077/1077/1077 1072/1072/1072 1075/1075/1075
f 1079/1079/1079 1083/1083/1083 1071/1071/1071
f 1079/1079/1079 1080/1080/1080 1083/1083/1083
f 1079/1079/1079 1081/1081/1081 1080/1080/1080
f 1077/1077/1077 1075/1075/1075 1076/1076/1076
f 779/779/779 1076/1076/1076 1075/1075/1075
f 1071/1071/1071 1077/1077/1077 1078/1078/1078
f 1076/1076/1076 1078/1078/1078 1077/1077/1077
f 1071/1071/1071 1078/1078/1078 1079/1079/1079
f 779/779/779 780/780/780 1076/1076/1076
f 1076/1076/1076 780/780/780 1078/1078/1078
f 1064/1064/1064 1081/1081/1081 1079/1079/1079
f 1064/1064/1064 1079/1079/1079 1078/1078/1078
f 705/705/705 1081/1081/1081 1064/1064/1064
f 705/705/705 1064/1064/1064 1063/1063/1063
f 2766/2766/2766 1063/1063/1063 1064/1064/1064
f 1064/1064/1064 2765/2765/2765 2766/2766/2766
f 1078/1078/1078 1066/1066/1066 1064/1064/1064
f 1064/1064/1064 1066/1066/1066 2765/2765/2765
f 342/342/342 1078/1078/1078 780/780/780
f 342/342/342 1066/1066/1066 1078/1078/1078
f 492/492/492 780/780/780 779/779/779
f 492/492/492 342/342/342 780/780/780
f 340/340/340 2765/2765/2765 1066/1066/1066
f 340/340/340 1066/1066/1066 342/342/342
f 493/493/493 492/492/492 779/779/779
f 493/493/493 779/779/779 1065/1065/1065
f 1487/1487/1487 493/493/493 1065/1065/1065
f 342/342/342 492/492/492 341/341/341
f 493/493/493 341/341/341 492/492/492
f 342/342/342 341/341/341 340/340/340
f 1487/1487/1487 992/992/992 493/493/493
f 493/493/493 992/992/992 341/341/341
f 2765/2765/2765 340/340/340 546/546/546
f 2765/2765/2765 546/546/546 544/544/544
f 546/546/546 545/545/545 544/544/544
f 340/340/340 341/341/341 2591/2591/2591
f 340/340/340 2591/2591/2591 546/546/546
f 2591/2591/2591 341/341/341 992/992/992
f 546/546/546 2329/2329/2329 545/545/545
f 2329/2329/2329 546/546/546 2591/2591/2591
f 2329/2329/2329 2328/2328/2328 545/545/545
f 2329/2329/2329 2769/2769/2769 2328/2328/2328
f 2329/2329/2329 2591/2591/2591 500/500/500
f 2769/2769/2769 2329/2329/2329 500/500/500
f 2591/2591/2591 992/992/992 499/499/499
f 500/500/500 2591/2591/2591 499/499/499
f 1487/1487/1487 713/713/713 992/992/992
f 713/713/713 499/499/499 992/992/992
f 1536/1536/1536 713/713/713 1487/1487/1487
f 1536/1536/1536 714/714/714 713/713/713
f 2769/2769/2769 500/500/500 1532/1532/1532
f 2438/2438/2438 2769/2769/2769 1532/1532/1532
f 2438/2438/2438 1532/1532/1532 114/114/114
f 714/714/714 567/567/567 713/713/713
f 713/713/713 567/567/567 499/499/499
f 1531/1531/1531 114/114/114 1532/1532/1532
f 1531/1531/1531 116/116/116 114/114/114
f 2509/2509/2509 116/116/116 1531/1531/1531
f 1532/1532/1532 500/500/500 498/498/498
f 500/500/500 499/499/499 498/498/498
f 1532/1532/1532 498/498/498 1531/1531/1531
f 567/567/567 498/498/498 499/499/499
f 2164/2164/2164 1531/1531/1531 498/498/498
f 567/567/567 2164/2164/2164 498/498/498
f 2164/2164/2164 2509/2509/2509 1531/1531/1531
f 714/714/714 627/627/627 567/567/567
f 627/627/627 2164/2164/2164 567/567/567
f 1757/1757/1757 627/627/627 714/714/714
f 1757/1757/1757 629/629/629 627/627/627
f 628/628/628 2509/2509/2509 2164/2164/2164
f 627/627/627 628/628/628 2164/2164/2164
f 629/629/629 628/628/628 627/627/627
f 628/628/628 2208/2208/2208 2509/2509/2509
f 629/629/629 1139/1139/1139 628/628/628
f 1139/1139/1139 2208/2208/2208 628/628/628
f 768/768/768 767/767/767 766/766/766
f 175/175/175 766/766/766 767/767/767
f 175/175/175 767/767/767 1352/1352/1352
f 1353/1353/1353 1352/1352/1352 767/767/767
f 766/766/766 175/175/175 1433/1433/1433
f 135/135/135 1433/1433/1433 175/175/175
f 1433/1433/1433 135/135/135 1413/1413/1413
f 1433/1433/1433 1413/1413/1413 1493/1493/1493
f 2725/2725/2725 1353/1353/1353 767/767/767
f 768/768/768 2725/2725/2725 767/767/767
f 2725/2725/2725 2705/2705/2705 1353/1353/1353
f 2705/2705/2705 2725/2725/2725 966/966/966
f 2725/2725/2725 2706/2706/2706 966/966/966
f 2725/2725/2725 768/768/768 2706/2706/2706
f 2468/2468/2468 2706/2706/2706 768/768/768
f 1493/1493/1493 1432/1432/1432 1433/1433/1433
f 766/766/766 1433/1433/1433 1432/1432/1432
f 1432/1432/1432 768/768/768 766/766/766
f 1432/1432/1432 2468/2468/2468 768/768/768
f 1493/1493/1493 2445/2445/2445 1432/1432/1432
f 2468/2468/2468 1432/1432/1432 2445/2445/2445
f 2792/2792/2792 2791/2791/2791 2790/2790/2790
f 2792/2792/2792 2793/2793/2793 2791/2791/2791
f 2790/2790/2790 2791/2791/2791 2797/2797/2797
f 2792/2792/2792 2794/2794/2794 2793/2793/2793
f 2790/2790/2790 2797/2797/2797 2796/2796/2796
f 2796/2796/2796 2797/2797/2797 2794/2794/2794
f 2792/2792/2792 2795/2795/2795 2794/2794/2794
f 2796/2796/2796 2794/2794/2794 2795/2795/2795
f 2790/2790/2790 2805/2805/2805 2792/2792/2792
f 2792/2792/2792 2800/2800/2800 2795/2795/2795
f 2792/2792/2792 2805/2805/2805 2800/2800/2800
f 2796/2796/2796 2795/2795/2795 2800/2800/2800
f 2790/2790/2790 2799/2799/2799 2805/2805/2805
f 2799/2799/2799 2790/2790/2790 2796/2796/2796
f 2800/2800/2800 2805/2805/2805 2804/2804/2804
f 2799/2799/2799 2804/2804/2804 2805/2805/2805
f 2800/2800/2800 2804/2804/2804 2803/2803/2803
f 2799/2799/2799 2801/2801/2801 2804/2804/2804
f 2800/2800/2800 2803/2803/2803 2802/2802/2802
f 2799/2799/2799 2802/2802/2802 2801/2801/2801
f 2796/2796/2796 2800/2800/2800 2798/2798/2798
f 2800/2800/2800 2802/2802/2802 2798/2798/2798
f 2799/2799/2799 2796/2796/2796 2798/2798/2798
f 2799/2799/2799 2798/2798/2798 2802/2802/2802
f 2808/2808/2808 2807/2807/2807 2806/2806/2806
f 2808/2808/2808 3284/3284/3284 2807/2807/2807
f 2809/2809/2809 2806/2806/2806 2807/2807/2807
f 3276/3276/3276 3284/3284/3284 2808/2808/2808
f 3276/3276/3276 3274/3274/3274 3284/3284/3284
f 3276/3276/3276 3275/3275/3275 3274/3274/3274
f 2809/2809/2809 2811/2811/2811 2806/2806/2806
f 3276/3276/3276 3273/3273/3273 3275/3275/3275
f 3271/3271/3271 3275/3275/3275 3273/3273/3273
f 2810/2810/2810 2808/2808/2808 2806/2806/2806
f 2811/2811/2811 2810/2810/2810 2806/2806/2806
f 3282/3282/3282 3276/3276/3276 2808/2808/2808
f 2810/2810/2810 3282/3282/3282 2808/2808/2808
f 2809/2809/2809 2812/2812/2812 2811/2811/2811
f 2809/2809/2809 3266/3266/3266 2812/2812/2812
f 2811/2811/2811 2813/2813/2813 2810/2810/2810
f 2812/2812/2812 2813/2813/2813 2811/2811/2811
f 3282/3282/3282 3279/3279/3279 3276/3276/3276
f 3279/3279/3279 3273/3273/3273 3276/3276/3276
f 3266/3266/3266 3264/3264/3264 2812/2812/2812
f 3266/3266/3266 3265/3265/3265 3264/3264/3264
f 3262/3262/3262 3264/3264/3264 3265/3265/3265
f 2812/2812/2812 2815/2815/2815 2813/2813/2813
f 3262/3262/3262 3259/3259/3259 3264/3264/3264
f 3261/3261/3261 3259/3259/3259 3262/3262/3262
f 2812/2812/2812 3264/3264/3264 3263/3263/3263
f 2812/2812/2812 3263/3263/3263 2815/2815/2815
f 3264/3264/3264 3259/3259/3259 3257/3257/3257
f 3264/3264/3264 3257/3257/3257 3263/3263/3263
f 3261/3261/3261 3260/3260/3260 3259/3259/3259
f 3260/3260/3260 3257/3257/3257 3259/3259/3259
f 2815/2815/2815 2814/2814/2814 2813/2813/2813
f 2810/2810/2810 2813/2813/2813 2814/2814/2814
f 3263/3263/3263 2819/2819/2819 2815/2815/2815
f 2815/2815/2815 2819/2819/2819 2814/2814/2814
f 2810/2810/2810 2814/2814/2814 2816/2816/2816
f 2816/2816/2816 3282/3282/3282 2810/2810/2810
f 3263/3263/3263 3267/3267/3267 2819/2819/2819
f 2816/2816/2816 2825/2825/2825 3282/3282/3282
f 3263/3263/3263 3255/3255/3255 3267/3267/3267
f 3263/3263/3263 3257/3257/3257 3255/3255/3255
f 2819/2819/2819 3267/3267/3267 3268/3268/3268
f 3255/3255/3255 3268/3268/3268 3267/3267/3267
f 2820/2820/2820 2814/2814/2814 2819/2819/2819
f 2819/2819/2819 3268/3268/3268 2820/2820/2820
f 2816/2816/2816 2814/2814/2814 2818/2818/2818
f 2820/2820/2820 2818/2818/2818 2814/2814/2814
f 2817/2817/2817 2825/2825/2825 2816/2816/2816
f 2816/2816/2816 2818/2818/2818 2817/2817/2817
f 3283/3283/3283 3282/3282/3282 2825/2825/2825
f 3283/3283/3283 3279/3279/3279 3282/3282/3282
f 2817/2817/2817 2824/2824/2824 2825/2825/2825
f 2870/2870/2870 3283/3283/3283 2825/2825/2825
f 2870/2870/2870 2825/2825/2825 2824/2824/2824
f 3279/3279/3279 3283/3283/3283 3280/3280/3280
f 2821/2821/2821 2824/2824/2824 2817/2817/2817
f 2818/2818/2818 2821/2821/2821 2817/2817/2817
f 3279/3279/3279 3280/3280/3280 3277/3277/3277
f 3279/3279/3279 3277/3277/3277 3273/3273/3273
f 2872/2872/2872 3280/3280/3280 3283/3283/3283
f 2872/2872/2872 3283/3283/3283 2870/2870/2870
f 3281/3281/3281 3277/3277/3277 3280/3280/3280
f 3278/3278/3278 3273/3273/3273 3277/3277/3277
f 3281/3281/3281 3278/3278/3278 3277/3277/3277
f 2873/2873/2873 3280/3280/3280 2872/2872/2872
f 2873/2873/2873 3281/3281/3281 3280/3280/3280
f 3278/3278/3278 3272/3272/3272 3273/3273/3273
f 3271/3271/3271 3273/3273/3273 3272/3272/3272
f 3272/3272/3272 3269/3269/3269 3271/3271/3271
f 3272/3272/3272 3270/3270/3270 3269/3269/3269
f 3278/3278/3278 3270/3270/3270 3272/3272/3272
f 3270/3270/3270 2903/2903/2903 3269/3269/3269
f 2892/2892/2892 3278/3278/3278 3281/3281/3281
f 3270/3270/3270 2901/2901/2901 2903/2903/2903
f 2901/2901/2901 2902/2902/2902 2903/2903/2903
f 3278/3278/3278 2893/2893/2893 3270/3270/3270
f 2893/2893/2893 2901/2901/2901 3270/3270/3270
f 2892/2892/2892 2893/2893/2893 3278/3278/3278
f 2901/2901/2901 2900/2900/2900 2902/2902/2902
f 2893/2893/2893 2894/2894/2894 2901/2901/2901
f 2894/2894/2894 2900/2900/2900 2901/2901/2901
f 2891/2891/2891 2893/2893/2893 2892/2892/2892
f 2891/2891/2891 2894/2894/2894 2893/2893/2893
f 2890/2890/2890 2892/2892/2892 3281/3281/3281
f 2890/2890/2890 3281/3281/3281 2873/2873/2873
f 2888/2888/2888 2891/2891/2891 2892/2892/2892
f 2888/2888/2888 2892/2892/2892 2890/2890/2890
f 2895/2895/2895 2894/2894/2894 2891/2891/2891
f 2874/2874/2874 2890/2890/2890 2873/2873/2873
f 2889/2889/2889 2891/2891/2891 2888/2888/2888
f 2889/2889/2889 2895/2895/2895 2891/2891/2891
f 2886/2886/2886 2888/2888/2888 2890/2890/2890
f 2886/2886/2886 2889/2889/2889 2888/2888/2888
f 2886/2886/2886 2890/2890/2890 2874/2874/2874
f 2895/2895/2895 2896/2896/2896 2894/2894/2894
f 2894/2894/2894 2896/2896/2896 2900/2900/2900
f 2874/2874/2874 2873/2873/2873 2871/2871/2871
f 2871/2871/2871 2873/2873/2873 2872/2872/2872
f 2900/2900/2900 2896/2896/2896 2897/2897/2897
f 2895/2895/2895 2897/2897/2897 2896/2896/2896
f 2899/2899/2899 2902/2902/2902 2900/2900/2900
f 2900/2900/2900 2897/2897/2897 2899/2899/2899
f 2899/2899/2899 2905/2905/2905 2902/2902/2902
f 2895/2895/2895 2960/2960/2960 2897/2897/2897
f 2906/2906/2906 2905/2905/2905 2899/2899/2899
f 2906/2906/2906 2907/2907/2907 2905/2905/2905
f 2906/2906/2906 2908/2908/2908 2907/2907/2907
f 2904/2904/2904 2899/2899/2899 2897/2897/2897
f 2904/2904/2904 2906/2906/2906 2899/2899/2899
f 2960/2960/2960 2904/2904/2904 2897/2897/2897
f 2906/2906/2906 2910/2910/2910 2908/2908/2908
f 2904/2904/2904 2910/2910/2910 2906/2906/2906
f 2910/2910/2910 2909/2909/2909 2908/2908/2908
f 2898/2898/2898 2960/2960/2960 2895/2895/2895
f 2898/2898/2898 2895/2895/2895 2889/2889/2889
f 2960/2960/2960 2959/2959/2959 2904/2904/2904
f 2961/2961/2961 2898/2898/2898 2889/2889/2889
f 2957/2957/2957 2960/2960/2960 2898/2898/2898
f 2957/2957/2957 2959/2959/2959 2960/2960/2960
f 2961/2961/2961 2957/2957/2957 2898/2898/2898
f 2904/2904/2904 2959/2959/2959 2913/2913/2913
f 2957/2957/2957 2913/2913/2913 2959/2959/2959
f 2904/2904/2904 2912/2912/2912 2910/2910/2910
f 2904/2904/2904 2913/2913/2913 2912/2912/2912
f 2910/2910/2910 2911/2911/2911 2909/2909/2909
f 2912/2912/2912 2911/2911/2911 2910/2910/2910
f 2957/2957/2957 2919/2919/2919 2913/2913/2913
f 2912/2912/2912 4909/4909/4909 2911/2911/2911
f 2914/2914/2914 2912/2912/2912 2913/2913/2913
f 2914/2914/2914 4909/4909/4909 2912/2912/2912
f 2914/2914/2914 2913/2913/2913 2919/2919/2919
f 2911/2911/2911 4909/4909/4909 2916/2916/2916
f 2916/2916/2916 4909/4909/4909 2914/2914/2914
f 2909/2909/2909 2911/2911/2911 2917/2917/2917
f 2911/2911/2911 2916/2916/2916 2917/2917/2917
f 2909/2909/2909 2917/2917/2917 3033/3033/3033
f 3032/3032/3032 3033/3033/3033 2917/2917/2917
f 3032/3032/3032 2917/2917/2917 3031/3031/3031
f 3030/3030/3030 3032/3032/3032 3031/3031/3031
f 2917/2917/2917 2916/2916/2916 2922/2922/2922
f 2917/2917/2917 2922/2922/2922 3031/3031/3031
f 3030/3030/3030 3031/3031/3031 3028/3028/3028
f 3028/3028/3028 3031/3031/3031 2922/2922/2922
f 2916/2916/2916 2914/2914/2914 2915/2915/2915
f 3030/3030/3030 3028/3028/3028 3023/3023/3023
f 3030/3030/3030 3023/3023/3023 3029/3029/3029
f 2918/2918/2918 2915/2915/2915 2914/2914/2914
f 2914/2914/2914 2919/2919/2919 2918/2918/2918
f 2916/2916/2916 2915/2915/2915 2920/2920/2920
f 2916/2916/2916 2920/2920/2920 2922/2922/2922
f 2918/2918/2918 2921/2921/2921 2915/2915/2915
f 2921/2921/2921 2920/2920/2920 2915/2915/2915
f 2918/2918/2918 2919/2919/2919 2953/2953/2953
f 2953/2953/2953 2919/2919/2919 2957/2957/2957
f 2918/2918/2918 2929/2929/2929 2921/2921/2921
f 2953/2953/2953 2957/2957/2957 2956/2956/2956
f 2961/2961/2961 2956/2956/2956 2957/2957/2957
f 2918/2918/2918 2953/2953/2953 2954/2954/2954
f 2918/2918/2918 2954/2954/2954 2929/2929/2929
f 2955/2955/2955 2953/2953/2953 2956/2956/2956
f 2955/2955/2955 2954/2954/2954 2953/2953/2953
f 2925/2925/2925 2921/2921/2921 2929/2929/2929
f 2921/2921/2921 2925/2925/2925 2920/2920/2920
f 2954/2954/2954 2952/2952/2952 2929/2929/2929
f 2926/2926/2926 2920/2920/2920 2925/2925/2925
f 2954/2954/2954 2951/2951/2951 2952/2952/2952
f 2955/2955/2955 2951/2951/2951 2954/2954/2954
f 2925/2925/2925 2929/2929/2929 2928/2928/2928
f 2929/2929/2929 2952/2952/2952 2931/2931/2931
f 2929/2929/2929 2931/2931/2931 2928/2928/2928
f 2925/2925/2925 2928/2928/2928 2927/2927/2927
f 2925/2925/2925 2927/2927/2927 2926/2926/2926
f 2928/2928/2928 2930/2930/2930 2927/2927/2927
f 2928/2928/2928 2931/2931/2931 2930/2930/2930
f 2926/2926/2926 2927/2927/2927 2937/2937/2937
f 2937/2937/2937 2927/2927/2927 2930/2930/2930
f 2926/2926/2926 2924/2924/2924 2920/2920/2920
f 2922/2922/2922 2920/2920/2920 2924/2924/2924
f 2926/2926/2926 2937/2937/2937 3025/3025/3025
f 3025/3025/3025 2924/2924/2924 2926/2926/2926
f 2922/2922/2922 2924/2924/2924 2923/2923/2923
f 3028/3028/3028 2922/2922/2922 2923/2923/2923
f 3025/3025/3025 3026/3026/3026 2924/2924/2924
f 3026/3026/3026 2923/2923/2923 2924/2924/2924
f 3028/3028/3028 2923/2923/2923 3022/3022/3022
f 3026/3026/3026 3022/3022/3022 2923/2923/2923
f 3028/3028/3028 3022/3022/3022 3023/3023/3023
f 3024/3024/3024 3026/3026/3026 3025/3025/3025
f 3022/3022/3022 3026/3026/3026 3021/3021/3021
f 3024/3024/3024 3021/3021/3021 3026/3026/3026
f 3023/3023/3023 3022/3022/3022 3020/3020/3020
f 3022/3022/3022 3021/3021/3021 3020/3020/3020
f 3025/3025/3025 3027/3027/3027 3024/3024/3024
f 3025/3025/3025 2937/2937/2937 3027/3027/3027
f 3023/3023/3023 3020/3020/3020 3019/3019/3019
f 3029/3029/3029 3023/3023/3023 3019/3019/3019
f 3029/3029/3029 3019/3019/3019 3017/3017/3017
f 3020/3020/3020 3021/3021/3021 2997/2997/2997
f 3017/3017/3017 3019/3019/3019 3014/3014/3014
f 3017/3017/3017 3014/3014/3014 3016/3016/3016
f 3019/3019/3019 3020/3020/3020 3018/3018/3018
f 3019/3019/3019 3018/3018/3018 3014/3014/3014
f 3020/3020/3020 2997/2997/2997 3018/3018/3018
f 3015/3015/3015 3016/3016/3016 3014/3014/3014
f 2994/2994/2994 2997/2997/2997 3021/3021/3021
f 2994/2994/2994 3021/3021/3021 3024/3024/3024
f 3015/3015/3015 3014/3014/3014 3013/3013/3013
f 3011/3011/3011 3015/3015/3015 3013/3013/3013
f 3014/3014/3014 3018/3018/3018 3004/3004/3004
f 3014/3014/3014 3004/3004/3004 3013/3013/3013
f 3018/3018/3018 2997/2997/2997 2996/2996/2996
f 3018/3018/3018 2996/2996/2996 3004/3004/3004
f 3011/3011/3011 3013/3013/3013 3005/3005/3005
f 3005/3005/3005 3013/3013/3013 3004/3004/3004
f 2993/2993/2993 2996/2996/2996 2997/2997/2997
f 2993/2993/2993 2997/2997/2997 2994/2994/2994
f 3011/3011/3011 3005/3005/3005 3006/3006/3006
f 3011/3011/3011 3006/3006/3006 3010/3010/3010
f 3005/3005/3005 3004/3004/3004 3003/3003/3003
f 3010/3010/3010 3006/3006/3006 3009/3009/3009
f 3010/3010/3010 3009/3009/3009 3012/3012/3012
f 3035/3035/3035 3012/3012/3012 3009/3009/3009
f 3005/3005/3005 3002/3002/3002 3006/3006/3006
f 3005/3005/3005 3003/3003/3003 3002/3002/3002
f 3009/3009/3009 3006/3006/3006 3002/3002/3002
f 3004/3004/3004 2998/2998/2998 3003/3003/3003
f 3002/3002/3002 3003/3003/3003 2998/2998/2998
f 3004/3004/3004 2996/2996/2996 2998/2998/2998
f 3035/3035/3035 3009/3009/3009 3034/3034/3034
f 3037/3037/3037 3035/3035/3035 3034/3034/3034
f 3009/3009/3009 3002/3002/3002 3008/3008/3008
f 3034/3034/3034 3009/3009/3009 3008/3008/3008
f 3002/3002/3002 2998/2998/2998 3001/3001/3001
f 3008/3008/3008 3002/3002/3002 3001/3001/3001
f 2995/2995/2995 2998/2998/2998 2996/2996/2996
f 2995/2995/2995 2996/2996/2996 2993/2993/2993
f 2999/2999/2999 3001/3001/3001 2998/2998/2998
f 2999/2999/2999 2998/2998/2998 2995/2995/2995
f 3008/3008/3008 3001/3001/3001 3007/3007/3007
f 2995/2995/2995 2993/2993/2993 2992/2992/2992
f 2994/2994/2994 2992/2992/2992 2993/2993/2993
f 3043/3043/3043 3007/3007/3007 3001/3001/3001
f 3043/3043/3043 3001/3001/3001 2999/2999/2999
f 3008/3008/3008 3007/3007/3007 3041/3041/3041
f 3041/3041/3041 3007/3007/3007 3043/3043/3043
f 3034/3034/3034 3008/3008/3008 3039/3039/3039
f 3008/3008/3008 3041/3041/3041 3039/3039/3039
f 3037/3037/3037 3034/3034/3034 3036/3036/3036
f 3036/3036/3036 3034/3034/3034 3039/3039/3039
f 3037/3037/3037 3036/3036/3036 3087/3087/3087
f 3037/3037/3037 3087/3087/3087 3090/3090/3090
f 3088/3088/3088 3090/3090/3090 3087/3087/3087
f 3036/3036/3036 3039/3039/3039 3038/3038/3038
f 3038/3038/3038 3087/3087/3087 3036/3036/3036
f 3039/3039/3039 3041/3041/3041 3040/3040/3040
f 3039/3039/3039 3040/3040/3040 3038/3038/3038
f 3088/3088/3088 3087/3087/3087 3085/3085/3085
f 3089/3089/3089 3088/3088/3088 3085/3085/3085
f 3038/3038/3038 3080/3080/3080 3087/3087/3087
f 3085/3085/3085 3087/3087/3087 3080/3080/3080
f 3080/3080/3080 3038/3038/3038 3040/3040/3040
f 3089/3089/3089 3085/3085/3085 3086/3086/3086
f 3092/3092/3092 3089/3089/3089 3086/3086/3086
f 3042/3042/3042 3040/3040/3040 3041/3041/3041
f 3041/3041/3041 3043/3043/3043 3042/3042/3042
f 3092/3092/3092 3086/3086/3086 3091/3091/3091
f 3094/3094/3094 3092/3092/3092 3091/3091/3091
f 3085/3085/3085 3081/3081/3081 3086/3086/3086
f 3094/3094/3094 3091/3091/3091 3093/3093/3093
f 3096/3096/3096 3094/3094/3094 3093/3093/3093
f 3086/3086/3086 3156/3156/3156 3091/3091/3091
f 3086/3086/3086 3081/3081/3081 3156/3156/3156
f 3096/3096/3096 3093/3093/3093 3095/3095/3095
f 3098/3098/3098 3096/3096/3096 3095/3095/3095
f 3085/3085/3085 3083/3083/3083 3081/3081/3081
f 3085/3085/3085 3080/3080/3080 3083/3083/3083
f 3098/3098/3098 3095/3095/3095 3097/3097/3097
f 3100/3100/3100 3098/3098/3098 3097/3097/3097
f 3083/3083/3083 3082/3082/3082 3081/3081/3081
f 3156/3156/3156 3081/3081/3081 3082/3082/3082
f 3079/3079/3079 3083/3083/3083 3080/3080/3080
f 3083/3083/3083 3079/3079/3079 3082/3082/3082
f 3080/3080/3080 3040/3040/3040 3077/3077/3077
f 3079/3079/3079 3080/3080/3080 3077/3077/3077
f 3077/3077/3077 3040/3040/3040 3046/3046/3046
f 3042/3042/3042 3046/3046/3046 3040/3040/3040
f 3079/3079/3079 3077/3077/3077 3075/3075/3075
f 3077/3077/3077 3046/3046/3046 3075/3075/3075
f 3046/3046/3046 3042/3042/3042 3045/3045/3045
f 3043/3043/3043 3045/3045/3045 3042/3042/3042
f 3046/3046/3046 3073/3073/3073 3075/3075/3075
f 3043/3043/3043 3049/3049/3049 3045/3045/3045
f 2999/2999/2999 3049/3049/3049 3043/3043/3043
f 3046/3046/3046 3045/3045/3045 3044/3044/3044
f 3046/3046/3046 3044/3044/3044 3073/3073/3073
f 3049/3049/3049 3048/3048/3048 3045/3045/3045
f 3044/3044/3044 3045/3045/3045 3048/3048/3048
f 3075/3075/3075 3073/3073/3073 3074/3074/3074
f 3068/3068/3068 3074/3074/3074 3073/3073/3073
f 3068/3068/3068 3073/3073/3073 3044/3044/3044
f 3075/3075/3075 3074/3074/3074 3076/3076/3076
f 3068/3068/3068 3044/3044/3044 3047/3047/3047
f 3044/3044/3044 3048/3048/3048 3047/3047/3047
f 3076/3076/3076 3078/3078/3078 3075/3075/3075
f 3079/3079/3079 3075/3075/3075 3078/3078/3078
f 3078/3078/3078 3076/3076/3076 3148/3148/3148
f 3072/3072/3072 3148/3148/3148 3076/3076/3076
f 3079/3079/3079 3078/3078/3078 3084/3084/3084
f 3078/3078/3078 3148/3148/3148 3084/3084/3084
f 3079/3079/3079 3084/3084/3084 3082/3082/3082
f 3148/3148/3148 3072/3072/3072 3147/3147/3147
f 3084/3084/3084 3148/3148/3148 3149/3149/3149
f 3147/3147/3147 3149/3149/3149 3148/3148/3148
f 3082/3082/3082 3084/3084/3084 3150/3150/3150
f 3084/3084/3084 3149/3149/3149 3150/3150/3150
f 3147/3147/3147 3072/3072/3072 3071/3071/3071
f 3068/3068/3068 3071/3071/3071 3072/3072/3072
f 3082/3082/3082 3150/3150/3150 3151/3151/3151
f 3156/3156/3156 3082/3082/3082 3151/3151/3151
f 3068/3068/3068 3067/3067/3067 3071/3071/3071
f 3047/3047/3047 3067/3067/3067 3068/3068/3068
f 3155/3155/3155 3156/3156/3156 3151/3151/3151
f 3091/3091/3091 3156/3156/3156 3155/3155/3155
f 3091/3091/3091 3155/3155/3155 3093/3093/3093
f 3151/3151/3151 3150/3150/3150 3152/3152/3152
f 3093/3093/3093 3155/3155/3155 3157/3157/3157
f 3093/3093/3093 3157/3157/3157 3095/3095/3095
f 3097/3097/3097 3095/3095/3095 3157/3157/3157
f 3155/3155/3155 3151/3151/3151 3154/3154/3154
f 3151/3151/3151 3152/3152/3152 3154/3154/3154
f 3155/3155/3155 3158/3158/3158 3157/3157/3157
f 3155/3155/3155 3154/3154/3154 3158/3158/3158
f 3150/3150/3150 3153/3153/3153 3152/3152/3152
f 3150/3150/3150 3149/3149/3149 3153/3153/3153
f 3165/3165/3165 3154/3154/3154 3152/3152/3152
f 3165/3165/3165 3158/3158/3158 3154/3154/3154
f 3165/3165/3165 3152/3152/3152 3153/3153/3153
f 3157/3157/3157 3158/3158/3158 3160/3160/3160
f 3146/3146/3146 3153/3153/3153 3149/3149/3149
f 3149/3149/3149 3147/3147/3147 3146/3146/3146
f 3158/3158/3158 3165/3165/3165 3162/3162/3162
f 3158/3158/3158 3162/3162/3162 3160/3160/3160
f 3165/3165/3165 3153/3153/3153 3166/3166/3166
f 3157/3157/3157 3160/3160/3160 3159/3159/3159
f 3097/3097/3097 3157/3157/3157 3159/3159/3159
f 3145/3145/3145 3166/3166/3166 3153/3153/3153
f 3153/3153/3153 3146/3146/3146 3145/3145/3145
f 3165/3165/3165 3166/3166/3166 3164/3164/3164
f 3165/3165/3165 3164/3164/3164 3162/3162/3162
f 3166/3166/3166 3145/3145/3145 3167/3167/3167
f 3167/3167/3167 3164/3164/3164 3166/3166/3166
f 3160/3160/3160 3162/3162/3162 3120/3120/3120
f 3120/3120/3120 3162/3162/3162 3164/3164/3164
f 3159/3159/3159 3160/3160/3160 3119/3119/3119
f 3160/3160/3160 3120/3120/3120 3119/3119/3119
f 3097/3097/3097 3159/3159/3159 3161/3161/3161
f 3159/3159/3159 3119/3119/3119 3161/3161/3161
f 3097/3097/3097 3161/3161/3161 3099/3099/3099
f 3100/3100/3100 3097/3097/3097 3099/3099/3099
f 3100/3100/3100 3099/3099/3099 3102/3102/3102
f 3102/3102/3102 3099/3099/3099 3161/3161/3161
f 3100/3100/3100 3102/3102/3102 3101/3101/3101
f 3108/3108/3108 3161/3161/3161 3119/3119/3119
f 3102/3102/3102 3161/3161/3161 3108/3108/3108
f 3101/3101/3101 3102/3102/3102 3104/3104/3104
f 3104/3104/3104 3102/3102/3102 3108/3108/3108
f 3101/3101/3101 3104/3104/3104 3103/3103/3103
f 3108/3108/3108 3119/3119/3119 3112/3112/3112
f 3103/3103/3103 3104/3104/3104 3106/3106/3106
f 3103/3103/3103 3106/3106/3106 3105/3105/3105
f 3104/3104/3104 3108/3108/3108 3107/3107/3107
f 3107/3107/3107 3106/3106/3106 3104/3104/3104
f 3107/3107/3107 3108/3108/3108 3112/3112/3112
f 3198/3198/3198 3105/3105/3105 3106/3106/3106
f 3119/3119/3119 3118/3118/3118 3112/3112/3112
f 3119/3119/3119 3120/3120/3120 3118/3118/3118
f 3198/3198/3198 3106/3106/3106 3199/3199/3199
f 3112/3112/3112 3118/3118/3118 3113/3113/3113
f 3199/3199/3199 3106/3106/3106 3109/3109/3109
f 3107/3107/3107 3109/3109/3109 3106/3106/3106
f 3107/3107/3107 3112/3112/3112 3111/3111/3111
f 3112/3112/3112 3113/3113/3113 3111/3111/3111
f 3107/3107/3107 3111/3111/3111 3110/3110/3110
f 3107/3107/3107 3110/3110/3110 3109/3109/3109
f 3113/3113/3113 3110/3110/3110 3111/3111/3111
f 3199/3199/3199 3109/3109/3109 3193/3193/3193
f 3198/3198/3198 3199/3199/3199 3194/3194/3194
f 3194/3194/3194 3199/3199/3199 3193/3193/3193
f 3198/3198/3198 3194/3194/3194 3197/3197/3197
f 3196/3196/3196 3197/3197/3197 3194/3194/3194
f 3109/3109/3109 3186/3186/3186 3193/3193/3193
f 3109/3109/3109 3110/3110/3110 3186/3186/3186
f 3194/3194/3194 3193/3193/3193 3192/3192/3192
f 3192/3192/3192 3193/3193/3193 3186/3186/3186
f 3196/3196/3196 3194/3194/3194 3195/3195/3195
f 3195/3195/3195 3194/3194/3194 3192/3192/3192
f 3186/3186/3186 3110/3110/3110 3116/3116/3116
f 3113/3113/3113 3116/3116/3116 3110/3110/3110
f 3196/3196/3196 3195/3195/3195 3201/3201/3201
f 3196/3196/3196 3201/3201/3201 3200/3200/3200
f 3195/3195/3195 3192/3192/3192 3191/3191/3191
f 3200/3200/3200 3201/3201/3201 3203/3203/3203
f 3200/3200/3200 3203/3203/3203 3202/3202/3202
f 3195/3195/3195 3250/3250/3250 3201/3201/3201
f 3195/3195/3195 3191/3191/3191 3250/3250/3250
f 3203/3203/3203 3201/3201/3201 3250/3250/3250
f 3192/3192/3192 3190/3190/3190 3191/3191/3191
f 3250/3250/3250 3191/3191/3191 3190/3190/3190
f 3192/3192/3192 3186/3186/3186 3187/3187/3187
f 3192/3192/3192 3187/3187/3187 3190/3190/3190
f 3182/3182/3182 3187/3187/3187 3186/3186/3186
f 3186/3186/3186 3116/3116/3116 3182/3182/3182
f 3190/3190/3190 3187/3187/3187 3183/3183/3183
f 3182/3182/3182 3183/3183/3183 3187/3187/3187
f 3250/3250/3250 3190/3190/3190 3248/3248/3248
f 3190/3190/3190 3183/3183/3183 3189/3189/3189
f 3248/3248/3248 3190/3190/3190 3189/3189/3189
f 3182/3182/3182 3184/3184/3184 3183/3183/3183
f 3189/3189/3189 3183/3183/3183 3184/3184/3184
f 3250/3250/3250 3248/3248/3248 3249/3249/3249
f 3248/3248/3248 3189/3189/3189 3247/3247/3247
f 3249/3249/3249 3248/3248/3248 3247/3247/3247
f 3189/3189/3189 3184/3184/3184 3188/3188/3188
f 3247/3247/3247 3189/3189/3189 3188/3188/3188
f 3250/3250/3250 3249/3249/3249 3251/3251/3251
f 3203/3203/3203 3250/3250/3250 3251/3251/3251
f 3249/3249/3249 3247/3247/3247 3222/3222/3222
f 3251/3251/3251 3249/3249/3249 3252/3252/3252
f 3252/3252/3252 3249/3249/3249 3222/3222/3222
f 3203/3203/3203 3251/3251/3251 3209/3209/3209
f 3251/3251/3251 3252/3252/3252 3209/3209/3209
f 3202/3202/3202 3203/3203/3203 3205/3205/3205
f 3203/3203/3203 3209/3209/3209 3205/3205/3205
f 3202/3202/3202 3205/3205/3205 3204/3204/3204
f 3204/3204/3204 3205/3205/3205 3207/3207/3207
f 3207/3207/3207 3205/3205/3205 3209/3209/3209
f 3204/3204/3204 3207/3207/3207 3206/3206/3206
f 3207/3207/3207 3209/3209/3209 3208/3208/3208
f 3206/3206/3206 3207/3207/3207 3211/3211/3211
f 3211/3211/3211 3207/3207/3207 3208/3208/3208
f 3206/3206/3206 3211/3211/3211 3210/3210/3210
f 3261/3261/3261 3210/3210/3210 3211/3211/3211
f 3261/3261/3261 3211/3211/3211 3260/3260/3260
f 3209/3209/3209 3214/3214/3214 3208/3208/3208
f 3209/3209/3209 3252/3252/3252 3214/3214/3214
f 3211/3211/3211 3208/3208/3208 3212/3212/3212
f 3260/3260/3260 3211/3211/3211 3212/3212/3212
f 3212/3212/3212 3208/3208/3208 3214/3214/3214
f 3260/3260/3260 3212/3212/3212 3258/3258/3258
f 3260/3260/3260 3258/3258/3258 3257/3257/3257
f 3257/3257/3257 3258/3258/3258 3254/3254/3254
f 3212/3212/3212 3254/3254/3254 3258/3258/3258
f 3257/3257/3257 3254/3254/3254 3255/3255/3255
f 3212/3212/3212 3214/3214/3214 3213/3213/3213
f 3212/3212/3212 3213/3213/3213 3254/3254/3254
f 3254/3254/3254 3256/3256/3256 3255/3255/3255
f 3255/3255/3255 3256/3256/3256 3268/3268/3268
f 3213/3213/3213 3253/3253/3253 3254/3254/3254
f 3254/3254/3254 3253/3253/3253 3256/3256/3256
f 3214/3214/3214 3215/3215/3215 3213/3213/3213
f 3213/3213/3213 3215/3215/3215 3253/3253/3253
f 2836/2836/2836 3268/3268/3268 3256/3256/3256
f 3253/3253/3253 2836/2836/2836 3256/3256/3256
f 3214/3214/3214 3252/3252/3252 3217/3217/3217
f 3252/3252/3252 3222/3222/3222 3217/3217/3217
f 3214/3214/3214 3216/3216/3216 3215/3215/3215
f 3214/3214/3214 3217/3217/3217 3216/3216/3216
f 3253/3253/3253 3215/3215/3215 2842/2842/2842
f 3216/3216/3216 2842/2842/2842 3215/3215/3215
f 3222/3222/3222 3218/3218/3218 3217/3217/3217
f 3218/3218/3218 3216/3216/3216 3217/3217/3217
f 3253/3253/3253 2842/2842/2842 2839/2839/2839
f 3253/3253/3253 2839/2839/2839 2836/2836/2836
f 3216/3216/3216 3219/3219/3219 2842/2842/2842
f 3218/3218/3218 3219/3219/3219 3216/3216/3216
f 2836/2836/2836 2835/2835/2835 3268/3268/3268
f 2820/2820/2820 3268/3268/3268 2835/2835/2835
f 2839/2839/2839 2838/2838/2838 2836/2836/2836
f 2820/2820/2820 2835/2835/2835 2823/2823/2823
f 2818/2818/2818 2820/2820/2820 2823/2823/2823
f 2836/2836/2836 2834/2834/2834 2835/2835/2835
f 2823/2823/2823 2835/2835/2835 2834/2834/2834
f 2836/2836/2836 2838/2838/2838 2834/2834/2834
f 2818/2818/2818 2823/2823/2823 2822/2822/2822
f 2818/2818/2818 2822/2822/2822 2821/2821/2821
f 2823/2823/2823 2834/2834/2834 2833/2833/2833
f 2823/2823/2823 2828/2828/2828 2822/2822/2822
f 2823/2823/2823 2833/2833/2833 2828/2828/2828
f 2821/2821/2821 2822/2822/2822 2828/2828/2828
f 2834/2834/2834 2832/2832/2832 2833/2833/2833
f 2828/2828/2828 2833/2833/2833 2832/2832/2832
f 2838/2838/2838 2837/2837/2837 2834/2834/2834
f 2834/2834/2834 2837/2837/2837 2832/2832/2832
f 2839/2839/2839 2841/2841/2841 2838/2838/2838
f 2842/2842/2842 2841/2841/2841 2839/2839/2839
f 2838/2838/2838 2840/2840/2840 2837/2837/2837
f 2841/2841/2841 2840/2840/2840 2838/2838/2838
f 2832/2832/2832 2837/2837/2837 2852/2852/2852
f 2840/2840/2840 2852/2852/2852 2837/2837/2837
f 2842/2842/2842 2844/2844/2844 2841/2841/2841
f 2841/2841/2841 2843/2843/2843 2840/2840/2840
f 2844/2844/2844 2843/2843/2843 2841/2841/2841
f 2840/2840/2840 2845/2845/2845 2852/2852/2852
f 2843/2843/2843 2845/2845/2845 2840/2840/2840
f 2842/2842/2842 3221/3221/3221 2844/2844/2844
f 3221/3221/3221 2842/2842/2842 3219/3219/3219
f 2844/2844/2844 2847/2847/2847 2843/2843/2843
f 3221/3221/3221 2847/2847/2847 2844/2844/2844
f 2843/2843/2843 2846/2846/2846 2845/2845/2845
f 2847/2847/2847 2846/2846/2846 2843/2843/2843
f 3219/3219/3219 3220/3220/3220 3221/3221/3221
f 3220/3220/3220 3219/3219/3219 3218/3218/3218
f 2845/2845/2845 2846/2846/2846 2848/2848/2848
f 2845/2845/2845 2848/2848/2848 2850/2850/2850
f 2852/2852/2852 2845/2845/2845 2850/2850/2850
f 2846/2846/2846 2849/2849/2849 2848/2848/2848
f 2852/2852/2852 2850/2850/2850 2851/2851/2851
f 2846/2846/2846 3233/3233/3233 2849/2849/2849
f 2847/2847/2847 3233/3233/3233 2846/2846/2846
f 3233/3233/3233 3234/3234/3234 2849/2849/2849
f 2854/2854/2854 2852/2852/2852 2851/2851/2851
f 2832/2832/2832 2852/2852/2852 2854/2854/2854
f 2854/2854/2854 2851/2851/2851 2853/2853/2853
f 3234/3234/3234 3233/3233/3233 3232/3232/3232
f 2847/2847/2847 3232/3232/3232 3233/3233/3233
f 2856/2856/2856 2854/2854/2854 2853/2853/2853
f 2856/2856/2856 2853/2853/2853 2855/2855/2855
f 2831/2831/2831 2832/2832/2832 2854/2854/2854
f 2831/2831/2831 2854/2854/2854 2856/2856/2856
f 2828/2828/2828 2832/2832/2832 2831/2831/2831
f 2855/2855/2855 2857/2857/2857 2856/2856/2856
f 2831/2831/2831 2856/2856/2856 2857/2857/2857
f 2855/2855/2855 2858/2858/2858 2857/2857/2857
f 2859/2859/2859 2857/2857/2857 2858/2858/2858
f 2830/2830/2830 2828/2828/2828 2831/2831/2831
f 2831/2831/2831 2857/2857/2857 2830/2830/2830
f 2830/2830/2830 2827/2827/2827 2828/2828/2828
f 2821/2821/2821 2828/2828/2828 2827/2827/2827
f 2859/2859/2859 2860/2860/2860 2857/2857/2857
f 2827/2827/2827 2826/2826/2826 2821/2821/2821
f 2821/2821/2821 2826/2826/2826 2824/2824/2824
f 2862/2862/2862 2857/2857/2857 2860/2860/2860
f 2862/2862/2862 2830/2830/2830 2857/2857/2857
f 2859/2859/2859 2861/2861/2861 2860/2860/2860
f 2861/2861/2861 2862/2862/2862 2860/2860/2860
f 2859/2859/2859 2975/2975/2975 2861/2861/2861
f 2830/2830/2830 2829/2829/2829 2827/2827/2827
f 2830/2830/2830 2862/2862/2862 2829/2829/2829
f 2827/2827/2827 2829/2829/2829 2826/2826/2826
f 2861/2861/2861 2863/2863/2863 2862/2862/2862
f 2863/2863/2863 2829/2829/2829 2862/2862/2862
f 2975/2975/2975 2864/2864/2864 2861/2861/2861
f 2864/2864/2864 2863/2863/2863 2861/2861/2861
f 2975/2975/2975 2974/2974/2974 2864/2864/2864
f 2973/2973/2973 2864/2864/2864 2974/2974/2974
f 2824/2824/2824 2826/2826/2826 2867/2867/2867
f 2829/2829/2829 2867/2867/2867 2826/2826/2826
f 2824/2824/2824 2867/2867/2867 2870/2870/2870
f 2863/2863/2863 2865/2865/2865 2829/2829/2829
f 2829/2829/2829 2865/2865/2865 2867/2867/2867
f 2869/2869/2869 2870/2870/2870 2867/2867/2867
f 2869/2869/2869 2867/2867/2867 2865/2865/2865
f 2869/2869/2869 2872/2872/2872 2870/2870/2870
f 2871/2871/2871 2872/2872/2872 2869/2869/2869
f 2866/2866/2866 2865/2865/2865 2863/2863/2863
f 2864/2864/2864 2866/2866/2866 2863/2863/2863
f 2869/2869/2869 2865/2865/2865 2868/2868/2868
f 2868/2868/2868 2871/2871/2871 2869/2869/2869
f 2866/2866/2866 2868/2868/2868 2865/2865/2865
f 2878/2878/2878 2866/2866/2866 2864/2864/2864
f 2973/2973/2973 2878/2878/2878 2864/2864/2864
f 2876/2876/2876 2868/2868/2868 2866/2866/2866
f 2878/2878/2878 2876/2876/2876 2866/2866/2866
f 2868/2868/2868 2875/2875/2875 2871/2871/2871
f 2876/2876/2876 2875/2875/2875 2868/2868/2868
f 2875/2875/2875 2874/2874/2874 2871/2871/2871
f 2973/2973/2973 2879/2879/2879 2878/2878/2878
f 2879/2879/2879 2876/2876/2876 2878/2878/2878
f 2973/2973/2973 2972/2972/2972 2879/2879/2879
f 2971/2971/2971 2879/2879/2879 2972/2972/2972
f 2877/2877/2877 2875/2875/2875 2876/2876/2876
f 2879/2879/2879 2877/2877/2877 2876/2876/2876
f 2875/2875/2875 2880/2880/2880 2874/2874/2874
f 2877/2877/2877 2880/2880/2880 2875/2875/2875
f 2886/2886/2886 2874/2874/2874 2880/2880/2880
f 2971/2971/2971 2882/2882/2882 2879/2879/2879
f 2877/2877/2877 2879/2879/2879 2882/2882/2882
f 2970/2970/2970 2882/2882/2882 2971/2971/2971
f 2881/2881/2881 2880/2880/2880 2877/2877/2877
f 2877/2877/2877 2882/2882/2882 2881/2881/2881
f 2886/2886/2886 2880/2880/2880 2884/2884/2884
f 2881/2881/2881 2884/2884/2884 2880/2880/2880
f 2970/2970/2970 2969/2969/2969 2882/2882/2882
f 2884/2884/2884 2887/2887/2887 2886/2886/2886
f 2886/2886/2886 2887/2887/2887 2889/2889/2889
f 2961/2961/2961 2889/2889/2889 2887/2887/2887
f 2882/2882/2882 2969/2969/2969 2883/2883/2883
f 2882/2882/2882 2883/2883/2883 2881/2881/2881
f 2970/2970/2970 2966/2966/2966 2969/2969/2969
f 2966/2966/2966 2883/2883/2883 2969/2969/2969
f 2970/2970/2970 2967/2967/2967 2966/2966/2966
f 2968/2968/2968 2966/2966/2966 2967/2967/2967
f 2881/2881/2881 2885/2885/2885 2884/2884/2884
f 2881/2881/2881 2883/2883/2883 2885/2885/2885
f 2884/2884/2884 2885/2885/2885 2887/2887/2887
f 2966/2966/2966 2963/2963/2963 2883/2883/2883
f 2963/2963/2963 2885/2885/2885 2883/2883/2883
f 2962/2962/2962 2961/2961/2961 2887/2887/2887
f 2962/2962/2962 2887/2887/2887 2885/2885/2885
f 2963/2963/2963 2962/2962/2962 2885/2885/2885
f 2956/2956/2956 2961/2961/2961 2962/2962/2962
f 2965/2965/2965 2963/2963/2963 2966/2966/2966
f 2968/2968/2968 2965/2965/2965 2966/2966/2966
f 2964/2964/2964 2962/2962/2962 2963/2963/2963
f 2965/2965/2965 2964/2964/2964 2963/2963/2963
f 2956/2956/2956 2962/2962/2962 2958/2958/2958
f 2964/2964/2964 2958/2958/2958 2962/2962/2962
f 2955/2955/2955 2956/2956/2956 2958/2958/2958
f 2950/2950/2950 2958/2958/2958 2964/2964/2964
f 2950/2950/2950 2955/2955/2955 2958/2958/2958
f 2965/2965/2965 2950/2950/2950 2964/2964/2964
f 2951/2951/2951 2955/2955/2955 2950/2950/2950
f 2968/2968/2968 2948/2948/2948 2965/2965/2965
f 2965/2965/2965 2948/2948/2948 2950/2950/2950
f 2968/2968/2968 2949/2949/2949 2948/2948/2948
f 2951/2951/2951 2950/2950/2950 2947/2947/2947
f 2947/2947/2947 2950/2950/2950 2948/2948/2948
f 2949/2949/2949 2946/2946/2946 2948/2948/2948
f 2947/2947/2947 2948/2948/2948 2946/2946/2946
f 2949/2949/2949 4910/4910/4910 2946/2946/2946
f 2946/2946/2946 4910/4910/4910 2945/2945/2945
f 2951/2951/2951 2947/2947/2947 2933/2933/2933
f 2951/2951/2951 2933/2933/2933 2952/2952/2952
f 2947/2947/2947 2946/2946/2946 2944/2944/2944
f 2946/2946/2946 2945/2945/2945 2944/2944/2944
f 2947/2947/2947 2944/2944/2944 2933/2933/2933
f 2944/2944/2944 2945/2945/2945 2943/2943/2943
f 2931/2931/2931 2952/2952/2952 2933/2933/2933
f 2944/2944/2944 2943/2943/2943 2941/2941/2941
f 2941/2941/2941 2943/2943/2943 2940/2940/2940
f 2932/2932/2932 2933/2933/2933 2944/2944/2944
f 2932/2932/2932 2944/2944/2944 2941/2941/2941
f 2931/2931/2931 2933/2933/2933 2932/2932/2932
f 2941/2941/2941 2940/2940/2940 2938/2938/2938
f 2932/2932/2932 2941/2941/2941 2938/2938/2938
f 2931/2931/2931 2932/2932/2932 2934/2934/2934
f 2932/2932/2932 2938/2938/2938 2934/2934/2934
f 2931/2931/2931 2934/2934/2934 2930/2930/2930
f 2939/2939/2939 2938/2938/2938 2940/2940/2940
f 2939/2939/2939 2934/2934/2934 2938/2938/2938
f 2939/2939/2939 2940/2940/2940 2942/2942/2942
f 2939/2939/2939 2942/2942/2942 2977/2977/2977
f 2930/2930/2930 2934/2934/2934 2936/2936/2936
f 2939/2939/2939 2936/2936/2936 2934/2934/2934
f 2939/2939/2939 2977/2977/2977 2976/2976/2976
f 2936/2936/2936 2939/2939/2939 2976/2976/2976
f 2976/2976/2976 2977/2977/2977 2979/2979/2979
f 2930/2930/2930 2936/2936/2936 2935/2935/2935
f 2937/2937/2937 2930/2930/2930 2935/2935/2935
f 2936/2936/2936 2976/2976/2976 2980/2980/2980
f 2935/2935/2935 2936/2936/2936 2980/2980/2980
f 2976/2976/2976 2979/2979/2979 2978/2978/2978
f 2978/2978/2978 2980/2980/2980 2976/2976/2976
f 2984/2984/2984 2978/2978/2978 2979/2979/2979
f 2937/2937/2937 2935/2935/2935 2986/2986/2986
f 2935/2935/2935 2980/2980/2980 2986/2986/2986
f 2937/2937/2937 2986/2986/2986 3027/3027/3027
f 2978/2978/2978 2983/2983/2983 2980/2980/2980
f 2986/2986/2986 2980/2980/2980 2983/2983/2983
f 2984/2984/2984 2982/2982/2982 2978/2978/2978
f 2983/2983/2983 2978/2978/2978 2982/2982/2982
f 2988/2988/2988 3027/3027/3027 2986/2986/2986
f 3024/3024/3024 3027/3027/3027 2988/2988/2988
f 3024/3024/3024 2988/2988/2988 2994/2994/2994
f 2994/2994/2994 2988/2988/2988 2992/2992/2992
f 2986/2986/2986 2983/2983/2983 2985/2985/2985
f 2988/2988/2988 2986/2986/2986 2985/2985/2985
f 2985/2985/2985 2983/2983/2983 2981/2981/2981
f 2983/2983/2983 2982/2982/2982 2981/2981/2981
f 2987/2987/2987 2988/2988/2988 2985/2985/2985
f 2985/2985/2985 2981/2981/2981 2987/2987/2987
f 2987/2987/2987 2992/2992/2992 2988/2988/2988
f 3059/3059/3059 2982/2982/2982 2984/2984/2984
f 3059/3059/3059 2984/2984/2984 3057/3057/3057
f 2989/2989/2989 2981/2981/2981 2982/2982/2982
f 2989/2989/2989 2982/2982/2982 3059/3059/3059
f 2990/2990/2990 2987/2987/2987 2981/2981/2981
f 2992/2992/2992 2987/2987/2987 2990/2990/2990
f 2990/2990/2990 2981/2981/2981 2989/2989/2989
f 3055/3055/3055 3059/3059/3059 3057/3057/3057
f 2989/2989/2989 3059/3059/3059 3055/3055/3055
f 3055/3055/3055 3057/3057/3057 3056/3056/3056
f 3055/3055/3055 3056/3056/3056 3058/3058/3058
f 2992/2992/2992 2990/2990/2990 2991/2991/2991
f 2995/2995/2995 2992/2992/2992 2991/2991/2991
f 2995/2995/2995 2991/2991/2991 3000/3000/3000
f 3000/3000/3000 2991/2991/2991 2990/2990/2990
f 2995/2995/2995 3000/3000/3000 2999/2999/2999
f 2999/2999/2999 3000/3000/3000 3049/3049/3049
f 3000/3000/3000 2990/2990/2990 3051/3051/3051
f 3049/3049/3049 3000/3000/3000 3051/3051/3051
f 2990/2990/2990 2989/2989/2989 3053/3053/3053
f 2990/2990/2990 3053/3053/3053 3051/3051/3051
f 2989/2989/2989 3055/3055/3055 3053/3053/3053
f 3049/3049/3049 3051/3051/3051 3050/3050/3050
f 3050/3050/3050 3051/3051/3051 3053/3053/3053
f 3049/3049/3049 3050/3050/3050 3048/3048/3048
f 3053/3053/3053 3055/3055/3055 3054/3054/3054
f 3055/3055/3055 3058/3058/3058 3054/3054/3054
f 3050/3050/3050 3053/3053/3053 3052/3052/3052
f 3053/3053/3053 3054/3054/3054 3052/3052/3052
f 3050/3050/3050 3069/3069/3069 3048/3048/3048
f 3050/3050/3050 3052/3052/3052 3069/3069/3069
f 3069/3069/3069 3052/3052/3052 3054/3054/3054
f 3047/3047/3047 3048/3048/3048 3069/3069/3069
f 3061/3061/3061 3054/3054/3054 3058/3058/3058
f 3069/3069/3069 3054/3054/3054 3061/3061/3061
f 3061/3061/3061 3058/3058/3058 3060/3060/3060
f 3047/3047/3047 3069/3069/3069 3066/3066/3066
f 3066/3066/3066 3069/3069/3069 3061/3061/3061
f 3047/3047/3047 3066/3066/3066 3067/3067/3067
f 3062/3062/3062 3061/3061/3061 3060/3060/3060
f 3066/3066/3066 3064/3064/3064 3067/3067/3067
f 3066/3066/3066 3061/3061/3061 3065/3065/3065
f 3062/3062/3062 3065/3065/3065 3061/3061/3061
f 3066/3066/3066 3065/3065/3065 3064/3064/3064
f 3064/3064/3064 3065/3065/3065 3062/3062/3062
f 3071/3071/3071 3067/3067/3067 3064/3064/3064
f 3064/3064/3064 3062/3062/3062 3063/3063/3063
f 3063/3063/3063 3070/3070/3070 3064/3064/3064
f 3071/3071/3071 3064/3064/3064 3070/3070/3070
f 3070/3070/3070 3063/3063/3063 3168/3168/3168
f 3144/3144/3144 3071/3071/3071 3070/3070/3070
f 3147/3147/3147 3071/3071/3071 3144/3144/3144
f 3168/3168/3168 3141/3141/3141 3070/3070/3070
f 3144/3144/3144 3070/3070/3070 3141/3141/3141
f 3141/3141/3141 3168/3168/3168 3140/3140/3140
f 3146/3146/3146 3147/3147/3147 3144/3144/3144
f 3142/3142/3142 3141/3141/3141 3140/3140/3140
f 3146/3146/3146 3144/3144/3144 3143/3143/3143
f 3142/3142/3142 3139/3139/3139 3141/3141/3141
f 3144/3144/3144 3141/3141/3141 3139/3139/3139
f 3144/3144/3144 3139/3139/3139 3143/3143/3143
f 3139/3139/3139 3142/3142/3142 3137/3137/3137
f 3145/3145/3145 3146/3146/3146 3143/3143/3143
f 3139/3139/3139 3137/3137/3137 3138/3138/3138
f 3143/3143/3143 3139/3139/3139 3138/3138/3138
f 3145/3145/3145 3143/3143/3143 3136/3136/3136
f 3143/3143/3143 3138/3138/3138 3136/3136/3136
f 3136/3136/3136 3167/3167/3167 3145/3145/3145
f 3137/3137/3137 3134/3134/3134 3138/3138/3138
f 3136/3136/3136 3138/3138/3138 3134/3134/3134
f 3134/3134/3134 3137/3137/3137 3135/3135/3135
f 3136/3136/3136 3132/3132/3132 3167/3167/3167
f 3136/3136/3136 3134/3134/3134 3132/3132/3132
f 3132/3132/3132 3133/3133/3133 3167/3167/3167
f 3164/3164/3164 3167/3167/3167 3133/3133/3133
f 3134/3134/3134 3129/3129/3129 3132/3132/3132
f 3133/3133/3133 3132/3132/3132 3129/3129/3129
f 3135/3135/3135 3131/3131/3131 3134/3134/3134
f 3129/3129/3129 3134/3134/3134 3131/3131/3131
f 3131/3131/3131 3135/3135/3135 3169/3169/3169
f 3131/3131/3131 3169/3169/3169 3170/3170/3170
f 3123/3123/3123 3133/3133/3133 3129/3129/3129
f 3164/3164/3164 3133/3133/3133 3123/3123/3123
f 3124/3124/3124 3129/3129/3129 3131/3131/3131
f 3123/3123/3123 3129/3129/3129 3124/3124/3124
f 3131/3131/3131 3170/3170/3170 3130/3130/3130
f 3124/3124/3124 3131/3131/3131 3130/3130/3130
f 3127/3127/3127 3130/3130/3130 3170/3170/3170
f 3124/3124/3124 3130/3130/3130 3127/3127/3127
f 3127/3127/3127 3170/3170/3170 3171/3171/3171
f 3124/3124/3124 3127/3127/3127 3125/3125/3125
f 3125/3125/3125 3123/3123/3123 3124/3124/3124
f 3128/3128/3128 3127/3127/3127 3171/3171/3171
f 3125/3125/3125 3127/3127/3127 3128/3128/3128
f 3128/3128/3128 3171/3171/3171 3172/3172/3172
f 3128/3128/3128 3172/3172/3172 3174/3174/3174
f 3164/3164/3164 3123/3123/3123 3163/3163/3163
f 3120/3120/3120 3164/3164/3164 3163/3163/3163
f 3125/3125/3125 3122/3122/3122 3123/3123/3123
f 3120/3120/3120 3163/3163/3163 3117/3117/3117
f 3117/3117/3117 3163/3163/3163 3123/3123/3123
f 3117/3117/3117 3123/3123/3123 3122/3122/3122
f 3120/3120/3120 3117/3117/3117 3118/3118/3118
f 3113/3113/3113 3118/3118/3118 3117/3117/3117
f 3122/3122/3122 3125/3125/3125 3126/3126/3126
f 3125/3125/3125 3128/3128/3128 3126/3126/3126
f 3113/3113/3113 3117/3117/3117 3115/3115/3115
f 3116/3116/3116 3113/3113/3113 3115/3115/3115
f 3117/3117/3117 3122/3122/3122 3121/3121/3121
f 3117/3117/3117 3121/3121/3121 3115/3115/3115
f 3122/3122/3122 3126/3126/3126 3121/3121/3121
f 3116/3116/3116 3115/3115/3115 3114/3114/3114
f 3114/3114/3114 3115/3115/3115 3121/3121/3121
f 3182/3182/3182 3116/3116/3116 3114/3114/3114
f 3180/3180/3180 3121/3121/3121 3126/3126/3126
f 3114/3114/3114 3121/3121/3121 3180/3180/3180
f 3182/3182/3182 3114/3114/3114 3181/3181/3181
f 3182/3182/3182 3181/3181/3181 3184/3184/3184
f 3114/3114/3114 3179/3179/3179 3181/3181/3181
f 3184/3184/3184 3181/3181/3181 3179/3179/3179
f 3114/3114/3114 3180/3180/3180 3179/3179/3179
f 3180/3180/3180 3126/3126/3126 3175/3175/3175
f 3179/3179/3179 3180/3180/3180 3175/3175/3175
f 3175/3175/3175 3126/3126/3126 3128/3128/3128
f 3184/3184/3184 3179/3179/3179 3185/3185/3185
f 3175/3175/3175 3128/3128/3128 3173/3173/3173
f 3128/3128/3128 3174/3174/3174 3173/3173/3173
f 3185/3185/3185 3188/3188/3188 3184/3184/3184
f 3179/3179/3179 3175/3175/3175 3178/3178/3178
f 3178/3178/3178 3175/3175/3175 3173/3173/3173
f 3185/3185/3185 3179/3179/3179 3178/3178/3178
f 3177/3177/3177 3173/3173/3173 3174/3174/3174
f 3178/3178/3178 3173/3173/3173 3177/3177/3177
f 3177/3177/3177 3174/3174/3174 3176/3176/3176
f 3177/3177/3177 3176/3176/3176 3242/3242/3242
f 3185/3185/3185 3178/3178/3178 3244/3244/3244
f 3244/3244/3244 3178/3178/3178 3177/3177/3177
f 3177/3177/3177 3242/3242/3242 3241/3241/3241
f 3244/3244/3244 3177/3177/3177 3241/3241/3241
f 3242/3242/3242 3240/3240/3240 3241/3241/3241
f 3244/3244/3244 3241/3241/3241 3240/3240/3240
f 3240/3240/3240 3242/3242/3242 3238/3238/3238
f 3245/3245/3245 3185/3185/3185 3244/3244/3244
f 3188/3188/3188 3185/3185/3185 3245/3245/3245
f 3244/3244/3244 3240/3240/3240 3243/3243/3243
f 3245/3245/3245 3244/3244/3244 3243/3243/3243
f 3239/3239/3239 3240/3240/3240 3238/3238/3238
f 3239/3239/3239 3238/3238/3238 3237/3237/3237
f 3229/3229/3229 3243/3243/3243 3240/3240/3240
f 3229/3229/3229 3240/3240/3240 3239/3239/3239
f 3245/3245/3245 3243/3243/3243 3229/3229/3229
f 3228/3228/3228 3239/3239/3239 3237/3237/3237
f 3229/3229/3229 3239/3239/3239 3228/3228/3228
f 3228/3228/3228 3237/3237/3237 3236/3236/3236
f 3228/3228/3228 3236/3236/3236 3235/3235/3235
f 3245/3245/3245 3246/3246/3246 3188/3188/3188
f 3247/3247/3247 3188/3188/3188 3246/3246/3246
f 3228/3228/3228 3235/3235/3235 3230/3230/3230
f 3230/3230/3230 3235/3235/3235 3234/3234/3234
f 3230/3230/3230 3234/3234/3234 3232/3232/3232
f 3247/3247/3247 3246/3246/3246 3224/3224/3224
f 3247/3247/3247 3224/3224/3224 3222/3222/3222
f 3222/3222/3222 3224/3224/3224 3218/3218/3218
f 3246/3246/3246 3245/3245/3245 3226/3226/3226
f 3226/3226/3226 3224/3224/3224 3246/3246/3246
f 3245/3245/3245 3229/3229/3229 3226/3226/3226
f 3223/3223/3223 3218/3218/3218 3224/3224/3224
f 3224/3224/3224 3226/3226/3226 3223/3223/3223
f 3218/3218/3218 3223/3223/3223 3220/3220/3220
f 3226/3226/3226 3229/3229/3229 3225/3225/3225
f 3229/3229/3229 3228/3228/3228 3225/3225/3225
f 3226/3226/3226 3225/3225/3225 3223/3223/3223
f 3225/3225/3225 3228/3228/3228 3230/3230/3230
f 3223/3223/3223 3227/3227/3227 3220/3220/3220
f 3223/3223/3223 3225/3225/3225 3227/3227/3227
f 3225/3225/3225 3230/3230/3230 3227/3227/3227
f 3227/3227/3227 3230/3230/3230 3232/3232/3232
f 3221/3221/3221 3220/3220/3220 3227/3227/3227
f 3227/3227/3227 3232/3232/3232 3231/3231/3231
f 3221/3221/3221 3227/3227/3227 3231/3231/3231
f 2847/2847/2847 3231/3231/3231 3232/3232/3232
f 3221/3221/3221 3231/3231/3231 2847/2847/2847
f 3287/3287/3287 3286/3286/3286 3285/3285/3285
f 3287/3287/3287 3308/3308/3308 3286/3286/3286
f 3293/3293/3293 3285/3285/3285 3286/3286/3286
f 3293/3293/3293 3286/3286/3286 3292/3292/3292
f 3287/3287/3287 3305/3305/3305 3308/3308/3308
f 3305/3305/3305 3309/3309/3309 3308/3308/3308
f 3295/3295/3295 3287/3287/3287 3285/3285/3285
f 3311/3311/3311 3292/3292/3292 3309/3309/3309
f 3294/3294/3294 3285/3285/3285 3293/3293/3293
f 3294/3294/3294 3295/3295/3295 3285/3285/3285
f 3293/3293/3293 3292/3292/3292 3291/3291/3291
f 3311/3311/3311 3291/3291/3291 3292/3292/3292
f 3293/3293/3293 3299/3299/3299 3294/3294/3294
f 3293/3293/3293 3291/3291/3291 3299/3299/3299
f 3296/3296/3296 3295/3295/3295 3294/3294/3294
f 3296/3296/3296 3294/3294/3294 3299/3299/3299
f 3295/3295/3295 3300/3300/3300 3287/3287/3287
f 3300/3300/3300 3305/3305/3305 3287/3287/3287
f 3297/3297/3297 3295/3295/3295 3296/3296/3296
f 3297/3297/3297 3300/3300/3300 3295/3295/3295
f 3296/3296/3296 3299/3299/3299 3298/3298/3298
f 3297/3297/3297 3301/3301/3301 3300/3300/3300
f 3300/3300/3300 3301/3301/3301 3305/3305/3305
f 3310/3310/3310 3299/3299/3299 3291/3291/3291
f 3298/3298/3298 3299/3299/3299 3310/3310/3310
f 3310/3310/3310 3291/3291/3291 3311/3311/3311
f 3303/3303/3303 3301/3301/3301 3297/3297/3297
f 3303/3303/3303 3305/3305/3305 3301/3301/3301
f 3303/3303/3303 3297/3297/3297 3302/3302/3302
f 3298/3298/3298 3304/3304/3304 3302/3302/3302
f 3298/3298/3298 3310/3310/3310 3304/3304/3304
f 3302/3302/3302 3304/3304/3304 3303/3303/3303
f 3310/3310/3310 3311/3311/3311 3307/3307/3307
f 3310/3310/3310 3307/3307/3307 3304/3304/3304
f 3303/3303/3303 3304/3304/3304 3307/3307/3307
f 3311/3311/3311 3309/3309/3309 3307/3307/3307
f 3303/3303/3303 3306/3306/3306 3305/3305/3305
f 3303/3303/3303 3307/3307/3307 3306/3306/3306
f 3305/3305/3305 3306/3306/3306 3309/3309/3309
f 3306/3306/3306 3307/3307/3307 3309/3309/3309
f 3314/3314/3314 3313/3313/3313 3312/3312/3312
f 3314/3314/3314 3380/3380/3380 3313/3313/3313
f 3378/3378/3378 3313/3313/3313 3380/3380/3380
f 3314/3314/3314 3382/3382/3382 3380/3380/3380
f 3378/3378/3378 3315/3315/3315 3313/3313/3313
f 3313/3313/3313 3315/3315/3315 3312/3312/3312
f 3382/3382/3382 3314/3314/3314 3316/3316/3316
f 3316/3316/3316 3314/3314/3314 3312/3312/3312
f 3379/3379/3379 3380/3380/3380 3382/3382/3382
f 3376/3376/3376 3378/3378/3378 3380/3380/3380
f 3376/3376/3376 3380/3380/3380 3379/3379/3379
f 3315/3315/3315 3378/3378/3378 3377/3377/3377
f 3375/3375/3375 3376/3376/3376 3379/3379/3379
f 3375/3375/3375 3379/3379/3379 3384/3384/3384
f 3373/3373/3373 3376/3376/3376 3375/3375/3375
f 3384/3384/3384 3379/3379/3379 3381/3381/3381
f 3379/3379/3379 3382/3382/3382 3381/3381/3381
f 3384/3384/3384 3381/3381/3381 3383/3383/3383
f 3373/3373/3373 3374/3374/3374 3376/3376/3376
f 3378/3378/3378 3376/3376/3376 3374/3374/3374
f 3378/3378/3378 3374/3374/3374 3377/3377/3377
f 3371/3371/3371 3374/3374/3374 3373/3373/3373
f 3383/3383/3383 3381/3381/3381 3386/3386/3386
f 3371/3371/3371 3372/3372/3372 3374/3374/3374
f 3377/3377/3377 3374/3374/3374 3372/3372/3372
f 3383/3383/3383 3386/3386/3386 3385/3385/3385
f 3370/3370/3370 3372/3372/3372 3371/3371/3371
f 3390/3390/3390 3381/3381/3381 3382/3382/3382
f 3390/3390/3390 3386/3386/3386 3381/3381/3381
f 3382/3382/3382 3316/3316/3316 3390/3390/3390
f 3385/3385/3385 3386/3386/3386 3388/3388/3388
f 3385/3385/3385 3388/3388/3388 3387/3387/3387
f 3395/3395/3395 3387/3387/3387 3388/3388/3388
f 3386/3386/3386 3390/3390/3390 3389/3389/3389
f 3386/3386/3386 3389/3389/3389 3388/3388/3388
f 3390/3390/3390 3316/3316/3316 3319/3319/3319
f 3390/3390/3390 3319/3319/3319 3389/3389/3389
f 3319/3319/3319 3316/3316/3316 3312/3312/3312
f 3395/3395/3395 3388/3388/3388 3392/3392/3392
f 3392/3392/3392 3388/3388/3388 3389/3389/3389
f 3396/3396/3396 3395/3395/3395 3392/3392/3392
f 3319/3319/3319 3391/3391/3391 3389/3389/3389
f 3392/3392/3392 3389/3389/3389 3391/3391/3391
f 3396/3396/3396 3392/3392/3392 3394/3394/3394
f 3394/3394/3394 3392/3392/3392 3391/3391/3391
f 3398/3398/3398 3396/3396/3396 3394/3394/3394
f 3319/3319/3319 3331/3331/3331 3391/3391/3391
f 3331/3331/3331 3319/3319/3319 3312/3312/3312
f 3394/3394/3394 3391/3391/3391 3393/3393/3393
f 3393/3393/3393 3391/3391/3391 3331/3331/3331
f 3398/3398/3398 3394/3394/3394 3397/3397/3397
f 3397/3397/3397 3394/3394/3394 3393/3393/3393
f 3399/3399/3399 3398/3398/3398 3397/3397/3397
f 3393/3393/3393 3331/3331/3331 3329/3329/3329
f 3329/3329/3329 3331/3331/3331 3312/3312/3312
f 3397/3397/3397 3393/3393/3393 3400/3400/3400
f 3400/3400/3400 3393/3393/3393 3329/3329/3329
f 3399/3399/3399 3397/3397/3397 3341/3341/3341
f 3341/3341/3341 3397/3397/3397 3400/3400/3400
f 3342/3342/3342 3399/3399/3399 3341/3341/3341
f 3400/3400/3400 3329/3329/3329 3330/3330/3330
f 3330/3330/3330 3329/3329/3329 3312/3312/3312
f 3341/3341/3341 3400/3400/3400 3337/3337/3337
f 3337/3337/3337 3400/3400/3400 3330/3330/3330
f 3342/3342/3342 3341/3341/3341 3338/3338/3338
f 3338/3338/3338 3341/3341/3341 3337/3337/3337
f 3340/3340/3340 3342/3342/3342 3338/3338/3338
f 3337/3337/3337 3330/3330/3330 3332/3332/3332
f 3332/3332/3332 3330/3330/3330 3312/3312/3312
f 3338/3338/3338 3337/3337/3337 3336/3336/3336
f 3336/3336/3336 3337/3337/3337 3332/3332/3332
f 3340/3340/3340 3338/3338/3338 3339/3339/3339
f 3339/3339/3339 3338/3338/3338 3336/3336/3336
f 3344/3344/3344 3340/3340/3340 3339/3339/3339
f 3336/3336/3336 3332/3332/3332 3334/3334/3334
f 3334/3334/3334 3332/3332/3332 3312/3312/3312
f 3339/3339/3339 3336/3336/3336 3335/3335/3335
f 3335/3335/3335 3336/3336/3336 3334/3334/3334
f 3344/3344/3344 3339/3339/3339 3343/3343/3343
f 3343/3343/3343 3339/3339/3339 3335/3335/3335
f 3346/3346/3346 3344/3344/3344 3343/3343/3343
f 3335/3335/3335 3334/3334/3334 3333/3333/3333
f 3333/3333/3333 3334/3334/3334 3312/3312/3312
f 3343/3343/3343 3335/3335/3335 3347/3347/3347
f 3347/3347/3347 3335/3335/3335 3333/3333/3333
f 3346/3346/3346 3343/3343/3343 3345/3345/3345
f 3345/3345/3345 3343/3343/3343 3347/3347/3347
f 3351/3351/3351 3346/3346/3346 3345/3345/3345
f 3347/3347/3347 3333/3333/3333 3326/3326/3326
f 3326/3326/3326 3333/3333/3333 3312/3312/3312
f 3345/3345/3345 3347/3347/3347 3348/3348/3348
f 3348/3348/3348 3347/3347/3347 3326/3326/3326
f 3351/3351/3351 3345/3345/3345 3350/3350/3350
f 3350/3350/3350 3345/3345/3345 3348/3348/3348
f 3353/3353/3353 3351/3351/3351 3350/3350/3350
f 3348/3348/3348 3326/3326/3326 3324/3324/3324
f 3324/3324/3324 3326/3326/3326 3312/3312/3312
f 3350/3350/3350 3348/3348/3348 3349/3349/3349
f 3349/3349/3349 3348/3348/3348 3324/3324/3324
f 3353/3353/3353 3350/3350/3350 3352/3352/3352
f 3352/3352/3352 3350/3350/3350 3349/3349/3349
f 3356/3356/3356 3353/3353/3353 3352/3352/3352
f 3349/3349/3349 3324/3324/3324 3325/3325/3325
f 3325/3325/3325 3324/3324/3324 3312/3312/3312
f 3352/3352/3352 3349/3349/3349 3354/3354/3354
f 3354/3354/3354 3349/3349/3349 3325/3325/3325
f 3356/3356/3356 3352/3352/3352 3355/3355/3355
f 3355/3355/3355 3352/3352/3352 3354/3354/3354
f 3354/3354/3354 3325/3325/3325 3322/3322/3322
f 3322/3322/3322 3325/3325/3325 3312/3312/3312
f 3355/3355/3355 3354/3354/3354 3357/3357/3357
f 3357/3357/3357 3354/3354/3354 3322/3322/3322
f 3356/3356/3356 3355/3355/3355 3359/3359/3359
f 3356/3356/3356 3359/3359/3359 3358/3358/3358
f 3357/3357/3357 3322/3322/3322 3320/3320/3320
f 3320/3320/3320 3322/3322/3322 3312/3312/3312
f 3366/3366/3366 3355/3355/3355 3357/3357/3357
f 3366/3366/3366 3359/3359/3359 3355/3355/3355
f 3321/3321/3321 3357/3357/3357 3320/3320/3320
f 3321/3321/3321 3366/3366/3366 3357/3357/3357
f 3321/3321/3321 3320/3320/3320 3312/3312/3312
f 3358/3358/3358 3359/3359/3359 3361/3361/3361
f 3358/3358/3358 3361/3361/3361 3360/3360/3360
f 3323/3323/3323 3366/3366/3366 3321/3321/3321
f 3323/3323/3323 3321/3321/3321 3312/3312/3312
f 3364/3364/3364 3359/3359/3359 3366/3366/3366
f 3323/3323/3323 3364/3364/3364 3366/3366/3366
f 3364/3364/3364 3361/3361/3361 3359/3359/3359
f 3328/3328/3328 3364/3364/3364 3323/3323/3323
f 3328/3328/3328 3323/3323/3323 3312/3312/3312
f 3365/3365/3365 3361/3361/3361 3364/3364/3364
f 3328/3328/3328 3365/3365/3365 3364/3364/3364
f 3360/3360/3360 3361/3361/3361 3363/3363/3363
f 3365/3365/3365 3363/3363/3363 3361/3361/3361
f 3360/3360/3360 3363/3363/3363 3362/3362/3362
f 3365/3365/3365 3328/3328/3328 3327/3327/3327
f 3327/3327/3327 3328/3328/3328 3312/3312/3312
f 3363/3363/3363 3365/3365/3365 3368/3368/3368
f 3365/3365/3365 3327/3327/3327 3368/3368/3368
f 3362/3362/3362 3363/3363/3363 3367/3367/3367
f 3363/3363/3363 3368/3368/3368 3367/3367/3367
f 3362/3362/3362 3367/3367/3367 3370/3370/3370
f 3370/3370/3370 3367/3367/3367 3372/3372/3372
f 3368/3368/3368 3327/3327/3327 3318/3318/3318
f 3318/3318/3318 3327/3327/3327 3312/3312/3312
f 3369/3369/3369 3367/3367/3367 3368/3368/3368
f 3369/3369/3369 3372/3372/3372 3367/3367/3367
f 3368/3368/3368 3318/3318/3318 3369/3369/3369
f 3377/3377/3377 3372/3372/3372 3369/3369/3369
f 3317/3317/3317 3318/3318/3318 3312/3312/3312
f 3317/3317/3317 3369/3369/3369 3318/3318/3318
f 3317/3317/3317 3377/3377/3377 3369/3369/3369
f 3315/3315/3315 3317/3317/3317 3312/3312/3312
f 3315/3315/3315 3377/3377/3377 3317/3317/3317
f 3403/3403/3403 3402/3402/3402 3401/3401/3401
f 3403/3403/3403 3482/3482/3482 3402/3402/3402
f 3402/3402/3402 3482/3482/3482 3480/3480/3480
f 3403/3403/3403 3477/3477/3477 3482/3482/3482
f 3402/3402/3402 3480/3480/3480 3404/3404/3404
f 3402/3402/3402 3404/3404/3404 3401/3401/3401
f 3405/3405/3405 3477/3477/3477 3403/3403/3403
f 3405/3405/3405 3403/3403/3403 3401/3401/3401
f 3478/3478/3478 3482/3482/3482 3477/3477/3477
f 3482/3482/3482 3481/3481/3481 3480/3480/3480
f 3482/3482/3482 3478/3478/3478 3481/3481/3481
f 3486/3486/3486 3404/3404/3404 3480/3480/3480
f 3483/3483/3483 3481/3481/3481 3478/3478/3478
f 3483/3483/3483 3478/3478/3478 3479/3479/3479
f 3484/3484/3484 3481/3481/3481 3483/3483/3483
f 3479/3479/3479 3478/3478/3478 3473/3473/3473
f 3478/3478/3478 3477/3477/3477 3473/3473/3473
f 3479/3479/3479 3473/3473/3473 3474/3474/3474
f 3484/3484/3484 3485/3485/3485 3481/3481/3481
f 3485/3485/3485 3480/3480/3480 3481/3481/3481
f 3485/3485/3485 3486/3486/3486 3480/3480/3480
f 3489/3489/3489 3485/3485/3485 3484/3484/3484
f 3475/3475/3475 3474/3474/3474 3473/3473/3473
f 3489/3489/3489 3488/3488/3488 3485/3485/3485
f 3486/3486/3486 3485/3485/3485 3488/3488/3488
f 3475/3475/3475 3472/3472/3472 3474/3474/3474
f 3431/3431/3431 3488/3488/3488 3489/3489/3489
f 3473/3473/3473 3477/3477/3477 3476/3476/3476
f 3473/3473/3473 3476/3476/3476 3475/3475/3475
f 3405/3405/3405 3476/3476/3476 3477/3477/3477
f 3472/3472/3472 3475/3475/3475 3466/3466/3466
f 3472/3472/3472 3466/3466/3466 3471/3471/3471
f 3469/3469/3469 3471/3471/3471 3466/3466/3466
f 3475/3475/3475 3476/3476/3476 3468/3468/3468
f 3475/3475/3475 3468/3468/3468 3466/3466/3466
f 3476/3476/3476 3405/3405/3405 3408/3408/3408
f 3476/3476/3476 3408/3408/3408 3468/3468/3468
f 3408/3408/3408 3405/3405/3405 3401/3401/3401
f 3469/3469/3469 3466/3466/3466 3467/3467/3467
f 3468/3468/3468 3467/3467/3467 3466/3466/3466
f 3470/3470/3470 3469/3469/3469 3467/3467/3467
f 3465/3465/3465 3468/3468/3468 3408/3408/3408
f 3468/3468/3468 3465/3465/3465 3467/3467/3467
f 3470/3470/3470 3467/3467/3467 3462/3462/3462
f 3462/3462/3462 3467/3467/3467 3465/3465/3465
f 3463/3463/3463 3470/3470/3470 3462/3462/3462
f 3465/3465/3465 3408/3408/3408 3411/3411/3411
f 3411/3411/3411 3408/3408/3408 3401/3401/3401
f 3462/3462/3462 3465/3465/3465 3464/3464/3464
f 3464/3464/3464 3465/3465/3465 3411/3411/3411
f 3463/3463/3463 3462/3462/3462 3460/3460/3460
f 3460/3460/3460 3462/3462/3462 3464/3464/3464
f 3461/3461/3461 3463/3463/3463 3460/3460/3460
f 3464/3464/3464 3411/3411/3411 3409/3409/3409
f 3409/3409/3409 3411/3411/3411 3401/3401/3401
f 3460/3460/3460 3464/3464/3464 3459/3459/3459
f 3459/3459/3459 3464/3464/3464 3409/3409/3409
f 3461/3461/3461 3460/3460/3460 3457/3457/3457
f 3457/3457/3457 3460/3460/3460 3459/3459/3459
f 3458/3458/3458 3461/3461/3461 3457/3457/3457
f 3459/3459/3459 3409/3409/3409 3410/3410/3410
f 3410/3410/3410 3409/3409/3409 3401/3401/3401
f 3457/3457/3457 3459/3459/3459 3456/3456/3456
f 3456/3456/3456 3459/3459/3459 3410/3410/3410
f 3458/3458/3458 3457/3457/3457 3454/3454/3454
f 3454/3454/3454 3457/3457/3457 3456/3456/3456
f 3455/3455/3455 3458/3458/3458 3454/3454/3454
f 3456/3456/3456 3410/3410/3410 3412/3412/3412
f 3412/3412/3412 3410/3410/3410 3401/3401/3401
f 3454/3454/3454 3456/3456/3456 3453/3453/3453
f 3453/3453/3453 3456/3456/3456 3412/3412/3412
f 3455/3455/3455 3454/3454/3454 3451/3451/3451
f 3451/3451/3451 3454/3454/3454 3453/3453/3453
f 3452/3452/3452 3455/3455/3455 3451/3451/3451
f 3453/3453/3453 3412/3412/3412 3415/3415/3415
f 3415/3415/3415 3412/3412/3412 3401/3401/3401
f 3451/3451/3451 3453/3453/3453 3450/3450/3450
f 3450/3450/3450 3453/3453/3453 3415/3415/3415
f 3452/3452/3452 3451/3451/3451 3447/3447/3447
f 3447/3447/3447 3451/3451/3451 3450/3450/3450
f 3448/3448/3448 3452/3452/3452 3447/3447/3447
f 3450/3450/3450 3415/3415/3415 3413/3413/3413
f 3413/3413/3413 3415/3415/3415 3401/3401/3401
f 3447/3447/3447 3450/3450/3450 3449/3449/3449
f 3449/3449/3449 3450/3450/3450 3413/3413/3413
f 3448/3448/3448 3447/3447/3447 3445/3445/3445
f 3445/3445/3445 3447/3447/3447 3449/3449/3449
f 3446/3446/3446 3448/3448/3448 3445/3445/3445
f 3449/3449/3449 3413/3413/3413 3414/3414/3414
f 3414/3414/3414 3413/3413/3413 3401/3401/3401
f 3445/3445/3445 3449/3449/3449 3442/3442/3442
f 3442/3442/3442 3449/3449/3449 3414/3414/3414
f 3446/3446/3446 3445/3445/3445 3443/3443/3443
f 3443/3443/3443 3445/3445/3445 3442/3442/3442
f 3444/3444/3444 3446/3446/3446 3443/3443/3443
f 3442/3442/3442 3414/3414/3414 3416/3416/3416
f 3416/3416/3416 3414/3414/3414 3401/3401/3401
f 3443/3443/3443 3442/3442/3442 3441/3441/3441
f 3441/3441/3441 3442/3442/3442 3416/3416/3416
f 3444/3444/3444 3443/3443/3443 3438/3438/3438
f 3438/3438/3438 3443/3443/3443 3441/3441/3441
f 3436/3436/3436 3444/3444/3444 3438/3438/3438
f 3441/3441/3441 3416/3416/3416 3421/3421/3421
f 3421/3421/3421 3416/3416/3416 3401/3401/3401
f 3438/3438/3438 3441/3441/3441 3440/3440/3440
f 3440/3440/3440 3441/3441/3441 3421/3421/3421
f 3436/3436/3436 3438/3438/3438 3437/3437/3437
f 3437/3437/3437 3438/3438/3438 3440/3440/3440
f 3440/3440/3440 3421/3421/3421 3419/3419/3419
f 3419/3419/3419 3421/3421/3421 3401/3401/3401
f 3437/3437/3437 3440/3440/3440 3439/3439/3439
f 3439/3439/3439 3440/3440/3440 3419/3419/3419
f 3436/3436/3436 3437/3437/3437 3435/3435/3435
f 3436/3436/3436 3435/3435/3435 3433/3433/3433
f 3439/3439/3439 3419/3419/3419 3417/3417/3417
f 3417/3417/3417 3419/3419/3419 3401/3401/3401
f 3437/3437/3437 3439/3439/3439 3434/3434/3434
f 3437/3437/3437 3434/3434/3434 3435/3435/3435
f 3418/3418/3418 3439/3439/3439 3417/3417/3417
f 3418/3418/3418 3434/3434/3434 3439/3439/3439
f 3418/3418/3418 3417/3417/3417 3401/3401/3401
f 3433/3433/3433 3435/3435/3435 3427/3427/3427
f 3433/3433/3433 3427/3427/3427 3430/3430/3430
f 3420/3420/3420 3434/3434/3434 3418/3418/3418
f 3420/3420/3420 3418/3418/3418 3401/3401/3401
f 3425/3425/3425 3435/3435/3435 3434/3434/3434
f 3420/3420/3420 3425/3425/3425 3434/3434/3434
f 3425/3425/3425 3427/3427/3427 3435/3435/3435
f 3423/3423/3423 3425/3425/3425 3420/3420/3420
f 3423/3423/3423 3420/3420/3420 3401/3401/3401
f 3427/3427/3427 3425/3425/3425 3424/3424/3424
f 3423/3423/3423 3424/3424/3424 3425/3425/3425
f 3430/3430/3430 3427/3427/3427 3426/3426/3426
f 3427/3427/3427 3424/3424/3424 3426/3426/3426
f 3430/3430/3430 3426/3426/3426 3429/3429/3429
f 3422/3422/3422 3424/3424/3424 3423/3423/3423
f 3422/3422/3422 3423/3423/3423 3401/3401/3401
f 3428/3428/3428 3426/3426/3426 3424/3424/3424
f 3422/3422/3422 3428/3428/3428 3424/3424/3424
f 3429/3429/3429 3426/3426/3426 3432/3432/3432
f 3428/3428/3428 3432/3432/3432 3426/3426/3426
f 3429/3429/3429 3432/3432/3432 3431/3431/3431
f 3431/3431/3431 3432/3432/3432 3488/3488/3488
f 3407/3407/3407 3428/3428/3428 3422/3422/3422
f 3407/3407/3407 3422/3422/3422 3401/3401/3401
f 3487/3487/3487 3432/3432/3432 3428/3428/3428
f 3487/3487/3487 3488/3488/3488 3432/3432/3432
f 3407/3407/3407 3487/3487/3487 3428/3428/3428
f 3486/3486/3486 3488/3488/3488 3487/3487/3487
f 3406/3406/3406 3407/3407/3407 3401/3401/3401
f 3406/3406/3406 3487/3487/3487 3407/3407/3407
f 3406/3406/3406 3486/3486/3486 3487/3487/3487
f 3404/3404/3404 3406/3406/3406 3401/3401/3401
f 3486/3486/3486 3406/3406/3406 3404/3404/3404
f 3492/3492/3492 3491/3491/3491 3490/3490/3490
f 3528/3528/3528 3491/3491/3491 3492/3492/3492
f 3531/3531/3531 3528/3528/3528 3492/3492/3492
f 3528/3528/3528 3529/3529/3529 3491/3491/3491
f 3531/3531/3531 3492/3492/3492 3494/3494/3494
f 3494/3494/3494 3492/3492/3492 3490/3490/3490
f 3529/3529/3529 3493/3493/3493 3491/3491/3491
f 3491/3491/3491 3493/3493/3493 3490/3490/3490
f 3526/3526/3526 3529/3529/3529 3528/3528/3528
f 3532/3532/3532 3528/3528/3528 3531/3531/3531
f 3532/3532/3532 3526/3526/3526 3528/3528/3528
f 3529/3529/3529 3530/3530/3530 3493/3493/3493
f 3536/3536/3536 3526/3526/3526 3532/3532/3532
f 3535/3535/3535 3536/3536/3536 3532/3532/3532
f 3536/3536/3536 3527/3527/3527 3526/3526/3526
f 3535/3535/3535 3532/3532/3532 3534/3534/3534
f 3534/3534/3534 3532/3532/3532 3531/3531/3531
f 3538/3538/3538 3535/3535/3535 3534/3534/3534
f 3527/3527/3527 3524/3524/3524 3526/3526/3526
f 3526/3526/3526 3524/3524/3524 3529/3529/3529
f 3530/3530/3530 3529/3529/3529 3524/3524/3524
f 3527/3527/3527 3525/3525/3525 3524/3524/3524
f 3538/3538/3538 3534/3534/3534 3537/3537/3537
f 3525/3525/3525 3522/3522/3522 3524/3524/3524
f 3530/3530/3530 3524/3524/3524 3522/3522/3522
f 3540/3540/3540 3538/3538/3538 3537/3537/3537
f 3525/3525/3525 3523/3523/3523 3522/3522/3522
f 3534/3534/3534 3531/3531/3531 3533/3533/3533
f 3537/3537/3537 3534/3534/3534 3533/3533/3533
f 3533/3533/3533 3531/3531/3531 3494/3494/3494
f 3523/3523/3523 3516/3516/3516 3522/3522/3522
f 3523/3523/3523 3521/3521/3521 3516/3516/3516
f 3519/3519/3519 3516/3516/3516 3521/3521/3521
f 3533/3533/3533 3494/3494/3494 3499/3499/3499
f 3499/3499/3499 3494/3494/3494 3490/3490/3490
f 3519/3519/3519 3517/3517/3517 3516/3516/3516
f 3520/3520/3520 3517/3517/3517 3519/3519/3519
f 3513/3513/3513 3522/3522/3522 3516/3516/3516
f 3517/3517/3517 3513/3513/3513 3516/3516/3516
f 3513/3513/3513 3530/3530/3530 3522/3522/3522
f 3520/3520/3520 3518/3518/3518 3517/3517/3517
f 3567/3567/3567 3518/3518/3518 3520/3520/3520
f 3517/3517/3517 3514/3514/3514 3513/3513/3513
f 3518/3518/3518 3514/3514/3514 3517/3517/3517
f 3530/3530/3530 3513/3513/3513 3496/3496/3496
f 3514/3514/3514 3496/3496/3496 3513/3513/3513
f 3530/3530/3530 3496/3496/3496 3493/3493/3493
f 3493/3493/3493 3496/3496/3496 3490/3490/3490
f 3514/3514/3514 3495/3495/3495 3496/3496/3496
f 3496/3496/3496 3495/3495/3495 3490/3490/3490
f 3518/3518/3518 3515/3515/3515 3514/3514/3514
f 3515/3515/3515 3495/3495/3495 3514/3514/3514
f 3567/3567/3567 3568/3568/3568 3518/3518/3518
f 3515/3515/3515 3518/3518/3518 3568/3568/3568
f 3565/3565/3565 3568/3568/3568 3567/3567/3567
f 3515/3515/3515 3511/3511/3511 3495/3495/3495
f 3495/3495/3495 3511/3511/3511 3490/3490/3490
f 3515/3515/3515 3568/3568/3568 3569/3569/3569
f 3511/3511/3511 3515/3515/3515 3569/3569/3569
f 3565/3565/3565 3566/3566/3566 3568/3568/3568
f 3569/3569/3569 3568/3568/3568 3566/3566/3566
f 3563/3563/3563 3566/3566/3566 3565/3565/3565
f 3511/3511/3511 3569/3569/3569 3510/3510/3510
f 3511/3511/3511 3510/3510/3510 3490/3490/3490
f 3569/3569/3569 3566/3566/3566 3570/3570/3570
f 3510/3510/3510 3569/3569/3569 3570/3570/3570
f 3563/3563/3563 3564/3564/3564 3566/3566/3566
f 3570/3570/3570 3566/3566/3566 3564/3564/3564
f 3561/3561/3561 3564/3564/3564 3563/3563/3563
f 3510/3510/3510 3570/3570/3570 3512/3512/3512
f 3510/3510/3510 3512/3512/3512 3490/3490/3490
f 3570/3570/3570 3564/3564/3564 3571/3571/3571
f 3512/3512/3512 3570/3570/3570 3571/3571/3571
f 3561/3561/3561 3562/3562/3562 3564/3564/3564
f 3562/3562/3562 3571/3571/3571 3564/3564/3564
f 3559/3559/3559 3562/3562/3562 3561/3561/3561
f 3512/3512/3512 3571/3571/3571 3509/3509/3509
f 3512/3512/3512 3509/3509/3509 3490/3490/3490
f 3562/3562/3562 3572/3572/3572 3571/3571/3571
f 3509/3509/3509 3571/3571/3571 3572/3572/3572
f 3559/3559/3559 3560/3560/3560 3562/3562/3562
f 3560/3560/3560 3572/3572/3572 3562/3562/3562
f 3557/3557/3557 3560/3560/3560 3559/3559/3559
f 3509/3509/3509 3572/3572/3572 3507/3507/3507
f 3509/3509/3509 3507/3507/3507 3490/3490/3490
f 3560/3560/3560 3573/3573/3573 3572/3572/3572
f 3507/3507/3507 3572/3572/3572 3573/3573/3573
f 3557/3557/3557 3558/3558/3558 3560/3560/3560
f 3573/3573/3573 3560/3560/3560 3558/3558/3558
f 3555/3555/3555 3558/3558/3558 3557/3557/3557
f 3507/3507/3507 3573/3573/3573 3506/3506/3506
f 3507/3507/3507 3506/3506/3506 3490/3490/3490
f 3573/3573/3573 3558/3558/3558 3574/3574/3574
f 3574/3574/3574 3506/3506/3506 3573/3573/3573
f 3555/3555/3555 3556/3556/3556 3558/3558/3558
f 3574/3574/3574 3558/3558/3558 3556/3556/3556
f 3553/3553/3553 3556/3556/3556 3555/3555/3555
f 3574/3574/3574 3508/3508/3508 3506/3506/3506
f 3506/3506/3506 3508/3508/3508 3490/3490/3490
f 3574/3574/3574 3556/3556/3556 3575/3575/3575
f 3508/3508/3508 3574/3574/3574 3575/3575/3575
f 3553/3553/3553 3554/3554/3554 3556/3556/3556
f 3554/3554/3554 3575/3575/3575 3556/3556/3556
f 3552/3552/3552 3554/3554/3554 3553/3553/3553
f 3508/3508/3508 3575/3575/3575 3504/3504/3504
f 3508/3508/3508 3504/3504/3504 3490/3490/3490
f 3554/3554/3554 3576/3576/3576 3575/3575/3575
f 3504/3504/3504 3575/3575/3575 3576/3576/3576
f 3552/3552/3552 3551/3551/3551 3554/3554/3554
f 3576/3576/3576 3554/3554/3554 3551/3551/3551
f 3504/3504/3504 3576/3576/3576 3502/3502/3502
f 3504/3504/3504 3502/3502/3502 3490/3490/3490
f 3576/3576/3576 3551/3551/3551 3577/3577/3577
f 3502/3502/3502 3576/3576/3576 3577/3577/3577
f 3552/3552/3552 3549/3549/3549 3551/3551/3551
f 3552/3552/3552 3550/3550/3550 3549/3549/3549
f 3502/3502/3502 3577/3577/3577 3501/3501/3501
f 3502/3502/3502 3501/3501/3501 3490/3490/3490
f 3551/3551/3551 3578/3578/3578 3577/3577/3577
f 3551/3551/3551 3549/3549/3549 3578/3578/3578
f 3577/3577/3577 3503/3503/3503 3501/3501/3501
f 3577/3577/3577 3578/3578/3578 3503/3503/3503
f 3501/3501/3501 3503/3503/3503 3490/3490/3490
f 3550/3550/3550 3546/3546/3546 3549/3549/3549
f 3550/3550/3550 3548/3548/3548 3546/3546/3546
f 3578/3578/3578 3505/3505/3505 3503/3503/3503
f 3503/3503/3503 3505/3505/3505 3490/3490/3490
f 3549/3549/3549 3545/3545/3545 3578/3578/3578
f 3578/3578/3578 3545/3545/3545 3505/3505/3505
f 3549/3549/3549 3546/3546/3546 3545/3545/3545
f 3505/3505/3505 3500/3500/3500 3490/3490/3490
f 3545/3545/3545 3500/3500/3500 3505/3505/3505
f 3548/3548/3548 3544/3544/3544 3546/3546/3546
f 3548/3548/3548 3547/3547/3547 3544/3544/3544
f 3546/3546/3546 3543/3543/3543 3545/3545/3545
f 3545/3545/3545 3543/3543/3543 3500/3500/3500
f 3546/3546/3546 3544/3544/3544 3543/3543/3543
f 3500/3500/3500 3498/3498/3498 3490/3490/3490
f 3543/3543/3543 3498/3498/3498 3500/3500/3500
f 3547/3547/3547 3539/3539/3539 3544/3544/3544
f 3547/3547/3547 3540/3540/3540 3539/3539/3539
f 3540/3540/3540 3537/3537/3537 3539/3539/3539
f 3544/3544/3544 3542/3542/3542 3543/3543/3543
f 3544/3544/3544 3539/3539/3539 3542/3542/3542
f 3543/3543/3543 3542/3542/3542 3498/3498/3498
f 3539/3539/3539 3537/3537/3537 3541/3541/3541
f 3539/3539/3539 3541/3541/3541 3542/3542/3542
f 3537/3537/3537 3533/3533/3533 3541/3541/3541
f 3541/3541/3541 3533/3533/3533 3499/3499/3499
f 3542/3542/3542 3497/3497/3497 3498/3498/3498
f 3542/3542/3542 3541/3541/3541 3497/3497/3497
f 3498/3498/3498 3497/3497/3497 3490/3490/3490
f 3541/3541/3541 3499/3499/3499 3497/3497/3497
f 3497/3497/3497 3499/3499/3499 3490/3490/3490
f 3581/3581/3581 3580/3580/3580 3579/3579/3579
f 3581/3581/3581 3654/3654/3654 3580/3580/3580
f 3654/3654/3654 3653/3653/3653 3580/3580/3580
f 3580/3580/3580 3653/3653/3653 3650/3650/3650
f 3582/3582/3582 3581/3581/3581 3579/3579/3579
f 3582/3582/3582 3601/3601/3601 3581/3581/3581
f 3650/3650/3650 3636/3636/3636 3580/3580/3580
f 3650/3650/3650 3649/3649/3649 3636/3636/3636
f 3649/3649/3649 3639/3639/3639 3636/3636/3636
f 3602/3602/3602 3601/3601/3601 3582/3582/3582
f 3602/3602/3602 4918/4918/4918 3601/3601/3601
f 3604/3604/3604 4918/4918/4918 3602/3602/3602
f 3639/3639/3639 3642/3642/3642 3636/3636/3636
f 3636/3636/3636 3642/3642/3642 3631/3631/3631
f 3639/3639/3639 3648/3648/3648 3641/3641/3641
f 3641/3641/3641 3640/3640/3640 3639/3639/3639
f 4921/4921/4921 3640/3640/3640 4920/4920/4920
f 4923/4923/4923 3641/3641/3641 4922/4922/4922
f 3604/3604/3604 3602/3602/3602 3603/3603/3603
f 3627/3627/3627 3604/3604/3604 3603/3603/3603
f 3605/3605/3605 3602/3602/3602 3582/3582/3582
f 3605/3605/3605 3603/3603/3603 3602/3602/3602
f 3627/3627/3627 3603/3603/3603 3624/3624/3624
f 3605/3605/3605 3582/3582/3582 3606/3606/3606
f 3579/3579/3579 3606/3606/3606 3582/3582/3582
f 3625/3625/3625 3627/3627/3627 3624/3624/3624
f 3625/3625/3625 3629/3629/3629 3627/3627/3627
f 3624/3624/3624 3603/3603/3603 3607/3607/3607
f 3605/3605/3605 3607/3607/3607 3603/3603/3603
f 3629/3629/3629 3625/3625/3625 3626/3626/3626
f 3629/3629/3629 3626/3626/3626 3628/3628/3628
f 3631/3631/3631 3628/3628/3628 3626/3626/3626
f 3621/3621/3621 3625/3625/3625 3624/3624/3624
f 3621/3621/3621 3626/3626/3626 3625/3625/3625
f 3624/3624/3624 3607/3607/3607 3622/3622/3622
f 3621/3621/3621 3624/3624/3624 3622/3622/3622
f 3623/3623/3623 3622/3622/3622 3607/3607/3607
f 3623/3623/3623 3621/3621/3621 3622/3622/3622
f 3623/3623/3623 3607/3607/3607 3608/3608/3608
f 3605/3605/3605 3608/3608/3608 3607/3607/3607
f 3623/3623/3623 4919/4919/4919 3621/3621/3621
f 3605/3605/3605 3609/3609/3609 3608/3608/3608
f 3621/3621/3621 4919/4919/4919 3620/3620/3620
f 3605/3605/3605 3610/3610/3610 3609/3609/3609
f 3605/3605/3605 3606/3606/3606 3610/3610/3610
f 3612/3612/3612 3610/3610/3610 3606/3606/3606
f 3621/3621/3621 3620/3620/3620 3619/3619/3619
f 3621/3621/3621 3619/3619/3619 3626/3626/3626
f 3612/3612/3612 3606/3606/3606 3611/3611/3611
f 3579/3579/3579 3611/3611/3611 3606/3606/3606
f 3614/3614/3614 3612/3612/3612 3611/3611/3611
f 3579/3579/3579 3613/3613/3613 3611/3611/3611
f 3614/3614/3614 3611/3611/3611 3613/3613/3613
f 3579/3579/3579 3580/3580/3580 3613/3613/3613
f 3614/3614/3614 3613/3613/3613 3616/3616/3616
f 3580/3580/3580 3616/3616/3616 3613/3613/3613
f 3580/3580/3580 3636/3636/3636 3616/3616/3616
f 3614/3614/3614 3616/3616/3616 3615/3615/3615
f 3636/3636/3636 3631/3631/3631 3630/3630/3630
f 3631/3631/3631 3626/3626/3626 3630/3630/3630
f 3616/3616/3616 3636/3636/3636 3630/3630/3630
f 3630/3630/3630 3626/3626/3626 3619/3619/3619
f 3615/3615/3615 3616/3616/3616 3618/3618/3618
f 3616/3616/3616 3630/3630/3630 3618/3618/3618
f 3630/3630/3630 3619/3619/3619 3618/3618/3618
f 3620/3620/3620 3618/3618/3618 3619/3619/3619
f 3615/3615/3615 3618/3618/3618 3617/3617/3617
f 3620/3620/3620 3617/3617/3617 3618/3618/3618
f 3585/3585/3585 3584/3584/3584 3583/3583/3583
f 4915/4915/4915 3585/3585/3585 4914/4914/4914
f 3588/3588/3588 3587/3587/3587 3586/3586/3586
f 3591/3591/3591 3590/3590/3590 3589/3589/3589
f 3598/3598/3598 3599/3599/3599 3589/3589/3589
f 3600/3600/3600 3599/3599/3599 3598/3598/3598
f 3594/3594/3594 3593/3593/3593 3592/3592/3592
f 3594/3594/3594 3597/3597/3597 3593/3593/3593
f 3592/3592/3592 3593/3593/3593 3644/3644/3644
f 3597/3597/3597 3594/3594/3594 3596/3596/3596
f 3597/3597/3597 3596/3596/3596 3595/3595/3595
f 3643/3643/3643 3644/3644/3644 3595/3595/3595
f 3643/3643/3643 3595/3595/3595 3596/3596/3596
f 3592/3592/3592 3644/3644/3644 3643/3643/3643
f 3659/3659/3659 3596/3596/3596 3594/3594/3594
f 3643/3643/3643 3596/3596/3596 3659/3659/3659
f 3664/3664/3664 3594/3594/3594 3592/3592/3592
f 3659/3659/3659 3594/3594/3594 3664/3664/3664
f 3592/3592/3592 3643/3643/3643 3658/3658/3658
f 3643/3643/3643 3659/3659/3659 3658/3658/3658
f 3664/3664/3664 3592/3592/3592 3657/3657/3657
f 3592/3592/3592 3658/3658/3658 3657/3657/3657
f 3659/3659/3659 3664/3664/3664 3663/3663/3663
f 3657/3657/3657 3658/3658/3658 3661/3661/3661
f 3661/3661/3661 3658/3658/3658 3659/3659/3659
f 3659/3659/3659 3663/3663/3663 3660/3660/3660
f 3661/3661/3661 3659/3659/3659 3660/3660/3660
f 3664/3664/3664 3662/3662/3662 3663/3663/3663
f 3657/3657/3657 3661/3661/3661 3662/3662/3662
f 3664/3664/3664 3657/3657/3657 3662/3662/3662
f 3634/3634/3634 3633/3633/3633 3632/3632/3632
f 3632/3632/3632 3633/3633/3633 3665/3665/3665
f 3635/3635/3635 3633/3633/3633 3634/3634/3634
f 4917/4917/4917 3633/3633/3633 4916/4916/4916
f 3638/3638/3638 3637/3637/3637 3633/3633/3633
f 3647/3647/3647 3646/3646/3646 3645/3645/3645
f 3652/3652/3652 3645/3645/3645 3651/3651/3651
f 3651/3651/3651 3656/3656/3656 3655/3655/3655
f 3668/3668/3668 3667/3667/3667 3666/3666/3666
f 3668/3668/3668 3741/3741/3741 3667/3667/3667
f 3741/3741/3741 3740/3740/3740 3667/3667/3667
f 3667/3667/3667 3740/3740/3740 3737/3737/3737
f 3669/3669/3669 3668/3668/3668 3666/3666/3666
f 3669/3669/3669 3687/3687/3687 3668/3668/3668
f 3737/3737/3737 3723/3723/3723 3667/3667/3667
f 3737/3737/3737 3736/3736/3736 3723/3723/3723
f 3688/3688/3688 3687/3687/3687 3669/3669/3669
f 3688/3688/3688 4928/4928/4928 3687/3687/3687
f 3690/3690/3690 4928/4928/4928 3688/3688/3688
f 3736/3736/3736 3726/3726/3726 3723/3723/3723
f 3726/3726/3726 3736/3736/3736 3735/3735/3735
f 4932/4932/4932 3735/3735/3735 4931/4931/4931
f 3728/3728/3728 3727/3727/3727 3726/3726/3726
f 4930/4930/4930 3727/3727/3727 4929/4929/4929
f 3726/3726/3726 3729/3729/3729 3723/3723/3723
f 3723/3723/3723 3729/3729/3729 3717/3717/3717
f 3690/3690/3690 3688/3688/3688 3689/3689/3689
f 3713/3713/3713 3690/3690/3690 3689/3689/3689
f 3723/3723/3723 3717/3717/3717 3716/3716/3716
f 3691/3691/3691 3689/3689/3689 3688/3688/3688
f 3691/3691/3691 3688/3688/3688 3669/3669/3669
f 3713/3713/3713 3689/3689/3689 3710/3710/3710
f 3691/3691/3691 3669/3669/3669 3692/3692/3692
f 3666/3666/3666 3692/3692/3692 3669/3669/3669
f 3691/3691/3691 3695/3695/3695 3689/3689/3689
f 3710/3710/3710 3689/3689/3689 3695/3695/3695
f 3691/3691/3691 3692/3692/3692 3696/3696/3696
f 3691/3691/3691 3696/3696/3696 3694/3694/3694
f 3695/3695/3695 3691/3691/3691 3694/3694/3694
f 3698/3698/3698 3696/3696/3696 3692/3692/3692
f 3695/3695/3695 3694/3694/3694 3693/3693/3693
f 3751/3751/3751 3695/3695/3695 3693/3693/3693
f 3698/3698/3698 3692/3692/3692 3697/3697/3697
f 3666/3666/3666 3697/3697/3697 3692/3692/3692
f 3700/3700/3700 3698/3698/3698 3697/3697/3697
f 3751/3751/3751 3709/3709/3709 3695/3695/3695
f 3710/3710/3710 3695/3695/3695 3709/3709/3709
f 3709/3709/3709 3751/3751/3751 3708/3708/3708
f 3699/3699/3699 3697/3697/3697 3666/3666/3666
f 3700/3700/3700 3697/3697/3697 3699/3699/3699
f 3699/3699/3699 3666/3666/3666 3667/3667/3667
f 3709/3709/3709 3708/3708/3708 3707/3707/3707
f 3707/3707/3707 3710/3710/3710 3709/3709/3709
f 3707/3707/3707 3708/3708/3708 3706/3706/3706
f 3667/3667/3667 3702/3702/3702 3699/3699/3699
f 3700/3700/3700 3699/3699/3699 3702/3702/3702
f 3667/3667/3667 3723/3723/3723 3702/3702/3702
f 3716/3716/3716 3702/3702/3702 3723/3723/3723
f 3700/3700/3700 3702/3702/3702 3701/3701/3701
f 3701/3701/3701 3702/3702/3702 3704/3704/3704
f 3716/3716/3716 3704/3704/3704 3702/3702/3702
f 3701/3701/3701 3704/3704/3704 3703/3703/3703
f 3705/3705/3705 3706/3706/3706 3703/3703/3703
f 3705/3705/3705 3703/3703/3703 3704/3704/3704
f 3716/3716/3716 3705/3705/3705 3704/3704/3704
f 3707/3707/3707 3706/3706/3706 3705/3705/3705
f 3716/3716/3716 3712/3712/3712 3705/3705/3705
f 3707/3707/3707 3705/3705/3705 3712/3712/3712
f 3717/3717/3717 3712/3712/3712 3716/3716/3716
f 3717/3717/3717 3714/3714/3714 3712/3712/3712
f 3715/3715/3715 3712/3712/3712 3714/3714/3714
f 3707/3707/3707 3712/3712/3712 3711/3711/3711
f 3715/3715/3715 3711/3711/3711 3712/3712/3712
f 3707/3707/3707 3711/3711/3711 3710/3710/3710
f 3711/3711/3711 3715/3715/3715 3713/3713/3713
f 3711/3711/3711 3713/3713/3713 3710/3710/3710
f 3672/3672/3672 3671/3671/3671 3670/3670/3670
f 3670/3670/3670 3686/3686/3686 3685/3685/3685
f 3672/3672/3672 3686/3686/3686 3676/3676/3676
f 4925/4925/4925 3685/3685/3685 4924/4924/4924
f 3678/3678/3678 3677/3677/3677 3676/3676/3676
f 3675/3675/3675 3674/3674/3674 3673/3673/3673
f 3738/3738/3738 3673/3673/3673 3739/3739/3739
f 3739/3739/3739 3732/3732/3732 3738/3738/3738
f 3734/3734/3734 3733/3733/3733 3732/3732/3732
f 3681/3681/3681 3680/3680/3680 3679/3679/3679
f 3681/3681/3681 3684/3684/3684 3680/3680/3680
f 3679/3679/3679 3680/3680/3680 3731/3731/3731
f 3684/3684/3684 3681/3681/3681 3683/3683/3683
f 3684/3684/3684 3683/3683/3683 3682/3682/3682
f 3730/3730/3730 3731/3731/3731 3682/3682/3682
f 3730/3730/3730 3682/3682/3682 3683/3683/3683
f 3679/3679/3679 3731/3731/3731 3730/3730/3730
f 3744/3744/3744 3683/3683/3683 3681/3681/3681
f 3730/3730/3730 3683/3683/3683 3744/3744/3744
f 3749/3749/3749 3681/3681/3681 3679/3679/3679
f 3744/3744/3744 3681/3681/3681 3749/3749/3749
f 3679/3679/3679 3730/3730/3730 3743/3743/3743
f 3730/3730/3730 3744/3744/3744 3743/3743/3743
f 3749/3749/3749 3679/3679/3679 3742/3742/3742
f 3679/3679/3679 3743/3743/3743 3742/3742/3742
f 3745/3745/3745 3744/3744/3744 3749/3749/3749
f 3747/3747/3747 3742/3742/3742 3743/3743/3743
f 3749/3749/3749 3742/3742/3742 3747/3747/3747
f 3746/3746/3746 3743/3743/3743 3744/3744/3744
f 3747/3747/3747 3743/3743/3743 3746/3746/3746
f 3746/3746/3746 3744/3744/3744 3745/3745/3745
f 3749/3749/3749 3747/3747/3747 3748/3748/3748
f 3745/3745/3745 3749/3749/3749 3748/3748/3748
f 3720/3720/3720 3719/3719/3719 3718/3718/3718
f 3718/3718/3718 3719/3719/3719 3750/3750/3750
f 4927/4927/4927 3719/3719/3719 4926/4926/4926
f 3725/3725/3725 3724/3724/3724 3719/3719/3719
f 3722/3722/3722 3719/3719/3719 3721/3721/3721
f 3754/3754/3754 3753/3753/3753 3752/3752/3752
f 3754/3754/3754 3828/3828/3828 3753/3753/3753
f 3828/3828/3828 3827/3827/3827 3753/3753/3753
f 3753/3753/3753 3827/3827/3827 3824/3824/3824
f 3755/3755/3755 3754/3754/3754 3752/3752/3752
f 3755/3755/3755 3773/3773/3773 3754/3754/3754
f 3824/3824/3824 3809/3809/3809 3753/3753/3753
f 3824/3824/3824 3823/3823/3823 3809/3809/3809
f 3823/3823/3823 3812/3812/3812 3809/3809/3809
f 3814/3814/3814 3813/3813/3813 3812/3812/3812
f 4941/4941/4941 3813/3813/3813 4940/4940/4940
f 3812/3812/3812 3822/3822/3822 3821/3821/3821
f 4943/4943/4943 3821/3821/3821 4942/4942/4942
f 3812/3812/3812 3815/3815/3815 3809/3809/3809
f 3809/3809/3809 3815/3815/3815 3803/3803/3803
f 3809/3809/3809 3803/3803/3803 3802/3802/3802
f 3753/3753/3753 3809/3809/3809 3788/3788/3788
f 3802/3802/3802 3788/3788/3788 3809/3809/3809
f 3753/3753/3753 3788/3788/3788 3786/3786/3786
f 3786/3786/3786 3752/3752/3752 3753/3753/3753
f 3803/3803/3803 3798/3798/3798 3802/3802/3802
f 3803/3803/3803 3800/3800/3800 3798/3798/3798
f 3801/3801/3801 3798/3798/3798 3800/3800/3800
f 3786/3786/3786 3783/3783/3783 3752/3752/3752
f 3801/3801/3801 3797/3797/3797 3798/3798/3798
f 3797/3797/3797 3801/3801/3801 3799/3799/3799
f 3783/3783/3783 3786/3786/3786 3785/3785/3785
f 3785/3785/3785 3786/3786/3786 3788/3788/3788
f 3783/3783/3783 3785/3785/3785 3784/3784/3784
f 3785/3785/3785 3788/3788/3788 3787/3787/3787
f 3784/3784/3784 3778/3778/3778 3783/3783/3783
f 3752/3752/3752 3783/3783/3783 3778/3778/3778
f 3784/3784/3784 3782/3782/3782 3778/3778/3778
f 3752/3752/3752 3778/3778/3778 3755/3755/3755
f 3780/3780/3780 3778/3778/3778 3782/3782/3782
f 3787/3787/3787 3788/3788/3788 3790/3790/3790
f 3802/3802/3802 3790/3790/3790 3788/3788/3788
f 3787/3787/3787 3790/3790/3790 3789/3789/3789
f 3802/3802/3802 3791/3791/3791 3790/3790/3790
f 3791/3791/3791 3789/3789/3789 3790/3790/3790
f 3802/3802/3802 3798/3798/3798 3791/3791/3791
f 3791/3791/3791 3792/3792/3792 3789/3789/3789
f 3793/3793/3793 3791/3791/3791 3798/3798/3798
f 3793/3793/3793 3792/3792/3792 3791/3791/3791
f 3793/3793/3793 3798/3798/3798 3797/3797/3797
f 3793/3793/3793 4939/4939/4939 3792/3792/3792
f 3795/3795/3795 4939/4939/4939 3793/3793/3793
f 3793/3793/3793 3797/3797/3797 3796/3796/3796
f 3797/3797/3797 3799/3799/3799 3796/3796/3796
f 3795/3795/3795 3793/3793/3793 3794/3794/3794
f 3793/3793/3793 3796/3796/3796 3794/3794/3794
f 3795/3795/3795 3794/3794/3794 3781/3781/3781
f 3796/3796/3796 3781/3781/3781 3794/3794/3794
f 3795/3795/3795 3781/3781/3781 3779/3779/3779
f 3781/3781/3781 3780/3780/3780 3779/3779/3779
f 3799/3799/3799 3775/3775/3775 3796/3796/3796
f 3796/3796/3796 3775/3775/3775 3781/3781/3781
f 3799/3799/3799 3776/3776/3776 3775/3775/3775
f 3781/3781/3781 3777/3777/3777 3780/3780/3780
f 3777/3777/3777 3781/3781/3781 3775/3775/3775
f 3780/3780/3780 3777/3777/3777 3778/3778/3778
f 3777/3777/3777 3755/3755/3755 3778/3778/3778
f 3776/3776/3776 3774/3774/3774 3775/3775/3775
f 3777/3777/3777 3775/3775/3775 3774/3774/3774
f 3777/3777/3777 3774/3774/3774 3755/3755/3755
f 3776/3776/3776 4938/4938/4938 3774/3774/3774
f 3774/3774/3774 3773/3773/3773 3755/3755/3755
f 3774/3774/3774 4938/4938/4938 3773/3773/3773
f 3758/3758/3758 3757/3757/3757 3756/3756/3756
f 3756/3756/3756 3772/3772/3772 3771/3771/3771
f 3758/3758/3758 3772/3772/3772 3762/3762/3762
f 3764/3764/3764 3763/3763/3763 3762/3762/3762
f 3761/3761/3761 3760/3760/3760 3759/3759/3759
f 3825/3825/3825 3759/3759/3759 3826/3826/3826
f 3826/3826/3826 3818/3818/3818 3825/3825/3825
f 3820/3820/3820 3819/3819/3819 3818/3818/3818
f 3767/3767/3767 3766/3766/3766 3765/3765/3765
f 3767/3767/3767 3770/3770/3770 3766/3766/3766
f 3765/3765/3765 3766/3766/3766 3817/3817/3817
f 3770/3770/3770 3767/3767/3767 3769/3769/3769
f 3770/3770/3770 3769/3769/3769 3768/3768/3768
f 3816/3816/3816 3817/3817/3817 3768/3768/3768
f 3816/3816/3816 3768/3768/3768 3769/3769/3769
f 3765/3765/3765 3817/3817/3817 3816/3816/3816
f 3831/3831/3831 3769/3769/3769 3767/3767/3767
f 3816/3816/3816 3769/3769/3769 3831/3831/3831
f 3836/3836/3836 3767/3767/3767 3765/3765/3765
f 3831/3831/3831 3767/3767/3767 3836/3836/3836
f 3765/3765/3765 3816/3816/3816 3830/3830/3830
f 3816/3816/3816 3831/3831/3831 3830/3830/3830
f 3836/3836/3836 3765/3765/3765 3829/3829/3829
f 3765/3765/3765 3830/3830/3830 3829/3829/3829
f 3831/3831/3831 3836/3836/3836 3835/3835/3835
f 3829/3829/3829 3830/3830/3830 3833/3833/3833
f 3833/3833/3833 3830/3830/3830 3831/3831/3831
f 3831/3831/3831 3835/3835/3835 3832/3832/3832
f 3833/3833/3833 3831/3831/3831 3832/3832/3832
f 3836/3836/3836 3834/3834/3834 3835/3835/3835
f 3829/3829/3829 3833/3833/3833 3834/3834/3834
f 3836/3836/3836 3829/3829/3829 3834/3834/3834
f 3806/3806/3806 3805/3805/3805 3804/3804/3804
f 3804/3804/3804 3805/3805/3805 3837/3837/3837
f 4937/4937/4937 3805/3805/3805 4936/4936/4936
f 3811/3811/3811 3810/3810/3810 3805/3805/3805
f 3808/3808/3808 3805/3805/3805 3807/3807/3807
f 3840/3840/3840 3839/3839/3839 3838/3838/3838
f 3840/3840/3840 3842/3842/3842 3839/3839/3839
f 3847/3847/3847 3840/3840/3840 3838/3838/3838
f 3842/3842/3842 3841/3841/3841 3839/3839/3839
f 3842/3842/3842 4944/4944/4944 3841/3841/3841
f 3841/3841/3841 4944/4944/4944 3862/3862/3862
f 3838/3838/3838 3839/3839/3839 3849/3849/3849
f 3841/3841/3841 3862/3862/3862 3861/3861/3861
f 3864/3864/3864 3861/3861/3861 3862/3862/3862
f 3839/3839/3839 3841/3841/3841 3860/3860/3860
f 3861/3861/3861 3860/3860/3860 3841/3841/3841
f 3839/3839/3839 3860/3860/3860 3849/3849/3849
f 3864/3864/3864 3863/3863/3863 3861/3861/3861
f 3861/3861/3861 3858/3858/3858 3860/3860/3860
f 3863/3863/3863 3858/3858/3858 3861/3861/3861
f 3849/3849/3849 3860/3860/3860 3853/3853/3853
f 3853/3853/3853 3860/3860/3860 3858/3858/3858
f 3838/3838/3838 3849/3849/3849 3848/3848/3848
f 3853/3853/3853 3848/3848/3848 3849/3849/3849
f 3864/3864/3864 4042/4042/4042 3863/3863/3863
f 3864/3864/3864 4043/4043/4043 4042/4042/4042
f 3863/3863/3863 4146/4146/4146 3858/3858/3858
f 4042/4042/4042 4146/4146/4146 3863/3863/3863
f 3853/3853/3853 3858/3858/3858 3857/3857/3857
f 3857/3857/3857 3858/3858/3858 4146/4146/4146
f 4043/4043/4043 4040/4040/4040 4042/4042/4042
f 4043/4043/4043 4041/4041/4041 4040/4040/4040
f 4042/4042/4042 4144/4144/4144 4146/4146/4146
f 4041/4041/4041 4030/4030/4030 4040/4040/4040
f 4041/4041/4041 4029/4029/4029 4030/4030/4030
f 4020/4020/4020 4030/4030/4030 4029/4029/4029
f 4042/4042/4042 4040/4040/4040 4145/4145/4145
f 4042/4042/4042 4145/4145/4145 4144/4144/4144
f 4154/4154/4154 4040/4040/4040 4030/4030/4030
f 4154/4154/4154 4145/4145/4145 4040/4040/4040
f 4020/4020/4020 4021/4021/4021 4030/4030/4030
f 4021/4021/4021 4154/4154/4154 4030/4030/4030
f 4022/4022/4022 4021/4021/4021 4020/4020/4020
f 4149/4149/4149 4146/4146/4146 4144/4144/4144
f 3857/3857/3857 4146/4146/4146 4149/4149/4149
f 4022/4022/4022 4017/4017/4017 4021/4021/4021
f 4017/4017/4017 4022/4022/4022 3998/3998/3998
f 4021/4021/4021 4018/4018/4018 4154/4154/4154
f 4018/4018/4018 4021/4021/4021 4017/4017/4017
f 3857/3857/3857 4149/4149/4149 4152/4152/4152
f 3857/3857/3857 4152/4152/4152 3859/3859/3859
f 3853/3853/3853 3857/3857/3857 3859/3859/3859
f 4149/4149/4149 4150/4150/4150 4152/4152/4152
f 3853/3853/3853 3859/3859/3859 3856/3856/3856
f 4149/4149/4149 4147/4147/4147 4150/4150/4150
f 4149/4149/4149 4144/4144/4144 4147/4147/4147
f 4147/4147/4147 4151/4151/4151 4150/4150/4150
f 3852/3852/3852 3853/3853/3853 3856/3856/3856
f 3853/3853/3853 3852/3852/3852 3848/3848/3848
f 3852/3852/3852 3856/3856/3856 3855/3855/3855
f 4144/4144/4144 4148/4148/4148 4147/4147/4147
f 4147/4147/4147 4148/4148/4148 4151/4151/4151
f 4144/4144/4144 4145/4145/4145 4148/4148/4148
f 3851/3851/3851 3852/3852/3852 3855/3855/3855
f 3851/3851/3851 3855/3855/3855 3854/3854/3854
f 4145/4145/4145 4019/4019/4019 4148/4148/4148
f 4151/4151/4151 4148/4148/4148 4019/4019/4019
f 4145/4145/4145 4154/4154/4154 4019/4019/4019
f 4154/4154/4154 4018/4018/4018 4019/4019/4019
f 4151/4151/4151 4019/4019/4019 4153/4153/4153
f 4016/4016/4016 4019/4019/4019 4018/4018/4018
f 4018/4018/4018 4017/4017/4017 4016/4016/4016
f 4153/4153/4153 4019/4019/4019 4015/4015/4015
f 4016/4016/4016 4015/4015/4015 4019/4019/4019
f 4153/4153/4153 4015/4015/4015 4014/4014/4014
f 4016/4016/4016 4017/4017/4017 3996/3996/3996
f 4017/4017/4017 3998/3998/3998 3996/3996/3996
f 4014/4014/4014 4015/4015/4015 4013/4013/4013
f 4014/4014/4014 4013/4013/4013 4012/4012/4012
f 4015/4015/4015 4016/4016/4016 4000/4000/4000
f 4015/4015/4015 4000/4000/4000 4013/4013/4013
f 4016/4016/4016 3996/3996/3996 4000/4000/4000
f 4012/4012/4012 4013/4013/4013 4004/4004/4004
f 4000/4000/4000 4004/4004/4004 4013/4013/4013
f 4012/4012/4012 4004/4004/4004 4007/4007/4007
f 3996/3996/3996 4001/4001/4001 4000/4000/4000
f 4000/4000/4000 4001/4001/4001 4004/4004/4004
f 3998/3998/3998 3997/3997/3997 3996/3996/3996
f 3996/3996/3996 3997/3997/3997 4001/4001/4001
f 3998/3998/3998 3999/3999/3999 3997/3997/3997
f 3980/3980/3980 3997/3997/3997 3999/3999/3999
f 3980/3980/3980 3981/3981/3981 3997/3997/3997
f 3981/3981/3981 4001/4001/4001 3997/3997/3997
f 3982/3982/3982 3981/3981/3981 3980/3980/3980
f 3981/3981/3981 4003/4003/4003 4001/4001/4001
f 4004/4004/4004 4001/4001/4001 4003/4003/4003
f 3982/3982/3982 3979/3979/3979 3981/3981/3981
f 4003/4003/4003 3981/3981/3981 3979/3979/3979
f 3979/3979/3979 3982/3982/3982 3975/3975/3975
f 4004/4004/4004 4003/4003/4003 4002/4002/4002
f 4003/4003/4003 3979/3979/3979 4002/4002/4002
f 4007/4007/4007 4004/4004/4004 4005/4005/4005
f 4004/4004/4004 4002/4002/4002 4005/4005/4005
f 4007/4007/4007 4005/4005/4005 4006/4006/4006
f 4002/4002/4002 3979/3979/3979 3974/3974/3974
f 3979/3979/3979 3975/3975/3975 3974/3974/3974
f 4006/4006/4006 4005/4005/4005 3972/3972/3972
f 4006/4006/4006 3972/3972/3972 4008/4008/4008
f 3972/3972/3972 4009/4009/4009 4008/4008/4008
f 4005/4005/4005 4002/4002/4002 3971/3971/3971
f 4005/4005/4005 3971/3971/3971 3972/3972/3972
f 4002/4002/4002 3974/3974/3974 3971/3971/3971
f 3972/3972/3972 3968/3968/3968 4009/4009/4009
f 3971/3971/3971 3968/3968/3968 3972/3972/3972
f 3975/3975/3975 3970/3970/3970 3974/3974/3974
f 3971/3971/3971 3974/3974/3974 3970/3970/3970
f 3975/3975/3975 3973/3973/3973 3970/3970/3970
f 3971/3971/3971 3969/3969/3969 3968/3968/3968
f 3971/3971/3971 3970/3970/3970 3969/3969/3969
f 4009/4009/4009 3968/3968/3968 3966/3966/3966
f 3969/3969/3969 3966/3966/3966 3968/3968/3968
f 4009/4009/4009 3966/3966/3966 4010/4010/4010
f 3966/3966/3966 4011/4011/4011 4010/4010/4010
f 3970/3970/3970 3967/3967/3967 3969/3969/3969
f 3969/3969/3969 3967/3967/3967 3966/3966/3966
f 3973/3973/3973 3964/3964/3964 3970/3970/3970
f 3970/3970/3970 3964/3964/3964 3967/3967/3967
f 3973/3973/3973 3963/3963/3963 3964/3964/3964
f 3966/3966/3966 3965/3965/3965 4011/4011/4011
f 3967/3967/3967 3965/3965/3965 3966/3966/3966
f 3965/3965/3965 3854/3854/3854 4011/4011/4011
f 3965/3965/3965 3851/3851/3851 3854/3854/3854
f 3961/3961/3961 3967/3967/3967 3964/3964/3964
f 3967/3967/3967 3961/3961/3961 3965/3965/3965
f 3962/3962/3962 3964/3964/3964 3963/3963/3963
f 3961/3961/3961 3964/3964/3964 3962/3962/3962
f 3962/3962/3962 3963/3963/3963 3958/3958/3958
f 3961/3961/3961 3960/3960/3960 3965/3965/3965
f 3962/3962/3962 3960/3960/3960 3961/3961/3961
f 3965/3965/3965 3850/3850/3850 3851/3851/3851
f 3965/3965/3965 3960/3960/3960 3850/3850/3850
f 3850/3850/3850 3852/3852/3852 3851/3851/3851
f 3850/3850/3850 3848/3848/3848 3852/3852/3852
f 3959/3959/3959 3962/3962/3962 3958/3958/3958
f 3962/3962/3962 3959/3959/3959 3960/3960/3960
f 3959/3959/3959 3958/3958/3958 3957/3957/3957
f 3847/3847/3847 3959/3959/3959 3957/3957/3957
f 3846/3846/3846 3850/3850/3850 3960/3960/3960
f 3846/3846/3846 3960/3960/3960 3959/3959/3959
f 3846/3846/3846 3848/3848/3848 3850/3850/3850
f 3847/3847/3847 3846/3846/3846 3959/3959/3959
f 3846/3846/3846 3838/3838/3838 3848/3848/3848
f 3847/3847/3847 3838/3838/3838 3846/3846/3846
f 3845/3845/3845 3844/3844/3844 3843/3843/3843
f 3867/3867/3867 3866/3866/3866 3865/3865/3865
f 4960/4960/4960 3866/3866/3866 4959/4959/4959
f 3870/3870/3870 3869/3869/3869 3868/3868/3868
f 3873/3873/3873 3872/3872/3872 3871/3871/3871
f 3873/3873/3873 4161/4161/4161 3872/3872/3872
f 3874/3874/3874 3871/3871/3871 3872/3872/3872
f 3873/3873/3873 4160/4160/4160 4161/4161/4161
f 3876/3876/3876 3874/3874/3874 3872/3872/3872
f 3876/3876/3876 3872/3872/3872 3875/3875/3875
f 4159/4159/4159 4161/4161/4161 4160/4160/4160
f 4159/4159/4159 3878/3878/3878 4161/4161/4161
f 3879/3879/3879 3875/3875/3875 3878/3878/3878
f 4159/4159/4159 3879/3879/3879 3878/3878/3878
f 3877/3877/3877 3876/3876/3876 3875/3875/3875
f 3879/3879/3879 3877/3877/3877 3875/3875/3875
f 4159/4159/4159 4164/4164/4164 3879/3879/3879
f 3877/3877/3877 4188/4188/4188 3876/3876/3876
f 4170/4170/4170 3879/3879/3879 4164/4164/4164
f 3877/3877/3877 3879/3879/3879 4170/4170/4170
f 4163/4163/4163 4164/4164/4164 4159/4159/4159
f 4163/4163/4163 4159/4159/4159 4160/4160/4160
f 4170/4170/4170 4164/4164/4164 4168/4168/4168
f 4163/4163/4163 4168/4168/4168 4164/4164/4164
f 3877/3877/3877 4170/4170/4170 4172/4172/4172
f 4172/4172/4172 4188/4188/4188 3877/3877/3877
f 4168/4168/4168 4171/4171/4171 4170/4170/4170
f 4168/4168/4168 4169/4169/4169 4171/4171/4171
f 4163/4163/4163 4169/4169/4169 4168/4168/4168
f 4170/4170/4170 4171/4171/4171 4173/4173/4173
f 4170/4170/4170 4173/4173/4173 4172/4172/4172
f 4163/4163/4163 4167/4167/4167 4169/4169/4169
f 4173/4173/4173 4174/4174/4174 4172/4172/4172
f 4172/4172/4172 4174/4174/4174 4188/4188/4188
f 4173/4173/4173 4176/4176/4176 4174/4174/4174
f 4167/4167/4167 4163/4163/4163 4162/4162/4162
f 4163/4163/4163 4160/4160/4160 4162/4162/4162
f 4167/4167/4167 4162/4162/4162 4166/4166/4166
f 4176/4176/4176 4175/4175/4175 4174/4174/4174
f 4175/4175/4175 4188/4188/4188 4174/4174/4174
f 4175/4175/4175 3876/3876/3876 4188/4188/4188
f 4175/4175/4175 3874/3874/3874 3876/3876/3876
f 4176/4176/4176 4178/4178/4178 4175/4175/4175
f 4165/4165/4165 4166/4166/4166 4162/4162/4162
f 4160/4160/4160 4165/4165/4165 4162/4162/4162
f 4165/4165/4165 4185/4185/4185 4166/4166/4166
f 4179/4179/4179 4175/4175/4175 4178/4178/4178
f 4175/4175/4175 4179/4179/4179 3874/3874/3874
f 4179/4179/4179 4178/4178/4178 4177/4177/4177
f 4160/4160/4160 4186/4186/4186 4165/4165/4165
f 3873/3873/3873 4186/4186/4186 4160/4160/4160
f 4183/4183/4183 4185/4185/4185 4165/4165/4165
f 4183/4183/4183 4165/4165/4165 4186/4186/4186
f 4183/4183/4183 4186/4186/4186 3873/3873/3873
f 4183/4183/4183 4184/4184/4184 4185/4185/4185
f 4183/4183/4183 3873/3873/3873 3871/3871/3871
f 4181/4181/4181 4184/4184/4184 4183/4183/4183
f 4183/4183/4183 3871/3871/3871 4181/4181/4181
f 4181/4181/4181 5024/5024/5024 4184/4184/4184
f 4182/4182/4182 5024/5024/5024 4181/4181/4181
f 3874/3874/3874 4187/4187/4187 3871/3871/3871
f 4181/4181/4181 3871/3871/3871 4187/4187/4187
f 4179/4179/4179 4187/4187/4187 3874/3874/3874
f 4182/4182/4182 4181/4181/4181 4180/4180/4180
f 4181/4181/4181 4187/4187/4187 4180/4180/4180
f 4177/4177/4177 4182/4182/4182 4180/4180/4180
f 4179/4179/4179 4180/4180/4180 4187/4187/4187
f 4177/4177/4177 4180/4180/4180 4179/4179/4179
f 3882/3882/3882 3881/3881/3881 3880/3880/3880
f 3880/3880/3880 3899/3899/3899 4115/4115/4115
f 3897/3897/3897 3900/3900/3900 3899/3899/3899
f 3897/3897/3897 3899/3899/3899 3888/3888/3888
f 3897/3897/3897 3898/3898/3898 3900/3900/3900
f 3898/3898/3898 4066/4066/4066 3900/3900/3900
f 3897/3897/3897 3888/3888/3888 3889/3889/3889
f 3890/3890/3890 3889/3889/3889 3888/3888/3888
f 3898/3898/3898 3909/3909/3909 4066/4066/4066
f 3909/3909/3909 4067/4067/4067 4066/4066/4066
f 3896/3896/3896 3898/3898/3898 3897/3897/3897
f 3896/3896/3896 3897/3897/3897 3889/3889/3889
f 3904/3904/3904 3909/3909/3909 3898/3898/3898
f 3896/3896/3896 3904/3904/3904 3898/3898/3898
f 3909/3909/3909 3910/3910/3910 4067/4067/4067
f 3904/3904/3904 3896/3896/3896 3901/3901/3901
f 3904/3904/3904 3901/3901/3901 3903/3903/3903
f 3896/3896/3896 3902/3902/3902 3901/3901/3901
f 3906/3906/3906 3904/3904/3904 3903/3903/3903
f 3904/3904/3904 3906/3906/3906 3909/3909/3909
f 3906/3906/3906 3910/3910/3910 3909/3909/3909
f 3906/3906/3906 3903/3903/3903 3905/3905/3905
f 3896/3896/3896 3893/3893/3893 3902/3902/3902
f 3896/3896/3896 3889/3889/3889 3893/3893/3893
f 3908/3908/3908 3906/3906/3906 3905/3905/3905
f 3906/3906/3906 3908/3908/3908 3910/3910/3910
f 3908/3908/3908 3905/3905/3905 3907/3907/3907
f 3945/3945/3945 3902/3902/3902 3893/3893/3893
f 3945/3945/3945 3946/3946/3946 3902/3902/3902
f 3911/3911/3911 3908/3908/3908 3907/3907/3907
f 3911/3911/3911 3910/3910/3910 3908/3908/3908
f 3911/3911/3911 3907/3907/3907 3912/3912/3912
f 3894/3894/3894 3893/3893/3893 3889/3889/3889
f 3894/3894/3894 3945/3945/3945 3893/3893/3893
f 3890/3890/3890 3894/3894/3894 3889/3889/3889
f 3895/3895/3895 3946/3946/3946 3945/3945/3945
f 3895/3895/3895 3945/3945/3945 3894/3894/3894
f 3895/3895/3895 3941/3941/3941 3946/3946/3946
f 3892/3892/3892 3894/3894/3894 3890/3890/3890
f 3895/3895/3895 3894/3894/3894 3892/3892/3892
f 3892/3892/3892 3890/3890/3890 3891/3891/3891
f 3942/3942/3942 3941/3941/3941 3895/3895/3895
f 3942/3942/3942 3895/3895/3895 3892/3892/3892
f 3942/3942/3942 3940/3940/3940 3941/3941/3941
f 3944/3944/3944 3892/3892/3892 3891/3891/3891
f 3942/3942/3942 3892/3892/3892 3944/3944/3944
f 3944/3944/3944 3891/3891/3891 3948/3948/3948
f 3940/3940/3940 3942/3942/3942 3938/3938/3938
f 3938/3938/3938 3942/3942/3942 3944/3944/3944
f 3940/3940/3940 3938/3938/3938 3939/3939/3939
f 3943/3943/3943 3944/3944/3944 3948/3948/3948
f 3938/3938/3938 3944/3944/3944 3943/3943/3943
f 3943/3943/3943 3948/3948/3948 3947/3947/3947
f 3943/3943/3943 3947/3947/3947 3949/3949/3949
f 3939/3939/3939 3938/3938/3938 3937/3937/3937
f 3939/3939/3939 3937/3937/3937 3936/3936/3936
f 3938/3938/3938 3943/3943/3943 3934/3934/3934
f 3938/3938/3938 3934/3934/3934 3937/3937/3937
f 3943/3943/3943 3949/3949/3949 3934/3934/3934
f 3936/3936/3936 3937/3937/3937 3935/3935/3935
f 3935/3935/3935 3937/3937/3937 3934/3934/3934
f 3936/3936/3936 3935/3935/3935 3930/3930/3930
f 3933/3933/3933 3934/3934/3934 3949/3949/3949
f 3935/3935/3935 3934/3934/3934 3933/3933/3933
f 3933/3933/3933 3949/3949/3949 3953/3953/3953
f 3930/3930/3930 3935/3935/3935 3929/3929/3929
f 3929/3929/3929 3935/3935/3935 3933/3933/3933
f 3930/3930/3930 3929/3929/3929 3928/3928/3928
f 3932/3932/3932 3933/3933/3933 3953/3953/3953
f 3929/3929/3929 3933/3933/3933 3932/3932/3932
f 3932/3932/3932 3953/3953/3953 4155/4155/4155
f 3932/3932/3932 4155/4155/4155 3987/3987/3987
f 3928/3928/3928 3929/3929/3929 3925/3925/3925
f 3928/3928/3928 3925/3925/3925 3926/3926/3926
f 3929/3929/3929 3932/3932/3932 3931/3931/3931
f 3932/3932/3932 3987/3987/3987 3931/3931/3931
f 3929/3929/3929 3931/3931/3931 3925/3925/3925
f 3931/3931/3931 3987/3987/3987 3986/3986/3986
f 3925/3925/3925 3927/3927/3927 3926/3926/3926
f 3931/3931/3931 3986/3986/3986 3924/3924/3924
f 3925/3925/3925 3931/3931/3931 3924/3924/3924
f 3924/3924/3924 3986/3986/3986 3988/3988/3988
f 3925/3925/3925 3922/3922/3922 3927/3927/3927
f 3925/3925/3925 3924/3924/3924 3922/3922/3922
f 3923/3923/3923 3927/3927/3927 3922/3922/3922
f 3924/3924/3924 3988/3988/3988 3921/3921/3921
f 3922/3922/3922 3924/3924/3924 3921/3921/3921
f 3923/3923/3923 3922/3922/3922 3919/3919/3919
f 3922/3922/3922 3921/3921/3921 3919/3919/3919
f 3917/3917/3917 3923/3923/3923 3919/3919/3919
f 3920/3920/3920 3921/3921/3921 3988/3988/3988
f 3920/3920/3920 3988/3988/3988 3992/3992/3992
f 3920/3920/3920 3992/3992/3992 4073/4073/4073
f 3918/3918/3918 3919/3919/3919 3921/3921/3921
f 3917/3917/3917 3919/3919/3919 3918/3918/3918
f 3918/3918/3918 3921/3921/3921 3920/3920/3920
f 3918/3918/3918 3916/3916/3916 3917/3917/3917
f 3920/3920/3920 4073/4073/4073 3913/3913/3913
f 3918/3918/3918 3920/3920/3920 3913/3913/3913
f 4074/4074/4074 3913/3913/3913 4073/4073/4073
f 3918/3918/3918 3914/3914/3914 3916/3916/3916
f 3918/3918/3918 3913/3913/3913 3914/3914/3914
f 3914/3914/3914 3912/3912/3912 3916/3916/3916
f 3914/3914/3914 3911/3911/3911 3912/3912/3912
f 4074/4074/4074 3915/3915/3915 3913/3913/3913
f 3915/3915/3915 3914/3914/3914 3913/3913/3913
f 3915/3915/3915 3911/3911/3911 3914/3914/3914
f 3915/3915/3915 4074/4074/4074 4067/4067/4067
f 3911/3911/3911 3915/3915/3915 3910/3910/3910
f 3915/3915/3915 4067/4067/4067 3910/3910/3910
f 3885/3885/3885 3884/3884/3884 3883/3883/3883
f 4946/4946/4946 3883/3883/3883 4945/4945/4945
f 3886/3886/3886 3884/3884/3884 3885/3885/3885
f 3887/3887/3887 3884/3884/3884 3886/3886/3886
f 4962/4962/4962 3887/3887/3887 4961/4961/4961
f 3952/3952/3952 3951/3951/3951 3950/3950/3950
f 3956/3956/3956 3955/3955/3955 3954/3954/3954
f 3978/3978/3978 3977/3977/3977 3976/3976/3976
f 3985/3985/3985 3984/3984/3984 3983/3983/3983
f 3991/3991/3991 3990/3990/3990 3989/3989/3989
f 3995/3995/3995 3994/3994/3994 3993/3993/3993
f 4982/4982/4982 3993/3993/3993 4981/4981/4981
f 4025/4025/4025 4024/4024/4024 4023/4023/4023
f 4028/4028/4028 4027/4027/4027 4026/4026/4026
f 4033/4033/4033 4032/4032/4032 4031/4031/4031
f 4033/4033/4033 4080/4080/4080 4032/4032/4032
f 4034/4034/4034 4031/4031/4031 4032/4032/4032
f 4033/4033/4033 4079/4079/4079 4080/4080/4080
f 4036/4036/4036 4034/4034/4034 4032/4032/4032
f 4036/4036/4036 4032/4032/4032 4035/4035/4035
f 4078/4078/4078 4080/4080/4080 4079/4079/4079
f 4078/4078/4078 4076/4076/4076 4080/4080/4080
f 4077/4077/4077 4035/4035/4035 4076/4076/4076
f 4078/4078/4078 4077/4077/4077 4076/4076/4076
f 4100/4100/4100 4036/4036/4036 4035/4035/4035
f 4077/4077/4077 4100/4100/4100 4035/4035/4035
f 4078/4078/4078 4083/4083/4083 4077/4077/4077
f 4100/4100/4100 4099/4099/4099 4036/4036/4036
f 4082/4082/4082 4083/4083/4083 4078/4078/4078
f 4082/4082/4082 4078/4078/4078 4079/4079/4079
f 4102/4102/4102 4077/4077/4077 4083/4083/4083
f 4102/4102/4102 4100/4100/4100 4077/4077/4077
f 4082/4082/4082 4105/4105/4105 4083/4083/4083
f 4102/4102/4102 4083/4083/4083 4105/4105/4105
f 4107/4107/4107 4105/4105/4105 4082/4082/4082
f 4106/4106/4106 4102/4102/4102 4105/4105/4105
f 4107/4107/4107 4106/4106/4106 4105/4105/4105
f 4106/4106/4106 4104/4104/4104 4102/4102/4102
f 4081/4081/4081 4107/4107/4107 4082/4082/4082
f 4082/4082/4082 4079/4079/4079 4081/4081/4081
f 4081/4081/4081 4108/4108/4108 4107/4107/4107
f 4101/4101/4101 4102/4102/4102 4104/4104/4104
f 4102/4102/4102 4101/4101/4101 4100/4100/4100
f 4101/4101/4101 4104/4104/4104 4103/4103/4103
f 4097/4097/4097 4100/4100/4100 4101/4101/4101
f 4103/4103/4103 4097/4097/4097 4101/4101/4101
f 4097/4097/4097 4099/4099/4099 4100/4100/4100
f 4103/4103/4103 4098/4098/4098 4097/4097/4097
f 4096/4096/4096 4099/4099/4099 4097/4097/4097
f 4098/4098/4098 4096/4096/4096 4097/4097/4097
f 4096/4096/4096 4036/4036/4036 4099/4099/4099
f 4098/4098/4098 5015/5015/5015 4096/4096/4096
f 4096/4096/4096 4034/4034/4034 4036/4036/4036
f 4096/4096/4096 5015/5015/5015 4095/4095/4095
f 4096/4096/4096 4095/4095/4095 4094/4094/4094
f 4096/4096/4096 4094/4094/4094 4034/4034/4034
f 4094/4094/4094 4095/4095/4095 4093/4093/4093
f 4094/4094/4094 4092/4092/4092 4034/4034/4034
f 4034/4034/4034 4092/4092/4092 4031/4031/4031
f 4094/4094/4094 4093/4093/4093 4091/4091/4091
f 4094/4094/4094 4091/4091/4091 4092/4092/4092
f 4091/4091/4091 4093/4093/4093 4089/4089/4089
f 4087/4087/4087 4092/4092/4092 4091/4091/4091
f 4091/4091/4091 4089/4089/4089 4087/4087/4087
f 4087/4087/4087 4031/4031/4031 4092/4092/4092
f 4090/4090/4090 4087/4087/4087 4089/4089/4089
f 4086/4086/4086 4031/4031/4031 4087/4087/4087
f 4090/4090/4090 4086/4086/4086 4087/4087/4087
f 4086/4086/4086 4033/4033/4033 4031/4031/4031
f 4086/4086/4086 4090/4090/4090 4088/4088/4088
f 4086/4086/4086 4085/4085/4085 4033/4033/4033
f 4033/4033/4033 4085/4085/4085 4079/4079/4079
f 4081/4081/4081 4079/4079/4079 4085/4085/4085
f 4086/4086/4086 4088/4088/4088 4084/4084/4084
f 4086/4086/4086 4084/4084/4084 4085/4085/4085
f 4081/4081/4081 4085/4085/4085 4084/4084/4084
f 4084/4084/4084 4088/4088/4088 4108/4108/4108
f 4084/4084/4084 4108/4108/4108 4081/4081/4081
f 4039/4039/4039 4038/4038/4038 4037/4037/4037
f 4045/4045/4045 4044/4044/4044 4037/4037/4037
f 4048/4048/4048 4047/4047/4047 4046/4046/4046
f 4051/4051/4051 4050/4050/4050 4049/4049/4049
f 4052/4052/4052 4051/4051/4051 4049/4049/4049
f 4054/4054/4054 4052/4052/4052 4049/4049/4049
f 4054/4054/4054 4049/4049/4049 4053/4053/4053
f 4052/4052/4052 4142/4142/4142 4051/4051/4051
f 4111/4111/4111 4054/4054/4054 4053/4053/4053
f 4111/4111/4111 4053/4053/4053 4110/4110/4110
f 4127/4127/4127 4052/4052/4052 4054/4054/4054
f 4111/4111/4111 4143/4143/4143 4054/4054/4054
f 4127/4127/4127 4054/4054/4054 4143/4143/4143
f 4111/4111/4111 4110/4110/4110 4109/4109/4109
f 4125/4125/4125 4143/4143/4143 4111/4111/4111
f 4125/4125/4125 4111/4111/4111 4109/4109/4109
f 4127/4127/4127 4143/4143/4143 4126/4126/4126
f 4125/4125/4125 4126/4126/4126 4143/4143/4143
f 4056/4056/4056 4109/4109/4109 4110/4110/4110
f 4056/4056/4056 4110/4110/4110 4050/4050/4050
f 4123/4123/4123 4126/4126/4126 4125/4125/4125
f 4123/4123/4123 4128/4128/4128 4126/4126/4126
f 4128/4128/4128 4127/4127/4127 4126/4126/4126
f 4125/4125/4125 4124/4124/4124 4123/4123/4123
f 4128/4128/4128 4130/4130/4130 4127/4127/4127
f 4125/4125/4125 4120/4120/4120 4124/4124/4124
f 4125/4125/4125 4109/4109/4109 4120/4120/4120
f 4122/4122/4122 4124/4124/4124 4120/4120/4120
f 4131/4131/4131 4127/4127/4127 4130/4130/4130
f 4127/4127/4127 4131/4131/4131 4052/4052/4052
f 4131/4131/4131 4130/4130/4130 4129/4129/4129
f 4131/4131/4131 4142/4142/4142 4052/4052/4052
f 4131/4131/4131 4129/4129/4129 4133/4133/4133
f 4131/4131/4131 4133/4133/4133 4132/4132/4132
f 4131/4131/4131 4132/4132/4132 4142/4142/4142
f 4132/4132/4132 4133/4133/4133 4135/4135/4135
f 4134/4134/4134 4142/4142/4142 4132/4132/4132
f 4132/4132/4132 4135/4135/4135 4134/4134/4134
f 4134/4134/4134 4051/4051/4051 4142/4142/4142
f 4136/4136/4136 4134/4134/4134 4135/4135/4135
f 4136/4136/4136 4139/4139/4139 4134/4134/4134
f 4139/4139/4139 4051/4051/4051 4134/4134/4134
f 4139/4139/4139 4136/4136/4136 4138/4138/4138
f 4139/4139/4139 4057/4057/4057 4051/4051/4051
f 4051/4051/4051 4057/4057/4057 4050/4050/4050
f 4139/4139/4139 4138/4138/4138 4137/4137/4137
f 4137/4137/4137 4138/4138/4138 4140/4140/4140
f 4139/4139/4139 4141/4141/4141 4057/4057/4057
f 4139/4139/4139 4137/4137/4137 4141/4141/4141
f 4057/4057/4057 4055/4055/4055 4050/4050/4050
f 4057/4057/4057 4141/4141/4141 4055/4055/4055
f 4056/4056/4056 4050/4050/4050 4055/4055/4055
f 4116/4116/4116 4141/4141/4141 4137/4137/4137
f 4137/4137/4137 4140/4140/4140 4116/4116/4116
f 4116/4116/4116 4055/4055/4055 4141/4141/4141
f 4121/4121/4121 4116/4116/4116 4140/4140/4140
f 4117/4117/4117 4055/4055/4055 4116/4116/4116
f 4121/4121/4121 4117/4117/4117 4116/4116/4116
f 4117/4117/4117 4056/4056/4056 4055/4055/4055
f 4121/4121/4121 4122/4122/4122 4119/4119/4119
f 4121/4121/4121 4119/4119/4119 4117/4117/4117
f 4122/4122/4122 4120/4120/4120 4119/4119/4119
f 4117/4117/4117 4118/4118/4118 4056/4056/4056
f 4117/4117/4117 4119/4119/4119 4118/4118/4118
f 4120/4120/4120 4118/4118/4118 4119/4119/4119
f 4056/4056/4056 4118/4118/4118 4109/4109/4109
f 4120/4120/4120 4109/4109/4109 4118/4118/4118
f 4060/4060/4060 4059/4059/4059 4058/4058/4058
f 4063/4063/4063 4062/4062/4062 4061/4061/4061
f 4065/4065/4065 4064/4064/4064 4061/4061/4061
f 5012/5012/5012 4062/4062/4062 5011/5011/5011
f 5007/5007/5007 4063/4063/4063 5006/5006/5006
f 4070/4070/4070 4069/4069/4069 4068/4068/4068
f 5014/5014/5014 4069/4069/4069 5013/5013/5013
f 4072/4072/4072 4071/4071/4071 4070/4070/4070
f 4070/4070/4070 4071/4071/4071 4075/4075/4075
f 4987/4987/4987 4075/4075/4075 4986/4986/4986
f 4114/4114/4114 4113/4113/4113 4112/4112/4112
f 4158/4158/4158 4157/4157/4157 4156/4156/4156
f 4191/4191/4191 4190/4190/4190 4189/4189/4189
f 4194/4194/4194 4193/4193/4193 4192/4192/4192
f 4194/4194/4194 4260/4260/4260 4193/4193/4193
f 4193/4193/4193 4260/4260/4260 4258/4258/4258
f 4194/4194/4194 4262/4262/4262 4260/4260/4260
f 4193/4193/4193 4258/4258/4258 4195/4195/4195
f 4193/4193/4193 4195/4195/4195 4192/4192/4192
f 4262/4262/4262 4194/4194/4194 4196/4196/4196
f 4196/4196/4196 4194/4194/4194 4192/4192/4192
f 4259/4259/4259 4260/4260/4260 4262/4262/4262
f 4257/4257/4257 4258/4258/4258 4260/4260/4260
f 4257/4257/4257 4260/4260/4260 4259/4259/4259
f 4195/4195/4195 4258/4258/4258 4254/4254/4254
f 4256/4256/4256 4257/4257/4257 4259/4259/4259
f 4256/4256/4256 4259/4259/4259 4264/4264/4264
f 4255/4255/4255 4257/4257/4257 4256/4256/4256
f 4264/4264/4264 4259/4259/4259 4261/4261/4261
f 4259/4259/4259 4262/4262/4262 4261/4261/4261
f 4264/4264/4264 4261/4261/4261 4263/4263/4263
f 4255/4255/4255 4253/4253/4253 4257/4257/4257
f 4258/4258/4258 4257/4257/4257 4253/4253/4253
f 4258/4258/4258 4253/4253/4253 4254/4254/4254
f 4252/4252/4252 4253/4253/4253 4255/4255/4255
f 4263/4263/4263 4261/4261/4261 4266/4266/4266
f 4252/4252/4252 4250/4250/4250 4253/4253/4253
f 4250/4250/4250 4254/4254/4254 4253/4253/4253
f 4263/4263/4263 4266/4266/4266 4265/4265/4265
f 4249/4249/4249 4250/4250/4250 4252/4252/4252
f 4273/4273/4273 4261/4261/4261 4262/4262/4262
f 4273/4273/4273 4266/4266/4266 4261/4261/4261
f 4262/4262/4262 4196/4196/4196 4273/4273/4273
f 4265/4265/4265 4266/4266/4266 4268/4268/4268
f 4265/4265/4265 4268/4268/4268 4267/4267/4267
f 4270/4270/4270 4267/4267/4267 4268/4268/4268
f 4266/4266/4266 4273/4273/4273 4272/4272/4272
f 4266/4266/4266 4272/4272/4272 4268/4268/4268
f 4273/4273/4273 4196/4196/4196 4199/4199/4199
f 4273/4273/4273 4199/4199/4199 4272/4272/4272
f 4199/4199/4199 4196/4196/4196 4192/4192/4192
f 4270/4270/4270 4268/4268/4268 4269/4269/4269
f 4269/4269/4269 4268/4268/4268 4272/4272/4272
f 4279/4279/4279 4270/4270/4270 4269/4269/4269
f 4199/4199/4199 4271/4271/4271 4272/4272/4272
f 4269/4269/4269 4272/4272/4272 4271/4271/4271
f 4279/4279/4279 4269/4269/4269 4275/4275/4275
f 4271/4271/4271 4275/4275/4275 4269/4269/4269
f 4278/4278/4278 4279/4279/4279 4275/4275/4275
f 4199/4199/4199 4211/4211/4211 4271/4271/4271
f 4211/4211/4211 4199/4199/4199 4192/4192/4192
f 4271/4271/4271 4274/4274/4274 4275/4275/4275
f 4274/4274/4274 4271/4271/4271 4211/4211/4211
f 4278/4278/4278 4275/4275/4275 4277/4277/4277
f 4277/4277/4277 4275/4275/4275 4274/4274/4274
f 4280/4280/4280 4278/4278/4278 4277/4277/4277
f 4274/4274/4274 4211/4211/4211 4209/4209/4209
f 4209/4209/4209 4211/4211/4211 4192/4192/4192
f 4277/4277/4277 4274/4274/4274 4276/4276/4276
f 4276/4276/4276 4274/4274/4274 4209/4209/4209
f 4280/4280/4280 4277/4277/4277 4221/4221/4221
f 4221/4221/4221 4277/4277/4277 4276/4276/4276
f 4222/4222/4222 4280/4280/4280 4221/4221/4221
f 4276/4276/4276 4209/4209/4209 4210/4210/4210
f 4210/4210/4210 4209/4209/4209 4192/4192/4192
f 4221/4221/4221 4276/4276/4276 4217/4217/4217
f 4217/4217/4217 4276/4276/4276 4210/4210/4210
f 4222/4222/4222 4221/4221/4221 4218/4218/4218
f 4218/4218/4218 4221/4221/4221 4217/4217/4217
f 4220/4220/4220 4222/4222/4222 4218/4218/4218
f 4217/4217/4217 4210/4210/4210 4212/4212/4212
f 4212/4212/4212 4210/4210/4210 4192/4192/4192
f 4218/4218/4218 4217/4217/4217 4216/4216/4216
f 4216/4216/4216 4217/4217/4217 4212/4212/4212
f 4220/4220/4220 4218/4218/4218 4219/4219/4219
f 4219/4219/4219 4218/4218/4218 4216/4216/4216
f 4224/4224/4224 4220/4220/4220 4219/4219/4219
f 4216/4216/4216 4212/4212/4212 4214/4214/4214
f 4214/4214/4214 4212/4212/4212 4192/4192/4192
f 4219/4219/4219 4216/4216/4216 4215/4215/4215
f 4215/4215/4215 4216/4216/4216 4214/4214/4214
f 4224/4224/4224 4219/4219/4219 4223/4223/4223
f 4223/4223/4223 4219/4219/4219 4215/4215/4215
f 4226/4226/4226 4224/4224/4224 4223/4223/4223
f 4215/4215/4215 4214/4214/4214 4213/4213/4213
f 4213/4213/4213 4214/4214/4214 4192/4192/4192
f 4223/4223/4223 4215/4215/4215 4228/4228/4228
f 4228/4228/4228 4215/4215/4215 4213/4213/4213
f 4226/4226/4226 4223/4223/4223 4225/4225/4225
f 4225/4225/4225 4223/4223/4223 4228/4228/4228
f 4231/4231/4231 4226/4226/4226 4225/4225/4225
f 4228/4228/4228 4213/4213/4213 4206/4206/4206
f 4206/4206/4206 4213/4213/4213 4192/4192/4192
f 4225/4225/4225 4228/4228/4228 4227/4227/4227
f 4227/4227/4227 4228/4228/4228 4206/4206/4206
f 4231/4231/4231 4225/4225/4225 4230/4230/4230
f 4230/4230/4230 4225/4225/4225 4227/4227/4227
f 4233/4233/4233 4231/4231/4231 4230/4230/4230
f 4227/4227/4227 4206/4206/4206 4204/4204/4204
f 4204/4204/4204 4206/4206/4206 4192/4192/4192
f 4230/4230/4230 4227/4227/4227 4229/4229/4229
f 4229/4229/4229 4227/4227/4227 4204/4204/4204
f 4233/4233/4233 4230/4230/4230 4232/4232/4232
f 4232/4232/4232 4230/4230/4230 4229/4229/4229
f 4236/4236/4236 4233/4233/4233 4232/4232/4232
f 4229/4229/4229 4204/4204/4204 4205/4205/4205
f 4205/4205/4205 4204/4204/4204 4192/4192/4192
f 4232/4232/4232 4229/4229/4229 4234/4234/4234
f 4234/4234/4234 4229/4229/4229 4205/4205/4205
f 4236/4236/4236 4232/4232/4232 4235/4235/4235
f 4234/4234/4234 4235/4235/4235 4232/4232/4232
f 4234/4234/4234 4205/4205/4205 4202/4202/4202
f 4202/4202/4202 4205/4205/4205 4192/4192/4192
f 4234/4234/4234 4237/4237/4237 4235/4235/4235
f 4237/4237/4237 4234/4234/4234 4202/4202/4202
f 4236/4236/4236 4235/4235/4235 4241/4241/4241
f 4236/4236/4236 4241/4241/4241 4242/4242/4242
f 4237/4237/4237 4202/4202/4202 4200/4200/4200
f 4200/4200/4200 4202/4202/4202 4192/4192/4192
f 4238/4238/4238 4235/4235/4235 4237/4237/4237
f 4238/4238/4238 4241/4241/4241 4235/4235/4235
f 4201/4201/4201 4237/4237/4237 4200/4200/4200
f 4201/4201/4201 4238/4238/4238 4237/4237/4237
f 4201/4201/4201 4200/4200/4200 4192/4192/4192
f 4242/4242/4242 4241/4241/4241 4239/4239/4239
f 4242/4242/4242 4239/4239/4239 4243/4243/4243
f 4203/4203/4203 4238/4238/4238 4201/4201/4201
f 4203/4203/4203 4201/4201/4201 4192/4192/4192
f 4241/4241/4241 4238/4238/4238 4240/4240/4240
f 4203/4203/4203 4240/4240/4240 4238/4238/4238
f 4241/4241/4241 4240/4240/4240 4239/4239/4239
f 4208/4208/4208 4240/4240/4240 4203/4203/4203
f 4208/4208/4208 4203/4203/4203 4192/4192/4192
f 4246/4246/4246 4239/4239/4239 4240/4240/4240
f 4208/4208/4208 4246/4246/4246 4240/4240/4240
f 4243/4243/4243 4239/4239/4239 4245/4245/4245
f 4246/4246/4246 4245/4245/4245 4239/4239/4239
f 4243/4243/4243 4245/4245/4245 4244/4244/4244
f 4207/4207/4207 4246/4246/4246 4208/4208/4208
f 4207/4207/4207 4208/4208/4208 4192/4192/4192
f 4245/4245/4245 4246/4246/4246 4248/4248/4248
f 4207/4207/4207 4248/4248/4248 4246/4246/4246
f 4244/4244/4244 4245/4245/4245 4247/4247/4247
f 4245/4245/4245 4248/4248/4248 4247/4247/4247
f 4244/4244/4244 4247/4247/4247 4249/4249/4249
f 4249/4249/4249 4247/4247/4247 4250/4250/4250
f 4198/4198/4198 4248/4248/4248 4207/4207/4207
f 4198/4198/4198 4207/4207/4207 4192/4192/4192
f 4247/4247/4247 4248/4248/4248 4251/4251/4251
f 4247/4247/4247 4251/4251/4251 4250/4250/4250
f 4198/4198/4198 4251/4251/4251 4248/4248/4248
f 4250/4250/4250 4251/4251/4251 4254/4254/4254
f 4197/4197/4197 4198/4198/4198 4192/4192/4192
f 4197/4197/4197 4251/4251/4251 4198/4198/4198
f 4197/4197/4197 4254/4254/4254 4251/4251/4251
f 4195/4195/4195 4197/4197/4197 4192/4192/4192
f 4195/4195/4195 4254/4254/4254 4197/4197/4197
f 4283/4283/4283 4282/4282/4282 4281/4281/4281
f 4283/4283/4283 4284/4284/4284 4282/4282/4282
f 4296/4296/4296 4283/4283/4283 4281/4281/4281
f 4285/4285/4285 4282/4282/4282 4284/4284/4284
f 4296/4296/4296 4281/4281/4281 4294/4294/4294
f 4295/4295/4295 4296/4296/4296 4294/4294/4294
f 4285/4285/4285 4286/4286/4286 4282/4282/4282
f 4287/4287/4287 4286/4286/4286 4285/4285/4285
f 4281/4281/4281 4282/4282/4282 4300/4300/4300
f 4286/4286/4286 4300/4300/4300 4282/4282/4282
f 4294/4294/4294 4281/4281/4281 4299/4299/4299
f 4281/4281/4281 4300/4300/4300 4299/4299/4299
f 4295/4295/4295 4294/4294/4294 4293/4293/4293
f 4291/4291/4291 4295/4295/4295 4293/4293/4293
f 4294/4294/4294 4299/4299/4299 4298/4298/4298
f 4293/4293/4293 4294/4294/4294 4298/4298/4298
f 4301/4301/4301 4299/4299/4299 4300/4300/4300
f 4287/4287/4287 4288/4288/4288 4286/4286/4286
f 4289/4289/4289 4288/4288/4288 4287/4287/4287
f 4286/4286/4286 4327/4327/4327 4300/4300/4300
f 4288/4288/4288 4327/4327/4327 4286/4286/4286
f 4327/4327/4327 4301/4301/4301 4300/4300/4300
f 4289/4289/4289 4290/4290/4290 4288/4288/4288
f 4291/4291/4291 4290/4290/4290 4289/4289/4289
f 4288/4288/4288 4325/4325/4325 4327/4327/4327
f 4290/4290/4290 4325/4325/4325 4288/4288/4288
f 4327/4327/4327 4328/4328/4328 4301/4301/4301
f 4325/4325/4325 4328/4328/4328 4327/4327/4327
f 4291/4291/4291 4292/4292/4292 4290/4290/4290
f 4291/4291/4291 4293/4293/4293 4292/4292/4292
f 4290/4290/4290 4324/4324/4324 4325/4325/4325
f 4292/4292/4292 4324/4324/4324 4290/4290/4290
f 4325/4325/4325 4326/4326/4326 4328/4328/4328
f 4324/4324/4324 4326/4326/4326 4325/4325/4325
f 4292/4292/4292 4293/4293/4293 4297/4297/4297
f 4293/4293/4293 4298/4298/4298 4297/4297/4297
f 4292/4292/4292 4323/4323/4323 4324/4324/4324
f 4292/4292/4292 4297/4297/4297 4323/4323/4323
f 4324/4324/4324 4321/4321/4321 4326/4326/4326
f 4323/4323/4323 4321/4321/4321 4324/4324/4324
f 4303/4303/4303 4297/4297/4297 4298/4298/4298
f 4308/4308/4308 4323/4323/4323 4297/4297/4297
f 4303/4303/4303 4308/4308/4308 4297/4297/4297
f 4302/4302/4302 4298/4298/4298 4299/4299/4299
f 4302/4302/4302 4303/4303/4303 4298/4298/4298
f 4301/4301/4301 4302/4302/4302 4299/4299/4299
f 4308/4308/4308 4322/4322/4322 4323/4323/4323
f 4323/4323/4323 4322/4322/4322 4321/4321/4321
f 4302/4302/4302 4301/4301/4301 4305/4305/4305
f 4328/4328/4328 4305/4305/4305 4301/4301/4301
f 4304/4304/4304 4303/4303/4303 4302/4302/4302
f 4302/4302/4302 4305/4305/4305 4304/4304/4304
f 4308/4308/4308 4303/4303/4303 4307/4307/4307
f 4304/4304/4304 4307/4307/4307 4303/4303/4303
f 4328/4328/4328 4313/4313/4313 4305/4305/4305
f 4326/4326/4326 4313/4313/4313 4328/4328/4328
f 4304/4304/4304 4305/4305/4305 4312/4312/4312
f 4313/4313/4313 4312/4312/4312 4305/4305/4305
f 4304/4304/4304 4312/4312/4312 4311/4311/4311
f 4311/4311/4311 4307/4307/4307 4304/4304/4304
f 4313/4313/4313 4314/4314/4314 4312/4312/4312
f 4311/4311/4311 4310/4310/4310 4307/4307/4307
f 4315/4315/4315 4314/4314/4314 4313/4313/4313
f 4326/4326/4326 4315/4315/4315 4313/4313/4313
f 4321/4321/4321 4315/4315/4315 4326/4326/4326
f 4315/4315/4315 4316/4316/4316 4314/4314/4314
f 4306/4306/4306 4307/4307/4307 4310/4310/4310
f 4308/4308/4308 4307/4307/4307 4306/4306/4306
f 4322/4322/4322 4308/4308/4308 4306/4306/4306
f 4306/4306/4306 4310/4310/4310 4309/4309/4309
f 4317/4317/4317 4316/4316/4316 4315/4315/4315
f 4321/4321/4321 4317/4317/4317 4315/4315/4315
f 4322/4322/4322 4317/4317/4317 4321/4321/4321
f 4317/4317/4317 4318/4318/4318 4316/4316/4316
f 4322/4322/4322 4306/4306/4306 4319/4319/4319
f 4322/4322/4322 4319/4319/4319 4317/4317/4317
f 4319/4319/4319 4306/4306/4306 4309/4309/4309
f 4319/4319/4319 4318/4318/4318 4317/4317/4317
f 4319/4319/4319 4309/4309/4309 4320/4320/4320
f 4319/4319/4319 4320/4320/4320 4318/4318/4318
f 4331/4331/4331 4330/4330/4330 4329/4329/4329
f 4344/4344/4344 4331/4331/4331 4329/4329/4329
f 4331/4331/4331 4333/4333/4333 4330/4330/4330
f 4344/4344/4344 4329/4329/4329 4343/4343/4343
f 4341/4341/4341 4344/4344/4344 4343/4343/4343
f 4333/4333/4333 4332/4332/4332 4330/4330/4330
f 4333/4333/4333 4334/4334/4334 4332/4332/4332
f 4335/4335/4335 4332/4332/4332 4334/4334/4334
f 4329/4329/4329 4330/4330/4330 4375/4375/4375
f 4335/4335/4335 4336/4336/4336 4332/4332/4332
f 4337/4337/4337 4336/4336/4336 4335/4335/4335
f 4330/4330/4330 4332/4332/4332 4373/4373/4373
f 4336/4336/4336 4373/4373/4373 4332/4332/4332
f 4330/4330/4330 4373/4373/4373 4375/4375/4375
f 4337/4337/4337 4338/4338/4338 4336/4336/4336
f 4339/4339/4339 4338/4338/4338 4337/4337/4337
f 4336/4336/4336 4372/4372/4372 4373/4373/4373
f 4338/4338/4338 4372/4372/4372 4336/4336/4336
f 4374/4374/4374 4375/4375/4375 4373/4373/4373
f 4372/4372/4372 4374/4374/4374 4373/4373/4373
f 4339/4339/4339 4340/4340/4340 4338/4338/4338
f 4341/4341/4341 4340/4340/4340 4339/4339/4339
f 4338/4338/4338 4371/4371/4371 4372/4372/4372
f 4340/4340/4340 4371/4371/4371 4338/4338/4338
f 4372/4372/4372 4369/4369/4369 4374/4374/4374
f 4371/4371/4371 4369/4369/4369 4372/4372/4372
f 4341/4341/4341 4342/4342/4342 4340/4340/4340
f 4341/4341/4341 4343/4343/4343 4342/4342/4342
f 4340/4340/4340 4356/4356/4356 4371/4371/4371
f 4342/4342/4342 4356/4356/4356 4340/4340/4340
f 4371/4371/4371 4370/4370/4370 4369/4369/4369
f 4356/4356/4356 4370/4370/4370 4371/4371/4371
f 4342/4342/4342 4343/4343/4343 4345/4345/4345
f 4342/4342/4342 4347/4347/4347 4356/4356/4356
f 4342/4342/4342 4345/4345/4345 4347/4347/4347
f 4343/4343/4343 4329/4329/4329 4346/4346/4346
f 4343/4343/4343 4346/4346/4346 4345/4345/4345
f 4329/4329/4329 4375/4375/4375 4346/4346/4346
f 4347/4347/4347 4354/4354/4354 4356/4356/4356
f 4356/4356/4356 4354/4354/4354 4370/4370/4370
f 4376/4376/4376 4346/4346/4346 4375/4375/4375
f 4374/4374/4374 4376/4376/4376 4375/4375/4375
f 4348/4348/4348 4345/4345/4345 4346/4346/4346
f 4376/4376/4376 4348/4348/4348 4346/4346/4346
f 4349/4349/4349 4347/4347/4347 4345/4345/4345
f 4348/4348/4348 4349/4349/4349 4345/4345/4345
f 4376/4376/4376 4374/4374/4374 4364/4364/4364
f 4369/4369/4369 4364/4364/4364 4374/4374/4374
f 4348/4348/4348 4376/4376/4376 4363/4363/4363
f 4376/4376/4376 4364/4364/4364 4363/4363/4363
f 4370/4370/4370 4365/4365/4365 4369/4369/4369
f 4369/4369/4369 4365/4365/4365 4364/4364/4364
f 4363/4363/4363 4364/4364/4364 4362/4362/4362
f 4365/4365/4365 4362/4362/4362 4364/4364/4364
f 4363/4363/4363 4362/4362/4362 4361/4361/4361
f 4365/4365/4365 4366/4366/4366 4362/4362/4362
f 4353/4353/4353 4363/4363/4363 4361/4361/4361
f 4348/4348/4348 4363/4363/4363 4353/4353/4353
f 4349/4349/4349 4348/4348/4348 4353/4353/4353
f 4353/4353/4353 4361/4361/4361 4360/4360/4360
f 4367/4367/4367 4366/4366/4366 4365/4365/4365
f 4370/4370/4370 4367/4367/4367 4365/4365/4365
f 4354/4354/4354 4367/4367/4367 4370/4370/4370
f 4367/4367/4367 4368/4368/4368 4366/4366/4366
f 4351/4351/4351 4353/4353/4353 4360/4360/4360
f 4349/4349/4349 4353/4353/4353 4351/4351/4351
f 4351/4351/4351 4360/4360/4360 4359/4359/4359
f 4355/4355/4355 4368/4368/4368 4367/4367/4367
f 4354/4354/4354 4355/4355/4355 4367/4367/4367
f 4355/4355/4355 4357/4357/4357 4368/4368/4368
f 4350/4350/4350 4351/4351/4351 4359/4359/4359
f 4350/4350/4350 4357/4357/4357 4355/4355/4355
f 4350/4350/4350 4359/4359/4359 4358/4358/4358
f 4350/4350/4350 4358/4358/4358 4357/4357/4357
f 4352/4352/4352 4355/4355/4355 4354/4354/4354
f 4352/4352/4352 4350/4350/4350 4355/4355/4355
f 4352/4352/4352 4351/4351/4351 4350/4350/4350
f 4352/4352/4352 4349/4349/4349 4351/4351/4351
f 4347/4347/4347 4352/4352/4352 4354/4354/4354
f 4349/4349/4349 4352/4352/4352 4347/4347/4347
f 4379/4379/4379 4378/4378/4378 4377/4377/4377
f 4379/4379/4379 4381/4381/4381 4378/4378/4378
f 4391/4391/4391 4379/4379/4379 4377/4377/4377
f 4381/4381/4381 4380/4380/4380 4378/4378/4378
f 4381/4381/4381 4383/4383/4383 4380/4380/4380
f 4377/4377/4377 4378/4378/4378 4396/4396/4396
f 4383/4383/4383 4382/4382/4382 4380/4380/4380
f 4383/4383/4383 4385/4385/4385 4382/4382/4382
f 4378/4378/4378 4380/4380/4380 4424/4424/4424
f 4378/4378/4378 4424/4424/4424 4396/4396/4396
f 4380/4380/4380 4382/4382/4382 4423/4423/4423
f 4380/4380/4380 4423/4423/4423 4424/4424/4424
f 4385/4385/4385 4384/4384/4384 4382/4382/4382
f 4384/4384/4384 4423/4423/4423 4382/4382/4382
f 4385/4385/4385 4386/4386/4386 4384/4384/4384
f 4387/4387/4387 4384/4384/4384 4386/4386/4386
f 4414/4414/4414 4424/4424/4424 4423/4423/4423
f 4387/4387/4387 4388/4388/4388 4384/4384/4384
f 4389/4389/4389 4388/4388/4388 4387/4387/4387
f 4384/4384/4384 4422/4422/4422 4423/4423/4423
f 4388/4388/4388 4422/4422/4422 4384/4384/4384
f 4422/4422/4422 4414/4414/4414 4423/4423/4423
f 4389/4389/4389 4390/4390/4390 4388/4388/4388
f 4391/4391/4391 4390/4390/4390 4389/4389/4389
f 4388/4388/4388 4421/4421/4421 4422/4422/4422
f 4390/4390/4390 4421/4421/4421 4388/4388/4388
f 4422/4422/4422 4415/4415/4415 4414/4414/4414
f 4421/4421/4421 4415/4415/4415 4422/4422/4422
f 4391/4391/4391 4392/4392/4392 4390/4390/4390
f 4391/4391/4391 4377/4377/4377 4392/4392/4392
f 4390/4390/4390 4393/4393/4393 4421/4421/4421
f 4392/4392/4392 4393/4393/4393 4390/4390/4390
f 4421/4421/4421 4420/4420/4420 4415/4415/4415
f 4393/4393/4393 4420/4420/4420 4421/4421/4421
f 4392/4392/4392 4377/4377/4377 4395/4395/4395
f 4377/4377/4377 4396/4396/4396 4395/4395/4395
f 4392/4392/4392 4394/4394/4394 4393/4393/4393
f 4392/4392/4392 4395/4395/4395 4394/4394/4394
f 4393/4393/4393 4403/4403/4403 4420/4420/4420
f 4394/4394/4394 4403/4403/4403 4393/4393/4393
f 4420/4420/4420 4417/4417/4417 4415/4415/4415
f 4398/4398/4398 4394/4394/4394 4395/4395/4395
f 4420/4420/4420 4418/4418/4418 4417/4417/4417
f 4403/4403/4403 4418/4418/4418 4420/4420/4420
f 4415/4415/4415 4417/4417/4417 4413/4413/4413
f 4415/4415/4415 4413/4413/4413 4414/4414/4414
f 4418/4418/4418 4416/4416/4416 4417/4417/4417
f 4413/4413/4413 4417/4417/4417 4416/4416/4416
f 4418/4418/4418 4419/4419/4419 4416/4416/4416
f 4413/4413/4413 4416/4416/4416 4412/4412/4412
f 4404/4404/4404 4419/4419/4419 4418/4418/4418
f 4403/4403/4403 4404/4404/4404 4418/4418/4418
f 4404/4404/4404 4405/4405/4405 4419/4419/4419
f 4394/4394/4394 4401/4401/4401 4403/4403/4403
f 4401/4401/4401 4404/4404/4404 4403/4403/4403
f 4398/4398/4398 4401/4401/4401 4394/4394/4394
f 4399/4399/4399 4405/4405/4405 4404/4404/4404
f 4401/4401/4401 4399/4399/4399 4404/4404/4404
f 4399/4399/4399 4406/4406/4406 4405/4405/4405
f 4399/4399/4399 4407/4407/4407 4406/4406/4406
f 4401/4401/4401 4400/4400/4400 4399/4399/4399
f 4399/4399/4399 4400/4400/4400 4407/4407/4407
f 4401/4401/4401 4398/4398/4398 4400/4400/4400
f 4400/4400/4400 4408/4408/4408 4407/4407/4407
f 4400/4400/4400 4402/4402/4402 4408/4408/4408
f 4398/4398/4398 4402/4402/4402 4400/4400/4400
f 4410/4410/4410 4408/4408/4408 4402/4402/4402
f 4397/4397/4397 4398/4398/4398 4395/4395/4395
f 4398/4398/4398 4397/4397/4397 4402/4402/4402
f 4397/4397/4397 4395/4395/4395 4396/4396/4396
f 4410/4410/4410 4402/4402/4402 4409/4409/4409
f 4409/4409/4409 4402/4402/4402 4397/4397/4397
f 4409/4409/4409 4412/4412/4412 4410/4410/4410
f 4409/4409/4409 4413/4413/4413 4412/4412/4412
f 4411/4411/4411 4397/4397/4397 4396/4396/4396
f 4409/4409/4409 4397/4397/4397 4411/4411/4411
f 4411/4411/4411 4413/4413/4413 4409/4409/4409
f 4411/4411/4411 4414/4414/4414 4413/4413/4413
f 4411/4411/4411 4396/4396/4396 4424/4424/4424
f 4414/4414/4414 4411/4411/4411 4424/4424/4424
f 4427/4427/4427 4426/4426/4426 4425/4425/4425
f 4425/4425/4425 4428/4428/4428 4427/4427/4427
f 4427/4427/4427 4430/4430/4430 4426/4426/4426
f 4425/4425/4425 4440/4440/4440 4428/4428/4428
f 4438/4438/4438 4428/4428/4428 4440/4440/4440
f 4430/4430/4430 4429/4429/4429 4426/4426/4426
f 4430/4430/4430 4431/4431/4431 4429/4429/4429
f 4432/4432/4432 4429/4429/4429 4431/4431/4431
f 4425/4425/4425 4426/4426/4426 4452/4452/4452
f 4432/4432/4432 4433/4433/4433 4429/4429/4429
f 4434/4434/4434 4433/4433/4433 4432/4432/4432
f 4426/4426/4426 4429/4429/4429 4455/4455/4455
f 4433/4433/4433 4455/4455/4455 4429/4429/4429
f 4426/4426/4426 4455/4455/4455 4452/4452/4452
f 4434/4434/4434 4435/4435/4435 4433/4433/4433
f 4436/4436/4436 4435/4435/4435 4434/4434/4434
f 4433/4433/4433 4457/4457/4457 4455/4455/4455
f 4435/4435/4435 4457/4457/4457 4433/4433/4433
f 4456/4456/4456 4452/4452/4452 4455/4455/4455
f 4457/4457/4457 4456/4456/4456 4455/4455/4455
f 4436/4436/4436 4437/4437/4437 4435/4435/4435
f 4438/4438/4438 4437/4437/4437 4436/4436/4436
f 4435/4435/4435 4459/4459/4459 4457/4457/4457
f 4437/4437/4437 4459/4459/4459 4435/4435/4435
f 4457/4457/4457 4458/4458/4458 4456/4456/4456
f 4459/4459/4459 4458/4458/4458 4457/4457/4457
f 4438/4438/4438 4439/4439/4439 4437/4437/4437
f 4438/4438/4438 4440/4440/4440 4439/4439/4439
f 4437/4437/4437 4441/4441/4441 4459/4459/4459
f 4439/4439/4439 4441/4441/4441 4437/4437/4437
f 4459/4459/4459 4461/4461/4461 4458/4458/4458
f 4441/4441/4441 4461/4461/4461 4459/4459/4459
f 4439/4439/4439 4440/4440/4440 4443/4443/4443
f 4439/4439/4439 4442/4442/4442 4441/4441/4441
f 4439/4439/4439 4443/4443/4443 4442/4442/4442
f 4444/4444/4444 4440/4440/4440 4425/4425/4425
f 4444/4444/4444 4443/4443/4443 4440/4440/4440
f 4425/4425/4425 4452/4452/4452 4444/4444/4444
f 4442/4442/4442 4463/4463/4463 4441/4441/4441
f 4441/4441/4441 4463/4463/4463 4461/4461/4461
f 4453/4453/4453 4444/4444/4444 4452/4452/4452
f 4456/4456/4456 4453/4453/4453 4452/4452/4452
f 4445/4445/4445 4443/4443/4443 4444/4444/4444
f 4453/4453/4453 4445/4445/4445 4444/4444/4444
f 4446/4446/4446 4442/4442/4442 4443/4443/4443
f 4445/4445/4445 4446/4446/4446 4443/4443/4443
f 4453/4453/4453 4456/4456/4456 4454/4454/4454
f 4458/4458/4458 4454/4454/4454 4456/4456/4456
f 4445/4445/4445 4453/4453/4453 4451/4451/4451
f 4453/4453/4453 4454/4454/4454 4451/4451/4451
f 4461/4461/4461 4460/4460/4460 4458/4458/4458
f 4458/4458/4458 4460/4460/4460 4454/4454/4454
f 4451/4451/4451 4454/4454/4454 4471/4471/4471
f 4460/4460/4460 4471/4471/4471 4454/4454/4454
f 4451/4451/4451 4471/4471/4471 4470/4470/4470
f 4460/4460/4460 4472/4472/4472 4471/4471/4471
f 4450/4450/4450 4451/4451/4451 4470/4470/4470
f 4445/4445/4445 4451/4451/4451 4450/4450/4450
f 4446/4446/4446 4445/4445/4445 4450/4450/4450
f 4450/4450/4450 4470/4470/4470 4469/4469/4469
f 4462/4462/4462 4472/4472/4472 4460/4460/4460
f 4461/4461/4461 4462/4462/4462 4460/4460/4460
f 4463/4463/4463 4462/4462/4462 4461/4461/4461
f 4462/4462/4462 4465/4465/4465 4472/4472/4472
f 4448/4448/4448 4450/4450/4450 4469/4469/4469
f 4446/4446/4446 4450/4450/4450 4448/4448/4448
f 4448/4448/4448 4469/4469/4469 4468/4468/4468
f 4464/4464/4464 4465/4465/4465 4462/4462/4462
f 4463/4463/4463 4464/4464/4464 4462/4462/4462
f 4464/4464/4464 4466/4466/4466 4465/4465/4465
f 4447/4447/4447 4448/4448/4448 4468/4468/4468
f 4447/4447/4447 4466/4466/4466 4464/4464/4464
f 4447/4447/4447 4468/4468/4468 4467/4467/4467
f 4447/4447/4447 4467/4467/4467 4466/4466/4466
f 4449/4449/4449 4464/4464/4464 4463/4463/4463
f 4449/4449/4449 4447/4447/4447 4464/4464/4464
f 4449/4449/4449 4448/4448/4448 4447/4447/4447
f 4449/4449/4449 4446/4446/4446 4448/4448/4448
f 4442/4442/4442 4449/4449/4449 4463/4463/4463
f 4446/4446/4446 4449/4449/4449 4442/4442/4442
f 4475/4475/4475 4474/4474/4474 4473/4473/4473
f 4473/4473/4473 4476/4476/4476 4475/4475/4475
f 4475/4475/4475 4478/4478/4478 4474/4474/4474
f 4473/4473/4473 4488/4488/4488 4476/4476/4476
f 4486/4486/4486 4476/4476/4476 4488/4488/4488
f 4478/4478/4478 4477/4477/4477 4474/4474/4474
f 4478/4478/4478 4479/4479/4479 4477/4477/4477
f 4480/4480/4480 4477/4477/4477 4479/4479/4479
f 4473/4473/4473 4474/4474/4474 4500/4500/4500
f 4480/4480/4480 4481/4481/4481 4477/4477/4477
f 4482/4482/4482 4481/4481/4481 4480/4480/4480
f 4474/4474/4474 4477/4477/4477 4503/4503/4503
f 4481/4481/4481 4503/4503/4503 4477/4477/4477
f 4474/4474/4474 4503/4503/4503 4500/4500/4500
f 4482/4482/4482 4483/4483/4483 4481/4481/4481
f 4484/4484/4484 4483/4483/4483 4482/4482/4482
f 4481/4481/4481 4505/4505/4505 4503/4503/4503
f 4483/4483/4483 4505/4505/4505 4481/4481/4481
f 4504/4504/4504 4500/4500/4500 4503/4503/4503
f 4505/4505/4505 4504/4504/4504 4503/4503/4503
f 4484/4484/4484 4485/4485/4485 4483/4483/4483
f 4486/4486/4486 4485/4485/4485 4484/4484/4484
f 4483/4483/4483 4507/4507/4507 4505/4505/4505
f 4485/4485/4485 4507/4507/4507 4483/4483/4483
f 4505/4505/4505 4506/4506/4506 4504/4504/4504
f 4507/4507/4507 4506/4506/4506 4505/4505/4505
f 4486/4486/4486 4487/4487/4487 4485/4485/4485
f 4486/4486/4486 4488/4488/4488 4487/4487/4487
f 4485/4485/4485 4489/4489/4489 4507/4507/4507
f 4487/4487/4487 4489/4489/4489 4485/4485/4485
f 4507/4507/4507 4509/4509/4509 4506/4506/4506
f 4489/4489/4489 4509/4509/4509 4507/4507/4507
f 4487/4487/4487 4488/4488/4488 4491/4491/4491
f 4487/4487/4487 4490/4490/4490 4489/4489/4489
f 4487/4487/4487 4491/4491/4491 4490/4490/4490
f 4492/4492/4492 4488/4488/4488 4473/4473/4473
f 4492/4492/4492 4491/4491/4491 4488/4488/4488
f 4473/4473/4473 4500/4500/4500 4492/4492/4492
f 4490/4490/4490 4511/4511/4511 4489/4489/4489
f 4489/4489/4489 4511/4511/4511 4509/4509/4509
f 4501/4501/4501 4492/4492/4492 4500/4500/4500
f 4504/4504/4504 4501/4501/4501 4500/4500/4500
f 4494/4494/4494 4491/4491/4491 4492/4492/4492
f 4501/4501/4501 4494/4494/4494 4492/4492/4492
f 4493/4493/4493 4490/4490/4490 4491/4491/4491
f 4494/4494/4494 4493/4493/4493 4491/4491/4491
f 4501/4501/4501 4504/4504/4504 4502/4502/4502
f 4506/4506/4506 4502/4502/4502 4504/4504/4504
f 4494/4494/4494 4501/4501/4501 4499/4499/4499
f 4501/4501/4501 4502/4502/4502 4499/4499/4499
f 4509/4509/4509 4508/4508/4508 4506/4506/4506
f 4506/4506/4506 4508/4508/4508 4502/4502/4502
f 4499/4499/4499 4502/4502/4502 4516/4516/4516
f 4508/4508/4508 4516/4516/4516 4502/4502/4502
f 4499/4499/4499 4516/4516/4516 4517/4517/4517
f 4508/4508/4508 4515/4515/4515 4516/4516/4516
f 4498/4498/4498 4499/4499/4499 4517/4517/4517
f 4494/4494/4494 4499/4499/4499 4498/4498/4498
f 4493/4493/4493 4494/4494/4494 4498/4498/4498
f 4498/4498/4498 4517/4517/4517 4518/4518/4518
f 4510/4510/4510 4515/4515/4515 4508/4508/4508
f 4509/4509/4509 4510/4510/4510 4508/4508/4508
f 4511/4511/4511 4510/4510/4510 4509/4509/4509
f 4510/4510/4510 4514/4514/4514 4515/4515/4515
f 4496/4496/4496 4498/4498/4498 4518/4518/4518
f 4493/4493/4493 4498/4498/4498 4496/4496/4496
f 4496/4496/4496 4518/4518/4518 4519/4519/4519
f 4512/4512/4512 4514/4514/4514 4510/4510/4510
f 4511/4511/4511 4512/4512/4512 4510/4510/4510
f 4512/4512/4512 4513/4513/4513 4514/4514/4514
f 4495/4495/4495 4496/4496/4496 4519/4519/4519
f 4495/4495/4495 4513/4513/4513 4512/4512/4512
f 4495/4495/4495 4519/4519/4519 4520/4520/4520
f 4495/4495/4495 4520/4520/4520 4513/4513/4513
f 4497/4497/4497 4512/4512/4512 4511/4511/4511
f 4497/4497/4497 4495/4495/4495 4512/4512/4512
f 4497/4497/4497 4496/4496/4496 4495/4495/4495
f 4497/4497/4497 4493/4493/4493 4496/4496/4496
f 4490/4490/4490 4497/4497/4497 4511/4511/4511
f 4493/4493/4493 4497/4497/4497 4490/4490/4490
f 4523/4523/4523 4522/4522/4522 4521/4521/4521
f 4521/4521/4521 4522/4522/4522 4556/4556/4556
f 4521/4521/4521 4556/4556/4556 4555/4555/4555
f 4553/4553/4553 4556/4556/4556 4522/4522/4522
f 4555/4555/4555 4539/4539/4539 4521/4521/4521
f 4555/4555/4555 4557/4557/4557 4539/4539/4539
f 4553/4553/4553 4522/4522/4522 4552/4552/4552
f 4557/4557/4557 4537/4537/4537 4539/4539/4539
f 4557/4557/4557 4558/4558/4558 4537/4537/4537
f 4559/4559/4559 4537/4537/4537 4558/4558/4558
f 4521/4521/4521 4539/4539/4539 4524/4524/4524
f 4521/4521/4521 4524/4524/4524 4523/4523/4523
f 4539/4539/4539 4537/4537/4537 4533/4533/4533
f 4539/4539/4539 4533/4533/4533 4524/4524/4524
f 4559/4559/4559 4538/4538/4538 4537/4537/4537
f 4538/4538/4538 4533/4533/4533 4537/4537/4537
f 4560/4560/4560 4538/4538/4538 4559/4559/4559
f 4534/4534/4534 4524/4524/4524 4533/4533/4533
f 4560/4560/4560 4540/4540/4540 4538/4538/4538
f 4554/4554/4554 4540/4540/4540 4560/4560/4560
f 4538/4538/4538 4536/4536/4536 4533/4533/4533
f 4540/4540/4540 4536/4536/4536 4538/4538/4538
f 4536/4536/4536 4534/4534/4534 4533/4533/4533
f 4554/4554/4554 4542/4542/4542 4540/4540/4540
f 4553/4553/4553 4542/4542/4542 4554/4554/4554
f 4553/4553/4553 4552/4552/4552 4542/4542/4542
f 4540/4540/4540 4541/4541/4541 4536/4536/4536
f 4542/4542/4542 4541/4541/4541 4540/4540/4540
f 4536/4536/4536 4535/4535/4535 4534/4534/4534
f 4541/4541/4541 4535/4535/4535 4536/4536/4536
f 4534/4534/4534 4525/4525/4525 4524/4524/4524
f 4525/4525/4525 4523/4523/4523 4524/4524/4524
f 4542/4542/4542 4544/4544/4544 4541/4541/4541
f 4552/4552/4552 4544/4544/4544 4542/4542/4542
f 4541/4541/4541 4543/4543/4543 4535/4535/4535
f 4544/4544/4544 4543/4543/4543 4541/4541/4541
f 4535/4535/4535 4532/4532/4532 4534/4534/4534
f 4525/4525/4525 4534/4534/4534 4532/4532/4532
f 4543/4543/4543 4545/4545/4545 4535/4535/4535
f 4535/4535/4535 4545/4545/4545 4532/4532/4532
f 4544/4544/4544 4547/4547/4547 4543/4543/4543
f 4545/4545/4545 4566/4566/4566 4532/4532/4532
f 4552/4552/4552 4550/4550/4550 4544/4544/4544
f 4550/4550/4550 4547/4547/4547 4544/4544/4544
f 4545/4545/4545 4567/4567/4567 4566/4566/4566
f 4531/4531/4531 4532/4532/4532 4566/4566/4566
f 4525/4525/4525 4532/4532/4532 4531/4531/4531
f 4531/4531/4531 4566/4566/4566 4565/4565/4565
f 4546/4546/4546 4567/4567/4567 4545/4545/4545
f 4543/4543/4543 4546/4546/4546 4545/4545/4545
f 4547/4547/4547 4546/4546/4546 4543/4543/4543
f 4546/4546/4546 4568/4568/4568 4567/4567/4567
f 4565/4565/4565 4529/4529/4529 4531/4531/4531
f 4548/4548/4548 4568/4568/4568 4546/4546/4546
f 4547/4547/4547 4548/4548/4548 4546/4546/4546
f 4565/4565/4565 4564/4564/4564 4529/4529/4529
f 4548/4548/4548 4561/4561/4561 4568/4568/4568
f 4531/4531/4531 4527/4527/4527 4525/4525/4525
f 4531/4531/4531 4529/4529/4529 4527/4527/4527
f 4525/4525/4525 4527/4527/4527 4523/4523/4523
f 4528/4528/4528 4529/4529/4529 4564/4564/4564
f 4528/4528/4528 4564/4564/4564 4563/4563/4563
f 4530/4530/4530 4527/4527/4527 4529/4529/4529
f 4530/4530/4530 4529/4529/4529 4528/4528/4528
f 4527/4527/4527 4526/4526/4526 4523/4523/4523
f 4527/4527/4527 4530/4530/4530 4526/4526/4526
f 4523/4523/4523 4526/4526/4526 4522/4522/4522
f 4552/4552/4552 4522/4522/4522 4526/4526/4526
f 4552/4552/4552 4526/4526/4526 4550/4550/4550
f 4530/4530/4530 4550/4550/4550 4526/4526/4526
f 4530/4530/4530 4549/4549/4549 4550/4550/4550
f 4550/4550/4550 4549/4549/4549 4547/4547/4547
f 4549/4549/4549 4530/4530/4530 4528/4528/4528
f 4549/4549/4549 4548/4548/4548 4547/4547/4547
f 4551/4551/4551 4528/4528/4528 4563/4563/4563
f 4549/4549/4549 4528/4528/4528 4551/4551/4551
f 4549/4549/4549 4551/4551/4551 4548/4548/4548
f 4551/4551/4551 4561/4561/4561 4548/4548/4548
f 4551/4551/4551 4563/4563/4563 4562/4562/4562
f 4551/4551/4551 4562/4562/4562 4561/4561/4561
f 4571/4571/4571 4570/4570/4570 4569/4569/4569
f 4599/4599/4599 4571/4571/4571 4569/4569/4569
f 4601/4601/4601 4571/4571/4571 4599/4599/4599
f 4601/4601/4601 4603/4603/4603 4571/4571/4571
f 4602/4602/4602 4601/4601/4601 4599/4599/4599
f 4603/4603/4603 4572/4572/4572 4571/4571/4571
f 4571/4571/4571 4572/4572/4572 4570/4570/4570
f 4603/4603/4603 4604/4604/4604 4572/4572/4572
f 4605/4605/4605 4572/4572/4572 4604/4604/4604
f 4602/4602/4602 4599/4599/4599 4600/4600/4600
f 4605/4605/4605 4573/4573/4573 4572/4572/4572
f 4573/4573/4573 4570/4570/4570 4572/4572/4572
f 4606/4606/4606 4573/4573/4573 4605/4605/4605
f 4608/4608/4608 4602/4602/4602 4600/4600/4600
f 4606/4606/4606 4586/4586/4586 4573/4573/4573
f 4607/4607/4607 4586/4586/4586 4606/4606/4606
f 4573/4573/4573 4575/4575/4575 4570/4570/4570
f 4586/4586/4586 4575/4575/4575 4573/4573/4573
f 4608/4608/4608 4587/4587/4587 4607/4607/4607
f 4607/4607/4607 4587/4587/4587 4586/4586/4586
f 4608/4608/4608 4600/4600/4600 4588/4588/4588
f 4608/4608/4608 4588/4588/4588 4587/4587/4587
f 4600/4600/4600 4599/4599/4599 4597/4597/4597
f 4599/4599/4599 4569/4569/4569 4597/4597/4597
f 4587/4587/4587 4582/4582/4582 4586/4586/4586
f 4586/4586/4586 4582/4582/4582 4575/4575/4575
f 4574/4574/4574 4569/4569/4569 4570/4570/4570
f 4575/4575/4575 4574/4574/4574 4570/4570/4570
f 4578/4578/4578 4597/4597/4597 4569/4569/4569
f 4574/4574/4574 4578/4578/4578 4569/4569/4569
f 4600/4600/4600 4597/4597/4597 4590/4590/4590
f 4588/4588/4588 4600/4600/4600 4590/4590/4590
f 4575/4575/4575 4579/4579/4579 4574/4574/4574
f 4582/4582/4582 4579/4579/4579 4575/4575/4575
f 4598/4598/4598 4590/4590/4590 4597/4597/4597
f 4578/4578/4578 4598/4598/4598 4597/4597/4597
f 4579/4579/4579 4577/4577/4577 4574/4574/4574
f 4578/4578/4578 4574/4574/4574 4577/4577/4577
f 4587/4587/4587 4585/4585/4585 4582/4582/4582
f 4588/4588/4588 4585/4585/4585 4587/4587/4587
f 4582/4582/4582 4581/4581/4581 4579/4579/4579
f 4585/4585/4585 4581/4581/4581 4582/4582/4582
f 4579/4579/4579 4580/4580/4580 4577/4577/4577
f 4581/4581/4581 4580/4580/4580 4579/4579/4579
f 4578/4578/4578 4577/4577/4577 4576/4576/4576
f 4576/4576/4576 4598/4598/4598 4578/4578/4578
f 4580/4580/4580 4612/4612/4612 4577/4577/4577
f 4576/4576/4576 4577/4577/4577 4612/4612/4612
f 4580/4580/4580 4613/4613/4613 4612/4612/4612
f 4576/4576/4576 4612/4612/4612 4611/4611/4611
f 4583/4583/4583 4613/4613/4613 4580/4580/4580
f 4581/4581/4581 4583/4583/4583 4580/4580/4580
f 4583/4583/4583 4614/4614/4614 4613/4613/4613
f 4611/4611/4611 4596/4596/4596 4576/4576/4576
f 4576/4576/4576 4596/4596/4596 4598/4598/4598
f 4611/4611/4611 4610/4610/4610 4596/4596/4596
f 4592/4592/4592 4614/4614/4614 4583/4583/4583
f 4592/4592/4592 4615/4615/4615 4614/4614/4614
f 4584/4584/4584 4583/4583/4583 4581/4581/4581
f 4584/4584/4584 4592/4592/4592 4583/4583/4583
f 4585/4585/4585 4584/4584/4584 4581/4581/4581
f 4594/4594/4594 4615/4615/4615 4592/4592/4592
f 4594/4594/4594 4616/4616/4616 4615/4615/4615
f 4594/4594/4594 4609/4609/4609 4616/4616/4616
f 4593/4593/4593 4592/4592/4592 4584/4584/4584
f 4593/4593/4593 4594/4594/4594 4592/4592/4592
f 4589/4589/4589 4584/4584/4584 4585/4585/4585
f 4589/4589/4589 4593/4593/4593 4584/4584/4584
f 4588/4588/4588 4589/4589/4589 4585/4585/4585
f 4588/4588/4588 4590/4590/4590 4589/4589/4589
f 4594/4594/4594 4595/4595/4595 4609/4609/4609
f 4595/4595/4595 4610/4610/4610 4609/4609/4609
f 4593/4593/4593 4595/4595/4595 4594/4594/4594
f 4595/4595/4595 4596/4596/4596 4610/4610/4610
f 4591/4591/4591 4593/4593/4593 4589/4589/4589
f 4593/4593/4593 4591/4591/4591 4595/4595/4595
f 4591/4591/4591 4589/4589/4589 4590/4590/4590
f 4591/4591/4591 4596/4596/4596 4595/4595/4595
f 4598/4598/4598 4591/4591/4591 4590/4590/4590
f 4591/4591/4591 4598/4598/4598 4596/4596/4596
f 4619/4619/4619 4618/4618/4618 4617/4617/4617
f 4647/4647/4647 4619/4619/4619 4617/4617/4617
f 4649/4649/4649 4619/4619/4619 4647/4647/4647
f 4649/4649/4649 4656/4656/4656 4619/4619/4619
f 4647/4647/4647 4650/4650/4650 4649/4649/4649
f 4656/4656/4656 4620/4620/4620 4619/4619/4619
f 4619/4619/4619 4620/4620/4620 4618/4618/4618
f 4656/4656/4656 4655/4655/4655 4620/4620/4620
f 4654/4654/4654 4620/4620/4620 4655/4655/4655
f 4647/4647/4647 4648/4648/4648 4650/4650/4650
f 4654/4654/4654 4621/4621/4621 4620/4620/4620
f 4621/4621/4621 4618/4618/4618 4620/4620/4620
f 4653/4653/4653 4621/4621/4621 4654/4654/4654
f 4651/4651/4651 4650/4650/4650 4648/4648/4648
f 4653/4653/4653 4634/4634/4634 4621/4621/4621
f 4652/4652/4652 4634/4634/4634 4653/4653/4653
f 4621/4621/4621 4623/4623/4623 4618/4618/4618
f 4634/4634/4634 4623/4623/4623 4621/4621/4621
f 4651/4651/4651 4635/4635/4635 4652/4652/4652
f 4652/4652/4652 4635/4635/4635 4634/4634/4634
f 4651/4651/4651 4648/4648/4648 4636/4636/4636
f 4651/4651/4651 4636/4636/4636 4635/4635/4635
f 4645/4645/4645 4648/4648/4648 4647/4647/4647
f 4647/4647/4647 4617/4617/4617 4645/4645/4645
f 4635/4635/4635 4630/4630/4630 4634/4634/4634
f 4634/4634/4634 4630/4630/4630 4623/4623/4623
f 4622/4622/4622 4617/4617/4617 4618/4618/4618
f 4623/4623/4623 4622/4622/4622 4618/4618/4618
f 4626/4626/4626 4645/4645/4645 4617/4617/4617
f 4622/4622/4622 4626/4626/4626 4617/4617/4617
f 4645/4645/4645 4638/4638/4638 4648/4648/4648
f 4636/4636/4636 4648/4648/4648 4638/4638/4638
f 4623/4623/4623 4627/4627/4627 4622/4622/4622
f 4630/4630/4630 4627/4627/4627 4623/4623/4623
f 4646/4646/4646 4638/4638/4638 4645/4645/4645
f 4626/4626/4626 4646/4646/4646 4645/4645/4645
f 4627/4627/4627 4625/4625/4625 4622/4622/4622
f 4626/4626/4626 4622/4622/4622 4625/4625/4625
f 4635/4635/4635 4633/4633/4633 4630/4630/4630
f 4636/4636/4636 4633/4633/4633 4635/4635/4635
f 4630/4630/4630 4629/4629/4629 4627/4627/4627
f 4633/4633/4633 4629/4629/4629 4630/4630/4630
f 4627/4627/4627 4628/4628/4628 4625/4625/4625
f 4629/4629/4629 4628/4628/4628 4627/4627/4627
f 4626/4626/4626 4625/4625/4625 4624/4624/4624
f 4646/4646/4646 4626/4626/4626 4624/4624/4624
f 4628/4628/4628 4664/4664/4664 4625/4625/4625
f 4624/4624/4624 4625/4625/4625 4664/4664/4664
f 4628/4628/4628 4663/4663/4663 4664/4664/4664
f 4624/4624/4624 4664/4664/4664 4658/4658/4658
f 4631/4631/4631 4663/4663/4663 4628/4628/4628
f 4629/4629/4629 4631/4631/4631 4628/4628/4628
f 4631/4631/4631 4662/4662/4662 4663/4663/4663
f 4644/4644/4644 4624/4624/4624 4658/4658/4658
f 4646/4646/4646 4624/4624/4624 4644/4644/4644
f 4644/4644/4644 4658/4658/4658 4657/4657/4657
f 4640/4640/4640 4662/4662/4662 4631/4631/4631
f 4640/4640/4640 4661/4661/4661 4662/4662/4662
f 4632/4632/4632 4631/4631/4631 4629/4629/4629
f 4632/4632/4632 4640/4640/4640 4631/4631/4631
f 4633/4633/4633 4632/4632/4632 4629/4629/4629
f 4642/4642/4642 4661/4661/4661 4640/4640/4640
f 4642/4642/4642 4660/4660/4660 4661/4661/4661
f 4642/4642/4642 4659/4659/4659 4660/4660/4660
f 4641/4641/4641 4640/4640/4640 4632/4632/4632
f 4641/4641/4641 4642/4642/4642 4640/4640/4640
f 4637/4637/4637 4632/4632/4632 4633/4633/4633
f 4637/4637/4637 4641/4641/4641 4632/4632/4632
f 4636/4636/4636 4637/4637/4637 4633/4633/4633
f 4636/4636/4636 4638/4638/4638 4637/4637/4637
f 4642/4642/4642 4643/4643/4643 4659/4659/4659
f 4643/4643/4643 4657/4657/4657 4659/4659/4659
f 4641/4641/4641 4643/4643/4643 4642/4642/4642
f 4643/4643/4643 4644/4644/4644 4657/4657/4657
f 4639/4639/4639 4641/4641/4641 4637/4637/4637
f 4641/4641/4641 4639/4639/4639 4643/4643/4643
f 4639/4639/4639 4637/4637/4637 4638/4638/4638
f 4639/4639/4639 4644/4644/4644 4643/4643/4643
f 4646/4646/4646 4639/4639/4639 4638/4638/4638
f 4639/4639/4639 4646/4646/4646 4644/4644/4644
f 4667/4667/4667 4666/4666/4666 4665/4665/4665
f 4681/4681/4681 4667/4667/4667 4665/4665/4665
f 4710/4710/4710 4667/4667/4667 4681/4681/4681
f 4710/4710/4710 4711/4711/4711 4667/4667/4667
f 4709/4709/4709 4710/4710/4710 4681/4681/4681
f 4711/4711/4711 4668/4668/4668 4667/4667/4667
f 4667/4667/4667 4668/4668/4668 4666/4666/4666
f 4711/4711/4711 4712/4712/4712 4668/4668/4668
f 4707/4707/4707 4668/4668/4668 4712/4712/4712
f 4709/4709/4709 4681/4681/4681 4682/4682/4682
f 4707/4707/4707 4669/4669/4669 4668/4668/4668
f 4669/4669/4669 4666/4666/4666 4668/4668/4668
f 4705/4705/4705 4669/4669/4669 4707/4707/4707
f 4708/4708/4708 4709/4709/4709 4682/4682/4682
f 4705/4705/4705 4704/4704/4704 4669/4669/4669
f 4706/4706/4706 4704/4704/4704 4705/4705/4705
f 4669/4669/4669 4671/4671/4671 4666/4666/4666
f 4704/4704/4704 4671/4671/4671 4669/4669/4669
f 4708/4708/4708 4685/4685/4685 4706/4706/4706
f 4706/4706/4706 4685/4685/4685 4704/4704/4704
f 4708/4708/4708 4682/4682/4682 4684/4684/4684
f 4708/4708/4708 4684/4684/4684 4685/4685/4685
f 4682/4682/4682 4681/4681/4681 4677/4677/4677
f 4681/4681/4681 4665/4665/4665 4677/4677/4677
f 4685/4685/4685 4703/4703/4703 4704/4704/4704
f 4704/4704/4704 4703/4703/4703 4671/4671/4671
f 4670/4670/4670 4665/4665/4665 4666/4666/4666
f 4671/4671/4671 4670/4670/4670 4666/4666/4666
f 4674/4674/4674 4677/4677/4677 4665/4665/4665
f 4670/4670/4670 4674/4674/4674 4665/4665/4665
f 4682/4682/4682 4677/4677/4677 4680/4680/4680
f 4684/4684/4684 4682/4682/4682 4680/4680/4680
f 4671/4671/4671 4675/4675/4675 4670/4670/4670
f 4703/4703/4703 4675/4675/4675 4671/4671/4671
f 4676/4676/4676 4680/4680/4680 4677/4677/4677
f 4674/4674/4674 4676/4676/4676 4677/4677/4677
f 4675/4675/4675 4673/4673/4673 4670/4670/4670
f 4674/4674/4674 4670/4670/4670 4673/4673/4673
f 4685/4685/4685 4686/4686/4686 4703/4703/4703
f 4684/4684/4684 4686/4686/4686 4685/4685/4685
f 4703/4703/4703 4702/4702/4702 4675/4675/4675
f 4686/4686/4686 4702/4702/4702 4703/4703/4703
f 4675/4675/4675 4698/4698/4698 4673/4673/4673
f 4702/4702/4702 4698/4698/4698 4675/4675/4675
f 4674/4674/4674 4673/4673/4673 4672/4672/4672
f 4672/4672/4672 4676/4676/4676 4674/4674/4674
f 4698/4698/4698 4697/4697/4697 4673/4673/4673
f 4672/4672/4672 4673/4673/4673 4697/4697/4697
f 4698/4698/4698 4699/4699/4699 4697/4697/4697
f 4672/4672/4672 4697/4697/4697 4696/4696/4696
f 4700/4700/4700 4699/4699/4699 4698/4698/4698
f 4702/4702/4702 4700/4700/4700 4698/4698/4698
f 4700/4700/4700 4701/4701/4701 4699/4699/4699
f 4696/4696/4696 4679/4679/4679 4672/4672/4672
f 4672/4672/4672 4679/4679/4679 4676/4676/4676
f 4696/4696/4696 4695/4695/4695 4679/4679/4679
f 4688/4688/4688 4701/4701/4701 4700/4700/4700
f 4688/4688/4688 4692/4692/4692 4701/4701/4701
f 4687/4687/4687 4700/4700/4700 4702/4702/4702
f 4687/4687/4687 4688/4688/4688 4700/4700/4700
f 4686/4686/4686 4687/4687/4687 4702/4702/4702
f 4690/4690/4690 4692/4692/4692 4688/4688/4688
f 4690/4690/4690 4693/4693/4693 4692/4692/4692
f 4690/4690/4690 4694/4694/4694 4693/4693/4693
f 4689/4689/4689 4688/4688/4688 4687/4687/4687
f 4689/4689/4689 4690/4690/4690 4688/4688/4688
f 4683/4683/4683 4687/4687/4687 4686/4686/4686
f 4683/4683/4683 4689/4689/4689 4687/4687/4687
f 4684/4684/4684 4683/4683/4683 4686/4686/4686
f 4684/4684/4684 4680/4680/4680 4683/4683/4683
f 4690/4690/4690 4691/4691/4691 4694/4694/4694
f 4695/4695/4695 4694/4694/4694 4691/4691/4691
f 4689/4689/4689 4691/4691/4691 4690/4690/4690
f 4695/4695/4695 4691/4691/4691 4679/4679/4679
f 4678/4678/4678 4689/4689/4689 4683/4683/4683
f 4689/4689/4689 4678/4678/4678 4691/4691/4691
f 4678/4678/4678 4683/4683/4683 4680/4680/4680
f 4679/4679/4679 4691/4691/4691 4678/4678/4678
f 4676/4676/4676 4678/4678/4678 4680/4680/4680
f 4679/4679/4679 4678/4678/4678 4676/4676/4676
f 4715/4715/4715 4714/4714/4714 4713/4713/4713
f 4715/4715/4715 4716/4716/4716 4714/4714/4714
f 4726/4726/4726 4715/4715/4715 4713/4713/4713
f 4717/4717/4717 4714/4714/4714 4716/4716/4716
f 4726/4726/4726 4713/4713/4713 4728/4728/4728
f 4728/4728/4728 4727/4727/4727 4726/4726/4726
f 4717/4717/4717 4718/4718/4718 4714/4714/4714
f 4719/4719/4719 4718/4718/4718 4717/4717/4717
f 4713/4713/4713 4714/4714/4714 4759/4759/4759
f 4718/4718/4718 4759/4759/4759 4714/4714/4714
f 4728/4728/4728 4713/4713/4713 4730/4730/4730
f 4713/4713/4713 4759/4759/4759 4730/4730/4730
f 4728/4728/4728 4725/4725/4725 4727/4727/4727
f 4723/4723/4723 4727/4727/4727 4725/4725/4725
f 4728/4728/4728 4730/4730/4730 4729/4729/4729
f 4729/4729/4729 4725/4725/4725 4728/4728/4728
f 4760/4760/4760 4730/4730/4730 4759/4759/4759
f 4719/4719/4719 4720/4720/4720 4718/4718/4718
f 4721/4721/4721 4720/4720/4720 4719/4719/4719
f 4718/4718/4718 4757/4757/4757 4759/4759/4759
f 4720/4720/4720 4757/4757/4757 4718/4718/4718
f 4757/4757/4757 4760/4760/4760 4759/4759/4759
f 4721/4721/4721 4722/4722/4722 4720/4720/4720
f 4723/4723/4723 4722/4722/4722 4721/4721/4721
f 4720/4720/4720 4756/4756/4756 4757/4757/4757
f 4722/4722/4722 4756/4756/4756 4720/4720/4720
f 4757/4757/4757 4758/4758/4758 4760/4760/4760
f 4756/4756/4756 4758/4758/4758 4757/4757/4757
f 4723/4723/4723 4724/4724/4724 4722/4722/4722
f 4723/4723/4723 4725/4725/4725 4724/4724/4724
f 4722/4722/4722 4755/4755/4755 4756/4756/4756
f 4724/4724/4724 4755/4755/4755 4722/4722/4722
f 4756/4756/4756 4753/4753/4753 4758/4758/4758
f 4755/4755/4755 4753/4753/4753 4756/4756/4756
f 4724/4724/4724 4725/4725/4725 4732/4732/4732
f 4729/4729/4729 4732/4732/4732 4725/4725/4725
f 4724/4724/4724 4740/4740/4740 4755/4755/4755
f 4724/4724/4724 4732/4732/4732 4740/4740/4740
f 4755/4755/4755 4754/4754/4754 4753/4753/4753
f 4740/4740/4740 4754/4754/4754 4755/4755/4755
f 4733/4733/4733 4732/4732/4732 4729/4729/4729
f 4734/4734/4734 4740/4740/4740 4732/4732/4732
f 4733/4733/4733 4734/4734/4734 4732/4732/4732
f 4731/4731/4731 4729/4729/4729 4730/4730/4730
f 4731/4731/4731 4733/4733/4733 4729/4729/4729
f 4760/4760/4760 4731/4731/4731 4730/4730/4730
f 4734/4734/4734 4739/4739/4739 4740/4740/4740
f 4740/4740/4740 4739/4739/4739 4754/4754/4754
f 4731/4731/4731 4760/4760/4760 4746/4746/4746
f 4758/4758/4758 4746/4746/4746 4760/4760/4760
f 4733/4733/4733 4731/4731/4731 4736/4736/4736
f 4731/4731/4731 4746/4746/4746 4736/4736/4736
f 4735/4735/4735 4734/4734/4734 4733/4733/4733
f 4733/4733/4733 4736/4736/4736 4735/4735/4735
f 4758/4758/4758 4747/4747/4747 4746/4746/4746
f 4753/4753/4753 4747/4747/4747 4758/4758/4758
f 4736/4736/4736 4746/4746/4746 4745/4745/4745
f 4747/4747/4747 4745/4745/4745 4746/4746/4746
f 4736/4736/4736 4745/4745/4745 4744/4744/4744
f 4735/4735/4735 4736/4736/4736 4744/4744/4744
f 4747/4747/4747 4748/4748/4748 4745/4745/4745
f 4735/4735/4735 4744/4744/4744 4743/4743/4743
f 4749/4749/4749 4748/4748/4748 4747/4747/4747
f 4753/4753/4753 4749/4749/4749 4747/4747/4747
f 4754/4754/4754 4749/4749/4749 4753/4753/4753
f 4749/4749/4749 4750/4750/4750 4748/4748/4748
f 4743/4743/4743 4738/4738/4738 4735/4735/4735
f 4735/4735/4735 4738/4738/4738 4734/4734/4734
f 4739/4739/4739 4734/4734/4734 4738/4738/4738
f 4743/4743/4743 4742/4742/4742 4738/4738/4738
f 4751/4751/4751 4750/4750/4750 4749/4749/4749
f 4754/4754/4754 4751/4751/4751 4749/4749/4749
f 4739/4739/4739 4751/4751/4751 4754/4754/4754
f 4751/4751/4751 4752/4752/4752 4750/4750/4750
f 4739/4739/4739 4738/4738/4738 4737/4737/4737
f 4739/4739/4739 4737/4737/4737 4751/4751/4751
f 4737/4737/4737 4738/4738/4738 4742/4742/4742
f 4737/4737/4737 4752/4752/4752 4751/4751/4751
f 4737/4737/4737 4742/4742/4742 4741/4741/4741
f 4737/4737/4737 4741/4741/4741 4752/4752/4752
f 4763/4763/4763 4762/4762/4762 4761/4761/4761
f 4763/4763/4763 4765/4765/4765 4762/4762/4762
f 4763/4763/4763 4761/4761/4761 4776/4776/4776
f 4763/4763/4763 4776/4776/4776 4775/4775/4775
f 4765/4765/4765 4764/4764/4764 4762/4762/4762
f 4765/4765/4765 4767/4767/4767 4764/4764/4764
f 4775/4775/4775 4776/4776/4776 4774/4774/4774
f 4775/4775/4775 4774/4774/4774 4773/4773/4773
f 4767/4767/4767 4766/4766/4766 4764/4764/4764
f 4767/4767/4767 4769/4769/4769 4766/4766/4766
f 4773/4773/4773 4774/4774/4774 4772/4772/4772
f 4773/4773/4773 4772/4772/4772 4771/4771/4771
f 4769/4769/4769 4768/4768/4768 4766/4766/4766
f 4771/4771/4771 4772/4772/4772 4768/4768/4768
f 4769/4769/4769 4770/4770/4770 4768/4768/4768
f 4771/4771/4771 4768/4768/4768 4770/4770/4770
f 4772/4772/4772 4806/4806/4806 4768/4768/4768
f 4766/4766/4766 4768/4768/4768 4806/4806/4806
f 4774/4774/4774 4805/4805/4805 4772/4772/4772
f 4772/4772/4772 4805/4805/4805 4806/4806/4806
f 4776/4776/4776 4777/4777/4777 4774/4774/4774
f 4774/4774/4774 4777/4777/4777 4805/4805/4805
f 4766/4766/4766 4806/4806/4806 4807/4807/4807
f 4764/4764/4764 4766/4766/4766 4807/4807/4807
f 4801/4801/4801 4806/4806/4806 4805/4805/4805
f 4801/4801/4801 4807/4807/4807 4806/4806/4806
f 4777/4777/4777 4802/4802/4802 4805/4805/4805
f 4801/4801/4801 4805/4805/4805 4802/4802/4802
f 4776/4776/4776 4778/4778/4778 4777/4777/4777
f 4761/4761/4761 4778/4778/4778 4776/4776/4776
f 4777/4777/4777 4787/4787/4787 4802/4802/4802
f 4778/4778/4778 4787/4787/4787 4777/4777/4777
f 4764/4764/4764 4807/4807/4807 4808/4808/4808
f 4762/4762/4762 4764/4764/4764 4808/4808/4808
f 4801/4801/4801 4798/4798/4798 4807/4807/4807
f 4798/4798/4798 4808/4808/4808 4807/4807/4807
f 4802/4802/4802 4800/4800/4800 4801/4801/4801
f 4798/4798/4798 4801/4801/4801 4800/4800/4800
f 4762/4762/4762 4808/4808/4808 4780/4780/4780
f 4761/4761/4761 4762/4762/4762 4780/4780/4780
f 4798/4798/4798 4795/4795/4795 4808/4808/4808
f 4795/4795/4795 4780/4780/4780 4808/4808/4808
f 4798/4798/4798 4800/4800/4800 4796/4796/4796
f 4796/4796/4796 4795/4795/4795 4798/4798/4798
f 4802/4802/4802 4803/4803/4803 4800/4800/4800
f 4787/4787/4787 4803/4803/4803 4802/4802/4802
f 4796/4796/4796 4800/4800/4800 4799/4799/4799
f 4803/4803/4803 4799/4799/4799 4800/4800/4800
f 4796/4796/4796 4799/4799/4799 4797/4797/4797
f 4803/4803/4803 4804/4804/4804 4799/4799/4799
f 4797/4797/4797 4793/4793/4793 4796/4796/4796
f 4796/4796/4796 4793/4793/4793 4795/4795/4795
f 4797/4797/4797 4794/4794/4794 4793/4793/4793
f 4788/4788/4788 4804/4804/4804 4803/4803/4803
f 4787/4787/4787 4788/4788/4788 4803/4803/4803
f 4788/4788/4788 4789/4789/4789 4804/4804/4804
f 4794/4794/4794 4786/4786/4786 4793/4793/4793
f 4794/4794/4794 4792/4792/4792 4786/4786/4786
f 4793/4793/4793 4781/4781/4781 4795/4795/4795
f 4793/4793/4793 4786/4786/4786 4781/4781/4781
f 4795/4795/4795 4781/4781/4781 4780/4780/4780
f 4785/4785/4785 4786/4786/4786 4792/4792/4792
f 4785/4785/4785 4792/4792/4792 4791/4791/4791
f 4785/4785/4785 4791/4791/4791 4790/4790/4790
f 4784/4784/4784 4781/4781/4781 4786/4786/4786
f 4784/4784/4784 4786/4786/4786 4785/4785/4785
f 4781/4781/4781 4779/4779/4779 4780/4780/4780
f 4781/4781/4781 4784/4784/4784 4779/4779/4779
f 4761/4761/4761 4780/4780/4780 4779/4779/4779
f 4761/4761/4761 4779/4779/4779 4778/4778/4778
f 4785/4785/4785 4790/4790/4790 4783/4783/4783
f 4783/4783/4783 4790/4790/4790 4789/4789/4789
f 4784/4784/4784 4785/4785/4785 4783/4783/4783
f 4783/4783/4783 4789/4789/4789 4788/4788/4788
f 4779/4779/4779 4784/4784/4784 4782/4782/4782
f 4784/4784/4784 4783/4783/4783 4782/4782/4782
f 4779/4779/4779 4782/4782/4782 4778/4778/4778
f 4782/4782/4782 4783/4783/4783 4788/4788/4788
f 4778/4778/4778 4782/4782/4782 4787/4787/4787
f 4782/4782/4782 4788/4788/4788 4787/4787/4787
f 4811/4811/4811 4810/4810/4810 4809/4809/4809
f 4809/4809/4809 4810/4810/4810 4823/4823/4823
f 4809/4809/4809 4823/4823/4823 4824/4824/4824
f 4820/4820/4820 4824/4824/4824 4823/4823/4823
f 4811/4811/4811 4812/4812/4812 4810/4810/4810
f 4813/4813/4813 4812/4812/4812 4811/4811/4811
f 4820/4820/4820 4823/4823/4823 4822/4822/4822
f 4822/4822/4822 4821/4821/4821 4820/4820/4820
f 4810/4810/4810 4825/4825/4825 4823/4823/4823
f 4822/4822/4822 4823/4823/4823 4825/4825/4825
f 4812/4812/4812 4828/4828/4828 4810/4810/4810
f 4810/4810/4810 4828/4828/4828 4825/4825/4825
f 4813/4813/4813 4814/4814/4814 4812/4812/4812
f 4815/4815/4815 4814/4814/4814 4813/4813/4813
f 4812/4812/4812 4834/4834/4834 4828/4828/4828
f 4814/4814/4814 4834/4834/4834 4812/4812/4812
f 4828/4828/4828 4827/4827/4827 4825/4825/4825
f 4822/4822/4822 4818/4818/4818 4821/4821/4821
f 4819/4819/4819 4821/4821/4821 4818/4818/4818
f 4822/4822/4822 4825/4825/4825 4826/4826/4826
f 4826/4826/4826 4818/4818/4818 4822/4822/4822
f 4827/4827/4827 4826/4826/4826 4825/4825/4825
f 4819/4819/4819 4818/4818/4818 4817/4817/4817
f 4815/4815/4815 4819/4819/4819 4817/4817/4817
f 4826/4826/4826 4846/4846/4846 4818/4818/4818
f 4817/4817/4817 4818/4818/4818 4846/4846/4846
f 4827/4827/4827 4831/4831/4831 4826/4826/4826
f 4831/4831/4831 4846/4846/4846 4826/4826/4826
f 4815/4815/4815 4817/4817/4817 4816/4816/4816
f 4815/4815/4815 4816/4816/4816 4814/4814/4814
f 4817/4817/4817 4846/4846/4846 4839/4839/4839
f 4816/4816/4816 4817/4817/4817 4839/4839/4839
f 4831/4831/4831 4847/4847/4847 4846/4846/4846
f 4847/4847/4847 4839/4839/4839 4846/4846/4846
f 4816/4816/4816 4837/4837/4837 4814/4814/4814
f 4814/4814/4814 4837/4837/4837 4834/4834/4834
f 4816/4816/4816 4839/4839/4839 4838/4838/4838
f 4816/4816/4816 4838/4838/4838 4837/4837/4837
f 4847/4847/4847 4840/4840/4840 4839/4839/4839
f 4840/4840/4840 4838/4838/4838 4839/4839/4839
f 4837/4837/4837 4833/4833/4833 4834/4834/4834
f 4838/4838/4838 4836/4836/4836 4837/4837/4837
f 4837/4837/4837 4836/4836/4836 4833/4833/4833
f 4834/4834/4834 4830/4830/4830 4828/4828/4828
f 4834/4834/4834 4833/4833/4833 4830/4830/4830
f 4828/4828/4828 4830/4830/4830 4827/4827/4827
f 4838/4838/4838 4842/4842/4842 4836/4836/4836
f 4840/4840/4840 4842/4842/4842 4838/4838/4838
f 4830/4830/4830 4829/4829/4829 4827/4827/4827
f 4829/4829/4829 4831/4831/4831 4827/4827/4827
f 4833/4833/4833 4832/4832/4832 4830/4830/4830
f 4830/4830/4830 4832/4832/4832 4829/4829/4829
f 4836/4836/4836 4835/4835/4835 4833/4833/4833
f 4833/4833/4833 4835/4835/4835 4832/4832/4832
f 4829/4829/4829 4848/4848/4848 4831/4831/4831
f 4848/4848/4848 4847/4847/4847 4831/4831/4831
f 4832/4832/4832 4852/4852/4852 4829/4829/4829
f 4852/4852/4852 4848/4848/4848 4829/4829/4829
f 4832/4832/4832 4853/4853/4853 4852/4852/4852
f 4835/4835/4835 4853/4853/4853 4832/4832/4832
f 4852/4852/4852 4851/4851/4851 4848/4848/4848
f 4835/4835/4835 4854/4854/4854 4853/4853/4853
f 4851/4851/4851 4845/4845/4845 4848/4848/4848
f 4848/4848/4848 4845/4845/4845 4847/4847/4847
f 4840/4840/4840 4847/4847/4847 4845/4845/4845
f 4851/4851/4851 4850/4850/4850 4845/4845/4845
f 4841/4841/4841 4854/4854/4854 4835/4835/4835
f 4836/4836/4836 4841/4841/4841 4835/4835/4835
f 4842/4842/4842 4841/4841/4841 4836/4836/4836
f 4841/4841/4841 4855/4855/4855 4854/4854/4854
f 4844/4844/4844 4845/4845/4845 4850/4850/4850
f 4840/4840/4840 4845/4845/4845 4844/4844/4844
f 4842/4842/4842 4840/4840/4840 4844/4844/4844
f 4844/4844/4844 4850/4850/4850 4849/4849/4849
f 4844/4844/4844 4849/4849/4849 4856/4856/4856
f 4842/4842/4842 4843/4843/4843 4841/4841/4841
f 4842/4842/4842 4844/4844/4844 4843/4843/4843
f 4843/4843/4843 4855/4855/4855 4841/4841/4841
f 4844/4844/4844 4856/4856/4856 4843/4843/4843
f 4843/4843/4843 4856/4856/4856 4855/4855/4855
f 4859/4859/4859 4858/4858/4858 4857/4857/4857
f 4857/4857/4857 4860/4860/4860 4859/4859/4859
f 4859/4859/4859 4862/4862/4862 4858/4858/4858
f 4857/4857/4857 4872/4872/4872 4860/4860/4860
f 4870/4870/4870 4860/4860/4860 4872/4872/4872
f 4862/4862/4862 4861/4861/4861 4858/4858/4858
f 4862/4862/4862 4863/4863/4863 4861/4861/4861
f 4864/4864/4864 4861/4861/4861 4863/4863/4863
f 4857/4857/4857 4858/4858/4858 4903/4903/4903
f 4864/4864/4864 4865/4865/4865 4861/4861/4861
f 4866/4866/4866 4865/4865/4865 4864/4864/4864
f 4858/4858/4858 4861/4861/4861 4901/4901/4901
f 4865/4865/4865 4901/4901/4901 4861/4861/4861
f 4858/4858/4858 4901/4901/4901 4903/4903/4903
f 4866/4866/4866 4867/4867/4867 4865/4865/4865
f 4868/4868/4868 4867/4867/4867 4866/4866/4866
f 4865/4865/4865 4899/4899/4899 4901/4901/4901
f 4867/4867/4867 4899/4899/4899 4865/4865/4865
f 4902/4902/4902 4903/4903/4903 4901/4901/4901
f 4899/4899/4899 4902/4902/4902 4901/4901/4901
f 4868/4868/4868 4869/4869/4869 4867/4867/4867
f 4870/4870/4870 4869/4869/4869 4868/4868/4868
f 4867/4867/4867 4900/4900/4900 4899/4899/4899
f 4869/4869/4869 4900/4900/4900 4867/4867/4867
f 4899/4899/4899 4898/4898/4898 4902/4902/4902
f 4900/4900/4900 4898/4898/4898 4899/4899/4899
f 4870/4870/4870 4871/4871/4871 4869/4869/4869
f 4870/4870/4870 4872/4872/4872 4871/4871/4871
f 4869/4869/4869 4873/4873/4873 4900/4900/4900
f 4871/4871/4871 4873/4873/4873 4869/4869/4869
f 4900/4900/4900 4897/4897/4897 4898/4898/4898
f 4873/4873/4873 4897/4897/4897 4900/4900/4900
f 4871/4871/4871 4872/4872/4872 4875/4875/4875
f 4871/4871/4871 4874/4874/4874 4873/4873/4873
f 4871/4871/4871 4875/4875/4875 4874/4874/4874
f 4876/4876/4876 4872/4872/4872 4857/4857/4857
f 4876/4876/4876 4875/4875/4875 4872/4872/4872
f 4857/4857/4857 4903/4903/4903 4876/4876/4876
f 4874/4874/4874 4883/4883/4883 4873/4873/4873
f 4873/4873/4873 4883/4883/4883 4897/4897/4897
f 4904/4904/4904 4876/4876/4876 4903/4903/4903
f 4902/4902/4902 4904/4904/4904 4903/4903/4903
f 4877/4877/4877 4875/4875/4875 4876/4876/4876
f 4904/4904/4904 4877/4877/4877 4876/4876/4876
f 4878/4878/4878 4874/4874/4874 4875/4875/4875
f 4877/4877/4877 4878/4878/4878 4875/4875/4875
f 4904/4904/4904 4902/4902/4902 4892/4892/4892
f 4898/4898/4898 4892/4892/4892 4902/4902/4902
f 4877/4877/4877 4904/4904/4904 4891/4891/4891
f 4904/4904/4904 4892/4892/4892 4891/4891/4891
f 4897/4897/4897 4893/4893/4893 4898/4898/4898
f 4898/4898/4898 4893/4893/4893 4892/4892/4892
f 4891/4891/4891 4892/4892/4892 4890/4890/4890
f 4893/4893/4893 4890/4890/4890 4892/4892/4892
f 4891/4891/4891 4890/4890/4890 4889/4889/4889
f 4893/4893/4893 4894/4894/4894 4890/4890/4890
f 4882/4882/4882 4891/4891/4891 4889/4889/4889
f 4877/4877/4877 4891/4891/4891 4882/4882/4882
f 4878/4878/4878 4877/4877/4877 4882/4882/4882
f 4882/4882/4882 4889/4889/4889 4888/4888/4888
f 4895/4895/4895 4894/4894/4894 4893/4893/4893
f 4897/4897/4897 4895/4895/4895 4893/4893/4893
f 4883/4883/4883 4895/4895/4895 4897/4897/4897
f 4895/4895/4895 4896/4896/4896 4894/4894/4894
f 4880/4880/4880 4882/4882/4882 4888/4888/4888
f 4878/4878/4878 4882/4882/4882 4880/4880/4880
f 4880/4880/4880 4888/4888/4888 4887/4887/4887
f 4884/4884/4884 4896/4896/4896 4895/4895/4895
f 4883/4883/4883 4884/4884/4884 4895/4895/4895
f 4884/4884/4884 4885/4885/4885 4896/4896/4896
f 4879/4879/4879 4880/4880/4880 4887/4887/4887
f 4879/4879/4879 4885/4885/4885 4884/4884/4884
f 4879/4879/4879 4887/4887/4887 4886/4886/4886
f 4879/4879/4879 4886/4886/4886 4885/4885/4885
f 4881/4881/4881 4884/4884/4884 4883/4883/4883
f 4881/4881/4881 4879/4879/4879 4884/4884/4884
f 4881/4881/4881 4880/4880/4880 4879/4879/4879
f 4881/4881/4881 4878/4878/4878 4880/4880/4880
f 4874/4874/4874 4881/4881/4881 4883/4883/4883
f 4878/4878/4878 4881/4881/4881 4874/4874/4874
f 4913/4913/4913 4912/4912/4912 4911/4911/4911
f 4935/4935/4935 4934/4934/4934 4933/4933/4933
f 4949/4949/4949 4948/4948/4948 4947/4947/4947
f 4952/4952/4952 4951/4951/4951 4950/4950/4950
f 4955/4955/4955 4954/4954/4954 4953/4953/4953
f 4958/4958/4958 4957/4957/4957 4956/4956/4956
f 4965/4965/4965 4964/4964/4964 4963/4963/4963
f 4968/4968/4968 4967/4967/4967 4966/4966/4966
f 4971/4971/4971 4970/4970/4970 4969/4969/4969
f 4974/4974/4974 4973/4973/4973 4972/4972/4972
f 5023/5023/5023 4973/4973/4973 5022/5022/5022
f 4977/4977/4977 4976/4976/4976 4975/4975/4975
f 4980/4980/4980 4979/4979/4979 4978/4978/4978
f 4985/4985/4985 4984/4984/4984 4983/4983/4983
f 4990/4990/4990 4989/4989/4989 4988/4988/4988
f 4993/4993/4993 4992/4992/4992 4991/4991/4991
f 4996/4996/4996 4995/4995/4995 4994/4994/4994
f 4999/4999/4999 4998/4998/4998 4997/4997/4997
f 5002/5002/5002 5001/5001/5001 5000/5000/5000
f 5005/5005/5005 5004/5004/5004 5003/5003/5003
f 5010/5010/5010 5009/5009/5009 5008/5008/5008
f 5018/5018/5018 5017/5017/5017 5016/5016/5016
f 5021/5021/5021 5020/5020/5020 5019/5019/5019
f 5027/5027/5027 5026/5026/5026 5025/5025/5025
