# VPXTOOL table OBJ file
# VPXTOOL OBJ file
# numVerts: 1662 numFaces: 1308
o Flipper - Mini Gottlieb
v -0.200157 0.695113 -0.029289
v -0.188805 0.722594 -0.027031
v -0.192415 0.722594 0.009631
v -0.170369 0.747921 -0.023364
v -0.145559 0.77012 -0.018429
v -0.148323 0.77012 0.009631
v -0.115328 0.788338 -0.012416
v -0.080837 0.801876 -0.005555
v -0.082333 0.801876 0.009631
v -0.20399 0.666534 -0.030052
v -0.200157 0.695113 -0.029289
v -0.20399 0.695113 0.009631
v -0.170369 0.747921 -0.023364
v -0.173619 0.747921 0.009631
v -0.192415 0.722594 0.009631
v -0.145559 0.77012 -0.018429
v -0.115328 0.788338 -0.012416
v -0.117499 0.788338 0.009631
v -0.080837 0.801876 -0.005555
v -0.043413 0.810212 0.001889
v -0.044175 0.810212 0.009631
v -0.178111 0.722594 -0.062284
v -0.160745 0.747921 -0.055091
v -0.170369 0.747921 -0.023364
v -0.108897 0.788338 -0.033615
v -0.115328 0.788338 -0.012416
v -0.145559 0.77012 -0.018429
v -0.041155 0.810212 -0.005555
v -0.043413 0.810212 0.001889
v -0.080837 0.801876 -0.005555
v -0.178111 0.722594 -0.062284
v -0.188805 0.722594 -0.027031
v -0.200157 0.695113 -0.029289
v -0.160745 0.747921 -0.055091
v -0.137374 0.77012 -0.04541
v -0.145559 0.77012 -0.018429
v -0.108897 0.788338 -0.033615
v -0.076408 0.801876 -0.020157
v -0.080837 0.801876 -0.005555
v -0.192415 0.666534 -0.068209
v -0.188805 0.695113 -0.066714
v -0.200157 0.695113 -0.029289
v -0.145116 0.747921 -0.08433
v -0.160745 0.747921 -0.055091
v -0.178111 0.722594 -0.062284
v -0.098454 0.788338 -0.053152
v -0.108897 0.788338 -0.033615
v -0.137374 0.77012 -0.04541
v -0.069215 0.801876 -0.033615
v -0.037488 0.810212 -0.012416
v -0.041155 0.810212 -0.005555
v -0.170369 0.695113 -0.101204
v -0.160745 0.722594 -0.094773
v -0.178111 0.722594 -0.062284
v -0.124083 0.77012 -0.070277
v -0.137374 0.77012 -0.04541
v -0.160745 0.747921 -0.055091
v -0.098454 0.788338 -0.053152
v -0.069215 0.801876 -0.033615
v -0.076408 0.801876 -0.020157
v -0.173619 0.666534 -0.103375
v -0.170369 0.695113 -0.101204
v -0.188805 0.695113 -0.066714
v -0.124083 0.747921 -0.109959
v -0.145116 0.747921 -0.08433
v -0.160745 0.722594 -0.094773
v -0.106196 0.77012 -0.092072
v -0.0844 0.788338 -0.070277
v -0.098454 0.788338 -0.053152
v -0.032553 0.810212 -0.018429
v -0.037488 0.810212 -0.012416
v -0.069215 0.801876 -0.033615
v -0.145559 0.695113 -0.131435
v -0.137374 0.722594 -0.12325
v -0.160745 0.722594 -0.094773
v -0.106196 0.77012 -0.092072
v -0.124083 0.77012 -0.070277
v -0.145116 0.747921 -0.08433
v -0.0844 0.788338 -0.070277
v -0.059534 0.801876 -0.04541
v -0.069215 0.801876 -0.033615
v -0.148323 0.666534 -0.134199
v -0.145559 0.695113 -0.131435
v -0.170369 0.695113 -0.101204
v -0.098454 0.747921 -0.130992
v -0.124083 0.747921 -0.109959
v -0.137374 0.722594 -0.12325
v -0.0844 0.77012 -0.109959
v -0.067276 0.788338 -0.08433
v -0.0844 0.788338 -0.070277
v -0.047739 0.801876 -0.055091
v -0.026539 0.810212 -0.023364
v -0.032553 0.810212 -0.018429
v -0.115328 0.695113 -0.156245
v -0.108897 0.722594 -0.146621
v -0.137374 0.722594 -0.12325
v -0.098454 0.747921 -0.130992
v -0.0844 0.77012 -0.109959
v -0.106196 0.77012 -0.092072
v -0.067276 0.788338 -0.08433
v -0.047739 0.801876 -0.055091
v -0.059534 0.801876 -0.04541
v -0.115328 0.695113 -0.156245
v -0.145559 0.695113 -0.131435
v -0.148323 0.666534 -0.134199
v -0.076408 0.722594 -0.163987
v -0.069215 0.747921 -0.146621
v -0.098454 0.747921 -0.130992
v -0.059534 0.77012 -0.12325
v -0.047739 0.788338 -0.094773
v -0.067276 0.788338 -0.08433
v -0.034281 0.801876 -0.062284
v -0.019679 0.810212 -0.027031
v -0.026539 0.810212 -0.023364
v -0.076408 0.722594 -0.163987
v -0.108897 0.722594 -0.146621
v -0.115328 0.695113 -0.156245
v -0.059534 0.77012 -0.12325
v -0.0844 0.77012 -0.109959
v -0.098454 0.747921 -0.130992
v -0.034281 0.801876 -0.062284
v -0.047739 0.801876 -0.055091
v -0.067276 0.788338 -0.08433
v -0.080837 0.695113 -0.174681
v -0.115328 0.695113 -0.156245
v -0.117499 0.666534 -0.159495
v -0.041155 0.722594 -0.174681
v -0.037488 0.747921 -0.156245
v -0.069215 0.747921 -0.146621
v -0.032553 0.77012 -0.131435
v -0.026539 0.788338 -0.101204
v -0.047739 0.788338 -0.094773
v -0.019679 0.801876 -0.066714
v -0.012235 0.810212 -0.029289
v -0.019679 0.810212 -0.027031
v -0.041155 0.722594 -0.174681
v -0.076408 0.722594 -0.163987
v -0.080837 0.695113 -0.174681
v -0.032553 0.77012 -0.131435
v -0.059534 0.77012 -0.12325
v -0.069215 0.747921 -0.146621
v -0.026539 0.788338 -0.101204
v -0.019679 0.801876 -0.066714
v -0.034281 0.801876 -0.062284
v -0.043413 0.695113 -0.186033
v -0.080837 0.695113 -0.174681
v -0.082333 0.666534 -0.178292
v -0.004493 0.747921 -0.159495
v -0.037488 0.747921 -0.156245
v -0.041155 0.722594 -0.174681
v -0.004493 0.77012 -0.134199
v -0.004493 0.788338 -0.103375
v -0.026539 0.788338 -0.101204
v -0.004493 0.810212 -0.030052
v -0.012235 0.810212 -0.029289
v -0.019679 0.801876 -0.066714
v -0.004493 0.695113 -0.189867
v -0.004493 0.722594 -0.178292
v -0.041155 0.722594 -0.174681
v -0.004493 0.77012 -0.134199
v -0.032553 0.77012 -0.131435
v -0.037488 0.747921 -0.156245
v -0.004493 0.788338 -0.103375
v -0.004493 0.801876 -0.068209
v -0.019679 0.801876 -0.066714
v -0.004493 0.695113 -0.189867
v -0.043413 0.695113 -0.186033
v -0.044175 0.666534 -0.189867
v 0.032169 0.722594 -0.174681
v 0.028502 0.747921 -0.156245
v -0.004493 0.747921 -0.159495
v 0.017554 0.788338 -0.101204
v -0.004493 0.788338 -0.103375
v -0.004493 0.77012 -0.134199
v 0.010693 0.801876 -0.066714
v 0.003249 0.810212 -0.029289
v -0.004493 0.810212 -0.030052
v 0.032169 0.722594 -0.174681
v -0.004493 0.722594 -0.178292
v -0.004493 0.695113 -0.189867
v 0.028502 0.747921 -0.156245
v 0.023567 0.77012 -0.131435
v -0.004493 0.77012 -0.134199
v 0.017554 0.788338 -0.101204
v 0.010693 0.801876 -0.066714
v -0.004493 0.801876 -0.068209
v 0.03519 0.666534 -0.189867
v 0.034427 0.695113 -0.186033
v -0.004493 0.695113 -0.189867
v 0.067422 0.722594 -0.163987
v 0.060229 0.747921 -0.146621
v 0.028502 0.747921 -0.156245
v 0.038753 0.788338 -0.094773
v 0.017554 0.788338 -0.101204
v 0.023567 0.77012 -0.131435
v 0.025295 0.801876 -0.062284
v 0.010693 0.810212 -0.027031
v 0.003249 0.810212 -0.029289
v 0.071851 0.695113 -0.174681
v 0.067422 0.722594 -0.163987
v 0.032169 0.722594 -0.174681
v 0.050548 0.77012 -0.12325
v 0.023567 0.77012 -0.131435
v 0.028502 0.747921 -0.156245
v 0.038753 0.788338 -0.094773
v 0.025295 0.801876 -0.062284
v 0.010693 0.801876 -0.066714
v 0.071851 0.695113 -0.174681
v 0.034427 0.695113 -0.186033
v 0.03519 0.666534 -0.189867
v 0.099911 0.722594 -0.146621
v 0.089468 0.747921 -0.130992
v 0.060229 0.747921 -0.146621
v 0.075415 0.77012 -0.109959
v 0.05829 0.788338 -0.08433
v 0.038753 0.788338 -0.094773
v 0.038753 0.801876 -0.055091
v 0.017554 0.810212 -0.023364
v 0.010693 0.810212 -0.027031
v 0.099911 0.722594 -0.146621
v 0.067422 0.722594 -0.163987
v 0.071851 0.695113 -0.174681
v 0.075415 0.77012 -0.109959
v 0.050548 0.77012 -0.12325
v 0.060229 0.747921 -0.146621
v 0.05829 0.788338 -0.08433
v 0.038753 0.801876 -0.055091
v 0.025295 0.801876 -0.062284
v 0.108513 0.666534 -0.159495
v 0.106342 0.695113 -0.156245
v 0.071851 0.695113 -0.174681
v 0.128388 0.722594 -0.12325
v 0.115097 0.747921 -0.109959
v 0.089468 0.747921 -0.130992
v 0.09721 0.77012 -0.092072
v 0.075415 0.788338 -0.070277
v 0.05829 0.788338 -0.08433
v 0.050548 0.801876 -0.04541
v 0.023567 0.810212 -0.018429
v 0.017554 0.810212 -0.023364
v 0.136573 0.695113 -0.131435
v 0.128388 0.722594 -0.12325
v 0.099911 0.722594 -0.146621
v 0.115097 0.747921 -0.109959
v 0.09721 0.77012 -0.092072
v 0.075415 0.77012 -0.109959
v 0.050548 0.801876 -0.04541
v 0.038753 0.801876 -0.055091
v 0.05829 0.788338 -0.08433
v 0.139337 0.666534 -0.134199
v 0.136573 0.695113 -0.131435
v 0.106342 0.695113 -0.156245
v 0.151759 0.722594 -0.094773
v 0.13613 0.747921 -0.08433
v 0.115097 0.747921 -0.109959
v 0.115097 0.77012 -0.070277
v 0.089468 0.788338 -0.053152
v 0.075415 0.788338 -0.070277
v 0.060229 0.801876 -0.033615
v 0.028502 0.810212 -0.012416
v 0.023567 0.810212 -0.018429
v 0.151759 0.722594 -0.094773
v 0.128388 0.722594 -0.12325
v 0.136573 0.695113 -0.131435
v 0.115097 0.77012 -0.070277
v 0.09721 0.77012 -0.092072
v 0.115097 0.747921 -0.109959
v 0.089468 0.788338 -0.053152
v 0.060229 0.801876 -0.033615
v 0.050548 0.801876 -0.04541
v 0.164633 0.666534 -0.103375
v 0.161383 0.695113 -0.101204
v 0.136573 0.695113 -0.131435
v 0.169125 0.722594 -0.062284
v 0.151759 0.747921 -0.055091
v 0.13613 0.747921 -0.08433
v 0.128388 0.77012 -0.04541
v 0.099911 0.788338 -0.033615
v 0.089468 0.788338 -0.053152
v 0.067422 0.801876 -0.020157
v 0.032169 0.810212 -0.005555
v 0.028502 0.810212 -0.012416
v 0.169125 0.722594 -0.062284
v 0.151759 0.722594 -0.094773
v 0.161383 0.695113 -0.101204
v 0.151759 0.747921 -0.055091
v 0.128388 0.77012 -0.04541
v 0.115097 0.77012 -0.070277
v 0.099911 0.788338 -0.033615
v 0.067422 0.801876 -0.020157
v 0.060229 0.801876 -0.033615
v 0.179819 0.695113 -0.066714
v 0.161383 0.695113 -0.101204
v 0.164633 0.666534 -0.103375
v 0.179819 0.722594 -0.027031
v 0.161383 0.747921 -0.023364
v 0.151759 0.747921 -0.055091
v 0.106342 0.788338 -0.012416
v 0.099911 0.788338 -0.033615
v 0.128388 0.77012 -0.04541
v 0.071851 0.801876 -0.005555
v 0.034427 0.810212 0.001889
v 0.032169 0.810212 -0.005555
v 0.179819 0.722594 -0.027031
v 0.169125 0.722594 -0.062284
v 0.179819 0.695113 -0.066714
v 0.161383 0.747921 -0.023364
v 0.136573 0.77012 -0.018429
v 0.128388 0.77012 -0.04541
v 0.106342 0.788338 -0.012416
v 0.071851 0.801876 -0.005555
v 0.067422 0.801876 -0.020157
v 0.191171 0.695113 -0.029289
v 0.179819 0.695113 -0.066714
v 0.18343 0.666534 -0.068209
v 0.18343 0.722594 0.009631
v 0.164633 0.747921 0.009631
v 0.161383 0.747921 -0.023364
v 0.139337 0.77012 0.009631
v 0.108513 0.788338 0.009631
v 0.106342 0.788338 -0.012416
v 0.03519 0.810212 0.009631
v 0.034427 0.810212 0.001889
v 0.071851 0.801876 -0.005555
v 0.18343 0.722594 0.009631
v 0.179819 0.722594 -0.027031
v 0.191171 0.695113 -0.029289
v 0.139337 0.77012 0.009631
v 0.136573 0.77012 -0.018429
v 0.161383 0.747921 -0.023364
v 0.108513 0.788338 0.009631
v 0.073347 0.801876 0.009631
v 0.071851 0.801876 -0.005555
v 0.195004 0.695113 0.009631
v 0.191171 0.695113 -0.029289
v 0.195005 0.666534 -0.030052
v 0.179819 0.722594 0.046293
v 0.161383 0.747921 0.042626
v 0.164633 0.747921 0.009631
v 0.106342 0.788338 0.031677
v 0.108513 0.788338 0.009631
v 0.139337 0.77012 0.009631
v 0.071851 0.801876 0.024817
v 0.034427 0.810212 0.017373
v 0.03519 0.810212 0.009631
v 0.179819 0.722594 0.046293
v 0.18343 0.722594 0.009631
v 0.195004 0.695113 0.009631
v 0.161383 0.747921 0.042626
v 0.136573 0.77012 0.037691
v 0.139337 0.77012 0.009631
v 0.071851 0.801876 0.024817
v 0.073347 0.801876 0.009631
v 0.108513 0.788338 0.009631
v 0.191171 0.695113 0.048551
v 0.195004 0.695113 0.009631
v 0.198913 0.666534 0.009631
v 0.169125 0.722594 0.081546
v 0.151759 0.747921 0.074352
v 0.161383 0.747921 0.042626
v 0.128388 0.77012 0.064672
v 0.099911 0.788338 0.052876
v 0.106342 0.788338 0.031677
v 0.032169 0.810212 0.024817
v 0.034427 0.810212 0.017373
v 0.071851 0.801876 0.024817
v 0.169125 0.722594 0.081546
v 0.179819 0.722594 0.046293
v 0.191171 0.695113 0.048551
v 0.128388 0.77012 0.064672
v 0.136573 0.77012 0.037691
v 0.161383 0.747921 0.042626
v 0.099911 0.788338 0.052876
v 0.067422 0.801876 0.039419
v 0.071851 0.801876 0.024817
v 0.179819 0.695113 0.085975
v 0.191171 0.695113 0.048551
v 0.195005 0.666534 0.049313
v 0.151759 0.722594 0.114035
v 0.13613 0.747921 0.103592
v 0.151759 0.747921 0.074352
v 0.089468 0.788338 0.072414
v 0.099911 0.788338 0.052876
v 0.128388 0.77012 0.064672
v 0.060229 0.801876 0.052876
v 0.028502 0.810212 0.031677
v 0.032169 0.810212 0.024817
v 0.161383 0.695113 0.120466
v 0.151759 0.722594 0.114035
v 0.169125 0.722594 0.081546
v 0.115097 0.77012 0.089538
v 0.128388 0.77012 0.064672
v 0.151759 0.747921 0.074352
v 0.060229 0.801876 0.052876
v 0.067422 0.801876 0.039419
v 0.099911 0.788338 0.052876
v 0.161383 0.695113 0.120466
v 0.179819 0.695113 0.085975
v 0.18343 0.666534 0.087471
v 0.128388 0.722594 0.142512
v 0.115097 0.747921 0.129221
v 0.13613 0.747921 0.103592
v 0.075415 0.788338 0.089538
v 0.089468 0.788338 0.072414
v 0.115097 0.77012 0.089538
v 0.050548 0.801876 0.064672
v 0.023567 0.810212 0.037691
v 0.028502 0.810212 0.031677
v 0.136573 0.695113 0.150697
v 0.128388 0.722594 0.142512
v 0.151759 0.722594 0.114035
v 0.09721 0.77012 0.111334
v 0.115097 0.77012 0.089538
v 0.13613 0.747921 0.103592
v 0.075415 0.788338 0.089538
v 0.050548 0.801876 0.064672
v 0.060229 0.801876 0.052876
v 0.136573 0.695113 0.150697
v 0.161383 0.695113 0.120466
v 0.164633 0.666534 0.122637
v 0.099911 0.722594 0.165883
v 0.089468 0.747921 0.150254
v 0.115097 0.747921 0.129221
v 0.05829 0.788338 0.103592
v 0.075415 0.788338 0.089538
v 0.09721 0.77012 0.111334
v 0.038753 0.801876 0.074352
v 0.017554 0.810212 0.042626
v 0.023567 0.810212 0.037691
v 0.099911 0.722594 0.165883
v 0.128388 0.722594 0.142512
v 0.136573 0.695113 0.150697
v 0.089468 0.747921 0.150254
v 0.075415 0.77012 0.129221
v 0.09721 0.77012 0.111334
v 0.05829 0.788338 0.103592
v 0.038753 0.801876 0.074352
v 0.050548 0.801876 0.064672
v 0.106342 0.695113 0.175507
v 0.136573 0.695113 0.150697
v 0.139337 0.666534 0.153461
v 0.067422 0.722594 0.183249
v 0.060229 0.747921 0.165883
v 0.089468 0.747921 0.150254
v 0.038753 0.788338 0.114035
v 0.05829 0.788338 0.103592
v 0.075415 0.77012 0.129221
v 0.025295 0.801876 0.081546
v 0.010693 0.810212 0.046293
v 0.017554 0.810212 0.042626
v 0.067422 0.722594 0.183249
v 0.099911 0.722594 0.165883
v 0.106342 0.695113 0.175507
v 0.060229 0.747921 0.165883
v 0.050548 0.77012 0.142512
v 0.075415 0.77012 0.129221
v 0.038753 0.788338 0.114035
v 0.025295 0.801876 0.081546
v 0.038753 0.801876 0.074352
v 0.071851 0.695113 0.193942
v 0.106342 0.695113 0.175507
v 0.108513 0.666534 0.178757
v 0.032169 0.722594 0.193942
v 0.028502 0.747921 0.175507
v 0.060229 0.747921 0.165883
v 0.017553 0.788338 0.120466
v 0.038753 0.788338 0.114035
v 0.050548 0.77012 0.142512
v 0.010693 0.801876 0.085975
v 0.003249 0.810212 0.048551
v 0.010693 0.810212 0.046293
v 0.034427 0.695113 0.205295
v 0.032169 0.722594 0.193942
v 0.067422 0.722594 0.183249
v 0.023567 0.77012 0.150697
v 0.050548 0.77012 0.142512
v 0.060229 0.747921 0.165883
v 0.010693 0.801876 0.085975
v 0.025295 0.801876 0.081546
v 0.038753 0.788338 0.114035
v 0.034427 0.695113 0.205295
v 0.071851 0.695113 0.193942
v 0.073347 0.666534 0.197553
v -0.004493 0.722594 0.197553
v -0.004493 0.747921 0.178757
v 0.028502 0.747921 0.175507
v -0.004493 0.788338 0.122637
v 0.017553 0.788338 0.120466
v 0.023567 0.77012 0.150697
v -0.004493 0.801876 0.087471
v -0.004493 0.810212 0.049313
v 0.003249 0.810212 0.048551
v -0.004493 0.722594 0.197553
v 0.032169 0.722594 0.193942
v 0.034427 0.695113 0.205295
v -0.004493 0.747921 0.178757
v -0.004493 0.77012 0.15346
v 0.023567 0.77012 0.150697
v -0.004493 0.788338 0.122637
v -0.004493 0.801876 0.087471
v 0.010693 0.801876 0.085975
v -0.004493 0.666534 0.213037
v -0.004493 0.695113 0.209128
v 0.034427 0.695113 0.205295
v -0.041155 0.722594 0.193942
v -0.037488 0.747921 0.175507
v -0.004493 0.747921 0.178757
v -0.026539 0.788338 0.120466
v -0.004493 0.788338 0.122637
v -0.004493 0.77012 0.15346
v -0.019679 0.801876 0.085975
v -0.012235 0.810212 0.048551
v -0.004493 0.810212 0.049313
v -0.041155 0.722594 0.193942
v -0.004493 0.722594 0.197553
v -0.004493 0.695113 0.209128
v -0.037488 0.747921 0.175507
v -0.032553 0.77012 0.150697
v -0.004493 0.77012 0.15346
v -0.019679 0.801876 0.085975
v -0.004493 0.801876 0.087471
v -0.004493 0.788338 0.122637
v -0.043413 0.695113 0.205295
v -0.004493 0.695113 0.209128
v -0.004493 0.666534 0.213037
v -0.076408 0.722594 0.183249
v -0.069215 0.747921 0.165883
v -0.037488 0.747921 0.175507
v -0.059534 0.77012 0.142512
v -0.047739 0.788338 0.114035
v -0.026539 0.788338 0.120466
v -0.019679 0.810212 0.046293
v -0.012235 0.810212 0.048551
v -0.019679 0.801876 0.085975
v -0.076408 0.722594 0.183249
v -0.041155 0.722594 0.193942
v -0.043413 0.695113 0.205295
v -0.069215 0.747921 0.165883
v -0.059534 0.77012 0.142512
v -0.032553 0.77012 0.150697
v -0.047739 0.788338 0.114035
v -0.034281 0.801876 0.081546
v -0.019679 0.801876 0.085975
v -0.082333 0.666534 0.197553
v -0.080837 0.695113 0.193942
v -0.043413 0.695113 0.205295
v -0.108897 0.722594 0.165883
v -0.098454 0.747921 0.150254
v -0.069215 0.747921 0.165883
v -0.067276 0.788338 0.103592
v -0.047739 0.788338 0.114035
v -0.059534 0.77012 0.142512
v -0.047739 0.801876 0.074352
v -0.026539 0.810212 0.042626
v -0.019679 0.810212 0.046293
v -0.108897 0.722594 0.165883
v -0.076408 0.722594 0.183249
v -0.080837 0.695113 0.193942
v -0.0844 0.77012 0.129221
v -0.059534 0.77012 0.142512
v -0.069215 0.747921 0.165883
v -0.067276 0.788338 0.103592
v -0.047739 0.801876 0.074352
v -0.034281 0.801876 0.081546
v -0.115328 0.695113 0.175507
v -0.080837 0.695113 0.193942
v -0.082333 0.666534 0.197553
v -0.137374 0.722594 0.142512
v -0.124083 0.747921 0.129221
v -0.098454 0.747921 0.150254
v -0.0844 0.788338 0.089538
v -0.067276 0.788338 0.103592
v -0.0844 0.77012 0.129221
v -0.032553 0.810212 0.037691
v -0.026539 0.810212 0.042626
v -0.047739 0.801876 0.074352
v -0.145559 0.695113 0.150697
v -0.137374 0.722594 0.142512
v -0.108897 0.722594 0.165883
v -0.106196 0.77012 0.111334
v -0.0844 0.77012 0.129221
v -0.098454 0.747921 0.150254
v -0.059534 0.801876 0.064672
v -0.047739 0.801876 0.074352
v -0.067276 0.788338 0.103592
v -0.145559 0.695113 0.150697
v -0.115328 0.695113 0.175507
v -0.117499 0.666534 0.178757
v -0.160745 0.722594 0.114035
v -0.145116 0.747921 0.103592
v -0.124083 0.747921 0.129221
v -0.124083 0.77012 0.089538
v -0.098454 0.788338 0.072414
v -0.0844 0.788338 0.089538
v -0.069215 0.801876 0.052876
v -0.037488 0.810212 0.031677
v -0.032553 0.810212 0.037691
v -0.160745 0.722594 0.114035
v -0.137374 0.722594 0.142512
v -0.145559 0.695113 0.150697
v -0.124083 0.77012 0.089538
v -0.106196 0.77012 0.111334
v -0.124083 0.747921 0.129221
v -0.098454 0.788338 0.072414
v -0.069215 0.801876 0.052876
v -0.059534 0.801876 0.064672
v -0.170369 0.695113 0.120466
v -0.145559 0.695113 0.150697
v -0.148323 0.666534 0.15346
v -0.178111 0.722594 0.081546
v -0.160745 0.747921 0.074352
v -0.145116 0.747921 0.103592
v -0.108897 0.788338 0.052876
v -0.098454 0.788338 0.072414
v -0.124083 0.77012 0.089538
v -0.041155 0.810212 0.024817
v -0.037488 0.810212 0.031677
v -0.069215 0.801876 0.052876
v -0.178111 0.722594 0.081546
v -0.160745 0.722594 0.114035
v -0.170369 0.695113 0.120466
v -0.137374 0.77012 0.064672
v -0.124083 0.77012 0.089538
v -0.145116 0.747921 0.103592
v -0.076408 0.801876 0.039419
v -0.069215 0.801876 0.052876
v -0.098454 0.788338 0.072414
v -0.188804 0.695113 0.085975
v -0.170369 0.695113 0.120466
v -0.173619 0.666534 0.122637
v -0.188804 0.722594 0.046293
v -0.170369 0.747921 0.042626
v -0.160745 0.747921 0.074352
v -0.115328 0.788338 0.031677
v -0.108897 0.788338 0.052876
v -0.137374 0.77012 0.064672
v -0.043413 0.810212 0.017373
v -0.041155 0.810212 0.024817
v -0.076408 0.801876 0.039419
v -0.200157 0.695113 0.048551
v -0.188804 0.722594 0.046293
v -0.178111 0.722594 0.081546
v -0.170369 0.747921 0.042626
v -0.145559 0.77012 0.037691
v -0.137374 0.77012 0.064672
v -0.080837 0.801876 0.024817
v -0.076408 0.801876 0.039419
v -0.108897 0.788338 0.052876
v -0.20399 0.666534 0.049313
v -0.200157 0.695113 0.048551
v -0.188804 0.695113 0.085975
v -0.043413 0.810212 0.001889
v -0.004493 0.813027 0.009631
v -0.044175 0.810212 0.009631
v -0.041155 0.810212 -0.005555
v -0.004493 0.813027 0.009631
v -0.043413 0.810212 0.001889
v -0.037488 0.810212 -0.012416
v -0.004493 0.813027 0.009631
v -0.041155 0.810212 -0.005555
v -0.032553 0.810212 -0.018429
v -0.004493 0.813027 0.009631
v -0.037488 0.810212 -0.012416
v -0.026539 0.810212 -0.023364
v -0.004493 0.813027 0.009631
v -0.032553 0.810212 -0.018429
v -0.019679 0.810212 -0.027031
v -0.004493 0.813027 0.009631
v -0.026539 0.810212 -0.023364
v -0.012235 0.810212 -0.029289
v -0.004493 0.813027 0.009631
v -0.019679 0.810212 -0.027031
v -0.004493 0.810212 -0.030052
v -0.004493 0.813027 0.009631
v -0.012235 0.810212 -0.029289
v 0.003249 0.810212 -0.029289
v -0.004493 0.813027 0.009631
v -0.004493 0.810212 -0.030052
v 0.010693 0.810212 -0.027031
v -0.004493 0.813027 0.009631
v 0.003249 0.810212 -0.029289
v 0.017554 0.810212 -0.023364
v -0.004493 0.813027 0.009631
v 0.010693 0.810212 -0.027031
v 0.023567 0.810212 -0.018429
v -0.004493 0.813027 0.009631
v 0.017554 0.810212 -0.023364
v 0.028502 0.810212 -0.012416
v -0.004493 0.813027 0.009631
v 0.023567 0.810212 -0.018429
v 0.032169 0.810212 -0.005555
v -0.004493 0.813027 0.009631
v 0.028502 0.810212 -0.012416
v 0.034427 0.810212 0.001889
v -0.004493 0.813027 0.009631
v 0.032169 0.810212 -0.005555
v 0.03519 0.810212 0.009631
v -0.004493 0.813027 0.009631
v 0.034427 0.810212 0.001889
v 0.034427 0.810212 0.017373
v -0.004493 0.813027 0.009631
v 0.03519 0.810212 0.009631
v 0.032169 0.810212 0.024817
v -0.004493 0.813027 0.009631
v 0.034427 0.810212 0.017373
v 0.028502 0.810212 0.031677
v -0.004493 0.813027 0.009631
v 0.032169 0.810212 0.024817
v 0.023567 0.810212 0.037691
v -0.004493 0.813027 0.009631
v 0.028502 0.810212 0.031677
v 0.017554 0.810212 0.042626
v -0.004493 0.813027 0.009631
v 0.023567 0.810212 0.037691
v 0.010693 0.810212 0.046293
v -0.004493 0.813027 0.009631
v 0.017554 0.810212 0.042626
v 0.003249 0.810212 0.048551
v -0.004493 0.813027 0.009631
v 0.010693 0.810212 0.046293
v -0.004493 0.810212 0.049313
v -0.004493 0.813027 0.009631
v 0.003249 0.810212 0.048551
v -0.012235 0.810212 0.048551
v -0.004493 0.813027 0.009631
v -0.004493 0.810212 0.049313
v -0.019679 0.810212 0.046293
v -0.004493 0.813027 0.009631
v -0.012235 0.810212 0.048551
v -0.026539 0.810212 0.042626
v -0.004493 0.813027 0.009631
v -0.019679 0.810212 0.046293
v -0.032553 0.810212 0.037691
v -0.004493 0.813027 0.009631
v -0.026539 0.810212 0.042626
v -0.037488 0.810212 0.031677
v -0.004493 0.813027 0.009631
v -0.032553 0.810212 0.037691
v -0.041155 0.810212 0.024817
v -0.004493 0.813027 0.009631
v -0.037488 0.810212 0.031677
v -0.043413 0.810212 0.017373
v -0.004493 0.813027 0.009631
v -0.041155 0.810212 0.024817
v -0.173619 0.747921 0.009631
v -0.170369 0.747921 0.042626
v -0.188804 0.722594 0.046293
v -0.117499 0.788338 0.009631
v -0.115328 0.788338 0.031677
v -0.145559 0.77012 0.037691
v -0.044175 0.810212 0.009631
v -0.043413 0.810212 0.017373
v -0.080837 0.801876 0.024817
v -0.192415 0.722594 0.009631
v -0.188804 0.722594 0.046293
v -0.200157 0.695113 0.048551
v -0.148323 0.77012 0.009631
v -0.145559 0.77012 0.037691
v -0.170369 0.747921 0.042626
v -0.082333 0.801876 0.009631
v -0.080837 0.801876 0.024817
v -0.115328 0.788338 0.031677
v -0.044175 0.810212 0.009631
v -0.004493 0.813027 0.009631
v -0.043413 0.810212 0.017373
v -0.207899 0.666534 0.009631
v -0.20399 0.695113 0.009631
v -0.200157 0.695113 0.048551
v -0.20399 0.695113 0.009631
v -0.173619 0.747921 0.009631
v -0.117499 0.788338 0.009631
v -0.207899 0.666534 0.009631
v -0.188805 0.722594 -0.027031
v -0.148323 0.77012 0.009631
v -0.082333 0.801876 0.009631
v -0.188805 0.722594 -0.027031
v -0.137374 0.77012 -0.04541
v -0.076408 0.801876 -0.020157
v -0.188805 0.695113 -0.066714
v -0.170369 0.747921 -0.023364
v -0.115328 0.788338 -0.012416
v -0.20399 0.666534 -0.030052
v -0.160745 0.722594 -0.094773
v -0.124083 0.77012 -0.070277
v -0.076408 0.801876 -0.020157
v -0.188805 0.695113 -0.066714
v -0.145116 0.747921 -0.08433
v -0.108897 0.788338 -0.033615
v -0.192415 0.666534 -0.068209
v -0.137374 0.722594 -0.12325
v -0.124083 0.77012 -0.070277
v -0.059534 0.801876 -0.04541
v -0.170369 0.695113 -0.101204
v -0.124083 0.747921 -0.109959
v -0.098454 0.788338 -0.053152
v -0.173619 0.666534 -0.103375
v -0.108897 0.722594 -0.146621
v -0.106196 0.77012 -0.092072
v -0.047739 0.801876 -0.055091
v -0.032553 0.810212 -0.018429
v -0.059534 0.801876 -0.04541
v -0.145559 0.695113 -0.131435
v -0.124083 0.747921 -0.109959
v -0.0844 0.788338 -0.070277
v -0.117499 0.666534 -0.159495
v -0.108897 0.722594 -0.146621
v -0.0844 0.77012 -0.109959
v -0.047739 0.801876 -0.055091
v -0.080837 0.695113 -0.174681
v -0.069215 0.747921 -0.146621
v -0.047739 0.788338 -0.094773
v -0.082333 0.666534 -0.178292
v -0.076408 0.722594 -0.163987
v -0.059534 0.77012 -0.12325
v -0.034281 0.801876 -0.062284
v -0.043413 0.695113 -0.186033
v -0.037488 0.747921 -0.156245
v -0.047739 0.788338 -0.094773
v -0.044175 0.666534 -0.189867
v -0.004493 0.722594 -0.178292
v -0.032553 0.77012 -0.131435
v -0.004493 0.801876 -0.068209
v -0.043413 0.695113 -0.186033
v -0.004493 0.747921 -0.159495
v -0.026539 0.788338 -0.101204
v -0.004493 0.666534 -0.193775
v -0.004493 0.722594 -0.178292
v 0.023567 0.77012 -0.131435
v -0.004493 0.801876 -0.068209
v 0.034427 0.695113 -0.186033
v -0.004493 0.747921 -0.159495
v -0.004493 0.788338 -0.103375
v -0.004493 0.666534 -0.193775
v 0.032169 0.722594 -0.174681
v 0.050548 0.77012 -0.12325
v 0.010693 0.801876 -0.066714
v 0.034427 0.695113 -0.186033
v 0.060229 0.747921 -0.146621
v 0.017554 0.788338 -0.101204
v 0.073347 0.666534 -0.178292
v 0.067422 0.722594 -0.163987
v 0.050548 0.77012 -0.12325
v 0.025295 0.801876 -0.062284
v 0.106342 0.695113 -0.156245
v 0.089468 0.747921 -0.130992
v 0.038753 0.788338 -0.094773
v 0.073347 0.666534 -0.178292
v 0.099911 0.722594 -0.146621
v 0.075415 0.77012 -0.109959
v 0.050548 0.801876 -0.04541
v 0.017554 0.810212 -0.023364
v 0.038753 0.801876 -0.055091
v 0.106342 0.695113 -0.156245
v 0.089468 0.747921 -0.130992
v 0.075415 0.788338 -0.070277
v 0.108513 0.666534 -0.159495
v 0.128388 0.722594 -0.12325
v 0.115097 0.77012 -0.070277
v 0.075415 0.788338 -0.070277
v 0.09721 0.77012 -0.092072
v 0.050548 0.801876 -0.04541
v 0.161383 0.695113 -0.101204
v 0.13613 0.747921 -0.08433
v 0.075415 0.788338 -0.070277
v 0.139337 0.666534 -0.134199
v 0.151759 0.722594 -0.094773
v 0.115097 0.77012 -0.070277
v 0.060229 0.801876 -0.033615
v 0.179819 0.695113 -0.066714
v 0.13613 0.747921 -0.08433
v 0.089468 0.788338 -0.053152
v 0.18343 0.666534 -0.068209
v 0.169125 0.722594 -0.062284
v 0.136573 0.77012 -0.018429
v 0.071851 0.801876 -0.005555
v 0.032169 0.810212 -0.005555
v 0.067422 0.801876 -0.020157
v 0.191171 0.695113 -0.029289
v 0.151759 0.747921 -0.055091
v 0.099911 0.788338 -0.033615
v 0.195005 0.666534 -0.030052
v 0.179819 0.722594 -0.027031
v 0.139337 0.77012 0.009631
v 0.106342 0.788338 -0.012416
v 0.136573 0.77012 -0.018429
v 0.073347 0.801876 0.009631
v 0.195004 0.695113 0.009631
v 0.164633 0.747921 0.009631
v 0.106342 0.788338 -0.012416
v 0.198913 0.666534 0.009631
v 0.18343 0.722594 0.009631
v 0.106342 0.788338 0.031677
v 0.139337 0.77012 0.009631
v 0.136573 0.77012 0.037691
v 0.073347 0.801876 0.009631
v 0.191171 0.695113 0.048551
v 0.164633 0.747921 0.009631
v 0.106342 0.788338 0.031677
v 0.195005 0.666534 0.049313
v 0.179819 0.722594 0.046293
v 0.136573 0.77012 0.037691
v 0.067422 0.801876 0.039419
v 0.179819 0.695113 0.085975
v 0.151759 0.747921 0.074352
v 0.106342 0.788338 0.031677
v 0.18343 0.666534 0.087471
v 0.169125 0.722594 0.081546
v 0.115097 0.77012 0.089538
v 0.067422 0.801876 0.039419
v 0.179819 0.695113 0.085975
v 0.13613 0.747921 0.103592
v 0.089468 0.788338 0.072414
v 0.164633 0.666534 0.122637
v 0.151759 0.722594 0.114035
v 0.09721 0.77012 0.111334
v 0.060229 0.801876 0.052876
v 0.161383 0.695113 0.120466
v 0.115097 0.747921 0.129221
v 0.089468 0.788338 0.072414
v 0.139337 0.666534 0.153461
v 0.128388 0.722594 0.142512
v 0.075415 0.77012 0.129221
v 0.038753 0.801876 0.074352
v 0.023567 0.810212 0.037691
v 0.050548 0.801876 0.064672
v 0.106342 0.695113 0.175507
v 0.115097 0.747921 0.129221
v 0.075415 0.788338 0.089538
v 0.108513 0.666534 0.178757
v 0.099911 0.722594 0.165883
v 0.050548 0.77012 0.142512
v 0.038753 0.801876 0.074352
v 0.071851 0.695113 0.193942
v 0.089468 0.747921 0.150254
v 0.05829 0.788338 0.103592
v 0.073347 0.666534 0.197553
v 0.067422 0.722594 0.183249
v 0.023567 0.77012 0.150697
v 0.025295 0.801876 0.081546
v 0.071851 0.695113 0.193942
v 0.028502 0.747921 0.175507
v 0.017553 0.788338 0.120466
v 0.03519 0.666534 0.209128
v 0.032169 0.722594 0.193942
v -0.004493 0.77012 0.15346
v 0.010693 0.801876 0.085975
v -0.004493 0.695113 0.209128
v 0.028502 0.747921 0.175507
v 0.017553 0.788338 0.120466
v 0.03519 0.666534 0.209128
v -0.004493 0.722594 0.197553
v -0.032553 0.77012 0.150697
v -0.004493 0.801876 0.087471
v -0.043413 0.695113 0.205295
v -0.004493 0.747921 0.178757
v -0.026539 0.788338 0.120466
v -0.044175 0.666534 0.209128
v -0.041155 0.722594 0.193942
v -0.032553 0.77012 0.150697
v -0.034281 0.801876 0.081546
v -0.080837 0.695113 0.193942
v -0.037488 0.747921 0.175507
v -0.026539 0.788338 0.120466
v -0.044175 0.666534 0.209128
v -0.076408 0.722594 0.183249
v -0.0844 0.77012 0.129221
v -0.034281 0.801876 0.081546
v -0.108897 0.722594 0.165883
v -0.080837 0.695113 0.193942
v -0.115328 0.695113 0.175507
v -0.098454 0.747921 0.150254
v -0.047739 0.788338 0.114035
v -0.117499 0.666534 0.178757
v -0.108897 0.722594 0.165883
v -0.106196 0.77012 0.111334
v -0.032553 0.810212 0.037691
v -0.047739 0.801876 0.074352
v -0.059534 0.801876 0.064672
v -0.115328 0.695113 0.175507
v -0.124083 0.747921 0.129221
v -0.0844 0.788338 0.089538
v -0.148323 0.666534 0.15346
v -0.137374 0.722594 0.142512
v -0.106196 0.77012 0.111334
v -0.059534 0.801876 0.064672
v -0.170369 0.695113 0.120466
v -0.145116 0.747921 0.103592
v -0.0844 0.788338 0.089538
v -0.170369 0.695113 0.120466
v -0.148323 0.666534 0.15346
v -0.173619 0.666534 0.122637
v -0.160745 0.722594 0.114035
v -0.137374 0.77012 0.064672
v -0.076408 0.801876 0.039419
v -0.188804 0.695113 0.085975
v -0.160745 0.747921 0.074352
v -0.108897 0.788338 0.052876
v -0.192415 0.666534 0.087471
v -0.178111 0.722594 0.081546
v -0.145559 0.77012 0.037691
v -0.080837 0.801876 0.024817
v -0.188804 0.695113 0.085975
v -0.160745 0.747921 0.074352
v -0.115328 0.788338 0.031677
v -0.192415 0.666534 0.087471
v -0.192415 0.722594 0.009631
v -0.148323 0.77012 0.009631
v -0.082333 0.801876 0.009631
v -0.20399 0.695113 0.009631
v -0.173619 0.747921 0.009631
v -0.117499 0.788338 0.009631
v -0.20399 0.666534 0.049313
v 0.003851 0.71638 -0.362016
v 0.004594 0.716478 -0.356366
v -0.064555 0.716478 -0.349555
v 2.357388 0.219171 -0.141217
v 2.456426 0.227952 -0.265216
v 2.399836 0.227949 -0.294437
v 2.381659 0.219171 -0.120382
v 2.506052 0.227955 -0.225872
v 2.401577 0.219171 -0.094995
v 2.5468 0.227958 -0.177906
v 2.416377 0.219171 -0.066031
v 2.577093 0.22796 -0.123157
v 2.425492 0.219171 -0.034603
v 2.595754 0.227962 -0.063731
v 2.428569 0.219171 -0.001919
v 2.602055 0.227962 -0.001919
v 2.425492 0.219171 0.030765
v 2.595754 0.227962 0.059893
v 2.416377 0.219171 0.062193
v 2.577093 0.22796 0.11932
v 2.401577 0.219171 0.091158
v 2.5468 0.227958 0.174069
v 2.381659 0.219171 0.116545
v 2.506052 0.227955 0.222035
v 2.357388 0.219171 0.13738
v 2.456426 0.227952 0.261379
v 2.329698 0.219171 0.152861
v 2.399836 0.227949 0.2906
v 2.299653 0.219171 0.162395
v 2.338457 0.227947 0.308586
v 0.011014 0.219171 0.346052
v -0.015665 0.227974 0.508367
v -0.05849 0.219171 0.339365
v -0.11584 0.227973 0.498557
v -0.125323 0.219171 0.319564
v -0.212159 0.227973 0.469506
v -0.186917 0.219171 0.287408
v -0.300917 0.227971 0.422335
v -0.240904 0.219171 0.244133
v -0.378704 0.22797 0.358863
v -0.285211 0.219171 0.191403
v -0.442532 0.227969 0.281532
v -0.318133 0.219171 0.131243
v -0.489955 0.227968 0.193318
v -0.338407 0.219171 0.065967
v -0.519155 0.227967 0.097609
v -0.345252 0.219171 -0.001919
v -0.529014 0.227967 -0.001919
v -0.338407 0.219171 -0.069805
v -0.519155 0.227967 -0.101448
v -0.318133 0.219171 -0.135082
v -0.489954 0.227968 -0.197156
v -0.28521 0.219171 -0.195241
v -0.442532 0.227969 -0.28537
v -0.240904 0.219171 -0.247971
v -0.378703 0.22797 -0.362701
v -0.186917 0.219171 -0.291246
v -0.300917 0.227971 -0.426173
v -0.125323 0.219171 -0.323402
v -0.212158 0.227973 -0.473344
v -0.05849 0.219171 -0.343203
v -0.115839 0.227973 -0.502395
v -0.322872 0.717323 -0.13756
v -0.343042 0.717323 -0.071068
v -0.343042 0.716478 -0.071068
v 0.011014 0.219171 -0.349889
v -0.015665 0.227974 -0.512205
v 2.381659 0.216167 0.116545
v 2.357388 0.216167 0.13738
v 2.357388 0.219171 0.13738
v -0.295645 0.71638 -0.201979
v -0.290118 0.716478 -0.198839
v -0.322872 0.716478 -0.13756
v 0.004594 0.717323 -0.356366
v -0.064555 0.717323 -0.349555
v -0.064555 0.716478 -0.349555
v 2.382921 0.717323 -0.120695
v 2.357466 0.717323 -0.141585
v 2.357466 0.716478 -0.141585
v 2.296915 0.717323 0.162829
v 2.328426 0.717323 0.15327
v 2.328426 0.716478 0.15327
v -0.192326 0.717323 -0.296631
v -0.246037 0.717323 -0.252551
v -0.246037 0.716478 -0.252551
v -0.131047 0.717323 0.325547
v -0.064555 0.717323 0.345718
v -0.064555 0.716478 0.345718
v 2.428892 0.717323 -0.034689
v 2.419333 0.717323 -0.0662
v 2.419333 0.716478 -0.0662
v -0.290118 0.717323 0.195001
v -0.246038 0.717323 0.248713
v -0.246038 0.716478 0.248713
v 2.419333 0.717323 0.062362
v 2.428892 0.717323 0.030852
v 2.428892 0.716478 0.030852
v -0.349853 0.717323 -0.001919
v -0.343042 0.717323 0.06723
v -0.343042 0.716478 0.06723
v 2.357466 0.717323 0.137747
v 2.382921 0.717323 0.116857
v 2.382921 0.716478 0.116857
v -0.290118 0.717323 -0.198839
v -0.322872 0.716478 -0.13756
v 2.403811 0.717323 -0.095241
v 2.382921 0.716478 -0.120695
v 0.004594 0.717323 0.352528
v 2.296915 0.716478 0.162829
v -0.131046 0.717323 -0.329385
v -0.192326 0.717323 -0.296631
v -0.192326 0.716478 -0.296631
v -0.192326 0.717323 0.292793
v -0.131047 0.716478 0.325547
v 2.432119 0.717323 -0.001919
v 2.428892 0.716478 -0.034689
v 2.328426 0.717323 -0.157107
v 2.296915 0.717323 -0.166666
v 2.296915 0.716478 -0.166666
v -0.322872 0.717323 0.133722
v -0.290118 0.716478 0.195001
v 2.403811 0.717323 0.091403
v 2.419333 0.716478 0.062362
v -0.349853 0.716478 -0.001919
v 2.328426 0.716478 -0.157107
v 2.357466 0.716478 0.137747
v -0.290118 0.716478 -0.198839
v 2.403811 0.717323 -0.095241
v 2.403811 0.716478 -0.095241
v 0.004594 0.716478 0.352528
v -0.131046 0.716478 -0.329385
v -0.246038 0.717323 0.248713
v -0.192326 0.716478 0.292793
v -0.06037 0.738669 -0.328519
v 0.004761 0.738669 -0.334934
v 0.004761 0.738669 0.331096
v 2.432119 0.716478 -0.001919
v -0.322872 0.716478 0.133722
v 2.382921 0.717323 0.116857
v 2.403811 0.716478 0.091403
v 2.295736 0.732417 -0.16049
v 0.004643 0.732417 -0.350088
v 2.292892 0.738669 -0.145581
v 0.004643 0.732417 -0.350088
v 2.295736 0.732417 -0.16049
v 2.326022 0.732417 -0.151303
v 2.326022 0.732417 -0.151303
v 2.345551 0.738669 -0.123751
v 2.320218 0.738669 -0.137291
v 2.353977 0.732417 -0.136361
v 2.353977 0.732417 -0.136361
v 2.378479 0.732417 -0.116253
v 2.398587 0.732417 -0.09175
v 2.378479 0.732417 -0.116253
v 2.367754 0.738669 -0.105529
v 2.398587 0.732417 -0.09175
v 2.398587 0.732417 -0.09175
v 2.385977 0.738669 -0.083324
v 2.413529 0.732417 -0.063796
v 2.42273 0.732417 -0.033464
v 2.413529 0.732417 -0.063796
v 2.407856 0.738669 -0.030506
v 2.399517 0.738669 -0.057992
v 2.425837 0.732417 -0.001919
v 2.410671 0.738669 -0.001919
v 2.42273 0.732417 -0.033464
v 2.425837 0.732417 -0.001919
v 2.42273 0.732417 0.029626
v 2.42273 0.732417 0.029626
v 2.407856 0.738669 0.026668
v 2.413529 0.732417 0.059958
v 2.398587 0.732417 0.087913
v 2.413529 0.732417 0.059958
v 2.385977 0.738669 0.079486
v 2.399517 0.738669 0.054154
v 2.367754 0.738669 0.101691
v 2.398587 0.732417 0.087913
v 2.353977 0.732417 0.132524
v 2.378479 0.732417 0.112416
v 2.345551 0.738669 0.119913
v 2.378479 0.732417 0.112416
v 2.326022 0.732417 0.147466
v 2.320218 0.738669 0.133454
v 2.353977 0.732417 0.132524
v 2.295736 0.732417 0.156653
v 2.292892 0.738669 0.141743
v 2.326022 0.732417 0.147466
v 2.295736 0.732417 0.156653
v 0.004643 0.732417 0.346251
v -0.06333 0.732417 0.339556
v 0.004643 0.732417 0.346251
v -0.060371 0.738669 0.324681
v -0.128643 0.732417 0.319744
v -0.06333 0.732417 0.339556
v -0.128643 0.732417 0.319744
v -0.188836 0.732417 0.28757
v -0.122839 0.738669 0.305732
v -0.188836 0.732417 0.28757
v -0.241596 0.732417 0.244271
v -0.230871 0.738669 0.233547
v -0.18041 0.738669 0.274959
v -0.284895 0.732417 0.191511
v -0.241596 0.732417 0.244271
v -0.272284 0.738669 0.183085
v -0.241596 0.732417 0.244271
v -0.303056 0.738669 0.125514
v -0.284895 0.732417 0.191511
v -0.336881 0.732417 0.066005
v -0.317068 0.732417 0.131318
v -0.317068 0.732417 0.131318
v -0.336881 0.732417 0.066005
v -0.322006 0.738669 0.063046
v -0.343571 0.732417 -0.001919
v -0.336881 0.732417 -0.069843
v -0.343571 0.732417 -0.001919
v -0.328404 0.738669 -0.001919
v -0.336881 0.732417 -0.069843
v -0.317068 0.732417 -0.135156
v -0.303056 0.738669 -0.129352
v -0.322006 0.738669 -0.066884
v -0.284894 0.732417 -0.195349
v -0.317068 0.732417 -0.135156
v -0.284894 0.732417 -0.195349
v -0.241595 0.732417 -0.248109
v -0.272284 0.738669 -0.186923
v -0.241595 0.732417 -0.248109
v -0.188836 0.732417 -0.291407
v -0.230871 0.738669 -0.237384
v -0.188836 0.732417 -0.291407
v -0.188836 0.732417 -0.291407
v -0.122839 0.738669 -0.309569
v -0.18041 0.738669 -0.278797
v -0.063329 0.732417 -0.343394
v -0.128642 0.732417 -0.323581
v -0.128642 0.732417 -0.323581
v -0.063329 0.732417 -0.343394
v 0.004594 0.716478 -0.356366
v -0.216054 0.235619 -0.480071
v -0.118407 0.235619 -0.509522
v -0.118407 0.706281 -0.509522
v 2.403811 0.716478 -0.095241
v 2.382921 0.716478 -0.120695
v 2.387384 0.71638 -0.124506
v 0.004594 0.716478 0.352528
v 2.296915 0.716478 0.162829
v 2.298416 0.71638 0.168112
v -0.133991 0.71638 -0.334605
v -0.131046 0.716478 -0.329385
v -0.192326 0.716478 -0.296631
v -0.192326 0.716478 0.292793
v -0.131047 0.716478 0.325547
v -0.133992 0.71638 0.330768
v 2.432119 0.716478 -0.001919
v 2.428892 0.716478 -0.034689
v 2.43494 0.71638 -0.035741
v 2.328426 0.716478 -0.157107
v 2.296915 0.716478 -0.166666
v 2.298416 0.71638 -0.17195
v -0.322872 0.716478 0.133722
v -0.290118 0.716478 0.195001
v -0.295646 0.71638 0.198141
v 2.408994 0.71638 0.094398
v 2.403811 0.716478 0.091403
v 2.419333 0.716478 0.062362
v -0.349429 0.71638 -0.072171
v -0.343042 0.716478 -0.071068
v -0.349853 0.716478 -0.001919
v 2.357466 0.716478 -0.141585
v 2.331012 0.71638 -0.162085
v 2.331012 0.71638 0.158248
v 2.328426 0.716478 0.15327
v 2.357466 0.716478 0.137747
v -0.250849 0.71638 -0.256546
v -0.246037 0.716478 -0.252551
v 2.419333 0.716478 -0.0662
v 2.408994 0.71638 -0.098235
v -0.064555 0.716478 0.345718
v 0.003851 0.71638 0.358178
v -0.06642 0.71638 -0.355097
v -0.246038 0.716478 0.248713
v -0.196266 0.71638 0.297491
v 2.43494 0.71638 0.031903
v 2.428892 0.716478 0.030852
v -0.343042 0.716478 0.06723
v -0.328932 0.71638 0.135885
v 2.387384 0.71638 0.120668
v 2.382921 0.716478 0.116857
v -0.328932 0.71638 -0.139723
v 2.361053 0.71638 -0.146065
v -0.196265 0.71638 -0.301329
v -0.066421 0.71638 0.351259
v 2.425051 0.71638 -0.068263
v -0.25085 0.71638 0.252709
v 2.425051 0.71638 0.064426
v -0.34943 0.71638 0.068333
v 2.361053 0.71638 0.142228
v -0.285211 0.008915 0.191403
v -0.318133 0.008915 0.131243
v -0.318133 0.017797 0.131243
v -0.306047 0.235619 0.428406
v -0.384925 0.235619 0.364042
v -0.384925 0.706281 0.364042
v 2.610047 0.235619 -0.001919
v 2.603609 0.235619 0.061237
v 2.603609 0.706281 0.061237
v -0.384924 0.235619 -0.367881
v -0.306046 0.235619 -0.432244
v -0.306046 0.706281 -0.432244
v -0.118408 0.235619 0.505684
v -0.216055 0.235619 0.476233
v -0.216055 0.706281 0.476233
v 2.584538 0.235619 -0.125804
v 2.603609 0.235619 -0.065075
v 2.603609 0.706281 -0.065075
v -0.49776 0.235619 -0.199976
v -0.449658 0.235619 -0.289453
v -0.449658 0.706281 -0.289453
v 2.511897 0.235619 -0.230828
v 2.553571 0.235619 -0.181772
v 2.553571 0.706281 -0.181772
v 2.340315 0.235619 0.315588
v -0.016859 0.235619 0.515629
v -0.016859 0.706281 0.515629
v -0.537383 0.235619 -0.001919
v -0.527381 0.235619 -0.102888
v -0.527381 0.706281 -0.102888
v 2.40318 0.235619 -0.301003
v 2.461115 0.235619 -0.271088
v 2.461115 0.706281 -0.271088
v 2.461115 0.235619 0.26725
v 2.40318 0.235619 0.297166
v 2.40318 0.706281 0.297166
v -0.49776 0.235619 0.196138
v -0.527381 0.235619 0.099049
v -0.527381 0.706281 0.099049
v -0.016858 0.235619 -0.519466
v -0.016858 0.706281 -0.519466
v 2.553571 0.235619 0.177934
v 2.511897 0.235619 0.226991
v 2.511897 0.706281 0.226991
v 2.340315 0.235619 -0.319425
v 2.340315 0.706281 -0.319425
v -0.384925 0.235619 0.364042
v -0.449659 0.235619 0.285615
v -0.449659 0.706281 0.285615
v 2.584538 0.235619 0.121966
v 2.584538 0.706281 0.121966
v -0.306046 0.235619 -0.432244
v -0.216054 0.706281 -0.480071
v -0.306047 0.706281 0.428406
v 2.610047 0.706281 -0.001919
v -0.384924 0.706281 -0.367881
v -0.118408 0.706281 0.505684
v 2.553571 0.235619 -0.181772
v 2.584538 0.706281 -0.125804
v -0.49776 0.706281 -0.199976
v 2.511897 0.706281 -0.230828
v 2.340315 0.706281 0.315588
v -0.537383 0.706281 -0.001919
v 2.40318 0.706281 -0.301003
v 2.511897 0.235619 0.226991
v 2.461115 0.706281 0.26725
v -0.49776 0.706281 0.196138
v 2.553571 0.706281 0.177934
v 0.011014 0.008915 0.346052
v 2.299653 0.008915 -0.166232
v 0.011014 0.008915 -0.349889
v 2.416377 0.008915 0.062193
v 2.401577 0.008915 0.091158
v 2.401577 0.017797 0.091158
v -0.125323 0.008915 -0.323402
v -0.05849 0.008915 -0.343203
v -0.05849 0.017797 -0.343203
v -0.186917 0.008915 0.287408
v -0.240904 0.008915 0.244133
v -0.240904 0.017797 0.244133
v 2.428569 0.008915 -0.001919
v 2.425492 0.008915 0.030765
v 2.425492 0.017797 0.030765
v -0.240904 0.008915 -0.247971
v -0.186917 0.008915 -0.291246
v -0.186917 0.017797 -0.291246
v -0.05849 0.008915 0.339365
v -0.125323 0.008915 0.319564
v -0.125323 0.017797 0.319564
v 2.416377 0.008915 -0.066031
v 2.425492 0.008915 -0.034603
v 2.425492 0.017797 -0.034603
v -0.318133 0.008915 -0.135082
v -0.28521 0.008915 -0.195241
v -0.28521 0.017797 -0.195241
v 2.381659 0.008915 -0.120382
v 2.401577 0.008915 -0.094995
v 2.401577 0.017797 -0.094995
v 2.299653 0.008915 0.162395
v 0.011014 0.008915 0.346052
v 0.011014 0.017797 0.346052
v -0.345252 0.008915 -0.001919
v -0.338407 0.008915 -0.069805
v -0.338407 0.017797 -0.069805
v 2.329698 0.008915 -0.156699
v 2.357388 0.008915 -0.141217
v 2.357388 0.017797 -0.141217
v 2.357388 0.008915 0.13738
v 2.329698 0.008915 0.152861
v 2.329698 0.017797 0.152861
v -0.338407 0.008915 0.065967
v -0.338407 0.017797 0.065967
v 0.011014 0.008915 -0.349889
v 2.299653 0.008915 -0.166232
v 2.299653 0.017797 -0.166232
v 2.381659 0.008915 0.116545
v 2.381659 0.017797 0.116545
v 0.011014 0.017797 -0.349889
v -0.285211 0.008915 0.191403
v -0.285211 0.017797 0.191403
v 2.416377 0.017797 0.062193
v -0.186917 0.008915 -0.291246
v -0.125323 0.017797 -0.323402
v -0.186917 0.017797 0.287408
v 2.428569 0.017797 -0.001919
v -0.240904 0.017797 -0.247971
v -0.05849 0.017797 0.339365
v 2.401577 0.008915 -0.094995
v 2.416377 0.017797 -0.066031
v -0.318133 0.017797 -0.135082
v 2.381659 0.017797 -0.120382
v 2.299653 0.017797 0.162395
v -0.345252 0.017797 -0.001919
v 2.329698 0.017797 -0.156699
v 2.357388 0.008915 0.13738
v 2.357388 0.017797 0.13738
v 2.338288 0.713782 -0.312289
v -0.015886 0.713778 -0.512075
v 2.399694 0.713781 -0.294294
v 2.456297 0.713781 -0.265067
v 2.461115 0.706281 -0.271088
v 2.511897 0.706281 -0.230828
v 2.50592 0.71378 -0.225725
v 2.553571 0.706281 -0.181772
v 2.546655 0.71378 -0.177775
v 2.584538 0.706281 -0.125804
v 2.57693 0.71378 -0.123058
v 2.603609 0.706281 -0.065075
v 2.595577 0.713779 -0.063678
v 2.610047 0.706281 -0.001919
v 2.601872 0.713779 -0.001919
v 2.595577 0.713779 0.05984
v 2.601872 0.713779 -0.001919
v 2.584538 0.706281 0.121966
v 2.57693 0.71378 0.119221
v 2.595577 0.713779 0.05984
v 2.553571 0.706281 0.177934
v 2.546655 0.71378 0.173938
v 2.511897 0.706281 0.226991
v 2.50592 0.71378 0.221888
v 2.461115 0.706281 0.26725
v 2.456297 0.713781 0.26123
v 2.40318 0.706281 0.297166
v 2.399694 0.713781 0.290457
v 2.338288 0.713782 0.308451
v 2.399694 0.713781 0.290457
v -0.015886 0.713778 0.508238
v -0.115968 0.713778 0.498437
v -0.212206 0.713777 0.46941
v -0.216055 0.706281 0.476233
v -0.306047 0.706281 0.428406
v -0.300903 0.713777 0.422272
v -0.384925 0.706281 0.364042
v -0.37865 0.713777 0.358831
v -0.449659 0.706281 0.285615
v -0.442458 0.713777 0.281525
v -0.49776 0.706281 0.196138
v -0.489874 0.713777 0.193323
v -0.527381 0.706281 0.099049
v -0.519073 0.713777 0.097615
v -0.537383 0.706281 -0.001919
v -0.528933 0.713777 -0.001919
v -0.527381 0.706281 -0.102888
v -0.519073 0.713777 -0.101454
v -0.49776 0.706281 -0.199976
v -0.489874 0.713777 -0.197162
v -0.449658 0.706281 -0.289453
v -0.442457 0.713777 -0.285363
v -0.384924 0.706281 -0.367881
v -0.378649 0.713777 -0.36267
v -0.306046 0.706281 -0.432244
v -0.300902 0.713777 -0.42611
v -0.216054 0.706281 -0.480071
v -0.212205 0.713777 -0.473248
v -0.118407 0.706281 -0.509522
v -0.115967 0.713778 -0.502274
v -0.115967 0.713778 -0.502274
v 2.329698 0.219171 -0.156699
v 2.338457 0.227947 -0.312424
v -0.356351 0.71638 -0.001919
v -0.115968 0.713778 0.498437
v 2.338288 0.713782 0.308451
v 2.456297 0.713781 -0.265067
v 2.438279 0.71638 -0.001919
v 2.338288 0.713782 -0.312289
v -0.015886 0.713778 0.508238
v 2.399694 0.713781 -0.294294
v -0.212206 0.713777 0.46941
v -0.015886 0.713778 -0.512075
v 2.340315 0.235619 -0.319425
v 2.40318 0.235619 -0.301003
v 2.461115 0.235619 -0.271088
v 2.511897 0.235619 -0.230828
v 2.553571 0.235619 -0.181772
v 2.584538 0.235619 -0.125804
v 2.603609 0.235619 -0.065075
v 2.610047 0.235619 -0.001919
v 2.603609 0.235619 0.061237
v 2.584538 0.235619 0.121966
v 2.553571 0.235619 0.177934
v 2.511897 0.235619 0.226991
v 2.461115 0.235619 0.26725
v 2.40318 0.235619 0.297166
v 2.340315 0.235619 0.315588
v -0.016859 0.235619 0.515629
v -0.118408 0.235619 0.505684
v -0.216055 0.235619 0.476233
v -0.306047 0.235619 0.428406
v -0.384925 0.235619 0.364042
v -0.449659 0.235619 0.285615
v -0.49776 0.235619 0.196138
v -0.527381 0.235619 0.099049
v -0.537383 0.235619 -0.001919
v -0.527381 0.235619 -0.102888
v -0.49776 0.235619 -0.199976
v -0.449658 0.235619 -0.289453
v -0.384924 0.235619 -0.367881
v -0.306046 0.235619 -0.432244
v -0.216054 0.235619 -0.480071
v -0.118407 0.235619 -0.509522
v -0.016858 0.235619 -0.519466
v 2.299653 0.219171 -0.166232
v 2.299653 0.216167 -0.166232
v 2.329698 0.216167 -0.156699
v 2.329698 0.219171 -0.156699
v -0.338407 0.216167 0.065967
v -0.345252 0.216167 -0.001919
v -0.345252 0.219171 -0.001919
v 2.329698 0.216167 0.152861
v 2.299653 0.216167 0.162395
v 2.299653 0.219171 0.162395
v 2.357388 0.216167 -0.141217
v 2.381659 0.216167 -0.120382
v 2.381659 0.219171 -0.120382
v -0.338407 0.216167 -0.069805
v -0.318133 0.216167 -0.135082
v -0.318133 0.219171 -0.135082
v 2.401577 0.216167 -0.094995
v 2.416377 0.216167 -0.066031
v 2.416377 0.219171 -0.066031
v 0.011014 0.216167 0.346052
v -0.05849 0.216167 0.339365
v -0.05849 0.219171 0.339365
v -0.28521 0.216167 -0.195241
v -0.240904 0.216167 -0.247971
v -0.240904 0.219171 -0.247971
v 2.425492 0.216167 -0.034603
v 2.428569 0.216167 -0.001919
v 2.428569 0.219171 -0.001919
v -0.125323 0.216167 0.319564
v -0.186917 0.216167 0.287408
v -0.186917 0.219171 0.287408
v -0.186917 0.216167 -0.291246
v -0.125323 0.216167 -0.323402
v -0.125323 0.219171 -0.323402
v 2.425492 0.216167 0.030765
v 2.416377 0.216167 0.062193
v 2.416377 0.219171 0.062193
v -0.240904 0.216167 0.244133
v -0.285211 0.216167 0.191403
v -0.285211 0.219171 0.191403
v -0.05849 0.216167 -0.343203
v 0.011014 0.216167 -0.349889
v 0.011014 0.219171 -0.349889
v 2.401577 0.216167 0.091158
v 2.381659 0.219171 0.116545
v 2.299653 0.219171 -0.166232
v -0.318133 0.216167 0.131243
v -0.338407 0.219171 0.065967
v 2.357388 0.216167 0.13738
v 2.329698 0.219171 0.152861
v 2.357388 0.219171 -0.141217
v -0.338407 0.219171 -0.069805
v 0.011014 0.219171 0.346052
v 2.401577 0.216167 -0.094995
v 2.401577 0.219171 -0.094995
v -0.28521 0.219171 -0.195241
v 2.425492 0.219171 -0.034603
v -0.125323 0.219171 0.319564
v -0.186917 0.216167 -0.291246
v -0.186917 0.219171 -0.291246
v 2.425492 0.219171 0.030765
v -0.240904 0.219171 0.244133
v -0.05849 0.219171 -0.343203
v 2.401577 0.219171 0.091158
v -0.285211 0.216167 0.191403
v -0.318133 0.219171 0.131243
v 2.401577 0.017797 -0.094995
v -0.186917 0.017797 -0.291246
v 2.357388 0.017797 0.13738
v -0.285211 0.017797 0.191403
v -0.192326 0.716478 -0.296631
v 2.403811 0.716478 -0.095241
v -0.246038 0.716478 0.248713
v 2.382921 0.716478 0.116857
v 2.378479 0.732417 0.112416
v -0.384925 0.706281 0.364042
v -0.306046 0.706281 -0.432244
v 2.553571 0.706281 -0.181772
v 2.511897 0.706281 0.226991
v -0.05849 0.008915 -0.343203
v -0.125323 0.008915 -0.323402
v -0.186917 0.008915 -0.291246
v -0.125323 0.008915 0.319564
v -0.240904 0.008915 -0.247971
v -0.285211 0.008915 0.191403
v -0.240904 0.008915 0.244133
v -0.318133 0.008915 -0.135082
v -0.338407 0.008915 -0.069805
v -0.338407 0.008915 0.065967
v -0.345252 0.008915 -0.001919
v -0.318133 0.008915 0.131243
v -0.186917 0.008915 0.287408
v 2.299653 0.008915 0.162395
v 2.329698 0.008915 0.152861
v 2.357388 0.008915 0.13738
v 2.381659 0.008915 0.116545
v 2.401577 0.008915 0.091158
v 2.416377 0.008915 0.062193
v 2.425492 0.008915 0.030765
v 2.428569 0.008915 -0.001919
v 2.425492 0.008915 -0.034603
v 2.416377 0.008915 -0.066031
v 2.401577 0.008915 -0.094995
v 2.381659 0.008915 -0.120382
v 2.357388 0.008915 -0.141217
v 2.329698 0.008915 -0.156699
v -0.05849 0.008915 0.339365
v -0.28521 0.008915 -0.195241
v 2.603609 0.706281 0.061237
v 2.401577 0.219171 -0.094995
v -0.186917 0.219171 -0.291246
v 2.357388 0.219171 0.13738
v -0.285211 0.219171 0.191403
vt 0.552184 0.81422901
vt 0.554456 0.81399101
vt 0.554456 0.80620402
vt 0.053537 0.92508298
vt 0.050615 0.92439002
vt 0.049824 0.92843902
vt 0.047098 0.92352301
vt 0.043023 0.922566
vt 0.042595 0.924757004
vt 0.549942 0.814309
vt 0.552184 0.81422901
vt 0.552184 0.80596203
vt 0.053537 0.92508298
vt 0.052608 0.92984402
vt 0.054733 0.93085998
vt 0.050615 0.92439002
vt 0.047098 0.92352301
vt 0.046476 0.92670399
vt 0.043023 0.922566
vt 0.038359 0.921648026
vt 0.038142 0.922764
vt 0.055765 0.92018199
vt 0.053537 0.920234025
vt 0.053537 0.92508298
vt 0.047098 0.92028302
vt 0.047098 0.92352301
vt 0.050615 0.92439002
vt 0.038359 0.920509994
vt 0.038359 0.921648026
vt 0.043023 0.922566
vt 0.554564 0.82163
vt 0.554456 0.81399101
vt 0.552184 0.81422901
vt 0.053537 0.920234025
vt 0.050615 0.92026502
vt 0.050615 0.92439002
vt 0.047098 0.92028302
vt 0.043023 0.92033398
vt 0.043023 0.922566
vt 0.550058 0.82257801
vt 0.552298 0.822339
vt 0.552184 0.81422901
vt 0.052608 0.91548097
vt 0.053537 0.920234025
vt 0.055765 0.92018199
vt 0.046476 0.917108
vt 0.047098 0.92028302
vt 0.050615 0.92026502
vt 0.042595 0.918146014
vt 0.038142 0.919394016
vt 0.038359 0.920509994
vt 0.552521 0.829979
vt 0.554774 0.82882798
vt 0.554564 0.82163
vt 0.049824 0.916225016
vt 0.050615 0.92026502
vt 0.053537 0.920234025
vt 0.046476 0.917108
vt 0.042595 0.918146014
vt 0.043023 0.92033398
vt 0.550286 0.83036798
vt 0.552521 0.829979
vt 0.552298 0.822339
vt 0.050786 0.91100901
vt 0.052608 0.91548097
vt 0.054733 0.91490102
vt 0.048273 0.912422
vt 0.045258 0.91412002
vt 0.046476 0.917108
vt 0.037716 0.91834402
vt 0.038142 0.919394016
vt 0.042595 0.918146014
vt 0.552846 0.83685702
vt 0.55508 0.835307
vt 0.554774 0.82882798
vt 0.048273 0.912422
vt 0.049824 0.916225016
vt 0.052608 0.91548097
vt 0.045258 0.91412002
vt 0.041757 0.916087985
vt 0.042595 0.918146014
vt 0.550617 0.837381
vt 0.552846 0.83685702
vt 0.552521 0.829979
vt 0.048143 0.90698701
vt 0.050786 0.91100901
vt 0.052711 0.90992999
vt 0.046024 0.909002006
vt 0.04349 0.91143298
vt 0.045258 0.91412002
vt 0.040541 0.91423702
vt 0.037098 0.91739899
vt 0.037716 0.91834402
vt 0.050821 0.90450102
vt 0.049778 0.90546
vt 0.052711 0.90992999
vt 0.048143 0.90698701
vt 0.046024 0.909002006
vt 0.048273 0.912422
vt 0.04349 0.91143298
vt 0.040541 0.91423702
vt 0.041757 0.916087985
vt 0.553259 0.84270799
vt 0.552846 0.83685702
vt 0.550617 0.837381
vt 0.046048 0.901660025
vt 0.044784 0.90356898
vt 0.048143 0.90698701
vt 0.043165 0.90609598
vt 0.041244 0.909150004
vt 0.04349 0.91143298
vt 0.038995 0.91266298
vt 0.036312 0.916595995
vt 0.037098 0.91739899
vt 0.046048 0.901660025
vt 0.049778 0.90546
vt 0.050821 0.90450102
vt 0.043165 0.90609598
vt 0.046024 0.909002006
vt 0.048143 0.90698701
vt 0.038995 0.91266298
vt 0.040541 0.91423702
vt 0.04349 0.91143298
vt 0.557935 0.84420198
vt 0.55832 0.83809799
vt 0.5561 0.83747202
vt 0.041669 0.89867598
vt 0.040839 0.900884986
vt 0.044784 0.90356898
vt 0.039808 0.90381497
vt 0.038606 0.90735799
vt 0.041244 0.909150004
vt 0.03718 0.911427975
vt 0.035388 0.915965974
vt 0.036312 0.916595995
vt 0.559877 0.85234302
vt 0.560161 0.84567899
vt 0.557935 0.84420198
vt 0.039808 0.90381497
vt 0.043165 0.90609598
vt 0.044784 0.90356898
vt 0.038606 0.90735799
vt 0.03718 0.911427975
vt 0.038995 0.91266298
vt 0.557633 0.851277
vt 0.557935 0.84420198
vt 0.555708 0.84369498
vt 0.036463 0.89903599
vt 0.040839 0.900884986
vt 0.041669 0.89867598
vt 0.036085 0.90224397
vt 0.035681 0.906123996
vt 0.038606 0.90735799
vt 0.034363 0.91553098
vt 0.035388 0.915965974
vt 0.03718 0.911427975
vt 0.557425 0.85904902
vt 0.559681 0.85966498
vt 0.559877 0.85234302
vt 0.036085 0.90224397
vt 0.039808 0.90381497
vt 0.040839 0.900884986
vt 0.035681 0.906123996
vt 0.035166 0.910577
vt 0.03718 0.911427975
vt 0.557425 0.85904902
vt 0.557633 0.851277
vt 0.5554 0.85090798
vt 0.031658 0.89557302
vt 0.031826 0.898094
vt 0.036463 0.89903599
vt 0.032582 0.905493975
vt 0.035681 0.906123996
vt 0.036085 0.90224397
vt 0.033032 0.91014302
vt 0.033276 0.915310025
vt 0.034363 0.91553098
vt 0.559581 0.86736298
vt 0.559681 0.85966498
vt 0.557425 0.85904902
vt 0.031826 0.898094
vt 0.032141 0.901443005
vt 0.036085 0.90224397
vt 0.032582 0.905493975
vt 0.033032 0.91014302
vt 0.035166 0.910577
vt 0.55508 0.86716598
vt 0.557319 0.86722201
vt 0.557425 0.85904902
vt 0.026414 0.89557302
vt 0.027107 0.898094
vt 0.031826 0.898094
vt 0.029428 0.90549499
vt 0.032582 0.905493975
vt 0.032141 0.901443005
vt 0.030859 0.91014302
vt 0.032168 0.915310025
vt 0.033276 0.915310025
vt 0.557319 0.87548101
vt 0.559581 0.87514299
vt 0.559581 0.86736298
vt 0.028127 0.901443005
vt 0.032141 0.901443005
vt 0.031826 0.898094
vt 0.029428 0.90549499
vt 0.030859 0.91014302
vt 0.033032 0.91014302
vt 0.557319 0.87548101
vt 0.557319 0.86722201
vt 0.55508 0.86716598
vt 0.021278 0.89662099
vt 0.022486 0.899037
vt 0.027107 0.898094
vt 0.024198 0.90224397
vt 0.026342 0.906123996
vt 0.029428 0.90549499
vt 0.028733 0.910577
vt 0.031083 0.91553098
vt 0.032168 0.915310025
vt 0.559681 0.88270402
vt 0.559581 0.87514299
vt 0.557319 0.87548101
vt 0.024198 0.90224397
vt 0.028127 0.901443005
vt 0.027107 0.898094
vt 0.026342 0.906123996
vt 0.028733 0.910577
vt 0.030859 0.91014302
vt 0.555188 0.88376999
vt 0.557425 0.88350701
vt 0.557319 0.87548101
vt 0.016448 0.89867598
vt 0.018141 0.900884986
vt 0.022486 0.899037
vt 0.020505 0.90381497
vt 0.02344 0.90735799
vt 0.026342 0.906123996
vt 0.026733 0.911427975
vt 0.030062 0.915965974
vt 0.031083 0.91553098
vt 0.557633 0.89099401
vt 0.559877 0.889756024
vt 0.559681 0.88270402
vt 0.018141 0.900884986
vt 0.020505 0.90381497
vt 0.024198 0.90224397
vt 0.026733 0.911427975
vt 0.028733 0.910577
vt 0.026342 0.906123996
vt 0.5554 0.89140397
vt 0.557633 0.89099401
vt 0.557425 0.88350701
vt 0.012107 0.901660025
vt 0.014237 0.90356898
vt 0.018141 0.900884986
vt 0.017187 0.90609598
vt 0.020833 0.909150004
vt 0.02344 0.90735799
vt 0.024936 0.91266298
vt 0.029145 0.916595995
vt 0.030062 0.915965974
vt 0.560161 0.896028996
vt 0.559877 0.889756024
vt 0.557633 0.89099401
vt 0.017187 0.90609598
vt 0.020505 0.90381497
vt 0.018141 0.900884986
vt 0.020833 0.909150004
vt 0.024936 0.91266298
vt 0.026733 0.911427975
vt 0.555708 0.898194015
vt 0.557935 0.89765298
vt 0.557633 0.89099401
vt 0.00842 0.90546
vt 0.010922 0.90698701
vt 0.014237 0.90356898
vt 0.01437 0.909002006
vt 0.01862 0.91143298
vt 0.020833 0.909150004
vt 0.02341 0.91423702
vt 0.028365 0.91739899
vt 0.029145 0.916595995
vt 0.554706 0.851901
vt 0.554971 0.84542102
vt 0.552753 0.84386998
vt 0.010922 0.90698701
vt 0.01437 0.909002006
vt 0.017187 0.90609598
vt 0.01862 0.91143298
vt 0.02341 0.91423702
vt 0.024936 0.91266298
vt 0.552472 0.85075003
vt 0.552753 0.84386998
vt 0.550527 0.84334701
vt 0.005526 0.90992999
vt 0.00832 0.91100901
vt 0.010922 0.90698701
vt 0.016883 0.91412002
vt 0.01862 0.91143298
vt 0.01437 0.909002006
vt 0.022212 0.916087985
vt 0.027752 0.91834402
vt 0.028365 0.91739899
vt 0.554524 0.85909897
vt 0.554706 0.851901
vt 0.552472 0.85075003
vt 0.00832 0.91100901
vt 0.012159 0.912422
vt 0.01437 0.909002006
vt 0.016883 0.91412002
vt 0.022212 0.916087985
vt 0.02341 0.91423702
vt 0.552278 0.858392
vt 0.552472 0.85075003
vt 0.55024 0.85036099
vt 0.003534 0.91490102
vt 0.00653 0.915481985
vt 0.00832 0.91100901
vt 0.010638 0.916225016
vt 0.015688 0.917108
vt 0.016883 0.91412002
vt 0.027331 0.919394016
vt 0.027752 0.91834402
vt 0.022212 0.916087985
vt 0.554431 0.86673898
vt 0.554524 0.85909897
vt 0.552278 0.858392
vt 0.010638 0.916225016
vt 0.012159 0.912422
vt 0.00832 0.91100901
vt 0.015688 0.917108
vt 0.021388 0.918146014
vt 0.022212 0.916087985
vt 0.552179 0.86650199
vt 0.552278 0.858392
vt 0.550043 0.85815299
vt 0.00252 0.92018199
vt 0.005618 0.920234025
vt 0.00653 0.915481985
vt 0.01508 0.92028302
vt 0.015688 0.917108
vt 0.010638 0.916225016
vt 0.020968 0.92033398
vt 0.027116 0.920509994
vt 0.027331 0.919394016
vt 0.554431 0.87452602
vt 0.554431 0.86673898
vt 0.552179 0.86650199
vt 0.005618 0.920234025
vt 0.009863 0.92026597
vt 0.010638 0.916225016
vt 0.020968 0.92033398
vt 0.021388 0.918146014
vt 0.015688 0.917108
vt 0.552179 0.87476897
vt 0.552179 0.86650199
vt 0.549942 0.866422
vt 0.00252 0.92557001
vt 0.005618 0.92508298
vt 0.005618 0.920234025
vt 0.009863 0.92439002
vt 0.01508 0.92352301
vt 0.01508 0.92028302
vt 0.027116 0.921648026
vt 0.027116 0.920509994
vt 0.020968 0.92033398
vt 0.554524 0.882161975
vt 0.554431 0.87452602
vt 0.552179 0.87476897
vt 0.009863 0.92439002
vt 0.009863 0.92026597
vt 0.005618 0.920234025
vt 0.01508 0.92352301
vt 0.020968 0.922566
vt 0.020968 0.92033398
vt 0.552278 0.882875025
vt 0.552179 0.87476897
vt 0.549942 0.87485099
vt 0.003534 0.93085998
vt 0.00653 0.92984402
vt 0.005618 0.92508298
vt 0.015688 0.92670399
vt 0.01508 0.92352301
vt 0.009863 0.92439002
vt 0.021388 0.924757004
vt 0.027331 0.922764
vt 0.027116 0.921648026
vt 0.552472 0.89050901
vt 0.554706 0.88935298
vt 0.554524 0.882161975
vt 0.010638 0.92843902
vt 0.009863 0.92439002
vt 0.005618 0.92508298
vt 0.021388 0.924757004
vt 0.020968 0.922566
vt 0.01508 0.92352301
vt 0.552472 0.89050901
vt 0.552278 0.882875025
vt 0.550043 0.88311601
vt 0.005526 0.93584597
vt 0.00832 0.93433201
vt 0.00653 0.92984402
vt 0.016883 0.92970401
vt 0.015688 0.92670399
vt 0.010638 0.92843902
vt 0.022212 0.92682201
vt 0.027752 0.92381698
vt 0.027331 0.922764
vt 0.552753 0.897377014
vt 0.554971 0.89582199
vt 0.554706 0.88935298
vt 0.012159 0.932257
vt 0.010638 0.92843902
vt 0.00653 0.92984402
vt 0.016883 0.92970401
vt 0.022212 0.92682201
vt 0.021388 0.924757004
vt 0.552753 0.897377014
vt 0.552472 0.89050901
vt 0.55024 0.890899
vt 0.00842 0.94033599
vt 0.010922 0.938374996
vt 0.00832 0.93433201
vt 0.01862 0.93240601
vt 0.016883 0.92970401
vt 0.012159 0.932257
vt 0.02341 0.92868298
vt 0.028365 0.92476398
vt 0.027752 0.92381698
vt 0.00842 0.94033599
vt 0.005526 0.93584597
vt 0.003841 0.93676001
vt 0.010922 0.938374996
vt 0.01437 0.935696006
vt 0.012159 0.932257
vt 0.01862 0.93240601
vt 0.02341 0.92868298
vt 0.022212 0.92682201
vt 0.557966 0.78344202
vt 0.558368 0.777507
vt 0.556147 0.77687198
vt 0.012107 0.944157004
vt 0.014237 0.94181502
vt 0.010922 0.938374996
vt 0.020833 0.93470597
vt 0.01862 0.93240601
vt 0.01437 0.935696006
vt 0.024936 0.93026602
vt 0.029145 0.92557001
vt 0.028365 0.92476398
vt 0.559899 0.79150999
vt 0.560196 0.78496897
vt 0.557966 0.78344202
vt 0.014237 0.94181502
vt 0.017187 0.938621998
vt 0.01437 0.935696006
vt 0.020833 0.93470597
vt 0.024936 0.93026602
vt 0.02341 0.92868298
vt 0.55765 0.79038602
vt 0.557966 0.78344202
vt 0.555737 0.782924
vt 0.016448 0.94716102
vt 0.018141 0.944519997
vt 0.014237 0.94181502
vt 0.02344 0.93651402
vt 0.020833 0.93470597
vt 0.017187 0.938621998
vt 0.026733 0.931510985
vt 0.030062 0.926204026
vt 0.029145 0.92557001
vt 0.557432 0.79807198
vt 0.559694 0.79874998
vt 0.559899 0.79150999
vt 0.020505 0.940922976
vt 0.017187 0.938621998
vt 0.014237 0.94181502
vt 0.026733 0.931510985
vt 0.024936 0.93026602
vt 0.020833 0.93470597
vt 0.557432 0.79807198
vt 0.55765 0.79038602
vt 0.555415 0.79000401
vt 0.021278 0.949230015
vt 0.022486 0.946384013
vt 0.018141 0.944519997
vt 0.026342 0.937759995
vt 0.02344 0.93651402
vt 0.020505 0.940922976
vt 0.028733 0.93236798
vt 0.031083 0.926639974
vt 0.030062 0.926204026
vt 0.559589 0.80641103
vt 0.559694 0.79874998
vt 0.557432 0.79807198
vt 0.022486 0.946384013
vt 0.024199 0.942508996
vt 0.020505 0.940922976
vt 0.026342 0.937759995
vt 0.028733 0.93236798
vt 0.026733 0.931510985
vt 0.55508 0.80613202
vt 0.557321 0.80620402
vt 0.557432 0.79807198
vt 0.026414 0.950285017
vt 0.027107 0.94733399
vt 0.022486 0.946384013
vt 0.029428 0.938395023
vt 0.026342 0.937759995
vt 0.024199 0.942508996
vt 0.030859 0.932806015
vt 0.032168 0.926863015
vt 0.031083 0.926639974
vt 0.559589 0.814197
vt 0.559589 0.80641103
vt 0.557321 0.80620402
vt 0.027107 0.94733399
vt 0.028127 0.94331801
vt 0.024199 0.942508996
vt 0.030859 0.932806015
vt 0.028733 0.93236798
vt 0.026342 0.937759995
vt 0.557321 0.81447
vt 0.557321 0.80620402
vt 0.55508 0.80613202
vt 0.031658 0.950285017
vt 0.031826 0.94733399
vt 0.027107 0.94733399
vt 0.032141 0.94331801
vt 0.032582 0.938395023
vt 0.029428 0.938395023
vt 0.033276 0.926863015
vt 0.032168 0.926863015
vt 0.030859 0.932806015
vt 0.559694 0.82181
vt 0.559589 0.814197
vt 0.557321 0.81447
vt 0.031826 0.94733399
vt 0.032141 0.94331801
vt 0.028127 0.94331801
vt 0.032582 0.938395023
vt 0.033032 0.932806015
vt 0.030859 0.932806015
vt 0.555193 0.82279998
vt 0.557432 0.82255203
vt 0.557321 0.81447
vt 0.036809 0.949230015
vt 0.036463 0.946383
vt 0.031826 0.94733399
vt 0.035681 0.937759995
vt 0.032582 0.938395023
vt 0.032141 0.94331801
vt 0.035166 0.93236798
vt 0.034363 0.926639974
vt 0.033276 0.926863015
vt 0.559899 0.82895797
vt 0.559694 0.82181
vt 0.557432 0.82255203
vt 0.036085 0.942508996
vt 0.032141 0.94331801
vt 0.031826 0.94733399
vt 0.035681 0.937759995
vt 0.035166 0.93236798
vt 0.033032 0.932806015
vt 0.55765 0.83014
vt 0.557432 0.82255203
vt 0.555193 0.82279998
vt 0.041669 0.947160006
vt 0.040839 0.944519997
vt 0.036463 0.946383
vt 0.038606 0.93651402
vt 0.035681 0.937759995
vt 0.036085 0.942508996
vt 0.035388 0.926204026
vt 0.034363 0.926639974
vt 0.035166 0.93236798
vt 0.557966 0.83694202
vt 0.560196 0.835365
vt 0.559899 0.82895797
vt 0.039808 0.940922976
vt 0.036085 0.942508996
vt 0.036463 0.946383
vt 0.03718 0.931510985
vt 0.035166 0.93236798
vt 0.035681 0.937759995
vt 0.557966 0.83694202
vt 0.55765 0.83014
vt 0.555415 0.83053702
vt 0.046048 0.944157004
vt 0.044784 0.94181502
vt 0.040839 0.944519997
vt 0.043165 0.938621998
vt 0.041244 0.93470597
vt 0.038606 0.93651402
vt 0.038995 0.93026602
vt 0.036312 0.92557001
vt 0.035388 0.926204026
vt 0.046048 0.944157004
vt 0.041669 0.947160006
vt 0.042219 0.948767006
vt 0.043165 0.938621998
vt 0.039808 0.940922976
vt 0.040839 0.944519997
vt 0.041244 0.93470597
vt 0.038995 0.93026602
vt 0.03718 0.931510985
vt 0.552846 0.783351
vt 0.553259 0.777511
vt 0.551038 0.77687198
vt 0.049778 0.94033599
vt 0.048143 0.938374996
vt 0.044784 0.94181502
vt 0.04349 0.93240601
vt 0.041244 0.93470597
vt 0.043165 0.938621998
vt 0.037098 0.92476398
vt 0.036312 0.92557001
vt 0.038995 0.93026602
vt 0.554774 0.791376
vt 0.55508 0.78490502
vt 0.552846 0.783351
vt 0.046024 0.935696006
vt 0.043165 0.938621998
vt 0.044784 0.94181502
vt 0.040541 0.92868298
vt 0.038995 0.93026602
vt 0.041244 0.93470597
vt 0.552521 0.79022002
vt 0.552846 0.783351
vt 0.550617 0.782826
vt 0.052711 0.93584597
vt 0.050786 0.93433201
vt 0.048143 0.938374996
vt 0.045258 0.92970401
vt 0.04349 0.93240601
vt 0.046024 0.935696006
vt 0.037716 0.92381698
vt 0.037098 0.92476398
vt 0.040541 0.92868298
vt 0.552298 0.79785502
vt 0.554564 0.798567
vt 0.554774 0.791376
vt 0.050786 0.93433201
vt 0.048273 0.932257
vt 0.046024 0.935696006
vt 0.041757 0.92682201
vt 0.040541 0.92868298
vt 0.04349 0.93240601
vt 0.550058 0.79761499
vt 0.552298 0.79785502
vt 0.552521 0.79022002
vt 0.038359 0.921648026
vt 0.033045 0.92092502
vt 0.038142 0.922764
vt 0.038359 0.920509994
vt 0.033045 0.92092502
vt 0.038359 0.921648026
vt 0.038142 0.919394016
vt 0.033045 0.92092502
vt 0.038359 0.920509994
vt 0.037716 0.91834402
vt 0.033045 0.92092502
vt 0.038142 0.919394016
vt 0.037098 0.91739899
vt 0.033045 0.92092502
vt 0.037716 0.91834402
vt 0.036312 0.916595995
vt 0.033045 0.92092502
vt 0.037098 0.91739899
vt 0.035388 0.915965974
vt 0.033045 0.92092502
vt 0.036312 0.916595995
vt 0.034363 0.91553098
vt 0.033045 0.92092502
vt 0.035388 0.915965974
vt 0.033276 0.915310025
vt 0.033045 0.92092502
vt 0.034363 0.91553098
vt 0.032168 0.915310025
vt 0.033045 0.92092502
vt 0.033276 0.915310025
vt 0.031083 0.91553098
vt 0.033045 0.92092502
vt 0.032168 0.915310025
vt 0.030062 0.915965974
vt 0.033045 0.92092502
vt 0.031083 0.91553098
vt 0.029145 0.916595995
vt 0.033045 0.92092502
vt 0.030062 0.915965974
vt 0.028365 0.91739899
vt 0.033045 0.92092502
vt 0.029145 0.916595995
vt 0.027752 0.91834402
vt 0.033045 0.92092502
vt 0.028365 0.91739899
vt 0.027331 0.919394016
vt 0.033045 0.92092502
vt 0.027752 0.91834402
vt 0.027116 0.920509994
vt 0.033045 0.92092502
vt 0.027331 0.919394016
vt 0.027116 0.921648026
vt 0.033045 0.92092502
vt 0.027116 0.920509994
vt 0.027331 0.922764
vt 0.033045 0.92092502
vt 0.027116 0.921648026
vt 0.027752 0.92381698
vt 0.033045 0.92092502
vt 0.027331 0.922764
vt 0.028365 0.92476398
vt 0.033045 0.92092502
vt 0.027752 0.92381698
vt 0.029145 0.92557001
vt 0.033045 0.92092502
vt 0.028365 0.92476398
vt 0.030062 0.926204026
vt 0.033045 0.92092502
vt 0.029145 0.92557001
vt 0.031083 0.926639974
vt 0.033045 0.92092502
vt 0.030062 0.926204026
vt 0.032168 0.926863015
vt 0.033045 0.92092502
vt 0.031083 0.926639974
vt 0.033276 0.926863015
vt 0.033045 0.92092502
vt 0.032168 0.926863015
vt 0.034363 0.926639974
vt 0.033045 0.92092502
vt 0.033276 0.926863015
vt 0.035388 0.926204026
vt 0.033045 0.92092502
vt 0.034363 0.926639974
vt 0.036312 0.92557001
vt 0.033045 0.92092502
vt 0.035388 0.926204026
vt 0.037098 0.92476398
vt 0.033045 0.92092502
vt 0.036312 0.92557001
vt 0.037716 0.92381698
vt 0.033045 0.92092502
vt 0.037098 0.92476398
vt 0.052608 0.92984402
vt 0.050786 0.93433201
vt 0.052711 0.93584597
vt 0.046476 0.92670399
vt 0.045258 0.92970401
vt 0.048273 0.932257
vt 0.038142 0.922764
vt 0.037716 0.92381698
vt 0.041757 0.92682201
vt 0.554456 0.80620402
vt 0.554564 0.798567
vt 0.552298 0.79785502
vt 0.049824 0.92843902
vt 0.048273 0.932257
vt 0.050786 0.93433201
vt 0.042595 0.924757004
vt 0.041757 0.92682201
vt 0.045258 0.92970401
vt 0.038142 0.922764
vt 0.033045 0.92092502
vt 0.037716 0.92381698
vt 0.549942 0.80588001
vt 0.552184 0.80596203
vt 0.552298 0.79785502
vt 0.552184 0.80596203
vt 0.052608 0.92984402
vt 0.046476 0.92670399
vt 0.549942 0.80588001
vt 0.055765 0.92557001
vt 0.049824 0.92843902
vt 0.042595 0.924757004
vt 0.055765 0.92557001
vt 0.050615 0.92026502
vt 0.043023 0.92033398
vt 0.552298 0.822339
vt 0.053537 0.92508298
vt 0.047098 0.92352301
vt 0.549942 0.814309
vt 0.054733 0.91490102
vt 0.049824 0.916225016
vt 0.043023 0.92033398
vt 0.552298 0.822339
vt 0.052608 0.91548097
vt 0.047098 0.92028302
vt 0.550058 0.82257801
vt 0.052711 0.90992999
vt 0.049824 0.916225016
vt 0.041757 0.916087985
vt 0.552521 0.829979
vt 0.050786 0.91100901
vt 0.046476 0.917108
vt 0.550286 0.83036798
vt 0.049778 0.90546
vt 0.048273 0.912422
vt 0.040541 0.91423702
vt 0.037716 0.91834402
vt 0.041757 0.916087985
vt 0.053932 0.909247994
vt 0.050786 0.91100901
vt 0.045258 0.91412002
vt 0.551038 0.84334701
vt 0.049778 0.90546
vt 0.046024 0.909002006
vt 0.040541 0.91423702
vt 0.046865 0.90046501
vt 0.044784 0.90356898
vt 0.041244 0.909150004
vt 0.555708 0.84369498
vt 0.046048 0.901660025
vt 0.043165 0.90609598
vt 0.038995 0.91266298
vt 0.557633 0.851277
vt 0.040839 0.900884986
vt 0.041244 0.909150004
vt 0.5554 0.85090798
vt 0.036809 0.89662099
vt 0.039808 0.90381497
vt 0.035166 0.910577
vt 0.557633 0.851277
vt 0.036463 0.89903599
vt 0.038606 0.90735799
vt 0.555188 0.85883301
vt 0.036809 0.89662099
vt 0.032141 0.901443005
vt 0.035166 0.910577
vt 0.557319 0.86722201
vt 0.036463 0.89903599
vt 0.035681 0.906123996
vt 0.555188 0.85883301
vt 0.031658 0.89557302
vt 0.028127 0.901443005
vt 0.033032 0.91014302
vt 0.557319 0.86722201
vt 0.027107 0.898094
vt 0.032582 0.905493975
vt 0.55508 0.87558597
vt 0.026414 0.89557302
vt 0.028127 0.901443005
vt 0.030859 0.91014302
vt 0.557425 0.88350701
vt 0.022486 0.899037
vt 0.029428 0.90549499
vt 0.55508 0.87558597
vt 0.021278 0.89662099
vt 0.024198 0.90224397
vt 0.026733 0.911427975
vt 0.031083 0.91553098
vt 0.028733 0.910577
vt 0.557425 0.88350701
vt 0.022486 0.899037
vt 0.02344 0.90735799
vt 0.555188 0.88376999
vt 0.016448 0.89867598
vt 0.017187 0.90609598
vt 0.02344 0.90735799
vt 0.020505 0.90381497
vt 0.026733 0.911427975
vt 0.557935 0.89765298
vt 0.014237 0.90356898
vt 0.02344 0.90735799
vt 0.5554 0.89140397
vt 0.012107 0.901660025
vt 0.017187 0.90609598
vt 0.024936 0.91266298
vt 0.552472 0.85075003
vt 0.014237 0.90356898
vt 0.020833 0.909150004
vt 0.55024 0.85036099
vt 0.00842 0.90546
vt 0.012159 0.912422
vt 0.022212 0.916087985
vt 0.028365 0.91739899
vt 0.02341 0.91423702
vt 0.552278 0.858392
vt 0.010922 0.90698701
vt 0.01862 0.91143298
vt 0.550043 0.85815299
vt 0.005526 0.90992999
vt 0.010638 0.916225016
vt 0.016883 0.91412002
vt 0.012159 0.912422
vt 0.021388 0.918146014
vt 0.552179 0.86650199
vt 0.00653 0.915481985
vt 0.016883 0.91412002
vt 0.549942 0.866422
vt 0.003534 0.91490102
vt 0.01508 0.92028302
vt 0.010638 0.916225016
vt 0.009863 0.92026597
vt 0.021388 0.918146014
vt 0.552179 0.87476897
vt 0.00653 0.915481985
vt 0.01508 0.92028302
vt 0.549942 0.87485099
vt 0.00252 0.92018199
vt 0.009863 0.92026597
vt 0.020968 0.922566
vt 0.552278 0.882875025
vt 0.005618 0.92508298
vt 0.01508 0.92028302
vt 0.550043 0.88311601
vt 0.00252 0.92557001
vt 0.010638 0.92843902
vt 0.020968 0.922566
vt 0.552278 0.882875025
vt 0.00653 0.92984402
vt 0.015688 0.92670399
vt 0.55024 0.890899
vt 0.003534 0.93085998
vt 0.012159 0.932257
vt 0.021388 0.924757004
vt 0.552472 0.89050901
vt 0.00832 0.93433201
vt 0.015688 0.92670399
vt 0.550527 0.897901
vt 0.005526 0.93584597
vt 0.01437 0.935696006
vt 0.02341 0.92868298
vt 0.027752 0.92381698
vt 0.022212 0.92682201
vt 0.006916 0.941524982
vt 0.00832 0.93433201
vt 0.016883 0.92970401
vt 0.555737 0.782924
vt 0.00842 0.94033599
vt 0.017187 0.938621998
vt 0.02341 0.92868298
vt 0.55765 0.79038602
vt 0.010922 0.938374996
vt 0.01862 0.93240601
vt 0.555415 0.79000401
vt 0.012107 0.944157004
vt 0.020505 0.940922976
vt 0.024936 0.93026602
vt 0.55765 0.79038602
vt 0.018141 0.944519997
vt 0.02344 0.93651402
vt 0.555193 0.79784
vt 0.016448 0.94716102
vt 0.024199 0.942508996
vt 0.026733 0.931510985
vt 0.557321 0.80620402
vt 0.018141 0.944519997
vt 0.02344 0.93651402
vt 0.555193 0.79784
vt 0.021278 0.949230015
vt 0.028127 0.94331801
vt 0.028733 0.93236798
vt 0.557321 0.81447
vt 0.022486 0.946384013
vt 0.029428 0.938395023
vt 0.55508 0.81456
vt 0.026414 0.950285017
vt 0.028127 0.94331801
vt 0.033032 0.932806015
vt 0.557432 0.82255203
vt 0.027107 0.94733399
vt 0.029428 0.938395023
vt 0.55508 0.81456
vt 0.031658 0.950285017
vt 0.036085 0.942508996
vt 0.033032 0.932806015
vt 0.559899 0.82895797
vt 0.557432 0.82255203
vt 0.55765 0.83014
vt 0.036463 0.946383
vt 0.032582 0.938395023
vt 0.555415 0.83053702
vt 0.036809 0.949230015
vt 0.039808 0.940922976
vt 0.035388 0.926204026
vt 0.035166 0.93236798
vt 0.03718 0.931510985
vt 0.55765 0.83014
vt 0.040839 0.944519997
vt 0.038606 0.93651402
vt 0.555737 0.83747202
vt 0.041669 0.947160006
vt 0.039808 0.940922976
vt 0.03718 0.931510985
vt 0.046865 0.945580006
vt 0.044784 0.94181502
vt 0.038606 0.93651402
vt 0.552846 0.783351
vt 0.551038 0.77687198
vt 0.550617 0.782826
vt 0.046048 0.944157004
vt 0.046024 0.935696006
vt 0.040541 0.92868298
vt 0.552521 0.79022002
vt 0.048143 0.938374996
vt 0.04349 0.93240601
vt 0.550286 0.78983098
vt 0.049778 0.94033599
vt 0.048273 0.932257
vt 0.041757 0.92682201
vt 0.552521 0.79022002
vt 0.048143 0.938374996
vt 0.045258 0.92970401
vt 0.550286 0.78983098
vt 0.054733 0.93085998
vt 0.049824 0.92843902
vt 0.042595 0.924757004
vt 0.552184 0.80596203
vt 0.052608 0.92984402
vt 0.046476 0.92670399
vt 0.550058 0.79761499
vt 0.388432 0.657822
vt 0.387294 0.65759498
vt 0.384712 0.670323
vt 0.118084 0.21310997
vt 0.094539 0.19277203
vt 0.087609 0.202815
vt 0.122747 0.208933
vt 0.103411 0.18418002
vt 0.128262 0.20563602
vt 0.113885 0.17737198
vt 0.134418 0.203345
vt 0.12556 0.17261201
vt 0.140977 0.20214802
vt 0.137987 0.170084
vt 0.147687 0.20209199
vt 0.150686 0.16988802
vt 0.154291 0.20317799
vt 0.163168 0.172032
vt 0.160535 0.205365
vt 0.174949 0.17643201
vt 0.166179 0.20856798
vt 0.185577 0.182917
vt 0.171006 0.21266502
vt 0.194643 0.19123602
vt 0.17483 0.217498
vt 0.201799 0.20106697
vt 0.177505 0.22288203
vt 0.206772 0.212031
vt 0.178927 0.22860897
vt 0.209375 0.22370702
vt 0.176775 0.65630502
vt 0.209375 0.66381103
vt 0.174211 0.6691
vt 0.205645 0.68225098
vt 0.169023 0.681193
vt 0.198063 0.69967097
vt 0.161408 0.69212002
vt 0.186921 0.71540302
vt 0.151661 0.701459
vt 0.172648 0.728841
vt 0.140155 0.708852
vt 0.155793 0.73947102
vt 0.127332 0.714015
vt 0.137006 0.74688298
vt 0.113685 0.71675003
vt 0.117006 0.75079602
vt 0.09974 0.716951
vt 0.096564 0.75105798
vt 0.086031 0.714611
vt 0.076461 0.74765998
vt 0.073085 0.70981997
vt 0.057472 0.74073303
vt 0.061401 0.702761
vt 0.040324 0.730541
vt 0.051426 0.693707
vt 0.025676 0.717475
vt 0.043545 0.68300402
vt 0.014092 0.70203698
vt 0.03806 0.67106497
vt 0.006018 0.68481898
vt 0.035182 0.65834802
vt 0.001766 0.66648299
vt 0.660387 0.75272101
vt 0.660118 0.74002397
vt 0.659946 0.74002397
vt 0.035022 0.645342
vt 0.0015 0.647735
vt 0.100365 0.792189
vt 0.100746 0.79649001
vt 0.101358 0.79649001
vt 0.350658 0.71089202
vt 0.350114 0.70981598
vt 0.337066 0.714931
vt 0.995436 0.20123804
vt 0.995663 0.18906099
vt 0.995491 0.18906403
vt 0.99641 0.64147502
vt 0.996056 0.635925
vt 0.995884 0.63592702
vt 0.991291 0.18367398
vt 0.991446 0.17796898
vt 0.991274 0.177971
vt 0.662655 0.78461301
vt 0.661681 0.77545202
vt 0.661509 0.77545202
vt 0.990502 0.63196403
vt 0.990044 0.61931401
vt 0.989872 0.61931598
vt 0.666088 0.693309
vt 0.666305 0.687639
vt 0.666133 0.687639
vt 0.661681 0.691678
vt 0.662655 0.68253398
vt 0.662484 0.68253398
vt 0.666088 0.711475
vt 0.665978 0.70546103
vt 0.665805 0.70546103
vt 0.660118 0.72708
vt 0.660387 0.714388
vt 0.660215 0.714388
vt 0.99172 0.172813
vt 0.992102 0.16840303
vt 0.99193 0.168405
vt 0.660914 0.76468402
vt 0.660215 0.75272101
vt 0.996855 0.64640898
vt 0.996238 0.641477
vt 0.989843 0.606373
vt 0.991119 0.18367702
vt 0.996135 0.177975
vt 0.996835 0.16840303
vt 0.996663 0.16840601
vt 0.9912 0.64383602
vt 0.99033 0.631966
vt 0.665977 0.699327
vt 0.665916 0.693309
vt 0.995809 0.62997198
vt 0.995675 0.623846
vt 0.995503 0.62384802
vt 0.660914 0.702434
vt 0.661509 0.691678
vt 0.666305 0.717139
vt 0.665916 0.711475
vt 0.659946 0.72708
vt 0.995636 0.62997502
vt 0.991548 0.17281497
vt 0.660742 0.76468402
vt 0.66662 0.68253398
vt 0.666448 0.68253398
vt 0.989671 0.60637498
vt 0.995963 0.17797697
vt 0.992111 0.65447497
vt 0.991028 0.643838
vt 0.56376 0.22599602
vt 0.563552 0.238186
vt 0.699236 0.22795403
vt 0.665805 0.699327
vt 0.660742 0.702434
vt 0.66662 0.72223502
vt 0.666133 0.717139
vt 0.998865 0.62387103
vt 0.998626 0.20148897
vt 0.640702 0.660061
vt 0.560462 0.238397
vt 0.637713 0.66081798
vt 0.640095 0.666299
vt 0.998993 0.629759
vt 0.646037 0.669501
vt 0.642851 0.66500598
vt 0.999231 0.635489
vt 0.64361 0.671259
vt 0.64812 0.67549902
vt 1 0.645581
vt 0.999572 0.640832
vt 0.650123 0.673343
vt 0.65345 0.67885602
vt 0.669778 0.683276
vt 0.654954 0.676385
vt 0.659397 0.68120003
vt 0.669266 0.69364798
vt 0.669475 0.68818998
vt 0.666083 0.679635
vt 0.660343 0.67851
vt 0.66916 0.69944
vt 0.671955 0.67971897
vt 0.665731 0.682442
vt 0.67221 0.68253398
vt 0.678584 0.68147302
vt 0.66916 0.70534497
vt 0.677731 0.678757
vt 0.684608 0.679299
vt 0.669475 0.716587
vt 0.669266 0.71113402
vt 0.688122 0.67388397
vt 0.68319 0.67678702
vt 0.692339 0.67016
vt 0.690051 0.676095
vt 0.994897 0.173504
vt 0.995264 0.16926003
vt 0.695676 0.665758
vt 0.694704 0.67198598
vt 0.994633 0.17846799
vt 0.698008 0.660847
vt 0.698387 0.66712803
vt 0.994484 0.18395102
vt 0.699236 0.65564603
vt 0.70096 0.661709
vt 0.702321 0.655945
vt 0.702321 0.22769898
vt 0.993234 0.61914402
vt 0.993037 0.60642397
vt 0.696831 0.21596098
vt 0.993684 0.63156998
vt 0.699811 0.21518302
vt 0.694674 0.20336199
vt 0.994369 0.643232
vt 0.691917 0.20465499
vt 0.687105 0.19268203
vt 0.995264 0.653682
vt 0.67539 0.18570799
vt 0.684678 0.19444
vt 0.664848 0.69242102
vt 0.665805 0.68343902
vt 0.664412 0.17879498
vt 0.677394 0.18355203
vt 0.652165 0.173967
vt 0.665916 0.17632496
vt 0.663577 0.714728
vt 0.664095 0.702986
vt 0.653111 0.17127597
vt 0.639471 0.16860199
vt 0.639119 0.17140901
vt 0.625521 0.16840303
vt 0.663313 0.73991
vt 0.663313 0.72719598
vt 0.625777 0.17121899
vt 0.611797 0.17068899
vt 0.663577 0.75238198
vt 0.600244 0.17788202
vt 0.61265 0.17340499
vt 0.664095 0.76413298
vt 0.598825 0.17536998
vt 0.587105 0.18226802
vt 0.664848 0.77471
vt 0.589034 0.18448001
vt 0.577086 0.19111699
vt 0.665805 0.78370899
vt 0.579452 0.19294298
vt 0.569155 0.20157701
vt 1 0.16922802
vt 0.566568 0.21410799
vt 0.571866 0.20294702
vt 0.998849 0.18952
vt 0.999313 0.17863
vt 0.563615 0.21324599
vt 0.56068 0.22567499
vt 0.995264 0.20124
vt 0.80274 0.183734
vt 0.802028 0.20002198
vt 0.897837 0.19875902
vt 0.375579 0.20815396
vt 0.380403 0.21243203
vt 0.381256 0.21166402
vt 0.242903 0.646429
vt 0.321166 0.22393
vt 0.320116 0.22356802
vt 0.380466 0.682976
vt 0.379454 0.682347
vt 0.371723 0.693205
vt 0.251666 0.68392098
vt 0.246054 0.67202997
vt 0.24494 0.672495
vt 0.35706 0.20142901
vt 0.363679 0.20254397
vt 0.363998 0.20143801
vt 0.386877 0.22312099
vt 0.38828 0.22912002
vt 0.389382 0.22892499
vt 0.28181 0.710657
vt 0.269895 0.70361298
vt 0.26916 0.704589
vt 0.337042 0.20420396
vt 0.337562 0.20521402
vt 0.343746 0.20279002
vt 0.323288 0.71883
vt 0.323174 0.717627
vt 0.308972 0.717802
vt 0.384218 0.21748602
vt 0.387936 0.22271901
vt 0.322689 0.217673
vt 0.323658 0.21823204
vt 0.327322 0.21308601
vt 0.362547 0.70343697
vt 0.361816 0.70248002
vt 0.369932 0.20481503
vt 0.376279 0.20723903
vt 0.243095 0.65937102
vt 0.241739 0.64647698
vt 0.385808 0.67075598
vt 0.259716 0.69458503
vt 0.250641 0.684578
vt 0.35022 0.200373
vt 0.350329 0.20151198
vt 0.295005 0.71544898
vt 0.281265 0.711748
vt 0.331318 0.207802
vt 0.332017 0.20868999
vt 0.337402 0.716089
vt 0.385192 0.21689099
vt 0.372612 0.69401002
vt 0.241934 0.65963
vt 0.370451 0.20378602
vt 0.258819 0.69541502
vt 0.343425 0.20169598
vt 0.29467 0.716617
vt 0.326471 0.21235001
vt 0.504726 0.68345797
vt 0.503843 0.693995
vt 0.50565 0.69401097
vt 0.704328 0.689645
vt 0.705665 0.70526302
vt 0.801438 0.704125
vt 0.467171 0.68345797
vt 0.454194 0.68346202
vt 0.454194 0.770827
vt 0.562757 0.81821197
vt 0.564189 0.83159697
vt 0.659946 0.83159399
vt 0.702623 0.653641
vt 0.7033 0.67221498
vt 0.799073 0.671077
vt 0.491872 0.684044
vt 0.479893 0.683654
vt 0.479893 0.77101803
vt 0.560857 0.78500801
vt 0.561632 0.802481
vt 0.657389 0.80247802
vt 0.802798 0.68772697
vt 0.803641 0.697492
vt 0.89945 0.69622898
vt 0.703713 0.200055
vt 0.702321 0.634638
vt 0.798093 0.63349998
vt 0.560462 0.74756497
vt 0.560462 0.76646501
vt 0.656219 0.76646203
vt 0.801675 0.664891
vt 0.802134 0.676719
vt 0.897943 0.67545497
vt 0.704526 0.17835999
vt 0.704005 0.188663
vt 0.799777 0.18752503
vt 0.561632 0.711582
vt 0.560857 0.729033
vt 0.656614 0.72903
vt 0.801673 0.217906
vt 0.897481 0.21664298
vt 0.429461 0.684066
vt 0.418656 0.68464202
vt 0.418656 0.77200699
vt 0.801438 0.65269798
vt 0.897246 0.651434
vt 0.564189 0.68253702
vt 0.562757 0.69588202
vt 0.658514 0.69587898
vt 0.441461 0.68366802
vt 0.441461 0.77103198
vt 0.803781 0.169667
vt 0.898549 0.18247104
vt 0.8001 0.68850702
vt 0.467171 0.77082199
vt 0.658514 0.81820899
vt 0.798395 0.652503
vt 0.502646 0.68461198
vt 0.491872 0.77140802
vt 0.656614 0.78500497
vt 0.898607 0.686463
vt 0.799485 0.19891703
vt 0.656219 0.747562
vt 0.897484 0.66362798
vt 0.705256 0.169541
vt 0.800298 0.17722201
vt 0.657389 0.71157902
vt 0.429461 0.77143002
vt 0.560462 0.62249
vt 0.4935 0.189893
vt 0.418656 0.61211997
vt 0.057645 0.78148699
vt 0.057851 0.78712398
vt 0.05966 0.78712398
vt 0.946185 0.178675
vt 0.94572 0.18984002
vt 0.947528 0.18981397
vt 0.900808 0.638862
vt 0.90167 0.64954197
vt 0.903477 0.649526
vt 0.057543 0.76937997
vt 0.057541 0.775495
vt 0.059351 0.775495
vt 0.503843 0.76571602
vt 0.504726 0.774741
vt 0.506533 0.77475703
vt 0.899747 0.61422998
vt 0.900159 0.626938
vt 0.901966 0.626922
vt 0.057859 0.75771302
vt 0.05765 0.763376
vt 0.05946 0.763376
vt 0.502783 0.743356
vt 0.503187 0.75511801
vt 0.504994 0.755135
vt 0.946426 0.64065498
vt 0.946872 0.64541
vt 0.94868 0.645384
vt 0.902249 0.17912298
vt 0.89959 0.60122502
vt 0.901397 0.60120898
vt 0.502783 0.718171
vt 0.502646 0.73088002
vt 0.504453 0.730896
vt 0.945822 0.629615
vt 0.946072 0.63532102
vt 0.94788 0.63529497
vt 0.902712 0.16878402
vt 0.902422 0.17369002
vt 0.904229 0.17367399
vt 0.503187 0.705716
vt 0.504994 0.705732
vt 0.945497 0.20208597
vt 0.945686 0.62375402
vt 0.947494 0.62372798
vt 0.058149 0.792189
vt 0.059959 0.792189
vt 0.947305 0.20205998
vt 0.902712 0.65856802
vt 0.904519 0.658552
vt 0.059455 0.78148699
vt 0.946872 0.16901898
vt 0.947993 0.17864901
vt 0.902615 0.63884598
vt 0.059352 0.76937997
vt 0.50565 0.76573199
vt 0.901555 0.614214
vt 0.05816 0.75261003
vt 0.059668 0.75771302
vt 0.50459 0.74337202
vt 0.948234 0.640629
vt 0.904056 0.17910701
vt 0.50459 0.71818697
vt 0.94763 0.629588
vt 0.05853 0.79649001
vt 0.06034 0.79649001
vt 0.898909 0.65137398
vt 0.899143 0.21713603
vt 0.899141 0.663284
vt 0.89959 0.67483997
vt 0.412387 0.20028698
vt 0.405064 0.19022703
vt 0.403922 0.19125599
vt 0.395793 0.181719
vt 0.394859 0.18294
vt 0.384928 0.175089
vt 0.384238 0.17645901
vt 0.372888 0.17059302
vt 0.372465 0.17206198
vt 0.360136 0.16840303
vt 0.359994 0.16992098
vt 0.454319 0.77234602
vt 0.467009 0.77234101
vt 0.334461 0.17118698
vt 0.334889 0.172642
vt 0.347306 0.170116
vt 0.322526 0.17605299
vt 0.323221 0.1774
vt 0.311814 0.183016
vt 0.31275 0.184205
vt 0.302736 0.19180703
vt 0.303879 0.19279599
vt 0.295641 0.20209002
vt 0.296947 0.202842
vt 0.801152 0.19938302
vt 0.801438 0.18825501
vt 0.799762 0.63341302
vt 0.800059 0.65214097
vt 0.800727 0.670447
vt 0.213892 0.685435
vt 0.222078 0.702892
vt 0.223417 0.702034
vt 0.233825 0.718547
vt 0.234995 0.71746498
vt 0.24868 0.731798
vt 0.249638 0.73052597
vt 0.266074 0.742136
vt 0.266784 0.740717
vt 0.285337 0.74916297
vt 0.285773 0.747644
vt 0.30573 0.75261003
vt 0.305876 0.75104201
vt 0.326469 0.75234401
vt 0.326321 0.75077999
vt 0.346757 0.748375
vt 0.34632 0.746867
vt 0.365813 0.740857
vt 0.365105 0.739456
vt 0.382907 0.73007601
vt 0.381954 0.72882998
vt 0.39738 0.71644902
vt 0.396219 0.715398
vt 0.408677 0.700499
vt 0.407354 0.699677
vt 0.416364 0.68283802
vt 0.41493 0.682271
vt 0.899494 0.19950998
vt 0.114452 0.21800601
vt 0.082885 0.213925
vt 0.30886 0.71900803
vt 0.2111 0.66650802
vt 0.29222 0.21395701
vt 0.411077 0.201087
vt 0.357167 0.20028603
vt 0.418656 0.22373497
vt 0.210833 0.64777702
vt 0.416052 0.212053
vt 0.215348 0.68482798
vt 0.418656 0.663849
vt 0.081491 0.21346802
vt 0.08633 0.20208901
vt 0.093424 0.19180703
vt 0.102503 0.183016
vt 0.113215 0.17605299
vt 0.12515 0.17118698
vt 0.137849 0.168603
vt 0.150825 0.16840303
vt 0.163577 0.17059302
vt 0.175617 0.175089
vt 0.186482 0.181719
vt 0.195753 0.19022703
vt 0.203076 0.20028698
vt 0.208168 0.21151197
vt 0.210833 0.22347099
vt 0.210833 0.664146
vt 0.207052 0.68283802
vt 0.199366 0.700499
vt 0.188069 0.71644902
vt 0.173595 0.73007601
vt 0.156502 0.740856
vt 0.137445 0.748375
vt 0.117158 0.75234401
vt 0.096419 0.75260901
vt 0.076026 0.74916297
vt 0.056763 0.742135
vt 0.039369 0.73179698
vt 0.024513 0.71854597
vt 0.012767 0.702892
vt 0.004581 0.685435
vt 0.00027 0.66684598
vt 0 0.64784098
vt 0.111991 0.223432
vt 0.987874 0.623147
vt 0.98801 0.62900698
vt 0.988621 0.62899798
vt 0.54535 0.706097
vt 0.544946 0.718552
vt 0.545557 0.718557
vt 0.944596 0.17331398
vt 0.944423 0.17874801
vt 0.945034 0.17874199
vt 0.988259 0.634714
vt 0.988614 0.64004803
vt 0.989226 0.64003903
vt 0.54481 0.73126101
vt 0.544946 0.74373698
vt 0.545557 0.743742
vt 0.100376 0.75260901
vt 0.100074 0.75771302
vt 0.100686 0.75771302
vt 0.941764 0.60084897
vt 0.941921 0.613854
vt 0.942533 0.61384898
vt 0.54535 0.755499
vt 0.546006 0.76609701
vt 0.546618 0.76610202
vt 0.099866 0.763376
vt 0.099759 0.76937997
vt 0.100371 0.76937997
vt 0.942333 0.626563
vt 0.942982 0.63848603
vt 0.943593 0.63848102
vt 0.98906 0.16841197
vt 0.988372 0.17806798
vt 0.988984 0.17805898
vt 0.099757 0.775495
vt 0.099861 0.78148699
vt 0.100473 0.78148699
vt 0.943844 0.649166
vt 0.944886 0.658193
vt 0.945497 0.65818697
vt 0.987908 0.189233
vt 0.987685 0.20147902
vt 0.988296 0.20147002
vt 0.100066 0.78712398
vt 0.100977 0.792189
vt 0.988485 0.623138
vt 0.546007 0.694376
vt 0.545961 0.70610303
vt 0.944886 0.16840899
vt 0.945207 0.17330897
vt 0.988871 0.634705
vt 0.545421 0.73126698
vt 0.942375 0.60084403
vt 0.98906 0.644803
vt 0.989672 0.644794
vt 0.545961 0.75550503
vt 0.100478 0.763376
vt 0.942944 0.626557
vt 0.546889 0.77512199
vt 0.5475 0.775128
vt 0.100369 0.775495
vt 0.944455 0.64916098
vt 0.988519 0.189224
vt 0.100678 0.78712398
vt 0.546889 0.68383902
vt 0.546618 0.694381
vt 0.05997 0.75261003
vt 0.94868 0.168993
vt 0.904519 0.16876799
vt 0.506533 0.683474
vt 0.662484 0.78461301
vt 0.996683 0.646411
vt 0.991939 0.654477
vt 0.666448 0.72223502
vt 0.669778 0.721492
vt 0.659946 0.68253398
vt 0.89959 0.16840303
vt 0.502646 0.771976
vt 0.801028 0.16840303
vt 0.418882 0.625125
vt 0.421824 0.63783002
vt 0.427369 0.649746
vt 0.552836 0.647411
vt 0.435304 0.660416
vt 0.524107 0.67518902
vt 0.535576 0.66774797
vt 0.457044 0.67643797
vt 0.470013 0.681175
vt 0.497678 0.68319798
vt 0.483734 0.68345797
vt 0.511311 0.68040597
vt 0.545277 0.658369
vt 0.560462 0.19478899
vt 0.559011 0.18906802
vt 0.556309 0.18369603
vt 0.552461 0.17887902
vt 0.547613 0.174802
vt 0.541954 0.17162198
vt 0.535699 0.16946197
vt 0.529089 0.16840303
vt 0.522379 0.16848803
vt 0.515826 0.169712
vt 0.509683 0.172028
vt 0.504184 0.175349
vt 0.499542 0.17954499
vt 0.495934 0.18445599
vt 0.557963 0.635296
vt 0.445324 0.669428
vt 0.34716 0.168603
vt 0.100988 0.75260901
vt 0.989672 0.16840303
vt 0.945497 0.16840303
vt 0.5475 0.68384397
vn -0.9178 0.3866 -0.0904
vn -0.9178 0.3866 -0.0904
vn -0.9178 0.3866 -0.0904
vn -0.6582 0.75 -0.0648
vn -0.6582 0.75 -0.0648
vn -0.6582 0.75 -0.0648
vn -0.359 0.9327 -0.0354
vn -0.359 0.9327 -0.0354
vn -0.359 0.9327 -0.0354
vn -0.9861 0.1349 -0.0971
vn -0.9861 0.1349 -0.0971
vn -0.9861 0.1349 -0.0971
vn -0.8005 0.5941 -0.0788
vn -0.8005 0.5941 -0.0788
vn -0.8005 0.5941 -0.0788
vn -0.5082 0.8598 -0.0501
vn -0.5082 0.8598 -0.0501
vn -0.5082 0.8598 -0.0501
vn -0.2134 0.9767 -0.021
vn -0.2134 0.9767 -0.021
vn -0.2134 0.9767 -0.021
vn -0.7697 0.5941 -0.2335
vn -0.7697 0.5941 -0.2335
vn -0.7697 0.5941 -0.2335
vn -0.4887 0.8598 -0.1482
vn -0.4887 0.8598 -0.1482
vn -0.4887 0.8598 -0.1482
vn -0.2052 0.9767 -0.0622
vn -0.2052 0.9767 -0.0622
vn -0.2052 0.9767 -0.0622
vn -0.8825 0.3866 -0.2677
vn -0.8825 0.3866 -0.2677
vn -0.8825 0.3866 -0.2677
vn -0.6329 0.75 -0.192
vn -0.6329 0.75 -0.192
vn -0.6329 0.75 -0.192
vn -0.3452 0.9327 -0.1047
vn -0.3452 0.9327 -0.1047
vn -0.3452 0.9327 -0.1047
vn -0.9482 0.1349 -0.2876
vn -0.9482 0.1349 -0.2876
vn -0.9482 0.1349 -0.2876
vn -0.7094 0.5941 -0.3792
vn -0.7094 0.5941 -0.3792
vn -0.7094 0.5941 -0.3792
vn -0.4503 0.8598 -0.2407
vn -0.4503 0.8598 -0.2407
vn -0.4503 0.8598 -0.2407
vn -0.1891 0.9767 -0.1011
vn -0.1891 0.9767 -0.1011
vn -0.1891 0.9767 -0.1011
vn -0.8134 0.3866 -0.4347
vn -0.8134 0.3866 -0.4347
vn -0.8134 0.3866 -0.4347
vn -0.5833 0.75 -0.3118
vn -0.5833 0.75 -0.3118
vn -0.5833 0.75 -0.3118
vn -0.3182 0.9327 -0.1701
vn -0.3182 0.9327 -0.1701
vn -0.3182 0.9327 -0.1701
vn -0.8739 0.1349 -0.4671
vn -0.8739 0.1349 -0.4671
vn -0.8739 0.1349 -0.4671
vn -0.6218 0.5941 -0.5103
vn -0.6218 0.5941 -0.5103
vn -0.6218 0.5941 -0.5103
vn -0.3947 0.8598 -0.3239
vn -0.3947 0.8598 -0.3239
vn -0.3947 0.8598 -0.3239
vn -0.1657 0.9767 -0.136
vn -0.1657 0.9767 -0.136
vn -0.1657 0.9767 -0.136
vn -0.7129 0.3866 -0.5851
vn -0.7129 0.3866 -0.5851
vn -0.7129 0.3866 -0.5851
vn -0.5113 0.75 -0.4196
vn -0.5113 0.75 -0.4196
vn -0.5113 0.75 -0.4196
vn -0.2789 0.9327 -0.2289
vn -0.2789 0.9327 -0.2289
vn -0.2789 0.9327 -0.2289
vn -0.7659 0.1349 -0.6286
vn -0.7659 0.1349 -0.6286
vn -0.7659 0.1349 -0.6286
vn -0.5103 0.5941 -0.6218
vn -0.5103 0.5941 -0.6218
vn -0.5103 0.5941 -0.6218
vn -0.3239 0.8598 -0.3947
vn -0.3239 0.8598 -0.3947
vn -0.3239 0.8598 -0.3947
vn -0.136 0.9767 -0.1657
vn -0.136 0.9767 -0.1657
vn -0.136 0.9767 -0.1657
vn -0.5851 0.3866 -0.7129
vn -0.5851 0.3866 -0.7129
vn -0.5851 0.3866 -0.7129
vn -0.4196 0.75 -0.5113
vn -0.4196 0.75 -0.5113
vn -0.4196 0.75 -0.5113
vn -0.2289 0.9327 -0.2789
vn -0.2289 0.9327 -0.2789
vn -0.2289 0.9327 -0.2789
vn -0.6286 0.1349 -0.7659
vn -0.6286 0.1349 -0.7659
vn -0.6286 0.1349 -0.7659
vn -0.3792 0.5941 -0.7094
vn -0.3792 0.5941 -0.7094
vn -0.3792 0.5941 -0.7094
vn -0.2407 0.8598 -0.4503
vn -0.2407 0.8598 -0.4503
vn -0.2407 0.8598 -0.4503
vn -0.1011 0.9767 -0.1891
vn -0.1011 0.9767 -0.1891
vn -0.1011 0.9767 -0.1891
vn -0.4347 0.3866 -0.8134
vn -0.4347 0.3866 -0.8134
vn -0.4347 0.3866 -0.8134
vn -0.3118 0.75 -0.5833
vn -0.3118 0.75 -0.5833
vn -0.3118 0.75 -0.5833
vn -0.1701 0.9327 -0.3182
vn -0.1701 0.9327 -0.3182
vn -0.1701 0.9327 -0.3182
vn -0.4671 0.1349 -0.8739
vn -0.4671 0.1349 -0.8739
vn -0.4671 0.1349 -0.8739
vn -0.2335 0.5941 -0.7697
vn -0.2335 0.5941 -0.7697
vn -0.2335 0.5941 -0.7697
vn -0.1482 0.8598 -0.4887
vn -0.1482 0.8598 -0.4887
vn -0.1482 0.8598 -0.4887
vn -0.0622 0.9767 -0.2052
vn -0.0622 0.9767 -0.2052
vn -0.0622 0.9767 -0.2052
vn -0.2677 0.3866 -0.8825
vn -0.2677 0.3866 -0.8825
vn -0.2677 0.3866 -0.8825
vn -0.192 0.75 -0.6329
vn -0.192 0.75 -0.6329
vn -0.192 0.75 -0.6329
vn -0.1047 0.9327 -0.3452
vn -0.1047 0.9327 -0.3452
vn -0.1047 0.9327 -0.3452
vn -0.2876 0.1349 -0.9482
vn -0.2876 0.1349 -0.9482
vn -0.2876 0.1349 -0.9482
vn -0.0788 0.5941 -0.8005
vn -0.0788 0.5941 -0.8005
vn -0.0788 0.5941 -0.8005
vn -0.0501 0.8598 -0.5082
vn -0.0501 0.8598 -0.5082
vn -0.0501 0.8598 -0.5082
vn -0.021 0.9767 -0.2134
vn -0.021 0.9767 -0.2134
vn -0.021 0.9767 -0.2134
vn -0.0904 0.3866 -0.9178
vn -0.0904 0.3866 -0.9178
vn -0.0904 0.3866 -0.9178
vn -0.0648 0.75 -0.6582
vn -0.0648 0.75 -0.6582
vn -0.0648 0.75 -0.6582
vn -0.0354 0.9327 -0.359
vn -0.0354 0.9327 -0.359
vn -0.0354 0.9327 -0.359
vn -0.0971 0.1349 -0.9861
vn -0.0971 0.1349 -0.9861
vn -0.0971 0.1349 -0.9861
vn 0.0788 0.5941 -0.8005
vn 0.0788 0.5941 -0.8005
vn 0.0788 0.5941 -0.8005
vn 0.0501 0.8598 -0.5082
vn 0.0501 0.8598 -0.5082
vn 0.0501 0.8598 -0.5082
vn 0.021 0.9767 -0.2134
vn 0.021 0.9767 -0.2134
vn 0.021 0.9767 -0.2134
vn 0.0904 0.3866 -0.9178
vn 0.0904 0.3866 -0.9178
vn 0.0904 0.3866 -0.9178
vn 0.0648 0.75 -0.6582
vn 0.0648 0.75 -0.6582
vn 0.0648 0.75 -0.6582
vn 0.0354 0.9327 -0.359
vn 0.0354 0.9327 -0.359
vn 0.0354 0.9327 -0.359
vn 0.0971 0.1349 -0.9861
vn 0.0971 0.1349 -0.9861
vn 0.0971 0.1349 -0.9861
vn 0.2335 0.5941 -0.7697
vn 0.2335 0.5941 -0.7697
vn 0.2335 0.5941 -0.7697
vn 0.1482 0.8598 -0.4887
vn 0.1482 0.8598 -0.4887
vn 0.1482 0.8598 -0.4887
vn 0.0622 0.9767 -0.2052
vn 0.0622 0.9767 -0.2052
vn 0.0622 0.9767 -0.2052
vn 0.2677 0.3866 -0.8825
vn 0.2677 0.3866 -0.8825
vn 0.2677 0.3866 -0.8825
vn 0.192 0.75 -0.6329
vn 0.192 0.75 -0.6329
vn 0.192 0.75 -0.6329
vn 0.1047 0.9327 -0.3452
vn 0.1047 0.9327 -0.3452
vn 0.1047 0.9327 -0.3452
vn 0.2876 0.1349 -0.9482
vn 0.2876 0.1349 -0.9482
vn 0.2876 0.1349 -0.9482
vn 0.3792 0.5941 -0.7094
vn 0.3792 0.5941 -0.7094
vn 0.3792 0.5941 -0.7094
vn 0.2407 0.8598 -0.4503
vn 0.2407 0.8598 -0.4503
vn 0.2407 0.8598 -0.4503
vn 0.1011 0.9767 -0.1891
vn 0.1011 0.9767 -0.1891
vn 0.1011 0.9767 -0.1891
vn 0.4347 0.3866 -0.8134
vn 0.4347 0.3866 -0.8134
vn 0.4347 0.3866 -0.8134
vn 0.3118 0.75 -0.5833
vn 0.3118 0.75 -0.5833
vn 0.3118 0.75 -0.5833
vn 0.1701 0.9327 -0.3182
vn 0.1701 0.9327 -0.3182
vn 0.1701 0.9327 -0.3182
vn 0.4671 0.1349 -0.8739
vn 0.4671 0.1349 -0.8739
vn 0.4671 0.1349 -0.8739
vn 0.5103 0.5941 -0.6218
vn 0.5103 0.5941 -0.6218
vn 0.5103 0.5941 -0.6218
vn 0.3239 0.8598 -0.3947
vn 0.3239 0.8598 -0.3947
vn 0.3239 0.8598 -0.3947
vn 0.136 0.9767 -0.1658
vn 0.136 0.9767 -0.1658
vn 0.136 0.9767 -0.1658
vn 0.5851 0.3866 -0.7129
vn 0.5851 0.3866 -0.7129
vn 0.5851 0.3866 -0.7129
vn 0.4196 0.75 -0.5113
vn 0.4196 0.75 -0.5113
vn 0.4196 0.75 -0.5113
vn 0.2289 0.9327 -0.2789
vn 0.2289 0.9327 -0.2789
vn 0.2289 0.9327 -0.2789
vn 0.6286 0.1349 -0.7659
vn 0.6286 0.1349 -0.7659
vn 0.6286 0.1349 -0.7659
vn 0.6218 0.5941 -0.5103
vn 0.6218 0.5941 -0.5103
vn 0.6218 0.5941 -0.5103
vn 0.3947 0.8598 -0.324
vn 0.3947 0.8598 -0.324
vn 0.3947 0.8598 -0.324
vn 0.1657 0.9767 -0.136
vn 0.1657 0.9767 -0.136
vn 0.1657 0.9767 -0.136
vn 0.7129 0.3866 -0.5851
vn 0.7129 0.3866 -0.5851
vn 0.7129 0.3866 -0.5851
vn 0.5113 0.75 -0.4196
vn 0.5113 0.75 -0.4196
vn 0.5113 0.75 -0.4196
vn 0.2789 0.9327 -0.2289
vn 0.2789 0.9327 -0.2289
vn 0.2789 0.9327 -0.2289
vn 0.7659 0.1349 -0.6286
vn 0.7659 0.1349 -0.6286
vn 0.7659 0.1349 -0.6286
vn 0.7094 0.5941 -0.3792
vn 0.7094 0.5941 -0.3792
vn 0.7094 0.5941 -0.3792
vn 0.4503 0.8598 -0.2407
vn 0.4503 0.8598 -0.2407
vn 0.4503 0.8598 -0.2407
vn 0.1891 0.9767 -0.1011
vn 0.1891 0.9767 -0.1011
vn 0.1891 0.9767 -0.1011
vn 0.8134 0.3866 -0.4347
vn 0.8134 0.3866 -0.4347
vn 0.8134 0.3866 -0.4347
vn 0.5833 0.75 -0.3118
vn 0.5833 0.75 -0.3118
vn 0.5833 0.75 -0.3118
vn 0.3182 0.9327 -0.1701
vn 0.3182 0.9327 -0.1701
vn 0.3182 0.9327 -0.1701
vn 0.8739 0.1349 -0.4671
vn 0.8739 0.1349 -0.4671
vn 0.8739 0.1349 -0.4671
vn 0.7697 0.5941 -0.2335
vn 0.7697 0.5941 -0.2335
vn 0.7697 0.5941 -0.2335
vn 0.4887 0.8598 -0.1482
vn 0.4887 0.8598 -0.1482
vn 0.4887 0.8598 -0.1482
vn 0.2052 0.9767 -0.0623
vn 0.2052 0.9767 -0.0623
vn 0.2052 0.9767 -0.0623
vn 0.8825 0.3866 -0.2677
vn 0.8825 0.3866 -0.2677
vn 0.8825 0.3866 -0.2677
vn 0.6329 0.75 -0.192
vn 0.6329 0.75 -0.192
vn 0.6329 0.75 -0.192
vn 0.3452 0.9327 -0.1047
vn 0.3452 0.9327 -0.1047
vn 0.3452 0.9327 -0.1047
vn 0.9482 0.1349 -0.2876
vn 0.9482 0.1349 -0.2876
vn 0.9482 0.1349 -0.2876
vn 0.8005 0.5941 -0.0788
vn 0.8005 0.5941 -0.0788
vn 0.8005 0.5941 -0.0788
vn 0.5082 0.8598 -0.05
vn 0.5082 0.8598 -0.05
vn 0.5082 0.8598 -0.05
vn 0.2134 0.9767 -0.021
vn 0.2134 0.9767 -0.021
vn 0.2134 0.9767 -0.021
vn 0.9178 0.3866 -0.0904
vn 0.9178 0.3866 -0.0904
vn 0.9178 0.3866 -0.0904
vn 0.6582 0.75 -0.0648
vn 0.6582 0.75 -0.0648
vn 0.6582 0.75 -0.0648
vn 0.359 0.9327 -0.0354
vn 0.359 0.9327 -0.0354
vn 0.359 0.9327 -0.0354
vn 0.9861 0.1349 -0.0971
vn 0.9861 0.1349 -0.0971
vn 0.9861 0.1349 -0.0971
vn 0.8005 0.5941 0.0788
vn 0.8005 0.5941 0.0788
vn 0.8005 0.5941 0.0788
vn 0.5082 0.8598 0.05
vn 0.5082 0.8598 0.05
vn 0.5082 0.8598 0.05
vn 0.2134 0.9767 0.021
vn 0.2134 0.9767 0.021
vn 0.2134 0.9767 0.021
vn 0.9178 0.3866 0.0904
vn 0.9178 0.3866 0.0904
vn 0.9178 0.3866 0.0904
vn 0.6582 0.75 0.0648
vn 0.6582 0.75 0.0648
vn 0.6582 0.75 0.0648
vn 0.359 0.9327 0.0354
vn 0.359 0.9327 0.0354
vn 0.359 0.9327 0.0354
vn 0.9861 0.1349 0.0971
vn 0.9861 0.1349 0.0971
vn 0.9861 0.1349 0.0971
vn 0.7697 0.5941 0.2335
vn 0.7697 0.5941 0.2335
vn 0.7697 0.5941 0.2335
vn 0.4887 0.8598 0.1482
vn 0.4887 0.8598 0.1482
vn 0.4887 0.8598 0.1482
vn 0.2052 0.9767 0.0622
vn 0.2052 0.9767 0.0622
vn 0.2052 0.9767 0.0622
vn 0.8825 0.3866 0.2677
vn 0.8825 0.3866 0.2677
vn 0.8825 0.3866 0.2677
vn 0.6329 0.75 0.192
vn 0.6329 0.75 0.192
vn 0.6329 0.75 0.192
vn 0.3452 0.9327 0.1047
vn 0.3452 0.9327 0.1047
vn 0.3452 0.9327 0.1047
vn 0.9482 0.1349 0.2876
vn 0.9482 0.1349 0.2876
vn 0.9482 0.1349 0.2876
vn 0.7094 0.5941 0.3792
vn 0.7094 0.5941 0.3792
vn 0.7094 0.5941 0.3792
vn 0.4503 0.8598 0.2407
vn 0.4503 0.8598 0.2407
vn 0.4503 0.8598 0.2407
vn 0.1891 0.9767 0.1011
vn 0.1891 0.9767 0.1011
vn 0.1891 0.9767 0.1011
vn 0.8134 0.3866 0.4347
vn 0.8134 0.3866 0.4347
vn 0.8134 0.3866 0.4347
vn 0.5833 0.75 0.3118
vn 0.5833 0.75 0.3118
vn 0.5833 0.75 0.3118
vn 0.3182 0.9327 0.1701
vn 0.3182 0.9327 0.1701
vn 0.3182 0.9327 0.1701
vn 0.8739 0.1349 0.4671
vn 0.8739 0.1349 0.4671
vn 0.8739 0.1349 0.4671
vn 0.6218 0.5941 0.5103
vn 0.6218 0.5941 0.5103
vn 0.6218 0.5941 0.5103
vn 0.3947 0.8598 0.3239
vn 0.3947 0.8598 0.3239
vn 0.3947 0.8598 0.3239
vn 0.1657 0.9767 0.136
vn 0.1657 0.9767 0.136
vn 0.1657 0.9767 0.136
vn 0.7129 0.3866 0.5851
vn 0.7129 0.3866 0.5851
vn 0.7129 0.3866 0.5851
vn 0.5113 0.75 0.4196
vn 0.5113 0.75 0.4196
vn 0.5113 0.75 0.4196
vn 0.2789 0.9327 0.2289
vn 0.2789 0.9327 0.2289
vn 0.2789 0.9327 0.2289
vn 0.7659 0.1349 0.6286
vn 0.7659 0.1349 0.6286
vn 0.7659 0.1349 0.6286
vn 0.5103 0.5941 0.6218
vn 0.5103 0.5941 0.6218
vn 0.5103 0.5941 0.6218
vn 0.3239 0.8598 0.3947
vn 0.3239 0.8598 0.3947
vn 0.3239 0.8598 0.3947
vn 0.136 0.9767 0.1658
vn 0.136 0.9767 0.1658
vn 0.136 0.9767 0.1658
vn 0.5851 0.3866 0.7129
vn 0.5851 0.3866 0.7129
vn 0.5851 0.3866 0.7129
vn 0.4196 0.75 0.5113
vn 0.4196 0.75 0.5113
vn 0.4196 0.75 0.5113
vn 0.2289 0.9327 0.2789
vn 0.2289 0.9327 0.2789
vn 0.2289 0.9327 0.2789
vn 0.6286 0.1349 0.7659
vn 0.6286 0.1349 0.7659
vn 0.6286 0.1349 0.7659
vn 0.3792 0.5941 0.7094
vn 0.3792 0.5941 0.7094
vn 0.3792 0.5941 0.7094
vn 0.2407 0.8598 0.4503
vn 0.2407 0.8598 0.4503
vn 0.2407 0.8598 0.4503
vn 0.1011 0.9767 0.1891
vn 0.1011 0.9767 0.1891
vn 0.1011 0.9767 0.1891
vn 0.4347 0.3866 0.8134
vn 0.4347 0.3866 0.8134
vn 0.4347 0.3866 0.8134
vn 0.3118 0.75 0.5833
vn 0.3118 0.75 0.5833
vn 0.3118 0.75 0.5833
vn 0.1701 0.9327 0.3182
vn 0.1701 0.9327 0.3182
vn 0.1701 0.9327 0.3182
vn 0.4671 0.1349 0.8739
vn 0.4671 0.1349 0.8739
vn 0.4671 0.1349 0.8739
vn 0.2335 0.5941 0.7697
vn 0.2335 0.5941 0.7697
vn 0.2335 0.5941 0.7697
vn 0.1482 0.8598 0.4887
vn 0.1482 0.8598 0.4887
vn 0.1482 0.8598 0.4887
vn 0.0622 0.9767 0.2052
vn 0.0622 0.9767 0.2052
vn 0.0622 0.9767 0.2052
vn 0.2677 0.3866 0.8825
vn 0.2677 0.3866 0.8825
vn 0.2677 0.3866 0.8825
vn 0.192 0.75 0.6329
vn 0.192 0.75 0.6329
vn 0.192 0.75 0.6329
vn 0.1047 0.9327 0.3452
vn 0.1047 0.9327 0.3452
vn 0.1047 0.9327 0.3452
vn 0.2876 0.1349 0.9482
vn 0.2876 0.1349 0.9482
vn 0.2876 0.1349 0.9482
vn 0.0788 0.5941 0.8005
vn 0.0788 0.5941 0.8005
vn 0.0788 0.5941 0.8005
vn 0.0501 0.8598 0.5082
vn 0.0501 0.8598 0.5082
vn 0.0501 0.8598 0.5082
vn 0.021 0.9767 0.2134
vn 0.021 0.9767 0.2134
vn 0.021 0.9767 0.2134
vn 0.0904 0.3866 0.9178
vn 0.0904 0.3866 0.9178
vn 0.0904 0.3866 0.9178
vn 0.0648 0.75 0.6582
vn 0.0648 0.75 0.6582
vn 0.0648 0.75 0.6582
vn 0.0354 0.9327 0.359
vn 0.0354 0.9327 0.359
vn 0.0354 0.9327 0.359
vn 0.0971 0.1349 0.9861
vn 0.0971 0.1349 0.9861
vn 0.0971 0.1349 0.9861
vn -0.0788 0.5941 0.8005
vn -0.0788 0.5941 0.8005
vn -0.0788 0.5941 0.8005
vn -0.0501 0.8598 0.5082
vn -0.0501 0.8598 0.5082
vn -0.0501 0.8598 0.5082
vn -0.021 0.9767 0.2134
vn -0.021 0.9767 0.2134
vn -0.021 0.9767 0.2134
vn -0.0904 0.3866 0.9178
vn -0.0904 0.3866 0.9178
vn -0.0904 0.3866 0.9178
vn -0.0648 0.75 0.6582
vn -0.0648 0.75 0.6582
vn -0.0648 0.75 0.6582
vn -0.0354 0.9327 0.359
vn -0.0354 0.9327 0.359
vn -0.0354 0.9327 0.359
vn -0.0971 0.1349 0.9861
vn -0.0971 0.1349 0.9861
vn -0.0971 0.1349 0.9861
vn -0.2335 0.5941 0.7697
vn -0.2335 0.5941 0.7697
vn -0.2335 0.5941 0.7697
vn -0.1482 0.8598 0.4887
vn -0.1482 0.8598 0.4887
vn -0.1482 0.8598 0.4887
vn -0.0622 0.9767 0.2052
vn -0.0622 0.9767 0.2052
vn -0.0622 0.9767 0.2052
vn -0.2677 0.3866 0.8825
vn -0.2677 0.3866 0.8825
vn -0.2677 0.3866 0.8825
vn -0.192 0.75 0.6329
vn -0.192 0.75 0.6329
vn -0.192 0.75 0.6329
vn -0.1047 0.9327 0.3452
vn -0.1047 0.9327 0.3452
vn -0.1047 0.9327 0.3452
vn -0.2876 0.1349 0.9482
vn -0.2876 0.1349 0.9482
vn -0.2876 0.1349 0.9482
vn -0.3792 0.5941 0.7094
vn -0.3792 0.5941 0.7094
vn -0.3792 0.5941 0.7094
vn -0.2407 0.8598 0.4503
vn -0.2407 0.8598 0.4503
vn -0.2407 0.8598 0.4503
vn -0.1011 0.9767 0.1891
vn -0.1011 0.9767 0.1891
vn -0.1011 0.9767 0.1891
vn -0.4348 0.3866 0.8134
vn -0.4348 0.3866 0.8134
vn -0.4348 0.3866 0.8134
vn -0.3118 0.75 0.5833
vn -0.3118 0.75 0.5833
vn -0.3118 0.75 0.5833
vn -0.1701 0.9327 0.3182
vn -0.1701 0.9327 0.3182
vn -0.1701 0.9327 0.3182
vn -0.4671 0.1349 0.8739
vn -0.4671 0.1349 0.8739
vn -0.4671 0.1349 0.8739
vn -0.5103 0.5941 0.6218
vn -0.5103 0.5941 0.6218
vn -0.5103 0.5941 0.6218
vn -0.3239 0.8598 0.3947
vn -0.3239 0.8598 0.3947
vn -0.3239 0.8598 0.3947
vn -0.136 0.9767 0.1658
vn -0.136 0.9767 0.1658
vn -0.136 0.9767 0.1658
vn -0.5851 0.3866 0.7129
vn -0.5851 0.3866 0.7129
vn -0.5851 0.3866 0.7129
vn -0.4196 0.75 0.5113
vn -0.4196 0.75 0.5113
vn -0.4196 0.75 0.5113
vn -0.2289 0.9327 0.2789
vn -0.2289 0.9327 0.2789
vn -0.2289 0.9327 0.2789
vn -0.6286 0.1349 0.7659
vn -0.6286 0.1349 0.7659
vn -0.6286 0.1349 0.7659
vn -0.6218 0.5941 0.5103
vn -0.6218 0.5941 0.5103
vn -0.6218 0.5941 0.5103
vn -0.3947 0.8598 0.3239
vn -0.3947 0.8598 0.3239
vn -0.3947 0.8598 0.3239
vn -0.1657 0.9767 0.136
vn -0.1657 0.9767 0.136
vn -0.1657 0.9767 0.136
vn -0.7129 0.3866 0.5851
vn -0.7129 0.3866 0.5851
vn -0.7129 0.3866 0.5851
vn -0.5113 0.75 0.4196
vn -0.5113 0.75 0.4196
vn -0.5113 0.75 0.4196
vn -0.2789 0.9327 0.2289
vn -0.2789 0.9327 0.2289
vn -0.2789 0.9327 0.2289
vn -0.7659 0.1349 0.6286
vn -0.7659 0.1349 0.6286
vn -0.7659 0.1349 0.6286
vn -0.7094 0.5941 0.3792
vn -0.7094 0.5941 0.3792
vn -0.7094 0.5941 0.3792
vn -0.4503 0.8598 0.2407
vn -0.4503 0.8598 0.2407
vn -0.4503 0.8598 0.2407
vn -0.1891 0.9767 0.1011
vn -0.1891 0.9767 0.1011
vn -0.1891 0.9767 0.1011
vn -0.8134 0.3866 0.4347
vn -0.8134 0.3866 0.4347
vn -0.8134 0.3866 0.4347
vn -0.5833 0.75 0.3118
vn -0.5833 0.75 0.3118
vn -0.5833 0.75 0.3118
vn -0.3182 0.9327 0.1701
vn -0.3182 0.9327 0.1701
vn -0.3182 0.9327 0.1701
vn -0.8739 0.1349 0.4671
vn -0.8739 0.1349 0.4671
vn -0.8739 0.1349 0.4671
vn -0.7697 0.5941 0.2335
vn -0.7697 0.5941 0.2335
vn -0.7697 0.5941 0.2335
vn -0.4887 0.8598 0.1482
vn -0.4887 0.8598 0.1482
vn -0.4887 0.8598 0.1482
vn -0.2052 0.9767 0.0622
vn -0.2052 0.9767 0.0622
vn -0.2052 0.9767 0.0622
vn -0.8825 0.3866 0.2677
vn -0.8825 0.3866 0.2677
vn -0.8825 0.3866 0.2677
vn -0.6329 0.75 0.192
vn -0.6329 0.75 0.192
vn -0.6329 0.75 0.192
vn -0.3452 0.9327 0.1047
vn -0.3452 0.9327 0.1047
vn -0.3452 0.9327 0.1047
vn -0.9482 0.1349 0.2876
vn -0.9482 0.1349 0.2876
vn -0.9482 0.1349 0.2876
vn -0.0708 0.9975 -0.007
vn -0.0708 0.9975 -0.007
vn -0.0708 0.9975 -0.007
vn -0.068 0.9975 -0.0206
vn -0.068 0.9975 -0.0206
vn -0.068 0.9975 -0.0206
vn -0.0627 0.9975 -0.0335
vn -0.0627 0.9975 -0.0335
vn -0.0627 0.9975 -0.0335
vn -0.055 0.9975 -0.0451
vn -0.055 0.9975 -0.0451
vn -0.055 0.9975 -0.0451
vn -0.0451 0.9975 -0.055
vn -0.0451 0.9975 -0.055
vn -0.0451 0.9975 -0.055
vn -0.0335 0.9975 -0.0627
vn -0.0335 0.9975 -0.0627
vn -0.0335 0.9975 -0.0627
vn -0.0206 0.9975 -0.068
vn -0.0206 0.9975 -0.068
vn -0.0206 0.9975 -0.068
vn -0.007 0.9975 -0.0708
vn -0.007 0.9975 -0.0708
vn -0.007 0.9975 -0.0708
vn 0.007 0.9975 -0.0708
vn 0.007 0.9975 -0.0708
vn 0.007 0.9975 -0.0708
vn 0.0206 0.9975 -0.068
vn 0.0206 0.9975 -0.068
vn 0.0206 0.9975 -0.068
vn 0.0335 0.9975 -0.0627
vn 0.0335 0.9975 -0.0627
vn 0.0335 0.9975 -0.0627
vn 0.0451 0.9975 -0.055
vn 0.0451 0.9975 -0.055
vn 0.0451 0.9975 -0.055
vn 0.055 0.9975 -0.0451
vn 0.055 0.9975 -0.0451
vn 0.055 0.9975 -0.0451
vn 0.0627 0.9975 -0.0335
vn 0.0627 0.9975 -0.0335
vn 0.0627 0.9975 -0.0335
vn 0.068 0.9975 -0.0206
vn 0.068 0.9975 -0.0206
vn 0.068 0.9975 -0.0206
vn 0.0708 0.9975 -0.007
vn 0.0708 0.9975 -0.007
vn 0.0708 0.9975 -0.007
vn 0.0708 0.9975 0.007
vn 0.0708 0.9975 0.007
vn 0.0708 0.9975 0.007
vn 0.068 0.9975 0.0206
vn 0.068 0.9975 0.0206
vn 0.068 0.9975 0.0206
vn 0.0627 0.9975 0.0335
vn 0.0627 0.9975 0.0335
vn 0.0627 0.9975 0.0335
vn 0.055 0.9975 0.0451
vn 0.055 0.9975 0.0451
vn 0.055 0.9975 0.0451
vn 0.0451 0.9975 0.055
vn 0.0451 0.9975 0.055
vn 0.0451 0.9975 0.055
vn 0.0335 0.9975 0.0627
vn 0.0335 0.9975 0.0627
vn 0.0335 0.9975 0.0627
vn 0.0206 0.9975 0.068
vn 0.0206 0.9975 0.068
vn 0.0206 0.9975 0.068
vn 0.007 0.9975 0.0708
vn 0.007 0.9975 0.0708
vn 0.007 0.9975 0.0708
vn -0.007 0.9975 0.0708
vn -0.007 0.9975 0.0708
vn -0.007 0.9975 0.0708
vn -0.0206 0.9975 0.068
vn -0.0206 0.9975 0.068
vn -0.0206 0.9975 0.068
vn -0.0335 0.9975 0.0627
vn -0.0335 0.9975 0.0627
vn -0.0335 0.9975 0.0627
vn -0.0451 0.9975 0.055
vn -0.0451 0.9975 0.055
vn -0.0451 0.9975 0.055
vn -0.055 0.9975 0.0451
vn -0.055 0.9975 0.0451
vn -0.055 0.9975 0.0451
vn -0.0627 0.9975 0.0335
vn -0.0627 0.9975 0.0335
vn -0.0627 0.9975 0.0335
vn -0.068 0.9975 0.0207
vn -0.068 0.9975 0.0207
vn -0.068 0.9975 0.0207
vn -0.8005 0.5941 0.0788
vn -0.8005 0.5941 0.0788
vn -0.8005 0.5941 0.0788
vn -0.5082 0.8598 0.0501
vn -0.5082 0.8598 0.0501
vn -0.5082 0.8598 0.0501
vn -0.2134 0.9767 0.021
vn -0.2134 0.9767 0.021
vn -0.2134 0.9767 0.021
vn -0.9178 0.3866 0.0904
vn -0.9178 0.3866 0.0904
vn -0.9178 0.3866 0.0904
vn -0.6582 0.75 0.0648
vn -0.6582 0.75 0.0648
vn -0.6582 0.75 0.0648
vn -0.359 0.9327 0.0354
vn -0.359 0.9327 0.0354
vn -0.359 0.9327 0.0354
vn -0.0708 0.9975 0.0069
vn -0.0708 0.9975 0.0069
vn -0.0708 0.9975 0.0069
vn -0.9861 0.1349 0.0971
vn -0.9861 0.1349 0.0971
vn -0.9861 0.1349 0.0971
vn -0.9178 0.3866 -0.0904
vn -0.6582 0.75 -0.0648
vn -0.359 0.9327 -0.0354
vn -0.9861 0.1349 -0.0971
vn -0.8005 0.5941 -0.0788
vn -0.5082 0.8598 -0.0501
vn -0.2134 0.9767 -0.021
vn -0.7697 0.5941 -0.2335
vn -0.4887 0.8598 -0.1482
vn -0.2052 0.9767 -0.0622
vn -0.8825 0.3866 -0.2677
vn -0.6329 0.75 -0.192
vn -0.3452 0.9327 -0.1047
vn -0.9482 0.1349 -0.2876
vn -0.7094 0.5941 -0.3792
vn -0.4503 0.8598 -0.2407
vn -0.1891 0.9767 -0.1011
vn -0.8134 0.3866 -0.4347
vn -0.5833 0.75 -0.3118
vn -0.3182 0.9327 -0.1701
vn -0.8739 0.1349 -0.4671
vn -0.6218 0.5941 -0.5103
vn -0.3947 0.8598 -0.3239
vn -0.1657 0.9767 -0.136
vn -0.7129 0.3866 -0.5851
vn -0.5113 0.75 -0.4196
vn -0.2789 0.9327 -0.2289
vn -0.7659 0.1349 -0.6286
vn -0.5103 0.5941 -0.6218
vn -0.3239 0.8598 -0.3947
vn -0.136 0.9767 -0.1658
vn -0.136 0.9767 -0.1658
vn -0.136 0.9767 -0.1658
vn -0.5851 0.3866 -0.7129
vn -0.4196 0.75 -0.5113
vn -0.2289 0.9327 -0.2789
vn -0.6286 0.1349 -0.7659
vn -0.3792 0.5941 -0.7094
vn -0.2407 0.8598 -0.4503
vn -0.1011 0.9767 -0.1891
vn -0.4347 0.3866 -0.8134
vn -0.3118 0.75 -0.5833
vn -0.1701 0.9327 -0.3182
vn -0.4671 0.1349 -0.8739
vn -0.2335 0.5941 -0.7697
vn -0.1482 0.8598 -0.4887
vn -0.0622 0.9767 -0.2052
vn -0.2677 0.3866 -0.8825
vn -0.192 0.75 -0.6329
vn -0.1047 0.9327 -0.3452
vn -0.2876 0.1349 -0.9482
vn -0.0788 0.5941 -0.8005
vn -0.0501 0.8598 -0.5082
vn -0.021 0.9767 -0.2134
vn -0.0904 0.3866 -0.9178
vn -0.0648 0.75 -0.6582
vn -0.0354 0.9327 -0.359
vn -0.0971 0.1349 -0.9861
vn 0.0788 0.5941 -0.8005
vn 0.0501 0.8598 -0.5082
vn 0.021 0.9767 -0.2134
vn 0.0904 0.3866 -0.9178
vn 0.0648 0.75 -0.6582
vn 0.0354 0.9327 -0.359
vn 0.0971 0.1349 -0.9861
vn 0.2335 0.5941 -0.7697
vn 0.1482 0.8598 -0.4887
vn 0.0622 0.9767 -0.2052
vn 0.2677 0.3866 -0.8825
vn 0.192 0.75 -0.6329
vn 0.1047 0.9327 -0.3452
vn 0.2876 0.1349 -0.9482
vn 0.3792 0.5941 -0.7094
vn 0.2407 0.8598 -0.4503
vn 0.1011 0.9767 -0.1891
vn 0.4347 0.3866 -0.8134
vn 0.3118 0.75 -0.5833
vn 0.1701 0.9327 -0.3182
vn 0.4671 0.1349 -0.8739
vn 0.5103 0.5941 -0.6218
vn 0.3239 0.8598 -0.3947
vn 0.136 0.9767 -0.1657
vn 0.136 0.9767 -0.1657
vn 0.136 0.9767 -0.1657
vn 0.5851 0.3866 -0.7129
vn 0.4196 0.75 -0.5113
vn 0.2289 0.9327 -0.2789
vn 0.6286 0.1349 -0.7659
vn 0.6218 0.5941 -0.5103
vn 0.3947 0.8598 -0.3239
vn 0.3947 0.8598 -0.3239
vn 0.3947 0.8598 -0.3239
vn 0.1657 0.9767 -0.136
vn 0.7129 0.3866 -0.5851
vn 0.5113 0.75 -0.4196
vn 0.2789 0.9327 -0.2289
vn 0.7659 0.1349 -0.6286
vn 0.7094 0.5941 -0.3792
vn 0.4503 0.8598 -0.2407
vn 0.1891 0.9767 -0.1011
vn 0.8134 0.3866 -0.4347
vn 0.5833 0.75 -0.3118
vn 0.3182 0.9327 -0.1701
vn 0.8739 0.1349 -0.4671
vn 0.7697 0.5941 -0.2335
vn 0.4887 0.8598 -0.1482
vn 0.2052 0.9767 -0.0622
vn 0.2052 0.9767 -0.0622
vn 0.2052 0.9767 -0.0622
vn 0.8825 0.3866 -0.2677
vn 0.6329 0.75 -0.192
vn 0.3452 0.9327 -0.1047
vn 0.9482 0.1349 -0.2876
vn 0.8005 0.5941 -0.0788
vn 0.5082 0.8598 -0.0501
vn 0.5082 0.8598 -0.0501
vn 0.5082 0.8598 -0.0501
vn 0.2134 0.9767 -0.021
vn 0.9178 0.3866 -0.0904
vn 0.6582 0.75 -0.0648
vn 0.359 0.9327 -0.0354
vn 0.9861 0.1349 -0.0971
vn 0.8005 0.5941 0.0788
vn 0.5082 0.8598 0.0501
vn 0.5082 0.8598 0.0501
vn 0.5082 0.8598 0.0501
vn 0.2134 0.9767 0.021
vn 0.9178 0.3866 0.0904
vn 0.6582 0.75 0.0648
vn 0.359 0.9327 0.0354
vn 0.9861 0.1349 0.0971
vn 0.7697 0.5941 0.2335
vn 0.4887 0.8598 0.1482
vn 0.2052 0.9767 0.0622
vn 0.8825 0.3866 0.2677
vn 0.6329 0.75 0.192
vn 0.3452 0.9327 0.1047
vn 0.9482 0.1349 0.2876
vn 0.7094 0.5941 0.3792
vn 0.4503 0.8598 0.2407
vn 0.1891 0.9767 0.1011
vn 0.8134 0.3866 0.4347
vn 0.5833 0.75 0.3118
vn 0.3182 0.9327 0.1701
vn 0.8739 0.1349 0.4671
vn 0.6218 0.5941 0.5103
vn 0.3947 0.8598 0.3239
vn 0.1657 0.9767 0.136
vn 0.7129 0.3866 0.5851
vn 0.5113 0.75 0.4196
vn 0.2789 0.9327 0.2289
vn 0.7659 0.1349 0.6286
vn 0.5103 0.5941 0.6218
vn 0.3239 0.8598 0.3947
vn 0.136 0.9767 0.1657
vn 0.136 0.9767 0.1657
vn 0.136 0.9767 0.1657
vn 0.5851 0.3866 0.7129
vn 0.4196 0.75 0.5113
vn 0.2289 0.9327 0.2789
vn 0.6286 0.1349 0.7659
vn 0.3792 0.5941 0.7094
vn 0.2407 0.8598 0.4503
vn 0.1011 0.9767 0.1891
vn 0.4347 0.3866 0.8134
vn 0.3118 0.75 0.5833
vn 0.1701 0.9327 0.3182
vn 0.4671 0.1349 0.8739
vn 0.2335 0.5941 0.7697
vn 0.1482 0.8598 0.4887
vn 0.0622 0.9767 0.2052
vn 0.2677 0.3866 0.8825
vn 0.192 0.75 0.6329
vn 0.1047 0.9327 0.3452
vn 0.2876 0.1349 0.9482
vn 0.0788 0.5941 0.8005
vn 0.0501 0.8598 0.5082
vn 0.021 0.9767 0.2134
vn 0.0904 0.3866 0.9178
vn 0.0648 0.75 0.6582
vn 0.0354 0.9327 0.359
vn 0.0971 0.1349 0.9861
vn -0.0788 0.5941 0.8005
vn -0.0501 0.8598 0.5082
vn -0.021 0.9767 0.2134
vn -0.0904 0.3866 0.9178
vn -0.0648 0.75 0.6582
vn -0.0354 0.9327 0.359
vn -0.0971 0.1349 0.9861
vn -0.2335 0.5941 0.7697
vn -0.1482 0.8598 0.4887
vn -0.0622 0.9767 0.2052
vn -0.2677 0.3866 0.8825
vn -0.192 0.75 0.6329
vn -0.1047 0.9327 0.3452
vn -0.2876 0.1349 0.9482
vn -0.3792 0.5941 0.7094
vn -0.2407 0.8598 0.4503
vn -0.1011 0.9767 0.1891
vn -0.4347 0.3866 0.8134
vn -0.4347 0.3866 0.8134
vn -0.4347 0.3866 0.8134
vn -0.3118 0.75 0.5833
vn -0.1701 0.9327 0.3182
vn -0.4671 0.1349 0.8739
vn -0.5103 0.5941 0.6218
vn -0.3239 0.8598 0.3947
vn -0.136 0.9767 0.1657
vn -0.136 0.9767 0.1657
vn -0.136 0.9767 0.1657
vn -0.5851 0.3866 0.7129
vn -0.4196 0.75 0.5113
vn -0.2289 0.9327 0.2789
vn -0.6286 0.1349 0.7659
vn -0.6218 0.5941 0.5103
vn -0.3947 0.8598 0.3239
vn -0.1657 0.9767 0.136
vn -0.7129 0.3866 0.5851
vn -0.5113 0.75 0.4196
vn -0.2789 0.9327 0.2289
vn -0.766 0.1349 0.6286
vn -0.766 0.1349 0.6286
vn -0.766 0.1349 0.6286
vn -0.7094 0.5941 0.3792
vn -0.4503 0.8598 0.2407
vn -0.1891 0.9767 0.1011
vn -0.8134 0.3866 0.4347
vn -0.5833 0.75 0.3118
vn -0.3182 0.9327 0.1701
vn -0.8739 0.1349 0.4671
vn -0.7697 0.5941 0.2335
vn -0.4887 0.8598 0.1482
vn -0.2052 0.9767 0.0622
vn -0.8825 0.3866 0.2677
vn -0.6329 0.75 0.192
vn -0.3452 0.9327 0.1047
vn -0.9482 0.1349 0.2876
vn -0.8005 0.5941 0.0788
vn -0.5082 0.8598 0.0501
vn -0.2134 0.9767 0.021
vn -0.9178 0.3866 0.0904
vn -0.6582 0.75 0.0648
vn -0.359 0.9327 0.0354
vn -0.9861 0.1349 0.0971
vn -0.0001 0.9998 -0.0173
vn -0.0053 0.7217 -0.6922
vn -0.1345 0.7237 -0.6769
vn 0.4031 -0.7096 -0.5779
vn 0.2331 -0.9018 -0.3638
vn 0.1611 -0.8995 -0.4062
vn 0.5087 -0.7097 -0.4873
vn 0.2956 -0.9042 -0.3081
vn 0.5932 -0.7099 -0.3796
vn 0.3465 -0.9065 -0.2412
vn 0.6546 -0.71 -0.2597
vn 0.384 -0.9083 -0.1657
vn 0.6917 -0.7101 -0.1318
vn 0.4071 -0.9095 -0.0843
vn 0.7041 -0.7101 0
vn 0.4148 -0.9099 0
vn 0.6917 -0.7101 0.1318
vn 0.4071 -0.9095 0.0843
vn 0.6546 -0.71 0.2597
vn 0.384 -0.9083 0.1657
vn 0.5932 -0.7099 0.3796
vn 0.3465 -0.9065 0.2412
vn 0.5087 -0.7097 0.4873
vn 0.2956 -0.9042 0.3081
vn 0.4031 -0.7096 0.5779
vn 0.2331 -0.9018 0.3638
vn 0.2797 -0.7094 0.6469
vn 0.1611 -0.8995 0.4062
vn 0.1349 -0.7119 0.6891
vn 0.0799 -0.897 0.4347
vn -0.0051 -0.7074 0.7067
vn -0.0003 -0.8997 0.4366
vn -0.134 -0.7099 0.6914
vn -0.0809 -0.9027 0.4225
vn -0.2637 -0.7105 0.6524
vn -0.1589 -0.9061 0.392
vn -0.3841 -0.7111 0.5888
vn -0.2289 -0.909 0.3482
vn -0.4908 -0.7117 0.5026
vn -0.2889 -0.9114 0.2929
vn -0.5794 -0.7121 0.3964
vn -0.3374 -0.9132 0.2282
vn -0.646 -0.7125 0.2739
vn -0.373 -0.9146 0.1563
vn -0.6874 -0.7127 0.14
vn -0.3947 -0.9153 0.0794
vn -0.7014 -0.7127 0
vn -0.402 -0.9156 0
vn -0.6874 -0.7127 -0.14
vn -0.3947 -0.9153 -0.0794
vn -0.646 -0.7125 -0.2739
vn -0.373 -0.9146 -0.1563
vn -0.5794 -0.7121 -0.3964
vn -0.3374 -0.9132 -0.2282
vn -0.4908 -0.7117 -0.5026
vn -0.2889 -0.9114 -0.2929
vn -0.3841 -0.7111 -0.5888
vn -0.2289 -0.909 -0.3482
vn -0.2637 -0.7105 -0.6524
vn -0.1589 -0.9061 -0.392
vn -0.134 -0.7099 -0.6914
vn -0.0809 -0.9027 -0.4225
vn -0.9064 0.1936 -0.3754
vn -0.9622 0.1936 -0.1914
vn -0.6762 0.7243 -0.1345
vn -0.0051 -0.7074 -0.7067
vn -0.0003 -0.8997 -0.4366
vn 0.7225 0 0.6913
vn 0.5725 0 0.8199
vn 0.4031 -0.7096 0.5779
vn -0.0128 0.9999 -0.0086
vn -0.5733 0.7242 -0.3832
vn -0.637 0.7243 -0.2639
vn -0.0077 0.1937 -0.981
vn -0.1914 0.1936 -0.9622
vn -0.1345 0.7237 -0.6769
vn 0.6937 0.1936 -0.6937
vn 0.545 0.1936 -0.8157
vn 0.3834 0.7236 -0.574
vn 0.1839 0.1935 0.9637
vn 0.3754 0.1936 0.9064
vn 0.2641 0.7234 0.6378
vn -0.545 0.1936 -0.8157
vn -0.6937 0.1936 -0.6937
vn -0.4876 0.7241 -0.4877
vn -0.3754 0.1936 0.9064
vn -0.1914 0.1936 0.9622
vn -0.1345 0.7237 0.6769
vn 0.9622 0.1936 -0.1914
vn 0.9064 0.1936 -0.3754
vn 0.6373 0.7239 -0.264
vn -0.8157 0.1936 0.5451
vn -0.6937 0.1936 0.6937
vn -0.4877 0.7241 0.4877
vn 0.9064 0.1936 0.3754
vn 0.9622 0.1936 0.1914
vn 0.6765 0.724 0.1346
vn -0.981 0.1936 0
vn -0.9622 0.1936 0.1914
vn -0.6762 0.7243 0.1345
vn 0.5451 0.1936 0.8157
vn 0.6937 0.1936 0.6937
vn 0.4879 0.7237 0.488
vn -0.8157 0.1936 -0.545
vn -0.637 0.7243 -0.2639
vn 0.8157 0.1936 -0.545
vn 0.4879 0.7237 -0.488
vn -0.0076 0.1936 0.981
vn 0.129 0.7251 0.6764
vn -0.3754 0.1936 -0.9064
vn -0.545 0.1936 -0.8157
vn -0.3832 0.724 -0.5736
vn -0.545 0.1936 0.8157
vn -0.264 0.7238 0.6375
vn 0.981 0.1936 0
vn 0.6765 0.724 -0.1346
vn 0.3754 0.1936 -0.9064
vn 0.1839 0.1936 -0.9637
vn 0.129 0.7251 -0.6764
vn -0.9064 0.1936 0.3754
vn -0.5733 0.7242 0.3832
vn 0.8157 0.1936 0.5451
vn 0.6373 0.7239 0.264
vn -0.6894 0.7243 0
vn 0.2641 0.7234 -0.6378
vn 0.3834 0.7236 0.5739
vn -0.5733 0.7242 -0.3832
vn 0.8157 0.1936 -0.545
vn 0.5736 0.7238 -0.3833
vn -0.0053 0.7216 0.6922
vn -0.264 0.7238 -0.6375
vn -0.6937 0.1936 0.6937
vn -0.3832 0.724 0.5736
vn -0.0402 0.9786 -0.2019
vn -0.0016 0.9787 -0.2051
vn -0.0016 0.9787 0.2051
vn 0.6897 0.724 0
vn -0.637 0.7243 0.2639
vn 0.6937 0.1936 0.6937
vn 0.5736 0.7238 0.3834
vn 0.1346 0.6958 -0.7055
vn -0.0056 0.6973 -0.7168
vn 0.0387 0.9784 -0.203
vn -0.0056 0.6973 -0.7168
vn 0.1346 0.6958 -0.7055
vn 0.2745 0.6966 -0.6629
vn 0.2745 0.6966 -0.6629
vn 0.1144 0.9786 -0.1712
vn 0.0788 0.9786 -0.1902
vn 0.3986 0.6965 -0.5966
vn 0.3986 0.6965 -0.5966
vn 0.5073 0.6966 -0.5073
vn 0.5966 0.6966 -0.3986
vn 0.5073 0.6966 -0.5073
vn 0.1456 0.9786 -0.1456
vn 0.5966 0.6966 -0.3986
vn 0.5966 0.6966 -0.3986
vn 0.1712 0.9786 -0.1144
vn 0.6629 0.6966 -0.2746
vn 0.7037 0.6965 -0.14
vn 0.6629 0.6966 -0.2746
vn 0.2019 0.9786 -0.0402
vn 0.1902 0.9786 -0.0788
vn 0.7175 0.6966 0
vn 0.2059 0.9786 0
vn 0.7037 0.6965 -0.14
vn 0.7175 0.6966 0
vn 0.7037 0.6966 0.14
vn 0.7037 0.6966 0.14
vn 0.2019 0.9786 0.0402
vn 0.6629 0.6966 0.2746
vn 0.5966 0.6966 0.3986
vn 0.6629 0.6966 0.2746
vn 0.1712 0.9786 0.1144
vn 0.1902 0.9786 0.0788
vn 0.1456 0.9786 0.1456
vn 0.5966 0.6966 0.3986
vn 0.3986 0.6966 0.5966
vn 0.5073 0.6966 0.5073
vn 0.1144 0.9786 0.1712
vn 0.5073 0.6966 0.5073
vn 0.2746 0.6965 0.6629
vn 0.0788 0.9786 0.1902
vn 0.3986 0.6966 0.5966
vn 0.1346 0.6958 0.7055
vn 0.0387 0.9784 0.203
vn 0.2746 0.6965 0.6629
vn 0.1346 0.6958 0.7055
vn -0.0056 0.6973 0.7168
vn -0.14 0.6966 0.7037
vn -0.0056 0.6973 0.7168
vn -0.0402 0.9786 0.2019
vn -0.2746 0.6966 0.6629
vn -0.14 0.6966 0.7037
vn -0.2746 0.6966 0.6629
vn -0.3986 0.6966 0.5966
vn -0.0788 0.9786 0.1902
vn -0.3986 0.6966 0.5966
vn -0.5073 0.6966 0.5073
vn -0.1456 0.9786 0.1456
vn -0.1144 0.9786 0.1712
vn -0.5966 0.6966 0.3986
vn -0.5073 0.6966 0.5073
vn -0.1712 0.9786 0.1144
vn -0.5073 0.6966 0.5073
vn -0.1902 0.9786 0.0788
vn -0.5966 0.6966 0.3986
vn -0.7037 0.6966 0.14
vn -0.6629 0.6966 0.2746
vn -0.6629 0.6966 0.2746
vn -0.7037 0.6966 0.14
vn -0.2019 0.9786 0.0402
vn -0.7175 0.6966 0
vn -0.7037 0.6966 -0.14
vn -0.7175 0.6966 0
vn -0.2059 0.9786 0
vn -0.7037 0.6966 -0.14
vn -0.6629 0.6966 -0.2746
vn -0.1902 0.9786 -0.0788
vn -0.2019 0.9786 -0.0402
vn -0.5966 0.6966 -0.3986
vn -0.6629 0.6966 -0.2746
vn -0.5966 0.6966 -0.3986
vn -0.5073 0.6966 -0.5073
vn -0.1712 0.9786 -0.1144
vn -0.5073 0.6966 -0.5073
vn -0.3986 0.6966 -0.5966
vn -0.1456 0.9786 -0.1456
vn -0.3986 0.6966 -0.5966
vn -0.3986 0.6966 -0.5966
vn -0.0788 0.9786 -0.1902
vn -0.1144 0.9786 -0.1712
vn -0.14 0.6966 -0.7037
vn -0.2745 0.6966 -0.6629
vn -0.2745 0.6966 -0.6629
vn -0.14 0.6966 -0.7037
vn -0.0053 0.7217 -0.6922
vn -0.3547 -0.3763 -0.8559
vn -0.1825 -0.3702 -0.9108
vn -0.1816 0.3772 -0.9081
vn 0.5736 0.7238 -0.3833
vn 0.4879 0.7237 -0.488
vn 0.0118 0.9998 -0.0119
vn -0.0053 0.7216 0.6922
vn 0.129 0.7251 0.6764
vn 0.0033 0.9998 0.0175
vn -0.0063 0.9998 -0.0152
vn -0.264 0.7238 -0.6375
vn -0.3832 0.724 -0.5736
vn -0.3832 0.724 0.5736
vn -0.264 0.7238 0.6375
vn -0.0063 0.9998 0.0152
vn 0.6897 0.724 0
vn 0.6765 0.724 -0.1346
vn 0.0156 0.9998 -0.0031
vn 0.2641 0.7234 -0.6378
vn 0.129 0.7251 -0.6764
vn 0.0033 0.9998 -0.0175
vn -0.637 0.7243 0.2639
vn -0.5733 0.7242 0.3832
vn -0.0128 0.9999 0.0086
vn 0.0136 0.9998 0.0091
vn 0.5736 0.7238 0.3834
vn 0.6373 0.7239 0.264
vn -0.0148 0.9999 -0.0029
vn -0.6762 0.7243 -0.1345
vn -0.6894 0.7243 0
vn 0.3834 0.7236 -0.574
vn 0.0067 0.9998 -0.0162
vn 0.0067 0.9998 0.0162
vn 0.2641 0.7234 0.6378
vn 0.3834 0.7236 0.5739
vn -0.0111 0.9998 -0.0111
vn -0.4876 0.7241 -0.4877
vn 0.6373 0.7239 -0.264
vn 0.0136 0.9998 -0.0091
vn -0.1345 0.7237 0.6769
vn -0.0001 0.9998 0.0173
vn -0.0033 0.9998 -0.0166
vn -0.4877 0.7241 0.4877
vn -0.0089 0.9998 0.0134
vn 0.0156 0.9998 0.0031
vn 0.6765 0.724 0.1346
vn -0.6762 0.7243 0.1345
vn -0.0141 0.9999 0.0058
vn 0.0118 0.9998 0.0119
vn 0.4879 0.7237 0.488
vn -0.0141 0.9999 -0.0058
vn 0.0095 0.9998 -0.0143
vn -0.0089 0.9998 -0.0134
vn -0.0033 0.9998 0.0165
vn 0.0149 0.9998 -0.0062
vn -0.0111 0.9998 0.0111
vn 0.0149 0.9998 0.0062
vn -0.0148 0.9999 0.0029
vn 0.0095 0.9998 0.0143
vn -0.601 -0.6855 0.4109
vn -0.6705 -0.6853 0.2842
vn -0.9207 0 0.3903
vn -0.513 -0.3817 0.7689
vn -0.6514 -0.3861 0.653
vn -0.6496 0.3922 0.6512
vn 0.9234 -0.3837 0
vn 0.9049 -0.3829 0.1856
vn 0.9009 0.3926 0.1849
vn -0.6514 -0.3861 -0.653
vn -0.513 -0.3817 -0.7689
vn -0.5115 0.3878 -0.7668
vn -0.1825 -0.3702 0.9109
vn -0.3547 -0.3763 0.8559
vn -0.3536 0.3827 0.8535
vn 0.8503 -0.3808 -0.3632
vn 0.9049 -0.3829 -0.1856
vn 0.9009 0.3925 -0.1849
vn -0.8495 -0.3922 -0.353
vn -0.765 -0.3896 -0.5127
vn -0.7629 0.3958 -0.5112
vn 0.6458 -0.3735 -0.6659
vn 0.7625 -0.3775 -0.5254
vn 0.759 0.3876 -0.5231
vn 0.1726 -0.361 0.9164
vn -0.0083 -0.364 0.9313
vn -0.0078 0.3722 0.9281
vn -0.919 -0.3942 0
vn -0.9015 -0.3937 -0.1799
vn -0.8987 0.4002 -0.1793
vn 0.3473 -0.3649 -0.8638
vn 0.5055 -0.3691 -0.7798
vn 0.5032 0.3797 -0.7762
vn 0.5055 -0.3691 0.7798
vn 0.3473 -0.3649 0.8638
vn 0.3459 0.3754 0.8599
vn -0.8495 -0.3922 0.353
vn -0.9015 -0.3937 0.1799
vn -0.8987 0.4002 0.1793
vn -0.0083 -0.364 -0.9313
vn -0.0078 0.3722 -0.9281
vn 0.7625 -0.3775 0.5254
vn 0.6458 -0.3735 0.6659
vn 0.6428 0.3839 0.6628
vn 0.1726 -0.361 -0.9164
vn 0.1721 0.371 -0.9125
vn -0.6514 -0.3861 0.653
vn -0.765 -0.3896 0.5127
vn -0.7629 0.3958 0.5112
vn 0.8503 -0.3808 0.3632
vn 0.8465 0.3906 0.3617
vn -0.513 -0.3817 -0.7689
vn -0.3536 0.3827 -0.8535
vn -0.5115 0.3878 0.7668
vn 0.9194 0.3932 0
vn -0.6496 0.3922 -0.6512
vn -0.1816 0.3772 0.9081
vn 0.7625 -0.3775 -0.5254
vn 0.8465 0.3906 -0.3617
vn -0.8469 0.3985 -0.3519
vn 0.6428 0.3839 -0.6628
vn 0.1721 0.371 0.9125
vn -0.9162 0.4007 0
vn 0.3459 0.3754 -0.8599
vn 0.6458 -0.3735 0.6659
vn 0.5032 0.3797 0.7762
vn -0.8469 0.3985 0.3519
vn 0.759 0.3877 0.5231
vn -0.0057 -0.6878 0.7258
vn 0.1407 -0.6825 -0.7172
vn -0.0057 -0.6878 -0.7258
vn 0.6761 -0.6863 0.268
vn 0.613 -0.6861 0.3919
vn 0.8425 0 0.5386
vn -0.273 -0.686 -0.6744
vn -0.1388 -0.6861 -0.7141
vn -0.1908 0 -0.9816
vn -0.3978 -0.6859 0.6093
vn -0.5087 -0.6857 0.5206
vn -0.6989 0 0.7152
vn 0.727 -0.6866 0
vn 0.7143 -0.6865 0.1359
vn 0.9824 0 0.187
vn -0.5087 -0.6857 -0.5206
vn -0.3978 -0.6859 -0.6093
vn -0.5467 0 -0.8373
vn -0.1388 -0.6861 0.7141
vn -0.273 -0.686 0.6744
vn -0.3752 0 0.9269
vn 0.6761 -0.6863 -0.268
vn 0.7143 -0.6865 -0.1359
vn 0.9824 0 -0.187
vn -0.6704 -0.6854 -0.2842
vn -0.601 -0.6855 -0.4109
vn -0.8255 0 -0.5644
vn 0.5259 -0.6857 -0.5032
vn 0.613 -0.6861 -0.3919
vn 0.8425 0 -0.5386
vn 0.1407 -0.6825 0.7172
vn -0.0057 -0.6878 0.7258
vn -0.0079 0 0.9999
vn -0.7283 -0.6852 0
vn -0.7137 -0.6852 -0.1453
vn -0.9799 0 -0.1995
vn 0.2894 -0.685 -0.6685
vn 0.4169 -0.6854 -0.597
vn 0.5725 0 -0.8199
vn 0.4169 -0.6854 0.597
vn 0.2894 -0.685 0.6685
vn 0.3973 0 0.9177
vn -0.7137 -0.6852 0.1453
vn -0.9799 0 0.1994
vn -0.0057 -0.6878 -0.7258
vn 0.1407 -0.6825 -0.7172
vn 0.1924 0 -0.9813
vn 0.5259 -0.6857 0.5032
vn 0.7225 0 0.6913
vn -0.0079 0 -0.9999
vn -0.601 -0.6855 0.4109
vn -0.8255 0 0.5644
vn 0.9296 0 0.3684
vn -0.3978 -0.6859 -0.6093
vn -0.3752 0 -0.9269
vn -0.5467 0 0.8373
vn 1 0 0
vn -0.6989 0 -0.7152
vn -0.1908 0 0.9816
vn 0.613 -0.6861 -0.3919
vn 0.9296 0 -0.3684
vn -0.9207 0 -0.3903
vn 0.7225 0 -0.6913
vn 0.1924 0 0.9813
vn -1 0 0
vn 0.3973 0 -0.9177
vn 0.4169 -0.6854 0.597
vn 0.5725 0 0.8199
vn 0.0745 0.91 -0.4077
vn -0.0005 0.9111 -0.4121
vn 0.1504 0.9125 -0.3804
vn 0.2179 0.9145 -0.3408
vn 0.5032 0.3797 -0.7762
vn 0.6428 0.3839 -0.6628
vn 0.2767 0.9165 -0.2888
vn 0.759 0.3876 -0.5231
vn 0.3247 0.9183 -0.2263
vn 0.8465 0.3906 -0.3617
vn 0.3603 0.9198 -0.1556
vn 0.9009 0.3925 -0.1849
vn 0.3822 0.9207 -0.0792
vn 0.9194 0.3932 0
vn 0.3895 0.921 0
vn 0.3822 0.9207 0.0792
vn 0.3895 0.921 0
vn 0.8465 0.3906 0.3617
vn 0.3603 0.9198 0.1556
vn 0.3822 0.9207 0.0792
vn 0.759 0.3877 0.5231
vn 0.3247 0.9183 0.2263
vn 0.6428 0.3839 0.6628
vn 0.2767 0.9165 0.2888
vn 0.5032 0.3797 0.7762
vn 0.2179 0.9145 0.3408
vn 0.3459 0.3754 0.8599
vn 0.1504 0.9125 0.3804
vn 0.0745 0.91 0.4077
vn 0.1504 0.9125 0.3804
vn -0.0005 0.9111 0.4121
vn -0.0767 0.9133 0.4
vn -0.1507 0.916 0.3718
vn -0.3536 0.3827 0.8535
vn -0.5115 0.3878 0.7668
vn -0.2172 0.9184 0.3305
vn -0.6496 0.3922 0.6512
vn -0.2741 0.9206 0.2781
vn -0.7629 0.3958 0.5112
vn -0.3199 0.9223 0.2166
vn -0.8469 0.3985 0.3519
vn -0.3534 0.9236 0.1482
vn -0.8987 0.4002 0.1793
vn -0.3738 0.9244 0.0753
vn -0.9162 0.4007 0
vn -0.3807 0.9247 0
vn -0.8987 0.4002 -0.1793
vn -0.3738 0.9244 -0.0753
vn -0.8469 0.3985 -0.3519
vn -0.3534 0.9236 -0.1482
vn -0.7629 0.3958 -0.5112
vn -0.3199 0.9223 -0.2166
vn -0.6496 0.3922 -0.6512
vn -0.2741 0.9206 -0.2781
vn -0.5115 0.3878 -0.7668
vn -0.2172 0.9184 -0.3305
vn -0.3536 0.3827 -0.8535
vn -0.1507 0.916 -0.3718
vn -0.1816 0.3772 -0.9081
vn -0.0767 0.9133 -0.4
vn -0.0767 0.9133 -0.4
vn 0.2797 -0.7094 -0.6469
vn 0.0799 -0.897 -0.4347
vn -0.0151 0.9999 0
vn -0.0767 0.9133 0.4
vn 0.0745 0.91 0.4077
vn 0.2179 0.9145 -0.3408
vn 0.0159 0.9998 0
vn 0.0745 0.91 -0.4077
vn -0.0005 0.9111 0.4121
vn 0.1504 0.9125 -0.3804
vn -0.1507 0.916 0.3718
vn -0.0005 0.9111 -0.4121
vn 0.1726 -0.361 -0.9164
vn 0.3473 -0.3649 -0.8638
vn 0.5055 -0.3691 -0.7798
vn 0.6458 -0.3735 -0.6659
vn 0.7625 -0.3775 -0.5254
vn 0.8503 -0.3808 -0.3632
vn 0.9049 -0.3829 -0.1856
vn 0.9234 -0.3837 0
vn 0.9049 -0.3829 0.1856
vn 0.8503 -0.3808 0.3632
vn 0.7625 -0.3775 0.5254
vn 0.6458 -0.3735 0.6659
vn 0.5055 -0.3691 0.7798
vn 0.3473 -0.3649 0.8638
vn 0.1726 -0.361 0.9164
vn -0.0083 -0.364 0.9313
vn -0.1825 -0.3702 0.9109
vn -0.3547 -0.3763 0.8559
vn -0.513 -0.3817 0.7689
vn -0.6514 -0.3861 0.653
vn -0.765 -0.3896 0.5127
vn -0.8495 -0.3922 0.353
vn -0.9015 -0.3937 0.1799
vn -0.919 -0.3942 0
vn -0.9015 -0.3937 -0.1799
vn -0.8495 -0.3922 -0.353
vn -0.765 -0.3896 -0.5127
vn -0.6514 -0.3861 -0.653
vn -0.513 -0.3817 -0.7689
vn -0.3547 -0.3763 -0.8559
vn -0.1825 -0.3702 -0.9108
vn -0.0083 -0.364 -0.9313
vn 0.1349 -0.7119 -0.6891
vn 0.1924 0 -0.9813
vn 0.3973 0 -0.9177
vn 0.2797 -0.7094 -0.6469
vn -0.9799 0 0.1994
vn -1 0 0
vn -0.7014 -0.7127 0
vn 0.3973 0 0.9177
vn 0.1924 0 0.9813
vn 0.1349 -0.7119 0.6891
vn 0.5725 0 -0.8199
vn 0.7225 0 -0.6913
vn 0.5087 -0.7097 -0.4873
vn -0.9799 0 -0.1995
vn -0.9207 0 -0.3903
vn -0.646 -0.7125 -0.2739
vn 0.8425 0 -0.5386
vn 0.9296 0 -0.3684
vn 0.6546 -0.71 -0.2597
vn -0.0079 0 0.9999
vn -0.1908 0 0.9816
vn -0.134 -0.7099 0.6914
vn -0.8255 0 -0.5644
vn -0.6989 0 -0.7152
vn -0.4908 -0.7117 -0.5026
vn 0.9824 0 -0.187
vn 1 0 0
vn 0.7041 -0.7101 0
vn -0.3752 0 0.9269
vn -0.5467 0 0.8373
vn -0.3841 -0.7111 0.5888
vn -0.5467 0 -0.8373
vn -0.3752 0 -0.9269
vn -0.2637 -0.7105 -0.6524
vn 0.9824 0 0.187
vn 0.9296 0 0.3684
vn 0.6546 -0.71 0.2597
vn -0.6989 0 0.7152
vn -0.8255 0 0.5644
vn -0.5794 -0.7121 0.3964
vn -0.1908 0 -0.9816
vn -0.0079 0 -0.9999
vn -0.0051 -0.7074 -0.7067
vn 0.8425 0 0.5386
vn 0.5087 -0.7097 0.4873
vn 0.1349 -0.7119 -0.6891
vn -0.9207 0 0.3903
vn -0.6874 -0.7127 0.14
vn 0.5725 0 0.8199
vn 0.2797 -0.7094 0.6469
vn 0.4031 -0.7096 -0.5779
vn -0.6874 -0.7127 -0.14
vn -0.0051 -0.7074 0.7067
vn 0.8425 0 -0.5386
vn 0.5932 -0.7099 -0.3796
vn -0.5794 -0.7121 -0.3964
vn 0.6917 -0.7101 -0.1318
vn -0.2637 -0.7105 0.6524
vn -0.5467 0 -0.8373
vn -0.3841 -0.7111 -0.5888
vn 0.6917 -0.7101 0.1318
vn -0.4908 -0.7117 0.5026
vn -0.134 -0.7099 -0.6914
vn 0.5932 -0.7099 0.3796
vn -0.8255 0 0.5644
vn -0.646 -0.7125 0.2739
vn 0.8425 0 -0.5386
vn -0.5467 0 -0.8373
vn 0.5725 0 0.8199
vn -0.8255 0 0.5644
vn -0.3832 0.724 -0.5736
vn 0.5736 0.7238 -0.3833
vn -0.4877 0.7241 0.4877
vn 0.4879 0.7237 0.488
vn 0.5073 0.6966 0.5073
vn -0.6496 0.3922 0.6512
vn -0.5115 0.3878 -0.7668
vn 0.759 0.3876 -0.5231
vn 0.6428 0.3839 0.6628
vn -0.1388 -0.6861 -0.7141
vn -0.273 -0.686 -0.6744
vn -0.3978 -0.6859 -0.6093
vn -0.273 -0.686 0.6744
vn -0.5087 -0.6857 -0.5206
vn -0.601 -0.6855 0.4109
vn -0.5087 -0.6857 0.5206
vn -0.6704 -0.6854 -0.2842
vn -0.7137 -0.6852 -0.1453
vn -0.7137 -0.6852 0.1453
vn -0.7283 -0.6852 0
vn -0.6705 -0.6853 0.2842
vn -0.3978 -0.6859 0.6093
vn 0.1407 -0.6825 0.7172
vn 0.2894 -0.685 0.6685
vn 0.4169 -0.6854 0.597
vn 0.5259 -0.6857 0.5032
vn 0.613 -0.6861 0.3919
vn 0.6761 -0.6863 0.268
vn 0.7143 -0.6865 0.1359
vn 0.727 -0.6866 0
vn 0.7143 -0.6865 -0.1359
vn 0.6761 -0.6863 -0.268
vn 0.613 -0.6861 -0.3919
vn 0.5259 -0.6857 -0.5032
vn 0.4169 -0.6854 -0.597
vn 0.2894 -0.685 -0.6685
vn -0.1388 -0.6861 0.7141
vn -0.601 -0.6855 -0.4109
vn 0.9009 0.3926 0.1849
vn 0.5932 -0.7099 -0.3796
vn -0.3841 -0.7111 -0.5888
vn 0.4031 -0.7096 0.5779
vn -0.5794 -0.7121 0.3964
f 93/93/93 92/92/92 91/91/91
f 3/3/3 2/2/2 1/1/1
f 769/769/769 3/3/3 1/1/1
f 6/6/6 5/5/5 4/4/4
f 770/770/770 6/6/6 4/4/4
f 9/9/9 8/8/8 7/7/7
f 771/771/771 9/9/9 7/7/7
f 12/12/12 11/11/11 10/10/10
f 772/772/772 12/12/12 10/10/10
f 15/15/15 14/14/14 13/13/13
f 773/773/773 15/15/15 13/13/13
f 18/18/18 17/17/17 16/16/16
f 774/774/774 18/18/18 16/16/16
f 21/21/21 20/20/20 19/19/19
f 775/775/775 21/21/21 19/19/19
f 24/24/24 23/23/23 22/22/22
f 776/776/776 24/24/24 22/22/22
f 27/27/27 26/26/26 25/25/25
f 777/777/777 27/27/27 25/25/25
f 30/30/30 29/29/29 28/28/28
f 778/778/778 30/30/30 28/28/28
f 33/33/33 32/32/32 31/31/31
f 779/779/779 33/33/33 31/31/31
f 36/36/36 35/35/35 34/34/34
f 780/780/780 36/36/36 34/34/34
f 39/39/39 38/38/38 37/37/37
f 781/781/781 39/39/39 37/37/37
f 42/42/42 41/41/41 40/40/40
f 782/782/782 42/42/42 40/40/40
f 45/45/45 44/44/44 43/43/43
f 783/783/783 45/45/45 43/43/43
f 48/48/48 47/47/47 46/46/46
f 784/784/784 48/48/48 46/46/46
f 51/51/51 50/50/50 49/49/49
f 785/785/785 51/51/51 49/49/49
f 54/54/54 53/53/53 52/52/52
f 786/786/786 54/54/54 52/52/52
f 57/57/57 56/56/56 55/55/55
f 787/787/787 57/57/57 55/55/55
f 60/60/60 59/59/59 58/58/58
f 788/788/788 60/60/60 58/58/58
f 63/63/63 62/62/62 61/61/61
f 789/789/789 63/63/63 61/61/61
f 66/66/66 65/65/65 64/64/64
f 790/790/790 66/66/66 64/64/64
f 69/69/69 68/68/68 67/67/67
f 791/791/791 69/69/69 67/67/67
f 72/72/72 71/71/71 70/70/70
f 792/792/792 72/72/72 70/70/70
f 75/75/75 74/74/74 73/73/73
f 793/793/793 75/75/75 73/73/73
f 78/78/78 77/77/77 76/76/76
f 794/794/794 78/78/78 76/76/76
f 81/81/81 80/80/80 79/79/79
f 795/795/795 81/81/81 79/79/79
f 84/84/84 83/83/83 82/82/82
f 796/796/796 84/84/84 82/82/82
f 87/87/87 86/86/86 85/85/85
f 797/797/797 87/87/87 85/85/85
f 90/90/90 89/89/89 88/88/88
f 798/798/798 90/90/90 88/88/88
f 96/96/96 95/95/95 94/94/94
f 802/802/802 96/96/96 94/94/94
f 99/99/99 98/98/98 97/97/97
f 803/803/803 99/99/99 97/97/97
f 102/102/102 101/101/101 100/100/100
f 804/804/804 102/102/102 100/100/100
f 105/105/105 104/104/104 103/103/103
f 805/805/805 105/105/105 103/103/103
f 108/108/108 107/107/107 106/106/106
f 806/806/806 108/108/108 106/106/106
f 111/111/111 110/110/110 109/109/109
f 807/807/807 111/111/111 109/109/109
f 114/114/114 113/113/113 112/112/112
f 808/808/808 114/114/114 112/112/112
f 117/117/117 116/116/116 115/115/115
f 809/809/809 117/117/117 115/115/115
f 120/120/120 119/119/119 118/118/118
f 810/810/810 120/120/120 118/118/118
f 123/123/123 122/122/122 121/121/121
f 811/811/811 123/123/123 121/121/121
f 126/126/126 125/125/125 124/124/124
f 812/812/812 126/126/126 124/124/124
f 129/129/129 128/128/128 127/127/127
f 813/813/813 129/129/129 127/127/127
f 132/132/132 131/131/131 130/130/130
f 814/814/814 132/132/132 130/130/130
f 135/135/135 134/134/134 133/133/133
f 815/815/815 135/135/135 133/133/133
f 138/138/138 137/137/137 136/136/136
f 816/816/816 138/138/138 136/136/136
f 141/141/141 140/140/140 139/139/139
f 817/817/817 141/141/141 139/139/139
f 144/144/144 143/143/143 142/142/142
f 818/818/818 144/144/144 142/142/142
f 147/147/147 146/146/146 145/145/145
f 819/819/819 147/147/147 145/145/145
f 150/150/150 149/149/149 148/148/148
f 820/820/820 150/150/150 148/148/148
f 153/153/153 152/152/152 151/151/151
f 821/821/821 153/153/153 151/151/151
f 156/156/156 155/155/155 154/154/154
f 822/822/822 156/156/156 154/154/154
f 159/159/159 158/158/158 157/157/157
f 823/823/823 159/159/159 157/157/157
f 162/162/162 161/161/161 160/160/160
f 824/824/824 162/162/162 160/160/160
f 165/165/165 164/164/164 163/163/163
f 825/825/825 165/165/165 163/163/163
f 168/168/168 167/167/167 166/166/166
f 826/826/826 168/168/168 166/166/166
f 171/171/171 170/170/170 169/169/169
f 827/827/827 171/171/171 169/169/169
f 174/174/174 173/173/173 172/172/172
f 828/828/828 174/174/174 172/172/172
f 177/177/177 176/176/176 175/175/175
f 829/829/829 177/177/177 175/175/175
f 180/180/180 179/179/179 178/178/178
f 830/830/830 180/180/180 178/178/178
f 183/183/183 182/182/182 181/181/181
f 831/831/831 183/183/183 181/181/181
f 186/186/186 185/185/185 184/184/184
f 832/832/832 186/186/186 184/184/184
f 189/189/189 188/188/188 187/187/187
f 833/833/833 189/189/189 187/187/187
f 192/192/192 191/191/191 190/190/190
f 834/834/834 192/192/192 190/190/190
f 195/195/195 194/194/194 193/193/193
f 835/835/835 195/195/195 193/193/193
f 198/198/198 197/197/197 196/196/196
f 836/836/836 198/198/198 196/196/196
f 201/201/201 200/200/200 199/199/199
f 837/837/837 201/201/201 199/199/199
f 204/204/204 203/203/203 202/202/202
f 838/838/838 204/204/204 202/202/202
f 207/207/207 206/206/206 205/205/205
f 839/839/839 207/207/207 205/205/205
f 210/210/210 209/209/209 208/208/208
f 840/840/840 210/210/210 208/208/208
f 213/213/213 212/212/212 211/211/211
f 841/841/841 213/213/213 211/211/211
f 216/216/216 215/215/215 214/214/214
f 842/842/842 216/216/216 214/214/214
f 219/219/219 218/218/218 217/217/217
f 843/843/843 219/219/219 217/217/217
f 222/222/222 221/221/221 220/220/220
f 844/844/844 222/222/222 220/220/220
f 225/225/225 224/224/224 223/223/223
f 845/845/845 225/225/225 223/223/223
f 228/228/228 227/227/227 226/226/226
f 846/846/846 228/228/228 226/226/226
f 231/231/231 230/230/230 229/229/229
f 847/847/847 231/231/231 229/229/229
f 234/234/234 233/233/233 232/232/232
f 848/848/848 234/234/234 232/232/232
f 237/237/237 236/236/236 235/235/235
f 849/849/849 237/237/237 235/235/235
f 240/240/240 239/239/239 238/238/238
f 243/243/243 242/242/242 241/241/241
f 853/853/853 243/243/243 241/241/241
f 246/246/246 245/245/245 244/244/244
f 854/854/854 246/246/246 244/244/244
f 249/249/249 248/248/248 247/247/247
f 855/855/855 249/249/249 247/247/247
f 252/252/252 251/251/251 250/250/250
f 856/856/856 252/252/252 250/250/250
f 255/255/255 254/254/254 253/253/253
f 857/857/857 255/255/255 253/253/253
f 258/258/258 257/257/257 256/256/256
f 261/261/261 260/260/260 259/259/259
f 861/861/861 261/261/261 259/259/259
f 264/264/264 263/263/263 262/262/262
f 862/862/862 264/264/264 262/262/262
f 267/267/267 266/266/266 265/265/265
f 863/863/863 267/267/267 265/265/265
f 270/270/270 269/269/269 268/268/268
f 864/864/864 270/270/270 268/268/268
f 273/273/273 272/272/272 271/271/271
f 865/865/865 273/273/273 271/271/271
f 276/276/276 275/275/275 274/274/274
f 866/866/866 276/276/276 274/274/274
f 279/279/279 278/278/278 277/277/277
f 867/867/867 279/279/279 277/277/277
f 282/282/282 281/281/281 280/280/280
f 868/868/868 282/282/282 280/280/280
f 285/285/285 284/284/284 283/283/283
f 869/869/869 285/285/285 283/283/283
f 288/288/288 287/287/287 286/286/286
f 870/870/870 288/288/288 286/286/286
f 291/291/291 290/290/290 289/289/289
f 871/871/871 291/291/291 289/289/289
f 294/294/294 293/293/293 292/292/292
f 872/872/872 294/294/294 292/292/292
f 297/297/297 296/296/296 295/295/295
f 873/873/873 297/297/297 295/295/295
f 300/300/300 299/299/299 298/298/298
f 874/874/874 300/300/300 298/298/298
f 303/303/303 302/302/302 301/301/301
f 306/306/306 305/305/305 304/304/304
f 878/878/878 306/306/306 304/304/304
f 309/309/309 308/308/308 307/307/307
f 879/879/879 309/309/309 307/307/307
f 312/312/312 311/311/311 310/310/310
f 880/880/880 312/312/312 310/310/310
f 315/315/315 314/314/314 313/313/313
f 881/881/881 315/315/315 313/313/313
f 318/318/318 317/317/317 316/316/316
f 882/882/882 318/318/318 316/316/316
f 321/321/321 320/320/320 319/319/319
f 324/324/324 323/323/323 322/322/322
f 886/886/886 324/324/324 322/322/322
f 327/327/327 326/326/326 325/325/325
f 887/887/887 327/327/327 325/325/325
f 330/330/330 329/329/329 328/328/328
f 888/888/888 330/330/330 328/328/328
f 333/333/333 332/332/332 331/331/331
f 889/889/889 333/333/333 331/331/331
f 336/336/336 335/335/335 334/334/334
f 890/890/890 336/336/336 334/334/334
f 339/339/339 338/338/338 337/337/337
f 891/891/891 339/339/339 337/337/337
f 342/342/342 341/341/341 340/340/340
f 345/345/345 344/344/344 343/343/343
f 895/895/895 345/345/345 343/343/343
f 348/348/348 347/347/347 346/346/346
f 896/896/896 348/348/348 346/346/346
f 351/351/351 350/350/350 349/349/349
f 897/897/897 351/351/351 349/349/349
f 354/354/354 353/353/353 352/352/352
f 898/898/898 354/354/354 352/352/352
f 357/357/357 356/356/356 355/355/355
f 899/899/899 357/357/357 355/355/355
f 360/360/360 359/359/359 358/358/358
f 900/900/900 360/360/360 358/358/358
f 363/363/363 362/362/362 361/361/361
f 901/901/901 363/363/363 361/361/361
f 366/366/366 365/365/365 364/364/364
f 902/902/902 366/366/366 364/364/364
f 369/369/369 368/368/368 367/367/367
f 903/903/903 369/369/369 367/367/367
f 372/372/372 371/371/371 370/370/370
f 904/904/904 372/372/372 370/370/370
f 375/375/375 374/374/374 373/373/373
f 905/905/905 375/375/375 373/373/373
f 378/378/378 377/377/377 376/376/376
f 906/906/906 378/378/378 376/376/376
f 381/381/381 380/380/380 379/379/379
f 907/907/907 381/381/381 379/379/379
f 384/384/384 383/383/383 382/382/382
f 908/908/908 384/384/384 382/382/382
f 387/387/387 386/386/386 385/385/385
f 909/909/909 387/387/387 385/385/385
f 390/390/390 389/389/389 388/388/388
f 910/910/910 390/390/390 388/388/388
f 393/393/393 392/392/392 391/391/391
f 911/911/911 393/393/393 391/391/391
f 396/396/396 395/395/395 394/394/394
f 912/912/912 396/396/396 394/394/394
f 399/399/399 398/398/398 397/397/397
f 913/913/913 399/399/399 397/397/397
f 402/402/402 401/401/401 400/400/400
f 914/914/914 402/402/402 400/400/400
f 405/405/405 404/404/404 403/403/403
f 915/915/915 405/405/405 403/403/403
f 408/408/408 407/407/407 406/406/406
f 916/916/916 408/408/408 406/406/406
f 411/411/411 410/410/410 409/409/409
f 917/917/917 411/411/411 409/409/409
f 414/414/414 413/413/413 412/412/412
f 918/918/918 414/414/414 412/412/412
f 417/417/417 416/416/416 415/415/415
f 919/919/919 417/417/417 415/415/415
f 420/420/420 419/419/419 418/418/418
f 920/920/920 420/420/420 418/418/418
f 423/423/423 422/422/422 421/421/421
f 921/921/921 423/423/423 421/421/421
f 426/426/426 425/425/425 424/424/424
f 922/922/922 426/426/426 424/424/424
f 429/429/429 428/428/428 427/427/427
f 432/432/432 431/431/431 430/430/430
f 926/926/926 432/432/432 430/430/430
f 435/435/435 434/434/434 433/433/433
f 927/927/927 435/435/435 433/433/433
f 438/438/438 437/437/437 436/436/436
f 928/928/928 438/438/438 436/436/436
f 441/441/441 440/440/440 439/439/439
f 929/929/929 441/441/441 439/439/439
f 444/444/444 443/443/443 442/442/442
f 930/930/930 444/444/444 442/442/442
f 447/447/447 446/446/446 445/445/445
f 931/931/931 447/447/447 445/445/445
f 450/450/450 449/449/449 448/448/448
f 932/932/932 450/450/450 448/448/448
f 453/453/453 452/452/452 451/451/451
f 933/933/933 453/453/453 451/451/451
f 456/456/456 455/455/455 454/454/454
f 934/934/934 456/456/456 454/454/454
f 459/459/459 458/458/458 457/457/457
f 935/935/935 459/459/459 457/457/457
f 462/462/462 461/461/461 460/460/460
f 936/936/936 462/462/462 460/460/460
f 465/465/465 464/464/464 463/463/463
f 937/937/937 465/465/465 463/463/463
f 468/468/468 467/467/467 466/466/466
f 938/938/938 468/468/468 466/466/466
f 471/471/471 470/470/470 469/469/469
f 939/939/939 471/471/471 469/469/469
f 474/474/474 473/473/473 472/472/472
f 940/940/940 474/474/474 472/472/472
f 477/477/477 476/476/476 475/475/475
f 941/941/941 477/477/477 475/475/475
f 480/480/480 479/479/479 478/478/478
f 942/942/942 480/480/480 478/478/478
f 483/483/483 482/482/482 481/481/481
f 943/943/943 483/483/483 481/481/481
f 486/486/486 485/485/485 484/484/484
f 944/944/944 486/486/486 484/484/484
f 489/489/489 488/488/488 487/487/487
f 945/945/945 489/489/489 487/487/487
f 492/492/492 491/491/491 490/490/490
f 946/946/946 492/492/492 490/490/490
f 495/495/495 494/494/494 493/493/493
f 947/947/947 495/495/495 493/493/493
f 498/498/498 497/497/497 496/496/496
f 948/948/948 498/498/498 496/496/496
f 501/501/501 500/500/500 499/499/499
f 949/949/949 501/501/501 499/499/499
f 504/504/504 503/503/503 502/502/502
f 950/950/950 504/504/504 502/502/502
f 507/507/507 506/506/506 505/505/505
f 951/951/951 507/507/507 505/505/505
f 510/510/510 509/509/509 508/508/508
f 952/952/952 510/510/510 508/508/508
f 513/513/513 512/512/512 511/511/511
f 953/953/953 513/513/513 511/511/511
f 516/516/516 515/515/515 514/514/514
f 954/954/954 516/516/516 514/514/514
f 519/519/519 518/518/518 517/517/517
f 955/955/955 519/519/519 517/517/517
f 522/522/522 521/521/521 520/520/520
f 956/956/956 522/522/522 520/520/520
f 525/525/525 524/524/524 523/523/523
f 957/957/957 525/525/525 523/523/523
f 528/528/528 527/527/527 526/526/526
f 958/958/958 528/528/528 526/526/526
f 531/531/531 530/530/530 529/529/529
f 959/959/959 531/531/531 529/529/529
f 534/534/534 533/533/533 532/532/532
f 960/960/960 534/534/534 532/532/532
f 537/537/537 536/536/536 535/535/535
f 961/961/961 537/537/537 535/535/535
f 540/540/540 539/539/539 538/538/538
f 962/962/962 540/540/540 538/538/538
f 543/543/543 542/542/542 541/541/541
f 963/963/963 543/543/543 541/541/541
f 546/546/546 545/545/545 544/544/544
f 964/964/964 546/546/546 544/544/544
f 549/549/549 548/548/548 547/547/547
f 965/965/965 549/549/549 547/547/547
f 552/552/552 551/551/551 550/550/550
f 966/966/966 552/552/552 550/550/550
f 555/555/555 554/554/554 553/553/553
f 967/967/967 555/555/555 553/553/553
f 558/558/558 557/557/557 556/556/556
f 561/561/561 560/560/560 559/559/559
f 971/971/971 561/561/561 559/559/559
f 564/564/564 563/563/563 562/562/562
f 972/972/972 564/564/564 562/562/562
f 567/567/567 566/566/566 565/565/565
f 973/973/973 567/567/567 565/565/565
f 570/570/570 569/569/569 568/568/568
f 974/974/974 570/570/570 568/568/568
f 573/573/573 572/572/572 571/571/571
f 975/975/975 573/573/573 571/571/571
f 576/576/576 575/575/575 574/574/574
f 579/579/579 578/578/578 577/577/577
f 979/979/979 579/579/579 577/577/577
f 582/582/582 581/581/581 580/580/580
f 980/980/980 582/582/582 580/580/580
f 585/585/585 584/584/584 583/583/583
f 981/981/981 585/585/585 583/583/583
f 588/588/588 587/587/587 586/586/586
f 982/982/982 588/588/588 586/586/586
f 591/591/591 590/590/590 589/589/589
f 983/983/983 591/591/591 589/589/589
f 594/594/594 593/593/593 592/592/592
f 984/984/984 594/594/594 592/592/592
f 597/597/597 596/596/596 595/595/595
f 985/985/985 597/597/597 595/595/595
f 600/600/600 599/599/599 598/598/598
f 986/986/986 600/600/600 598/598/598
f 603/603/603 602/602/602 601/601/601
f 987/987/987 603/603/603 601/601/601
f 606/606/606 605/605/605 604/604/604
f 988/988/988 606/606/606 604/604/604
f 609/609/609 608/608/608 607/607/607
f 612/612/612 611/611/611 610/610/610
f 992/992/992 612/612/612 610/610/610
f 615/615/615 614/614/614 613/613/613
f 993/993/993 615/615/615 613/613/613
f 618/618/618 617/617/617 616/616/616
f 994/994/994 618/618/618 616/616/616
f 621/621/621 620/620/620 619/619/619
f 995/995/995 621/621/621 619/619/619
f 624/624/624 623/623/623 622/622/622
f 996/996/996 624/624/624 622/622/622
f 627/627/627 626/626/626 625/625/625
f 997/997/997 627/627/627 625/625/625
f 630/630/630 629/629/629 628/628/628
f 998/998/998 630/630/630 628/628/628
f 633/633/633 632/632/632 631/631/631
f 999/999/999 633/633/633 631/631/631
f 636/636/636 635/635/635 634/634/634
f 1000/1000/1000 636/636/636 634/634/634
f 639/639/639 638/638/638 637/637/637
f 1001/1001/1001 639/639/639 637/637/637
f 642/642/642 641/641/641 640/640/640
f 1002/1002/1002 642/642/642 640/640/640
f 645/645/645 644/644/644 643/643/643
f 1003/1003/1003 645/645/645 643/643/643
f 648/648/648 647/647/647 646/646/646
f 1004/1004/1004 648/648/648 646/646/646
f 651/651/651 650/650/650 649/649/649
f 1005/1005/1005 651/651/651 649/649/649
f 654/654/654 653/653/653 652/652/652
f 657/657/657 656/656/656 655/655/655
f 660/660/660 659/659/659 658/658/658
f 663/663/663 662/662/662 661/661/661
f 666/666/666 665/665/665 664/664/664
f 669/669/669 668/668/668 667/667/667
f 672/672/672 671/671/671 670/670/670
f 675/675/675 674/674/674 673/673/673
f 678/678/678 677/677/677 676/676/676
f 681/681/681 680/680/680 679/679/679
f 684/684/684 683/683/683 682/682/682
f 687/687/687 686/686/686 685/685/685
f 690/690/690 689/689/689 688/688/688
f 693/693/693 692/692/692 691/691/691
f 696/696/696 695/695/695 694/694/694
f 699/699/699 698/698/698 697/697/697
f 702/702/702 701/701/701 700/700/700
f 705/705/705 704/704/704 703/703/703
f 708/708/708 707/707/707 706/706/706
f 711/711/711 710/710/710 709/709/709
f 714/714/714 713/713/713 712/712/712
f 717/717/717 716/716/716 715/715/715
f 720/720/720 719/719/719 718/718/718
f 723/723/723 722/722/722 721/721/721
f 726/726/726 725/725/725 724/724/724
f 729/729/729 728/728/728 727/727/727
f 732/732/732 731/731/731 730/730/730
f 735/735/735 734/734/734 733/733/733
f 738/738/738 737/737/737 736/736/736
f 741/741/741 740/740/740 739/739/739
f 744/744/744 743/743/743 742/742/742
f 747/747/747 746/746/746 745/745/745
f 1006/1006/1006 747/747/747 745/745/745
f 750/750/750 749/749/749 748/748/748
f 1007/1007/1007 750/750/750 748/748/748
f 753/753/753 752/752/752 751/751/751
f 1008/1008/1008 753/753/753 751/751/751
f 756/756/756 755/755/755 754/754/754
f 1009/1009/1009 756/756/756 754/754/754
f 759/759/759 758/758/758 757/757/757
f 1010/1010/1010 759/759/759 757/757/757
f 762/762/762 761/761/761 760/760/760
f 1011/1011/1011 762/762/762 760/760/760
f 765/765/765 764/764/764 763/763/763
f 768/768/768 767/767/767 766/766/766
f 1012/1012/1012 768/768/768 766/766/766
f 801/801/801 800/800/800 799/799/799
f 852/852/852 851/851/851 850/850/850
f 860/860/860 859/859/859 858/858/858
f 877/877/877 876/876/876 875/875/875
f 885/885/885 884/884/884 883/883/883
f 894/894/894 893/893/893 892/892/892
f 925/925/925 924/924/924 923/923/923
f 970/970/970 969/969/969 968/968/968
f 978/978/978 977/977/977 976/976/976
f 991/991/991 990/990/990 989/989/989
f 1015/1015/1015 1014/1014/1014 1013/1013/1013
f 1291/1291/1291 1015/1015/1015 1013/1013/1013
f 1260/1260/1260 1015/1015/1015 1291/1291/1291
f 1013/1013/1013 1014/1014/1014 1270/1270/1270
f 1014/1014/1014 1269/1269/1269 1270/1270/1270
f 1270/1270/1270 1269/1269/1269 1268/1268/1268
f 1291/1291/1291 1013/1013/1013 1517/1517/1517
f 1281/1281/1281 1270/1270/1270 1268/1268/1268
f 1517/1517/1517 1013/1013/1013 1513/1513/1513
f 1013/1013/1013 1270/1270/1270 1513/1513/1513
f 1513/1513/1513 1270/1270/1270 1281/1281/1281
f 1504/1504/1504 1291/1291/1291 1517/1517/1517
f 1515/1515/1515 1513/1513/1513 1281/1281/1281
f 1281/1281/1281 1268/1268/1268 1280/1280/1280
f 1515/1515/1515 1281/1281/1281 1301/1301/1301
f 1301/1301/1301 1281/1281/1281 1280/1280/1280
f 1511/1511/1511 1515/1515/1515 1301/1301/1301
f 1301/1301/1301 1280/1280/1280 1254/1254/1254
f 1259/1259/1259 1260/1260/1260 1291/1291/1291
f 1259/1259/1259 1291/1291/1291 1504/1504/1504
f 1261/1261/1261 1260/1260/1260 1259/1259/1259
f 1255/1255/1255 1301/1301/1301 1254/1254/1254
f 1511/1511/1511 1301/1301/1301 1255/1255/1255
f 1255/1255/1255 1254/1254/1254 1253/1253/1253
f 1302/1302/1302 1261/1261/1261 1259/1259/1259
f 1286/1286/1286 1261/1261/1261 1302/1302/1302
f 1502/1502/1502 1259/1259/1259 1504/1504/1504
f 1302/1302/1302 1259/1259/1259 1502/1502/1502
f 1502/1502/1502 1504/1504/1504 1503/1503/1503
f 1501/1501/1501 1502/1502/1502 1503/1503/1503
f 1285/1285/1285 1286/1286/1286 1302/1302/1302
f 1500/1500/1500 1502/1502/1502 1501/1501/1501
f 1500/1500/1500 1302/1302/1302 1502/1502/1502
f 1285/1285/1285 1302/1302/1302 1500/1500/1500
f 1499/1499/1499 1500/1500/1500 1501/1501/1501
f 1084/1084/1084 1286/1286/1286 1285/1285/1285
f 1498/1498/1498 1500/1500/1500 1499/1499/1499
f 1498/1498/1498 1285/1285/1285 1500/1500/1500
f 1497/1497/1497 1498/1498/1498 1499/1499/1499
f 1083/1083/1083 1084/1084/1084 1285/1285/1285
f 1083/1083/1083 1285/1285/1285 1498/1498/1498
f 1085/1085/1085 1084/1084/1084 1083/1083/1083
f 1496/1496/1496 1498/1498/1498 1497/1497/1497
f 1496/1496/1496 1083/1083/1083 1498/1498/1498
f 1495/1495/1495 1496/1496/1496 1497/1497/1497
f 1300/1300/1300 1085/1085/1085 1083/1083/1083
f 1300/1300/1300 1083/1083/1083 1496/1496/1496
f 1278/1278/1278 1085/1085/1085 1300/1300/1300
f 1494/1494/1494 1496/1496/1496 1495/1495/1495
f 1494/1494/1494 1300/1300/1300 1496/1496/1496
f 1493/1493/1493 1494/1494/1494 1495/1495/1495
f 1277/1277/1277 1278/1278/1278 1300/1300/1300
f 1277/1277/1277 1300/1300/1300 1494/1494/1494
f 1279/1279/1279 1278/1278/1278 1277/1277/1277
f 1492/1492/1492 1494/1494/1494 1493/1493/1493
f 1492/1492/1492 1277/1277/1277 1494/1494/1494
f 1491/1491/1491 1492/1492/1492 1493/1493/1493
f 1508/1508/1508 1279/1279/1279 1277/1277/1277
f 1508/1508/1508 1277/1277/1277 1492/1492/1492
f 1490/1490/1490 1492/1492/1492 1491/1491/1491
f 1490/1490/1490 1508/1508/1508 1492/1492/1492
f 1489/1489/1489 1490/1490/1490 1491/1491/1491
f 1490/1490/1490 1489/1489/1489 1487/1487/1487
f 1508/1508/1508 1307/1307/1307 1279/1279/1279
f 1488/1488/1488 1490/1490/1490 1487/1487/1487
f 1490/1490/1490 1488/1488/1488 1508/1508/1508
f 1488/1488/1488 1307/1307/1307 1508/1508/1508
f 1488/1488/1488 1487/1487/1487 1485/1485/1485
f 1307/1307/1307 1296/1296/1296 1279/1279/1279
f 1486/1486/1486 1488/1488/1488 1485/1485/1485
f 1488/1488/1488 1486/1486/1486 1307/1307/1307
f 1486/1486/1486 1485/1485/1485 1483/1483/1483
f 1307/1307/1307 1297/1297/1297 1296/1296/1296
f 1486/1486/1486 1297/1297/1297 1307/1307/1307
f 1297/1297/1297 1271/1271/1271 1296/1296/1296
f 1484/1484/1484 1486/1486/1486 1483/1483/1483
f 1486/1486/1486 1484/1484/1484 1297/1297/1297
f 1484/1484/1484 1483/1483/1483 1481/1481/1481
f 1297/1297/1297 1273/1273/1273 1271/1271/1271
f 1484/1484/1484 1273/1273/1273 1297/1297/1297
f 1273/1273/1273 1272/1272/1272 1271/1271/1271
f 1482/1482/1482 1484/1484/1484 1481/1481/1481
f 1484/1484/1484 1482/1482/1482 1273/1273/1273
f 1482/1482/1482 1481/1481/1481 1479/1479/1479
f 1273/1273/1273 1305/1305/1305 1272/1272/1272
f 1482/1482/1482 1305/1305/1305 1273/1273/1273
f 1305/1305/1305 1292/1292/1292 1272/1272/1272
f 1480/1480/1480 1482/1482/1482 1479/1479/1479
f 1482/1482/1482 1480/1480/1480 1305/1305/1305
f 1480/1480/1480 1479/1479/1479 1478/1478/1478
f 1516/1516/1516 1480/1480/1480 1478/1478/1478
f 1305/1305/1305 1293/1293/1293 1292/1292/1292
f 1480/1480/1480 1293/1293/1293 1305/1305/1305
f 1480/1480/1480 1516/1516/1516 1293/1293/1293
f 1293/1293/1293 1262/1262/1262 1292/1292/1292
f 1516/1516/1516 1264/1264/1264 1293/1293/1293
f 1293/1293/1293 1264/1264/1264 1262/1262/1262
f 1516/1516/1516 1509/1509/1509 1264/1264/1264
f 1264/1264/1264 1263/1263/1263 1262/1262/1262
f 1509/1509/1509 1303/1303/1303 1264/1264/1264
f 1264/1264/1264 1303/1303/1303 1263/1263/1263
f 1509/1509/1509 1514/1514/1514 1303/1303/1303
f 1303/1303/1303 1289/1289/1289 1263/1263/1263
f 1514/1514/1514 1290/1290/1290 1303/1303/1303
f 1303/1303/1303 1290/1290/1290 1289/1289/1289
f 1514/1514/1514 1510/1510/1510 1290/1290/1290
f 1290/1290/1290 1256/1256/1256 1289/1289/1289
f 1290/1290/1290 1258/1258/1258 1256/1256/1256
f 1510/1510/1510 1258/1258/1258 1290/1290/1290
f 1258/1258/1258 1257/1257/1257 1256/1256/1256
f 1283/1283/1283 1257/1257/1257 1258/1258/1258
f 1282/1282/1282 1258/1258/1258 1510/1510/1510
f 1282/1282/1282 1283/1283/1283 1258/1258/1258
f 1472/1472/1472 1282/1282/1282 1510/1510/1510
f 1284/1284/1284 1283/1283/1283 1282/1282/1282
f 1308/1308/1308 1284/1284/1284 1282/1282/1282
f 1308/1308/1308 1282/1282/1282 1472/1472/1472
f 1299/1299/1299 1284/1284/1284 1308/1308/1308
f 1470/1470/1470 1308/1308/1308 1472/1472/1472
f 1470/1470/1470 1472/1472/1472 1471/1471/1471
f 1469/1469/1469 1470/1470/1470 1471/1471/1471
f 1298/1298/1298 1299/1299/1299 1308/1308/1308
f 1298/1298/1298 1308/1308/1308 1470/1470/1470
f 1275/1275/1275 1299/1299/1299 1298/1298/1298
f 1468/1468/1468 1470/1470/1470 1469/1469/1469
f 1468/1468/1468 1298/1298/1298 1470/1470/1470
f 1467/1467/1467 1468/1468/1468 1469/1469/1469
f 1274/1274/1274 1275/1275/1275 1298/1298/1298
f 1274/1274/1274 1298/1298/1298 1468/1468/1468
f 1276/1276/1276 1275/1275/1275 1274/1274/1274
f 1466/1466/1466 1468/1468/1468 1467/1467/1467
f 1466/1466/1466 1274/1274/1274 1468/1468/1468
f 1465/1465/1465 1466/1466/1466 1467/1467/1467
f 1306/1306/1306 1276/1276/1276 1274/1274/1274
f 1306/1306/1306 1274/1274/1274 1466/1466/1466
f 1295/1295/1295 1276/1276/1276 1306/1306/1306
f 1463/1463/1463 1466/1466/1466 1465/1465/1465
f 1463/1463/1463 1306/1306/1306 1466/1466/1466
f 1462/1462/1462 1463/1463/1463 1465/1465/1465
f 1294/1294/1294 1295/1295/1295 1306/1306/1306
f 1294/1294/1294 1306/1306/1306 1463/1463/1463
f 1265/1265/1265 1295/1295/1295 1294/1294/1294
f 1464/1464/1464 1463/1463/1463 1462/1462/1462
f 1464/1464/1464 1294/1294/1294 1463/1463/1463
f 1658/1658/1658 1464/1464/1464 1462/1462/1462
f 1512/1512/1512 1294/1294/1294 1464/1464/1464
f 1512/1512/1512 1265/1265/1265 1294/1294/1294
f 1459/1459/1459 1512/1512/1512 1464/1464/1464
f 1512/1512/1512 1267/1267/1267 1265/1265/1265
f 1267/1267/1267 1266/1266/1266 1265/1265/1265
f 1459/1459/1459 1457/1457/1457 1512/1512/1512
f 1457/1457/1457 1267/1267/1267 1512/1512/1512
f 1459/1459/1459 1458/1458/1458 1456/1456/1456
f 1457/1457/1457 1459/1459/1459 1456/1456/1456
f 1457/1457/1457 1456/1456/1456 1454/1454/1454
f 1267/1267/1267 1304/1304/1304 1266/1266/1266
f 1455/1455/1455 1457/1457/1457 1454/1454/1454
f 1457/1457/1457 1455/1455/1455 1267/1267/1267
f 1455/1455/1455 1304/1304/1304 1267/1267/1267
f 1455/1455/1455 1454/1454/1454 1452/1452/1452
f 1304/1304/1304 1287/1287/1287 1266/1266/1266
f 1453/1453/1453 1455/1455/1455 1452/1452/1452
f 1455/1455/1455 1453/1453/1453 1304/1304/1304
f 1453/1453/1453 1452/1452/1452 1450/1450/1450
f 1304/1304/1304 1288/1288/1288 1287/1287/1287
f 1453/1453/1453 1288/1288/1288 1304/1304/1304
f 1288/1288/1288 1253/1253/1253 1287/1287/1287
f 1288/1288/1288 1255/1255/1255 1253/1253/1253
f 1451/1451/1451 1453/1453/1453 1450/1450/1450
f 1453/1453/1453 1451/1451/1451 1288/1288/1288
f 1451/1451/1451 1255/1255/1255 1288/1288/1288
f 1451/1451/1451 1450/1450/1450 1449/1449/1449
f 1451/1451/1451 1511/1511/1511 1255/1255/1255
f 1511/1511/1511 1451/1451/1451 1449/1449/1449
f 1018/1018/1018 1017/1017/1017 1016/1016/1016
f 1506/1506/1506 1018/1018/1018 1016/1016/1016
f 1016/1016/1016 1017/1017/1017 1019/1019/1019
f 1507/1507/1507 1018/1018/1018 1506/1506/1506
f 1550/1550/1550 1507/1507/1507 1506/1506/1506
f 1507/1507/1507 1550/1550/1550 1078/1078/1078
f 1018/1018/1018 1519/1519/1519 1017/1017/1017
f 1079/1079/1079 1507/1507/1507 1078/1078/1078
f 1518/1518/1518 1519/1519/1519 1018/1018/1018
f 1507/1507/1507 1518/1518/1518 1018/1018/1018
f 1518/1518/1518 1507/1507/1507 1079/1079/1079
f 1519/1519/1519 1520/1520/1520 1017/1017/1017
f 1549/1549/1549 1518/1518/1518 1079/1079/1079
f 1079/1079/1079 1078/1078/1078 1073/1073/1073
f 1017/1017/1017 1520/1520/1520 1020/1020/1020
f 1017/1017/1017 1020/1020/1020 1019/1019/1019
f 1520/1520/1520 1521/1521/1521 1020/1020/1020
f 1019/1019/1019 1020/1020/1020 1021/1021/1021
f 1074/1074/1074 1079/1079/1079 1073/1073/1073
f 1549/1549/1549 1079/1079/1079 1074/1074/1074
f 1074/1074/1074 1073/1073/1073 1071/1071/1071
f 1548/1548/1548 1549/1549/1549 1074/1074/1074
f 1020/1020/1020 1022/1022/1022 1021/1021/1021
f 1020/1020/1020 1521/1521/1521 1022/1022/1022
f 1021/1021/1021 1022/1022/1022 1023/1023/1023
f 1521/1521/1521 1522/1522/1522 1022/1022/1022
f 1548/1548/1548 1074/1074/1074 1072/1072/1072
f 1072/1072/1072 1074/1074/1074 1071/1071/1071
f 1547/1547/1547 1548/1548/1548 1072/1072/1072
f 1072/1072/1072 1071/1071/1071 1069/1069/1069
f 1022/1022/1022 1522/1522/1522 1024/1024/1024
f 1022/1022/1022 1024/1024/1024 1023/1023/1023
f 1522/1522/1522 1523/1523/1523 1024/1024/1024
f 1023/1023/1023 1024/1024/1024 1025/1025/1025
f 1070/1070/1070 1072/1072/1072 1069/1069/1069
f 1547/1547/1547 1072/1072/1072 1070/1070/1070
f 1070/1070/1070 1069/1069/1069 1067/1067/1067
f 1546/1546/1546 1547/1547/1547 1070/1070/1070
f 1024/1024/1024 1026/1026/1026 1025/1025/1025
f 1024/1024/1024 1523/1523/1523 1026/1026/1026
f 1025/1025/1025 1026/1026/1026 1027/1027/1027
f 1523/1523/1523 1524/1524/1524 1026/1026/1026
f 1546/1546/1546 1070/1070/1070 1068/1068/1068
f 1068/1068/1068 1070/1070/1070 1067/1067/1067
f 1545/1545/1545 1546/1546/1546 1068/1068/1068
f 1068/1068/1068 1067/1067/1067 1065/1065/1065
f 1026/1026/1026 1524/1524/1524 1028/1028/1028
f 1026/1026/1026 1028/1028/1028 1027/1027/1027
f 1524/1524/1524 1525/1525/1525 1028/1028/1028
f 1525/1525/1525 1526/1526/1526 1028/1028/1028
f 1066/1066/1066 1068/1068/1068 1065/1065/1065
f 1545/1545/1545 1068/1068/1068 1066/1066/1066
f 1066/1066/1066 1065/1065/1065 1063/1063/1063
f 1544/1544/1544 1545/1545/1545 1066/1066/1066
f 1526/1526/1526 1030/1030/1030 1028/1028/1028
f 1028/1028/1028 1030/1030/1030 1027/1027/1027
f 1526/1526/1526 1527/1527/1527 1030/1030/1030
f 1030/1030/1030 1029/1029/1029 1027/1027/1027
f 1544/1544/1544 1066/1066/1066 1064/1064/1064
f 1064/1064/1064 1066/1066/1066 1063/1063/1063
f 1543/1543/1543 1544/1544/1544 1064/1064/1064
f 1064/1064/1064 1063/1063/1063 1061/1061/1061
f 1030/1030/1030 1032/1032/1032 1029/1029/1029
f 1527/1527/1527 1032/1032/1032 1030/1030/1030
f 1032/1032/1032 1031/1031/1031 1029/1029/1029
f 1527/1527/1527 1528/1528/1528 1032/1032/1032
f 1062/1062/1062 1064/1064/1064 1061/1061/1061
f 1543/1543/1543 1064/1064/1064 1062/1062/1062
f 1062/1062/1062 1061/1061/1061 1059/1059/1059
f 1542/1542/1542 1543/1543/1543 1062/1062/1062
f 1528/1528/1528 1034/1034/1034 1032/1032/1032
f 1032/1032/1032 1034/1034/1034 1031/1031/1031
f 1528/1528/1528 1529/1529/1529 1034/1034/1034
f 1034/1034/1034 1033/1033/1033 1031/1031/1031
f 1542/1542/1542 1062/1062/1062 1060/1060/1060
f 1060/1060/1060 1062/1062/1062 1059/1059/1059
f 1541/1541/1541 1542/1542/1542 1060/1060/1060
f 1540/1540/1540 1541/1541/1541 1060/1060/1060
f 1034/1034/1034 1036/1036/1036 1033/1033/1033
f 1529/1529/1529 1036/1036/1036 1034/1034/1034
f 1036/1036/1036 1035/1035/1035 1033/1033/1033
f 1529/1529/1529 1530/1530/1530 1036/1036/1036
f 1058/1058/1058 1540/1540/1540 1060/1060/1060
f 1058/1058/1058 1060/1060/1060 1059/1059/1059
f 1539/1539/1539 1540/1540/1540 1058/1058/1058
f 1057/1057/1057 1058/1058/1058 1059/1059/1059
f 1530/1530/1530 1038/1038/1038 1036/1036/1036
f 1036/1036/1036 1038/1038/1038 1035/1035/1035
f 1530/1530/1530 1531/1531/1531 1038/1038/1038
f 1038/1038/1038 1037/1037/1037 1035/1035/1035
f 1056/1056/1056 1058/1058/1058 1057/1057/1057
f 1056/1056/1056 1539/1539/1539 1058/1058/1058
f 1055/1055/1055 1056/1056/1056 1057/1057/1057
f 1538/1538/1538 1539/1539/1539 1056/1056/1056
f 1038/1038/1038 1040/1040/1040 1037/1037/1037
f 1531/1531/1531 1040/1040/1040 1038/1038/1038
f 1040/1040/1040 1039/1039/1039 1037/1037/1037
f 1531/1531/1531 1532/1532/1532 1040/1040/1040
f 1054/1054/1054 1538/1538/1538 1056/1056/1056
f 1054/1054/1054 1056/1056/1056 1055/1055/1055
f 1537/1537/1537 1538/1538/1538 1054/1054/1054
f 1053/1053/1053 1054/1054/1054 1055/1055/1055
f 1040/1040/1040 1042/1042/1042 1039/1039/1039
f 1532/1532/1532 1042/1042/1042 1040/1040/1040
f 1042/1042/1042 1041/1041/1041 1039/1039/1039
f 1041/1041/1041 1042/1042/1042 1043/1043/1043
f 1052/1052/1052 1054/1054/1054 1053/1053/1053
f 1052/1052/1052 1537/1537/1537 1054/1054/1054
f 1051/1051/1051 1052/1052/1052 1053/1053/1053
f 1536/1536/1536 1537/1537/1537 1052/1052/1052
f 1042/1042/1042 1044/1044/1044 1043/1043/1043
f 1042/1042/1042 1532/1532/1532 1044/1044/1044
f 1043/1043/1043 1044/1044/1044 1045/1045/1045
f 1532/1532/1532 1533/1533/1533 1044/1044/1044
f 1050/1050/1050 1536/1536/1536 1052/1052/1052
f 1050/1050/1050 1052/1052/1052 1051/1051/1051
f 1535/1535/1535 1536/1536/1536 1050/1050/1050
f 1049/1049/1049 1050/1050/1050 1051/1051/1051
f 1044/1044/1044 1533/1533/1533 1046/1046/1046
f 1044/1044/1044 1046/1046/1046 1045/1045/1045
f 1533/1533/1533 1534/1534/1534 1046/1046/1046
f 1045/1045/1045 1046/1046/1046 1047/1047/1047
f 1534/1534/1534 1535/1535/1535 1048/1048/1048
f 1046/1046/1046 1534/1534/1534 1048/1048/1048
f 1048/1048/1048 1535/1535/1535 1050/1050/1050
f 1046/1046/1046 1048/1048/1048 1047/1047/1047
f 1048/1048/1048 1050/1050/1050 1049/1049/1049
f 1047/1047/1047 1048/1048/1048 1049/1049/1049
f 1077/1077/1077 1076/1076/1076 1075/1075/1075
f 1117/1117/1117 1077/1077/1077 1075/1075/1075
f 1077/1077/1077 1136/1136/1136 1076/1076/1076
f 1117/1117/1117 1075/1075/1075 1116/1116/1116
f 1139/1139/1139 1117/1117/1117 1116/1116/1116
f 1075/1075/1075 1076/1076/1076 1230/1230/1230
f 1075/1075/1075 1230/1230/1230 1233/1233/1233
f 1116/1116/1116 1075/1075/1075 1233/1233/1233
f 1076/1076/1076 1226/1226/1226 1230/1230/1230
f 1116/1116/1116 1233/1233/1233 1236/1236/1236
f 1076/1076/1076 1110/1110/1110 1226/1226/1226
f 1136/1136/1136 1110/1110/1110 1076/1076/1076
f 1110/1110/1110 1227/1227/1227 1226/1226/1226
f 1136/1136/1136 1112/1112/1112 1110/1110/1110
f 1227/1227/1227 1110/1110/1110 1220/1220/1220
f 1112/1112/1112 1111/1111/1111 1110/1110/1110
f 1110/1110/1110 1111/1111/1111 1220/1220/1220
f 1112/1112/1112 1150/1150/1150 1111/1111/1111
f 1111/1111/1111 1132/1132/1132 1220/1220/1220
f 1150/1150/1150 1132/1132/1132 1111/1111/1111
f 1132/1132/1132 1221/1221/1221 1220/1220/1220
f 1150/1150/1150 1133/1133/1133 1132/1132/1132
f 1221/1221/1221 1132/1132/1132 1214/1214/1214
f 1133/1133/1133 1104/1104/1104 1132/1132/1132
f 1132/1132/1132 1104/1104/1104 1214/1214/1214
f 1133/1133/1133 1106/1106/1106 1104/1104/1104
f 1106/1106/1106 1105/1105/1105 1104/1104/1104
f 1104/1104/1104 1105/1105/1105 1214/1214/1214
f 1105/1105/1105 1215/1215/1215 1214/1214/1214
f 1096/1096/1096 1116/1116/1116 1236/1236/1236
f 1139/1139/1139 1116/1116/1116 1096/1096/1096
f 1096/1096/1096 1236/1236/1236 1239/1239/1239
f 1097/1097/1097 1139/1139/1139 1096/1096/1096
f 1095/1095/1095 1096/1096/1096 1239/1239/1239
f 1097/1097/1097 1096/1096/1096 1095/1095/1095
f 1620/1620/1620 1097/1097/1097 1095/1095/1095
f 1082/1082/1082 1081/1081/1081 1080/1080/1080
f 1594/1594/1594 1082/1082/1082 1080/1080/1080
f 1080/1080/1080 1081/1081/1081 1425/1425/1425
f 1081/1081/1081 1444/1444/1444 1425/1425/1425
f 1594/1594/1594 1080/1080/1080 1593/1593/1593
f 1613/1613/1613 1594/1594/1594 1593/1593/1593
f 1444/1444/1444 1443/1443/1443 1424/1424/1424
f 1425/1425/1425 1444/1444/1444 1424/1424/1424
f 1425/1425/1425 1424/1424/1424 1381/1381/1381
f 1080/1080/1080 1425/1425/1425 1382/1382/1382
f 1382/1382/1382 1425/1425/1425 1381/1381/1381
f 1593/1593/1593 1080/1080/1080 1382/1382/1382
f 1382/1382/1382 1381/1381/1381 1380/1380/1380
f 1613/1613/1613 1593/1593/1593 1585/1585/1585
f 1429/1429/1429 1382/1382/1382 1380/1380/1380
f 1593/1593/1593 1382/1382/1382 1429/1429/1429
f 1585/1585/1585 1593/1593/1593 1429/1429/1429
f 1429/1429/1429 1380/1380/1380 1390/1390/1390
f 1586/1586/1586 1613/1613/1613 1585/1585/1585
f 1391/1391/1391 1429/1429/1429 1390/1390/1390
f 1585/1585/1585 1429/1429/1429 1391/1391/1391
f 1391/1391/1391 1390/1390/1390 1389/1389/1389
f 1586/1586/1586 1585/1585/1585 1584/1584/1584
f 1584/1584/1584 1585/1585/1585 1391/1391/1391
f 1610/1610/1610 1586/1586/1586 1584/1584/1584
f 1433/1433/1433 1391/1391/1391 1389/1389/1389
f 1584/1584/1584 1391/1391/1391 1433/1433/1433
f 1433/1433/1433 1389/1389/1389 1399/1399/1399
f 1610/1610/1610 1584/1584/1584 1576/1576/1576
f 1576/1576/1576 1584/1584/1584 1433/1433/1433
f 1577/1577/1577 1610/1610/1610 1576/1576/1576
f 1400/1400/1400 1433/1433/1433 1399/1399/1399
f 1576/1576/1576 1433/1433/1433 1400/1400/1400
f 1400/1400/1400 1399/1399/1399 1398/1398/1398
f 1577/1577/1577 1576/1576/1576 1575/1575/1575
f 1575/1575/1575 1576/1576/1576 1400/1400/1400
f 1606/1606/1606 1577/1577/1577 1575/1575/1575
f 1437/1437/1437 1400/1400/1400 1398/1398/1398
f 1575/1575/1575 1400/1400/1400 1437/1437/1437
f 1437/1437/1437 1398/1398/1398 1436/1436/1436
f 1616/1616/1616 1437/1437/1437 1436/1436/1436
f 1606/1606/1606 1575/1575/1575 1567/1567/1567
f 1567/1567/1567 1575/1575/1575 1437/1437/1437
f 1567/1567/1567 1437/1437/1437 1616/1616/1616
f 1568/1568/1568 1606/1606/1606 1567/1567/1567
f 1566/1566/1566 1567/1567/1567 1616/1616/1616
f 1568/1568/1568 1567/1567/1567 1566/1566/1566
f 1659/1659/1659 1568/1568/1568 1566/1566/1566
f 1088/1088/1088 1087/1087/1087 1086/1086/1086
f 1088/1088/1088 1143/1143/1143 1087/1087/1087
f 1249/1249/1249 1088/1088/1088 1086/1086/1086
f 1143/1143/1143 1122/1122/1122 1087/1087/1087
f 1143/1143/1143 1124/1124/1124 1122/1122/1122
f 1124/1124/1124 1123/1123/1123 1122/1122/1122
f 1122/1122/1122 1123/1123/1123 1242/1242/1242
f 1246/1246/1246 1122/1122/1122 1242/1242/1242
f 1122/1122/1122 1246/1246/1246 1245/1245/1245
f 1087/1087/1087 1122/1122/1122 1245/1245/1245
f 1086/1086/1086 1087/1087/1087 1245/1245/1245
f 1154/1154/1154 1086/1086/1086 1245/1245/1245
f 1086/1086/1086 1154/1154/1154 1153/1153/1153
f 1249/1249/1249 1086/1086/1086 1130/1130/1130
f 1130/1130/1130 1086/1086/1086 1153/1153/1153
f 1131/1131/1131 1249/1249/1249 1130/1130/1130
f 1129/1129/1129 1130/1130/1130 1153/1153/1153
f 1131/1131/1131 1130/1130/1130 1129/1129/1129
f 1159/1159/1159 1129/1129/1129 1153/1153/1153
f 1137/1137/1137 1131/1131/1131 1129/1129/1129
f 1090/1090/1090 1129/1129/1129 1159/1159/1159
f 1137/1137/1137 1129/1129/1129 1090/1090/1090
f 1162/1162/1162 1090/1090/1090 1159/1159/1159
f 1091/1091/1091 1137/1137/1137 1090/1090/1090
f 1089/1089/1089 1090/1090/1090 1162/1162/1162
f 1091/1091/1091 1090/1090/1090 1089/1089/1089
f 1166/1166/1166 1089/1089/1089 1162/1162/1162
f 1089/1089/1089 1166/1166/1166 1165/1165/1165
f 1119/1119/1119 1091/1091/1091 1089/1089/1089
f 1118/1118/1118 1089/1089/1089 1165/1165/1165
f 1119/1119/1119 1089/1089/1089 1118/1118/1118
f 1621/1621/1621 1119/1119/1119 1118/1118/1118
f 1094/1094/1094 1093/1093/1093 1092/1092/1092
f 1121/1121/1121 1094/1094/1094 1092/1092/1092
f 1094/1094/1094 1138/1138/1138 1093/1093/1093
f 1121/1121/1121 1092/1092/1092 1120/1120/1120
f 1142/1142/1142 1121/1121/1121 1120/1120/1120
f 1092/1092/1092 1093/1093/1093 1197/1197/1197
f 1120/1120/1120 1092/1092/1092 1197/1197/1197
f 1093/1093/1093 1194/1194/1194 1197/1197/1197
f 1203/1203/1203 1120/1120/1120 1197/1197/1197
f 1120/1120/1120 1203/1203/1203 1202/1202/1202
f 1093/1093/1093 1113/1113/1113 1194/1194/1194
f 1138/1138/1138 1113/1113/1113 1093/1093/1093
f 1138/1138/1138 1115/1115/1115 1113/1113/1113
f 1113/1113/1113 1190/1190/1190 1194/1194/1194
f 1115/1115/1115 1114/1114/1114 1113/1113/1113
f 1113/1113/1113 1114/1114/1114 1190/1190/1190
f 1114/1114/1114 1191/1191/1191 1190/1190/1190
f 1099/1099/1099 1120/1120/1120 1202/1202/1202
f 1142/1142/1142 1120/1120/1120 1099/1099/1099
f 1099/1099/1099 1202/1202/1202 1205/1205/1205
f 1100/1100/1100 1142/1142/1142 1099/1099/1099
f 1098/1098/1098 1099/1099/1099 1205/1205/1205
f 1100/1100/1100 1099/1099/1099 1098/1098/1098
f 1098/1098/1098 1205/1205/1205 1208/1208/1208
f 1126/1126/1126 1100/1100/1100 1098/1098/1098
f 1125/1125/1125 1098/1098/1098 1208/1208/1208
f 1126/1126/1126 1098/1098/1098 1125/1125/1125
f 1125/1125/1125 1208/1208/1208 1211/1211/1211
f 1145/1145/1145 1126/1126/1126 1125/1125/1125
f 1144/1144/1144 1125/1125/1125 1211/1211/1211
f 1145/1145/1145 1125/1125/1125 1144/1144/1144
f 1622/1622/1622 1145/1145/1145 1144/1144/1144
f 1103/1103/1103 1102/1102/1102 1101/1101/1101
f 1103/1103/1103 1141/1141/1141 1102/1102/1102
f 1141/1141/1141 1140/1140/1140 1102/1102/1102
f 1128/1128/1128 1103/1103/1103 1101/1101/1101
f 1102/1102/1102 1140/1140/1140 1169/1169/1169
f 1173/1173/1173 1102/1102/1102 1169/1169/1169
f 1102/1102/1102 1173/1173/1173 1172/1172/1172
f 1101/1101/1101 1102/1102/1102 1172/1172/1172
f 1101/1101/1101 1172/1172/1172 1176/1176/1176
f 1128/1128/1128 1101/1101/1101 1127/1127/1127
f 1127/1127/1127 1101/1101/1101 1176/1176/1176
f 1149/1149/1149 1128/1128/1128 1127/1127/1127
f 1108/1108/1108 1127/1127/1127 1176/1176/1176
f 1149/1149/1149 1127/1127/1127 1108/1108/1108
f 1181/1181/1181 1108/1108/1108 1176/1176/1176
f 1109/1109/1109 1149/1149/1149 1108/1108/1108
f 1107/1107/1107 1108/1108/1108 1181/1181/1181
f 1109/1109/1109 1108/1108/1108 1107/1107/1107
f 1185/1185/1185 1107/1107/1107 1181/1181/1181
f 1135/1135/1135 1109/1109/1109 1107/1107/1107
f 1107/1107/1107 1185/1185/1185 1184/1184/1184
f 1135/1135/1135 1107/1107/1107 1134/1134/1134
f 1134/1134/1134 1107/1107/1107 1184/1184/1184
f 1152/1152/1152 1135/1135/1135 1134/1134/1134
f 1151/1151/1151 1134/1134/1134 1184/1184/1184
f 1152/1152/1152 1134/1134/1134 1151/1151/1151
f 1624/1624/1624 1151/1151/1151 1184/1184/1184
f 1623/1623/1623 1152/1152/1152 1151/1151/1151
f 1148/1148/1148 1147/1147/1147 1146/1146/1146
f 1147/1147/1147 1156/1156/1156 1146/1146/1146
f 1156/1156/1156 1248/1248/1248 1146/1146/1146
f 1156/1156/1156 1147/1147/1147 1155/1155/1155
f 1147/1147/1147 1148/1148/1148 1155/1155/1155
f 1157/1157/1157 1156/1156/1156 1155/1155/1155
f 1146/1146/1146 1248/1248/1248 1243/1243/1243
f 1248/1248/1248 1247/1247/1247 1243/1243/1243
f 1247/1247/1247 1241/1241/1241 1243/1243/1243
f 1158/1158/1158 1157/1157/1157 1155/1155/1155
f 1241/1241/1241 1244/1244/1244 1243/1243/1243
f 1146/1146/1146 1243/1243/1243 1244/1244/1244
f 1244/1244/1244 1241/1241/1241 1240/1240/1240
f 1241/1241/1241 1238/1238/1238 1240/1240/1240
f 1240/1240/1240 1238/1238/1238 1237/1237/1237
f 1244/1244/1244 1240/1240/1240 1237/1237/1237
f 1238/1238/1238 1235/1235/1235 1237/1237/1237
f 1204/1204/1204 1146/1146/1146 1244/1244/1244
f 1204/1204/1204 1148/1148/1148 1146/1146/1146
f 1237/1237/1237 1235/1235/1235 1231/1231/1231
f 1235/1235/1235 1234/1234/1234 1231/1231/1231
f 1234/1234/1234 1229/1229/1229 1231/1231/1231
f 1244/1244/1244 1237/1237/1237 1232/1232/1232
f 1237/1237/1237 1231/1231/1231 1232/1232/1232
f 1229/1229/1229 1232/1232/1232 1231/1231/1231
f 1204/1204/1204 1244/1244/1244 1232/1232/1232
f 1232/1232/1232 1229/1229/1229 1228/1228/1228
f 1229/1229/1229 1225/1225/1225 1228/1228/1228
f 1228/1228/1228 1225/1225/1225 1224/1224/1224
f 1232/1232/1232 1228/1228/1228 1224/1224/1224
f 1225/1225/1225 1223/1223/1223 1224/1224/1224
f 1224/1224/1224 1223/1223/1223 1218/1218/1218
f 1232/1232/1232 1224/1224/1224 1218/1218/1218
f 1223/1223/1223 1222/1222/1222 1218/1218/1218
f 1222/1222/1222 1219/1219/1219 1218/1218/1218
f 1232/1232/1232 1218/1218/1218 1213/1213/1213
f 1232/1232/1232 1213/1213/1213 1204/1204/1204
f 1219/1219/1219 1216/1216/1216 1218/1218/1218
f 1219/1219/1219 1217/1217/1217 1216/1216/1216
f 1212/1212/1212 1218/1218/1218 1216/1216/1216
f 1217/1217/1217 1212/1212/1212 1216/1216/1216
f 1218/1218/1218 1212/1212/1212 1213/1213/1213
f 1217/1217/1217 1210/1210/1210 1212/1212/1212
f 1210/1210/1210 1213/1213/1213 1212/1212/1212
f 1213/1213/1213 1210/1210/1210 1209/1209/1209
f 1213/1213/1213 1209/1209/1209 1204/1204/1204
f 1210/1210/1210 1207/1207/1207 1209/1209/1209
f 1209/1209/1209 1207/1207/1207 1204/1204/1204
f 1207/1207/1207 1206/1206/1206 1204/1204/1204
f 1206/1206/1206 1201/1201/1201 1204/1204/1204
f 1201/1201/1201 1148/1148/1148 1204/1204/1204
f 1148/1148/1148 1201/1201/1201 1198/1198/1198
f 1201/1201/1201 1200/1200/1200 1198/1198/1198
f 1155/1155/1155 1148/1148/1148 1198/1198/1198
f 1200/1200/1200 1199/1199/1199 1198/1198/1198
f 1199/1199/1199 1195/1195/1195 1198/1198/1198
f 1199/1199/1199 1196/1196/1196 1195/1195/1195
f 1196/1196/1196 1192/1192/1192 1195/1195/1195
f 1198/1198/1198 1195/1195/1195 1192/1192/1192
f 1196/1196/1196 1193/1193/1193 1192/1192/1192
f 1193/1193/1193 1188/1188/1188 1192/1192/1192
f 1188/1188/1188 1198/1198/1198 1192/1192/1192
f 1193/1193/1193 1189/1189/1189 1188/1188/1188
f 1189/1189/1189 1186/1186/1186 1188/1188/1188
f 1198/1198/1198 1188/1188/1188 1186/1186/1186
f 1189/1189/1189 1183/1183/1183 1186/1186/1186
f 1198/1198/1198 1186/1186/1186 1187/1187/1187
f 1183/1183/1183 1187/1187/1187 1186/1186/1186
f 1187/1187/1187 1183/1183/1183 1182/1182/1182
f 1198/1198/1198 1187/1187/1187 1182/1182/1182
f 1183/1183/1183 1180/1180/1180 1182/1182/1182
f 1177/1177/1177 1198/1198/1198 1182/1182/1182
f 1182/1182/1182 1180/1180/1180 1177/1177/1177
f 1198/1198/1198 1177/1177/1177 1155/1155/1155
f 1180/1180/1180 1179/1179/1179 1177/1177/1177
f 1179/1179/1179 1178/1178/1178 1177/1177/1177
f 1178/1178/1178 1174/1174/1174 1177/1177/1177
f 1155/1155/1155 1177/1177/1177 1174/1174/1174
f 1178/1178/1178 1171/1171/1171 1174/1174/1174
f 1171/1171/1171 1175/1175/1175 1174/1174/1174
f 1155/1155/1155 1174/1174/1174 1175/1175/1175
f 1175/1175/1175 1171/1171/1171 1170/1170/1170
f 1155/1155/1155 1175/1175/1175 1170/1170/1170
f 1171/1171/1171 1168/1168/1168 1170/1170/1170
f 1170/1170/1170 1168/1168/1168 1167/1167/1167
f 1170/1170/1170 1167/1167/1167 1155/1155/1155
f 1168/1168/1168 1164/1164/1164 1167/1167/1167
f 1167/1167/1167 1164/1164/1164 1160/1160/1160
f 1155/1155/1155 1167/1167/1167 1160/1160/1160
f 1164/1164/1164 1163/1163/1163 1160/1160/1160
f 1163/1163/1163 1158/1158/1158 1160/1160/1160
f 1160/1160/1160 1161/1161/1161 1155/1155/1155
f 1161/1161/1161 1158/1158/1158 1155/1155/1155
f 1158/1158/1158 1161/1161/1161 1160/1160/1160
f 1252/1252/1252 1251/1251/1251 1250/1250/1250
f 1361/1361/1361 1252/1252/1252 1250/1250/1250
f 1361/1361/1361 1250/1250/1250 1360/1360/1360
f 1626/1626/1626 1361/1361/1361 1360/1360/1360
f 1252/1252/1252 1349/1349/1349 1251/1251/1251
f 1252/1252/1252 1505/1505/1505 1349/1349/1349
f 1349/1349/1349 1348/1348/1348 1251/1251/1251
f 1505/1505/1505 1446/1446/1446 1349/1349/1349
f 1349/1349/1349 1354/1354/1354 1348/1348/1348
f 1349/1349/1349 1446/1446/1446 1354/1354/1354
f 1446/1446/1446 1445/1445/1445 1354/1354/1354
f 1354/1354/1354 1353/1353/1353 1348/1348/1348
f 1445/1445/1445 1447/1447/1447 1354/1354/1354
f 1354/1354/1354 1372/1372/1372 1353/1353/1353
f 1447/1447/1447 1372/1372/1372 1354/1354/1354
f 1447/1447/1447 1448/1448/1448 1372/1372/1372
f 1372/1372/1372 1339/1339/1339 1353/1353/1353
f 1448/1448/1448 1341/1341/1341 1372/1372/1372
f 1372/1372/1372 1341/1341/1341 1339/1339/1339
f 1341/1341/1341 1340/1340/1340 1339/1339/1339
f 1341/1341/1341 1369/1369/1369 1340/1340/1340
f 1369/1369/1369 1330/1330/1330 1340/1340/1340
f 1369/1369/1369 1332/1332/1332 1330/1330/1330
f 1332/1332/1332 1331/1331/1331 1330/1330/1330
f 1311/1311/1311 1310/1310/1310 1309/1309/1309
f 1619/1619/1619 1311/1311/1311 1309/1309/1309
f 1311/1311/1311 1420/1420/1420 1310/1310/1310
f 1420/1420/1420 1419/1419/1419 1310/1310/1310
f 1596/1596/1596 1311/1311/1311 1619/1619/1619
f 1614/1614/1614 1596/1596/1596 1619/1619/1619
f 1662/1662/1662 1615/1615/1615 1614/1614/1614
f 1615/1615/1615 1596/1596/1596 1614/1614/1614
f 1615/1615/1615 1597/1597/1597 1596/1596/1596
f 1596/1596/1596 1554/1554/1554 1311/1311/1311
f 1597/1597/1597 1554/1554/1554 1596/1596/1596
f 1554/1554/1554 1420/1420/1420 1311/1311/1311
f 1597/1597/1597 1556/1556/1556 1554/1554/1554
f 1420/1420/1420 1441/1441/1441 1419/1419/1419
f 1441/1441/1441 1410/1410/1410 1419/1419/1419
f 1554/1554/1554 1555/1555/1555 1420/1420/1420
f 1556/1556/1556 1555/1555/1555 1554/1554/1554
f 1555/1555/1555 1441/1441/1441 1420/1420/1420
f 1556/1556/1556 1601/1601/1601 1555/1555/1555
f 1441/1441/1441 1412/1412/1412 1410/1410/1410
f 1441/1441/1441 1555/1555/1555 1412/1412/1412
f 1412/1412/1412 1411/1411/1411 1410/1410/1410
f 1601/1601/1601 1563/1563/1563 1555/1555/1555
f 1555/1555/1555 1563/1563/1563 1412/1412/1412
f 1601/1601/1601 1565/1565/1565 1563/1563/1563
f 1412/1412/1412 1438/1438/1438 1411/1411/1411
f 1565/1565/1565 1564/1564/1564 1563/1563/1563
f 1563/1563/1563 1564/1564/1564 1412/1412/1412
f 1564/1564/1564 1438/1438/1438 1412/1412/1412
f 1565/1565/1565 1605/1605/1605 1564/1564/1564
f 1438/1438/1438 1401/1401/1401 1411/1411/1411
f 1605/1605/1605 1572/1572/1572 1564/1564/1564
f 1564/1564/1564 1572/1572/1572 1438/1438/1438
f 1605/1605/1605 1574/1574/1574 1572/1572/1572
f 1438/1438/1438 1403/1403/1403 1401/1401/1401
f 1572/1572/1572 1403/1403/1403 1438/1438/1438
f 1403/1403/1403 1402/1402/1402 1401/1401/1401
f 1574/1574/1574 1573/1573/1573 1572/1572/1572
f 1572/1572/1572 1573/1573/1573 1403/1403/1403
f 1574/1574/1574 1609/1609/1609 1573/1573/1573
f 1609/1609/1609 1608/1608/1608 1573/1573/1573
f 1403/1403/1403 1434/1434/1434 1402/1402/1402
f 1573/1573/1573 1434/1434/1434 1403/1403/1403
f 1573/1573/1573 1608/1608/1608 1434/1434/1434
f 1434/1434/1434 1392/1392/1392 1402/1402/1402
f 1608/1608/1608 1394/1394/1394 1434/1434/1434
f 1434/1434/1434 1394/1394/1394 1392/1392/1392
f 1394/1394/1394 1393/1393/1393 1392/1392/1392
f 1314/1314/1314 1313/1313/1313 1312/1312/1312
f 1362/1362/1362 1314/1314/1314 1312/1312/1312
f 1362/1362/1362 1312/1312/1312 1322/1322/1322
f 1323/1323/1323 1362/1362/1362 1322/1322/1322
f 1323/1323/1323 1322/1322/1322 1321/1321/1321
f 1365/1365/1365 1323/1323/1323 1321/1321/1321
f 1477/1477/1477 1323/1323/1323 1365/1365/1365
f 1365/1365/1365 1321/1321/1321 1334/1334/1334
f 1476/1476/1476 1477/1477/1477 1365/1365/1365
f 1335/1335/1335 1365/1365/1365 1334/1334/1334
f 1476/1476/1476 1365/1365/1365 1335/1335/1335
f 1335/1335/1335 1334/1334/1334 1333/1333/1333
f 1475/1475/1475 1476/1476/1476 1335/1335/1335
f 1370/1370/1370 1335/1335/1335 1333/1333/1333
f 1475/1475/1475 1335/1335/1335 1370/1370/1370
f 1473/1473/1473 1475/1475/1475 1370/1370/1370
f 1474/1474/1474 1473/1473/1473 1370/1370/1370
f 1370/1370/1370 1333/1333/1333 1343/1343/1343
f 1344/1344/1344 1474/1474/1474 1370/1370/1370
f 1344/1344/1344 1370/1370/1370 1343/1343/1343
f 1344/1344/1344 1343/1343/1343 1342/1342/1342
f 1374/1374/1374 1344/1344/1344 1342/1342/1342
f 1374/1374/1374 1342/1342/1342 1373/1373/1373
f 1628/1628/1628 1374/1374/1374 1373/1373/1373
f 1317/1317/1317 1316/1316/1316 1315/1315/1315
f 1461/1461/1461 1460/1460/1460 1317/1317/1317
f 1363/1363/1363 1461/1461/1461 1317/1317/1317
f 1363/1363/1363 1317/1317/1317 1315/1315/1315
f 1317/1317/1317 1359/1359/1359 1316/1316/1316
f 1363/1363/1363 1315/1315/1315 1325/1325/1325
f 1359/1359/1359 1358/1358/1358 1316/1316/1316
f 1326/1326/1326 1363/1363/1363 1325/1325/1325
f 1359/1359/1359 1376/1376/1376 1358/1358/1358
f 1326/1326/1326 1325/1325/1325 1324/1324/1324
f 1376/1376/1376 1350/1350/1350 1358/1358/1358
f 1367/1367/1367 1326/1326/1326 1324/1324/1324
f 1376/1376/1376 1352/1352/1352 1350/1350/1350
f 1352/1352/1352 1351/1351/1351 1350/1350/1350
f 1367/1367/1367 1324/1324/1324 1366/1366/1366
f 1627/1627/1627 1367/1367/1367 1366/1366/1366
f 1320/1320/1320 1319/1319/1319 1318/1318/1318
f 1364/1364/1364 1320/1320/1320 1318/1318/1318
f 1364/1364/1364 1318/1318/1318 1328/1328/1328
f 1329/1329/1329 1364/1364/1364 1328/1328/1328
f 1329/1329/1329 1328/1328/1328 1327/1327/1327
f 1368/1368/1368 1329/1329/1329 1327/1327/1327
f 1368/1368/1368 1327/1327/1327 1337/1337/1337
f 1338/1338/1338 1368/1368/1368 1337/1337/1337
f 1338/1338/1338 1337/1337/1337 1336/1336/1336
f 1371/1371/1371 1338/1338/1338 1336/1336/1336
f 1371/1371/1371 1336/1336/1336 1346/1346/1346
f 1347/1347/1347 1371/1371/1371 1346/1346/1346
f 1347/1347/1347 1346/1346/1346 1345/1345/1345
f 1375/1375/1375 1347/1347/1347 1345/1345/1345
f 1375/1375/1375 1345/1345/1345 1356/1356/1356
f 1357/1357/1357 1375/1375/1375 1356/1356/1356
f 1357/1357/1357 1356/1356/1356 1355/1355/1355
f 1625/1625/1625 1357/1357/1357 1355/1355/1355
f 1379/1379/1379 1378/1378/1378 1377/1377/1377
f 1377/1377/1377 1629/1629/1629 1379/1379/1379
f 1377/1377/1377 1656/1656/1656 1629/1629/1629
f 1629/1629/1629 1656/1656/1656 1632/1632/1632
f 1630/1630/1630 1629/1629/1629 1632/1632/1632
f 1632/1632/1632 1631/1631/1631 1630/1630/1630
f 1631/1631/1631 1632/1632/1632 1641/1641/1641
f 1633/1633/1633 1631/1631/1631 1641/1641/1641
f 1633/1633/1633 1641/1641/1641 1635/1635/1635
f 1635/1635/1635 1634/1634/1634 1633/1633/1633
f 1633/1633/1633 1634/1634/1634 1657/1657/1657
f 1636/1636/1636 1657/1657/1657 1634/1634/1634
f 1636/1636/1636 1634/1634/1634 1640/1640/1640
f 1636/1636/1636 1640/1640/1640 1638/1638/1638
f 1638/1638/1638 1637/1637/1637 1636/1636/1636
f 1637/1637/1637 1638/1638/1638 1639/1639/1639
f 1378/1378/1378 1642/1642/1642 1377/1377/1377
f 1642/1642/1642 1644/1644/1644 1643/1643/1643
f 1645/1645/1645 1644/1644/1644 1642/1642/1642
f 1642/1642/1642 1646/1646/1646 1645/1645/1645
f 1642/1642/1642 1647/1647/1647 1646/1646/1646
f 1642/1642/1642 1648/1648/1648 1647/1647/1647
f 1642/1642/1642 1649/1649/1649 1648/1648/1648
f 1378/1378/1378 1649/1649/1649 1642/1642/1642
f 1378/1378/1378 1650/1650/1650 1649/1649/1649
f 1378/1378/1378 1651/1651/1651 1650/1650/1650
f 1378/1378/1378 1652/1652/1652 1651/1651/1651
f 1652/1652/1652 1378/1378/1378 1653/1653/1653
f 1378/1378/1378 1654/1654/1654 1653/1653/1653
f 1654/1654/1654 1378/1378/1378 1655/1655/1655
f 1385/1385/1385 1384/1384/1384 1383/1383/1383
f 1431/1431/1431 1385/1385/1385 1383/1383/1383
f 1431/1431/1431 1383/1383/1383 1430/1430/1430
f 1617/1617/1617 1431/1431/1431 1430/1430/1430
f 1385/1385/1385 1426/1426/1426 1384/1384/1384
f 1426/1426/1426 1421/1421/1421 1384/1384/1384
f 1582/1582/1582 1431/1431/1431 1617/1617/1617
f 1581/1581/1581 1582/1582/1582 1617/1617/1617
f 1660/1660/1660 1583/1583/1583 1581/1581/1581
f 1583/1583/1583 1582/1582/1582 1581/1581/1581
f 1583/1583/1583 1612/1612/1612 1582/1582/1582
f 1582/1582/1582 1590/1590/1590 1431/1431/1431
f 1612/1612/1612 1590/1590/1590 1582/1582/1582
f 1590/1590/1590 1385/1385/1385 1431/1431/1431
f 1612/1612/1612 1592/1592/1592 1590/1590/1590
f 1590/1590/1590 1591/1591/1591 1385/1385/1385
f 1592/1592/1592 1591/1591/1591 1590/1590/1590
f 1591/1591/1591 1426/1426/1426 1385/1385/1385
f 1592/1592/1592 1595/1595/1595 1591/1591/1591
f 1595/1595/1595 1551/1551/1551 1591/1591/1591
f 1591/1591/1591 1551/1551/1551 1426/1426/1426
f 1595/1595/1595 1553/1553/1553 1551/1551/1551
f 1426/1426/1426 1423/1423/1423 1421/1421/1421
f 1551/1551/1551 1423/1423/1423 1426/1426/1426
f 1423/1423/1423 1422/1422/1422 1421/1421/1421
f 1553/1553/1553 1552/1552/1552 1551/1551/1551
f 1551/1551/1551 1552/1552/1552 1423/1423/1423
f 1553/1553/1553 1600/1600/1600 1552/1552/1552
f 1423/1423/1423 1442/1442/1442 1422/1422/1422
f 1552/1552/1552 1442/1442/1442 1423/1423/1423
f 1442/1442/1442 1413/1413/1413 1422/1422/1422
f 1600/1600/1600 1560/1560/1560 1552/1552/1552
f 1552/1552/1552 1560/1560/1560 1442/1442/1442
f 1600/1600/1600 1562/1562/1562 1560/1560/1560
f 1442/1442/1442 1415/1415/1415 1413/1413/1413
f 1560/1560/1560 1415/1415/1415 1442/1442/1442
f 1415/1415/1415 1414/1414/1414 1413/1413/1413
f 1562/1562/1562 1561/1561/1561 1560/1560/1560
f 1560/1560/1560 1561/1561/1561 1415/1415/1415
f 1562/1562/1562 1604/1604/1604 1561/1561/1561
f 1604/1604/1604 1603/1603/1603 1561/1561/1561
f 1415/1415/1415 1439/1439/1439 1414/1414/1414
f 1561/1561/1561 1439/1439/1439 1415/1415/1415
f 1561/1561/1561 1603/1603/1603 1439/1439/1439
f 1439/1439/1439 1404/1404/1404 1414/1414/1414
f 1603/1603/1603 1406/1406/1406 1439/1439/1439
f 1439/1439/1439 1406/1406/1406 1404/1404/1404
f 1406/1406/1406 1405/1405/1405 1404/1404/1404
f 1388/1388/1388 1387/1387/1387 1386/1386/1386
f 1428/1428/1428 1427/1427/1427 1387/1387/1387
f 1388/1388/1388 1428/1428/1428 1387/1387/1387
f 1588/1588/1588 1428/1428/1428 1388/1388/1388
f 1432/1432/1432 1388/1388/1388 1386/1386/1386
f 1432/1432/1432 1386/1386/1386 1396/1396/1396
f 1587/1587/1587 1588/1588/1588 1388/1388/1388
f 1587/1587/1587 1388/1388/1388 1432/1432/1432
f 1589/1589/1589 1588/1588/1588 1587/1587/1587
f 1611/1611/1611 1589/1589/1589 1587/1587/1587
f 1397/1397/1397 1432/1432/1432 1396/1396/1396
f 1611/1611/1611 1587/1587/1587 1579/1579/1579
f 1579/1579/1579 1587/1587/1587 1432/1432/1432
f 1579/1579/1579 1432/1432/1432 1397/1397/1397
f 1580/1580/1580 1611/1611/1611 1579/1579/1579
f 1397/1397/1397 1396/1396/1396 1395/1395/1395
f 1580/1580/1580 1579/1579/1579 1578/1578/1578
f 1578/1578/1578 1579/1579/1579 1397/1397/1397
f 1607/1607/1607 1580/1580/1580 1578/1578/1578
f 1435/1435/1435 1397/1397/1397 1395/1395/1395
f 1578/1578/1578 1397/1397/1397 1435/1435/1435
f 1435/1435/1435 1395/1395/1395 1408/1408/1408
f 1607/1607/1607 1578/1578/1578 1570/1570/1570
f 1570/1570/1570 1578/1578/1578 1435/1435/1435
f 1571/1571/1571 1607/1607/1607 1570/1570/1570
f 1409/1409/1409 1435/1435/1435 1408/1408/1408
f 1570/1570/1570 1435/1435/1435 1409/1409/1409
f 1409/1409/1409 1408/1408/1408 1407/1407/1407
f 1571/1571/1571 1570/1570/1570 1569/1569/1569
f 1569/1569/1569 1570/1570/1570 1409/1409/1409
f 1602/1602/1602 1571/1571/1571 1569/1569/1569
f 1440/1440/1440 1409/1409/1409 1407/1407/1407
f 1569/1569/1569 1409/1409/1409 1440/1440/1440
f 1440/1440/1440 1407/1407/1407 1417/1417/1417
f 1602/1602/1602 1569/1569/1569 1558/1558/1558
f 1558/1558/1558 1569/1569/1569 1440/1440/1440
f 1559/1559/1559 1602/1602/1602 1558/1558/1558
f 1418/1418/1418 1440/1440/1440 1417/1417/1417
f 1558/1558/1558 1440/1440/1440 1418/1418/1418
f 1418/1418/1418 1417/1417/1417 1416/1416/1416
f 1618/1618/1618 1418/1418/1418 1416/1416/1416
f 1559/1559/1559 1558/1558/1558 1557/1557/1557
f 1557/1557/1557 1558/1558/1558 1418/1418/1418
f 1557/1557/1557 1418/1418/1418 1618/1618/1618
f 1599/1599/1599 1559/1559/1559 1557/1557/1557
f 1598/1598/1598 1557/1557/1557 1618/1618/1618
f 1599/1599/1599 1557/1557/1557 1598/1598/1598
f 1661/1661/1661 1599/1599/1599 1598/1598/1598
