# VPXTOOL table OBJ file
# VPXTOOL OBJ file
# numVerts: 3071 numFaces: 5376
o Ruler_inches
v 0.02548 0.005486 -0.061698
v 0.08745 0.005433 -0.061698
v 0.08745 0.005486 -0.068247
v 0.025496 0.005538 -0.068232
v 0.02548 0.005486 -0.050741
v 0.08745 0.005433 -0.050741
v 0.209101 0.005433 -0.061698
v 0.209101 0.005486 -0.068247
v 0.209101 0.005433 -0.050741
v 0.003579 0.005693 -0.068187
v 0.003516 0.005646 -0.061698
v 0.001996 0.006003 -0.068158
v 0.001881 0.005965 -0.061698
v 0.003516 0.005646 -0.050741
v 0.001881 0.005965 -0.050741
v 0.025544 0.005693 -0.071593
v 0.00377 0.005835 -0.071415
v 0.025576 0.006003 -0.073073
v 0.003897 0.006116 -0.072748
v 0.002344 0.006116 -0.071296
v 0.002813 0.006269 -0.07231
v 0.08745 0.005646 -0.071653
v 0.209101 0.005646 -0.071653
v 0.08745 0.005965 -0.073182
v 0.209101 0.005965 -0.073182
v 0.02548 0.005486 0.105393
v 0.08745 0.005433 0.105393
v 0.08745 0.005433 0.084507
v 0.02548 0.005486 0.084507
v 0.02548 0.005486 0.122024
v 0.08745 0.005433 0.122024
v 0.209101 0.005433 0.105393
v 0.209101 0.005433 0.084507
v 0.209101 0.005433 0.122024
v 0.003516 0.005646 0.084507
v 0.003516 0.005646 0.105393
v 0.001881 0.005965 0.084507
v 0.001881 0.005965 0.105393
v 0.003516 0.005646 0.122024
v 0.001881 0.005965 0.122024
v 0.02548 0.005486 0.060783
v 0.003516 0.005646 0.060783
v 0.02548 0.005486 0.035642
v 0.003516 0.005646 0.035642
v 0.001881 0.005965 0.060783
v 0.001881 0.005965 0.035642
v 0.08745 0.005433 0.060783
v 0.209101 0.005433 0.060783
v 0.08745 0.005433 0.035642
v 0.209101 0.005433 0.035642
v 2.754481 0.005433 0.111787
v 2.751365 0.005433 0.104537
v 2.737866 0.005433 0.11038
v 2.740129 0.005433 0.117348
v 2.767798 0.005433 0.102762
v 2.763646 0.005433 0.095717
v 2.748568 0.005433 0.098277
v 2.735842 0.005433 0.10433
v 2.759934 0.005433 0.089664
v 2.742319 0.005433 0.124405
v 2.757496 0.005433 0.119132
v 2.744125 0.005433 0.130726
v 2.759993 0.005433 0.125675
v 2.771834 0.005433 0.109899
v 2.775199 0.005433 0.116229
v 2.724427 0.005433 0.120113
v 2.725675 0.005433 0.126734
v 2.707061 0.005433 0.120754
v 2.706937 0.005433 0.127134
v 2.726705 0.005433 0.132695
v 2.706838 0.005433 0.132895
v 2.723144 0.005433 0.113578
v 2.722009 0.005433 0.107873
v 2.707195 0.005433 0.11446
v 2.70732 0.005433 0.108957
v 2.798388 0.005433 0.055006
v 2.789798 0.005433 0.052727
v 2.783715 0.005433 0.068986
v 2.79101 0.005433 0.073337
v 2.801266 0.005433 0.035642
v 2.79211 0.005433 0.035642
v 2.78231 0.005433 0.050778
v 2.77732 0.005433 0.065263
v 2.784145 0.005433 0.035642
v 2.798199 0.005433 0.077747
v 2.806881 0.005433 0.057316
v 2.804273 0.005433 0.081643
v 2.81408 0.005433 0.059356
v 2.810332 0.005433 0.035642
v 2.818026 0.005433 0.035642
v 2.780394 0.005433 0.0896
v 2.785959 0.005433 0.095689
v 2.790636 0.005433 0.101076
v 2.774714 0.005433 0.083591
v 2.76969 0.005433 0.078442
v 2.727657 0.005486 -0.069314
v 2.727333 0.005433 -0.065966
v 2.745236 0.005433 -0.064197
v 2.74582 0.005486 -0.067629
v 2.706758 0.005486 -0.069334
v 2.706782 0.005433 -0.066046
v 2.726705 0.005433 -0.061411
v 2.744125 0.005433 -0.059442
v 2.706838 0.005433 -0.061611
v 2.746048 0.005646 -0.069976
v 2.727778 0.005646 -0.071653
v 2.746089 0.005965 -0.071481
v 2.727794 0.005965 -0.073181
v 2.706755 0.005646 -0.071653
v 2.706762 0.005965 -0.073181
v 2.762397 0.005486 -0.062659
v 2.762755 0.005646 -0.064947
v 2.778538 0.005486 -0.052784
v 2.779088 0.005646 -0.054888
v 2.76285 0.005965 -0.06638
v 2.779276 0.005965 -0.056178
v 2.761551 0.005433 -0.059234
v 2.759993 0.005433 -0.054391
v 2.777338 0.005433 -0.049569
v 2.775199 0.005433 -0.044946
v 2.795394 0.005486 -0.036386
v 2.793654 0.005433 -0.033698
v 2.808228 0.005433 -0.013171
v 2.810545 0.005486 -0.015095
v 2.790636 0.005433 -0.029793
v 2.804273 0.005433 -0.010359
v 2.811704 0.005646 -0.016329
v 2.796238 0.005646 -0.038123
v 2.812188 0.005965 -0.017069
v 2.796569 0.005965 -0.039174
v 2.821571 0.005486 0.009458
v 2.822984 0.005646 0.008818
v 2.826052 0.005486 0.035642
v 2.827578 0.005646 0.035642
v 2.823593 0.005965 0.008436
v 2.828242 0.005965 0.035642
v 2.81879 0.005433 0.01046
v 2.81408 0.005433 0.011928
v 2.823068 0.005433 0.035642
v 2.818026 0.005433 0.035642
v 2.74506 0.005486 0.091044
v 2.744101 0.005646 0.089321
v 2.732689 0.005646 0.095323
v 2.733351 0.005486 0.097131
v 2.755322 0.005486 0.082842
v 2.754078 0.005646 0.081294
v 2.743505 0.005965 0.088358
v 2.732285 0.005965 0.094267
v 2.753312 0.005965 0.080466
v 2.73437 0.005433 0.100024
v 2.746508 0.005433 0.093904
v 2.735842 0.005433 0.10433
v 2.748568 0.005433 0.098277
v 2.757217 0.005433 0.085503
v 2.759934 0.005433 0.089664
v 2.720671 0.005486 0.100909
v 2.721206 0.005433 0.103745
v 2.707496 0.005486 0.102181
v 2.707419 0.005433 0.104952
v 2.722009 0.005433 0.107873
v 2.70732 0.005433 0.108957
v 2.72034 0.005646 0.099082
v 2.720149 0.005965 0.097979
v 2.707552 0.005646 0.100378
v 2.70759 0.005965 0.09928
v 0.025544 0.005693 0.142876
v 0.08745 0.005646 0.142936
v 0.08745 0.005486 0.13953
v 0.025496 0.005538 0.139515
v 0.025576 0.006003 0.144356
v 0.08745 0.005965 0.144465
v 0.209101 0.005646 0.142936
v 0.209101 0.005486 0.13953
v 0.209101 0.005965 0.144465
v 0.003579 0.005693 0.13947
v 0.00377 0.005835 0.142698
v 0.001996 0.006003 0.139441
v 0.002344 0.006116 0.142579
v 0.003897 0.006116 0.144032
v 0.002813 0.006269 0.143593
v 0.02548 0.005486 0.132981
v 0.003516 0.005646 0.132981
v 0.001881 0.005965 0.132981
v 0.08745 0.005433 0.132981
v 0.209101 0.005433 0.132981
v 0.209101 0.005433 0.122024
v 0.02548 0.005486 0.0105
v 0.08745 0.005433 0.0105
v 0.08745 0.005433 -0.013224
v 0.02548 0.005486 -0.013224
v 0.209101 0.005433 0.0105
v 0.209101 0.005433 -0.013224
v 0.209101 0.005433 0.035642
v 0.003516 0.005646 -0.013224
v 0.003516 0.005646 0.0105
v 0.001881 0.005965 -0.013224
v 0.001881 0.005965 0.0105
v 0.02548 0.005486 -0.03411
v 0.003516 0.005646 -0.03411
v 0.001881 0.005965 -0.03411
v 0.08745 0.005433 -0.03411
v 0.209101 0.005433 -0.03411
v 0.209101 0.005433 -0.050741
v 2.773762 0.005486 0.048641
v 2.771771 0.005646 0.048183
v 2.768073 0.005646 0.060274
v 2.769874 0.005486 0.061161
v 2.775126 0.005486 0.035642
v 2.773057 0.005646 0.035642
v 2.770682 0.005965 0.047953
v 2.767054 0.005965 0.059822
v 2.771942 0.005965 0.035642
v 2.772831 0.005433 0.062739
v 2.77712 0.005433 0.049461
v 2.77732 0.005433 0.065263
v 2.78231 0.005433 0.050778
v 2.778652 0.005433 0.035642
v 2.784145 0.005433 0.035642
v 2.76366 0.005486 0.072722
v 2.766094 0.005433 0.074934
v 2.76969 0.005433 0.078442
v 2.762122 0.005646 0.071461
v 2.761213 0.005965 0.070807
v 2.616045 0.005433 0.016489
v 2.625179 0.005433 0.018779
v 2.628388 0.005433 0.002714
v 2.6188 0.005433 -0.001765
v 2.61539 0.005433 0.035642
v 2.624281 0.005433 0.035642
v 2.633061 0.005433 0.020746
v 2.636541 0.005433 0.006473
v 2.631964 0.005433 0.035642
v 2.608884 0.005433 -0.006398
v 2.606818 0.005433 0.014232
v 2.599959 0.005433 -0.010194
v 2.598655 0.005433 0.012366
v 2.606408 0.005433 0.035642
v 2.59845 0.005433 0.035642
v 2.624445 0.005433 -0.018219
v 2.613442 0.005433 -0.025468
v 2.634244 0.005433 -0.031553
v 2.623221 0.005433 -0.040513
v 2.603051 0.005433 -0.031323
v 2.610051 0.005433 -0.051286
v 2.634425 0.005433 -0.011752
v 2.642594 0.005433 -0.006555
v 2.643806 0.005433 -0.023823
v 2.651411 0.005433 -0.017717
v 2.694302 0.005486 0.100753
v 2.694823 0.005646 0.098994
v 2.682612 0.005646 0.095159
v 2.681607 0.005486 0.096839
v 2.695104 0.005965 0.097953
v 2.683132 0.005965 0.094218
v 2.679834 0.005433 0.099624
v 2.693412 0.005433 0.103531
v 2.677016 0.005433 0.103877
v 2.692025 0.005433 0.107632
v 2.669925 0.005486 0.090654
v 2.667333 0.005433 0.093371
v 2.659776 0.005486 0.082413
v 2.65656 0.005433 0.084916
v 2.663181 0.005433 0.097673
v 2.651411 0.005433 0.089001
v 2.671379 0.005646 0.089102
v 2.672116 0.005965 0.088293
v 2.661581 0.005646 0.081053
v 2.662498 0.005965 0.080395
v 2.642082 0.005486 0.022798
v 2.644194 0.005646 0.023188
v 2.64783 0.005646 0.011174
v 2.645738 0.005486 0.010415
v 2.640825 0.005486 0.035642
v 2.642929 0.005646 0.035642
v 2.645355 0.005965 0.023357
v 2.648951 0.005965 0.01151
v 2.644101 0.005965 0.035642
v 2.642149 0.005433 0.008944
v 2.638533 0.005433 0.022035
v 2.637324 0.005433 0.035642
v 2.651674 0.005486 -0.001048
v 2.648161 0.005433 -0.003117
v 2.659776 0.005486 -0.01113
v 2.65656 0.005433 -0.013633
v 2.653679 0.005646 0.000042
v 2.65472 0.005965 0.000542
v 2.661581 0.005646 -0.009769
v 2.662498 0.005965 -0.009111
v 2.720671 0.005486 -0.029625
v 2.72034 0.005646 -0.027798
v 2.732689 0.005646 -0.024039
v 2.733351 0.005486 -0.025848
v 2.707496 0.005486 -0.030898
v 2.707552 0.005646 -0.029095
v 2.720149 0.005965 -0.026696
v 2.732285 0.005965 -0.022984
v 2.70759 0.005965 -0.027996
v 2.73437 0.005433 -0.02874
v 2.721206 0.005433 -0.032461
v 2.735842 0.005433 -0.033046
v 2.722009 0.005433 -0.03659
v 2.707419 0.005433 -0.033669
v 2.70732 0.005433 -0.037674
v 2.74506 0.005486 -0.019761
v 2.746508 0.005433 -0.022621
v 2.755322 0.005486 -0.011559
v 2.757217 0.005433 -0.014219
v 2.748568 0.005433 -0.026993
v 2.759934 0.005433 -0.018381
v 2.744101 0.005646 -0.018037
v 2.743505 0.005965 -0.017074
v 2.754078 0.005646 -0.01001
v 2.753312 0.005965 -0.009182
v 2.76366 0.005486 -0.001438
v 2.762122 0.005646 -0.000177
v 2.768073 0.005646 0.01101
v 2.769874 0.005486 0.010122
v 2.761213 0.005965 0.000477
v 2.767054 0.005965 0.011462
v 2.772831 0.005433 0.008544
v 2.766094 0.005433 -0.00365
v 2.77732 0.005433 0.006021
v 2.76969 0.005433 -0.007158
v 2.773762 0.005486 0.022642
v 2.77712 0.005433 0.021822
v 2.78231 0.005433 0.020505
v 2.771771 0.005646 0.0231
v 2.770682 0.005965 0.023331
v 2.651674 0.005486 0.072332
v 2.653679 0.005646 0.071242
v 2.64783 0.005646 0.060109
v 2.645738 0.005486 0.060869
v 2.65472 0.005965 0.070742
v 2.648951 0.005965 0.059773
v 2.642149 0.005433 0.06234
v 2.648161 0.005433 0.074401
v 2.636541 0.005433 0.06481
v 2.642594 0.005433 0.077839
v 2.642082 0.005486 0.048485
v 2.638533 0.005433 0.049248
v 2.633061 0.005433 0.050537
v 2.644194 0.005646 0.048096
v 2.645355 0.005965 0.047927
v 2.821571 0.005486 0.061826
v 2.81879 0.005433 0.060824
v 2.808228 0.005433 0.084454
v 2.810545 0.005486 0.086379
v 2.81408 0.005433 0.059356
v 2.804273 0.005433 0.081643
v 2.811704 0.005646 0.087612
v 2.822984 0.005646 0.062465
v 2.812188 0.005965 0.088353
v 2.823593 0.005965 0.062848
v 2.795394 0.005486 0.10767
v 2.796238 0.005646 0.109407
v 2.778538 0.005486 0.124068
v 2.779088 0.005646 0.126171
v 2.796569 0.005965 0.110458
v 2.779276 0.005965 0.127461
v 2.793654 0.005433 0.104981
v 2.790636 0.005433 0.101076
v 2.777338 0.005433 0.120853
v 2.775199 0.005433 0.116229
v 2.724427 0.005433 -0.04883
v 2.723144 0.005433 -0.042294
v 2.737866 0.005433 -0.039097
v 2.740129 0.005433 -0.046065
v 2.707061 0.005433 -0.04947
v 2.707195 0.005433 -0.043176
v 2.742319 0.005433 -0.053122
v 2.725675 0.005433 -0.055451
v 2.706937 0.005433 -0.055851
v 2.754481 0.005433 -0.040504
v 2.757496 0.005433 -0.047849
v 2.767798 0.005433 -0.031478
v 2.771834 0.005433 -0.038616
v 2.751365 0.005433 -0.033253
v 2.763646 0.005433 -0.024434
v 2.65672 0.005433 0.136637
v 2.631514 0.005433 0.135253
v 2.631163 0.005486 0.140098
v 2.655908 0.005486 0.140444
v 2.658814 0.005433 0.131387
v 2.634107 0.005433 0.128602
v 2.610495 0.005433 0.133856
v 2.610701 0.005486 0.139749
v 2.610051 0.005433 0.122569
v 2.681975 0.005486 0.140591
v 2.682527 0.005433 0.137227
v 2.706759 0.005486 0.140617
v 2.706783 0.005433 0.137329
v 2.683633 0.005433 0.132639
v 2.706838 0.005433 0.132895
v 2.655637 0.005646 0.142936
v 2.681791 0.005646 0.142936
v 2.655635 0.005965 0.144465
v 2.681791 0.005965 0.144465
v 2.706755 0.005646 0.142936
v 2.706762 0.005965 0.144465
v 2.631045 0.005646 0.142936
v 2.610769 0.005646 0.142936
v 2.631043 0.005965 0.144465
v 2.610768 0.005965 0.144465
v 2.780394 0.005433 -0.018317
v 2.774714 0.005433 -0.012308
v 2.783715 0.005433 0.002298
v 2.79101 0.005433 -0.002054
v 2.798199 0.005433 -0.006463
v 2.785959 0.005433 -0.024406
v 2.798388 0.005433 0.016277
v 2.806881 0.005433 0.013967
v 2.801266 0.005433 0.035642
v 2.810332 0.005433 0.035642
v 2.789798 0.005433 0.018557
v 2.79211 0.005433 0.035642
v 2.762397 0.005486 0.133942
v 2.761551 0.005433 0.130517
v 2.745236 0.005433 0.135481
v 2.74582 0.005486 0.138912
v 2.759993 0.005433 0.125675
v 2.744125 0.005433 0.130726
v 2.746048 0.005646 0.14126
v 2.762755 0.005646 0.13623
v 2.746089 0.005965 0.142765
v 2.76285 0.005965 0.137663
v 2.727657 0.005486 0.140597
v 2.727778 0.005646 0.142936
v 2.727794 0.005965 0.144465
v 2.727333 0.005433 0.137249
v 2.726705 0.005433 0.132695
v 2.669925 0.005486 -0.019371
v 2.671379 0.005646 -0.017818
v 2.682612 0.005646 -0.023875
v 2.681607 0.005486 -0.025556
v 2.672116 0.005965 -0.01701
v 2.683132 0.005965 -0.022935
v 2.679834 0.005433 -0.02834
v 2.667333 0.005433 -0.022088
v 2.677016 0.005433 -0.032594
v 2.663181 0.005433 -0.02639
v 2.694302 0.005486 -0.029469
v 2.693412 0.005433 -0.032248
v 2.692025 0.005433 -0.036348
v 2.694823 0.005646 -0.027711
v 2.695104 0.005965 -0.02667
v 2.588972 0.005433 0.105268
v 2.594907 0.005433 0.104892
v 2.593345 0.005433 0.083449
v 2.588581 0.005433 0.084242
v 2.589371 0.005433 0.12207
v 2.596506 0.005433 0.122206
v 2.603051 0.005433 0.102607
v 2.599959 0.005433 0.081477
v 2.585206 0.005433 0.084507
v 2.585206 0.005433 0.105393
v 2.582487 0.005433 0.084507
v 2.582487 0.005433 0.105393
v 2.585206 0.005433 0.122024
v 2.582487 0.005433 0.122024
v 2.588424 0.005433 0.060597
v 2.585206 0.005433 0.060784
v 2.588403 0.005433 0.035642
v 2.585206 0.005433 0.035642
v 2.582487 0.005433 0.060784
v 2.582487 0.005433 0.035642
v 2.592716 0.005433 0.060037
v 2.598655 0.005433 0.058917
v 2.592633 0.005433 0.035642
v 0.670633 0.005433 0.0105
v 0.970836 0.005433 0.0105
v 0.970836 0.005433 -0.013224
v 0.670633 0.005433 -0.013224
v 0.670633 0.005433 0.035642
v 0.970836 0.005433 0.035642
v 1.290879 0.005433 0.0105
v 1.290879 0.005433 -0.013224
v 1.290879 0.005433 0.035642
v 0.410108 0.005433 -0.013224
v 0.410108 0.005433 0.0105
v 0.410108 0.005433 0.035642
v 0.670633 0.005433 -0.03411
v 0.410108 0.005433 -0.03411
v 0.670633 0.005433 -0.050741
v 0.410108 0.005433 -0.050741
v 0.970836 0.005433 -0.03411
v 1.290879 0.005433 -0.03411
v 0.970836 0.005433 -0.050741
v 1.290879 0.005433 -0.050741
v 0.670633 0.005646 0.142936
v 0.970836 0.005646 0.142936
v 0.970836 0.005486 0.13953
v 0.670633 0.005486 0.13953
v 0.670633 0.005965 0.144465
v 0.970836 0.005965 0.144465
v 1.290879 0.005646 0.142936
v 1.290879 0.005486 0.13953
v 1.290879 0.005965 0.144465
v 0.410108 0.005486 0.13953
v 0.410108 0.005646 0.142936
v 0.410108 0.005965 0.144465
v 0.670633 0.005433 0.132981
v 0.410108 0.005433 0.132981
v 0.670633 0.005433 0.122024
v 0.410108 0.005433 0.122024
v 0.970836 0.005433 0.132981
v 1.290879 0.005433 0.132981
v 0.970836 0.005433 0.122024
v 1.290879 0.005433 0.122024
v 0.670633 0.005433 0.105393
v 0.970836 0.005433 0.105393
v 0.970836 0.005433 0.084507
v 0.670633 0.005433 0.084507
v 1.290879 0.005433 0.105393
v 1.290879 0.005433 0.084507
v 0.410108 0.005433 0.084507
v 0.410108 0.005433 0.105393
v 0.209101 0.005433 0.084507
v 0.209101 0.005433 0.105393
v 0.670633 0.005433 0.060783
v 0.410108 0.005433 0.060783
v 0.209101 0.005433 0.060783
v 0.970836 0.005433 0.060783
v 1.290879 0.005433 0.060783
v 0.670633 0.005433 -0.061698
v 0.970836 0.005433 -0.061698
v 0.970836 0.005486 -0.068247
v 0.670633 0.005486 -0.068247
v 1.290879 0.005433 -0.061698
v 1.290879 0.005486 -0.068247
v 0.410108 0.005486 -0.068247
v 0.410108 0.005433 -0.061698
v 0.209101 0.005486 -0.068247
v 0.209101 0.005433 -0.061698
v 0.670633 0.005646 -0.071653
v 0.410108 0.005646 -0.071653
v 0.670633 0.005965 -0.073182
v 0.410108 0.005965 -0.073182
v 0.209101 0.005646 -0.071653
v 0.209101 0.005965 -0.073182
v 0.970836 0.005646 -0.071653
v 1.290879 0.005646 -0.071653
v 0.970836 0.005965 -0.073182
v 1.290879 0.005965 -0.073182
v 0.08745 0.022357 -0.068247
v 0.08745 0.02241 -0.061698
v 0.02548 0.022357 -0.061698
v 0.025496 0.022305 -0.068232
v 0.209101 0.022357 -0.068247
v 0.209101 0.02241 -0.061698
v 0.08745 0.02241 -0.050741
v 0.02548 0.022357 -0.050741
v 0.209101 0.02241 -0.050741
v 0.025544 0.022149 -0.071593
v 0.08745 0.022197 -0.071653
v 0.025576 0.021839 -0.073073
v 0.08745 0.021877 -0.073182
v 0.209101 0.022197 -0.071653
v 0.209101 0.021877 -0.073182
v 0.003579 0.022149 -0.068187
v 0.00377 0.022007 -0.071415
v 0.001996 0.021839 -0.068158
v 0.002344 0.021726 -0.071296
v 0.003897 0.021726 -0.072748
v 0.002813 0.021573 -0.07231
v 0.003516 0.022197 -0.061698
v 0.003516 0.022197 -0.050741
v 0.001881 0.021877 -0.061698
v 0.001881 0.021877 -0.050741
v 0.08745 0.02241 0.084507
v 0.08745 0.02241 0.105393
v 0.02548 0.022357 0.105393
v 0.02548 0.022357 0.084507
v 0.209101 0.02241 0.084507
v 0.209101 0.02241 0.105393
v 0.08745 0.02241 0.122024
v 0.02548 0.022357 0.122024
v 0.209101 0.02241 0.122024
v 0.02548 0.022357 0.060783
v 0.08745 0.02241 0.060783
v 0.02548 0.022357 0.035642
v 0.08745 0.02241 0.035642
v 0.209101 0.02241 0.060783
v 0.209101 0.02241 0.035642
v 0.003516 0.022197 0.084507
v 0.003516 0.022197 0.060783
v 0.001881 0.021877 0.084507
v 0.001881 0.021877 0.060783
v 0.003516 0.022197 0.035642
v 0.001881 0.021877 0.035642
v 0.003516 0.022197 0.105393
v 0.003516 0.022197 0.122024
v 0.001881 0.021877 0.105393
v 0.001881 0.021877 0.122024
v 2.737866 0.02241 0.11038
v 2.751365 0.02241 0.104537
v 2.754481 0.02241 0.111787
v 2.740129 0.02241 0.117348
v 2.735842 0.02241 0.10433
v 2.748568 0.02241 0.098277
v 2.763646 0.02241 0.095717
v 2.767798 0.02241 0.102762
v 2.759934 0.02241 0.089664
v 2.724427 0.02241 0.120113
v 2.723144 0.02241 0.113578
v 2.707061 0.02241 0.120754
v 2.707195 0.02241 0.114459
v 2.722009 0.02241 0.107873
v 2.70732 0.02241 0.108957
v 2.742319 0.02241 0.124405
v 2.725675 0.02241 0.126734
v 2.744125 0.02241 0.130726
v 2.726705 0.02241 0.132695
v 2.706937 0.02241 0.127134
v 2.706838 0.02241 0.132895
v 2.757496 0.02241 0.119132
v 2.771834 0.02241 0.109899
v 2.759993 0.02241 0.125675
v 2.775199 0.02241 0.116229
v 2.783715 0.02241 0.068986
v 2.789798 0.02241 0.052727
v 2.798388 0.02241 0.055006
v 2.79101 0.02241 0.073337
v 2.77732 0.02241 0.065263
v 2.78231 0.02241 0.050778
v 2.79211 0.02241 0.035642
v 2.801266 0.02241 0.035642
v 2.784145 0.02241 0.035642
v 2.780394 0.02241 0.0896
v 2.774714 0.02241 0.083591
v 2.76969 0.02241 0.078442
v 2.798199 0.02241 0.077747
v 2.785959 0.02241 0.095689
v 2.804273 0.02241 0.081643
v 2.790636 0.02241 0.101076
v 2.806881 0.02241 0.057316
v 2.810332 0.02241 0.035642
v 2.81408 0.02241 0.059356
v 2.818026 0.02241 0.035642
v 2.745236 0.02241 -0.064197
v 2.727333 0.02241 -0.065966
v 2.727657 0.022357 -0.069314
v 2.74582 0.022357 -0.067629
v 2.744125 0.02241 -0.059442
v 2.726705 0.02241 -0.061411
v 2.706782 0.02241 -0.066046
v 2.706758 0.022357 -0.069334
v 2.706838 0.02241 -0.061611
v 2.762397 0.022357 -0.062659
v 2.761551 0.02241 -0.059234
v 2.778538 0.022357 -0.052784
v 2.777338 0.02241 -0.049569
v 2.759993 0.02241 -0.054391
v 2.775199 0.02241 -0.044946
v 2.746048 0.022197 -0.069976
v 2.762755 0.022197 -0.064947
v 2.746089 0.021877 -0.071481
v 2.76285 0.021877 -0.06638
v 2.779088 0.022197 -0.054888
v 2.779276 0.021877 -0.056178
v 2.727778 0.022197 -0.071653
v 2.706755 0.022197 -0.071653
v 2.727794 0.021877 -0.073181
v 2.706762 0.021877 -0.073181
v 2.808228 0.02241 -0.013171
v 2.793654 0.02241 -0.033698
v 2.795394 0.022357 -0.036386
v 2.810545 0.022357 -0.015095
v 2.804273 0.02241 -0.010359
v 2.790636 0.02241 -0.029793
v 2.821571 0.022357 0.009458
v 2.81879 0.02241 0.01046
v 2.826052 0.022357 0.035642
v 2.823068 0.02241 0.035642
v 2.81408 0.02241 0.011928
v 2.811704 0.022197 -0.016329
v 2.822984 0.022197 0.008818
v 2.812188 0.021877 -0.017069
v 2.823593 0.021877 0.008436
v 2.827578 0.022197 0.035642
v 2.828242 0.021877 0.035642
v 2.796238 0.022197 -0.038123
v 2.796569 0.021877 -0.039174
v 2.732689 0.022197 0.095323
v 2.744101 0.022197 0.089321
v 2.74506 0.022357 0.091044
v 2.733351 0.022357 0.097131
v 2.732285 0.021877 0.094267
v 2.743505 0.021877 0.088358
v 2.754078 0.022197 0.081294
v 2.755322 0.022357 0.082842
v 2.753312 0.021877 0.080466
v 2.720671 0.022357 0.100909
v 2.72034 0.022197 0.099082
v 2.707496 0.022357 0.102181
v 2.707552 0.022197 0.100378
v 2.720149 0.021877 0.097979
v 2.70759 0.021877 0.09928
v 2.73437 0.02241 0.100024
v 2.721206 0.02241 0.103745
v 2.707419 0.02241 0.104952
v 2.746508 0.02241 0.093904
v 2.757217 0.02241 0.085503
v 0.08745 0.022357 0.13953
v 0.08745 0.022197 0.142936
v 0.025544 0.022149 0.142876
v 0.025496 0.022305 0.139515
v 0.209101 0.022357 0.13953
v 0.209101 0.022197 0.142936
v 0.08745 0.021877 0.144465
v 0.025576 0.021839 0.144356
v 0.209101 0.021877 0.144465
v 0.02548 0.022357 0.132981
v 0.08745 0.02241 0.132981
v 0.209101 0.02241 0.132981
v 0.003579 0.022149 0.13947
v 0.003516 0.022197 0.132981
v 0.001996 0.021839 0.139441
v 0.001881 0.021877 0.132981
v 0.00377 0.022007 0.142698
v 0.003897 0.021726 0.144032
v 0.002344 0.021726 0.142579
v 0.002813 0.021573 0.143593
v 0.08745 0.02241 -0.013224
v 0.08745 0.02241 0.0105
v 0.02548 0.022357 0.0105
v 0.02548 0.022357 -0.013224
v 0.209101 0.02241 -0.013224
v 0.209101 0.02241 0.0105
v 0.02548 0.022357 -0.03411
v 0.08745 0.02241 -0.03411
v 0.209101 0.02241 -0.03411
v 0.003516 0.022197 -0.013224
v 0.003516 0.022197 -0.03411
v 0.001881 0.021877 -0.013224
v 0.001881 0.021877 -0.03411
v 0.003516 0.022197 0.0105
v 0.001881 0.021877 0.0105
v 2.768073 0.022197 0.060274
v 2.771771 0.022197 0.048183
v 2.773762 0.022357 0.048641
v 2.769874 0.022357 0.061161
v 2.767054 0.021877 0.059822
v 2.770682 0.021877 0.047953
v 2.773057 0.022197 0.035642
v 2.775126 0.022357 0.035642
v 2.771942 0.021877 0.035642
v 2.76366 0.022357 0.072722
v 2.762122 0.022197 0.071461
v 2.761213 0.021877 0.070807
v 2.772831 0.02241 0.062739
v 2.766094 0.02241 0.074934
v 2.77712 0.02241 0.049461
v 2.778652 0.02241 0.035642
v 2.682612 0.022197 0.095159
v 2.694823 0.022197 0.098994
v 2.694302 0.022357 0.100753
v 2.681607 0.022357 0.096839
v 2.683132 0.021877 0.094218
v 2.695104 0.021877 0.097953
v 2.669925 0.022357 0.090654
v 2.671379 0.022197 0.089102
v 2.659776 0.022357 0.082413
v 2.661581 0.022197 0.081053
v 2.672116 0.021877 0.088293
v 2.662498 0.021877 0.080395
v 2.679834 0.02241 0.099624
v 2.667333 0.02241 0.093371
v 2.677016 0.02241 0.103877
v 2.663181 0.02241 0.097673
v 2.65656 0.02241 0.084916
v 2.65141 0.02241 0.089001
v 2.693412 0.02241 0.103531
v 2.692025 0.02241 0.107632
v 2.64783 0.022197 0.011174
v 2.644194 0.022197 0.023188
v 2.642082 0.022357 0.022798
v 2.645738 0.022357 0.010415
v 2.648951 0.021877 0.01151
v 2.645355 0.021877 0.023357
v 2.642929 0.022197 0.035642
v 2.640825 0.022357 0.035642
v 2.644101 0.021877 0.035642
v 2.651674 0.022357 -0.001048
v 2.653679 0.022197 0.000042
v 2.659776 0.022357 -0.01113
v 2.661581 0.022197 -0.009769
v 2.65472 0.021877 0.000542
v 2.662498 0.021877 -0.009111
v 2.642149 0.02241 0.008944
v 2.648161 0.02241 -0.003117
v 2.636541 0.02241 0.006473
v 2.642594 0.02241 -0.006555
v 2.65656 0.02241 -0.013633
v 2.651411 0.02241 -0.017717
v 2.638533 0.02241 0.022035
v 2.637324 0.02241 0.035642
v 2.633061 0.02241 0.020746
v 2.631964 0.02241 0.035642
v 2.732689 0.022197 -0.024039
v 2.72034 0.022197 -0.027798
v 2.720671 0.022357 -0.029625
v 2.733351 0.022357 -0.025848
v 2.732285 0.021877 -0.022984
v 2.720149 0.021877 -0.026696
v 2.707552 0.022197 -0.029095
v 2.707496 0.022357 -0.030898
v 2.70759 0.021877 -0.027996
v 2.74506 0.022357 -0.019761
v 2.744101 0.022197 -0.018037
v 2.755322 0.022357 -0.011559
v 2.754078 0.022197 -0.01001
v 2.743505 0.021877 -0.017074
v 2.753312 0.021877 -0.009182
v 2.73437 0.02241 -0.02874
v 2.746508 0.02241 -0.022621
v 2.735842 0.02241 -0.033046
v 2.748568 0.02241 -0.026993
v 2.757217 0.02241 -0.014219
v 2.759934 0.02241 -0.018381
v 2.721206 0.02241 -0.032461
v 2.707419 0.02241 -0.033669
v 2.722009 0.02241 -0.03659
v 2.70732 0.02241 -0.037674
v 2.768073 0.022197 0.01101
v 2.762122 0.022197 -0.000177
v 2.76366 0.022357 -0.001438
v 2.769874 0.022357 0.010122
v 2.767054 0.021877 0.011462
v 2.761213 0.021877 0.000477
v 2.773762 0.022357 0.022642
v 2.771771 0.022197 0.0231
v 2.770682 0.021877 0.023331
v 2.772831 0.02241 0.008544
v 2.77712 0.02241 0.021822
v 2.77732 0.02241 0.006021
v 2.78231 0.02241 0.020505
v 2.766094 0.02241 -0.00365
v 2.76969 0.02241 -0.007158
v 2.64783 0.022197 0.060109
v 2.653679 0.022197 0.071242
v 2.651674 0.022357 0.072332
v 2.645738 0.022357 0.060869
v 2.648951 0.021877 0.059773
v 2.65472 0.021877 0.070742
v 2.642082 0.022357 0.048485
v 2.644194 0.022197 0.048096
v 2.645355 0.021877 0.047927
v 2.642149 0.02241 0.06234
v 2.638533 0.02241 0.049248
v 2.636541 0.02241 0.06481
v 2.633061 0.02241 0.050537
v 2.648161 0.02241 0.074401
v 2.642594 0.02241 0.077839
v 2.808228 0.02241 0.084454
v 2.81879 0.02241 0.060824
v 2.821571 0.022357 0.061826
v 2.810545 0.022357 0.086379
v 2.795394 0.022357 0.10767
v 2.793654 0.02241 0.104981
v 2.778538 0.022357 0.124068
v 2.777338 0.02241 0.120853
v 2.811704 0.022197 0.087612
v 2.796238 0.022197 0.109407
v 2.812188 0.021877 0.088353
v 2.796569 0.021877 0.110458
v 2.779088 0.022197 0.126171
v 2.779276 0.021877 0.127461
v 2.822984 0.022197 0.062465
v 2.823593 0.021877 0.062848
v 2.737866 0.02241 -0.039097
v 2.723144 0.02241 -0.042294
v 2.724427 0.02241 -0.04883
v 2.740129 0.02241 -0.046065
v 2.707195 0.02241 -0.043176
v 2.707061 0.02241 -0.04947
v 2.754481 0.02241 -0.040504
v 2.751365 0.02241 -0.033253
v 2.767798 0.02241 -0.031478
v 2.763646 0.02241 -0.024434
v 2.742319 0.02241 -0.053122
v 2.757496 0.02241 -0.047849
v 2.771834 0.02241 -0.038616
v 2.725675 0.02241 -0.055451
v 2.706937 0.02241 -0.055851
v 2.585206 0.005486 -0.068247
v 2.585206 0.005433 -0.061698
v 2.589557 0.005433 -0.061759
v 2.589616 0.005486 -0.068262
v 2.582487 0.005486 -0.068247
v 2.582487 0.005433 -0.061698
v 2.585206 0.005433 -0.050741
v 2.589371 0.005433 -0.050786
v 2.582487 0.005433 -0.050741
v 2.589635 0.005646 -0.071653
v 2.585206 0.005646 -0.071653
v 2.589635 0.005965 -0.073181
v 2.585206 0.005965 -0.073181
v 2.582487 0.005646 -0.071653
v 2.582487 0.005965 -0.073181
v 2.597483 0.005486 -0.068308
v 2.597561 0.005646 -0.071653
v 2.610701 0.005486 -0.068465
v 2.610769 0.005646 -0.071653
v 2.59756 0.005965 -0.073181
v 2.610768 0.005965 -0.073181
v 2.597248 0.005433 -0.061943
v 2.596506 0.005433 -0.050922
v 2.610495 0.005433 -0.062573
v 2.783715 0.02241 0.002298
v 2.774714 0.02241 -0.012308
v 2.780394 0.02241 -0.018317
v 2.79101 0.02241 -0.002054
v 2.798388 0.02241 0.016277
v 2.789798 0.02241 0.018557
v 2.798199 0.02241 -0.006463
v 2.806881 0.02241 0.013967
v 2.785959 0.02241 -0.024406
v 2.745236 0.02241 0.135481
v 2.761551 0.02241 0.130517
v 2.762397 0.022357 0.133942
v 2.74582 0.022357 0.138912
v 2.727657 0.022357 0.140597
v 2.727333 0.02241 0.137249
v 2.706758 0.022357 0.140617
v 2.706782 0.02241 0.137329
v 2.746048 0.022197 0.14126
v 2.727778 0.022197 0.142936
v 2.746089 0.021877 0.142765
v 2.727794 0.021877 0.144465
v 2.706755 0.022197 0.142936
v 2.706762 0.021877 0.144465
v 2.762755 0.022197 0.13623
v 2.76285 0.021877 0.137663
v 2.682612 0.022197 -0.023875
v 2.671379 0.022197 -0.017818
v 2.669925 0.022357 -0.019371
v 2.681606 0.022357 -0.025556
v 2.683132 0.021877 -0.022935
v 2.672116 0.021877 -0.01701
v 2.694302 0.022357 -0.029469
v 2.694823 0.022197 -0.027711
v 2.695104 0.021877 -0.02667
v 2.679834 0.02241 -0.02834
v 2.693412 0.02241 -0.032248
v 2.677016 0.02241 -0.032594
v 2.692025 0.02241 -0.036348
v 2.667333 0.02241 -0.022088
v 2.663181 0.02241 -0.02639
v 2.593345 0.02241 0.083449
v 2.594907 0.02241 0.104892
v 2.588972 0.02241 0.105268
v 2.588581 0.02241 0.084242
v 2.599959 0.02241 0.081477
v 2.603051 0.02241 0.102607
v 2.596506 0.02241 0.122206
v 2.589371 0.02241 0.12207
v 2.610051 0.02241 0.122569
v 2.588424 0.02241 0.060597
v 2.592716 0.02241 0.060037
v 2.588403 0.02241 0.035642
v 2.592633 0.02241 0.035642
v 2.598655 0.02241 0.058917
v 2.59845 0.02241 0.035642
v 2.585206 0.02241 0.084507
v 2.585206 0.02241 0.060784
v 2.582487 0.02241 0.084507
v 2.582487 0.02241 0.060784
v 2.585206 0.02241 0.035642
v 2.582487 0.02241 0.035642
v 2.585206 0.02241 0.105393
v 2.585206 0.02241 0.122024
v 2.582487 0.02241 0.105393
v 2.582487 0.02241 0.122024
v 2.672873 0.02241 0.109964
v 2.690013 0.02241 0.113356
v 2.687717 0.02241 0.11994
v 2.667985 0.02241 0.117116
v 2.649459 0.02241 0.111728
v 2.657046 0.02241 0.103981
v 2.634244 0.02241 0.102836
v 2.643806 0.02241 0.095106
v 2.662935 0.02241 0.124569
v 2.640951 0.02241 0.120348
v 2.658814 0.02241 0.131387
v 2.634107 0.02241 0.128602
v 2.623221 0.02241 0.111796
v 2.685476 0.02241 0.126622
v 2.683633 0.02241 0.132639
v 2.589557 0.02241 -0.061759
v 2.585206 0.02241 -0.061698
v 2.585206 0.022357 -0.068247
v 2.589616 0.022357 -0.068262
v 2.589371 0.02241 -0.050786
v 2.585206 0.02241 -0.050741
v 2.582487 0.02241 -0.061698
v 2.582487 0.022357 -0.068247
v 2.582487 0.02241 -0.050741
v 2.597483 0.022357 -0.068308
v 2.597248 0.02241 -0.061943
v 2.610701 0.022357 -0.068465
v 2.610495 0.02241 -0.062573
v 2.596506 0.02241 -0.050922
v 2.610051 0.02241 -0.051286
v 2.589635 0.022197 -0.071653
v 2.597561 0.022197 -0.071653
v 2.589635 0.021877 -0.073181
v 2.59756 0.021877 -0.073181
v 2.610769 0.022197 -0.071653
v 2.610768 0.021877 -0.073181
v 2.585206 0.022197 -0.071653
v 2.582487 0.022197 -0.071653
v 2.585206 0.021877 -0.073181
v 2.582487 0.021877 -0.073181
v 0.970836 0.02241 -0.013224
v 0.970836 0.02241 0.0105
v 0.670633 0.02241 0.0105
v 0.670633 0.02241 -0.013224
v 1.290879 0.02241 -0.013224
v 1.290879 0.02241 0.0105
v 0.970836 0.02241 0.035642
v 0.670633 0.02241 0.035642
v 1.290879 0.02241 0.035642
v 0.670633 0.02241 -0.03411
v 0.970836 0.02241 -0.03411
v 0.670633 0.02241 -0.050741
v 0.970836 0.02241 -0.050741
v 1.290879 0.02241 -0.03411
v 1.290879 0.02241 -0.050741
v 0.410108 0.02241 -0.013224
v 0.410108 0.02241 -0.03411
v 0.410108 0.02241 -0.050741
v 0.410108 0.02241 0.0105
v 0.410108 0.02241 0.035642
v 0.970836 0.022357 0.13953
v 0.970836 0.022197 0.142936
v 0.670633 0.022197 0.142936
v 0.670633 0.022357 0.13953
v 1.290879 0.022357 0.13953
v 1.290879 0.022197 0.142936
v 0.970836 0.021877 0.144465
v 0.670633 0.021877 0.144465
v 1.290879 0.021877 0.144465
v 0.670633 0.02241 0.132981
v 0.970836 0.02241 0.132981
v 0.670633 0.02241 0.122024
v 0.970836 0.02241 0.122024
v 1.290879 0.02241 0.132981
v 1.290879 0.02241 0.122024
v 0.410108 0.022357 0.13953
v 0.410108 0.02241 0.132981
v 0.410108 0.02241 0.122024
v 0.410108 0.022197 0.142936
v 0.410108 0.021877 0.144465
v 0.970836 0.02241 0.084507
v 0.970836 0.02241 0.105393
v 0.670633 0.02241 0.105393
v 0.670633 0.02241 0.084507
v 1.290879 0.02241 0.084507
v 1.290879 0.02241 0.105393
v 0.670633 0.02241 0.060783
v 0.970836 0.02241 0.060783
v 1.290879 0.02241 0.060783
v 0.410108 0.02241 0.084507
v 0.410108 0.02241 0.060783
v 0.410108 0.02241 0.105393
v 0.970836 0.022357 -0.068247
v 0.970836 0.02241 -0.061698
v 0.670633 0.02241 -0.061698
v 0.670633 0.022357 -0.068247
v 1.290879 0.022357 -0.068247
v 1.290879 0.02241 -0.061698
v 0.670633 0.022197 -0.071653
v 0.970836 0.022197 -0.071653
v 0.670633 0.021877 -0.073182
v 0.970836 0.021877 -0.073182
v 1.290879 0.022197 -0.071653
v 1.290879 0.021877 -0.073182
v 0.410108 0.022357 -0.068247
v 0.410108 0.022197 -0.071653
v 0.410108 0.021877 -0.073182
v 0.410108 0.02241 -0.061698
v 0.000409 0.019431 -0.068247
v 0.0009 0.019431 -0.071653
v 0.001045 0.020526 -0.071593
v 0.000568 0.020542 -0.068232
v 0.000409 0.017946 -0.068247
v 0.0009 0.017946 -0.071653
v 0.001881 0.019431 -0.073182
v 0.001996 0.020516 -0.073073
v 0.001881 0.017946 -0.073182
v 0.000409 0.020547 -0.061698
v 0.000246 0.019431 -0.061698
v 0.000409 0.020547 -0.050741
v 0.000246 0.019431 -0.050741
v 0.000246 0.017946 -0.061698
v 0.000246 0.017946 -0.050741
v 0.001045 0.021324 -0.068187
v 0.0009 0.021345 -0.061698
v 0.001996 0.021839 -0.068158
v 0.001881 0.021877 -0.061698
v 0.0009 0.021345 -0.050741
v 0.001881 0.021877 -0.050741
v 0.001481 0.021262 -0.071415
v 0.002344 0.02122 -0.072748
v 0.002344 0.021726 -0.071296
v 0.002813 0.021573 -0.07231
v 2.766036 0.019431 0.059369
v 2.769593 0.019431 0.047722
v 2.769701 0.020547 0.047745
v 2.766138 0.020547 0.059415
v 2.766036 0.017946 0.059369
v 2.769593 0.017946 0.047722
v 2.770827 0.019431 0.035642
v 2.770939 0.020547 0.035642
v 2.770827 0.017946 0.035642
v 2.760396 0.020547 0.070218
v 2.760305 0.019431 0.070152
v 2.752623 0.020547 0.079721
v 2.752547 0.019431 0.079638
v 2.760305 0.017946 0.070152
v 2.752547 0.017946 0.079638
v 2.766443 0.021345 0.05955
v 2.760668 0.021345 0.070414
v 2.767054 0.021877 0.059822
v 2.761213 0.021877 0.070807
v 2.752852 0.021345 0.079969
v 2.753312 0.021877 0.080466
v 2.770029 0.021345 0.047814
v 2.771273 0.021345 0.035642
v 2.770682 0.021877 0.047953
v 2.771942 0.021877 0.035642
v 2.812673 0.019431 -0.01781
v 2.824202 0.019431 0.008054
v 2.824141 0.020547 0.008092
v 2.812624 0.020547 -0.017736
v 2.812673 0.017946 -0.01781
v 2.824202 0.017946 0.008054
v 2.828905 0.019431 0.035642
v 2.828839 0.020547 0.035642
v 2.828905 0.017946 0.035642
v 2.796867 0.020547 -0.04012
v 2.7969 0.019431 -0.040225
v 2.779444 0.020547 -0.057339
v 2.779463 0.019431 -0.057468
v 2.7969 0.017946 -0.040225
v 2.779463 0.017946 -0.057468
v 2.812479 0.021345 -0.017514
v 2.796767 0.021345 -0.039805
v 2.812188 0.021877 -0.017069
v 2.796569 0.021877 -0.039174
v 2.779388 0.021345 -0.056952
v 2.779276 0.021877 -0.056178
v 2.823958 0.021345 0.008207
v 2.82864 0.021345 0.035642
v 2.823593 0.021877 0.008436
v 2.828242 0.021877 0.035642
v 0.000246 0.019431 -0.013224
v 0.000246 0.019431 -0.03411
v 0.000409 0.020547 -0.03411
v 0.000409 0.020547 -0.013224
v 0.000246 0.017946 -0.013224
v 0.000246 0.017946 -0.03411
v 0.000409 0.020547 0.0105
v 0.000246 0.019431 0.0105
v 0.000409 0.020547 0.035642
v 0.000246 0.019431 0.035642
v 0.000246 0.017946 0.0105
v 0.000246 0.017946 0.035642
v 0.0009 0.021345 -0.013224
v 0.0009 0.021345 0.0105
v 0.001881 0.021877 -0.013224
v 0.001881 0.021877 0.0105
v 0.0009 0.021345 0.035642
v 0.001881 0.021877 0.035642
v 0.0009 0.021345 -0.03411
v 0.001881 0.021877 -0.03411
v 2.731882 0.019431 0.093211
v 2.742908 0.019431 0.087395
v 2.742968 0.020547 0.087491
v 2.731922 0.020547 0.093317
v 2.731882 0.017946 0.093211
v 2.742908 0.017946 0.087395
v 2.719977 0.020547 0.096987
v 2.719958 0.019431 0.096877
v 2.707625 0.020547 0.098291
v 2.707628 0.019431 0.098181
v 2.719958 0.017946 0.096877
v 2.707628 0.017946 0.098181
v 2.732043 0.021345 0.093634
v 2.720034 0.021345 0.097318
v 2.732285 0.021877 0.094267
v 2.720149 0.021877 0.097979
v 2.707613 0.021345 0.09862
v 2.70759 0.021877 0.09928
v 2.743147 0.021345 0.08778
v 2.743505 0.021877 0.088358
v 2.589635 0.019431 0.145994
v 2.585206 0.019431 0.145994
v 2.585206 0.020547 0.145841
v 2.589635 0.020547 0.145841
v 2.589635 0.017946 0.145994
v 2.585206 0.017946 0.145994
v 2.582487 0.019431 0.145994
v 2.582487 0.020547 0.145841
v 2.582487 0.017946 0.145994
v 2.59756 0.020547 0.145841
v 2.59756 0.019431 0.145994
v 2.610767 0.020547 0.145841
v 2.610767 0.019431 0.145994
v 2.59756 0.017946 0.145994
v 2.610767 0.017946 0.145994
v 2.589635 0.021345 0.145382
v 2.59756 0.021345 0.145382
v 2.589635 0.021877 0.144465
v 2.59756 0.021877 0.144465
v 2.610768 0.021345 0.145382
v 2.610768 0.021877 0.144465
v 2.585206 0.021345 0.145382
v 2.582487 0.021345 0.145382
v 2.585206 0.021877 0.144465
v 2.582487 0.021877 0.144465
v 0.000246 0.019431 0.084507
v 0.000246 0.019431 0.060783
v 0.000409 0.020547 0.060783
v 0.000409 0.020547 0.084507
v 0.000246 0.017946 0.084507
v 0.000246 0.017946 0.060783
v 0.000409 0.020547 0.105393
v 0.000246 0.019431 0.105393
v 0.000409 0.020547 0.122024
v 0.000246 0.019431 0.122024
v 0.000246 0.017946 0.105393
v 0.000246 0.017946 0.122024
v 0.0009 0.021345 0.084507
v 0.0009 0.021345 0.105393
v 0.001881 0.021877 0.084507
v 0.001881 0.021877 0.105393
v 0.0009 0.021345 0.122024
v 0.001881 0.021877 0.122024
v 0.0009 0.021345 0.060783
v 0.001881 0.021877 0.060783
v 2.766036 0.019431 0.011914
v 2.760305 0.019431 0.001131
v 2.760396 0.020547 0.001066
v 2.766138 0.020547 0.011869
v 2.766036 0.017946 0.011914
v 2.760305 0.017946 0.001131
v 2.752547 0.019431 -0.008355
v 2.752623 0.020547 -0.008438
v 2.752547 0.017946 -0.008355
v 2.769701 0.020547 0.023539
v 2.769593 0.019431 0.023562
v 2.769593 0.017946 0.023562
v 2.766443 0.021345 0.011733
v 2.770029 0.021345 0.023469
v 2.767054 0.021877 0.011462
v 2.770682 0.021877 0.023331
v 2.760668 0.021345 0.000869
v 2.752853 0.021345 -0.008686
v 2.761213 0.021877 0.000477
v 2.753312 0.021877 -0.009182
v 2.746131 0.019431 -0.072986
v 2.762944 0.019431 -0.067813
v 2.762935 0.020547 -0.06767
v 2.746127 0.020547 -0.072836
v 2.746131 0.017946 -0.072986
v 2.762944 0.017946 -0.067813
v 2.779463 0.019431 -0.057468
v 2.779444 0.020547 -0.057339
v 2.779463 0.017946 -0.057468
v 2.727808 0.020547 -0.074557
v 2.72781 0.019431 -0.07471
v 2.706767 0.020547 -0.074557
v 2.706767 0.019431 -0.07471
v 2.72781 0.017946 -0.07471
v 2.706767 0.017946 -0.07471
v 2.746114 0.021345 -0.072384
v 2.727803 0.021345 -0.074099
v 2.746089 0.021877 -0.071481
v 2.727794 0.021877 -0.073181
v 2.706765 0.021345 -0.074099
v 2.706762 0.021877 -0.073181
v 2.762907 0.021345 -0.06724
v 2.779388 0.021345 -0.056952
v 2.76285 0.021877 -0.06638
v 2.779276 0.021877 -0.056178
v 2.683651 0.019431 -0.021995
v 2.672853 0.019431 -0.016201
v 2.672779 0.020547 -0.016282
v 2.683599 0.020547 -0.022089
v 2.683651 0.017946 -0.021995
v 2.672853 0.017946 -0.016201
v 2.663415 0.019431 -0.008453
v 2.663323 0.020547 -0.008519
v 2.663415 0.017946 -0.008453
v 2.695356 0.020547 -0.025733
v 2.695385 0.019431 -0.025629
v 2.707625 0.020547 -0.027007
v 2.707628 0.019431 -0.026898
v 2.695385 0.017946 -0.025629
v 2.707628 0.017946 -0.026898
v 2.683443 0.021345 -0.022371
v 2.695272 0.021345 -0.026046
v 2.683132 0.021877 -0.022935
v 2.695104 0.021877 -0.02667
v 2.707613 0.021345 -0.027337
v 2.70759 0.021877 -0.027996
v 2.672558 0.021345 -0.016524
v 2.663048 0.021345 -0.008717
v 2.672116 0.021877 -0.01701
v 2.662498 0.021877 -0.009111
v 0.02548 0.019431 -0.074558
v 0.08745 0.019431 -0.07471
v 0.08745 0.020547 -0.074558
v 0.025496 0.020542 -0.074409
v 0.02548 0.017946 -0.074558
v 0.08745 0.017946 -0.07471
v 0.209101 0.019431 -0.07471
v 0.209101 0.020547 -0.074558
v 0.209101 0.017946 -0.07471
v 0.003579 0.020526 -0.073963
v 0.003516 0.019431 -0.074099
v 0.001996 0.020516 -0.073073
v 0.001881 0.019431 -0.073182
v 0.003516 0.017946 -0.074099
v 0.001881 0.017946 -0.073182
v 0.025544 0.021324 -0.073963
v 0.00377 0.021262 -0.073555
v 0.025576 0.021839 -0.073073
v 0.003897 0.021726 -0.072748
v 0.002344 0.02122 -0.072748
v 0.002813 0.021573 -0.07231
v 0.08745 0.021345 -0.074099
v 0.209101 0.021345 -0.074099
v 0.08745 0.021877 -0.073182
v 0.209101 0.021877 -0.073182
v 2.812673 0.019431 0.089094
v 2.7969 0.019431 0.111509
v 2.796867 0.020547 0.111404
v 2.812624 0.020547 0.089019
v 2.812673 0.017946 0.089094
v 2.7969 0.017946 0.111509
v 2.779463 0.019431 0.128751
v 2.779444 0.020547 0.128622
v 2.779463 0.017946 0.128751
v 2.824141 0.020547 0.063192
v 2.824202 0.019431 0.06323
v 2.824202 0.017946 0.06323
v 2.812479 0.021345 0.088797
v 2.823958 0.021345 0.063077
v 2.812188 0.021877 0.088353
v 2.823593 0.021877 0.062848
v 2.796767 0.021345 0.111088
v 2.779388 0.021345 0.128235
v 2.796569 0.021877 0.110458
v 2.779276 0.021877 0.127461
v 2.557022 0.019431 0.145994
v 2.494671 0.019431 0.145994
v 2.494671 0.020547 0.145841
v 2.557022 0.020547 0.145841
v 2.557022 0.017946 0.145994
v 2.494671 0.017946 0.145994
v 2.372838 0.019431 0.145994
v 2.372838 0.020547 0.145841
v 2.372838 0.017946 0.145994
v 2.579694 0.020547 0.145841
v 2.579694 0.019431 0.145994
v 2.579694 0.017946 0.145994
v 2.557022 0.021345 0.145382
v 2.579694 0.021345 0.145382
v 2.557022 0.021877 0.144465
v 2.579694 0.021877 0.144465
v 2.494671 0.021345 0.145382
v 2.372838 0.021345 0.145382
v 2.494671 0.021877 0.144465
v 2.372838 0.021877 0.144465
v 0.670633 0.019431 -0.07471
v 0.970836 0.019431 -0.07471
v 0.970836 0.020547 -0.074558
v 0.670633 0.020547 -0.074558
v 0.670633 0.017946 -0.07471
v 0.970836 0.017946 -0.07471
v 1.290879 0.019431 -0.07471
v 1.290879 0.020547 -0.074558
v 1.290879 0.017946 -0.07471
v 0.410108 0.020547 -0.074558
v 0.410108 0.019431 -0.07471
v 0.410108 0.017946 -0.07471
v 0.670633 0.021345 -0.074099
v 0.410108 0.021345 -0.074099
v 0.670633 0.021877 -0.073182
v 0.410108 0.021877 -0.073182
v 0.970836 0.021345 -0.074099
v 1.290879 0.021345 -0.074099
v 0.970836 0.021877 -0.073182
v 1.290879 0.021877 -0.073182
v 0.000409 0.019431 0.13953
v 0.000246 0.019431 0.132981
v 0.000409 0.020547 0.132981
v 0.000568 0.020542 0.139515
v 0.000409 0.017946 0.13953
v 0.000246 0.017946 0.132981
v 0.001045 0.020526 0.142876
v 0.0009 0.019431 0.142936
v 0.001996 0.020516 0.144356
v 0.001881 0.019431 0.144465
v 0.0009 0.017946 0.142936
v 0.001881 0.017946 0.144465
v 0.001045 0.021324 0.13947
v 0.001481 0.021262 0.142698
v 0.001996 0.021839 0.139441
v 0.002344 0.021726 0.142579
v 0.002344 0.02122 0.144032
v 0.002813 0.021573 0.143593
v 0.0009 0.021345 0.132981
v 0.001881 0.021877 0.132981
v 2.655633 0.019431 -0.07471
v 2.681792 0.019431 -0.07471
v 2.681792 0.020547 -0.074557
v 2.655633 0.020547 -0.074557
v 2.655633 0.017946 -0.07471
v 2.681792 0.017946 -0.07471
v 2.631042 0.020547 -0.074557
v 2.631041 0.019431 -0.07471
v 2.610767 0.020547 -0.074557
v 2.610767 0.019431 -0.07471
v 2.631041 0.017946 -0.07471
v 2.610767 0.017946 -0.07471
v 2.655634 0.021345 -0.074099
v 2.631042 0.021345 -0.074099
v 2.655635 0.021877 -0.073181
v 2.631044 0.021877 -0.073181
v 2.610768 0.021345 -0.074099
v 2.610768 0.021877 -0.073181
v 2.681792 0.021345 -0.074099
v 2.681791 0.021877 -0.073181
v 2.683651 0.019431 0.093278
v 2.695385 0.019431 0.096913
v 2.695356 0.020547 0.097017
v 2.683599 0.020547 0.093372
v 2.683651 0.017946 0.093278
v 2.695385 0.017946 0.096913
v 2.707628 0.019431 0.098181
v 2.707625 0.020547 0.098291
v 2.707628 0.017946 0.098181
v 2.672779 0.020547 0.087565
v 2.672853 0.019431 0.087484
v 2.663323 0.020547 0.079802
v 2.663414 0.019431 0.079737
v 2.672853 0.017946 0.087484
v 2.663415 0.017946 0.079737
v 2.683443 0.021345 0.093654
v 2.672558 0.021345 0.087808
v 2.683132 0.021877 0.094218
v 2.672116 0.021877 0.088293
v 2.663048 0.021345 0.08
v 2.662498 0.021877 0.080395
v 2.695272 0.021345 0.097329
v 2.707613 0.021345 0.09862
v 2.695104 0.021877 0.097953
v 2.70759 0.021877 0.09928
v 2.650071 0.019431 0.059436
v 2.655762 0.019431 0.070242
v 2.655658 0.020547 0.070292
v 2.649959 0.020547 0.05947
v 2.650071 0.017946 0.059436
v 2.655763 0.017946 0.070242
v 2.6464 0.020547 0.047774
v 2.646516 0.019431 0.047757
v 2.645155 0.020547 0.035642
v 2.645272 0.019431 0.035642
v 2.646516 0.017946 0.047757
v 2.645272 0.017946 0.035642
v 2.649623 0.021345 0.059571
v 2.646052 0.021345 0.047825
v 2.648951 0.021877 0.059773
v 2.645355 0.021877 0.047927
v 2.644804 0.021345 0.035642
v 2.644101 0.021877 0.035642
v 2.655346 0.021345 0.070442
v 2.65472 0.021877 0.070742
v 0.02548 0.019431 0.145841
v 0.003516 0.019431 0.145382
v 0.003579 0.020526 0.145246
v 0.025496 0.020542 0.145692
v 0.02548 0.017946 0.145841
v 0.003516 0.017946 0.145382
v 0.001881 0.019431 0.144465
v 0.001996 0.020516 0.144356
v 0.001881 0.017946 0.144465
v 0.08745 0.020547 0.145841
v 0.08745 0.019431 0.145994
v 0.209101 0.020547 0.145841
v 0.209101 0.019431 0.145994
v 0.08745 0.017946 0.145994
v 0.209101 0.017946 0.145994
v 0.025544 0.021324 0.145246
v 0.08745 0.021345 0.145382
v 0.025576 0.021839 0.144356
v 0.08745 0.021877 0.144465
v 0.209101 0.021345 0.145382
v 0.209101 0.021877 0.144465
v 0.00377 0.021262 0.144838
v 0.002344 0.02122 0.144032
v 0.003897 0.021726 0.144032
v 0.002813 0.021573 0.143593
v 2.731882 0.019431 -0.021928
v 2.719958 0.019431 -0.025593
v 2.719977 0.020547 -0.025704
v 2.731922 0.020547 -0.022033
v 2.731882 0.017946 -0.021928
v 2.719958 0.017946 -0.025593
v 2.742968 0.020547 -0.016208
v 2.742908 0.019431 -0.016111
v 2.742908 0.017946 -0.016111
v 2.732043 0.021345 -0.02235
v 2.743147 0.021345 -0.016497
v 2.732285 0.021877 -0.022984
v 2.743505 0.021877 -0.017074
v 2.720034 0.021345 -0.026034
v 2.720149 0.021877 -0.026696
v 2.650071 0.019431 0.011847
v 2.646516 0.019431 0.023526
v 2.6464 0.020547 0.023509
v 2.649959 0.020547 0.011813
v 2.650071 0.017946 0.011847
v 2.646516 0.017946 0.023526
v 2.655658 0.020547 0.000992
v 2.655763 0.019431 0.001042
v 2.655763 0.017946 0.001042
v 2.649623 0.021345 0.011712
v 2.655346 0.021345 0.000842
v 2.648951 0.021877 0.01151
v 2.65472 0.021877 0.000542
v 2.646052 0.021345 0.023458
v 2.645355 0.021877 0.023357
v 2.746131 0.019431 0.144269
v 2.72781 0.019431 0.145994
v 2.727808 0.020547 0.145841
v 2.746127 0.020547 0.144119
v 2.746131 0.017946 0.144269
v 2.72781 0.017946 0.145994
v 2.706767 0.019431 0.145994
v 2.706767 0.020547 0.145841
v 2.706767 0.017946 0.145994
v 2.762935 0.020547 0.138953
v 2.762944 0.019431 0.139097
v 2.779444 0.020547 0.128622
v 2.779463 0.019431 0.128751
v 2.762944 0.017946 0.139097
v 2.779463 0.017946 0.128751
v 2.746114 0.021345 0.143667
v 2.762907 0.021345 0.138523
v 2.746089 0.021877 0.142765
v 2.76285 0.021877 0.137663
v 2.779388 0.021345 0.128235
v 2.779276 0.021877 0.127461
v 2.727803 0.021345 0.145382
v 2.706765 0.021345 0.145382
v 2.727794 0.021877 0.144465
v 2.706762 0.021877 0.144465
v 2.746114 0.006498 0.143668
v 2.727803 0.006498 0.145382
v 2.727808 0.007296 0.145841
v 2.746127 0.007296 0.144119
v 2.746089 0.005965 0.142765
v 2.727794 0.005965 0.144465
v 2.706765 0.006498 0.145382
v 2.706767 0.007296 0.145841
v 2.706762 0.005965 0.144465
v 2.762935 0.007296 0.138953
v 2.762907 0.006498 0.138523
v 2.779444 0.007296 0.128622
v 2.779388 0.006498 0.128235
v 2.76285 0.005965 0.137663
v 2.779276 0.005965 0.127461
v 2.746131 0.008411 0.144269
v 2.762944 0.008411 0.139097
v 2.746131 0.009896 0.144269
v 2.762944 0.009896 0.139097
v 2.779463 0.008411 0.128751
v 2.779463 0.009896 0.128751
v 2.72781 0.008411 0.145994
v 2.706767 0.008411 0.145994
v 2.72781 0.009896 0.145994
v 2.706767 0.009896 0.145994
v 2.746131 0.011803 0.144269
v 2.72781 0.011803 0.145994
v 2.72781 0.013921 0.145994
v 2.746131 0.013921 0.144269
v 2.706767 0.011803 0.145994
v 2.706767 0.013921 0.145994
v 2.762944 0.013921 0.139097
v 2.762944 0.011803 0.139097
v 2.779463 0.013921 0.128751
v 2.779463 0.011803 0.128751
v 2.746131 0.016039 0.144269
v 2.762944 0.016039 0.139097
v 2.779463 0.016039 0.128751
v 2.72781 0.016039 0.145994
v 2.706767 0.016039 0.145994
v 0.025544 0.006519 0.145246
v 0.00377 0.006581 0.144838
v 0.003579 0.007316 0.145246
v 0.025496 0.007301 0.145692
v 0.025576 0.006003 0.144356
v 0.003897 0.006116 0.144032
v 0.002344 0.006622 0.144032
v 0.001996 0.007327 0.144356
v 0.002813 0.006269 0.143593
v 0.08745 0.007296 0.145841
v 0.08745 0.006498 0.145382
v 0.209101 0.007296 0.145841
v 0.209101 0.006498 0.145382
v 0.08745 0.005965 0.144465
v 0.209101 0.005965 0.144465
v 0.02548 0.008411 0.145841
v 0.08745 0.008411 0.145994
v 0.02548 0.009896 0.145841
v 0.08745 0.009896 0.145994
v 0.209101 0.008411 0.145994
v 0.209101 0.009896 0.145994
v 0.003516 0.008411 0.145382
v 0.001881 0.008411 0.144465
v 0.003516 0.009896 0.145382
v 0.001881 0.009896 0.144465
v 0.02548 0.011803 0.145841
v 0.003516 0.011803 0.145382
v 0.003516 0.013921 0.145382
v 0.02548 0.013921 0.145841
v 0.001881 0.011803 0.144465
v 0.001881 0.013921 0.144465
v 0.08745 0.013921 0.145994
v 0.08745 0.011803 0.145994
v 0.209101 0.013921 0.145994
v 0.209101 0.011803 0.145994
v 0.02548 0.016039 0.145841
v 0.08745 0.016039 0.145994
v 0.209101 0.016039 0.145994
v 0.003516 0.016039 0.145382
v 0.001881 0.016039 0.144465
v 2.655634 0.006498 -0.074099
v 2.681792 0.006498 -0.074099
v 2.681792 0.007296 -0.074557
v 2.655633 0.007296 -0.074557
v 2.655635 0.005965 -0.073181
v 2.681791 0.005965 -0.073181
v 2.706765 0.006498 -0.074099
v 2.706767 0.007296 -0.074557
v 2.706762 0.005965 -0.073181
v 2.631042 0.007296 -0.074557
v 2.631042 0.006498 -0.074099
v 2.610767 0.007296 -0.074557
v 2.610768 0.006498 -0.074099
v 2.631043 0.005965 -0.073181
v 2.610768 0.005965 -0.073181
v 2.655633 0.008411 -0.07471
v 2.631041 0.008411 -0.07471
v 2.655633 0.009896 -0.07471
v 2.631041 0.009896 -0.07471
v 2.610767 0.008411 -0.07471
v 2.610767 0.009896 -0.07471
v 2.681792 0.008411 -0.07471
v 2.706767 0.008411 -0.07471
v 2.681792 0.009896 -0.07471
v 2.706767 0.009896 -0.07471
v 2.655633 0.011803 -0.07471
v 2.681792 0.011803 -0.07471
v 2.681792 0.013921 -0.07471
v 2.655633 0.013921 -0.07471
v 2.706767 0.011803 -0.07471
v 2.706767 0.013921 -0.07471
v 2.631041 0.013921 -0.07471
v 2.631041 0.011803 -0.07471
v 2.610767 0.013921 -0.07471
v 2.610767 0.011803 -0.07471
v 2.655633 0.016039 -0.07471
v 2.631041 0.016039 -0.07471
v 2.610767 0.016039 -0.07471
v 2.681792 0.016039 -0.07471
v 2.706767 0.016039 -0.07471
v 0.001045 0.006519 0.13947
v 0.0009 0.006498 0.132981
v 0.000409 0.007296 0.132981
v 0.000568 0.007301 0.139515
v 0.001996 0.006003 0.139441
v 0.001881 0.005965 0.132981
v 0.0009 0.006498 0.122024
v 0.000409 0.007296 0.122024
v 0.001881 0.005965 0.122024
v 0.001045 0.007316 0.142876
v 0.001481 0.006581 0.142698
v 0.001996 0.007327 0.144356
v 0.002344 0.006622 0.144032
v 0.002344 0.006116 0.142579
v 0.002813 0.006269 0.143593
v 0.000409 0.008411 0.13953
v 0.0009 0.008411 0.142936
v 0.000409 0.009896 0.13953
v 0.0009 0.009896 0.142936
v 0.001881 0.008411 0.144465
v 0.001881 0.009896 0.144465
v 0.000246 0.008411 0.132981
v 0.000246 0.008411 0.122024
v 0.000246 0.009896 0.132981
v 0.000246 0.009896 0.122024
v 0.000409 0.011803 0.13953
v 0.000246 0.011803 0.132981
v 0.000246 0.013921 0.132981
v 0.000409 0.013921 0.13953
v 0.000246 0.011803 0.122024
v 0.000246 0.013921 0.122024
v 0.0009 0.013921 0.142936
v 0.0009 0.011803 0.142936
v 0.001881 0.013921 0.144465
v 0.001881 0.011803 0.144465
v 0.000409 0.016039 0.13953
v 0.0009 0.016039 0.142936
v 0.001881 0.016039 0.144465
v 0.000246 0.016039 0.132981
v 0.000246 0.016039 0.122024
v 0.670633 0.006498 -0.074099
v 0.970836 0.006498 -0.074099
v 0.970836 0.007296 -0.074558
v 0.670633 0.007296 -0.074558
v 0.670633 0.005965 -0.073182
v 0.970836 0.005965 -0.073182
v 1.290879 0.006498 -0.074099
v 1.290879 0.007296 -0.074558
v 1.290879 0.005965 -0.073182
v 0.410108 0.007296 -0.074558
v 0.410108 0.006498 -0.074099
v 0.209101 0.007296 -0.074558
v 0.209101 0.006498 -0.074099
v 0.410108 0.005965 -0.073182
v 0.209101 0.005965 -0.073182
v 0.670633 0.008411 -0.07471
v 0.410108 0.008411 -0.07471
v 0.670633 0.009896 -0.07471
v 0.410108 0.009896 -0.07471
v 0.209101 0.008411 -0.07471
v 0.209101 0.009896 -0.07471
v 0.970836 0.008411 -0.07471
v 1.290879 0.008411 -0.07471
v 0.970836 0.009896 -0.07471
v 1.290879 0.009896 -0.07471
v 0.670633 0.011803 -0.07471
v 0.970836 0.011803 -0.07471
v 0.970836 0.013921 -0.07471
v 0.670633 0.013921 -0.07471
v 1.290879 0.011803 -0.07471
v 1.290879 0.013921 -0.07471
v 0.410108 0.013921 -0.07471
v 0.410108 0.011803 -0.07471
v 0.209101 0.013921 -0.07471
v 0.209101 0.011803 -0.07471
v 0.670633 0.016039 -0.07471
v 0.410108 0.016039 -0.07471
v 0.209101 0.016039 -0.07471
v 0.970836 0.016039 -0.07471
v 1.290879 0.016039 -0.07471
v 2.557022 0.006498 0.145382
v 2.494671 0.006498 0.145382
v 2.494671 0.007296 0.145841
v 2.557022 0.007296 0.145841
v 2.557022 0.005965 0.144465
v 2.494671 0.005965 0.144465
v 2.372838 0.006498 0.145382
v 2.372838 0.007296 0.145841
v 2.372838 0.005965 0.144465
v 2.579694 0.007296 0.145841
v 2.579694 0.006498 0.145382
v 2.582487 0.007296 0.145841
v 2.582487 0.006498 0.145382
v 2.579694 0.005965 0.144465
v 2.582487 0.005965 0.144465
v 2.557022 0.008411 0.145994
v 2.579694 0.008411 0.145994
v 2.557022 0.009896 0.145994
v 2.579694 0.009896 0.145994
v 2.582487 0.008411 0.145994
v 2.582487 0.009896 0.145994
v 2.494671 0.008411 0.145994
v 2.372838 0.008411 0.145994
v 2.494671 0.009896 0.145994
v 2.372838 0.009896 0.145994
v 2.557022 0.011803 0.145994
v 2.494671 0.011803 0.145994
v 2.494671 0.013921 0.145994
v 2.557022 0.013921 0.145994
v 2.372838 0.011803 0.145994
v 2.372838 0.013921 0.145994
v 2.579694 0.013921 0.145994
v 2.579694 0.011803 0.145994
v 2.582487 0.013921 0.145994
v 2.582487 0.011803 0.145994
v 2.557022 0.016039 0.145994
v 2.579694 0.016039 0.145994
v 2.582487 0.016039 0.145994
v 2.494671 0.016039 0.145994
v 2.372838 0.016039 0.145994
v 2.812479 0.006498 0.088797
v 2.796767 0.006498 0.111088
v 2.796867 0.007296 0.111404
v 2.812624 0.007296 0.089019
v 2.812188 0.005965 0.088353
v 2.796569 0.005965 0.110458
v 2.779388 0.006498 0.128235
v 2.779444 0.007296 0.128622
v 2.779276 0.005965 0.127461
v 2.824141 0.007296 0.063192
v 2.823958 0.006498 0.063077
v 2.828839 0.007296 0.035642
v 2.82864 0.006498 0.035642
v 2.823593 0.005965 0.062848
v 2.828242 0.005965 0.035642
v 2.812673 0.008411 0.089094
v 2.824202 0.008411 0.06323
v 2.812673 0.009896 0.089094
v 2.824202 0.009896 0.06323
v 2.828905 0.008411 0.035642
v 2.828905 0.009896 0.035642
v 2.7969 0.008411 0.111509
v 2.779463 0.008411 0.128751
v 2.7969 0.009896 0.111509
v 2.779463 0.009896 0.128751
v 2.812673 0.011803 0.089094
v 2.7969 0.011803 0.111509
v 2.7969 0.013921 0.111509
v 2.812673 0.013921 0.089094
v 2.779463 0.011803 0.128751
v 2.779463 0.013921 0.128751
v 2.824202 0.013921 0.06323
v 2.824202 0.011803 0.06323
v 2.828905 0.013921 0.035642
v 2.828905 0.011803 0.035642
v 2.812673 0.016039 0.089094
v 2.824202 0.016039 0.06323
v 2.828905 0.016039 0.035642
v 2.7969 0.016039 0.111509
v 2.779463 0.016039 0.128751
v 0.025544 0.006519 -0.073963
v 0.08745 0.006498 -0.074099
v 0.08745 0.007296 -0.074558
v 0.025496 0.007301 -0.074409
v 0.025576 0.006003 -0.073073
v 0.08745 0.005965 -0.073182
v 0.003579 0.007316 -0.073963
v 0.00377 0.006581 -0.073555
v 0.001996 0.007327 -0.073073
v 0.002344 0.006622 -0.072748
v 0.003897 0.006116 -0.072748
v 0.002813 0.006269 -0.07231
v 0.02548 0.008411 -0.074558
v 0.003516 0.008411 -0.074099
v 0.02548 0.009896 -0.074558
v 0.003516 0.009896 -0.074099
v 0.001881 0.008411 -0.073182
v 0.001881 0.009896 -0.073182
v 0.08745 0.008411 -0.07471
v 0.08745 0.009896 -0.07471
v 0.02548 0.011803 -0.074558
v 0.08745 0.011803 -0.07471
v 0.08745 0.013921 -0.07471
v 0.02548 0.013921 -0.074558
v 0.003516 0.013921 -0.074099
v 0.003516 0.011803 -0.074099
v 0.001881 0.013921 -0.073182
v 0.001881 0.011803 -0.073182
v 0.02548 0.016039 -0.074558
v 0.003516 0.016039 -0.074099
v 0.001881 0.016039 -0.073182
v 0.08745 0.016039 -0.07471
v 2.746114 0.006498 -0.072384
v 2.762907 0.006498 -0.06724
v 2.762935 0.007296 -0.06767
v 2.746127 0.007296 -0.072836
v 2.746089 0.005965 -0.071481
v 2.76285 0.005965 -0.06638
v 2.779388 0.006498 -0.056952
v 2.779444 0.007296 -0.057339
v 2.779276 0.005965 -0.056178
v 2.727808 0.007296 -0.074557
v 2.727803 0.006498 -0.074099
v 2.727794 0.005965 -0.073181
v 2.746131 0.008411 -0.072986
v 2.72781 0.008411 -0.07471
v 2.746131 0.009896 -0.072986
v 2.72781 0.009896 -0.07471
v 2.762944 0.008411 -0.067813
v 2.779463 0.008411 -0.057468
v 2.762944 0.009896 -0.067813
v 2.779463 0.009896 -0.057468
v 2.746131 0.011803 -0.072986
v 2.762944 0.011803 -0.067813
v 2.762944 0.013921 -0.067813
v 2.746131 0.013921 -0.072986
v 2.779463 0.011803 -0.057468
v 2.779463 0.013921 -0.057468
v 2.72781 0.013921 -0.07471
v 2.72781 0.011803 -0.07471
v 2.746131 0.016039 -0.072986
v 2.72781 0.016039 -0.07471
v 2.762944 0.016039 -0.067813
v 2.779463 0.016039 -0.057468
v 0.0009 0.006498 0.084507
v 0.0009 0.006498 0.060783
v 0.000409 0.007296 0.060783
v 0.000409 0.007296 0.084507
v 0.001881 0.005965 0.084507
v 0.001881 0.005965 0.060783
v 0.0009 0.006498 0.035642
v 0.000409 0.007296 0.035642
v 0.001881 0.005965 0.035642
v 0.000409 0.007296 0.105393
v 0.0009 0.006498 0.105393
v 0.001881 0.005965 0.105393
v 0.000246 0.008411 0.084507
v 0.000246 0.008411 0.105393
v 0.000246 0.009896 0.084507
v 0.000246 0.009896 0.105393
v 0.000246 0.008411 0.060783
v 0.000246 0.008411 0.035642
v 0.000246 0.009896 0.060783
v 0.000246 0.009896 0.035642
v 0.000246 0.011803 0.084507
v 0.000246 0.011803 0.060783
v 0.000246 0.013921 0.060783
v 0.000246 0.013921 0.084507
v 0.000246 0.011803 0.035642
v 0.000246 0.013921 0.035642
v 0.000246 0.013921 0.105393
v 0.000246 0.011803 0.105393
v 0.000246 0.016039 0.084507
v 0.000246 0.016039 0.105393
v 0.000246 0.016039 0.060783
v 0.000246 0.016039 0.035642
v 2.589635 0.006498 0.145382
v 2.585206 0.006498 0.145382
v 2.585206 0.007296 0.145841
v 2.589635 0.007296 0.145841
v 2.589635 0.005965 0.144465
v 2.585206 0.005965 0.144465
v 2.59756 0.007296 0.145841
v 2.59756 0.006498 0.145382
v 2.610767 0.007296 0.145841
v 2.610768 0.006498 0.145382
v 2.59756 0.005965 0.144465
v 2.610768 0.005965 0.144465
v 2.589635 0.008411 0.145994
v 2.59756 0.008411 0.145994
v 2.589635 0.009896 0.145994
v 2.59756 0.009896 0.145994
v 2.610767 0.008411 0.145994
v 2.610767 0.009896 0.145994
v 2.585206 0.008411 0.145994
v 2.585206 0.009896 0.145994
v 2.589635 0.011803 0.145994
v 2.585206 0.011803 0.145994
v 2.585206 0.013921 0.145994
v 2.589635 0.013921 0.145994
v 2.59756 0.013921 0.145994
v 2.59756 0.011803 0.145994
v 2.610767 0.013921 0.145994
v 2.610767 0.011803 0.145994
v 2.589635 0.016039 0.145994
v 2.59756 0.016039 0.145994
v 2.610767 0.016039 0.145994
v 2.585206 0.016039 0.145994
v 0.0009 0.006498 -0.013224
v 0.0009 0.006498 -0.03411
v 0.000409 0.007296 -0.03411
v 0.000409 0.007296 -0.013224
v 0.001881 0.005965 -0.013224
v 0.001881 0.005965 -0.03411
v 0.0009 0.006498 -0.050741
v 0.000409 0.007296 -0.050741
v 0.001881 0.005965 -0.050741
v 0.000409 0.007296 0.0105
v 0.0009 0.006498 0.0105
v 0.001881 0.005965 0.0105
v 0.000246 0.008411 -0.013224
v 0.000246 0.008411 0.0105
v 0.000246 0.009896 -0.013224
v 0.000246 0.009896 0.0105
v 0.000246 0.008411 -0.03411
v 0.000246 0.008411 -0.050741
v 0.000246 0.009896 -0.03411
v 0.000246 0.009896 -0.050741
v 0.000246 0.011803 -0.013224
v 0.000246 0.011803 -0.03411
v 0.000246 0.013921 -0.03411
v 0.000246 0.013921 -0.013224
v 0.000246 0.011803 -0.050741
v 0.000246 0.013921 -0.050741
v 0.000246 0.013921 0.0105
v 0.000246 0.011803 0.0105
v 0.000246 0.016039 -0.013224
v 0.000246 0.016039 0.0105
v 0.000246 0.016039 -0.03411
v 0.000246 0.016039 -0.050741
v 2.812479 0.006498 -0.017514
v 2.823958 0.006498 0.008207
v 2.824141 0.007296 0.008092
v 2.812624 0.007296 -0.017736
v 2.812188 0.005965 -0.017069
v 2.823593 0.005965 0.008436
v 2.796867 0.007296 -0.04012
v 2.796767 0.006498 -0.039805
v 2.779444 0.007296 -0.057339
v 2.779388 0.006498 -0.056952
v 2.796569 0.005965 -0.039174
v 2.779276 0.005965 -0.056178
v 2.812673 0.008411 -0.01781
v 2.7969 0.008411 -0.040225
v 2.812673 0.009896 -0.01781
v 2.7969 0.009896 -0.040225
v 2.779463 0.008411 -0.057468
v 2.779463 0.009896 -0.057468
v 2.824202 0.008411 0.008054
v 2.824202 0.009896 0.008054
v 2.812673 0.011803 -0.01781
v 2.824202 0.011803 0.008054
v 2.824202 0.013921 0.008054
v 2.812673 0.013921 -0.01781
v 2.7969 0.013921 -0.040225
v 2.7969 0.011803 -0.040225
v 2.779463 0.013921 -0.057468
v 2.779463 0.011803 -0.057468
v 2.812673 0.016039 -0.01781
v 2.7969 0.016039 -0.040225
v 2.779463 0.016039 -0.057468
v 2.824202 0.016039 0.008054
v 0.001045 0.006519 -0.068187
v 0.001481 0.006581 -0.071415
v 0.001045 0.007316 -0.071593
v 0.000568 0.007301 -0.068232
v 0.001996 0.006003 -0.068158
v 0.002344 0.006116 -0.071296
v 0.002344 0.006622 -0.072748
v 0.001996 0.007327 -0.073073
v 0.002813 0.006269 -0.07231
v 0.000409 0.007296 -0.061698
v 0.0009 0.006498 -0.061698
v 0.001881 0.005965 -0.061698
v 0.000409 0.008411 -0.068247
v 0.000246 0.008411 -0.061698
v 0.000409 0.009896 -0.068247
v 0.000246 0.009896 -0.061698
v 0.0009 0.008411 -0.071653
v 0.001881 0.008411 -0.073182
v 0.0009 0.009896 -0.071653
v 0.001881 0.009896 -0.073182
v 0.000409 0.011803 -0.068247
v 0.0009 0.011803 -0.071653
v 0.0009 0.013921 -0.071653
v 0.000409 0.013921 -0.068247
v 0.001881 0.011803 -0.073182
v 0.001881 0.013921 -0.073182
v 0.000246 0.013921 -0.061698
v 0.000246 0.011803 -0.061698
v 0.000409 0.016039 -0.068247
v 0.000246 0.016039 -0.061698
v 0.0009 0.016039 -0.071653
v 0.001881 0.016039 -0.073182
v 2.649623 0.006498 0.011712
v 2.646052 0.006498 0.023458
v 2.6464 0.007296 0.023509
v 2.649959 0.007296 0.011813
v 2.648951 0.005965 0.01151
v 2.645355 0.005965 0.023357
v 2.644804 0.006498 0.035642
v 2.645155 0.007296 0.035642
v 2.644101 0.005965 0.035642
v 2.655658 0.007296 0.000992
v 2.655346 0.006498 0.000842
v 2.663323 0.007296 -0.008519
v 2.663048 0.006498 -0.008717
v 2.65472 0.005965 0.000542
v 2.662498 0.005965 -0.009111
v 2.650071 0.008411 0.011847
v 2.655762 0.008411 0.001042
v 2.650071 0.009896 0.011847
v 2.655763 0.009896 0.001042
v 2.663415 0.008411 -0.008453
v 2.663415 0.009896 -0.008453
v 2.646516 0.008411 0.023526
v 2.645272 0.008411 0.035642
v 2.646516 0.009896 0.023526
v 2.645272 0.009896 0.035642
v 2.650071 0.011803 0.011847
v 2.646516 0.011803 0.023526
v 2.646516 0.013921 0.023526
v 2.650071 0.013921 0.011847
v 2.645272 0.011803 0.035642
v 2.645272 0.013921 0.035642
v 2.655763 0.013921 0.001042
v 2.655763 0.011803 0.001042
v 2.663415 0.013921 -0.008453
v 2.663415 0.011803 -0.008453
v 2.650071 0.016039 0.011847
v 2.655762 0.016039 0.001042
v 2.663415 0.016039 -0.008453
v 2.646516 0.016039 0.023526
v 2.645272 0.016039 0.035642
v 2.732043 0.006498 -0.02235
v 2.720034 0.006498 -0.026034
v 2.719977 0.007296 -0.025704
v 2.731922 0.007296 -0.022033
v 2.732285 0.005965 -0.022984
v 2.720149 0.005965 -0.026696
v 2.707613 0.006498 -0.027337
v 2.707625 0.007296 -0.027007
v 2.70759 0.005965 -0.027996
v 2.742968 0.007296 -0.016208
v 2.743147 0.006498 -0.016497
v 2.752623 0.007296 -0.008438
v 2.752853 0.006498 -0.008686
v 2.743505 0.005965 -0.017074
v 2.753312 0.005965 -0.009182
v 2.731882 0.008411 -0.021928
v 2.742908 0.008411 -0.016111
v 2.731882 0.009896 -0.021928
v 2.742908 0.009896 -0.016111
v 2.752547 0.008411 -0.008355
v 2.752547 0.009896 -0.008355
v 2.719958 0.008411 -0.025593
v 2.707629 0.008411 -0.026898
v 2.719958 0.009896 -0.025593
v 2.707628 0.009896 -0.026898
v 2.731882 0.011803 -0.021928
v 2.719958 0.011803 -0.025593
v 2.719958 0.013921 -0.025593
v 2.731882 0.013921 -0.021928
v 2.707629 0.011803 -0.026898
v 2.707629 0.013921 -0.026898
v 2.742908 0.013921 -0.016111
v 2.742908 0.011803 -0.016111
v 2.752547 0.013921 -0.008355
v 2.752547 0.011803 -0.008355
v 2.731882 0.016039 -0.021928
v 2.742908 0.016039 -0.016111
v 2.752547 0.016039 -0.008355
v 2.719958 0.016039 -0.025593
v 2.707629 0.016039 -0.026898
v 2.649623 0.006498 0.059571
v 2.655346 0.006498 0.070442
v 2.655658 0.007296 0.070292
v 2.649959 0.007296 0.05947
v 2.648951 0.005965 0.059773
v 2.65472 0.005965 0.070742
v 2.663048 0.006498 0.08
v 2.663323 0.007296 0.079802
v 2.662498 0.005965 0.080395
v 2.6464 0.007296 0.047774
v 2.646052 0.006498 0.047825
v 2.645355 0.005965 0.047927
v 2.650071 0.008411 0.059436
v 2.646516 0.008411 0.047757
v 2.650071 0.009896 0.059436
v 2.646516 0.009896 0.047757
v 2.655763 0.008411 0.070242
v 2.663415 0.008411 0.079737
v 2.655763 0.009896 0.070242
v 2.663415 0.009896 0.079737
v 2.650071 0.011803 0.059436
v 2.655762 0.011803 0.070242
v 2.655763 0.013921 0.070242
v 2.650071 0.013921 0.059436
v 2.663415 0.011803 0.079737
v 2.663415 0.013921 0.079737
v 2.646516 0.013921 0.047757
v 2.646516 0.011803 0.047757
v 2.650071 0.016039 0.059436
v 2.646516 0.016039 0.047757
v 2.655763 0.016039 0.070242
v 2.663415 0.016039 0.079737
v 2.683443 0.006498 0.093654
v 2.695272 0.006498 0.097329
v 2.695356 0.007296 0.097017
v 2.683599 0.007296 0.093372
v 2.683132 0.005965 0.094218
v 2.695104 0.005965 0.097953
v 2.707613 0.006498 0.09862
v 2.707625 0.007296 0.098291
v 2.70759 0.005965 0.09928
v 2.672779 0.007296 0.087565
v 2.672558 0.006498 0.087808
v 2.672116 0.005965 0.088293
v 2.683651 0.008411 0.093278
v 2.672853 0.008411 0.087484
v 2.683651 0.009896 0.093278
v 2.672853 0.009896 0.087484
v 2.695385 0.008411 0.096913
v 2.707628 0.008411 0.098181
v 2.695385 0.009896 0.096913
v 2.707628 0.009896 0.098181
v 2.683651 0.011803 0.093278
v 2.695385 0.011803 0.096913
v 2.695385 0.013921 0.096913
v 2.683651 0.013921 0.093278
v 2.707628 0.011803 0.098181
v 2.707628 0.013921 0.098181
v 2.672853 0.013921 0.087484
v 2.672853 0.011803 0.087484
v 2.683651 0.016039 0.093278
v 2.672853 0.016039 0.087484
v 2.695385 0.016039 0.096913
v 2.707628 0.016039 0.098181
v 2.683443 0.006498 -0.022371
v 2.672558 0.006498 -0.016524
v 2.672779 0.007296 -0.016282
v 2.683599 0.007296 -0.022089
v 2.683132 0.005965 -0.022935
v 2.672116 0.005965 -0.01701
v 2.695356 0.007296 -0.025733
v 2.695272 0.006498 -0.026046
v 2.695104 0.005965 -0.02667
v 2.683651 0.008411 -0.021995
v 2.695385 0.008411 -0.025629
v 2.683651 0.009896 -0.021995
v 2.695385 0.009896 -0.025629
v 2.672853 0.008411 -0.016201
v 2.672853 0.009896 -0.016201
v 2.683651 0.011803 -0.021995
v 2.672853 0.011803 -0.016201
v 2.672853 0.013921 -0.016201
v 2.683651 0.013921 -0.021995
v 2.695385 0.013921 -0.025629
v 2.695385 0.011803 -0.025629
v 2.683651 0.016039 -0.021995
v 2.695385 0.016039 -0.025629
v 2.672853 0.016039 -0.016201
v 2.766443 0.006498 0.011733
v 2.760668 0.006498 0.000869
v 2.760396 0.007296 0.001066
v 2.766138 0.007296 0.011869
v 2.767054 0.005965 0.011462
v 2.761213 0.005965 0.000477
v 2.769701 0.007296 0.023539
v 2.770029 0.006498 0.023469
v 2.770939 0.007296 0.035642
v 2.771273 0.006498 0.035642
v 2.770682 0.005965 0.023331
v 2.771942 0.005965 0.035642
v 2.766036 0.008411 0.011914
v 2.769593 0.008411 0.023562
v 2.766036 0.009896 0.011914
v 2.769593 0.009896 0.023562
v 2.770827 0.008411 0.035642
v 2.770827 0.009896 0.035642
v 2.760305 0.008411 0.001131
v 2.760305 0.009896 0.001131
v 2.766036 0.011803 0.011914
v 2.760305 0.011803 0.001131
v 2.760305 0.013921 0.001131
v 2.766036 0.013921 0.011914
v 2.769593 0.013921 0.023562
v 2.769593 0.011803 0.023562
v 2.770827 0.013921 0.035642
v 2.770827 0.011803 0.035642
v 2.766036 0.016039 0.011914
v 2.769593 0.016039 0.023562
v 2.770827 0.016039 0.035642
v 2.760305 0.016039 0.001131
v 2.732043 0.006498 0.093634
v 2.743147 0.006498 0.08778
v 2.742968 0.007296 0.087491
v 2.731922 0.007296 0.093317
v 2.732285 0.005965 0.094267
v 2.743505 0.005965 0.088358
v 2.752852 0.006498 0.079969
v 2.752623 0.007296 0.079721
v 2.753312 0.005965 0.080466
v 2.719977 0.007296 0.096987
v 2.720034 0.006498 0.097318
v 2.707625 0.007296 0.098291
v 2.707613 0.006498 0.09862
v 2.720149 0.005965 0.097979
v 2.70759 0.005965 0.09928
v 2.731882 0.008411 0.093211
v 2.719958 0.008411 0.096877
v 2.731882 0.009896 0.093211
v 2.719958 0.009896 0.096877
v 2.707628 0.008411 0.098181
v 2.707628 0.009896 0.098181
v 2.742908 0.008411 0.087395
v 2.752547 0.008411 0.079638
v 2.742908 0.009896 0.087395
v 2.752547 0.009896 0.079638
v 2.731882 0.011803 0.093211
v 2.742908 0.011803 0.087395
v 2.742908 0.013921 0.087395
v 2.731882 0.013921 0.093211
v 2.752547 0.011803 0.079638
v 2.752547 0.013921 0.079638
v 2.719958 0.013921 0.096877
v 2.719958 0.011803 0.096877
v 2.707628 0.013921 0.098181
v 2.707628 0.011803 0.098181
v 2.731882 0.016039 0.093211
v 2.719958 0.016039 0.096877
v 2.707628 0.016039 0.098181
v 2.742908 0.016039 0.087395
v 2.752547 0.016039 0.079638
v 2.766443 0.006498 0.05955
v 2.770029 0.006498 0.047814
v 2.769701 0.007296 0.047745
v 2.766138 0.007296 0.059415
v 2.767054 0.005965 0.059822
v 2.770682 0.005965 0.047953
v 2.760396 0.007296 0.070218
v 2.760668 0.006498 0.070414
v 2.761213 0.005965 0.070807
v 2.766036 0.008411 0.059369
v 2.760305 0.008411 0.070152
v 2.766036 0.009896 0.059369
v 2.760305 0.009896 0.070152
v 2.769593 0.008411 0.047722
v 2.769593 0.009896 0.047722
v 2.766036 0.011803 0.059369
v 2.769593 0.011803 0.047722
v 2.769593 0.013921 0.047722
v 2.766036 0.013921 0.059369
v 2.760305 0.013921 0.070152
v 2.760305 0.011803 0.070152
v 2.766036 0.016039 0.059369
v 2.760305 0.016039 0.070152
v 2.769593 0.016039 0.047722
v 1.911142 0.011803 0.145994
v 1.610921 0.011803 0.145994
v 1.610921 0.013921 0.145994
v 1.911142 0.013921 0.145994
v 1.911142 0.009896 0.145994
v 1.610921 0.009896 0.145994
v 1.290879 0.011803 0.145994
v 1.290879 0.013921 0.145994
v 1.290879 0.009896 0.145994
v 2.171722 0.013921 0.145994
v 2.171722 0.011803 0.145994
v 2.171722 0.009896 0.145994
v 1.911142 0.016039 0.145994
v 2.171722 0.016039 0.145994
v 1.911142 0.017946 0.145994
v 2.171722 0.017946 0.145994
v 1.610921 0.016039 0.145994
v 1.290879 0.016039 0.145994
v 1.610921 0.017946 0.145994
v 1.290879 0.017946 0.145994
v 1.911142 0.006498 0.145382
v 1.610921 0.006498 0.145382
v 1.610921 0.007296 0.145841
v 1.911142 0.007296 0.145841
v 1.911142 0.005965 0.144465
v 1.610921 0.005965 0.144465
v 1.290879 0.006498 0.145382
v 1.290879 0.007296 0.145841
v 1.290879 0.005965 0.144465
v 2.171722 0.007296 0.145841
v 2.171722 0.006498 0.145382
v 2.171722 0.005965 0.144465
v 1.911142 0.008411 0.145994
v 2.171722 0.008411 0.145994
v 1.610921 0.008411 0.145994
v 1.290879 0.008411 0.145994
v 2.557022 0.011803 -0.07471
v 2.579694 0.011803 -0.07471
v 2.579694 0.013921 -0.07471
v 2.557022 0.013921 -0.07471
v 2.557022 0.009896 -0.07471
v 2.579694 0.009896 -0.07471
v 2.582487 0.011803 -0.07471
v 2.582487 0.013921 -0.07471
v 2.582487 0.009896 -0.07471
v 2.494671 0.013921 -0.07471
v 2.494671 0.011803 -0.07471
v 2.372838 0.013921 -0.07471
v 2.372838 0.011803 -0.07471
v 2.494671 0.009896 -0.07471
v 2.372838 0.009896 -0.07471
v 2.557022 0.016039 -0.07471
v 2.494671 0.016039 -0.07471
v 2.557022 0.017946 -0.07471
v 2.494671 0.017946 -0.07471
v 2.372838 0.016039 -0.07471
v 2.372838 0.017946 -0.07471
v 2.579694 0.016039 -0.07471
v 2.582487 0.016039 -0.07471
v 2.579694 0.017946 -0.07471
v 2.582487 0.017946 -0.07471
v 2.557022 0.006498 -0.074099
v 2.579694 0.006498 -0.074099
v 2.579694 0.007296 -0.074557
v 2.557022 0.007296 -0.074557
v 2.557022 0.005965 -0.073181
v 2.579694 0.005965 -0.073182
v 2.582487 0.006498 -0.074099
v 2.582487 0.007296 -0.074557
v 2.582487 0.005965 -0.073181
v 2.494671 0.007296 -0.074557
v 2.494671 0.006498 -0.074099
v 2.372838 0.007296 -0.074557
v 2.372838 0.006498 -0.074099
v 2.494671 0.005965 -0.073182
v 2.372838 0.005965 -0.073181
v 2.557022 0.008411 -0.07471
v 2.494671 0.008411 -0.07471
v 2.372838 0.008411 -0.07471
v 2.579694 0.008411 -0.07471
v 2.582487 0.008411 -0.07471
v 2.557022 0.019431 -0.07471
v 2.579694 0.019431 -0.07471
v 2.579694 0.020547 -0.074557
v 2.557022 0.020547 -0.074557
v 2.582487 0.019431 -0.07471
v 2.582487 0.020547 -0.074557
v 2.494671 0.020547 -0.074557
v 2.494671 0.019431 -0.07471
v 2.372838 0.020547 -0.074557
v 2.372838 0.019431 -0.07471
v 2.557022 0.021345 -0.074099
v 2.494671 0.021345 -0.074099
v 2.557022 0.021877 -0.073181
v 2.494671 0.021877 -0.073182
v 2.372838 0.021345 -0.074099
v 2.372838 0.021877 -0.073181
v 2.579694 0.021345 -0.074099
v 2.582487 0.021345 -0.074099
v 2.579694 0.021877 -0.073181
v 2.582487 0.021877 -0.073181
v 1.911142 0.019431 0.145994
v 1.610921 0.019431 0.145994
v 1.610921 0.020547 0.145841
v 1.911142 0.020547 0.145841
v 1.290879 0.019431 0.145994
v 1.290879 0.020547 0.145841
v 2.171722 0.020547 0.145841
v 2.171722 0.019431 0.145994
v 1.911142 0.021345 0.145382
v 2.171722 0.021345 0.145382
v 1.911142 0.021877 0.144465
v 2.171722 0.021877 0.144465
v 1.610921 0.021345 0.145382
v 1.290879 0.021345 0.145382
v 1.610921 0.021877 0.144465
v 1.290879 0.021877 0.144465
v 2.579694 0.022357 -0.068247
v 2.579694 0.02241 -0.061698
v 2.557022 0.02241 -0.061698
v 2.557022 0.022357 -0.068247
v 2.579694 0.02241 -0.050741
v 2.557022 0.02241 -0.050741
v 2.557022 0.022197 -0.071653
v 2.579694 0.022197 -0.071653
v 2.557022 0.021877 -0.073181
v 2.579694 0.021877 -0.073181
v 2.494671 0.022357 -0.068247
v 2.494671 0.022197 -0.071653
v 2.372838 0.022357 -0.068247
v 2.372838 0.022197 -0.071653
v 2.494671 0.021877 -0.073182
v 2.372838 0.021877 -0.073181
v 2.494671 0.02241 -0.061698
v 2.494671 0.02241 -0.050741
v 2.372838 0.02241 -0.061698
v 2.372838 0.02241 -0.050741
v 2.579694 0.02241 0.084507
v 2.579694 0.02241 0.105393
v 2.557022 0.02241 0.105393
v 2.557022 0.02241 0.084507
v 2.579694 0.02241 0.122024
v 2.557022 0.02241 0.122024
v 2.557022 0.02241 0.060784
v 2.579694 0.02241 0.060784
v 2.557022 0.02241 0.035642
v 2.579694 0.02241 0.035642
v 2.494671 0.02241 0.084507
v 2.494671 0.02241 0.060784
v 2.372838 0.02241 0.084507
v 2.372838 0.02241 0.060784
v 2.494671 0.02241 0.035642
v 2.372838 0.02241 0.035642
v 2.494671 0.02241 0.105393
v 2.494671 0.02241 0.122024
v 2.372838 0.02241 0.105393
v 2.372838 0.02241 0.122024
v 2.579694 0.022357 0.13953
v 2.579694 0.022197 0.142936
v 2.557022 0.022197 0.142936
v 2.557022 0.022357 0.13953
v 2.582487 0.022357 0.13953
v 2.582487 0.022197 0.142936
v 2.579694 0.021877 0.144465
v 2.557022 0.021877 0.144465
v 2.582487 0.021877 0.144465
v 2.557022 0.02241 0.132981
v 2.579694 0.02241 0.132981
v 2.582487 0.02241 0.132981
v 2.494671 0.022357 0.13953
v 2.494671 0.02241 0.132981
v 2.372838 0.022357 0.13953
v 2.372838 0.02241 0.132981
v 2.494671 0.022197 0.142936
v 2.494671 0.021877 0.144465
v 2.372838 0.022197 0.142936
v 2.372838 0.021877 0.144465
v 2.579694 0.02241 -0.013224
v 2.579694 0.02241 0.0105
v 2.557022 0.02241 0.0105
v 2.557022 0.02241 -0.013224
v 2.582487 0.02241 -0.013224
v 2.582487 0.02241 0.0105
v 2.557022 0.02241 -0.03411
v 2.579694 0.02241 -0.03411
v 2.582487 0.02241 -0.03411
v 2.494671 0.02241 -0.013224
v 2.494671 0.02241 -0.03411
v 2.372838 0.02241 -0.013224
v 2.372838 0.02241 -0.03411
v 2.494671 0.02241 0.0105
v 2.372838 0.02241 0.0105
v 2.557022 0.005433 -0.061698
v 2.579694 0.005433 -0.061698
v 2.579694 0.005486 -0.068247
v 2.557022 0.005486 -0.068247
v 2.557022 0.005433 -0.050741
v 2.579694 0.005433 -0.050741
v 2.494671 0.005486 -0.068247
v 2.494671 0.005433 -0.061698
v 2.372838 0.005486 -0.068247
v 2.372838 0.005433 -0.061698
v 2.494671 0.005433 -0.050741
v 2.372838 0.005433 -0.050741
v 2.557022 0.005646 -0.071653
v 2.494671 0.005646 -0.071653
v 2.557022 0.005965 -0.073181
v 2.494671 0.005965 -0.073182
v 2.372838 0.005646 -0.071653
v 2.372838 0.005965 -0.073181
v 2.579694 0.005646 -0.071653
v 2.579694 0.005965 -0.073182
v 2.557022 0.005433 0.105393
v 2.579694 0.005433 0.105393
v 2.579694 0.005433 0.084507
v 2.557022 0.005433 0.084507
v 2.557022 0.005433 0.122024
v 2.579694 0.005433 0.122024
v 2.494671 0.005433 0.084507
v 2.494671 0.005433 0.105393
v 2.372838 0.005433 0.084507
v 2.372838 0.005433 0.105393
v 2.494671 0.005433 0.122024
v 2.372838 0.005433 0.122024
v 2.557022 0.005433 0.060784
v 2.494671 0.005433 0.060784
v 2.557022 0.005433 0.035642
v 2.494671 0.005433 0.035642
v 2.372838 0.005433 0.060784
v 2.372838 0.005433 0.035642
v 2.579694 0.005433 0.060784
v 2.579694 0.005433 0.035642
v 2.557022 0.005646 0.142936
v 2.579694 0.005646 0.142936
v 2.579694 0.005486 0.13953
v 2.557022 0.005486 0.13953
v 2.557022 0.005965 0.144465
v 2.579694 0.005965 0.144465
v 2.582487 0.005646 0.142936
v 2.582487 0.005486 0.13953
v 2.582487 0.005965 0.144465
v 2.494671 0.005486 0.13953
v 2.494671 0.005646 0.142936
v 2.372838 0.005486 0.13953
v 2.372838 0.005646 0.142936
v 2.494671 0.005965 0.144465
v 2.372838 0.005965 0.144465
v 2.557022 0.005433 0.132981
v 2.494671 0.005433 0.132981
v 2.372838 0.005433 0.132981
v 2.579694 0.005433 0.132981
v 2.582487 0.005433 0.132981
v 2.557022 0.005433 0.0105
v 2.579694 0.005433 0.0105
v 2.579694 0.005433 -0.013224
v 2.557022 0.005433 -0.013224
v 2.582487 0.005433 0.0105
v 2.582487 0.005433 -0.013224
v 2.494671 0.005433 -0.013224
v 2.494671 0.005433 0.0105
v 2.372838 0.005433 -0.013224
v 2.372838 0.005433 0.0105
v 2.557022 0.005433 -0.03411
v 2.494671 0.005433 -0.03411
v 2.372838 0.005433 -0.03411
v 2.579694 0.005433 -0.03411
v 2.582487 0.005433 -0.03411
v 2.631163 0.022357 0.140098
v 2.631514 0.02241 0.135253
v 2.65672 0.02241 0.136637
v 2.655908 0.022357 0.140444
v 2.610701 0.022357 0.139749
v 2.610495 0.02241 0.133856
v 2.655637 0.022197 0.142936
v 2.631045 0.022197 0.142936
v 2.655635 0.021877 0.144465
v 2.631043 0.021877 0.144465
v 2.610769 0.022197 0.142936
v 2.610768 0.021877 0.144465
v 2.681974 0.022357 0.140591
v 2.681791 0.022197 0.142936
v 2.681791 0.021877 0.144465
v 2.682527 0.02241 0.137227
v 2.631163 0.005486 -0.068815
v 2.631514 0.005433 -0.063969
v 2.65672 0.005433 -0.065353
v 2.655908 0.005486 -0.06916
v 2.634107 0.005433 -0.057319
v 2.658814 0.005433 -0.060104
v 2.655637 0.005646 -0.071653
v 2.631045 0.005646 -0.071653
v 2.655635 0.005965 -0.073181
v 2.631043 0.005965 -0.073181
v 2.681974 0.005486 -0.069308
v 2.681791 0.005646 -0.071653
v 2.681791 0.005965 -0.073181
v 2.682527 0.005433 -0.065944
v 2.683633 0.005433 -0.061355
v 2.628388 0.02241 0.068569
v 2.634425 0.02241 0.083036
v 2.624445 0.02241 0.089503
v 2.6188 0.02241 0.073048
v 2.616045 0.02241 0.054795
v 2.625179 0.02241 0.052505
v 2.61539 0.02241 0.035642
v 2.624281 0.02241 0.035642
v 2.608884 0.02241 0.077681
v 2.606818 0.02241 0.057051
v 2.606408 0.02241 0.035642
v 2.613442 0.02241 0.096752
v 2.589635 0.006498 -0.074099
v 2.59756 0.006498 -0.074099
v 2.59756 0.007296 -0.074557
v 2.589635 0.007296 -0.074557
v 2.589635 0.005965 -0.073181
v 2.59756 0.005965 -0.073181
v 2.585206 0.007296 -0.074557
v 2.585206 0.006498 -0.074099
v 2.585206 0.005965 -0.073181
v 2.589635 0.008411 -0.07471
v 2.585206 0.008411 -0.07471
v 2.589635 0.009896 -0.07471
v 2.585206 0.009896 -0.07471
v 2.59756 0.008411 -0.07471
v 2.59756 0.009896 -0.07471
v 2.65672 0.02241 -0.065353
v 2.631514 0.02241 -0.063969
v 2.631163 0.022357 -0.068815
v 2.655908 0.022357 -0.06916
v 2.658814 0.02241 -0.060104
v 2.634107 0.02241 -0.057319
v 2.681974 0.022357 -0.069308
v 2.682527 0.02241 -0.065944
v 2.683633 0.02241 -0.061355
v 2.655637 0.022197 -0.071653
v 2.681791 0.022197 -0.071653
v 2.655635 0.021877 -0.073181
v 2.681791 0.021877 -0.073181
v 2.631045 0.022197 -0.071653
v 2.631044 0.021877 -0.073181
v 2.655634 0.006498 0.145382
v 2.631042 0.006498 0.145382
v 2.631041 0.007296 0.145841
v 2.655633 0.007296 0.145841
v 2.655635 0.005965 0.144465
v 2.631043 0.005965 0.144465
v 2.681792 0.007296 0.145841
v 2.681792 0.006498 0.145382
v 2.681791 0.005965 0.144465
v 2.655633 0.008411 0.145994
v 2.681792 0.008411 0.145994
v 2.655633 0.009896 0.145994
v 2.681792 0.009896 0.145994
v 2.631041 0.008411 0.145994
v 2.631041 0.009896 0.145994
v 2.624445 0.005433 0.089503
v 2.634425 0.005433 0.083036
v 2.628388 0.005433 0.068569
v 2.6188 0.005433 0.073048
v 2.634244 0.005433 0.102836
v 2.643806 0.005433 0.095106
v 2.608884 0.005433 0.077681
v 2.613442 0.005433 0.096752
v 2.623221 0.005433 0.111796
v 2.616045 0.005433 0.054795
v 2.606818 0.005433 0.057051
v 2.625179 0.005433 0.052505
v 2.655633 0.019431 0.145994
v 2.631041 0.019431 0.145994
v 2.631042 0.020547 0.145841
v 2.655633 0.020547 0.145841
v 2.655633 0.017946 0.145994
v 2.631041 0.017946 0.145994
v 2.681792 0.020547 0.145841
v 2.681792 0.019431 0.145994
v 2.681792 0.017946 0.145994
v 2.655634 0.021345 0.145382
v 2.681792 0.021345 0.145382
v 2.655635 0.021877 0.144465
v 2.681791 0.021877 0.144465
v 2.631042 0.021345 0.145382
v 2.631043 0.021877 0.144465
v 2.589635 0.019431 -0.07471
v 2.59756 0.019431 -0.07471
v 2.59756 0.020547 -0.074557
v 2.589635 0.020547 -0.074557
v 2.589635 0.017946 -0.07471
v 2.59756 0.017946 -0.07471
v 2.585206 0.020547 -0.074557
v 2.585206 0.019431 -0.07471
v 2.585206 0.017946 -0.07471
v 2.589635 0.021345 -0.074099
v 2.585206 0.021345 -0.074099
v 2.589635 0.021877 -0.073181
v 2.585206 0.021877 -0.073181
v 2.59756 0.021345 -0.074099
v 2.59756 0.021877 -0.073181
v 2.649459 0.005433 -0.040445
v 2.657046 0.005433 -0.032698
v 2.672873 0.005433 -0.03868
v 2.667985 0.005433 -0.045833
v 2.662935 0.005433 -0.053286
v 2.640951 0.005433 -0.049064
v 2.687717 0.005433 -0.048657
v 2.685476 0.005433 -0.055339
v 2.690013 0.005433 -0.042072
v 2.588424 0.005433 0.010686
v 2.592716 0.005433 0.011246
v 2.593345 0.005433 -0.012165
v 2.588581 0.005433 -0.012959
v 2.585206 0.005433 -0.013224
v 2.585206 0.005433 0.0105
v 2.588972 0.005433 -0.033985
v 2.585206 0.005433 -0.03411
v 2.594907 0.005433 -0.033609
v 2.589635 0.011803 -0.07471
v 2.59756 0.011803 -0.07471
v 2.59756 0.013921 -0.07471
v 2.589635 0.013921 -0.07471
v 2.585206 0.013921 -0.07471
v 2.585206 0.011803 -0.07471
v 2.589635 0.016039 -0.07471
v 2.585206 0.016039 -0.07471
v 2.59756 0.016039 -0.07471
v 2.585206 0.022357 0.13953
v 2.585206 0.02241 0.132981
v 2.589557 0.02241 0.133043
v 2.589616 0.022357 0.139545
v 2.589635 0.022197 0.142936
v 2.585206 0.022197 0.142936
v 2.589635 0.021877 0.144465
v 2.585206 0.021877 0.144465
v 2.597483 0.022357 0.139591
v 2.597561 0.022197 0.142936
v 2.59756 0.021877 0.144465
v 2.597248 0.02241 0.133227
v 2.589557 0.005433 0.133043
v 2.585206 0.005433 0.132981
v 2.585206 0.005486 0.13953
v 2.589616 0.005486 0.139545
v 2.597483 0.005486 0.139591
v 2.597248 0.005433 0.133227
v 2.589635 0.005646 0.142936
v 2.597561 0.005646 0.142936
v 2.589635 0.005965 0.144465
v 2.59756 0.005965 0.144465
v 2.585206 0.005646 0.142936
v 2.585206 0.005965 0.144465
v 2.687717 0.005433 0.11994
v 2.690013 0.005433 0.113356
v 2.672873 0.005433 0.109964
v 2.667985 0.005433 0.117116
v 2.707061 0.005433 0.120754
v 2.707195 0.005433 0.11446
v 2.662935 0.005433 0.124569
v 2.685477 0.005433 0.126622
v 2.706937 0.005433 0.127134
v 2.649459 0.005433 0.111728
v 2.640951 0.005433 0.120348
v 2.657046 0.005433 0.103981
v 2.655633 0.011803 0.145994
v 2.631041 0.011803 0.145994
v 2.631041 0.013921 0.145994
v 2.655633 0.013921 0.145994
v 2.681792 0.013921 0.145994
v 2.681792 0.011803 0.145994
v 2.655633 0.016039 0.145994
v 2.681792 0.016039 0.145994
v 2.631041 0.016039 0.145994
v 2.593345 0.02241 -0.012165
v 2.592716 0.02241 0.011246
v 2.588424 0.02241 0.010686
v 2.588581 0.02241 -0.012959
v 2.599959 0.02241 -0.010194
v 2.598655 0.02241 0.012366
v 2.588972 0.02241 -0.033985
v 2.594907 0.02241 -0.033609
v 2.603051 0.02241 -0.031323
v 2.585206 0.02241 -0.013224
v 2.585206 0.02241 -0.03411
v 2.585206 0.02241 0.0105
v 2.628388 0.02241 0.002714
v 2.625179 0.02241 0.018779
v 2.616045 0.02241 0.016489
v 2.6188 0.02241 -0.001765
v 2.624445 0.02241 -0.018219
v 2.634425 0.02241 -0.011752
v 2.634244 0.02241 -0.031553
v 2.643806 0.02241 -0.023823
v 2.608884 0.02241 -0.006398
v 2.613442 0.02241 -0.025468
v 2.623221 0.02241 -0.040513
v 2.606818 0.02241 0.014232
v 2.672873 0.02241 -0.03868
v 2.657046 0.02241 -0.032698
v 2.649459 0.02241 -0.040445
v 2.667986 0.02241 -0.045833
v 2.687717 0.02241 -0.048657
v 2.690013 0.02241 -0.042072
v 2.662935 0.02241 -0.053286
v 2.685477 0.02241 -0.055339
v 2.640951 0.02241 -0.049064
v 0.670633 0.019431 0.145994
v 0.410108 0.019431 0.145994
v 0.410108 0.020547 0.145841
v 0.670633 0.020547 0.145841
v 0.670633 0.017946 0.145994
v 0.410108 0.017946 0.145994
v 0.970836 0.020547 0.145841
v 0.970836 0.019431 0.145994
v 1.290879 0.020547 0.145841
v 1.290879 0.019431 0.145994
v 0.970836 0.017946 0.145994
v 1.290879 0.017946 0.145994
v 0.670633 0.021345 0.145382
v 0.970836 0.021345 0.145382
v 0.670633 0.021877 0.144465
v 0.970836 0.021877 0.144465
v 1.290879 0.021345 0.145382
v 1.290879 0.021877 0.144465
v 0.410108 0.021345 0.145382
v 0.410108 0.021877 0.144465
v 0.670633 0.006498 0.145382
v 0.410108 0.006498 0.145382
v 0.410108 0.007296 0.145841
v 0.670633 0.007296 0.145841
v 0.670633 0.005965 0.144465
v 0.410108 0.005965 0.144465
v 0.970836 0.007296 0.145841
v 0.970836 0.006498 0.145382
v 1.290879 0.007296 0.145841
v 1.290879 0.006498 0.145382
v 0.970836 0.005965 0.144465
v 1.290879 0.005965 0.144465
v 0.670633 0.008411 0.145994
v 0.970836 0.008411 0.145994
v 0.670633 0.009896 0.145994
v 0.970836 0.009896 0.145994
v 1.290879 0.008411 0.145994
v 1.290879 0.009896 0.145994
v 0.410108 0.008411 0.145994
v 0.410108 0.009896 0.145994
v 0.670633 0.011803 0.145994
v 0.410108 0.011803 0.145994
v 0.410108 0.013921 0.145994
v 0.670633 0.013921 0.145994
v 0.970836 0.013921 0.145994
v 0.970836 0.011803 0.145994
v 1.290879 0.013921 0.145994
v 1.290879 0.011803 0.145994
v 0.670633 0.016039 0.145994
v 0.970836 0.016039 0.145994
v 1.290879 0.016039 0.145994
v 0.410108 0.016039 0.145994
v 1.911142 0.011803 -0.07471
v 2.171722 0.011803 -0.07471
v 2.171722 0.013921 -0.07471
v 1.911142 0.013921 -0.07471
v 1.911142 0.009896 -0.07471
v 2.171722 0.009896 -0.07471
v 1.610921 0.013921 -0.07471
v 1.610921 0.011803 -0.07471
v 1.290879 0.013921 -0.07471
v 1.290879 0.011803 -0.07471
v 1.610921 0.009896 -0.07471
v 1.290879 0.009896 -0.07471
v 1.911142 0.016039 -0.07471
v 1.610921 0.016039 -0.07471
v 1.911142 0.017946 -0.07471
v 1.610921 0.017946 -0.07471
v 1.290879 0.016039 -0.07471
v 1.290879 0.017946 -0.07471
v 2.171722 0.016039 -0.07471
v 2.171722 0.017946 -0.07471
v 1.911142 0.006498 -0.074099
v 2.171722 0.006498 -0.074099
v 2.171722 0.007296 -0.074557
v 1.911142 0.007296 -0.074557
v 1.911142 0.005965 -0.073182
v 2.171722 0.005965 -0.073182
v 1.610921 0.007296 -0.074557
v 1.610921 0.006498 -0.074099
v 1.290879 0.007296 -0.074558
v 1.290879 0.006498 -0.074099
v 1.610921 0.005965 -0.073182
v 1.290879 0.005965 -0.073182
v 1.911142 0.008411 -0.07471
v 1.610921 0.008411 -0.07471
v 1.290879 0.008411 -0.07471
v 2.171722 0.008411 -0.07471
v 1.911142 0.019431 -0.07471
v 2.171722 0.019431 -0.07471
v 2.171722 0.020547 -0.074557
v 1.911142 0.020547 -0.074557
v 1.610921 0.020547 -0.074558
v 1.610921 0.019431 -0.07471
v 1.290879 0.020547 -0.074558
v 1.290879 0.019431 -0.07471
v 1.911142 0.021345 -0.074099
v 1.610921 0.021345 -0.074099
v 1.911142 0.021877 -0.073182
v 1.610921 0.021877 -0.073182
v 1.290879 0.021345 -0.074099
v 1.290879 0.021877 -0.073182
v 2.171722 0.021345 -0.074099
v 2.171722 0.021877 -0.073182
v 2.171722 0.022357 -0.068247
v 2.171722 0.02241 -0.061698
v 1.911142 0.02241 -0.061698
v 1.911142 0.022357 -0.068247
v 2.171722 0.02241 -0.050741
v 1.911142 0.02241 -0.050741
v 1.911142 0.022197 -0.071653
v 2.171722 0.022197 -0.071653
v 1.911142 0.021877 -0.073182
v 2.171722 0.021877 -0.073182
v 1.610921 0.022357 -0.068247
v 1.610921 0.022197 -0.071653
v 1.290879 0.022357 -0.068247
v 1.290879 0.022197 -0.071653
v 1.610921 0.021877 -0.073182
v 1.290879 0.021877 -0.073182
v 1.610921 0.02241 -0.061698
v 1.610921 0.02241 -0.050741
v 1.290879 0.02241 -0.061698
v 1.290879 0.02241 -0.050741
v 2.171722 0.02241 0.084507
v 2.171722 0.02241 0.105393
v 1.911142 0.02241 0.105393
v 1.911142 0.02241 0.084507
v 2.171722 0.02241 0.122024
v 1.911142 0.02241 0.122024
v 1.911142 0.02241 0.060783
v 2.171722 0.02241 0.060783
v 1.911142 0.02241 0.035642
v 2.171722 0.02241 0.035642
v 1.610921 0.02241 0.084507
v 1.610921 0.02241 0.060783
v 1.290879 0.02241 0.084507
v 1.290879 0.02241 0.060783
v 1.610921 0.02241 0.035642
v 1.290879 0.02241 0.035642
v 1.610921 0.02241 0.105393
v 1.610921 0.02241 0.122024
v 1.290879 0.02241 0.105393
v 1.290879 0.02241 0.122024
v 2.171722 0.022357 0.13953
v 2.171722 0.022197 0.142936
v 1.911142 0.022197 0.142936
v 1.911142 0.022357 0.13953
v 2.171722 0.021877 0.144465
v 1.911142 0.021877 0.144465
v 1.911142 0.02241 0.132981
v 2.171722 0.02241 0.132981
v 1.610921 0.022357 0.13953
v 1.610921 0.02241 0.132981
v 1.290879 0.022357 0.13953
v 1.290879 0.02241 0.132981
v 1.610921 0.022197 0.142936
v 1.610921 0.021877 0.144465
v 1.290879 0.022197 0.142936
v 1.290879 0.021877 0.144465
v 2.171722 0.02241 -0.013224
v 2.171722 0.02241 0.0105
v 1.911142 0.02241 0.0105
v 1.911142 0.02241 -0.013224
v 1.911142 0.02241 -0.03411
v 2.171722 0.02241 -0.03411
v 1.610921 0.02241 -0.013224
v 1.610921 0.02241 -0.03411
v 1.290879 0.02241 -0.013224
v 1.290879 0.02241 -0.03411
v 1.610921 0.02241 0.0105
v 1.290879 0.02241 0.0105
v 1.911142 0.005433 -0.061698
v 2.171722 0.005433 -0.061698
v 2.171722 0.005486 -0.068247
v 1.911142 0.005486 -0.068247
v 1.911142 0.005433 -0.050741
v 2.171722 0.005433 -0.050741
v 1.610921 0.005486 -0.068247
v 1.610921 0.005433 -0.061698
v 1.290879 0.005486 -0.068247
v 1.290879 0.005433 -0.061698
v 1.610921 0.005433 -0.050741
v 1.290879 0.005433 -0.050741
v 1.911142 0.005646 -0.071653
v 1.610921 0.005646 -0.071653
v 1.911142 0.005965 -0.073182
v 1.610921 0.005965 -0.073182
v 1.290879 0.005646 -0.071653
v 1.290879 0.005965 -0.073182
v 2.171722 0.005646 -0.071653
v 2.171722 0.005965 -0.073182
v 1.911142 0.005433 0.105393
v 2.171722 0.005433 0.105393
v 2.171722 0.005433 0.084507
v 1.911142 0.005433 0.084507
v 1.911142 0.005433 0.122024
v 2.171722 0.005433 0.122024
v 1.610921 0.005433 0.084507
v 1.610921 0.005433 0.105393
v 1.290879 0.005433 0.084507
v 1.290879 0.005433 0.105393
v 1.610921 0.005433 0.122024
v 1.290879 0.005433 0.122024
v 1.911142 0.005433 0.060783
v 1.610921 0.005433 0.060783
v 1.911142 0.005433 0.035642
v 1.610921 0.005433 0.035642
v 1.290879 0.005433 0.060783
v 1.290879 0.005433 0.035642
v 2.171722 0.005433 0.060784
v 2.171722 0.005433 0.035642
v 1.911142 0.005646 0.142936
v 2.171722 0.005646 0.142936
v 2.171722 0.005486 0.13953
v 1.911142 0.005486 0.13953
v 1.911142 0.005965 0.144465
v 2.171722 0.005965 0.144465
v 1.610921 0.005486 0.13953
v 1.610921 0.005646 0.142936
v 1.290879 0.005486 0.13953
v 1.290879 0.005646 0.142936
v 1.610921 0.005965 0.144465
v 1.290879 0.005965 0.144465
v 1.911142 0.005433 0.132981
v 1.610921 0.005433 0.132981
v 1.290879 0.005433 0.132981
v 2.171722 0.005433 0.132981
v 1.911142 0.005433 0.0105
v 2.171722 0.005433 0.0105
v 2.171722 0.005433 -0.013224
v 1.911142 0.005433 -0.013224
v 1.610921 0.005433 -0.013224
v 1.610921 0.005433 0.0105
v 1.290879 0.005433 -0.013224
v 1.290879 0.005433 0.0105
v 1.911142 0.005433 -0.03411
v 1.610921 0.005433 -0.03411
v 1.290879 0.005433 -0.03411
v 2.171722 0.005433 -0.03411
vt 0.025386 0.491511
vt 0.064408 0.491511
vt 0.064408 0.487302
vt 0.025386 0.487302
vt 0.025386 0.498392
vt 0.064408 0.498392
vt 0.140809 0.491511
vt 0.140809 0.487302
vt 0.140809 0.498392
vt 0.011283 0.487302
vt 0.011283 0.491511
vt 0.00964 0.487302
vt 0.00964 0.491511
vt 0.011283 0.498392
vt 0.00964 0.498392
vt 0.025386 0.48487496
vt 0.011283 0.48487496
vt 0.025386 0.483338
vt 0.011283 0.483339
vt 0.00964 0.48487496
vt 0.00964 0.483339
vt 0.064408 0.48487496
vt 0.140809 0.484874
vt 0.064408 0.483338
vt 0.140809 0.483338
vt 0.025386 0.59644997
vt 0.064408 0.59644997
vt 0.064408 0.58333302
vt 0.025386 0.58333302
vt 0.025386 0.60689503
vt 0.064408 0.60689503
vt 0.140809 0.59645098
vt 0.140809 0.58333302
vt 0.140809 0.60689503
vt 0.011283 0.58333302
vt 0.011283 0.59644997
vt 0.00964 0.58333302
vt 0.00964 0.59644997
vt 0.011283 0.60689503
vt 0.00964 0.60689503
vt 0.025386 0.568434
vt 0.011283 0.568434
vt 0.025386 0.552644
vt 0.011283 0.552644
vt 0.009641 0.568434
vt 0.009641 0.552644
vt 0.064408 0.568434
vt 0.140809 0.568434
vt 0.064408 0.552644
vt 0.140809 0.552644
vt 0.928843 0.126769
vt 0.926886 0.12221503
vt 0.918408 0.12588501
vt 0.91983 0.130261
vt 0.937207 0.12110001
vt 0.934599 0.11667597
vt 0.925129 0.11828399
vt 0.917137 0.122084975
vt 0.932268 0.112874985
vt 0.921205 0.13469398
vt 0.930737 0.13138199
vt 0.92234 0.138663
vt 0.932305 0.13549101
vt 0.939741 0.125583
vt 0.941855 0.12955797
vt 0.909968 0.131998
vt 0.910752 0.13615596
vt 0.899062 0.13240099
vt 0.898983 0.13640797
vt 0.911399 0.13989997
vt 0.898922 0.14002597
vt 0.909162 0.12789398
vt 0.90845 0.12431097
vt 0.899145 0.12844801
vt 0.899224 0.12499201
vt 0.956418 0.091108024
vt 0.951024 0.08967602
vt 0.947203 0.09988701
vt 0.951785 0.102620006
vt 0.958226 0.078945994
vt 0.952475 0.078945994
vt 0.946321 0.088452995
vt 0.943187 0.09754902
vt 0.947473 0.078945994
vt 0.9563 0.10539001
vt 0.961752 0.09255803
vt 0.960115 0.10783601
vt 0.966274 0.09383899
vt 0.96392 0.078945994
vt 0.968752 0.078945994
vt 0.945118 0.11283398
vt 0.948612 0.11665797
vt 0.95155 0.120042026
vt 0.94155 0.10905999
vt 0.938395 0.10582602
vt 0.911996 0.012934029
vt 0.911791 0.01513201
vt 0.923035 0.016242981
vt 0.923405 0.0139939785
vt 0.89887 0.012921989
vt 0.898885 0.015082002
vt 0.911397 0.017992973
vt 0.922338 0.019230008
vt 0.89892 0.017867982
vt 0.923555 0.012235999
vt 0.912075 0.011177003
vt 0.923597 0.010724008
vt 0.912091 0.009640992
vt 0.898869 0.011177003
vt 0.898875 0.009640992
vt 0.933819 0.01711899
vt 0.934062 0.015411973
vt 0.943962 0.023329973
vt 0.944343 0.021766007
vt 0.934157 0.013971984
vt 0.944531 0.02046901
vt 0.933282 0.019360006
vt 0.932303 0.022401989
vt 0.943197 0.025430024
vt 0.941853 0.028334022
vt 0.954558 0.033643007
vt 0.953444 0.035398006
vt 0.962598 0.048289
vt 0.964083 0.047034025
vt 0.951549 0.037850022
vt 0.960114 0.050055027
vt 0.964902 0.046119988
vt 0.95515 0.032353997
vt 0.965389 0.045376003
vt 0.955482 0.03129798
vt 0.971016 0.062476993
vt 0.972018 0.062003016
vt 0.973834 0.078945994
vt 0.974917 0.078945994
vt 0.97263 0.061618984
vt 0.975584 0.078945994
vt 0.969231 0.06313002
vt 0.966273 0.064051986
vt 0.971918 0.078945994
vt 0.968752 0.078945994
vt 0.922889 0.11368102
vt 0.922174 0.11241698
vt 0.915055 0.11616397
vt 0.915548 0.11749798
vt 0.929323 0.10853803
vt 0.928398 0.10741001
vt 0.921575 0.11145002
vt 0.91465 0.11510301
vt 0.927628 0.10657799
vt 0.916213 0.11938101
vt 0.923836 0.115538
vt 0.917137 0.122084975
vt 0.925129 0.11828399
vt 0.930561 0.11026102
vt 0.932268 0.112874985
vt 0.907597 0.11986798
vt 0.907945 0.12171799
vt 0.899337 0.12066698
vt 0.899287 0.122476995
vt 0.90845 0.12431097
vt 0.899224 0.12499201
vt 0.907353 0.11851299
vt 0.907161 0.117405
vt 0.899379 0.11932802
vt 0.899418 0.118224025
vt 0.025386 0.620413
vt 0.064408 0.620413
vt 0.064408 0.61798602
vt 0.025386 0.617985
vt 0.025386 0.62194902
vt 0.064408 0.62194902
vt 0.140809 0.620413
vt 0.140809 0.61798602
vt 0.140809 0.62194902
vt 0.011283 0.617985
vt 0.011283 0.620413
vt 0.00964 0.617985
vt 0.00964 0.620413
vt 0.011283 0.62194902
vt 0.00964 0.62194902
vt 0.025386 0.61377698
vt 0.011283 0.61377698
vt 0.00964 0.61377698
vt 0.064408 0.61377698
vt 0.140809 0.61377698
vt 0.140809 0.60689503
vt 0.025386 0.53685403
vt 0.064408 0.53685403
vt 0.064408 0.521955
vt 0.025386 0.521955
vt 0.140809 0.53685403
vt 0.140809 0.521955
vt 0.140809 0.552644
vt 0.011283 0.521955
vt 0.011283 0.53685403
vt 0.009641 0.521955
vt 0.009641 0.53685403
vt 0.025386 0.50883698
vt 0.011283 0.50883698
vt 0.00964 0.50883698
vt 0.064408 0.50883698
vt 0.140809 0.50883698
vt 0.140809 0.498392
vt 0.940884 0.087095976
vt 0.939428 0.08676499
vt 0.937123 0.094302
vt 0.938446 0.09494501
vt 0.941738 0.078945994
vt 0.940229 0.078945994
vt 0.938334 0.08653301
vt 0.9361 0.09384799
vt 0.939109 0.078945994
vt 0.940367 0.09596503
vt 0.943061 0.08762598
vt 0.943187 0.09754902
vt 0.946321 0.088452995
vt 0.944023 0.078945994
vt 0.947473 0.078945994
vt 0.934551 0.102193
vt 0.936136 0.10362303
vt 0.938395 0.10582602
vt 0.933414 0.10127801
vt 0.932501 0.10062003
vt 0.841899 0.066918015
vt 0.847635 0.06835699
vt 0.849651 0.05826801
vt 0.843629 0.055454016
vt 0.841487 0.07894701
vt 0.847071 0.07894701
vt 0.852585 0.069592
vt 0.85477 0.060627997
vt 0.851897 0.07894701
vt 0.837401 0.05254501
vt 0.836103 0.065500975
vt 0.831796 0.050161004
vt 0.830977 0.06432903
vt 0.835846 0.07894802
vt 0.830848 0.07894802
vt 0.847174 0.04512
vt 0.840263 0.040567994
vt 0.853328 0.036746025
vt 0.846405 0.031118989
vt 0.833737 0.036890984
vt 0.838134 0.024353027
vt 0.853442 0.049181998
vt 0.858572 0.052446008
vt 0.859333 0.041601002
vt 0.864109 0.04543501
vt 0.891066 0.119773984
vt 0.891446 0.11847299
vt 0.883837 0.11609
vt 0.883107 0.11732197
vt 0.891728 0.117428005
vt 0.884359 0.11514497
vt 0.881962 0.119130015
vt 0.890489 0.12158501
vt 0.880192 0.12180197
vt 0.889619 0.12415999
vt 0.875785 0.11344701
vt 0.874111 0.11520398
vt 0.869421 0.10828102
vt 0.867344 0.10989398
vt 0.871503 0.117905974
vt 0.86411 0.112459004
vt 0.876836 0.11231899
vt 0.877577 0.111505985
vt 0.870728 0.10730201
vt 0.871649 0.106640995
vt 0.858324 0.07089102
vt 0.859869 0.071168005
vt 0.862142 0.06366503
vt 0.860617 0.063125014
vt 0.857535 0.07894701
vt 0.859077 0.07894701
vt 0.861036 0.071338
vt 0.863268 0.06400299
vt 0.860255 0.07894701
vt 0.858293 0.062179983
vt 0.856022 0.070402026
vt 0.855263 0.07894701
vt 0.864341 0.05593598
vt 0.862069 0.054605007
vt 0.869421 0.049614012
vt 0.867343 0.04800099
vt 0.865796 0.056714
vt 0.866843 0.057217002
vt 0.870727 0.050592005
vt 0.871649 0.05125302
vt 0.907596 0.03802502
vt 0.907352 0.039381027
vt 0.915054 0.041728973
vt 0.915546 0.04039502
vt 0.899336 0.03722602
vt 0.899378 0.03856498
vt 0.90716 0.040488005
vt 0.914649 0.042789996
vt 0.899417 0.039668977
vt 0.916211 0.03851199
vt 0.907944 0.036175013
vt 0.917136 0.035808027
vt 0.908448 0.033581972
vt 0.899285 0.03541702
vt 0.899223 0.032902002
vt 0.922888 0.044211984
vt 0.923835 0.042355
vt 0.929322 0.049354017
vt 0.93056 0.04763198
vt 0.925128 0.039609015
vt 0.932267 0.045018017
vt 0.922173 0.04547602
vt 0.921574 0.046442986
vt 0.928397 0.05048299
vt 0.927627 0.05131501
vt 0.93455 0.055700004
vt 0.933413 0.056614995
vt 0.937123 0.06358999
vt 0.938446 0.062946975
vt 0.9325 0.057272017
vt 0.9361 0.064044
vt 0.940367 0.061927974
vt 0.936136 0.054269016
vt 0.943186 0.060343027
vt 0.938394 0.05206597
vt 0.940884 0.07079601
vt 0.943061 0.07026702
vt 0.94632 0.06944001
vt 0.939428 0.071127
vt 0.938333 0.07135898
vt 0.864341 0.10195899
vt 0.865796 0.10118002
vt 0.862143 0.09422898
vt 0.860617 0.094770014
vt 0.866843 0.10067797
vt 0.863269 0.093891025
vt 0.858293 0.09571499
vt 0.862069 0.10329002
vt 0.854771 0.09726602
vt 0.858573 0.10544902
vt 0.858324 0.08700299
vt 0.856022 0.087493
vt 0.852585 0.088302016
vt 0.859869 0.08672601
vt 0.861036 0.08655602
vt 0.971016 0.09541398
vt 0.969232 0.094761014
vt 0.962599 0.109601974
vt 0.964084 0.11085701
vt 0.966274 0.09383899
vt 0.960115 0.10783601
vt 0.964903 0.111772
vt 0.972019 0.09588802
vt 0.96539 0.112515986
vt 0.97263 0.09627199
vt 0.954559 0.12424898
vt 0.955152 0.12553799
vt 0.943964 0.13456202
vt 0.944345 0.136127
vt 0.955484 0.126594
vt 0.944533 0.13742298
vt 0.953445 0.12249398
vt 0.95155 0.120042026
vt 0.943198 0.13246202
vt 0.941855 0.12955797
vt 0.909967 0.025895
vt 0.909161 0.029999018
vt 0.918407 0.032007992
vt 0.919828 0.027630985
vt 0.89906 0.025493026
vt 0.899144 0.029446006
vt 0.921204 0.023199022
vt 0.91075 0.02173698
vt 0.898982 0.021484971
vt 0.928842 0.031123996
vt 0.930735 0.026511014
vt 0.937205 0.03679198
vt 0.93974 0.032308996
vt 0.926885 0.035677016
vt 0.934598 0.041216016
vt 0.867445 0.14237702
vt 0.851615 0.14150798
vt 0.851394 0.144647
vt 0.866935 0.14486396
vt 0.868761 0.13907999
vt 0.853243 0.13733101
vt 0.838414 0.14063102
vt 0.838543 0.14442801
vt 0.838135 0.133542
vt 0.883306 0.144956
vt 0.883653 0.14274698
vt 0.898872 0.14497197
vt 0.898887 0.142811
vt 0.884348 0.13986498
vt 0.898922 0.14002597
vt 0.866764 0.14671701
vt 0.883191 0.14671701
vt 0.866763 0.14825296
vt 0.883192 0.14825296
vt 0.898871 0.146716
vt 0.898877 0.14825296
vt 0.85132 0.14671701
vt 0.838586 0.14671803
vt 0.851318 0.14825404
vt 0.838585 0.14825404
vt 0.945116 0.045058012
vt 0.941549 0.048832
vt 0.947203 0.058004975
vt 0.951784 0.055271983
vt 0.956299 0.052501976
vt 0.948611 0.041234016
vt 0.956418 0.066784024
vt 0.961752 0.06533301
vt 0.958226 0.078945994
vt 0.96392 0.078945994
vt 0.951023 0.068216026
vt 0.952475 0.078945994
vt 0.933821 0.140773
vt 0.933284 0.13853198
vt 0.923037 0.14165002
vt 0.923407 0.14389896
vt 0.932305 0.13549101
vt 0.92234 0.138663
vt 0.923558 0.145657
vt 0.934064 0.14248002
vt 0.923599 0.147169
vt 0.934159 0.14392
vt 0.911998 0.14495897
vt 0.912077 0.146716
vt 0.912093 0.14825201
vt 0.911793 0.14276099
vt 0.911399 0.13989997
vt 0.875784 0.044448018
vt 0.876835 0.045575023
vt 0.883836 0.041804016
vt 0.883106 0.040571988
vt 0.877576 0.04638803
vt 0.884358 0.042748988
vt 0.881961 0.038762987
vt 0.87411 0.04268998
vt 0.880191 0.036091983
vt 0.871502 0.03998798
vt 0.891065 0.03812003
vt 0.890488 0.036309004
vt 0.889617 0.033734024
vt 0.891445 0.03942001
vt 0.891727 0.04046601
vt 0.824896 0.122676015
vt 0.828624 0.12243998
vt 0.827643 0.10897303
vt 0.824651 0.10947102
vt 0.825147 0.13322902
vt 0.829628 0.13331401
vt 0.833738 0.121005
vt 0.831796 0.10773498
vt 0.822531 0.10963702
vt 0.822531 0.12275499
vt 0.820823 0.10963702
vt 0.820823 0.12275499
vt 0.822531 0.13319999
vt 0.820823 0.13319999
vt 0.824551 0.094621
vt 0.82253 0.09473801
vt 0.824538 0.07894802
vt 0.82253 0.07894802
vt 0.820823 0.09473801
vt 0.820823 0.07894802
vt 0.827247 0.09426898
vt 0.830977 0.093566
vt 0.827195 0.07894802
vt 0.430668 0.53685403
vt 0.619207 0.53685403
vt 0.619207 0.521955
vt 0.430668 0.521955
vt 0.430668 0.552644
vt 0.619207 0.552644
vt 0.820205 0.53685403
vt 0.820205 0.521955
vt 0.820205 0.55264503
vt 0.267049 0.521955
vt 0.267049 0.53685403
vt 0.267049 0.552644
vt 0.430668 0.50883698
vt 0.267049 0.50883698
vt 0.430668 0.498392
vt 0.267049 0.498392
vt 0.619207 0.50883698
vt 0.820205 0.50883698
vt 0.619207 0.498392
vt 0.820205 0.49839103
vt 0.430668 0.620413
vt 0.619207 0.62041402
vt 0.619207 0.61798698
vt 0.430668 0.61798602
vt 0.430668 0.62194997
vt 0.619207 0.62194997
vt 0.820205 0.62041402
vt 0.820205 0.61798698
vt 0.820205 0.62194997
vt 0.267049 0.61798602
vt 0.267049 0.620413
vt 0.267049 0.62194902
vt 0.430668 0.61377698
vt 0.267049 0.61377698
vt 0.430668 0.60689598
vt 0.267049 0.60689598
vt 0.619207 0.613778
vt 0.820205 0.613778
vt 0.619207 0.60689598
vt 0.820205 0.606897
vt 0.430668 0.59645098
vt 0.619207 0.59645098
vt 0.619207 0.58333403
vt 0.430668 0.58333302
vt 0.820205 0.596452
vt 0.820205 0.58333403
vt 0.267049 0.58333302
vt 0.267049 0.59645098
vt 0.140809 0.58333302
vt 0.140809 0.59645098
vt 0.430668 0.568434
vt 0.267049 0.568434
vt 0.140809 0.568434
vt 0.619207 0.568434
vt 0.820205 0.568435
vt 0.430668 0.49151003
vt 0.619207 0.49150896
vt 0.619207 0.48730004
vt 0.430668 0.48730004
vt 0.820205 0.49150896
vt 0.820205 0.48729897
vt 0.267049 0.487301
vt 0.267049 0.49151003
vt 0.140809 0.487302
vt 0.140809 0.491511
vt 0.430668 0.48487198
vt 0.267049 0.484873
vt 0.430668 0.48333502
vt 0.267049 0.483337
vt 0.140809 0.484874
vt 0.140809 0.483338
vt 0.619207 0.48487103
vt 0.820205 0.48486996
vt 0.619207 0.483334
vt 0.820205 0.483333
vt 0.064411 0.46008503
vt 0.064411 0.455876
vt 0.025389 0.455876
vt 0.025389 0.460086
vt 0.140812 0.46008503
vt 0.140812 0.45587504
vt 0.064411 0.44899404
vt 0.025389 0.44899404
vt 0.140812 0.44899297
vt 0.025389 0.46251404
vt 0.064411 0.46251297
vt 0.025388 0.464051
vt 0.064411 0.464051
vt 0.140812 0.46251297
vt 0.140812 0.46405
vt 0.011286 0.460086
vt 0.011285 0.46251297
vt 0.009642 0.46008503
vt 0.009642 0.46251297
vt 0.011285 0.464051
vt 0.009642 0.46405
vt 0.011286 0.455876
vt 0.011286 0.44899404
vt 0.009643 0.455876
vt 0.009643 0.44899404
vt 0.064411 0.364052
vt 0.06441 0.35093403
vt 0.025388 0.35093403
vt 0.025389 0.364052
vt 0.140811 0.36405098
vt 0.140811 0.35093403
vt 0.06441 0.34048903
vt 0.025388 0.34048903
vt 0.140811 0.34048796
vt 0.025389 0.378951
vt 0.064411 0.378951
vt 0.025389 0.394741
vt 0.064411 0.394741
vt 0.140812 0.378951
vt 0.140812 0.394741
vt 0.011286 0.364052
vt 0.011286 0.378951
vt 0.009643 0.364052
vt 0.009643 0.378951
vt 0.011286 0.394742
vt 0.009643 0.394742
vt 0.011286 0.35093403
vt 0.011285 0.34048903
vt 0.009642 0.35093403
vt 0.009642 0.34048903
vt 0.918413 0.18990499
vt 0.926891 0.19357502
vt 0.928848 0.18902099
vt 0.919834 0.185529
vt 0.917143 0.19370502
vt 0.925135 0.19750702
vt 0.934604 0.19911498
vt 0.937212 0.19468999
vt 0.932273 0.20291603
vt 0.909973 0.183792
vt 0.909167 0.18789697
vt 0.899067 0.18339002
vt 0.89915 0.187343
vt 0.908455 0.19147998
vt 0.899229 0.190799
vt 0.92121 0.18109703
vt 0.910757 0.17963398
vt 0.922345 0.177127
vt 0.911404 0.17589098
vt 0.898988 0.17938298
vt 0.898926 0.17576498
vt 0.930742 0.18440801
vt 0.939747 0.190207
vt 0.93231 0.1803
vt 0.94186 0.18623197
vt 0.947209 0.21590298
vt 0.951029 0.22611403
vt 0.956424 0.22468197
vt 0.951791 0.21316999
vt 0.943192 0.21824098
vt 0.946326 0.22733802
vt 0.952481 0.236844
vt 0.958232 0.236844
vt 0.947479 0.236844
vt 0.945123 0.20295602
vt 0.941556 0.20673001
vt 0.9384 0.20996404
vt 0.956305 0.210401
vt 0.948618 0.19913197
vt 0.96012 0.20795399
vt 0.951555 0.19574898
vt 0.961758 0.22323203
vt 0.963926 0.236844
vt 0.96628 0.22195101
vt 0.968758 0.236844
vt 0.923042 0.29954803
vt 0.911798 0.300659
vt 0.912003 0.30285704
vt 0.923411 0.30179703
vt 0.922345 0.296561
vt 0.911403 0.29779804
vt 0.898892 0.300709
vt 0.898877 0.30287004
vt 0.898926 0.29792404
vt 0.933826 0.298671
vt 0.933289 0.296431
vt 0.943969 0.29246104
vt 0.943203 0.290361
vt 0.93231 0.29338896
vt 0.94186 0.287457
vt 0.923562 0.303555
vt 0.934068 0.30037904
vt 0.923604 0.30506802
vt 0.934164 0.30181897
vt 0.94435 0.294025
vt 0.944538 0.295321
vt 0.912082 0.304614
vt 0.898876 0.304614
vt 0.912097 0.30614996
vt 0.898882 0.30614996
vt 0.962604 0.267501
vt 0.953451 0.280393
vt 0.954564 0.282147
vt 0.964089 0.26875603
vt 0.96012 0.26573503
vt 0.951555 0.27794003
vt 0.971022 0.253313
vt 0.969237 0.25266004
vt 0.97384 0.236844
vt 0.971924 0.236844
vt 0.96628 0.251738
vt 0.964909 0.26967
vt 0.972025 0.25378704
vt 0.965396 0.270415
vt 0.972636 0.254171
vt 0.974923 0.236844
vt 0.97559 0.236844
vt 0.955157 0.283436
vt 0.955489 0.28449202
vt 0.915061 0.19962698
vt 0.92218 0.20337403
vt 0.922894 0.20210999
vt 0.915553 0.19829202
vt 0.914655 0.200688
vt 0.92158 0.204341
vt 0.928403 0.208381
vt 0.929329 0.20725203
vt 0.927634 0.20921302
vt 0.907602 0.19592297
vt 0.907358 0.19727802
vt 0.899342 0.19512403
vt 0.899385 0.19646299
vt 0.907167 0.19838601
vt 0.899423 0.19756699
vt 0.916218 0.19641
vt 0.90795 0.19407302
vt 0.899292 0.19331402
vt 0.923841 0.20025301
vt 0.930567 0.20552999
vt 0.06441 0.32939696
vt 0.06441 0.32696903
vt 0.025388 0.32696903
vt 0.025388 0.32939696
vt 0.140811 0.32939696
vt 0.140811 0.32696903
vt 0.06441 0.325432
vt 0.025387 0.325432
vt 0.140811 0.325432
vt 0.025388 0.33360696
vt 0.06441 0.33360696
vt 0.140811 0.333606
vt 0.011285 0.32939804
vt 0.011285 0.33360696
vt 0.009641 0.32939804
vt 0.009642 0.33360696
vt 0.011284 0.32696998
vt 0.011284 0.32543302
vt 0.009641 0.32696998
vt 0.00964 0.32543302
vt 0.064411 0.425431
vt 0.064411 0.41053104
vt 0.025389 0.410532
vt 0.025389 0.425431
vt 0.140812 0.42543
vt 0.140812 0.41053104
vt 0.025389 0.43854904
vt 0.064411 0.43854797
vt 0.140812 0.43854797
vt 0.011286 0.425431
vt 0.011286 0.43854904
vt 0.009643 0.425431
vt 0.009643 0.43854904
vt 0.011286 0.410532
vt 0.009643 0.410532
vt 0.937129 0.221488
vt 0.939434 0.22902602
vt 0.940889 0.22869503
vt 0.938452 0.22084498
vt 0.936105 0.22194201
vt 0.938339 0.229258
vt 0.940235 0.236844
vt 0.941744 0.236844
vt 0.939115 0.236844
vt 0.934556 0.21359801
vt 0.933419 0.214513
vt 0.932506 0.21517003
vt 0.940373 0.21982598
vt 0.936142 0.21216702
vt 0.943067 0.22816503
vt 0.944029 0.236844
vt 0.883842 0.19970101
vt 0.891451 0.19731802
vt 0.891071 0.19601703
vt 0.883112 0.19846898
vt 0.884364 0.20064598
vt 0.891733 0.198363
vt 0.87579 0.20234501
vt 0.876842 0.20347202
vt 0.869427 0.20751101
vt 0.870733 0.20849001
vt 0.877582 0.20428503
vt 0.871655 0.20915103
vt 0.881967 0.196661
vt 0.874116 0.20058799
vt 0.880197 0.19398898
vt 0.871508 0.19788599
vt 0.867349 0.20589799
vt 0.864115 0.20333302
vt 0.890495 0.19420701
vt 0.889624 0.19163102
vt 0.862148 0.252127
vt 0.859875 0.24462402
vt 0.85833 0.24489999
vt 0.860623 0.252667
vt 0.863274 0.25178897
vt 0.861042 0.24445403
vt 0.859083 0.236844
vt 0.857541 0.236844
vt 0.860261 0.236844
vt 0.864347 0.259856
vt 0.865802 0.259077
vt 0.869427 0.266178
vt 0.870733 0.265199
vt 0.866849 0.25857496
vt 0.871655 0.264538
vt 0.858299 0.25361204
vt 0.862075 0.26118696
vt 0.854776 0.255163
vt 0.858578 0.26334596
vt 0.867349 0.26779103
vt 0.864115 0.270356
vt 0.856028 0.24539
vt 0.855269 0.236844
vt 0.852591 0.24619901
vt 0.851902 0.236844
vt 0.915061 0.27406204
vt 0.907358 0.276411
vt 0.907602 0.277766
vt 0.915553 0.275396
vt 0.914655 0.27300096
vt 0.907166 0.275303
vt 0.899384 0.27722597
vt 0.899342 0.278565
vt 0.899423 0.27612197
vt 0.922894 0.27157903
vt 0.922179 0.270315
vt 0.929329 0.266437
vt 0.928403 0.26530802
vt 0.92158 0.26934803
vt 0.927633 0.264476
vt 0.916218 0.27727902
vt 0.923841 0.273436
vt 0.917142 0.279984
vt 0.925135 0.276182
vt 0.930566 0.26815903
vt 0.932273 0.270773
vt 0.90795 0.279616
vt 0.899292 0.280375
vt 0.908455 0.28220904
vt 0.899229 0.28288996
vt 0.937129 0.25220096
vt 0.933419 0.25917602
vt 0.934556 0.260091
vt 0.938452 0.25284302
vt 0.936105 0.251746
vt 0.932506 0.258519
vt 0.940889 0.24499398
vt 0.939434 0.244663
vt 0.938339 0.24443102
vt 0.940373 0.25386298
vt 0.943067 0.24552399
vt 0.943192 0.25544798
vt 0.946326 0.246351
vt 0.936142 0.261522
vt 0.9384 0.26372504
vt 0.862148 0.22156203
vt 0.865802 0.214612
vt 0.864347 0.21383297
vt 0.860623 0.22102201
vt 0.863274 0.22189999
vt 0.866849 0.215114
vt 0.85833 0.22878897
vt 0.859875 0.229065
vt 0.861042 0.229235
vt 0.858299 0.22007698
vt 0.856028 0.22829902
vt 0.854776 0.21852499
vt 0.852591 0.227489
vt 0.862075 0.212502
vt 0.858578 0.210343
vt 0.962604 0.20618796
vt 0.969237 0.22102898
vt 0.971022 0.22037601
vt 0.964089 0.20493299
vt 0.954564 0.19154203
vt 0.953451 0.19329602
vt 0.943969 0.18122798
vt 0.943203 0.18332803
vt 0.964909 0.204018
vt 0.955157 0.19025302
vt 0.965396 0.20327401
vt 0.955489 0.18919599
vt 0.94435 0.17966402
vt 0.944538 0.17836702
vt 0.972025 0.21990198
vt 0.972636 0.219518
vt 0.918413 0.28378403
vt 0.909167 0.285792
vt 0.909973 0.289896
vt 0.919834 0.28815997
vt 0.89915 0.28634596
vt 0.899067 0.290299
vt 0.928848 0.28466702
vt 0.926891 0.280114
vt 0.937212 0.27899897
vt 0.934604 0.27457404
vt 0.92121 0.292592
vt 0.930742 0.28928
vt 0.939747 0.283481
vt 0.910757 0.29405499
vt 0.898988 0.29430604
vt 0.82253 0.013604999
vt 0.82253 0.01781398
vt 0.825262 0.017776012
vt 0.825299 0.013595998
vt 0.820822 0.013604999
vt 0.820822 0.01781398
vt 0.82253 0.024695992
vt 0.825146 0.024667025
vt 0.820822 0.024695992
vt 0.825311 0.011178017
vt 0.82253 0.011178017
vt 0.825311 0.009642005
vt 0.82253 0.009642005
vt 0.820822 0.011178017
vt 0.820822 0.009642005
vt 0.83024 0.013566971
vt 0.830289 0.011178017
vt 0.838542 0.013468027
vt 0.838584 0.011178017
vt 0.830289 0.009642005
vt 0.838583 0.009642005
vt 0.830093 0.017660022
vt 0.829627 0.024581015
vt 0.838412 0.017265022
vt 0.947209 0.25778604
vt 0.941555 0.266959
vt 0.945123 0.270733
vt 0.951791 0.26051903
vt 0.956424 0.24900603
vt 0.951029 0.24757499
vt 0.956305 0.26328802
vt 0.961758 0.250457
vt 0.948618 0.274557
vt 0.923042 0.17414099
vt 0.933289 0.17725801
vt 0.933826 0.175017
vt 0.923411 0.17189199
vt 0.912003 0.17083198
vt 0.911798 0.17303002
vt 0.898877 0.17081898
vt 0.898891 0.17298001
vt 0.923562 0.17013401
vt 0.912082 0.16907501
vt 0.923604 0.168621
vt 0.912097 0.16753799
vt 0.898876 0.16907501
vt 0.898882 0.16753799
vt 0.934068 0.17330998
vt 0.934164 0.17187
vt 0.883842 0.273988
vt 0.876842 0.270216
vt 0.87579 0.271344
vt 0.883112 0.27522004
vt 0.884364 0.27304304
vt 0.877582 0.269404
vt 0.891071 0.277672
vt 0.891451 0.276371
vt 0.891733 0.275325
vt 0.881967 0.27702796
vt 0.890495 0.279482
vt 0.880197 0.27969897
vt 0.889624 0.282057
vt 0.874116 0.27310097
vt 0.871508 0.27580297
vt 0.827648 0.20682001
vt 0.828629 0.19335198
vt 0.824901 0.19311601
vt 0.824656 0.206321
vt 0.831802 0.20805699
vt 0.833743 0.19478703
vt 0.829633 0.18247801
vt 0.825152 0.18256402
vt 0.83814 0.18225002
vt 0.824557 0.22117102
vt 0.827252 0.22152299
vt 0.824544 0.236844
vt 0.827201 0.236844
vt 0.830983 0.22222602
vt 0.830854 0.236844
vt 0.822536 0.206155
vt 0.822536 0.22105402
vt 0.820829 0.206155
vt 0.820829 0.22105402
vt 0.822536 0.236844
vt 0.820829 0.236844
vt 0.822536 0.19303703
vt 0.822536 0.18259203
vt 0.820829 0.19303703
vt 0.820829 0.18259203
vt 0.877595 0.19016701
vt 0.88836 0.18803698
vt 0.886917 0.18390101
vt 0.874525 0.18567502
vt 0.86289 0.18905902
vt 0.867655 0.19392401
vt 0.853334 0.19464302
vt 0.859339 0.199498
vt 0.871353 0.18099403
vt 0.857546 0.18364501
vt 0.868765 0.17671204
vt 0.853248 0.17846102
vt 0.846411 0.18901598
vt 0.88551 0.17970502
vt 0.884353 0.17592597
vt 0.825269 0.29801702
vt 0.822536 0.29797804
vt 0.822536 0.30218697
vt 0.825306 0.30219698
vt 0.825152 0.291125
vt 0.822536 0.291097
vt 0.820829 0.29797804
vt 0.820829 0.30218697
vt 0.820829 0.291097
vt 0.830246 0.302225
vt 0.830099 0.298132
vt 0.838548 0.302324
vt 0.838419 0.298527
vt 0.829633 0.291211
vt 0.83814 0.291439
vt 0.825318 0.304614
vt 0.830295 0.304614
vt 0.825318 0.30614996
vt 0.830295 0.30614996
vt 0.83859 0.304614
vt 0.83859 0.30614996
vt 0.822536 0.304614
vt 0.820829 0.304614
vt 0.822536 0.30614996
vt 0.820829 0.30614996
vt 0.619206 0.42542696
vt 0.619206 0.410527
vt 0.430669 0.41052902
vt 0.430669 0.42542803
vt 0.820203 0.425425
vt 0.820203 0.41052604
vt 0.619206 0.394737
vt 0.430669 0.39473903
vt 0.820203 0.394736
vt 0.430669 0.438545
vt 0.619206 0.43854403
vt 0.430669 0.448991
vt 0.619207 0.44898903
vt 0.820203 0.438542
vt 0.820203 0.448987
vt 0.267051 0.425429
vt 0.267051 0.43854702
vt 0.267051 0.448992
vt 0.267051 0.41052997
vt 0.267051 0.39474
vt 0.619206 0.329395
vt 0.619206 0.326968
vt 0.430668 0.326968
vt 0.430668 0.329396
vt 0.820203 0.329395
vt 0.820203 0.326968
vt 0.619206 0.325431
vt 0.430668 0.325431
vt 0.820203 0.325431
vt 0.430668 0.333605
vt 0.619206 0.33360398
vt 0.430669 0.340487
vt 0.619206 0.340486
vt 0.820203 0.33360398
vt 0.820203 0.34048498
vt 0.26705 0.329396
vt 0.26705 0.333606
vt 0.26705 0.34048796
vt 0.26705 0.32696903
vt 0.26705 0.325432
vt 0.619206 0.364048
vt 0.619206 0.350931
vt 0.430669 0.350932
vt 0.430669 0.36405003
vt 0.820203 0.364047
vt 0.820203 0.35092998
vt 0.430669 0.378949
vt 0.619206 0.37894702
vt 0.820203 0.378946
vt 0.267051 0.36405098
vt 0.267051 0.37895
vt 0.267051 0.35093296
vt 0.619207 0.46008003
vt 0.619207 0.455871
vt 0.430669 0.455872
vt 0.430669 0.460082
vt 0.820203 0.460077
vt 0.820203 0.45586896
vt 0.430669 0.46250904
vt 0.619207 0.462507
vt 0.430669 0.464046
vt 0.619207 0.46404397
vt 0.820204 0.46250498
vt 0.820204 0.464041
vt 0.267051 0.460083
vt 0.267051 0.462511
vt 0.267051 0.46404803
vt 0.267051 0.45587397
vt 0.615856 0.763057
vt 0.618283 0.763057
vt 0.618283 0.76232302
vt 0.615856 0.76232302
vt 0.615856 0.76398897
vt 0.618283 0.76398897
vt 0.619819 0.763057
vt 0.619819 0.76232302
vt 0.619819 0.76398897
vt 0.611647 0.76232302
vt 0.611647 0.763057
vt 0.604765 0.76232302
vt 0.604765 0.763057
vt 0.611647 0.76398897
vt 0.604765 0.76398897
vt 0.615856 0.76172101
vt 0.611647 0.76172101
vt 0.615856 0.761186
vt 0.611647 0.761186
vt 0.604765 0.76172101
vt 0.604765 0.761186
vt 0.618283 0.76172101
vt 0.619819 0.76172101
vt 0.618283 0.761186
vt 0.619819 0.761186
vt 0.224618 0.77005202
vt 0.216405 0.77004898
vt 0.216405 0.770783
vt 0.224618 0.77078599
vt 0.224618 0.76911902
vt 0.216405 0.76911598
vt 0.208209 0.770046
vt 0.208208 0.77078003
vt 0.208209 0.76911402
vt 0.232865 0.77078903
vt 0.232866 0.770055
vt 0.241164 0.770792
vt 0.241164 0.77005798
vt 0.232866 0.769122
vt 0.241164 0.76912498
vt 0.224618 0.77138698
vt 0.232865 0.77139002
vt 0.224617 0.771923
vt 0.232865 0.77192497
vt 0.241164 0.771393
vt 0.241163 0.77192801
vt 0.216404 0.77138501
vt 0.208208 0.77138197
vt 0.216404 0.77192003
vt 0.208208 0.77191699
vt 0.419983 0.769979
vt 0.399012 0.76997799
vt 0.399012 0.77071202
vt 0.419983 0.77071202
vt 0.419983 0.76904601
vt 0.399012 0.76904601
vt 0.378041 0.76997799
vt 0.378041 0.77071202
vt 0.378041 0.76904601
vt 0.440955 0.77071202
vt 0.440955 0.769979
vt 0.461926 0.77071202
vt 0.461926 0.769979
vt 0.440955 0.76904601
vt 0.461926 0.76904601
vt 0.419983 0.77131402
vt 0.440955 0.77131402
vt 0.419983 0.77184898
vt 0.440955 0.77184898
vt 0.461926 0.77131402
vt 0.461926 0.77184898
vt 0.399012 0.77131402
vt 0.378041 0.77131402
vt 0.399012 0.77184898
vt 0.378041 0.77184898
vt 0.581203 0.763057
vt 0.59432 0.763057
vt 0.59432 0.76232302
vt 0.581203 0.76232302
vt 0.581203 0.76398897
vt 0.59432 0.76398897
vt 0.566303 0.76232302
vt 0.566303 0.763057
vt 0.550513 0.76232302
vt 0.550513 0.763057
vt 0.566303 0.76398897
vt 0.550513 0.76398897
vt 0.581203 0.76172101
vt 0.566303 0.76172101
vt 0.581203 0.761186
vt 0.566303 0.761186
vt 0.550513 0.76172101
vt 0.550513 0.761186
vt 0.59432 0.76172101
vt 0.59432 0.761186
vt 0.257949 0.77006298
vt 0.249531 0.77006
vt 0.249531 0.77079397
vt 0.257948 0.77079701
vt 0.257949 0.769131
vt 0.249531 0.76912802
vt 0.266401 0.7708
vt 0.266401 0.77006602
vt 0.27487 0.77080297
vt 0.27487 0.770069
vt 0.266401 0.76913399
vt 0.27487 0.76913601
vt 0.257948 0.77139902
vt 0.2664 0.771402
vt 0.257948 0.77193397
vt 0.2664 0.77193701
vt 0.274869 0.77140498
vt 0.274869 0.77194
vt 0.24953 0.77139598
vt 0.24953 0.771931
vt 0.824745 0.680045
vt 0.821965 0.680045
vt 0.821965 0.68077803
vt 0.824745 0.68077803
vt 0.824745 0.67911297
vt 0.821965 0.67911297
vt 0.820259 0.680045
vt 0.820259 0.68077803
vt 0.820259 0.67911297
vt 0.829719 0.68077803
vt 0.829719 0.680045
vt 0.838008 0.68077803
vt 0.838008 0.680044
vt 0.829719 0.67911297
vt 0.838008 0.67911202
vt 0.824745 0.68137902
vt 0.829719 0.68137902
vt 0.824745 0.68191397
vt 0.829719 0.68191397
vt 0.838008 0.68137902
vt 0.838008 0.68191397
vt 0.821965 0.68137902
vt 0.820259 0.68137902
vt 0.821966 0.68191397
vt 0.820259 0.68191397
vt 0.519823 0.763057
vt 0.534723 0.763057
vt 0.534723 0.76232302
vt 0.519823 0.76232302
vt 0.519823 0.76398897
vt 0.534723 0.76398897
vt 0.506706 0.76232302
vt 0.506706 0.763057
vt 0.496261 0.76232302
vt 0.496261 0.763057
vt 0.506706 0.76398897
vt 0.496261 0.76398897
vt 0.519823 0.76172101
vt 0.506706 0.76172101
vt 0.519824 0.761186
vt 0.506706 0.761186
vt 0.496261 0.76172101
vt 0.496261 0.761186
vt 0.534723 0.76172101
vt 0.534723 0.761186
vt 0.191799 0.77004099
vt 0.183551 0.77003801
vt 0.183551 0.77077198
vt 0.191799 0.77077502
vt 0.191799 0.769108
vt 0.183552 0.76910502
vt 0.175253 0.77003503
vt 0.175253 0.770769
vt 0.175253 0.76910198
vt 0.200012 0.77077699
vt 0.200012 0.77004302
vt 0.200013 0.76911098
vt 0.191798 0.77137601
vt 0.200012 0.771379
vt 0.191798 0.77191103
vt 0.200012 0.771914
vt 0.183551 0.77137297
vt 0.175252 0.77137
vt 0.183551 0.771909
vt 0.175252 0.77190602
vt 0.922688 0.64315897
vt 0.932832 0.64316398
vt 0.932833 0.642429
vt 0.922688 0.642424
vt 0.922688 0.644094
vt 0.932832 0.64409798
vt 0.942358 0.64316797
vt 0.942358 0.642433
vt 0.942357 0.64410198
vt 0.911307 0.64241898
vt 0.911307 0.64315403
vt 0.89807 0.64241302
vt 0.89807 0.64314902
vt 0.911307 0.64408898
vt 0.898069 0.64408302
vt 0.922689 0.64182198
vt 0.911307 0.64181697
vt 0.922689 0.64128602
vt 0.911308 0.641281
vt 0.89807 0.641811
vt 0.89807 0.641275
vt 0.932833 0.64182597
vt 0.942358 0.64183003
vt 0.932833 0.64129
vt 0.942359 0.641294
vt 0.125037 0.77001798
vt 0.116768 0.770015
vt 0.116768 0.77074897
vt 0.125036 0.77075201
vt 0.125037 0.76908499
vt 0.116768 0.76908201
vt 0.108519 0.77001202
vt 0.108519 0.770746
vt 0.10852 0.76907903
vt 0.133335 0.770755
vt 0.133336 0.77002102
vt 0.141675 0.77075702
vt 0.141676 0.770024
vt 0.133336 0.76908797
vt 0.141676 0.76909101
vt 0.125036 0.771353
vt 0.133335 0.77135599
vt 0.125036 0.77188802
vt 0.133335 0.771891
vt 0.141675 0.77135903
vt 0.141675 0.77189398
vt 0.116768 0.77135003
vt 0.108519 0.771348
vt 0.116767 0.77188599
vt 0.108519 0.77188301
vt 0.025373 0.73309797
vt 0.064365 0.73309702
vt 0.064365 0.732364
vt 0.025373 0.732364
vt 0.025373 0.73403
vt 0.064365 0.734029
vt 0.140705 0.73309702
vt 0.140705 0.732363
vt 0.140705 0.734029
vt 0.011282 0.732364
vt 0.011282 0.73309797
vt 0.00964 0.732365
vt 0.00964 0.73309797
vt 0.011282 0.73403
vt 0.00964 0.73403
vt 0.025373 0.731763
vt 0.011282 0.73176402
vt 0.025373 0.731228
vt 0.011282 0.731229
vt 0.00964 0.73176402
vt 0.00964 0.731229
vt 0.064364 0.731763
vt 0.140705 0.731762
vt 0.064364 0.731228
vt 0.140705 0.73122698
vt 0.336097 0.76997799
vt 0.315126 0.76997799
vt 0.315126 0.77071202
vt 0.336097 0.77071202
vt 0.336097 0.76904601
vt 0.315126 0.76904601
vt 0.294154 0.76997799
vt 0.294154 0.77071202
vt 0.294154 0.76904601
vt 0.357069 0.77071202
vt 0.357069 0.76997799
vt 0.357069 0.76904601
vt 0.336097 0.77131402
vt 0.357069 0.77131402
vt 0.336097 0.77184898
vt 0.357069 0.77184898
vt 0.315126 0.77131402
vt 0.294154 0.77131402
vt 0.315126 0.77184898
vt 0.294154 0.77184898
vt 0.804277 0.680045
vt 0.765145 0.68004698
vt 0.765145 0.68078
vt 0.804277 0.68077898
vt 0.804277 0.67911297
vt 0.765145 0.67911398
vt 0.688683 0.680049
vt 0.688683 0.68078297
vt 0.688683 0.67911702
vt 0.818506 0.68077898
vt 0.818506 0.680045
vt 0.818506 0.67911297
vt 0.804277 0.68137997
vt 0.818506 0.68137902
vt 0.804277 0.681915
vt 0.818506 0.68191397
vt 0.765145 0.681381
vt 0.688683 0.68138403
vt 0.765145 0.681916
vt 0.688683 0.68191898
vt 0.430334 0.733095
vt 0.618723 0.73309398
vt 0.618723 0.732359
vt 0.430334 0.73236102
vt 0.430334 0.73402703
vt 0.618723 0.734026
vt 0.819561 0.733092
vt 0.819561 0.73235703
vt 0.819561 0.734025
vt 0.266845 0.73236197
vt 0.266845 0.733096
vt 0.266845 0.73402798
vt 0.430334 0.731758
vt 0.266845 0.73176003
vt 0.430334 0.73122197
vt 0.266845 0.731225
vt 0.618723 0.73175597
vt 0.819561 0.731754
vt 0.618723 0.73122
vt 0.819561 0.73121703
vt 0.48517 0.763057
vt 0.489379 0.763057
vt 0.489379 0.76232302
vt 0.48517 0.76232302
vt 0.48517 0.76398897
vt 0.489379 0.76398897
vt 0.482743 0.76232302
vt 0.482743 0.763057
vt 0.481207 0.76232302
vt 0.481207 0.763057
vt 0.482743 0.76398897
vt 0.481207 0.76398897
vt 0.48517 0.76172101
vt 0.482743 0.76172101
vt 0.48517 0.761186
vt 0.482743 0.761186
vt 0.481207 0.76172101
vt 0.481207 0.761186
vt 0.489379 0.76172101
vt 0.489379 0.761186
vt 0.865902 0.643135
vt 0.882358 0.64314198
vt 0.882358 0.642407
vt 0.865902 0.64240003
vt 0.865902 0.64406902
vt 0.882358 0.644076
vt 0.850432 0.642393
vt 0.850432 0.64312798
vt 0.837678 0.64238697
vt 0.837678 0.64312297
vt 0.850432 0.64406198
vt 0.837677 0.64405698
vt 0.865903 0.641797
vt 0.850433 0.64178997
vt 0.865903 0.64126098
vt 0.850433 0.641254
vt 0.837678 0.64178503
vt 0.837679 0.641249
vt 0.882359 0.64180398
vt 0.882359 0.64126801
vt 0.026164 0.769984
vt 0.017904 0.76998103
vt 0.017903 0.770715
vt 0.026164 0.77071798
vt 0.026164 0.76905102
vt 0.017904 0.76904798
vt 0.009641 0.76997799
vt 0.009641 0.77071202
vt 0.009641 0.769045
vt 0.034419 0.77072
vt 0.03442 0.76998597
vt 0.042668 0.77072299
vt 0.042668 0.76998901
vt 0.03442 0.769054
vt 0.042669 0.76905698
vt 0.026163 0.77131897
vt 0.034419 0.77132201
vt 0.026163 0.77185398
vt 0.034419 0.77185702
vt 0.042668 0.77132499
vt 0.042668 0.77186
vt 0.017903 0.77131599
vt 0.009641 0.77131301
vt 0.017903 0.771851
vt 0.00964 0.77184898
vt 0.05914 0.76999497
vt 0.050908 0.769992
vt 0.050907 0.77072603
vt 0.05914 0.770729
vt 0.059141 0.76906198
vt 0.050908 0.76906002
vt 0.067368 0.77073199
vt 0.067368 0.76999801
vt 0.075593 0.77073503
vt 0.075594 0.770001
vt 0.067368 0.76906502
vt 0.075594 0.769068
vt 0.05914 0.77133
vt 0.067368 0.77133298
vt 0.05914 0.77186602
vt 0.067367 0.77186799
vt 0.075593 0.77133602
vt 0.075593 0.77187097
vt 0.050907 0.77132797
vt 0.050907 0.77186298
vt 0.025384 0.710052
vt 0.011289 0.710052
vt 0.011289 0.710788
vt 0.025384 0.71078902
vt 0.025384 0.709117
vt 0.01129 0.709117
vt 0.009643 0.710052
vt 0.009642 0.710787
vt 0.009643 0.709117
vt 0.064374 0.710787
vt 0.064374 0.710051
vt 0.140708 0.710783
vt 0.140708 0.710047
vt 0.064374 0.70911503
vt 0.140708 0.709112
vt 0.025383 0.711393
vt 0.064374 0.71139097
vt 0.025383 0.71192998
vt 0.064374 0.71192998
vt 0.140708 0.71138698
vt 0.140708 0.71192598
vt 0.011288 0.711392
vt 0.009641 0.71139002
vt 0.011288 0.71192902
vt 0.00964 0.711927
vt 0.158481 0.77002901
vt 0.150067 0.77002603
vt 0.150067 0.77076
vt 0.158481 0.77076298
vt 0.158481 0.76909697
vt 0.150068 0.76909399
vt 0.166886 0.77076602
vt 0.166886 0.77003199
vt 0.166886 0.769099
vt 0.15848 0.77136499
vt 0.166886 0.77136803
vt 0.15848 0.7719
vt 0.166885 0.77190298
vt 0.150067 0.771362
vt 0.150067 0.77189702
vt 0.092047 0.770006
vt 0.083819 0.77000302
vt 0.083819 0.77073699
vt 0.092047 0.77073997
vt 0.092048 0.76907402
vt 0.08382 0.76907098
vt 0.100279 0.77074301
vt 0.10028 0.77000898
vt 0.10028 0.769077
vt 0.092047 0.77134198
vt 0.100279 0.77134502
vt 0.092047 0.77187699
vt 0.100279 0.77187997
vt 0.083819 0.771339
vt 0.083819 0.77187401
vt 0.922819 0.68004102
vt 0.911464 0.68004203
vt 0.911465 0.680775
vt 0.922819 0.680775
vt 0.922819 0.67910898
vt 0.911464 0.67911
vt 0.898258 0.68004203
vt 0.898258 0.680776
vt 0.898258 0.67911
vt 0.932939 0.680775
vt 0.932939 0.68004102
vt 0.942443 0.68077397
vt 0.942443 0.68004102
vt 0.932939 0.67910898
vt 0.942443 0.67910898
vt 0.922819 0.68137598
vt 0.932939 0.68137598
vt 0.922819 0.681911
vt 0.932939 0.68190998
vt 0.942443 0.68137503
vt 0.942443 0.68190998
vt 0.911465 0.68137598
vt 0.898258 0.681377
vt 0.911465 0.681911
vt 0.898258 0.681912
vt 0.922819 0.67179
vt 0.911464 0.67179102
vt 0.911464 0.672392
vt 0.922819 0.672391
vt 0.922819 0.671256
vt 0.911464 0.671256
vt 0.898258 0.67179102
vt 0.898258 0.672392
vt 0.898258 0.671256
vt 0.932939 0.672391
vt 0.932939 0.67179
vt 0.942442 0.672391
vt 0.942442 0.67179
vt 0.932939 0.671255
vt 0.942442 0.671255
vt 0.922819 0.67312503
vt 0.932939 0.67312503
vt 0.922819 0.674057
vt 0.932939 0.674057
vt 0.942442 0.67312402
vt 0.942442 0.674056
vt 0.911464 0.67312503
vt 0.898258 0.67312598
vt 0.911464 0.674057
vt 0.898258 0.67405802
vt 0.922819 0.675254
vt 0.911464 0.675254
vt 0.911464 0.676584
vt 0.922819 0.676583
vt 0.898258 0.675255
vt 0.898258 0.676584
vt 0.932939 0.676583
vt 0.932939 0.675254
vt 0.942442 0.676583
vt 0.942442 0.67525297
vt 0.922819 0.677912
vt 0.932939 0.677912
vt 0.942442 0.677912
vt 0.911464 0.677913
vt 0.898258 0.677913
vt 0.025386 0.70178002
vt 0.011292 0.70178002
vt 0.011292 0.70238298
vt 0.025386 0.70238298
vt 0.025386 0.70124298
vt 0.011292 0.701244
vt 0.009646 0.701779
vt 0.009646 0.70238203
vt 0.009646 0.70124298
vt 0.064375 0.70238203
vt 0.064375 0.701779
vt 0.140708 0.70238
vt 0.140708 0.70177698
vt 0.064375 0.70124298
vt 0.140708 0.70124102
vt 0.025385 0.70311803
vt 0.064375 0.703117
vt 0.025385 0.70405197
vt 0.064375 0.70405102
vt 0.140708 0.703115
vt 0.140708 0.704049
vt 0.011291 0.70311803
vt 0.009645 0.703117
vt 0.011291 0.70405197
vt 0.009645 0.70405197
vt 0.025385 0.705252
vt 0.011291 0.705252
vt 0.011291 0.706585
vt 0.025385 0.70658398
vt 0.009645 0.705252
vt 0.009644 0.70658398
vt 0.064375 0.70658302
vt 0.064375 0.70525098
vt 0.140708 0.70657998
vt 0.140708 0.705248
vt 0.025385 0.70791698
vt 0.064375 0.707915
vt 0.140708 0.70791203
vt 0.01129 0.70791698
vt 0.009644 0.70791698
vt 0.865899 0.65140498
vt 0.882355 0.651412
vt 0.882355 0.65081
vt 0.865899 0.65080303
vt 0.865898 0.651941
vt 0.882354 0.65194798
vt 0.898066 0.65141898
vt 0.898066 0.65081602
vt 0.898066 0.651955
vt 0.850429 0.650796
vt 0.850428 0.651398
vt 0.837674 0.65078998
vt 0.837674 0.651393
vt 0.850428 0.65193498
vt 0.837674 0.65192902
vt 0.865899 0.65006697
vt 0.850429 0.650061
vt 0.8659 0.64913303
vt 0.850429 0.649127
vt 0.837675 0.650055
vt 0.837675 0.649121
vt 0.882355 0.650074
vt 0.898067 0.65008098
vt 0.882356 0.64914
vt 0.898067 0.64914697
vt 0.8659 0.647933
vt 0.882356 0.647941
vt 0.882357 0.646608
vt 0.865901 0.64660102
vt 0.898068 0.647947
vt 0.898068 0.64661503
vt 0.85043 0.646594
vt 0.85043 0.647927
vt 0.837676 0.64658898
vt 0.837675 0.64792103
vt 0.865901 0.64526898
vt 0.850431 0.645262
vt 0.837677 0.645257
vt 0.882357 0.645276
vt 0.898069 0.64528298
vt 0.48517 0.77131301
vt 0.489379 0.77131301
vt 0.489379 0.77071202
vt 0.48517 0.77071202
vt 0.48517 0.77184898
vt 0.489379 0.77184898
vt 0.496261 0.77131301
vt 0.496261 0.77071202
vt 0.496261 0.77184898
vt 0.482743 0.77071202
vt 0.482743 0.77131301
vt 0.481207 0.77071202
vt 0.481207 0.77131301
vt 0.482743 0.77184898
vt 0.481207 0.77184898
vt 0.48517 0.76997799
vt 0.482743 0.76997799
vt 0.48517 0.769045
vt 0.482743 0.769045
vt 0.481207 0.76997799
vt 0.481207 0.769045
vt 0.489379 0.76997799
vt 0.496261 0.76997799
vt 0.489379 0.769045
vt 0.496261 0.769045
vt 0.48517 0.76784801
vt 0.489379 0.76784801
vt 0.489379 0.76651698
vt 0.48517 0.76651698
vt 0.496261 0.76784801
vt 0.496261 0.76651698
vt 0.482743 0.76651698
vt 0.482743 0.76784801
vt 0.481207 0.76651698
vt 0.481207 0.76784801
vt 0.48517 0.76518703
vt 0.482743 0.76518703
vt 0.481207 0.76518703
vt 0.489379 0.76518703
vt 0.496261 0.76518703
vt 0.430334 0.74135602
vt 0.618723 0.74136
vt 0.618723 0.740754
vt 0.430334 0.74075198
vt 0.430334 0.741894
vt 0.618723 0.74190003
vt 0.819561 0.741364
vt 0.819561 0.74075598
vt 0.819561 0.74190497
vt 0.266845 0.74075
vt 0.266845 0.74135298
vt 0.140705 0.740748
vt 0.140705 0.74135
vt 0.266845 0.74189
vt 0.140705 0.74188602
vt 0.430334 0.74001598
vt 0.266845 0.74001497
vt 0.430334 0.73908198
vt 0.266845 0.73908198
vt 0.140705 0.74001402
vt 0.140705 0.73908198
vt 0.618723 0.740017
vt 0.819561 0.740018
vt 0.618723 0.73908198
vt 0.819561 0.73908103
vt 0.430334 0.73788399
vt 0.618723 0.73788297
vt 0.618723 0.736553
vt 0.430334 0.73655403
vt 0.819561 0.73788202
vt 0.819561 0.736552
vt 0.266845 0.73655498
vt 0.266845 0.73788399
vt 0.140705 0.73655498
vt 0.140705 0.73788399
vt 0.430334 0.735224
vt 0.266845 0.73522502
vt 0.140705 0.73522598
vt 0.618723 0.735224
vt 0.819561 0.735223
vt 0.804277 0.671794
vt 0.765145 0.671794
vt 0.765145 0.672396
vt 0.804277 0.672395
vt 0.804277 0.671259
vt 0.765145 0.671259
vt 0.688682 0.671795
vt 0.688682 0.67239702
vt 0.688682 0.671259
vt 0.818505 0.672395
vt 0.818505 0.671794
vt 0.820259 0.672395
vt 0.820259 0.671794
vt 0.818505 0.671259
vt 0.820259 0.671259
vt 0.804277 0.67312902
vt 0.818505 0.67312902
vt 0.804277 0.674061
vt 0.818505 0.674061
vt 0.820259 0.67312902
vt 0.820259 0.674061
vt 0.765145 0.67312998
vt 0.688682 0.673131
vt 0.765145 0.674062
vt 0.688683 0.67406398
vt 0.804277 0.67525798
vt 0.765145 0.675259
vt 0.765145 0.676588
vt 0.804277 0.676587
vt 0.688683 0.67526102
vt 0.688683 0.67659003
vt 0.818506 0.676587
vt 0.818506 0.67525798
vt 0.820259 0.676587
vt 0.820259 0.67525703
vt 0.804277 0.677917
vt 0.818506 0.677916
vt 0.820259 0.677916
vt 0.765145 0.67791802
vt 0.688683 0.67791998
vt 0.336097 0.76172101
vt 0.315126 0.76172101
vt 0.315126 0.76232302
vt 0.336097 0.76232302
vt 0.336097 0.761186
vt 0.315126 0.761186
vt 0.294154 0.76172101
vt 0.294154 0.76232302
vt 0.294154 0.761186
vt 0.357069 0.76232302
vt 0.357069 0.76172203
vt 0.378041 0.76232302
vt 0.378041 0.76172203
vt 0.357069 0.761186
vt 0.378041 0.761186
vt 0.336097 0.763057
vt 0.357069 0.763057
vt 0.336097 0.76398998
vt 0.357069 0.76398998
vt 0.378041 0.763057
vt 0.378041 0.76398998
vt 0.315126 0.763057
vt 0.294154 0.763057
vt 0.315126 0.76398998
vt 0.294154 0.76398998
vt 0.336097 0.76518798
vt 0.315126 0.76518703
vt 0.315126 0.766518
vt 0.336097 0.766518
vt 0.294154 0.76518703
vt 0.294154 0.766518
vt 0.357069 0.766518
vt 0.357069 0.76518798
vt 0.378041 0.766518
vt 0.378041 0.76518798
vt 0.336097 0.76784801
vt 0.357069 0.76784801
vt 0.378041 0.76784801
vt 0.315126 0.76784801
vt 0.294154 0.76784801
vt 0.025374 0.74134803
vt 0.064365 0.74134898
vt 0.064365 0.74074697
vt 0.025374 0.74074697
vt 0.025374 0.74188298
vt 0.064365 0.741884
vt 0.011282 0.74074697
vt 0.011282 0.74134803
vt 0.009641 0.74074697
vt 0.009641 0.74134803
vt 0.011282 0.74188298
vt 0.009641 0.74188298
vt 0.025374 0.74001402
vt 0.011282 0.740013
vt 0.025374 0.73908198
vt 0.011282 0.73908198
vt 0.009641 0.74001402
vt 0.009641 0.73908198
vt 0.064365 0.74001402
vt 0.064365 0.73908198
vt 0.025374 0.737885
vt 0.064365 0.737885
vt 0.064365 0.73655498
vt 0.025374 0.736556
vt 0.011282 0.736556
vt 0.011282 0.737885
vt 0.009641 0.736556
vt 0.009641 0.737885
vt 0.025374 0.73522598
vt 0.011282 0.735227
vt 0.00964 0.735227
vt 0.064365 0.73522598
vt 0.922685 0.65143
vt 0.932829 0.651434
vt 0.932829 0.65083098
vt 0.922685 0.650827
vt 0.922684 0.65196598
vt 0.932828 0.65197003
vt 0.942354 0.651438
vt 0.942354 0.650836
vt 0.942354 0.65197402
vt 0.911304 0.65082198
vt 0.911303 0.651425
vt 0.911303 0.65196103
vt 0.922685 0.650092
vt 0.911304 0.650087
vt 0.922686 0.649158
vt 0.911304 0.649153
vt 0.932829 0.650096
vt 0.942355 0.6501
vt 0.93283 0.649162
vt 0.942355 0.649166
vt 0.922686 0.64795798
vt 0.93283 0.64796197
vt 0.932831 0.64663
vt 0.922687 0.646626
vt 0.942356 0.64796698
vt 0.942356 0.64663398
vt 0.911305 0.646621
vt 0.911305 0.64795297
vt 0.922687 0.645293
vt 0.911306 0.645288
vt 0.932831 0.645298
vt 0.942357 0.645302
vt 0.519823 0.77131301
vt 0.534723 0.77131301
vt 0.534723 0.77071202
vt 0.519823 0.77071202
vt 0.519824 0.77184898
vt 0.534723 0.77184898
vt 0.550513 0.77131301
vt 0.550513 0.77071202
vt 0.550513 0.77184802
vt 0.506706 0.77071202
vt 0.506706 0.77131301
vt 0.506706 0.77184898
vt 0.519823 0.76997799
vt 0.506706 0.76997799
vt 0.519823 0.769045
vt 0.506706 0.769045
vt 0.534723 0.76997799
vt 0.550513 0.76997799
vt 0.534723 0.769045
vt 0.550513 0.769045
vt 0.519823 0.76784801
vt 0.534723 0.76784801
vt 0.534723 0.76651698
vt 0.519823 0.76651698
vt 0.550513 0.76784801
vt 0.550513 0.76651698
vt 0.506706 0.76651698
vt 0.506706 0.76784801
vt 0.519823 0.76518703
vt 0.506706 0.76518703
vt 0.534723 0.76518703
vt 0.550513 0.76518703
vt 0.824745 0.671794
vt 0.821965 0.671794
vt 0.821965 0.672395
vt 0.824745 0.672395
vt 0.824745 0.671259
vt 0.821965 0.671259
vt 0.829719 0.672395
vt 0.829719 0.671794
vt 0.838007 0.67239398
vt 0.838007 0.67179298
vt 0.829719 0.671259
vt 0.838007 0.671259
vt 0.824745 0.673128
vt 0.829719 0.673128
vt 0.824745 0.67406
vt 0.829719 0.67406
vt 0.838008 0.673128
vt 0.838008 0.67406
vt 0.821965 0.673128
vt 0.821965 0.674061
vt 0.824745 0.67525703
vt 0.821965 0.67525703
vt 0.821965 0.676587
vt 0.824745 0.676587
vt 0.829719 0.67658597
vt 0.829719 0.67525703
vt 0.838008 0.67658597
vt 0.838008 0.67525703
vt 0.824745 0.677916
vt 0.829719 0.677916
vt 0.838008 0.67791498
vt 0.821965 0.677916
vt 0.581203 0.77131301
vt 0.59432 0.77131301
vt 0.59432 0.77071202
vt 0.581203 0.77071202
vt 0.581203 0.77184802
vt 0.59432 0.77184802
vt 0.604765 0.77131301
vt 0.604765 0.77071202
vt 0.604765 0.77184802
vt 0.566303 0.77071202
vt 0.566303 0.77131301
vt 0.566303 0.77184802
vt 0.581203 0.76997799
vt 0.566303 0.76997799
vt 0.581203 0.769045
vt 0.566303 0.769045
vt 0.59432 0.76997799
vt 0.604765 0.76997799
vt 0.59432 0.769045
vt 0.604765 0.769045
vt 0.581203 0.767847
vt 0.59432 0.767847
vt 0.59432 0.76651698
vt 0.581203 0.76651698
vt 0.604765 0.767847
vt 0.604765 0.76651698
vt 0.566303 0.76651698
vt 0.566303 0.767847
vt 0.581203 0.76518703
vt 0.566303 0.76518703
vt 0.59432 0.76518703
vt 0.604765 0.76518703
vt 0.419983 0.76172203
vt 0.399012 0.76172203
vt 0.399012 0.76232302
vt 0.419983 0.76232302
vt 0.419983 0.76118702
vt 0.399012 0.76118702
vt 0.440955 0.76232302
vt 0.440955 0.76172203
vt 0.461926 0.76232302
vt 0.461926 0.76172203
vt 0.440955 0.76118702
vt 0.461926 0.76118702
vt 0.419983 0.763057
vt 0.440955 0.763057
vt 0.419983 0.76398998
vt 0.440955 0.76398998
vt 0.461926 0.763057
vt 0.461926 0.76398998
vt 0.399012 0.763057
vt 0.399012 0.76398998
vt 0.419983 0.76518798
vt 0.399012 0.76518798
vt 0.399012 0.766518
vt 0.419983 0.766518
vt 0.440955 0.766518
vt 0.440955 0.76518798
vt 0.461926 0.766518
vt 0.461926 0.76518798
vt 0.419983 0.76784801
vt 0.440955 0.76784801
vt 0.461926 0.76784801
vt 0.399012 0.76784801
vt 0.615856 0.77131301
vt 0.618283 0.77131301
vt 0.618283 0.77071202
vt 0.615856 0.77071202
vt 0.615856 0.77184802
vt 0.618283 0.77184802
vt 0.619819 0.77131301
vt 0.619819 0.77071202
vt 0.619819 0.77184802
vt 0.611647 0.77071202
vt 0.611647 0.77131301
vt 0.611647 0.77184802
vt 0.615856 0.76997799
vt 0.611647 0.76997799
vt 0.615856 0.769045
vt 0.611647 0.769045
vt 0.618283 0.76997799
vt 0.619819 0.76997799
vt 0.618283 0.769045
vt 0.619819 0.769045
vt 0.615856 0.767847
vt 0.618283 0.767847
vt 0.618283 0.76651698
vt 0.615856 0.76651698
vt 0.619819 0.767847
vt 0.619819 0.76651698
vt 0.611647 0.76651698
vt 0.611647 0.767847
vt 0.615856 0.76518703
vt 0.611647 0.76518703
vt 0.618283 0.76518703
vt 0.619819 0.76518703
vt 0.09205 0.76174998
vt 0.083822 0.761747
vt 0.083822 0.762348
vt 0.09205 0.76235098
vt 0.09205 0.76121402
vt 0.083822 0.76121199
vt 0.075596 0.76174402
vt 0.075596 0.76234502
vt 0.075597 0.76120901
vt 0.100282 0.76235402
vt 0.100283 0.76175302
vt 0.108522 0.762357
vt 0.108522 0.76175499
vt 0.100283 0.761217
vt 0.108522 0.76121998
vt 0.09205 0.76308501
vt 0.100282 0.76308799
vt 0.092049 0.764018
vt 0.100282 0.76402098
vt 0.108522 0.76309103
vt 0.108521 0.764023
vt 0.083822 0.76308203
vt 0.075596 0.76307899
vt 0.083821 0.76401502
vt 0.075596 0.76401198
vt 0.092049 0.765216
vt 0.083821 0.76521301
vt 0.08382 0.76654297
vt 0.092048 0.76654601
vt 0.075595 0.76520997
vt 0.075595 0.76653999
vt 0.100281 0.76654899
vt 0.100281 0.76521802
vt 0.10852 0.76655102
vt 0.108521 0.765221
vt 0.092048 0.76787603
vt 0.10028 0.76787901
vt 0.10852 0.76788199
vt 0.08382 0.76787299
vt 0.075594 0.76787001
vt 0.158484 0.76177299
vt 0.15007 0.76177001
vt 0.15007 0.762371
vt 0.158483 0.76237398
vt 0.158484 0.76123703
vt 0.15007 0.76123399
vt 0.141678 0.76176703
vt 0.141678 0.76236802
vt 0.141679 0.76123202
vt 0.166888 0.76237702
vt 0.166889 0.76177502
vt 0.175255 0.76238
vt 0.175256 0.761778
vt 0.166889 0.76124
vt 0.175256 0.76124299
vt 0.158483 0.76310802
vt 0.166888 0.763111
vt 0.158483 0.764041
vt 0.166888 0.76404399
vt 0.175255 0.76311398
vt 0.175255 0.76404601
vt 0.15007 0.76310498
vt 0.141678 0.763102
vt 0.150069 0.76403803
vt 0.141678 0.76403499
vt 0.158482 0.76523799
vt 0.150069 0.76523602
vt 0.150069 0.76656598
vt 0.158482 0.76656902
vt 0.141677 0.76523298
vt 0.141677 0.766563
vt 0.166887 0.766572
vt 0.166887 0.76524103
vt 0.175254 0.76657403
vt 0.175254 0.765244
vt 0.158481 0.76789898
vt 0.166887 0.76790202
vt 0.175253 0.767905
vt 0.150068 0.767896
vt 0.141676 0.76789302
vt 0.059143 0.761738
vt 0.05091 0.76173502
vt 0.05091 0.76233703
vt 0.059143 0.76234001
vt 0.059143 0.76120299
vt 0.050911 0.76120001
vt 0.042671 0.761733
vt 0.042671 0.76233399
vt 0.042671 0.76119697
vt 0.067371 0.76234299
vt 0.067371 0.76174098
vt 0.067371 0.76120597
vt 0.059143 0.76307398
vt 0.06737 0.76307702
vt 0.059142 0.76400602
vt 0.06737 0.764009
vt 0.05091 0.763071
vt 0.042671 0.76306802
vt 0.05091 0.76400399
vt 0.04267 0.76400101
vt 0.059142 0.76520401
vt 0.050909 0.76520097
vt 0.050909 0.766532
vt 0.059141 0.76653397
vt 0.04267 0.76519799
vt 0.042669 0.76652902
vt 0.067369 0.76653701
vt 0.06737 0.765207
vt 0.059141 0.767865
vt 0.067369 0.76786703
vt 0.050908 0.76786202
vt 0.042669 0.76785898
vt 0.026167 0.76172698
vt 0.017906 0.761724
vt 0.017906 0.762326
vt 0.026167 0.76232803
vt 0.026167 0.76119202
vt 0.017907 0.76118898
vt 0.009644 0.76172101
vt 0.009644 0.76232302
vt 0.009644 0.761186
vt 0.034422 0.76233101
vt 0.034422 0.76173002
vt 0.034423 0.761195
vt 0.026166 0.763062
vt 0.034422 0.76306498
vt 0.026166 0.76399499
vt 0.034422 0.76399797
vt 0.017906 0.76305997
vt 0.009643 0.763057
vt 0.017906 0.76399201
vt 0.009643 0.76398897
vt 0.026166 0.76519299
vt 0.017905 0.76519
vt 0.017905 0.76652002
vt 0.026165 0.766523
vt 0.009643 0.76518703
vt 0.009642 0.76651698
vt 0.034421 0.76652598
vt 0.034421 0.76519603
vt 0.026165 0.76785302
vt 0.03442 0.767856
vt 0.017904 0.76784998
vt 0.009642 0.76784801
vt 0.125039 0.76176101
vt 0.116771 0.76175803
vt 0.116771 0.76235998
vt 0.125039 0.76236302
vt 0.12504 0.761226
vt 0.116771 0.76122302
vt 0.133338 0.76236498
vt 0.133338 0.76176399
vt 0.133339 0.76122898
vt 0.125039 0.76309597
vt 0.133338 0.76309901
vt 0.125039 0.76402903
vt 0.133338 0.764032
vt 0.11677 0.76309401
vt 0.11677 0.76402599
vt 0.125038 0.76522702
vt 0.11677 0.76522398
vt 0.116769 0.766554
vt 0.125038 0.76655698
vt 0.133337 0.76656002
vt 0.133337 0.76523
vt 0.125037 0.767887
vt 0.133336 0.76788998
vt 0.116769 0.76788402
vt 0.191802 0.76178402
vt 0.183554 0.76178098
vt 0.183554 0.76238298
vt 0.191801 0.76238501
vt 0.191802 0.761249
vt 0.183554 0.76124603
vt 0.200015 0.76238799
vt 0.200015 0.761787
vt 0.208211 0.76239097
vt 0.208211 0.76178998
vt 0.200015 0.76125199
vt 0.208211 0.76125401
vt 0.191801 0.76312
vt 0.200015 0.76312202
vt 0.191801 0.76405197
vt 0.200014 0.76405501
vt 0.208211 0.763125
vt 0.20821 0.764058
vt 0.183554 0.76311702
vt 0.183553 0.764049
vt 0.1918 0.76525003
vt 0.183553 0.76524699
vt 0.183553 0.766577
vt 0.1918 0.76657999
vt 0.200013 0.76658303
vt 0.200014 0.765253
vt 0.20821 0.766586
vt 0.20821 0.76525599
vt 0.1918 0.76791
vt 0.200013 0.76791298
vt 0.208209 0.76791602
vt 0.183552 0.76790702
vt 0.257951 0.76180702
vt 0.249533 0.76180398
vt 0.249533 0.76240498
vt 0.257951 0.76240802
vt 0.257952 0.76127201
vt 0.249534 0.76126897
vt 0.241167 0.761801
vt 0.241167 0.76240301
vt 0.241167 0.761266
vt 0.266403 0.762411
vt 0.266404 0.76181
vt 0.274872 0.76241398
vt 0.274873 0.76181298
vt 0.266404 0.761275
vt 0.274873 0.76127702
vt 0.257951 0.76314199
vt 0.266403 0.76314503
vt 0.257951 0.76407498
vt 0.266403 0.76407802
vt 0.274872 0.76314801
vt 0.274872 0.764081
vt 0.249533 0.76313901
vt 0.241166 0.76313698
vt 0.249533 0.764072
vt 0.241166 0.76406902
vt 0.25795 0.76527297
vt 0.249532 0.76527
vt 0.249532 0.76660001
vt 0.25795 0.766603
vt 0.241166 0.76526701
vt 0.241165 0.76659697
vt 0.266402 0.76660597
vt 0.266402 0.76527601
vt 0.274871 0.76660901
vt 0.274871 0.76527798
vt 0.257949 0.76793301
vt 0.266401 0.76793599
vt 0.274871 0.76793897
vt 0.249532 0.76792997
vt 0.241165 0.76792699
vt 0.224621 0.76179498
vt 0.216408 0.76179302
vt 0.216407 0.76239401
vt 0.224621 0.76239699
vt 0.224621 0.76125997
vt 0.216408 0.761257
vt 0.232868 0.76239997
vt 0.232868 0.76179802
vt 0.232868 0.76126301
vt 0.22462 0.76313102
vt 0.232868 0.763134
vt 0.22462 0.764063
vt 0.232867 0.76406598
vt 0.216407 0.76312798
vt 0.216407 0.76406097
vt 0.22462 0.765261
vt 0.216406 0.76525801
vt 0.216406 0.76658899
vt 0.224619 0.76659101
vt 0.232867 0.766594
vt 0.232867 0.76526397
vt 0.224619 0.76792198
vt 0.232866 0.76792401
vt 0.216405 0.767919
vt 0.39892 0.675268
vt 0.2105 0.675273
vt 0.2105 0.67660302
vt 0.39892 0.676598
vt 0.39892 0.67407
vt 0.2105 0.674074
vt 0.00964 0.675278
vt 0.009641 0.67660898
vt 0.00964 0.674079
vt 0.562461 0.67659402
vt 0.562461 0.675264
vt 0.562461 0.67406702
vt 0.39892 0.67792797
vt 0.562461 0.67792302
vt 0.39892 0.679125
vt 0.562461 0.67912
vt 0.2105 0.67793298
vt 0.009641 0.67793798
vt 0.2105 0.67913002
vt 0.009641 0.67913598
vt 0.39892 0.67179602
vt 0.2105 0.67179602
vt 0.2105 0.67240202
vt 0.39892 0.6724
vt 0.39892 0.67125702
vt 0.2105 0.671256
vt 0.00964 0.67179698
vt 0.00964 0.672404
vt 0.00964 0.671255
vt 0.562461 0.67239797
vt 0.562461 0.671795
vt 0.562461 0.67125797
vt 0.39892 0.673136
vt 0.562461 0.67313302
vt 0.2105 0.67313898
vt 0.00964 0.67314303
vt 0.803901 0.64791298
vt 0.818127 0.64791298
vt 0.818128 0.646581
vt 0.803901 0.646581
vt 0.8039 0.649112
vt 0.818127 0.649113
vt 0.819885 0.647914
vt 0.819885 0.646582
vt 0.819885 0.649114
vt 0.764784 0.64657998
vt 0.764784 0.64791203
vt 0.688355 0.64657903
vt 0.688355 0.647911
vt 0.764783 0.64911097
vt 0.688355 0.64911002
vt 0.803901 0.645249
vt 0.764784 0.645248
vt 0.803901 0.644049
vt 0.764784 0.64404798
vt 0.688355 0.645248
vt 0.688355 0.64404798
vt 0.818128 0.645249
vt 0.819886 0.645249
vt 0.818128 0.644049
vt 0.819886 0.644049
vt 0.8039 0.651384
vt 0.818126 0.651385
vt 0.818126 0.650782
vt 0.8039 0.650782
vt 0.8039 0.65192002
vt 0.818126 0.65192097
vt 0.819884 0.65138602
vt 0.819884 0.650783
vt 0.819884 0.651922
vt 0.764783 0.65078002
vt 0.764783 0.65138298
vt 0.688354 0.650778
vt 0.688354 0.65138102
vt 0.764783 0.651919
vt 0.688354 0.65191698
vt 0.8039 0.650046
vt 0.764783 0.65004498
vt 0.688355 0.650043
vt 0.818127 0.650047
vt 0.819884 0.65004802
vt 0.803901 0.64311397
vt 0.818129 0.64311397
vt 0.818129 0.64237797
vt 0.803902 0.64237702
vt 0.819887 0.64311498
vt 0.819887 0.642379
vt 0.764784 0.64237702
vt 0.764784 0.64311302
vt 0.688355 0.64237702
vt 0.688355 0.64311302
vt 0.803902 0.641774
vt 0.764784 0.641773
vt 0.803902 0.641236
vt 0.764784 0.641235
vt 0.688355 0.641773
vt 0.688355 0.641235
vt 0.818129 0.641775
vt 0.819887 0.64177603
vt 0.818129 0.64123797
vt 0.819888 0.64124
vt 0.398921 0.680057
vt 0.2105 0.680063
vt 0.2105 0.680798
vt 0.398921 0.68079197
vt 0.009641 0.68006903
vt 0.009641 0.680804
vt 0.562461 0.68078703
vt 0.562461 0.680053
vt 0.398921 0.68139398
vt 0.562461 0.68138802
vt 0.398921 0.68193
vt 0.562461 0.681924
vt 0.2105 0.681401
vt 0.009641 0.68140697
vt 0.2105 0.68193698
vt 0.009641 0.68194503
vt 0.819074 0.30218697
vt 0.819074 0.29797804
vt 0.804835 0.29797804
vt 0.804835 0.30218697
vt 0.819074 0.291097
vt 0.804835 0.291097
vt 0.804835 0.304614
vt 0.819074 0.304614
vt 0.804835 0.30614996
vt 0.819074 0.30614996
vt 0.765676 0.30218697
vt 0.765676 0.304614
vt 0.68916 0.30218697
vt 0.68916 0.304614
vt 0.765676 0.30614996
vt 0.68916 0.30614996
vt 0.765676 0.29797804
vt 0.765676 0.291097
vt 0.68916 0.29797804
vt 0.68916 0.291097
vt 0.819074 0.206155
vt 0.819074 0.19303703
vt 0.804835 0.19303703
vt 0.804835 0.206155
vt 0.819074 0.18259203
vt 0.804835 0.18259203
vt 0.804835 0.22105402
vt 0.819074 0.22105402
vt 0.804835 0.236844
vt 0.819074 0.236844
vt 0.765676 0.206155
vt 0.765676 0.22105402
vt 0.68916 0.206155
vt 0.68916 0.22105402
vt 0.765676 0.236844
vt 0.68916 0.236844
vt 0.765676 0.19303703
vt 0.765676 0.18259203
vt 0.68916 0.19303703
vt 0.68916 0.18259203
vt 0.819074 0.171502
vt 0.819074 0.16907501
vt 0.804835 0.16907501
vt 0.804835 0.171502
vt 0.820829 0.171502
vt 0.820829 0.16907501
vt 0.819074 0.16753799
vt 0.804835 0.16753799
vt 0.820829 0.16753799
vt 0.804835 0.17571104
vt 0.819074 0.17571104
vt 0.820829 0.17571104
vt 0.765676 0.171502
vt 0.765676 0.17571104
vt 0.68916 0.171502
vt 0.68916 0.17571104
vt 0.765676 0.16907501
vt 0.765676 0.16753799
vt 0.68916 0.16907501
vt 0.68916 0.16753799
vt 0.819074 0.26753402
vt 0.819074 0.252635
vt 0.804835 0.252635
vt 0.804835 0.26753402
vt 0.820829 0.26753402
vt 0.820829 0.252635
vt 0.804835 0.280652
vt 0.819074 0.280652
vt 0.820829 0.280652
vt 0.765676 0.26753402
vt 0.765676 0.280652
vt 0.68916 0.26753402
vt 0.68916 0.280652
vt 0.765676 0.252635
vt 0.68916 0.252635
vt 0.804829 0.01781398
vt 0.819068 0.01781398
vt 0.819068 0.013604999
vt 0.804829 0.013604999
vt 0.804829 0.024695992
vt 0.819068 0.024695992
vt 0.76567 0.013604999
vt 0.76567 0.01781398
vt 0.689155 0.013604999
vt 0.689155 0.01781398
vt 0.76567 0.024695992
vt 0.689155 0.02469498
vt 0.804829 0.011178017
vt 0.76567 0.011178017
vt 0.804829 0.009642005
vt 0.76567 0.009642005
vt 0.689155 0.011178017
vt 0.689155 0.009642005
vt 0.819068 0.011178017
vt 0.819068 0.009642005
vt 0.80483 0.12275499
vt 0.819068 0.12275499
vt 0.819068 0.10963702
vt 0.80483 0.10963702
vt 0.80483 0.13319999
vt 0.819068 0.13319999
vt 0.765671 0.10963702
vt 0.765671 0.12275499
vt 0.689155 0.10963702
vt 0.689155 0.12275499
vt 0.765671 0.13319999
vt 0.689155 0.13319999
vt 0.80483 0.09473801
vt 0.765671 0.09473801
vt 0.804829 0.07894802
vt 0.765671 0.07894802
vt 0.689155 0.09473801
vt 0.689155 0.07894701
vt 0.819068 0.09473801
vt 0.819068 0.07894802
vt 0.80483 0.14671898
vt 0.819069 0.14671898
vt 0.819069 0.14429098
vt 0.80483 0.144292
vt 0.80483 0.148256
vt 0.819069 0.148256
vt 0.820824 0.14671898
vt 0.820824 0.14429098
vt 0.820824 0.14825499
vt 0.765671 0.144292
vt 0.765671 0.14671898
vt 0.689155 0.14429098
vt 0.689155 0.14671898
vt 0.765671 0.148256
vt 0.689155 0.148256
vt 0.80483 0.140082
vt 0.765671 0.140082
vt 0.689155 0.140082
vt 0.819069 0.140082
vt 0.820824 0.140082
vt 0.804829 0.06315702
vt 0.819068 0.06315702
vt 0.819068 0.048258007
vt 0.804829 0.048258007
vt 0.820823 0.06315702
vt 0.820823 0.048258007
vt 0.76567 0.048258007
vt 0.76567 0.06315702
vt 0.689155 0.048258007
vt 0.689155 0.06315702
vt 0.804829 0.03514099
vt 0.76567 0.03514099
vt 0.689155 0.035139978
vt 0.819068 0.03514099
vt 0.820822 0.03514099
vt 0.851399 0.17114502
vt 0.85162 0.17428398
vt 0.86745 0.173415
vt 0.86694 0.170928
vt 0.838548 0.17136401
vt 0.838419 0.175161
vt 0.866769 0.16907501
vt 0.851324 0.16907501
vt 0.866768 0.16753799
vt 0.851323 0.16753799
vt 0.83859 0.16907501
vt 0.83859 0.16753799
vt 0.883311 0.17083502
vt 0.883196 0.16907501
vt 0.883196 0.16753799
vt 0.883658 0.17304397
vt 0.851393 0.013248026
vt 0.851613 0.016386986
vt 0.867444 0.01551801
vt 0.866934 0.013031006
vt 0.853242 0.02056402
vt 0.868759 0.018814981
vt 0.866763 0.011178017
vt 0.851318 0.011178017
vt 0.866761 0.009640992
vt 0.851316 0.009640992
vt 0.883305 0.012938023
vt 0.883189 0.011177003
vt 0.88319 0.009640992
vt 0.883652 0.015146971
vt 0.884346 0.018028975
vt 0.849656 0.216165
vt 0.853448 0.207079
vt 0.84718 0.203017
vt 0.843635 0.21335101
vt 0.841904 0.22481501
vt 0.847641 0.22625399
vt 0.841493 0.236844
vt 0.847077 0.236844
vt 0.837407 0.210442
vt 0.836109 0.22339797
vt 0.835852 0.236844
vt 0.84027 0.19846499
vt 0.82438 0.65138698
vt 0.829366 0.651389
vt 0.829366 0.650787
vt 0.824381 0.65078503
vt 0.82438 0.651923
vt 0.829366 0.65192503
vt 0.821594 0.65078402
vt 0.821594 0.65138602
vt 0.821594 0.651922
vt 0.824381 0.65004998
vt 0.821595 0.65004802
vt 0.824381 0.64911503
vt 0.821595 0.649114
vt 0.829366 0.650052
vt 0.829367 0.649117
vt 0.86745 0.300274
vt 0.85162 0.29940498
vt 0.851399 0.302544
vt 0.86694 0.30276096
vt 0.868765 0.29697704
vt 0.853248 0.295228
vt 0.883311 0.302854
vt 0.883658 0.300645
vt 0.884353 0.297763
vt 0.866769 0.304614
vt 0.883196 0.304614
vt 0.866768 0.30614996
vt 0.883196 0.30614996
vt 0.851324 0.304614
vt 0.851323 0.30614996
vt 0.866166 0.67179197
vt 0.850732 0.67179298
vt 0.850732 0.67239398
vt 0.866166 0.67239302
vt 0.866166 0.67125797
vt 0.850732 0.67125797
vt 0.882583 0.67239302
vt 0.882583 0.67179197
vt 0.882583 0.67125702
vt 0.866166 0.673127
vt 0.882583 0.67312598
vt 0.866166 0.67405897
vt 0.882583 0.67405802
vt 0.850732 0.673127
vt 0.850732 0.67406
vt 0.847175 0.11277497
vt 0.853443 0.10871303
vt 0.849651 0.09962702
vt 0.843629 0.10244101
vt 0.853329 0.121149
vt 0.859334 0.11629301
vt 0.837402 0.10535002
vt 0.840264 0.117326975
vt 0.846406 0.12677598
vt 0.841899 0.09097701
vt 0.836104 0.092393994
vt 0.847635 0.08953798
vt 0.866166 0.68004298
vt 0.850732 0.680044
vt 0.850732 0.680777
vt 0.866166 0.680777
vt 0.866166 0.679111
vt 0.850732 0.67911202
vt 0.882584 0.680776
vt 0.882584 0.68004298
vt 0.882583 0.679111
vt 0.866166 0.681378
vt 0.882584 0.681377
vt 0.866166 0.68191302
vt 0.882584 0.681912
vt 0.850732 0.681378
vt 0.850732 0.68191302
vt 0.824384 0.643117
vt 0.829369 0.64311898
vt 0.82937 0.642384
vt 0.824384 0.642381
vt 0.824383 0.64405102
vt 0.829369 0.64405298
vt 0.821598 0.64238
vt 0.821597 0.643116
vt 0.821597 0.64405
vt 0.824384 0.641779
vt 0.821598 0.64177698
vt 0.824385 0.64124298
vt 0.821598 0.641241
vt 0.82937 0.64178097
vt 0.82937 0.641245
vt 0.862884 0.031162024
vt 0.867649 0.036027014
vt 0.877589 0.032270014
vt 0.874519 0.027777016
vt 0.871347 0.023096979
vt 0.85754 0.025748014
vt 0.886911 0.026004016
vt 0.885504 0.021807015
vt 0.888354 0.03013897
vt 0.824551 0.06327498
vt 0.827246 0.06362599
vt 0.827642 0.048923016
vt 0.82465 0.048424006
vt 0.82253 0.048258007
vt 0.82253 0.06315702
vt 0.824895 0.035219014
vt 0.82253 0.03514099
vt 0.828623 0.03545499
vt 0.824382 0.64791602
vt 0.829367 0.647918
vt 0.829368 0.646585
vt 0.824382 0.64658302
vt 0.821596 0.646582
vt 0.821595 0.647915
vt 0.824383 0.64525098
vt 0.821596 0.64525002
vt 0.829368 0.645253
vt 0.822536 0.171502
vt 0.822536 0.17571104
vt 0.825269 0.175672
vt 0.825306 0.17149198
vt 0.825318 0.16907501
vt 0.822536 0.16907501
vt 0.825318 0.16753799
vt 0.822536 0.16753799
vt 0.830246 0.17146301
vt 0.830295 0.16907501
vt 0.830295 0.16753799
vt 0.830099 0.17555702
vt 0.825264 0.14012003
vt 0.822531 0.140082
vt 0.822531 0.14429098
vt 0.825301 0.14429998
vt 0.830242 0.14432901
vt 0.830094 0.14023602
vt 0.825313 0.14671803
vt 0.830291 0.14671803
vt 0.825313 0.14825499
vt 0.830291 0.14825404
vt 0.822531 0.14671898
vt 0.822532 0.14825499
vt 0.886912 0.13189
vt 0.888355 0.12775499
vt 0.87759 0.125624
vt 0.87452 0.130117
vt 0.899062 0.13240099
vt 0.899145 0.12844801
vt 0.871348 0.13479698
vt 0.885505 0.13608599
vt 0.898983 0.13640797
vt 0.862885 0.126733
vt 0.857541 0.13214701
vt 0.86765 0.121867
vt 0.866166 0.675256
vt 0.850732 0.675256
vt 0.850732 0.67658597
vt 0.866166 0.67658502
vt 0.882583 0.67658502
vt 0.882583 0.675255
vt 0.866166 0.67791402
vt 0.882583 0.67791402
vt 0.850732 0.67791498
vt 0.827648 0.266869
vt 0.827252 0.25216603
vt 0.824557 0.25251698
vt 0.824656 0.26736796
vt 0.831802 0.26563096
vt 0.830983 0.251463
vt 0.824901 0.280573
vt 0.828629 0.28033698
vt 0.833743 0.27890098
vt 0.822536 0.26753402
vt 0.822536 0.280652
vt 0.822536 0.252635
vt 0.849656 0.257524
vt 0.847641 0.24743497
vt 0.841904 0.248873
vt 0.843635 0.260337
vt 0.84718 0.27067196
vt 0.853448 0.26661003
vt 0.853334 0.279046
vt 0.859339 0.27419102
vt 0.837407 0.263247
vt 0.84027 0.27522397
vt 0.846411 0.28467298
vt 0.836109 0.250291
vt 0.877595 0.283522
vt 0.867655 0.279765
vt 0.86289 0.28463
vt 0.874525 0.288014
vt 0.886917 0.289788
vt 0.88836 0.28565204
vt 0.871353 0.292695
vt 0.88551 0.293984
vt 0.857546 0.290044
vt 0.430301 0.71003097
vt 0.266833 0.71003997
vt 0.266833 0.71077597
vt 0.430301 0.71076602
vt 0.430301 0.70909703
vt 0.266833 0.709105
vt 0.618664 0.710755
vt 0.618664 0.71002
vt 0.819476 0.710743
vt 0.819476 0.71000898
vt 0.618664 0.70908803
vt 0.819476 0.709077
vt 0.430301 0.71136898
vt 0.618664 0.711357
vt 0.430301 0.71190602
vt 0.618664 0.71189302
vt 0.819476 0.711343
vt 0.819476 0.711878
vt 0.266833 0.71138
vt 0.266833 0.71191698
vt 0.4303 0.70177
vt 0.266833 0.701774
vt 0.266832 0.70237702
vt 0.4303 0.702372
vt 0.4303 0.701235
vt 0.266833 0.70123798
vt 0.618664 0.702367
vt 0.618664 0.701765
vt 0.819475 0.702361
vt 0.819475 0.70176
vt 0.618664 0.70123
vt 0.819475 0.701226
vt 0.4303 0.703106
vt 0.618664 0.70310098
vt 0.4303 0.70404
vt 0.618664 0.70403302
vt 0.819475 0.703094
vt 0.819475 0.70402598
vt 0.266832 0.703111
vt 0.266832 0.704045
vt 0.4303 0.70523798
vt 0.266832 0.705244
vt 0.266832 0.70657498
vt 0.4303 0.706568
vt 0.618664 0.70656002
vt 0.618664 0.70523
vt 0.819476 0.70655203
vt 0.819475 0.70522302
vt 0.430301 0.70789897
vt 0.618664 0.70788997
vt 0.819476 0.70788097
vt 0.266832 0.707906
vt 0.398731 0.64790702
vt 0.562193 0.647909
vt 0.562193 0.646578
vt 0.398731 0.646577
vt 0.398731 0.649105
vt 0.562193 0.64910698
vt 0.210402 0.64657497
vt 0.210402 0.647905
vt 0.00964 0.64657402
vt 0.00964 0.647902
vt 0.210402 0.64910197
vt 0.00964 0.64909798
vt 0.398731 0.64524603
vt 0.210402 0.64524603
vt 0.398731 0.64404798
vt 0.210402 0.64404798
vt 0.00964 0.64524502
vt 0.00964 0.644049
vt 0.562193 0.64524698
vt 0.562193 0.64404798
vt 0.398731 0.65137303
vt 0.562192 0.65137702
vt 0.562193 0.65077502
vt 0.398731 0.65077198
vt 0.398731 0.651909
vt 0.562192 0.651913
vt 0.210402 0.65076798
vt 0.210402 0.65136898
vt 0.00964 0.65076298
vt 0.00964 0.65136403
vt 0.210402 0.651904
vt 0.00964 0.65189898
vt 0.398731 0.650038
vt 0.210402 0.650034
vt 0.00964 0.65003002
vt 0.562193 0.65004098
vt 0.398731 0.64311498
vt 0.562193 0.64311397
vt 0.562193 0.64237797
vt 0.398731 0.64238
vt 0.210402 0.64238203
vt 0.210402 0.643116
vt 0.00964 0.642384
vt 0.00964 0.643117
vt 0.398731 0.64177698
vt 0.210402 0.64178002
vt 0.398731 0.64124
vt 0.210402 0.641244
vt 0.00964 0.641783
vt 0.00964 0.641249
vt 0.562193 0.641775
vt 0.562193 0.64123702
vt 0.562849 0.30218697
vt 0.562849 0.29797804
vt 0.399194 0.29797804
vt 0.399194 0.30218697
vt 0.562849 0.291097
vt 0.399194 0.291097
vt 0.399194 0.304614
vt 0.562849 0.304614
vt 0.399194 0.30614996
vt 0.562849 0.30614996
vt 0.210641 0.30218697
vt 0.210641 0.304614
vt 0.00964 0.30218697
vt 0.00964 0.304614
vt 0.210641 0.30614996
vt 0.00964 0.30615103
vt 0.210641 0.29797804
vt 0.210641 0.291097
vt 0.00964 0.29797804
vt 0.00964 0.291097
vt 0.562849 0.206155
vt 0.562849 0.19303703
vt 0.399194 0.19303703
vt 0.399194 0.206155
vt 0.562849 0.18259203
vt 0.399194 0.18259203
vt 0.399194 0.22105402
vt 0.562849 0.22105402
vt 0.399194 0.236844
vt 0.562849 0.236844
vt 0.210641 0.206155
vt 0.210641 0.22105402
vt 0.00964 0.206155
vt 0.00964 0.22105402
vt 0.210641 0.236844
vt 0.00964 0.236844
vt 0.210641 0.19303703
vt 0.210641 0.18259203
vt 0.00964 0.19303703
vt 0.00964 0.18259203
vt 0.562849 0.171502
vt 0.562849 0.16907501
vt 0.399194 0.16907501
vt 0.399194 0.171502
vt 0.562849 0.16753799
vt 0.399194 0.16753799
vt 0.399194 0.17571104
vt 0.562849 0.17571104
vt 0.210641 0.171502
vt 0.210641 0.17571104
vt 0.00964 0.171502
vt 0.00964 0.17571104
vt 0.210641 0.16907501
vt 0.210641 0.16753799
vt 0.00964 0.16907501
vt 0.00964 0.16753799
vt 0.562849 0.26753402
vt 0.562849 0.252635
vt 0.399194 0.252635
vt 0.399194 0.26753402
vt 0.399194 0.280652
vt 0.562849 0.280652
vt 0.210641 0.26753402
vt 0.210641 0.280652
vt 0.00964 0.26753402
vt 0.00964 0.280652
vt 0.210641 0.252635
vt 0.00964 0.252635
vt 0.399191 0.01781398
vt 0.562845 0.01781398
vt 0.562845 0.013604999
vt 0.399191 0.013604999
vt 0.399191 0.02469498
vt 0.562845 0.02469498
vt 0.21064 0.013603985
vt 0.21064 0.017813027
vt 0.009641 0.013603985
vt 0.009641 0.017813027
vt 0.21064 0.02469498
vt 0.009641 0.024694026
vt 0.399191 0.011177003
vt 0.21064 0.011177003
vt 0.399191 0.009640992
vt 0.21064 0.009640992
vt 0.009641 0.011177003
vt 0.009641 0.009639978
vt 0.562845 0.011178017
vt 0.562845 0.009642005
vt 0.399191 0.12275398
vt 0.562845 0.12275398
vt 0.562845 0.10963702
vt 0.399191 0.10963601
vt 0.399191 0.13319898
vt 0.562845 0.13319999
vt 0.21064 0.10963601
vt 0.21064 0.122753024
vt 0.009641 0.109634995
vt 0.009641 0.122753024
vt 0.21064 0.13319802
vt 0.009641 0.13319802
vt 0.399191 0.09473699
vt 0.21064 0.09473699
vt 0.399191 0.07894701
vt 0.21064 0.078945994
vt 0.009641 0.09473598
vt 0.009641 0.078945994
vt 0.562845 0.09473699
vt 0.562845 0.07894701
vt 0.399191 0.14671803
vt 0.562845 0.14671898
vt 0.562845 0.14429098
vt 0.399191 0.14428997
vt 0.399191 0.14825404
vt 0.562845 0.14825499
vt 0.21064 0.14428902
vt 0.21064 0.14671701
vt 0.009641 0.144288
vt 0.00964 0.14671499
vt 0.21064 0.14825296
vt 0.00964 0.14825201
vt 0.399191 0.14008099
vt 0.21064 0.14007998
vt 0.009641 0.14007902
vt 0.562845 0.14008099
vt 0.399191 0.06315702
vt 0.562845 0.06315702
vt 0.562845 0.048258007
vt 0.399191 0.048256993
vt 0.21064 0.048256993
vt 0.21064 0.06315601
vt 0.009641 0.048256993
vt 0.009641 0.06315601
vt 0.399191 0.035139978
vt 0.21064 0.035139978
vt 0.009641 0.035139024
vt 0.562845 0.035139978
vn -0.004043 -0.999984 -0.003921
vn -0.000427 -0.999992 -0.004041
vn -0.000419 -0.999625 -0.027391
vn -0.003975 -0.99963 -0.026891
vn -0.004067 -0.999992 0
vn -0.00043 -1 0
vn -0.000427 -0.999992 -0.004041
vn -0.000419 -0.999625 -0.027391
vn -0.00043 -1 0
vn -0.10082 -0.994464 -0.0296
vn -0.100026 -0.994976 -0.004209
vn -0.33696 -0.940645 -0.040546
vn -0.338322 -0.941013 -0.005738
vn -0.099984 -0.994989 0
vn -0.338404 -0.941001 0
vn -0.004249 -0.992011 -0.126078
vn -0.107309 -0.98495 -0.135494
vn -0.00567 -0.933905 -0.357477
vn -0.130939 -0.928642 -0.347102
vn -0.325113 -0.93037 -0.169448
vn -0.301935 -0.89708 -0.322618
vn -0.000446 -0.992018 -0.126095
vn -0.000446 -0.992018 -0.126095
vn -0.000595 -0.933768 -0.357877
vn -0.000595 -0.933768 -0.357877
vn -0.004067 -0.999992 0
vn -0.00043 -1 0
vn -0.00043 -1 0
vn -0.004067 -0.999992 0
vn -0.004067 -0.999992 0
vn -0.00043 -1 0
vn -0.00043 -1 0
vn -0.00043 -1 0
vn -0.00043 -1 0
vn -0.099984 -0.994989 0
vn -0.099984 -0.994989 0
vn -0.338404 -0.941001 0
vn -0.338404 -0.941001 0
vn -0.099984 -0.994989 0
vn -0.338404 -0.941001 0
vn -0.004067 -0.999992 0
vn -0.099984 -0.994989 0
vn -0.004067 -0.999992 0
vn -0.099984 -0.994989 0
vn -0.338404 -0.941001 0
vn -0.338404 -0.941001 0
vn -0.00043 -1 0
vn -0.00043 -1 0
vn -0.00043 -1 0
vn -0.00043 -1 0
vn -0.00043 -1 0
vn -0.00043 -1 0
vn -0.00043 -1 0
vn -0.00043 -1 0
vn -0.00043 -1 0
vn -0.00043 -1 0
vn -0.00043 -1 0
vn -0.00043 -1 0
vn -0.00043 -1 0
vn -0.00043 -1 0
vn -0.00043 -1 0
vn -0.00043 -1 0
vn -0.00043 -1 0
vn -0.00043 -1 0
vn -0.00043 -1 0
vn -0.00043 -1 0
vn -0.00043 -1 0
vn -0.00043 -1 0
vn -0.00043 -1 0
vn -0.00043 -1 0
vn -0.00043 -1 0
vn -0.00043 -1 0
vn -0.00043 -1 0
vn -0.00043 -1 0
vn -0.00043 -1 0
vn -0.00043 -1 0
vn -0.00043 -1 0
vn -0.00043 -1 0
vn -0.00043 -1 0
vn -0.00043 -1 0
vn -0.00043 -1 0
vn -0.00043 -1 0
vn -0.00043 -1 0
vn -0.00043 -1 0
vn -0.00043 -1 0
vn -0.00043 -1 0
vn -0.00043 -1 0
vn -0.00043 -1 0
vn -0.00043 -1 0
vn -0.00043 -1 0
vn -0.00043 -1 0
vn -0.00043 -1 0
vn -0.00043 -1 0
vn -0.00043 -1 0
vn -0.00043 -1 0
vn 0.001949 -0.99912 -0.041909
vn 0.000381 -0.999969 -0.007891
vn 0.001475 -0.999971 -0.007532
vn 0.008013 -0.999127 -0.041002
vn -0.000001 -0.999108 -0.042232
vn -0.000001 -0.999968 -0.008015
vn 0 -1 0
vn 0 -1 0
vn 0 -1 0
vn 0.0272 -0.990114 -0.137605
vn 0.006333 -0.990561 -0.136929
vn 0.071974 -0.929659 -0.361322
vn 0.01672 -0.933283 -0.358753
vn -0.000001 -0.990595 -0.136828
vn 0 -0.933746 -0.357937
vn 0.018033 -0.999049 -0.039705
vn 0.063942 -0.988244 -0.138872
vn 0.029844 -0.998838 -0.037836
vn 0.110862 -0.984065 -0.139019
vn 0.167668 -0.916751 -0.362568
vn 0.284228 -0.890305 -0.355768
vn 0.003168 -0.99997 -0.007028
vn 0 -1 0
vn 0.005021 -0.999967 -0.006413
vn 0 -1 0
vn 0.040868 -0.998562 -0.034683
vn 0.006586 -0.999963 -0.005619
vn 0.007785 -0.99996 -0.004442
vn 0.050436 -0.998316 -0.028649
vn 0 -1 0
vn 0 -1 0
vn 0.208317 -0.970998 -0.117335
vn 0.159708 -0.977972 -0.134399
vn 0.501694 -0.817493 -0.282858
vn 0.397082 -0.854868 -0.333957
vn 0.058036 -0.99816 -0.017554
vn 0.252102 -0.964756 -0.075428
vn 0.061149 -0.998129 -0
vn 0.27147 -0.962447 -0.000005
vn 0.592057 -0.786075 -0.177634
vn 0.632386 -0.774653 -0.00001
vn 0.008641 -0.999959 -0.002627
vn 0 -1 0
vn 0.008971 -0.99996 -0
vn 0 -1 0
vn -0.026714 -0.9988 -0.041058
vn -0.097281 -0.984139 -0.148348
vn -0.067751 -0.983918 -0.165274
vn -0.0188 -0.99874 -0.046538
vn -0.034094 -0.998821 -0.03457
vn -0.124996 -0.984118 -0.126051
vn -0.248875 -0.891374 -0.378831
vn -0.172953 -0.890906 -0.419968
vn -0.320032 -0.890843 -0.322457
vn -0.003193 -0.999962 -0.008106
vn -0.004525 -0.999965 -0.007057
vn 0 -1 0
vn 0 -1 0
vn -0.005758 -0.999966 -0.005904
vn 0 -1 0
vn -0.009934 -0.998647 -0.051044
vn -0.001684 -0.999958 -0.009023
vn 0.000289 -0.998585 -0.053177
vn 0.00006 -0.999956 -0.009425
vn 0 -1 0
vn 0 -1 0
vn -0.035548 -0.983432 -0.177755
vn -0.090736 -0.889153 -0.448525
vn 0.000716 -0.982857 -0.184368
vn 0.000894 -0.886273 -0.463163
vn -0.004249 -0.992011 0.126081
vn -0.000446 -0.992018 0.126098
vn -0.000419 -0.999625 0.027392
vn -0.003975 -0.99963 0.026892
vn -0.00567 -0.933901 0.357486
vn -0.000595 -0.933765 0.357886
vn -0.000446 -0.992018 0.126098
vn -0.000419 -0.999625 0.027392
vn -0.000595 -0.933765 0.357886
vn -0.100819 -0.994464 0.0296
vn -0.107308 -0.984949 0.135498
vn -0.33696 -0.940645 0.040547
vn -0.325112 -0.93037 0.169453
vn -0.130938 -0.928639 0.347111
vn -0.301932 -0.897078 0.322627
vn -0.004043 -0.999984 0.003921
vn -0.100026 -0.994976 0.004209
vn -0.338322 -0.941013 0.005738
vn -0.000427 -0.999992 0.004041
vn -0.000427 -0.999992 0.004041
vn 0 -1 0
vn -0.004067 -0.999992 0
vn -0.00043 -1 0
vn -0.00043 -1 0
vn -0.004067 -0.999992 0
vn 0 -1 0
vn 0 -1 0
vn 0 -1 0
vn -0.099984 -0.994989 0
vn -0.099984 -0.994989 0
vn -0.338404 -0.941001 0
vn -0.338404 -0.941001 0
vn -0.004067 -0.999992 0
vn -0.099984 -0.994989 0
vn -0.338404 -0.941001 0
vn -0.00043 -1 0
vn 0 -1 0
vn 0 -1 0
vn -0.045933 -0.9989 -0.009459
vn -0.174426 -0.984035 -0.035361
vn -0.164845 -0.983944 -0.06841
vn -0.044034 -0.998859 -0.018476
vn -0.046453 -0.99892 0
vn -0.177542 -0.984113 -0
vn -0.449331 -0.888742 -0.090772
vn -0.423274 -0.888888 -0.175264
vn -0.458139 -0.888881 -0.000001
vn -0.007334 -0.999968 -0.00314
vn -0.007582 -0.99997 -0.001605
vn 0 -1 0
vn 0 -1 0
vn -0.007637 -0.999971 0
vn 0 -1 0
vn -0.040161 -0.99883 -0.026939
vn -0.006747 -0.999967 -0.00459
vn 0 -1 0
vn -0.1484 -0.983977 -0.098831
vn -0.380186 -0.88967 -0.252875
vn 0 -1 0
vn 0 -1 0
vn 0 -1 0
vn 0 -1 0
vn 0 -1 0
vn 0 -1 0
vn 0 -1 0
vn 0 -1 0
vn 0 -1 0
vn 0 -1 0
vn 0 -1 0
vn 0 -1 0
vn 0 -1 0
vn 0 -1 0
vn 0 -1 0
vn 0 -1 0
vn 0 -1 0
vn 0 -1 0
vn 0 -1 0
vn 0 -1 0
vn 0 -1 0
vn 0 -1 0
vn 0 -1 0
vn 0 -1 0
vn 0 -1 0
vn 0.010456 -0.998632 -0.051225
vn 0.03796 -0.982503 -0.182339
vn 0.071549 -0.982754 -0.170512
vn 0.01871 -0.998789 -0.045503
vn 0.095296 -0.88305 -0.459501
vn 0.182604 -0.881921 -0.434594
vn 0.003168 -0.99997 -0.007028
vn 0.001741 -0.999959 -0.008901
vn 0 -1 0
vn 0 -1 0
vn 0.024966 -0.998967 -0.037967
vn 0.003168 -0.99997 -0.007028
vn 0.030189 -0.999089 -0.030151
vn 0.004719 -0.999978 -0.004755
vn 0 -1 0
vn 0 -1 0
vn 0.100182 -0.983587 -0.150069
vn 0.259801 -0.884182 -0.388234
vn 0.123894 -0.98462 -0.123179
vn 0.325035 -0.888924 -0.322747
vn 0.043429 -0.999021 0.008433
vn 0.165901 -0.985586 0.033121
vn 0.156502 -0.985598 0.064055
vn 0.039699 -0.999084 0.015953
vn 0.04495 -0.998989 0
vn 0.169402 -0.985547 0
vn 0.432499 -0.897433 0.08694
vn 0.410411 -0.896169 0.168652
vn 0.440356 -0.897823 0.000002
vn 0.006417 -0.999976 0.002497
vn 0.007164 -0.999973 0.001326
vn 0.007479 -0.999972 0
vn 0.035098 -0.999122 0.022883
vn 0.005555 -0.999978 0.003573
vn 0.030186 -0.999089 0.030149
vn 0.004719 -0.999978 0.004755
vn 0.142609 -0.985331 0.093725
vn 0.375345 -0.893365 0.247013
vn 0.123883 -0.984623 0.123169
vn 0.325068 -0.888898 0.322786
vn -0.009934 -0.998647 0.051044
vn -0.035547 -0.983433 0.177754
vn -0.067749 -0.983919 0.165271
vn -0.0188 -0.99874 0.046539
vn 0.000289 -0.998585 0.053177
vn 0.000717 -0.982857 0.18437
vn -0.090736 -0.889154 0.448521
vn -0.172959 -0.890899 0.419981
vn 0.000894 -0.886273 0.463162
vn -0.003194 -0.999962 0.008106
vn -0.001684 -0.999958 0.009023
vn 0 -1 0
vn 0 -1 0
vn 0.00006 -0.999956 0.009425
vn 0 -1 0
vn -0.026714 -0.9988 0.041058
vn -0.004525 -0.999965 0.007057
vn -0.034095 -0.99882 0.03457
vn -0.005758 -0.999966 0.005904
vn 0 -1 0
vn 0 -1 0
vn -0.097283 -0.984138 0.14835
vn -0.248891 -0.891359 0.378857
vn -0.125005 -0.984115 0.126059
vn -0.320072 -0.890817 0.322489
vn -0.040162 -0.99883 0.026941
vn -0.148406 -0.983975 0.098835
vn -0.16484 -0.983945 0.068409
vn -0.044034 -0.998859 0.018475
vn -0.380233 -0.889642 0.252904
vn -0.423301 -0.888873 0.175275
vn -0.007334 -0.999968 0.003139
vn -0.006747 -0.999967 0.00459
vn 0 -1 0
vn 0 -1 0
vn -0.045934 -0.9989 0.009459
vn -0.007582 -0.99997 0.001605
vn 0 -1 0
vn -0.174416 -0.984037 0.035358
vn -0.449337 -0.888739 0.090775
vn 0.035099 -0.999122 -0.022884
vn 0.142606 -0.985332 -0.093724
vn 0.156493 -0.9856 -0.064051
vn 0.039699 -0.999084 -0.015953
vn 0.375342 -0.893368 -0.247008
vn 0.410432 -0.896158 -0.16866
vn 0.006417 -0.999976 -0.002497
vn 0.005555 -0.999978 -0.003573
vn 0 -1 0
vn 0 -1 0
vn 0.043429 -0.999021 -0.008433
vn 0.007165 -0.999973 -0.001326
vn 0 -1 0
vn 0.165895 -0.985587 -0.033119
vn 0.432494 -0.897435 -0.086941
vn 0.058033 -0.99816 0.017553
vn 0.008641 -0.999959 0.002627
vn 0.007785 -0.99996 0.004442
vn 0.050435 -0.998316 0.028649
vn 0 -1 0
vn 0 -1 0
vn 0.208316 -0.970998 0.117335
vn 0.252073 -0.964764 0.075423
vn 0.50174 -0.817452 0.282894
vn 0.592014 -0.78611 0.177626
vn 0.040869 -0.998562 0.034683
vn 0.159698 -0.977976 0.134389
vn 0.029843 -0.998838 0.037835
vn 0.110847 -0.984069 0.139002
vn 0.39712 -0.85484 0.333982
vn 0.284215 -0.890315 0.355753
vn 0.006586 -0.999963 0.005619
vn 0 -1 0
vn 0.005021 -0.999967 0.006413
vn 0 -1 0
vn 0 -1 0
vn 0 -1 0
vn 0 -1 0
vn 0 -1 0
vn 0 -1 0
vn 0 -1 0
vn 0 -1 0
vn 0 -1 0
vn 0 -1 0
vn 0 -1 0
vn 0 -1 0
vn 0 -1 0
vn 0 -1 0
vn 0 -1 0
vn 0 -1 0
vn -0.000159 -0.999977 0.006766
vn -0.00021 -0.999985 0.005542
vn -0.000429 -0.99943 0.033744
vn -0.00031 -0.99927 0.038209
vn 0 -1 0
vn 0 -1 0
vn -0.000427 -0.999992 0.004041
vn -0.000355 -0.999546 0.030118
vn 0 -1 0
vn -0.000119 -0.999147 0.041287
vn -0.000159 -0.999977 0.006766
vn -0.000119 -0.999147 0.041287
vn -0.000001 -0.999968 0.008015
vn 0 -1 0
vn 0 -1 0
vn -0.000152 -0.990971 0.134077
vn -0.000056 -0.990681 0.136199
vn -0.000595 -0.933765 0.357886
vn -0.000595 -0.933765 0.357886
vn -0.000056 -0.990681 0.136199
vn -0.000595 -0.933765 0.357886
vn -0.000219 -0.9914 0.130862
vn -0.000187 -0.991755 0.128145
vn -0.000595 -0.933765 0.357886
vn -0.000595 -0.933765 0.357886
vn 0 -1 0
vn 0 -1 0
vn 0 -1 0
vn 0 -1 0
vn 0 -1 0
vn 0 -1 0
vn 0 -1 0
vn 0 -1 0
vn 0 -1 0
vn 0 -1 0
vn 0 -1 0
vn 0 -1 0
vn 0.018032 -0.999049 0.039705
vn 0.003168 -0.99997 0.007028
vn 0.001475 -0.999971 0.007532
vn 0.008012 -0.999127 0.041002
vn 0 -1 0
vn 0 -1 0
vn 0.0272 -0.990114 0.137605
vn 0.063938 -0.988245 0.138867
vn 0.071972 -0.929661 0.361317
vn 0.167663 -0.916755 0.362559
vn 0.001949 -0.99912 0.041909
vn 0.006333 -0.990561 0.136928
vn 0.016719 -0.933284 0.35875
vn 0.000381 -0.999969 0.007891
vn 0 -1 0
vn 0.024965 -0.998967 0.037965
vn 0.100175 -0.983589 0.15006
vn 0.07155 -0.982754 0.170516
vn 0.01871 -0.998789 0.045503
vn 0.25983 -0.884155 0.388276
vn 0.182614 -0.88191 0.43461
vn 0.003168 -0.99997 0.007028
vn 0.003168 -0.99997 0.007028
vn 0 -1 0
vn 0 -1 0
vn 0.010457 -0.998632 0.051226
vn 0.001741 -0.999959 0.008901
vn 0 -1 0
vn 0.03796 -0.982502 0.182343
vn 0.095297 -0.883048 0.459505
vn 0 -1 0
vn 0 -1 0
vn 0 -1 0
vn 0 -1 0
vn 0 -1 0
vn 0 -1 0
vn 0 -1 0
vn 0 -1 0
vn 0 -1 0
vn 0 -1 0
vn 0 -1 0
vn 0 -1 0
vn 0 -1 0
vn 0 -1 0
vn 0 -1 0
vn 0 -1 0
vn 0 -1 0
vn 0 -1 0
vn 0 -1 0
vn 0 -1 0
vn 0 -1 0
vn 0 -1 0
vn 0 -1 0
vn 0 -1 0
vn 0 -1 0
vn 0 -1 0
vn 0 -1 0
vn 0 -1 0
vn 0 -1 0
vn 0 -1 0
vn 0 -1 0
vn 0 -1 0
vn 0 -1 0
vn 0 -1 0
vn 0 -1 0
vn 0 -1 0
vn 0 -1 0
vn 0 -1 0
vn 0 -1 0
vn 0 -1 0
vn 0 -1 0
vn 0 -1 0
vn 0 -1 0
vn -0.000446 -0.992018 0.126098
vn -0.000446 -0.992018 0.126098
vn -0.000419 -0.999625 0.027392
vn -0.000419 -0.999625 0.027392
vn -0.000595 -0.933765 0.357886
vn -0.000595 -0.933765 0.357886
vn -0.000446 -0.992018 0.126098
vn -0.000419 -0.999625 0.027392
vn -0.000595 -0.933765 0.357886
vn -0.000419 -0.999625 0.027392
vn -0.000446 -0.992018 0.126098
vn -0.000595 -0.933765 0.357886
vn -0.000427 -0.999992 0.004041
vn -0.000427 -0.999992 0.004041
vn 0 -1 0
vn 0 -1 0
vn -0.000427 -0.999992 0.004041
vn -0.000427 -0.999992 0.004041
vn 0 -1 0
vn 0 -1 0
vn 0 -1 0
vn 0 -1 0
vn 0 -1 0
vn 0 -1 0
vn 0 -1 0
vn 0 -1 0
vn 0 -1 0
vn 0 -1 0
vn 0 -1 0
vn 0 -1 0
vn 0 -1 0
vn 0 -1 0
vn 0 -1 0
vn 0 -1 0
vn 0 -1 0
vn 0 -0.999992 -0.004066
vn 0 -0.999992 -0.004066
vn 0 -0.999622 -0.027502
vn 0 -0.999622 -0.027502
vn 0 -0.999992 -0.004066
vn 0 -0.999622 -0.027502
vn 0 -0.999622 -0.027502
vn 0 -0.999992 -0.004066
vn 0 -0.999622 -0.027502
vn 0 -0.999992 -0.004066
vn 0 -0.992014 -0.126131
vn 0 -0.992014 -0.126131
vn 0 -0.933746 -0.357937
vn 0 -0.933746 -0.357937
vn 0 -0.992014 -0.126131
vn 0 -0.933746 -0.357937
vn 0 -0.992014 -0.126131
vn 0 -0.992014 -0.126131
vn 0 -0.933746 -0.357937
vn 0 -0.933746 -0.357937
vn -0.000419 0.999625 -0.027392
vn -0.000427 0.999992 -0.004041
vn -0.004043 0.999984 -0.003921
vn -0.003975 0.99963 -0.026891
vn 0 0.999622 -0.027502
vn 0 0.999992 -0.004067
vn -0.00043 1 -0
vn -0.004067 0.999992 -0
vn 0 1 -0
vn -0.004249 0.992011 -0.126078
vn -0.000446 0.992018 -0.126095
vn -0.00567 0.933905 -0.357477
vn -0.000595 0.933769 -0.357877
vn -0.000446 0.992018 -0.126095
vn 0 0.933748 -0.357931
vn -0.10082 0.994464 -0.0296
vn -0.107309 0.98495 -0.135494
vn -0.33696 0.940646 -0.040547
vn -0.325112 0.930371 -0.169447
vn -0.130938 0.928642 -0.347102
vn -0.301933 0.897081 -0.322617
vn -0.100026 0.994976 -0.004209
vn -0.099984 0.994989 -0
vn -0.338322 0.941013 -0.005738
vn -0.338404 0.941001 -0
vn -0.00043 1 -0
vn -0.00043 1 -0
vn -0.004067 0.999992 -0
vn -0.004067 0.999992 -0
vn 0 1 -0
vn 0 1 -0
vn -0.00043 1 -0
vn -0.004067 0.999992 -0
vn 0 1 -0
vn -0.004067 0.999992 -0
vn -0.00043 1 -0
vn -0.004067 0.999992 -0
vn -0.00043 1 -0
vn 0 1 -0
vn 0 1 -0
vn -0.099984 0.994989 -0
vn -0.099984 0.994989 -0
vn -0.338404 0.941001 -0
vn -0.338404 0.941001 -0
vn -0.099984 0.994989 -0
vn -0.338404 0.941001 -0
vn -0.099984 0.994989 -0
vn -0.099984 0.994989 -0
vn -0.338404 0.941001 -0
vn -0.338404 0.941001 -0
vn 0 1 -0
vn 0 1 -0
vn 0 1 -0
vn 0 1 -0
vn 0 1 -0
vn 0 1 -0
vn 0 1 -0
vn 0 1 -0
vn 0 1 -0
vn 0 1 -0
vn 0 1 -0
vn 0 1 -0
vn 0 1 -0
vn 0 1 -0
vn 0 1 -0
vn 0 1 -0
vn 0 1 -0
vn 0 1 -0
vn 0 1 -0
vn 0 1 -0
vn 0 1 -0
vn 0 1 -0
vn 0 1 -0
vn 0 1 -0
vn 0 1 -0
vn 0 1 -0
vn 0 1 -0
vn 0 1 -0
vn 0 1 -0
vn 0 1 -0
vn 0 1 -0
vn 0 1 -0
vn 0 1 -0
vn 0 1 -0
vn 0 1 -0
vn 0 1 -0
vn 0 1 -0
vn 0 1 -0
vn 0 1 -0
vn 0 1 -0
vn 0 1 -0
vn 0 1 -0
vn 0 1 -0
vn 0 1 -0
vn 0 1 -0
vn 0.001475 0.999971 -0.007533
vn 0.000381 0.999969 -0.007891
vn 0.001949 0.99912 -0.041909
vn 0.008013 0.999127 -0.041003
vn 0 1 -0
vn 0 1 -0
vn -0.000001 0.999968 -0.008015
vn -0.000001 0.999108 -0.042232
vn 0 1 -0
vn 0.018033 0.999049 -0.039707
vn 0.003168 0.99997 -0.007028
vn 0.029844 0.998838 -0.037836
vn 0.005021 0.999967 -0.006413
vn 0 1 -0
vn 0 1 -0
vn 0.027201 0.990113 -0.137609
vn 0.063941 0.988244 -0.138873
vn 0.071975 0.929658 -0.361324
vn 0.167667 0.916751 -0.362568
vn 0.110849 0.984068 -0.139005
vn 0.284218 0.890314 -0.355756
vn 0.006333 0.990561 -0.136929
vn -0.000001 0.990595 -0.136829
vn 0.01672 0.933282 -0.358754
vn 0 0.933748 -0.357931
vn 0.007786 0.99996 -0.004442
vn 0.006586 0.999963 -0.005619
vn 0.040869 0.998562 -0.034683
vn 0.050437 0.998316 -0.02865
vn 0 1 -0
vn 0 1 -0
vn 0.058035 0.99816 -0.017554
vn 0.008641 0.999959 -0.002627
vn 0.061148 0.998129 -0
vn 0.008971 0.99996 -0
vn 0 1 -0
vn 0.2083 0.971003 -0.117326
vn 0.252078 0.964763 -0.075421
vn 0.501707 0.817479 -0.282877
vn 0.592019 0.786107 -0.17762
vn 0.271482 0.962443 0.000002
vn 0.63244 0.774609 0.000008
vn 0.159691 0.977977 -0.134384
vn 0.397114 0.854845 -0.333978
vn -0.06775 0.983918 -0.165273
vn -0.097276 0.984141 -0.14834
vn -0.026714 0.9988 -0.041058
vn -0.0188 0.99874 -0.046539
vn -0.172956 0.890903 -0.419974
vn -0.248885 0.891366 -0.378845
vn -0.124991 0.984119 -0.126046
vn -0.034094 0.998821 -0.03457
vn -0.32004 0.890837 -0.322466
vn -0.009934 0.998647 -0.051045
vn -0.035548 0.983432 -0.177757
vn 0.000289 0.998585 -0.053177
vn 0.000717 0.982857 -0.18437
vn -0.090737 0.889152 -0.448526
vn 0.000894 0.886272 -0.463164
vn -0.003194 0.999962 -0.008106
vn -0.001684 0.999958 -0.009023
vn 0.00006 0.999956 -0.009425
vn -0.004525 0.999965 -0.007057
vn -0.005758 0.999966 -0.005904
vn -0.000419 0.999625 0.027392
vn -0.000446 0.992018 0.126099
vn -0.004249 0.992011 0.126081
vn -0.003975 0.99963 0.026891
vn -0.000419 0.999625 0.027392
vn -0.000446 0.992018 0.126099
vn -0.000595 0.933765 0.357886
vn -0.00567 0.933901 0.357487
vn -0.000595 0.933765 0.357886
vn -0.004043 0.999984 0.003921
vn -0.000427 0.999992 0.004041
vn -0.000427 0.999992 0.004041
vn -0.100819 0.994464 0.0296
vn -0.100026 0.994976 0.004209
vn -0.33696 0.940645 0.040547
vn -0.338322 0.941013 0.005738
vn -0.107308 0.984949 0.135498
vn -0.130937 0.928638 0.347112
vn -0.325112 0.93037 0.169453
vn -0.301931 0.897078 0.322627
vn -0.00043 1 -0
vn -0.00043 1 -0
vn -0.004067 0.999992 -0
vn -0.004067 0.999992 -0
vn 0 1 -0
vn 0 1 -0
vn -0.004067 0.999992 -0
vn -0.00043 1 -0
vn 0 1 -0
vn -0.099984 0.994989 -0
vn -0.099984 0.994989 -0
vn -0.338404 0.941001 -0
vn -0.338404 0.941001 -0
vn -0.099984 0.994989 -0
vn -0.338404 0.941001 -0
vn -0.164834 0.983946 -0.068406
vn -0.174428 0.984035 -0.03536
vn -0.045935 0.9989 -0.009459
vn -0.044034 0.998859 -0.018476
vn -0.423279 0.888885 -0.175268
vn -0.449331 0.888742 -0.090771
vn -0.177543 0.984113 -0.000002
vn -0.046454 0.99892 -0
vn -0.458156 0.888872 -0
vn -0.040161 0.99883 -0.02694
vn -0.148395 0.983978 -0.098828
vn -0.380196 0.889664 -0.252881
vn -0.007334 0.999968 -0.00314
vn -0.006747 0.999967 -0.00459
vn -0.007582 0.99997 -0.001605
vn -0.007638 0.999971 -0
vn 0.071549 0.982754 -0.170514
vn 0.03796 0.982502 -0.182344
vn 0.010457 0.998632 -0.051226
vn 0.01871 0.998789 -0.045504
vn 0.182616 0.881907 -0.434617
vn 0.0953 0.883043 -0.459514
vn 0.024966 0.998967 -0.037968
vn 0.100178 0.983588 -0.150064
vn 0.030188 0.999089 -0.030151
vn 0.123889 0.984621 -0.123176
vn 0.259822 0.884162 -0.388265
vn 0.325061 0.888904 -0.322777
vn 0.003168 0.99997 -0.007028
vn 0.003168 0.99997 -0.007028
vn 0 1 -0
vn 0 1 -0
vn 0.004719 0.999978 -0.004755
vn 0 1 -0
vn 0.001741 0.999959 -0.008901
vn 0 1 -0
vn 0.156493 0.9856 0.064051
vn 0.165899 0.985586 0.03312
vn 0.043428 0.999021 0.008433
vn 0.0397 0.999084 0.015953
vn 0.410416 0.896166 0.168655
vn 0.4325 0.897433 0.086939
vn 0.169407 0.985546 0
vn 0.04495 0.998989 -0
vn 0.440361 0.897821 0.000002
vn 0.035099 0.999122 0.022884
vn 0.14261 0.985331 0.093727
vn 0.030187 0.999089 0.03015
vn 0.123893 0.984621 0.123177
vn 0.375332 0.893373 0.247001
vn 0.325028 0.888928 0.322742
vn 0.006417 0.999976 0.002497
vn 0.005555 0.999978 0.003573
vn 0 1 -0
vn 0 1 -0
vn 0.004719 0.999978 0.004755
vn 0 1 -0
vn 0.007165 0.999973 0.001326
vn 0.007479 0.999972 -0
vn 0 1 -0
vn 0 1 -0
vn -0.067751 0.983918 0.165276
vn -0.035548 0.983432 0.177756
vn -0.009934 0.998647 0.051045
vn -0.0188 0.99874 0.04654
vn -0.172957 0.890901 0.419978
vn -0.090736 0.889155 0.44852
vn 0.000716 0.982857 0.184368
vn 0.000289 0.998585 0.053177
vn 0.000894 0.886275 0.463158
vn -0.026713 0.9988 0.041057
vn -0.09728 0.984139 0.148348
vn -0.034094 0.998821 0.034569
vn -0.124995 0.984118 0.126049
vn -0.248885 0.891364 0.378848
vn -0.320078 0.890814 0.322492
vn -0.003194 0.999962 0.008106
vn -0.004525 0.999965 0.007057
vn 0 1 -0
vn 0 1 -0
vn -0.005759 0.999966 0.005904
vn 0 1 -0
vn -0.001684 0.999958 0.009023
vn 0.00006 0.999956 0.009425
vn 0 1 -0
vn 0 1 -0
vn -0.164846 0.983944 0.06841
vn -0.1484 0.983977 0.09883
vn -0.040161 0.99883 0.02694
vn -0.044034 0.998859 0.018476
vn -0.423259 0.888896 0.175259
vn -0.380227 0.889645 0.252903
vn -0.045935 0.9989 0.009459
vn -0.174416 0.984037 0.035359
vn -0.449321 0.888747 0.090769
vn -0.007334 0.999968 0.00314
vn -0.007582 0.99997 0.001605
vn 0 1 -0
vn 0 1 -0
vn -0.006747 0.999967 0.00459
vn 0 1 -0
vn 0.156499 0.985599 -0.064053
vn 0.142605 0.985332 -0.093723
vn 0.035099 0.999122 -0.022884
vn 0.039701 0.999084 -0.015953
vn 0.410466 0.89614 -0.168674
vn 0.375369 0.893351 -0.247026
vn 0.043432 0.999021 -0.008434
vn 0.165902 0.985586 -0.033121
vn 0.432515 0.897425 -0.086948
vn 0.006417 0.999976 -0.002497
vn 0.007165 0.999973 -0.001326
vn 0 1 -0
vn 0 1 -0
vn 0.005555 0.999978 -0.003573
vn 0 1 -0
vn 0.007786 0.99996 0.004442
vn 0.008641 0.999959 0.002627
vn 0.058033 0.99816 0.017553
vn 0.050437 0.998316 0.02865
vn 0.04087 0.998562 0.034684
vn 0.006586 0.999963 0.005619
vn 0.029844 0.998838 0.037837
vn 0.005021 0.999967 0.006413
vn 0.208338 0.970992 0.117345
vn 0.159704 0.977974 0.134395
vn 0.501749 0.81745 0.282883
vn 0.397077 0.854872 0.333952
vn 0.110855 0.984067 0.139011
vn 0.284216 0.890315 0.355753
vn 0.25212 0.964751 0.075437
vn 0.592133 0.786012 0.177662
vn 0 1 -0
vn 0 1 -0
vn 0 1 -0
vn 0 1 -0
vn 0 1 -0
vn 0 1 -0
vn 0 1 -0
vn 0 1 -0
vn 0 1 -0
vn 0 1 -0
vn 0 1 -0
vn 0 1 -0
vn 0 1 -0
vn 0 1 -0
vn 0 1 -0
vn -0.000419 -0.999625 -0.027391
vn -0.000427 -0.999992 -0.004041
vn -0.000427 -0.999992 -0.004041
vn -0.000419 -0.999625 -0.027391
vn 0 -0.999622 -0.027502
vn 0 -0.999992 -0.004066
vn 0 -1 0
vn 0 -1 0
vn 0 -1 0
vn -0.000446 -0.992018 -0.126095
vn -0.000446 -0.992018 -0.126095
vn -0.000595 -0.933768 -0.357877
vn 0 -0.933746 -0.357937
vn 0 -0.992014 -0.126131
vn 0 -0.933746 -0.357937
vn -0.000419 -0.999625 -0.027391
vn -0.000446 -0.992018 -0.126095
vn -0.000355 -0.999546 -0.030117
vn -0.000187 -0.991755 -0.128145
vn -0.000595 -0.933768 -0.357877
vn -0.000595 -0.933768 -0.357877
vn -0.000427 -0.999992 -0.004041
vn 0 -1 0
vn -0.000427 -0.999992 -0.004041
vn 0 1 -0
vn 0 1 -0
vn 0 1 -0
vn 0 1 -0
vn 0 1 -0
vn 0 1 -0
vn 0 1 -0
vn 0 1 -0
vn 0 1 -0
vn 0.001475 0.999971 0.007532
vn 0.003168 0.99997 0.007028
vn 0.018033 0.999049 0.039706
vn 0.008012 0.999127 0.041002
vn 0.001948 0.99912 0.041909
vn 0.000381 0.999969 0.007891
vn -0.000001 0.999108 0.042232
vn -0.000001 0.999968 0.008015
vn 0.0272 0.990114 0.137605
vn 0.006333 0.990561 0.136927
vn 0.071972 0.929661 0.361317
vn 0.016719 0.933284 0.358748
vn -0.000001 0.990595 0.136828
vn -0.000595 0.933765 0.357886
vn 0.06394 0.988244 0.13887
vn 0.16766 0.916758 0.362554
vn 0.07155 0.982754 0.170515
vn 0.100179 0.983588 0.150065
vn 0.024965 0.998967 0.037966
vn 0.01871 0.998789 0.045503
vn 0.182601 0.881923 0.434589
vn 0.2598 0.884183 0.388232
vn 0.010457 0.998632 0.051226
vn 0.03796 0.982503 0.182339
vn 0.095296 0.88305 0.459501
vn 0.003168 0.99997 0.007028
vn 0.001741 0.999959 0.008901
vn 0 1 -0
vn 0 1 -0
vn 0.003168 0.99997 0.007028
vn 0 1 -0
vn 0 1 -0
vn 0 1 -0
vn 0 1 -0
vn 0 1 -0
vn 0 1 -0
vn 0 1 -0
vn 0 1 -0
vn 0 1 -0
vn 0 1 -0
vn 0 1 -0
vn 0 1 -0
vn 0 1 -0
vn 0 1 -0
vn 0 1 -0
vn 0 1 -0
vn 0 1 -0
vn 0 1 -0
vn 0 1 -0
vn 0 1 -0
vn 0 1 -0
vn 0 1 -0
vn 0 1 -0
vn 0 1 -0
vn 0 1 -0
vn 0 1 -0
vn 0 1 -0
vn 0 1 -0
vn 0 1 -0
vn 0 1 -0
vn 0 1 -0
vn 0 1 -0
vn 0 1 -0
vn 0 1 -0
vn 0 1 -0
vn 0 1 -0
vn 0 1 -0
vn 0 1 -0
vn 0 1 -0
vn 0 1 -0
vn 0 1 -0
vn -0.000427 0.999992 -0.004041
vn -0.000427 0.999992 -0.004041
vn -0.000419 0.999625 -0.027392
vn -0.000419 0.999625 -0.027392
vn 0 1 -0
vn 0 1 -0
vn 0 0.999992 -0.004067
vn -0.000419 0.999625 -0.027392
vn 0 1 -0
vn -0.000419 0.999625 -0.027392
vn -0.000427 0.999992 -0.004041
vn -0.000355 0.999546 -0.030118
vn -0.000427 0.999992 -0.004041
vn 0 1 -0
vn 0 1 -0
vn -0.000446 0.992018 -0.126095
vn -0.000446 0.992018 -0.126095
vn 0 0.933748 -0.357931
vn 0 0.933748 -0.357931
vn -0.000187 0.991755 -0.128145
vn 0 0.933748 -0.357931
vn -0.000446 0.992018 -0.126095
vn -0.000446 0.992018 -0.126095
vn -0.000595 0.933769 -0.357877
vn -0.000595 0.933769 -0.357877
vn 0 1 -0
vn 0 1 -0
vn 0 1 -0
vn 0 1 -0
vn 0 1 -0
vn 0 1 -0
vn 0 1 -0
vn 0 1 -0
vn 0 1 -0
vn 0 1 -0
vn 0 1 -0
vn 0 1 -0
vn 0 1 -0
vn 0 1 -0
vn 0 1 -0
vn 0 1 -0
vn 0 1 -0
vn 0 1 -0
vn 0 1 -0
vn 0 1 -0
vn -0.000419 0.999625 0.027392
vn -0.000446 0.992018 0.126099
vn -0.000446 0.992018 0.126099
vn -0.000419 0.999625 0.027392
vn -0.000419 0.999625 0.027392
vn -0.000446 0.992018 0.126099
vn -0.000595 0.933765 0.357886
vn -0.000595 0.933765 0.357886
vn -0.000595 0.933765 0.357886
vn -0.000427 0.999992 0.004041
vn -0.000427 0.999992 0.004041
vn 0 1 -0
vn 0 1 -0
vn -0.000427 0.999992 0.004041
vn 0 1 -0
vn -0.000419 0.999625 0.027392
vn -0.000427 0.999992 0.004041
vn 0 1 -0
vn -0.000446 0.992018 0.126099
vn -0.000595 0.933765 0.357886
vn 0 1 -0
vn 0 1 -0
vn 0 1 -0
vn 0 1 -0
vn 0 1 -0
vn 0 1 -0
vn 0 1 -0
vn 0 1 -0
vn 0 1 -0
vn 0 1 -0
vn 0 1 -0
vn 0 1 -0
vn 0 0.999622 -0.027502
vn 0 0.999992 -0.004067
vn 0 0.999992 -0.004067
vn 0 0.999622 -0.027502
vn 0 0.999622 -0.027502
vn 0 0.999992 -0.004067
vn 0 0.992014 -0.126131
vn 0 0.992014 -0.126131
vn 0 0.933748 -0.357931
vn 0 0.933748 -0.357931
vn 0 0.992014 -0.126131
vn 0 0.933748 -0.357931
vn 0 0.999622 -0.027502
vn 0 0.992014 -0.126131
vn 0 0.933748 -0.357931
vn 0 0.999992 -0.004067
vn -0.993967 0.071178 -0.083445
vn -0.934594 0.072066 -0.348339
vn -0.876218 0.352012 -0.329133
vn -0.937022 0.340231 -0.078942
vn -0.996475 -0 -0.083893
vn -0.937038 -0.000001 -0.349226
vn -0.68408 0.071723 -0.725872
vn -0.640811 0.354703 -0.680843
vn -0.685883 -0 -0.727712
vn -0.940113 0.340666 -0.011587
vn -0.997304 0.072329 -0.012383
vn -0.939933 0.34136 -0
vn -0.997353 0.072709 -0
vn -0.999922 0 -0.01248
vn -1 0 -0
vn -0.683953 0.726887 -0.061999
vn -0.687953 0.7257 -0.008938
vn -0.33696 0.940646 -0.040547
vn -0.338322 0.941013 -0.005738
vn -0.687844 0.725859 -0
vn -0.338404 0.941001 -0
vn -0.630733 0.733723 -0.25264
vn -0.469966 0.726875 -0.500785
vn -0.325112 0.930371 -0.169447
vn -0.301933 0.897081 -0.322617
vn -0.92283 0.04982 -0.381973
vn -0.979029 0.049759 -0.197549
vn -0.950226 0.245551 -0.191768
vn -0.895647 0.245689 -0.370748
vn -0.92398 0.000018 -0.382441
vn -0.980244 -0 -0.197791
vn -0.998761 0.049761 0
vn -0.969339 0.245725 0
vn -1 -0 -0
vn -0.806864 0.246633 -0.536789
vn -0.831542 0.050005 -0.553207
vn -0.682295 0.248112 -0.687687
vn -0.703414 0.050317 -0.708997
vn -0.832586 0.000004 -0.553896
vn -0.704306 -0.000007 -0.709897
vn -0.736858 0.60331 -0.305053
vn -0.663056 0.604823 -0.441074
vn -0.423279 0.888885 -0.175268
vn -0.380196 0.889664 -0.252881
vn -0.559697 0.607117 -0.564046
vn -0.32004 0.890837 -0.322466
vn -0.781898 0.603089 -0.157858
vn -0.797455 0.603378 0.000002
vn -0.449331 0.888742 -0.090771
vn -0.458156 0.888872 -0
vn 0.869118 0.035422 -0.493335
vn 0.956599 0.031233 -0.289729
vn 0.944913 0.159044 -0.286086
vn 0.855645 0.179146 -0.485569
vn 0.869674 0.000012 -0.493627
vn 0.957068 0.000012 -0.289863
vn 0.999553 0.02989 0.000001
vn 0.988308 0.15247 0.000005
vn 1 0 0
vn 0.74665 0.209266 -0.631444
vn 0.762804 0.041806 -0.645277
vn 0.601555 0.248239 -0.759282
vn 0.619913 0.050393 -0.783051
vn 0.763492 -0 -0.645818
vn 0.620725 -0.000009 -0.784029
vn 0.76008 0.486924 -0.430329
vn 0.641756 0.543065 -0.541507
vn 0.501707 0.817479 -0.282877
vn 0.397114 0.854845 -0.333978
vn 0.494814 0.606625 -0.622226
vn 0.284218 0.890314 -0.355756
vn 0.856938 0.445817 -0.258661
vn 0.902003 0.431731 0.000009
vn 0.592019 0.786107 -0.17762
vn 0.63244 0.774609 0.000008
vn -0.997353 0.072709 -0
vn -0.997353 0.072709 -0
vn -0.939933 0.34136 -0
vn -0.939933 0.34136 -0
vn -1 0 -0
vn -1 0 -0
vn -0.939933 0.34136 -0
vn -0.997353 0.072709 -0
vn -0.939933 0.34136 -0
vn -0.997353 0.072709 -0
vn -1 0 -0
vn -1 0 -0
vn -0.687844 0.725859 -0
vn -0.687844 0.725859 -0
vn -0.338404 0.941001 -0
vn -0.338404 0.941001 -0
vn -0.687844 0.725859 -0
vn -0.338404 0.941001 -0
vn -0.687844 0.725859 -0
vn -0.338404 0.941001 -0
vn -0.381367 0.050333 -0.923052
vn -0.54859 0.050473 -0.834566
vn -0.531988 0.248816 -0.80937
vn -0.369771 0.248206 -0.895357
vn -0.381877 -0.000002 -0.924213
vn -0.549297 0 -0.835627
vn -0.193986 0.245953 -0.949672
vn -0.20015 0.049838 -0.978497
vn -0.000626 0.242328 -0.970194
vn -0.001014 0.04902 -0.998797
vn -0.200446 0.000002 -0.979705
vn -0.00108 -0.000004 -0.999999
vn -0.30301 0.607243 -0.734466
vn -0.158984 0.60381 -0.781113
vn -0.172956 0.890903 -0.419974
vn -0.090737 0.889152 -0.448526
vn 0.000253 0.598254 -0.801307
vn 0.000894 0.886272 -0.463164
vn -0.435964 0.608152 -0.66339
vn -0.248885 0.891366 -0.378845
vn 0 0.06806 0.997681
vn -0 0.06806 0.997681
vn -0 0.323065 0.946377
vn 0 0.323065 0.946377
vn 0 0 1
vn 0 0 1
vn -0 0.06806 0.997681
vn -0 0.323065 0.946377
vn 0 0 1
vn 0 0.323065 0.946377
vn 0 0.06806 0.997681
vn -0 0.323065 0.946377
vn -0 0.06806 0.997681
vn 0 0 1
vn 0 0 1
vn 0 0.705569 0.708641
vn 0 0.705569 0.708641
vn 0 0.933747 0.357935
vn 0 0.933747 0.357935
vn -0 0.705571 0.708639
vn -0.000595 0.933765 0.357886
vn 0 0.705569 0.708641
vn 0 0.705569 0.708641
vn 0 0.933747 0.357935
vn 0 0.933747 0.357935
vn -0.997353 0.072709 -0
vn -0.997353 0.072709 -0
vn -0.939933 0.34136 -0
vn -0.939933 0.34136 -0
vn -1 0 -0
vn -1 0 -0
vn -0.939933 0.34136 -0
vn -0.997353 0.072709 -0
vn -0.939933 0.34136 -0
vn -0.997353 0.072709 -0
vn -1 0 -0
vn -1 0 -0
vn -0.687844 0.725859 -0
vn -0.687844 0.725859 -0
vn -0.338404 0.941001 -0
vn -0.338404 0.941001 -0
vn -0.687844 0.725859 -0
vn -0.338404 0.941001 -0
vn -0.687844 0.725859 -0
vn -0.338404 0.941001 -0
vn -0.922832 0.049779 0.381973
vn -0.831545 0.049964 0.553206
vn -0.806886 0.246557 0.536792
vn -0.895671 0.245585 0.370758
vn -0.92398 -0.000014 0.38244
vn -0.832587 -0.000014 0.553894
vn -0.703416 0.050294 0.708996
vn -0.682296 0.248129 0.68768
vn -0.704307 0 0.709896
vn -0.950239 0.245501 0.191771
vn -0.979031 0.049736 0.197549
vn -0.980244 0 0.19779
vn -0.736884 0.603272 0.305064
vn -0.781916 0.603066 0.157859
vn -0.423259 0.888896 0.175259
vn -0.449321 0.888747 0.090769
vn -0.663105 0.60475 0.4411
vn -0.559708 0.607113 0.564039
vn -0.380227 0.889645 0.252903
vn -0.320078 0.890814 0.322492
vn 0.194449 0.065755 -0.978706
vn 0.415203 0.05967 -0.90777
vn 0.398704 0.288495 -0.87052
vn 0.185111 0.313844 -0.931255
vn 0.194896 -0 -0.980824
vn 0.415959 -0.000009 -0.909383
vn 0.619913 0.050393 -0.783051
vn 0.601555 0.248239 -0.759282
vn 0.620725 -0.000009 -0.784029
vn 0.044354 0.32198 -0.945707
vn 0.046781 0.067776 -0.996603
vn 0.000001 0.323064 -0.946377
vn 0.000001 0.068055 -0.997682
vn 0.046901 0 -0.9989
vn 0.000001 0 -1
vn 0.140441 0.694912 -0.705247
vn 0.033196 0.704354 -0.709072
vn 0.071975 0.929658 -0.361324
vn 0.01672 0.933282 -0.358754
vn 0 0.705567 -0.708643
vn 0 0.933748 -0.357931
vn 0.31285 0.663301 -0.679821
vn 0.494814 0.606625 -0.622226
vn 0.167667 0.916751 -0.362568
vn 0.284218 0.890314 -0.355756
vn 0.385712 0.047856 0.921377
vn 0.555653 0.048468 0.830001
vn 0.540081 0.239736 0.806746
vn 0.375316 0.236979 0.896091
vn 0.386119 0 0.922449
vn 0.556298 0.000007 0.830983
vn 0.709407 0.049795 0.703038
vn 0.688439 0.245748 0.682393
vn 0.71029 -0.000007 0.703909
vn 0.195022 0.238368 0.951392
vn 0.200247 0.048146 0.978562
vn -0.000627 0.242328 0.970194
vn -0.001014 0.049024 0.998797
vn 0.200418 0.000002 0.97971
vn -0.001082 -0.000003 0.999999
vn 0.31224 0.589926 0.744644
vn 0.162505 0.592086 0.78932
vn 0.182601 0.881923 0.434589
vn 0.095296 0.88305 0.459501
vn 0.000253 0.598258 0.801304
vn 0.000894 0.886275 0.463158
vn 0.447368 0.594225 0.6684
vn 0.566122 0.603446 0.561567
vn 0.2598 0.884183 0.388232
vn 0.325028 0.888928 0.322742
vn -0.011587 0.065887 -0.99776
vn -0.001224 0.067676 -0.997707
vn -0.00115 0.322289 -0.946641
vn -0.010922 0.318914 -0.947721
vn -0.011673 -0.000001 -0.999932
vn -0.001234 -0 -0.999999
vn 0.000001 0.068055 -0.997682
vn 0.000001 0.323064 -0.946377
vn 0.000001 0 -1
vn -0.248431 0.338209 -0.907688
vn -0.262415 0.06855 -0.962517
vn -0.640811 0.354703 -0.680843
vn -0.68408 0.071723 -0.725872
vn -0.262962 -0 -0.964806
vn -0.685883 -0 -0.727712
vn -0.008622 0.704627 -0.709526
vn -0.192318 0.721573 -0.665091
vn -0.00567 0.933905 -0.357477
vn -0.130938 0.928642 -0.347102
vn -0.469966 0.726875 -0.500785
vn -0.301933 0.897081 -0.322617
vn -0.000905 0.705339 -0.70887
vn 0 0.705567 -0.708643
vn -0.000595 0.933769 -0.357877
vn 0 0.933748 -0.357931
vn 0.869117 0.035447 0.493334
vn 0.762803 0.041807 0.645278
vn 0.746659 0.209212 0.631452
vn 0.855646 0.17916 0.485564
vn 0.869673 -0.000015 0.493627
vn 0.763491 -0.000014 0.645818
vn 0.619912 0.050408 0.783051
vn 0.601555 0.248242 0.759281
vn 0.620724 -0.000014 0.784029
vn 0.9449 0.159125 0.286083
vn 0.956597 0.031299 0.289728
vn 0.957068 -0.000015 0.289863
vn 0.760103 0.486895 0.430323
vn 0.856981 0.445723 0.258679
vn 0.501749 0.81745 0.282883
vn 0.592133 0.786012 0.177662
vn 0.641747 0.543077 0.541506
vn 0.494815 0.606623 0.622227
vn 0.397077 0.854872 0.333952
vn 0.284216 0.890315 0.355753
vn -0 0.06806 0.997681
vn -0 0.06806 0.997681
vn -0 0.323065 0.946377
vn -0 0.323065 0.946377
vn -0 0.000002 1
vn -0 0.000002 1
vn -0 0.06806 0.997681
vn -0 0.323065 0.946377
vn -0 0.000002 1
vn -0 0.323065 0.946377
vn -0 0.06806 0.997681
vn -0 0.000002 1
vn -0 0.705571 0.708639
vn 0 0.705569 0.708641
vn 0 0.933747 0.357935
vn 0 0.933747 0.357935
vn -0 0.705571 0.708639
vn -0 0.705571 0.708639
vn 0 0.933747 0.357935
vn -0.000595 0.933765 0.357886
vn 0.000001 0.068055 -0.997682
vn 0.000001 0.068055 -0.997682
vn 0.000001 0.323064 -0.946377
vn 0.000001 0.323064 -0.946377
vn 0 -0 -1
vn 0 -0 -1
vn 0.000001 0.068055 -0.997682
vn 0.000001 0.323064 -0.946377
vn 0 -0 -1
vn 0.000001 0.323064 -0.946377
vn 0.000001 0.068055 -0.997682
vn 0 -0 -1
vn 0 0.705567 -0.708643
vn 0 0.705567 -0.708643
vn 0 0.933748 -0.357931
vn 0 0.933748 -0.357931
vn 0 0.705567 -0.708643
vn 0 0.705567 -0.708643
vn 0 0.933748 -0.357931
vn 0 0.933748 -0.357931
vn -0.993967 0.071177 0.083445
vn -0.997304 0.072329 0.012383
vn -0.940113 0.340666 0.011588
vn -0.937022 0.340231 0.078943
vn -0.996475 0 0.083894
vn -0.999922 0 0.01248
vn -0.876216 0.352011 0.32914
vn -0.934591 0.072065 0.348347
vn -0.640802 0.354699 0.680854
vn -0.68407 0.071722 0.725882
vn -0.937035 0 0.349234
vn -0.685873 0 0.727721
vn -0.683953 0.726886 0.061999
vn -0.630732 0.733721 0.252646
vn -0.33696 0.940645 0.040547
vn -0.325112 0.93037 0.169453
vn -0.469961 0.726871 0.500795
vn -0.301931 0.897078 0.322627
vn -0.687954 0.725699 0.008938
vn -0.338322 0.941013 0.005738
vn 0.000001 0.068055 -0.997682
vn 0.000001 0.068055 -0.997682
vn 0.000001 0.323064 -0.946377
vn 0.000001 0.323064 -0.946377
vn 0.000001 0 -1
vn 0 -0 -1
vn 0.000001 0.323064 -0.946377
vn 0.000001 0.068055 -0.997682
vn 0.000001 0.323064 -0.946377
vn 0.000001 0.068055 -0.997682
vn 0.000001 0 -1
vn 0.000001 0 -1
vn 0 0.705567 -0.708643
vn 0 0.705567 -0.708643
vn 0 0.933748 -0.357931
vn 0 0.933748 -0.357931
vn 0 0.705567 -0.708643
vn 0 0.933748 -0.357931
vn 0 0.705567 -0.708643
vn 0 0.933748 -0.357931
vn 0.385712 0.04785 -0.921377
vn 0.200248 0.048141 -0.978562
vn 0.195022 0.238367 -0.951392
vn 0.375316 0.236993 -0.896087
vn 0.386119 -0 -0.922449
vn 0.200419 -0.000002 -0.97971
vn -0.001014 0.04902 -0.998797
vn -0.000626 0.242328 -0.970194
vn -0.00108 -0.000004 -0.999999
vn 0.54008 0.23975 -0.806743
vn 0.555651 0.048476 -0.830001
vn 0.688448 0.245698 -0.682401
vn 0.709405 0.049798 -0.703039
vn 0.556297 0.000009 -0.830984
vn 0.710291 0.000027 -0.703908
vn 0.312247 0.589912 -0.744652
vn 0.44738 0.594198 -0.668416
vn 0.182616 0.881907 -0.434617
vn 0.259822 0.884162 -0.388265
vn 0.56616 0.603378 -0.561603
vn 0.325061 0.888904 -0.322777
vn 0.162506 0.592079 -0.789325
vn 0.000253 0.598254 -0.801307
vn 0.0953 0.883043 -0.459514
vn 0.000894 0.886272 -0.463164
vn 0.923617 0.051889 -0.379789
vn 0.834514 0.051056 -0.548616
vn 0.80873 0.25148 -0.531708
vn 0.89422 0.255334 -0.367661
vn 0.924856 -0.000028 -0.380317
vn 0.835599 0.000004 -0.54934
vn 0.947348 0.257117 -0.190848
vn 0.978948 0.05232 -0.197288
vn 0.96626 0.257569 -0.000001
vn 0.998622 0.052475 -0.000004
vn 0.980288 -0.000028 -0.197572
vn 1 0.000004 0
vn 0.727253 0.617834 -0.298972
vn 0.768816 0.620459 -0.154767
vn 0.410466 0.89614 -0.168674
vn 0.432515 0.897425 -0.086948
vn 0.783641 0.621214 0.000003
vn 0.440361 0.897821 0.000002
vn 0.660643 0.612155 -0.434532
vn 0.375369 0.893351 -0.247026
vn -0.011587 0.065885 0.99776
vn -0.262408 0.068549 0.962519
vn -0.248424 0.338203 0.907692
vn -0.010922 0.318907 0.947723
vn -0.011672 0 0.999932
vn -0.262957 0 0.964808
vn -0.68407 0.071722 0.725882
vn -0.640802 0.354699 0.680854
vn -0.685873 0 0.727721
vn -0.00115 0.322279 0.946644
vn -0.001224 0.06767 0.997707
vn -0 0.323065 0.946377
vn -0 0.06806 0.997681
vn -0.001233 0 0.999999
vn -0 0 1
vn -0.008623 0.704619 0.709533
vn -0 0.705571 0.708639
vn -0.00567 0.933901 0.357487
vn -0.000595 0.933765 0.357886
vn -0 0.705571 0.708639
vn -0.000595 0.933765 0.357886
vn -0.192314 0.721566 0.6651
vn -0.469961 0.726871 0.500795
vn -0.130937 0.928638 0.347112
vn -0.301931 0.897078 0.322627
vn -0.381369 0.050363 0.92305
vn -0.200148 0.049839 0.978497
vn -0.193985 0.245938 0.949676
vn -0.369771 0.248213 0.895355
vn -0.381879 -0.000007 0.924212
vn -0.200445 -0.000012 0.979705
vn -0.531983 0.248853 0.809362
vn -0.548594 0.050485 0.834563
vn -0.549301 0 0.835625
vn -0.303016 0.60722 0.734483
vn -0.435948 0.608178 0.663377
vn -0.172957 0.890901 0.419978
vn -0.248885 0.891364 0.378848
vn -0.158985 0.603799 0.781121
vn -0.090736 0.889155 0.44852
vn 0.923608 0.052018 0.379793
vn 0.978946 0.052379 0.197283
vn 0.947364 0.257059 0.190844
vn 0.894205 0.255398 0.367655
vn 0.924856 0.000035 0.380318
vn 0.980288 0.000036 0.197572
vn 0.808694 0.251623 0.531696
vn 0.834506 0.051149 0.54862
vn 0.835598 0.000004 0.549341
vn 0.727239 0.617855 0.298964
vn 0.660585 0.612242 0.434497
vn 0.410416 0.896166 0.168655
vn 0.375332 0.893373 0.247001
vn 0.768856 0.620409 0.154768
vn 0.4325 0.897433 0.086939
vn 0.194446 0.065754 0.978707
vn 0.046779 0.067783 0.996603
vn 0.044352 0.321985 0.945705
vn 0.185107 0.313856 0.931252
vn 0.194893 -0.000006 0.980824
vn 0.046899 0.000001 0.9989
vn -0 0.06806 0.997681
vn -0 0.323065 0.946377
vn -0 0.000002 1
vn 0.398697 0.288534 0.870511
vn 0.4152 0.059678 0.90777
vn 0.601555 0.248242 0.759281
vn 0.619912 0.050408 0.783051
vn 0.415957 -0.000006 0.909384
vn 0.620724 -0.000014 0.784029
vn 0.140436 0.694924 0.705237
vn 0.312836 0.663332 0.679797
vn 0.071972 0.929661 0.361317
vn 0.16766 0.916758 0.362554
vn 0.494815 0.606623 0.622227
vn 0.284216 0.890315 0.355753
vn 0.033194 0.704359 0.709067
vn -0 0.705571 0.708639
vn 0.016719 0.933284 0.358748
vn -0.000595 0.933765 0.357886
vn 0.140437 -0.694923 0.705237
vn 0.033194 -0.704359 0.709068
vn 0.044352 -0.321988 0.945704
vn 0.185108 -0.313851 0.931253
vn 0.071972 -0.929661 0.361317
vn 0.016719 -0.933284 0.35875
vn -0 -0.705573 0.708637
vn -0.000001 -0.323066 0.946377
vn -0.000595 -0.933765 0.357886
vn 0.398695 -0.288543 0.870509
vn 0.312834 -0.663337 0.679793
vn 0.601543 -0.248315 0.759267
vn 0.49479 -0.606675 0.622196
vn 0.167663 -0.916755 0.362559
vn 0.284215 -0.890315 0.355753
vn 0.194447 -0.065754 0.978707
vn 0.4152 -0.059676 0.907771
vn 0.194893 -0.000006 0.980824
vn 0.415957 -0.000006 0.909384
vn 0.619911 -0.050425 0.78305
vn 0.620724 -0.000014 0.784029
vn 0.046779 -0.067785 0.996603
vn -0.000001 -0.068058 0.997681
vn 0.046899 0.000001 0.9989
vn -0 0 1
vn 0.194893 -0.000006 0.980824
vn 0.046899 0.000001 0.9989
vn 0.046899 -0.000003 0.9989
vn 0.194893 -0.000006 0.980824
vn -0 0.000002 1
vn -0 0 1
vn 0.415957 -0.000006 0.909384
vn 0.415957 -0.000006 0.909384
vn 0.620724 -0.000014 0.784029
vn 0.620724 0 0.784029
vn 0.194893 -0.000006 0.980824
vn 0.415957 0 0.909384
vn 0.620724 -0.000014 0.784029
vn 0.046899 -0.000003 0.9989
vn -0 0 1
vn -0.008623 -0.704617 0.709535
vn -0.192314 -0.721565 0.665101
vn -0.248423 -0.338201 0.907693
vn -0.010922 -0.318904 0.947724
vn -0.00567 -0.933901 0.357486
vn -0.130938 -0.928639 0.347111
vn -0.469961 -0.726871 0.500795
vn -0.640802 -0.354699 0.680854
vn -0.301932 -0.897078 0.322627
vn -0.00115 -0.322277 0.946645
vn -0 -0.705573 0.708637
vn -0.000001 -0.323066 0.946377
vn -0 -0.705573 0.708637
vn -0.000595 -0.933765 0.357886
vn -0.000595 -0.933765 0.357886
vn -0.011587 -0.065885 0.99776
vn -0.001224 -0.06767 0.997707
vn -0.011672 0 0.999932
vn -0.001233 0 0.999999
vn -0.000001 -0.068058 0.997681
vn -0 0.000002 1
vn -0.262409 -0.068549 0.962519
vn -0.68407 -0.071722 0.725882
vn -0.262957 0 0.964808
vn -0.685873 0 0.727721
vn -0.011672 0 0.999932
vn -0.262957 0 0.964807
vn -0.262957 0 0.964808
vn -0.011672 0 0.999932
vn -0.685873 0 0.727721
vn -0.685873 0 0.727721
vn -0.001233 0 0.999999
vn -0.001233 0 0.999999
vn -0 0 1
vn -0 0.000002 1
vn -0.011672 0 0.999932
vn -0.001233 0 0.999999
vn -0 0 1
vn -0.262957 0 0.964808
vn -0.685873 0 0.727721
vn 0 -0.705569 -0.708641
vn 0 -0.705569 -0.708641
vn 0 -0.32306 -0.946379
vn 0 -0.32306 -0.946379
vn -0.000595 -0.933768 -0.357877
vn 0 -0.933746 -0.357937
vn 0 -0.705569 -0.708641
vn 0 -0.32306 -0.946379
vn 0 -0.933746 -0.357937
vn 0 -0.32306 -0.946379
vn 0 -0.705569 -0.708641
vn 0 -0.32306 -0.946379
vn 0 -0.705569 -0.708641
vn -0.000595 -0.933768 -0.357877
vn -0.000595 -0.933768 -0.357877
vn 0 -0.068055 -0.997682
vn -0 -0.068054 -0.997682
vn 0.000001 0 -1
vn -0 -0 -1
vn -0 -0.068054 -0.997682
vn -0 -0 -1
vn 0 -0.068055 -0.997682
vn 0 -0.068055 -0.997682
vn 0.000001 0 -1
vn 0.000001 0 -1
vn 0.000001 0 -1
vn 0 -0 -1
vn 0.000001 0 -1
vn 0.000001 0 -1
vn 0 -0 -1
vn 0 -0 -1
vn 0.000001 0 -1
vn 0.000001 0 -1
vn 0.000001 0 -1
vn 0.000001 0 -1
vn 0.000001 0 -1
vn 0.000001 0 -1
vn 0.000001 0 -1
vn 0.000001 0 -1
vn 0.000001 0 -1
vn -0.683953 -0.726886 0.062
vn -0.687954 -0.7257 0.008938
vn -0.940113 -0.340666 0.011588
vn -0.937022 -0.340231 0.078943
vn -0.33696 -0.940645 0.040547
vn -0.338322 -0.941013 0.005738
vn -0.687844 -0.725859 0
vn -0.939933 -0.34136 0
vn -0.338404 -0.941001 0
vn -0.876216 -0.352011 0.32914
vn -0.630732 -0.733721 0.252646
vn -0.640802 -0.354699 0.680854
vn -0.469961 -0.726871 0.500795
vn -0.325112 -0.93037 0.169453
vn -0.301932 -0.897078 0.322627
vn -0.993967 -0.071178 0.083445
vn -0.934592 -0.072065 0.348347
vn -0.996475 0 0.083894
vn -0.937035 0 0.349234
vn -0.68407 -0.071722 0.725882
vn -0.685873 0 0.727721
vn -0.997304 -0.072329 0.012383
vn -0.997353 -0.072709 0
vn -0.999922 0 0.01248
vn -1 0 -0
vn -0.996475 0 0.083894
vn -0.999922 0 0.01248
vn -0.999922 0 0.01248
vn -0.996475 0 0.083894
vn -1 0 -0
vn -1 0 -0
vn -0.937035 0 0.349234
vn -0.937035 0 0.349234
vn -0.685873 0 0.727721
vn -0.685873 0 0.727721
vn -0.996475 0 0.083894
vn -0.937035 0 0.349234
vn -0.685873 0 0.727721
vn -0.999922 0 0.01248
vn -1 0 -0
vn 0 -0.705569 -0.708641
vn 0 -0.705569 -0.708641
vn 0 -0.32306 -0.946379
vn 0 -0.32306 -0.946379
vn 0 -0.933746 -0.357937
vn 0 -0.933746 -0.357937
vn 0 -0.705569 -0.708641
vn 0 -0.32306 -0.946379
vn 0 -0.933746 -0.357937
vn 0 -0.32306 -0.946379
vn 0 -0.705569 -0.708641
vn 0 -0.32306 -0.946379
vn 0 -0.705569 -0.708641
vn 0 -0.933746 -0.357937
vn 0 -0.933746 -0.357937
vn 0 -0.068055 -0.997682
vn 0 -0.068055 -0.997682
vn 0 -0 -1
vn 0 -0 -1
vn 0 -0.068055 -0.997682
vn 0.000001 0 -1
vn 0 -0.068055 -0.997682
vn 0 -0.068055 -0.997682
vn 0 -0 -1
vn 0 -0 -1
vn 0 -0 -1
vn 0.000001 0 -1
vn 0.000001 0 -1
vn 0.000001 0 -1
vn 0.000001 0 -1
vn 0.000001 0 -1
vn 0 -0 -1
vn 0.000001 0 -1
vn 0.000001 0 -1
vn 0.000001 0 -1
vn 0 -0 -1
vn 0 -0 -1
vn 0 -0 -1
vn 0 -0 -1
vn 0 -0 -1
vn -0 -0.705573 0.708637
vn -0 -0.705573 0.708637
vn -0.000001 -0.323066 0.946377
vn 0 -0.323064 0.946377
vn 0 -0.933747 0.357935
vn 0 -0.933747 0.357935
vn -0 -0.705573 0.708637
vn -0.000001 -0.323066 0.946377
vn -0.000595 -0.933765 0.357886
vn 0 -0.323064 0.946377
vn 0 -0.705572 0.708638
vn -0.000001 -0.323066 0.946377
vn -0 -0.705573 0.708637
vn 0 -0.933747 0.357935
vn 0 -0.933747 0.357935
vn -0.000001 -0.068058 0.997681
vn 0 -0.06806 0.997681
vn -0 0.000002 1
vn -0 0.000002 1
vn 0 -0.06806 0.997681
vn 0 0 1
vn -0.000001 -0.068058 0.997681
vn -0.000001 -0.068058 0.997681
vn -0 0.000002 1
vn -0 0.000002 1
vn -0 0.000002 1
vn -0 0.000002 1
vn -0 0 1
vn -0 0 1
vn -0 0 1
vn -0 0 1
vn -0 0 1
vn -0 0.000002 1
vn -0 0.000002 1
vn 0 0 1
vn -0 0 1
vn -0 0 1
vn -0 0.000002 1
vn -0 0.000002 1
vn -0 0.000002 1
vn 0.76008 -0.486925 0.430328
vn 0.641744 -0.543089 0.541496
vn 0.746643 -0.209315 0.631437
vn 0.855635 -0.179212 0.485564
vn 0.50174 -0.817452 0.282894
vn 0.39712 -0.85484 0.333982
vn 0.49479 -0.606675 0.622196
vn 0.601543 -0.248315 0.759267
vn 0.284215 -0.890315 0.355753
vn 0.944898 -0.159138 0.286082
vn 0.856912 -0.445867 0.258657
vn 0.988301 -0.152518 -0.000006
vn 0.901966 -0.431806 -0.00001
vn 0.592014 -0.78611 0.177626
vn 0.632386 -0.774653 -0.00001
vn 0.869116 -0.035463 0.493335
vn 0.956598 -0.031274 0.289728
vn 0.869673 -0.000015 0.493627
vn 0.957068 -0.000015 0.289863
vn 0.999553 -0.02991 -0.000002
vn 1 0 0
vn 0.762802 -0.041845 0.645277
vn 0.619911 -0.050425 0.78305
vn 0.763491 -0.000014 0.645818
vn 0.620724 -0.000014 0.784029
vn 0.869673 -0.000015 0.493627
vn 0.763491 0 0.645818
vn 0.763491 -0.000014 0.645818
vn 0.869673 -0.000015 0.493627
vn 0.620724 0 0.784029
vn 0.620724 -0.000014 0.784029
vn 0.957068 -0.000015 0.289863
vn 0.957068 -0.000015 0.289863
vn 1 0 0
vn 1 0 0
vn 0.869673 0 0.493627
vn 0.957068 0 0.289863
vn 1 0 0
vn 0.763491 -0.000014 0.645818
vn 0.620724 -0.000014 0.784029
vn -0.008623 -0.704627 -0.709526
vn -0.000905 -0.70534 -0.708869
vn -0.00115 -0.322291 -0.94664
vn -0.010922 -0.318914 -0.947721
vn -0.00567 -0.933905 -0.357477
vn -0.000595 -0.933768 -0.357877
vn -0.248429 -0.33821 -0.907688
vn -0.192319 -0.721574 -0.66509
vn -0.64081 -0.354705 -0.680843
vn -0.469966 -0.726875 -0.500784
vn -0.130939 -0.928642 -0.347102
vn -0.301935 -0.89708 -0.322618
vn -0.011587 -0.065887 -0.99776
vn -0.262414 -0.068551 -0.962517
vn -0.011673 0 -0.999932
vn -0.262963 0 -0.964806
vn -0.68408 -0.071724 -0.725872
vn -0.685883 -0 -0.727712
vn -0.001224 -0.067676 -0.997707
vn -0.001234 0 -0.999999
vn -0.011673 -0.000001 -0.999932
vn -0.001234 0 -0.999999
vn -0.001234 0 -0.999999
vn -0.011673 -0.000001 -0.999932
vn -0.262963 0 -0.964806
vn -0.262962 -0 -0.964806
vn -0.685884 0 -0.727711
vn -0.685884 0 -0.727711
vn -0.011673 0 -0.999932
vn -0.262963 0 -0.964806
vn -0.685883 -0 -0.727712
vn -0.001234 -0 -0.999999
vn 0.140443 -0.694905 -0.705254
vn 0.312846 -0.663307 -0.679817
vn 0.3987 -0.288517 -0.870515
vn 0.185111 -0.313841 -0.931256
vn 0.071974 -0.929659 -0.361322
vn 0.167668 -0.916751 -0.362568
vn 0.494819 -0.606615 -0.622232
vn 0.601555 -0.248242 -0.759281
vn 0.284228 -0.890305 -0.355768
vn 0.044354 -0.321985 -0.945705
vn 0.033196 -0.704352 -0.709074
vn 0.01672 -0.933283 -0.358753
vn 0.194449 -0.065761 -0.978706
vn 0.046781 -0.067784 -0.996603
vn 0.194895 0 -0.980824
vn 0.046901 0 -0.9989
vn 0.415202 -0.059696 -0.907769
vn 0.619912 -0.050419 -0.78305
vn 0.415959 -0.000009 -0.909383
vn 0.620725 -0.000009 -0.784029
vn 0.194896 -0 -0.980824
vn 0.415959 -0 -0.909383
vn 0.415959 -0.000009 -0.909383
vn 0.194896 -0 -0.980824
vn 0.620725 -0 -0.784029
vn 0.620725 -0.000009 -0.784029
vn 0.046901 -0.000003 -0.9989
vn 0.046901 -0.000003 -0.9989
vn 0.194895 0 -0.980824
vn 0.046901 0 -0.9989
vn 0.415959 -0.000009 -0.909383
vn 0.620725 -0.000009 -0.784029
vn -0.687844 -0.725859 0
vn -0.687844 -0.725859 0
vn -0.939933 -0.34136 0
vn -0.939933 -0.34136 0
vn -0.338404 -0.941001 0
vn -0.338404 -0.941001 0
vn -0.687844 -0.725859 0
vn -0.939933 -0.34136 0
vn -0.338404 -0.941001 0
vn -0.939933 -0.34136 0
vn -0.687844 -0.725859 0
vn -0.338404 -0.941001 0
vn -0.997353 -0.072709 0
vn -0.997353 -0.072709 0
vn -1 0 -0
vn -1 0 -0
vn -0.997353 -0.072709 0
vn -0.997353 -0.072709 0
vn -1 0 -0
vn -1 0 -0
vn -1 0 -0
vn -1 0 -0
vn -1 0 -0
vn -1 0 -0
vn -1 0 -0
vn -1 0 -0
vn -1 0 -0
vn -1 0 -0
vn -1 0 -0
vn -1 0 -0
vn -1 0 -0
vn -1 0 -0
vn -0 -0.705573 0.708637
vn -0 -0.705573 0.708637
vn -0.000001 -0.323066 0.946377
vn -0.000001 -0.323066 0.946377
vn 0 -0.933747 0.357935
vn 0 -0.933747 0.357935
vn 0 -0.323064 0.946377
vn 0 -0.705572 0.708638
vn -0.000001 -0.323066 0.946377
vn 0 -0.705572 0.708638
vn 0 -0.933747 0.357935
vn -0.000595 -0.933765 0.357886
vn 0 -0.06806 0.997681
vn 0 -0.06806 0.997681
vn 0 0 1
vn 0 0 1
vn -0.000001 -0.068058 0.997681
vn 0 0 1
vn 0 -0.06806 0.997681
vn 0 0 1
vn 0 0 1
vn 0 0 1
vn 0 0 1
vn -0 0.000002 1
vn -0 0.000002 1
vn 0 0 1
vn 0 0 1
vn 0 0 1
vn -0 0.000002 1
vn -0 0.000002 1
vn 0 0 1
vn 0 0 1
vn -0.687844 -0.725859 0
vn -0.687844 -0.725859 0
vn -0.939933 -0.34136 0
vn -0.939933 -0.34136 0
vn -0.338404 -0.941001 0
vn -0.338404 -0.941001 0
vn -0.687844 -0.725859 0
vn -0.939933 -0.34136 0
vn -0.338404 -0.941001 0
vn -0.939933 -0.34136 0
vn -0.687844 -0.725859 0
vn -0.338404 -0.941001 0
vn -0.997353 -0.072709 0
vn -0.997353 -0.072709 0
vn -1 0 -0
vn -1 0 -0
vn -0.997353 -0.072709 0
vn -0.997353 -0.072709 0
vn -1 0 -0
vn -1 0 -0
vn -1 0 -0
vn -1 0 -0
vn -1 0 -0
vn -1 0 -0
vn -1 0 -0
vn -1 0 -0
vn -1 0 -0
vn -1 0 -0
vn -1 0 -0
vn -1 0 -0
vn -1 0 -0
vn -1 0 -0
vn 0.76009 -0.486916 -0.430321
vn 0.856937 -0.445818 -0.258662
vn 0.944896 -0.159151 -0.286081
vn 0.855646 -0.179154 -0.485566
vn 0.501694 -0.817493 -0.282858
vn 0.592057 -0.786075 -0.177634
vn 0.746665 -0.20918 -0.631455
vn 0.64177 -0.543033 -0.541523
vn 0.601555 -0.248242 -0.759281
vn 0.494819 -0.606615 -0.622232
vn 0.397082 -0.854868 -0.333957
vn 0.284228 -0.890305 -0.355768
vn 0.869117 -0.035468 -0.493333
vn 0.762803 -0.041827 -0.645277
vn 0.869674 0.000012 -0.493627
vn 0.763492 -0 -0.645818
vn 0.619912 -0.050419 -0.78305
vn 0.620725 -0.000009 -0.784029
vn 0.956597 -0.031299 -0.289728
vn 0.957068 0.000012 -0.289863
vn 0.869674 0.000012 -0.493627
vn 0.957068 0.000012 -0.289863
vn 0.957068 0.000012 -0.289863
vn 0.869674 0.000012 -0.493627
vn 0.763492 -0 -0.645818
vn 0.763492 -0 -0.645818
vn 0.620725 -0.000009 -0.784029
vn 0.620725 -0 -0.784029
vn 0.869674 0.000012 -0.493627
vn 0.763492 -0 -0.645818
vn 0.620725 -0.000009 -0.784029
vn 0.957068 0.000012 -0.289863
vn -0.683953 -0.726887 -0.061999
vn -0.630733 -0.733723 -0.25264
vn -0.876219 -0.352012 -0.329133
vn -0.937022 -0.340231 -0.078942
vn -0.33696 -0.940645 -0.040546
vn -0.325113 -0.93037 -0.169448
vn -0.469966 -0.726875 -0.500784
vn -0.64081 -0.354705 -0.680843
vn -0.301935 -0.89708 -0.322618
vn -0.940113 -0.340666 -0.011587
vn -0.687954 -0.7257 -0.008938
vn -0.338322 -0.941013 -0.005738
vn -0.993967 -0.071178 -0.083445
vn -0.997304 -0.072329 -0.012383
vn -0.996475 -0 -0.083893
vn -0.999922 0 -0.01248
vn -0.934595 -0.072066 -0.348338
vn -0.68408 -0.071724 -0.725872
vn -0.937038 -0.000001 -0.349226
vn -0.685883 -0 -0.727712
vn -0.996475 -0 -0.083893
vn -0.937038 -0 -0.349226
vn -0.937038 -0 -0.349226
vn -0.996475 -0 -0.083893
vn -0.685884 0 -0.727711
vn -0.685884 0 -0.727711
vn -0.999922 -0 -0.01248
vn -0.999922 0 -0.01248
vn -0.996475 -0 -0.083893
vn -0.999922 -0 -0.01248
vn -0.937038 -0.000001 -0.349226
vn -0.685883 -0 -0.727712
vn 0.727213 -0.617891 0.298953
vn 0.768839 -0.62043 0.154768
vn 0.947356 -0.257086 0.19085
vn 0.894226 -0.255312 0.367662
vn 0.410411 -0.896169 0.168652
vn 0.432499 -0.897433 0.08694
vn 0.783658 -0.621192 0.000002
vn 0.966273 -0.257519 0.000001
vn 0.440356 -0.897823 0.000002
vn 0.808725 -0.251488 0.531711
vn 0.660593 -0.612227 0.434505
vn 0.688443 -0.245718 0.682399
vn 0.566143 -0.603407 0.561589
vn 0.375345 -0.893365 0.247013
vn 0.325068 -0.888898 0.322786
vn 0.923618 -0.051866 0.37979
vn 0.834513 -0.051027 0.548621
vn 0.924856 0.000035 0.380318
vn 0.835598 -0.000022 0.549341
vn 0.709405 -0.049781 0.703041
vn 0.71029 -0.000007 0.703909
vn 0.978947 -0.052343 0.197288
vn 0.998623 -0.052452 0.000003
vn 0.980288 0.000036 0.197572
vn 1 -0.000004 0
vn 0.924856 0.000035 0.380318
vn 0.980288 0.000036 0.197572
vn 0.980288 -0.000025 0.197572
vn 0.924856 0.000035 0.380318
vn 1 -0.000011 -0.000004
vn 1 -0.000004 0
vn 0.835598 0.000004 0.549341
vn 0.835598 0.000004 0.549341
vn 0.71029 0.000006 0.703909
vn 0.71029 -0.000007 0.703909
vn 0.924856 0.000035 0.380318
vn 0.835598 0.000004 0.549341
vn 0.71029 0.000006 0.703909
vn 0.980288 -0.000025 0.197572
vn 1 -0.000004 0
vn -0.303016 -0.607223 0.73448
vn -0.158983 -0.60381 0.781113
vn -0.193985 -0.245935 0.949677
vn -0.369773 -0.248209 0.895355
vn -0.172959 -0.890899 0.419981
vn -0.090736 -0.889154 0.448521
vn 0.000253 -0.598256 0.801305
vn -0.000627 -0.242319 0.970196
vn 0.000894 -0.886273 0.463162
vn -0.531983 -0.248851 0.809362
vn -0.435956 -0.60816 0.663388
vn -0.682298 -0.248116 0.687683
vn -0.559704 -0.607118 0.564039
vn -0.248891 -0.891359 0.378857
vn -0.320072 -0.890817 0.322489
vn -0.381371 -0.050346 0.92305
vn -0.548594 -0.050496 0.834563
vn -0.381881 0 0.924211
vn -0.549301 0 0.835625
vn -0.703417 -0.050293 0.708996
vn -0.704307 0 0.709896
vn -0.200149 -0.049823 0.978498
vn -0.001015 -0.049018 0.998797
vn -0.200445 -0.000012 0.979705
vn -0.001082 -0.000003 0.999999
vn -0.381881 0 0.924211
vn -0.200447 0 0.979705
vn -0.200447 0 0.979705
vn -0.381881 0 0.924211
vn -0.001082 0.000003 0.999999
vn -0.001082 0.000003 0.999999
vn -0.549301 0 0.835625
vn -0.549301 0 0.835625
vn -0.704307 0 0.709896
vn -0.704307 0 0.709896
vn -0.381879 -0.000007 0.924212
vn -0.549301 0 0.835625
vn -0.704307 0 0.709896
vn -0.200445 -0.000012 0.979705
vn -0.001082 -0.000003 0.999999
vn 0.727187 -0.617927 -0.298941
vn 0.660552 -0.612293 -0.434475
vn 0.808688 -0.251659 -0.531688
vn 0.894201 -0.255414 -0.367653
vn 0.410432 -0.896158 -0.16866
vn 0.375342 -0.893368 -0.247008
vn 0.56611 -0.603473 -0.561552
vn 0.688433 -0.245777 -0.682388
vn 0.325035 -0.888924 -0.322747
vn 0.947373 -0.257022 -0.190851
vn 0.768822 -0.620452 -0.154766
vn 0.432494 -0.897435 -0.086941
vn 0.923613 -0.051925 -0.379794
vn 0.97895 -0.052286 -0.197288
vn 0.924856 -0.000028 -0.380317
vn 0.980288 -0.000028 -0.197572
vn 0.834509 -0.051102 -0.548619
vn 0.709407 -0.049783 -0.703038
vn 0.835599 0.000004 -0.54934
vn 0.710291 0.000027 -0.703908
vn 0.924857 0.000012 -0.380314
vn 0.835599 0.000004 -0.54934
vn 0.835598 -0.000025 -0.549341
vn 0.924857 0.000012 -0.380314
vn 0.710291 0.000027 -0.703908
vn 0.71029 -0.000006 -0.703909
vn 0.980288 0.000025 -0.197572
vn 0.980288 -0.000028 -0.197572
vn 0.924856 -0.000028 -0.380317
vn 0.980288 -0.000028 -0.197572
vn 0.835598 -0.000025 -0.549341
vn 0.710291 0.000027 -0.703908
vn 0.312243 -0.589917 -0.744649
vn 0.162505 -0.592085 -0.78932
vn 0.195023 -0.238362 -0.951394
vn 0.375319 -0.236956 -0.896096
vn 0.182604 -0.881921 -0.434594
vn 0.095296 -0.88305 -0.459501
vn 0.000253 -0.598257 -0.801304
vn -0.000626 -0.242334 -0.970193
vn 0.000894 -0.886273 -0.463163
vn 0.540084 -0.239728 -0.806746
vn 0.447363 -0.594236 -0.668393
vn 0.259801 -0.884182 -0.388234
vn 0.385713 -0.047833 -0.921378
vn 0.555655 -0.048445 -0.83
vn 0.386119 -0 -0.922449
vn 0.556297 0.000009 -0.830984
vn 0.200248 -0.04814 -0.978562
vn -0.001013 -0.049027 -0.998797
vn 0.200419 -0.000002 -0.97971
vn -0.00108 -0.000004 -0.999999
vn 0.386119 -0.000006 -0.922449
vn 0.200419 -0 -0.97971
vn 0.200419 -0.000002 -0.97971
vn 0.386119 -0.000006 -0.922449
vn -0.00108 -0.000004 -0.999999
vn -0.00108 -0.000004 -0.999999
vn 0.556297 0.000009 -0.830984
vn 0.556297 0.000009 -0.830984
vn 0.386119 -0 -0.922449
vn 0.556297 0.000009 -0.830984
vn 0.200419 -0.000002 -0.97971
vn -0.00108 -0.000004 -0.999999
vn 0.312245 -0.58992 0.744646
vn 0.447378 -0.594205 0.66841
vn 0.540079 -0.239767 0.806738
vn 0.375315 -0.236999 0.896086
vn 0.182614 -0.88191 0.43461
vn 0.25983 -0.884155 0.388276
vn 0.19502 -0.238375 0.951391
vn 0.162503 -0.592087 0.78932
vn 0.095297 -0.883048 0.459505
vn 0.385712 -0.047856 0.921377
vn 0.200246 -0.04815 0.978562
vn 0.386119 0 0.922449
vn 0.200418 0.000002 0.97971
vn 0.555654 -0.048465 0.83
vn 0.556298 -0.000002 0.830983
vn 0.386119 0 0.922449
vn 0.556298 0.000007 0.830983
vn 0.556298 -0.000002 0.830983
vn 0.386119 0 0.922449
vn 0.200418 0.000002 0.97971
vn 0.200418 0.000002 0.97971
vn 0.386119 0 0.922449
vn 0.200418 0.000002 0.97971
vn 0.556298 0.000007 0.830983
vn -0.73687 -0.603294 0.305055
vn -0.663077 -0.604794 0.441081
vn -0.806873 -0.246611 0.536786
vn -0.895647 -0.245689 0.370747
vn -0.423301 -0.888873 0.175275
vn -0.380233 -0.889642 0.252904
vn -0.950221 -0.245574 0.191767
vn -0.781909 -0.603073 0.157862
vn -0.969328 -0.245771 -0
vn -0.797443 -0.603394 -0
vn -0.449337 -0.888739 0.090775
vn -0.458139 -0.888881 -0.000001
vn -0.92283 -0.04982 0.381972
vn -0.979028 -0.049783 0.197549
vn -0.92398 -0.000014 0.38244
vn -0.980244 0 0.19779
vn -0.998759 -0.049808 -0
vn -1 -0 -0
vn -0.831544 -0.049981 0.553205
vn -0.832587 -0.000014 0.553894
vn -0.92398 0 0.38244
vn -0.832587 0 0.553894
vn -0.832587 0 0.553894
vn -0.92398 0 0.38244
vn -0.980244 0 0.19779
vn -0.980244 0 0.19779
vn -1 -0 -0
vn -1 -0 -0
vn -0.92398 -0.000014 0.38244
vn -0.980244 0 0.19779
vn -1 -0 -0
vn -0.832587 -0.000014 0.553894
vn -0.303008 -0.607251 -0.734461
vn -0.435948 -0.608185 -0.663371
vn -0.531982 -0.248851 -0.809363
vn -0.369769 -0.248229 -0.895351
vn -0.172953 -0.890906 -0.419968
vn -0.248875 -0.891374 -0.378831
vn -0.559692 -0.607132 -0.564035
vn -0.682301 -0.248089 -0.68769
vn -0.320032 -0.890843 -0.322457
vn -0.193984 -0.245967 -0.949669
vn -0.158982 -0.603821 -0.781105
vn -0.000626 -0.242334 -0.970193
vn 0.000253 -0.598257 -0.801304
vn -0.090736 -0.889153 -0.448525
vn 0.000894 -0.886273 -0.463163
vn -0.381367 -0.050361 -0.923051
vn -0.20015 -0.049836 -0.978497
vn -0.381877 -0.000002 -0.924213
vn -0.200446 0.000002 -0.979705
vn -0.001013 -0.049027 -0.998797
vn -0.00108 -0.000004 -0.999999
vn -0.54859 -0.050496 -0.834566
vn -0.703415 -0.050302 -0.708997
vn -0.549297 0 -0.835627
vn -0.704306 0.000019 -0.709897
vn -0.381877 0.000012 -0.924213
vn -0.549297 0 -0.835627
vn -0.549297 0 -0.835627
vn -0.381877 0.000012 -0.924213
vn -0.704306 0.000019 -0.709897
vn -0.704306 0.000019 -0.709897
vn -0.200446 0.000002 -0.979705
vn -0.200446 0.000002 -0.979705
vn -0.00108 -0.000004 -0.999999
vn -0.00108 -0.000004 -0.999999
vn -0.381877 -0.000002 -0.924213
vn -0.200446 0.000002 -0.979705
vn -0.00108 -0.000004 -0.999999
vn -0.549297 0 -0.835627
vn -0.704306 -0.000007 -0.709897
vn -0.736817 -0.603369 -0.305034
vn -0.781881 -0.603111 -0.157857
vn -0.950224 -0.245555 -0.191774
vn -0.89565 -0.245676 -0.37075
vn -0.423274 -0.888888 -0.175264
vn -0.449331 -0.888742 -0.090772
vn -0.806881 -0.246566 -0.536794
vn -0.663046 -0.604839 -0.441067
vn -0.380186 -0.88967 -0.252875
vn -0.922834 -0.049732 -0.381975
vn -0.831547 -0.049935 -0.553206
vn -0.92398 0.000018 -0.382441
vn -0.832586 0.000004 -0.553896
vn -0.97903 -0.049736 -0.197554
vn -0.980244 -0 -0.197791
vn -0.92398 0.000018 -0.382441
vn -0.980244 -0 -0.197791
vn -0.980244 -0 -0.197791
vn -0.92398 0.000018 -0.382441
vn -0.832586 0.000004 -0.553896
vn -0.832586 0.000004 -0.553896
vn -0.92398 0.000018 -0.382441
vn -0.832586 -0.000014 -0.553895
vn -0.980244 -0 -0.197791
vn -0 0.000002 1
vn -0 0 1
vn -0 0.000002 1
vn -0 0 1
vn -0 0.000002 1
vn -0 0 1
vn -0 0 1
vn -0 0.000002 1
vn -0 0 1
vn -0 0 1
vn -0 0.000002 1
vn -0 0.000002 1
vn -0 0.000002 1
vn -0 0.000002 1
vn -0 0.000002 1
vn -0 0.000002 1
vn -0 0.000002 1
vn -0 0.000002 1
vn -0 0 1
vn -0 0 1
vn -0 -0.705573 0.708637
vn -0 -0.705573 0.708637
vn -0.000001 -0.323066 0.946377
vn -0.000001 -0.323066 0.946377
vn -0.000595 -0.933765 0.357886
vn -0.000595 -0.933765 0.357886
vn -0 -0.705573 0.708637
vn -0.000001 -0.323066 0.946377
vn -0.000595 -0.933765 0.357886
vn -0.000001 -0.323066 0.946377
vn -0 -0.705573 0.708637
vn -0.000595 -0.933765 0.357886
vn -0.000001 -0.068058 0.997681
vn -0.000001 -0.068058 0.997681
vn -0.000001 -0.068058 0.997681
vn -0.000001 -0.068058 0.997681
vn 0 -0 -1
vn 0.000001 0 -1
vn 0 -0 -1
vn 0 -0 -1
vn 0.000001 0 -1
vn 0.000001 0 -1
vn 0.000001 0 -1
vn 0.000001 0 -1
vn 0.000001 0 -1
vn 0 -0 -1
vn 0 -0 -1
vn 0.000001 0 -1
vn 0.000001 0 -1
vn 0.000001 0 -1
vn 0.000001 0 -1
vn 0.000001 0 -1
vn 0.000001 0 -1
vn 0.000001 0 -1
vn 0.000001 0 -1
vn 0.000001 0 -1
vn 0.000001 0 -1
vn 0.000001 0 -1
vn 0.000001 0 -1
vn 0.000001 0 -1
vn 0.000001 0 -1
vn 0 -0.705569 -0.708641
vn -0.000905 -0.70534 -0.708869
vn -0.000001 -0.323068 -0.946376
vn 0 -0.32306 -0.946379
vn -0.000595 -0.933768 -0.357877
vn 0 -0.933746 -0.357937
vn 0 -0.705569 -0.708641
vn -0.000001 -0.323068 -0.946376
vn 0 -0.933746 -0.357937
vn 0 -0.32306 -0.946379
vn 0 -0.705569 -0.708641
vn 0 -0.32306 -0.946379
vn 0 -0.705569 -0.708641
vn 0 -0.933746 -0.357937
vn -0.000595 -0.933768 -0.357877
vn 0 -0.068055 -0.997682
vn 0 -0.068055 -0.997682
vn 0 -0.068055 -0.997682
vn -0 -0.068054 -0.997682
vn -0 -0.068054 -0.997682
vn 0.000001 0.068055 -0.997682
vn -0 0.068055 -0.997682
vn -0.000001 0.323064 -0.946377
vn 0.000001 0.323064 -0.946377
vn 0.000001 0.068055 -0.997682
vn 0.000001 0.323064 -0.946377
vn -0.000001 0.323064 -0.946377
vn 0.000001 0.068055 -0.997682
vn 0.000001 0.323064 -0.946377
vn 0.000001 0.068055 -0.997682
vn 0 0.705567 -0.708643
vn -0.000905 0.705339 -0.70887
vn 0 0.933748 -0.357931
vn 0 0.933748 -0.357931
vn 0 0.705567 -0.708643
vn 0 0.933748 -0.357931
vn -0.000905 0.705339 -0.70887
vn 0 0.705567 -0.708643
vn 0 0.933748 -0.357931
vn -0.000595 0.933769 -0.357877
vn -0 0.06806 0.997681
vn -0 0.06806 0.997681
vn -0 0.323065 0.946377
vn -0 0.323065 0.946377
vn -0 0.06806 0.997681
vn -0 0.323065 0.946377
vn -0 0.323065 0.946377
vn 0 0.06806 0.997681
vn -0 0.705571 0.708639
vn -0 0.705571 0.708639
vn -0.000595 0.933765 0.357886
vn -0.000595 0.933765 0.357886
vn -0 0.705571 0.708639
vn -0 0.705571 0.708639
vn -0.000595 0.933765 0.357886
vn -0.000595 0.933765 0.357886
vn 0 0.999622 -0.027502
vn 0 0.999992 -0.004067
vn 0 0.999992 -0.004067
vn 0 0.999622 -0.027502
vn 0 1 -0
vn 0 1 -0
vn 0 0.992014 -0.126131
vn 0 0.992014 -0.126131
vn 0 0.933748 -0.357931
vn 0 0.933748 -0.357931
vn 0 0.999622 -0.027502
vn 0 0.992014 -0.126131
vn 0 0.999622 -0.027502
vn 0 0.992014 -0.126131
vn 0 0.933748 -0.357931
vn 0 0.933748 -0.357931
vn 0 0.999992 -0.004067
vn 0 1 -0
vn 0 0.999992 -0.004067
vn 0 1 -0
vn 0 1 -0
vn 0 1 -0
vn 0 1 -0
vn 0 1 -0
vn 0 1 -0
vn 0 1 -0
vn 0 1 -0
vn 0 1 -0
vn 0 1 -0
vn 0 1 -0
vn 0 1 -0
vn 0 1 -0
vn 0 1 -0
vn 0 1 -0
vn 0 1 -0
vn 0 1 -0
vn 0 1 -0
vn 0 1 -0
vn 0 1 -0
vn 0 1 -0
vn 0 0.999622 0.027502
vn 0 0.992014 0.12613
vn 0 0.992014 0.12613
vn 0 0.999622 0.027502
vn -0.000419 0.999625 0.027392
vn -0.000446 0.992018 0.126099
vn 0 0.933747 0.357935
vn 0 0.933747 0.357935
vn 0 0.933747 0.357935
vn 0 0.999992 0.004066
vn 0 0.999992 0.004066
vn -0.000427 0.999992 0.004041
vn 0 0.999622 0.027502
vn -0.000427 0.999992 0.004041
vn -0.000419 0.999625 0.027392
vn -0.000427 0.999992 0.004041
vn 0 0.992014 0.12613
vn 0 0.933747 0.357935
vn -0.000446 0.992018 0.126099
vn -0.000595 0.933765 0.357886
vn 0 1 -0
vn 0 1 -0
vn 0 1 -0
vn 0 1 -0
vn 0 1 -0
vn 0 1 -0
vn 0 1 -0
vn 0 1 -0
vn 0 1 -0
vn 0 1 -0
vn 0 1 -0
vn 0 1 -0
vn 0 1 -0
vn 0 1 -0
vn 0 1 -0
vn 0 -0.999992 -0.004066
vn 0 -0.999992 -0.004066
vn 0 -0.999622 -0.027502
vn -0.000419 -0.999625 -0.027391
vn 0 -1 0
vn 0 -1 0
vn -0.000419 -0.999625 -0.027391
vn 0 -0.999992 -0.004066
vn 0 -0.999622 -0.027502
vn 0 -0.999992 -0.004066
vn 0 -1 0
vn 0 -1 0
vn -0.000446 -0.992018 -0.126095
vn 0 -0.992014 -0.126131
vn -0.000595 -0.933768 -0.357877
vn 0 -0.933746 -0.357937
vn -0.000446 -0.992018 -0.126095
vn -0.000595 -0.933768 -0.357877
vn 0 -0.992014 -0.126131
vn 0 -0.933746 -0.357937
vn 0 -1 0
vn 0 -1 0
vn 0 -1 0
vn 0 -1 0
vn 0 -1 0
vn 0 -1 0
vn 0 -1 0
vn 0 -1 0
vn 0 -1 0
vn 0 -1 0
vn 0 -1 0
vn 0 -1 0
vn 0 -1 0
vn 0 -1 0
vn 0 -1 0
vn 0 -1 0
vn 0 -1 0
vn 0 -1 0
vn 0 -1 0
vn 0 -1 0
vn 0 -0.992013 0.126133
vn 0 -0.992013 0.126133
vn 0 -0.999622 0.027502
vn -0.000419 -0.999625 0.027392
vn 0 -0.933747 0.357935
vn 0 -0.933747 0.357935
vn 0 -0.992013 0.126133
vn 0 -0.999622 0.027502
vn 0 -0.933747 0.357935
vn -0.000419 -0.999625 0.027392
vn 0 -0.992013 0.126133
vn -0.000419 -0.999625 0.027392
vn -0.000446 -0.992018 0.126098
vn 0 -0.933747 0.357935
vn -0.000595 -0.933765 0.357886
vn -0.000427 -0.999992 0.004041
vn -0.000427 -0.999992 0.004041
vn -0.000427 -0.999992 0.004041
vn 0 -0.999992 0.004067
vn -0.000427 -0.999992 0.004041
vn 0 -1 0
vn 0 -1 0
vn 0 -1 0
vn 0 -1 0
vn 0 -1 0
vn 0 -1 0
vn 0 -1 0
vn 0 -1 0
vn 0 -1 0
vn 0 -1 0
vn 0 -1 0
vn 0 -1 0
vn 0 -1 0
vn 0 -1 0
vn 0 -1 0
vn -0.000429 0.99943 0.033745
vn -0.00021 0.999985 0.005542
vn -0.000159 0.999977 0.006767
vn -0.00031 0.99927 0.03821
vn -0.000355 0.999546 0.030118
vn -0.000427 0.999992 0.004041
vn -0.000152 0.990971 0.134077
vn -0.000219 0.9914 0.130863
vn -0.000595 0.933765 0.357886
vn -0.000595 0.933765 0.357886
vn -0.000187 0.991755 0.128146
vn -0.000595 0.933765 0.357886
vn -0.000001 0.999108 0.042232
vn -0.000001 0.990595 0.136828
vn -0.000595 0.933765 0.357886
vn -0.000001 0.999968 0.008015
vn -0.000429 -0.99943 -0.033744
vn -0.00021 -0.999985 -0.005542
vn -0.000159 -0.999977 -0.006766
vn -0.00031 -0.99927 -0.038209
vn 0 -1 0
vn 0 -1 0
vn -0.000152 -0.990971 -0.134077
vn -0.000219 -0.9914 -0.130863
vn -0.000595 -0.933768 -0.357877
vn -0.000595 -0.933768 -0.357877
vn -0.000001 -0.999108 -0.042232
vn -0.000001 -0.990595 -0.136828
vn 0 -0.933746 -0.357937
vn -0.000001 -0.999968 -0.008015
vn 0 -1 0
vn 0 1 -0
vn 0 1 -0
vn 0 1 -0
vn 0 1 -0
vn 0 1 -0
vn 0 1 -0
vn 0 1 -0
vn 0 1 -0
vn 0 1 -0
vn 0 1 -0
vn 0 1 -0
vn 0 1 -0
vn -0.000905 -0.70534 -0.708869
vn -0.000905 -0.70534 -0.708869
vn -0.000001 -0.323068 -0.946376
vn 0 -0.32306 -0.946379
vn -0.000595 -0.933768 -0.357877
vn -0.000595 -0.933768 -0.357877
vn 0 -0.32306 -0.946379
vn 0 -0.705569 -0.708641
vn 0 -0.933746 -0.357937
vn 0 -0.068055 -0.997682
vn 0 -0.068055 -0.997682
vn 0 -0 -1
vn 0 -0 -1
vn 0 -0.068055 -0.997682
vn 0 -0 -1
vn -0.000159 0.999977 -0.006767
vn -0.00021 0.999985 -0.005542
vn -0.000429 0.99943 -0.033744
vn -0.00031 0.99927 -0.03821
vn 0 1 -0
vn 0 1 -0
vn -0.000001 0.999108 -0.042232
vn -0.000001 0.999968 -0.008015
vn 0 1 -0
vn -0.000152 0.990971 -0.134078
vn -0.000001 0.990595 -0.136829
vn 0 0.933748 -0.357931
vn 0 0.933748 -0.357931
vn -0.000219 0.9914 -0.130863
vn 0 0.933748 -0.357931
vn -0 -0.705573 0.708637
vn -0 -0.705573 0.708637
vn -0.000001 -0.323066 0.946377
vn -0.000001 -0.323066 0.946377
vn -0.000595 -0.933765 0.357886
vn -0.000595 -0.933765 0.357886
vn -0.000001 -0.323066 0.946377
vn -0 -0.705573 0.708637
vn -0.000595 -0.933765 0.357886
vn -0.000001 -0.068058 0.997681
vn -0.000001 -0.068058 0.997681
vn -0 0 1
vn -0 0 1
vn -0.000001 -0.068058 0.997681
vn 0 0 1
vn 0 -1 0
vn 0 -1 0
vn 0 -1 0
vn 0 -1 0
vn 0 -1 0
vn 0 -1 0
vn 0 -1 0
vn 0 -1 0
vn 0 -1 0
vn 0 -1 0
vn 0 -1 0
vn 0 -1 0
vn -0 0.06806 0.997681
vn -0 0.06806 0.997681
vn -0 0.323065 0.946377
vn -0 0.323065 0.946377
vn -0 0 1
vn 0 0 1
vn -0 0.323065 0.946377
vn -0 0.06806 0.997681
vn -0 0 1
vn -0 0.705571 0.708639
vn -0 0.705571 0.708639
vn -0.000595 0.933765 0.357886
vn -0.000595 0.933765 0.357886
vn -0 0.705571 0.708639
vn -0.000595 0.933765 0.357886
vn 0.000001 0.068055 -0.997682
vn 0.000001 0.068055 -0.997682
vn 0.000001 0.323064 -0.946377
vn -0.000001 0.323064 -0.946377
vn 0 -0 -1
vn 0 -0 -1
vn 0.000001 0.323064 -0.946377
vn 0.000001 0.068055 -0.997682
vn 0 -0 -1
vn -0.000905 0.705339 -0.70887
vn 0 0.705567 -0.708643
vn 0 0.933748 -0.357931
vn -0.000595 0.933769 -0.357877
vn 0 0.705567 -0.708643
vn 0 0.933748 -0.357931
vn 0 -1 0
vn 0 -1 0
vn 0 -1 0
vn 0 -1 0
vn 0 -1 0
vn 0 -1 0
vn 0 -1 0
vn 0 -1 0
vn 0 -1 0
vn 0 -1 0
vn 0 -1 0
vn 0 -1 0
vn 0 -1 0
vn 0 -1 0
vn 0 -1 0
vn 0 -1 0
vn 0 -1 0
vn 0 -1 0
vn 0 -0 -1
vn 0 -0 -1
vn 0.000001 0 -1
vn 0.000001 0 -1
vn 0.000001 0 -1
vn 0 -0 -1
vn 0.000001 0 -1
vn 0.000001 0 -1
vn 0.000001 0 -1
vn -0.000419 0.999625 0.027392
vn -0.000427 0.999992 0.004041
vn -0.000427 0.999992 0.004041
vn -0.000419 0.999625 0.027392
vn -0.000446 0.992018 0.126099
vn -0.000446 0.992018 0.126099
vn 0 0.933747 0.357935
vn 0 0.933747 0.357935
vn -0.000419 0.999625 0.027392
vn -0.000446 0.992018 0.126099
vn 0 0.933747 0.357935
vn -0.000427 0.999992 0.004041
vn -0.000427 -0.999992 0.004041
vn -0.000427 -0.999992 0.004041
vn -0.000419 -0.999625 0.027392
vn -0.000419 -0.999625 0.027392
vn -0.000419 -0.999625 0.027392
vn -0.000427 -0.999992 0.004041
vn -0.000446 -0.992018 0.126098
vn -0.000446 -0.992018 0.126098
vn 0 -0.933747 0.357935
vn 0 -0.933747 0.357935
vn -0.000446 -0.992018 0.126098
vn 0 -0.933747 0.357935
vn 0 -1 0
vn 0 -1 0
vn 0 -1 0
vn 0 -1 0
vn 0 -1 0
vn 0 -1 0
vn 0 -1 0
vn 0 -1 0
vn 0 -1 0
vn 0 -1 0
vn 0 -1 0
vn 0 -1 0
vn -0 0 1
vn 0 0 1
vn 0 0 1
vn -0 0.000002 1
vn -0 0.000002 1
vn -0 0 1
vn -0 0 1
vn -0 0 1
vn 0 0 1
vn 0 1 -0
vn 0 1 -0
vn 0 1 -0
vn 0 1 -0
vn 0 1 -0
vn 0 1 -0
vn 0 1 -0
vn 0 1 -0
vn 0 1 -0
vn 0 1 -0
vn 0 1 -0
vn 0 1 -0
vn 0 1 -0
vn 0 1 -0
vn 0 1 -0
vn 0 1 -0
vn 0 1 -0
vn 0 1 -0
vn 0 1 -0
vn 0 1 -0
vn 0 1 -0
vn 0 1 -0
vn 0 1 -0
vn 0 1 -0
vn 0 1 -0
vn 0 1 -0
vn 0 1 -0
vn 0 1 -0
vn 0 1 -0
vn 0 1 -0
vn 0 1 -0
vn 0 1 -0
vn 0 1 -0
vn -0 0.06806 0.997681
vn -0 0.06806 0.997681
vn -0 0.323065 0.946377
vn -0 0.323065 0.946377
vn -0 0 1
vn -0 0 1
vn -0 0.323065 0.946377
vn -0 0.06806 0.997681
vn -0 0.323065 0.946377
vn -0 0.06806 0.997681
vn -0 0 1
vn -0 0 1
vn -0 0.705571 0.708639
vn -0 0.705571 0.708639
vn -0.000595 0.933765 0.357886
vn -0.000595 0.933765 0.357886
vn -0 0.705571 0.708639
vn -0.000595 0.933765 0.357886
vn -0 0.705571 0.708639
vn -0.000595 0.933765 0.357886
vn -0 -0.705573 0.708637
vn -0 -0.705573 0.708637
vn -0.000001 -0.323066 0.946377
vn -0.000001 -0.323066 0.946377
vn -0.000595 -0.933765 0.357886
vn -0.000595 -0.933765 0.357886
vn -0.000001 -0.323066 0.946377
vn -0 -0.705573 0.708637
vn -0.000001 -0.323066 0.946377
vn -0 -0.705573 0.708637
vn -0.000595 -0.933765 0.357886
vn -0.000595 -0.933765 0.357886
vn -0.000001 -0.068058 0.997681
vn -0.000001 -0.068058 0.997681
vn -0 0.000002 1
vn -0 0.000002 1
vn -0.000001 -0.068058 0.997681
vn -0 0 1
vn -0.000001 -0.068058 0.997681
vn -0 0.000002 1
vn -0 0.000002 1
vn -0 0.000002 1
vn -0 0 1
vn -0 0 1
vn -0 0.000002 1
vn -0 0.000002 1
vn -0 0.000002 1
vn -0 0 1
vn -0 0.000002 1
vn -0 0 1
vn -0 0.000002 1
vn -0 0.000002 1
vn 0.000001 0 -1
vn 0.000001 0 -1
vn 0.000001 0 -1
vn 0.000001 0 -1
vn 0 -0 -1
vn 0.000001 0 -1
vn 0.000001 0 -1
vn 0.000001 0 -1
vn 0.000001 0 -1
vn 0.000001 0 -1
vn 0 -0 -1
vn 0 -0 -1
vn 0 -0 -1
vn 0 -0 -1
vn 0.000001 0 -1
vn 0.000001 0 -1
vn 0 -0 -1
vn 0 -0 -1
vn 0.000001 0 -1
vn 0.000001 0 -1
vn 0 -0.705569 -0.708641
vn 0 -0.705569 -0.708641
vn 0 -0.32306 -0.946379
vn 0 -0.32306 -0.946379
vn 0 -0.933746 -0.357937
vn 0 -0.933746 -0.357937
vn 0 -0.32306 -0.946379
vn 0 -0.705569 -0.708641
vn 0 -0.32306 -0.946379
vn 0 -0.705569 -0.708641
vn 0 -0.933746 -0.357937
vn 0 -0.933746 -0.357937
vn 0 -0.068055 -0.997682
vn 0 -0.068055 -0.997682
vn 0 -0.068055 -0.997682
vn 0 -0.068055 -0.997682
vn 0.000001 0.068055 -0.997682
vn 0.000001 0.068055 -0.997682
vn 0.000001 0.323064 -0.946377
vn 0.000001 0.323064 -0.946377
vn 0.000001 0.323064 -0.946377
vn 0.000001 0.068055 -0.997682
vn 0.000001 0.323064 -0.946377
vn 0.000001 0.068055 -0.997682
vn 0 0.705567 -0.708643
vn 0 0.705567 -0.708643
vn 0 0.933748 -0.357931
vn 0 0.933748 -0.357931
vn 0 0.705567 -0.708643
vn 0 0.933748 -0.357931
vn 0 0.705567 -0.708643
vn 0 0.933748 -0.357931
vn 0 0.999622 -0.027502
vn 0 0.999992 -0.004067
vn 0 0.999992 -0.004067
vn 0 0.999622 -0.027502
vn 0 1 -0
vn 0 1 -0
vn 0 0.992014 -0.126131
vn 0 0.992014 -0.126131
vn 0 0.933748 -0.357931
vn 0 0.933748 -0.357931
vn 0 0.999622 -0.027502
vn 0 0.992014 -0.126131
vn 0 0.999622 -0.027502
vn 0 0.992014 -0.126131
vn 0 0.933748 -0.357931
vn 0 0.933748 -0.357931
vn 0 0.999992 -0.004067
vn 0 1 -0
vn 0 0.999992 -0.004067
vn 0 1 -0
vn 0 1 -0
vn 0 1 -0
vn 0 1 -0
vn 0 1 -0
vn 0 1 -0
vn 0 1 -0
vn 0 1 -0
vn 0 1 -0
vn 0 1 -0
vn 0 1 -0
vn 0 1 -0
vn 0 1 -0
vn 0 1 -0
vn 0 1 -0
vn 0 1 -0
vn 0 1 -0
vn 0 1 -0
vn 0 1 -0
vn 0 1 -0
vn 0 1 -0
vn -0.000419 0.999625 0.027392
vn -0.000446 0.992018 0.126099
vn -0.000446 0.992018 0.126099
vn -0.000419 0.999625 0.027392
vn -0.000595 0.933765 0.357886
vn -0.000595 0.933765 0.357886
vn 0 0.999992 0.004066
vn -0.000427 0.999992 0.004041
vn -0.000419 0.999625 0.027392
vn -0.000427 0.999992 0.004041
vn -0.000419 0.999625 0.027392
vn -0.000427 0.999992 0.004041
vn -0.000446 0.992018 0.126099
vn -0.000595 0.933765 0.357886
vn -0.000446 0.992018 0.126099
vn -0.000595 0.933765 0.357886
vn 0 1 -0
vn 0 1 -0
vn 0 1 -0
vn 0 1 -0
vn 0 1 -0
vn 0 1 -0
vn 0 1 -0
vn 0 1 -0
vn 0 1 -0
vn 0 1 -0
vn 0 1 -0
vn 0 1 -0
vn -0.000427 -0.999992 -0.004041
vn 0 -0.999992 -0.004066
vn 0 -0.999622 -0.027502
vn 0 -0.999622 -0.027502
vn 0 -1 0
vn 0 -1 0
vn 0 -0.999622 -0.027502
vn 0 -0.999992 -0.004066
vn 0 -0.999622 -0.027502
vn 0 -0.999992 -0.004066
vn 0 -1 0
vn 0 -1 0
vn 0 -0.992014 -0.126131
vn 0 -0.992014 -0.126131
vn 0 -0.933746 -0.357937
vn 0 -0.933746 -0.357937
vn 0 -0.992014 -0.126131
vn 0 -0.933746 -0.357937
vn 0 -0.992014 -0.126131
vn 0 -0.933746 -0.357937
vn 0 -1 0
vn 0 -1 0
vn 0 -1 0
vn 0 -1 0
vn 0 -1 0
vn 0 -1 0
vn 0 -1 0
vn 0 -1 0
vn 0 -1 0
vn 0 -1 0
vn 0 -1 0
vn 0 -1 0
vn 0 -1 0
vn 0 -1 0
vn 0 -1 0
vn 0 -1 0
vn 0 -1 0
vn 0 -1 0
vn 0 -1 0
vn 0 -1 0
vn -0.000446 -0.992018 0.126098
vn -0.000446 -0.992018 0.126098
vn -0.000419 -0.999625 0.027392
vn -0.000419 -0.999625 0.027392
vn -0.000595 -0.933765 0.357886
vn -0.000595 -0.933765 0.357886
vn -0.000419 -0.999625 0.027392
vn -0.000446 -0.992018 0.126098
vn -0.000419 -0.999625 0.027392
vn -0.000446 -0.992018 0.126098
vn -0.000595 -0.933765 0.357886
vn -0.000595 -0.933765 0.357886
vn -0.000427 -0.999992 0.004041
vn -0.000427 -0.999992 0.004041
vn -0.000427 -0.999992 0.004041
vn -0.000427 -0.999992 0.004041
vn 0 -1 0
vn 0 -1 0
vn 0 -1 0
vn 0 -1 0
vn 0 -1 0
vn 0 -1 0
vn 0 -1 0
vn 0 -1 0
vn 0 -1 0
vn 0 -1 0
vn 0 -1 0
vn 0 -1 0
f 20/20/20 21/21/21 19/19/19
f 17/17/17 20/20/20 19/19/19
f 17/17/17 19/19/19 18/18/18
f 12/12/12 20/20/20 17/17/17
f 16/16/16 17/17/17 18/18/18
f 10/10/10 12/12/12 17/17/17
f 10/10/10 17/17/17 16/16/16
f 10/10/10 11/11/11 12/12/12
f 11/11/11 13/13/13 12/12/12
f 16/16/16 18/18/18 22/22/22
f 18/18/18 24/24/24 22/22/22
f 24/24/24 25/25/25 23/23/23
f 22/22/22 24/24/24 23/23/23
f 22/22/22 23/23/23 8/8/8
f 4/4/4 10/10/10 16/16/16
f 16/16/16 22/22/22 3/3/3
f 4/4/4 16/16/16 3/3/3
f 3/3/3 22/22/22 8/8/8
f 4/4/4 1/1/1 10/10/10
f 4/4/4 3/3/3 1/1/1
f 1/1/1 11/11/11 10/10/10
f 3/3/3 8/8/8 2/2/2
f 3/3/3 2/2/2 1/1/1
f 8/8/8 7/7/7 2/2/2
f 1/1/1 5/5/5 11/11/11
f 1/1/1 2/2/2 5/5/5
f 2/2/2 7/7/7 6/6/6
f 7/7/7 9/9/9 6/6/6
f 2/2/2 6/6/6 5/5/5
f 11/11/11 14/14/14 13/13/13
f 5/5/5 14/14/14 11/11/11
f 14/14/14 15/15/15 13/13/13
f 200/200/200 15/15/15 14/14/14
f 199/199/199 200/200/200 14/14/14
f 199/199/199 14/14/14 5/5/5
f 196/196/196 200/200/200 199/199/199
f 5/5/5 6/6/6 201/201/201
f 198/198/198 199/199/199 5/5/5
f 198/198/198 5/5/5 201/201/201
f 194/194/194 196/196/196 199/199/199
f 194/194/194 199/199/199 198/198/198
f 201/201/201 6/6/6 202/202/202
f 6/6/6 203/203/203 202/202/202
f 198/198/198 201/201/201 189/189/189
f 202/202/202 203/203/203 484/484/484
f 484/484/484 203/203/203 533/533/533
f 201/201/201 202/202/202 192/192/192
f 189/189/189 201/201/201 192/192/192
f 482/482/482 202/202/202 484/484/484
f 192/192/192 202/202/202 482/482/482
f 531/531/531 484/484/484 533/533/533
f 531/531/531 533/533/533 532/532/532
f 190/190/190 198/198/198 189/189/189
f 190/190/190 194/194/194 198/198/198
f 190/190/190 189/189/189 187/187/187
f 190/190/190 187/187/187 194/194/194
f 194/194/194 195/195/195 196/196/196
f 187/187/187 195/195/195 194/194/194
f 195/195/195 197/197/197 196/196/196
f 189/189/189 188/188/188 187/187/187
f 189/189/189 192/192/192 188/188/188
f 195/195/195 44/44/44 197/197/197
f 44/44/44 46/46/46 197/197/197
f 45/45/45 46/46/46 44/44/44
f 187/187/187 43/43/43 195/195/195
f 43/43/43 44/44/44 195/195/195
f 187/187/187 188/188/188 43/43/43
f 42/42/42 45/45/45 44/44/44
f 42/42/42 44/44/44 43/43/43
f 37/37/37 45/45/45 42/42/42
f 188/188/188 49/49/49 43/43/43
f 35/35/35 37/37/37 42/42/42
f 41/41/41 42/42/42 43/43/43
f 35/35/35 42/42/42 41/41/41
f 43/43/43 49/49/49 47/47/47
f 41/41/41 43/43/43 47/47/47
f 49/49/49 50/50/50 48/48/48
f 47/47/47 49/49/49 48/48/48
f 47/47/47 48/48/48 33/33/33
f 188/188/188 191/191/191 49/49/49
f 192/192/192 191/191/191 188/188/188
f 191/191/191 193/193/193 49/49/49
f 28/28/28 47/47/47 33/33/33
f 41/41/41 47/47/47 28/28/28
f 480/480/480 193/193/193 191/191/191
f 521/521/521 193/193/193 480/480/480
f 29/29/29 41/41/41 28/28/28
f 29/29/29 35/35/35 41/41/41
f 28/28/28 33/33/33 27/27/27
f 33/33/33 32/32/32 27/27/27
f 29/29/29 28/28/28 26/26/26
f 29/29/29 26/26/26 35/35/35
f 28/28/28 27/27/27 26/26/26
f 35/35/35 36/36/36 37/37/37
f 26/26/26 36/36/36 35/35/35
f 36/36/36 38/38/38 37/37/37
f 27/27/27 32/32/32 31/31/31
f 32/32/32 34/34/34 31/31/31
f 26/26/26 27/27/27 30/30/30
f 26/26/26 30/30/30 36/36/36
f 27/27/27 31/31/31 30/30/30
f 36/36/36 39/39/39 38/38/38
f 30/30/30 39/39/39 36/36/36
f 39/39/39 40/40/40 38/38/38
f 183/183/183 40/40/40 39/39/39
f 182/182/182 183/183/183 39/39/39
f 182/182/182 39/39/39 30/30/30
f 177/177/177 183/183/183 182/182/182
f 30/30/30 31/31/31 184/184/184
f 181/181/181 182/182/182 30/30/30
f 181/181/181 30/30/30 184/184/184
f 175/175/175 177/177/177 182/182/182
f 175/175/175 182/182/182 181/181/181
f 184/184/184 31/31/31 185/185/185
f 31/31/31 186/186/186 185/185/185
f 181/181/181 184/184/184 168/168/168
f 185/185/185 186/186/186 504/504/504
f 504/504/504 186/186/186 518/518/518
f 184/184/184 185/185/185 173/173/173
f 168/168/168 184/184/184 173/173/173
f 502/502/502 185/185/185 504/504/504
f 173/173/173 185/185/185 502/502/502
f 516/516/516 504/504/504 518/518/518
f 516/516/516 518/518/518 517/517/517
f 169/169/169 181/181/181 168/168/168
f 169/169/169 175/175/175 181/181/181
f 169/169/169 168/168/168 166/166/166
f 169/169/169 166/166/166 175/175/175
f 175/175/175 176/176/176 177/177/177
f 166/166/166 176/176/176 175/175/175
f 176/176/176 178/178/178 177/177/177
f 179/179/179 180/180/180 178/178/178
f 176/176/176 179/179/179 178/178/178
f 170/170/170 179/179/179 176/176/176
f 166/166/166 170/170/170 176/176/176
f 168/168/168 167/167/167 166/166/166
f 166/166/166 167/167/167 170/170/170
f 168/168/168 173/173/173 167/167/167
f 167/167/167 171/171/171 170/170/170
f 167/167/167 172/172/172 171/171/171
f 173/173/173 172/172/172 167/167/167
f 172/172/172 174/174/174 171/171/171
f 500/500/500 174/174/174 172/172/172
f 499/499/499 500/500/500 172/172/172
f 499/499/499 172/172/172 173/173/173
f 493/493/493 500/500/500 499/499/499
f 498/498/498 499/499/499 173/173/173
f 498/498/498 173/173/173 502/502/502
f 489/489/489 493/493/493 499/499/499
f 489/489/489 499/499/499 498/498/498
f 489/489/489 490/490/490 493/493/493
f 490/490/490 494/494/494 493/493/493
f 495/495/495 497/497/497 494/494/494
f 490/490/490 495/495/495 494/494/494
f 496/496/496 495/495/495 490/490/490
f 492/492/492 489/489/489 498/498/498
f 491/491/491 490/490/490 489/489/489
f 492/492/492 491/491/491 489/489/489
f 491/491/491 496/496/496 490/490/490
f 492/492/492 498/498/498 501/501/501
f 492/492/492 501/501/501 491/491/491
f 498/498/498 502/502/502 501/501/501
f 491/491/491 505/505/505 496/496/496
f 501/501/501 505/505/505 491/491/491
f 505/505/505 506/506/506 496/496/496
f 501/501/501 502/502/502 503/503/503
f 501/501/501 503/503/503 505/505/505
f 502/502/502 504/504/504 503/503/503
f 503/503/503 504/504/504 516/516/516
f 505/505/505 507/507/507 506/506/506
f 503/503/503 507/507/507 505/505/505
f 507/507/507 508/508/508 506/506/506
f 513/513/513 508/508/508 507/507/507
f 510/510/510 513/513/513 507/507/507
f 510/510/510 507/507/507 503/503/503
f 514/514/514 513/513/513 510/510/510
f 509/509/509 503/503/503 516/516/516
f 509/509/509 510/510/510 503/503/503
f 511/511/511 514/514/514 510/510/510
f 511/511/511 510/510/510 509/509/509
f 509/509/509 516/516/516 515/515/515
f 515/515/515 516/516/516 517/517/517
f 512/512/512 511/511/511 509/509/509
f 512/512/512 509/509/509 515/515/515
f 511/511/511 522/522/522 514/514/514
f 522/522/522 523/523/523 514/514/514
f 512/512/512 519/519/519 511/511/511
f 512/512/512 515/515/515 519/519/519
f 519/519/519 522/522/522 511/511/511
f 515/515/515 517/517/517 520/520/520
f 515/515/515 520/520/520 519/519/519
f 517/517/517 521/521/521 520/520/520
f 520/520/520 521/521/521 480/480/480
f 519/519/519 520/520/520 473/473/473
f 520/520/520 480/480/480 473/473/473
f 519/519/519 473/473/473 522/522/522
f 522/522/522 474/474/474 523/523/523
f 473/473/473 474/474/474 522/522/522
f 474/474/474 477/477/477 523/523/523
f 475/475/475 477/477/477 474/474/474
f 470/470/470 475/475/475 474/474/474
f 470/470/470 474/474/474 473/473/473
f 476/476/476 475/475/475 470/470/470
f 473/473/473 480/480/480 479/479/479
f 479/479/479 480/480/480 191/191/191
f 479/479/479 191/191/191 192/192/192
f 469/469/469 470/470/470 473/473/473
f 469/469/469 473/473/473 479/479/479
f 478/478/478 479/479/479 192/192/192
f 469/469/469 479/479/479 478/478/478
f 478/478/478 192/192/192 482/482/482
f 471/471/471 470/470/470 469/469/469
f 471/471/471 476/476/476 470/470/470
f 472/472/472 469/469/469 478/478/478
f 472/472/472 471/471/471 469/469/469
f 472/472/472 478/478/478 481/481/481
f 472/472/472 481/481/481 471/471/471
f 478/478/478 482/482/482 481/481/481
f 471/471/471 485/485/485 476/476/476
f 481/481/481 485/485/485 471/471/471
f 485/485/485 486/486/486 476/476/476
f 481/481/481 482/482/482 483/483/483
f 481/481/481 483/483/483 485/485/485
f 482/482/482 484/484/484 483/483/483
f 485/485/485 487/487/487 486/486/486
f 483/483/483 487/487/487 485/485/485
f 487/487/487 488/488/488 486/486/486
f 483/483/483 484/484/484 531/531/531
f 528/528/528 488/488/488 487/487/487
f 525/525/525 528/528/528 487/487/487
f 525/525/525 487/487/487 483/483/483
f 529/529/529 528/528/528 525/525/525
f 524/524/524 483/483/483 531/531/531
f 524/524/524 525/525/525 483/483/483
f 526/526/526 529/529/529 525/525/525
f 526/526/526 525/525/525 524/524/524
f 524/524/524 531/531/531 530/530/530
f 530/530/530 531/531/531 532/532/532
f 527/527/527 526/526/526 524/524/524
f 527/527/527 524/524/524 530/530/530
f 526/526/526 540/540/540 529/529/529
f 540/540/540 541/541/541 529/529/529
f 527/527/527 534/534/534 526/526/526
f 527/527/527 530/530/530 534/534/534
f 534/534/534 540/540/540 526/526/526
f 530/530/530 532/532/532 535/535/535
f 530/530/530 535/535/535 534/534/534
f 532/532/532 538/538/538 535/535/535
f 540/540/540 542/542/542 541/541/541
f 542/542/542 543/543/543 541/541/541
f 536/536/536 542/542/542 540/540/540
f 534/534/534 536/536/536 540/540/540
f 534/534/534 535/535/535 536/536/536
f 535/535/535 537/537/537 536/536/536
f 535/535/535 538/538/538 537/537/537
f 538/538/538 539/539/539 537/537/537
f 53/53/53 52/52/52 51/51/51
f 54/54/54 53/53/53 51/51/51
f 53/53/53 58/58/58 52/52/52
f 54/54/54 51/51/51 60/60/60
f 58/58/58 57/57/57 52/52/52
f 54/54/54 66/66/66 53/53/53
f 54/54/54 60/60/60 66/66/66
f 53/53/53 72/72/72 58/58/58
f 66/66/66 72/72/72 53/53/53
f 72/72/72 73/73/73 58/58/58
f 74/74/74 75/75/75 73/73/73
f 72/72/72 74/74/74 73/73/73
f 68/68/68 74/74/74 72/72/72
f 66/66/66 68/68/68 72/72/72
f 66/66/66 67/67/67 68/68/68
f 60/60/60 67/67/67 66/66/66
f 67/67/67 69/69/69 68/68/68
f 70/70/70 71/71/71 69/69/69
f 67/67/67 70/70/70 69/69/69
f 62/62/62 70/70/70 67/67/67
f 60/60/60 62/62/62 67/67/67
f 60/60/60 61/61/61 62/62/62
f 51/51/51 61/61/61 60/60/60
f 61/61/61 63/63/63 62/62/62
f 51/51/51 55/55/55 61/61/61
f 51/51/51 52/52/52 55/55/55
f 61/61/61 64/64/64 63/63/63
f 55/55/55 64/64/64 61/61/61
f 64/64/64 65/65/65 63/63/63
f 93/93/93 65/65/65 64/64/64
f 92/92/92 93/93/93 64/64/64
f 92/92/92 64/64/64 55/55/55
f 87/87/87 93/93/93 92/92/92
f 52/52/52 56/56/56 55/55/55
f 52/52/52 57/57/57 56/56/56
f 57/57/57 59/59/59 56/56/56
f 56/56/56 59/59/59 95/95/95
f 94/94/94 56/56/56 95/95/95
f 55/55/55 56/56/56 94/94/94
f 94/94/94 95/95/95 83/83/83
f 91/91/91 92/92/92 55/55/55
f 91/91/91 55/55/55 94/94/94
f 85/85/85 87/87/87 92/92/92
f 85/85/85 92/92/92 91/91/91
f 78/78/78 94/94/94 83/83/83
f 91/91/91 94/94/94 78/78/78
f 79/79/79 85/85/85 91/91/91
f 79/79/79 91/91/91 78/78/78
f 85/85/85 86/86/86 87/87/87
f 86/86/86 88/88/88 87/87/87
f 79/79/79 76/76/76 85/85/85
f 79/79/79 78/78/78 76/76/76
f 76/76/76 86/86/86 85/85/85
f 78/78/78 83/83/83 77/77/77
f 78/78/78 77/77/77 76/76/76
f 83/83/83 82/82/82 77/77/77
f 86/86/86 89/89/89 88/88/88
f 89/89/89 90/90/90 88/88/88
f 80/80/80 89/89/89 86/86/86
f 76/76/76 80/80/80 86/86/86
f 76/76/76 77/77/77 80/80/80
f 77/77/77 81/81/81 80/80/80
f 77/77/77 82/82/82 81/81/81
f 82/82/82 84/84/84 81/81/81
f 98/98/98 97/97/97 96/96/96
f 99/99/99 98/98/98 96/96/96
f 99/99/99 96/96/96 105/105/105
f 99/99/99 111/111/111 98/98/98
f 99/99/99 105/105/105 111/111/111
f 111/111/111 117/117/117 98/98/98
f 96/96/96 106/106/106 105/105/105
f 98/98/98 117/117/117 103/103/103
f 98/98/98 103/103/103 97/97/97
f 105/105/105 112/112/112 111/111/111
f 96/96/96 97/97/97 100/100/100
f 96/96/96 100/100/100 106/106/106
f 105/105/105 107/107/107 112/112/112
f 105/105/105 106/106/106 107/107/107
f 107/107/107 115/115/115 112/112/112
f 106/106/106 108/108/108 107/107/107
f 112/112/112 115/115/115 114/114/114
f 115/115/115 116/116/116 114/114/114
f 114/114/114 116/116/116 130/130/130
f 106/106/106 109/109/109 108/108/108
f 100/100/100 109/109/109 106/106/106
f 109/109/109 110/110/110 108/108/108
f 2625/2625/2625 110/110/110 109/109/109
f 128/128/128 114/114/114 130/130/130
f 2624/2624/2624 2625/2625/2625 109/109/109
f 2624/2624/2624 109/109/109 100/100/100
f 128/128/128 130/130/130 129/129/129
f 2621/2621/2621 2625/2625/2625 2624/2624/2624
f 112/112/112 114/114/114 113/113/113
f 111/111/111 112/112/112 113/113/113
f 113/113/113 114/114/114 128/128/128
f 111/111/111 113/113/113 117/117/117
f 127/127/127 128/128/128 129/129/129
f 121/121/121 113/113/113 128/128/128
f 121/121/121 128/128/128 127/127/127
f 113/113/113 119/119/119 117/117/117
f 127/127/127 129/129/129 132/132/132
f 129/129/129 135/135/135 132/132/132
f 117/117/117 119/119/119 118/118/118
f 117/117/117 118/118/118 103/103/103
f 132/132/132 135/135/135 134/134/134
f 135/135/135 136/136/136 134/134/134
f 134/134/134 136/136/136 353/353/353
f 127/127/127 132/132/132 131/131/131
f 351/351/351 134/134/134 353/353/353
f 351/351/351 353/353/353 352/352/352
f 132/132/132 134/134/134 133/133/133
f 133/133/133 134/134/134 351/351/351
f 131/131/131 132/132/132 133/133/133
f 350/350/350 351/351/351 352/352/352
f 124/124/124 127/127/127 131/131/131
f 124/124/124 121/121/121 127/127/127
f 124/124/124 131/131/131 123/123/123
f 124/124/124 123/123/123 121/121/121
f 121/121/121 122/122/122 113/113/113
f 123/123/123 122/122/122 121/121/121
f 122/122/122 119/119/119 113/113/113
f 131/131/131 137/137/137 123/123/123
f 131/131/131 133/133/133 137/137/137
f 123/123/123 126/126/126 122/122/122
f 123/123/123 137/137/137 126/126/126
f 122/122/122 125/125/125 119/119/119
f 126/126/126 125/125/125 122/122/122
f 125/125/125 120/120/120 119/119/119
f 119/119/119 120/120/120 118/118/118
f 376/376/376 120/120/120 125/125/125
f 118/118/118 120/120/120 376/376/376
f 409/409/409 125/125/125 126/126/126
f 409/409/409 376/376/376 125/125/125
f 374/374/374 118/118/118 376/376/376
f 103/103/103 118/118/118 374/374/374
f 375/375/375 376/376/376 409/409/409
f 374/374/374 376/376/376 375/375/375
f 408/408/408 409/409/409 126/126/126
f 370/370/370 103/103/103 374/374/374
f 404/404/404 409/409/409 408/408/408
f 404/404/404 375/375/375 409/409/409
f 370/370/370 374/374/374 373/373/373
f 373/373/373 374/374/374 375/375/375
f 407/407/407 404/404/404 408/408/408
f 367/367/367 370/370/370 373/373/373
f 407/407/407 408/408/408 410/410/410
f 367/367/367 373/373/373 366/366/366
f 407/407/407 406/406/406 404/404/404
f 407/407/407 410/410/410 406/406/406
f 367/367/367 364/364/364 370/370/370
f 367/367/367 366/366/366 364/364/364
f 370/370/370 371/371/371 103/103/103
f 364/364/364 371/371/371 370/370/370
f 373/373/373 377/377/377 366/366/366
f 373/373/373 375/375/375 377/377/377
f 371/371/371 102/102/102 103/103/103
f 103/103/103 102/102/102 97/97/97
f 404/404/404 405/405/405 375/375/375
f 406/406/406 405/405/405 404/404/404
f 97/97/97 102/102/102 101/101/101
f 97/97/97 101/101/101 100/100/100
f 405/405/405 378/378/378 375/375/375
f 375/375/375 378/378/378 377/377/377
f 102/102/102 104/104/104 101/101/101
f 377/377/377 378/378/378 308/308/308
f 372/372/372 104/104/104 102/102/102
f 371/371/371 372/372/372 102/102/102
f 101/101/101 104/104/104 2627/2627/2627
f 2627/2627/2627 104/104/104 372/372/372
f 100/100/100 101/101/101 2626/2626/2626
f 2626/2626/2626 101/101/101 2627/2627/2627
f 368/368/368 372/372/372 371/371/371
f 364/364/364 368/368/368 371/371/371
f 2734/2734/2734 2627/2627/2627 372/372/372
f 2734/2734/2734 372/372/372 368/368/368
f 2626/2626/2626 2627/2627/2627 2618/2618/2618
f 2618/2618/2618 2627/2627/2627 2734/2734/2734
f 2623/2623/2623 100/100/100 2626/2626/2626
f 2623/2623/2623 2624/2624/2624 100/100/100
f 2623/2623/2623 2626/2626/2626 2615/2615/2615
f 2615/2615/2615 2626/2626/2626 2618/2618/2618
f 2619/2619/2619 2624/2624/2624 2623/2623/2623
f 2619/2619/2619 2621/2621/2621 2624/2624/2624
f 2616/2616/2616 2623/2623/2623 2615/2615/2615
f 2616/2616/2616 2619/2619/2619 2623/2623/2623
f 2616/2616/2616 2615/2615/2615 2613/2613/2613
f 2616/2616/2616 2613/2613/2613 2619/2619/2619
f 2619/2619/2619 2620/2620/2620 2621/2621/2621
f 2613/2613/2613 2620/2620/2620 2619/2619/2619
f 2620/2620/2620 2622/2622/2622 2621/2621/2621
f 2615/2615/2615 2614/2614/2614 2613/2613/2613
f 2615/2615/2615 2618/2618/2618 2614/2614/2614
f 2620/2620/2620 903/903/903 2622/2622/2622
f 903/903/903 905/905/905 2622/2622/2622
f 904/904/904 905/905/905 903/903/903
f 2613/2613/2613 902/902/902 2620/2620/2620
f 902/902/902 903/903/903 2620/2620/2620
f 2613/2613/2613 2614/2614/2614 902/902/902
f 901/901/901 904/904/904 903/903/903
f 901/901/901 903/903/903 902/902/902
f 896/896/896 904/904/904 901/901/901
f 2614/2614/2614 908/908/908 902/902/902
f 894/894/894 896/896/896 901/901/901
f 900/900/900 901/901/901 902/902/902
f 894/894/894 901/901/901 900/900/900
f 902/902/902 908/908/908 906/906/906
f 900/900/900 902/902/902 906/906/906
f 2614/2614/2614 2617/2617/2617 908/908/908
f 2618/2618/2618 2617/2617/2617 2614/2614/2614
f 894/894/894 895/895/895 896/896/896
f 895/895/895 897/897/897 896/896/896
f 888/888/888 894/894/894 900/900/900
f 895/895/895 898/898/898 897/897/897
f 898/898/898 899/899/899 897/897/897
f 2541/2541/2541 899/899/899 898/898/898
f 885/885/885 895/895/895 894/894/894
f 888/888/888 885/885/885 894/894/894
f 2540/2540/2540 2541/2541/2541 898/898/898
f 888/888/888 900/900/900 887/887/887
f 888/888/888 887/887/887 885/885/885
f 900/900/900 906/906/906 887/887/887
f 2536/2536/2536 2541/2541/2541 2540/2540/2540
f 889/889/889 898/898/898 895/895/895
f 885/885/885 889/889/889 895/895/895
f 2540/2540/2540 898/898/898 889/889/889
f 887/887/887 886/886/886 885/885/885
f 885/885/885 886/886/886 889/889/889
f 887/887/887 906/906/906 892/892/892
f 887/887/887 892/892/892 886/886/886
f 906/906/906 908/908/908 907/907/907
f 906/906/906 907/907/907 892/892/892
f 908/908/908 244/244/244 907/907/907
f 2617/2617/2617 244/244/244 908/908/908
f 907/907/907 244/244/244 243/243/243
f 242/242/242 244/244/244 2617/2617/2617
f 243/243/243 244/244/244 242/242/242
f 892/892/892 907/907/907 2744/2744/2744
f 2744/2744/2744 907/907/907 243/243/243
f 2732/2732/2732 242/242/242 2617/2617/2617
f 2732/2732/2732 2617/2617/2617 2618/2618/2618
f 240/240/240 243/243/243 242/242/242
f 2731/2731/2731 2732/2732/2732 2618/2618/2618
f 2731/2731/2731 2618/2618/2618 2734/2734/2734
f 241/241/241 242/242/242 2732/2732/2732
f 240/240/240 242/242/242 241/241/241
f 2727/2727/2727 2732/2732/2732 2731/2731/2731
f 2727/2727/2727 241/241/241 2732/2732/2732
f 2731/2731/2731 2734/2734/2734 2733/2733/2733
f 2733/2733/2733 2734/2734/2734 368/368/368
f 2730/2730/2730 2727/2727/2727 2731/2731/2731
f 2730/2730/2730 2731/2731/2731 2733/2733/2733
f 2730/2730/2730 2729/2729/2729 2727/2727/2727
f 2730/2730/2730 2733/2733/2733 2729/2729/2729
f 2727/2727/2727 2728/2728/2728 241/241/241
f 2729/2729/2729 2728/2728/2728 2727/2727/2727
f 2733/2733/2733 2735/2735/2735 2729/2729/2729
f 2733/2733/2733 368/368/368 2735/2735/2735
f 2729/2729/2729 439/439/439 2728/2728/2728
f 2729/2729/2729 2735/2735/2735 439/439/439
f 2728/2728/2728 247/247/247 241/241/241
f 368/368/368 369/369/369 2735/2735/2735
f 2728/2728/2728 440/440/440 247/247/247
f 439/439/439 440/440/440 2728/2728/2728
f 2735/2735/2735 369/369/369 443/443/443
f 2735/2735/2735 443/443/443 439/439/439
f 365/365/365 369/369/369 368/368/368
f 364/364/364 365/365/365 368/368/368
f 366/366/366 365/365/365 364/364/364
f 369/369/369 303/303/303 443/443/443
f 366/366/366 300/300/300 365/365/365
f 366/366/366 377/377/377 300/300/300
f 365/365/365 301/301/301 369/369/369
f 301/301/301 303/303/303 369/369/369
f 300/300/300 301/301/301 365/365/365
f 377/377/377 308/308/308 300/300/300
f 302/302/302 303/303/303 301/301/301
f 443/443/443 303/303/303 302/302/302
f 299/299/299 301/301/301 300/300/300
f 299/299/299 302/302/302 301/301/301
f 442/442/442 443/443/443 302/302/302
f 439/439/439 443/443/443 442/442/442
f 293/293/293 302/302/302 299/299/299
f 442/442/442 302/302/302 293/293/293
f 298/298/298 299/299/299 300/300/300
f 437/437/437 439/439/439 442/442/442
f 298/298/298 300/300/300 305/305/305
f 300/300/300 308/308/308 305/305/305
f 289/289/289 299/299/299 298/298/298
f 289/289/289 293/293/293 299/299/299
f 298/298/298 305/305/305 304/304/304
f 292/292/292 289/289/289 298/298/298
f 292/292/292 298/298/298 304/304/304
f 292/292/292 291/291/291 289/289/289
f 292/292/292 304/304/304 291/291/291
f 289/289/289 290/290/290 293/293/293
f 291/291/291 290/290/290 289/289/289
f 441/441/441 442/442/442 293/293/293
f 437/437/437 442/442/442 441/441/441
f 291/291/291 296/296/296 290/290/290
f 304/304/304 310/310/310 291/291/291
f 291/291/291 310/310/310 296/296/296
f 296/296/296 295/295/295 290/290/290
f 310/310/310 311/311/311 296/296/296
f 290/290/290 295/295/295 294/294/294
f 290/290/290 294/294/294 293/293/293
f 295/295/295 297/297/297 294/294/294
f 294/294/294 297/297/297 445/445/445
f 293/293/293 294/294/294 444/444/444
f 444/444/444 294/294/294 445/445/445
f 441/441/441 293/293/293 444/444/444
f 444/444/444 445/445/445 436/436/436
f 441/441/441 444/444/444 433/433/433
f 433/433/433 444/444/444 436/436/436
f 434/434/434 441/441/441 433/433/433
f 434/434/434 437/437/437 441/441/441
f 433/433/433 436/436/436 432/432/432
f 436/436/436 435/435/435 432/432/432
f 434/434/434 433/433/433 431/431/431
f 434/434/434 431/431/431 437/437/437
f 433/433/433 432/432/432 431/431/431
f 431/431/431 438/438/438 437/437/437
f 437/437/437 438/438/438 439/439/439
f 438/438/438 440/440/440 439/439/439
f 432/432/432 435/435/435 287/287/287
f 435/435/435 288/288/288 287/287/287
f 287/287/287 288/288/288 286/286/286
f 431/431/431 432/432/432 283/283/283
f 432/432/432 287/287/287 283/283/283
f 431/431/431 283/283/283 438/438/438
f 285/285/285 287/287/287 286/286/286
f 283/283/283 287/287/287 285/285/285
f 285/285/285 286/286/286 276/276/276
f 283/283/283 284/284/284 438/438/438
f 438/438/438 284/284/284 440/440/440
f 281/281/281 283/283/283 285/285/285
f 284/284/284 248/248/248 440/440/440
f 440/440/440 248/248/248 247/247/247
f 282/282/282 284/284/284 283/283/283
f 281/281/281 282/282/282 283/283/283
f 246/246/246 248/248/248 284/284/284
f 247/247/247 248/248/248 246/246/246
f 282/282/282 246/246/246 284/284/284
f 245/245/245 247/247/247 246/246/246
f 241/241/241 247/247/247 245/245/245
f 231/231/231 246/246/246 282/282/282
f 245/245/245 246/246/246 231/231/231
f 278/278/278 282/282/282 281/281/281
f 278/278/278 231/231/231 282/282/282
f 239/239/239 241/241/241 245/245/245
f 239/239/239 240/240/240 241/241/241
f 226/226/226 245/245/245 231/231/231
f 239/239/239 245/245/245 226/226/226
f 281/281/281 285/285/285 271/271/271
f 271/271/271 285/285/285 276/276/276
f 272/272/272 278/278/278 281/281/281
f 272/272/272 281/281/281 271/271/271
f 272/272/272 269/269/269 278/278/278
f 272/272/272 271/271/271 269/269/269
f 271/271/271 276/276/276 270/270/270
f 271/271/271 270/270/270 269/269/269
f 276/276/276 275/275/275 270/270/270
f 269/269/269 279/279/279 278/278/278
f 278/278/278 279/279/279 231/231/231
f 270/270/270 275/275/275 274/274/274
f 275/275/275 277/277/277 274/274/274
f 274/274/274 277/277/277 343/343/343
f 269/269/269 270/270/270 273/273/273
f 270/270/270 274/274/274 273/273/273
f 269/269/269 273/273/273 279/279/279
f 342/342/342 274/274/274 343/343/343
f 273/273/273 274/274/274 342/342/342
f 342/342/342 343/343/343 334/334/334
f 279/279/279 230/230/230 231/231/231
f 331/331/331 342/342/342 334/334/334
f 231/231/231 230/230/230 225/225/225
f 226/226/226 231/231/231 225/225/225
f 279/279/279 280/280/280 230/230/230
f 273/273/273 280/280/280 279/279/279
f 339/339/339 273/273/273 342/342/342
f 339/339/339 342/342/342 331/331/331
f 340/340/340 280/280/280 273/273/273
f 339/339/339 340/340/340 273/273/273
f 280/280/280 232/232/232 230/230/230
f 332/332/332 339/339/339 331/331/331
f 230/230/230 232/232/232 229/229/229
f 225/225/225 230/230/230 229/229/229
f 341/341/341 232/232/232 280/280/280
f 229/229/229 232/232/232 341/341/341
f 340/340/340 341/341/341 280/280/280
f 332/332/332 335/335/335 339/339/339
f 335/335/335 340/340/340 339/339/339
f 332/332/332 331/331/331 329/329/329
f 332/332/332 329/329/329 335/335/335
f 331/331/331 334/334/334 330/330/330
f 331/331/331 330/330/330 329/329/329
f 334/334/334 333/333/333 330/330/330
f 335/335/335 337/337/337 340/340/340
f 337/337/337 341/341/341 340/340/340
f 330/330/330 333/333/333 267/267/267
f 333/333/333 268/268/268 267/267/267
f 267/267/267 268/268/268 266/266/266
f 329/329/329 336/336/336 335/335/335
f 335/335/335 336/336/336 337/337/337
f 329/329/329 330/330/330 261/261/261
f 330/330/330 267/267/267 261/261/261
f 329/329/329 261/261/261 336/336/336
f 265/265/265 267/267/267 266/266/266
f 261/261/261 267/267/267 265/265/265
f 265/265/265 266/266/266 254/254/254
f 261/261/261 262/262/262 336/336/336
f 251/251/251 265/265/265 254/254/254
f 336/336/336 262/262/262 338/338/338
f 336/336/336 338/338/338 337/337/337
f 259/259/259 261/261/261 265/265/265
f 259/259/259 265/265/265 251/251/251
f 260/260/260 262/262/262 261/261/261
f 259/259/259 260/260/260 261/261/261
f 251/251/251 254/254/254 250/250/250
f 254/254/254 253/253/253 250/250/250
f 252/252/252 259/259/259 251/251/251
f 250/250/250 253/253/253 164/164/164
f 253/253/253 165/165/165 164/164/164
f 164/164/164 165/165/165 163/163/163
f 251/251/251 250/250/250 249/249/249
f 252/252/252 251/251/251 249/249/249
f 162/162/162 164/164/164 163/163/163
f 252/252/252 255/255/255 259/259/259
f 252/252/252 249/249/249 255/255/255
f 255/255/255 260/260/260 259/259/259
f 162/162/162 163/163/163 148/148/148
f 250/250/250 164/164/164 158/158/158
f 249/249/249 250/250/250 158/158/158
f 158/158/158 164/164/164 162/162/162
f 249/249/249 256/256/256 255/255/255
f 249/249/249 158/158/158 256/256/256
f 255/255/255 257/257/257 260/260/260
f 255/255/255 256/256/256 257/257/257
f 260/260/260 263/263/263 262/262/262
f 257/257/257 263/263/263 260/260/260
f 263/263/263 264/264/264 262/262/262
f 262/262/262 264/264/264 338/338/338
f 2690/2690/2690 264/264/264 263/263/263
f 338/338/338 264/264/264 2690/2690/2690
f 2789/2789/2789 263/263/263 257/257/257
f 2789/2789/2789 2690/2690/2690 263/263/263
f 2686/2686/2686 338/338/338 2690/2690/2690
f 337/337/337 338/338/338 2686/2686/2686
f 2689/2689/2689 2690/2690/2690 2789/2789/2789
f 2686/2686/2686 2690/2690/2690 2689/2689/2689
f 2780/2780/2780 2789/2789/2789 257/257/257
f 2687/2687/2687 337/337/337 2686/2686/2686
f 2787/2787/2787 2789/2789/2789 2780/2780/2780
f 2787/2787/2787 2689/2689/2689 2789/2789/2789
f 2687/2687/2687 2686/2686/2686 2685/2685/2685
f 2685/2685/2685 2686/2686/2686 2689/2689/2689
f 2687/2687/2687 2696/2696/2696 337/337/337
f 2696/2696/2696 341/341/341 337/337/337
f 2696/2696/2696 229/229/229 341/341/341
f 2688/2688/2688 2687/2687/2687 2685/2685/2685
f 228/228/228 229/229/229 2696/2696/2696
f 225/225/225 229/229/229 228/228/228
f 2694/2694/2694 2696/2696/2696 2687/2687/2687
f 2688/2688/2688 2694/2694/2694 2687/2687/2687
f 2694/2694/2694 228/228/228 2696/2696/2696
f 2688/2688/2688 2685/2685/2685 2691/2691/2691
f 2688/2688/2688 2691/2691/2691 2694/2694/2694
f 2685/2685/2685 2689/2689/2689 2692/2692/2692
f 2685/2685/2685 2692/2692/2692 2691/2691/2691
f 2691/2691/2691 2695/2695/2695 2694/2694/2694
f 2694/2694/2694 2695/2695/2695 228/228/228
f 2691/2691/2691 2692/2692/2692 453/453/453
f 2691/2691/2691 453/453/453 2695/2695/2695
f 2689/2689/2689 2693/2693/2693 2692/2692/2692
f 224/224/224 225/225/225 228/228/228
f 226/226/226 225/225/225 224/224/224
f 2692/2692/2692 2693/2693/2693 452/452/452
f 2692/2692/2692 452/452/452 453/453/453
f 227/227/227 226/226/226 224/224/224
f 227/227/227 239/239/239 226/226/226
f 227/227/227 233/233/233 239/239/239
f 227/227/227 224/224/224 233/233/233
f 233/233/233 240/240/240 239/239/239
f 224/224/224 228/228/228 234/234/234
f 224/224/224 234/234/234 233/233/233
f 233/233/233 235/235/235 240/240/240
f 233/233/233 234/234/234 235/235/235
f 235/235/235 243/243/243 240/240/240
f 2744/2744/2744 243/243/243 235/235/235
f 228/228/228 237/237/237 234/234/234
f 2695/2695/2695 237/237/237 228/228/228
f 234/234/234 236/236/236 235/235/235
f 234/234/234 237/237/237 236/236/236
f 2695/2695/2695 467/467/467 237/237/237
f 453/453/453 467/467/467 2695/2695/2695
f 237/237/237 238/238/238 236/236/236
f 467/467/467 238/238/238 237/237/237
f 236/236/236 238/238/238 468/468/468
f 468/468/468 238/238/238 467/467/467
f 235/235/235 236/236/236 2737/2737/2737
f 2737/2737/2737 236/236/236 468/468/468
f 2738/2738/2738 2744/2744/2744 235/235/235
f 2738/2738/2738 235/235/235 2737/2737/2737
f 466/466/466 468/468/468 467/467/467
f 466/466/466 467/467/467 453/453/453
f 2737/2737/2737 468/468/468 462/462/462
f 462/462/462 468/468/468 466/466/466
f 2738/2738/2738 2737/2737/2737 2736/2736/2736
f 2736/2736/2736 2737/2737/2737 462/462/462
f 2742/2742/2742 2744/2744/2744 2738/2738/2738
f 2742/2742/2742 892/892/892 2744/2744/2744
f 2739/2739/2739 2738/2738/2738 2736/2736/2736
f 2739/2739/2739 2742/2742/2742 2738/2738/2738
f 2739/2739/2739 2736/2736/2736 2740/2740/2740
f 2739/2739/2739 2740/2740/2740 2742/2742/2742
f 2742/2742/2742 2743/2743/2743 892/892/892
f 2740/2740/2740 2743/2743/2743 2742/2742/2742
f 2736/2736/2736 2741/2741/2741 2740/2740/2740
f 2736/2736/2736 462/462/462 2741/2741/2741
f 2743/2743/2743 891/891/891 892/892/892
f 892/892/892 891/891/891 886/886/886
f 2740/2740/2740 2587/2587/2587 2743/2743/2743
f 2740/2740/2740 2741/2741/2741 2587/2587/2587
f 2743/2743/2743 2596/2596/2596 891/891/891
f 2587/2587/2587 2596/2596/2596 2743/2743/2743
f 886/886/886 891/891/891 890/890/890
f 886/886/886 890/890/890 889/889/889
f 2596/2596/2596 893/893/893 891/891/891
f 891/891/891 893/893/893 890/890/890
f 2527/2527/2527 893/893/893 2596/2596/2596
f 890/890/890 893/893/893 2527/2527/2527
f 889/889/889 890/890/890 2523/2523/2523
f 2523/2523/2523 890/890/890 2527/2527/2527
f 2595/2595/2595 2527/2527/2527 2596/2596/2596
f 2595/2595/2595 2596/2596/2596 2587/2587/2587
f 2524/2524/2524 889/889/889 2523/2523/2523
f 2524/2524/2524 2540/2540/2540 889/889/889
f 2523/2523/2523 2527/2527/2527 2526/2526/2526
f 2526/2526/2526 2527/2527/2527 2595/2595/2595
f 2524/2524/2524 2523/2523/2523 2522/2522/2522
f 2522/2522/2522 2523/2523/2523 2526/2526/2526
f 2534/2534/2534 2540/2540/2540 2524/2524/2524
f 2534/2534/2534 2536/2536/2536 2540/2540/2540
f 2525/2525/2525 2524/2524/2524 2522/2522/2522
f 2525/2525/2525 2534/2534/2534 2524/2524/2524
f 2525/2525/2525 2522/2522/2522 2528/2528/2528
f 2525/2525/2525 2528/2528/2528 2534/2534/2534
f 2534/2534/2534 2535/2535/2535 2536/2536/2536
f 2528/2528/2528 2535/2535/2535 2534/2534/2534
f 2535/2535/2535 2537/2537/2537 2536/2536/2536
f 2522/2522/2522 2529/2529/2529 2528/2528/2528
f 2522/2522/2522 2526/2526/2526 2529/2529/2529
f 2535/2535/2535 2538/2538/2538 2537/2537/2537
f 2538/2538/2538 2539/2539/2539 2537/2537/2537
f 3023/3023/3023 2539/2539/2539 2538/2538/2538
f 2528/2528/2528 2530/2530/2530 2535/2535/2535
f 2530/2530/2530 2538/2538/2538 2535/2535/2535
f 2528/2528/2528 2529/2529/2529 2530/2530/2530
f 3022/3022/3022 3023/3023/3023 2538/2538/2538
f 3022/3022/3022 2538/2538/2538 2530/2530/2530
f 3018/3018/3018 3023/3023/3023 3022/3022/3022
f 2529/2529/2529 2531/2531/2531 2530/2530/2530
f 3016/3016/3016 3018/3018/3018 3022/3022/3022
f 3006/3006/3006 3022/3022/3022 2530/2530/2530
f 3016/3016/3016 3022/3022/3022 3006/3006/3006
f 2530/2530/2530 2531/2531/2531 3005/3005/3005
f 3006/3006/3006 2530/2530/2530 3005/3005/3005
f 2529/2529/2529 2532/2532/2532 2531/2531/2531
f 2526/2526/2526 2532/2532/2532 2529/2529/2529
f 3016/3016/3016 3017/3017/3017 3018/3018/3018
f 3017/3017/3017 3019/3019/3019 3018/3018/3018
f 3020/3020/3020 3021/3021/3021 3019/3019/3019
f 3017/3017/3017 3020/3020/3020 3019/3019/3019
f 3012/3012/3012 3020/3020/3020 3017/3017/3017
f 3010/3010/3010 3017/3017/3017 3016/3016/3016
f 3010/3010/3010 3012/3012/3012 3017/3017/3017
f 3007/3007/3007 3016/3016/3016 3006/3006/3006
f 3007/3007/3007 3010/3010/3010 3016/3016/3016
f 3007/3007/3007 3006/3006/3006 3004/3004/3004
f 3007/3007/3007 3004/3004/3004 3010/3010/3010
f 3006/3006/3006 3005/3005/3005 3004/3004/3004
f 3010/3010/3010 3011/3011/3011 3012/3012/3012
f 3004/3004/3004 3011/3011/3011 3010/3010/3010
f 3011/3011/3011 3013/3013/3013 3012/3012/3012
f 3004/3004/3004 3005/3005/3005 3008/3008/3008
f 3004/3004/3004 3008/3008/3008 3011/3011/3011
f 3011/3011/3011 3014/3014/3014 3013/3013/3013
f 3008/3008/3008 3014/3014/3014 3011/3011/3011
f 3014/3014/3014 3015/3015/3015 3013/3013/3013
f 3070/3070/3070 3015/3015/3015 3014/3014/3014
f 3069/3069/3069 3070/3070/3070 3014/3014/3014
f 3069/3069/3069 3014/3014/3014 3008/3008/3008
f 3066/3066/3066 3070/3070/3070 3069/3069/3069
f 3005/3005/3005 3009/3009/3009 3008/3008/3008
f 3005/3005/3005 2531/2531/2531 3009/3009/3009
f 3068/3068/3068 3069/3069/3069 3008/3008/3008
f 2531/2531/2531 2533/2533/2533 3009/3009/3009
f 2532/2532/2532 2533/2533/2533 2531/2531/2531
f 3008/3008/3008 3009/3009/3009 3071/3071/3071
f 3068/3068/3068 3008/3008/3008 3071/3071/3071
f 3009/3009/3009 2533/2533/2533 2594/2594/2594
f 2594/2594/2594 2533/2533/2533 2532/2532/2532
f 3071/3071/3071 3009/3009/3009 2594/2594/2594
f 2593/2593/2593 2594/2594/2594 2532/2532/2532
f 2593/2593/2593 2532/2532/2532 2526/2526/2526
f 3071/3071/3071 2594/2594/2594 2590/2590/2590
f 2590/2590/2590 2594/2594/2594 2593/2593/2593
f 2592/2592/2592 2593/2593/2593 2526/2526/2526
f 2592/2592/2592 2526/2526/2526 2595/2595/2595
f 2588/2588/2588 2590/2590/2590 2593/2593/2593
f 2588/2588/2588 2593/2593/2593 2592/2592/2592
f 2592/2592/2592 2595/2595/2595 2584/2584/2584
f 2584/2584/2584 2595/2595/2595 2587/2587/2587
f 2585/2585/2585 2588/2588/2588 2592/2592/2592
f 2585/2585/2585 2592/2592/2592 2584/2584/2584
f 2585/2585/2585 2582/2582/2582 2588/2588/2588
f 2585/2585/2585 2584/2584/2584 2582/2582/2582
f 2584/2584/2584 2587/2587/2587 2583/2583/2583
f 2584/2584/2584 2583/2583/2583 2582/2582/2582
f 2582/2582/2582 2589/2589/2589 2588/2588/2588
f 2588/2588/2588 2589/2589/2589 2590/2590/2590
f 2587/2587/2587 2586/2586/2586 2583/2583/2583
f 2741/2741/2741 2586/2586/2586 2587/2587/2587
f 2582/2582/2582 2583/2583/2583 2556/2556/2556
f 2582/2582/2582 2556/2556/2556 2589/2589/2589
f 2583/2583/2583 2586/2586/2586 2561/2561/2561
f 2583/2583/2583 2561/2561/2561 2556/2556/2556
f 2741/2741/2741 463/463/463 2586/2586/2586
f 462/462/462 463/463/463 2741/2741/2741
f 2586/2586/2586 465/465/465 2561/2561/2561
f 463/463/463 465/465/465 2586/2586/2586
f 2561/2561/2561 465/465/465 464/464/464
f 464/464/464 465/465/465 463/463/463
f 461/461/461 463/463/463 462/462/462
f 461/461/461 464/464/464 463/463/463
f 2560/2560/2560 2561/2561/2561 464/464/464
f 2556/2556/2556 2561/2561/2561 2560/2560/2560
f 460/460/460 461/461/461 462/462/462
f 460/460/460 462/462/462 466/466/466
f 456/456/456 464/464/464 461/461/461
f 2560/2560/2560 464/464/464 456/456/456
f 454/454/454 461/461/461 460/460/460
f 454/454/454 456/456/456 461/461/461
f 460/460/460 466/466/466 448/448/448
f 448/448/448 466/466/466 453/453/453
f 449/449/449 454/454/454 460/460/460
f 449/449/449 460/460/460 448/448/448
f 449/449/449 446/446/446 454/454/454
f 449/449/449 448/448/448 446/446/446
f 448/448/448 453/453/453 447/447/447
f 448/448/448 447/447/447 446/446/446
f 453/453/453 452/452/452 447/447/447
f 446/446/446 455/455/455 454/454/454
f 454/454/454 455/455/455 456/456/456
f 446/446/446 447/447/447 450/450/450
f 446/446/446 450/450/450 455/455/455
f 447/447/447 452/452/452 451/451/451
f 447/447/447 451/451/451 450/450/450
f 452/452/452 387/387/387 451/451/451
f 2693/2693/2693 387/387/387 452/452/452
f 451/451/451 387/387/387 385/385/385
f 384/384/384 387/387/387 2693/2693/2693
f 385/385/385 387/387/387 384/384/384
f 450/450/450 451/451/451 2771/2771/2771
f 2771/2771/2771 451/451/451 385/385/385
f 2788/2788/2788 384/384/384 2693/2693/2693
f 2788/2788/2788 2693/2693/2693 2689/2689/2689
f 2787/2787/2787 2788/2788/2788 2689/2689/2689
f 380/380/380 385/385/385 384/384/384
f 2784/2784/2784 2788/2788/2788 2787/2787/2787
f 383/383/383 384/384/384 2788/2788/2788
f 2784/2784/2784 383/383/383 2788/2788/2788
f 380/380/380 384/384/384 383/383/383
f 2781/2781/2781 2784/2784/2784 2787/2787/2787
f 2781/2781/2781 2787/2787/2787 2780/2780/2780
f 2781/2781/2781 2778/2778/2778 2784/2784/2784
f 2781/2781/2781 2780/2780/2780 2778/2778/2778
f 2784/2784/2784 2785/2785/2785 383/383/383
f 2778/2778/2778 2785/2785/2785 2784/2784/2784
f 2780/2780/2780 2779/2779/2779 2778/2778/2778
f 2780/2780/2780 257/257/257 2779/2779/2779
f 2778/2778/2778 2782/2782/2782 2785/2785/2785
f 2778/2778/2778 2779/2779/2779 2782/2782/2782
f 2782/2782/2782 2786/2786/2786 2785/2785/2785
f 2779/2779/2779 2783/2783/2783 2782/2782/2782
f 2785/2785/2785 2786/2786/2786 392/392/392
f 2785/2785/2785 392/392/392 383/383/383
f 2786/2786/2786 393/393/393 392/392/392
f 2779/2779/2779 258/258/258 2783/2783/2783
f 257/257/257 258/258/258 2779/2779/2779
f 258/258/258 161/161/161 2783/2783/2783
f 256/256/256 258/258/258 257/257/257
f 159/159/159 161/161/161 258/258/258
f 256/256/256 159/159/159 258/258/258
f 160/160/160 161/161/161 159/159/159
f 158/158/158 159/159/159 256/256/256
f 157/157/157 160/160/160 159/159/159
f 157/157/157 159/159/159 158/158/158
f 152/152/152 160/160/160 157/157/157
f 156/156/156 157/157/157 158/158/158
f 156/156/156 158/158/158 162/162/162
f 150/150/150 152/152/152 157/157/157
f 150/150/150 157/157/157 156/156/156
f 156/156/156 162/162/162 143/143/143
f 143/143/143 162/162/162 148/148/148
f 144/144/144 150/150/150 156/156/156
f 144/144/144 156/156/156 143/143/143
f 150/150/150 151/151/151 152/152/152
f 151/151/151 153/153/153 152/152/152
f 144/144/144 141/141/141 150/150/150
f 144/144/144 143/143/143 141/141/141
f 141/141/141 151/151/151 150/150/150
f 143/143/143 148/148/148 142/142/142
f 143/143/143 142/142/142 141/141/141
f 148/148/148 147/147/147 142/142/142
f 141/141/141 145/145/145 151/151/151
f 141/141/141 142/142/142 145/145/145
f 151/151/151 154/154/154 153/153/153
f 145/145/145 154/154/154 151/151/151
f 154/154/154 155/155/155 153/153/153
f 221/221/221 155/155/155 154/154/154
f 142/142/142 147/147/147 146/146/146
f 142/142/142 146/146/146 145/145/145
f 147/147/147 149/149/149 146/146/146
f 146/146/146 149/149/149 223/223/223
f 220/220/220 221/221/221 154/154/154
f 220/220/220 154/154/154 145/145/145
f 215/215/215 221/221/221 220/220/220
f 222/222/222 146/146/146 223/223/223
f 145/145/145 146/146/146 222/222/222
f 222/222/222 223/223/223 211/211/211
f 219/219/219 220/220/220 145/145/145
f 219/219/219 145/145/145 222/222/222
f 213/213/213 215/215/215 220/220/220
f 213/213/213 220/220/220 219/219/219
f 206/206/206 222/222/222 211/211/211
f 219/219/219 222/222/222 206/206/206
f 207/207/207 213/213/213 219/219/219
f 207/207/207 219/219/219 206/206/206
f 213/213/213 214/214/214 215/215/215
f 214/214/214 216/216/216 215/215/215
f 207/207/207 204/204/204 213/213/213
f 207/207/207 206/206/206 204/204/204
f 204/204/204 214/214/214 213/213/213
f 206/206/206 211/211/211 205/205/205
f 206/206/206 205/205/205 204/204/204
f 211/211/211 210/210/210 205/205/205
f 204/204/204 208/208/208 214/214/214
f 204/204/204 205/205/205 208/208/208
f 214/214/214 217/217/217 216/216/216
f 208/208/208 217/217/217 214/214/214
f 217/217/217 218/218/218 216/216/216
f 205/205/205 210/210/210 209/209/209
f 205/205/205 209/209/209 208/208/208
f 210/210/210 212/212/212 209/209/209
f 209/209/209 212/212/212 328/328/328
f 326/326/326 218/218/218 217/217/217
f 327/327/327 209/209/209 328/328/328
f 208/208/208 209/209/209 327/327/327
f 415/415/415 218/218/218 326/326/326
f 327/327/327 328/328/328 319/319/319
f 414/414/414 415/415/415 326/326/326
f 412/412/412 415/415/415 414/414/414
f 325/325/325 326/326/326 217/217/217
f 325/325/325 217/217/217 208/208/208
f 414/414/414 326/326/326 322/322/322
f 322/322/322 326/326/326 325/325/325
f 410/410/410 412/412/412 414/414/414
f 324/324/324 325/325/325 208/208/208
f 324/324/324 208/208/208 327/327/327
f 410/410/410 414/414/414 406/406/406
f 406/406/406 414/414/414 322/322/322
f 406/406/406 322/322/322 405/405/405
f 410/410/410 411/411/411 412/412/412
f 408/408/408 411/411/411 410/410/410
f 411/411/411 413/413/413 412/412/412
f 408/408/408 126/126/126 411/411/411
f 411/411/411 138/138/138 413/413/413
f 126/126/126 138/138/138 411/411/411
f 138/138/138 140/140/140 413/413/413
f 137/137/137 138/138/138 126/126/126
f 139/139/139 140/140/140 138/138/138
f 137/137/137 139/139/139 138/138/138
f 348/348/348 140/140/140 139/139/139
f 133/133/133 139/139/139 137/137/137
f 345/345/345 348/348/348 139/139/139
f 345/345/345 139/139/139 133/133/133
f 349/349/349 348/348/348 345/345/345
f 344/344/344 345/345/345 133/133/133
f 344/344/344 133/133/133 351/351/351
f 344/344/344 351/351/351 350/350/350
f 346/346/346 349/349/349 345/345/345
f 346/346/346 345/345/345 344/344/344
f 347/347/347 344/344/344 350/350/350
f 347/347/347 346/346/346 344/344/344
f 347/347/347 350/350/350 354/354/354
f 347/347/347 354/354/354 346/346/346
f 346/346/346 360/360/360 349/349/349
f 354/354/354 360/360/360 346/346/346
f 360/360/360 361/361/361 349/349/349
f 350/350/350 355/355/355 354/354/354
f 350/350/350 352/352/352 355/355/355
f 352/352/352 358/358/358 355/355/355
f 360/360/360 362/362/362 361/361/361
f 362/362/362 363/363/363 361/361/361
f 420/420/420 363/363/363 362/362/362
f 354/354/354 356/356/356 360/360/360
f 356/356/356 362/362/362 360/360/360
f 354/354/354 355/355/355 356/356/356
f 417/417/417 420/420/420 362/362/362
f 417/417/417 362/362/362 356/356/356
f 421/421/421 420/420/420 417/417/417
f 355/355/355 358/358/358 357/357/357
f 355/355/355 357/357/357 356/356/356
f 358/358/358 359/359/359 357/357/357
f 357/357/357 359/359/359 425/425/425
f 423/423/423 357/357/357 425/425/425
f 356/356/356 357/357/357 423/423/423
f 423/423/423 425/425/425 424/424/424
f 416/416/416 417/417/417 356/356/356
f 416/416/416 356/356/356 423/423/423
f 418/418/418 421/421/421 417/417/417
f 418/418/418 417/417/417 416/416/416
f 422/422/422 423/423/423 424/424/424
f 416/416/416 423/423/423 422/422/422
f 419/419/419 418/418/418 416/416/416
f 419/419/419 416/416/416 422/422/422
f 418/418/418 429/429/429 421/421/421
f 429/429/429 430/430/430 421/421/421
f 419/419/419 426/426/426 418/418/418
f 419/419/419 422/422/422 426/426/426
f 426/426/426 429/429/429 418/418/418
f 422/422/422 424/424/424 427/427/427
f 422/422/422 427/427/427 426/426/426
f 424/424/424 428/428/428 427/427/427
f 426/426/426 390/390/390 429/429/429
f 426/426/426 427/427/427 390/390/390
f 429/429/429 391/391/391 430/430/430
f 390/390/390 391/391/391 429/429/429
f 391/391/391 393/393/393 430/430/430
f 392/392/392 393/393/393 391/391/391
f 427/427/427 428/428/428 398/398/398
f 427/427/427 398/398/398 390/390/390
f 428/428/428 399/399/399 398/398/398
f 398/398/398 399/399/399 397/397/397
f 389/389/389 392/392/392 391/391/391
f 389/389/389 391/391/391 390/390/390
f 383/383/383 392/392/392 389/389/389
f 395/395/395 398/398/398 397/397/397
f 390/390/390 398/398/398 395/395/395
f 395/395/395 397/397/397 396/396/396
f 388/388/388 389/389/389 390/390/390
f 388/388/388 390/390/390 395/395/395
f 379/379/379 383/383/383 389/389/389
f 379/379/379 389/389/389 388/388/388
f 379/379/379 380/380/380 383/383/383
f 388/388/388 395/395/395 394/394/394
f 394/394/394 395/395/395 396/396/396
f 382/382/382 379/379/379 388/388/388
f 382/382/382 388/388/388 394/394/394
f 382/382/382 381/381/381 379/379/379
f 382/382/382 394/394/394 381/381/381
f 381/381/381 380/380/380 379/379/379
f 394/394/394 396/396/396 400/400/400
f 394/394/394 400/400/400 381/381/381
f 396/396/396 402/402/402 400/400/400
f 381/381/381 386/386/386 380/380/380
f 381/381/381 400/400/400 386/386/386
f 386/386/386 385/385/385 380/380/380
f 400/400/400 402/402/402 401/401/401
f 400/400/400 401/401/401 386/386/386
f 402/402/402 403/403/403 401/401/401
f 2771/2771/2771 385/385/385 386/386/386
f 401/401/401 403/403/403 2775/2775/2775
f 2773/2773/2773 401/401/401 2775/2775/2775
f 386/386/386 401/401/401 2773/2773/2773
f 2773/2773/2773 2775/2775/2775 2774/2774/2774
f 2770/2770/2770 2771/2771/2771 386/386/386
f 2770/2770/2770 386/386/386 2773/2773/2773
f 2772/2772/2772 2773/2773/2773 2774/2774/2774
f 2770/2770/2770 2773/2773/2773 2772/2772/2772
f 2766/2766/2766 2771/2771/2771 2770/2770/2770
f 2766/2766/2766 450/450/450 2771/2771/2771
f 2769/2769/2769 2770/2770/2770 2772/2772/2772
f 2769/2769/2769 2766/2766/2766 2770/2770/2770
f 2772/2772/2772 2774/2774/2774 2776/2776/2776
f 2774/2774/2774 2777/2777/2777 2776/2776/2776
f 2769/2769/2769 2772/2772/2772 2768/2768/2768
f 2769/2769/2769 2768/2768/2768 2766/2766/2766
f 2772/2772/2772 2776/2776/2776 2768/2768/2768
f 2766/2766/2766 2767/2767/2767 450/450/450
f 2768/2768/2768 2767/2767/2767 2766/2766/2766
f 2776/2776/2776 2777/2777/2777 2568/2568/2568
f 2777/2777/2777 2570/2570/2570 2568/2568/2568
f 2568/2568/2568 2570/2570/2570 2567/2567/2567
f 2768/2768/2768 2776/2776/2776 2569/2569/2569
f 2776/2776/2776 2568/2568/2568 2569/2569/2569
f 2768/2768/2768 2569/2569/2569 2767/2767/2767
f 2563/2563/2563 2568/2568/2568 2567/2567/2567
f 2569/2569/2569 2568/2568/2568 2563/2563/2563
f 2563/2563/2563 2567/2567/2567 2566/2566/2566
f 2767/2767/2767 458/458/458 450/450/450
f 450/450/450 458/458/458 455/455/455
f 2569/2569/2569 2581/2581/2581 2767/2767/2767
f 2767/2767/2767 2581/2581/2581 458/458/458
f 455/455/455 458/458/458 457/457/457
f 455/455/455 457/457/457 456/456/456
f 2581/2581/2581 459/459/459 458/458/458
f 458/458/458 459/459/459 457/457/457
f 2547/2547/2547 459/459/459 2581/2581/2581
f 457/457/457 459/459/459 2547/2547/2547
f 2580/2580/2580 2581/2581/2581 2569/2569/2569
f 2580/2580/2580 2547/2547/2547 2581/2581/2581
f 456/456/456 457/457/457 2543/2543/2543
f 2543/2543/2543 457/457/457 2547/2547/2547
f 2564/2564/2564 2580/2580/2580 2569/2569/2569
f 2564/2564/2564 2569/2569/2569 2563/2563/2563
f 2546/2546/2546 2547/2547/2547 2580/2580/2580
f 2543/2543/2543 2547/2547/2547 2546/2546/2546
f 2577/2577/2577 2580/2580/2580 2564/2564/2564
f 2577/2577/2577 2546/2546/2546 2580/2580/2580
f 2564/2564/2564 2563/2563/2563 2562/2562/2562
f 2562/2562/2562 2563/2563/2563 2566/2566/2566
f 2565/2565/2565 2577/2577/2577 2564/2564/2564
f 2565/2565/2565 2564/2564/2564 2562/2562/2562
f 2565/2565/2565 2571/2571/2571 2577/2577/2577
f 2565/2565/2565 2562/2562/2562 2571/2571/2571
f 2562/2562/2562 2566/2566/2566 2572/2572/2572
f 2562/2562/2562 2572/2572/2572 2571/2571/2571
f 2566/2566/2566 2575/2575/2575 2572/2572/2572
f 2571/2571/2571 2578/2578/2578 2577/2577/2577
f 2577/2577/2577 2578/2578/2578 2546/2546/2546
f 2572/2572/2572 2575/2575/2575 2574/2574/2574
f 2575/2575/2575 2576/2576/2576 2574/2574/2574
f 2574/2574/2574 2576/2576/2576 3049/3049/3049
f 2571/2571/2571 2572/2572/2572 2573/2573/2573
f 2572/2572/2572 2574/2574/2574 2573/2573/2573
f 2571/2571/2571 2573/2573/2573 2578/2578/2578
f 3045/3045/3045 2574/2574/2574 3049/3049/3049
f 2573/2573/2573 2574/2574/2574 3045/3045/3045
f 3045/3045/3045 3049/3049/3049 3048/3048/3048
f 2573/2573/2573 2579/2579/2579 2578/2578/2578
f 3044/3044/3044 3045/3045/3045 3048/3048/3048
f 2578/2578/2578 2579/2579/2579 2552/2552/2552
f 2578/2578/2578 2552/2552/2552 2546/2546/2546
f 3046/3046/3046 2573/2573/2573 3045/3045/3045
f 3046/3046/3046 3045/3045/3045 3044/3044/3044
f 3059/3059/3059 2579/2579/2579 2573/2573/2573
f 3046/3046/3046 3059/3059/3059 2573/2573/2573
f 3044/3044/3044 3048/3048/3048 3051/3051/3051
f 3048/3048/3048 3054/3054/3054 3051/3051/3051
f 3054/3054/3054 3055/3055/3055 3053/3053/3053
f 3051/3051/3051 3054/3054/3054 3053/3053/3053
f 3051/3051/3051 3053/3053/3053 3052/3052/3052
f 3047/3047/3047 3046/3046/3046 3044/3044/3044
f 3044/3044/3044 3051/3051/3051 3050/3050/3050
f 3047/3047/3047 3044/3044/3044 3050/3050/3050
f 3050/3050/3050 3051/3051/3051 3052/3052/3052
f 3047/3047/3047 3056/3056/3056 3046/3046/3046
f 3047/3047/3047 3050/3050/3050 3056/3056/3056
f 3056/3056/3056 3059/3059/3059 3046/3046/3046
f 3050/3050/3050 3052/3052/3052 3057/3057/3057
f 3050/3050/3050 3057/3057/3057 3056/3056/3056
f 3052/3052/3052 3058/3058/3058 3057/3057/3057
f 3056/3056/3056 3028/3028/3028 3059/3059/3059
f 3056/3056/3056 3057/3057/3057 3028/3028/3028
f 3057/3057/3057 3058/3058/3058 3034/3034/3034
f 3057/3057/3057 3034/3034/3034 3028/3028/3028
f 3058/3058/3058 3035/3035/3035 3034/3034/3034
f 3034/3034/3034 3035/3035/3035 3033/3033/3033
f 3031/3031/3031 3034/3034/3034 3033/3033/3033
f 3028/3028/3028 3034/3034/3034 3031/3031/3031
f 3031/3031/3031 3033/3033/3033 3032/3032/3032
f 3028/3028/3028 3029/3029/3029 3059/3059/3059
f 3059/3059/3059 3029/3029/3029 2579/2579/2579
f 3024/3024/3024 3028/3028/3028 3031/3031/3031
f 3029/3029/3029 2553/2553/2553 2579/2579/2579
f 2579/2579/2579 2553/2553/2553 2552/2552/2552
f 3025/3025/3025 3029/3029/3029 3028/3028/3028
f 3024/3024/3024 3025/3025/3025 3028/3028/3028
f 2551/2551/2551 2553/2553/2553 3029/3029/3029
f 2552/2552/2552 2553/2553/2553 2551/2551/2551
f 3025/3025/3025 2551/2551/2551 3029/3029/3029
f 2549/2549/2549 2552/2552/2552 2551/2551/2551
f 2546/2546/2546 2552/2552/2552 2549/2549/2549
f 2550/2550/2550 2551/2551/2551 3025/3025/3025
f 2549/2549/2549 2551/2551/2551 2550/2550/2550
f 3026/3026/3026 3025/3025/3025 3024/3024/3024
f 3026/3026/3026 2550/2550/2550 3025/3025/3025
f 2542/2542/2542 2546/2546/2546 2549/2549/2549
f 2542/2542/2542 2543/2543/2543 2546/2546/2546
f 2548/2548/2548 2549/2549/2549 2550/2550/2550
f 2542/2542/2542 2549/2549/2549 2548/2548/2548
f 2544/2544/2544 2543/2543/2543 2542/2542/2542
f 2544/2544/2544 456/456/456 2543/2543/2543
f 2544/2544/2544 2560/2560/2560 456/456/456
f 2545/2545/2545 2542/2542/2542 2548/2548/2548
f 2545/2545/2545 2544/2544/2544 2542/2542/2542
f 2554/2554/2554 2560/2560/2560 2544/2544/2544
f 2545/2545/2545 2554/2554/2554 2544/2544/2544
f 2545/2545/2545 2548/2548/2548 2554/2554/2554
f 2554/2554/2554 2556/2556/2556 2560/2560/2560
f 2548/2548/2548 2555/2555/2555 2554/2554/2554
f 2554/2554/2554 2555/2555/2555 2556/2556/2556
f 2548/2548/2548 2550/2550/2550 2555/2555/2555
f 2555/2555/2555 2557/2557/2557 2556/2556/2556
f 2556/2556/2556 2557/2557/2557 2589/2589/2589
f 2550/2550/2550 2558/2558/2558 2555/2555/2555
f 2555/2555/2555 2558/2558/2558 2557/2557/2557
f 2589/2589/2589 2557/2557/2557 2591/2591/2591
f 2589/2589/2589 2591/2591/2591 2590/2590/2590
f 2558/2558/2558 2559/2559/2559 2557/2557/2557
f 2557/2557/2557 2559/2559/2559 2591/2591/2591
f 3042/3042/3042 2558/2558/2558 2550/2550/2550
f 3026/3026/3026 3042/3042/3042 2550/2550/2550
f 3043/3043/3043 2559/2559/2559 2558/2558/2558
f 2591/2591/2591 2559/2559/2559 3043/3043/3043
f 3042/3042/3042 3043/3043/3043 2558/2558/2558
f 2590/2590/2590 2591/2591/2591 3061/3061/3061
f 3061/3061/3061 2591/2591/2591 3043/3043/3043
f 3062/3062/3062 2590/2590/2590 3061/3061/3061
f 3062/3062/3062 3071/3071/3071 2590/2590/2590
f 3068/3068/3068 3071/3071/3071 3062/3062/3062
f 3061/3061/3061 3043/3043/3043 3038/3038/3038
f 3038/3038/3038 3043/3043/3043 3042/3042/3042
f 3062/3062/3062 3061/3061/3061 3060/3060/3060
f 3060/3060/3060 3061/3061/3061 3038/3038/3038
f 3063/3063/3063 3068/3068/3068 3062/3062/3062
f 3063/3063/3063 3062/3062/3062 3060/3060/3060
f 3063/3063/3063 3064/3064/3064 3068/3068/3068
f 3063/3063/3063 3060/3060/3060 3064/3064/3064
f 3064/3064/3064 3069/3069/3069 3068/3068/3068
f 3064/3064/3064 3066/3066/3066 3069/3069/3069
f 3060/3060/3060 3065/3065/3065 3064/3064/3064
f 3064/3064/3064 3065/3065/3065 3066/3066/3066
f 3060/3060/3060 3038/3038/3038 3065/3065/3065
f 3065/3065/3065 3067/3067/3067 3066/3066/3066
f 3065/3065/3065 3039/3039/3039 3067/3067/3067
f 3038/3038/3038 3039/3039/3039 3065/3065/3065
f 3039/3039/3039 3041/3041/3041 3067/3067/3067
f 3040/3040/3040 3041/3041/3041 3039/3039/3039
f 3037/3037/3037 3040/3040/3040 3039/3039/3039
f 3037/3037/3037 3039/3039/3039 3038/3038/3038
f 3032/3032/3032 3040/3040/3040 3037/3037/3037
f 3036/3036/3036 3038/3038/3038 3042/3042/3042
f 3036/3036/3036 3037/3037/3037 3038/3038/3038
f 3036/3036/3036 3042/3042/3042 3026/3026/3026
f 3030/3030/3030 3032/3032/3032 3037/3037/3037
f 3030/3030/3030 3037/3037/3037 3036/3036/3036
f 3030/3030/3030 3031/3031/3031 3032/3032/3032
f 3024/3024/3024 3031/3031/3031 3030/3030/3030
f 3027/3027/3027 3036/3036/3036 3026/3026/3026
f 3027/3027/3027 3030/3030/3030 3036/3036/3036
f 3027/3027/3027 3026/3026/3026 3024/3024/3024
f 3027/3027/3027 3024/3024/3024 3030/3030/3030
f 305/305/305 307/307/307 306/306/306
f 304/304/304 305/305/305 306/306/306
f 305/305/305 308/308/308 307/307/307
f 304/304/304 306/306/306 310/310/310
f 308/308/308 309/309/309 307/307/307
f 378/378/378 309/309/309 308/308/308
f 323/323/323 309/309/309 378/378/378
f 307/307/307 309/309/309 323/323/323
f 405/405/405 323/323/323 378/378/378
f 322/322/322 323/323/323 405/405/405
f 321/321/321 307/307/307 323/323/323
f 321/321/321 323/323/323 322/322/322
f 306/306/306 307/307/307 321/321/321
f 320/320/320 321/321/321 322/322/322
f 320/320/320 322/322/322 325/325/325
f 320/320/320 325/325/325 324/324/324
f 314/314/314 306/306/306 321/321/321
f 314/314/314 321/321/321 320/320/320
f 317/317/317 320/320/320 324/324/324
f 317/317/317 314/314/314 320/320/320
f 317/317/317 324/324/324 316/316/316
f 317/317/317 316/316/316 314/314/314
f 324/324/324 327/327/327 316/316/316
f 316/316/316 327/327/327 319/319/319
f 316/316/316 315/315/315 314/314/314
f 316/316/316 319/319/319 315/315/315
f 314/314/314 315/315/315 306/306/306
f 319/319/319 318/318/318 315/315/315
f 315/315/315 312/312/312 306/306/306
f 315/315/315 318/318/318 312/312/312
f 306/306/306 312/312/312 310/310/310
f 318/318/318 313/313/313 312/312/312
f 310/310/310 312/312/312 311/311/311
f 312/312/312 313/313/313 311/311/311
f 546/546/546 545/545/545 544/544/544
f 547/547/547 546/546/546 544/544/544
f 547/547/547 544/544/544 553/553/553
f 547/547/547 559/559/559 546/546/546
f 547/547/547 553/553/553 559/559/559
f 559/559/559 565/565/565 546/546/546
f 544/544/544 554/554/554 553/553/553
f 546/546/546 565/565/565 551/551/551
f 546/546/546 551/551/551 545/545/545
f 559/559/559 561/561/561 565/565/565
f 553/553/553 560/560/560 559/559/559
f 559/559/559 560/560/560 561/561/561
f 561/561/561 567/567/567 565/565/565
f 560/560/560 562/562/562 561/561/561
f 565/565/565 567/567/567 566/566/566
f 565/565/565 566/566/566 551/551/551
f 567/567/567 568/568/568 566/566/566
f 566/566/566 568/568/568 735/735/735
f 560/560/560 563/563/563 562/562/562
f 563/563/563 564/564/564 562/562/562
f 555/555/555 563/563/563 560/560/560
f 553/553/553 555/555/555 560/560/560
f 553/553/553 554/554/554 555/555/555
f 554/554/554 556/556/556 555/555/555
f 733/733/733 566/566/566 735/735/735
f 551/551/551 566/566/566 733/733/733
f 733/733/733 735/735/735 734/734/734
f 554/554/554 557/557/557 556/556/556
f 557/557/557 558/558/558 556/556/556
f 1080/1080/1080 558/558/558 557/557/557
f 544/544/544 548/548/548 554/554/554
f 548/548/548 557/557/557 554/554/554
f 544/544/544 545/545/545 548/548/548
f 1079/1079/1079 1080/1080/1080 557/557/557
f 1079/1079/1079 557/557/557 548/548/548
f 1074/1074/1074 1080/1080/1080 1079/1079/1079
f 545/545/545 549/549/549 548/548/548
f 1072/1072/1072 1074/1074/1074 1079/1079/1079
f 1078/1078/1078 1079/1079/1079 548/548/548
f 1072/1072/1072 1079/1079/1079 1078/1078/1078
f 548/548/548 549/549/549 1081/1081/1081
f 1078/1078/1078 548/548/548 1081/1081/1081
f 545/545/545 550/550/550 549/549/549
f 551/551/551 550/550/550 545/545/545
f 1072/1072/1072 1073/1073/1073 1074/1074/1074
f 1073/1073/1073 1075/1075/1075 1074/1074/1074
f 1076/1076/1076 1077/1077/1077 1075/1075/1075
f 1073/1073/1073 1076/1076/1076 1075/1075/1075
f 1070/1070/1070 1076/1076/1076 1073/1073/1073
f 1066/1066/1066 1073/1073/1073 1072/1072/1072
f 1066/1066/1066 1070/1070/1070 1073/1073/1073
f 1069/1069/1069 1072/1072/1072 1078/1078/1078
f 1069/1069/1069 1066/1066/1066 1072/1072/1072
f 1069/1069/1069 1078/1078/1078 1068/1068/1068
f 1069/1069/1069 1068/1068/1068 1066/1066/1066
f 1078/1078/1078 1081/1081/1081 1068/1068/1068
f 1066/1066/1066 1067/1067/1067 1070/1070/1070
f 1068/1068/1068 1067/1067/1067 1066/1066/1066
f 1067/1067/1067 1071/1071/1071 1070/1070/1070
f 1068/1068/1068 1081/1081/1081 1025/1025/1025
f 1068/1068/1068 1025/1025/1025 1067/1067/1067
f 1067/1067/1067 1026/1026/1026 1071/1071/1071
f 1025/1025/1025 1026/1026/1026 1067/1067/1067
f 1026/1026/1026 1028/1028/1028 1071/1071/1071
f 1027/1027/1027 1028/1028/1028 1026/1026/1026
f 1024/1024/1024 1027/1027/1027 1026/1026/1026
f 1024/1024/1024 1026/1026/1026 1025/1025/1025
f 1018/1018/1018 1027/1027/1027 1024/1024/1024
f 1081/1081/1081 1031/1031/1031 1025/1025/1025
f 1081/1081/1081 549/549/549 1031/1031/1031
f 1023/1023/1023 1024/1024/1024 1025/1025/1025
f 549/549/549 552/552/552 1031/1031/1031
f 550/550/550 552/552/552 549/549/549
f 1025/1025/1025 1031/1031/1031 1030/1030/1030
f 1023/1023/1023 1025/1025/1025 1030/1030/1030
f 1031/1031/1031 552/552/552 731/731/731
f 731/731/731 552/552/552 550/550/550
f 1030/1030/1030 1031/1031/1031 731/731/731
f 730/730/730 731/731/731 550/550/550
f 730/730/730 550/550/550 551/551/551
f 1030/1030/1030 731/731/731 727/727/727
f 727/727/727 731/731/731 730/730/730
f 729/729/729 730/730/730 551/551/551
f 729/729/729 551/551/551 733/733/733
f 723/723/723 727/727/727 730/730/730
f 723/723/723 730/730/730 729/729/729
f 729/729/729 733/733/733 732/732/732
f 732/732/732 733/733/733 734/734/734
f 726/726/726 723/723/723 729/729/729
f 726/726/726 729/729/729 732/732/732
f 726/726/726 725/725/725 723/723/723
f 726/726/726 732/732/732 725/725/725
f 732/732/732 734/734/734 736/736/736
f 732/732/732 736/736/736 725/725/725
f 734/734/734 737/737/737 736/736/736
f 725/725/725 724/724/724 723/723/723
f 723/723/723 724/724/724 727/727/727
f 736/736/736 737/737/737 588/588/588
f 737/737/737 589/589/589 588/588/588
f 588/588/588 589/589/589 587/587/587
f 725/725/725 736/736/736 580/580/580
f 736/736/736 588/588/588 580/580/580
f 725/725/725 580/580/580 724/724/724
f 585/585/585 588/588/588 587/587/587
f 580/580/580 588/588/588 585/585/585
f 585/585/585 587/587/587 586/586/586
f 580/580/580 581/581/581 724/724/724
f 584/584/584 585/585/585 586/586/586
f 724/724/724 581/581/581 728/728/728
f 724/724/724 728/728/728 727/727/727
f 578/578/578 580/580/580 585/585/585
f 578/578/578 585/585/585 584/584/584
f 579/579/579 581/581/581 580/580/580
f 578/578/578 579/579/579 580/580/580
f 584/584/584 586/586/586 590/590/590
f 586/586/586 592/592/592 590/590/590
f 572/572/572 578/578/578 584/584/584
f 590/590/590 592/592/592 591/591/591
f 592/592/592 593/593/593 591/591/591
f 591/591/591 593/593/593 718/718/718
f 584/584/584 590/590/590 571/571/571
f 572/572/572 584/584/584 571/571/571
f 716/716/716 591/591/591 718/718/718
f 572/572/572 569/569/569 578/578/578
f 572/572/572 571/571/571 569/569/569
f 569/569/569 579/579/579 578/578/578
f 716/716/716 718/718/718 717/717/717
f 590/590/590 591/591/591 576/576/576
f 571/571/571 590/590/590 576/576/576
f 576/576/576 591/591/591 716/716/716
f 571/571/571 570/570/570 569/569/569
f 571/571/571 576/576/576 570/570/570
f 569/569/569 573/573/573 579/579/579
f 569/569/569 570/570/570 573/573/573
f 579/579/579 582/582/582 581/581/581
f 573/573/573 582/582/582 579/579/579
f 582/582/582 583/583/583 581/581/581
f 581/581/581 583/583/583 728/728/728
f 1033/1033/1033 583/583/583 582/582/582
f 728/728/728 583/583/583 1033/1033/1033
f 1064/1064/1064 582/582/582 573/573/573
f 1064/1064/1064 1033/1033/1033 582/582/582
f 1032/1032/1032 728/728/728 1033/1033/1033
f 727/727/727 728/728/728 1032/1032/1032
f 1021/1021/1021 1033/1033/1033 1064/1064/1064
f 1032/1032/1032 1033/1033/1033 1021/1021/1021
f 1029/1029/1029 727/727/727 1032/1032/1032
f 1029/1029/1029 1030/1030/1030 727/727/727
f 1023/1023/1023 1030/1030/1030 1029/1029/1029
f 1029/1029/1029 1032/1032/1032 1016/1016/1016
f 1016/1016/1016 1032/1032/1032 1021/1021/1021
f 1017/1017/1017 1023/1023/1023 1029/1029/1029
f 1017/1017/1017 1029/1029/1029 1016/1016/1016
f 1017/1017/1017 1014/1014/1014 1023/1023/1023
f 1017/1017/1017 1016/1016/1016 1014/1014/1014
f 1014/1014/1014 1024/1024/1024 1023/1023/1023
f 1014/1014/1014 1018/1018/1018 1024/1024/1024
f 1016/1016/1016 1015/1015/1015 1014/1014/1014
f 1014/1014/1014 1015/1015/1015 1018/1018/1018
f 1016/1016/1016 1021/1021/1021 1015/1015/1015
f 1015/1015/1015 1019/1019/1019 1018/1018/1018
f 1015/1015/1015 1020/1020/1020 1019/1019/1019
f 1021/1021/1021 1020/1020/1020 1015/1015/1015
f 1020/1020/1020 1022/1022/1022 1019/1019/1019
f 1062/1062/1062 1022/1022/1022 1020/1020/1020
f 1061/1061/1061 1062/1062/1062 1020/1020/1020
f 1061/1061/1061 1020/1020/1020 1021/1021/1021
f 1058/1058/1058 1062/1062/1062 1061/1061/1061
f 1060/1060/1060 1061/1061/1061 1021/1021/1021
f 1060/1060/1060 1021/1021/1021 1064/1064/1064
f 1054/1054/1054 1058/1058/1058 1061/1061/1061
f 1054/1054/1054 1061/1061/1061 1060/1060/1060
f 1060/1060/1060 1064/1064/1064 1063/1063/1063
f 1063/1063/1063 1064/1064/1064 573/573/573
f 1057/1057/1057 1054/1054/1054 1060/1060/1060
f 1057/1057/1057 1060/1060/1060 1063/1063/1063
f 1054/1054/1054 1055/1055/1055 1058/1058/1058
f 1055/1055/1055 1059/1059/1059 1058/1058/1058
f 1057/1057/1057 1056/1056/1056 1054/1054/1054
f 1057/1057/1057 1063/1063/1063 1056/1056/1056
f 1056/1056/1056 1055/1055/1055 1054/1054/1054
f 1063/1063/1063 573/573/573 1065/1065/1065
f 1063/1063/1063 1065/1065/1065 1056/1056/1056
f 1055/1055/1055 1046/1046/1046 1059/1059/1059
f 1046/1046/1046 1048/1048/1048 1059/1059/1059
f 1047/1047/1047 1048/1048/1048 1046/1046/1046
f 1056/1056/1056 1045/1045/1045 1055/1055/1055
f 1045/1045/1045 1046/1046/1046 1055/1055/1055
f 1056/1056/1056 1065/1065/1065 1045/1045/1045
f 1044/1044/1044 1047/1047/1047 1046/1046/1046
f 1044/1044/1044 1046/1046/1046 1045/1045/1045
f 1038/1038/1038 1047/1047/1047 1044/1044/1044
f 573/573/573 574/574/574 1065/1065/1065
f 570/570/570 574/574/574 573/573/573
f 1065/1065/1065 1051/1051/1051 1045/1045/1045
f 1065/1065/1065 574/574/574 1051/1051/1051
f 570/570/570 575/575/575 574/574/574
f 576/576/576 575/575/575 570/570/570
f 574/574/574 577/577/577 1051/1051/1051
f 575/575/575 577/577/577 574/574/574
f 1051/1051/1051 577/577/577 714/714/714
f 714/714/714 577/577/577 575/575/575
f 1045/1045/1045 1051/1051/1051 1050/1050/1050
f 1050/1050/1050 1051/1051/1051 714/714/714
f 713/713/713 575/575/575 576/576/576
f 713/713/713 714/714/714 575/575/575
f 1043/1043/1043 1045/1045/1045 1050/1050/1050
f 1043/1043/1043 1044/1044/1044 1045/1045/1045
f 1050/1050/1050 714/714/714 707/707/707
f 707/707/707 714/714/714 713/713/713
f 1043/1043/1043 1050/1050/1050 1049/1049/1049
f 1049/1049/1049 1050/1050/1050 707/707/707
f 1034/1034/1034 1044/1044/1044 1043/1043/1043
f 1034/1034/1034 1038/1038/1038 1044/1044/1044
f 1037/1037/1037 1043/1043/1043 1049/1049/1049
f 1037/1037/1037 1034/1034/1034 1043/1043/1043
f 1037/1037/1037 1049/1049/1049 1036/1036/1036
f 1037/1037/1037 1036/1036/1036 1034/1034/1034
f 1034/1034/1034 1035/1035/1035 1038/1038/1038
f 1036/1036/1036 1035/1035/1035 1034/1034/1034
f 1035/1035/1035 1039/1039/1039 1038/1038/1038
f 1040/1040/1040 1042/1042/1042 1039/1039/1039
f 1035/1035/1035 1040/1040/1040 1039/1039/1039
f 1041/1041/1041 1040/1040/1040 1035/1035/1035
f 1036/1036/1036 1041/1041/1041 1035/1035/1035
f 1049/1049/1049 1052/1052/1052 1036/1036/1036
f 1036/1036/1036 1052/1052/1052 1041/1041/1041
f 1049/1049/1049 707/707/707 1052/1052/1052
f 1052/1052/1052 1053/1053/1053 1041/1041/1041
f 1052/1052/1052 708/708/708 1053/1053/1053
f 707/707/707 708/708/708 1052/1052/1052
f 708/708/708 711/711/711 1053/1053/1053
f 709/709/709 711/711/711 708/708/708
f 704/704/704 709/709/709 708/708/708
f 704/704/704 708/708/708 707/707/707
f 710/710/710 709/709/709 704/704/704
f 703/703/703 704/704/704 707/707/707
f 703/703/703 707/707/707 713/713/713
f 705/705/705 710/710/710 704/704/704
f 705/705/705 704/704/704 703/703/703
f 703/703/703 713/713/713 712/712/712
f 712/712/712 713/713/713 576/576/576
f 712/712/712 576/576/576 716/716/716
f 706/706/706 705/705/705 703/703/703
f 706/706/706 703/703/703 712/712/712
f 712/712/712 716/716/716 715/715/715
f 706/706/706 712/712/712 715/715/715
f 706/706/706 715/715/715 705/705/705
f 715/715/715 716/716/716 717/717/717
f 705/705/705 719/719/719 710/710/710
f 715/715/715 719/719/719 705/705/705
f 715/715/715 717/717/717 719/719/719
f 719/719/719 720/720/720 710/710/710
f 717/717/717 721/721/721 719/719/719
f 719/719/719 721/721/721 720/720/720
f 721/721/721 722/722/722 720/720/720
f 596/596/596 595/595/595 594/594/594
f 597/597/597 596/596/596 594/594/594
f 597/597/597 594/594/594 603/603/603
f 597/597/597 609/609/609 596/596/596
f 597/597/597 603/603/603 609/609/609
f 609/609/609 615/615/615 596/596/596
f 594/594/594 604/604/604 603/603/603
f 596/596/596 615/615/615 601/601/601
f 596/596/596 601/601/601 595/595/595
f 603/603/603 610/610/610 609/609/609
f 594/594/594 595/595/595 598/598/598
f 594/594/594 598/598/598 604/604/604
f 609/609/609 611/611/611 615/615/615
f 609/609/609 610/610/610 611/611/611
f 603/603/603 604/604/604 605/605/605
f 603/603/603 605/605/605 610/610/610
f 598/598/598 607/607/607 604/604/604
f 604/604/604 606/606/606 605/605/605
f 604/604/604 607/607/607 606/606/606
f 605/605/605 613/613/613 610/610/610
f 607/607/607 608/608/608 606/606/606
f 610/610/610 613/613/613 612/612/612
f 610/610/610 612/612/612 611/611/611
f 606/606/606 608/608/608 773/773/773
f 700/700/700 608/608/608 607/607/607
f 773/773/773 608/608/608 700/700/700
f 605/605/605 606/606/606 975/975/975
f 975/975/975 606/606/606 773/773/773
f 699/699/699 700/700/700 607/607/607
f 699/699/699 607/607/607 598/598/598
f 772/772/772 773/773/773 700/700/700
f 694/694/694 700/700/700 699/699/699
f 772/772/772 700/700/700 694/694/694
f 975/975/975 773/773/773 768/768/768
f 768/768/768 773/773/773 772/772/772
f 976/976/976 605/605/605 975/975/975
f 974/974/974 975/975/975 768/768/768
f 976/976/976 975/975/975 974/974/974
f 976/976/976 987/987/987 605/605/605
f 987/987/987 613/613/613 605/605/605
f 977/977/977 976/976/976 974/974/974
f 982/982/982 987/987/987 976/976/976
f 977/977/977 982/982/982 976/976/976
f 977/977/977 974/974/974 978/978/978
f 977/977/977 978/978/978 982/982/982
f 974/974/974 768/768/768 979/979/979
f 974/974/974 979/979/979 978/978/978
f 982/982/982 984/984/984 987/987/987
f 978/978/978 983/983/983 982/982/982
f 982/982/982 983/983/983 984/984/984
f 987/987/987 988/988/988 613/613/613
f 984/984/984 988/988/988 987/987/987
f 988/988/988 614/614/614 613/613/613
f 613/613/613 614/614/614 612/612/612
f 925/925/925 614/614/614 988/988/988
f 612/612/612 614/614/614 925/925/925
f 2612/2612/2612 988/988/988 984/984/984
f 2612/2612/2612 925/925/925 988/988/988
f 923/923/923 612/612/612 925/925/925
f 611/611/611 612/612/612 923/923/923
f 924/924/924 925/925/925 2612/2612/2612
f 923/923/923 925/925/925 924/924/924
f 2599/2599/2599 2612/2612/2612 984/984/984
f 918/918/918 611/611/611 923/923/923
f 2609/2609/2609 2612/2612/2612 2599/2599/2599
f 2609/2609/2609 924/924/924 2612/2612/2612
f 918/918/918 923/923/923 922/922/922
f 922/922/922 923/923/923 924/924/924
f 2600/2600/2600 2609/2609/2609 2599/2599/2599
f 921/921/921 918/918/918 922/922/922
f 2600/2600/2600 2599/2599/2599 2597/2597/2597
f 921/921/921 922/922/922 926/926/926
f 2600/2600/2600 2603/2603/2603 2609/2609/2609
f 2600/2600/2600 2597/2597/2597 2603/2603/2603
f 921/921/921 920/920/920 918/918/918
f 921/921/921 926/926/926 920/920/920
f 918/918/918 919/919/919 611/611/611
f 920/920/920 919/919/919 918/918/918
f 922/922/922 927/927/927 926/926/926
f 922/922/922 924/924/924 927/927/927
f 919/919/919 617/617/617 611/611/611
f 611/611/611 617/617/617 615/615/615
f 2609/2609/2609 2610/2610/2610 924/924/924
f 2603/2603/2603 2610/2610/2610 2609/2609/2609
f 615/615/615 617/617/617 616/616/616
f 615/615/615 616/616/616 601/601/601
f 2610/2610/2610 930/930/930 924/924/924
f 924/924/924 930/930/930 927/927/927
f 2603/2603/2603 2605/2605/2605 2610/2610/2610
f 2610/2610/2610 2611/2611/2611 930/930/930
f 2605/2605/2605 2611/2611/2611 2610/2610/2610
f 2611/2611/2611 931/931/931 930/930/930
f 930/930/930 931/931/931 929/929/929
f 927/927/927 930/930/930 929/929/929
f 927/927/927 929/929/929 928/928/928
f 926/926/926 927/927/927 928/928/928
f 2603/2603/2603 2604/2604/2604 2605/2605/2605
f 2597/2597/2597 2604/2604/2604 2603/2603/2603
f 2604/2604/2604 2606/2606/2606 2605/2605/2605
f 926/926/926 928/928/928 932/932/932
f 926/926/926 932/932/932 920/920/920
f 928/928/928 933/933/933 932/932/932
f 2604/2604/2604 2607/2607/2607 2606/2606/2606
f 2607/2607/2607 2608/2608/2608 2606/2606/2606
f 2764/2764/2764 2608/2608/2608 2607/2607/2607
f 932/932/932 933/933/933 866/866/866
f 933/933/933 867/867/867 866/866/866
f 866/866/866 867/867/867 865/865/865
f 920/920/920 932/932/932 860/860/860
f 932/932/932 866/866/866 860/860/860
f 920/920/920 860/860/860 919/919/919
f 863/863/863 866/866/866 865/865/865
f 860/860/860 866/866/866 863/863/863
f 863/863/863 865/865/865 864/864/864
f 860/860/860 861/861/861 919/919/919
f 919/919/919 861/861/861 617/617/617
f 858/858/858 860/860/860 863/863/863
f 861/861/861 618/618/618 617/617/617
f 617/617/617 618/618/618 616/616/616
f 859/859/859 861/861/861 860/860/860
f 858/858/858 859/859/859 860/860/860
f 634/634/634 618/618/618 861/861/861
f 616/616/616 618/618/618 634/634/634
f 859/859/859 634/634/634 861/861/861
f 632/632/632 616/616/616 634/634/634
f 601/601/601 616/616/616 632/632/632
f 633/633/633 634/634/634 859/859/859
f 632/632/632 634/634/634 633/633/633
f 854/854/854 859/859/859 858/858/858
f 854/854/854 633/633/633 859/859/859
f 858/858/858 863/863/863 862/862/862
f 862/862/862 863/863/863 864/864/864
f 857/857/857 854/854/854 858/858/858
f 857/857/857 858/858/858 862/862/862
f 857/857/857 856/856/856 854/854/854
f 857/857/857 862/862/862 856/856/856
f 862/862/862 864/864/864 868/868/868
f 862/862/862 868/868/868 856/856/856
f 864/864/864 869/869/869 868/868/868
f 856/856/856 855/855/855 854/854/854
f 854/854/854 855/855/855 633/633/633
f 868/868/868 869/869/869 679/679/679
f 869/869/869 680/680/680 679/679/679
f 679/679/679 680/680/680 678/678/678
f 856/856/856 868/868/868 672/672/672
f 868/868/868 679/679/679 672/672/672
f 856/856/856 672/672/672 855/855/855
f 676/676/676 679/679/679 678/678/678
f 672/672/672 679/679/679 676/676/676
f 676/676/676 678/678/678 677/677/677
f 672/672/672 673/673/673 855/855/855
f 675/675/675 676/676/676 677/677/677
f 855/855/855 673/673/673 637/637/637
f 855/855/855 637/637/637 633/633/633
f 670/670/670 672/672/672 676/676/676
f 670/670/670 676/676/676 675/675/675
f 671/671/671 673/673/673 672/672/672
f 670/670/670 671/671/671 672/672/672
f 675/675/675 677/677/677 681/681/681
f 677/677/677 682/682/682 681/681/681
f 667/667/667 670/670/670 675/675/675
f 681/681/681 682/682/682 658/658/658
f 682/682/682 659/659/659 658/658/658
f 658/658/658 659/659/659 657/657/657
f 675/675/675 681/681/681 666/666/666
f 667/667/667 675/675/675 666/666/666
f 655/655/655 658/658/658 657/657/657
f 667/667/667 664/664/664 670/670/670
f 667/667/667 666/666/666 664/664/664
f 664/664/664 671/671/671 670/670/670
f 655/655/655 657/657/657 656/656/656
f 681/681/681 658/658/658 650/650/650
f 666/666/666 681/681/681 650/650/650
f 650/650/650 658/658/658 655/655/655
f 666/666/666 665/665/665 664/664/664
f 666/666/666 650/650/650 665/665/665
f 664/664/664 668/668/668 671/671/671
f 664/664/664 665/665/665 668/668/668
f 671/671/671 674/674/674 673/673/673
f 668/668/668 674/674/674 671/671/671
f 674/674/674 638/638/638 673/673/673
f 673/673/673 638/638/638 637/637/637
f 636/636/636 638/638/638 674/674/674
f 637/637/637 638/638/638 636/636/636
f 916/916/916 674/674/674 668/668/668
f 916/916/916 636/636/636 674/674/674
f 635/635/635 637/637/637 636/636/636
f 633/633/633 637/637/637 635/635/635
f 626/626/626 636/636/636 916/916/916
f 635/635/635 636/636/636 626/626/626
f 631/631/631 633/633/633 635/635/635
f 631/631/631 632/632/632 633/633/633
f 621/621/621 635/635/635 626/626/626
f 631/631/631 635/635/635 621/621/621
f 628/628/628 632/632/632 631/631/631
f 628/628/628 601/601/601 632/632/632
f 622/622/622 631/631/631 621/621/621
f 622/622/622 628/628/628 631/631/631
f 622/622/622 621/621/621 619/619/619
f 622/622/622 619/619/619 628/628/628
f 628/628/628 629/629/629 601/601/601
f 619/619/619 629/629/629 628/628/628
f 621/621/621 620/620/620 619/619/619
f 621/621/621 626/626/626 620/620/620
f 629/629/629 600/600/600 601/601/601
f 601/601/601 600/600/600 595/595/595
f 619/619/619 623/623/623 629/629/629
f 619/619/619 620/620/620 623/623/623
f 629/629/629 630/630/630 600/600/600
f 623/623/623 630/630/630 629/629/629
f 595/595/595 600/600/600 599/599/599
f 595/595/595 599/599/599 598/598/598
f 630/630/630 602/602/602 600/600/600
f 600/600/600 602/602/602 599/599/599
f 702/702/702 602/602/602 630/630/630
f 599/599/599 602/602/602 702/702/702
f 598/598/598 599/599/599 701/701/701
f 701/701/701 599/599/599 702/702/702
f 751/751/751 702/702/702 630/630/630
f 751/751/751 630/630/630 623/623/623
f 698/698/698 598/598/598 701/701/701
f 698/698/698 699/699/699 598/598/598
f 701/701/701 702/702/702 690/690/690
f 690/690/690 702/702/702 751/751/751
f 698/698/698 701/701/701 685/685/685
f 685/685/685 701/701/701 690/690/690
f 692/692/692 699/699/699 698/698/698
f 692/692/692 694/694/694 699/699/699
f 686/686/686 698/698/698 685/685/685
f 686/686/686 692/692/692 698/698/698
f 686/686/686 685/685/685 683/683/683
f 686/686/686 683/683/683 692/692/692
f 685/685/685 690/690/690 684/684/684
f 685/685/685 684/684/684 683/683/683
f 683/683/683 693/693/693 692/692/692
f 692/692/692 693/693/693 694/694/694
f 683/683/683 684/684/684 687/687/687
f 683/683/683 687/687/687 693/693/693
f 684/684/684 688/688/688 687/687/687
f 687/687/687 696/696/696 693/693/693
f 684/684/684 689/689/689 688/688/688
f 690/690/690 689/689/689 684/684/684
f 689/689/689 691/691/691 688/688/688
f 749/749/749 691/691/691 689/689/689
f 693/693/693 696/696/696 695/695/695
f 693/693/693 695/695/695 694/694/694
f 696/696/696 697/697/697 695/695/695
f 695/695/695 697/697/697 759/759/759
f 748/748/748 749/749/749 689/689/689
f 748/748/748 689/689/689 690/690/690
f 742/742/742 749/749/749 748/748/748
f 755/755/755 695/695/695 759/759/759
f 694/694/694 695/695/695 755/755/755
f 755/755/755 759/759/759 758/758/758
f 747/747/747 748/748/748 690/690/690
f 747/747/747 690/690/690 751/751/751
f 738/738/738 742/742/742 748/748/748
f 738/738/738 748/748/748 747/747/747
f 747/747/747 751/751/751 750/750/750
f 750/750/750 751/751/751 623/623/623
f 741/741/741 738/738/738 747/747/747
f 741/741/741 747/747/747 750/750/750
f 738/738/738 739/739/739 742/742/742
f 739/739/739 743/743/743 742/742/742
f 741/741/741 740/740/740 738/738/738
f 741/741/741 750/750/750 740/740/740
f 740/740/740 739/739/739 738/738/738
f 750/750/750 623/623/623 752/752/752
f 750/750/750 752/752/752 740/740/740
f 739/739/739 744/744/744 743/743/743
f 744/744/744 746/746/746 743/743/743
f 832/832/832 746/746/746 744/744/744
f 740/740/740 745/745/745 739/739/739
f 745/745/745 744/744/744 739/739/739
f 740/740/740 752/752/752 745/745/745
f 831/831/831 832/832/832 744/744/744
f 831/831/831 744/744/744 745/745/745
f 828/828/828 832/832/832 831/831/831
f 623/623/623 624/624/624 752/752/752
f 620/620/620 624/624/624 623/623/623
f 752/752/752 753/753/753 745/745/745
f 752/752/752 624/624/624 753/753/753
f 620/620/620 625/625/625 624/624/624
f 626/626/626 625/625/625 620/620/620
f 624/624/624 627/627/627 753/753/753
f 625/625/625 627/627/627 624/624/624
f 753/753/753 627/627/627 836/836/836
f 836/836/836 627/627/627 625/625/625
f 745/745/745 753/753/753 834/834/834
f 834/834/834 753/753/753 836/836/836
f 914/914/914 625/625/625 626/626/626
f 914/914/914 836/836/836 625/625/625
f 830/830/830 745/745/745 834/834/834
f 830/830/830 831/831/831 745/745/745
f 834/834/834 836/836/836 835/835/835
f 835/835/835 836/836/836 914/914/914
f 830/830/830 834/834/834 833/833/833
f 833/833/833 834/834/834 835/835/835
f 824/824/824 831/831/831 830/830/830
f 824/824/824 828/828/828 831/831/831
f 827/827/827 830/830/830 833/833/833
f 827/827/827 824/824/824 830/830/830
f 827/827/827 833/833/833 826/826/826
f 827/827/827 826/826/826 824/824/824
f 824/824/824 825/825/825 828/828/828
f 826/826/826 825/825/825 824/824/824
f 825/825/825 829/829/829 828/828/828
f 833/833/833 837/837/837 826/826/826
f 833/833/833 835/835/835 837/837/837
f 825/825/825 811/811/811 829/829/829
f 811/811/811 813/813/813 829/829/829
f 812/812/812 813/813/813 811/811/811
f 826/826/826 810/810/810 825/825/825
f 810/810/810 811/811/811 825/825/825
f 826/826/826 837/837/837 810/810/810
f 809/809/809 812/812/812 811/811/811
f 809/809/809 811/811/811 810/810/810
f 803/803/803 812/812/812 809/809/809
f 837/837/837 818/818/818 810/810/810
f 799/799/799 803/803/803 809/809/809
f 808/808/808 809/809/809 810/810/810
f 799/799/799 809/809/809 808/808/808
f 810/810/810 818/818/818 815/815/815
f 808/808/808 810/810/810 815/815/815
f 837/837/837 838/838/838 818/818/818
f 835/835/835 838/838/838 837/837/837
f 799/799/799 800/800/800 803/803/803
f 800/800/800 804/804/804 803/803/803
f 802/802/802 799/799/799 808/808/808
f 800/800/800 805/805/805 804/804/804
f 805/805/805 807/807/807 804/804/804
f 942/942/942 807/807/807 805/805/805
f 801/801/801 800/800/800 799/799/799
f 802/802/802 801/801/801 799/799/799
f 941/941/941 942/942/942 805/805/805
f 802/802/802 808/808/808 814/814/814
f 802/802/802 814/814/814 801/801/801
f 808/808/808 815/815/815 814/814/814
f 938/938/938 942/942/942 941/941/941
f 806/806/806 805/805/805 800/800/800
f 801/801/801 806/806/806 800/800/800
f 941/941/941 805/805/805 806/806/806
f 814/814/814 820/820/820 801/801/801
f 801/801/801 820/820/820 806/806/806
f 814/814/814 815/815/815 816/816/816
f 814/814/814 816/816/816 820/820/820
f 815/815/815 818/818/818 817/817/817
f 815/815/815 817/817/817 816/816/816
f 818/818/818 819/819/819 817/817/817
f 838/838/838 819/819/819 818/818/818
f 817/817/817 819/819/819 879/879/879
f 879/879/879 819/819/819 838/838/838
f 816/816/816 817/817/817 877/877/877
f 877/877/877 817/817/817 879/879/879
f 910/910/910 879/879/879 838/838/838
f 910/910/910 838/838/838 835/835/835
f 877/877/877 879/879/879 878/878/878
f 878/878/878 879/879/879 910/910/910
f 909/909/909 910/910/910 835/835/835
f 909/909/909 835/835/835 914/914/914
f 911/911/911 878/878/878 910/910/910
f 911/911/911 910/910/910 909/909/909
f 909/909/909 914/914/914 913/913/913
f 913/913/913 914/914/914 626/626/626
f 913/913/913 626/626/626 916/916/916
f 912/912/912 911/911/911 909/909/909
f 912/912/912 909/909/909 913/913/913
f 913/913/913 916/916/916 915/915/915
f 912/912/912 913/913/913 915/915/915
f 912/912/912 915/915/915 911/911/911
f 915/915/915 916/916/916 668/668/668
f 915/915/915 917/917/917 911/911/911
f 915/915/915 668/668/668 917/917/917
f 911/911/911 917/917/917 878/878/878
f 668/668/668 669/669/669 917/917/917
f 665/665/665 669/669/669 668/668/668
f 917/917/917 882/882/882 878/878/878
f 917/917/917 669/669/669 882/882/882
f 665/665/665 651/651/651 669/669/669
f 650/650/650 651/651/651 665/665/665
f 669/669/669 653/653/653 882/882/882
f 651/651/651 653/653/653 669/669/669
f 882/882/882 653/653/653 652/652/652
f 652/652/652 653/653/653 651/651/651
f 878/878/878 882/882/882 881/881/881
f 881/881/881 882/882/882 652/652/652
f 649/649/649 651/651/651 650/650/650
f 649/649/649 652/652/652 651/651/651
f 876/876/876 878/878/878 881/881/881
f 876/876/876 877/877/877 878/878/878
f 881/881/881 652/652/652 643/643/643
f 643/643/643 652/652/652 649/649/649
f 876/876/876 881/881/881 880/880/880
f 880/880/880 881/881/881 643/643/643
f 870/870/870 877/877/877 876/876/876
f 870/870/870 816/816/816 877/877/877
f 873/873/873 876/876/876 880/880/880
f 873/873/873 870/870/870 876/876/876
f 873/873/873 880/880/880 872/872/872
f 873/873/873 872/872/872 870/870/870
f 870/870/870 871/871/871 816/816/816
f 872/872/872 871/871/871 870/870/870
f 880/880/880 883/883/883 872/872/872
f 880/880/880 643/643/643 883/883/883
f 871/871/871 822/822/822 816/816/816
f 816/816/816 822/822/822 820/820/820
f 872/872/872 875/875/875 871/871/871
f 872/872/872 883/883/883 875/875/875
f 871/871/871 874/874/874 822/822/822
f 875/875/875 874/874/874 871/871/871
f 820/820/820 822/822/822 821/821/821
f 820/820/820 821/821/821 806/806/806
f 874/874/874 823/823/823 822/822/822
f 822/822/822 823/823/823 821/821/821
f 946/946/946 823/823/823 874/874/874
f 821/821/821 823/823/823 946/946/946
f 806/806/806 821/821/821 944/944/944
f 944/944/944 821/821/821 946/946/946
f 2828/2828/2828 946/946/946 874/874/874
f 2828/2828/2828 874/874/874 875/875/875
f 940/940/940 806/806/806 944/944/944
f 940/940/940 941/941/941 806/806/806
f 944/944/944 946/946/946 945/945/945
f 945/945/945 946/946/946 2828/2828/2828
f 940/940/940 944/944/944 943/943/943
f 943/943/943 944/944/944 945/945/945
f 934/934/934 941/941/941 940/940/940
f 934/934/934 938/938/938 941/941/941
f 937/937/937 940/940/940 943/943/943
f 937/937/937 934/934/934 940/940/940
f 937/937/937 943/943/943 936/936/936
f 937/937/937 936/936/936 934/934/934
f 934/934/934 935/935/935 938/938/938
f 936/936/936 935/935/935 934/934/934
f 935/935/935 939/939/939 938/938/938
f 943/943/943 947/947/947 936/936/936
f 943/943/943 945/945/945 947/947/947
f 935/935/935 786/786/786 939/939/939
f 786/786/786 788/788/788 939/939/939
f 787/787/787 788/788/788 786/786/786
f 936/936/936 785/785/785 935/935/935
f 785/785/785 786/786/786 935/935/935
f 936/936/936 947/947/947 785/785/785
f 784/784/784 787/787/787 786/786/786
f 784/784/784 786/786/786 785/785/785
f 778/778/778 787/787/787 784/784/784
f 947/947/947 793/793/793 785/785/785
f 774/774/774 778/778/778 784/784/784
f 783/783/783 784/784/784 785/785/785
f 774/774/774 784/784/784 783/783/783
f 785/785/785 793/793/793 790/790/790
f 783/783/783 785/785/785 790/790/790
f 947/947/947 948/948/948 793/793/793
f 945/945/945 948/948/948 947/947/947
f 774/774/774 775/775/775 778/778/778
f 775/775/775 779/779/779 778/778/778
f 777/777/777 774/774/774 783/783/783
f 775/775/775 780/780/780 779/779/779
f 780/780/780 782/782/782 779/779/779
f 847/847/847 782/782/782 780/780/780
f 776/776/776 775/775/775 774/774/774
f 777/777/777 776/776/776 774/774/774
f 846/846/846 847/847/847 780/780/780
f 777/777/777 783/783/783 789/789/789
f 777/777/777 789/789/789 776/776/776
f 783/783/783 790/790/790 789/789/789
f 843/843/843 847/847/847 846/846/846
f 781/781/781 780/780/780 775/775/775
f 776/776/776 781/781/781 775/775/775
f 846/846/846 780/780/780 781/781/781
f 789/789/789 795/795/795 776/776/776
f 776/776/776 795/795/795 781/781/781
f 789/789/789 790/790/790 791/791/791
f 789/789/789 791/791/791 795/795/795
f 790/790/790 793/793/793 792/792/792
f 790/790/790 792/792/792 791/791/791
f 793/793/793 794/794/794 792/792/792
f 948/948/948 794/794/794 793/793/793
f 792/792/792 794/794/794 2818/2818/2818
f 2818/2818/2818 794/794/794 948/948/948
f 791/791/791 792/792/792 2816/2816/2816
f 2816/2816/2816 792/792/792 2818/2818/2818
f 2824/2824/2824 2818/2818/2818 948/948/948
f 2824/2824/2824 948/948/948 945/945/945
f 2816/2816/2816 2818/2818/2818 2817/2817/2817
f 2817/2817/2817 2818/2818/2818 2824/2824/2824
f 2823/2823/2823 2824/2824/2824 945/945/945
f 2823/2823/2823 945/945/945 2828/2828/2828
f 2825/2825/2825 2817/2817/2817 2824/2824/2824
f 2825/2825/2825 2824/2824/2824 2823/2823/2823
f 2823/2823/2823 2828/2828/2828 2827/2827/2827
f 2827/2827/2827 2828/2828/2828 875/875/875
f 2826/2826/2826 2825/2825/2825 2823/2823/2823
f 2826/2826/2826 2823/2823/2823 2827/2827/2827
f 2826/2826/2826 2829/2829/2829 2825/2825/2825
f 2826/2826/2826 2827/2827/2827 2829/2829/2829
f 2827/2827/2827 875/875/875 2830/2830/2830
f 2827/2827/2827 2830/2830/2830 2829/2829/2829
f 2829/2829/2829 2831/2831/2831 2825/2825/2825
f 2825/2825/2825 2831/2831/2831 2817/2817/2817
f 875/875/875 884/884/884 2830/2830/2830
f 883/883/883 884/884/884 875/875/875
f 2829/2829/2829 2830/2830/2830 2659/2659/2659
f 2829/2829/2829 2659/2659/2659 2831/2831/2831
f 2830/2830/2830 884/884/884 2663/2663/2663
f 2830/2830/2830 2663/2663/2663 2659/2659/2659
f 883/883/883 644/644/644 884/884/884
f 643/643/643 644/644/644 883/883/883
f 884/884/884 647/647/647 2663/2663/2663
f 644/644/644 647/647/647 884/884/884
f 2663/2663/2663 647/647/647 645/645/645
f 645/645/645 647/647/647 644/644/644
f 640/640/640 644/644/644 643/643/643
f 640/640/640 645/645/645 644/644/644
f 2662/2662/2662 2663/2663/2663 645/645/645
f 2659/2659/2659 2663/2663/2663 2662/2662/2662
f 639/639/639 640/640/640 643/643/643
f 639/639/639 643/643/643 649/649/649
f 646/646/646 645/645/645 640/640/640
f 2662/2662/2662 645/645/645 646/646/646
f 641/641/641 640/640/640 639/639/639
f 641/641/641 646/646/646 640/640/640
f 639/639/639 649/649/649 648/648/648
f 648/648/648 649/649/649 650/650/650
f 648/648/648 650/650/650 655/655/655
f 642/642/642 639/639/639 648/648/648
f 642/642/642 641/641/641 639/639/639
f 648/648/648 655/655/655 654/654/654
f 642/642/642 648/648/648 654/654/654
f 642/642/642 654/654/654 641/641/641
f 654/654/654 655/655/655 656/656/656
f 654/654/654 660/660/660 641/641/641
f 654/654/654 656/656/656 660/660/660
f 641/641/641 660/660/660 646/646/646
f 656/656/656 662/662/662 660/660/660
f 660/660/660 662/662/662 661/661/661
f 660/660/660 661/661/661 646/646/646
f 662/662/662 663/663/663 661/661/661
f 661/661/661 663/663/663 2667/2667/2667
f 2665/2665/2665 661/661/661 2667/2667/2667
f 646/646/646 661/661/661 2665/2665/2665
f 2665/2665/2665 2667/2667/2667 2666/2666/2666
f 2661/2661/2661 646/646/646 2665/2665/2665
f 2661/2661/2661 2662/2662/2662 646/646/646
f 2664/2664/2664 2665/2665/2665 2666/2666/2666
f 2661/2661/2661 2665/2665/2665 2664/2664/2664
f 2655/2655/2655 2662/2662/2662 2661/2661/2661
f 2655/2655/2655 2659/2659/2659 2662/2662/2662
f 2658/2658/2658 2661/2661/2661 2664/2664/2664
f 2658/2658/2658 2655/2655/2655 2661/2661/2661
f 2664/2664/2664 2666/2666/2666 2668/2668/2668
f 2666/2666/2666 2669/2669/2669 2668/2668/2668
f 2658/2658/2658 2664/2664/2664 2657/2657/2657
f 2658/2658/2658 2657/2657/2657 2655/2655/2655
f 2664/2664/2664 2668/2668/2668 2657/2657/2657
f 2655/2655/2655 2656/2656/2656 2659/2659/2659
f 2657/2657/2657 2656/2656/2656 2655/2655/2655
f 2668/2668/2668 2669/2669/2669 1008/1008/1008
f 2669/2669/2669 1009/1009/1009 1008/1008/1008
f 1008/1008/1008 1009/1009/1009 1007/1007/1007
f 2657/2657/2657 2668/2668/2668 1000/1000/1000
f 2668/2668/2668 1008/1008/1008 1000/1000/1000
f 2657/2657/2657 1000/1000/1000 2656/2656/2656
f 1005/1005/1005 1008/1008/1008 1007/1007/1007
f 1000/1000/1000 1008/1008/1008 1005/1005/1005
f 1005/1005/1005 1007/1007/1007 1006/1006/1006
f 2656/2656/2656 2660/2660/2660 2659/2659/2659
f 2659/2659/2659 2660/2660/2660 2831/2831/2831
f 1000/1000/1000 1001/1001/1001 2656/2656/2656
f 2656/2656/2656 1001/1001/1001 2660/2660/2660
f 2831/2831/2831 2660/2660/2660 2821/2821/2821
f 2831/2831/2831 2821/2821/2821 2817/2817/2817
f 1001/1001/1001 1003/1003/1003 2660/2660/2660
f 2660/2660/2660 1003/1003/1003 2821/2821/2821
f 999/999/999 1001/1001/1001 1000/1000/1000
f 1002/1002/1002 1003/1003/1003 1001/1001/1001
f 999/999/999 1002/1002/1002 1001/1001/1001
f 2821/2821/2821 1003/1003/1003 2807/2807/2807
f 2807/2807/2807 1003/1003/1003 1002/1002/1002
f 2817/2817/2817 2821/2821/2821 2820/2820/2820
f 2820/2820/2820 2821/2821/2821 2807/2807/2807
f 998/998/998 999/999/999 1000/1000/1000
f 998/998/998 1000/1000/1000 1005/1005/1005
f 2815/2815/2815 2817/2817/2817 2820/2820/2820
f 2815/2815/2815 2816/2816/2816 2817/2817/2817
f 998/998/998 1005/1005/1005 1004/1004/1004
f 1004/1004/1004 1005/1005/1005 1006/1006/1006
f 2811/2811/2811 2816/2816/2816 2815/2815/2815
f 2811/2811/2811 791/791/791 2816/2816/2816
f 1004/1004/1004 1006/1006/1006 1010/1010/1010
f 1006/1006/1006 1012/1012/1012 1010/1010/1010
f 992/992/992 998/998/998 1004/1004/1004
f 1010/1010/1010 1012/1012/1012 1011/1011/1011
f 1012/1012/1012 1013/1013/1013 1011/1011/1011
f 1011/1011/1011 1013/1013/1013 2456/2456/2456
f 1004/1004/1004 1010/1010/1010 991/991/991
f 992/992/992 1004/1004/1004 991/991/991
f 2454/2454/2454 1011/1011/1011 2456/2456/2456
f 992/992/992 989/989/989 998/998/998
f 992/992/992 991/991/991 989/989/989
f 989/989/989 999/999/999 998/998/998
f 2454/2454/2454 2456/2456/2456 2455/2455/2455
f 1010/1010/1010 1011/1011/1011 996/996/996
f 991/991/991 1010/1010/1010 996/996/996
f 996/996/996 1011/1011/1011 2454/2454/2454
f 991/991/991 990/990/990 989/989/989
f 991/991/991 996/996/996 990/990/990
f 989/989/989 993/993/993 999/999/999
f 989/989/989 990/990/990 993/993/993
f 993/993/993 1002/1002/1002 999/999/999
f 996/996/996 995/995/995 990/990/990
f 2806/2806/2806 1002/1002/1002 993/993/993
f 2806/2806/2806 2807/2807/2807 1002/1002/1002
f 990/990/990 994/994/994 993/993/993
f 990/990/990 995/995/995 994/994/994
f 2803/2803/2803 2807/2807/2807 2806/2806/2806
f 2820/2820/2820 2807/2807/2807 2803/2803/2803
f 2805/2805/2805 2806/2806/2806 993/993/993
f 2819/2819/2819 2820/2820/2820 2803/2803/2803
f 2815/2815/2815 2820/2820/2820 2819/2819/2819
f 993/993/993 994/994/994 2809/2809/2809
f 2805/2805/2805 993/993/993 2809/2809/2809
f 2814/2814/2814 2815/2815/2815 2819/2819/2819
f 2814/2814/2814 2811/2811/2811 2815/2815/2815
f 2814/2814/2814 2819/2819/2819 2813/2813/2813
f 2814/2814/2814 2813/2813/2813 2811/2811/2811
f 2819/2819/2819 2822/2822/2822 2813/2813/2813
f 2819/2819/2819 2803/2803/2803 2822/2822/2822
f 2813/2813/2813 2812/2812/2812 2811/2811/2811
f 2811/2811/2811 2812/2812/2812 791/791/791
f 2813/2813/2813 2822/2822/2822 2634/2634/2634
f 2813/2813/2813 2634/2634/2634 2812/2812/2812
f 2812/2812/2812 797/797/797 791/791/791
f 791/791/791 797/797/797 795/795/795
f 2634/2634/2634 2635/2635/2635 2812/2812/2812
f 2812/2812/2812 2635/2635/2635 797/797/797
f 795/795/795 797/797/797 796/796/796
f 795/795/795 796/796/796 781/781/781
f 2635/2635/2635 798/798/798 797/797/797
f 797/797/797 798/798/798 796/796/796
f 851/851/851 798/798/798 2635/2635/2635
f 796/796/796 798/798/798 851/851/851
f 781/781/781 796/796/796 849/849/849
f 849/849/849 796/796/796 851/851/851
f 2633/2633/2633 851/851/851 2635/2635/2635
f 2633/2633/2633 2635/2635/2635 2634/2634/2634
f 845/845/845 781/781/781 849/849/849
f 845/845/845 846/846/846 781/781/781
f 849/849/849 851/851/851 850/850/850
f 850/850/850 851/851/851 2633/2633/2633
f 845/845/845 849/849/849 848/848/848
f 848/848/848 849/849/849 850/850/850
f 839/839/839 846/846/846 845/845/845
f 839/839/839 843/843/843 846/846/846
f 842/842/842 845/845/845 848/848/848
f 842/842/842 839/839/839 845/845/845
f 842/842/842 848/848/848 841/841/841
f 842/842/842 841/841/841 839/839/839
f 839/839/839 840/840/840 843/843/843
f 841/841/841 840/840/840 839/839/839
f 840/840/840 844/844/844 843/843/843
f 848/848/848 852/852/852 841/841/841
f 848/848/848 850/850/850 852/852/852
f 840/840/840 763/763/763 844/844/844
f 763/763/763 765/765/765 844/844/844
f 764/764/764 765/765/765 763/763/763
f 841/841/841 762/762/762 840/840/840
f 762/762/762 763/763/763 840/840/840
f 841/841/841 852/852/852 762/762/762
f 761/761/761 764/764/764 763/763/763
f 761/761/761 763/763/763 762/762/762
f 758/758/758 764/764/764 761/761/761
f 852/852/852 770/770/770 762/762/762
f 754/754/754 758/758/758 761/761/761
f 754/754/754 755/755/755 758/758/758
f 760/760/760 761/761/761 762/762/762
f 754/754/754 761/761/761 760/760/760
f 756/756/756 755/755/755 754/754/754
f 756/756/756 694/694/694 755/755/755
f 756/756/756 772/772/772 694/694/694
f 757/757/757 754/754/754 760/760/760
f 757/757/757 756/756/756 754/754/754
f 766/766/766 772/772/772 756/756/756
f 757/757/757 766/766/766 756/756/756
f 757/757/757 760/760/760 766/766/766
f 766/766/766 768/768/768 772/772/772
f 760/760/760 762/762/762 767/767/767
f 760/760/760 767/767/767 766/766/766
f 766/766/766 767/767/767 768/768/768
f 762/762/762 770/770/770 767/767/767
f 767/767/767 769/769/769 768/768/768
f 767/767/767 770/770/770 769/769/769
f 768/768/768 769/769/769 979/979/979
f 852/852/852 853/853/853 770/770/770
f 850/850/850 853/853/853 852/852/852
f 770/770/770 771/771/771 769/769/769
f 853/853/853 771/771/771 770/770/770
f 769/769/769 771/771/771 981/981/981
f 981/981/981 771/771/771 853/853/853
f 979/979/979 769/769/769 981/981/981
f 2629/2629/2629 853/853/853 850/850/850
f 2629/2629/2629 981/981/981 853/853/853
f 979/979/979 981/981/981 980/980/980
f 980/980/980 981/981/981 2629/2629/2629
f 978/978/978 979/979/979 980/980/980
f 978/978/978 980/980/980 983/983/983
f 2628/2628/2628 2629/2629/2629 850/850/850
f 2628/2628/2628 850/850/850 2633/2633/2633
f 2630/2630/2630 980/980/980 2629/2629/2629
f 2630/2630/2630 2629/2629/2629 2628/2628/2628
f 2628/2628/2628 2633/2633/2633 2632/2632/2632
f 2632/2632/2632 2633/2633/2633 2634/2634/2634
f 2631/2631/2631 2630/2630/2630 2628/2628/2628
f 2631/2631/2631 2628/2628/2628 2632/2632/2632
f 2631/2631/2631 2636/2636/2636 2630/2630/2630
f 2631/2631/2631 2632/2632/2632 2636/2636/2636
f 2630/2630/2630 2639/2639/2639 980/980/980
f 2636/2636/2636 2639/2639/2639 2630/2630/2630
f 2632/2632/2632 2634/2634/2634 2637/2637/2637
f 2632/2632/2632 2637/2637/2637 2636/2636/2636
f 2639/2639/2639 986/986/986 980/980/980
f 980/980/980 986/986/986 983/983/983
f 2636/2636/2636 953/953/953 2639/2639/2639
f 2636/2636/2636 2637/2637/2637 953/953/953
f 2639/2639/2639 954/954/954 986/986/986
f 953/953/953 954/954/954 2639/2639/2639
f 983/983/983 986/986/986 985/985/985
f 983/983/983 985/985/985 984/984/984
f 954/954/954 957/957/957 986/986/986
f 986/986/986 957/957/957 985/985/985
f 984/984/984 985/985/985 2598/2598/2598
f 2599/2599/2599 984/984/984 2598/2598/2598
f 2599/2599/2599 2598/2598/2598 2597/2597/2597
f 985/985/985 957/957/957 2602/2602/2602
f 2598/2598/2598 985/985/985 2602/2602/2602
f 955/955/955 957/957/957 954/954/954
f 2602/2602/2602 957/957/957 955/955/955
f 2597/2597/2597 2598/2598/2598 2601/2601/2601
f 2598/2598/2598 2602/2602/2602 2601/2601/2601
f 2597/2597/2597 2601/2601/2601 2604/2604/2604
f 2601/2601/2601 2607/2607/2607 2604/2604/2604
f 2765/2765/2765 2602/2602/2602 955/955/955
f 2601/2601/2601 2602/2602/2602 2765/2765/2765
f 950/950/950 955/955/955 954/954/954
f 950/950/950 954/954/954 953/953/953
f 2763/2763/2763 2607/2607/2607 2601/2601/2601
f 2763/2763/2763 2764/2764/2764 2607/2607/2607
f 2760/2760/2760 2764/2764/2764 2763/2763/2763
f 2762/2762/2762 2763/2763/2763 2601/2601/2601
f 2762/2762/2762 2601/2601/2601 2765/2765/2765
f 2758/2758/2758 2760/2760/2760 2763/2763/2763
f 2758/2758/2758 2763/2763/2763 2762/2762/2762
f 2765/2765/2765 955/955/955 956/956/956
f 956/956/956 955/955/955 950/950/950
f 2762/2762/2762 2765/2765/2765 2756/2756/2756
f 2756/2756/2756 2765/2765/2765 956/956/956
f 2757/2757/2757 2758/2758/2758 2762/2762/2762
f 2757/2757/2757 2762/2762/2762 2756/2756/2756
f 2758/2758/2758 2759/2759/2759 2760/2760/2760
f 2759/2759/2759 2761/2761/2761 2760/2760/2760
f 2757/2757/2757 2754/2754/2754 2758/2758/2758
f 2757/2757/2757 2756/2756/2756 2754/2754/2754
f 2754/2754/2754 2759/2759/2759 2758/2758/2758
f 2756/2756/2756 2755/2755/2755 2754/2754/2754
f 2756/2756/2756 956/956/956 2755/2755/2755
f 2754/2754/2754 2491/2491/2491 2759/2759/2759
f 2754/2754/2754 2755/2755/2755 2491/2491/2491
f 2759/2759/2759 2492/2492/2492 2761/2761/2761
f 2491/2491/2491 2492/2492/2492 2759/2759/2759
f 2492/2492/2492 2495/2495/2495 2761/2761/2761
f 2493/2493/2493 2495/2495/2495 2492/2492/2492
f 2488/2488/2488 2493/2493/2493 2492/2492/2492
f 2488/2488/2488 2492/2492/2492 2491/2491/2491
f 2494/2494/2494 2493/2493/2493 2488/2488/2488
f 2755/2755/2755 2498/2498/2498 2491/2491/2491
f 2489/2489/2489 2494/2494/2494 2488/2488/2488
f 2487/2487/2487 2488/2488/2488 2491/2491/2491
f 2489/2489/2489 2488/2488/2488 2487/2487/2487
f 2491/2491/2491 2498/2498/2498 2497/2497/2497
f 2487/2487/2487 2491/2491/2491 2497/2497/2497
f 2755/2755/2755 971/971/971 2498/2498/2498
f 956/956/956 971/971/971 2755/2755/2755
f 2489/2489/2489 2503/2503/2503 2494/2494/2494
f 2503/2503/2503 2504/2504/2504 2494/2494/2494
f 2490/2490/2490 2489/2489/2489 2487/2487/2487
f 2503/2503/2503 2505/2505/2505 2504/2504/2504
f 2505/2505/2505 2506/2506/2506 2504/2504/2504
f 2980/2980/2980 2506/2506/2506 2505/2505/2505
f 2499/2499/2499 2503/2503/2503 2489/2489/2489
f 2490/2490/2490 2499/2499/2499 2489/2489/2489
f 2977/2977/2977 2980/2980/2980 2505/2505/2505
f 2490/2490/2490 2487/2487/2487 2496/2496/2496
f 2490/2490/2490 2496/2496/2496 2499/2499/2499
f 2487/2487/2487 2497/2497/2497 2496/2496/2496
f 2981/2981/2981 2980/2980/2980 2977/2977/2977
f 2501/2501/2501 2505/2505/2505 2503/2503/2503
f 2499/2499/2499 2501/2501/2501 2503/2503/2503
f 2977/2977/2977 2505/2505/2505 2501/2501/2501
f 2496/2496/2496 2500/2500/2500 2499/2499/2499
f 2499/2499/2499 2500/2500/2500 2501/2501/2501
f 2496/2496/2496 2497/2497/2497 2472/2472/2472
f 2496/2496/2496 2472/2472/2472 2500/2500/2500
f 2497/2497/2497 2498/2498/2498 2471/2471/2471
f 2497/2497/2497 2471/2471/2471 2472/2472/2472
f 2498/2498/2498 973/973/973 2471/2471/2471
f 971/971/971 973/973/973 2498/2498/2498
f 2471/2471/2471 973/973/973 972/972/972
f 972/972/972 973/973/973 971/971/971
f 2472/2472/2472 2471/2471/2471 2468/2468/2468
f 2468/2468/2468 2471/2471/2471 972/972/972
f 970/970/970 972/972/972 971/971/971
f 970/970/970 971/971/971 956/956/956
f 2468/2468/2468 972/972/972 966/966/966
f 966/966/966 972/972/972 970/970/970
f 951/951/951 970/970/970 956/956/956
f 951/951/951 956/956/956 950/950/950
f 964/964/964 966/966/966 970/970/970
f 964/964/964 970/970/970 951/951/951
f 951/951/951 950/950/950 949/949/949
f 949/949/949 950/950/950 953/953/953
f 952/952/952 964/964/964 951/951/951
f 952/952/952 951/951/951 949/949/949
f 952/952/952 958/958/958 964/964/964
f 952/952/952 949/949/949 958/958/958
f 949/949/949 953/953/953 959/959/959
f 949/949/949 959/959/959 958/958/958
f 958/958/958 965/965/965 964/964/964
f 964/964/964 965/965/965 966/966/966
f 953/953/953 962/962/962 959/959/959
f 2637/2637/2637 962/962/962 953/953/953
f 958/958/958 959/959/959 960/960/960
f 958/958/958 960/960/960 965/965/965
f 959/959/959 962/962/962 961/961/961
f 959/959/959 961/961/961 960/960/960
f 2637/2637/2637 2638/2638/2638 962/962/962
f 2634/2634/2634 2638/2638/2638 2637/2637/2637
f 2822/2822/2822 2638/2638/2638 2634/2634/2634
f 962/962/962 963/963/963 961/961/961
f 2638/2638/2638 963/963/963 962/962/962
f 2822/2822/2822 2804/2804/2804 2638/2638/2638
f 2804/2804/2804 963/963/963 2638/2638/2638
f 961/961/961 963/963/963 2804/2804/2804
f 2803/2803/2803 2804/2804/2804 2822/2822/2822
f 2800/2800/2800 961/961/961 2804/2804/2804
f 2800/2800/2800 2804/2804/2804 2803/2803/2803
f 960/960/960 961/961/961 2800/2800/2800
f 2799/2799/2799 2800/2800/2800 2803/2803/2803
f 2799/2799/2799 2803/2803/2803 2806/2806/2806
f 2799/2799/2799 2806/2806/2806 2805/2805/2805
f 2801/2801/2801 960/960/960 2800/2800/2800
f 2801/2801/2801 2800/2800/2800 2799/2799/2799
f 2802/2802/2802 2799/2799/2799 2805/2805/2805
f 2802/2802/2802 2801/2801/2801 2799/2799/2799
f 2802/2802/2802 2805/2805/2805 2808/2808/2808
f 2802/2802/2802 2808/2808/2808 2801/2801/2801
f 2805/2805/2805 2809/2809/2809 2808/2808/2808
f 2801/2801/2801 2810/2810/2810 960/960/960
f 2808/2808/2808 2810/2810/2810 2801/2801/2801
f 2808/2808/2808 2809/2809/2809 2511/2511/2511
f 2808/2808/2808 2511/2511/2511 2810/2810/2810
f 2810/2810/2810 968/968/968 960/960/960
f 960/960/960 968/968/968 965/965/965
f 2511/2511/2511 2512/2512/2512 2810/2810/2810
f 2810/2810/2810 2512/2512/2512 968/968/968
f 965/965/965 968/968/968 967/967/967
f 965/965/965 967/967/967 966/966/966
f 2512/2512/2512 969/969/969 968/968/968
f 968/968/968 969/969/969 967/967/967
f 2476/2476/2476 969/969/969 2512/2512/2512
f 967/967/967 969/969/969 2476/2476/2476
f 966/966/966 967/967/967 2474/2474/2474
f 2474/2474/2474 967/967/967 2476/2476/2476
f 2508/2508/2508 2476/2476/2476 2512/2512/2512
f 2508/2508/2508 2512/2512/2512 2511/2511/2511
f 2467/2467/2467 966/966/966 2474/2474/2474
f 2467/2467/2467 2468/2468/2468 966/966/966
f 2474/2474/2474 2476/2476/2476 2475/2475/2475
f 2475/2475/2475 2476/2476/2476 2508/2508/2508
f 2467/2467/2467 2474/2474/2474 2473/2473/2473
f 2473/2473/2473 2474/2474/2474 2475/2475/2475
f 2469/2469/2469 2468/2468/2468 2467/2467/2467
f 2469/2469/2469 2472/2472/2472 2468/2468/2468
f 2470/2470/2470 2467/2467/2467 2473/2473/2473
f 2470/2470/2470 2469/2469/2469 2467/2467/2467
f 2470/2470/2470 2473/2473/2473 2477/2477/2477
f 2470/2470/2470 2477/2477/2477 2469/2469/2469
f 2469/2469/2469 2483/2483/2483 2472/2472/2472
f 2477/2477/2477 2483/2483/2483 2469/2469/2469
f 2473/2473/2473 2478/2478/2478 2477/2477/2477
f 2473/2473/2473 2475/2475/2475 2478/2478/2478
f 2483/2483/2483 2484/2484/2484 2472/2472/2472
f 2472/2472/2472 2484/2484/2484 2500/2500/2500
f 2477/2477/2477 2479/2479/2479 2483/2483/2483
f 2477/2477/2477 2478/2478/2478 2479/2479/2479
f 2483/2483/2483 2485/2485/2485 2484/2484/2484
f 2479/2479/2479 2485/2485/2485 2483/2483/2483
f 2500/2500/2500 2484/2484/2484 2502/2502/2502
f 2500/2500/2500 2502/2502/2502 2501/2501/2501
f 2485/2485/2485 2486/2486/2486 2484/2484/2484
f 2484/2484/2484 2486/2486/2486 2502/2502/2502
f 2960/2960/2960 2486/2486/2486 2485/2485/2485
f 2502/2502/2502 2486/2486/2486 2960/2960/2960
f 2501/2501/2501 2502/2502/2502 2983/2983/2983
f 2983/2983/2983 2502/2502/2502 2960/2960/2960
f 2957/2957/2957 2960/2960/2960 2485/2485/2485
f 2957/2957/2957 2485/2485/2485 2479/2479/2479
f 2976/2976/2976 2501/2501/2501 2983/2983/2983
f 2976/2976/2976 2977/2977/2977 2501/2501/2501
f 2983/2983/2983 2960/2960/2960 2961/2961/2961
f 2961/2961/2961 2960/2960/2960 2957/2957/2957
f 2976/2976/2976 2983/2983/2983 2982/2982/2982
f 2982/2982/2982 2983/2983/2983 2961/2961/2961
f 2978/2978/2978 2977/2977/2977 2976/2976/2976
f 2978/2978/2978 2981/2981/2981 2977/2977/2977
f 2979/2979/2979 2976/2976/2976 2982/2982/2982
f 2979/2979/2979 2978/2978/2978 2976/2976/2976
f 2979/2979/2979 2982/2982/2982 2984/2984/2984
f 2979/2979/2979 2984/2984/2984 2978/2978/2978
f 2978/2978/2978 2988/2988/2988 2981/2981/2981
f 2984/2984/2984 2988/2988/2988 2978/2978/2978
f 2988/2988/2988 2989/2989/2989 2981/2981/2981
f 2990/2990/2990 2991/2991/2991 2989/2989/2989
f 2988/2988/2988 2990/2990/2990 2989/2989/2989
f 2986/2986/2986 2990/2990/2990 2988/2988/2988
f 2984/2984/2984 2986/2986/2986 2988/2988/2988
f 2982/2982/2982 2985/2985/2985 2984/2984/2984
f 2984/2984/2984 2985/2985/2985 2986/2986/2986
f 2982/2982/2982 2961/2961/2961 2985/2985/2985
f 2985/2985/2985 2987/2987/2987 2986/2986/2986
f 2985/2985/2985 2973/2973/2973 2987/2987/2987
f 2961/2961/2961 2973/2973/2973 2985/2985/2985
f 2973/2973/2973 2975/2975/2975 2987/2987/2987
f 2974/2974/2974 2975/2975/2975 2973/2973/2973
f 2972/2972/2972 2974/2974/2974 2973/2973/2973
f 2972/2972/2972 2973/2973/2973 2961/2961/2961
f 2968/2968/2968 2974/2974/2974 2972/2972/2972
f 2958/2958/2958 2972/2972/2972 2961/2961/2961
f 2958/2958/2958 2961/2961/2961 2957/2957/2957
f 2966/2966/2966 2968/2968/2968 2972/2972/2972
f 2966/2966/2966 2972/2972/2972 2958/2958/2958
f 2958/2958/2958 2957/2957/2957 2956/2956/2956
f 2956/2956/2956 2957/2957/2957 2479/2479/2479
f 2959/2959/2959 2966/2966/2966 2958/2958/2958
f 2959/2959/2959 2958/2958/2958 2956/2956/2956
f 2966/2966/2966 2967/2967/2967 2968/2968/2968
f 2967/2967/2967 2969/2969/2969 2968/2968/2968
f 2959/2959/2959 2962/2962/2962 2966/2966/2966
f 2959/2959/2959 2956/2956/2956 2962/2962/2962
f 2962/2962/2962 2967/2967/2967 2966/2966/2966
f 2956/2956/2956 2479/2479/2479 2963/2963/2963
f 2956/2956/2956 2963/2963/2963 2962/2962/2962
f 2967/2967/2967 2970/2970/2970 2969/2969/2969
f 2970/2970/2970 2971/2971/2971 2969/2969/2969
f 3003/3003/3003 2971/2971/2971 2970/2970/2970
f 2962/2962/2962 2964/2964/2964 2967/2967/2967
f 2964/2964/2964 2970/2970/2970 2967/2967/2967
f 2962/2962/2962 2963/2963/2963 2964/2964/2964
f 3002/3002/3002 3003/3003/3003 2970/2970/2970
f 3002/3002/3002 2970/2970/2970 2964/2964/2964
f 3000/3000/3000 3003/3003/3003 3002/3002/3002
f 2479/2479/2479 2480/2480/2480 2963/2963/2963
f 2478/2478/2478 2480/2480/2480 2479/2479/2479
f 2963/2963/2963 2965/2965/2965 2964/2964/2964
f 2963/2963/2963 2480/2480/2480 2965/2965/2965
f 2478/2478/2478 2481/2481/2481 2480/2480/2480
f 2475/2475/2475 2481/2481/2481 2478/2478/2478
f 2480/2480/2480 2482/2482/2482 2965/2965/2965
f 2481/2481/2481 2482/2482/2482 2480/2480/2480
f 2965/2965/2965 2482/2482/2482 2521/2521/2521
f 2521/2521/2521 2482/2482/2482 2481/2481/2481
f 2964/2964/2964 2965/2965/2965 2993/2993/2993
f 2993/2993/2993 2965/2965/2965 2521/2521/2521
f 2520/2520/2520 2481/2481/2481 2475/2475/2475
f 2520/2520/2520 2521/2521/2521 2481/2481/2481
f 2994/2994/2994 2964/2964/2964 2993/2993/2993
f 2994/2994/2994 3002/3002/3002 2964/2964/2964
f 2993/2993/2993 2521/2521/2521 2518/2518/2518
f 2518/2518/2518 2521/2521/2521 2520/2520/2520
f 2994/2994/2994 2993/2993/2993 2992/2992/2992
f 2992/2992/2992 2993/2993/2993 2518/2518/2518
f 2998/2998/2998 3002/3002/3002 2994/2994/2994
f 2998/2998/2998 3000/3000/3000 3002/3002/3002
f 2995/2995/2995 2994/2994/2994 2992/2992/2992
f 2995/2995/2995 2998/2998/2998 2994/2994/2994
f 2995/2995/2995 2992/2992/2992 2996/2996/2996
f 2995/2995/2995 2996/2996/2996 2998/2998/2998
f 2998/2998/2998 2999/2999/2999 3000/3000/3000
f 2996/2996/2996 2999/2999/2999 2998/2998/2998
f 2999/2999/2999 3001/3001/3001 3000/3000/3000
f 2992/2992/2992 2997/2997/2997 2996/2996/2996
f 2992/2992/2992 2518/2518/2518 2997/2997/2997
f 2999/2999/2999 2953/2953/2953 3001/3001/3001
f 2953/2953/2953 2955/2955/2955 3001/3001/3001
f 2954/2954/2954 2955/2955/2955 2953/2953/2953
f 2996/2996/2996 2941/2941/2941 2999/2999/2999
f 2941/2941/2941 2953/2953/2953 2999/2999/2999
f 2996/2996/2996 2997/2997/2997 2941/2941/2941
f 2952/2952/2952 2954/2954/2954 2953/2953/2953
f 2952/2952/2952 2953/2953/2953 2941/2941/2941
f 2948/2948/2948 2954/2954/2954 2952/2952/2952
f 2997/2997/2997 2940/2940/2940 2941/2941/2941
f 2946/2946/2946 2948/2948/2948 2952/2952/2952
f 2938/2938/2938 2952/2952/2952 2941/2941/2941
f 2946/2946/2946 2952/2952/2952 2938/2938/2938
f 2941/2941/2941 2940/2940/2940 2937/2937/2937
f 2938/2938/2938 2941/2941/2941 2937/2937/2937
f 2997/2997/2997 2519/2519/2519 2940/2940/2940
f 2518/2518/2518 2519/2519/2519 2997/2997/2997
f 2946/2946/2946 2947/2947/2947 2948/2948/2948
f 2947/2947/2947 2949/2949/2949 2948/2948/2948
f 2950/2950/2950 2951/2951/2951 2949/2949/2949
f 2947/2947/2947 2950/2950/2950 2949/2949/2949
f 2944/2944/2944 2950/2950/2950 2947/2947/2947
f 2942/2942/2942 2947/2947/2947 2946/2946/2946
f 2942/2942/2942 2944/2944/2944 2947/2947/2947
f 2939/2939/2939 2946/2946/2946 2938/2938/2938
f 2939/2939/2939 2942/2942/2942 2946/2946/2946
f 2939/2939/2939 2938/2938/2938 2936/2936/2936
f 2939/2939/2939 2936/2936/2936 2942/2942/2942
f 2938/2938/2938 2937/2937/2937 2936/2936/2936
f 2942/2942/2942 2943/2943/2943 2944/2944/2944
f 2936/2936/2936 2943/2943/2943 2942/2942/2942
f 2943/2943/2943 2945/2945/2945 2944/2944/2944
f 2936/2936/2936 2937/2937/2937 2459/2459/2459
f 2936/2936/2936 2459/2459/2459 2943/2943/2943
f 2943/2943/2943 2460/2460/2460 2945/2945/2945
f 2459/2459/2459 2460/2460/2460 2943/2943/2943
f 2460/2460/2460 2462/2462/2462 2945/2945/2945
f 2461/2461/2461 2462/2462/2462 2460/2460/2460
f 2458/2458/2458 2461/2461/2461 2460/2460/2460
f 2458/2458/2458 2460/2460/2460 2459/2459/2459
f 2455/2455/2455 2461/2461/2461 2458/2458/2458
f 2937/2937/2937 2465/2465/2465 2459/2459/2459
f 2937/2937/2937 2940/2940/2940 2465/2465/2465
f 2453/2453/2453 2455/2455/2455 2458/2458/2458
f 2453/2453/2453 2454/2454/2454 2455/2455/2455
f 2940/2940/2940 2466/2466/2466 2465/2465/2465
f 2519/2519/2519 2466/2466/2466 2940/2940/2940
f 2457/2457/2457 2458/2458/2458 2459/2459/2459
f 2453/2453/2453 2458/2458/2458 2457/2457/2457
f 2459/2459/2459 2465/2465/2465 2463/2463/2463
f 2457/2457/2457 2459/2459/2459 2463/2463/2463
f 2465/2465/2465 2466/2466/2466 2464/2464/2464
f 2464/2464/2464 2466/2466/2466 2519/2519/2519
f 2463/2463/2463 2465/2465/2465 2464/2464/2464
f 2517/2517/2517 2464/2464/2464 2519/2519/2519
f 2517/2517/2517 2519/2519/2519 2518/2518/2518
f 2463/2463/2463 2464/2464/2464 2452/2452/2452
f 2452/2452/2452 2464/2464/2464 2517/2517/2517
f 2457/2457/2457 2463/2463/2463 2449/2449/2449
f 2449/2449/2449 2463/2463/2463 2452/2452/2452
f 2450/2450/2450 2453/2453/2453 2457/2457/2457
f 2450/2450/2450 2457/2457/2457 2449/2449/2449
f 2450/2450/2450 2447/2447/2447 2453/2453/2453
f 2450/2450/2450 2449/2449/2449 2447/2447/2447
f 2447/2447/2447 2454/2454/2454 2453/2453/2453
f 2447/2447/2447 996/996/996 2454/2454/2454
f 2449/2449/2449 2448/2448/2448 2447/2447/2447
f 2447/2447/2447 2448/2448/2448 996/996/996
f 2449/2449/2449 2452/2452/2452 2448/2448/2448
f 2448/2448/2448 995/995/995 996/996/996
f 2452/2452/2452 2451/2451/2451 2448/2448/2448
f 2448/2448/2448 2451/2451/2451 995/995/995
f 2516/2516/2516 2517/2517/2517 2518/2518/2518
f 2516/2516/2516 2518/2518/2518 2520/2520/2520
f 2451/2451/2451 997/997/997 995/995/995
f 995/995/995 997/997/997 994/994/994
f 994/994/994 997/997/997 2515/2515/2515
f 2515/2515/2515 997/997/997 2451/2451/2451
f 2809/2809/2809 994/994/994 2515/2515/2515
f 2809/2809/2809 2515/2515/2515 2511/2511/2511
f 2514/2514/2514 2515/2515/2515 2451/2451/2451
f 2511/2511/2511 2515/2515/2515 2514/2514/2514
f 2514/2514/2514 2451/2451/2451 2452/2452/2452
f 2513/2513/2513 2452/2452/2452 2517/2517/2517
f 2513/2513/2513 2514/2514/2514 2452/2452/2452
f 2513/2513/2513 2517/2517/2517 2516/2516/2516
f 2507/2507/2507 2511/2511/2511 2514/2514/2514
f 2507/2507/2507 2514/2514/2514 2513/2513/2513
f 2507/2507/2507 2508/2508/2508 2511/2511/2511
f 2510/2510/2510 2513/2513/2513 2516/2516/2516
f 2510/2510/2510 2507/2507/2507 2513/2513/2513
f 2510/2510/2510 2516/2516/2516 2509/2509/2509
f 2510/2510/2510 2509/2509/2509 2507/2507/2507
f 2516/2516/2516 2520/2520/2520 2509/2509/2509
f 2509/2509/2509 2508/2508/2508 2507/2507/2507
f 2509/2509/2509 2520/2520/2520 2475/2475/2475
f 2509/2509/2509 2475/2475/2475 2508/2508/2508
f 1084/1084/1084 1083/1083/1083 1082/1082/1082
f 1085/1085/1085 1084/1084/1084 1082/1082/1082
f 1084/1084/1084 1089/1089/1089 1083/1083/1083
f 1085/1085/1085 1082/1082/1082 1091/1091/1091
f 1089/1089/1089 1088/1088/1088 1083/1083/1083
f 1085/1085/1085 1097/1097/1097 1084/1084/1084
f 1085/1085/1085 1091/1091/1091 1097/1097/1097
f 1084/1084/1084 1103/1103/1103 1089/1089/1089
f 1097/1097/1097 1103/1103/1103 1084/1084/1084
f 1103/1103/1103 1104/1104/1104 1089/1089/1089
f 1105/1105/1105 1106/1106/1106 1104/1104/1104
f 1103/1103/1103 1105/1105/1105 1104/1104/1104
f 1099/1099/1099 1105/1105/1105 1103/1103/1103
f 1097/1097/1097 1099/1099/1099 1103/1103/1103
f 1097/1097/1097 1098/1098/1098 1099/1099/1099
f 1091/1091/1091 1098/1098/1098 1097/1097/1097
f 1098/1098/1098 1100/1100/1100 1099/1099/1099
f 1083/1083/1083 1088/1088/1088 1087/1087/1087
f 1088/1088/1088 1090/1090/1090 1087/1087/1087
f 1087/1087/1087 1090/1090/1090 2065/2065/2065
f 1098/1098/1098 1101/1101/1101 1100/1100/1100
f 1101/1101/1101 1102/1102/1102 1100/1100/1100
f 1176/1176/1176 1102/1102/1102 1101/1101/1101
f 2064/2064/2064 1087/1087/1087 2065/2065/2065
f 2064/2064/2064 2065/2065/2065 2059/2059/2059
f 1083/1083/1083 1087/1087/1087 1086/1086/1086
f 1086/1086/1086 1087/1087/1087 2064/2064/2064
f 1082/1082/1082 1083/1083/1083 1086/1086/1086
f 1175/1175/1175 1176/1176/1176 1101/1101/1101
f 1171/1171/1171 1176/1176/1176 1175/1175/1175
f 1093/1093/1093 1101/1101/1101 1098/1098/1098
f 1175/1175/1175 1101/1101/1101 1093/1093/1093
f 1091/1091/1091 1093/1093/1093 1098/1098/1098
f 1082/1082/1082 1092/1092/1092 1091/1091/1091
f 1091/1091/1091 1092/1092/1092 1093/1093/1093
f 1082/1082/1082 1086/1086/1086 1092/1092/1092
f 1169/1169/1169 1171/1171/1171 1175/1175/1175
f 1086/1086/1086 1095/1095/1095 1092/1092/1092
f 1159/1159/1159 1175/1175/1175 1093/1093/1093
f 1169/1169/1169 1175/1175/1175 1159/1159/1159
f 1092/1092/1092 1094/1094/1094 1093/1093/1093
f 1092/1092/1092 1095/1095/1095 1094/1094/1094
f 1159/1159/1159 1093/1093/1093 1158/1158/1158
f 1093/1093/1093 1094/1094/1094 1158/1158/1158
f 1160/1160/1160 1169/1169/1169 1159/1159/1159
f 1095/1095/1095 1096/1096/1096 1094/1094/1094
f 1160/1160/1160 1159/1159/1159 1157/1157/1157
f 1159/1159/1159 1158/1158/1158 1157/1157/1157
f 1094/1094/1094 1096/1096/1096 1162/1162/1162
f 1158/1158/1158 1094/1094/1094 1162/1162/1162
f 2001/2001/2001 1096/1096/1096 1095/1095/1095
f 1162/1162/1162 1096/1096/1096 2001/2001/2001
f 2063/2063/2063 1095/1095/1095 1086/1086/1086
f 2063/2063/2063 2001/2001/2001 1095/1095/1095
f 1158/1158/1158 1162/1162/1162 1161/1161/1161
f 1157/1157/1157 1158/1158/1158 1161/1161/1161
f 2000/2000/2000 1162/1162/1162 2001/2001/2001
f 1161/1161/1161 1162/1162/1162 2000/2000/2000
f 1160/1160/1160 1157/1157/1157 1163/1163/1163
f 1160/1160/1160 1163/1163/1163 1169/1169/1169
f 1157/1157/1157 1161/1161/1161 1164/1164/1164
f 1157/1157/1157 1164/1164/1164 1163/1163/1163
f 1169/1169/1169 1170/1170/1170 1171/1171/1171
f 1163/1163/1163 1170/1170/1170 1169/1169/1169
f 1170/1170/1170 1172/1172/1172 1171/1171/1171
f 1163/1163/1163 1164/1164/1164 1165/1165/1165
f 1163/1163/1163 1165/1165/1165 1170/1170/1170
f 1170/1170/1170 1173/1173/1173 1172/1172/1172
f 1165/1165/1165 1173/1173/1173 1170/1170/1170
f 1173/1173/1173 1174/1174/1174 1172/1172/1172
f 1241/1241/1241 1174/1174/1174 1173/1173/1173
f 1240/1240/1240 1241/1241/1241 1173/1173/1173
f 1240/1240/1240 1173/1173/1173 1165/1165/1165
f 1236/1236/1236 1241/1241/1241 1240/1240/1240
f 1164/1164/1164 1166/1166/1166 1165/1165/1165
f 1234/1234/1234 1236/1236/1236 1240/1240/1240
f 1224/1224/1224 1240/1240/1240 1165/1165/1165
f 1234/1234/1234 1240/1240/1240 1224/1224/1224
f 1165/1165/1165 1166/1166/1166 1223/1223/1223
f 1224/1224/1224 1165/1165/1165 1223/1223/1223
f 1164/1164/1164 1167/1167/1167 1166/1166/1166
f 1161/1161/1161 1167/1167/1167 1164/1164/1164
f 1234/1234/1234 1235/1235/1235 1236/1236/1236
f 1235/1235/1235 1237/1237/1237 1236/1236/1236
f 1225/1225/1225 1234/1234/1234 1224/1224/1224
f 1235/1235/1235 1238/1238/1238 1237/1237/1237
f 1238/1238/1238 1239/1239/1239 1237/1237/1237
f 1416/1416/1416 1239/1239/1239 1238/1238/1238
f 1228/1228/1228 1235/1235/1235 1234/1234/1234
f 1225/1225/1225 1228/1228/1228 1234/1234/1234
f 1415/1415/1415 1416/1416/1416 1238/1238/1238
f 1225/1225/1225 1224/1224/1224 1222/1222/1222
f 1225/1225/1225 1222/1222/1222 1228/1228/1228
f 1224/1224/1224 1223/1223/1223 1222/1222/1222
f 1411/1411/1411 1416/1416/1416 1415/1415/1415
f 1230/1230/1230 1238/1238/1238 1235/1235/1235
f 1228/1228/1228 1230/1230/1230 1235/1235/1235
f 1415/1415/1415 1238/1238/1238 1230/1230/1230
f 1222/1222/1222 1229/1229/1229 1228/1228/1228
f 1228/1228/1228 1229/1229/1229 1230/1230/1230
f 1222/1222/1222 1223/1223/1223 1226/1226/1226
f 1222/1222/1222 1226/1226/1226 1229/1229/1229
f 1223/1223/1223 1166/1166/1166 1227/1227/1227
f 1223/1223/1223 1227/1227/1227 1226/1226/1226
f 1166/1166/1166 1168/1168/1168 1227/1227/1227
f 1167/1167/1167 1168/1168/1168 1166/1166/1166
f 1227/1227/1227 1168/1168/1168 1937/1937/1937
f 1937/1937/1937 1168/1168/1168 1167/1167/1167
f 1226/1226/1226 1227/1227/1227 1936/1936/1936
f 1936/1936/1936 1227/1227/1227 1937/1937/1937
f 1999/1999/1999 1937/1937/1937 1167/1167/1167
f 1999/1999/1999 1167/1167/1167 1161/1161/1161
f 1936/1936/1936 1937/1937/1937 1931/1931/1931
f 1931/1931/1931 1937/1937/1937 1999/1999/1999
f 1998/1998/1998 1999/1999/1999 1161/1161/1161
f 1998/1998/1998 1161/1161/1161 2000/2000/2000
f 1996/1996/1996 1931/1931/1931 1999/1999/1999
f 1996/1996/1996 1999/1999/1999 1998/1998/1998
f 1998/1998/1998 2000/2000/2000 1992/1992/1992
f 1993/1993/1993 1996/1996/1996 1998/1998/1998
f 1993/1993/1993 1998/1998/1998 1992/1992/1992
f 1993/1993/1993 1990/1990/1990 1996/1996/1996
f 1993/1993/1993 1992/1992/1992 1990/1990/1990
f 1996/1996/1996 1997/1997/1997 1931/1931/1931
f 1990/1990/1990 1997/1997/1997 1996/1996/1996
f 1992/1992/1992 2000/2000/2000 1995/1995/1995
f 2000/2000/2000 2001/2001/2001 1995/1995/1995
f 1995/1995/1995 2001/2001/2001 2063/2063/2063
f 1992/1992/1992 1991/1991/1991 1990/1990/1990
f 1992/1992/1992 1995/1995/1995 1991/1991/1991
f 1990/1990/1990 1984/1984/1984 1997/1997/1997
f 1990/1990/1990 1991/1991/1991 1984/1984/1984
f 2060/2060/2060 1995/1995/1995 2063/2063/2063
f 1995/1995/1995 1994/1994/1994 1991/1991/1991
f 2060/2060/2060 2063/2063/2063 2062/2062/2062
f 2062/2062/2062 2063/2063/2063 1086/1086/1086
f 2062/2062/2062 1086/1086/1086 2064/2064/2064
f 2060/2060/2060 2061/2061/2061 1995/1995/1995
f 2061/2061/2061 1994/1994/1994 1995/1995/1995
f 2062/2062/2062 2064/2064/2064 2056/2056/2056
f 2056/2056/2056 2064/2064/2064 2059/2059/2059
f 2057/2057/2057 2060/2060/2060 2062/2062/2062
f 2057/2057/2057 2062/2062/2062 2056/2056/2056
f 2057/2057/2057 2054/2054/2054 2060/2060/2060
f 2057/2057/2057 2056/2056/2056 2054/2054/2054
f 2054/2054/2054 2061/2061/2061 2060/2060/2060
f 2056/2056/2056 2059/2059/2059 2055/2055/2055
f 2056/2056/2056 2055/2055/2055 2054/2054/2054
f 2059/2059/2059 2058/2058/2058 2055/2055/2055
f 2054/2054/2054 2048/2048/2048 2061/2061/2061
f 2054/2054/2054 2055/2055/2055 2048/2048/2048
f 2055/2055/2055 2058/2058/2058 2052/2052/2052
f 2055/2055/2055 2052/2052/2052 2048/2048/2048
f 2058/2058/2058 2053/2053/2053 2052/2052/2052
f 2052/2052/2052 2053/2053/2053 2051/2051/2051
f 2050/2050/2050 2052/2052/2052 2051/2051/2051
f 2048/2048/2048 2052/2052/2052 2050/2050/2050
f 2050/2050/2050 2051/2051/2051 2041/2041/2041
f 2048/2048/2048 2049/2049/2049 2061/2061/2061
f 2061/2061/2061 2049/2049/2049 1994/1994/1994
f 2046/2046/2046 2048/2048/2048 2050/2050/2050
f 2049/2049/2049 1989/1989/1989 1994/1994/1994
f 2036/2036/2036 2050/2050/2050 2041/2041/2041
f 2046/2046/2046 2050/2050/2050 2036/2036/2036
f 1994/1994/1994 1989/1989/1989 1988/1988/1988
f 1991/1991/1991 1994/1994/1994 1988/1988/1988
f 1991/1991/1991 1988/1988/1988 1984/1984/1984
f 1987/1987/1987 1989/1989/1989 2049/2049/2049
f 1988/1988/1988 1989/1989/1989 1987/1987/1987
f 2047/2047/2047 2049/2049/2049 2048/2048/2048
f 2047/2047/2047 1987/1987/1987 2049/2049/2049
f 2046/2046/2046 2047/2047/2047 2048/2048/2048
f 1986/1986/1986 1988/1988/1988 1987/1987/1987
f 1984/1984/1984 1988/1988/1988 1986/1986/1986
f 1977/1977/1977 1987/1987/1987 2047/2047/2047
f 1986/1986/1986 1987/1987/1987 1977/1977/1977
f 2043/2043/2043 2047/2047/2047 2046/2046/2046
f 2043/2043/2043 1977/1977/1977 2047/2047/2047
f 2037/2037/2037 2046/2046/2046 2036/2036/2036
f 2037/2037/2037 2043/2043/2043 2046/2046/2046
f 2037/2037/2037 2036/2036/2036 2034/2034/2034
f 2037/2037/2037 2034/2034/2034 2043/2043/2043
f 2036/2036/2036 2041/2041/2041 2035/2035/2035
f 2036/2036/2036 2035/2035/2035 2034/2034/2034
f 2041/2041/2041 2040/2040/2040 2035/2035/2035
f 2034/2034/2034 2044/2044/2044 2043/2043/2043
f 2043/2043/2043 2044/2044/2044 1977/1977/1977
f 2035/2035/2035 2040/2040/2040 2039/2039/2039
f 2040/2040/2040 2042/2042/2042 2039/2039/2039
f 2035/2035/2035 2039/2039/2039 2038/2038/2038
f 2034/2034/2034 2035/2035/2035 2038/2038/2038
f 2034/2034/2034 2038/2038/2038 2044/2044/2044
f 2038/2038/2038 2045/2045/2045 2044/2044/2044
f 2044/2044/2044 2045/2045/2045 1976/1976/1976
f 2044/2044/2044 1976/1976/1976 1977/1977/1977
f 2045/2045/2045 1978/1978/1978 1976/1976/1976
f 1976/1976/1976 1978/1978/1978 1975/1975/1975
f 1971/1971/1971 1976/1976/1976 1975/1975/1975
f 1977/1977/1977 1976/1976/1976 1971/1971/1971
f 1971/1971/1971 1975/1975/1975 1974/1974/1974
f 1972/1972/1972 1977/1977/1977 1971/1971/1971
f 1972/1972/1972 1986/1986/1986 1977/1977/1977
f 1970/1970/1970 1971/1971/1971 1974/1974/1974
f 1972/1972/1972 1971/1971/1971 1970/1970/1970
f 1982/1982/1982 1986/1986/1986 1972/1972/1972
f 1982/1982/1982 1984/1984/1984 1986/1986/1986
f 1973/1973/1973 1972/1972/1972 1970/1970/1970
f 1973/1973/1973 1982/1982/1982 1972/1972/1972
f 1970/1970/1970 1974/1974/1974 1980/1980/1980
f 1974/1974/1974 1981/1981/1981 1980/1980/1980
f 1973/1973/1973 1970/1970/1970 1979/1979/1979
f 1973/1973/1973 1979/1979/1979 1982/1982/1982
f 1970/1970/1970 1980/1980/1980 1979/1979/1979
f 1982/1982/1982 1983/1983/1983 1984/1984/1984
f 1979/1979/1979 1983/1983/1983 1982/1982/1982
f 1980/1980/1980 1981/1981/1981 1912/1912/1912
f 1981/1981/1981 1914/1914/1914 1912/1912/1912
f 1912/1912/1912 1914/1914/1914 1911/1911/1911
f 1979/1979/1979 1980/1980/1980 1913/1913/1913
f 1980/1980/1980 1912/1912/1912 1913/1913/1913
f 1979/1979/1979 1913/1913/1913 1983/1983/1983
f 1907/1907/1907 1912/1912/1912 1911/1911/1911
f 1913/1913/1913 1912/1912/1912 1907/1907/1907
f 1907/1907/1907 1911/1911/1911 1910/1910/1910
f 1983/1983/1983 1985/1985/1985 1984/1984/1984
f 1984/1984/1984 1985/1985/1985 1997/1997/1997
f 1913/1913/1913 1923/1923/1923 1983/1983/1983
f 1983/1983/1983 1923/1923/1923 1985/1985/1985
f 1997/1997/1997 1985/1985/1985 1930/1930/1930
f 1997/1997/1997 1930/1930/1930 1931/1931/1931
f 1923/1923/1923 1925/1925/1925 1985/1985/1985
f 1985/1985/1985 1925/1925/1925 1930/1930/1930
f 1924/1924/1924 1925/1925/1925 1923/1923/1923
f 1930/1930/1930 1925/1925/1925 1924/1924/1924
f 1922/1922/1922 1923/1923/1923 1913/1913/1913
f 1922/1922/1922 1924/1924/1924 1923/1923/1923
f 1931/1931/1931 1930/1930/1930 1927/1927/1927
f 1927/1927/1927 1930/1930/1930 1924/1924/1924
f 1908/1908/1908 1922/1922/1922 1913/1913/1913
f 1908/1908/1908 1913/1913/1913 1907/1907/1907
f 1920/1920/1920 1924/1924/1924 1922/1922/1922
f 1927/1927/1927 1924/1924/1924 1920/1920/1920
f 1918/1918/1918 1922/1922/1922 1908/1908/1908
f 1918/1918/1918 1920/1920/1920 1922/1922/1922
f 1908/1908/1908 1907/1907/1907 1906/1906/1906
f 1906/1906/1906 1907/1907/1907 1910/1910/1910
f 1909/1909/1909 1918/1918/1918 1908/1908/1908
f 1909/1909/1909 1908/1908/1908 1906/1906/1906
f 1909/1909/1909 1915/1915/1915 1918/1918/1918
f 1909/1909/1909 1906/1906/1906 1915/1915/1915
f 1906/1906/1906 1910/1910/1910 1916/1916/1916
f 1906/1906/1906 1916/1916/1916 1915/1915/1915
f 1910/1910/1910 1917/1917/1917 1916/1916/1916
f 1915/1915/1915 1919/1919/1919 1918/1918/1918
f 1918/1918/1918 1919/1919/1919 1920/1920/1920
f 1916/1916/1916 1917/1917/1917 1688/1688/1688
f 1917/1917/1917 1690/1690/1690 1688/1688/1688
f 1688/1688/1688 1690/1690/1690 1687/1687/1687
f 1915/1915/1915 1916/1916/1916 1689/1689/1689
f 1916/1916/1916 1688/1688/1688 1689/1689/1689
f 1915/1915/1915 1689/1689/1689 1919/1919/1919
f 1683/1683/1683 1688/1688/1688 1687/1687/1687
f 1689/1689/1689 1688/1688/1688 1683/1683/1683
f 1683/1683/1683 1687/1687/1687 1686/1686/1686
f 1689/1689/1689 1704/1704/1704 1919/1919/1919
f 1682/1682/1682 1683/1683/1683 1686/1686/1686
f 1919/1919/1919 1704/1704/1704 1921/1921/1921
f 1919/1919/1919 1921/1921/1921 1920/1920/1920
f 1684/1684/1684 1689/1689/1689 1683/1683/1683
f 1684/1684/1684 1683/1683/1683 1682/1682/1682
f 1703/1703/1703 1704/1704/1704 1689/1689/1689
f 1684/1684/1684 1703/1703/1703 1689/1689/1689
f 1682/1682/1682 1686/1686/1686 1692/1692/1692
f 1686/1686/1686 1695/1695/1695 1692/1692/1692
f 1695/1695/1695 1696/1696/1696 1694/1694/1694
f 1692/1692/1692 1695/1695/1695 1694/1694/1694
f 1692/1692/1692 1694/1694/1694 1693/1693/1693
f 1685/1685/1685 1684/1684/1684 1682/1682/1682
f 1682/1682/1682 1692/1692/1692 1691/1691/1691
f 1685/1685/1685 1682/1682/1682 1691/1691/1691
f 1691/1691/1691 1692/1692/1692 1693/1693/1693
f 1685/1685/1685 1697/1697/1697 1684/1684/1684
f 1685/1685/1685 1691/1691/1691 1697/1697/1697
f 1697/1697/1697 1703/1703/1703 1684/1684/1684
f 1691/1691/1691 1693/1693/1693 1698/1698/1698
f 1691/1691/1691 1698/1698/1698 1697/1697/1697
f 1693/1693/1693 1701/1701/1701 1698/1698/1698
f 1697/1697/1697 1699/1699/1699 1703/1703/1703
f 1697/1697/1697 1698/1698/1698 1699/1699/1699
f 1698/1698/1698 1701/1701/1701 1700/1700/1700
f 1698/1698/1698 1700/1700/1700 1699/1699/1699
f 1701/1701/1701 1702/1702/1702 1700/1700/1700
f 1700/1700/1700 1702/1702/1702 1716/1716/1716
f 1714/1714/1714 1700/1700/1700 1716/1716/1716
f 1699/1699/1699 1700/1700/1700 1714/1714/1714
f 1714/1714/1714 1716/1716/1716 1715/1715/1715
f 1699/1699/1699 1705/1705/1705 1703/1703/1703
f 1703/1703/1703 1705/1705/1705 1704/1704/1704
f 1707/1707/1707 1699/1699/1699 1714/1714/1714
f 1705/1705/1705 1706/1706/1706 1704/1704/1704
f 1704/1704/1704 1706/1706/1706 1921/1921/1921
f 1708/1708/1708 1705/1705/1705 1699/1699/1699
f 1707/1707/1707 1708/1708/1708 1699/1699/1699
f 1711/1711/1711 1706/1706/1706 1705/1705/1705
f 1921/1921/1921 1706/1706/1706 1711/1711/1711
f 1708/1708/1708 1711/1711/1711 1705/1705/1705
f 1933/1933/1933 1921/1921/1921 1711/1711/1711
f 1920/1920/1920 1921/1921/1921 1933/1933/1933
f 1712/1712/1712 1711/1711/1711 1708/1708/1708
f 1933/1933/1933 1711/1711/1711 1712/1712/1712
f 1709/1709/1709 1708/1708/1708 1707/1707/1707
f 1709/1709/1709 1712/1712/1712 1708/1708/1708
f 1926/1926/1926 1920/1920/1920 1933/1933/1933
f 1926/1926/1926 1927/1927/1927 1920/1920/1920
f 1932/1932/1932 1933/1933/1933 1712/1712/1712
f 1926/1926/1926 1933/1933/1933 1932/1932/1932
f 1928/1928/1928 1927/1927/1927 1926/1926/1926
f 1928/1928/1928 1931/1931/1931 1927/1927/1927
f 1928/1928/1928 1936/1936/1936 1931/1931/1931
f 1929/1929/1929 1926/1926/1926 1932/1932/1932
f 1929/1929/1929 1928/1928/1928 1926/1926/1926
f 1934/1934/1934 1936/1936/1936 1928/1928/1928
f 1929/1929/1929 1934/1934/1934 1928/1928/1928
f 1929/1929/1929 1932/1932/1932 1934/1934/1934
f 1934/1934/1934 1226/1226/1226 1936/1936/1936
f 1932/1932/1932 1935/1935/1935 1934/1934/1934
f 1934/1934/1934 1935/1935/1935 1226/1226/1226
f 1932/1932/1932 1712/1712/1712 1935/1935/1935
f 1935/1935/1935 1232/1232/1232 1226/1226/1226
f 1226/1226/1226 1232/1232/1232 1229/1229/1229
f 1712/1712/1712 1721/1721/1721 1935/1935/1935
f 1935/1935/1935 1721/1721/1721 1232/1232/1232
f 1229/1229/1229 1232/1232/1232 1231/1231/1231
f 1229/1229/1229 1231/1231/1231 1230/1230/1230
f 1721/1721/1721 1233/1233/1233 1232/1232/1232
f 1232/1232/1232 1233/1233/1233 1231/1231/1231
f 1720/1720/1720 1721/1721/1721 1712/1712/1712
f 1709/1709/1709 1720/1720/1720 1712/1712/1712
f 1402/1402/1402 1233/1233/1233 1721/1721/1721
f 1231/1231/1231 1233/1233/1233 1402/1402/1402
f 1720/1720/1720 1402/1402/1402 1721/1721/1721
f 1230/1230/1230 1231/1231/1231 1398/1398/1398
f 1398/1398/1398 1231/1231/1231 1402/1402/1402
f 1399/1399/1399 1230/1230/1230 1398/1398/1398
f 1399/1399/1399 1415/1415/1415 1230/1230/1230
f 1398/1398/1398 1402/1402/1402 1401/1401/1401
f 1401/1401/1401 1402/1402/1402 1720/1720/1720
f 1399/1399/1399 1398/1398/1398 1397/1397/1397
f 1397/1397/1397 1398/1398/1398 1401/1401/1401
f 1409/1409/1409 1415/1415/1415 1399/1399/1399
f 1409/1409/1409 1411/1411/1411 1415/1415/1415
f 1400/1400/1400 1399/1399/1399 1397/1397/1397
f 1400/1400/1400 1409/1409/1409 1399/1399/1399
f 1400/1400/1400 1397/1397/1397 1403/1403/1403
f 1400/1400/1400 1403/1403/1403 1409/1409/1409
f 1409/1409/1409 1410/1410/1410 1411/1411/1411
f 1403/1403/1403 1410/1410/1410 1409/1409/1409
f 1410/1410/1410 1412/1412/1412 1411/1411/1411
f 1413/1413/1413 1414/1414/1414 1412/1412/1412
f 1410/1410/1410 1413/1413/1413 1412/1412/1412
f 1405/1405/1405 1413/1413/1413 1410/1410/1410
f 1403/1403/1403 1405/1405/1405 1410/1410/1410
f 1397/1397/1397 1404/1404/1404 1403/1403/1403
f 1403/1403/1403 1404/1404/1404 1405/1405/1405
f 1397/1397/1397 1401/1401/1401 1404/1404/1404
f 1404/1404/1404 1406/1406/1406 1405/1405/1405
f 1404/1404/1404 1407/1407/1407 1406/1406/1406
f 1401/1401/1401 1407/1407/1407 1404/1404/1404
f 1407/1407/1407 1408/1408/1408 1406/1406/1406
f 1719/1719/1719 1408/1408/1408 1407/1407/1407
f 1718/1718/1718 1719/1719/1719 1407/1407/1407
f 1718/1718/1718 1407/1407/1407 1401/1401/1401
f 1715/1715/1715 1719/1719/1719 1718/1718/1718
f 1717/1717/1717 1401/1401/1401 1720/1720/1720
f 1717/1717/1717 1718/1718/1718 1401/1401/1401
f 1717/1717/1717 1720/1720/1720 1709/1709/1709
f 1713/1713/1713 1715/1715/1715 1718/1718/1718
f 1713/1713/1713 1718/1718/1718 1717/1717/1717
f 1713/1713/1713 1714/1714/1714 1715/1715/1715
f 1707/1707/1707 1714/1714/1714 1713/1713/1713
f 1710/1710/1710 1717/1717/1717 1709/1709/1709
f 1710/1710/1710 1713/1713/1713 1717/1717/1717
f 1710/1710/1710 1709/1709/1709 1707/1707/1707
f 1710/1710/1710 1707/1707/1707 1713/1713/1713
f 1109/1109/1109 1108/1108/1108 1107/1107/1107
f 1110/1110/1110 1109/1109/1109 1107/1107/1107
f 1110/1110/1110 1107/1107/1107 1116/1116/1116
f 1110/1110/1110 1122/1122/1122 1109/1109/1109
f 1110/1110/1110 1116/1116/1116 1122/1122/1122
f 1122/1122/1122 1128/1128/1128 1109/1109/1109
f 1107/1107/1107 1117/1117/1117 1116/1116/1116
f 1109/1109/1109 1128/1128/1128 1114/1114/1114
f 1109/1109/1109 1114/1114/1114 1108/1108/1108
f 1122/1122/1122 1124/1124/1124 1128/1128/1128
f 1116/1116/1116 1123/1123/1123 1122/1122/1122
f 1122/1122/1122 1123/1123/1123 1124/1124/1124
f 1124/1124/1124 1130/1130/1130 1128/1128/1128
f 1123/1123/1123 1125/1125/1125 1124/1124/1124
f 1128/1128/1128 1130/1130/1130 1129/1129/1129
f 1128/1128/1128 1129/1129/1129 1114/1114/1114
f 1130/1130/1130 1131/1131/1131 1129/1129/1129
f 1129/1129/1129 1131/1131/1131 1257/1257/1257
f 1123/1123/1123 1126/1126/1126 1125/1125/1125
f 1126/1126/1126 1127/1127/1127 1125/1125/1125
f 1196/1196/1196 1127/1127/1127 1126/1126/1126
f 1255/1255/1255 1129/1129/1129 1257/1257/1257
f 1114/1114/1114 1129/1129/1129 1255/1255/1255
f 1255/1255/1255 1257/1257/1257 1256/1256/1256
f 1195/1195/1195 1196/1196/1196 1126/1126/1126
f 1191/1191/1191 1196/1196/1196 1195/1195/1195
f 1118/1118/1118 1126/1126/1126 1123/1123/1123
f 1116/1116/1116 1118/1118/1118 1123/1123/1123
f 1195/1195/1195 1126/1126/1126 1118/1118/1118
f 1116/1116/1116 1117/1117/1117 1118/1118/1118
f 1189/1189/1189 1191/1191/1191 1195/1195/1195
f 1179/1179/1179 1195/1195/1195 1118/1118/1118
f 1189/1189/1189 1195/1195/1195 1179/1179/1179
f 1189/1189/1189 1190/1190/1190 1191/1191/1191
f 1190/1190/1190 1192/1192/1192 1191/1191/1191
f 1193/1193/1193 1194/1194/1194 1192/1192/1192
f 1190/1190/1190 1193/1193/1193 1192/1192/1192
f 1185/1185/1185 1193/1193/1193 1190/1190/1190
f 1183/1183/1183 1190/1190/1190 1189/1189/1189
f 1183/1183/1183 1185/1185/1185 1190/1190/1190
f 1180/1180/1180 1189/1189/1189 1179/1179/1179
f 1180/1180/1180 1183/1183/1183 1189/1189/1189
f 1180/1180/1180 1179/1179/1179 1177/1177/1177
f 1180/1180/1180 1177/1177/1177 1183/1183/1183
f 1183/1183/1183 1184/1184/1184 1185/1185/1185
f 1177/1177/1177 1184/1184/1184 1183/1183/1183
f 1184/1184/1184 1186/1186/1186 1185/1185/1185
f 1179/1179/1179 1178/1178/1178 1177/1177/1177
f 1179/1179/1179 1118/1118/1118 1178/1178/1178
f 1184/1184/1184 1187/1187/1187 1186/1186/1186
f 1187/1187/1187 1188/1188/1188 1186/1186/1186
f 2303/2303/2303 1188/1188/1188 1187/1187/1187
f 1177/1177/1177 1181/1181/1181 1184/1184/1184
f 1181/1181/1181 1187/1187/1187 1184/1184/1184
f 1177/1177/1177 1178/1178/1178 1181/1181/1181
f 2302/2302/2302 2303/2303/2303 1187/1187/1187
f 2302/2302/2302 1187/1187/1187 1181/1181/1181
f 2299/2299/2299 2303/2303/2303 2302/2302/2302
f 1118/1118/1118 1119/1119/1119 1178/1178/1178
f 1117/1117/1117 1119/1119/1119 1118/1118/1118
f 1178/1178/1178 1182/1182/1182 1181/1181/1181
f 1178/1178/1178 1119/1119/1119 1182/1182/1182
f 2301/2301/2301 2302/2302/2302 1181/1181/1181
f 1119/1119/1119 1121/1121/1121 1182/1182/1182
f 2297/2297/2297 2299/2299/2299 2302/2302/2302
f 2297/2297/2297 2302/2302/2302 2301/2301/2301
f 1181/1181/1181 1182/1182/1182 2304/2304/2304
f 2301/2301/2301 1181/1181/1181 2304/2304/2304
f 1182/1182/1182 1121/1121/1121 2305/2305/2305
f 2304/2304/2304 1182/1182/1182 2305/2305/2305
f 1120/1120/1120 1121/1121/1121 1119/1119/1119
f 2305/2305/2305 1121/1121/1121 1120/1120/1120
f 1117/1117/1117 1120/1120/1120 1119/1119/1119
f 2301/2301/2301 2304/2304/2304 2293/2293/2293
f 1111/1111/1111 1120/1120/1120 1117/1117/1117
f 1107/1107/1107 1111/1111/1111 1117/1117/1117
f 1107/1107/1107 1108/1108/1108 1111/1111/1111
f 2328/2328/2328 2305/2305/2305 1120/1120/1120
f 2328/2328/2328 1120/1120/1120 1111/1111/1111
f 2304/2304/2304 2305/2305/2305 2296/2296/2296
f 2296/2296/2296 2305/2305/2305 2328/2328/2328
f 2293/2293/2293 2304/2304/2304 2296/2296/2296
f 2294/2294/2294 2301/2301/2301 2293/2293/2293
f 2294/2294/2294 2297/2297/2297 2301/2301/2301
f 2294/2294/2294 2293/2293/2293 2291/2291/2291
f 2294/2294/2294 2291/2291/2291 2297/2297/2297
f 2293/2293/2293 2296/2296/2296 2292/2292/2292
f 2293/2293/2293 2292/2292/2292 2291/2291/2291
f 2297/2297/2297 2298/2298/2298 2299/2299/2299
f 2291/2291/2291 2298/2298/2298 2297/2297/2297
f 2298/2298/2298 2300/2300/2300 2299/2299/2299
f 2291/2291/2291 2292/2292/2292 2283/2283/2283
f 2291/2291/2291 2283/2283/2283 2298/2298/2298
f 2298/2298/2298 2284/2284/2284 2300/2300/2300
f 2283/2283/2283 2284/2284/2284 2298/2298/2298
f 2284/2284/2284 2286/2286/2286 2300/2300/2300
f 2285/2285/2285 2286/2286/2286 2284/2284/2284
f 2282/2282/2282 2285/2285/2285 2284/2284/2284
f 2282/2282/2282 2284/2284/2284 2283/2283/2283
f 2277/2277/2277 2285/2285/2285 2282/2282/2282
f 2292/2292/2292 2289/2289/2289 2283/2283/2283
f 2275/2275/2275 2277/2277/2277 2282/2282/2282
f 2281/2281/2281 2282/2282/2282 2283/2283/2283
f 2275/2275/2275 2282/2282/2282 2281/2281/2281
f 2283/2283/2283 2289/2289/2289 2287/2287/2287
f 2281/2281/2281 2283/2283/2283 2287/2287/2287
f 2292/2292/2292 2295/2295/2295 2289/2289/2289
f 2296/2296/2296 2295/2295/2295 2292/2292/2292
f 2275/2275/2275 2276/2276/2276 2277/2277/2277
f 2276/2276/2276 2278/2278/2278 2277/2277/2277
f 2279/2279/2279 2280/2280/2280 2278/2278/2278
f 2276/2276/2276 2279/2279/2279 2278/2278/2278
f 2270/2270/2270 2279/2279/2279 2276/2276/2276
f 2266/2266/2266 2276/2276/2276 2275/2275/2275
f 2266/2266/2266 2270/2270/2270 2276/2276/2276
f 2269/2269/2269 2275/2275/2275 2281/2281/2281
f 2269/2269/2269 2266/2266/2266 2275/2275/2275
f 2269/2269/2269 2281/2281/2281 2268/2268/2268
f 2269/2269/2269 2268/2268/2268 2266/2266/2266
f 2281/2281/2281 2287/2287/2287 2268/2268/2268
f 2266/2266/2266 2267/2267/2267 2270/2270/2270
f 2268/2268/2268 2267/2267/2267 2266/2266/2266
f 2267/2267/2267 2271/2271/2271 2270/2270/2270
f 2268/2268/2268 2287/2287/2287 2273/2273/2273
f 2268/2268/2268 2273/2273/2273 2267/2267/2267
f 2267/2267/2267 2272/2272/2272 2271/2271/2271
f 2273/2273/2273 2272/2272/2272 2267/2267/2267
f 2272/2272/2272 2274/2274/2274 2271/2271/2271
f 2314/2314/2314 2274/2274/2274 2272/2272/2272
f 2313/2313/2313 2314/2314/2314 2272/2272/2272
f 2313/2313/2313 2272/2272/2272 2273/2273/2273
f 2310/2310/2310 2314/2314/2314 2313/2313/2313
f 2287/2287/2287 2288/2288/2288 2273/2273/2273
f 2287/2287/2287 2289/2289/2289 2288/2288/2288
f 2312/2312/2312 2313/2313/2313 2273/2273/2273
f 2289/2289/2289 2290/2290/2290 2288/2288/2288
f 2295/2295/2295 2290/2290/2290 2289/2289/2289
f 2273/2273/2273 2288/2288/2288 2316/2316/2316
f 2312/2312/2312 2273/2273/2273 2316/2316/2316
f 2288/2288/2288 2290/2290/2290 2318/2318/2318
f 2318/2318/2318 2290/2290/2290 2295/2295/2295
f 2316/2316/2316 2288/2288/2288 2318/2318/2318
f 2326/2326/2326 2318/2318/2318 2295/2295/2295
f 2326/2326/2326 2295/2295/2295 2296/2296/2296
f 2316/2316/2316 2318/2318/2318 2317/2317/2317
f 2317/2317/2317 2318/2318/2318 2326/2326/2326
f 2325/2325/2325 2326/2326/2326 2296/2296/2296
f 2325/2325/2325 2296/2296/2296 2328/2328/2328
f 2321/2321/2321 2317/2317/2317 2326/2326/2326
f 2321/2321/2321 2326/2326/2326 2325/2325/2325
f 2325/2325/2325 2328/2328/2328 2327/2327/2327
f 2327/2327/2327 2328/2328/2328 1111/1111/1111
f 2324/2324/2324 2321/2321/2321 2325/2325/2325
f 2324/2324/2324 2325/2325/2325 2327/2327/2327
f 2324/2324/2324 2323/2323/2323 2321/2321/2321
f 2324/2324/2324 2327/2327/2327 2323/2323/2323
f 2327/2327/2327 1111/1111/1111 2329/2329/2329
f 2327/2327/2327 2329/2329/2329 2323/2323/2323
f 2323/2323/2323 2322/2322/2322 2321/2321/2321
f 2321/2321/2321 2322/2322/2322 2317/2317/2317
f 1111/1111/1111 1112/1112/1112 2329/2329/2329
f 1108/1108/1108 1112/1112/1112 1111/1111/1111
f 2323/2323/2323 2329/2329/2329 2260/2260/2260
f 2323/2323/2323 2260/2260/2260 2322/2322/2322
f 2329/2329/2329 1112/1112/1112 2264/2264/2264
f 2329/2329/2329 2264/2264/2264 2260/2260/2260
f 1108/1108/1108 1113/1113/1113 1112/1112/1112
f 1114/1114/1114 1113/1113/1113 1108/1108/1108
f 1112/1112/1112 1115/1115/1115 2264/2264/2264
f 1113/1113/1113 1115/1115/1115 1112/1112/1112
f 2264/2264/2264 1115/1115/1115 1253/1253/1253
f 1253/1253/1253 1115/1115/1115 1113/1113/1113
f 1252/1252/1252 1113/1113/1113 1114/1114/1114
f 1252/1252/1252 1253/1253/1253 1113/1113/1113
f 2263/2263/2263 2264/2264/2264 1253/1253/1253
f 2260/2260/2260 2264/2264/2264 2263/2263/2263
f 1251/1251/1251 1252/1252/1252 1114/1114/1114
f 1251/1251/1251 1114/1114/1114 1255/1255/1255
f 1246/1246/1246 1253/1253/1253 1252/1252/1252
f 2263/2263/2263 1253/1253/1253 1246/1246/1246
f 1242/1242/1242 1252/1252/1252 1251/1251/1251
f 1242/1242/1242 1246/1246/1246 1252/1252/1252
f 1251/1251/1251 1255/1255/1255 1254/1254/1254
f 1254/1254/1254 1255/1255/1255 1256/1256/1256
f 1245/1245/1245 1242/1242/1242 1251/1251/1251
f 1245/1245/1245 1251/1251/1251 1254/1254/1254
f 1245/1245/1245 1244/1244/1244 1242/1242/1242
f 1245/1245/1245 1254/1254/1254 1244/1244/1244
f 1254/1254/1254 1256/1256/1256 1258/1258/1258
f 1254/1254/1254 1258/1258/1258 1244/1244/1244
f 1256/1256/1256 1260/1260/1260 1258/1258/1258
f 1244/1244/1244 1243/1243/1243 1242/1242/1242
f 1242/1242/1242 1243/1243/1243 1246/1246/1246
f 1258/1258/1258 1260/1260/1260 1259/1259/1259
f 1260/1260/1260 1261/1261/1261 1259/1259/1259
f 1259/1259/1259 1261/1261/1261 1519/1519/1519
f 1244/1244/1244 1258/1258/1258 1249/1249/1249
f 1258/1258/1258 1259/1259/1259 1249/1249/1249
f 1244/1244/1244 1249/1249/1249 1243/1243/1243
f 1517/1517/1517 1259/1259/1259 1519/1519/1519
f 1249/1249/1249 1259/1259/1259 1517/1517/1517
f 1517/1517/1517 1519/1519/1519 1518/1518/1518
f 1249/1249/1249 1248/1248/1248 1243/1243/1243
f 1516/1516/1516 1517/1517/1517 1518/1518/1518
f 1243/1243/1243 1248/1248/1248 1247/1247/1247
f 1243/1243/1243 1247/1247/1247 1246/1246/1246
f 1513/1513/1513 1249/1249/1249 1517/1517/1517
f 1513/1513/1513 1517/1517/1517 1516/1516/1516
f 1514/1514/1514 1248/1248/1248 1249/1249/1249
f 1513/1513/1513 1514/1514/1514 1249/1249/1249
f 1516/1516/1516 1518/1518/1518 1520/1520/1520
f 1518/1518/1518 1521/1521/1521 1520/1520/1520
f 1510/1510/1510 1513/1513/1513 1516/1516/1516
f 1520/1520/1520 1521/1521/1521 1306/1306/1306
f 1521/1521/1521 1307/1307/1307 1306/1306/1306
f 1306/1306/1306 1307/1307/1307 1305/1305/1305
f 1516/1516/1516 1520/1520/1520 1509/1509/1509
f 1510/1510/1510 1516/1516/1516 1509/1509/1509
f 1303/1303/1303 1306/1306/1306 1305/1305/1305
f 1510/1510/1510 1507/1507/1507 1513/1513/1513
f 1510/1510/1510 1509/1509/1509 1507/1507/1507
f 1507/1507/1507 1514/1514/1514 1513/1513/1513
f 1303/1303/1303 1305/1305/1305 1304/1304/1304
f 1520/1520/1520 1306/1306/1306 1298/1298/1298
f 1509/1509/1509 1520/1520/1520 1298/1298/1298
f 1298/1298/1298 1306/1306/1306 1303/1303/1303
f 1509/1509/1509 1508/1508/1508 1507/1507/1507
f 1509/1509/1509 1298/1298/1298 1508/1508/1508
f 1507/1507/1507 1511/1511/1511 1514/1514/1514
f 1507/1507/1507 1508/1508/1508 1511/1511/1511
f 1514/1514/1514 1515/1515/1515 1248/1248/1248
f 1511/1511/1511 1515/1515/1515 1514/1514/1514
f 1515/1515/1515 1250/1250/1250 1248/1248/1248
f 1248/1248/1248 1250/1250/1250 1247/1247/1247
f 2143/2143/2143 1250/1250/1250 1515/1515/1515
f 1247/1247/1247 1250/1250/1250 2143/2143/2143
f 2142/2142/2142 1515/1515/1515 1511/1511/1511
f 2142/2142/2142 2143/2143/2143 1515/1515/1515
f 2265/2265/2265 1247/1247/1247 2143/2143/2143
f 1246/1246/1246 1247/1247/1247 2265/2265/2265
f 2139/2139/2139 2143/2143/2143 2142/2142/2142
f 2265/2265/2265 2143/2143/2143 2139/2139/2139
f 2262/2262/2262 1246/1246/1246 2265/2265/2265
f 2262/2262/2262 2263/2263/2263 1246/1246/1246
f 2256/2256/2256 2265/2265/2265 2139/2139/2139
f 2262/2262/2262 2265/2265/2265 2256/2256/2256
f 2258/2258/2258 2263/2263/2263 2262/2262/2262
f 2258/2258/2258 2260/2260/2260 2263/2263/2263
f 2257/2257/2257 2262/2262/2262 2256/2256/2256
f 2257/2257/2257 2258/2258/2258 2262/2262/2262
f 2257/2257/2257 2256/2256/2256 2254/2254/2254
f 2257/2257/2257 2254/2254/2254 2258/2258/2258
f 2258/2258/2258 2259/2259/2259 2260/2260/2260
f 2254/2254/2254 2259/2259/2259 2258/2258/2258
f 2256/2256/2256 2255/2255/2255 2254/2254/2254
f 2256/2256/2256 2139/2139/2139 2255/2255/2255
f 2259/2259/2259 2261/2261/2261 2260/2260/2260
f 2260/2260/2260 2261/2261/2261 2322/2322/2322
f 2254/2254/2254 2248/2248/2248 2259/2259/2259
f 2254/2254/2254 2255/2255/2255 2248/2248/2248
f 2259/2259/2259 2249/2249/2249 2261/2261/2261
f 2248/2248/2248 2249/2249/2249 2259/2259/2259
f 2322/2322/2322 2261/2261/2261 2320/2320/2320
f 2322/2322/2322 2320/2320/2320 2317/2317/2317
f 2249/2249/2249 2251/2251/2251 2261/2261/2261
f 2261/2261/2261 2251/2251/2251 2320/2320/2320
f 2250/2250/2250 2251/2251/2251 2249/2249/2249
f 2320/2320/2320 2251/2251/2251 2250/2250/2250
f 2317/2317/2317 2320/2320/2320 2319/2319/2319
f 2319/2319/2319 2320/2320/2320 2250/2250/2250
f 2247/2247/2247 2250/2250/2250 2249/2249/2249
f 2247/2247/2247 2249/2249/2249 2248/2248/2248
f 2315/2315/2315 2317/2317/2317 2319/2319/2319
f 2315/2315/2315 2316/2316/2316 2317/2317/2317
f 2312/2312/2312 2316/2316/2316 2315/2315/2315
f 2319/2319/2319 2250/2250/2250 2242/2242/2242
f 2242/2242/2242 2250/2250/2250 2247/2247/2247
f 2315/2315/2315 2319/2319/2319 2308/2308/2308
f 2308/2308/2308 2319/2319/2319 2242/2242/2242
f 2309/2309/2309 2312/2312/2312 2315/2315/2315
f 2309/2309/2309 2315/2315/2315 2308/2308/2308
f 2309/2309/2309 2306/2306/2306 2312/2312/2312
f 2309/2309/2309 2308/2308/2308 2306/2306/2306
f 2306/2306/2306 2313/2313/2313 2312/2312/2312
f 2306/2306/2306 2310/2310/2310 2313/2313/2313
f 2308/2308/2308 2307/2307/2307 2306/2306/2306
f 2306/2306/2306 2307/2307/2307 2310/2310/2310
f 2308/2308/2308 2242/2242/2242 2307/2307/2307
f 2307/2307/2307 2311/2311/2311 2310/2310/2310
f 2307/2307/2307 2243/2243/2243 2311/2311/2311
f 2242/2242/2242 2243/2243/2243 2307/2307/2307
f 2243/2243/2243 2245/2245/2245 2311/2311/2311
f 2244/2244/2244 2245/2245/2245 2243/2243/2243
f 2241/2241/2241 2244/2244/2244 2243/2243/2243
f 2241/2241/2241 2243/2243/2243 2242/2242/2242
f 2238/2238/2238 2244/2244/2244 2241/2241/2241
f 2240/2240/2240 2241/2241/2241 2242/2242/2242
f 2240/2240/2240 2242/2242/2242 2247/2247/2247
f 2234/2234/2234 2238/2238/2238 2241/2241/2241
f 2234/2234/2234 2241/2241/2241 2240/2240/2240
f 2240/2240/2240 2247/2247/2247 2246/2246/2246
f 2246/2246/2246 2247/2247/2247 2248/2248/2248
f 2237/2237/2237 2234/2234/2234 2240/2240/2240
f 2237/2237/2237 2240/2240/2240 2246/2246/2246
f 2234/2234/2234 2235/2235/2235 2238/2238/2238
f 2235/2235/2235 2239/2239/2239 2238/2238/2238
f 2237/2237/2237 2236/2236/2236 2234/2234/2234
f 2237/2237/2237 2246/2246/2246 2236/2236/2236
f 2236/2236/2236 2235/2235/2235 2234/2234/2234
f 2246/2246/2246 2248/2248/2248 2252/2252/2252
f 2246/2246/2246 2252/2252/2252 2236/2236/2236
f 2235/2235/2235 2118/2118/2118 2239/2239/2239
f 2118/2118/2118 2120/2120/2120 2239/2239/2239
f 2119/2119/2119 2120/2120/2120 2118/2118/2118
f 2236/2236/2236 2117/2117/2117 2235/2235/2235
f 2117/2117/2117 2118/2118/2118 2235/2235/2235
f 2236/2236/2236 2252/2252/2252 2117/2117/2117
f 2116/2116/2116 2119/2119/2119 2118/2118/2118
f 2116/2116/2116 2118/2118/2118 2117/2117/2117
f 2110/2110/2110 2119/2119/2119 2116/2116/2116
f 2248/2248/2248 2253/2253/2253 2252/2252/2252
f 2255/2255/2255 2253/2253/2253 2248/2248/2248
f 2252/2252/2252 2125/2125/2125 2117/2117/2117
f 2252/2252/2252 2253/2253/2253 2125/2125/2125
f 2255/2255/2255 2140/2140/2140 2253/2253/2253
f 2139/2139/2139 2140/2140/2140 2255/2255/2255
f 2253/2253/2253 2126/2126/2126 2125/2125/2125
f 2140/2140/2140 2126/2126/2126 2253/2253/2253
f 2125/2125/2125 2126/2126/2126 2124/2124/2124
f 2124/2124/2124 2126/2126/2126 2140/2140/2140
f 2117/2117/2117 2125/2125/2125 2122/2122/2122
f 2122/2122/2122 2125/2125/2125 2124/2124/2124
f 2138/2138/2138 2140/2140/2140 2139/2139/2139
f 2138/2138/2138 2124/2124/2124 2140/2140/2140
f 2115/2115/2115 2117/2117/2117 2122/2122/2122
f 2115/2115/2115 2116/2116/2116 2117/2117/2117
f 2122/2122/2122 2124/2124/2124 2123/2123/2123
f 2123/2123/2123 2124/2124/2124 2138/2138/2138
f 2115/2115/2115 2122/2122/2122 2121/2121/2121
f 2121/2121/2121 2122/2122/2122 2123/2123/2123
f 2106/2106/2106 2116/2116/2116 2115/2115/2115
f 2106/2106/2106 2110/2110/2110 2116/2116/2116
f 2109/2109/2109 2115/2115/2115 2121/2121/2121
f 2109/2109/2109 2106/2106/2106 2115/2115/2115
f 2109/2109/2109 2121/2121/2121 2108/2108/2108
f 2109/2109/2109 2108/2108/2108 2106/2106/2106
f 2106/2106/2106 2107/2107/2107 2110/2110/2110
f 2108/2108/2108 2107/2107/2107 2106/2106/2106
f 2107/2107/2107 2111/2111/2111 2110/2110/2110
f 2121/2121/2121 2127/2127/2127 2108/2108/2108
f 2121/2121/2121 2123/2123/2123 2127/2127/2127
f 2107/2107/2107 2112/2112/2112 2111/2111/2111
f 2112/2112/2112 2114/2114/2114 2111/2111/2111
f 2218/2218/2218 2114/2114/2114 2112/2112/2112
f 2108/2108/2108 2113/2113/2113 2107/2107/2107
f 2113/2113/2113 2112/2112/2112 2107/2107/2107
f 2108/2108/2108 2127/2127/2127 2113/2113/2113
f 2217/2217/2217 2218/2218/2218 2112/2112/2112
f 2217/2217/2217 2112/2112/2112 2113/2113/2113
f 2214/2214/2214 2218/2218/2218 2217/2217/2217
f 2127/2127/2127 2128/2128/2128 2113/2113/2113
f 2210/2210/2210 2214/2214/2214 2217/2217/2217
f 2216/2216/2216 2217/2217/2217 2113/2113/2113
f 2210/2210/2210 2217/2217/2217 2216/2216/2216
f 2113/2113/2113 2128/2128/2128 2220/2220/2220
f 2216/2216/2216 2113/2113/2113 2220/2220/2220
f 2127/2127/2127 2129/2129/2129 2128/2128/2128
f 2123/2123/2123 2129/2129/2129 2127/2127/2127
f 2210/2210/2210 2211/2211/2211 2214/2214/2214
f 2211/2211/2211 2215/2215/2215 2214/2214/2214
f 2213/2213/2213 2210/2210/2210 2216/2216/2216
f 2211/2211/2211 2078/2078/2078 2215/2215/2215
f 2078/2078/2078 2080/2080/2080 2215/2215/2215
f 2079/2079/2079 2080/2080/2080 2078/2078/2078
f 2212/2212/2212 2211/2211/2211 2210/2210/2210
f 2213/2213/2213 2212/2212/2212 2210/2210/2210
f 2076/2076/2076 2079/2079/2079 2078/2078/2078
f 2213/2213/2213 2216/2216/2216 2219/2219/2219
f 2213/2213/2213 2219/2219/2219 2212/2212/2212
f 2216/2216/2216 2220/2220/2220 2219/2219/2219
f 2070/2070/2070 2079/2079/2079 2076/2076/2076
f 2077/2077/2077 2078/2078/2078 2211/2211/2211
f 2212/2212/2212 2077/2077/2077 2211/2211/2211
f 2076/2076/2076 2078/2078/2078 2077/2077/2077
f 2219/2219/2219 2223/2223/2223 2212/2212/2212
f 2212/2212/2212 2223/2223/2223 2077/2077/2077
f 2219/2219/2219 2220/2220/2220 2221/2221/2221
f 2219/2219/2219 2221/2221/2221 2223/2223/2223
f 2220/2220/2220 2128/2128/2128 2222/2222/2222
f 2220/2220/2220 2222/2222/2222 2221/2221/2221
f 2128/2128/2128 2130/2130/2130 2222/2222/2222
f 2129/2129/2129 2130/2130/2130 2128/2128/2128
f 2222/2222/2222 2130/2130/2130 2135/2135/2135
f 2135/2135/2135 2130/2130/2130 2129/2129/2129
f 2221/2221/2221 2222/2222/2222 2230/2230/2230
f 2230/2230/2230 2222/2222/2222 2135/2135/2135
f 2132/2132/2132 2135/2135/2135 2129/2129/2129
f 2132/2132/2132 2129/2129/2129 2123/2123/2123
f 2230/2230/2230 2135/2135/2135 2136/2136/2136
f 2136/2136/2136 2135/2135/2135 2132/2132/2132
f 2131/2131/2131 2132/2132/2132 2123/2123/2123
f 2131/2131/2131 2123/2123/2123 2138/2138/2138
f 2133/2133/2133 2136/2136/2136 2132/2132/2132
f 2133/2133/2133 2132/2132/2132 2131/2131/2131
f 2131/2131/2131 2138/2138/2138 2137/2137/2137
f 2137/2137/2137 2138/2138/2138 2139/2139/2139
f 2137/2137/2137 2139/2139/2139 2142/2142/2142
f 2134/2134/2134 2133/2133/2133 2131/2131/2131
f 2134/2134/2134 2131/2131/2131 2137/2137/2137
f 2137/2137/2137 2142/2142/2142 2141/2141/2141
f 2134/2134/2134 2137/2137/2137 2141/2141/2141
f 2134/2134/2134 2141/2141/2141 2133/2133/2133
f 2141/2141/2141 2142/2142/2142 1511/1511/1511
f 2141/2141/2141 2144/2144/2144 2133/2133/2133
f 2141/2141/2141 1511/1511/1511 2144/2144/2144
f 2133/2133/2133 2144/2144/2144 2136/2136/2136
f 1511/1511/1511 1512/1512/1512 2144/2144/2144
f 1508/1508/1508 1512/1512/1512 1511/1511/1511
f 2144/2144/2144 2145/2145/2145 2136/2136/2136
f 2144/2144/2144 1512/1512/1512 2145/2145/2145
f 1508/1508/1508 1299/1299/1299 1512/1512/1512
f 1298/1298/1298 1299/1299/1299 1508/1508/1508
f 1512/1512/1512 1301/1301/1301 2145/2145/2145
f 1299/1299/1299 1301/1301/1301 1512/1512/1512
f 2145/2145/2145 1301/1301/1301 1300/1300/1300
f 1300/1300/1300 1301/1301/1301 1299/1299/1299
f 2136/2136/2136 2145/2145/2145 2232/2232/2232
f 2232/2232/2232 2145/2145/2145 1300/1300/1300
f 1297/1297/1297 1299/1299/1299 1298/1298/1298
f 1297/1297/1297 1300/1300/1300 1299/1299/1299
f 2229/2229/2229 2136/2136/2136 2232/2232/2232
f 2229/2229/2229 2230/2230/2230 2136/2136/2136
f 2232/2232/2232 1300/1300/1300 1291/1291/1291
f 1291/1291/1291 1300/1300/1300 1297/1297/1297
f 2229/2229/2229 2232/2232/2232 2231/2231/2231
f 2231/2231/2231 2232/2232/2232 1291/1291/1291
f 2225/2225/2225 2230/2230/2230 2229/2229/2229
f 2225/2225/2225 2221/2221/2221 2230/2230/2230
f 2228/2228/2228 2229/2229/2229 2231/2231/2231
f 2228/2228/2228 2225/2225/2225 2229/2229/2229
f 2228/2228/2228 2231/2231/2231 2227/2227/2227
f 2228/2228/2228 2227/2227/2227 2225/2225/2225
f 2225/2225/2225 2226/2226/2226 2221/2221/2221
f 2227/2227/2227 2226/2226/2226 2225/2225/2225
f 2231/2231/2231 2233/2233/2233 2227/2227/2227
f 2231/2231/2231 1291/1291/1291 2233/2233/2233
f 2226/2226/2226 2224/2224/2224 2221/2221/2221
f 2221/2221/2221 2224/2224/2224 2223/2223/2223
f 2227/2227/2227 2099/2099/2099 2226/2226/2226
f 2227/2227/2227 2233/2233/2233 2099/2099/2099
f 2226/2226/2226 2100/2100/2100 2224/2224/2224
f 2099/2099/2099 2100/2100/2100 2226/2226/2226
f 2223/2223/2223 2224/2224/2224 2085/2085/2085
f 2223/2223/2223 2085/2085/2085 2077/2077/2077
f 2100/2100/2100 2086/2086/2086 2224/2224/2224
f 2224/2224/2224 2086/2086/2086 2085/2085/2085
f 2084/2084/2084 2086/2086/2086 2100/2100/2100
f 2085/2085/2085 2086/2086/2086 2084/2084/2084
f 2077/2077/2077 2085/2085/2085 2082/2082/2082
f 2082/2082/2082 2085/2085/2085 2084/2084/2084
f 2098/2098/2098 2084/2084/2084 2100/2100/2100
f 2098/2098/2098 2100/2100/2100 2099/2099/2099
f 2075/2075/2075 2077/2077/2077 2082/2082/2082
f 2075/2075/2075 2076/2076/2076 2077/2077/2077
f 2082/2082/2082 2084/2084/2084 2083/2083/2083
f 2083/2083/2083 2084/2084/2084 2098/2098/2098
f 2075/2075/2075 2082/2082/2082 2081/2081/2081
f 2081/2081/2081 2082/2082/2082 2083/2083/2083
f 2066/2066/2066 2076/2076/2076 2075/2075/2075
f 2066/2066/2066 2070/2070/2070 2076/2076/2076
f 2069/2069/2069 2075/2075/2075 2081/2081/2081
f 2069/2069/2069 2066/2066/2066 2075/2075/2075
f 2069/2069/2069 2081/2081/2081 2068/2068/2068
f 2069/2069/2069 2068/2068/2068 2066/2066/2066
f 2066/2066/2066 2067/2067/2067 2070/2070/2070
f 2068/2068/2068 2067/2067/2067 2066/2066/2066
f 2067/2067/2067 2071/2071/2071 2070/2070/2070
f 2081/2081/2081 2087/2087/2087 2068/2068/2068
f 2081/2081/2081 2083/2083/2083 2087/2087/2087
f 2067/2067/2067 2072/2072/2072 2071/2071/2071
f 2072/2072/2072 2074/2074/2074 2071/2071/2071
f 2157/2157/2157 2074/2074/2074 2072/2072/2072
f 2068/2068/2068 2073/2073/2073 2067/2067/2067
f 2073/2073/2073 2072/2072/2072 2067/2067/2067
f 2068/2068/2068 2087/2087/2087 2073/2073/2073
f 2156/2156/2156 2157/2157/2157 2072/2072/2072
f 2156/2156/2156 2072/2072/2072 2073/2073/2073
f 2150/2150/2150 2157/2157/2157 2156/2156/2156
f 2087/2087/2087 2088/2088/2088 2073/2073/2073
f 2146/2146/2146 2150/2150/2150 2156/2156/2156
f 2155/2155/2155 2156/2156/2156 2073/2073/2073
f 2146/2146/2146 2156/2156/2156 2155/2155/2155
f 2073/2073/2073 2088/2088/2088 2159/2159/2159
f 2155/2155/2155 2073/2073/2073 2159/2159/2159
f 2087/2087/2087 2089/2089/2089 2088/2088/2088
f 2083/2083/2083 2089/2089/2089 2087/2087/2087
f 2146/2146/2146 2147/2147/2147 2150/2150/2150
f 2147/2147/2147 2151/2151/2151 2150/2150/2150
f 2149/2149/2149 2146/2146/2146 2155/2155/2155
f 2147/2147/2147 2152/2152/2152 2151/2151/2151
f 2152/2152/2152 2154/2154/2154 2151/2151/2151
f 2189/2189/2189 2154/2154/2154 2152/2152/2152
f 2148/2148/2148 2147/2147/2147 2146/2146/2146
f 2149/2149/2149 2148/2148/2148 2146/2146/2146
f 2188/2188/2188 2189/2189/2189 2152/2152/2152
f 2149/2149/2149 2155/2155/2155 2158/2158/2158
f 2149/2149/2149 2158/2158/2158 2148/2148/2148
f 2155/2155/2155 2159/2159/2159 2158/2158/2158
f 2182/2182/2182 2189/2189/2189 2188/2188/2188
f 2153/2153/2153 2152/2152/2152 2147/2147/2147
f 2148/2148/2148 2153/2153/2153 2147/2147/2147
f 2188/2188/2188 2152/2152/2152 2153/2153/2153
f 2158/2158/2158 2162/2162/2162 2148/2148/2148
f 2148/2148/2148 2162/2162/2162 2153/2153/2153
f 2158/2158/2158 2159/2159/2159 2160/2160/2160
f 2158/2158/2158 2160/2160/2160 2162/2162/2162
f 2159/2159/2159 2088/2088/2088 2161/2161/2161
f 2159/2159/2159 2161/2161/2161 2160/2160/2160
f 2088/2088/2088 2090/2090/2090 2161/2161/2161
f 2089/2089/2089 2090/2090/2090 2088/2088/2088
f 2161/2161/2161 2090/2090/2090 2095/2095/2095
f 2095/2095/2095 2090/2090/2090 2089/2089/2089
f 2160/2160/2160 2161/2161/2161 2173/2173/2173
f 2173/2173/2173 2161/2161/2161 2095/2095/2095
f 2092/2092/2092 2095/2095/2095 2089/2089/2089
f 2092/2092/2092 2089/2089/2089 2083/2083/2083
f 2173/2173/2173 2095/2095/2095 2096/2096/2096
f 2096/2096/2096 2095/2095/2095 2092/2092/2092
f 2091/2091/2091 2092/2092/2092 2083/2083/2083
f 2091/2091/2091 2083/2083/2083 2098/2098/2098
f 2093/2093/2093 2096/2096/2096 2092/2092/2092
f 2093/2093/2093 2092/2092/2092 2091/2091/2091
f 2091/2091/2091 2098/2098/2098 2097/2097/2097
f 2097/2097/2097 2098/2098/2098 2099/2099/2099
f 2094/2094/2094 2093/2093/2093 2091/2091/2091
f 2094/2094/2094 2091/2091/2091 2097/2097/2097
f 2094/2094/2094 2101/2101/2101 2093/2093/2093
f 2094/2094/2094 2097/2097/2097 2101/2101/2101
f 2097/2097/2097 2099/2099/2099 2102/2102/2102
f 2097/2097/2097 2102/2102/2102 2101/2101/2101
f 2101/2101/2101 2104/2104/2104 2093/2093/2093
f 2093/2093/2093 2104/2104/2104 2096/2096/2096
f 2099/2099/2099 2103/2103/2103 2102/2102/2102
f 2233/2233/2233 2103/2103/2103 2099/2099/2099
f 2101/2101/2101 2102/2102/2102 1526/1526/1526
f 2101/2101/2101 1526/1526/1526 2104/2104/2104
f 2102/2102/2102 2103/2103/2103 1530/1530/1530
f 2102/2102/2102 1530/1530/1530 1526/1526/1526
f 2233/2233/2233 1292/1292/1292 2103/2103/2103
f 1291/1291/1291 1292/1292/1292 2233/2233/2233
f 2103/2103/2103 1295/1295/1295 1530/1530/1530
f 1292/1292/1292 1295/1295/1295 2103/2103/2103
f 1530/1530/1530 1295/1295/1295 1293/1293/1293
f 1293/1293/1293 1295/1295/1295 1292/1292/1292
f 1288/1288/1288 1292/1292/1292 1291/1291/1291
f 1288/1288/1288 1293/1293/1293 1292/1292/1292
f 1529/1529/1529 1530/1530/1530 1293/1293/1293
f 1526/1526/1526 1530/1530/1530 1529/1529/1529
f 1287/1287/1287 1288/1288/1288 1291/1291/1291
f 1287/1287/1287 1291/1291/1291 1297/1297/1297
f 1294/1294/1294 1293/1293/1293 1288/1288/1288
f 1529/1529/1529 1293/1293/1293 1294/1294/1294
f 1289/1289/1289 1288/1288/1288 1287/1287/1287
f 1289/1289/1289 1294/1294/1294 1288/1288/1288
f 1287/1287/1287 1297/1297/1297 1296/1296/1296
f 1296/1296/1296 1297/1297/1297 1298/1298/1298
f 1296/1296/1296 1298/1298/1298 1303/1303/1303
f 1290/1290/1290 1287/1287/1287 1296/1296/1296
f 1290/1290/1290 1289/1289/1289 1287/1287/1287
f 1296/1296/1296 1303/1303/1303 1302/1302/1302
f 1290/1290/1290 1296/1296/1296 1302/1302/1302
f 1290/1290/1290 1302/1302/1302 1289/1289/1289
f 1302/1302/1302 1303/1303/1303 1304/1304/1304
f 1302/1302/1302 1308/1308/1308 1289/1289/1289
f 1302/1302/1302 1304/1304/1304 1308/1308/1308
f 1289/1289/1289 1308/1308/1308 1294/1294/1294
f 1304/1304/1304 1310/1310/1310 1308/1308/1308
f 1308/1308/1308 1310/1310/1310 1309/1309/1309
f 1308/1308/1308 1309/1309/1309 1294/1294/1294
f 1310/1310/1310 1311/1311/1311 1309/1309/1309
f 1309/1309/1309 1311/1311/1311 1534/1534/1534
f 1532/1532/1532 1309/1309/1309 1534/1534/1534
f 1294/1294/1294 1309/1309/1309 1532/1532/1532
f 1532/1532/1532 1534/1534/1534 1533/1533/1533
f 1528/1528/1528 1294/1294/1294 1532/1532/1532
f 1528/1528/1528 1529/1529/1529 1294/1294/1294
f 1531/1531/1531 1532/1532/1532 1533/1533/1533
f 1528/1528/1528 1532/1532/1532 1531/1531/1531
f 1522/1522/1522 1529/1529/1529 1528/1528/1528
f 1522/1522/1522 1526/1526/1526 1529/1529/1529
f 1525/1525/1525 1528/1528/1528 1531/1531/1531
f 1525/1525/1525 1522/1522/1522 1528/1528/1528
f 1531/1531/1531 1533/1533/1533 1535/1535/1535
f 1533/1533/1533 1536/1536/1536 1535/1535/1535
f 1525/1525/1525 1531/1531/1531 1524/1524/1524
f 1525/1525/1525 1524/1524/1524 1522/1522/1522
f 1531/1531/1531 1535/1535/1535 1524/1524/1524
f 1522/1522/1522 1523/1523/1523 1526/1526/1526
f 1524/1524/1524 1523/1523/1523 1522/1522/1522
f 1535/1535/1535 1536/1536/1536 1478/1478/1478
f 1536/1536/1536 1479/1479/1479 1478/1478/1478
f 1478/1478/1478 1479/1479/1479 1477/1477/1477
f 1524/1524/1524 1535/1535/1535 1470/1470/1470
f 1535/1535/1535 1478/1478/1478 1470/1470/1470
f 1524/1524/1524 1470/1470/1470 1523/1523/1523
f 1475/1475/1475 1478/1478/1478 1477/1477/1477
f 1470/1470/1470 1478/1478/1478 1475/1475/1475
f 1475/1475/1475 1477/1477/1477 1476/1476/1476
f 1523/1523/1523 1527/1527/1527 1526/1526/1526
f 1526/1526/1526 1527/1527/1527 2104/2104/2104
f 1470/1470/1470 1471/1471/1471 1523/1523/1523
f 1523/1523/1523 1471/1471/1471 1527/1527/1527
f 2104/2104/2104 1527/1527/1527 2105/2105/2105
f 2104/2104/2104 2105/2105/2105 2096/2096/2096
f 1471/1471/1471 1473/1473/1473 1527/1527/1527
f 1527/1527/1527 1473/1473/1473 2105/2105/2105
f 1472/1472/1472 1473/1473/1473 1471/1471/1471
f 2105/2105/2105 1473/1473/1473 1472/1472/1472
f 1469/1469/1469 1471/1471/1471 1470/1470/1470
f 1469/1469/1469 1472/1472/1472 1471/1471/1471
f 2096/2096/2096 2105/2105/2105 2175/2175/2175
f 2175/2175/2175 2105/2105/2105 1472/1472/1472
f 1468/1468/1468 1469/1469/1469 1470/1470/1470
f 1468/1468/1468 1470/1470/1470 1475/1475/1475
f 1466/1466/1466 1472/1472/1472 1469/1469/1469
f 2175/2175/2175 1472/1472/1472 1466/1466/1466
f 1462/1462/1462 1469/1469/1469 1468/1468/1468
f 1462/1462/1462 1466/1466/1466 1469/1469/1469
f 1468/1468/1468 1475/1475/1475 1474/1474/1474
f 1474/1474/1474 1475/1475/1475 1476/1476/1476
f 1465/1465/1465 1462/1462/1462 1468/1468/1468
f 1465/1465/1465 1468/1468/1468 1474/1474/1474
f 1465/1465/1465 1464/1464/1464 1462/1462/1462
f 1465/1465/1465 1474/1474/1474 1464/1464/1464
f 1474/1474/1474 1476/1476/1476 1480/1480/1480
f 1474/1474/1474 1480/1480/1480 1464/1464/1464
f 1476/1476/1476 1481/1481/1481 1480/1480/1480
f 1464/1464/1464 1463/1463/1463 1462/1462/1462
f 1462/1462/1462 1463/1463/1463 1466/1466/1466
f 1480/1480/1480 1481/1481/1481 1456/1456/1456
f 1481/1481/1481 1457/1457/1457 1456/1456/1456
f 1456/1456/1456 1457/1457/1457 1455/1455/1455
f 1464/1464/1464 1480/1480/1480 1448/1448/1448
f 1480/1480/1480 1456/1456/1456 1448/1448/1448
f 1464/1464/1464 1448/1448/1448 1463/1463/1463
f 1453/1453/1453 1456/1456/1456 1455/1455/1455
f 1448/1448/1448 1456/1456/1456 1453/1453/1453
f 1453/1453/1453 1455/1455/1455 1454/1454/1454
f 1448/1448/1448 1449/1449/1449 1463/1463/1463
f 1452/1452/1452 1453/1453/1453 1454/1454/1454
f 1463/1463/1463 1449/1449/1449 1467/1467/1467
f 1463/1463/1463 1467/1467/1467 1466/1466/1466
f 1446/1446/1446 1448/1448/1448 1453/1453/1453
f 1446/1446/1446 1453/1453/1453 1452/1452/1452
f 1447/1447/1447 1449/1449/1449 1448/1448/1448
f 1446/1446/1446 1447/1447/1447 1448/1448/1448
f 1452/1452/1452 1454/1454/1454 1458/1458/1458
f 1454/1454/1454 1460/1460/1460 1458/1458/1458
f 1460/1460/1460 1461/1461/1461 1459/1459/1459
f 1458/1458/1458 1460/1460/1460 1459/1459/1459
f 1458/1458/1458 1459/1459/1459 1444/1444/1444
f 1440/1440/1440 1446/1446/1446 1452/1452/1452
f 1452/1452/1452 1458/1458/1458 1439/1439/1439
f 1440/1440/1440 1452/1452/1452 1439/1439/1439
f 1439/1439/1439 1458/1458/1458 1444/1444/1444
f 1440/1440/1440 1437/1437/1437 1446/1446/1446
f 1440/1440/1440 1439/1439/1439 1437/1437/1437
f 1437/1437/1437 1447/1447/1447 1446/1446/1446
f 1439/1439/1439 1444/1444/1444 1438/1438/1438
f 1439/1439/1439 1438/1438/1438 1437/1437/1437
f 1444/1444/1444 1443/1443/1443 1438/1438/1438
f 1437/1437/1437 1441/1441/1441 1447/1447/1447
f 1437/1437/1437 1438/1438/1438 1441/1441/1441
f 1438/1438/1438 1443/1443/1443 1442/1442/1442
f 1438/1438/1438 1442/1442/1442 1441/1441/1441
f 1443/1443/1443 1445/1445/1445 1442/1442/1442
f 1442/1442/1442 1445/1445/1445 2209/2209/2209
f 2208/2208/2208 1442/1442/1442 2209/2209/2209
f 1441/1441/1441 1442/1442/1442 2208/2208/2208
f 2208/2208/2208 2209/2209/2209 2203/2203/2203
f 1441/1441/1441 1450/1450/1450 1447/1447/1447
f 1447/1447/1447 1450/1450/1450 1449/1449/1449
f 2206/2206/2206 1441/1441/1441 2208/2208/2208
f 1450/1450/1450 1451/1451/1451 1449/1449/1449
f 1449/1449/1449 1451/1451/1451 1467/1467/1467
f 2207/2207/2207 1450/1450/1450 1441/1441/1441
f 2206/2206/2206 2207/2207/2207 1441/1441/1441
f 2177/2177/2177 1451/1451/1451 1450/1450/1450
f 1467/1467/1467 1451/1451/1451 2177/2177/2177
f 2207/2207/2207 2177/2177/2177 1450/1450/1450
f 2176/2176/2176 1467/1467/1467 2177/2177/2177
f 1466/1466/1466 1467/1467/1467 2176/2176/2176
f 2171/2171/2171 2177/2177/2177 2207/2207/2207
f 2176/2176/2176 2177/2177/2177 2171/2171/2171
f 2204/2204/2204 2207/2207/2207 2206/2206/2206
f 2204/2204/2204 2171/2171/2171 2207/2207/2207
f 2174/2174/2174 1466/1466/1466 2176/2176/2176
f 2174/2174/2174 2175/2175/2175 1466/1466/1466
f 2168/2168/2168 2176/2176/2176 2171/2171/2171
f 2174/2174/2174 2176/2176/2176 2168/2168/2168
f 2172/2172/2172 2175/2175/2175 2174/2174/2174
f 2172/2172/2172 2096/2096/2096 2175/2175/2175
f 2172/2172/2172 2173/2173/2173 2096/2096/2096
f 2169/2169/2169 2174/2174/2174 2168/2168/2168
f 2169/2169/2169 2172/2172/2172 2174/2174/2174
f 2166/2166/2166 2173/2173/2173 2172/2172/2172
f 2169/2169/2169 2166/2166/2166 2172/2172/2172
f 2169/2169/2169 2168/2168/2168 2166/2166/2166
f 2166/2166/2166 2160/2160/2160 2173/2173/2173
f 2168/2168/2168 2167/2167/2167 2166/2166/2166
f 2166/2166/2166 2167/2167/2167 2160/2160/2160
f 2168/2168/2168 2171/2171/2171 2167/2167/2167
f 2167/2167/2167 2164/2164/2164 2160/2160/2160
f 2160/2160/2160 2164/2164/2164 2162/2162/2162
f 2171/2171/2171 2170/2170/2170 2167/2167/2167
f 2167/2167/2167 2170/2170/2170 2164/2164/2164
f 2162/2162/2162 2164/2164/2164 2163/2163/2163
f 2162/2162/2162 2163/2163/2163 2153/2153/2153
f 2170/2170/2170 2165/2165/2165 2164/2164/2164
f 2164/2164/2164 2165/2165/2165 2163/2163/2163
f 2205/2205/2205 2170/2170/2170 2171/2171/2171
f 2204/2204/2204 2205/2205/2205 2171/2171/2171
f 2193/2193/2193 2165/2165/2165 2170/2170/2170
f 2163/2163/2163 2165/2165/2165 2193/2193/2193
f 2205/2205/2205 2193/2193/2193 2170/2170/2170
f 2153/2153/2153 2163/2163/2163 2191/2191/2191
f 2191/2191/2191 2163/2163/2163 2193/2193/2193
f 2187/2187/2187 2153/2153/2153 2191/2191/2191
f 2187/2187/2187 2188/2188/2188 2153/2153/2153
f 2191/2191/2191 2193/2193/2193 2192/2192/2192
f 2192/2192/2192 2193/2193/2193 2205/2205/2205
f 2187/2187/2187 2191/2191/2191 2190/2190/2190
f 2190/2190/2190 2191/2191/2191 2192/2192/2192
f 2178/2178/2178 2188/2188/2188 2187/2187/2187
f 2178/2178/2178 2182/2182/2182 2188/2188/2188
f 2181/2181/2181 2187/2187/2187 2190/2190/2190
f 2181/2181/2181 2178/2178/2178 2187/2187/2187
f 2181/2181/2181 2190/2190/2190 2180/2180/2180
f 2181/2181/2181 2180/2180/2180 2178/2178/2178
f 2178/2178/2178 2179/2179/2179 2182/2182/2182
f 2180/2180/2180 2179/2179/2179 2178/2178/2178
f 2179/2179/2179 2183/2183/2183 2182/2182/2182
f 2184/2184/2184 2186/2186/2186 2183/2183/2183
f 2179/2179/2179 2184/2184/2184 2183/2183/2183
f 2185/2185/2185 2184/2184/2184 2179/2179/2179
f 2180/2180/2180 2185/2185/2185 2179/2179/2179
f 2190/2190/2190 2194/2194/2194 2180/2180/2180
f 2180/2180/2180 2194/2194/2194 2185/2185/2185
f 2190/2190/2190 2192/2192/2192 2194/2194/2194
f 2194/2194/2194 2195/2195/2195 2185/2185/2185
f 2194/2194/2194 2196/2196/2196 2195/2195/2195
f 2192/2192/2192 2196/2196/2196 2194/2194/2194
f 2196/2196/2196 2197/2197/2197 2195/2195/2195
f 2202/2202/2202 2197/2197/2197 2196/2196/2196
f 2199/2199/2199 2202/2202/2202 2196/2196/2196
f 2199/2199/2199 2196/2196/2196 2192/2192/2192
f 2203/2203/2203 2202/2202/2202 2199/2199/2199
f 2198/2198/2198 2192/2192/2192 2205/2205/2205
f 2198/2198/2198 2199/2199/2199 2192/2192/2192
f 2198/2198/2198 2205/2205/2205 2204/2204/2204
f 2200/2200/2200 2203/2203/2203 2199/2199/2199
f 2200/2200/2200 2199/2199/2199 2198/2198/2198
f 2200/2200/2200 2208/2208/2208 2203/2203/2203
f 2206/2206/2206 2208/2208/2208 2200/2200/2200
f 2201/2201/2201 2198/2198/2198 2204/2204/2204
f 2201/2201/2201 2200/2200/2200 2198/2198/2198
f 2201/2201/2201 2204/2204/2204 2206/2206/2206
f 2201/2201/2201 2206/2206/2206 2200/2200/2200
f 1134/1134/1134 1133/1133/1133 1132/1132/1132
f 1135/1135/1135 1134/1134/1134 1132/1132/1132
f 1135/1135/1135 1132/1132/1132 1141/1141/1141
f 1135/1135/1135 1147/1147/1147 1134/1134/1134
f 1135/1135/1135 1141/1141/1141 1147/1147/1147
f 1147/1147/1147 1153/1153/1153 1134/1134/1134
f 1132/1132/1132 1142/1142/1142 1141/1141/1141
f 1134/1134/1134 1153/1153/1153 1139/1139/1139
f 1134/1134/1134 1139/1139/1139 1133/1133/1133
f 1147/1147/1147 1149/1149/1149 1153/1153/1153
f 1141/1141/1141 1148/1148/1148 1147/1147/1147
f 1147/1147/1147 1148/1148/1148 1149/1149/1149
f 1149/1149/1149 1155/1155/1155 1153/1153/1153
f 1148/1148/1148 1150/1150/1150 1149/1149/1149
f 1153/1153/1153 1155/1155/1155 1154/1154/1154
f 1153/1153/1153 1154/1154/1154 1139/1139/1139
f 1155/1155/1155 1156/1156/1156 1154/1154/1154
f 1154/1154/1154 1156/1156/1156 1352/1352/1352
f 1148/1148/1148 1151/1151/1151 1150/1150/1150
f 1151/1151/1151 1152/1152/1152 1150/1150/1150
f 1143/1143/1143 1151/1151/1151 1148/1148/1148
f 1141/1141/1141 1143/1143/1143 1148/1148/1148
f 1141/1141/1141 1142/1142/1142 1143/1143/1143
f 1142/1142/1142 1144/1144/1144 1143/1143/1143
f 1350/1350/1350 1154/1154/1154 1352/1352/1352
f 1139/1139/1139 1154/1154/1154 1350/1350/1350
f 1350/1350/1350 1352/1352/1352 1351/1351/1351
f 1142/1142/1142 1145/1145/1145 1144/1144/1144
f 1145/1145/1145 1146/1146/1146 1144/1144/1144
f 2032/2032/2032 1146/1146/1146 1145/1145/1145
f 1132/1132/1132 1136/1136/1136 1142/1142/1142
f 1136/1136/1136 1145/1145/1145 1142/1142/1142
f 1132/1132/1132 1133/1133/1133 1136/1136/1136
f 2031/2031/2031 2032/2032/2032 1145/1145/1145
f 2031/2031/2031 1145/1145/1145 1136/1136/1136
f 2028/2028/2028 2032/2032/2032 2031/2031/2031
f 1133/1133/1133 1137/1137/1137 1136/1136/1136
f 2026/2026/2026 2028/2028/2028 2031/2031/2031
f 2030/2030/2030 2031/2031/2031 1136/1136/1136
f 2026/2026/2026 2031/2031/2031 2030/2030/2030
f 1136/1136/1136 1137/1137/1137 2033/2033/2033
f 2030/2030/2030 1136/1136/1136 2033/2033/2033
f 1133/1133/1133 1138/1138/1138 1137/1137/1137
f 1139/1139/1139 1138/1138/1138 1133/1133/1133
f 2026/2026/2026 2027/2027/2027 2028/2028/2028
f 2027/2027/2027 2029/2029/2029 2028/2028/2028
f 2025/2025/2025 2026/2026/2026 2030/2030/2030
f 2027/2027/2027 2017/2017/2017 2029/2029/2029
f 2017/2017/2017 2019/2019/2019 2029/2029/2029
f 2018/2018/2018 2019/2019/2019 2017/2017/2017
f 2022/2022/2022 2027/2027/2027 2026/2026/2026
f 2025/2025/2025 2022/2022/2022 2026/2026/2026
f 2015/2015/2015 2018/2018/2018 2017/2017/2017
f 2025/2025/2025 2030/2030/2030 2024/2024/2024
f 2025/2025/2025 2024/2024/2024 2022/2022/2022
f 2030/2030/2030 2033/2033/2033 2024/2024/2024
f 2010/2010/2010 2018/2018/2018 2015/2015/2015
f 2016/2016/2016 2017/2017/2017 2027/2027/2027
f 2022/2022/2022 2016/2016/2016 2027/2027/2027
f 2015/2015/2015 2017/2017/2017 2016/2016/2016
f 2024/2024/2024 2023/2023/2023 2022/2022/2022
f 2022/2022/2022 2023/2023/2023 2016/2016/2016
f 2024/2024/2024 2033/2033/2033 1835/1835/1835
f 2024/2024/2024 1835/1835/1835 2023/2023/2023
f 2033/2033/2033 1137/1137/1137 1839/1839/1839
f 2033/2033/2033 1839/1839/1839 1835/1835/1835
f 1137/1137/1137 1140/1140/1140 1839/1839/1839
f 1138/1138/1138 1140/1140/1140 1137/1137/1137
f 1839/1839/1839 1140/1140/1140 1348/1348/1348
f 1348/1348/1348 1140/1140/1140 1138/1138/1138
f 1835/1835/1835 1839/1839/1839 1838/1838/1838
f 1838/1838/1838 1839/1839/1839 1348/1348/1348
f 1347/1347/1347 1348/1348/1348 1138/1138/1138
f 1347/1347/1347 1138/1138/1138 1139/1139/1139
f 1838/1838/1838 1348/1348/1348 1341/1341/1341
f 1341/1341/1341 1348/1348/1348 1347/1347/1347
f 1346/1346/1346 1347/1347/1347 1139/1139/1139
f 1346/1346/1346 1139/1139/1139 1350/1350/1350
f 1337/1337/1337 1341/1341/1341 1347/1347/1347
f 1337/1337/1337 1347/1347/1347 1346/1346/1346
f 1346/1346/1346 1350/1350/1350 1349/1349/1349
f 1349/1349/1349 1350/1350/1350 1351/1351/1351
f 1340/1340/1340 1337/1337/1337 1346/1346/1346
f 1340/1340/1340 1346/1346/1346 1349/1349/1349
f 1340/1340/1340 1339/1339/1339 1337/1337/1337
f 1340/1340/1340 1349/1349/1349 1339/1339/1339
f 1349/1349/1349 1351/1351/1351 1353/1353/1353
f 1349/1349/1349 1353/1353/1353 1339/1339/1339
f 1351/1351/1351 1355/1355/1355 1353/1353/1353
f 1355/1355/1355 1356/1356/1356 1354/1354/1354
f 1353/1353/1353 1355/1355/1355 1354/1354/1354
f 1353/1353/1353 1354/1354/1354 1344/1344/1344
f 1339/1339/1339 1353/1353/1353 1344/1344/1344
f 1339/1339/1339 1338/1338/1338 1337/1337/1337
f 1339/1339/1339 1344/1344/1344 1338/1338/1338
f 1337/1337/1337 1338/1338/1338 1341/1341/1341
f 1344/1344/1344 1343/1343/1343 1338/1338/1338
f 1338/1338/1338 1343/1343/1343 1342/1342/1342
f 1338/1338/1338 1342/1342/1342 1341/1341/1341
f 1343/1343/1343 1345/1345/1345 1342/1342/1342
f 1342/1342/1342 1345/1345/1345 1841/1841/1841
f 1840/1840/1840 1342/1342/1342 1841/1841/1841
f 1341/1341/1341 1342/1342/1342 1840/1840/1840
f 1840/1840/1840 1841/1841/1841 1832/1832/1832
f 1837/1837/1837 1341/1341/1341 1840/1840/1840
f 1837/1837/1837 1838/1838/1838 1341/1341/1341
f 1829/1829/1829 1840/1840/1840 1832/1832/1832
f 1837/1837/1837 1840/1840/1840 1829/1829/1829
f 1833/1833/1833 1838/1838/1838 1837/1837/1837
f 1833/1833/1833 1835/1835/1835 1838/1838/1838
f 1830/1830/1830 1837/1837/1837 1829/1829/1829
f 1830/1830/1830 1833/1833/1833 1837/1837/1837
f 1829/1829/1829 1832/1832/1832 1828/1828/1828
f 1832/1832/1832 1831/1831/1831 1828/1828/1828
f 1830/1830/1830 1829/1829/1829 1827/1827/1827
f 1830/1830/1830 1827/1827/1827 1833/1833/1833
f 1829/1829/1829 1828/1828/1828 1827/1827/1827
f 1833/1833/1833 1834/1834/1834 1835/1835/1835
f 1827/1827/1827 1834/1834/1834 1833/1833/1833
f 1828/1828/1828 1831/1831/1831 1825/1825/1825
f 1831/1831/1831 1826/1826/1826 1825/1825/1825
f 1825/1825/1825 1826/1826/1826 1824/1824/1824
f 1827/1827/1827 1828/1828/1828 1819/1819/1819
f 1828/1828/1828 1825/1825/1825 1819/1819/1819
f 1827/1827/1827 1819/1819/1819 1834/1834/1834
f 1823/1823/1823 1825/1825/1825 1824/1824/1824
f 1819/1819/1819 1825/1825/1825 1823/1823/1823
f 1823/1823/1823 1824/1824/1824 1809/1809/1809
f 1834/1834/1834 1836/1836/1836 1835/1835/1835
f 1835/1835/1835 1836/1836/1836 2023/2023/2023
f 1819/1819/1819 1820/1820/1820 1834/1834/1834
f 1834/1834/1834 1820/1820/1820 1836/1836/1836
f 2023/2023/2023 1836/1836/1836 2021/2021/2021
f 2023/2023/2023 2021/2021/2021 2016/2016/2016
f 1820/1820/1820 1822/1822/1822 1836/1836/1836
f 1836/1836/1836 1822/1822/1822 2021/2021/2021
f 1821/1821/1821 1822/1822/1822 1820/1820/1820
f 2021/2021/2021 1822/1822/1822 1821/1821/1821
f 1818/1818/1818 1820/1820/1820 1819/1819/1819
f 1818/1818/1818 1821/1821/1821 1820/1820/1820
f 2016/2016/2016 2021/2021/2021 2020/2020/2020
f 2020/2020/2020 2021/2021/2021 1821/1821/1821
f 1817/1817/1817 1818/1818/1818 1819/1819/1819
f 1817/1817/1817 1819/1819/1819 1823/1823/1823
f 1813/1813/1813 1821/1821/1821 1818/1818/1818
f 2020/2020/2020 1821/1821/1821 1813/1813/1813
f 1811/1811/1811 1818/1818/1818 1817/1817/1817
f 1811/1811/1811 1813/1813/1813 1818/1818/1818
f 1817/1817/1817 1823/1823/1823 1804/1804/1804
f 1804/1804/1804 1823/1823/1823 1809/1809/1809
f 1805/1805/1805 1811/1811/1811 1817/1817/1817
f 1805/1805/1805 1817/1817/1817 1804/1804/1804
f 1805/1805/1805 1802/1802/1802 1811/1811/1811
f 1805/1805/1805 1804/1804/1804 1802/1802/1802
f 1804/1804/1804 1809/1809/1809 1803/1803/1803
f 1804/1804/1804 1803/1803/1803 1802/1802/1802
f 1809/1809/1809 1808/1808/1808 1803/1803/1803
f 1808/1808/1808 1810/1810/1810 1807/1807/1807
f 1803/1803/1803 1808/1808/1808 1807/1807/1807
f 1803/1803/1803 1807/1807/1807 1806/1806/1806
f 1802/1802/1802 1803/1803/1803 1806/1806/1806
f 1802/1802/1802 1812/1812/1812 1811/1811/1811
f 1802/1802/1802 1806/1806/1806 1812/1812/1812
f 1811/1811/1811 1812/1812/1812 1813/1813/1813
f 1806/1806/1806 1815/1815/1815 1812/1812/1812
f 1812/1812/1812 1815/1815/1815 1814/1814/1814
f 1812/1812/1812 1814/1814/1814 1813/1813/1813
f 1815/1815/1815 1816/1816/1816 1814/1814/1814
f 1814/1814/1814 1816/1816/1816 2007/2007/2007
f 2003/2003/2003 1814/1814/1814 2007/2007/2007
f 1813/1813/1813 1814/1814/1814 2003/2003/2003
f 2003/2003/2003 2007/2007/2007 2006/2006/2006
f 2004/2004/2004 1813/1813/1813 2003/2003/2003
f 2004/2004/2004 2020/2020/2020 1813/1813/1813
f 2002/2002/2002 2003/2003/2003 2006/2006/2006
f 2004/2004/2004 2003/2003/2003 2002/2002/2002
f 2014/2014/2014 2020/2020/2020 2004/2004/2004
f 2014/2014/2014 2016/2016/2016 2020/2020/2020
f 2014/2014/2014 2015/2015/2015 2016/2016/2016
f 2005/2005/2005 2004/2004/2004 2002/2002/2002
f 2005/2005/2005 2014/2014/2014 2004/2004/2004
f 2008/2008/2008 2015/2015/2015 2014/2014/2014
f 2005/2005/2005 2008/2008/2008 2014/2014/2014
f 2005/2005/2005 2002/2002/2002 2008/2008/2008
f 2008/2008/2008 2010/2010/2010 2015/2015/2015
f 2002/2002/2002 2006/2006/2006 2009/2009/2009
f 2002/2002/2002 2009/2009/2009 2008/2008/2008
f 2008/2008/2008 2009/2009/2009 2010/2010/2010
f 2006/2006/2006 2012/2012/2012 2009/2009/2009
f 2009/2009/2009 2011/2011/2011 2010/2010/2010
f 2009/2009/2009 2012/2012/2012 2011/2011/2011
f 2012/2012/2012 2013/2013/2013 2011/2011/2011
f 1199/1199/1199 1198/1198/1198 1197/1197/1197
f 1200/1200/1200 1199/1199/1199 1197/1197/1197
f 1200/1200/1200 1197/1197/1197 1206/1206/1206
f 1200/1200/1200 1212/1212/1212 1199/1199/1199
f 1200/1200/1200 1206/1206/1206 1212/1212/1212
f 1212/1212/1212 1218/1218/1218 1199/1199/1199
f 1197/1197/1197 1207/1207/1207 1206/1206/1206
f 1199/1199/1199 1218/1218/1218 1204/1204/1204
f 1199/1199/1199 1204/1204/1204 1198/1198/1198
f 1212/1212/1212 1214/1214/1214 1218/1218/1218
f 1206/1206/1206 1213/1213/1213 1212/1212/1212
f 1212/1212/1212 1213/1213/1213 1214/1214/1214
f 1214/1214/1214 1220/1220/1220 1218/1218/1218
f 1213/1213/1213 1215/1215/1215 1214/1214/1214
f 1218/1218/1218 1220/1220/1220 1219/1219/1219
f 1218/1218/1218 1219/1219/1219 1204/1204/1204
f 1220/1220/1220 1221/1221/1221 1219/1219/1219
f 1219/1219/1219 1221/1221/1221 1372/1372/1372
f 1213/1213/1213 1216/1216/1216 1215/1215/1215
f 1216/1216/1216 1217/1217/1217 1215/1215/1215
f 2711/2711/2711 1217/1217/1217 1216/1216/1216
f 1370/1370/1370 1219/1219/1219 1372/1372/1372
f 1204/1204/1204 1219/1219/1219 1370/1370/1370
f 1370/1370/1370 1372/1372/1372 1371/1371/1371
f 2710/2710/2710 2711/2711/2711 1216/1216/1216
f 2708/2708/2708 2711/2711/2711 2710/2710/2710
f 1208/1208/1208 1216/1216/1216 1213/1213/1213
f 1206/1206/1206 1208/1208/1208 1213/1213/1213
f 2710/2710/2710 1216/1216/1216 1208/1208/1208
f 1206/1206/1206 1207/1207/1207 1208/1208/1208
f 2706/2706/2706 2708/2708/2708 2710/2710/2710
f 2699/2699/2699 2710/2710/2710 1208/1208/1208
f 2706/2706/2706 2710/2710/2710 2699/2699/2699
f 2706/2706/2706 2707/2707/2707 2708/2708/2708
f 2707/2707/2707 2709/2709/2709 2708/2708/2708
f 2700/2700/2700 2706/2706/2706 2699/2699/2699
f 2707/2707/2707 1559/1559/1559 2709/2709/2709
f 1559/1559/1559 1561/1561/1561 2709/2709/2709
f 1560/1560/1560 1561/1561/1561 1559/1559/1559
f 2703/2703/2703 2707/2707/2707 2706/2706/2706
f 2700/2700/2700 2703/2703/2703 2706/2706/2706
f 1558/1558/1558 1560/1560/1560 1559/1559/1559
f 1554/1554/1554 1560/1560/1560 1558/1558/1558
f 1544/1544/1544 1559/1559/1559 2707/2707/2707
f 1558/1558/1558 1559/1559/1559 1544/1544/1544
f 2703/2703/2703 1544/1544/1544 2707/2707/2707
f 2700/2700/2700 2699/2699/2699 2697/2697/2697
f 2700/2700/2700 2697/2697/2697 2703/2703/2703
f 2699/2699/2699 1208/1208/1208 2698/2698/2698
f 2699/2699/2699 2698/2698/2698 2697/2697/2697
f 2697/2697/2697 2704/2704/2704 2703/2703/2703
f 2703/2703/2703 2704/2704/2704 1544/1544/1544
f 1208/1208/1208 1209/1209/1209 2698/2698/2698
f 1207/1207/1207 1209/1209/1209 1208/1208/1208
f 2697/2697/2697 2698/2698/2698 2701/2701/2701
f 2697/2697/2697 2701/2701/2701 2704/2704/2704
f 2698/2698/2698 1209/1209/1209 2702/2702/2702
f 2698/2698/2698 2702/2702/2702 2701/2701/2701
f 1207/1207/1207 1210/1210/1210 1209/1209/1209
f 1209/1209/1209 1211/1211/1211 2702/2702/2702
f 1210/1210/1210 1211/1211/1211 1209/1209/1209
f 2702/2702/2702 1211/1211/1211 1968/1968/1968
f 1968/1968/1968 1211/1211/1211 1210/1210/1210
f 2701/2701/2701 2702/2702/2702 2798/2798/2798
f 2798/2798/2798 2702/2702/2702 1968/1968/1968
f 1201/1201/1201 1210/1210/1210 1207/1207/1207
f 1197/1197/1197 1201/1201/1201 1207/1207/1207
f 1197/1197/1197 1198/1198/1198 1201/1201/1201
f 1967/1967/1967 1968/1968/1968 1210/1210/1210
f 1967/1967/1967 1210/1210/1210 1201/1201/1201
f 2798/2798/2798 1968/1968/1968 1964/1964/1964
f 1964/1964/1964 1968/1968/1968 1967/1967/1967
f 1198/1198/1198 1202/1202/1202 1201/1201/1201
f 1966/1966/1966 1967/1967/1967 1201/1201/1201
f 1198/1198/1198 1203/1203/1203 1202/1202/1202
f 1204/1204/1204 1203/1203/1203 1198/1198/1198
f 1201/1201/1201 1202/1202/1202 1969/1969/1969
f 1966/1966/1966 1201/1201/1201 1969/1969/1969
f 1203/1203/1203 1205/1205/1205 1202/1202/1202
f 1962/1962/1962 1967/1967/1967 1966/1966/1966
f 1962/1962/1962 1964/1964/1964 1967/1967/1967
f 1202/1202/1202 1205/1205/1205 1799/1799/1799
f 1969/1969/1969 1202/1202/1202 1799/1799/1799
f 1368/1368/1368 1205/1205/1205 1203/1203/1203
f 1799/1799/1799 1205/1205/1205 1368/1368/1368
f 1367/1367/1367 1203/1203/1203 1204/1204/1204
f 1367/1367/1367 1368/1368/1368 1203/1203/1203
f 1366/1366/1366 1367/1367/1367 1204/1204/1204
f 1366/1366/1366 1204/1204/1204 1370/1370/1370
f 1798/1798/1798 1799/1799/1799 1368/1368/1368
f 1366/1366/1366 1370/1370/1370 1369/1369/1369
f 1369/1369/1369 1370/1370/1370 1371/1371/1371
f 1361/1361/1361 1368/1368/1368 1367/1367/1367
f 1798/1798/1798 1368/1368/1368 1361/1361/1361
f 1357/1357/1357 1367/1367/1367 1366/1366/1366
f 1357/1357/1357 1361/1361/1361 1367/1367/1367
f 1360/1360/1360 1366/1366/1366 1369/1369/1369
f 1360/1360/1360 1357/1357/1357 1366/1366/1366
f 1369/1369/1369 1371/1371/1371 1373/1373/1373
f 1371/1371/1371 1375/1375/1375 1373/1373/1373
f 1360/1360/1360 1369/1369/1369 1359/1359/1359
f 1360/1360/1360 1359/1359/1359 1357/1357/1357
f 1369/1369/1369 1373/1373/1373 1359/1359/1359
f 1359/1359/1359 1358/1358/1358 1357/1357/1357
f 1357/1357/1357 1358/1358/1358 1361/1361/1361
f 1373/1373/1373 1375/1375/1375 1374/1374/1374
f 1375/1375/1375 1376/1376/1376 1374/1374/1374
f 1374/1374/1374 1376/1376/1376 2442/2442/2442
f 1359/1359/1359 1373/1373/1373 1364/1364/1364
f 1373/1373/1373 1374/1374/1374 1364/1364/1364
f 1359/1359/1359 1364/1364/1364 1358/1358/1358
f 2440/2440/2440 1374/1374/1374 2442/2442/2442
f 1364/1364/1364 1374/1374/1374 2440/2440/2440
f 2440/2440/2440 2442/2442/2442 2441/2441/2441
f 1364/1364/1364 1363/1363/1363 1358/1358/1358
f 2439/2439/2439 2440/2440/2440 2441/2441/2441
f 1358/1358/1358 1363/1363/1363 1362/1362/1362
f 1358/1358/1358 1362/1362/1362 1361/1361/1361
f 2437/2437/2437 1364/1364/1364 2440/2440/2440
f 2437/2437/2437 2440/2440/2440 2439/2439/2439
f 2438/2438/2438 1363/1363/1363 1364/1364/1364
f 2437/2437/2437 2438/2438/2438 1364/1364/1364
f 2439/2439/2439 2441/2441/2441 2443/2443/2443
f 2441/2441/2441 2445/2445/2445 2443/2443/2443
f 2445/2445/2445 2446/2446/2446 2444/2444/2444
f 2443/2443/2443 2445/2445/2445 2444/2444/2444
f 2443/2443/2443 2444/2444/2444 2436/2436/2436
f 2434/2434/2434 2437/2437/2437 2439/2439/2439
f 2439/2439/2439 2443/2443/2443 2433/2433/2433
f 2434/2434/2434 2439/2439/2439 2433/2433/2433
f 2433/2433/2433 2443/2443/2443 2436/2436/2436
f 2434/2434/2434 2431/2431/2431 2437/2437/2437
f 2434/2434/2434 2433/2433/2433 2431/2431/2431
f 2431/2431/2431 2438/2438/2438 2437/2437/2437
f 2433/2433/2433 2436/2436/2436 2432/2432/2432
f 2433/2433/2433 2432/2432/2432 2431/2431/2431
f 2436/2436/2436 2435/2435/2435 2432/2432/2432
f 2431/2431/2431 2344/2344/2344 2438/2438/2438
f 2431/2431/2431 2432/2432/2432 2344/2344/2344
f 2432/2432/2432 2435/2435/2435 2348/2348/2348
f 2432/2432/2432 2348/2348/2348 2344/2344/2344
f 2435/2435/2435 2349/2349/2349 2348/2348/2348
f 2348/2348/2348 2349/2349/2349 2347/2347/2347
f 2346/2346/2346 2348/2348/2348 2347/2347/2347
f 2344/2344/2344 2348/2348/2348 2346/2346/2346
f 2346/2346/2346 2347/2347/2347 2337/2337/2337
f 2344/2344/2344 2345/2345/2345 2438/2438/2438
f 2438/2438/2438 2345/2345/2345 1363/1363/1363
f 2342/2342/2342 2344/2344/2344 2346/2346/2346
f 2345/2345/2345 1365/1365/1365 1363/1363/1363
f 1363/1363/1363 1365/1365/1365 1362/1362/1362
f 2343/2343/2343 2345/2345/2345 2344/2344/2344
f 2342/2342/2342 2343/2343/2343 2344/2344/2344
f 1801/1801/1801 1365/1365/1365 2345/2345/2345
f 1362/1362/1362 1365/1365/1365 1801/1801/1801
f 2343/2343/2343 1801/1801/1801 2345/2345/2345
f 1800/1800/1800 1362/1362/1362 1801/1801/1801
f 1361/1361/1361 1362/1362/1362 1800/1800/1800
f 1792/1792/1792 1801/1801/1801 2343/2343/2343
f 1800/1800/1800 1801/1801/1801 1792/1792/1792
f 2339/2339/2339 2343/2343/2343 2342/2342/2342
f 2339/2339/2339 1792/1792/1792 2343/2343/2343
f 1797/1797/1797 1361/1361/1361 1800/1800/1800
f 1797/1797/1797 1798/1798/1798 1361/1361/1361
f 1789/1789/1789 1800/1800/1800 1792/1792/1792
f 1797/1797/1797 1800/1800/1800 1789/1789/1789
f 2342/2342/2342 2346/2346/2346 2332/2332/2332
f 2332/2332/2332 2346/2346/2346 2337/2337/2337
f 2333/2333/2333 2339/2339/2339 2342/2342/2342
f 2333/2333/2333 2342/2342/2342 2332/2332/2332
f 2333/2333/2333 2330/2330/2330 2339/2339/2339
f 2333/2333/2333 2332/2332/2332 2330/2330/2330
f 2332/2332/2332 2337/2337/2337 2331/2331/2331
f 2332/2332/2332 2331/2331/2331 2330/2330/2330
f 2337/2337/2337 2336/2336/2336 2331/2331/2331
f 2330/2330/2330 2340/2340/2340 2339/2339/2339
f 2339/2339/2339 2340/2340/2340 1792/1792/1792
f 2331/2331/2331 2336/2336/2336 2335/2335/2335
f 2336/2336/2336 2338/2338/2338 2335/2335/2335
f 2335/2335/2335 2338/2338/2338 2365/2365/2365
f 2330/2330/2330 2331/2331/2331 2334/2334/2334
f 2331/2331/2331 2335/2335/2335 2334/2334/2334
f 2330/2330/2330 2334/2334/2334 2340/2340/2340
f 2364/2364/2364 2335/2335/2335 2365/2365/2365
f 2334/2334/2334 2335/2335/2335 2364/2364/2364
f 2364/2364/2364 2365/2365/2365 2357/2357/2357
f 2340/2340/2340 1791/1791/1791 1792/1792/1792
f 2352/2352/2352 2364/2364/2364 2357/2357/2357
f 1792/1792/1792 1791/1791/1791 1788/1788/1788
f 1789/1789/1789 1792/1792/1792 1788/1788/1788
f 2340/2340/2340 2341/2341/2341 1791/1791/1791
f 2334/2334/2334 2341/2341/2341 2340/2340/2340
f 2362/2362/2362 2334/2334/2334 2364/2364/2364
f 2362/2362/2362 2364/2364/2364 2352/2352/2352
f 2363/2363/2363 2341/2341/2341 2334/2334/2334
f 2362/2362/2362 2363/2363/2363 2334/2334/2334
f 2341/2341/2341 1786/1786/1786 1791/1791/1791
f 2353/2353/2353 2362/2362/2362 2352/2352/2352
f 1791/1791/1791 1786/1786/1786 1785/1785/1785
f 1788/1788/1788 1791/1791/1791 1785/1785/1785
f 1784/1784/1784 1786/1786/1786 2341/2341/2341
f 1785/1785/1785 1786/1786/1786 1784/1784/1784
f 2363/2363/2363 1784/1784/1784 2341/2341/2341
f 2353/2353/2353 2359/2359/2359 2362/2362/2362
f 2359/2359/2359 2363/2363/2363 2362/2362/2362
f 2353/2353/2353 2352/2352/2352 2350/2350/2350
f 2353/2353/2353 2350/2350/2350 2359/2359/2359
f 2352/2352/2352 2357/2357/2357 2351/2351/2351
f 2352/2352/2352 2351/2351/2351 2350/2350/2350
f 2357/2357/2357 2356/2356/2356 2351/2351/2351
f 2356/2356/2356 2358/2358/2358 2355/2355/2355
f 2351/2351/2351 2356/2356/2356 2355/2355/2355
f 2351/2351/2351 2355/2355/2355 2354/2354/2354
f 2350/2350/2350 2351/2351/2351 2354/2354/2354
f 2350/2350/2350 2354/2354/2354 2360/2360/2360
f 2350/2350/2350 2360/2360/2360 2359/2359/2359
f 2354/2354/2354 2361/2361/2361 2360/2360/2360
f 2359/2359/2359 1769/1769/1769 2363/2363/2363
f 2359/2359/2359 2360/2360/2360 1769/1769/1769
f 1769/1769/1769 1784/1784/1784 2363/2363/2363
f 2360/2360/2360 2361/2361/2361 1768/1768/1768
f 2360/2360/2360 1768/1768/1768 1769/1769/1769
f 2361/2361/2361 1770/1770/1770 1768/1768/1768
f 1768/1768/1768 1770/1770/1770 1767/1767/1767
f 1763/1763/1763 1768/1768/1768 1767/1767/1767
f 1769/1769/1769 1768/1768/1768 1763/1763/1763
f 1763/1763/1763 1767/1767/1767 1766/1766/1766
f 1783/1783/1783 1784/1784/1784 1769/1769/1769
f 1783/1783/1783 1785/1785/1785 1784/1784/1784
f 1764/1764/1764 1769/1769/1769 1763/1763/1763
f 1764/1764/1764 1783/1783/1783 1769/1769/1769
f 1762/1762/1762 1763/1763/1763 1766/1766/1766
f 1764/1764/1764 1763/1763/1763 1762/1762/1762
f 1779/1779/1779 1785/1785/1785 1783/1783/1783
f 1788/1788/1788 1785/1785/1785 1779/1779/1779
f 1777/1777/1777 1783/1783/1783 1764/1764/1764
f 1777/1777/1777 1779/1779/1779 1783/1783/1783
f 1765/1765/1765 1764/1764/1764 1762/1762/1762
f 1765/1765/1765 1777/1777/1777 1764/1764/1764
f 1762/1762/1762 1766/1766/1766 1772/1772/1772
f 1766/1766/1766 1775/1775/1775 1772/1772/1772
f 1765/1765/1765 1762/1762/1762 1771/1771/1771
f 1765/1765/1765 1771/1771/1771 1777/1777/1777
f 1762/1762/1762 1772/1772/1772 1771/1771/1771
f 1771/1771/1771 1778/1778/1778 1777/1777/1777
f 1777/1777/1777 1778/1778/1778 1779/1779/1779
f 1772/1772/1772 1775/1775/1775 1774/1774/1774
f 1775/1775/1775 1776/1776/1776 1774/1774/1774
f 1774/1774/1774 1776/1776/1776 1943/1943/1943
f 1771/1771/1771 1772/1772/1772 1773/1773/1773
f 1772/1772/1772 1774/1774/1774 1773/1773/1773
f 1771/1771/1771 1773/1773/1773 1778/1778/1778
f 1939/1939/1939 1774/1774/1774 1943/1943/1943
f 1773/1773/1773 1774/1774/1774 1939/1939/1939
f 1939/1939/1939 1943/1943/1943 1942/1942/1942
f 1773/1773/1773 1781/1781/1781 1778/1778/1778
f 1938/1938/1938 1939/1939/1939 1942/1942/1942
f 1778/1778/1778 1781/1781/1781 1780/1780/1780
f 1778/1778/1778 1780/1780/1780 1779/1779/1779
f 1940/1940/1940 1773/1773/1773 1939/1939/1939
f 1940/1940/1940 1939/1939/1939 1938/1938/1938
f 1956/1956/1956 1781/1781/1781 1773/1773/1773
f 1940/1940/1940 1956/1956/1956 1773/1773/1773
f 1938/1938/1938 1942/1942/1942 1945/1945/1945
f 1942/1942/1942 1948/1948/1948 1945/1945/1945
f 1941/1941/1941 1940/1940/1940 1938/1938/1938
f 1945/1945/1945 1948/1948/1948 1947/1947/1947
f 1948/1948/1948 1949/1949/1949 1947/1947/1947
f 1947/1947/1947 1949/1949/1949 2675/2675/2675
f 1938/1938/1938 1945/1945/1945 1944/1944/1944
f 1941/1941/1941 1938/1938/1938 1944/1944/1944
f 2671/2671/2671 1947/1947/1947 2675/2675/2675
f 1941/1941/1941 1950/1950/1950 1940/1940/1940
f 1941/1941/1941 1944/1944/1944 1950/1950/1950
f 1950/1950/1950 1956/1956/1956 1940/1940/1940
f 2671/2671/2671 2675/2675/2675 2674/2674/2674
f 1945/1945/1945 1947/1947/1947 1946/1946/1946
f 1944/1944/1944 1945/1945/1945 1946/1946/1946
f 1946/1946/1946 1947/1947/1947 2671/2671/2671
f 1944/1944/1944 1951/1951/1951 1950/1950/1950
f 1944/1944/1944 1946/1946/1946 1951/1951/1951
f 1950/1950/1950 1952/1952/1952 1956/1956/1956
f 1950/1950/1950 1951/1951/1951 1952/1952/1952
f 1956/1956/1956 1957/1957/1957 1781/1781/1781
f 1952/1952/1952 1957/1957/1957 1956/1956/1956
f 1957/1957/1957 1782/1782/1782 1781/1781/1781
f 1781/1781/1781 1782/1782/1782 1780/1780/1780
f 1796/1796/1796 1782/1782/1782 1957/1957/1957
f 1780/1780/1780 1782/1782/1782 1796/1796/1796
f 1959/1959/1959 1957/1957/1957 1952/1952/1952
f 1959/1959/1959 1796/1796/1796 1957/1957/1957
f 1794/1794/1794 1780/1780/1780 1796/1796/1796
f 1779/1779/1779 1780/1780/1780 1794/1794/1794
f 1795/1795/1795 1796/1796/1796 1959/1959/1959
f 1794/1794/1794 1796/1796/1796 1795/1795/1795
f 1787/1787/1787 1779/1779/1779 1794/1794/1794
f 1787/1787/1787 1788/1788/1788 1779/1779/1779
f 1789/1789/1789 1788/1788/1788 1787/1787/1787
f 1787/1787/1787 1794/1794/1794 1793/1793/1793
f 1793/1793/1793 1794/1794/1794 1795/1795/1795
f 1790/1790/1790 1789/1789/1789 1787/1787/1787
f 1790/1790/1790 1787/1787/1787 1793/1793/1793
f 1790/1790/1790 1797/1797/1797 1789/1789/1789
f 1790/1790/1790 1793/1793/1793 1797/1797/1797
f 1793/1793/1793 1798/1798/1798 1797/1797/1797
f 1793/1793/1793 1795/1795/1795 1798/1798/1798
f 1795/1795/1795 1799/1799/1799 1798/1798/1798
f 1969/1969/1969 1799/1799/1799 1795/1795/1795
f 1960/1960/1960 1969/1969/1969 1795/1795/1795
f 1960/1960/1960 1795/1795/1795 1959/1959/1959
f 1966/1966/1966 1969/1969/1969 1960/1960/1960
f 1960/1960/1960 1959/1959/1959 1958/1958/1958
f 1958/1958/1958 1959/1959/1959 1952/1952/1952
f 1961/1961/1961 1966/1966/1966 1960/1960/1960
f 1961/1961/1961 1960/1960/1960 1958/1958/1958
f 1961/1961/1961 1962/1962/1962 1966/1966/1966
f 1961/1961/1961 1958/1958/1958 1962/1962/1962
f 1958/1958/1958 1963/1963/1963 1962/1962/1962
f 1958/1958/1958 1952/1952/1952 1963/1963/1963
f 1962/1962/1962 1963/1963/1963 1964/1964/1964
f 1952/1952/1952 1953/1953/1953 1963/1963/1963
f 1951/1951/1951 1953/1953/1953 1952/1952/1952
f 1963/1963/1963 1965/1965/1965 1964/1964/1964
f 1963/1963/1963 1953/1953/1953 1965/1965/1965
f 1951/1951/1951 1954/1954/1954 1953/1953/1953
f 1946/1946/1946 1954/1954/1954 1951/1951/1951
f 1953/1953/1953 1955/1955/1955 1965/1965/1965
f 1954/1954/1954 1955/1955/1955 1953/1953/1953
f 1965/1965/1965 1955/1955/1955 2684/2684/2684
f 2684/2684/2684 1955/1955/1955 1954/1954/1954
f 1964/1964/1964 1965/1965/1965 2791/2791/2791
f 2791/2791/2791 1965/1965/1965 2684/2684/2684
f 2683/2683/2683 1954/1954/1954 1946/1946/1946
f 2683/2683/2683 2684/2684/2684 1954/1954/1954
f 2792/2792/2792 1964/1964/1964 2791/2791/2791
f 2792/2792/2792 2798/2798/2798 1964/1964/1964
f 2791/2791/2791 2684/2684/2684 2681/2681/2681
f 2681/2681/2681 2684/2684/2684 2683/2683/2683
f 2792/2792/2792 2791/2791/2791 2790/2790/2790
f 2790/2790/2790 2791/2791/2791 2681/2681/2681
f 2796/2796/2796 2798/2798/2798 2792/2792/2792
f 2796/2796/2796 2701/2701/2701 2798/2798/2798
f 2793/2793/2793 2792/2792/2792 2790/2790/2790
f 2793/2793/2793 2796/2796/2796 2792/2792/2792
f 2793/2793/2793 2790/2790/2790 2794/2794/2794
f 2793/2793/2793 2794/2794/2794 2796/2796/2796
f 2796/2796/2796 2797/2797/2797 2701/2701/2701
f 2794/2794/2794 2797/2797/2797 2796/2796/2796
f 2790/2790/2790 2795/2795/2795 2794/2794/2794
f 2790/2790/2790 2681/2681/2681 2795/2795/2795
f 2797/2797/2797 2705/2705/2705 2701/2701/2701
f 2701/2701/2701 2705/2705/2705 2704/2704/2704
f 2794/2794/2794 1592/1592/1592 2797/2797/2797
f 2794/2794/2794 2795/2795/2795 1592/1592/1592
f 2797/2797/2797 1601/1601/1601 2705/2705/2705
f 1592/1592/1592 1601/1601/1601 2797/2797/2797
f 2704/2704/2704 2705/2705/2705 1543/1543/1543
f 2704/2704/2704 1543/1543/1543 1544/1544/1544
f 1601/1601/1601 1545/1545/1545 2705/2705/2705
f 2705/2705/2705 1545/1545/1545 1543/1543/1543
f 1542/1542/1542 1545/1545/1545 1601/1601/1601
f 1543/1543/1543 1545/1545/1545 1542/1542/1542
f 1544/1544/1544 1543/1543/1543 1538/1538/1538
f 1538/1538/1538 1543/1543/1543 1542/1542/1542
f 1600/1600/1600 1542/1542/1542 1601/1601/1601
f 1600/1600/1600 1601/1601/1601 1592/1592/1592
f 1539/1539/1539 1544/1544/1544 1538/1538/1538
f 1539/1539/1539 1558/1558/1558 1544/1544/1544
f 1538/1538/1538 1542/1542/1542 1541/1541/1541
f 1541/1541/1541 1542/1542/1542 1600/1600/1600
f 1539/1539/1539 1538/1538/1538 1537/1537/1537
f 1537/1537/1537 1538/1538/1538 1541/1541/1541
f 1552/1552/1552 1558/1558/1558 1539/1539/1539
f 1552/1552/1552 1554/1554/1554 1558/1558/1558
f 1540/1540/1540 1539/1539/1539 1537/1537/1537
f 1540/1540/1540 1552/1552/1552 1539/1539/1539
f 1540/1540/1540 1537/1537/1537 1546/1546/1546
f 1540/1540/1540 1546/1546/1546 1552/1552/1552
f 1552/1552/1552 1553/1553/1553 1554/1554/1554
f 1546/1546/1546 1553/1553/1553 1552/1552/1552
f 1553/1553/1553 1555/1555/1555 1554/1554/1554
f 1556/1556/1556 1557/1557/1557 1555/1555/1555
f 1553/1553/1553 1556/1556/1556 1555/1555/1555
f 1548/1548/1548 1556/1556/1556 1553/1553/1553
f 1546/1546/1546 1548/1548/1548 1553/1553/1553
f 1537/1537/1537 1547/1547/1547 1546/1546/1546
f 1546/1546/1546 1547/1547/1547 1548/1548/1548
f 1537/1537/1537 1541/1541/1541 1547/1547/1547
f 1547/1547/1547 1549/1549/1549 1548/1548/1548
f 1547/1547/1547 1550/1550/1550 1549/1549/1549
f 1541/1541/1541 1550/1550/1550 1547/1547/1547
f 1550/1550/1550 1551/1551/1551 1549/1549/1549
f 1599/1599/1599 1551/1551/1551 1550/1550/1550
f 1598/1598/1598 1599/1599/1599 1550/1550/1550
f 1598/1598/1598 1550/1550/1550 1541/1541/1541
f 1595/1595/1595 1599/1599/1599 1598/1598/1598
f 1597/1597/1597 1598/1598/1598 1541/1541/1541
f 1597/1597/1597 1541/1541/1541 1600/1600/1600
f 1593/1593/1593 1595/1595/1595 1598/1598/1598
f 1593/1593/1593 1598/1598/1598 1597/1597/1597
f 1597/1597/1597 1600/1600/1600 1589/1589/1589
f 1589/1589/1589 1600/1600/1600 1592/1592/1592
f 1590/1590/1590 1593/1593/1593 1597/1597/1597
f 1590/1590/1590 1597/1597/1597 1589/1589/1589
f 1593/1593/1593 1594/1594/1594 1595/1595/1595
f 1594/1594/1594 1596/1596/1596 1595/1595/1595
f 1590/1590/1590 1587/1587/1587 1593/1593/1593
f 1590/1590/1590 1589/1589/1589 1587/1587/1587
f 1587/1587/1587 1594/1594/1594 1593/1593/1593
f 1589/1589/1589 1592/1592/1592 1588/1588/1588
f 1589/1589/1589 1588/1588/1588 1587/1587/1587
f 1594/1594/1594 1580/1580/1580 1596/1596/1596
f 1580/1580/1580 1582/1582/1582 1596/1596/1596
f 1581/1581/1581 1582/1582/1582 1580/1580/1580
f 1587/1587/1587 1579/1579/1579 1594/1594/1594
f 1579/1579/1579 1580/1580/1580 1594/1594/1594
f 1587/1587/1587 1588/1588/1588 1579/1579/1579
f 1578/1578/1578 1581/1581/1581 1580/1580/1580
f 1578/1578/1578 1580/1580/1580 1579/1579/1579
f 1573/1573/1573 1581/1581/1581 1578/1578/1578
f 1592/1592/1592 1591/1591/1591 1588/1588/1588
f 2795/2795/2795 1591/1591/1591 1592/1592/1592
f 1588/1588/1588 1585/1585/1585 1579/1579/1579
f 1588/1588/1588 1591/1591/1591 1585/1585/1585
f 2795/2795/2795 2682/2682/2682 1591/1591/1591
f 2681/2681/2681 2682/2682/2682 2795/2795/2795
f 1591/1591/1591 1586/1586/1586 1585/1585/1585
f 2682/2682/2682 1586/1586/1586 1591/1591/1591
f 1585/1585/1585 1586/1586/1586 1584/1584/1584
f 1584/1584/1584 1586/1586/1586 2682/2682/2682
f 1579/1579/1579 1585/1585/1585 1583/1583/1583
f 1583/1583/1583 1585/1585/1585 1584/1584/1584
f 2680/2680/2680 2682/2682/2682 2681/2681/2681
f 2680/2680/2680 1584/1584/1584 2682/2682/2682
f 1577/1577/1577 1579/1579/1579 1583/1583/1583
f 1577/1577/1577 1578/1578/1578 1579/1579/1579
f 1583/1583/1583 1584/1584/1584 1569/1569/1569
f 1569/1569/1569 1584/1584/1584 2680/2680/2680
f 1577/1577/1577 1583/1583/1583 1564/1564/1564
f 1564/1564/1564 1583/1583/1583 1569/1569/1569
f 1571/1571/1571 1578/1578/1578 1577/1577/1577
f 1571/1571/1571 1573/1573/1573 1578/1578/1578
f 1565/1565/1565 1577/1577/1577 1564/1564/1564
f 1565/1565/1565 1571/1571/1571 1577/1577/1577
f 1565/1565/1565 1564/1564/1564 1562/1562/1562
f 1565/1565/1565 1562/1562/1562 1571/1571/1571
f 1571/1571/1571 1572/1572/1572 1573/1573/1573
f 1562/1562/1562 1572/1572/1572 1571/1571/1571
f 1572/1572/1572 1574/1574/1574 1573/1573/1573
f 1575/1575/1575 1576/1576/1576 1574/1574/1574
f 1572/1572/1572 1575/1575/1575 1574/1574/1574
f 1566/1566/1566 1575/1575/1575 1572/1572/1572
f 1562/1562/1562 1566/1566/1566 1572/1572/1572
f 1564/1564/1564 1563/1563/1563 1562/1562/1562
f 1562/1562/1562 1563/1563/1563 1566/1566/1566
f 1564/1564/1564 1569/1569/1569 1563/1563/1563
f 1563/1563/1563 1567/1567/1567 1566/1566/1566
f 1563/1563/1563 1568/1568/1568 1567/1567/1567
f 1569/1569/1569 1568/1568/1568 1563/1563/1563
f 1568/1568/1568 1570/1570/1570 1567/1567/1567
f 2678/2678/2678 1570/1570/1570 1568/1568/1568
f 2677/2677/2677 2678/2678/2678 1568/1568/1568
f 2677/2677/2677 1568/1568/1568 1569/1569/1569
f 2674/2674/2674 2678/2678/2678 2677/2677/2677
f 2676/2676/2676 2677/2677/2677 1569/1569/1569
f 2676/2676/2676 1569/1569/1569 2680/2680/2680
f 2670/2670/2670 2674/2674/2674 2677/2677/2677
f 2670/2670/2670 2677/2677/2677 2676/2676/2676
f 2670/2670/2670 2671/2671/2671 2674/2674/2674
f 2676/2676/2676 2680/2680/2680 2679/2679/2679
f 2679/2679/2679 2680/2680/2680 2681/2681/2681
f 2679/2679/2679 2681/2681/2681 2683/2683/2683
f 2673/2673/2673 2670/2670/2670 2676/2676/2676
f 2673/2673/2673 2676/2676/2676 2679/2679/2679
f 2672/2672/2672 2671/2671/2671 2670/2670/2670
f 2673/2673/2673 2672/2672/2672 2670/2670/2670
f 2673/2673/2673 2679/2679/2679 2672/2672/2672
f 2679/2679/2679 2683/2683/2683 2672/2672/2672
f 2672/2672/2672 1946/1946/1946 2671/2671/2671
f 2672/2672/2672 2683/2683/2683 1946/1946/1946
f 1264/1264/1264 1263/1263/1263 1262/1262/1262
f 1265/1265/1265 1264/1264/1264 1262/1262/1262
f 1264/1264/1264 1269/1269/1269 1263/1263/1263
f 1265/1265/1265 1262/1262/1262 1271/1271/1271
f 1269/1269/1269 1268/1268/1268 1263/1263/1263
f 1265/1265/1265 1277/1277/1277 1264/1264/1264
f 1265/1265/1265 1271/1271/1271 1277/1277/1277
f 1264/1264/1264 1283/1283/1283 1269/1269/1269
f 1277/1277/1277 1283/1283/1283 1264/1264/1264
f 1283/1283/1283 1284/1284/1284 1269/1269/1269
f 1285/1285/1285 1286/1286/1286 1284/1284/1284
f 1283/1283/1283 1285/1285/1285 1284/1284/1284
f 1279/1279/1279 1285/1285/1285 1283/1283/1283
f 1277/1277/1277 1279/1279/1279 1283/1283/1283
f 1277/1277/1277 1278/1278/1278 1279/1279/1279
f 1271/1271/1271 1278/1278/1278 1277/1277/1277
f 1278/1278/1278 1280/1280/1280 1279/1279/1279
f 1263/1263/1263 1268/1268/1268 1267/1267/1267
f 1268/1268/1268 1270/1270/1270 1267/1267/1267
f 1267/1267/1267 1270/1270/1270 1905/1905/1905
f 1278/1278/1278 1281/1281/1281 1280/1280/1280
f 1281/1281/1281 1282/1282/1282 1280/1280/1280
f 1436/1436/1436 1282/1282/1282 1281/1281/1281
f 1904/1904/1904 1267/1267/1267 1905/1905/1905
f 1904/1904/1904 1905/1905/1905 1899/1899/1899
f 1263/1263/1263 1267/1267/1267 1266/1266/1266
f 1266/1266/1266 1267/1267/1267 1904/1904/1904
f 1262/1262/1262 1263/1263/1263 1266/1266/1266
f 1435/1435/1435 1436/1436/1436 1281/1281/1281
f 1431/1431/1431 1436/1436/1436 1435/1435/1435
f 1273/1273/1273 1281/1281/1281 1278/1278/1278
f 1435/1435/1435 1281/1281/1281 1273/1273/1273
f 1271/1271/1271 1273/1273/1273 1278/1278/1278
f 1262/1262/1262 1272/1272/1272 1271/1271/1271
f 1271/1271/1271 1272/1272/1272 1273/1273/1273
f 1262/1262/1262 1266/1266/1266 1272/1272/1272
f 1429/1429/1429 1431/1431/1431 1435/1435/1435
f 1266/1266/1266 1275/1275/1275 1272/1272/1272
f 1419/1419/1419 1435/1435/1435 1273/1273/1273
f 1429/1429/1429 1435/1435/1435 1419/1419/1419
f 1272/1272/1272 1274/1274/1274 1273/1273/1273
f 1272/1272/1272 1275/1275/1275 1274/1274/1274
f 1419/1419/1419 1273/1273/1273 1418/1418/1418
f 1273/1273/1273 1274/1274/1274 1418/1418/1418
f 1420/1420/1420 1429/1429/1429 1419/1419/1419
f 1275/1275/1275 1276/1276/1276 1274/1274/1274
f 1420/1420/1420 1419/1419/1419 1417/1417/1417
f 1419/1419/1419 1418/1418/1418 1417/1417/1417
f 1274/1274/1274 1276/1276/1276 1422/1422/1422
f 1418/1418/1418 1274/1274/1274 1422/1422/1422
f 1681/1681/1681 1276/1276/1276 1275/1275/1275
f 1422/1422/1422 1276/1276/1276 1681/1681/1681
f 1903/1903/1903 1275/1275/1275 1266/1266/1266
f 1903/1903/1903 1681/1681/1681 1275/1275/1275
f 1418/1418/1418 1422/1422/1422 1421/1421/1421
f 1417/1417/1417 1418/1418/1418 1421/1421/1421
f 1680/1680/1680 1422/1422/1422 1681/1681/1681
f 1421/1421/1421 1422/1422/1422 1680/1680/1680
f 1420/1420/1420 1417/1417/1417 1423/1423/1423
f 1420/1420/1420 1423/1423/1423 1429/1429/1429
f 1417/1417/1417 1421/1421/1421 1424/1424/1424
f 1417/1417/1417 1424/1424/1424 1423/1423/1423
f 1429/1429/1429 1430/1430/1430 1431/1431/1431
f 1423/1423/1423 1430/1430/1430 1429/1429/1429
f 1430/1430/1430 1432/1432/1432 1431/1431/1431
f 1423/1423/1423 1424/1424/1424 1425/1425/1425
f 1423/1423/1423 1425/1425/1425 1430/1430/1430
f 1430/1430/1430 1433/1433/1433 1432/1432/1432
f 1425/1425/1425 1433/1433/1433 1430/1430/1430
f 1433/1433/1433 1434/1434/1434 1432/1432/1432
f 2726/2726/2726 1434/1434/1434 1433/1433/1433
f 2725/2725/2725 2726/2726/2726 1433/1433/1433
f 2725/2725/2725 1433/1433/1433 1425/1425/1425
f 2723/2723/2723 2726/2726/2726 2725/2725/2725
f 1424/1424/1424 1426/1426/1426 1425/1425/1425
f 2721/2721/2721 2723/2723/2723 2725/2725/2725
f 2714/2714/2714 2725/2725/2725 1425/1425/1425
f 2721/2721/2721 2725/2725/2725 2714/2714/2714
f 1425/1425/1425 1426/1426/1426 2713/2713/2713
f 2714/2714/2714 1425/1425/1425 2713/2713/2713
f 1424/1424/1424 1427/1427/1427 1426/1426/1426
f 1421/1421/1421 1427/1427/1427 1424/1424/1424
f 2721/2721/2721 2722/2722/2722 2723/2723/2723
f 2722/2722/2722 2724/2724/2724 2723/2723/2723
f 2715/2715/2715 2721/2721/2721 2714/2714/2714
f 2722/2722/2722 2428/2428/2428 2724/2724/2724
f 2428/2428/2428 2430/2430/2430 2724/2724/2724
f 2429/2429/2429 2430/2430/2430 2428/2428/2428
f 2718/2718/2718 2722/2722/2722 2721/2721/2721
f 2715/2715/2715 2718/2718/2718 2721/2721/2721
f 2427/2427/2427 2429/2429/2429 2428/2428/2428
f 2715/2715/2715 2714/2714/2714 2712/2712/2712
f 2715/2715/2715 2712/2712/2712 2718/2718/2718
f 2714/2714/2714 2713/2713/2713 2712/2712/2712
f 2423/2423/2423 2429/2429/2429 2427/2427/2427
f 2416/2416/2416 2428/2428/2428 2722/2722/2722
f 2718/2718/2718 2416/2416/2416 2722/2722/2722
f 2427/2427/2427 2428/2428/2428 2416/2416/2416
f 2712/2712/2712 2719/2719/2719 2718/2718/2718
f 2718/2718/2718 2719/2719/2719 2416/2416/2416
f 2712/2712/2712 2713/2713/2713 2716/2716/2716
f 2712/2712/2712 2716/2716/2716 2719/2719/2719
f 2713/2713/2713 1426/1426/1426 2717/2717/2717
f 2713/2713/2713 2717/2717/2717 2716/2716/2716
f 1426/1426/1426 1428/1428/1428 2717/2717/2717
f 1427/1427/1427 1428/1428/1428 1426/1426/1426
f 2717/2717/2717 1428/1428/1428 1679/1679/1679
f 1679/1679/1679 1428/1428/1428 1427/1427/1427
f 2716/2716/2716 2717/2717/2717 2753/2753/2753
f 2753/2753/2753 2717/2717/2717 1679/1679/1679
f 1678/1678/1678 1679/1679/1679 1427/1427/1427
f 1678/1678/1678 1427/1427/1427 1421/1421/1421
f 2753/2753/2753 1679/1679/1679 1675/1675/1675
f 1675/1675/1675 1679/1679/1679 1678/1678/1678
f 1677/1677/1677 1678/1678/1678 1421/1421/1421
f 1677/1677/1677 1421/1421/1421 1680/1680/1680
f 1673/1673/1673 1675/1675/1675 1678/1678/1678
f 1673/1673/1673 1678/1678/1678 1677/1677/1677
f 1677/1677/1677 1680/1680/1680 1669/1669/1669
f 1670/1670/1670 1673/1673/1673 1677/1677/1677
f 1670/1670/1670 1677/1677/1677 1669/1669/1669
f 1670/1670/1670 1667/1667/1667 1673/1673/1673
f 1670/1670/1670 1669/1669/1669 1667/1667/1667
f 1673/1673/1673 1674/1674/1674 1675/1675/1675
f 1667/1667/1667 1674/1674/1674 1673/1673/1673
f 1669/1669/1669 1680/1680/1680 1672/1672/1672
f 1680/1680/1680 1681/1681/1681 1672/1672/1672
f 1672/1672/1672 1681/1681/1681 1903/1903/1903
f 1669/1669/1669 1668/1668/1668 1667/1667/1667
f 1669/1669/1669 1672/1672/1672 1668/1668/1668
f 1667/1667/1667 1659/1659/1659 1674/1674/1674
f 1667/1667/1667 1668/1668/1668 1659/1659/1659
f 1900/1900/1900 1672/1672/1672 1903/1903/1903
f 1672/1672/1672 1671/1671/1671 1668/1668/1668
f 1900/1900/1900 1903/1903/1903 1902/1902/1902
f 1902/1902/1902 1903/1903/1903 1266/1266/1266
f 1902/1902/1902 1266/1266/1266 1904/1904/1904
f 1900/1900/1900 1901/1901/1901 1672/1672/1672
f 1901/1901/1901 1671/1671/1671 1672/1672/1672
f 1902/1902/1902 1904/1904/1904 1896/1896/1896
f 1896/1896/1896 1904/1904/1904 1899/1899/1899
f 1897/1897/1897 1900/1900/1900 1902/1902/1902
f 1897/1897/1897 1902/1902/1902 1896/1896/1896
f 1897/1897/1897 1894/1894/1894 1900/1900/1900
f 1897/1897/1897 1896/1896/1896 1894/1894/1894
f 1894/1894/1894 1901/1901/1901 1900/1900/1900
f 1896/1896/1896 1899/1899/1899 1895/1895/1895
f 1896/1896/1896 1895/1895/1895 1894/1894/1894
f 1899/1899/1899 1898/1898/1898 1895/1895/1895
f 1894/1894/1894 1888/1888/1888 1901/1901/1901
f 1894/1894/1894 1895/1895/1895 1888/1888/1888
f 1895/1895/1895 1898/1898/1898 1892/1892/1892
f 1895/1895/1895 1892/1892/1892 1888/1888/1888
f 1898/1898/1898 1893/1893/1893 1892/1892/1892
f 1892/1892/1892 1893/1893/1893 1891/1891/1891
f 1890/1890/1890 1892/1892/1892 1891/1891/1891
f 1888/1888/1888 1892/1892/1892 1890/1890/1890
f 1890/1890/1890 1891/1891/1891 1881/1881/1881
f 1888/1888/1888 1889/1889/1889 1901/1901/1901
f 1901/1901/1901 1889/1889/1889 1671/1671/1671
f 1886/1886/1886 1888/1888/1888 1890/1890/1890
f 1889/1889/1889 1666/1666/1666 1671/1671/1671
f 1876/1876/1876 1890/1890/1890 1881/1881/1881
f 1886/1886/1886 1890/1890/1890 1876/1876/1876
f 1671/1671/1671 1666/1666/1666 1665/1665/1665
f 1668/1668/1668 1671/1671/1671 1665/1665/1665
f 1668/1668/1668 1665/1665/1665 1659/1659/1659
f 1664/1664/1664 1666/1666/1666 1889/1889/1889
f 1665/1665/1665 1666/1666/1666 1664/1664/1664
f 1887/1887/1887 1889/1889/1889 1888/1888/1888
f 1887/1887/1887 1664/1664/1664 1889/1889/1889
f 1886/1886/1886 1887/1887/1887 1888/1888/1888
f 1663/1663/1663 1665/1665/1665 1664/1664/1664
f 1659/1659/1659 1665/1665/1665 1663/1663/1663
f 1649/1649/1649 1664/1664/1664 1887/1887/1887
f 1663/1663/1663 1664/1664/1664 1649/1649/1649
f 1883/1883/1883 1887/1887/1887 1886/1886/1886
f 1883/1883/1883 1649/1649/1649 1887/1887/1887
f 1877/1877/1877 1886/1886/1886 1876/1876/1876
f 1877/1877/1877 1883/1883/1883 1886/1886/1886
f 1877/1877/1877 1876/1876/1876 1874/1874/1874
f 1877/1877/1877 1874/1874/1874 1883/1883/1883
f 1876/1876/1876 1881/1881/1881 1875/1875/1875
f 1876/1876/1876 1875/1875/1875 1874/1874/1874
f 1881/1881/1881 1880/1880/1880 1875/1875/1875
f 1874/1874/1874 1884/1884/1884 1883/1883/1883
f 1883/1883/1883 1884/1884/1884 1649/1649/1649
f 1875/1875/1875 1880/1880/1880 1879/1879/1879
f 1880/1880/1880 1882/1882/1882 1879/1879/1879
f 1875/1875/1875 1879/1879/1879 1878/1878/1878
f 1874/1874/1874 1875/1875/1875 1878/1878/1878
f 1874/1874/1874 1878/1878/1878 1884/1884/1884
f 1878/1878/1878 1885/1885/1885 1884/1884/1884
f 1884/1884/1884 1885/1885/1885 1648/1648/1648
f 1884/1884/1884 1648/1648/1648 1649/1649/1649
f 1885/1885/1885 1650/1650/1650 1648/1648/1648
f 1648/1648/1648 1650/1650/1650 1647/1647/1647
f 1643/1643/1643 1648/1648/1648 1647/1647/1647
f 1649/1649/1649 1648/1648/1648 1643/1643/1643
f 1643/1643/1643 1647/1647/1647 1646/1646/1646
f 1644/1644/1644 1649/1649/1649 1643/1643/1643
f 1644/1644/1644 1663/1663/1663 1649/1649/1649
f 1642/1642/1642 1643/1643/1643 1646/1646/1646
f 1644/1644/1644 1643/1643/1643 1642/1642/1642
f 1657/1657/1657 1663/1663/1663 1644/1644/1644
f 1657/1657/1657 1659/1659/1659 1663/1663/1663
f 1645/1645/1645 1644/1644/1644 1642/1642/1642
f 1645/1645/1645 1657/1657/1657 1644/1644/1644
f 1642/1642/1642 1646/1646/1646 1652/1652/1652
f 1646/1646/1646 1655/1655/1655 1652/1652/1652
f 1645/1645/1645 1642/1642/1642 1651/1651/1651
f 1645/1645/1645 1651/1651/1651 1657/1657/1657
f 1642/1642/1642 1652/1652/1652 1651/1651/1651
f 1657/1657/1657 1658/1658/1658 1659/1659/1659
f 1651/1651/1651 1658/1658/1658 1657/1657/1657
f 1652/1652/1652 1655/1655/1655 1654/1654/1654
f 1655/1655/1655 1656/1656/1656 1654/1654/1654
f 1654/1654/1654 1656/1656/1656 2645/2645/2645
f 1651/1651/1651 1652/1652/1652 1653/1653/1653
f 1652/1652/1652 1654/1654/1654 1653/1653/1653
f 1651/1651/1651 1653/1653/1653 1658/1658/1658
f 2641/2641/2641 1654/1654/1654 2645/2645/2645
f 1653/1653/1653 1654/1654/1654 2641/2641/2641
f 2641/2641/2641 2645/2645/2645 2644/2644/2644
f 1658/1658/1658 1660/1660/1660 1659/1659/1659
f 1659/1659/1659 1660/1660/1660 1674/1674/1674
f 1653/1653/1653 1661/1661/1661 1658/1658/1658
f 1658/1658/1658 1661/1661/1661 1660/1660/1660
f 1674/1674/1674 1660/1660/1660 1676/1676/1676
f 1674/1674/1674 1676/1676/1676 1675/1675/1675
f 1661/1661/1661 1662/1662/1662 1660/1660/1660
f 1660/1660/1660 1662/1662/1662 1676/1676/1676
f 2654/2654/2654 1662/1662/1662 1661/1661/1661
f 1676/1676/1676 1662/1662/1662 2654/2654/2654
f 2653/2653/2653 1661/1661/1661 1653/1653/1653
f 2653/2653/2653 2654/2654/2654 1661/1661/1661
f 1675/1675/1675 1676/1676/1676 2746/2746/2746
f 2746/2746/2746 1676/1676/1676 2654/2654/2654
f 2642/2642/2642 2653/2653/2653 1653/1653/1653
f 2642/2642/2642 1653/1653/1653 2641/2641/2641
f 2651/2651/2651 2654/2654/2654 2653/2653/2653
f 2746/2746/2746 2654/2654/2654 2651/2651/2651
f 2649/2649/2649 2653/2653/2653 2642/2642/2642
f 2649/2649/2649 2651/2651/2651 2653/2653/2653
f 2642/2642/2642 2641/2641/2641 2640/2640/2640
f 2640/2640/2640 2641/2641/2641 2644/2644/2644
f 2643/2643/2643 2649/2649/2649 2642/2642/2642
f 2643/2643/2643 2642/2642/2642 2640/2640/2640
f 2643/2643/2643 2646/2646/2646 2649/2649/2649
f 2643/2643/2643 2640/2640/2640 2646/2646/2646
f 2640/2640/2640 2644/2644/2644 2647/2647/2647
f 2640/2640/2640 2647/2647/2647 2646/2646/2646
f 2644/2644/2644 2648/2648/2648 2647/2647/2647
f 2646/2646/2646 2650/2650/2650 2649/2649/2649
f 2649/2649/2649 2650/2650/2650 2651/2651/2651
f 2647/2647/2647 2648/2648/2648 2397/2397/2397
f 2648/2648/2648 2399/2399/2399 2397/2397/2397
f 2397/2397/2397 2399/2399/2399 2396/2396/2396
f 2646/2646/2646 2647/2647/2647 2398/2398/2398
f 2647/2647/2647 2397/2397/2397 2398/2398/2398
f 2646/2646/2646 2398/2398/2398 2650/2650/2650
f 2392/2392/2392 2397/2397/2397 2396/2396/2396
f 2398/2398/2398 2397/2397/2397 2392/2392/2392
f 2392/2392/2392 2396/2396/2396 2395/2395/2395
f 2398/2398/2398 2410/2410/2410 2650/2650/2650
f 2391/2391/2391 2392/2392/2392 2395/2395/2395
f 2650/2650/2650 2410/2410/2410 2652/2652/2652
f 2650/2650/2650 2652/2652/2652 2651/2651/2651
f 2393/2393/2393 2398/2398/2398 2392/2392/2392
f 2393/2393/2393 2392/2392/2392 2391/2391/2391
f 2409/2409/2409 2410/2410/2410 2398/2398/2398
f 2393/2393/2393 2409/2409/2409 2398/2398/2398
f 2391/2391/2391 2395/2395/2395 2401/2401/2401
f 2395/2395/2395 2404/2404/2404 2401/2401/2401
f 2394/2394/2394 2393/2393/2393 2391/2391/2391
f 2401/2401/2401 2404/2404/2404 2403/2403/2403
f 2404/2404/2404 2405/2405/2405 2403/2403/2403
f 2403/2403/2403 2405/2405/2405 2909/2909/2909
f 2391/2391/2391 2401/2401/2401 2400/2400/2400
f 2394/2394/2394 2391/2391/2391 2400/2400/2400
f 2905/2905/2905 2403/2403/2403 2909/2909/2909
f 2394/2394/2394 2406/2406/2406 2393/2393/2393
f 2394/2394/2394 2400/2400/2400 2406/2406/2406
f 2406/2406/2406 2409/2409/2409 2393/2393/2393
f 2905/2905/2905 2909/2909/2909 2908/2908/2908
f 2401/2401/2401 2403/2403/2403 2402/2402/2402
f 2400/2400/2400 2401/2401/2401 2402/2402/2402
f 2402/2402/2402 2403/2403/2403 2905/2905/2905
f 2400/2400/2400 2407/2407/2407 2406/2406/2406
f 2400/2400/2400 2402/2402/2402 2407/2407/2407
f 2406/2406/2406 2370/2370/2370 2409/2409/2409
f 2406/2406/2406 2407/2407/2407 2370/2370/2370
f 2409/2409/2409 2371/2371/2371 2410/2410/2410
f 2370/2370/2370 2371/2371/2371 2409/2409/2409
f 2371/2371/2371 2374/2374/2374 2410/2410/2410
f 2410/2410/2410 2374/2374/2374 2652/2652/2652
f 2372/2372/2372 2374/2374/2374 2371/2371/2371
f 2652/2652/2652 2374/2374/2374 2372/2372/2372
f 2367/2367/2367 2371/2371/2371 2370/2370/2370
f 2367/2367/2367 2372/2372/2372 2371/2371/2371
f 2750/2750/2750 2652/2652/2652 2372/2372/2372
f 2651/2651/2651 2652/2652/2652 2750/2750/2750
f 2373/2373/2373 2372/2372/2372 2367/2367/2367
f 2750/2750/2750 2372/2372/2372 2373/2373/2373
f 2745/2745/2745 2651/2651/2651 2750/2750/2750
f 2745/2745/2745 2746/2746/2746 2651/2651/2651
f 2749/2749/2749 2750/2750/2750 2373/2373/2373
f 2745/2745/2745 2750/2750/2750 2749/2749/2749
f 2747/2747/2747 2746/2746/2746 2745/2745/2745
f 2747/2747/2747 1675/1675/1675 2746/2746/2746
f 2747/2747/2747 2753/2753/2753 1675/1675/1675
f 2748/2748/2748 2745/2745/2745 2749/2749/2749
f 2748/2748/2748 2747/2747/2747 2745/2745/2745
f 2751/2751/2751 2753/2753/2753 2747/2747/2747
f 2748/2748/2748 2751/2751/2751 2747/2747/2747
f 2748/2748/2748 2749/2749/2749 2751/2751/2751
f 2751/2751/2751 2716/2716/2716 2753/2753/2753
f 2749/2749/2749 2752/2752/2752 2751/2751/2751
f 2751/2751/2751 2752/2752/2752 2716/2716/2716
f 2749/2749/2749 2373/2373/2373 2752/2752/2752
f 2752/2752/2752 2720/2720/2720 2716/2716/2716
f 2716/2716/2716 2720/2720/2720 2719/2719/2719
f 2373/2373/2373 2388/2388/2388 2752/2752/2752
f 2752/2752/2752 2388/2388/2388 2720/2720/2720
f 2719/2719/2719 2720/2720/2720 2415/2415/2415
f 2719/2719/2719 2415/2415/2415 2416/2416/2416
f 2388/2388/2388 2390/2390/2390 2720/2720/2720
f 2720/2720/2720 2390/2390/2390 2415/2415/2415
f 2389/2389/2389 2390/2390/2390 2388/2388/2388
f 2415/2415/2415 2390/2390/2390 2389/2389/2389
f 2387/2387/2387 2388/2388/2388 2373/2373/2373
f 2387/2387/2387 2389/2389/2389 2388/2388/2388
f 2416/2416/2416 2415/2415/2415 2412/2412/2412
f 2412/2412/2412 2415/2415/2415 2389/2389/2389
f 2368/2368/2368 2387/2387/2387 2373/2373/2373
f 2368/2368/2368 2373/2373/2373 2367/2367/2367
f 2383/2383/2383 2389/2389/2389 2387/2387/2387
f 2412/2412/2412 2389/2389/2389 2383/2383/2383
f 2381/2381/2381 2387/2387/2387 2368/2368/2368
f 2381/2381/2381 2383/2383/2383 2387/2387/2387
f 2368/2368/2368 2367/2367/2367 2366/2366/2366
f 2366/2366/2366 2367/2367/2367 2370/2370/2370
f 2369/2369/2369 2381/2381/2381 2368/2368/2368
f 2369/2369/2369 2368/2368/2368 2366/2366/2366
f 2369/2369/2369 2375/2375/2375 2381/2381/2381
f 2369/2369/2369 2366/2366/2366 2375/2375/2375
f 2366/2366/2366 2370/2370/2370 2376/2376/2376
f 2366/2366/2366 2376/2376/2376 2375/2375/2375
f 2375/2375/2375 2382/2382/2382 2381/2381/2381
f 2381/2381/2381 2382/2382/2382 2383/2383/2383
f 2370/2370/2370 2379/2379/2379 2376/2376/2376
f 2407/2407/2407 2379/2379/2379 2370/2370/2370
f 2375/2375/2375 2376/2376/2376 2377/2377/2377
f 2375/2375/2375 2377/2377/2377 2382/2382/2382
f 2376/2376/2376 2379/2379/2379 2378/2378/2378
f 2376/2376/2376 2378/2378/2378 2377/2377/2377
f 2407/2407/2407 2408/2408/2408 2379/2379/2379
f 2402/2402/2402 2408/2408/2408 2407/2407/2407
f 2379/2379/2379 2380/2380/2380 2378/2378/2378
f 2408/2408/2408 2380/2380/2380 2379/2379/2379
f 2378/2378/2378 2380/2380/2380 2889/2889/2889
f 2889/2889/2889 2380/2380/2380 2408/2408/2408
f 2919/2919/2919 2408/2408/2408 2402/2402/2402
f 2919/2919/2919 2889/2889/2889 2408/2408/2408
f 2885/2885/2885 2378/2378/2378 2889/2889/2889
f 2377/2377/2377 2378/2378/2378 2885/2885/2885
f 2906/2906/2906 2919/2919/2919 2402/2402/2402
f 2906/2906/2906 2402/2402/2402 2905/2905/2905
f 2888/2888/2888 2889/2889/2889 2919/2919/2919
f 2885/2885/2885 2889/2889/2889 2888/2888/2888
f 2916/2916/2916 2919/2919/2919 2906/2906/2906
f 2916/2916/2916 2888/2888/2888 2919/2919/2919
f 2906/2906/2906 2905/2905/2905 2904/2904/2904
f 2904/2904/2904 2905/2905/2905 2908/2908/2908
f 2907/2907/2907 2916/2916/2916 2906/2906/2906
f 2907/2907/2907 2906/2906/2906 2904/2904/2904
f 2907/2907/2907 2910/2910/2910 2916/2916/2916
f 2907/2907/2907 2904/2904/2904 2910/2910/2910
f 2904/2904/2904 2908/2908/2908 2911/2911/2911
f 2904/2904/2904 2911/2911/2911 2910/2910/2910
f 2908/2908/2908 2914/2914/2914 2911/2911/2911
f 2914/2914/2914 2915/2915/2915 2913/2913/2913
f 2911/2911/2911 2914/2914/2914 2913/2913/2913
f 2911/2911/2911 2913/2913/2913 2912/2912/2912
f 2910/2910/2910 2911/2911/2911 2912/2912/2912
f 2910/2910/2910 2917/2917/2917 2916/2916/2916
f 2910/2910/2910 2912/2912/2912 2917/2917/2917
f 2916/2916/2916 2917/2917/2917 2888/2888/2888
f 2912/2912/2912 2918/2918/2918 2917/2917/2917
f 2917/2917/2917 2918/2918/2918 2894/2894/2894
f 2917/2917/2917 2894/2894/2894 2888/2888/2888
f 2918/2918/2918 2895/2895/2895 2894/2894/2894
f 2894/2894/2894 2895/2895/2895 2893/2893/2893
f 2891/2891/2891 2894/2894/2894 2893/2893/2893
f 2888/2888/2888 2894/2894/2894 2891/2891/2891
f 2891/2891/2891 2893/2893/2893 2892/2892/2892
f 2884/2884/2884 2888/2888/2888 2891/2891/2891
f 2884/2884/2884 2885/2885/2885 2888/2888/2888
f 2890/2890/2890 2891/2891/2891 2892/2892/2892
f 2884/2884/2884 2891/2891/2891 2890/2890/2890
f 2886/2886/2886 2885/2885/2885 2884/2884/2884
f 2886/2886/2886 2377/2377/2377 2885/2885/2885
f 2887/2887/2887 2884/2884/2884 2890/2890/2890
f 2887/2887/2887 2886/2886/2886 2884/2884/2884
f 2890/2890/2890 2892/2892/2892 2897/2897/2897
f 2892/2892/2892 2900/2900/2900 2897/2897/2897
f 2887/2887/2887 2890/2890/2890 2896/2896/2896
f 2887/2887/2887 2896/2896/2896 2886/2886/2886
f 2890/2890/2890 2897/2897/2897 2896/2896/2896
f 2886/2886/2886 2902/2902/2902 2377/2377/2377
f 2896/2896/2896 2902/2902/2902 2886/2886/2886
f 2897/2897/2897 2900/2900/2900 2899/2899/2899
f 2900/2900/2900 2901/2901/2901 2899/2899/2899
f 2899/2899/2899 2901/2901/2901 2927/2927/2927
f 2896/2896/2896 2897/2897/2897 2898/2898/2898
f 2897/2897/2897 2899/2899/2899 2898/2898/2898
f 2896/2896/2896 2898/2898/2898 2902/2902/2902
f 2925/2925/2925 2899/2899/2899 2927/2927/2927
f 2898/2898/2898 2899/2899/2899 2925/2925/2925
f 2925/2925/2925 2927/2927/2927 2926/2926/2926
f 2902/2902/2902 2385/2385/2385 2377/2377/2377
f 2377/2377/2377 2385/2385/2385 2382/2382/2382
f 2898/2898/2898 2903/2903/2903 2902/2902/2902
f 2902/2902/2902 2903/2903/2903 2385/2385/2385
f 2382/2382/2382 2385/2385/2385 2384/2384/2384
f 2382/2382/2382 2384/2384/2384 2383/2383/2383
f 2903/2903/2903 2386/2386/2386 2385/2385/2385
f 2385/2385/2385 2386/2386/2386 2384/2384/2384
f 2420/2420/2420 2386/2386/2386 2903/2903/2903
f 2384/2384/2384 2386/2386/2386 2420/2420/2420
f 2921/2921/2921 2903/2903/2903 2898/2898/2898
f 2921/2921/2921 2420/2420/2420 2903/2903/2903
f 2383/2383/2383 2384/2384/2384 2418/2418/2418
f 2418/2418/2418 2384/2384/2384 2420/2420/2420
f 2920/2920/2920 2921/2921/2921 2898/2898/2898
f 2920/2920/2920 2898/2898/2898 2925/2925/2925
f 2419/2419/2419 2420/2420/2420 2921/2921/2921
f 2418/2418/2418 2420/2420/2420 2419/2419/2419
f 2922/2922/2922 2921/2921/2921 2920/2920/2920
f 2922/2922/2922 2419/2419/2419 2921/2921/2921
f 2920/2920/2920 2925/2925/2925 2924/2924/2924
f 2924/2924/2924 2925/2925/2925 2926/2926/2926
f 2923/2923/2923 2922/2922/2922 2920/2920/2920
f 2923/2923/2923 2920/2920/2920 2924/2924/2924
f 2923/2923/2923 2928/2928/2928 2922/2922/2922
f 2923/2923/2923 2924/2924/2924 2928/2928/2928
f 2924/2924/2924 2926/2926/2926 2929/2929/2929
f 2924/2924/2924 2929/2929/2929 2928/2928/2928
f 2926/2926/2926 2932/2932/2932 2929/2929/2929
f 2932/2932/2932 2933/2933/2933 2931/2931/2931
f 2929/2929/2929 2932/2932/2932 2931/2931/2931
f 2929/2929/2929 2931/2931/2931 2930/2930/2930
f 2928/2928/2928 2929/2929/2929 2930/2930/2930
f 2928/2928/2928 2934/2934/2934 2922/2922/2922
f 2928/2928/2928 2930/2930/2930 2934/2934/2934
f 2922/2922/2922 2934/2934/2934 2419/2419/2419
f 2930/2930/2930 2935/2935/2935 2934/2934/2934
f 2934/2934/2934 2935/2935/2935 2425/2425/2425
f 2934/2934/2934 2425/2425/2425 2419/2419/2419
f 2935/2935/2935 2426/2426/2426 2425/2425/2425
f 2425/2425/2425 2426/2426/2426 2424/2424/2424
f 2422/2422/2422 2425/2425/2425 2424/2424/2424
f 2419/2419/2419 2425/2425/2425 2422/2422/2422
f 2422/2422/2422 2424/2424/2424 2423/2423/2423
f 2417/2417/2417 2419/2419/2419 2422/2422/2422
f 2417/2417/2417 2418/2418/2418 2419/2419/2419
f 2421/2421/2421 2422/2422/2422 2423/2423/2423
f 2417/2417/2417 2422/2422/2422 2421/2421/2421
f 2421/2421/2421 2423/2423/2423 2427/2427/2427
f 2411/2411/2411 2418/2418/2418 2417/2417/2417
f 2411/2411/2411 2383/2383/2383 2418/2418/2418
f 2411/2411/2411 2412/2412/2412 2383/2383/2383
f 2414/2414/2414 2417/2417/2417 2421/2421/2421
f 2414/2414/2414 2411/2411/2411 2417/2417/2417
f 2421/2421/2421 2427/2427/2427 2413/2413/2413
f 2414/2414/2414 2421/2421/2421 2413/2413/2413
f 2414/2414/2414 2413/2413/2413 2411/2411/2411
f 2413/2413/2413 2412/2412/2412 2411/2411/2411
f 2413/2413/2413 2427/2427/2427 2416/2416/2416
f 2413/2413/2413 2416/2416/2416 2412/2412/2412
f 1314/1314/1314 1313/1313/1313 1312/1312/1312
f 1315/1315/1315 1314/1314/1314 1312/1312/1312
f 1315/1315/1315 1312/1312/1312 1321/1321/1321
f 1315/1315/1315 1327/1327/1327 1314/1314/1314
f 1315/1315/1315 1321/1321/1321 1327/1327/1327
f 1327/1327/1327 1333/1333/1333 1314/1314/1314
f 1312/1312/1312 1322/1322/1322 1321/1321/1321
f 1314/1314/1314 1333/1333/1333 1319/1319/1319
f 1314/1314/1314 1319/1319/1319 1313/1313/1313
f 1327/1327/1327 1329/1329/1329 1333/1333/1333
f 1321/1321/1321 1328/1328/1328 1327/1327/1327
f 1327/1327/1327 1328/1328/1328 1329/1329/1329
f 1329/1329/1329 1335/1335/1335 1333/1333/1333
f 1328/1328/1328 1330/1330/1330 1329/1329/1329
f 1333/1333/1333 1335/1335/1335 1334/1334/1334
f 1333/1333/1333 1334/1334/1334 1319/1319/1319
f 1335/1335/1335 1336/1336/1336 1334/1334/1334
f 1334/1334/1334 1336/1336/1336 1392/1392/1392
f 1328/1328/1328 1331/1331/1331 1330/1330/1330
f 1331/1331/1331 1332/1332/1332 1330/1330/1330
f 1323/1323/1323 1331/1331/1331 1328/1328/1328
f 1321/1321/1321 1323/1323/1323 1328/1328/1328
f 1321/1321/1321 1322/1322/1322 1323/1323/1323
f 1322/1322/1322 1324/1324/1324 1323/1323/1323
f 1390/1390/1390 1334/1334/1334 1392/1392/1392
f 1319/1319/1319 1334/1334/1334 1390/1390/1390
f 1390/1390/1390 1392/1392/1392 1391/1391/1391
f 1322/1322/1322 1325/1325/1325 1324/1324/1324
f 1325/1325/1325 1326/1326/1326 1324/1324/1324
f 1872/1872/1872 1326/1326/1326 1325/1325/1325
f 1312/1312/1312 1316/1316/1316 1322/1322/1322
f 1316/1316/1316 1325/1325/1325 1322/1322/1322
f 1312/1312/1312 1313/1313/1313 1316/1316/1316
f 1871/1871/1871 1872/1872/1872 1325/1325/1325
f 1871/1871/1871 1325/1325/1325 1316/1316/1316
f 1868/1868/1868 1872/1872/1872 1871/1871/1871
f 1313/1313/1313 1317/1317/1317 1316/1316/1316
f 1866/1866/1866 1868/1868/1868 1871/1871/1871
f 1870/1870/1870 1871/1871/1871 1316/1316/1316
f 1866/1866/1866 1871/1871/1871 1870/1870/1870
f 1316/1316/1316 1317/1317/1317 1873/1873/1873
f 1870/1870/1870 1316/1316/1316 1873/1873/1873
f 1313/1313/1313 1318/1318/1318 1317/1317/1317
f 1319/1319/1319 1318/1318/1318 1313/1313/1313
f 1866/1866/1866 1867/1867/1867 1868/1868/1868
f 1867/1867/1867 1869/1869/1869 1868/1868/1868
f 1865/1865/1865 1866/1866/1866 1870/1870/1870
f 1867/1867/1867 1857/1857/1857 1869/1869/1869
f 1857/1857/1857 1859/1859/1859 1869/1869/1869
f 1858/1858/1858 1859/1859/1859 1857/1857/1857
f 1862/1862/1862 1867/1867/1867 1866/1866/1866
f 1865/1865/1865 1862/1862/1862 1866/1866/1866
f 1855/1855/1855 1858/1858/1858 1857/1857/1857
f 1865/1865/1865 1870/1870/1870 1864/1864/1864
f 1865/1865/1865 1864/1864/1864 1862/1862/1862
f 1870/1870/1870 1873/1873/1873 1864/1864/1864
f 1850/1850/1850 1858/1858/1858 1855/1855/1855
f 1856/1856/1856 1857/1857/1857 1867/1867/1867
f 1862/1862/1862 1856/1856/1856 1867/1867/1867
f 1855/1855/1855 1857/1857/1857 1856/1856/1856
f 1864/1864/1864 1863/1863/1863 1862/1862/1862
f 1862/1862/1862 1863/1863/1863 1856/1856/1856
f 1864/1864/1864 1873/1873/1873 1755/1755/1755
f 1864/1864/1864 1755/1755/1755 1863/1863/1863
f 1873/1873/1873 1317/1317/1317 1759/1759/1759
f 1873/1873/1873 1759/1759/1759 1755/1755/1755
f 1317/1317/1317 1320/1320/1320 1759/1759/1759
f 1318/1318/1318 1320/1320/1320 1317/1317/1317
f 1759/1759/1759 1320/1320/1320 1388/1388/1388
f 1388/1388/1388 1320/1320/1320 1318/1318/1318
f 1755/1755/1755 1759/1759/1759 1758/1758/1758
f 1758/1758/1758 1759/1759/1759 1388/1388/1388
f 1387/1387/1387 1388/1388/1388 1318/1318/1318
f 1387/1387/1387 1318/1318/1318 1319/1319/1319
f 1758/1758/1758 1388/1388/1388 1381/1381/1381
f 1381/1381/1381 1388/1388/1388 1387/1387/1387
f 1386/1386/1386 1387/1387/1387 1319/1319/1319
f 1386/1386/1386 1319/1319/1319 1390/1390/1390
f 1377/1377/1377 1381/1381/1381 1387/1387/1387
f 1377/1377/1377 1387/1387/1387 1386/1386/1386
f 1386/1386/1386 1390/1390/1390 1389/1389/1389
f 1389/1389/1389 1390/1390/1390 1391/1391/1391
f 1380/1380/1380 1377/1377/1377 1386/1386/1386
f 1380/1380/1380 1386/1386/1386 1389/1389/1389
f 1380/1380/1380 1379/1379/1379 1377/1377/1377
f 1380/1380/1380 1389/1389/1389 1379/1379/1379
f 1389/1389/1389 1391/1391/1391 1393/1393/1393
f 1389/1389/1389 1393/1393/1393 1379/1379/1379
f 1391/1391/1391 1395/1395/1395 1393/1393/1393
f 1395/1395/1395 1396/1396/1396 1394/1394/1394
f 1393/1393/1393 1395/1395/1395 1394/1394/1394
f 1393/1393/1393 1394/1394/1394 1384/1384/1384
f 1379/1379/1379 1393/1393/1393 1384/1384/1384
f 1379/1379/1379 1378/1378/1378 1377/1377/1377
f 1379/1379/1379 1384/1384/1384 1378/1378/1378
f 1377/1377/1377 1378/1378/1378 1381/1381/1381
f 1384/1384/1384 1383/1383/1383 1378/1378/1378
f 1378/1378/1378 1383/1383/1383 1382/1382/1382
f 1378/1378/1378 1382/1382/1382 1381/1381/1381
f 1383/1383/1383 1385/1385/1385 1382/1382/1382
f 1382/1382/1382 1385/1385/1385 1761/1761/1761
f 1760/1760/1760 1382/1382/1382 1761/1761/1761
f 1381/1381/1381 1382/1382/1382 1760/1760/1760
f 1760/1760/1760 1761/1761/1761 1752/1752/1752
f 1757/1757/1757 1381/1381/1381 1760/1760/1760
f 1757/1757/1757 1758/1758/1758 1381/1381/1381
f 1749/1749/1749 1760/1760/1760 1752/1752/1752
f 1757/1757/1757 1760/1760/1760 1749/1749/1749
f 1753/1753/1753 1758/1758/1758 1757/1757/1757
f 1753/1753/1753 1755/1755/1755 1758/1758/1758
f 1750/1750/1750 1757/1757/1757 1749/1749/1749
f 1750/1750/1750 1753/1753/1753 1757/1757/1757
f 1749/1749/1749 1752/1752/1752 1748/1748/1748
f 1752/1752/1752 1751/1751/1751 1748/1748/1748
f 1750/1750/1750 1749/1749/1749 1747/1747/1747
f 1750/1750/1750 1747/1747/1747 1753/1753/1753
f 1749/1749/1749 1748/1748/1748 1747/1747/1747
f 1753/1753/1753 1754/1754/1754 1755/1755/1755
f 1747/1747/1747 1754/1754/1754 1753/1753/1753
f 1748/1748/1748 1751/1751/1751 1745/1745/1745
f 1751/1751/1751 1746/1746/1746 1745/1745/1745
f 1745/1745/1745 1746/1746/1746 1744/1744/1744
f 1747/1747/1747 1748/1748/1748 1739/1739/1739
f 1748/1748/1748 1745/1745/1745 1739/1739/1739
f 1747/1747/1747 1739/1739/1739 1754/1754/1754
f 1743/1743/1743 1745/1745/1745 1744/1744/1744
f 1739/1739/1739 1745/1745/1745 1743/1743/1743
f 1743/1743/1743 1744/1744/1744 1729/1729/1729
f 1754/1754/1754 1756/1756/1756 1755/1755/1755
f 1755/1755/1755 1756/1756/1756 1863/1863/1863
f 1739/1739/1739 1740/1740/1740 1754/1754/1754
f 1754/1754/1754 1740/1740/1740 1756/1756/1756
f 1863/1863/1863 1756/1756/1756 1861/1861/1861
f 1863/1863/1863 1861/1861/1861 1856/1856/1856
f 1740/1740/1740 1742/1742/1742 1756/1756/1756
f 1756/1756/1756 1742/1742/1742 1861/1861/1861
f 1741/1741/1741 1742/1742/1742 1740/1740/1740
f 1861/1861/1861 1742/1742/1742 1741/1741/1741
f 1738/1738/1738 1740/1740/1740 1739/1739/1739
f 1738/1738/1738 1741/1741/1741 1740/1740/1740
f 1856/1856/1856 1861/1861/1861 1860/1860/1860
f 1860/1860/1860 1861/1861/1861 1741/1741/1741
f 1737/1737/1737 1738/1738/1738 1739/1739/1739
f 1737/1737/1737 1739/1739/1739 1743/1743/1743
f 1733/1733/1733 1741/1741/1741 1738/1738/1738
f 1860/1860/1860 1741/1741/1741 1733/1733/1733
f 1731/1731/1731 1738/1738/1738 1737/1737/1737
f 1731/1731/1731 1733/1733/1733 1738/1738/1738
f 1737/1737/1737 1743/1743/1743 1724/1724/1724
f 1724/1724/1724 1743/1743/1743 1729/1729/1729
f 1725/1725/1725 1731/1731/1731 1737/1737/1737
f 1725/1725/1725 1737/1737/1737 1724/1724/1724
f 1725/1725/1725 1722/1722/1722 1731/1731/1731
f 1725/1725/1725 1724/1724/1724 1722/1722/1722
f 1724/1724/1724 1729/1729/1729 1723/1723/1723
f 1724/1724/1724 1723/1723/1723 1722/1722/1722
f 1729/1729/1729 1728/1728/1728 1723/1723/1723
f 1728/1728/1728 1730/1730/1730 1727/1727/1727
f 1723/1723/1723 1728/1728/1728 1727/1727/1727
f 1723/1723/1723 1727/1727/1727 1726/1726/1726
f 1722/1722/1722 1723/1723/1723 1726/1726/1726
f 1722/1722/1722 1732/1732/1732 1731/1731/1731
f 1722/1722/1722 1726/1726/1726 1732/1732/1732
f 1731/1731/1731 1732/1732/1732 1733/1733/1733
f 1726/1726/1726 1735/1735/1735 1732/1732/1732
f 1732/1732/1732 1735/1735/1735 1734/1734/1734
f 1732/1732/1732 1734/1734/1734 1733/1733/1733
f 1735/1735/1735 1736/1736/1736 1734/1734/1734
f 1734/1734/1734 1736/1736/1736 1847/1847/1847
f 1843/1843/1843 1734/1734/1734 1847/1847/1847
f 1733/1733/1733 1734/1734/1734 1843/1843/1843
f 1843/1843/1843 1847/1847/1847 1846/1846/1846
f 1844/1844/1844 1733/1733/1733 1843/1843/1843
f 1844/1844/1844 1860/1860/1860 1733/1733/1733
f 1842/1842/1842 1843/1843/1843 1846/1846/1846
f 1844/1844/1844 1843/1843/1843 1842/1842/1842
f 1854/1854/1854 1860/1860/1860 1844/1844/1844
f 1854/1854/1854 1856/1856/1856 1860/1860/1860
f 1854/1854/1854 1855/1855/1855 1856/1856/1856
f 1845/1845/1845 1844/1844/1844 1842/1842/1842
f 1845/1845/1845 1854/1854/1854 1844/1844/1844
f 1848/1848/1848 1855/1855/1855 1854/1854/1854
f 1845/1845/1845 1848/1848/1848 1854/1854/1854
f 1845/1845/1845 1842/1842/1842 1848/1848/1848
f 1848/1848/1848 1850/1850/1850 1855/1855/1855
f 1842/1842/1842 1846/1846/1846 1849/1849/1849
f 1842/1842/1842 1849/1849/1849 1848/1848/1848
f 1848/1848/1848 1849/1849/1849 1850/1850/1850
f 1846/1846/1846 1852/1852/1852 1849/1849/1849
f 1849/1849/1849 1851/1851/1851 1850/1850/1850
f 1849/1849/1849 1852/1852/1852 1851/1851/1851
f 1852/1852/1852 1853/1853/1853 1851/1851/1851
f 1484/1484/1484 1483/1483/1483 1482/1482/1482
f 1485/1485/1485 1484/1484/1484 1482/1482/1482
f 1484/1484/1484 1489/1489/1489 1483/1483/1483
f 1485/1485/1485 1482/1482/1482 1491/1491/1491
f 1489/1489/1489 1488/1488/1488 1483/1483/1483
f 1485/1485/1485 1497/1497/1497 1484/1484/1484
f 1485/1485/1485 1491/1491/1491 1497/1497/1497
f 1484/1484/1484 1503/1503/1503 1489/1489/1489
f 1497/1497/1497 1503/1503/1503 1484/1484/1484
f 1503/1503/1503 1504/1504/1504 1489/1489/1489
f 1505/1505/1505 1506/1506/1506 1504/1504/1504
f 1503/1503/1503 1505/1505/1505 1504/1504/1504
f 1499/1499/1499 1505/1505/1505 1503/1503/1503
f 1497/1497/1497 1499/1499/1499 1503/1503/1503
f 1497/1497/1497 1498/1498/1498 1499/1499/1499
f 1491/1491/1491 1498/1498/1498 1497/1497/1497
f 1498/1498/1498 1500/1500/1500 1499/1499/1499
f 1483/1483/1483 1488/1488/1488 1487/1487/1487
f 1488/1488/1488 1490/1490/1490 1487/1487/1487
f 1487/1487/1487 1490/1490/1490 1641/1641/1641
f 1498/1498/1498 1501/1501/1501 1500/1500/1500
f 1501/1501/1501 1502/1502/1502 1500/1500/1500
f 2851/2851/2851 1502/1502/1502 1501/1501/1501
f 1640/1640/1640 1487/1487/1487 1641/1641/1641
f 1640/1640/1640 1641/1641/1641 1632/1632/1632
f 1483/1483/1483 1487/1487/1487 1486/1486/1486
f 1486/1486/1486 1487/1487/1487 1640/1640/1640
f 1482/1482/1482 1483/1483/1483 1486/1486/1486
f 2850/2850/2850 2851/2851/2851 1501/1501/1501
f 2846/2846/2846 2851/2851/2851 2850/2850/2850
f 1493/1493/1493 1501/1501/1501 1498/1498/1498
f 2850/2850/2850 1501/1501/1501 1493/1493/1493
f 1491/1491/1491 1493/1493/1493 1498/1498/1498
f 1482/1482/1482 1492/1492/1492 1491/1491/1491
f 1491/1491/1491 1492/1492/1492 1493/1493/1493
f 1482/1482/1482 1486/1486/1486 1492/1492/1492
f 2844/2844/2844 2846/2846/2846 2850/2850/2850
f 1486/1486/1486 1495/1495/1495 1492/1492/1492
f 2834/2834/2834 2850/2850/2850 1493/1493/1493
f 2844/2844/2844 2850/2850/2850 2834/2834/2834
f 1492/1492/1492 1494/1494/1494 1493/1493/1493
f 1492/1492/1492 1495/1495/1495 1494/1494/1494
f 2834/2834/2834 1493/1493/1493 2833/2833/2833
f 1493/1493/1493 1494/1494/1494 2833/2833/2833
f 2835/2835/2835 2844/2844/2844 2834/2834/2834
f 1495/1495/1495 1496/1496/1496 1494/1494/1494
f 2835/2835/2835 2834/2834/2834 2832/2832/2832
f 2834/2834/2834 2833/2833/2833 2832/2832/2832
f 1494/1494/1494 1496/1496/1496 2837/2837/2837
f 2833/2833/2833 1494/1494/1494 2837/2837/2837
f 1639/1639/1639 1496/1496/1496 1495/1495/1495
f 2837/2837/2837 1496/1496/1496 1639/1639/1639
f 1638/1638/1638 1495/1495/1495 1486/1486/1486
f 1638/1638/1638 1639/1639/1639 1495/1495/1495
f 2833/2833/2833 2837/2837/2837 2836/2836/2836
f 2832/2832/2832 2833/2833/2833 2836/2836/2836
f 2883/2883/2883 2837/2837/2837 1639/1639/1639
f 2836/2836/2836 2837/2837/2837 2883/2883/2883
f 2835/2835/2835 2832/2832/2832 2838/2838/2838
f 2835/2835/2835 2838/2838/2838 2844/2844/2844
f 2832/2832/2832 2836/2836/2836 2839/2839/2839
f 2832/2832/2832 2839/2839/2839 2838/2838/2838
f 2844/2844/2844 2845/2845/2845 2846/2846/2846
f 2838/2838/2838 2845/2845/2845 2844/2844/2844
f 2845/2845/2845 2847/2847/2847 2846/2846/2846
f 2838/2838/2838 2839/2839/2839 2840/2840/2840
f 2838/2838/2838 2840/2840/2840 2845/2845/2845
f 2845/2845/2845 2848/2848/2848 2847/2847/2847
f 2840/2840/2840 2848/2848/2848 2845/2845/2845
f 2848/2848/2848 2849/2849/2849 2847/2847/2847
f 2839/2839/2839 2841/2841/2841 2840/2840/2840
f 2839/2839/2839 2842/2842/2842 2841/2841/2841
f 2836/2836/2836 2842/2842/2842 2839/2839/2839
f 2842/2842/2842 2843/2843/2843 2841/2841/2841
f 2882/2882/2882 2843/2843/2843 2842/2842/2842
f 2881/2881/2881 2882/2882/2882 2842/2842/2842
f 2881/2881/2881 2842/2842/2842 2836/2836/2836
f 2878/2878/2878 2882/2882/2882 2881/2881/2881
f 2880/2880/2880 2881/2881/2881 2836/2836/2836
f 2880/2880/2880 2836/2836/2836 2883/2883/2883
f 2876/2876/2876 2878/2878/2878 2881/2881/2881
f 2876/2876/2876 2881/2881/2881 2880/2880/2880
f 2876/2876/2876 2877/2877/2877 2878/2878/2878
f 2877/2877/2877 2879/2879/2879 2878/2878/2878
f 2875/2875/2875 2876/2876/2876 2880/2880/2880
f 2877/2877/2877 2867/2867/2867 2879/2879/2879
f 2867/2867/2867 2869/2869/2869 2879/2879/2879
f 2868/2868/2868 2869/2869/2869 2867/2867/2867
f 2872/2872/2872 2877/2877/2877 2876/2876/2876
f 2875/2875/2875 2872/2872/2872 2876/2876/2876
f 2865/2865/2865 2868/2868/2868 2867/2867/2867
f 2875/2875/2875 2880/2880/2880 2874/2874/2874
f 2880/2880/2880 2883/2883/2883 2874/2874/2874
f 2875/2875/2875 2874/2874/2874 2872/2872/2872
f 2860/2860/2860 2868/2868/2868 2865/2865/2865
f 2866/2866/2866 2867/2867/2867 2877/2877/2877
f 2872/2872/2872 2866/2866/2866 2877/2877/2877
f 2865/2865/2865 2867/2867/2867 2866/2866/2866
f 2874/2874/2874 2873/2873/2873 2872/2872/2872
f 2872/2872/2872 2873/2873/2873 2866/2866/2866
f 2874/2874/2874 2883/2883/2883 1635/1635/1635
f 2874/2874/2874 1635/1635/1635 2873/2873/2873
f 2883/2883/2883 1639/1639/1639 1635/1635/1635
f 1635/1635/1635 1639/1639/1639 1638/1638/1638
f 2873/2873/2873 2871/2871/2871 2866/2866/2866
f 1635/1635/1635 1636/1636/1636 2873/2873/2873
f 2873/2873/2873 1636/1636/1636 2871/2871/2871
f 1633/1633/1633 1635/1635/1635 1638/1638/1638
f 1636/1636/1636 1622/1622/1622 2871/2871/2871
f 1634/1634/1634 1636/1636/1636 1635/1635/1635
f 1633/1633/1633 1634/1634/1634 1635/1635/1635
f 1620/1620/1620 1622/1622/1622 1636/1636/1636
f 1634/1634/1634 1620/1620/1620 1636/1636/1636
f 2871/2871/2871 1622/1622/1622 1621/1621/1621
f 1621/1621/1621 1622/1622/1622 1620/1620/1620
f 2866/2866/2866 2871/2871/2871 2870/2870/2870
f 2870/2870/2870 2871/2871/2871 1621/1621/1621
f 2864/2864/2864 2865/2865/2865 2866/2866/2866
f 2864/2864/2864 2866/2866/2866 2870/2870/2870
f 1618/1618/1618 1621/1621/1621 1620/1620/1620
f 2858/2858/2858 2865/2865/2865 2864/2864/2864
f 2858/2858/2858 2860/2860/2860 2865/2865/2865
f 2870/2870/2870 1621/1621/1621 1613/1613/1613
f 1613/1613/1613 1621/1621/1621 1618/1618/1618
f 2864/2864/2864 2870/2870/2870 2854/2854/2854
f 2854/2854/2854 2870/2870/2870 1613/1613/1613
f 2855/2855/2855 2858/2858/2858 2864/2864/2864
f 2855/2855/2855 2864/2864/2864 2854/2854/2854
f 2858/2858/2858 2859/2859/2859 2860/2860/2860
f 2859/2859/2859 2861/2861/2861 2860/2860/2860
f 2855/2855/2855 2852/2852/2852 2858/2858/2858
f 2855/2855/2855 2854/2854/2854 2852/2852/2852
f 2852/2852/2852 2859/2859/2859 2858/2858/2858
f 2862/2862/2862 2863/2863/2863 2861/2861/2861
f 2859/2859/2859 2862/2862/2862 2861/2861/2861
f 2856/2856/2856 2862/2862/2862 2859/2859/2859
f 2852/2852/2852 2856/2856/2856 2859/2859/2859
f 2854/2854/2854 2853/2853/2853 2852/2852/2852
f 2852/2852/2852 2853/2853/2853 2856/2856/2856
f 2854/2854/2854 1613/1613/1613 2853/2853/2853
f 2853/2853/2853 2857/2857/2857 2856/2856/2856
f 2853/2853/2853 1614/1614/1614 2857/2857/2857
f 1613/1613/1613 1614/1614/1614 2853/2853/2853
f 1614/1614/1614 1616/1616/1616 2857/2857/2857
f 1615/1615/1615 1616/1616/1616 1614/1614/1614
f 1612/1612/1612 1615/1615/1615 1614/1614/1614
f 1612/1612/1612 1614/1614/1614 1613/1613/1613
f 1606/1606/1606 1615/1615/1615 1612/1612/1612
f 1611/1611/1611 1612/1612/1612 1613/1613/1613
f 1611/1611/1611 1613/1613/1613 1618/1618/1618
f 1602/1602/1602 1606/1606/1606 1612/1612/1612
f 1602/1602/1602 1612/1612/1612 1611/1611/1611
f 1602/1602/1602 1603/1603/1603 1606/1606/1606
f 1603/1603/1603 1607/1607/1607 1606/1606/1606
f 1608/1608/1608 1610/1610/1610 1607/1607/1607
f 1603/1603/1603 1608/1608/1608 1607/1607/1607
f 1609/1609/1609 1608/1608/1608 1603/1603/1603
f 1605/1605/1605 1602/1602/1602 1611/1611/1611
f 1604/1604/1604 1603/1603/1603 1602/1602/1602
f 1605/1605/1605 1604/1604/1604 1602/1602/1602
f 1604/1604/1604 1609/1609/1609 1603/1603/1603
f 1605/1605/1605 1611/1611/1611 1617/1617/1617
f 1605/1605/1605 1617/1617/1617 1604/1604/1604
f 1611/1611/1611 1618/1618/1618 1617/1617/1617
f 1604/1604/1604 1623/1623/1623 1609/1609/1609
f 1617/1617/1617 1623/1623/1623 1604/1604/1604
f 1623/1623/1623 1624/1624/1624 1609/1609/1609
f 1617/1617/1617 1618/1618/1618 1619/1619/1619
f 1617/1617/1617 1619/1619/1619 1623/1623/1623
f 1618/1618/1618 1620/1620/1620 1619/1619/1619
f 1619/1619/1619 1620/1620/1620 1634/1634/1634
f 1623/1623/1623 1625/1625/1625 1624/1624/1624
f 1619/1619/1619 1625/1625/1625 1623/1623/1623
f 1625/1625/1625 1626/1626/1626 1624/1624/1624
f 1631/1631/1631 1626/1626/1626 1625/1625/1625
f 1627/1627/1627 1619/1619/1619 1634/1634/1634
f 1628/1628/1628 1631/1631/1631 1625/1625/1625
f 1628/1628/1628 1625/1625/1625 1619/1619/1619
f 1627/1627/1627 1628/1628/1628 1619/1619/1619
f 1632/1632/1632 1631/1631/1631 1628/1628/1628
f 1627/1627/1627 1634/1634/1634 1633/1633/1633
f 1629/1629/1629 1632/1632/1632 1628/1628/1628
f 1629/1629/1629 1628/1628/1628 1627/1627/1627
f 1629/1629/1629 1640/1640/1640 1632/1632/1632
f 1630/1630/1630 1627/1627/1627 1633/1633/1633
f 1630/1630/1630 1629/1629/1629 1627/1627/1627
f 1630/1630/1630 1633/1633/1633 1637/1637/1637
f 1630/1630/1630 1637/1637/1637 1629/1629/1629
f 1637/1637/1637 1640/1640/1640 1629/1629/1629
f 1633/1633/1633 1638/1638/1638 1637/1637/1637
f 1637/1637/1637 1486/1486/1486 1640/1640/1640
f 1637/1637/1637 1638/1638/1638 1486/1486/1486
