# VPXTOOL table OBJ file
# VPXTOOL OBJ file
# numVerts: 913 numFaces: 1232
o Bumper Cap - Gottlieb 1
v 0.090803 0.09675 -0.456556
v 0.0959 0.10625 -0.482179
v 0.188114 0.10625 -0.454202
v 0.178117 0.09675 -0.430066
v 0.273099 0.10625 -0.408771
v 0.258586 0.09675 -0.387049
v 0.347589 0.10625 -0.347631
v 0.329118 0.09675 -0.329158
v 0.408722 0.10625 -0.273132
v 0.387002 0.09675 -0.258618
v 0.454147 0.10625 -0.188137
v 0.430014 0.09675 -0.178139
v 0.48212 0.10625 -0.095911
v 0.4565 0.09675 -0.090815
v 0.4565 0.09675 0.090815
v 0.48212 0.10625 0.095911
v 0.454147 0.10625 0.188137
v 0.430014 0.09675 0.178139
v 0.408722 0.10625 0.273132
v 0.387002 0.09675 0.258618
v 0.347589 0.10625 0.347631
v 0.329118 0.09675 0.329158
v 0.273099 0.10625 0.408771
v 0.258586 0.09675 0.387049
v 0.188114 0.10625 0.454202
v 0.178117 0.09675 0.430066
v 0.0959 0.10625 0.482179
v 0.090803 0.09675 0.456556
v -0.090803 0.09675 0.456556
v -0.0959 0.10625 0.482179
v -0.188114 0.10625 0.454202
v -0.178117 0.09675 0.430066
v -0.273099 0.10625 0.408771
v -0.258586 0.09675 0.387049
v -0.347589 0.10625 0.347631
v -0.329118 0.09675 0.329158
v -0.408722 0.10625 0.273132
v -0.387002 0.09675 0.258618
v -0.454147 0.10625 0.188137
v -0.430014 0.09675 0.178139
v -0.48212 0.10625 0.095911
v -0.4565 0.09675 0.090815
v -0.4565 0.09675 -0.090815
v -0.48212 0.10625 -0.095911
v -0.454147 0.10625 -0.188137
v -0.430014 0.09675 -0.178139
v -0.408722 0.10625 -0.273132
v -0.387002 0.09675 -0.258618
v -0.347589 0.10625 -0.347631
v -0.329118 0.09675 -0.329158
v -0.273099 0.10625 -0.408771
v -0.258586 0.09675 -0.387049
v -0.188114 0.10625 -0.454202
v -0.178117 0.09675 -0.430066
v -0.0959 0.10625 -0.482179
v -0.090803 0.09675 -0.456556
v 0.359359 0.13475 0.240145
v 0.339614 0.12525 0.22695
v 0.377359 0.12525 0.156326
v 0.399298 0.13475 0.165415
v 0.240116 0.13475 0.359403
v 0.226923 0.12525 0.339655
v 0.288818 0.12525 0.288853
v 0.30561 0.13475 0.305647
v 0.084318 0.13475 0.423944
v 0.079685 0.12525 0.400651
v 0.156307 0.12525 0.377405
v 0.165395 0.13475 0.399347
v 0.400602 0.12525 0.079694
v 0.423893 0.13475 0.084328
v 0.399298 0.13475 -0.165415
v 0.377359 0.12525 -0.156326
v 0.339614 0.12525 -0.22695
v 0.359359 0.13475 -0.240145
v 0.30561 0.13475 -0.305647
v 0.288818 0.12525 -0.288853
v 0.226923 0.12525 -0.339655
v 0.240116 0.13475 -0.359403
v 0.165395 0.13475 -0.399347
v 0.156307 0.12525 -0.377405
v 0.079685 0.12525 -0.400651
v 0.084318 0.13475 -0.423944
v 0.423893 0.13475 -0.084328
v 0.400602 0.12525 -0.079694
v -0.359359 0.13475 -0.240145
v -0.339614 0.12525 -0.22695
v -0.377359 0.12525 -0.156326
v -0.399298 0.13475 -0.165415
v -0.240116 0.13475 -0.359403
v -0.226923 0.12525 -0.339655
v -0.288818 0.12525 -0.288853
v -0.30561 0.13475 -0.305647
v -0.084318 0.13475 -0.423944
v -0.079685 0.12525 -0.400651
v -0.156307 0.12525 -0.377405
v -0.165395 0.13475 -0.399347
v -0.400602 0.12525 -0.079694
v -0.423893 0.13475 -0.084328
v -0.399298 0.13475 0.165415
v -0.377359 0.12525 0.156326
v -0.339614 0.12525 0.22695
v -0.359359 0.13475 0.240145
v -0.30561 0.13475 0.305647
v -0.288818 0.12525 0.288853
v -0.226923 0.12525 0.339655
v -0.240116 0.13475 0.359403
v -0.165395 0.13475 0.399347
v -0.156307 0.12525 0.377405
v -0.079685 0.12525 0.400651
v -0.084318 0.13475 0.423944
v -0.423893 0.13475 0.084328
v -0.400602 0.12525 0.079694
v 0.201745 0.0065 -0.487115
v 0.19811 0.09675 -0.478339
v 0.100996 0.09675 -0.507802
v 0.102849 0.0065 -0.517119
v 0.292889 0.0065 -0.438392
v 0.287612 0.09675 -0.430493
v 0.372777 0.0065 -0.372822
v 0.36606 0.09675 -0.366105
v 0.438339 0.0065 -0.292924
v 0.430441 0.09675 -0.287647
v 0.487056 0.0065 -0.20177
v 0.47828 0.09675 -0.198134
v 0.517056 0.0065 -0.102861
v 0.50774 0.09675 -0.101008
v 0.487056 0.0065 0.20177
v 0.47828 0.09675 0.198134
v 0.50774 0.09675 0.101008
v 0.517056 0.0065 0.102861
v 0.438339 0.0065 0.292924
v 0.430441 0.09675 0.287647
v 0.372777 0.0065 0.372822
v 0.36606 0.09675 0.366105
v 0.292889 0.0065 0.438392
v 0.287612 0.09675 0.430493
v 0.201745 0.0065 0.487115
v 0.19811 0.09675 0.478339
v 0.102849 0.0065 0.517119
v 0.100996 0.09675 0.507802
v -0.201745 0.0065 0.487115
v -0.19811 0.09675 0.478339
v -0.100996 0.09675 0.507802
v -0.102849 0.0065 0.517119
v -0.292889 0.0065 0.438392
v -0.287612 0.09675 0.430493
v -0.372777 0.0065 0.372822
v -0.36606 0.09675 0.366105
v -0.438339 0.0065 0.292924
v -0.430441 0.09675 0.287647
v -0.487056 0.0065 0.20177
v -0.47828 0.09675 0.198134
v -0.517056 0.0065 0.102861
v -0.50774 0.09675 0.101008
v -0.487056 0.0065 -0.20177
v -0.47828 0.09675 -0.198134
v -0.50774 0.09675 -0.101008
v -0.517056 0.0065 -0.102861
v -0.438339 0.0065 -0.292924
v -0.430441 0.09675 -0.287647
v -0.372777 0.0065 -0.372822
v -0.36606 0.09675 -0.366105
v -0.292889 0.0065 -0.438392
v -0.287612 0.09675 -0.430493
v -0.201745 0.0065 -0.487115
v -0.19811 0.09675 -0.478339
v -0.102849 0.0065 -0.517119
v -0.100996 0.09675 -0.507802
v 0.08895 0.12525 -0.447238
v 0.090803 0.09675 -0.456556
v 0.178117 0.09675 -0.430066
v 0.174482 0.12525 -0.421289
v 0.258586 0.09675 -0.387049
v 0.253309 0.12525 -0.37915
v 0.329118 0.09675 -0.329158
v 0.322401 0.12525 -0.322441
v 0.387002 0.09675 -0.258618
v 0.379104 0.12525 -0.25334
v 0.430014 0.09675 -0.178139
v 0.421238 0.12525 -0.174504
v 0.4565 0.09675 -0.090815
v 0.447184 0.12525 -0.088961
v 0.447184 0.12525 0.088961
v 0.4565 0.09675 0.090815
v 0.430014 0.09675 0.178139
v 0.421238 0.12525 0.174504
v 0.387002 0.09675 0.258618
v 0.379104 0.12525 0.25334
v 0.329118 0.09675 0.329158
v 0.322401 0.12525 0.322441
v 0.258586 0.09675 0.387049
v 0.253309 0.12525 0.37915
v 0.178117 0.09675 0.430066
v 0.174482 0.12525 0.421289
v 0.090803 0.09675 0.456556
v 0.08895 0.12525 0.447238
v -0.08895 0.12525 0.447238
v -0.090803 0.09675 0.456556
v -0.178117 0.09675 0.430066
v -0.174482 0.12525 0.421289
v -0.258586 0.09675 0.387049
v -0.253309 0.12525 0.37915
v -0.329118 0.09675 0.329158
v -0.322401 0.12525 0.322441
v -0.387002 0.09675 0.258618
v -0.379104 0.12525 0.25334
v -0.430014 0.09675 0.178139
v -0.421238 0.12525 0.174504
v -0.4565 0.09675 0.090815
v -0.447184 0.12525 0.088961
v -0.447184 0.12525 -0.088961
v -0.4565 0.09675 -0.090815
v -0.430014 0.09675 -0.178139
v -0.421238 0.12525 -0.174504
v -0.387002 0.09675 -0.258618
v -0.379104 0.12525 -0.25334
v -0.329118 0.09675 -0.329158
v -0.322401 0.12525 -0.322441
v -0.258586 0.09675 -0.387049
v -0.253309 0.12525 -0.37915
v -0.178117 0.09675 -0.430066
v -0.174482 0.12525 -0.421289
v -0.090803 0.09675 -0.456556
v -0.08895 0.12525 -0.447238
v 0.072272 0.15375 -0.363381
v 0.055315 0.202281 -0.27812
v 0 0.15375 -0.3705
v 0.141767 0.15375 -0.342297
v 0.205814 0.15375 -0.30806
v 0.157523 0.202281 -0.235778
v 0.261951 0.15375 -0.261983
v 0.308022 0.15375 -0.205839
v 0.23575 0.202281 -0.157542
v 0.342256 0.15375 -0.141784
v 0.363337 0.15375 -0.072281
v 0.278086 0.202281 -0.055321
v 0.370455 0.15375 -0
v 0.363337 0.15375 0.072281
v 0.278086 0.202281 0.055321
v 0.342256 0.15375 0.141784
v 0.308022 0.15375 0.205839
v 0.23575 0.202281 0.157542
v 0.261951 0.15375 0.261983
v 0.205814 0.15375 0.30806
v 0.157523 0.202281 0.235779
v 0.141767 0.15375 0.342297
v 0.072272 0.15375 0.363381
v 0.055315 0.202281 0.27812
v 0 0.15375 0.3705
v 0.141767 0.234487 0.058729
v 0.153447 0.234487 0
v 0.141767 0.234487 -0.058729
v 0.108504 0.234487 -0.108517
v 0.058722 0.234487 -0.141784
v 0 0.234487 -0.153466
v 0 0.234487 0.153466
v 0.058722 0.234487 0.141784
v 0.108504 0.234487 0.108517
v 0 0.2535 0
v -0.072272 0.15375 0.363381
v -0.055315 0.202281 0.27812
v -0.141767 0.15375 0.342297
v -0.205814 0.15375 0.30806
v -0.157523 0.202281 0.235778
v -0.261951 0.15375 0.261983
v -0.308022 0.15375 0.205839
v -0.23575 0.202281 0.157542
v -0.342256 0.15375 0.141784
v -0.363337 0.15375 0.072281
v -0.278086 0.202281 0.055321
v -0.370455 0.15375 -0
v -0.363337 0.15375 -0.072281
v -0.278086 0.202281 -0.055321
v -0.342256 0.15375 -0.141784
v -0.308022 0.15375 -0.205839
v -0.23575 0.202281 -0.157542
v -0.261951 0.15375 -0.261983
v -0.205814 0.15375 -0.30806
v -0.157523 0.202281 -0.235779
v -0.141767 0.15375 -0.342297
v -0.072272 0.15375 -0.363381
v -0.055315 0.202281 -0.27812
v -0.141767 0.234487 -0.058729
v -0.153447 0.234487 -0
v -0.141767 0.234487 0.058729
v -0.108504 0.234487 0.108517
v -0.058722 0.234487 0.141784
v -0.058722 0.234487 -0.141784
v -0.108504 0.234487 -0.108517
v 0.342256 0.15375 0.141784
v 0.323818 0.1585 0.216395
v 0.308022 0.15375 0.205839
v 0.359807 0.1585 0.149055
v 0.261951 0.15375 0.261983
v 0.216368 0.1585 0.323857
v 0.205814 0.15375 0.30806
v 0.275385 0.1585 0.275418
v 0.141767 0.15375 0.342297
v 0.075978 0.1585 0.382016
v 0.072272 0.15375 0.363381
v 0.149037 0.1585 0.359851
v 0.363337 0.15375 0.072281
v 0.381969 0.1585 0.075988
v 0 0.1585 0.3895
v 0 0.15375 0.3705
v 0.370455 0.15375 -0
v 0.389453 0.1585 0
v 0.308022 0.15375 -0.205839
v 0.359807 0.1585 -0.149055
v 0.342256 0.15375 -0.141784
v 0.323818 0.1585 -0.216395
v 0.205814 0.15375 -0.30806
v 0.275385 0.1585 -0.275418
v 0.261951 0.15375 -0.261983
v 0.216368 0.1585 -0.323857
v 0.072272 0.15375 -0.363381
v 0.149037 0.1585 -0.359851
v 0.141767 0.15375 -0.342297
v 0.075978 0.1585 -0.382016
v 0.381969 0.1585 -0.075988
v 0.363337 0.15375 -0.072281
v 0 0.1585 -0.3895
v 0 0.15375 -0.3705
v -0.342256 0.15375 -0.141784
v -0.323818 0.1585 -0.216395
v -0.308022 0.15375 -0.205839
v -0.359807 0.1585 -0.149055
v -0.261951 0.15375 -0.261983
v -0.216368 0.1585 -0.323857
v -0.205814 0.15375 -0.30806
v -0.275385 0.1585 -0.275418
v -0.141767 0.15375 -0.342297
v -0.075978 0.1585 -0.382016
v -0.072272 0.15375 -0.363381
v -0.149037 0.1585 -0.359851
v -0.363337 0.15375 -0.072281
v -0.381969 0.1585 -0.075988
v -0.370455 0.15375 -0
v -0.389453 0.1585 0
v -0.308022 0.15375 0.205839
v -0.359807 0.1585 0.149055
v -0.342256 0.15375 0.141784
v -0.323818 0.1585 0.216395
v -0.205814 0.15375 0.30806
v -0.275385 0.1585 0.275418
v -0.261951 0.15375 0.261983
v -0.216368 0.1585 0.323857
v -0.072272 0.15375 0.363381
v -0.149037 0.1585 0.359851
v -0.141767 0.15375 0.342297
v -0.075978 0.1585 0.382016
v -0.381969 0.1585 0.075988
v -0.363337 0.15375 0.072281
v 0.331716 0.149 0.221673
v 0.368583 0.149 0.152691
v 0.221646 0.149 0.331756
v 0.282101 0.149 0.282136
v 0.077832 0.149 0.391333
v 0.152672 0.149 0.368628
v 0.391286 0.149 0.077841
v 0.368583 0.149 -0.152691
v 0.331716 0.149 -0.221673
v 0.282101 0.149 -0.282136
v 0.221646 0.149 -0.331756
v 0.152672 0.149 -0.368628
v 0.077832 0.149 -0.391333
v 0.391286 0.149 -0.077841
v -0.331716 0.149 -0.221673
v -0.368583 0.149 -0.152691
v -0.221646 0.149 -0.331756
v -0.282101 0.149 -0.282136
v -0.077832 0.149 -0.391333
v -0.152672 0.149 -0.368628
v -0.391286 0.149 -0.077841
v -0.368583 0.149 0.152691
v -0.331716 0.149 0.221673
v -0.282101 0.149 0.282136
v -0.221646 0.149 0.331756
v -0.152672 0.149 0.368628
v -0.077832 0.149 0.391333
v -0.391286 0.149 0.077841
v 0.339614 0.12525 0.22695
v 0.377359 0.12525 0.156326
v 0.226923 0.12525 0.339655
v 0.288818 0.12525 0.288853
v 0.079685 0.12525 0.400651
v 0.156307 0.12525 0.377405
v 0.400602 0.12525 0.079694
v 0.377359 0.12525 -0.156326
v 0.339614 0.12525 -0.22695
v 0.288818 0.12525 -0.288853
v 0.226923 0.12525 -0.339655
v 0.156307 0.12525 -0.377405
v 0.079685 0.12525 -0.400651
v 0.400602 0.12525 -0.079694
v -0.339614 0.12525 -0.22695
v -0.377359 0.12525 -0.156326
v -0.226923 0.12525 -0.339655
v -0.288818 0.12525 -0.288853
v -0.079685 0.12525 -0.400651
v -0.156307 0.12525 -0.377405
v -0.400602 0.12525 -0.079694
v -0.377359 0.12525 0.156326
v -0.339614 0.12525 0.22695
v -0.288818 0.12525 0.288853
v -0.226923 0.12525 0.339655
v -0.156307 0.12525 0.377405
v -0.079685 0.12525 0.400651
v -0.400602 0.12525 0.079694
v 0.457609 0.09675 0.079694
v 0.484117 0.10625 0.075644
v 0.424749 0.13475 0.075647
v 0.46934 0.140344 0.009941
v 0.46934 0.140344 0.029877
v 0.455025 0.149 0.009941
v 0.465364 0.140344 0.069642
v 0.465364 0.140344 0.049706
v 0.471519 0.1205 0.069642
v 0.534812 0.106181 0.009941
v 0.534812 0.106181 0.029877
v 0.518597 0.1205 0.009941
v 0.540591 0.0065 0.069642
v 0.530902 0.106181 0.049706
v 0.540591 0.0065 0.049706
v 0.451049 0.149 0.069642
v 0.44811 0.12525 0.079694
v 0.475495 0.1205 0.029877
v 0.461533 0.09675 0.039764
v 0.514688 0.1205 0.069642
v 0.530902 0.106181 0.069642
v 0.509844 0.09675 0.079694
v 0.5445 0.0065 0.029877
v 0.523205 0.0065 0.039764
v 0.5445 0.0065 0.009941
v 0.519286 0.0065 0.079694
v 0.518597 0.1205 0.029877
v 0.513763 0.09675 0.039764
v 0.457609 0.09675 0.079694
v 0.455025 0.149 0.029877
v 0.452034 0.12525 0.039764
v 0.514688 0.1205 0.049706
v 0.475495 0.1205 0.009941
v 0.451049 0.149 0.049706
v 0.523205 0.0065 0.039764
v 0.513763 0.09675 0.039764
v 0.471519 0.1205 0.049706
v 0.527155 0.0065 -0
v 0.517687 0.09675 0
v 0.461533 0.09675 0.039764
v 0.465443 0.09675 0
v 0.404531 0.12525 0.039765
v 0.394057 0.149 0.049706
v 0.40845 0.12525 0
v 0.397972 0.149 0.009941
v 0.404531 0.12525 0.039765
v 0.452034 0.12525 0.039764
v 0.39209 0.149 0.069642
v 0.39601 0.149 0.029877
v 0.404531 0.12525 0.039765
v 0.394057 0.149 0.049706
v 0.39601 0.149 0.029877
v 0.455944 0.12525 0
v 0.484117 0.10625 0.075644
v 0.44811 0.12525 0.079694
v 0.509844 0.09675 0.079694
v 0.39209 0.149 0.069642
v 0.397972 0.149 0.009941
v 0.398951 0.149 0
v 0.40845 0.12525 0
v 0.424749 0.13475 0.075647
v 0.400602 0.12525 0.079694
v 0.457609 0.09675 0.079694
v 0.519286 0.0065 0.079694
v 0.484117 0.10625 -0.075644
v 0.424749 0.13475 -0.075647
v 0.44811 0.12525 -0.079694
v 0.509844 0.09675 -0.079694
v 0.455025 0.149 -0.029877
v 0.46934 0.140344 -0.029877
v 0.46934 0.140344 -0.009941
v 0.471519 0.1205 -0.049706
v 0.465364 0.140344 -0.049706
v 0.465364 0.140344 -0.069642
v 0.518597 0.1205 -0.029877
v 0.534812 0.106181 -0.029877
v 0.534812 0.106181 -0.009941
v 0.540591 0.0065 -0.049706
v 0.530902 0.106181 -0.069642
v 0.540591 0.0065 -0.069642
v 0.44811 0.12525 -0.079694
v 0.451049 0.149 -0.069642
v 0.461533 0.09675 -0.039764
v 0.475495 0.1205 -0.029877
v 0.509844 0.09675 -0.079694
v 0.514688 0.1205 -0.069642
v 0.523205 0.0065 -0.039764
v 0.5445 0.0065 -0.029877
v 0.5445 0.0065 -0.009941
v 0.519286 0.0065 -0.079694
v 0.513763 0.09675 -0.039764
v 0.457609 0.09675 -0.079694
v 0.452034 0.12525 -0.039764
v 0.530902 0.106181 -0.049706
v 0.475495 0.1205 -0.009941
v 0.523205 0.0065 -0.039764
v 0.514688 0.1205 -0.049706
v 0.513763 0.09675 -0.039764
v 0.527155 0.0065 -0
v 0.518597 0.1205 -0.009941
v 0.517687 0.09675 0
v 0.461533 0.09675 -0.039764
v 0.465443 0.09675 0
v 0.394057 0.149 -0.049706
v 0.451049 0.149 -0.049706
v 0.404531 0.12525 -0.039765
v 0.471519 0.1205 -0.069642
v 0.397972 0.149 -0.009941
v 0.455025 0.149 -0.009941
v 0.40845 0.12525 0
v 0.404531 0.12525 -0.039765
v 0.452034 0.12525 -0.039764
v 0.39209 0.149 -0.069642
v 0.394057 0.149 -0.049706
v 0.404531 0.12525 -0.039765
v 0.39601 0.149 -0.029877
v 0.39601 0.149 -0.029877
v 0.455944 0.12525 0
v 0.484117 0.10625 -0.075644
v 0.457609 0.09675 -0.079694
v 0.39209 0.149 -0.069642
v 0.397972 0.149 -0.009941
v 0.424749 0.13475 -0.075647
v 0.400602 0.12525 -0.079694
v 0.457609 0.09675 -0.079694
v 0.519286 0.0065 -0.079694
v 0.079685 0.09675 -0.457664
v 0.075635 0.10625 -0.484176
v 0.075638 0.13475 -0.424801
v 0.009939 0.140344 -0.469397
v 0.029874 0.140344 -0.469397
v 0.00994 0.149 -0.455081
v 0.069634 0.140344 -0.465421
v 0.0497 0.140344 -0.465421
v 0.069634 0.1205 -0.471577
v 0.009939 0.106181 -0.534877
v 0.029874 0.106181 -0.534877
v 0.009939 0.1205 -0.51866
v 0.069634 0.0065 -0.540657
v 0.0497 0.106181 -0.530967
v 0.0497 0.0065 -0.540657
v 0.069634 0.149 -0.451104
v 0.079685 0.12525 -0.448164
v 0.029874 0.1205 -0.475553
v 0.03976 0.09675 -0.461589
v 0.069634 0.1205 -0.51475
v 0.069634 0.106181 -0.530967
v 0.079685 0.09675 -0.509906
v 0.029874 0.0065 -0.544566
v 0.03976 0.0065 -0.523269
v 0.009939 0.0065 -0.544566
v 0.079685 0.0065 -0.519349
v 0.029874 0.1205 -0.51866
v 0.03976 0.09675 -0.513826
v 0.079685 0.09675 -0.457664
v 0.029874 0.149 -0.455081
v 0.03976 0.12525 -0.452089
v 0.0497 0.1205 -0.51475
v 0.009939 0.1205 -0.475553
v 0.0497 0.149 -0.451104
v 0.03976 0.0065 -0.523269
v 0.03976 0.09675 -0.513826
v 0.0497 0.1205 -0.471577
v -0 0.0065 -0.527219
v 0 0.09675 -0.51775
v 0.03976 0.09675 -0.461589
v 0 0.09675 -0.4655
v 0.03976 0.12525 -0.404581
v 0.0497 0.149 -0.394105
v 0 0.12525 -0.4085
v 0.00994 0.149 -0.39802
v 0.03976 0.12525 -0.404581
v 0.03976 0.12525 -0.452089
v 0.069634 0.149 -0.392138
v 0.029874 0.149 -0.396058
v 0.03976 0.12525 -0.404581
v 0.0497 0.149 -0.394105
v 0.029874 0.149 -0.396058
v 0 0.12525 -0.456
v 0.075635 0.10625 -0.484176
v 0.079685 0.12525 -0.448164
v 0.079685 0.09675 -0.509906
v 0.069634 0.149 -0.392138
v 0.00994 0.149 -0.39802
v 0 0.149 -0.399
v 0 0.12525 -0.4085
v 0.075638 0.13475 -0.424801
v 0.079685 0.12525 -0.400651
v 0.079685 0.09675 -0.457664
v 0.079685 0.0065 -0.519349
v -0.075635 0.10625 -0.484176
v -0.075638 0.13475 -0.424801
v -0.079685 0.12525 -0.448164
v -0.079685 0.09675 -0.509906
v -0.029874 0.149 -0.455081
v -0.029874 0.140344 -0.469397
v -0.009939 0.140344 -0.469397
v -0.0497 0.1205 -0.471577
v -0.0497 0.140344 -0.465421
v -0.069634 0.140344 -0.465421
v -0.029874 0.1205 -0.51866
v -0.029874 0.106181 -0.534877
v -0.009939 0.106181 -0.534877
v -0.0497 0.0065 -0.540657
v -0.069634 0.106181 -0.530967
v -0.069634 0.0065 -0.540657
v -0.079685 0.12525 -0.448164
v -0.069634 0.149 -0.451104
v -0.03976 0.09675 -0.461589
v -0.029874 0.1205 -0.475553
v -0.079685 0.09675 -0.509906
v -0.069634 0.1205 -0.51475
v -0.03976 0.0065 -0.523269
v -0.029874 0.0065 -0.544566
v -0.009939 0.0065 -0.544566
v -0.079685 0.0065 -0.519349
v -0.03976 0.09675 -0.513826
v -0.079685 0.09675 -0.457664
v -0.03976 0.12525 -0.452089
v -0.0497 0.106181 -0.530967
v -0.009939 0.1205 -0.475553
v -0.03976 0.0065 -0.523269
v -0.0497 0.1205 -0.51475
v -0.03976 0.09675 -0.513826
v -0 0.0065 -0.527219
v -0.009939 0.1205 -0.51866
v 0 0.09675 -0.51775
v -0.03976 0.09675 -0.461589
v 0 0.09675 -0.4655
v -0.0497 0.149 -0.394105
v -0.0497 0.149 -0.451104
v -0.03976 0.12525 -0.404581
v -0.069634 0.1205 -0.471577
v -0.00994 0.149 -0.39802
v -0.00994 0.149 -0.455081
v 0 0.12525 -0.4085
v -0.03976 0.12525 -0.404581
v -0.03976 0.12525 -0.452089
v -0.069634 0.149 -0.392138
v -0.0497 0.149 -0.394105
v -0.03976 0.12525 -0.404581
v -0.029874 0.149 -0.396058
v -0.029874 0.149 -0.396058
v 0 0.12525 -0.456
v -0.075635 0.10625 -0.484176
v -0.079685 0.09675 -0.457664
v -0.069634 0.149 -0.392138
v -0.00994 0.149 -0.39802
v -0.075638 0.13475 -0.424801
v -0.079685 0.12525 -0.400651
v -0.079685 0.09675 -0.457664
v -0.079685 0.0065 -0.519349
v -0.457609 0.09675 -0.079694
v -0.484117 0.10625 -0.075644
v -0.424749 0.13475 -0.075647
v -0.46934 0.140344 -0.009941
v -0.46934 0.140344 -0.029877
v -0.455025 0.149 -0.009941
v -0.465364 0.140344 -0.069642
v -0.465364 0.140344 -0.049706
v -0.471519 0.1205 -0.069642
v -0.534812 0.106181 -0.009941
v -0.534812 0.106181 -0.029877
v -0.518597 0.1205 -0.009941
v -0.540591 0.0065 -0.069642
v -0.530902 0.106181 -0.049706
v -0.540591 0.0065 -0.049706
v -0.451049 0.149 -0.069642
v -0.44811 0.12525 -0.079694
v -0.475495 0.1205 -0.029877
v -0.461533 0.09675 -0.039764
v -0.514688 0.1205 -0.069642
v -0.530902 0.106181 -0.069642
v -0.509844 0.09675 -0.079694
v -0.5445 0.0065 -0.029877
v -0.523205 0.0065 -0.039764
v -0.5445 0.0065 -0.009941
v -0.519286 0.0065 -0.079694
v -0.518597 0.1205 -0.029877
v -0.513763 0.09675 -0.039764
v -0.457609 0.09675 -0.079694
v -0.455025 0.149 -0.029877
v -0.452034 0.12525 -0.039764
v -0.514688 0.1205 -0.049706
v -0.475495 0.1205 -0.009941
v -0.451049 0.149 -0.049706
v -0.523205 0.0065 -0.039764
v -0.513763 0.09675 -0.039764
v -0.471519 0.1205 -0.049706
v -0.527155 0.0065 -0
v -0.517687 0.09675 -0
v -0.461533 0.09675 -0.039764
v -0.465443 0.09675 -0
v -0.404531 0.12525 -0.039765
v -0.394057 0.149 -0.049706
v -0.40845 0.12525 -0
v -0.397972 0.149 -0.009941
v -0.404531 0.12525 -0.039765
v -0.452034 0.12525 -0.039764
v -0.39209 0.149 -0.069642
v -0.39601 0.149 -0.029877
v -0.404531 0.12525 -0.039765
v -0.394057 0.149 -0.049706
v -0.39601 0.149 -0.029877
v -0.455944 0.12525 -0
v -0.484117 0.10625 -0.075644
v -0.44811 0.12525 -0.079694
v -0.509844 0.09675 -0.079694
v -0.39209 0.149 -0.069642
v -0.397972 0.149 -0.009941
v -0.398951 0.149 -0
v -0.40845 0.12525 -0
v -0.424749 0.13475 -0.075647
v -0.400602 0.12525 -0.079694
v -0.457609 0.09675 -0.079694
v -0.519286 0.0065 -0.079694
v -0.484117 0.10625 0.075644
v -0.424749 0.13475 0.075647
v -0.44811 0.12525 0.079694
v -0.509844 0.09675 0.079694
v -0.455025 0.149 0.029877
v -0.46934 0.140344 0.029877
v -0.46934 0.140344 0.009941
v -0.471519 0.1205 0.049706
v -0.465364 0.140344 0.049706
v -0.465364 0.140344 0.069642
v -0.518597 0.1205 0.029877
v -0.534812 0.106181 0.029877
v -0.534812 0.106181 0.009941
v -0.540591 0.0065 0.049706
v -0.530902 0.106181 0.069642
v -0.540591 0.0065 0.069642
v -0.44811 0.12525 0.079694
v -0.451049 0.149 0.069642
v -0.461533 0.09675 0.039764
v -0.475495 0.1205 0.029877
v -0.509844 0.09675 0.079694
v -0.514688 0.1205 0.069642
v -0.523205 0.0065 0.039764
v -0.5445 0.0065 0.029877
v -0.5445 0.0065 0.009941
v -0.519286 0.0065 0.079694
v -0.513763 0.09675 0.039764
v -0.457609 0.09675 0.079694
v -0.452034 0.12525 0.039764
v -0.530902 0.106181 0.049706
v -0.475495 0.1205 0.009941
v -0.523205 0.0065 0.039764
v -0.514688 0.1205 0.049706
v -0.513763 0.09675 0.039764
v -0.527155 0.0065 -0
v -0.518597 0.1205 0.009941
v -0.517687 0.09675 -0
v -0.461533 0.09675 0.039764
v -0.465443 0.09675 -0
v -0.394057 0.149 0.049706
v -0.451049 0.149 0.049706
v -0.404531 0.12525 0.039765
v -0.471519 0.1205 0.069642
v -0.397972 0.149 0.009941
v -0.455025 0.149 0.009941
v -0.40845 0.12525 -0
v -0.404531 0.12525 0.039765
v -0.452034 0.12525 0.039764
v -0.39209 0.149 0.069642
v -0.394057 0.149 0.049706
v -0.404531 0.12525 0.039765
v -0.39601 0.149 0.029877
v -0.39601 0.149 0.029877
v -0.455944 0.12525 -0
v -0.484117 0.10625 0.075644
v -0.457609 0.09675 0.079694
v -0.39209 0.149 0.069642
v -0.397972 0.149 0.009941
v -0.424749 0.13475 0.075647
v -0.400602 0.12525 0.079694
v -0.457609 0.09675 0.079694
v -0.519286 0.0065 0.079694
v -0.079685 0.09675 0.457664
v -0.075635 0.10625 0.484176
v -0.075638 0.13475 0.424801
v -0.009939 0.140344 0.469397
v -0.029874 0.140344 0.469397
v -0.00994 0.149 0.455081
v -0.069634 0.140344 0.465421
v -0.0497 0.140344 0.465421
v -0.069634 0.1205 0.471577
v -0.009939 0.106181 0.534877
v -0.029874 0.106181 0.534877
v -0.009939 0.1205 0.51866
v -0.069634 0.0065 0.540657
v -0.0497 0.106181 0.530967
v -0.0497 0.0065 0.540657
v -0.069634 0.149 0.451104
v -0.079685 0.12525 0.448164
v -0.029874 0.1205 0.475553
v -0.03976 0.09675 0.461589
v -0.069634 0.1205 0.51475
v -0.069634 0.106181 0.530967
v -0.079685 0.09675 0.509906
v -0.029874 0.0065 0.544566
v -0.03976 0.0065 0.523269
v -0.009939 0.0065 0.544566
v -0.079685 0.0065 0.519349
v -0.029874 0.1205 0.51866
v -0.03976 0.09675 0.513826
v -0.079685 0.09675 0.457664
v -0.029874 0.149 0.455081
v -0.03976 0.12525 0.452089
v -0.0497 0.1205 0.51475
v -0.009939 0.1205 0.475553
v -0.0497 0.149 0.451104
v -0.03976 0.0065 0.523269
v -0.03976 0.09675 0.513826
v -0.0497 0.1205 0.471577
v -0 0.0065 0.527219
v -0 0.09675 0.51775
v -0.03976 0.09675 0.461589
v -0 0.09675 0.4655
v -0.03976 0.12525 0.404581
v -0.0497 0.149 0.394105
v -0 0.12525 0.4085
v -0.00994 0.149 0.39802
v -0.03976 0.12525 0.404581
v -0.03976 0.12525 0.452089
v -0.069634 0.149 0.392138
v -0.029874 0.149 0.396058
v -0.03976 0.12525 0.404581
v -0.0497 0.149 0.394105
v -0.029874 0.149 0.396058
v -0 0.12525 0.456
v -0.075635 0.10625 0.484176
v -0.079685 0.12525 0.448164
v -0.079685 0.09675 0.509906
v -0.069634 0.149 0.392138
v -0.00994 0.149 0.39802
v -0 0.149 0.399
v -0 0.12525 0.4085
v -0.075638 0.13475 0.424801
v -0.079685 0.12525 0.400651
v -0.079685 0.09675 0.457664
v -0.079685 0.0065 0.519349
v 0.075635 0.10625 0.484176
v 0.075638 0.13475 0.424801
v 0.079685 0.12525 0.448164
v 0.079685 0.09675 0.509906
v 0.029874 0.149 0.455081
v 0.029874 0.140344 0.469397
v 0.009939 0.140344 0.469397
v 0.0497 0.1205 0.471577
v 0.0497 0.140344 0.465421
v 0.069634 0.140344 0.465421
v 0.029874 0.1205 0.51866
v 0.029874 0.106181 0.534877
v 0.009939 0.106181 0.534877
v 0.0497 0.0065 0.540657
v 0.069634 0.106181 0.530967
v 0.069634 0.0065 0.540657
v 0.079685 0.12525 0.448164
v 0.069634 0.149 0.451104
v 0.03976 0.09675 0.461589
v 0.029874 0.1205 0.475553
v 0.079685 0.09675 0.509906
v 0.069634 0.1205 0.51475
v 0.03976 0.0065 0.523269
v 0.029874 0.0065 0.544566
v 0.009939 0.0065 0.544566
v 0.079685 0.0065 0.519349
v 0.03976 0.09675 0.513826
v 0.079685 0.09675 0.457664
v 0.03976 0.12525 0.452089
v 0.0497 0.106181 0.530967
v 0.009939 0.1205 0.475553
v 0.03976 0.0065 0.523269
v 0.0497 0.1205 0.51475
v 0.03976 0.09675 0.513826
v -0 0.0065 0.527219
v 0.009939 0.1205 0.51866
v -0 0.09675 0.51775
v 0.03976 0.09675 0.461589
v -0 0.09675 0.4655
v 0.0497 0.149 0.394105
v 0.0497 0.149 0.451104
v 0.03976 0.12525 0.404581
v 0.069634 0.1205 0.471577
v 0.00994 0.149 0.39802
v 0.00994 0.149 0.455081
v -0 0.12525 0.4085
v 0.03976 0.12525 0.404581
v 0.03976 0.12525 0.452089
v 0.069634 0.149 0.392138
v 0.0497 0.149 0.394105
v 0.03976 0.12525 0.404581
v 0.029874 0.149 0.396058
v 0.029874 0.149 0.396058
v -0 0.12525 0.456
v 0.075635 0.10625 0.484176
v 0.079685 0.09675 0.457664
v 0.069634 0.149 0.392138
v 0.00994 0.149 0.39802
v 0.075638 0.13475 0.424801
v 0.079685 0.12525 0.400651
v 0.079685 0.09675 0.457664
v 0.079685 0.0065 0.519349
vt 0.919192 0.416618
vt 0.942718 0.411938
vt 0.917031 0.32726002
vt 0.89487 0.336439
vt 0.875318 0.24922001
vt 0.855374 0.26254702
vt 0.819182 0.18081802
vt 0.802221 0.197779
vt 0.75078 0.12468201
vt 0.737453 0.14462602
vt 0.67274 0.08296901
vt 0.663561 0.10513002
vt 0.588062 0.05728197
vt 0.583382 0.080807984
vt 0.416618 0.080807984
vt 0.411938 0.05728197
vt 0.32726 0.08296901
vt 0.336439 0.10513002
vt 0.24922 0.12468201
vt 0.262547 0.14462602
vt 0.180818 0.18081802
vt 0.19778 0.197779
vt 0.124682 0.24922001
vt 0.144626 0.26254702
vt 0.082969 0.32726002
vt 0.10513 0.336439
vt 0.057282 0.411938
vt 0.080808 0.416618
vt 0.080808 0.583382
vt 0.057282 0.588062
vt 0.082969 0.67273998
vt 0.10513 0.663561
vt 0.124682 0.75077999
vt 0.144626 0.73745298
vt 0.180818 0.81918198
vt 0.19778 0.80221999
vt 0.24922 0.87531799
vt 0.262547 0.85537398
vt 0.32726 0.91703099
vt 0.336439 0.89486998
vt 0.411938 0.94271803
vt 0.416618 0.919192016
vt 0.583382 0.919192016
vt 0.588062 0.94271803
vt 0.67274 0.91703099
vt 0.663561 0.89486998
vt 0.75078 0.87531799
vt 0.737453 0.85537398
vt 0.819182 0.81918198
vt 0.802221 0.80221999
vt 0.875318 0.75077999
vt 0.855374 0.73745298
vt 0.917031 0.67273998
vt 0.89487 0.663561
vt 0.942718 0.588062
vt 0.919192 0.583382
vt 0.279508 0.17000997
vt 0.291623 0.18814099
vt 0.356467 0.153481
vt 0.348122 0.133335
vt 0.17001 0.279508
vt 0.188141 0.291623
vt 0.234786 0.23478603
vt 0.219367 0.21936703
vt 0.11075 0.42257297
vt 0.132138 0.42682803
vt 0.153481 0.356467
vt 0.133335 0.348122
vt 0.426828 0.13213801
vt 0.422573 0.11075002
vt 0.651878 0.133335
vt 0.643533 0.153481
vt 0.708377 0.18814099
vt 0.720492 0.17000997
vt 0.780633 0.21936703
vt 0.765214 0.23478603
vt 0.811859 0.291623
vt 0.82999 0.279508
vt 0.866665 0.348122
vt 0.846519 0.356467
vt 0.867862 0.42682803
vt 0.88925 0.42257297
vt 0.577427 0.11075002
vt 0.573172 0.13213801
vt 0.720492 0.82999003
vt 0.708377 0.81185901
vt 0.643533 0.846519
vt 0.651878 0.866665
vt 0.82999 0.720492
vt 0.811859 0.708377
vt 0.765214 0.76521403
vt 0.780633 0.78063297
vt 0.88925 0.57742703
vt 0.867862 0.57317197
vt 0.846519 0.643533
vt 0.866665 0.651878
vt 0.573172 0.86786199
vt 0.577427 0.88924998
vt 0.348122 0.866665
vt 0.356467 0.846519
vt 0.291623 0.81185901
vt 0.279508 0.82999003
vt 0.219367 0.78063297
vt 0.234786 0.76521403
vt 0.188141 0.708377
vt 0.17001 0.720492
vt 0.133335 0.651878
vt 0.153481 0.643533
vt 0.132138 0.57317197
vt 0.11075 0.57742703
vt 0.422573 0.88924998
vt 0.426828 0.86786199
vt 0.947251 0.31474304
vt 0.939192 0.31808102
vt 0.966244 0.40725803
vt 0.974799 0.40555704
vt 0.902515 0.23104799
vt 0.895263 0.23589396
vt 0.842311 0.15768898
vt 0.836143 0.16385698
vt 0.768952 0.097485006
vt 0.764106 0.104736984
vt 0.685257 0.05274898
vt 0.681919 0.060808003
vt 0.594443 0.025201023
vt 0.592742 0.033756018
vt 0.314743 0.05274898
vt 0.318081 0.060808003
vt 0.407258 0.033756018
vt 0.405557 0.025201023
vt 0.231048 0.097485006
vt 0.235894 0.104736984
vt 0.157689 0.15768898
vt 0.163857 0.16385698
vt 0.097485 0.23104799
vt 0.104737 0.23589396
vt 0.052749 0.31474304
vt 0.060808 0.31808102
vt 0.025201 0.40555704
vt 0.033756 0.40725803
vt 0.052749 0.68525702
vt 0.060808 0.68191898
vt 0.033756 0.59274203
vt 0.025201 0.59444302
vt 0.097485 0.76895201
vt 0.104737 0.76410598
vt 0.157689 0.84231102
vt 0.163857 0.83614302
vt 0.231048 0.902514994
vt 0.235894 0.895263016
vt 0.314743 0.94725102
vt 0.318081 0.939191997
vt 0.405557 0.974798977
vt 0.407258 0.966243982
vt 0.685257 0.94725102
vt 0.681919 0.939191997
vt 0.592742 0.966243982
vt 0.594443 0.974798977
vt 0.768952 0.902514994
vt 0.764106 0.895263016
vt 0.842311 0.84231102
vt 0.836143 0.83614302
vt 0.902515 0.76895201
vt 0.895263 0.76410598
vt 0.947251 0.68525702
vt 0.939192 0.68191898
vt 0.974799 0.59444302
vt 0.966244 0.59274203
vt 0.910637 0.418319
vt 0.919192 0.416618
vt 0.89487 0.336439
vt 0.886812 0.339777
vt 0.855374 0.26254702
vt 0.848121 0.267393
vt 0.802221 0.197779
vt 0.796053 0.20394701
vt 0.737453 0.14462602
vt 0.732607 0.15187901
vt 0.663561 0.10513002
vt 0.660223 0.11318803
vt 0.583382 0.080807984
vt 0.581681 0.08936298
vt 0.418319 0.08936298
vt 0.416618 0.080807984
vt 0.336439 0.10513002
vt 0.339777 0.11318803
vt 0.262547 0.14462602
vt 0.267393 0.15187901
vt 0.19778 0.197779
vt 0.203947 0.20394701
vt 0.144626 0.26254702
vt 0.151879 0.267393
vt 0.10513 0.336439
vt 0.113189 0.339777
vt 0.080808 0.416618
vt 0.089363 0.418319
vt 0.089363 0.581681
vt 0.080808 0.583382
vt 0.10513 0.663561
vt 0.113189 0.660223
vt 0.144626 0.73745298
vt 0.151879 0.732607
vt 0.19778 0.80221999
vt 0.203947 0.79605299
vt 0.262547 0.85537398
vt 0.267393 0.84812099
vt 0.336439 0.89486998
vt 0.339777 0.88681197
vt 0.416618 0.919192016
vt 0.418319 0.91063702
vt 0.581681 0.91063702
vt 0.583382 0.919192016
vt 0.663561 0.89486998
vt 0.660223 0.88681197
vt 0.737453 0.85537398
vt 0.732607 0.84812099
vt 0.802221 0.80221999
vt 0.796053 0.79605299
vt 0.855374 0.73745298
vt 0.848121 0.732607
vt 0.89487 0.663561
vt 0.886812 0.660223
vt 0.919192 0.583382
vt 0.910637 0.581681
vt 0.833643 0.43363404
vt 0.755359 0.449206
vt 0.840179 0.5
vt 0.814284 0.369819
vt 0.782848 0.31100702
vt 0.716483 0.35535097
vt 0.740543 0.259457
vt 0.688993 0.217152
vt 0.644649 0.283517
vt 0.630181 0.18571603
vt 0.566366 0.16635698
vt 0.550794 0.244641
vt 0.5 0.15982103
vt 0.433634 0.16635698
vt 0.449206 0.244641
vt 0.369819 0.18571603
vt 0.311007 0.217152
vt 0.355351 0.283517
vt 0.259457 0.259457
vt 0.217152 0.31100702
vt 0.283517 0.35535097
vt 0.185716 0.369819
vt 0.166357 0.43363404
vt 0.244641 0.449206
vt 0.159821 0.5
vt 0.446077 0.369819
vt 0.5 0.359093
vt 0.553923 0.369819
vt 0.599636 0.40036404
vt 0.630181 0.446077
vt 0.640907 0.5
vt 0.359093 0.5
vt 0.369819 0.446077
vt 0.400364 0.40036404
vt 0.5 0.5
vt 0.166357 0.56636602
vt 0.244641 0.550794
vt 0.185716 0.630181
vt 0.217152 0.68899298
vt 0.283517 0.64464903
vt 0.259457 0.740543
vt 0.311007 0.782848
vt 0.355351 0.716483
vt 0.369819 0.81428403
vt 0.433634 0.83364302
vt 0.449206 0.755359
vt 0.5 0.84017903
vt 0.566366 0.83364302
vt 0.550794 0.755359
vt 0.630181 0.81428403
vt 0.688993 0.782848
vt 0.644649 0.716483
vt 0.740543 0.740543
vt 0.782848 0.68899298
vt 0.716483 0.64464903
vt 0.814284 0.630181
vt 0.833643 0.56636602
vt 0.755359 0.550794
vt 0.553923 0.630181
vt 0.5 0.640907
vt 0.446077 0.630181
vt 0.400364 0.59963602
vt 0.369819 0.553923
vt 0.630181 0.553923
vt 0.599636 0.59963602
vt 0.369819 0.18571603
vt 0.301315 0.20264602
vt 0.311007 0.217152
vt 0.363143 0.169599
vt 0.259457 0.259457
vt 0.202646 0.301315
vt 0.217152 0.31100702
vt 0.247122 0.24712199
vt 0.185716 0.369819
vt 0.149248 0.43023098
vt 0.166357 0.43363404
vt 0.169598 0.36314297
vt 0.433634 0.16635698
vt 0.430231 0.149248
vt 0.142376 0.5
vt 0.159821 0.5
vt 0.5 0.15982103
vt 0.5 0.142376
vt 0.688993 0.217152
vt 0.636857 0.169599
vt 0.630181 0.18571603
vt 0.698685 0.20264602
vt 0.782848 0.31100702
vt 0.752878 0.24712199
vt 0.740543 0.259457
vt 0.797354 0.301315
vt 0.833643 0.43363404
vt 0.830401 0.36314297
vt 0.814284 0.369819
vt 0.850752 0.43023098
vt 0.569769 0.149248
vt 0.566366 0.16635698
vt 0.857624 0.5
vt 0.840179 0.5
vt 0.630181 0.81428403
vt 0.698685 0.79735398
vt 0.688993 0.782848
vt 0.636857 0.83040202
vt 0.740543 0.740543
vt 0.797354 0.698685
vt 0.782848 0.68899298
vt 0.752878 0.75287801
vt 0.814284 0.630181
vt 0.850752 0.56976902
vt 0.833643 0.56636602
vt 0.830401 0.63685697
vt 0.566366 0.83364302
vt 0.569769 0.850752
vt 0.5 0.84017903
vt 0.5 0.857624
vt 0.311007 0.782848
vt 0.363143 0.83040202
vt 0.369819 0.81428403
vt 0.301315 0.79735398
vt 0.217152 0.68899298
vt 0.247122 0.75287801
vt 0.259457 0.740543
vt 0.202646 0.698685
vt 0.166357 0.56636602
vt 0.169598 0.63685697
vt 0.185716 0.630181
vt 0.149248 0.56976902
vt 0.430231 0.850752
vt 0.433634 0.83364302
vt 0.296469 0.19539398
vt 0.359805 0.16154003
vt 0.195394 0.29646897
vt 0.240954 0.24095398
vt 0.140693 0.42852902
vt 0.16154 0.359805
vt 0.428529 0.14069301
vt 0.640195 0.16154003
vt 0.703531 0.19539398
vt 0.759046 0.24095398
vt 0.804606 0.29646897
vt 0.83846 0.359805
vt 0.859307 0.42852902
vt 0.571471 0.14069301
vt 0.703531 0.80460602
vt 0.640195 0.83846003
vt 0.804606 0.70353103
vt 0.759046 0.75904602
vt 0.859307 0.57147098
vt 0.83846 0.640195
vt 0.571471 0.85930699
vt 0.359805 0.83846003
vt 0.296469 0.80460602
vt 0.240954 0.75904602
vt 0.195394 0.70353103
vt 0.16154 0.640195
vt 0.140693 0.57147098
vt 0.428529 0.85930699
vt 0.291623 0.18814099
vt 0.356467 0.153481
vt 0.188141 0.291623
vt 0.234786 0.23478603
vt 0.132138 0.42682803
vt 0.153481 0.356467
vt 0.426828 0.13213801
vt 0.643533 0.153481
vt 0.708377 0.18814099
vt 0.765214 0.23478603
vt 0.811859 0.291623
vt 0.846519 0.356467
vt 0.867862 0.42682803
vt 0.573172 0.13213801
vt 0.708377 0.81185901
vt 0.643533 0.846519
vt 0.811859 0.708377
vt 0.765214 0.76521403
vt 0.867862 0.57317197
vt 0.846519 0.643533
vt 0.573172 0.86786199
vt 0.356467 0.846519
vt 0.291623 0.81185901
vt 0.234786 0.76521403
vt 0.188141 0.708377
vt 0.153481 0.643533
vt 0.132138 0.57317197
vt 0.426828 0.86786199
vt 0.426828 0.079789996
vt 0.430546 0.05544901
vt 0.430544 0.10996401
vt 0.490873 0.06901699
vt 0.472568 0.06901699
vt 0.490873 0.08216202
vt 0.436057 0.07266903
vt 0.454362 0.07266903
vt 0.436057 0.067016006
vt 0.490873 0.0088970065
vt 0.472568 0.0088970065
vt 0.490873 0.023786008
vt 0.436057 0.0035899878
vt 0.454362 0.012485981
vt 0.454362 0.0035899878
vt 0.436057 0.085814
vt 0.426828 0.08851302
vt 0.472568 0.06336498
vt 0.46349 0.076186
vt 0.436057 0.027375996
vt 0.436057 0.012485981
vt 0.426828 0.03182298
vt 0.472568 0
vt 0.46349 0.019554019
vt 0.490873 0
vt 0.426828 0.023153007
vt 0.472568 0.023786008
vt 0.46349 0.028225005
vt 0.426828 0.079789996
vt 0.472568 0.08216202
vt 0.46349 0.08490902
vt 0.454362 0.027375996
vt 0.490873 0.06336498
vt 0.454362 0.085814
vt 0.46349 0.019554019
vt 0.46349 0.028225005
vt 0.454362 0.067016006
vt 0.5 0.015927017
vt 0.5 0.024622023
vt 0.46349 0.076186
vt 0.5 0.07259601
vt 0.46349 0.12852901
vt 0.454362 0.13814801
vt 0.5 0.12493098
vt 0.490873 0.13455302
vt 0.46349 0.12852901
vt 0.46349 0.08490902
vt 0.436057 0.13995397
vt 0.472568 0.13635498
vt 0.46349 0.12852901
vt 0.454362 0.13814801
vt 0.472568 0.13635498
vt 0.5 0.08131802
vt 0.430546 0.05544901
vt 0.426828 0.08851302
vt 0.426828 0.03182298
vt 0.436057 0.13995397
vt 0.490873 0.13455302
vt 0.5 0.13365299
vt 0.5 0.12493098
vt 0.430544 0.10996401
vt 0.426828 0.13213801
vt 0.426828 0.079789996
vt 0.426828 0.023153007
vt 0.569454 0.05544901
vt 0.569456 0.10996401
vt 0.573172 0.08851302
vt 0.573172 0.03182298
vt 0.527432 0.08216202
vt 0.527432 0.06901699
vt 0.509127 0.06901699
vt 0.545638 0.067016006
vt 0.545638 0.07266903
vt 0.563943 0.07266903
vt 0.527432 0.023786008
vt 0.527432 0.0088970065
vt 0.509127 0.0088970065
vt 0.545638 0.0035899878
vt 0.563943 0.012485981
vt 0.563943 0.0035899878
vt 0.573172 0.08851302
vt 0.563943 0.085814
vt 0.53651 0.076186
vt 0.527432 0.06336498
vt 0.573172 0.03182298
vt 0.563943 0.027375996
vt 0.53651 0.019554019
vt 0.527432 0
vt 0.509127 0
vt 0.573172 0.023153007
vt 0.53651 0.028225005
vt 0.573172 0.079789996
vt 0.53651 0.08490902
vt 0.545638 0.012485981
vt 0.509127 0.06336498
vt 0.53651 0.019554019
vt 0.545638 0.027375996
vt 0.53651 0.028225005
vt 0.5 0.015927017
vt 0.509127 0.023786008
vt 0.5 0.024622023
vt 0.53651 0.076186
vt 0.5 0.07259601
vt 0.545638 0.13814801
vt 0.545638 0.085814
vt 0.53651 0.12852901
vt 0.563943 0.067016006
vt 0.509127 0.13455302
vt 0.509127 0.08216202
vt 0.5 0.12493098
vt 0.53651 0.12852901
vt 0.53651 0.08490902
vt 0.563943 0.13995397
vt 0.545638 0.13814801
vt 0.53651 0.12852901
vt 0.527432 0.13635498
vt 0.527432 0.13635498
vt 0.5 0.08131802
vt 0.569454 0.05544901
vt 0.573172 0.079789996
vt 0.563943 0.13995397
vt 0.509127 0.13455302
vt 0.569456 0.10996401
vt 0.573172 0.13213801
vt 0.573172 0.079789996
vt 0.573172 0.023153007
vt 0.92021 0.42682803
vt 0.944551 0.430546
vt 0.890036 0.43054402
vt 0.930983 0.49087298
vt 0.930983 0.47256804
vt 0.917838 0.49087298
vt 0.927331 0.43605697
vt 0.927331 0.45436203
vt 0.932984 0.43605697
vt 0.991103 0.49087298
vt 0.991103 0.47256804
vt 0.976214 0.49087298
vt 0.99641 0.43605697
vt 0.987514 0.45436203
vt 0.99641 0.45436203
vt 0.914186 0.43605697
vt 0.911487 0.42682803
vt 0.936635 0.47256804
vt 0.923814 0.46349
vt 0.972624 0.43605697
vt 0.987514 0.43605697
vt 0.968177 0.42682803
vt 1 0.47256804
vt 0.980446 0.46349
vt 1 0.49087298
vt 0.976847 0.42682803
vt 0.976214 0.47256804
vt 0.971775 0.46349
vt 0.92021 0.42682803
vt 0.917838 0.47256804
vt 0.915091 0.46349
vt 0.972624 0.45436203
vt 0.936635 0.49087298
vt 0.914186 0.45436203
vt 0.980446 0.46349
vt 0.971775 0.46349
vt 0.932984 0.45436203
vt 0.984073 0.5
vt 0.975378 0.5
vt 0.923814 0.46349
vt 0.927404 0.5
vt 0.871471 0.46349
vt 0.861852 0.45436203
vt 0.875069 0.5
vt 0.865447 0.49087298
vt 0.871471 0.46349
vt 0.915091 0.46349
vt 0.860046 0.43605697
vt 0.863645 0.47256804
vt 0.871471 0.46349
vt 0.861852 0.45436203
vt 0.863645 0.47256804
vt 0.918682 0.5
vt 0.944551 0.430546
vt 0.911487 0.42682803
vt 0.968177 0.42682803
vt 0.860046 0.43605697
vt 0.865447 0.49087298
vt 0.866347 0.5
vt 0.875069 0.5
vt 0.890036 0.43054402
vt 0.867862 0.42682803
vt 0.92021 0.42682803
vt 0.976847 0.42682803
vt 0.944551 0.569454
vt 0.890036 0.56945598
vt 0.911487 0.57317197
vt 0.968177 0.57317197
vt 0.917838 0.52743202
vt 0.930983 0.52743202
vt 0.930983 0.50912702
vt 0.932984 0.54563802
vt 0.927331 0.54563802
vt 0.927331 0.56394303
vt 0.976214 0.52743202
vt 0.991103 0.52743202
vt 0.991103 0.50912702
vt 0.99641 0.54563802
vt 0.987514 0.56394303
vt 0.99641 0.56394303
vt 0.911487 0.57317197
vt 0.914186 0.56394303
vt 0.923814 0.53651
vt 0.936635 0.52743202
vt 0.968177 0.57317197
vt 0.972624 0.56394303
vt 0.980446 0.53651
vt 1 0.52743202
vt 1 0.50912702
vt 0.976847 0.57317197
vt 0.971775 0.53651
vt 0.92021 0.57317197
vt 0.915091 0.53651
vt 0.987514 0.54563802
vt 0.936635 0.50912702
vt 0.980446 0.53651
vt 0.972624 0.54563802
vt 0.971775 0.53651
vt 0.984073 0.5
vt 0.976214 0.50912702
vt 0.975378 0.5
vt 0.923814 0.53651
vt 0.927404 0.5
vt 0.861852 0.54563802
vt 0.914186 0.54563802
vt 0.871471 0.53651
vt 0.932984 0.56394303
vt 0.865447 0.50912702
vt 0.917838 0.50912702
vt 0.875069 0.5
vt 0.871471 0.53651
vt 0.915091 0.53651
vt 0.860046 0.56394303
vt 0.861852 0.54563802
vt 0.871471 0.53651
vt 0.863645 0.52743202
vt 0.863645 0.52743202
vt 0.918682 0.5
vt 0.944551 0.569454
vt 0.92021 0.57317197
vt 0.860046 0.56394303
vt 0.865447 0.50912702
vt 0.890036 0.56945598
vt 0.867862 0.57317197
vt 0.92021 0.57317197
vt 0.976847 0.57317197
vt 0.573172 0.920210004
vt 0.569454 0.94455099
vt 0.569456 0.89003599
vt 0.509127 0.93098301
vt 0.527432 0.93098301
vt 0.509127 0.91783798
vt 0.563943 0.92733097
vt 0.545638 0.92733097
vt 0.563943 0.932983994
vt 0.509127 0.9911029935
vt 0.527432 0.9911029935
vt 0.509127 0.976213992
vt 0.563943 0.9964100122
vt 0.545638 0.987514019
vt 0.545638 0.9964100122
vt 0.563943 0.914186
vt 0.573172 0.91148698
vt 0.527432 0.93663502
vt 0.53651 0.923814
vt 0.563943 0.972624004
vt 0.563943 0.987514019
vt 0.573172 0.96817702
vt 0.527432 1
vt 0.53651 0.980445981
vt 0.509127 1
vt 0.573172 0.976846993
vt 0.527432 0.976213992
vt 0.53651 0.971774995
vt 0.573172 0.920210004
vt 0.527432 0.91783798
vt 0.53651 0.91509098
vt 0.545638 0.972624004
vt 0.509127 0.93663502
vt 0.545638 0.914186
vt 0.53651 0.980445981
vt 0.53651 0.971774995
vt 0.545638 0.932983994
vt 0.5 0.984072983
vt 0.5 0.975377977
vt 0.53651 0.923814
vt 0.5 0.92740399
vt 0.53651 0.87147099
vt 0.545638 0.86185199
vt 0.5 0.87506902
vt 0.509127 0.86544698
vt 0.53651 0.87147099
vt 0.53651 0.91509098
vt 0.563943 0.86004603
vt 0.527432 0.86364502
vt 0.53651 0.87147099
vt 0.545638 0.86185199
vt 0.527432 0.86364502
vt 0.5 0.91868198
vt 0.569454 0.94455099
vt 0.573172 0.91148698
vt 0.573172 0.96817702
vt 0.563943 0.86004603
vt 0.509127 0.86544698
vt 0.5 0.86634701
vt 0.5 0.87506902
vt 0.569456 0.89003599
vt 0.573172 0.86786199
vt 0.573172 0.920210004
vt 0.573172 0.976846993
vt 0.430546 0.94455099
vt 0.430544 0.89003599
vt 0.426828 0.91148698
vt 0.426828 0.96817702
vt 0.472568 0.91783798
vt 0.472568 0.93098301
vt 0.490873 0.93098301
vt 0.454362 0.932983994
vt 0.454362 0.92733097
vt 0.436057 0.92733097
vt 0.472568 0.976213992
vt 0.472568 0.9911029935
vt 0.490873 0.9911029935
vt 0.454362 0.9964100122
vt 0.436057 0.987514019
vt 0.436057 0.9964100122
vt 0.426828 0.91148698
vt 0.436057 0.914186
vt 0.46349 0.923814
vt 0.472568 0.93663502
vt 0.426828 0.96817702
vt 0.436057 0.972624004
vt 0.46349 0.980445981
vt 0.472568 1
vt 0.490873 1
vt 0.426828 0.976846993
vt 0.46349 0.971774995
vt 0.426828 0.920210004
vt 0.46349 0.91509098
vt 0.454362 0.987514019
vt 0.490873 0.93663502
vt 0.46349 0.980445981
vt 0.454362 0.972624004
vt 0.46349 0.971774995
vt 0.5 0.984072983
vt 0.490873 0.976213992
vt 0.5 0.975377977
vt 0.46349 0.923814
vt 0.5 0.92740399
vt 0.454362 0.86185199
vt 0.454362 0.914186
vt 0.46349 0.87147099
vt 0.436057 0.932983994
vt 0.490873 0.86544698
vt 0.490873 0.91783798
vt 0.5 0.87506902
vt 0.46349 0.87147099
vt 0.46349 0.91509098
vt 0.436057 0.86004603
vt 0.454362 0.86185199
vt 0.46349 0.87147099
vt 0.472568 0.86364502
vt 0.472568 0.86364502
vt 0.5 0.91868198
vt 0.430546 0.94455099
vt 0.426828 0.920210004
vt 0.436057 0.86004603
vt 0.490873 0.86544698
vt 0.430544 0.89003599
vt 0.426828 0.86786199
vt 0.426828 0.920210004
vt 0.426828 0.976846993
vt 0.07979 0.57317197
vt 0.055449 0.569454
vt 0.109964 0.56945598
vt 0.069017 0.50912702
vt 0.069017 0.52743202
vt 0.082162 0.50912702
vt 0.072669 0.56394303
vt 0.072669 0.54563802
vt 0.067016 0.56394303
vt 0.008897 0.50912702
vt 0.008897 0.52743202
vt 0.023786 0.50912702
vt 0.00359 0.56394303
vt 0.012486 0.54563802
vt 0.00359 0.54563802
vt 0.085814 0.56394303
vt 0.088513 0.57317197
vt 0.063365 0.52743202
vt 0.076186 0.53651
vt 0.027376 0.56394303
vt 0.012486 0.56394303
vt 0.031823 0.57317197
vt 0 0.52743202
vt 0.019554 0.53651
vt 0 0.50912702
vt 0.023153 0.57317197
vt 0.023786 0.52743202
vt 0.028225 0.53651
vt 0.07979 0.57317197
vt 0.082162 0.52743202
vt 0.084909 0.53651
vt 0.027376 0.54563802
vt 0.063365 0.50912702
vt 0.085814 0.54563802
vt 0.019554 0.53651
vt 0.028225 0.53651
vt 0.067016 0.54563802
vt 0.015927 0.5
vt 0.024622 0.5
vt 0.076186 0.53651
vt 0.072596 0.5
vt 0.128529 0.53651
vt 0.138148 0.54563802
vt 0.124931 0.5
vt 0.134553 0.50912702
vt 0.128529 0.53651
vt 0.084909 0.53651
vt 0.139954 0.56394303
vt 0.136355 0.52743202
vt 0.128529 0.53651
vt 0.138148 0.54563802
vt 0.136355 0.52743202
vt 0.081318 0.5
vt 0.055449 0.569454
vt 0.088513 0.57317197
vt 0.031823 0.57317197
vt 0.139954 0.56394303
vt 0.134553 0.50912702
vt 0.133653 0.5
vt 0.124931 0.5
vt 0.109964 0.56945598
vt 0.132138 0.57317197
vt 0.07979 0.57317197
vt 0.023153 0.57317197
vt 0.055449 0.430546
vt 0.109964 0.43054402
vt 0.088513 0.42682803
vt 0.031823 0.42682803
vt 0.082162 0.47256804
vt 0.069017 0.47256804
vt 0.069017 0.49087298
vt 0.067016 0.45436203
vt 0.072669 0.45436203
vt 0.072669 0.43605697
vt 0.023786 0.47256804
vt 0.008897 0.47256804
vt 0.008897 0.49087298
vt 0.00359 0.45436203
vt 0.012486 0.43605697
vt 0.00359 0.43605697
vt 0.088513 0.42682803
vt 0.085814 0.43605697
vt 0.076186 0.46349
vt 0.063365 0.47256804
vt 0.031823 0.42682803
vt 0.027376 0.43605697
vt 0.019554 0.46349
vt 0 0.47256804
vt 0 0.49087298
vt 0.023153 0.42682803
vt 0.028225 0.46349
vt 0.07979 0.42682803
vt 0.084909 0.46349
vt 0.012486 0.45436203
vt 0.063365 0.49087298
vt 0.019554 0.46349
vt 0.027376 0.45436203
vt 0.028225 0.46349
vt 0.015927 0.5
vt 0.023786 0.49087298
vt 0.024622 0.5
vt 0.076186 0.46349
vt 0.072596 0.5
vt 0.138148 0.45436203
vt 0.085814 0.45436203
vt 0.128529 0.46349
vt 0.067016 0.43605697
vt 0.134553 0.49087298
vt 0.082162 0.49087298
vt 0.124931 0.5
vt 0.128529 0.46349
vt 0.084909 0.46349
vt 0.139954 0.43605697
vt 0.138148 0.45436203
vt 0.128529 0.46349
vt 0.136355 0.47256804
vt 0.136355 0.47256804
vt 0.081318 0.5
vt 0.055449 0.430546
vt 0.07979 0.42682803
vt 0.139954 0.43605697
vt 0.134553 0.49087298
vt 0.109964 0.43054402
vt 0.132138 0.42682803
vt 0.07979 0.42682803
vt 0.023153 0.42682803
vn -0.066866 0.939787 0.335124
vn 0.00412 0.999756 -0.020905
vn 0.008148 0.999756 -0.019715
vn -0.130772 0.939787 0.315714
vn 0.011841 0.999756 -0.017731
vn -0.189856 0.939787 0.284127
vn 0.015076 0.999756 -0.015076
vn -0.241676 0.939756 0.241615
vn 0.017731 0.999756 -0.011841
vn -0.284158 0.939756 0.189856
vn 0.019715 0.999756 -0.008148
vn -0.315744 0.939756 0.130772
vn 0.020905 0.999756 -0.004151
vn -0.335246 0.939726 0.066805
vn -0.335154 0.939756 -0.066866
vn 0.020905 0.999756 0.00412
vn 0.019715 0.999756 0.008148
vn -0.315744 0.939756 -0.130772
vn 0.017731 0.999756 0.011841
vn -0.284158 0.939756 -0.189856
vn 0.015076 0.999756 0.015076
vn -0.241676 0.939756 -0.241615
vn 0.011841 0.999756 0.017731
vn -0.189856 0.939787 -0.284127
vn 0.008148 0.999756 0.019715
vn -0.130772 0.939787 -0.315714
vn 0.004151 0.999756 0.020905
vn -0.066805 0.939756 -0.335215
vn 0.066866 0.939787 -0.335124
vn -0.00412 0.999756 0.020905
vn -0.008148 0.999756 0.019715
vn 0.130772 0.939787 -0.315714
vn -0.011841 0.999756 0.017731
vn 0.189856 0.939787 -0.284127
vn -0.015076 0.999756 0.015076
vn 0.241676 0.939756 -0.241615
vn -0.017731 0.999756 0.011841
vn 0.284158 0.939756 -0.189856
vn -0.019715 0.999756 0.008148
vn 0.315744 0.939756 -0.130772
vn -0.020905 0.999756 0.004151
vn 0.335246 0.939726 -0.066805
vn 0.335154 0.939756 0.066866
vn -0.020905 0.999756 -0.00412
vn -0.019715 0.999756 -0.008148
vn 0.315744 0.939756 0.130772
vn -0.017731 0.999756 -0.011841
vn 0.284158 0.939756 0.189856
vn -0.015076 0.999756 -0.015076
vn 0.241676 0.939756 0.241615
vn -0.011841 0.999756 -0.017731
vn 0.189856 0.939787 0.284127
vn -0.008148 0.999756 -0.019715
vn 0.130772 0.939787 0.315714
vn -0.004151 0.999756 -0.020905
vn 0.066805 0.939756 0.335215
vn 0.019288 0.999725 0.012879
vn -0.308817 0.928465 -0.206305
vn -0.34315 0.928434 -0.142094
vn 0.021424 0.999725 0.00885
vn 0.012879 0.999725 0.019288
vn -0.206336 0.928465 -0.308786
vn -0.262642 0.928465 -0.262581
vn 0.016388 0.999725 0.016388
vn 0.004547 0.999725 0.022675
vn -0.096225 0.92819 -0.359416
vn -0.142125 0.928465 -0.343089
vn 0.008881 0.999725 0.021424
vn -0.359447 0.928159 -0.096194
vn 0.022706 0.999725 0.004517
vn 0.021424 0.999725 -0.00885
vn -0.34315 0.928434 0.142094
vn -0.308817 0.928465 0.206305
vn 0.019288 0.999725 -0.012879
vn 0.016388 0.999725 -0.016388
vn -0.262642 0.928465 0.262581
vn -0.206336 0.928465 0.308786
vn 0.012879 0.999725 -0.019288
vn 0.008881 0.999725 -0.021424
vn -0.142125 0.928465 0.343089
vn -0.096225 0.92819 0.359416
vn 0.004517 0.999725 -0.022706
vn 0.022675 0.999725 -0.004547
vn -0.359447 0.928159 0.096194
vn -0.019288 0.999725 -0.012879
vn 0.308817 0.928465 0.206305
vn 0.34315 0.928434 0.142094
vn -0.021424 0.999725 -0.00885
vn -0.012879 0.999725 -0.019288
vn 0.206336 0.928465 0.308786
vn 0.262642 0.928465 0.262581
vn -0.016388 0.999725 -0.016388
vn -0.004547 0.999725 -0.022675
vn 0.096225 0.92819 0.359416
vn 0.142125 0.928465 0.343089
vn -0.008881 0.999725 -0.021424
vn 0.359447 0.928159 0.096194
vn -0.022706 0.999725 -0.004517
vn -0.021424 0.999725 0.00885
vn 0.34315 0.928434 -0.142094
vn 0.308817 0.928465 -0.206305
vn -0.019288 0.999725 0.012879
vn -0.016388 0.999725 0.016388
vn 0.262642 0.928465 -0.262581
vn 0.206336 0.928465 -0.308786
vn -0.012879 0.999725 0.019288
vn -0.008881 0.999725 0.021424
vn 0.142125 0.928465 -0.343089
vn 0.096225 0.92819 -0.359416
vn -0.004517 0.999725 0.022706
vn -0.022675 0.999725 0.004547
vn 0.359447 0.928159 -0.096194
vn 0.380596 0.104678 -0.91876
vn 0.306101 0.600238 -0.738884
vn 0.156133 0.600269 -0.784387
vn 0.193152 0.104434 -0.975585
vn 0.552538 0.104678 -0.826868
vn 0.44438 0.600238 -0.664968
vn 0.703238 0.104648 -0.703177
vn 0.565569 0.600238 -0.565508
vn 0.82693 0.104648 -0.552446
vn 0.665029 0.600238 -0.444288
vn 0.91879 0.104648 -0.380535
vn 0.738945 0.600238 -0.30604
vn 0.975585 0.104648 -0.192907
vn 0.784509 0.600146 -0.156011
vn 0.91879 0.104648 0.380535
vn 0.738945 0.600238 0.30604
vn 0.784387 0.600269 0.156102
vn 0.975585 0.104404 0.193091
vn 0.82693 0.104648 0.552446
vn 0.665029 0.600238 0.444288
vn 0.703238 0.104678 0.703177
vn 0.565569 0.600238 0.565508
vn 0.552538 0.104678 0.826868
vn 0.44438 0.600238 0.664968
vn 0.380596 0.104678 0.91876
vn 0.306101 0.600238 0.738884
vn 0.192969 0.104678 0.975585
vn 0.156041 0.600146 0.784478
vn -0.380596 0.104678 0.91876
vn -0.306101 0.600238 0.738884
vn -0.156133 0.600269 0.784387
vn -0.193152 0.104434 0.975585
vn -0.552538 0.104678 0.826868
vn -0.44438 0.600238 0.664968
vn -0.703238 0.104648 0.703177
vn -0.565569 0.600238 0.565508
vn -0.82693 0.104648 0.552446
vn -0.665029 0.600238 0.444288
vn -0.91879 0.104648 0.380535
vn -0.738945 0.600238 0.30604
vn -0.975585 0.104648 0.192907
vn -0.784509 0.600146 0.156011
vn -0.91879 0.104648 -0.380535
vn -0.738945 0.600238 -0.30604
vn -0.784387 0.600269 -0.156102
vn -0.975585 0.104404 -0.193091
vn -0.82693 0.104648 -0.552446
vn -0.665029 0.600238 -0.444288
vn -0.703238 0.104678 -0.703177
vn -0.565569 0.600238 -0.565508
vn -0.552538 0.104678 -0.826868
vn -0.44438 0.600238 -0.664968
vn -0.380596 0.104678 -0.91876
vn -0.306101 0.600238 -0.738884
vn -0.192969 0.104678 -0.975585
vn -0.156041 0.600146 -0.784478
vn 0.144749 0.673269 -0.725059
vn 0.185644 0.316172 -0.930326
vn 0.363079 0.316202 -0.876431
vn 0.282998 0.673147 -0.683187
vn 0.527085 0.316202 -0.788751
vn 0.410871 0.673147 -0.614826
vn 0.670858 0.316202 -0.670766
vn 0.522935 0.673147 -0.522843
vn 0.788812 0.316202 -0.526994
vn 0.614887 0.673147 -0.41081
vn 0.876492 0.316172 -0.362987
vn 0.683218 0.673147 -0.282968
vn 0.930357 0.316172 -0.185583
vn 0.72512 0.673208 -0.144749
vn 0.725089 0.673238 0.144719
vn 0.930357 0.316141 0.185614
vn 0.876492 0.316172 0.362987
vn 0.683218 0.673147 0.282968
vn 0.788812 0.316202 0.526994
vn 0.614887 0.673147 0.41081
vn 0.670858 0.316202 0.670766
vn 0.522935 0.673147 0.522843
vn 0.527085 0.316202 0.788751
vn 0.410871 0.673147 0.614826
vn 0.363079 0.316202 0.876431
vn 0.282998 0.673147 0.683187
vn 0.185644 0.316202 0.930326
vn 0.14478 0.673238 0.725089
vn -0.144749 0.673269 0.725059
vn -0.185644 0.316172 0.930326
vn -0.363079 0.316202 0.876431
vn -0.282998 0.673147 0.683187
vn -0.527085 0.316202 0.788751
vn -0.410871 0.673147 0.614826
vn -0.670858 0.316202 0.670766
vn -0.522935 0.673147 0.522843
vn -0.788812 0.316202 0.526994
vn -0.614887 0.673147 0.41081
vn -0.876492 0.316172 0.362987
vn -0.683218 0.673147 0.282968
vn -0.930357 0.316172 0.185583
vn -0.72512 0.673208 0.144749
vn -0.725089 0.673238 -0.144719
vn -0.930357 0.316141 -0.185614
vn -0.876492 0.316172 -0.362987
vn -0.683218 0.673147 -0.282968
vn -0.788812 0.316202 -0.526994
vn -0.614887 0.673147 -0.41081
vn -0.670858 0.316202 -0.670766
vn -0.522935 0.673147 -0.522843
vn -0.527085 0.316202 -0.788751
vn -0.410871 0.673147 -0.614826
vn -0.363079 0.316202 -0.876431
vn -0.282998 0.673147 -0.683187
vn -0.185644 0.316202 -0.930326
vn -0.14478 0.673238 -0.725089
vn 0.095096 0.873135 -0.478072
vn 0.072634 0.928098 -0.365093
vn 0 0.877194 -0.480117
vn 0.183752 0.877194 -0.443556
vn 0.270821 0.873135 -0.405286
vn 0.206824 0.928098 -0.309519
vn 0.339518 0.877163 -0.339488
vn 0.405316 0.873104 -0.270791
vn 0.309549 0.928098 -0.206793
vn 0.443617 0.877163 -0.183721
vn 0.478103 0.873104 -0.095065
vn 0.365123 0.928098 -0.072604
vn 0.480148 0.877163 0
vn 0.478103 0.873104 0.095065
vn 0.365123 0.928098 0.072604
vn 0.443617 0.877163 0.183721
vn 0.405316 0.873104 0.270791
vn 0.309549 0.928098 0.206793
vn 0.339518 0.877163 0.339488
vn 0.270821 0.873135 0.405286
vn 0.206824 0.928098 0.309519
vn 0.183752 0.877194 0.443556
vn 0.095096 0.873135 0.478072
vn 0.072634 0.928098 0.365093
vn 0 0.877194 0.480117
vn 0.172185 0.982452 0.071322
vn 0.186377 0.982452 0
vn 0.172185 0.982452 -0.071322
vn 0.131779 0.982452 -0.131779
vn 0.071322 0.982452 -0.172185
vn 0 0.982452 -0.186346
vn 0 0.982452 0.186346
vn 0.071322 0.982452 0.172185
vn 0.131779 0.982452 0.131779
vn 0 0.999969 0
vn -0.095096 0.873135 0.478072
vn -0.072634 0.928098 0.365093
vn -0.183752 0.877194 0.443556
vn -0.270821 0.873135 0.405286
vn -0.206824 0.928098 0.309519
vn -0.339518 0.877163 0.339488
vn -0.405316 0.873104 0.270791
vn -0.309549 0.928098 0.206793
vn -0.443617 0.877163 0.183721
vn -0.478103 0.873104 0.095065
vn -0.365123 0.928098 0.072604
vn -0.480148 0.877163 0
vn -0.478103 0.873104 -0.095065
vn -0.365123 0.928098 -0.072604
vn -0.443617 0.877163 -0.183721
vn -0.405316 0.873104 -0.270791
vn -0.309549 0.928098 -0.206793
vn -0.339518 0.877163 -0.339488
vn -0.270821 0.873135 -0.405286
vn -0.206824 0.928098 -0.309519
vn -0.183752 0.877194 -0.443556
vn -0.095096 0.873135 -0.478072
vn -0.072634 0.928098 -0.365093
vn -0.172185 0.982452 -0.071322
vn -0.186377 0.982452 0
vn -0.172185 0.982452 0.071322
vn -0.131779 0.982452 0.131779
vn -0.071322 0.982452 0.172185
vn -0.071322 0.982452 -0.172185
vn -0.131779 0.982452 -0.131779
vn -0.224097 0.970122 -0.092807
vn 0.245338 0.955473 0.163884
vn -0.201666 0.970122 -0.134739
vn 0.272591 0.955473 0.112888
vn -0.171514 0.970122 -0.171484
vn 0.163915 0.955473 0.245308
vn -0.134739 0.970122 -0.201636
vn 0.208625 0.955473 0.208594
vn -0.092807 0.970122 -0.224067
vn 0.057558 0.955473 0.289376
vn -0.047304 0.970122 -0.237861
vn 0.112918 0.955473 0.272561
vn -0.237892 0.970122 -0.047304
vn 0.289407 0.955443 0.057527
vn 0 0.955473 0.295053
vn 0 0.970122 -0.242531
vn -0.242561 0.970122 0
vn 0.295053 0.955473 0
vn -0.201666 0.970122 0.134739
vn 0.272591 0.955473 -0.112888
vn -0.224097 0.970122 0.092807
vn 0.245338 0.955473 -0.163884
vn -0.134739 0.970122 0.201636
vn 0.208625 0.955473 -0.208594
vn -0.171514 0.970122 0.171484
vn 0.163915 0.955473 -0.245308
vn -0.047304 0.970122 0.237861
vn 0.112918 0.955473 -0.272561
vn -0.092807 0.970122 0.224067
vn 0.057558 0.955473 -0.289376
vn 0.289407 0.955443 -0.057527
vn -0.237892 0.970122 0.047304
vn 0 0.955473 -0.295053
vn 0 0.970122 0.242531
vn 0.224097 0.970122 0.092807
vn -0.245338 0.955473 -0.163884
vn 0.201666 0.970122 0.134739
vn -0.272591 0.955473 -0.112888
vn 0.171514 0.970122 0.171484
vn -0.163915 0.955473 -0.245308
vn 0.134739 0.970122 0.201636
vn -0.208625 0.955473 -0.208594
vn 0.092807 0.970122 0.224067
vn -0.057558 0.955473 -0.289376
vn 0.047304 0.970122 0.237861
vn -0.112918 0.955473 -0.272561
vn 0.237892 0.970122 0.047304
vn -0.289407 0.955443 -0.057527
vn 0.242561 0.970122 0
vn -0.295053 0.955473 0
vn 0.201666 0.970122 -0.134739
vn -0.272591 0.955473 0.112888
vn 0.224097 0.970122 -0.092807
vn -0.245338 0.955473 0.163884
vn 0.134739 0.970122 -0.201636
vn -0.208625 0.955473 0.208594
vn 0.171514 0.970122 -0.171484
vn -0.163915 0.955473 0.245308
vn 0.047304 0.970122 -0.237861
vn -0.112918 0.955473 0.272561
vn 0.092807 0.970122 -0.224067
vn -0.057558 0.955473 0.289376
vn -0.289407 0.955443 0.057527
vn 0.237892 0.970122 -0.047304
vn 0.697256 0.544755 0.465835
vn 0.774743 0.544755 0.320872
vn 0.465926 0.544755 0.697195
vn 0.592975 0.544755 0.592914
vn 0.163457 0.544755 0.822474
vn 0.320933 0.544786 0.774712
vn 0.822504 0.544725 0.163427
vn 0.774743 0.544755 -0.320872
vn 0.697256 0.544755 -0.465835
vn 0.592975 0.544755 -0.592914
vn 0.465926 0.544755 -0.697195
vn 0.320933 0.544786 -0.774712
vn 0.163457 0.544755 -0.822474
vn 0.822504 0.544725 -0.163427
vn -0.697256 0.544755 -0.465835
vn -0.774743 0.544755 -0.320872
vn -0.465926 0.544755 -0.697195
vn -0.592975 0.544755 -0.592914
vn -0.163457 0.544755 -0.822474
vn -0.320933 0.544786 -0.774712
vn -0.822504 0.544725 -0.163427
vn -0.774743 0.544755 0.320872
vn -0.697256 0.544755 0.465835
vn -0.592975 0.544755 0.592914
vn -0.465926 0.544755 0.697195
vn -0.320933 0.544786 0.774712
vn -0.163457 0.544755 0.822474
vn -0.822504 0.544725 0.163427
vn 0.772027 0.371349 0.515793
vn 0.857814 0.371349 0.355266
vn 0.515854 0.371349 0.771966
vn 0.656575 0.371349 0.656484
vn 0.240364 0.370678 0.897092
vn 0.355327 0.37138 0.857784
vn 0.897122 0.370647 0.240303
vn 0.857814 0.371349 -0.355266
vn 0.772027 0.371349 -0.515793
vn 0.656575 0.371349 -0.656484
vn 0.515854 0.371349 -0.771966
vn 0.355327 0.37138 -0.857784
vn 0.240364 0.370678 -0.897092
vn 0.897122 0.370647 -0.240303
vn -0.772027 0.371349 -0.515793
vn -0.857814 0.371349 -0.355266
vn -0.515854 0.371349 -0.771966
vn -0.656575 0.371349 -0.656484
vn -0.240364 0.370678 -0.897092
vn -0.355327 0.37138 -0.857784
vn -0.897122 0.370647 -0.240303
vn -0.857814 0.371349 0.355266
vn -0.772027 0.371349 0.515793
vn -0.656575 0.371349 0.656484
vn -0.515854 0.371349 0.771966
vn -0.355327 0.37138 0.857784
vn -0.240364 0.370678 0.897092
vn -0.897122 0.370647 0.240303
vn -0.341594 0.939207 -0.033876
vn 0.02295 0.999725 0.002258
vn 0.025147 0.999664 0.002533
vn 0.686819 0.547288 -0.478225
vn 0.681173 0.536393 0.498245
vn 0.222633 0.831202 -0.509384
vn 0.68218 0.537309 0.495834
vn 0.686911 0.547472 -0.477859
vn 0.439344 0.560564 0.701895
vn 0.783197 0.40199 -0.474258
vn 0.772942 0.393292 0.497787
vn 0.296304 0.814753 -0.498337
vn 0.850612 0.082675 0.519181
vn 0.783166 0.401959 -0.47438
vn 0.869228 0.084475 -0.487075
vn 0.226447 0.82812 0.512742
vn 0.246529 0.263771 0.932524
vn 0.436842 0.558763 0.704917
vn 0.191778 0.277017 0.941527
vn 0.300607 0.810205 0.503128
vn 0.774041 0.393841 0.495682
vn 0.255806 0.225562 0.940031
vn 0.849117 0.082522 0.521683
vn 0.41905 0.041169 0.90701
vn 0.869472 0.084506 -0.486679
vn 0.424604 0.041688 0.904386
vn 0.300363 0.809076 0.505081
vn 0.23133 0.237281 0.94348
vn 0.24012 0.253243 0.937101
vn 0.226356 0.826807 0.514878
vn 0.219398 0.27308 0.936613
vn 0.296304 0.814722 -0.498367
vn 0.473128 0.559832 -0.680197
vn 0.222541 0.831263 -0.509323
vn 0.493881 0.048433 -0.86816
vn 0.28312 0.243904 -0.927519
vn 0.473861 0.559862 -0.679708
vn 0.494644 0.048524 -0.867702
vn 0.283273 0.243965 -0.927458
vn 0.197424 0.304788 -0.9317
vn 0.197363 0.3043 -0.931883
vn 0 0.38609 -0.922422
vn 0 0.889462 -0.456984
vn 0 0.38609 -0.922452
vn 0 0.889431 -0.457015
vn 0 0.38432 0.923185
vn 0.270577 0.284707 -0.919614
vn 0.000305 0.861873 0.507065
vn 0.779992 0.621021 0.076815
vn 0.92465 0.369671 0.091067
vn 0.777276 0.624439 0.07654
vn 0 0.860805 0.508896
vn 0.269601 0.284463 -0.91998
vn 0.000183 0.388836 0.921293
vn 0.721519 0.68862 0.072085
vn 0.779443 0.621723 0.076724
vn 0.779809 0.621265 0.076693
vn 0.777276 0.624439 0.07654
vn 0.838588 0.544725 0
vn 0.928465 0.371349 0
vn -0.000031 0.38905 0.921201
vn 0.000885 0.390027 0.920774
vn 0.944456 0.314768 0.09415
vn 0.99002 0.103549 0.095279
vn 0.02298 0.999725 -0.002197
vn 0.025086 0.999664 -0.002472
vn 0.72158 0.688528 -0.072054
vn 0.779595 0.621509 -0.076937
vn 0.226356 0.826807 -0.514878
vn 0.681173 0.536393 -0.498245
vn 0.686819 0.547288 0.478225
vn 0.473861 0.559862 0.679708
vn 0.686911 0.547472 0.477859
vn 0.68218 0.537309 -0.495834
vn 0.300363 0.809076 -0.505081
vn 0.772942 0.393292 -0.497787
vn 0.783197 0.40199 0.474258
vn 0.869228 0.084475 0.487075
vn 0.774041 0.393841 -0.495682
vn 0.850612 0.082675 -0.519181
vn 0.246529 0.263771 -0.932524
vn 0.226447 0.82812 -0.512742
vn 0.191778 0.277017 -0.941527
vn 0.436842 0.558763 -0.704917
vn 0.255806 0.225562 -0.940031
vn 0.300607 0.810205 -0.503128
vn 0.41905 0.041169 -0.90701
vn 0.849117 0.082522 -0.521683
vn 0.869472 0.084506 0.486679
vn 0.424604 0.041688 -0.904386
vn 0.23133 0.237281 -0.94348
vn 0.24012 0.253243 -0.937101
vn 0.219398 0.27308 -0.936613
vn 0.783166 0.401959 0.47438
vn 0.473128 0.559832 0.680197
vn 0.493881 0.048433 0.86816
vn 0.296304 0.814722 0.498367
vn 0.28312 0.243904 0.927519
vn 0.494644 0.048524 0.867702
vn 0.296304 0.814753 0.498337
vn 0.283273 0.243965 0.927458
vn 0.197424 0.304788 0.9317
vn 0.197363 0.3043 0.931883
vn 0 0.889462 0.456984
vn 0.222541 0.831263 0.509323
vn 0 0.38609 0.922422
vn 0.439344 0.560564 -0.701895
vn 0 0.889431 0.457015
vn 0.222633 0.831202 0.509384
vn 0 0.38609 0.922452
vn 0 0.38432 -0.923185
vn 0.270577 0.284707 0.919614
vn 0.000305 0.861873 -0.507065
vn 0.777306 0.624439 -0.07654
vn 0.92465 0.369671 -0.091067
vn 0.780023 0.620991 -0.076815
vn 0 0.860805 -0.508896
vn 0.269601 0.284463 0.91998
vn 0.000183 0.388836 -0.921293
vn -0.341777 0.939146 0.034059
vn 0.779809 0.621265 -0.076693
vn 0.777276 0.624439 -0.07654
vn -0.000031 0.38905 -0.921201
vn 0.000885 0.390027 -0.920774
vn 0.944456 0.314829 -0.09418
vn 0.989959 0.104038 -0.095645
vn -0.033906 0.939238 0.341533
vn 0.002258 0.999725 -0.02295
vn 0.002533 0.999664 -0.025147
vn -0.478256 0.547288 -0.686789
vn 0.498276 0.536424 -0.681143
vn -0.509415 0.831202 -0.222602
vn 0.495865 0.537339 -0.68215
vn -0.477889 0.547502 -0.68688
vn 0.701926 0.560564 -0.439314
vn -0.474288 0.40202 -0.783197
vn 0.497818 0.393323 -0.772942
vn -0.498367 0.814753 -0.296274
vn 0.519211 0.082675 -0.850612
vn -0.47438 0.401959 -0.783135
vn -0.487106 0.084475 -0.869228
vn 0.512772 0.828089 -0.226417
vn 0.932554 0.263741 -0.246467
vn 0.704947 0.558763 -0.436811
vn 0.941527 0.276986 -0.191748
vn 0.503159 0.810205 -0.300577
vn 0.495712 0.393841 -0.77401
vn 0.940031 0.225562 -0.255745
vn 0.521714 0.082522 -0.849086
vn 0.907041 0.041139 -0.418989
vn -0.486709 0.084506 -0.869442
vn 0.904416 0.041688 -0.424543
vn 0.505081 0.809076 -0.300363
vn 0.94351 0.237251 -0.231269
vn 0.937132 0.253212 -0.240089
vn 0.514878 0.826807 -0.226325
vn 0.936644 0.273049 -0.219337
vn -0.498367 0.814722 -0.296274
vn -0.680258 0.559801 -0.473098
vn -0.509323 0.831263 -0.222541
vn -0.868221 0.048433 -0.493789
vn -0.927549 0.243873 -0.283059
vn -0.679739 0.559862 -0.4738
vn -0.867763 0.048524 -0.494552
vn -0.927488 0.243965 -0.283212
vn -0.93173 0.304727 -0.197424
vn -0.931883 0.30427 -0.197333
vn -0.922452 0.386059 0
vn -0.456984 0.889462 0
vn -0.922452 0.386059 0
vn -0.457015 0.889431 0
vn 0.923185 0.384259 0
vn -0.919645 0.284677 -0.270516
vn 0.507096 0.861873 -0.000305
vn 0.076815 0.621052 -0.779962
vn 0.091067 0.369732 -0.92465
vn 0.076571 0.62447 -0.777245
vn 0.508896 0.860805 0
vn -0.920011 0.284463 -0.269539
vn 0.921293 0.388806 -0.000183
vn 0.072085 0.68865 -0.721488
vn 0.076754 0.621723 -0.779443
vn 0.076693 0.621296 -0.779778
vn 0.07654 0.6245 -0.777245
vn 0 0.544786 -0.838557
vn 0 0.37138 -0.928465
vn 0.921232 0.388989 0.000031
vn 0.920804 0.389996 -0.000885
vn 0.09418 0.314798 -0.944456
vn 0.095309 0.10358 -0.99002
vn -0.002197 0.999725 -0.02298
vn -0.002472 0.999664 -0.025086
vn -0.072054 0.688559 -0.721549
vn -0.076968 0.621509 -0.779595
vn -0.514878 0.826807 -0.226325
vn -0.498276 0.536424 -0.681143
vn 0.478256 0.547288 -0.686789
vn 0.679739 0.559862 -0.4738
vn 0.477889 0.547502 -0.68688
vn -0.495865 0.537339 -0.68215
vn -0.505081 0.809076 -0.300363
vn -0.497818 0.393323 -0.772942
vn 0.474288 0.40202 -0.783197
vn 0.487106 0.084475 -0.869228
vn -0.495712 0.393841 -0.77401
vn -0.519211 0.082675 -0.850612
vn -0.932554 0.263741 -0.246467
vn -0.512772 0.828089 -0.226417
vn -0.941527 0.276986 -0.191748
vn -0.704947 0.558763 -0.436811
vn -0.940031 0.225562 -0.255745
vn -0.503159 0.810205 -0.300577
vn -0.907041 0.041139 -0.418989
vn -0.521714 0.082522 -0.849086
vn 0.486709 0.084506 -0.869442
vn -0.904416 0.041688 -0.424543
vn -0.94351 0.237251 -0.231269
vn -0.937132 0.253212 -0.240089
vn -0.936644 0.273049 -0.219337
vn 0.47438 0.401959 -0.783135
vn 0.680258 0.559801 -0.473098
vn 0.868221 0.048433 -0.493789
vn 0.498367 0.814722 -0.296274
vn 0.927549 0.243873 -0.283059
vn 0.867763 0.048524 -0.494552
vn 0.498367 0.814753 -0.296274
vn 0.927488 0.243965 -0.283212
vn 0.93173 0.304727 -0.197424
vn 0.931883 0.30427 -0.197333
vn 0.456984 0.889462 0
vn 0.509323 0.831263 -0.222541
vn 0.922452 0.386059 0
vn -0.701926 0.560564 -0.439314
vn 0.457015 0.889431 0
vn 0.509415 0.831202 -0.222602
vn 0.922452 0.386059 0
vn -0.923185 0.384259 0
vn 0.919645 0.284677 -0.270516
vn -0.507096 0.861873 -0.000305
vn -0.076571 0.62447 -0.777245
vn -0.091067 0.369732 -0.92465
vn -0.076815 0.621052 -0.779962
vn -0.508896 0.860805 0
vn 0.920011 0.284463 -0.269539
vn -0.921293 0.388806 -0.000183
vn 0.034059 0.939146 0.341746
vn -0.076693 0.621296 -0.779778
vn -0.07654 0.6245 -0.777245
vn -0.921232 0.388989 0.000031
vn -0.920804 0.389996 -0.000885
vn -0.094211 0.314859 -0.944426
vn -0.095676 0.104068 -0.989929
vn 0.341594 0.939207 0.033876
vn -0.02295 0.999725 -0.002258
vn -0.025147 0.999664 -0.002533
vn -0.686819 0.547288 0.478225
vn -0.681173 0.536393 -0.498245
vn -0.222633 0.831202 0.509384
vn -0.68218 0.537309 -0.495834
vn -0.686911 0.547472 0.477859
vn -0.439344 0.560564 -0.701895
vn -0.783197 0.40199 0.474258
vn -0.772942 0.393292 -0.497787
vn -0.296304 0.814753 0.498337
vn -0.850612 0.082675 -0.519181
vn -0.783166 0.401959 0.47438
vn -0.869228 0.084475 0.487075
vn -0.226447 0.82812 -0.512742
vn -0.246529 0.263771 -0.932524
vn -0.436842 0.558763 -0.704917
vn -0.191778 0.277017 -0.941527
vn -0.300607 0.810205 -0.503128
vn -0.774041 0.393841 -0.495682
vn -0.255806 0.225562 -0.940031
vn -0.849117 0.082522 -0.521683
vn -0.41905 0.041169 -0.90701
vn -0.869472 0.084506 0.486679
vn -0.424604 0.041688 -0.904386
vn -0.300363 0.809076 -0.505081
vn -0.23133 0.237281 -0.94348
vn -0.24012 0.253243 -0.937101
vn -0.226356 0.826807 -0.514878
vn -0.219398 0.27308 -0.936613
vn -0.296304 0.814722 0.498367
vn -0.473128 0.559832 0.680197
vn -0.222541 0.831263 0.509323
vn -0.493881 0.048433 0.86816
vn -0.28312 0.243904 0.927519
vn -0.473861 0.559862 0.679708
vn -0.494644 0.048524 0.867702
vn -0.283273 0.243965 0.927458
vn -0.197424 0.304788 0.9317
vn -0.197363 0.3043 0.931883
vn 0 0.38609 0.922422
vn 0 0.889462 0.456984
vn 0 0.38609 0.922452
vn 0 0.889431 0.457015
vn 0 0.38432 -0.923185
vn -0.270577 0.284707 0.919614
vn -0.000305 0.861873 -0.507065
vn -0.779992 0.621021 -0.076815
vn -0.92465 0.369671 -0.091067
vn -0.777276 0.624439 -0.07654
vn 0 0.860805 -0.508896
vn -0.269601 0.284463 0.91998
vn -0.000183 0.388836 -0.921293
vn -0.721519 0.68862 -0.072085
vn -0.779443 0.621723 -0.076724
vn -0.779809 0.621265 -0.076693
vn -0.777276 0.624439 -0.07654
vn -0.838588 0.544725 0
vn -0.928465 0.371349 0
vn 0.000031 0.38905 -0.921201
vn -0.000885 0.390027 -0.920774
vn -0.944456 0.314768 -0.09415
vn -0.99002 0.103549 -0.095279
vn -0.02298 0.999725 0.002197
vn -0.025086 0.999664 0.002472
vn -0.72158 0.688528 0.072054
vn -0.779595 0.621509 0.076937
vn -0.226356 0.826807 0.514878
vn -0.681173 0.536393 0.498245
vn -0.686819 0.547288 -0.478225
vn -0.473861 0.559862 -0.679708
vn -0.686911 0.547472 -0.477859
vn -0.68218 0.537309 0.495834
vn -0.300363 0.809076 0.505081
vn -0.772942 0.393292 0.497787
vn -0.783197 0.40199 -0.474258
vn -0.869228 0.084475 -0.487075
vn -0.774041 0.393841 0.495682
vn -0.850612 0.082675 0.519181
vn -0.246529 0.263771 0.932524
vn -0.226447 0.82812 0.512742
vn -0.191778 0.277017 0.941527
vn -0.436842 0.558763 0.704917
vn -0.255806 0.225562 0.940031
vn -0.300607 0.810205 0.503128
vn -0.41905 0.041169 0.90701
vn -0.849117 0.082522 0.521683
vn -0.869472 0.084506 -0.486679
vn -0.424604 0.041688 0.904386
vn -0.23133 0.237281 0.94348
vn -0.24012 0.253243 0.937101
vn -0.219398 0.27308 0.936613
vn -0.783166 0.401959 -0.47438
vn -0.473128 0.559832 -0.680197
vn -0.493881 0.048433 -0.86816
vn -0.296304 0.814722 -0.498367
vn -0.28312 0.243904 -0.927519
vn -0.494644 0.048524 -0.867702
vn -0.296304 0.814753 -0.498337
vn -0.283273 0.243965 -0.927458
vn -0.197424 0.304788 -0.9317
vn -0.197363 0.3043 -0.931883
vn 0 0.889462 -0.456984
vn -0.222541 0.831263 -0.509323
vn 0 0.38609 -0.922422
vn -0.439344 0.560564 0.701895
vn 0 0.889431 -0.457015
vn -0.222633 0.831202 -0.509384
vn 0 0.38609 -0.922452
vn 0 0.38432 0.923185
vn -0.270577 0.284707 -0.919614
vn -0.000305 0.861873 0.507065
vn -0.777306 0.624439 0.07654
vn -0.92465 0.369671 0.091067
vn -0.780023 0.620991 0.076815
vn 0 0.860805 0.508896
vn -0.269601 0.284463 -0.91998
vn -0.000183 0.388836 0.921293
vn 0.341777 0.939146 -0.034059
vn -0.779809 0.621265 0.076693
vn -0.777276 0.624439 0.07654
vn 0.000031 0.38905 0.921201
vn -0.000885 0.390027 0.920774
vn -0.944456 0.314829 0.09418
vn -0.989959 0.104038 0.095645
vn 0.033906 0.939238 -0.341533
vn -0.002258 0.999725 0.02295
vn -0.002533 0.999664 0.025147
vn 0.478256 0.547288 0.686789
vn -0.498276 0.536424 0.681143
vn 0.509415 0.831202 0.222602
vn -0.495865 0.537339 0.68215
vn 0.477889 0.547502 0.68688
vn -0.701926 0.560564 0.439314
vn 0.474288 0.40202 0.783197
vn -0.497818 0.393323 0.772942
vn 0.498367 0.814753 0.296274
vn -0.519211 0.082675 0.850612
vn 0.47438 0.401959 0.783135
vn 0.487106 0.084475 0.869228
vn -0.512772 0.828089 0.226417
vn -0.932554 0.263741 0.246467
vn -0.704947 0.558763 0.436811
vn -0.941527 0.276986 0.191748
vn -0.503159 0.810205 0.300577
vn -0.495712 0.393841 0.77401
vn -0.940031 0.225562 0.255745
vn -0.521714 0.082522 0.849086
vn -0.907041 0.041139 0.418989
vn 0.486709 0.084506 0.869442
vn -0.904416 0.041688 0.424543
vn -0.505081 0.809076 0.300363
vn -0.94351 0.237251 0.231269
vn -0.937132 0.253212 0.240089
vn -0.514878 0.826807 0.226325
vn -0.936644 0.273049 0.219337
vn 0.498367 0.814722 0.296274
vn 0.680258 0.559801 0.473098
vn 0.509323 0.831263 0.222541
vn 0.868221 0.048433 0.493789
vn 0.927549 0.243873 0.283059
vn 0.679739 0.559862 0.4738
vn 0.867763 0.048524 0.494552
vn 0.927488 0.243965 0.283212
vn 0.93173 0.304727 0.197424
vn 0.931883 0.30427 0.197333
vn 0.922452 0.386059 0
vn 0.456984 0.889462 0
vn 0.922452 0.386059 0
vn 0.457015 0.889431 0
vn -0.923185 0.384259 0
vn 0.919645 0.284677 0.270516
vn -0.507096 0.861873 0.000305
vn -0.076815 0.621052 0.779962
vn -0.091067 0.369732 0.92465
vn -0.076571 0.62447 0.777245
vn -0.508896 0.860805 0
vn 0.920011 0.284463 0.269539
vn -0.921293 0.388806 0.000183
vn -0.072085 0.68865 0.721488
vn -0.076754 0.621723 0.779443
vn -0.076693 0.621296 0.779778
vn -0.07654 0.6245 0.777245
vn 0 0.544786 0.838557
vn 0 0.37138 0.928465
vn -0.921232 0.388989 -0.000031
vn -0.920804 0.389996 0.000885
vn -0.09418 0.314798 0.944456
vn -0.095309 0.10358 0.99002
vn 0.002197 0.999725 0.02298
vn 0.002472 0.999664 0.025086
vn 0.072054 0.688559 0.721549
vn 0.076968 0.621509 0.779595
vn 0.514878 0.826807 0.226325
vn 0.498276 0.536424 0.681143
vn -0.478256 0.547288 0.686789
vn -0.679739 0.559862 0.4738
vn -0.477889 0.547502 0.68688
vn 0.495865 0.537339 0.68215
vn 0.505081 0.809076 0.300363
vn 0.497818 0.393323 0.772942
vn -0.474288 0.40202 0.783197
vn -0.487106 0.084475 0.869228
vn 0.495712 0.393841 0.77401
vn 0.519211 0.082675 0.850612
vn 0.932554 0.263741 0.246467
vn 0.512772 0.828089 0.226417
vn 0.941527 0.276986 0.191748
vn 0.704947 0.558763 0.436811
vn 0.940031 0.225562 0.255745
vn 0.503159 0.810205 0.300577
vn 0.907041 0.041139 0.418989
vn 0.521714 0.082522 0.849086
vn -0.486709 0.084506 0.869442
vn 0.904416 0.041688 0.424543
vn 0.94351 0.237251 0.231269
vn 0.937132 0.253212 0.240089
vn 0.936644 0.273049 0.219337
vn -0.47438 0.401959 0.783135
vn -0.680258 0.559801 0.473098
vn -0.868221 0.048433 0.493789
vn -0.498367 0.814722 0.296274
vn -0.927549 0.243873 0.283059
vn -0.867763 0.048524 0.494552
vn -0.498367 0.814753 0.296274
vn -0.927488 0.243965 0.283212
vn -0.93173 0.304727 0.197424
vn -0.931883 0.30427 0.197333
vn -0.456984 0.889462 0
vn -0.509323 0.831263 0.222541
vn -0.922452 0.386059 0
vn 0.701926 0.560564 0.439314
vn -0.457015 0.889431 0
vn -0.509415 0.831202 0.222602
vn -0.922452 0.386059 0
vn 0.923185 0.384259 0
vn -0.919645 0.284677 0.270516
vn 0.507096 0.861873 0.000305
vn 0.076571 0.62447 0.777245
vn 0.091067 0.369732 0.92465
vn 0.076815 0.621052 0.779962
vn 0.508896 0.860805 0
vn -0.920011 0.284463 0.269539
vn 0.921293 0.388806 0.000183
vn -0.034059 0.939146 -0.341746
vn 0.076693 0.621296 0.779778
vn 0.07654 0.6245 0.777245
vn 0.921232 0.388989 -0.000031
vn 0.920804 0.389996 0.000885
vn 0.094211 0.314859 0.944426
vn 0.095676 0.104068 0.989929
f 457/457/457 471/471/471 470/470/470
f 470/470/470 425/425/425 457/457/457
f 452/452/452 457/457/457 425/425/425
f 470/470/470 426/426/426 425/425/425
f 443/443/443 452/452/452 425/425/425
f 452/452/452 443/443/443 451/451/451
f 443/443/443 456/456/456 451/451/451
f 426/426/426 416/416/416 425/425/425
f 425/425/425 416/416/416 443/443/443
f 426/426/426 438/438/438 416/416/416
f 443/443/443 417/417/417 456/456/456
f 417/417/417 443/443/443 416/416/416
f 417/417/417 449/449/449 456/456/456
f 438/438/438 418/418/418 416/416/416
f 418/418/418 417/417/417 416/416/416
f 463/463/463 418/418/418 438/438/438
f 417/417/417 446/446/446 449/449/449
f 446/446/446 417/417/417 418/418/418
f 446/446/446 445/445/445 449/449/449
f 429/429/429 418/418/418 463/463/463
f 446/446/446 418/418/418 429/429/429
f 431/431/431 429/429/429 463/463/463
f 446/446/446 441/441/441 445/445/445
f 441/441/441 446/446/446 429/429/429
f 431/431/431 430/430/430 429/429/429
f 429/429/429 430/430/430 441/441/441
f 430/430/430 431/431/431 435/435/435
f 422/422/422 430/430/430 435/435/435
f 441/441/441 423/423/423 445/445/445
f 423/423/423 441/441/441 430/430/430
f 423/423/423 430/430/430 422/422/422
f 423/423/423 444/444/444 445/445/445
f 424/424/424 423/423/423 422/422/422
f 423/423/423 424/424/424 444/444/444
f 3/3/3 2/2/2 1/1/1
f 1/1/1 2/2/2 536/536/536
f 1/1/1 4/4/4 3/3/3
f 537/537/537 536/536/536 2/2/2
f 5/5/5 3/3/3 4/4/4
f 4/4/4 6/6/6 5/5/5
f 537/537/537 2/2/2 115/115/115
f 537/537/537 115/115/115 591/591/591
f 599/599/599 591/591/591 116/116/116
f 115/115/115 116/116/116 591/591/591
f 113/113/113 116/116/116 115/115/115
f 114/114/114 115/115/115 2/2/2
f 115/115/115 114/114/114 113/113/113
f 2/2/2 3/3/3 114/114/114
f 117/117/117 113/113/113 114/114/114
f 118/118/118 114/114/114 3/3/3
f 114/114/114 118/118/118 117/117/117
f 3/3/3 5/5/5 118/118/118
f 119/119/119 117/117/117 118/118/118
f 7/7/7 5/5/5 6/6/6
f 118/118/118 120/120/120 119/119/119
f 120/120/120 118/118/118 5/5/5
f 5/5/5 7/7/7 120/120/120
f 121/121/121 119/119/119 120/120/120
f 6/6/6 8/8/8 7/7/7
f 120/120/120 122/122/122 121/121/121
f 122/122/122 120/120/120 7/7/7
f 123/123/123 121/121/121 122/122/122
f 9/9/9 7/7/7 8/8/8
f 7/7/7 9/9/9 122/122/122
f 8/8/8 10/10/10 9/9/9
f 122/122/122 124/124/124 123/123/123
f 124/124/124 122/122/122 9/9/9
f 125/125/125 123/123/123 124/124/124
f 11/11/11 9/9/9 10/10/10
f 9/9/9 11/11/11 124/124/124
f 10/10/10 12/12/12 11/11/11
f 124/124/124 126/126/126 125/125/125
f 126/126/126 124/124/124 11/11/11
f 125/125/125 126/126/126 535/535/535
f 477/477/477 535/535/535 126/126/126
f 13/13/13 11/11/11 12/12/12
f 11/11/11 13/13/13 126/126/126
f 477/477/477 126/126/126 13/13/13
f 12/12/12 14/14/14 13/13/13
f 477/477/477 13/13/13 474/474/474
f 13/13/13 14/14/14 474/474/474
f 529/529/529 474/474/474 14/14/14
f 17/17/17 16/16/16 15/15/15
f 15/15/15 16/16/16 410/410/410
f 15/15/15 18/18/18 17/17/17
f 411/411/411 410/410/410 16/16/16
f 19/19/19 17/17/17 18/18/18
f 18/18/18 20/20/20 19/19/19
f 411/411/411 16/16/16 129/129/129
f 411/411/411 129/129/129 465/465/465
f 473/473/473 465/465/465 130/130/130
f 129/129/129 130/130/130 465/465/465
f 127/127/127 130/130/130 129/129/129
f 128/128/128 129/129/129 16/16/16
f 129/129/129 128/128/128 127/127/127
f 16/16/16 17/17/17 128/128/128
f 131/131/131 127/127/127 128/128/128
f 132/132/132 128/128/128 17/17/17
f 128/128/128 132/132/132 131/131/131
f 17/17/17 19/19/19 132/132/132
f 133/133/133 131/131/131 132/132/132
f 21/21/21 19/19/19 20/20/20
f 132/132/132 134/134/134 133/133/133
f 134/134/134 132/132/132 19/19/19
f 19/19/19 21/21/21 134/134/134
f 135/135/135 133/133/133 134/134/134
f 20/20/20 22/22/22 21/21/21
f 134/134/134 136/136/136 135/135/135
f 136/136/136 134/134/134 21/21/21
f 137/137/137 135/135/135 136/136/136
f 23/23/23 21/21/21 22/22/22
f 21/21/21 23/23/23 136/136/136
f 22/22/22 24/24/24 23/23/23
f 136/136/136 138/138/138 137/137/137
f 138/138/138 136/136/136 23/23/23
f 139/139/139 137/137/137 138/138/138
f 25/25/25 23/23/23 24/24/24
f 23/23/23 25/25/25 138/138/138
f 24/24/24 26/26/26 25/25/25
f 138/138/138 140/140/140 139/139/139
f 140/140/140 138/138/138 25/25/25
f 139/139/139 140/140/140 913/913/913
f 855/855/855 913/913/913 140/140/140
f 27/27/27 25/25/25 26/26/26
f 25/25/25 27/27/27 140/140/140
f 855/855/855 140/140/140 27/27/27
f 26/26/26 28/28/28 27/27/27
f 855/855/855 27/27/27 852/852/852
f 27/27/27 28/28/28 852/852/852
f 907/907/907 852/852/852 28/28/28
f 31/31/31 30/30/30 29/29/29
f 29/29/29 30/30/30 788/788/788
f 29/29/29 32/32/32 31/31/31
f 789/789/789 788/788/788 30/30/30
f 33/33/33 31/31/31 32/32/32
f 32/32/32 34/34/34 33/33/33
f 789/789/789 30/30/30 143/143/143
f 789/789/789 143/143/143 843/843/843
f 851/851/851 843/843/843 144/144/144
f 143/143/143 144/144/144 843/843/843
f 141/141/141 144/144/144 143/143/143
f 142/142/142 143/143/143 30/30/30
f 143/143/143 142/142/142 141/141/141
f 30/30/30 31/31/31 142/142/142
f 145/145/145 141/141/141 142/142/142
f 146/146/146 142/142/142 31/31/31
f 142/142/142 146/146/146 145/145/145
f 31/31/31 33/33/33 146/146/146
f 147/147/147 145/145/145 146/146/146
f 35/35/35 33/33/33 34/34/34
f 146/146/146 148/148/148 147/147/147
f 148/148/148 146/146/146 33/33/33
f 33/33/33 35/35/35 148/148/148
f 149/149/149 147/147/147 148/148/148
f 34/34/34 36/36/36 35/35/35
f 148/148/148 150/150/150 149/149/149
f 150/150/150 148/148/148 35/35/35
f 151/151/151 149/149/149 150/150/150
f 37/37/37 35/35/35 36/36/36
f 35/35/35 37/37/37 150/150/150
f 36/36/36 38/38/38 37/37/37
f 150/150/150 152/152/152 151/151/151
f 152/152/152 150/150/150 37/37/37
f 153/153/153 151/151/151 152/152/152
f 39/39/39 37/37/37 38/38/38
f 37/37/37 39/39/39 152/152/152
f 38/38/38 40/40/40 39/39/39
f 152/152/152 154/154/154 153/153/153
f 154/154/154 152/152/152 39/39/39
f 153/153/153 154/154/154 787/787/787
f 729/729/729 787/787/787 154/154/154
f 41/41/41 39/39/39 40/40/40
f 39/39/39 41/41/41 154/154/154
f 729/729/729 154/154/154 41/41/41
f 40/40/40 42/42/42 41/41/41
f 729/729/729 41/41/41 726/726/726
f 41/41/41 42/42/42 726/726/726
f 781/781/781 726/726/726 42/42/42
f 45/45/45 44/44/44 43/43/43
f 43/43/43 44/44/44 662/662/662
f 43/43/43 46/46/46 45/45/45
f 663/663/663 662/662/662 44/44/44
f 47/47/47 45/45/45 46/46/46
f 46/46/46 48/48/48 47/47/47
f 663/663/663 44/44/44 157/157/157
f 663/663/663 157/157/157 717/717/717
f 725/725/725 717/717/717 158/158/158
f 157/157/157 158/158/158 717/717/717
f 155/155/155 158/158/158 157/157/157
f 156/156/156 157/157/157 44/44/44
f 157/157/157 156/156/156 155/155/155
f 44/44/44 45/45/45 156/156/156
f 159/159/159 155/155/155 156/156/156
f 160/160/160 156/156/156 45/45/45
f 156/156/156 160/160/160 159/159/159
f 45/45/45 47/47/47 160/160/160
f 161/161/161 159/159/159 160/160/160
f 49/49/49 47/47/47 48/48/48
f 160/160/160 162/162/162 161/161/161
f 162/162/162 160/160/160 47/47/47
f 47/47/47 49/49/49 162/162/162
f 163/163/163 161/161/161 162/162/162
f 48/48/48 50/50/50 49/49/49
f 162/162/162 164/164/164 163/163/163
f 164/164/164 162/162/162 49/49/49
f 165/165/165 163/163/163 164/164/164
f 51/51/51 49/49/49 50/50/50
f 49/49/49 51/51/51 164/164/164
f 50/50/50 52/52/52 51/51/51
f 164/164/164 166/166/166 165/165/165
f 166/166/166 164/164/164 51/51/51
f 167/167/167 165/165/165 166/166/166
f 53/53/53 51/51/51 52/52/52
f 51/51/51 53/53/53 166/166/166
f 52/52/52 54/54/54 53/53/53
f 166/166/166 168/168/168 167/167/167
f 168/168/168 166/166/166 53/53/53
f 167/167/167 168/168/168 661/661/661
f 603/603/603 661/661/661 168/168/168
f 55/55/55 53/53/53 54/54/54
f 53/53/53 55/55/55 168/168/168
f 603/603/603 168/168/168 55/55/55
f 54/54/54 56/56/56 55/55/55
f 603/603/603 55/55/55 600/600/600
f 55/55/55 56/56/56 600/600/600
f 655/655/655 600/600/600 56/56/56
f 59/59/59 58/58/58 57/57/57
f 57/57/57 60/60/60 59/59/59
f 69/69/69 59/59/59 60/60/60
f 64/64/64 57/57/57 58/58/58
f 58/58/58 63/63/63 64/64/64
f 60/60/60 70/70/70 69/69/69
f 412/412/412 69/69/69 70/70/70
f 61/61/61 64/64/64 63/63/63
f 63/63/63 62/62/62 61/61/61
f 412/412/412 70/70/70 183/183/183
f 412/412/412 183/183/183 464/464/464
f 472/472/472 464/464/464 184/184/184
f 464/464/464 183/183/183 184/184/184
f 185/185/185 184/184/184 183/183/183
f 186/186/186 183/183/183 70/70/70
f 183/183/183 186/186/186 185/185/185
f 70/70/70 60/60/60 186/186/186
f 187/187/187 185/185/185 186/186/186
f 188/188/188 186/186/186 60/60/60
f 186/186/186 188/188/188 187/187/187
f 60/60/60 57/57/57 188/188/188
f 189/189/189 187/187/187 188/188/188
f 190/190/190 188/188/188 57/57/57
f 188/188/188 190/190/190 189/189/189
f 57/57/57 64/64/64 190/190/190
f 191/191/191 189/189/189 190/190/190
f 192/192/192 190/190/190 64/64/64
f 190/190/190 192/192/192 191/191/191
f 64/64/64 61/61/61 192/192/192
f 193/193/193 191/191/191 192/192/192
f 192/192/192 194/194/194 193/193/193
f 194/194/194 192/192/192 61/61/61
f 195/195/195 193/193/193 194/194/194
f 68/68/68 61/61/61 62/62/62
f 61/61/61 68/68/68 194/194/194
f 62/62/62 67/67/67 68/68/68
f 194/194/194 196/196/196 195/195/195
f 196/196/196 194/194/194 68/68/68
f 195/195/195 196/196/196 912/912/912
f 912/912/912 196/196/196 854/854/854
f 65/65/65 68/68/68 67/67/67
f 68/68/68 65/65/65 196/196/196
f 854/854/854 196/196/196 65/65/65
f 67/67/67 66/66/66 65/65/65
f 854/854/854 65/65/65 853/853/853
f 65/65/65 66/66/66 853/853/853
f 73/73/73 72/72/72 71/71/71
f 71/71/71 74/74/74 73/73/73
f 76/76/76 73/73/73 74/74/74
f 83/83/83 71/71/71 72/72/72
f 72/72/72 84/84/84 83/83/83
f 83/83/83 84/84/84 475/475/475
f 476/476/476 83/83/83 475/475/475
f 476/476/476 182/182/182 83/83/83
f 71/71/71 83/83/83 182/182/182
f 534/534/534 182/182/182 476/476/476
f 181/181/181 182/182/182 534/534/534
f 182/182/182 180/180/180 71/71/71
f 180/180/180 182/182/182 181/181/181
f 74/74/74 71/71/71 180/180/180
f 181/181/181 179/179/179 180/180/180
f 178/178/178 180/180/180 179/179/179
f 180/180/180 178/178/178 74/74/74
f 179/179/179 177/177/177 178/178/178
f 74/74/74 75/75/75 76/76/76
f 75/75/75 74/74/74 178/178/178
f 77/77/77 76/76/76 75/75/75
f 176/176/176 178/178/178 177/177/177
f 178/178/178 176/176/176 75/75/75
f 177/177/177 175/175/175 176/176/176
f 75/75/75 78/78/78 77/77/77
f 78/78/78 75/75/75 176/176/176
f 80/80/80 77/77/77 78/78/78
f 174/174/174 176/176/176 175/175/175
f 176/176/176 174/174/174 78/78/78
f 175/175/175 173/173/173 174/174/174
f 78/78/78 79/79/79 80/80/80
f 79/79/79 78/78/78 174/174/174
f 81/81/81 80/80/80 79/79/79
f 172/172/172 174/174/174 173/173/173
f 174/174/174 172/172/172 79/79/79
f 173/173/173 171/171/171 172/172/172
f 79/79/79 82/82/82 81/81/81
f 82/82/82 79/79/79 172/172/172
f 538/538/538 81/81/81 82/82/82
f 169/169/169 172/172/172 171/171/171
f 172/172/172 169/169/169 82/82/82
f 538/538/538 82/82/82 169/169/169
f 171/171/171 170/170/170 169/169/169
f 538/538/538 169/169/169 590/590/590
f 590/590/590 169/169/169 170/170/170
f 598/598/598 590/590/590 170/170/170
f 87/87/87 86/86/86 85/85/85
f 85/85/85 88/88/88 87/87/87
f 97/97/97 87/87/87 88/88/88
f 92/92/92 85/85/85 86/86/86
f 86/86/86 91/91/91 92/92/92
f 88/88/88 98/98/98 97/97/97
f 664/664/664 97/97/97 98/98/98
f 89/89/89 92/92/92 91/91/91
f 91/91/91 90/90/90 89/89/89
f 664/664/664 98/98/98 211/211/211
f 664/664/664 211/211/211 716/716/716
f 724/724/724 716/716/716 212/212/212
f 716/716/716 211/211/211 212/212/212
f 213/213/213 212/212/212 211/211/211
f 214/214/214 211/211/211 98/98/98
f 211/211/211 214/214/214 213/213/213
f 98/98/98 88/88/88 214/214/214
f 215/215/215 213/213/213 214/214/214
f 216/216/216 214/214/214 88/88/88
f 214/214/214 216/216/216 215/215/215
f 88/88/88 85/85/85 216/216/216
f 217/217/217 215/215/215 216/216/216
f 218/218/218 216/216/216 85/85/85
f 216/216/216 218/218/218 217/217/217
f 85/85/85 92/92/92 218/218/218
f 219/219/219 217/217/217 218/218/218
f 220/220/220 218/218/218 92/92/92
f 218/218/218 220/220/220 219/219/219
f 92/92/92 89/89/89 220/220/220
f 221/221/221 219/219/219 220/220/220
f 220/220/220 222/222/222 221/221/221
f 222/222/222 220/220/220 89/89/89
f 223/223/223 221/221/221 222/222/222
f 96/96/96 89/89/89 90/90/90
f 89/89/89 96/96/96 222/222/222
f 90/90/90 95/95/95 96/96/96
f 222/222/222 224/224/224 223/223/223
f 224/224/224 222/222/222 96/96/96
f 223/223/223 224/224/224 660/660/660
f 660/660/660 224/224/224 602/602/602
f 93/93/93 96/96/96 95/95/95
f 96/96/96 93/93/93 224/224/224
f 602/602/602 224/224/224 93/93/93
f 95/95/95 94/94/94 93/93/93
f 602/602/602 93/93/93 601/601/601
f 93/93/93 94/94/94 601/601/601
f 101/101/101 100/100/100 99/99/99
f 99/99/99 102/102/102 101/101/101
f 104/104/104 101/101/101 102/102/102
f 111/111/111 99/99/99 100/100/100
f 100/100/100 112/112/112 111/111/111
f 111/111/111 112/112/112 727/727/727
f 728/728/728 111/111/111 727/727/727
f 728/728/728 210/210/210 111/111/111
f 99/99/99 111/111/111 210/210/210
f 786/786/786 210/210/210 728/728/728
f 209/209/209 210/210/210 786/786/786
f 210/210/210 208/208/208 99/99/99
f 208/208/208 210/210/210 209/209/209
f 102/102/102 99/99/99 208/208/208
f 209/209/209 207/207/207 208/208/208
f 206/206/206 208/208/208 207/207/207
f 208/208/208 206/206/206 102/102/102
f 207/207/207 205/205/205 206/206/206
f 102/102/102 103/103/103 104/104/104
f 103/103/103 102/102/102 206/206/206
f 105/105/105 104/104/104 103/103/103
f 204/204/204 206/206/206 205/205/205
f 206/206/206 204/204/204 103/103/103
f 205/205/205 203/203/203 204/204/204
f 103/103/103 106/106/106 105/105/105
f 106/106/106 103/103/103 204/204/204
f 108/108/108 105/105/105 106/106/106
f 202/202/202 204/204/204 203/203/203
f 204/204/204 202/202/202 106/106/106
f 203/203/203 201/201/201 202/202/202
f 106/106/106 107/107/107 108/108/108
f 107/107/107 106/106/106 202/202/202
f 109/109/109 108/108/108 107/107/107
f 200/200/200 202/202/202 201/201/201
f 202/202/202 200/200/200 107/107/107
f 201/201/201 199/199/199 200/200/200
f 107/107/107 110/110/110 109/109/109
f 110/110/110 107/107/107 200/200/200
f 790/790/790 109/109/109 110/110/110
f 197/197/197 200/200/200 199/199/199
f 200/200/200 197/197/197 110/110/110
f 790/790/790 110/110/110 197/197/197
f 199/199/199 198/198/198 197/197/197
f 790/790/790 197/197/197 842/842/842
f 842/842/842 197/197/197 198/198/198
f 850/850/850 842/842/842 198/198/198
f 227/227/227 226/226/226 225/225/225
f 225/225/225 226/226/226 228/228/228
f 282/282/282 226/226/226 227/227/227
f 281/281/281 282/282/282 227/227/227
f 280/280/280 282/282/282 281/281/281
f 228/228/228 226/226/226 230/230/230
f 228/228/228 230/230/230 229/229/229
f 229/229/229 230/230/230 231/231/231
f 280/280/280 279/279/279 282/282/282
f 278/278/278 279/279/279 280/280/280
f 277/277/277 279/279/279 278/278/278
f 231/231/231 230/230/230 233/233/233
f 231/231/231 233/233/233 232/232/232
f 232/232/232 233/233/233 234/234/234
f 277/277/277 276/276/276 279/279/279
f 275/275/275 276/276/276 277/277/277
f 274/274/274 276/276/276 275/275/275
f 234/234/234 233/233/233 236/236/236
f 234/234/234 236/236/236 235/235/235
f 235/235/235 236/236/236 237/237/237
f 274/274/274 273/273/273 276/276/276
f 272/272/272 273/273/273 274/274/274
f 271/271/271 273/273/273 272/272/272
f 237/237/237 236/236/236 239/239/239
f 237/237/237 239/239/239 238/238/238
f 238/238/238 239/239/239 240/240/240
f 271/271/271 270/270/270 273/273/273
f 269/269/269 270/270/270 271/271/271
f 268/268/268 270/270/270 269/269/269
f 240/240/240 239/239/239 242/242/242
f 240/240/240 242/242/242 241/241/241
f 241/241/241 242/242/242 243/243/243
f 268/268/268 267/267/267 270/270/270
f 266/266/266 267/267/267 268/268/268
f 265/265/265 267/267/267 266/266/266
f 243/243/243 242/242/242 245/245/245
f 243/243/243 245/245/245 244/244/244
f 244/244/244 245/245/245 246/246/246
f 265/265/265 264/264/264 267/267/267
f 263/263/263 264/264/264 265/265/265
f 262/262/262 264/264/264 263/263/263
f 246/246/246 245/245/245 248/248/248
f 246/246/246 248/248/248 247/247/247
f 247/247/247 248/248/248 249/249/249
f 262/262/262 261/261/261 264/264/264
f 249/249/249 248/248/248 261/261/261
f 260/260/260 261/261/261 262/262/262
f 249/249/249 261/261/261 260/260/260
f 257/257/257 248/248/248 245/245/245
f 248/248/248 256/256/256 261/261/261
f 257/257/257 256/256/256 248/248/248
f 287/287/287 264/264/264 261/261/261
f 256/256/256 287/287/287 261/261/261
f 258/258/258 257/257/257 245/245/245
f 258/258/258 245/245/245 242/242/242
f 287/287/287 286/286/286 264/264/264
f 286/286/286 267/267/267 264/264/264
f 250/250/250 258/258/258 242/242/242
f 250/250/250 242/242/242 239/239/239
f 286/286/286 285/285/285 267/267/267
f 285/285/285 270/270/270 267/267/267
f 251/251/251 250/250/250 239/239/239
f 251/251/251 239/239/239 236/236/236
f 285/285/285 284/284/284 270/270/270
f 284/284/284 273/273/273 270/270/270
f 252/252/252 251/251/251 236/236/236
f 252/252/252 236/236/236 233/233/233
f 284/284/284 283/283/283 273/273/273
f 283/283/283 276/276/276 273/273/273
f 253/253/253 252/252/252 233/233/233
f 253/253/253 233/233/233 230/230/230
f 283/283/283 289/289/289 276/276/276
f 289/289/289 279/279/279 276/276/276
f 254/254/254 253/253/253 230/230/230
f 254/254/254 230/230/230 226/226/226
f 289/289/289 288/288/288 279/279/279
f 288/288/288 282/282/282 279/279/279
f 282/282/282 255/255/255 226/226/226
f 288/288/288 255/255/255 282/282/282
f 255/255/255 254/254/254 226/226/226
f 288/288/288 289/289/289 259/259/259
f 255/255/255 288/288/288 259/259/259
f 289/289/289 283/283/283 259/259/259
f 254/254/254 255/255/255 259/259/259
f 283/283/283 284/284/284 259/259/259
f 253/253/253 254/254/254 259/259/259
f 284/284/284 285/285/285 259/259/259
f 252/252/252 253/253/253 259/259/259
f 285/285/285 286/286/286 259/259/259
f 251/251/251 252/252/252 259/259/259
f 286/286/286 287/287/287 259/259/259
f 250/250/250 251/251/251 259/259/259
f 287/287/287 256/256/256 259/259/259
f 258/258/258 250/250/250 259/259/259
f 256/256/256 257/257/257 259/259/259
f 257/257/257 258/258/258 259/259/259
f 292/292/292 291/291/291 290/290/290
f 293/293/293 290/290/290 291/291/291
f 302/302/302 290/290/290 293/293/293
f 297/297/297 291/291/291 292/292/292
f 292/292/292 294/294/294 297/297/297
f 293/293/293 303/303/303 302/302/302
f 302/302/302 303/303/303 306/306/306
f 297/297/297 294/294/294 295/295/295
f 296/296/296 295/295/295 294/294/294
f 291/291/291 297/297/297 357/357/357
f 301/301/301 295/295/295 296/296/296
f 296/296/296 298/298/298 301/301/301
f 297/297/297 295/295/295 356/356/356
f 356/356/356 357/357/357 297/297/297
f 295/295/295 301/301/301 359/359/359
f 359/359/359 356/356/356 295/295/295
f 301/301/301 298/298/298 299/299/299
f 300/300/300 299/299/299 298/298/298
f 358/358/358 359/359/359 301/301/301
f 301/301/301 299/299/299 358/358/358
f 356/356/356 359/359/359 387/387/387
f 387/387/387 384/384/384 356/356/356
f 357/357/357 356/356/356 384/384/384
f 386/386/386 387/387/387 359/359/359
f 359/359/359 358/358/358 386/386/386
f 384/384/384 385/385/385 357/357/357
f 386/386/386 358/358/358 908/908/908
f 908/908/908 358/358/358 299/299/299
f 299/299/299 901/901/901 908/908/908
f 354/354/354 357/357/357 385/385/385
f 357/357/357 354/354/354 291/291/291
f 293/293/293 291/291/291 354/354/354
f 385/385/385 382/382/382 354/354/354
f 354/354/354 355/355/355 293/293/293
f 355/355/355 354/354/354 382/382/382
f 303/303/303 293/293/293 355/355/355
f 382/382/382 383/383/383 355/355/355
f 903/903/903 902/902/902 901/901/901
f 903/903/903 901/901/901 299/299/299
f 360/360/360 355/355/355 383/383/383
f 355/355/355 360/360/360 303/303/303
f 383/383/383 388/388/388 360/360/360
f 466/466/466 360/360/360 388/388/388
f 303/303/303 360/360/360 466/466/466
f 466/466/466 460/460/460 303/303/303
f 903/903/903 299/299/299 304/304/304
f 304/304/304 299/299/299 300/300/300
f 304/304/304 909/909/909 903/903/903
f 300/300/300 305/305/305 304/304/304
f 460/460/460 459/459/459 458/458/458
f 304/304/304 846/846/846 909/909/909
f 909/909/909 846/846/846 847/847/847
f 847/847/847 846/846/846 845/845/845
f 845/845/845 846/846/846 304/304/304
f 836/836/836 845/845/845 304/304/304
f 307/307/307 460/460/460 458/458/458
f 460/460/460 307/307/307 303/303/303
f 307/307/307 306/306/306 303/303/303
f 458/458/458 467/467/467 307/307/307
f 321/321/321 306/306/306 307/307/307
f 304/304/304 838/838/838 836/836/836
f 838/838/838 837/837/837 836/836/836
f 838/838/838 304/304/304 351/351/351
f 305/305/305 351/351/351 304/304/304
f 844/844/844 838/838/838 351/351/351
f 351/351/351 305/305/305 348/348/348
f 351/351/351 380/380/380 844/844/844
f 844/844/844 380/380/380 408/408/408
f 407/407/407 408/408/408 380/380/380
f 351/351/351 348/348/348 349/349/349
f 380/380/380 379/379/379 407/407/407
f 379/379/379 380/380/380 351/351/351
f 351/351/351 349/349/349 379/379/379
f 406/406/406 407/407/407 379/379/379
f 350/350/350 349/349/349 348/348/348
f 379/379/379 378/378/378 406/406/406
f 378/378/378 379/379/379 349/349/349
f 405/405/405 406/406/406 378/378/378
f 350/350/350 347/347/347 349/349/349
f 349/349/349 347/347/347 378/378/378
f 347/347/347 350/350/350 344/344/344
f 378/378/378 377/377/377 405/405/405
f 377/377/377 378/378/378 347/347/347
f 404/404/404 405/405/405 377/377/377
f 347/347/347 344/344/344 345/345/345
f 347/347/347 345/345/345 377/377/377
f 346/346/346 345/345/345 344/344/344
f 377/377/377 376/376/376 404/404/404
f 376/376/376 377/377/377 345/345/345
f 403/403/403 404/404/404 376/376/376
f 346/346/346 343/343/343 345/345/345
f 345/345/345 343/343/343 376/376/376
f 343/343/343 346/346/346 340/340/340
f 376/376/376 375/375/375 403/403/403
f 375/375/375 376/376/376 343/343/343
f 409/409/409 403/403/403 375/375/375
f 343/343/343 340/340/340 341/341/341
f 343/343/343 341/341/341 375/375/375
f 342/342/342 341/341/341 340/340/340
f 375/375/375 381/381/381 409/409/409
f 381/381/381 375/375/375 341/341/341
f 409/409/409 381/381/381 782/782/782
f 342/342/342 352/352/352 341/341/341
f 341/341/341 352/352/352 381/381/381
f 782/782/782 381/381/381 352/352/352
f 352/352/352 342/342/342 353/353/353
f 352/352/352 775/775/775 782/782/782
f 777/777/777 776/776/776 775/775/775
f 777/777/777 775/775/775 352/352/352
f 352/352/352 353/353/353 339/339/339
f 777/777/777 352/352/352 339/339/339
f 353/353/353 338/338/338 339/339/339
f 339/339/339 783/783/783 777/777/777
f 339/339/339 720/720/720 783/783/783
f 783/783/783 720/720/720 721/721/721
f 721/721/721 720/720/720 719/719/719
f 719/719/719 720/720/720 339/339/339
f 710/710/710 719/719/719 339/339/339
f 712/712/712 711/711/711 710/710/710
f 339/339/339 712/712/712 710/710/710
f 339/339/339 338/338/338 337/337/337
f 712/712/712 339/339/339 337/337/337
f 336/336/336 337/337/337 338/338/338
f 718/718/718 712/712/712 337/337/337
f 327/327/327 337/337/337 336/336/336
f 336/336/336 324/324/324 327/327/327
f 337/337/337 374/374/374 718/718/718
f 718/718/718 374/374/374 402/402/402
f 397/397/397 402/402/402 374/374/374
f 369/369/369 374/374/374 337/337/337
f 374/374/374 369/369/369 397/397/397
f 337/337/337 327/327/327 369/369/369
f 396/396/396 397/397/397 369/369/369
f 327/327/327 324/324/324 325/325/325
f 369/369/369 368/368/368 396/396/396
f 368/368/368 369/369/369 327/327/327
f 327/327/327 325/325/325 368/368/368
f 399/399/399 396/396/396 368/368/368
f 326/326/326 325/325/325 324/324/324
f 368/368/368 371/371/371 399/399/399
f 371/371/371 368/368/368 325/325/325
f 398/398/398 399/399/399 371/371/371
f 331/331/331 325/325/325 326/326/326
f 325/325/325 331/331/331 371/371/371
f 326/326/326 328/328/328 331/331/331
f 371/371/371 370/370/370 398/398/398
f 370/370/370 371/371/371 331/331/331
f 401/401/401 398/398/398 370/370/370
f 331/331/331 328/328/328 329/329/329
f 331/331/331 329/329/329 370/370/370
f 330/330/330 329/329/329 328/328/328
f 370/370/370 373/373/373 401/401/401
f 373/373/373 370/370/370 329/329/329
f 400/400/400 401/401/401 373/373/373
f 335/335/335 329/329/329 330/330/330
f 329/329/329 335/335/335 373/373/373
f 330/330/330 332/332/332 335/335/335
f 373/373/373 372/372/372 400/400/400
f 372/372/372 373/373/373 335/335/335
f 400/400/400 372/372/372 656/656/656
f 335/335/335 332/332/332 333/333/333
f 335/335/335 333/333/333 372/372/372
f 656/656/656 372/372/372 333/333/333
f 334/334/334 333/333/333 332/332/332
f 333/333/333 649/649/649 656/656/656
f 651/651/651 650/650/650 649/649/649
f 651/651/651 649/649/649 333/333/333
f 322/322/322 333/333/333 334/334/334
f 651/651/651 333/333/333 322/322/322
f 334/334/334 323/323/323 322/322/322
f 322/322/322 657/657/657 651/651/651
f 322/322/322 594/594/594 657/657/657
f 657/657/657 594/594/594 595/595/595
f 595/595/595 594/594/594 593/593/593
f 593/593/593 594/594/594 322/322/322
f 584/584/584 593/593/593 322/322/322
f 586/586/586 585/585/585 584/584/584
f 322/322/322 586/586/586 584/584/584
f 323/323/323 319/319/319 322/322/322
f 586/586/586 322/322/322 319/319/319
f 319/319/319 323/323/323 316/316/316
f 592/592/592 586/586/586 319/319/319
f 319/319/319 316/316/316 317/317/317
f 318/318/318 317/317/317 316/316/316
f 319/319/319 366/366/366 592/592/592
f 592/592/592 366/366/366 394/394/394
f 393/393/393 394/394/394 366/366/366
f 365/365/365 366/366/366 319/319/319
f 366/366/366 365/365/365 393/393/393
f 319/319/319 317/317/317 365/365/365
f 392/392/392 393/393/393 365/365/365
f 318/318/318 315/315/315 317/317/317
f 365/365/365 364/364/364 392/392/392
f 364/364/364 365/365/365 317/317/317
f 317/317/317 315/315/315 364/364/364
f 391/391/391 392/392/392 364/364/364
f 315/315/315 318/318/318 312/312/312
f 364/364/364 363/363/363 391/391/391
f 363/363/363 364/364/364 315/315/315
f 390/390/390 391/391/391 363/363/363
f 315/315/315 312/312/312 313/313/313
f 315/315/315 313/313/313 363/363/363
f 314/314/314 313/313/313 312/312/312
f 363/363/363 362/362/362 390/390/390
f 362/362/362 363/363/363 313/313/313
f 389/389/389 390/390/390 362/362/362
f 314/314/314 311/311/311 313/313/313
f 313/313/313 311/311/311 362/362/362
f 311/311/311 314/314/314 308/308/308
f 362/362/362 361/361/361 389/389/389
f 361/361/361 362/362/362 311/311/311
f 395/395/395 389/389/389 361/361/361
f 311/311/311 308/308/308 309/309/309
f 311/311/311 309/309/309 361/361/361
f 310/310/310 309/309/309 308/308/308
f 361/361/361 367/367/367 395/395/395
f 367/367/367 361/361/361 309/309/309
f 395/395/395 367/367/367 530/530/530
f 310/310/310 320/320/320 309/309/309
f 309/309/309 320/320/320 367/367/367
f 530/530/530 367/367/367 320/320/320
f 320/320/320 310/310/310 321/321/321
f 320/320/320 523/523/523 530/530/530
f 320/320/320 321/321/321 307/307/307
f 525/525/525 523/523/523 320/320/320
f 525/525/525 320/320/320 307/307/307
f 525/525/525 524/524/524 523/523/523
f 307/307/307 531/531/531 525/525/525
f 307/307/307 468/468/468 531/531/531
f 531/531/531 468/468/468 469/469/469
f 467/467/467 468/468/468 307/307/307
f 469/469/469 468/468/468 467/467/467
f 415/415/415 414/414/414 413/413/413
f 415/415/415 413/413/413 462/462/462
f 415/415/415 462/462/462 453/453/453
f 413/413/413 450/450/450 462/462/462
f 454/454/454 415/415/415 453/453/453
f 413/413/413 442/442/442 450/450/450
f 415/415/415 454/454/454 439/439/439
f 439/439/439 414/414/414 415/415/415
f 454/454/454 461/461/461 439/439/439
f 439/439/439 461/461/461 455/455/455
f 439/439/439 455/455/455 440/440/440
f 440/440/440 414/414/414 439/439/439
f 414/414/414 440/440/440 428/428/428
f 442/442/442 448/448/448 450/450/450
f 414/414/414 428/428/428 427/427/427
f 413/413/413 414/414/414 427/427/427
f 413/413/413 427/427/427 442/442/442
f 427/427/427 428/428/428 437/437/437
f 442/442/442 427/427/427 436/436/436
f 436/436/436 427/427/427 437/437/437
f 442/442/442 421/421/421 448/448/448
f 421/421/421 442/442/442 436/436/436
f 437/437/437 420/420/420 436/436/436
f 436/436/436 420/420/420 421/421/421
f 420/420/420 437/437/437 433/433/433
f 420/420/420 433/433/433 432/432/432
f 421/421/421 419/419/419 448/448/448
f 421/421/421 420/420/420 419/419/419
f 419/419/419 420/420/420 432/432/432
f 419/419/419 447/447/447 448/448/448
f 419/419/419 432/432/432 434/434/434
f 419/419/419 434/434/434 447/447/447
f 480/480/480 479/479/479 478/478/478
f 478/478/478 479/479/479 502/502/502
f 502/502/502 520/520/520 478/478/478
f 492/492/492 502/502/502 479/479/479
f 520/520/520 526/526/526 478/478/478
f 493/493/493 492/492/492 479/479/479
f 478/478/478 526/526/526 518/518/518
f 518/518/518 480/480/480 478/478/478
f 518/518/518 526/526/526 517/517/517
f 519/519/519 518/518/518 517/517/517
f 519/519/519 527/527/527 518/518/518
f 527/527/527 480/480/480 518/518/518
f 527/527/527 512/512/512 480/480/480
f 500/500/500 492/492/492 493/493/493
f 512/512/512 504/504/504 480/480/480
f 504/504/504 479/479/479 480/480/480
f 504/504/504 493/493/493 479/479/479
f 512/512/512 510/510/510 504/504/504
f 509/509/509 493/493/493 504/504/504
f 510/510/510 509/509/509 504/504/504
f 500/500/500 493/493/493 484/484/484
f 484/484/484 493/493/493 509/509/509
f 510/510/510 486/486/486 509/509/509
f 509/509/509 486/486/486 484/484/484
f 510/510/510 508/508/508 486/486/486
f 508/508/508 498/498/498 486/486/486
f 484/484/484 485/485/485 500/500/500
f 486/486/486 485/485/485 484/484/484
f 498/498/498 485/485/485 486/486/486
f 496/496/496 500/500/500 485/485/485
f 498/498/498 497/497/497 485/485/485
f 497/497/497 496/496/496 485/485/485
f 483/483/483 482/482/482 481/481/481
f 511/511/511 481/481/481 482/482/482
f 521/521/521 511/511/511 482/482/482
f 511/511/511 507/507/507 481/481/481
f 521/521/521 482/482/482 514/514/514
f 515/515/515 521/521/521 514/514/514
f 515/515/515 514/514/514 513/513/513
f 514/514/514 522/522/522 513/513/513
f 514/514/514 482/482/482 491/491/491
f 491/491/491 522/522/522 514/514/514
f 483/483/483 491/491/491 482/482/482
f 532/532/532 533/533/533 522/522/522
f 522/522/522 491/491/491 532/532/532
f 491/491/491 490/490/490 532/532/532
f 491/491/491 483/483/483 490/490/490
f 483/483/483 501/501/501 490/490/490
f 483/483/483 516/516/516 501/501/501
f 516/516/516 483/483/483 481/481/481
f 501/501/501 516/516/516 528/528/528
f 506/506/506 516/516/516 481/481/481
f 507/507/507 506/506/506 481/481/481
f 528/528/528 516/516/516 495/495/495
f 495/495/495 516/516/516 506/506/506
f 528/528/528 495/495/495 494/494/494
f 507/507/507 503/503/503 506/506/506
f 506/506/506 503/503/503 495/495/495
f 507/507/507 505/505/505 503/503/503
f 505/505/505 487/487/487 503/503/503
f 495/495/495 488/488/488 494/494/494
f 488/488/488 495/495/495 503/503/503
f 487/487/487 488/488/488 503/503/503
f 499/499/499 494/494/494 488/488/488
f 489/489/489 488/488/488 487/487/487
f 499/499/499 488/488/488 489/489/489
f 541/541/541 540/540/540 539/539/539
f 541/541/541 539/539/539 588/588/588
f 541/541/541 588/588/588 579/579/579
f 539/539/539 576/576/576 588/588/588
f 580/580/580 541/541/541 579/579/579
f 539/539/539 568/568/568 576/576/576
f 541/541/541 580/580/580 565/565/565
f 565/565/565 540/540/540 541/541/541
f 580/580/580 587/587/587 565/565/565
f 565/565/565 587/587/587 581/581/581
f 565/565/565 581/581/581 566/566/566
f 566/566/566 540/540/540 565/565/565
f 540/540/540 566/566/566 554/554/554
f 568/568/568 574/574/574 576/576/576
f 540/540/540 554/554/554 553/553/553
f 539/539/539 540/540/540 553/553/553
f 539/539/539 553/553/553 568/568/568
f 553/553/553 554/554/554 563/563/563
f 568/568/568 553/553/553 562/562/562
f 562/562/562 553/553/553 563/563/563
f 568/568/568 547/547/547 574/574/574
f 547/547/547 568/568/568 562/562/562
f 563/563/563 546/546/546 562/562/562
f 562/562/562 546/546/546 547/547/547
f 546/546/546 563/563/563 559/559/559
f 546/546/546 559/559/559 558/558/558
f 547/547/547 545/545/545 574/574/574
f 547/547/547 546/546/546 545/545/545
f 545/545/545 546/546/546 558/558/558
f 545/545/545 573/573/573 574/574/574
f 545/545/545 558/558/558 560/560/560
f 545/545/545 560/560/560 573/573/573
f 544/544/544 543/543/543 542/542/542
f 564/564/564 544/544/544 542/542/542
f 552/552/552 564/564/564 542/542/542
f 589/589/589 544/544/544 564/564/564
f 552/552/552 542/542/542 551/551/551
f 596/596/596 552/552/552 551/551/551
f 583/583/583 597/597/597 596/596/596
f 596/596/596 551/551/551 583/583/583
f 578/578/578 583/583/583 551/551/551
f 551/551/551 542/542/542 569/569/569
f 569/569/569 578/578/578 551/551/551
f 543/543/543 569/569/569 542/542/542
f 578/578/578 569/569/569 577/577/577
f 569/569/569 582/582/582 577/577/577
f 569/569/569 543/543/543 582/582/582
f 543/543/543 575/575/575 582/582/582
f 543/543/543 572/572/572 575/575/575
f 572/572/572 543/543/543 544/544/544
f 572/572/572 571/571/571 575/575/575
f 555/555/555 544/544/544 589/589/589
f 572/572/572 544/544/544 555/555/555
f 557/557/557 555/555/555 589/589/589
f 572/572/572 567/567/567 571/571/571
f 567/567/567 572/572/572 555/555/555
f 557/557/557 556/556/556 555/555/555
f 555/555/555 556/556/556 567/567/567
f 556/556/556 557/557/557 561/561/561
f 548/548/548 556/556/556 561/561/561
f 567/567/567 549/549/549 571/571/571
f 549/549/549 567/567/567 556/556/556
f 549/549/549 556/556/556 548/548/548
f 549/549/549 570/570/570 571/571/571
f 550/550/550 549/549/549 548/548/548
f 549/549/549 550/550/550 570/570/570
f 606/606/606 605/605/605 604/604/604
f 604/604/604 605/605/605 628/628/628
f 628/628/628 646/646/646 604/604/604
f 618/618/618 628/628/628 605/605/605
f 646/646/646 652/652/652 604/604/604
f 619/619/619 618/618/618 605/605/605
f 604/604/604 652/652/652 644/644/644
f 644/644/644 606/606/606 604/604/604
f 644/644/644 652/652/652 643/643/643
f 645/645/645 644/644/644 643/643/643
f 645/645/645 653/653/653 644/644/644
f 653/653/653 606/606/606 644/644/644
f 653/653/653 638/638/638 606/606/606
f 626/626/626 618/618/618 619/619/619
f 638/638/638 630/630/630 606/606/606
f 630/630/630 605/605/605 606/606/606
f 630/630/630 619/619/619 605/605/605
f 638/638/638 636/636/636 630/630/630
f 635/635/635 619/619/619 630/630/630
f 636/636/636 635/635/635 630/630/630
f 626/626/626 619/619/619 610/610/610
f 610/610/610 619/619/619 635/635/635
f 636/636/636 612/612/612 635/635/635
f 635/635/635 612/612/612 610/610/610
f 636/636/636 634/634/634 612/612/612
f 634/634/634 624/624/624 612/612/612
f 610/610/610 611/611/611 626/626/626
f 612/612/612 611/611/611 610/610/610
f 624/624/624 611/611/611 612/612/612
f 622/622/622 626/626/626 611/611/611
f 624/624/624 623/623/623 611/611/611
f 623/623/623 622/622/622 611/611/611
f 609/609/609 608/608/608 607/607/607
f 637/637/637 607/607/607 608/608/608
f 647/647/647 637/637/637 608/608/608
f 637/637/637 633/633/633 607/607/607
f 647/647/647 608/608/608 640/640/640
f 641/641/641 647/647/647 640/640/640
f 641/641/641 640/640/640 639/639/639
f 640/640/640 648/648/648 639/639/639
f 640/640/640 608/608/608 617/617/617
f 617/617/617 648/648/648 640/640/640
f 609/609/609 617/617/617 608/608/608
f 658/658/658 659/659/659 648/648/648
f 648/648/648 617/617/617 658/658/658
f 617/617/617 616/616/616 658/658/658
f 617/617/617 609/609/609 616/616/616
f 609/609/609 627/627/627 616/616/616
f 609/609/609 642/642/642 627/627/627
f 642/642/642 609/609/609 607/607/607
f 627/627/627 642/642/642 654/654/654
f 632/632/632 642/642/642 607/607/607
f 633/633/633 632/632/632 607/607/607
f 654/654/654 642/642/642 621/621/621
f 621/621/621 642/642/642 632/632/632
f 654/654/654 621/621/621 620/620/620
f 633/633/633 629/629/629 632/632/632
f 632/632/632 629/629/629 621/621/621
f 633/633/633 631/631/631 629/629/629
f 631/631/631 613/613/613 629/629/629
f 621/621/621 614/614/614 620/620/620
f 614/614/614 621/621/621 629/629/629
f 613/613/613 614/614/614 629/629/629
f 625/625/625 620/620/620 614/614/614
f 615/615/615 614/614/614 613/613/613
f 625/625/625 614/614/614 615/615/615
f 667/667/667 666/666/666 665/665/665
f 667/667/667 665/665/665 714/714/714
f 667/667/667 714/714/714 705/705/705
f 665/665/665 702/702/702 714/714/714
f 706/706/706 667/667/667 705/705/705
f 665/665/665 694/694/694 702/702/702
f 667/667/667 706/706/706 691/691/691
f 691/691/691 666/666/666 667/667/667
f 706/706/706 713/713/713 691/691/691
f 691/691/691 713/713/713 707/707/707
f 691/691/691 707/707/707 692/692/692
f 692/692/692 666/666/666 691/691/691
f 666/666/666 692/692/692 680/680/680
f 694/694/694 700/700/700 702/702/702
f 666/666/666 680/680/680 679/679/679
f 665/665/665 666/666/666 679/679/679
f 665/665/665 679/679/679 694/694/694
f 679/679/679 680/680/680 689/689/689
f 694/694/694 679/679/679 688/688/688
f 688/688/688 679/679/679 689/689/689
f 694/694/694 673/673/673 700/700/700
f 673/673/673 694/694/694 688/688/688
f 689/689/689 672/672/672 688/688/688
f 688/688/688 672/672/672 673/673/673
f 672/672/672 689/689/689 685/685/685
f 672/672/672 685/685/685 684/684/684
f 673/673/673 671/671/671 700/700/700
f 673/673/673 672/672/672 671/671/671
f 671/671/671 672/672/672 684/684/684
f 671/671/671 699/699/699 700/700/700
f 671/671/671 684/684/684 686/686/686
f 671/671/671 686/686/686 699/699/699
f 670/670/670 669/669/669 668/668/668
f 690/690/690 670/670/670 668/668/668
f 678/678/678 690/690/690 668/668/668
f 715/715/715 670/670/670 690/690/690
f 678/678/678 668/668/668 677/677/677
f 722/722/722 678/678/678 677/677/677
f 709/709/709 723/723/723 722/722/722
f 722/722/722 677/677/677 709/709/709
f 704/704/704 709/709/709 677/677/677
f 677/677/677 668/668/668 695/695/695
f 695/695/695 704/704/704 677/677/677
f 669/669/669 695/695/695 668/668/668
f 704/704/704 695/695/695 703/703/703
f 695/695/695 708/708/708 703/703/703
f 695/695/695 669/669/669 708/708/708
f 669/669/669 701/701/701 708/708/708
f 669/669/669 698/698/698 701/701/701
f 698/698/698 669/669/669 670/670/670
f 698/698/698 697/697/697 701/701/701
f 681/681/681 670/670/670 715/715/715
f 698/698/698 670/670/670 681/681/681
f 683/683/683 681/681/681 715/715/715
f 698/698/698 693/693/693 697/697/697
f 693/693/693 698/698/698 681/681/681
f 683/683/683 682/682/682 681/681/681
f 681/681/681 682/682/682 693/693/693
f 682/682/682 683/683/683 687/687/687
f 674/674/674 682/682/682 687/687/687
f 693/693/693 675/675/675 697/697/697
f 675/675/675 693/693/693 682/682/682
f 675/675/675 682/682/682 674/674/674
f 675/675/675 696/696/696 697/697/697
f 676/676/676 675/675/675 674/674/674
f 675/675/675 676/676/676 696/696/696
f 732/732/732 731/731/731 730/730/730
f 730/730/730 731/731/731 754/754/754
f 754/754/754 772/772/772 730/730/730
f 744/744/744 754/754/754 731/731/731
f 772/772/772 778/778/778 730/730/730
f 745/745/745 744/744/744 731/731/731
f 730/730/730 778/778/778 770/770/770
f 770/770/770 732/732/732 730/730/730
f 770/770/770 778/778/778 769/769/769
f 771/771/771 770/770/770 769/769/769
f 771/771/771 779/779/779 770/770/770
f 779/779/779 732/732/732 770/770/770
f 779/779/779 764/764/764 732/732/732
f 752/752/752 744/744/744 745/745/745
f 764/764/764 756/756/756 732/732/732
f 756/756/756 731/731/731 732/732/732
f 756/756/756 745/745/745 731/731/731
f 764/764/764 762/762/762 756/756/756
f 761/761/761 745/745/745 756/756/756
f 762/762/762 761/761/761 756/756/756
f 752/752/752 745/745/745 736/736/736
f 736/736/736 745/745/745 761/761/761
f 762/762/762 738/738/738 761/761/761
f 761/761/761 738/738/738 736/736/736
f 762/762/762 760/760/760 738/738/738
f 760/760/760 750/750/750 738/738/738
f 736/736/736 737/737/737 752/752/752
f 738/738/738 737/737/737 736/736/736
f 750/750/750 737/737/737 738/738/738
f 748/748/748 752/752/752 737/737/737
f 750/750/750 749/749/749 737/737/737
f 749/749/749 748/748/748 737/737/737
f 735/735/735 734/734/734 733/733/733
f 763/763/763 733/733/733 734/734/734
f 773/773/773 763/763/763 734/734/734
f 763/763/763 759/759/759 733/733/733
f 773/773/773 734/734/734 766/766/766
f 767/767/767 773/773/773 766/766/766
f 767/767/767 766/766/766 765/765/765
f 766/766/766 774/774/774 765/765/765
f 766/766/766 734/734/734 743/743/743
f 743/743/743 774/774/774 766/766/766
f 735/735/735 743/743/743 734/734/734
f 784/784/784 785/785/785 774/774/774
f 774/774/774 743/743/743 784/784/784
f 743/743/743 742/742/742 784/784/784
f 743/743/743 735/735/735 742/742/742
f 735/735/735 753/753/753 742/742/742
f 735/735/735 768/768/768 753/753/753
f 768/768/768 735/735/735 733/733/733
f 753/753/753 768/768/768 780/780/780
f 758/758/758 768/768/768 733/733/733
f 759/759/759 758/758/758 733/733/733
f 780/780/780 768/768/768 747/747/747
f 747/747/747 768/768/768 758/758/758
f 780/780/780 747/747/747 746/746/746
f 759/759/759 755/755/755 758/758/758
f 758/758/758 755/755/755 747/747/747
f 759/759/759 757/757/757 755/755/755
f 757/757/757 739/739/739 755/755/755
f 747/747/747 740/740/740 746/746/746
f 740/740/740 747/747/747 755/755/755
f 739/739/739 740/740/740 755/755/755
f 751/751/751 746/746/746 740/740/740
f 741/741/741 740/740/740 739/739/739
f 751/751/751 740/740/740 741/741/741
f 793/793/793 792/792/792 791/791/791
f 793/793/793 791/791/791 840/840/840
f 793/793/793 840/840/840 831/831/831
f 791/791/791 828/828/828 840/840/840
f 832/832/832 793/793/793 831/831/831
f 791/791/791 820/820/820 828/828/828
f 793/793/793 832/832/832 817/817/817
f 817/817/817 792/792/792 793/793/793
f 832/832/832 839/839/839 817/817/817
f 817/817/817 839/839/839 833/833/833
f 817/817/817 833/833/833 818/818/818
f 818/818/818 792/792/792 817/817/817
f 792/792/792 818/818/818 806/806/806
f 820/820/820 826/826/826 828/828/828
f 792/792/792 806/806/806 805/805/805
f 791/791/791 792/792/792 805/805/805
f 791/791/791 805/805/805 820/820/820
f 805/805/805 806/806/806 815/815/815
f 820/820/820 805/805/805 814/814/814
f 814/814/814 805/805/805 815/815/815
f 820/820/820 799/799/799 826/826/826
f 799/799/799 820/820/820 814/814/814
f 815/815/815 798/798/798 814/814/814
f 814/814/814 798/798/798 799/799/799
f 798/798/798 815/815/815 811/811/811
f 798/798/798 811/811/811 810/810/810
f 799/799/799 797/797/797 826/826/826
f 799/799/799 798/798/798 797/797/797
f 797/797/797 798/798/798 810/810/810
f 797/797/797 825/825/825 826/826/826
f 797/797/797 810/810/810 812/812/812
f 797/797/797 812/812/812 825/825/825
f 796/796/796 795/795/795 794/794/794
f 816/816/816 796/796/796 794/794/794
f 804/804/804 816/816/816 794/794/794
f 841/841/841 796/796/796 816/816/816
f 804/804/804 794/794/794 803/803/803
f 848/848/848 804/804/804 803/803/803
f 835/835/835 849/849/849 848/848/848
f 848/848/848 803/803/803 835/835/835
f 830/830/830 835/835/835 803/803/803
f 803/803/803 794/794/794 821/821/821
f 821/821/821 830/830/830 803/803/803
f 795/795/795 821/821/821 794/794/794
f 830/830/830 821/821/821 829/829/829
f 821/821/821 834/834/834 829/829/829
f 821/821/821 795/795/795 834/834/834
f 795/795/795 827/827/827 834/834/834
f 795/795/795 824/824/824 827/827/827
f 824/824/824 795/795/795 796/796/796
f 824/824/824 823/823/823 827/827/827
f 807/807/807 796/796/796 841/841/841
f 824/824/824 796/796/796 807/807/807
f 809/809/809 807/807/807 841/841/841
f 824/824/824 819/819/819 823/823/823
f 819/819/819 824/824/824 807/807/807
f 809/809/809 808/808/808 807/807/807
f 807/807/807 808/808/808 819/819/819
f 808/808/808 809/809/809 813/813/813
f 800/800/800 808/808/808 813/813/813
f 819/819/819 801/801/801 823/823/823
f 801/801/801 819/819/819 808/808/808
f 801/801/801 808/808/808 800/800/800
f 801/801/801 822/822/822 823/823/823
f 802/802/802 801/801/801 800/800/800
f 801/801/801 802/802/802 822/822/822
f 858/858/858 857/857/857 856/856/856
f 856/856/856 857/857/857 880/880/880
f 880/880/880 898/898/898 856/856/856
f 870/870/870 880/880/880 857/857/857
f 898/898/898 904/904/904 856/856/856
f 871/871/871 870/870/870 857/857/857
f 856/856/856 904/904/904 896/896/896
f 896/896/896 858/858/858 856/856/856
f 896/896/896 904/904/904 895/895/895
f 897/897/897 896/896/896 895/895/895
f 897/897/897 905/905/905 896/896/896
f 905/905/905 858/858/858 896/896/896
f 905/905/905 890/890/890 858/858/858
f 878/878/878 870/870/870 871/871/871
f 890/890/890 882/882/882 858/858/858
f 882/882/882 857/857/857 858/858/858
f 882/882/882 871/871/871 857/857/857
f 890/890/890 888/888/888 882/882/882
f 887/887/887 871/871/871 882/882/882
f 888/888/888 887/887/887 882/882/882
f 878/878/878 871/871/871 862/862/862
f 862/862/862 871/871/871 887/887/887
f 888/888/888 864/864/864 887/887/887
f 887/887/887 864/864/864 862/862/862
f 888/888/888 886/886/886 864/864/864
f 886/886/886 876/876/876 864/864/864
f 862/862/862 863/863/863 878/878/878
f 864/864/864 863/863/863 862/862/862
f 876/876/876 863/863/863 864/864/864
f 874/874/874 878/878/878 863/863/863
f 876/876/876 875/875/875 863/863/863
f 875/875/875 874/874/874 863/863/863
f 861/861/861 860/860/860 859/859/859
f 889/889/889 859/859/859 860/860/860
f 899/899/899 889/889/889 860/860/860
f 889/889/889 885/885/885 859/859/859
f 899/899/899 860/860/860 892/892/892
f 893/893/893 899/899/899 892/892/892
f 893/893/893 892/892/892 891/891/891
f 892/892/892 900/900/900 891/891/891
f 892/892/892 860/860/860 869/869/869
f 869/869/869 900/900/900 892/892/892
f 861/861/861 869/869/869 860/860/860
f 910/910/910 911/911/911 900/900/900
f 900/900/900 869/869/869 910/910/910
f 869/869/869 868/868/868 910/910/910
f 869/869/869 861/861/861 868/868/868
f 861/861/861 879/879/879 868/868/868
f 861/861/861 894/894/894 879/879/879
f 894/894/894 861/861/861 859/859/859
f 879/879/879 894/894/894 906/906/906
f 884/884/884 894/894/894 859/859/859
f 885/885/885 884/884/884 859/859/859
f 906/906/906 894/894/894 873/873/873
f 873/873/873 894/894/894 884/884/884
f 906/906/906 873/873/873 872/872/872
f 885/885/885 881/881/881 884/884/884
f 884/884/884 881/881/881 873/873/873
f 885/885/885 883/883/883 881/881/881
f 883/883/883 865/865/865 881/881/881
f 873/873/873 866/866/866 872/872/872
f 866/866/866 873/873/873 881/881/881
f 865/865/865 866/866/866 881/881/881
f 877/877/877 872/872/872 866/866/866
f 867/867/867 866/866/866 865/865/865
f 877/877/877 866/866/866 867/867/867
