# VPXTOOL table OBJ file
# VPXTOOL OBJ file
# numVerts: 4222 numFaces: 2284
o VRBackbox
v 11.19995 1.880168 -33.626205
v -1.651431 1.88017 -33.6262
v 11.19995 1.87611 -33.56817
v -1.651431 2.819407 -33.808098
v -1.651431 2.831973 -33.851196
v 11.19995 2.819407 -33.808098
v -1.651431 2.793104 -33.77294
v 11.19995 2.793103 -33.77294
v -1.651431 2.755961 -33.74897
v 11.19995 2.75596 -33.748966
v -1.651431 1.954708 -33.57487
v 11.19995 2.831971 -33.851192
v 11.19995 2.838483 -33.914505
v 11.19995 1.225728 -33.626606
v -1.651431 1.225728 -33.626606
v 11.119968 1.133517 -24.446777
v 11.119968 1.232334 -33.986713
v 11.134128 1.130713 -24.446901
v 11.135644 1.079589 -24.44917
v 11.13877 0.945258 -24.45513
v 11.135644 1.178407 -33.98911
v 10.975328 1.190489 -33.988575
v 10.975328 1.091672 -24.448633
v 11.019279 1.195636 -33.988342
v 11.20444 1.129296 -24.810509
v -1.681165 1.129295 -24.810509
v 11.20444 1.117753 -24.790531
v 11.134024 1.186 -33.98877
v 10.970718 1.125602 -24.447128
v 10.970718 1.22442 -33.98707
v 11.20444 1.139356 -24.567806
v -1.681166 1.139356 -24.567804
v 11.20444 1.139496 -24.789726
v 11.20444 1.120199 -24.535755
v 11.20444 1.099663 -24.527758
v -1.681166 1.120197 -24.535755
v 11.20444 1.134236 -24.5497
v -1.681165 1.139495 -24.789726
v 11.20444 1.142624 -24.79644
v 11.20444 1.151711 -24.816742
v -1.681165 1.263688 -24.813345
v 11.20444 1.263691 -24.813347
v -1.681165 1.264226 -24.801188
v 11.20444 1.258163 -24.815544
v -1.681165 1.151709 -24.816742
v 11.20444 1.083552 -24.52661
v -1.681166 1.083552 -24.526608
v 11.20444 1.114504 -24.55757
v -1.681166 1.114501 -24.557568
v 11.20444 1.10597 -24.549084
v 11.20444 1.083639 -24.543526
v -1.681166 1.083636 -24.543526
v 11.20444 0.984353 -24.547932
v 11.20444 1.093462 -24.544224
v -1.681166 1.093462 -24.54422
v 11.20444 1.264229 -24.80119
v -1.681165 1.258907 -24.798603
v 11.134131 1.22953 -33.98684
v 11.151711 1.118535 -24.447441
v 11.12815 1.194457 -33.988396
v 11.124056 1.197065 -33.98828
v 11.12815 1.095638 -24.448458
v -1.681166 1.134233 -24.549698
v -1.681165 1.117752 -24.790527
v 11.20444 1.117615 -24.56861
v -1.681166 1.105968 -24.54908
v -1.681165 1.152544 -24.7998
v 11.20444 1.152545 -24.7998
v 11.134021 1.087183 -24.448833
v -1.681165 1.258161 -24.815542
v 11.151711 1.217354 -33.98738
v 11.163554 1.10045 -24.448244
v 11.20444 0.984089 -24.531021
v -1.681166 0.984087 -24.531021
v 11.168144 1.080564 -24.449127
v 11.168144 1.179383 -33.989067
v 11.172094 0.910794 -24.45666
v -1.681165 1.142622 -24.796436
v 11.163557 1.199268 -33.988186
v 11.119441 1.198062 -33.988235
v 11.124056 1.098248 -24.448343
v 11.119439 1.099244 -24.448298
v 11.019276 1.096819 -24.448406
v 11.172592 -1.442209 -34.333805
v -1.641785 -1.442152 -34.3338
v 11.172592 -1.445846 -33.977592
v -1.641778 -1.580223 -20.809795
v 11.172605 -1.580281 -20.8098
v -1.641779 -1.5766 -21.164669
v 11.527729 -1.445846 -33.9776
v 11.172592 -1.445846 -33.977592
v 11.527729 -1.576882 -21.164843
v -1.641785 -1.44579 -33.97743
v -1.99692 -1.445791 -33.977425
v -1.641779 -1.5766 -21.164669
v 11.172592 -1.445846 -33.977592
v -1.641785 -1.44579 -33.97743
v 11.172605 -1.576656 -21.164835
v 11.19995 1.954708 -33.574875
v -1.651431 1.876112 -33.56817
v -1.586799 1.135657 -24.477358
v -1.586798 1.234392 -34.017284
v -1.437548 1.127741 -24.477707
v -1.600958 1.231586 -34.017406
v -1.600959 1.13285 -24.477482
v -1.437547 1.226475 -34.01763
v -1.442159 1.093811 -24.479214
v -1.586272 1.101383 -24.478878
v -1.586271 1.200118 -34.018803
v -1.600854 1.089321 -24.479412
v -1.600853 1.188056 -34.019337
v -1.602477 1.081727 -24.47975
v -1.634974 1.181438 -34.01963
v -1.630387 1.201324 -34.01875
v -1.634975 1.082703 -24.479706
v -1.602476 1.180463 -34.019676
v -1.605603 0.947396 -24.485708
v -1.638924 1.011667 -34.02716
v -1.638925 0.912932 -24.487236
v -1.618542 1.219411 -34.017944
v -1.630388 1.102589 -24.478823
v -1.618543 1.120675 -24.478022
v -1.594978 1.196513 -34.018963
v -1.594979 1.097778 -24.479038
v -1.590883 1.199122 -34.01885
v -1.590884 1.100387 -24.478922
v 7.788311 1.372067 -23.904764
v 7.788311 1.084378 -23.906048
v 1.665905 1.372066 -23.904766
v 7.850605 1.371439 -23.88793
v 7.894921 1.369801 -23.843721
v 7.850605 1.083758 -23.889214
v 1.603611 1.083758 -23.889215
v 1.603611 1.371439 -23.887932
v 1.665905 1.084379 -23.90605
v 1.60361 1.075192 -22.210907
v 1.60361 1.362874 -22.209623
v 1.559299 1.076822 -22.255117
v 7.894917 1.364494 -22.253834
v 7.850605 1.362875 -22.209625
v 7.894921 1.076822 -22.255116
v 1.559299 1.364494 -22.253834
v 1.542424 1.079113 -22.317268
v 1.542425 1.079837 -23.782852
v 1.542425 1.367505 -23.78157
v 7.911791 1.079112 -22.317268
v 1.665904 1.36226 -22.192791
v 1.665904 1.074571 -22.194073
v 7.788311 1.362261 -22.192791
v -0.715092 1.260849 -21.667036
v -0.153446 1.260749 -21.641651
v -0.715092 1.310884 -21.652641
v 1.552794 1.401511 -21.067854
v 1.552794 1.053519 -21.06922
v -1.656525 1.401511 -21.067854
v 1.559295 1.082128 -23.845003
v 1.559295 1.369801 -23.843723
v 7.911791 1.366782 -22.315985
v 7.911791 1.367506 -23.781569
v 7.894921 1.082128 -23.845003
v 1.517081 1.414475 -22.315268
v 1.536407 1.408302 -22.24329
v 1.491739 1.407158 -22.31232
v 1.535634 1.393267 -22.316635
v 1.542424 1.366781 -22.315987
v 1.553165 1.389938 -22.251852
v 7.791706 1.417294 -23.933037
v 1.662508 1.417292 -23.933037
v 7.795102 1.414631 -23.959055
v 7.78922 1.397887 -23.913181
v 1.664995 1.397886 -23.913183
v 1.513511 1.414242 -23.873436
v 1.536402 1.41459 -23.859713
v 1.491741 1.413871 -23.791588
v 1.55316 1.395508 -23.84885
v 1.517083 1.408412 -23.787731
v 1.535635 1.392173 -23.784061
v 7.854156 1.397236 -23.895636
v 7.900785 1.395518 -23.849115
v 7.863852 1.416573 -23.913542
v 7.916808 1.414626 -23.860714
v 7.877097 1.41453 -23.936893
v 7.938693 1.414251 -23.87544
v 1.590365 1.416573 -23.913544
v 1.659112 1.414631 -23.959055
v 1.600061 1.397236 -23.895638
v 7.900759 1.389927 -22.251562
v 7.854155 1.38822 -22.205063
v 7.916724 1.408261 -22.242208
v 7.863853 1.406322 -22.189457
v 7.93853 1.406777 -22.228315
v 7.938741 1.410989 -22.323433
v 7.938739 1.411824 -23.779793
v 7.965691 1.407232 -22.328625
v 7.919012 1.392334 -22.318823
v 7.919012 1.393088 -23.781935
v 7.965687 1.413799 -23.775738
v 1.577119 1.41453 -23.936895
v 1.577116 1.406499 -22.167015
v 1.590363 1.406323 -22.189455
v 1.659112 1.406398 -22.144855
v 1.60006 1.38822 -22.205061
v 1.662508 1.405601 -22.169962
v 1.664994 1.387575 -22.187517
v 7.789221 1.387576 -22.187515
v 7.791707 1.405604 -22.16996
v 7.877099 1.406499 -22.167017
v 7.795103 1.406398 -22.144855
v 1.513517 1.406787 -22.230478
v 7.850605 1.075192 -22.210907
v -1.276737 1.267496 -23.352737
v -1.302111 1.26528 -22.790836
v -1.276737 1.317473 -23.338345
v 0.734084 1.311017 -21.688478
v 0.734084 1.26099 -21.702875
v 0.826811 1.311138 -21.72257
v 10.675446 1.311432 -21.801
v 10.675446 1.261431 -21.815393
v 10.709496 1.311785 -21.893915
v 8.498703 1.267514 -23.357841
v 8.47333 1.265298 -22.79594
v 8.498703 1.317478 -23.34345
v -1.040977 1.26099 -21.702875
v -1.040977 1.311017 -21.688478
v 10.709508 1.318785 -23.669178
v 10.709105 1.26878 -23.678469
v 10.675458 1.319165 -23.762093
v 8.568542 1.319162 -23.762093
v 8.534491 1.318769 -23.66918
v 8.558064 1.364436 -23.765614
v -1.206898 1.261414 -21.810291
v -1.133703 1.261125 -21.736965
v -1.206898 1.311412 -21.795897
v 10.770664 1.315274 -22.781548
v 10.770664 1.265298 -22.79594
v 10.745295 1.317492 -23.343449
v 8.534086 1.26878 -23.67847
v -1.133703 1.311138 -21.72257
v -1.240949 1.26178 -21.903206
v -1.240949 1.311765 -21.888813
v 8.641737 1.261142 -21.742067
v 8.734464 1.261008 -21.707977
v 8.641737 1.311156 -21.727673
v -1.276737 1.263065 -22.228937
v -1.276737 1.313041 -22.214544
v 10.745287 1.313061 -22.219646
v 10.744884 1.263064 -22.228935
v 0.826811 1.261124 -21.736965
v 0.900006 1.311411 -21.795897
v 8.568542 1.261431 -21.815395
v 8.568542 1.311427 -21.801
v 0.934058 1.311765 -21.888813
v 0.934058 1.26178 -21.903204
v 0.969848 1.313041 -22.214544
v 8.641737 1.269454 -23.849812
v 8.568542 1.269165 -23.776485
v 8.641737 1.319468 -23.835417
v 0.900006 1.261413 -21.810291
v 8.734058 1.26957 -23.8788
v 8.734464 1.319618 -23.869507
v 0.969848 1.263064 -22.228937
v 0.995225 1.315254 -22.776445
v 9.059943 1.260849 -21.667036
v 9.621589 1.260749 -21.641651
v 9.060349 1.310905 -21.657743
v 0.995225 1.26528 -22.790836
v 0.969855 1.317472 -23.338345
v 8.408316 1.41184 -23.344103
v 8.382627 1.409258 -22.775204
v 7.965691 1.407232 -22.328625
v -1.302111 1.315254 -22.776445
v 8.734464 1.311036 -21.693583
v 0.969855 1.267496 -23.352737
v 0.934069 1.318765 -23.664076
v 9.621596 1.269811 -23.940022
v 9.060351 1.269729 -23.91974
v 9.622001 1.319874 -23.930729
v 1.079809 1.409284 -22.780903
v 1.053713 1.411924 -23.362535
v 1.491739 1.407158 -22.31232
v 10.183639 1.310906 -21.657743
v 10.183639 1.260866 -21.67214
v 10.509524 1.311039 -21.693583
v 0.934069 1.26878 -23.678469
v 0.900018 1.319144 -23.756989
v -1.206898 1.269147 -23.771381
v -1.240949 1.26878 -23.678469
v -1.206898 1.319145 -23.756989
v 9.060351 1.319769 -23.905344
v -1.133703 1.269436 -23.844707
v -1.133703 1.319449 -23.830315
v -1.240949 1.318765 -23.664078
v 10.509538 1.319619 -23.869507
v 10.509538 1.269588 -23.883902
v 10.18365 1.31977 -23.905344
v 0.900018 1.269146 -23.771383
v 0.826824 1.319449 -23.830315
v -0.715089 1.269711 -23.914637
v -1.040977 1.26957 -23.8788
v -0.715089 1.319746 -23.90024
v -1.040977 1.319597 -23.864403
v 10.602251 1.311159 -21.727673
v 10.602251 1.261142 -21.742067
v 0.826824 1.269435 -23.844707
v 0.734098 1.319597 -23.864403
v 10.675458 1.269164 -23.776485
v 10.602262 1.31947 -23.835417
v 0.40821 1.319746 -23.90024
v 0.40821 1.269711 -23.914637
v -0.153439 1.319849 -23.925625
v 10.50912 1.26099 -21.702873
v 0.734098 1.26957 -23.8788
v 10.602262 1.269453 -23.849812
v -0.153439 1.269811 -23.940022
v 8.408315 1.406677 -22.206312
v 8.382627 1.409258 -22.775204
v 8.453509 1.391433 -22.21067
v 10.709496 1.261797 -21.908308
v 8.498703 1.263082 -22.234041
v 8.534086 1.26178 -21.903206
v 8.498703 1.313051 -22.219648
v 0.408199 1.310884 -21.652641
v 0.408199 1.260849 -21.667036
v 10.745295 1.267513 -23.35784
v 8.534492 1.311778 -21.893917
v -0.153446 1.403609 -21.530216
v -0.153446 1.388944 -21.576427
v 0.415205 1.403726 -21.555918
v -0.153446 1.355966 -21.61194
v 0.411701 1.389045 -21.60197
v -0.153446 1.310786 -21.627256
v 0.409137 1.356065 -21.63737
v -0.718594 1.389045 -21.60197
v -0.722096 1.403726 -21.555918
v -0.71603 1.356065 -21.63737
v -1.061868 1.403895 -21.593283
v -1.051423 1.389188 -21.63857
v -1.043776 1.356203 -21.673412
v 0.74453 1.389187 -21.63857
v 0.736883 1.356203 -21.673412
v -1.140404 1.356337 -21.708937
v -1.158711 1.389342 -21.678015
v 0.833511 1.356336 -21.708937
v 0.851818 1.389341 -21.678015
v 0.876826 1.404099 -21.638079
v 0.754976 1.403895 -21.593283
v -1.217377 1.356633 -21.786047
v -1.246006 1.389685 -21.765467
v -1.183718 1.404098 -21.638079
v -1.285113 1.404559 -21.739656
v 0.910485 1.356633 -21.786047
v 0.939113 1.389684 -21.765467
v 0.978221 1.404559 -21.739655
v -1.252855 1.357008 -21.882856
v -1.285382 1.390106 -21.872911
v -1.329813 1.405113 -21.86163
v 0.945963 1.357008 -21.882854
v 0.97849 1.390105 -21.872911
v 1.022923 1.405113 -21.86163
v -1.32193 1.391417 -22.205564
v -1.367123 1.406654 -22.201202
v -1.288847 1.358296 -22.210442
v 1.062158 1.406733 -22.218714
v 0.982392 1.358311 -22.2144
v -1.347462 1.393646 -22.770964
v -1.392812 1.409235 -22.7701
v -1.314263 1.360514 -22.773281
v 1.016665 1.391475 -22.220339
v 1.037467 1.39367 -22.777294
v 1.006669 1.360509 -22.772154
v -1.32193 1.395876 -23.336363
v -1.367123 1.411817 -23.338997
v -1.288847 1.362735 -23.336119
v 1.011842 1.395917 -23.346905
v 1.079809 1.409284 -22.780903
v 0.981158 1.362741 -23.337793
v 0.978501 1.397188 -23.669014
v 1.053713 1.411924 -23.362535
v 0.945974 1.36403 -23.663704
v -1.329813 1.413358 -23.67857
v -1.285382 1.397189 -23.669014
v -1.252855 1.36403 -23.663704
v -1.217377 1.364419 -23.76051
v -1.246005 1.397614 -23.776459
v 0.910497 1.364418 -23.76051
v 0.939126 1.397613 -23.776459
v 0.978234 1.413911 -23.800543
v 1.022934 1.413358 -23.678568
v -1.140404 1.36473 -23.837622
v -1.158711 1.397961 -23.86391
v -1.285113 1.413911 -23.800543
v -1.183718 1.414372 -23.902119
v 0.876839 1.414372 -23.902119
v 0.851831 1.397961 -23.86391
v 0.75499 1.414576 -23.946917
v 0.833525 1.36473 -23.837622
v 0.744544 1.398118 -23.903355
v 0.736897 1.364877 -23.873146
v -1.043776 1.364877 -23.873146
v -1.051423 1.398119 -23.903355
v -1.061868 1.414576 -23.946917
v 0.415215 1.414745 -23.98428
v 0.411712 1.398263 -23.939955
v 0.409148 1.365023 -23.909187
v -0.718591 1.398264 -23.939955
v -0.722093 1.414745 -23.98428
v -0.716027 1.365023 -23.909187
v -0.153439 1.365124 -23.934614
v -0.153439 1.398364 -23.965498
v -0.153439 1.414862 -24.009983
v 8.490059 1.390123 -21.878016
v 8.486593 1.358309 -22.215548
v 8.522586 1.357023 -21.887959
v 8.427979 1.393662 -22.776066
v 8.461178 1.360525 -22.778383
v 8.453509 1.395892 -23.341467
v 8.408316 1.41184 -23.344103
v 8.486592 1.362746 -23.341223
v 8.47333 1.315259 -22.78155
v 8.522585 1.364041 -23.668808
v 8.490059 1.397205 -23.67412
v 8.635036 1.356354 -21.71404
v 8.558064 1.356649 -21.791151
v 8.61673 1.38936 -21.683119
v 8.529435 1.389702 -21.77057
v 8.591721 1.404121 -21.643183
v 8.490327 1.404583 -21.744759
v 8.445625 1.405136 -21.866734
v 8.529435 1.397632 -23.781563
v 8.490327 1.413935 -23.805649
v 8.445624 1.413381 -23.683674
v 8.61673 1.397979 -23.869013
v 8.591721 1.414396 -23.907223
v 8.635036 1.364749 -23.842724
v 8.713571 1.403918 -21.598385
v 8.724018 1.389205 -21.643675
v 9.053342 1.403749 -21.561022
v 8.731665 1.356222 -21.678514
v 9.056847 1.389063 -21.607073
v 9.059409 1.356085 -21.642471
v 8.731665 1.364896 -23.878246
v 8.724018 1.398137 -23.908457
v 8.713571 1.414599 -23.952019
v 9.056849 1.398282 -23.945059
v 9.053345 1.414768 -23.989384
v 9.059413 1.365043 -23.914291
v 9.621994 1.388963 -21.58153
v 9.621994 1.355987 -21.617044
v 10.18714 1.389063 -21.607073
v 9.621992 1.403632 -21.53532
v 10.190641 1.403749 -21.561022
v 9.621994 1.31081 -21.632359
v 10.184588 1.365043 -23.91429
v 9.622001 1.365146 -23.939718
v 10.187152 1.398282 -23.945059
v 9.622001 1.398383 -23.970602
v 10.190655 1.414768 -23.989384
v 10.183245 1.269711 -23.914637
v 9.622 1.414885 -24.015085
v 10.512322 1.356222 -21.678514
v 10.184576 1.356085 -21.642471
v 10.519969 1.389206 -21.643675
v 10.530413 1.403918 -21.598385
v 10.608951 1.356355 -21.714039
v 10.627259 1.389359 -21.683119
v 10.652266 1.404122 -21.643183
v 10.652278 1.414395 -23.907223
v 10.627273 1.397979 -23.869015
v 10.530428 1.414599 -23.952019
v 10.608964 1.36475 -23.842724
v 10.519984 1.398136 -23.908457
v 10.512337 1.364897 -23.878246
v 10.685924 1.356652 -21.791151
v 10.714553 1.389702 -21.770569
v 10.753659 1.404583 -21.744759
v 10.721401 1.357026 -21.887959
v 10.753929 1.390124 -21.878016
v 10.798361 1.405136 -21.866735
v 10.75394 1.397206 -23.674118
v 10.714565 1.397631 -23.78156
v 10.798373 1.413381 -23.68367
v 10.721412 1.364049 -23.668806
v 10.685937 1.364437 -23.765614
v 10.753673 1.413934 -23.805645
v 10.835671 1.406677 -22.20631
v 10.790482 1.391435 -22.21067
v 10.757397 1.358314 -22.215546
v 10.861366 1.409258 -22.775202
v 10.816016 1.393664 -22.776066
v 10.782818 1.360532 -22.778383
v 10.83568 1.41184 -23.344093
v 10.790488 1.395893 -23.341461
v 10.757403 1.362753 -23.34122
v -1.392812 1.409235 -22.7701
v -1.367123 1.406654 -22.201202
v -1.656525 1.401511 -21.067854
v 10.183639 1.260866 -21.67214
v 9.621589 1.260749 -21.641651
v 9.829144 1.261694 -21.881498
v 0.408199 1.260849 -21.667036
v -0.153446 1.260749 -21.641651
v 0.054109 1.261694 -21.881498
v -0.153443 1.261602 -21.858112
v -0.360995 1.261694 -21.881498
v -0.715092 1.260849 -21.667036
v -0.55814 1.261966 -21.950481
v 0.734084 1.26099 -21.702875
v 0.251254 1.261966 -21.950481
v -1.040977 1.26099 -21.702875
v -0.734991 1.262405 -22.061604
v 0.826811 1.261124 -21.736965
v 0.428105 1.262404 -22.061604
v -1.133703 1.261125 -21.736965
v -1.206898 1.261414 -21.810291
v 0.575795 1.262987 -22.209293
v 0.900006 1.261413 -21.810291
v -1.240949 1.26178 -21.903206
v -0.882681 1.262987 -22.209293
v 0.686918 1.263684 -22.386143
v 0.934058 1.26178 -21.903204
v -1.276737 1.263065 -22.228937
v -0.993804 1.263685 -22.386143
v 0.755902 1.264461 -22.583286
v 0.969848 1.263064 -22.228937
v -1.302111 1.26528 -22.790836
v -1.062788 1.264462 -22.583286
v 0.779288 1.26528 -22.790836
v 0.995225 1.26528 -22.790836
v -1.086174 1.26528 -22.790836
v -1.062788 1.266099 -22.998388
v 0.969855 1.267496 -23.352737
v 0.755902 1.266098 -22.998388
v 0.934069 1.26878 -23.678469
v 0.686918 1.266876 -23.195532
v -1.276737 1.267496 -23.352737
v -0.993804 1.266876 -23.195532
v -1.240949 1.26878 -23.678469
v -0.882681 1.267573 -23.372381
v 0.900018 1.269146 -23.771383
v 0.575795 1.267573 -23.372381
v -1.206898 1.269147 -23.771381
v -0.734991 1.268156 -23.52007
v 0.251254 1.268593 -23.631193
v 0.734098 1.26957 -23.8788
v 0.428105 1.268155 -23.52007
v 0.826824 1.269435 -23.844707
v -1.133703 1.269436 -23.844707
v -1.040977 1.26957 -23.8788
v 0.054109 1.268866 -23.700176
v 0.40821 1.269711 -23.914637
v -0.715089 1.269711 -23.914637
v -0.55814 1.268594 -23.631193
v -0.153443 1.268958 -23.72356
v -0.153439 1.269811 -23.940022
v -0.360995 1.268866 -23.700176
v -0.073231 0.999192 -22.440609
v 0.054109 1.261694 -21.881498
v -0.153443 0.999156 -22.43157
v -0.153443 1.261602 -21.858112
v -0.360995 1.261694 -21.881498
v -0.55814 1.261966 -21.950481
v -0.233656 0.999192 -22.440609
v 0.002959 0.999297 -22.467268
v 0.251254 1.261966 -21.950481
v -0.734991 1.262405 -22.061604
v -0.309845 0.999297 -22.467268
v 0.071306 0.999466 -22.510212
v 0.428105 1.262404 -22.061604
v -0.882681 1.262987 -22.209293
v -0.378193 0.999466 -22.510212
v 0.128384 0.999691 -22.567291
v 0.575795 1.262987 -22.209293
v -0.993804 1.263685 -22.386143
v -0.43527 0.999691 -22.567291
v 0.171329 0.999961 -22.635637
v 0.686918 1.263684 -22.386143
v -1.062788 1.264462 -22.583286
v -0.478215 0.999961 -22.635637
v 0.197989 1.000261 -22.711826
v 0.755902 1.264461 -22.583286
v -1.086174 1.26528 -22.790836
v -0.504876 1.000261 -22.711826
v 0.207027 1.000577 -22.792038
v 0.779288 1.26528 -22.790836
v -1.062788 1.266099 -22.998388
v -0.513913 1.000578 -22.792038
v 0.197989 1.000894 -22.87225
v 0.755902 1.266098 -22.998388
v 0.17133 1.001194 -22.948439
v 0.686918 1.266876 -23.195532
v -0.993804 1.266876 -23.195532
v -0.504875 1.000894 -22.87225
v -0.882681 1.267573 -23.372381
v -0.478215 1.001194 -22.948439
v 0.128384 1.001463 -23.016785
v 0.575795 1.267573 -23.372381
v -0.734991 1.268156 -23.52007
v -0.43527 1.001464 -23.016785
v 0.002959 1.001858 -23.116808
v 0.251254 1.268593 -23.631193
v 0.071306 1.001689 -23.073864
v 0.428105 1.268155 -23.52007
v -0.55814 1.268594 -23.631193
v -0.378193 1.001689 -23.073864
v -0.07323 1.001963 -23.143467
v 0.054109 1.268866 -23.700176
v -0.360995 1.268866 -23.700176
v -0.309845 1.001858 -23.116808
v -0.153443 1.001999 -23.152506
v -0.153443 1.268958 -23.72356
v -0.233655 1.001963 -23.143467
v -0.153443 1.178764 -22.79017
v 9.621592 1.261602 -21.858112
v 9.41404 1.261694 -21.881498
v 9.059943 1.260849 -21.667036
v 9.216895 1.261966 -21.950481
v 10.50912 1.26099 -21.702873
v 10.183639 1.260866 -21.67214
v 10.026288 1.261966 -21.950481
v 8.734464 1.261008 -21.707977
v 9.040044 1.262405 -22.061604
v 10.602251 1.261142 -21.742067
v 10.50912 1.26099 -21.702873
v 10.20314 1.262404 -22.061604
v 8.641737 1.261142 -21.742067
v 8.892353 1.262987 -22.209293
v 10.675446 1.261431 -21.815393
v 10.35083 1.262987 -22.209293
v 8.568542 1.261431 -21.815395
v 8.534086 1.26178 -21.903206
v 8.892353 1.262987 -22.209293
v 10.461954 1.263684 -22.386143
v 10.709496 1.261797 -21.908308
v 8.534086 1.26178 -21.903206
v 8.498703 1.263082 -22.234041
v 8.781231 1.263685 -22.386145
v 10.530937 1.264461 -22.583286
v 10.744884 1.263064 -22.228935
v 8.47333 1.265298 -22.79594
v 8.712247 1.264462 -22.583286
v 10.554322 1.26528 -22.790836
v 10.770664 1.265298 -22.79594
v 8.688862 1.26528 -22.790838
v 8.712248 1.266099 -22.998388
v 10.745295 1.267513 -23.35784
v 10.530937 1.266098 -22.998388
v 10.709105 1.26878 -23.678469
v 10.461954 1.266875 -23.195532
v 8.498703 1.267514 -23.357841
v 8.781231 1.266876 -23.195532
v 8.534086 1.26878 -23.67847
v 8.892354 1.267573 -23.372383
v 10.675458 1.269164 -23.776485
v 10.35083 1.267573 -23.372381
v 8.568542 1.269165 -23.776485
v 9.040044 1.268156 -23.520071
v 10.026288 1.268593 -23.631193
v 10.509538 1.269588 -23.883902
v 10.20314 1.268155 -23.52007
v 10.602262 1.269453 -23.849812
v 8.641737 1.269454 -23.849812
v 8.734058 1.26957 -23.8788
v 9.040044 1.268156 -23.520071
v 9.829144 1.268865 -23.700176
v 10.183245 1.269711 -23.914637
v 8.734058 1.26957 -23.8788
v 9.060351 1.269729 -23.91974
v 9.216895 1.268594 -23.631193
v 9.621592 1.268958 -23.72356
v 9.621596 1.269811 -23.940022
v 9.414041 1.268866 -23.700176
v 9.701805 0.999192 -22.440609
v 9.829144 1.261694 -21.881498
v 9.621592 0.999156 -22.431572
v 9.621592 1.261602 -21.858112
v 9.41404 1.261694 -21.881498
v 9.216895 1.261966 -21.950481
v 9.54138 0.999192 -22.440609
v 9.777994 0.999297 -22.467268
v 10.026288 1.261966 -21.950481
v 9.040044 1.262405 -22.061604
v 9.46519 0.999297 -22.467268
v 9.846342 0.999466 -22.510212
v 10.20314 1.262404 -22.061604
v 8.892353 1.262987 -22.209293
v 9.396843 0.999466 -22.510212
v 9.903419 0.999691 -22.567291
v 10.35083 1.262987 -22.209293
v 8.781231 1.263685 -22.386145
v 9.339766 0.999691 -22.567291
v 9.946364 0.999961 -22.635637
v 10.461954 1.263684 -22.386143
v 8.712247 1.264462 -22.583286
v 9.29682 0.999961 -22.635637
v 9.973023 1.000261 -22.711826
v 10.530937 1.264461 -22.583286
v 8.688862 1.26528 -22.790838
v 9.270159 1.000261 -22.711826
v 9.982061 1.000577 -22.792038
v 10.554322 1.26528 -22.790836
v 8.712248 1.266099 -22.998388
v 9.261122 1.000577 -22.792038
v 9.973023 1.000893 -22.87225
v 10.530937 1.266098 -22.998388
v 9.946364 1.001194 -22.94844
v 10.461954 1.266875 -23.195532
v 8.781231 1.266876 -23.195532
v 9.270159 1.000894 -22.87225
v 8.892354 1.267573 -23.372383
v 9.29682 1.001194 -22.94844
v 9.903419 1.001463 -23.016787
v 10.35083 1.267573 -23.372381
v 9.040044 1.268156 -23.520071
v 9.339765 1.001464 -23.016787
v 9.777994 1.001858 -23.116808
v 10.026288 1.268593 -23.631193
v 9.846342 1.001689 -23.073864
v 10.20314 1.268155 -23.52007
v 9.216895 1.268594 -23.631193
v 9.396843 1.001689 -23.073864
v 9.701805 1.001963 -23.143469
v 9.829144 1.268865 -23.700176
v 9.414041 1.268866 -23.700176
v 9.46519 1.001858 -23.116808
v 9.621592 1.001999 -23.152506
v 9.621592 1.268958 -23.72356
v 9.54138 1.001963 -23.143469
v 9.621592 1.178764 -22.790173
v 11.180753 1.401511 -21.067854
v 10.835671 1.406677 -22.20631
v 10.861366 1.409258 -22.775202
v -0.153446 1.403609 -21.530216
v 0.415205 1.403726 -21.555918
v 1.60361 1.075192 -22.210907
v 1.603611 1.083758 -23.889215
v 1.665904 1.074571 -22.194073
v 7.911791 1.079837 -23.782852
v 7.911791 1.079112 -22.317268
v 7.894921 1.082128 -23.845003
v 7.850605 1.083758 -23.889214
v 7.894921 1.082128 -23.845003
v 7.850605 1.075192 -22.210907
v 7.788311 1.084378 -23.906048
v 7.850605 1.083758 -23.889214
v 7.788311 1.074571 -22.194073
v 1.542424 1.079113 -22.317268
v 1.542425 1.079837 -23.782852
v 1.559299 1.076822 -22.255117
v 1.60361 1.075192 -22.210907
v 1.559299 1.076822 -22.255117
v 1.603611 1.083758 -23.889215
v 1.665905 1.084379 -23.90605
v 7.788311 1.084378 -23.906048
v 1.665904 1.074571 -22.194073
v 11.180754 1.05352 -21.06922
v 7.971435 1.05352 -21.06922
v 11.180753 1.401511 -21.067854
v 7.971434 1.401511 -21.067854
v 8.490327 1.404583 -21.744759
v 7.971434 1.401511 -21.067854
v 7.877099 1.406499 -22.167017
v 1.062158 1.406733 -22.218714
v 1.577116 1.406499 -22.167015
v 1.552794 1.401511 -21.067854
v 7.795103 1.406398 -22.144855
v 9.053342 1.403749 -21.561022
v 9.621992 1.403632 -21.53532
v 10.652266 1.404122 -21.643183
v 10.753659 1.404583 -21.744759
v 10.798361 1.405136 -21.866735
v -1.285113 1.404559 -21.739656
v -1.183718 1.404098 -21.638079
v -1.329813 1.405113 -21.86163
v -1.645806 1.417456 -24.638924
v -1.656519 1.375459 -24.689075
v -1.653033 1.409285 -24.680605
v 11.172336 1.417451 -24.638483
v 11.160343 1.41748 -24.64671
v 11.176715 1.409285 -24.680603
v 11.214807 3.150028 -33.972588
v -1.683999 3.14977 -33.972427
v 11.22373 3.151195 -33.981438
v 11.214807 3.150028 -33.972588
v 11.205885 3.14867 -33.963745
v -1.683999 3.14977 -33.972427
v 11.197005 3.146653 -33.954945
v -1.666198 3.146395 -33.954784
v 11.205885 3.14867 -33.963745
v 11.197005 3.146653 -33.954945
v 11.188399 3.143176 -33.946434
v -1.666198 3.146395 -33.954784
v 11.188399 3.143176 -33.946434
v 11.180944 3.137291 -33.939095
v -1.657592 3.142919 -33.946274
v 11.180944 3.137291 -33.939095
v 11.17604 3.129178 -33.934307
v -1.650138 3.137035 -33.938934
v 11.17604 3.129178 -33.934307
v 11.173681 3.120238 -33.932056
v -1.645233 3.128922 -33.934143
v 11.172813 3.111214 -33.931286
v -1.642006 3.110958 -33.931126
v 11.173681 3.120238 -33.932056
v 11.172813 3.111214 -33.931286
v 11.172606 3.102235 -33.93117
v -1.642006 3.110958 -33.931126
v 11.172592 3.093279 -33.931248
v -1.641785 3.093023 -33.931087
v 11.172606 3.102235 -33.93117
v -1.692917 1.472944 -21.082758
v -1.683993 1.47408 -21.091606
v 11.223742 1.472946 -21.082924
v -1.675072 1.475024 -21.100456
v 11.205897 1.475026 -21.100622
v -1.683993 1.47408 -21.091606
v -1.675072 1.475024 -21.100456
v -1.666191 1.475298 -21.109272
v 11.205897 1.475026 -21.100622
v -1.666191 1.475298 -21.109272
v -1.657585 1.474042 -21.117828
v 11.197017 1.475301 -21.109436
v -1.657585 1.474042 -21.117828
v -1.650131 1.470081 -21.12527
v 11.188412 1.474045 -21.117994
v -1.645226 1.463234 -21.130213
v 11.176051 1.463237 -21.130377
v -1.650131 1.470081 -21.12527
v -1.645226 1.463234 -21.130213
v -1.642868 1.454902 -21.132639
v 11.176051 1.463237 -21.130377
v -1.641999 1.446102 -21.13359
v 11.172824 1.446105 -21.133755
v -1.642868 1.454902 -21.132639
v -1.641999 1.446102 -21.13359
v -1.641793 1.437177 -21.133886
v 11.172824 1.446105 -21.133755
v -1.641793 1.437177 -21.133886
v -1.641779 1.428224 -21.133993
v 11.172618 1.43718 -21.134052
v -1.692922 3.150935 -33.981274
v -1.683999 3.14977 -33.972427
v -1.692917 1.472944 -21.082758
v -1.683999 3.14977 -33.972427
v -1.675079 3.148412 -33.96358
v -1.683993 1.47408 -21.091606
v -1.675079 3.148412 -33.96358
v -1.666198 3.146395 -33.954784
v -1.675072 1.475024 -21.100456
v -1.666198 3.146395 -33.954784
v -1.657592 3.142919 -33.946274
v -1.666191 1.475298 -21.109272
v -1.657592 3.142919 -33.946274
v -1.650138 3.137035 -33.938934
v -1.657585 1.474042 -21.117828
v -1.650138 3.137035 -33.938934
v -1.645233 3.128922 -33.934143
v -1.650131 1.470081 -21.12527
v -1.645233 3.128922 -33.934143
v -1.642875 3.119982 -33.931896
v -1.645226 1.463234 -21.130213
v -1.642875 3.119982 -33.931896
v -1.642006 3.110958 -33.931126
v -1.642868 1.454902 -21.132639
v -1.642006 3.110958 -33.931126
v -1.6418 3.101979 -33.93101
v -1.641999 1.446102 -21.13359
v -1.6418 3.101979 -33.93101
v -1.641785 3.093023 -33.931087
v -1.641793 1.437177 -21.133886
v 11.214818 1.474082 -21.091772
v 11.214807 3.150028 -33.972588
v 11.223742 1.472946 -21.082924
v 11.205897 1.475026 -21.100622
v 11.205885 3.14867 -33.963745
v 11.214818 1.474082 -21.091772
v 11.197017 1.475301 -21.109436
v 11.197005 3.146653 -33.954945
v 11.205897 1.475026 -21.100622
v 11.188412 1.474045 -21.117994
v 11.188399 3.143176 -33.946434
v 11.197017 1.475301 -21.109436
v 11.180957 1.470084 -21.125437
v 11.180944 3.137291 -33.939095
v 11.188412 1.474045 -21.117994
v 11.176051 1.463237 -21.130377
v 11.17604 3.129178 -33.934307
v 11.180957 1.470084 -21.125437
v 11.173693 1.454906 -21.132805
v 11.173681 3.120238 -33.932056
v 11.176051 1.463237 -21.130377
v 11.172824 1.446105 -21.133755
v 11.172813 3.111214 -33.931286
v 11.173693 1.454906 -21.132805
v 11.172618 1.43718 -21.134052
v 11.172606 3.102235 -33.93117
v 11.172824 1.446105 -21.133755
v 11.172605 1.428227 -21.134157
v 11.172592 3.093279 -33.931248
v 11.172618 1.43718 -21.134052
v 7.971435 1.41746 -24.637787
v 7.971435 1.417482 -24.64671
v 11.156029 1.417457 -24.637787
v 7.971435 1.417482 -24.64671
v 7.971435 1.417313 -24.655632
v 11.160343 1.41748 -24.64671
v 7.971435 1.417313 -24.655632
v 7.971435 1.416482 -24.664515
v 11.164657 1.417311 -24.655632
v 7.971435 1.416482 -24.664515
v 7.971435 1.41416 -24.67313
v 11.16895 1.41648 -24.664516
v 7.971435 1.41416 -24.67313
v 7.971435 1.409286 -24.680603
v 11.173112 1.414159 -24.67313
v 7.971435 1.409286 -24.680603
v 7.971435 1.401852 -24.685537
v 7.971435 1.393256 -24.687931
v 11.179088 1.401852 -24.68554
v 7.971435 1.384379 -24.688833
v 11.180227 1.393256 -24.687931
v 7.971435 1.375459 -24.689075
v 11.180648 1.384379 -24.688835
v 7.971435 1.366536 -24.689125
v 11.180747 1.375459 -24.689075
v -1.638876 1.41748 -24.646711
v 1.552795 1.417482 -24.646711
v -1.635146 1.417457 -24.637789
v -1.642606 1.417311 -24.655632
v 1.552795 1.417313 -24.655632
v -1.638876 1.41748 -24.646711
v -1.646318 1.416481 -24.664516
v 1.552795 1.416482 -24.664516
v -1.642606 1.417311 -24.655632
v -1.649917 1.414159 -24.673132
v 1.552795 1.41416 -24.673132
v -1.646318 1.416481 -24.664516
v -1.653033 1.409285 -24.680605
v 1.552795 1.409286 -24.680605
v -1.649917 1.414159 -24.673132
v -1.655084 1.401852 -24.68554
v 1.552795 1.401852 -24.68554
v -1.653033 1.409285 -24.680605
v -1.65607 1.393256 -24.687931
v 1.552795 1.393256 -24.687931
v -1.656433 1.384379 -24.688835
v 1.552795 1.384379 -24.688835
v -1.656519 1.375459 -24.689075
v 1.552795 1.375459 -24.689075
v -1.656525 1.366536 -24.689125
v 1.552795 1.366536 -24.689125
v 1.552795 1.41746 -24.637787
v 1.552795 1.417482 -24.646711
v 7.971435 1.417313 -24.655632
v 1.552795 1.417482 -24.646711
v 7.971435 1.416482 -24.664515
v 1.552795 1.417313 -24.655632
v 1.552795 1.41416 -24.673132
v 7.971435 1.41416 -24.67313
v 1.552795 1.416482 -24.664516
v 1.552795 1.41416 -24.673132
v 1.552795 1.409286 -24.680605
v -1.641779 -1.5766 -21.164669
v -1.641779 1.428224 -21.133993
v -1.641785 -0.986777 -33.97274
v 11.172605 -1.576656 -21.164835
v 11.172605 1.428227 -21.134157
v -1.641779 -1.5766 -21.164669
v 11.172605 -1.576656 -21.164835
v 11.172592 -0.986802 -33.972904
v 11.172605 1.428227 -21.134157
v 11.172592 3.093279 -33.931248
v 11.172592 -0.986802 -33.972904
v -1.641785 3.093023 -33.931087
v -1.649562 1.41745 -24.638264
v -1.392812 1.409235 -22.7701
v -1.656525 1.417445 -24.637787
v -0.153439 1.414862 -24.009983
v -0.722093 1.414745 -23.98428
v -1.635146 1.417457 -24.637789
v -1.656525 1.417445 -24.637787
v -1.656526 1.053519 -21.06922
v -1.656526 1.067783 -24.690298
v 1.552794 1.067783 -24.6903
v -1.329813 1.413358 -23.67857
v -1.640791 1.417465 -24.640268
v -1.285113 1.413911 -23.800543
v -1.367123 1.411817 -23.338997
v -1.645806 1.417456 -24.638924
v -1.329813 1.413358 -23.67857
v -1.392812 1.409235 -22.7701
v -1.649562 1.41745 -24.638264
v -1.367123 1.411817 -23.338997
v 11.180753 1.401511 -21.067854
v 10.861366 1.409258 -22.775202
v 11.180754 1.417445 -24.637787
v 11.180755 1.067782 -24.6903
v 11.180754 1.417445 -24.637787
v 9.622 1.414885 -24.015085
v 9.053345 1.414768 -23.989384
v 11.156029 1.417457 -24.637787
v 11.162574 1.417469 -24.641129
v 10.798373 1.413381 -23.68367
v 11.156029 1.417457 -24.637787
v 7.971435 1.067782 -24.6903
v 11.180754 1.366536 -24.689125
v 10.83568 1.41184 -23.344093
v 10.798373 1.413381 -23.68367
v 11.168044 1.417458 -24.63939
v 10.861366 1.409258 -22.775202
v 10.83568 1.41184 -23.344093
v 11.172336 1.417451 -24.638483
v 1.659112 1.414631 -23.959055
v 1.552795 1.41746 -24.637787
v 7.795102 1.414631 -23.959055
v 1.513511 1.414242 -23.873436
v 0.978234 1.413911 -23.800543
v 8.445624 1.413381 -23.683674
v 7.938693 1.414251 -23.87544
v 7.971435 1.41746 -24.637787
v -1.945787 1.44067 -20.829765
v -1.945786 1.439047 -20.82181
v -1.953787 1.440015 -20.829802
v -1.953787 1.440015 -20.829802
v -1.954031 1.438295 -20.821682
v -1.961589 1.438112 -20.829853
v -1.961589 1.438112 -20.829853
v -1.962045 1.436238 -20.82169
v -1.969004 1.43501 -20.82992
v -1.969004 1.43501 -20.82992
v -1.969354 1.433062 -20.821775
v -1.975845 1.430784 -20.830002
v -1.975845 1.430784 -20.830002
v -1.975829 1.42897 -20.821894
v -1.981947 1.425539 -20.830093
v -1.945786 1.439047 -20.82181
v -1.945784 1.436202 -20.81407
v -1.954031 1.438295 -20.821682
v -1.954031 1.438295 -20.821682
v -1.954092 1.435277 -20.813715
v -1.962045 1.436238 -20.82169
v -1.962045 1.436238 -20.82169
v -1.962089 1.433134 -20.813757
v -1.969354 1.433062 -20.821775
v -1.969354 1.433062 -20.821775
v -1.969128 1.430057 -20.814056
v -1.975829 1.42897 -20.821894
v -1.975829 1.42897 -20.821894
v -1.975123 1.426288 -20.814398
v -1.981466 1.424092 -20.822006
v -1.945784 1.436202 -20.81407
v -1.945783 1.432202 -20.80673
v -1.954092 1.435277 -20.813715
v -1.954092 1.435277 -20.813715
v -1.954048 1.431188 -20.806417
v -1.962089 1.433134 -20.813757
v -1.962089 1.433134 -20.813757
v -1.961838 1.429148 -20.806717
v -1.969128 1.430057 -20.814056
v -1.969128 1.430057 -20.814056
v -1.968497 1.426422 -20.807413
v -1.975123 1.426288 -20.814398
v -1.975123 1.426288 -20.814398
v -1.973979 1.423199 -20.80812
v -1.980214 1.421911 -20.814621
v -1.945783 1.432202 -20.80673
v -1.945781 1.42715 -20.799978
v -1.954048 1.431188 -20.806417
v -1.954048 1.431188 -20.806417
v -1.953974 1.42628 -20.799992
v -1.961838 1.429148 -20.806717
v -1.961838 1.429148 -20.806717
v -1.96153 1.424602 -20.800758
v -1.968497 1.426422 -20.807413
v -1.968497 1.426422 -20.807413
v -1.967838 1.422443 -20.801971
v -1.973979 1.423199 -20.80812
v -1.973979 1.423199 -20.80812
v -1.972834 1.419982 -20.803165
v -1.97852 1.419434 -20.808521
v -1.945781 1.42715 -20.799978
v -1.94578 1.421166 -20.793976
v -1.953974 1.42628 -20.799992
v -1.953974 1.42628 -20.799992
v -1.953909 1.420715 -20.794447
v -1.96153 1.424602 -20.800758
v -1.961341 1.419595 -20.795744
v -1.967486 1.41809 -20.797495
v -1.96153 1.424602 -20.800758
v -1.967486 1.41809 -20.797495
v -1.972185 1.416521 -20.799305
v -1.967838 1.422443 -20.801971
v -1.972185 1.416521 -20.799305
v -1.975306 1.415244 -20.800772
v -1.972834 1.419982 -20.803165
v -1.996296 1.397252 -20.830524
v -1.995589 1.396399 -20.822311
v -1.996926 1.389226 -20.830635
v -1.995589 1.396399 -20.822311
v -1.993567 1.39546 -20.814327
v -1.996294 1.388237 -20.82267
v -1.993567 1.39546 -20.814327
v -1.990419 1.394546 -20.807041
v -1.99442 1.387275 -20.814896
v -1.990419 1.394546 -20.807041
v -1.986351 1.393714 -20.800583
v -1.991347 1.386366 -20.807507
v -1.986351 1.393714 -20.800583
v -1.981501 1.393003 -20.794956
v -1.987153 1.38553 -20.800682
v -1.994423 1.405082 -20.830412
v -1.993574 1.404453 -20.822132
v -1.996296 1.397252 -20.830524
v -1.993574 1.404453 -20.822132
v -1.991461 1.403483 -20.814165
v -1.995589 1.396399 -20.822311
v -1.991461 1.403483 -20.814165
v -1.988384 1.402385 -20.807152
v -1.993567 1.39546 -20.814327
v -1.988384 1.402385 -20.807152
v -1.984609 1.401382 -20.801176
v -1.990419 1.394546 -20.807041
v -1.984609 1.401382 -20.801176
v -1.980241 1.400616 -20.796095
v -1.986351 1.393714 -20.800583
v -1.991351 1.412529 -20.8303
v -1.990407 1.411864 -20.822065
v -1.994423 1.405082 -20.830412
v -1.990407 1.411864 -20.822065
v -1.988365 1.410659 -20.814308
v -1.993574 1.404453 -20.822132
v -1.988365 1.410659 -20.814308
v -1.985587 1.409201 -20.807678
v -1.991461 1.403483 -20.814165
v -1.985587 1.409201 -20.807678
v -1.982309 1.407883 -20.80222
v -1.988384 1.402385 -20.807152
v -1.982309 1.407883 -20.80222
v -1.978526 1.406994 -20.797691
v -1.984609 1.401382 -20.801176
v -1.987159 1.419403 -20.830193
v -1.986319 1.418416 -20.822035
v -1.991351 1.412529 -20.8303
v -1.986319 1.418416 -20.822035
v -1.984577 1.416761 -20.814518
v -1.990407 1.411864 -20.822065
v -1.984577 1.416761 -20.814518
v -1.982299 1.414819 -20.808247
v -1.988365 1.410659 -20.814308
v -1.982299 1.414819 -20.808247
v -1.979717 1.413056 -20.803282
v -1.985587 1.409201 -20.807678
v -1.979717 1.413056 -20.803282
v -1.976748 1.411932 -20.799383
v -1.982309 1.407883 -20.80222
v -1.981947 1.425539 -20.830093
v -1.981466 1.424092 -20.822006
v -1.987159 1.419403 -20.830193
v -1.981466 1.424092 -20.822006
v -1.980214 1.421911 -20.814621
v -1.986319 1.418416 -20.822035
v -1.980214 1.421911 -20.814621
v -1.97852 1.419434 -20.808521
v -1.984577 1.416761 -20.814518
v -1.97852 1.419434 -20.808521
v -1.976748 1.417074 -20.803864
v -1.982299 1.414819 -20.808247
v -1.976748 1.417074 -20.803864
v -1.975306 1.415244 -20.800772
v -1.979717 1.413056 -20.803282
v -1.945778 1.383042 -20.779556
v -1.953778 1.383096 -20.78021
v -1.945777 1.391144 -20.780075
v -1.945777 1.391144 -20.780075
v -1.953944 1.391454 -20.780802
v -1.945778 1.399201 -20.781834
v -1.945778 1.399201 -20.781834
v -1.953993 1.399742 -20.782703
v -1.945778 1.407019 -20.78479
v -1.945778 1.407019 -20.78479
v -1.953975 1.407462 -20.785736
v -1.945779 1.4144 -20.78887
v -1.945779 1.4144 -20.78887
v -1.953935 1.414461 -20.789696
v -1.94578 1.421166 -20.793976
v -1.953778 1.383096 -20.78021
v -1.96158 1.383305 -20.7821
v -1.953944 1.391454 -20.780802
v -1.953944 1.391454 -20.780802
v -1.961976 1.391742 -20.782833
v -1.953993 1.399742 -20.782703
v -1.953993 1.399742 -20.782703
v -1.961992 1.400024 -20.784828
v -1.953975 1.407462 -20.785736
v -1.953975 1.407462 -20.785736
v -1.961757 1.407465 -20.787792
v -1.953935 1.414461 -20.789696
v -1.953935 1.414461 -20.789696
v -1.961487 1.413946 -20.791466
v -1.953909 1.420715 -20.794447
v -1.96158 1.383305 -20.7821
v -1.968995 1.383663 -20.785185
v -1.961976 1.391742 -20.782833
v -1.961976 1.391742 -20.782833
v -1.969351 1.392069 -20.78601
v -1.961992 1.400024 -20.784828
v -1.961992 1.400024 -20.784828
v -1.969106 1.400136 -20.787937
v -1.961757 1.407465 -20.787792
v -1.961757 1.407465 -20.787792
v -1.968468 1.407161 -20.790607
v -1.961487 1.413946 -20.791466
v -1.961487 1.413946 -20.791466
v -1.967822 1.413067 -20.793793
v -1.961341 1.419595 -20.795744
v -1.968995 1.383663 -20.785185
v -1.975837 1.384162 -20.789381
v -1.969351 1.392069 -20.78601
v -1.969351 1.392069 -20.78601
v -1.975863 1.392483 -20.790104
v -1.969106 1.400136 -20.787937
v -1.969106 1.400136 -20.787937
v -1.975142 1.40028 -20.791733
v -1.968468 1.407161 -20.790607
v -1.968468 1.407161 -20.790607
v -1.973979 1.406892 -20.79391
v -1.967822 1.413067 -20.793793
v -1.972831 1.412225 -20.796406
v -1.972185 1.416521 -20.799305
v -1.967822 1.413067 -20.793793
v -1.975837 1.384162 -20.789381
v -1.98194 1.38479 -20.79459
v -1.975863 1.392483 -20.790104
v -1.975863 1.392483 -20.790104
v -1.981501 1.393003 -20.794956
v -1.975142 1.40028 -20.791733
v -1.975142 1.40028 -20.791733
v -1.980241 1.400616 -20.796095
v -1.973979 1.406892 -20.79391
v -1.973979 1.406892 -20.79391
v -1.978526 1.406994 -20.797691
v -1.972831 1.412225 -20.796406
v -1.976748 1.411932 -20.799383
v -1.975306 1.415244 -20.800772
v -1.972831 1.412225 -20.796406
v 11.527729 3.132723 -34.23596
v 11.527101 3.140757 -34.235905
v 11.527101 3.133789 -34.24392
v 11.527101 3.133789 -34.24392
v 11.526396 3.142023 -34.24411
v 11.525228 3.134833 -34.251686
v 11.525228 3.134833 -34.251686
v 11.524376 3.143144 -34.252087
v 11.522156 3.13583 -34.259064
v 11.522156 3.13583 -34.259064
v 11.52123 3.144109 -34.25936
v 11.517964 3.136755 -34.265877
v 11.517964 3.136755 -34.265877
v 11.517162 3.144943 -34.26581
v 11.512753 3.137584 -34.27195
v 11.527101 3.140757 -34.235905
v 11.525228 3.148596 -34.23585
v 11.526396 3.142023 -34.24411
v 11.526396 3.142023 -34.24411
v 11.524381 3.150102 -34.244118
v 11.524376 3.143144 -34.252087
v 11.524376 3.143144 -34.252087
v 11.522268 3.151187 -34.252075
v 11.52123 3.144109 -34.25936
v 11.52123 3.144109 -34.25936
v 11.519194 3.151898 -34.259087
v 11.517162 3.144943 -34.26581
v 11.517162 3.144943 -34.26581
v 11.51542 3.152437 -34.265053
v 11.512312 3.145683 -34.271416
v 11.525228 3.148596 -34.23585
v 11.522156 3.156051 -34.2358
v 11.524381 3.150102 -34.244118
v 11.524381 3.150102 -34.244118
v 11.521214 3.15751 -34.244026
v 11.522268 3.151187 -34.252075
v 11.522268 3.151187 -34.252075
v 11.519174 3.158307 -34.251778
v 11.519194 3.151898 -34.259087
v 11.519194 3.151898 -34.259087
v 11.516397 3.158561 -34.25841
v 11.51542 3.152437 -34.265053
v 11.51542 3.152437 -34.265053
v 11.51312 3.158652 -34.263874
v 11.511053 3.152982 -34.270126
v 11.522156 3.156051 -34.2358
v 11.517964 3.162933 -34.235756
v 11.521214 3.15751 -34.244026
v 11.521214 3.15751 -34.244026
v 11.517125 3.164052 -34.243908
v 11.519174 3.158307 -34.251778
v 11.519174 3.158307 -34.251778
v 11.515386 3.164338 -34.251434
v 11.516397 3.158561 -34.25841
v 11.516397 3.158561 -34.25841
v 11.513108 3.164017 -34.25772
v 11.51312 3.158652 -34.263874
v 11.51312 3.158652 -34.263874
v 11.510528 3.163537 -34.262703
v 11.509337 3.158931 -34.268394
v 11.517964 3.162933 -34.235756
v 11.512753 3.169078 -34.235714
v 11.517125 3.164052 -34.243908
v 11.517125 3.164052 -34.243908
v 11.512272 3.169719 -34.243805
v 11.515386 3.164338 -34.251434
v 11.515386 3.164338 -34.251434
v 11.511023 3.169447 -34.251213
v 11.513108 3.164017 -34.25772
v 11.513108 3.164017 -34.25772
v 11.50933 3.168548 -34.25734
v 11.510528 3.163537 -34.262703
v 11.507559 3.167394 -34.26203
v 11.506117 3.166366 -34.265144
v 11.510528 3.163537 -34.262703
v 11.476591 3.139704 -34.28687
v 11.484592 3.139592 -34.28624
v 11.476593 3.147652 -34.286186
v 11.476593 3.147652 -34.286186
v 11.484759 3.147776 -34.285484
v 11.476593 3.155235 -34.28427
v 11.476593 3.155235 -34.28427
v 11.484808 3.155552 -34.283417
v 11.476593 3.162271 -34.28116
v 11.476593 3.162271 -34.28116
v 11.48479 3.162472 -34.280235
v 11.476593 3.168581 -34.27694
v 11.476593 3.168581 -34.27694
v 11.484749 3.168432 -34.27614
v 11.476593 3.174014 -34.271713
v 11.484592 3.139592 -34.28624
v 11.492394 3.139315 -34.284374
v 11.484759 3.147776 -34.285484
v 11.484759 3.147776 -34.285484
v 11.49279 3.147542 -34.283474
v 11.484808 3.155552 -34.283417
v 11.484808 3.155552 -34.283417
v 11.492806 3.155289 -34.28132
v 11.48479 3.162472 -34.280235
v 11.48479 3.162472 -34.280235
v 11.492572 3.161947 -34.278206
v 11.484749 3.168432 -34.27614
v 11.484749 3.168432 -34.27614
v 11.492301 3.167465 -34.27441
v 11.484721 3.173445 -34.27128
v 11.492394 3.139315 -34.284374
v 11.499809 3.13888 -34.28132
v 11.49279 3.147542 -34.283474
v 11.49279 3.147542 -34.283474
v 11.500165 3.147052 -34.28032
v 11.492806 3.155289 -34.28132
v 11.492806 3.155289 -34.28132
v 11.49992 3.154602 -34.278236
v 11.492572 3.161947 -34.278206
v 11.499281 3.16092 -34.27543
v 11.498634 3.16599 -34.272125
v 11.492572 3.161947 -34.278206
v 11.498634 3.16599 -34.272125
v 11.498299 3.170046 -34.268333
v 11.492301 3.167465 -34.27441
v 11.499809 3.13888 -34.28132
v 11.506651 3.138299 -34.277138
v 11.500165 3.147052 -34.28032
v 11.506677 3.146412 -34.276253
v 11.505955 3.153769 -34.274467
v 11.500165 3.147052 -34.28032
v 11.505955 3.153769 -34.274467
v 11.504791 3.159803 -34.272156
v 11.49992 3.154602 -34.278236
v 11.504791 3.159803 -34.272156
v 11.503643 3.164478 -34.269554
v 11.499281 3.16092 -34.27543
v 11.503643 3.164478 -34.269554
v 11.502996 3.168016 -34.26657
v 11.498634 3.16599 -34.272125
v 11.512753 3.137584 -34.27195
v 11.512312 3.145683 -34.271416
v 11.506651 3.138299 -34.277138
v 11.512312 3.145683 -34.271416
v 11.511053 3.152982 -34.270126
v 11.506677 3.146412 -34.276253
v 11.511053 3.152982 -34.270126
v 11.509337 3.158931 -34.268394
v 11.505955 3.153769 -34.274467
v 11.509337 3.158931 -34.268394
v 11.50756 3.16342 -34.2666
v 11.504791 3.159803 -34.272156
v 11.50756 3.16342 -34.2666
v 11.506117 3.166366 -34.265144
v 11.503643 3.164478 -34.269554
v 11.476591 3.184243 -34.23562
v 11.476593 3.184674 -34.243584
v 11.484592 3.183582 -34.235622
v 11.484592 3.183582 -34.235622
v 11.484838 3.18396 -34.243755
v 11.492394 3.181674 -34.235634
v 11.492394 3.181674 -34.235634
v 11.492852 3.181909 -34.243813
v 11.499809 3.178564 -34.235653
v 11.499809 3.178564 -34.235653
v 11.500161 3.178722 -34.243816
v 11.506651 3.174332 -34.23568
v 11.506637 3.174611 -34.2438
v 11.512272 3.169719 -34.243805
v 11.506651 3.174332 -34.23568
v 11.476593 3.184674 -34.243584
v 11.476593 3.183831 -34.251366
v 11.484838 3.18396 -34.243755
v 11.484838 3.18396 -34.243755
v 11.484901 3.183004 -34.251762
v 11.492852 3.181909 -34.243813
v 11.492852 3.181909 -34.243813
v 11.492898 3.180858 -34.251793
v 11.500161 3.178722 -34.243816
v 11.499937 3.177714 -34.251575
v 11.505931 3.173869 -34.25133
v 11.500161 3.178722 -34.243816
v 11.505931 3.173869 -34.25133
v 11.511023 3.169447 -34.251213
v 11.506637 3.174611 -34.2438
v 11.476593 3.183831 -34.251366
v 11.476593 3.181734 -34.258766
v 11.484901 3.183004 -34.251762
v 11.484901 3.183004 -34.251762
v 11.484859 3.180806 -34.259125
v 11.492898 3.180858 -34.251793
v 11.492898 3.180858 -34.251793
v 11.492648 3.178697 -34.258892
v 11.499937 3.177714 -34.251575
v 11.499307 3.175801 -34.258274
v 11.504788 3.172405 -34.257652
v 11.499937 3.177714 -34.251575
v 11.504788 3.172405 -34.257652
v 11.50933 3.168548 -34.25734
v 11.505931 3.173869 -34.25133
v 11.476593 3.181734 -34.258766
v 11.476593 3.178435 -34.265602
v 11.484859 3.180806 -34.259125
v 11.484859 3.180806 -34.259125
v 11.484785 3.177567 -34.265633
v 11.492648 3.178697 -34.258892
v 11.492341 3.175698 -34.264927
v 11.498649 3.173234 -34.263783
v 11.492648 3.178697 -34.258892
v 11.498649 3.173234 -34.263783
v 11.503644 3.170473 -34.262657
v 11.499307 3.175801 -34.258274
v 11.503644 3.170473 -34.262657
v 11.507559 3.167394 -34.26203
v 11.504788 3.172405 -34.257652
v 11.476593 3.178435 -34.265602
v 11.476593 3.174014 -34.271713
v 11.484785 3.177567 -34.265633
v 11.484785 3.177567 -34.265633
v 11.484721 3.173445 -34.27128
v 11.492341 3.175698 -34.264927
v 11.492154 3.171996 -34.270027
v 11.498299 3.170046 -34.268333
v 11.492341 3.175698 -34.264927
v 11.498299 3.170046 -34.268333
v 11.502996 3.168016 -34.26657
v 11.498649 3.173234 -34.263783
v 11.502996 3.168016 -34.26657
v 11.506117 3.166366 -34.265144
v 11.503644 3.170473 -34.262657
v -1.945783 3.147235 -34.284996
v -1.95371 3.146497 -34.28293
v -1.945783 3.139324 -34.285763
v -1.95371 3.146497 -34.28293
v -1.961416 3.145895 -34.28087
v -1.953773 3.138787 -34.28508
v -1.961416 3.145895 -34.28087
v -1.968673 3.145302 -34.278145
v -1.961572 3.138179 -34.283234
v -1.968673 3.145302 -34.278145
v -1.975235 3.144659 -34.27443
v -1.968982 3.137507 -34.280174
v -1.975235 3.144659 -34.27443
v -1.98095 3.143983 -34.269745
v -1.975807 3.136791 -34.275974
v -1.945784 3.1548 -34.28308
v -1.953643 3.153955 -34.280586
v -1.945783 3.147235 -34.284996
v -1.953643 3.153955 -34.280586
v -1.96124 3.153332 -34.278435
v -1.95371 3.146497 -34.28293
v -1.96124 3.153332 -34.278435
v -1.968303 3.152732 -34.275986
v -1.961416 3.145895 -34.28087
v -1.968303 3.152732 -34.275986
v -1.974564 3.152079 -34.272736
v -1.968673 3.145302 -34.278145
v -1.974564 3.152079 -34.272736
v -1.979886 3.151427 -34.26855
v -1.975235 3.144659 -34.27443
v -1.945784 3.1548 -34.28308
v -1.945785 3.161826 -34.27996
v -1.953643 3.153955 -34.280586
v -1.953643 3.153955 -34.280586
v -1.95359 3.16092 -34.27771
v -1.96124 3.153332 -34.278435
v -1.961068 3.160207 -34.275772
v -1.967874 3.159435 -34.273617
v -1.96124 3.153332 -34.278435
v -1.967874 3.159435 -34.273617
v -1.973744 3.158606 -34.270817
v -1.968303 3.152732 -34.275986
v -1.973744 3.158606 -34.270817
v -1.978611 3.157894 -34.267147
v -1.974564 3.152079 -34.272736
v -1.945785 3.161826 -34.27996
v -1.945787 3.168124 -34.27572
v -1.95359 3.16092 -34.27771
v -1.95359 3.16092 -34.27771
v -1.953557 3.167141 -34.27404
v -1.961068 3.160207 -34.275772
v -1.960926 3.166212 -34.2725
v -1.967474 3.165103 -34.270737
v -1.961068 3.160207 -34.275772
v -1.967474 3.165103 -34.270737
v -1.972873 3.163878 -34.268486
v -1.967874 3.159435 -34.273617
v -1.972873 3.163878 -34.268486
v -1.977087 3.162927 -34.265526
v -1.973744 3.158606 -34.270817
v -1.945787 3.168124 -34.27572
v -1.945788 3.173615 -34.27053
v -1.953557 3.167141 -34.27404
v -1.953543 3.172461 -34.26949
v -1.960859 3.171177 -34.26838
v -1.953557 3.167141 -34.27404
v -1.960859 3.171177 -34.26838
v -1.967273 3.169639 -34.26705
v -1.960926 3.166212 -34.2725
v -1.967273 3.169639 -34.26705
v -1.97234 3.167836 -34.265488
v -1.967474 3.165103 -34.270737
v -1.97234 3.167836 -34.265488
v -1.975641 3.166144 -34.264015
v -1.972873 3.163878 -34.268486
v -1.99693 3.132556 -34.23469
v -1.99624 3.133168 -34.242676
v -1.996242 3.140553 -34.23422
v -1.996242 3.140553 -34.23422
v -1.994157 3.141222 -34.242172
v -1.99439 3.148366 -34.233833
v -1.99439 3.148366 -34.233833
v -1.992094 3.149027 -34.241806
v -1.991321 3.155799 -34.233547
v -1.991321 3.155799 -34.233547
v -1.989372 3.156368 -34.241543
v -1.987116 3.162656 -34.23336
v -1.987116 3.162656 -34.23336
v -1.985669 3.163008 -34.241364
v -1.981952 3.168833 -34.233284
v -1.99624 3.133168 -34.242676
v -1.994387 3.133837 -34.250465
v -1.994157 3.141222 -34.242172
v -1.994157 3.141222 -34.242172
v -1.99188 3.141893 -34.249905
v -1.992094 3.149027 -34.241806
v -1.992094 3.149027 -34.241806
v -1.989733 3.149652 -34.249523
v -1.989372 3.156368 -34.241543
v -1.989372 3.156368 -34.241543
v -1.987292 3.156844 -34.249207
v -1.985669 3.163008 -34.241364
v -1.985669 3.163008 -34.241364
v -1.984065 3.163212 -34.248947
v -1.980996 3.168795 -34.24128
v -1.994387 3.133837 -34.250465
v -1.991316 3.134552 -34.257874
v -1.99188 3.141893 -34.249905
v -1.99188 3.141893 -34.249905
v -1.989071 3.142582 -34.257206
v -1.989733 3.149652 -34.249523
v -1.989733 3.149652 -34.249523
v -1.987138 3.150248 -34.256702
v -1.987292 3.156844 -34.249207
v -1.987292 3.156844 -34.249207
v -1.985004 3.157194 -34.256172
v -1.984065 3.163212 -34.248947
v -1.984065 3.163212 -34.248947
v -1.982239 3.163166 -34.255676
v -1.979921 3.168628 -34.248817
v -1.991316 3.134552 -34.257874
v -1.98711 3.135295 -34.264687
v -1.989071 3.142582 -34.257206
v -1.989071 3.142582 -34.257206
v -1.985453 3.14328 -34.263866
v -1.987138 3.150248 -34.256702
v -1.987138 3.150248 -34.256702
v -1.983935 3.150826 -34.26309
v -1.985004 3.157194 -34.256172
v -1.985004 3.157194 -34.256172
v -1.982206 3.157483 -34.262173
v -1.982239 3.163166 -34.255676
v -1.982239 3.163166 -34.255676
v -1.979993 3.162936 -34.261208
v -1.978623 3.16813 -34.255417
v -1.98711 3.135295 -34.264687
v -1.981945 3.136048 -34.270817
v -1.985453 3.14328 -34.263866
v -1.985453 3.14328 -34.263866
v -1.98095 3.143983 -34.269745
v -1.983935 3.150826 -34.26309
v -1.983935 3.150826 -34.26309
v -1.979886 3.151427 -34.26855
v -1.982206 3.157483 -34.262173
v -1.982206 3.157483 -34.262173
v -1.978611 3.157894 -34.267147
v -1.979993 3.162936 -34.261208
v -1.977087 3.162927 -34.265526
v -1.975641 3.166144 -34.264015
v -1.979993 3.162936 -34.261208
v -1.953783 3.183338 -34.23407
v -1.95364 3.182251 -34.242092
v -1.945792 3.184087 -34.23451
v -1.95364 3.182251 -34.242092
v -1.953595 3.181154 -34.24984
v -1.945791 3.184394 -34.24245
v -1.945791 3.183513 -34.250202
v -1.953595 3.181154 -34.24984
v -1.94579 3.181367 -34.257584
v -1.94579 3.181367 -34.257584
v -1.953579 3.179337 -34.257133
v -1.945789 3.178013 -34.264397
v -1.945789 3.178013 -34.264397
v -1.953557 3.176442 -34.263733
v -1.945788 3.173615 -34.27053
v -1.961582 3.181426 -34.23372
v -1.96129 3.179915 -34.24176
v -1.953783 3.183338 -34.23407
v -1.96129 3.179915 -34.24176
v -1.961157 3.178725 -34.24948
v -1.95364 3.182251 -34.242092
v -1.953595 3.181154 -34.24984
v -1.961157 3.178725 -34.24948
v -1.953579 3.179337 -34.257133
v -1.953579 3.179337 -34.257133
v -1.961046 3.177163 -34.256638
v -1.953557 3.176442 -34.263733
v -1.953557 3.176442 -34.263733
v -1.960925 3.174697 -34.262978
v -1.953543 3.172461 -34.26949
v -1.968991 3.178301 -34.233467
v -1.968533 3.177045 -34.24151
v -1.961582 3.181426 -34.23372
v -1.968533 3.177045 -34.24151
v -1.968219 3.176054 -34.249153
v -1.96129 3.179915 -34.24176
v -1.968219 3.176054 -34.249153
v -1.967852 3.174763 -34.2561
v -1.961157 3.178725 -34.24948
v -1.967852 3.174763 -34.2561
v -1.967473 3.172702 -34.26209
v -1.961046 3.177163 -34.256638
v -1.967473 3.172702 -34.26209
v -1.967273 3.169639 -34.26705
v -1.960925 3.174697 -34.262978
v -1.975815 3.174044 -34.233322
v -1.975151 3.173364 -34.241344
v -1.968991 3.178301 -34.233467
v -1.975151 3.173364 -34.241344
v -1.974522 3.172766 -34.248917
v -1.968533 3.177045 -34.24151
v -1.974522 3.172766 -34.248917
v -1.973734 3.171841 -34.255634
v -1.968219 3.176054 -34.249153
v -1.973734 3.171841 -34.255634
v -1.972873 3.17027 -34.261166
v -1.967852 3.174763 -34.2561
v -1.972873 3.17027 -34.261166
v -1.97234 3.167836 -34.265488
v -1.967473 3.172702 -34.26209
v -1.981952 3.168833 -34.233284
v -1.980996 3.168795 -34.24128
v -1.975815 3.174044 -34.233322
v -1.980996 3.168795 -34.24128
v -1.979921 3.168628 -34.248817
v -1.975151 3.173364 -34.241344
v -1.979921 3.168628 -34.248817
v -1.978623 3.16813 -34.255417
v -1.974522 3.172766 -34.248917
v -1.978623 3.16813 -34.255417
v -1.97709 3.167207 -34.26062
v -1.973734 3.171841 -34.255634
v -1.97709 3.167207 -34.26062
v -1.975641 3.166144 -34.264015
v -1.972873 3.17027 -34.261166
v 11.527733 1.389461 -20.830956
v 11.527045 1.388903 -20.82297
v 11.527043 1.397449 -20.830416
v 11.527043 1.397449 -20.830416
v 11.524961 1.396726 -20.822687
v 11.525191 1.405254 -20.829954
v 11.525191 1.405254 -20.829954
v 11.522897 1.404362 -20.82235
v 11.522123 1.412678 -20.829586
v 11.522123 1.412678 -20.829586
v 11.520176 1.411572 -20.822052
v 11.517918 1.419525 -20.82932
v 11.516473 1.418108 -20.821846
v 11.511801 1.423811 -20.82172
v 11.517918 1.419525 -20.82932
v 11.527045 1.388903 -20.82297
v 11.525193 1.388293 -20.815174
v 11.524961 1.396726 -20.822687
v 11.524961 1.396726 -20.822687
v 11.522685 1.39599 -20.81514
v 11.522897 1.404362 -20.82235
v 11.522897 1.404362 -20.82235
v 11.520539 1.403462 -20.81497
v 11.520176 1.411572 -20.822052
v 11.518099 1.410435 -20.814823
v 11.514873 1.416635 -20.81475
v 11.520176 1.411572 -20.822052
v 11.514873 1.416635 -20.81475
v 11.510728 1.421914 -20.814697
v 11.516473 1.418108 -20.821846
v 11.525193 1.388293 -20.815174
v 11.522124 1.387641 -20.807768
v 11.522685 1.39599 -20.81514
v 11.519878 1.395263 -20.807978
v 11.517945 1.402592 -20.808056
v 11.522685 1.39599 -20.81514
v 11.517945 1.402592 -20.808056
v 11.515813 1.409298 -20.808216
v 11.520539 1.403462 -20.81497
v 11.515813 1.409298 -20.808216
v 11.513047 1.415104 -20.808434
v 11.518099 1.410435 -20.814823
v 11.513047 1.415104 -20.808434
v 11.509434 1.419917 -20.808527
v 11.514873 1.416635 -20.81475
v 11.522124 1.387641 -20.807768
v 11.517919 1.386965 -20.800945
v 11.519878 1.395263 -20.807978
v 11.516261 1.394562 -20.801418
v 11.514744 1.401794 -20.801865
v 11.519878 1.395263 -20.807978
v 11.514744 1.401794 -20.801865
v 11.513015 1.408267 -20.802485
v 11.517945 1.402592 -20.808056
v 11.513015 1.408267 -20.802485
v 11.510802 1.413642 -20.803207
v 11.515813 1.409298 -20.808216
v 11.510802 1.413642 -20.803207
v 11.5079 1.417832 -20.803646
v 11.513047 1.415104 -20.808434
v 11.512755 1.386281 -20.794811
v 11.511764 1.393897 -20.795618
v 11.517919 1.386965 -20.800945
v 11.511764 1.393897 -20.795618
v 11.510697 1.40112 -20.796549
v 11.516261 1.394562 -20.801418
v 11.510697 1.40112 -20.796549
v 11.509423 1.407509 -20.797707
v 11.514744 1.401794 -20.801865
v 11.509423 1.407509 -20.797707
v 11.507899 1.41263 -20.799112
v 11.513015 1.408267 -20.802485
v 11.507899 1.41263 -20.799112
v 11.506453 1.416026 -20.800468
v 11.510802 1.413642 -20.803207
v 11.476595 1.440905 -20.830036
v 11.484585 1.440163 -20.829653
v 11.476599 1.43921 -20.822123
v 11.476599 1.43921 -20.822123
v 11.484447 1.437092 -20.821945
v 11.476601 1.436374 -20.814404
v 11.476601 1.436374 -20.814404
v 11.484403 1.434068 -20.814404
v 11.476604 1.432369 -20.807083
v 11.476604 1.432369 -20.807083
v 11.484391 1.430445 -20.807293
v 11.476604 1.427303 -20.800356
v 11.476604 1.427303 -20.800356
v 11.484371 1.425936 -20.800867
v 11.476604 1.421363 -20.79432
v 11.484585 1.440163 -20.829653
v 11.492383 1.438258 -20.829365
v 11.484447 1.437092 -20.821945
v 11.484447 1.437092 -20.821945
v 11.492095 1.434787 -20.821808
v 11.484403 1.434068 -20.814404
v 11.484403 1.434068 -20.814404
v 11.491964 1.431705 -20.814442
v 11.484391 1.430445 -20.807293
v 11.484391 1.430445 -20.807293
v 11.491857 1.428404 -20.807573
v 11.484371 1.425936 -20.800867
v 11.484371 1.425936 -20.800867
v 11.491737 1.424429 -20.801483
v 11.484359 1.42057 -20.79528
v 11.492383 1.438258 -20.829365
v 11.499793 1.435141 -20.829184
v 11.492095 1.434787 -20.821808
v 11.492095 1.434787 -20.821808
v 11.499338 1.431953 -20.82172
v 11.491964 1.431705 -20.814442
v 11.491964 1.431705 -20.814442
v 11.499027 1.429117 -20.814512
v 11.491857 1.428404 -20.807573
v 11.491857 1.428404 -20.807573
v 11.498662 1.426172 -20.807934
v 11.491737 1.424429 -20.801483
v 11.491737 1.424429 -20.801483
v 11.498285 1.422724 -20.802258
v 11.491674 1.419667 -20.796314
v 11.499793 1.435141 -20.829184
v 11.506617 1.430893 -20.829117
v 11.499338 1.431953 -20.82172
v 11.499338 1.431953 -20.82172
v 11.505957 1.428319 -20.821692
v 11.499027 1.429117 -20.814512
v 11.499027 1.429117 -20.814512
v 11.50533 1.425933 -20.81461
v 11.498662 1.426172 -20.807934
v 11.498662 1.426172 -20.807934
v 11.504545 1.423443 -20.808304
v 11.498285 1.422724 -20.802258
v 11.503684 1.420619 -20.803102
v 11.503153 1.417264 -20.799047
v 11.498285 1.422724 -20.802258
v 11.506617 1.430893 -20.829117
v 11.512753 1.425691 -20.829159
v 11.505957 1.428319 -20.821692
v 11.505957 1.428319 -20.821692
v 11.511801 1.423811 -20.82172
v 11.50533 1.425933 -20.81461
v 11.50533 1.425933 -20.81461
v 11.510728 1.421914 -20.814697
v 11.504545 1.423443 -20.808304
v 11.504545 1.423443 -20.808304
v 11.509434 1.419917 -20.808527
v 11.503684 1.420619 -20.803102
v 11.5079 1.417832 -20.803646
v 11.506453 1.416026 -20.800468
v 11.503684 1.420619 -20.803102
v 11.476596 1.383314 -20.779827
v 11.4766 1.391384 -20.780428
v 11.484587 1.383799 -20.780518
v 11.484587 1.383799 -20.780518
v 11.484525 1.391794 -20.782509
v 11.492386 1.384349 -20.782372
v 11.492386 1.384349 -20.782372
v 11.492229 1.392258 -20.784569
v 11.499795 1.384957 -20.785442
v 11.499795 1.384957 -20.785442
v 11.499486 1.392765 -20.787285
v 11.506618 1.385607 -20.789648
v 11.506618 1.385607 -20.789648
v 11.506048 1.393307 -20.790974
v 11.512755 1.386281 -20.794811
v 11.4766 1.391384 -20.780428
v 11.476601 1.39942 -20.782187
v 11.484525 1.391794 -20.782509
v 11.484525 1.391794 -20.782509
v 11.484457 1.399643 -20.784687
v 11.492229 1.392258 -20.784569
v 11.492229 1.392258 -20.784569
v 11.492053 1.399959 -20.78683
v 11.499486 1.392765 -20.787285
v 11.499486 1.392765 -20.787285
v 11.499116 1.400291 -20.789257
v 11.506048 1.393307 -20.790974
v 11.506048 1.393307 -20.790974
v 11.505377 1.400653 -20.792454
v 11.511764 1.393897 -20.795618
v 11.476601 1.39942 -20.782187
v 11.476604 1.407217 -20.785156
v 11.484457 1.399643 -20.784687
v 11.484457 1.399643 -20.784687
v 11.484407 1.407172 -20.787394
v 11.492053 1.399959 -20.78683
v 11.492053 1.399959 -20.78683
v 11.491881 1.407221 -20.789316
v 11.499116 1.400291 -20.789257
v 11.499116 1.400291 -20.789257
v 11.498689 1.407218 -20.79143
v 11.505377 1.400653 -20.792454
v 11.505377 1.400653 -20.792454
v 11.504557 1.407244 -20.794157
v 11.510697 1.40112 -20.796549
v 11.476604 1.407217 -20.785156
v 11.476604 1.414573 -20.789257
v 11.484407 1.407172 -20.787394
v 11.484407 1.407172 -20.787394
v 11.484372 1.414196 -20.7909
v 11.491881 1.407221 -20.789316
v 11.491881 1.407221 -20.789316
v 11.49174 1.413831 -20.792398
v 11.498689 1.407218 -20.79143
v 11.498689 1.407218 -20.79143
v 11.498288 1.413324 -20.794102
v 11.504557 1.407244 -20.794157
v 11.504557 1.407244 -20.794157
v 11.503686 1.412786 -20.796276
v 11.509423 1.407509 -20.797707
v 11.476604 1.414573 -20.789257
v 11.476604 1.421363 -20.79432
v 11.484372 1.414196 -20.7909
v 11.484372 1.414196 -20.7909
v 11.484359 1.42057 -20.79528
v 11.49174 1.413831 -20.792398
v 11.49174 1.413831 -20.792398
v 11.491674 1.419667 -20.796314
v 11.498288 1.413324 -20.794102
v 11.498088 1.418568 -20.797556
v 11.503153 1.417264 -20.799047
v 11.498288 1.413324 -20.794102
v 11.503153 1.417264 -20.799047
v 11.506453 1.416026 -20.800468
v 11.503686 1.412786 -20.796276
v -1.945777 1.391144 -20.780075
v -1.641883 1.391122 -20.780104
v -1.945778 1.383042 -20.779556
v -1.945778 1.399201 -20.781834
v -1.642196 1.399161 -20.781881
v -1.945777 1.391144 -20.780075
v -1.945778 1.407019 -20.78479
v -1.642709 1.406963 -20.784853
v -1.945778 1.399201 -20.781834
v -1.945779 1.4144 -20.78887
v -1.643409 1.414336 -20.788942
v -1.945778 1.407019 -20.78479
v -1.94578 1.421166 -20.793976
v -1.64428 1.421097 -20.794048
v -1.945779 1.4144 -20.78887
v -1.945781 1.42715 -20.799978
v -1.645299 1.427081 -20.800049
v -1.94578 1.421166 -20.793976
v -1.945783 1.432202 -20.80673
v -1.646442 1.43214 -20.806793
v -1.945781 1.42715 -20.799978
v -1.945784 1.436202 -20.81407
v -1.64768 1.436149 -20.814117
v -1.945783 1.432202 -20.80673
v -1.945786 1.439047 -20.82181
v -1.648983 1.43901 -20.821838
v -1.945784 1.436202 -20.81407
v -1.945787 1.44067 -20.829765
v -1.65032 1.440653 -20.829767
v -1.945786 1.439047 -20.82181
v 11.527101 3.133789 -34.24392
v 11.527101 -1.44265 -34.290665
v 11.527729 3.132723 -34.23596
v 11.525228 3.134833 -34.251686
v 11.525228 -1.44257 -34.29847
v 11.527101 3.133789 -34.24392
v 11.522156 3.13583 -34.259064
v 11.522156 -1.442494 -34.305885
v 11.525228 3.134833 -34.251686
v 11.517964 3.136755 -34.265877
v 11.517963 -1.442424 -34.312725
v 11.522156 3.13583 -34.259064
v 11.512753 3.137584 -34.27195
v 11.512753 -1.442362 -34.318825
v 11.517964 3.136755 -34.265877
v 11.506651 3.138299 -34.277138
v 11.506651 -1.442309 -34.32404
v 11.512753 3.137584 -34.27195
v 11.499809 3.13888 -34.28132
v 11.499809 -1.442266 -34.32823
v 11.506651 3.138299 -34.277138
v 11.492394 3.139315 -34.284374
v 11.492395 -1.442235 -34.3313
v 11.499809 3.13888 -34.28132
v 11.484592 3.139592 -34.28624
v 11.484592 -1.442216 -34.333176
v 11.492394 3.139315 -34.284374
v 11.476591 3.139704 -34.28687
v 11.476591 -1.442209 -34.333805
v 11.484592 3.139592 -34.28624
v -1.996921 -1.442687 -34.281403
v -1.996291 -1.442605 -34.289406
v -1.99693 3.132556 -34.23469
v -1.996291 -1.442605 -34.289406
v -1.994418 -1.442526 -34.29721
v -1.99624 3.133168 -34.242676
v -1.994418 -1.442526 -34.29721
v -1.991347 -1.44245 -34.304634
v -1.994387 3.133837 -34.250465
v -1.991347 -1.44245 -34.304634
v -1.987154 -1.44238 -34.311493
v -1.991316 3.134552 -34.257874
v -1.987154 -1.44238 -34.311493
v -1.981943 -1.442318 -34.31761
v -1.98711 3.135295 -34.264687
v -1.981943 -1.442318 -34.31761
v -1.975841 -1.442264 -34.322845
v -1.981945 3.136048 -34.270817
v -1.975841 -1.442264 -34.322845
v -1.968999 -1.442221 -34.327065
v -1.975807 3.136791 -34.275974
v -1.968999 -1.442221 -34.327065
v -1.961585 -1.442189 -34.330162
v -1.968982 3.137507 -34.280174
v -1.961585 -1.442189 -34.330162
v -1.953783 -1.44217 -34.33206
v -1.961572 3.138179 -34.283234
v -1.953783 -1.44217 -34.33206
v -1.945783 -1.442163 -34.332718
v -1.953773 3.138787 -34.28508
v 11.484587 1.383799 -20.780518
v 11.484599 -1.580274 -20.810429
v 11.476596 1.383314 -20.779827
v 11.492386 1.384349 -20.782372
v 11.492402 -1.580256 -20.812302
v 11.484587 1.383799 -20.780518
v 11.499795 1.384957 -20.785442
v 11.499816 -1.580227 -20.815372
v 11.492386 1.384349 -20.782372
v 11.506618 1.385607 -20.789648
v 11.506658 -1.580187 -20.819565
v 11.499795 1.384957 -20.785442
v 11.512755 1.386281 -20.794811
v 11.512758 -1.580137 -20.824776
v 11.506618 1.385607 -20.789648
v 11.517919 1.386965 -20.800945
v 11.51797 -1.580079 -20.830877
v 11.512755 1.386281 -20.794811
v 11.522124 1.387641 -20.807768
v 11.522163 -1.580013 -20.837719
v 11.517919 1.386965 -20.800945
v 11.525193 1.388293 -20.815174
v 11.525234 -1.579942 -20.845133
v 11.522124 1.387641 -20.807768
v 11.527045 1.388903 -20.82297
v 11.527106 -1.579868 -20.852934
v 11.525193 1.388293 -20.815174
v 11.527733 1.389461 -20.830956
v 11.527736 -1.579791 -20.860933
v 11.527045 1.388903 -20.82297
v -1.996242 3.140553 -34.23422
v -1.996353 3.102482 -33.93109
v -1.99693 3.132556 -34.23469
v -1.99439 3.148366 -34.233833
v -1.99448 3.110369 -33.931324
v -1.996242 3.140553 -34.23422
v -1.991321 3.155799 -34.233547
v -1.991409 3.117884 -33.93176
v -1.99439 3.148366 -34.233833
v -1.987116 3.162656 -34.23336
v -1.987216 3.124843 -33.93239
v -1.991321 3.155799 -34.233547
v -1.981952 3.168833 -34.233284
v -1.982005 3.131072 -33.933197
v -1.987116 3.162656 -34.23336
v -1.975815 3.174044 -34.233322
v -1.975903 3.13642 -33.934162
v -1.981952 3.168833 -34.233284
v -1.968991 3.178301 -34.233467
v -1.969061 3.140755 -33.93526
v -1.975815 3.174044 -34.233322
v -1.961582 3.181426 -34.23372
v -1.961647 3.143969 -33.936466
v -1.968991 3.178301 -34.233467
v -1.953783 3.183338 -34.23407
v -1.953845 3.145984 -33.937748
v -1.961582 3.181426 -34.23372
v -1.945792 3.184087 -34.23451
v -1.945845 3.14675 -33.939075
v -1.953783 3.183338 -34.23407
v -1.996926 1.389226 -20.830635
v -1.996294 1.388237 -20.82267
v -1.996974 -1.579947 -20.860687
v -1.996294 1.388237 -20.82267
v -1.99442 1.387275 -20.814896
v -1.996346 -1.580035 -20.852688
v -1.99442 1.387275 -20.814896
v -1.991347 1.386366 -20.807507
v -1.994475 -1.580119 -20.844887
v -1.991347 1.386366 -20.807507
v -1.987153 1.38553 -20.800682
v -1.991405 -1.580198 -20.837475
v -1.987153 1.38553 -20.800682
v -1.98194 1.38479 -20.79459
v -1.987214 -1.58027 -20.830637
v -1.98194 1.38479 -20.79459
v -1.975837 1.384162 -20.789381
v -1.982003 -1.580333 -20.82454
v -1.975837 1.384162 -20.789381
v -1.968995 1.383663 -20.785185
v -1.975903 -1.580386 -20.819332
v -1.968995 1.383663 -20.785185
v -1.96158 1.383305 -20.7821
v -1.969061 -1.580426 -20.815144
v -1.96158 1.383305 -20.7821
v -1.953778 1.383096 -20.78021
v -1.961648 -1.580454 -20.812078
v -1.953778 1.383096 -20.78021
v -1.945778 1.383042 -20.779556
v -1.953846 -1.580469 -20.810211
v -1.945787 1.44067 -20.829765
v -1.953787 1.440015 -20.829802
v -1.945848 1.478431 -21.124937
v -1.953787 1.440015 -20.829802
v -1.961589 1.438112 -20.829853
v -1.953848 1.477971 -21.126276
v -1.961589 1.438112 -20.829853
v -1.969004 1.43501 -20.82992
v -1.961651 1.476254 -21.127598
v -1.969004 1.43501 -20.82992
v -1.975845 1.430784 -20.830002
v -1.969064 1.473323 -21.128864
v -1.981947 1.425539 -20.830093
v -1.982008 1.464135 -21.13112
v -1.975845 1.430784 -20.830002
v -1.987159 1.419403 -20.830193
v -1.98722 1.458105 -21.132051
v -1.981947 1.425539 -20.830093
v -1.991351 1.412529 -20.8303
v -1.991412 1.451307 -21.132822
v -1.987159 1.419403 -20.830193
v -1.994423 1.405082 -20.830412
v -1.994483 1.443909 -21.13341
v -1.991351 1.412529 -20.8303
v -1.996296 1.397252 -20.830524
v -1.996356 1.436094 -21.133802
v -1.994423 1.405082 -20.830412
v -1.996926 1.389226 -20.830635
v -1.996986 1.428053 -21.13399
v -1.996296 1.397252 -20.830524
v 11.476595 1.440905 -20.830036
v 11.476599 1.43921 -20.822123
v 11.181141 1.440845 -20.829756
v 11.476599 1.43921 -20.822123
v 11.476601 1.436374 -20.814404
v 11.179806 1.439209 -20.821827
v 11.476601 1.436374 -20.814404
v 11.476604 1.432369 -20.807083
v 11.178502 1.436354 -20.814104
v 11.476604 1.432369 -20.807083
v 11.476604 1.427303 -20.800356
v 11.177265 1.432351 -20.806782
v 11.476604 1.427303 -20.800356
v 11.476604 1.421363 -20.79432
v 11.176124 1.427298 -20.800035
v 11.476604 1.421363 -20.79432
v 11.476604 1.414573 -20.789257
v 11.175104 1.421319 -20.794035
v 11.476604 1.414573 -20.789257
v 11.476604 1.407217 -20.785156
v 11.174234 1.414562 -20.788927
v 11.476604 1.407217 -20.785156
v 11.476601 1.39942 -20.782187
v 11.173534 1.407193 -20.784838
v 11.476601 1.39942 -20.782187
v 11.4766 1.391384 -20.780428
v 11.173022 1.399393 -20.781866
v 11.4766 1.391384 -20.780428
v 11.476596 1.383314 -20.779827
v 11.172709 1.391355 -20.780087
v 11.179812 3.184526 -34.24264
v 11.476593 3.184674 -34.243584
v 11.181147 3.184124 -34.234703
v 11.178514 3.183659 -34.250397
v 11.476593 3.183831 -34.251366
v 11.179812 3.184526 -34.24264
v 11.177277 3.181543 -34.25778
v 11.476593 3.181734 -34.258766
v 11.178514 3.183659 -34.250397
v 11.176136 3.178233 -34.264606
v 11.476593 3.178435 -34.265602
v 11.177277 3.181543 -34.25778
v 11.175118 3.173808 -34.27071
v 11.476593 3.174014 -34.271713
v 11.176136 3.178233 -34.264606
v 11.17425 3.168379 -34.275944
v 11.476593 3.168581 -34.27694
v 11.175118 3.173808 -34.27071
v 11.173551 3.162077 -34.280174
v 11.476593 3.162271 -34.28116
v 11.17425 3.168379 -34.275944
v 11.173038 3.15506 -34.283295
v 11.476593 3.155235 -34.28427
v 11.173551 3.162077 -34.280174
v 11.172728 3.147499 -34.285233
v 11.476593 3.147652 -34.286186
v 11.173038 3.15506 -34.283295
v 11.172622 3.139581 -34.285942
v 11.476591 3.139704 -34.28687
v 11.172728 3.147499 -34.285233
v -1.945792 3.184087 -34.23451
v -1.945791 3.184394 -34.24245
v -1.650315 3.183867 -34.234543
v -1.945791 3.184394 -34.24245
v -1.945791 3.183513 -34.250202
v -1.64898 3.184269 -34.24248
v -1.945791 3.183513 -34.250202
v -1.94579 3.181367 -34.257584
v -1.647679 3.183402 -34.250237
v -1.94579 3.181367 -34.257584
v -1.945789 3.178013 -34.264397
v -1.646442 3.181287 -34.257618
v -1.945789 3.178013 -34.264397
v -1.945788 3.173615 -34.27053
v -1.645301 3.177977 -34.264446
v -1.945788 3.173615 -34.27053
v -1.945787 3.168124 -34.27572
v -1.644283 3.173552 -34.27055
v -1.945787 3.168124 -34.27572
v -1.945785 3.161826 -34.27996
v -1.643414 3.168123 -34.27578
v -1.945785 3.161826 -34.27996
v -1.945784 3.1548 -34.28308
v -1.642714 3.161822 -34.28001
v -1.945784 3.1548 -34.28308
v -1.945783 3.147235 -34.284996
v -1.642202 3.154804 -34.28313
v -1.945783 3.147235 -34.284996
v -1.945783 3.139324 -34.285763
v -1.64189 3.147243 -34.285072
v 11.172728 3.147499 -34.285233
v -1.64189 3.147243 -34.285072
v 11.172622 3.139581 -34.285942
v 11.172728 3.147499 -34.285233
v 11.173038 3.15506 -34.283295
v -1.64189 3.147243 -34.285072
v 11.173551 3.162077 -34.280174
v -1.642714 3.161822 -34.28001
v 11.173038 3.15506 -34.283295
v 11.173551 3.162077 -34.280174
v 11.17425 3.168379 -34.275944
v -1.642714 3.161822 -34.28001
v 11.17425 3.168379 -34.275944
v 11.175118 3.173808 -34.27071
v -1.643414 3.168123 -34.27578
v 11.176136 3.178233 -34.264606
v -1.645301 3.177977 -34.264446
v 11.175118 3.173808 -34.27071
v 11.176136 3.178233 -34.264606
v 11.177277 3.181543 -34.25778
v -1.645301 3.177977 -34.264446
v 11.178514 3.183659 -34.250397
v -1.647679 3.183402 -34.250237
v 11.177277 3.181543 -34.25778
v 11.178514 3.183659 -34.250397
v 11.179812 3.184526 -34.24264
v -1.647679 3.183402 -34.250237
v 11.179812 3.184526 -34.24264
v 11.181147 3.184124 -34.234703
v -1.64898 3.184269 -34.24248
v 11.476591 3.184243 -34.23562
v 11.484592 3.183582 -34.235622
v 11.476591 3.145707 -33.939262
v 11.484592 3.183582 -34.235622
v 11.492394 3.181674 -34.235634
v 11.484592 3.144899 -33.937935
v 11.492394 3.181674 -34.235634
v 11.499809 3.178564 -34.235653
v 11.492395 3.142843 -33.93665
v 11.499809 3.178564 -34.235653
v 11.506651 3.174332 -34.23568
v 11.499809 3.13959 -33.935448
v 11.506651 3.174332 -34.23568
v 11.512753 3.169078 -34.235714
v 11.506651 3.13522 -33.93435
v 11.512753 3.169078 -34.235714
v 11.517964 3.162933 -34.235756
v 11.512753 3.129839 -33.933384
v 11.517964 3.162933 -34.235756
v 11.522156 3.156051 -34.2358
v 11.517963 3.123582 -33.932575
v 11.522156 3.156051 -34.2358
v 11.525228 3.148596 -34.23585
v 11.522156 3.116601 -33.931946
v 11.525228 3.148596 -34.23585
v 11.527101 3.140757 -34.235905
v 11.525228 3.109069 -33.93151
v 11.527101 3.140757 -34.235905
v 11.527729 3.132723 -34.23596
v 11.527101 3.101171 -33.93128
v -1.641778 1.383042 -20.77956
v -1.641883 1.391122 -20.780104
v 11.172605 1.383277 -20.779545
v -1.641883 1.391122 -20.780104
v -1.642196 1.399161 -20.781881
v 11.172709 1.391355 -20.780087
v -1.642196 1.399161 -20.781881
v -1.642709 1.406963 -20.784853
v 11.173022 1.399393 -20.781866
v -1.643409 1.414336 -20.788942
v 11.174234 1.414562 -20.788927
v -1.642709 1.406963 -20.784853
v -1.643409 1.414336 -20.788942
v -1.64428 1.421097 -20.794048
v 11.174234 1.414562 -20.788927
v -1.64428 1.421097 -20.794048
v -1.645299 1.427081 -20.800049
v 11.175104 1.421319 -20.794035
v -1.645299 1.427081 -20.800049
v -1.646442 1.43214 -20.806793
v 11.176124 1.427298 -20.800035
v -1.646442 1.43214 -20.806793
v -1.64768 1.436149 -20.814117
v 11.177265 1.432351 -20.806782
v -1.64768 1.436149 -20.814117
v -1.648983 1.43901 -20.821838
v 11.178502 1.436354 -20.814104
v -1.648983 1.43901 -20.821838
v -1.65032 1.440653 -20.829767
v 11.179806 1.439209 -20.821827
v 11.527733 1.389461 -20.830956
v 11.527043 1.397449 -20.830416
v 11.527729 1.42805 -21.134163
v 11.527043 1.397449 -20.830416
v 11.525191 1.405254 -20.829954
v 11.527101 1.436092 -21.133976
v 11.525191 1.405254 -20.829954
v 11.522123 1.412678 -20.829586
v 11.525228 1.443908 -21.133583
v 11.522123 1.412678 -20.829586
v 11.517918 1.419525 -20.82932
v 11.522156 1.451307 -21.132996
v 11.517918 1.419525 -20.82932
v 11.512753 1.425691 -20.829159
v 11.517963 1.458105 -21.132225
v 11.512753 1.425691 -20.829159
v 11.506617 1.430893 -20.829117
v 11.512753 1.464137 -21.131294
v 11.499793 1.435141 -20.829184
v 11.499809 1.473325 -21.129038
v 11.506617 1.430893 -20.829117
v 11.492383 1.438258 -20.829365
v 11.492395 1.476257 -21.12777
v 11.499793 1.435141 -20.829184
v 11.484585 1.440163 -20.829653
v 11.484592 1.477974 -21.126448
v 11.492383 1.438258 -20.829365
v 11.476595 1.440905 -20.830036
v 11.476591 1.478434 -21.125107
v 11.484585 1.440163 -20.829653
v 11.476591 3.145707 -33.939262
v 11.484592 3.144899 -33.937935
v 11.476591 1.478434 -21.125107
v 11.484592 3.144899 -33.937935
v 11.492395 3.142843 -33.93665
v 11.484592 1.477974 -21.126448
v 11.492395 3.142843 -33.93665
v 11.499809 3.13959 -33.935448
v 11.492395 1.476257 -21.12777
v 11.499809 3.13959 -33.935448
v 11.506651 3.13522 -33.93435
v 11.499809 1.473325 -21.129038
v 11.506651 3.13522 -33.93435
v 11.512753 3.129839 -33.933384
v 11.506651 1.469252 -21.130222
v 11.512753 3.129839 -33.933384
v 11.517963 3.123582 -33.932575
v 11.512753 1.464137 -21.131294
v 11.517963 3.123582 -33.932575
v 11.522156 3.116601 -33.931946
v 11.517963 1.458105 -21.132225
v 11.522156 3.116601 -33.931946
v 11.525228 3.109069 -33.93151
v 11.522156 1.451307 -21.132996
v 11.525228 3.109069 -33.93151
v 11.527101 3.101171 -33.93128
v 11.525228 1.443908 -21.133583
v 11.527101 3.101171 -33.93128
v 11.527729 3.093102 -33.931255
v 11.527101 1.436092 -21.133976
v -1.996353 3.102482 -33.93109
v -1.996356 1.436094 -21.133802
v -1.996983 3.094417 -33.93107
v -1.99448 3.110369 -33.931324
v -1.994483 1.443909 -21.13341
v -1.996353 3.102482 -33.93109
v -1.991409 3.117884 -33.93176
v -1.991412 1.451307 -21.132822
v -1.99448 3.110369 -33.931324
v -1.987216 3.124843 -33.93239
v -1.98722 1.458105 -21.132051
v -1.991409 3.117884 -33.93176
v -1.982005 3.131072 -33.933197
v -1.982008 1.464135 -21.13112
v -1.987216 3.124843 -33.93239
v -1.975903 3.13642 -33.934162
v -1.975907 1.46925 -21.130049
v -1.982005 3.131072 -33.933197
v -1.969061 3.140755 -33.93526
v -1.969064 1.473323 -21.128864
v -1.975903 3.13642 -33.934162
v -1.961647 3.143969 -33.936466
v -1.961651 1.476254 -21.127598
v -1.969061 3.140755 -33.93526
v -1.953845 3.145984 -33.937748
v -1.953848 1.477971 -21.126276
v -1.961647 3.143969 -33.936466
v -1.945845 3.14675 -33.939075
v -1.945848 1.478431 -21.124937
v -1.953845 3.145984 -33.937748
v -1.65032 1.440653 -20.829767
v -1.945787 1.44067 -20.829765
v -1.692917 1.472944 -21.082758
v -1.996974 -1.579947 -20.860687
v -1.996915 -1.5766 -21.164667
v -1.996926 1.389226 -20.830635
v -1.996983 3.094417 -33.93107
v -1.996986 1.428053 -21.13399
v -1.99692 -1.445791 -33.977425
v -1.692917 1.472944 -21.082758
v -1.945848 1.478431 -21.124937
v -1.692922 3.150935 -33.981274
v -1.641778 1.383042 -20.77956
v -1.641778 -1.580223 -20.809795
v -1.945778 1.383042 -20.779556
v -1.996915 -1.5766 -21.164667
v -1.991405 -1.580198 -20.837475
v -1.969061 -1.580426 -20.815144
v 11.181141 1.440845 -20.829756
v 11.223742 1.472946 -21.082924
v 11.476595 1.440905 -20.830036
v 11.527729 1.42805 -21.134163
v 11.527729 -1.576882 -21.164843
v 11.527733 1.389461 -20.830956
v 11.527729 -1.445846 -33.9776
v 11.476591 3.145707 -33.939262
v 11.476591 1.478434 -21.125107
v 11.22373 3.151195 -33.981438
v -1.650315 3.183867 -34.234543
v -1.692922 3.150935 -33.981274
v -1.945792 3.184087 -34.23451
v -1.996921 -1.442687 -34.281403
v 11.172605 -1.580281 -20.8098
v -1.692917 1.472944 -21.082758
v 11.223742 1.472946 -21.082924
v -1.65032 1.440653 -20.829767
v 11.484599 -1.580274 -20.810429
v 11.512758 -1.580137 -20.824776
v 11.527106 -1.579868 -20.852934
v 11.172605 1.383277 -20.779545
v 11.4766 -1.580281 -20.8098
v 11.476591 3.139704 -34.28687
v 11.172622 3.139581 -34.285942
v 11.476591 -1.442209 -34.333805
v 11.181147 3.184124 -34.234703
v 11.476591 3.184243 -34.23562
v 11.22373 3.151195 -33.981438
v 11.527729 3.132723 -34.23596
v 11.527729 -1.442731 -34.28267
v 11.527729 3.093102 -33.931255
v 11.527729 -1.442731 -34.28267
v 11.517963 -1.442424 -34.312725
v 11.492395 -1.442235 -34.3313
v 11.172622 3.139581 -34.285942
v -1.641785 3.139325 -34.28578
v 11.172592 -1.442209 -34.333805
v -1.650315 3.183867 -34.234543
v -1.945783 -1.442163 -34.332718
v -1.641785 -1.442152 -34.3338
v -1.945783 3.139324 -34.285763
v -1.953783 -1.44217 -34.33206
v -1.981943 -1.442318 -34.31761
v -1.996291 -1.442605 -34.289406
v -1.651431 2.838483 -33.914505
v 11.13877 1.044073 -33.995068
v -1.681166 1.099661 -24.527756
v -1.681166 0.98435 -24.547932
v 11.20444 1.258909 -24.798603
v -1.681166 1.117613 -24.568607
v 11.172094 1.009611 -33.996597
v -1.641785 -1.442152 -34.3338
v -1.641785 -1.44579 -33.97743
v 11.172592 -1.445846 -33.977592
v 11.172605 -1.580281 -20.8098
v 11.172605 -1.576656 -21.164835
v -1.641779 -1.5766 -21.164669
v 11.172592 -1.445846 -33.977592
v 11.172605 -1.576656 -21.164835
v 11.527729 -1.576882 -21.164843
v -1.99692 -1.445791 -33.977425
v -1.996915 -1.5766 -21.164667
v -1.641779 -1.5766 -21.164669
v -1.641785 -1.44579 -33.97743
v -1.641779 -1.5766 -21.164669
v 11.172605 -1.576656 -21.164835
v -1.442159 1.192545 -34.01914
v -1.605603 1.046131 -34.02563
v 7.788311 1.074571 -22.194073
v 7.911791 1.079837 -23.782852
v 7.965687 1.413799 -23.775738
v 8.445624 1.413381 -23.683674
v 8.408315 1.406677 -22.206312
v 7.93853 1.406777 -22.228315
v 1.513517 1.406787 -22.230478
v 1.022934 1.413358 -23.678568
v 1.491741 1.413871 -23.791588
v 9.829144 1.261694 -21.881498
v 10.026288 1.261966 -21.950481
v 8.568542 1.261431 -21.815395
v 10.744884 1.263064 -22.228935
v 10.709496 1.261797 -21.908308
v 10.461954 1.263684 -22.386143
v 8.641737 1.269454 -23.849812
v 0.876826 1.404099 -21.638079
v 0.978221 1.404559 -21.739655
v 0.754976 1.403895 -21.593283
v -1.061868 1.403895 -21.593283
v -0.722096 1.403726 -21.555918
v 1.603611 1.083758 -23.889215
v 1.665905 1.084379 -23.90605
v 1.665904 1.074571 -22.194073
v 7.911791 1.079112 -22.317268
v 7.894921 1.076822 -22.255116
v 7.894921 1.082128 -23.845003
v 7.894921 1.082128 -23.845003
v 7.894921 1.076822 -22.255116
v 7.850605 1.075192 -22.210907
v 7.850605 1.083758 -23.889214
v 7.850605 1.075192 -22.210907
v 7.788311 1.074571 -22.194073
v 1.542425 1.079837 -23.782852
v 1.559295 1.082128 -23.845003
v 1.559299 1.076822 -22.255117
v 1.559299 1.076822 -22.255117
v 1.559295 1.082128 -23.845003
v 1.603611 1.083758 -23.889215
v 7.788311 1.074571 -22.194073
v 8.445625 1.405136 -21.866734
v 8.591721 1.404121 -21.643183
v 1.022923 1.405113 -21.86163
v 1.659112 1.406398 -22.144855
v 8.713571 1.403918 -21.598385
v 10.530413 1.403918 -21.598385
v 10.190641 1.403749 -21.561022
v -1.638876 1.41748 -24.646711
v -1.635146 1.417457 -24.637789
v -1.640791 1.417465 -24.640268
v -1.646318 1.416481 -24.664516
v -1.642606 1.417311 -24.655632
v -1.638876 1.41748 -24.646711
v -1.653033 1.409285 -24.680605
v -1.649917 1.414159 -24.673132
v -1.646318 1.416481 -24.664516
v -1.65607 1.393256 -24.687931
v -1.655084 1.401852 -24.68554
v -1.653033 1.409285 -24.680605
v -1.656519 1.375459 -24.689075
v -1.656433 1.384379 -24.688835
v -1.65607 1.393256 -24.687931
v -1.656525 1.417445 -24.637787
v -1.656525 1.366536 -24.689125
v -1.656519 1.375459 -24.689075
v -1.645806 1.417456 -24.638924
v -1.649562 1.41745 -24.638264
v -1.656525 1.417445 -24.637787
v -1.638876 1.41748 -24.646711
v -1.640791 1.417465 -24.640268
v -1.645806 1.417456 -24.638924
v -1.653033 1.409285 -24.680605
v -1.656519 1.375459 -24.689075
v -1.65607 1.393256 -24.687931
v -1.653033 1.409285 -24.680605
v -1.645806 1.417456 -24.638924
v -1.656525 1.417445 -24.637787
v -1.656519 1.375459 -24.689075
v -1.653033 1.409285 -24.680605
v -1.638876 1.41748 -24.646711
v -1.645806 1.417456 -24.638924
v 11.16895 1.41648 -24.664516
v 11.173112 1.414159 -24.67313
v 11.164657 1.417311 -24.655632
v 11.162574 1.417469 -24.641129
v 11.156029 1.417457 -24.637787
v 11.168044 1.417458 -24.63939
v -1.683999 3.14977 -33.972427
v -1.692922 3.150935 -33.981274
v 11.22373 3.151195 -33.981438
v 11.205885 3.14867 -33.963745
v -1.675079 3.148412 -33.96358
v -1.683999 3.14977 -33.972427
v -1.675079 3.148412 -33.96358
v -1.657592 3.142919 -33.946274
v -1.650138 3.137035 -33.938934
v 11.17604 3.129178 -33.934307
v -1.645233 3.128922 -33.934143
v -1.650138 3.137035 -33.938934
v 11.173681 3.120238 -33.932056
v -1.642875 3.119982 -33.931896
v -1.645233 3.128922 -33.934143
v -1.642875 3.119982 -33.931896
v 11.172606 3.102235 -33.93117
v -1.6418 3.101979 -33.93101
v -1.642006 3.110958 -33.931126
v -1.641785 3.093023 -33.931087
v -1.6418 3.101979 -33.93101
v 11.172606 3.102235 -33.93117
v -1.683993 1.47408 -21.091606
v 11.214818 1.474082 -21.091772
v 11.223742 1.472946 -21.082924
v 11.214818 1.474082 -21.091772
v 11.197017 1.475301 -21.109436
v 11.188412 1.474045 -21.117994
v 11.180957 1.470084 -21.125437
v 11.176051 1.463237 -21.130377
v 11.180957 1.470084 -21.125437
v -1.650131 1.470081 -21.12527
v 11.173693 1.454906 -21.132805
v 11.173693 1.454906 -21.132805
v 11.172618 1.43718 -21.134052
v 11.172605 1.428227 -21.134157
v -1.683999 3.14977 -33.972427
v -1.683993 1.47408 -21.091606
v -1.692917 1.472944 -21.082758
v -1.675072 1.475024 -21.100456
v -1.666191 1.475298 -21.109272
v -1.657592 3.142919 -33.946274
v -1.657585 1.474042 -21.117828
v -1.666191 1.475298 -21.109272
v -1.650138 3.137035 -33.938934
v -1.650131 1.470081 -21.12527
v -1.657585 1.474042 -21.117828
v -1.645226 1.463234 -21.130213
v -1.642868 1.454902 -21.132639
v -1.642006 3.110958 -33.931126
v -1.641999 1.446102 -21.13359
v -1.642868 1.454902 -21.132639
v -1.641793 1.437177 -21.133886
v -1.641785 3.093023 -33.931087
v -1.641779 1.428224 -21.133993
v -1.641793 1.437177 -21.133886
v 11.22373 3.151195 -33.981438
v 11.214807 3.150028 -33.972588
v 11.205885 3.14867 -33.963745
v 11.197005 3.146653 -33.954945
v 11.180944 3.137291 -33.939095
v 11.188399 3.143176 -33.946434
v 11.188412 1.474045 -21.117994
v 11.17604 3.129178 -33.934307
v 11.180944 3.137291 -33.939095
v 11.180957 1.470084 -21.125437
v 11.173681 3.120238 -33.932056
v 11.17604 3.129178 -33.934307
v 11.176051 1.463237 -21.130377
v 11.172813 3.111214 -33.931286
v 11.173681 3.120238 -33.932056
v 11.173693 1.454906 -21.132805
v 11.172606 3.102235 -33.93117
v 11.172813 3.111214 -33.931286
v 11.172824 1.446105 -21.133755
v 11.172592 3.093279 -33.931248
v 11.172606 3.102235 -33.93117
v 11.172618 1.43718 -21.134052
v 7.971435 1.417482 -24.64671
v 11.160343 1.41748 -24.64671
v 11.156029 1.417457 -24.637787
v 11.164657 1.417311 -24.655632
v 11.160343 1.41748 -24.64671
v 11.16895 1.41648 -24.664516
v 11.164657 1.417311 -24.655632
v 7.971435 1.41416 -24.67313
v 11.173112 1.414159 -24.67313
v 11.16895 1.41648 -24.664516
v 11.176715 1.409285 -24.680603
v -1.635146 1.417457 -24.637789
v -1.646318 1.416481 -24.664516
v 1.552795 1.417482 -24.646711
v 1.552795 1.417313 -24.655632
v 1.552795 1.416482 -24.664516
v -1.641785 3.093023 -33.931087
v -1.641779 1.428224 -21.133993
v 11.172592 3.093279 -33.931248
v -1.641785 -0.986777 -33.97274
v -1.656525 1.401511 -21.067854
v 1.552795 1.41746 -24.637787
v 0.876839 1.414372 -23.902119
v 0.75499 1.414576 -23.946917
v -1.183718 1.414372 -23.902119
v -1.285113 1.413911 -23.800543
v -1.635146 1.417457 -24.637789
v -1.061868 1.414576 -23.946917
v -1.183718 1.414372 -23.902119
v -1.635146 1.417457 -24.637789
v 0.75499 1.414576 -23.946917
v -1.635146 1.417457 -24.637789
v 0.75499 1.414576 -23.946917
v 0.415215 1.414745 -23.98428
v -1.061868 1.414576 -23.946917
v -1.635146 1.417457 -24.637789
v 0.415215 1.414745 -23.98428
v -0.153439 1.414862 -24.009983
v -1.635146 1.417457 -24.637789
v -1.640791 1.417465 -24.640268
v -1.645806 1.417456 -24.638924
v 11.172336 1.417451 -24.638483
v 11.156029 1.417457 -24.637787
v 10.753673 1.413934 -23.805645
v 10.652278 1.414395 -23.907223
v 8.713571 1.414599 -23.952019
v 8.591721 1.414396 -23.907223
v 7.971435 1.41746 -24.637787
v 9.053345 1.414768 -23.989384
v 8.713571 1.414599 -23.952019
v 7.971435 1.41746 -24.637787
v 11.156029 1.417457 -24.637787
v 10.652278 1.414395 -23.907223
v 10.530428 1.414599 -23.952019
v 11.156029 1.417457 -24.637787
v 10.530428 1.414599 -23.952019
v 10.190655 1.414768 -23.989384
v 7.971435 1.41746 -24.637787
v 9.622 1.414885 -24.015085
v 10.798373 1.413381 -23.68367
v 10.753673 1.413934 -23.805645
v 11.156029 1.417457 -24.637787
v 10.798373 1.413381 -23.68367
v 11.162574 1.417469 -24.641129
v 11.168044 1.417458 -24.63939
v 11.168044 1.417458 -24.63939
v 1.552795 1.41746 -24.637787
v 1.659112 1.414631 -23.959055
v 1.577119 1.41453 -23.936895
v 0.978234 1.413911 -23.800543
v 0.876839 1.414372 -23.902119
v 1.552795 1.41746 -24.637787
v 0.978234 1.413911 -23.800543
v 1.552795 1.41746 -24.637787
v 1.577119 1.41453 -23.936895
v 1.513511 1.414242 -23.873436
v 1.513511 1.414242 -23.873436
v 7.971435 1.41746 -24.637787
v 8.591721 1.414396 -23.907223
v 8.490327 1.413935 -23.805649
v 7.877097 1.41453 -23.936893
v 7.795102 1.414631 -23.959055
v 7.938693 1.414251 -23.87544
v 7.938693 1.414251 -23.87544
v 7.877097 1.41453 -23.936893
v 7.971435 1.41746 -24.637787
v 7.971435 1.41746 -24.637787
v 8.490327 1.413935 -23.805649
v 8.445624 1.413381 -23.683674
v -1.945786 1.439047 -20.82181
v -1.954031 1.438295 -20.821682
v -1.953787 1.440015 -20.829802
v -1.954031 1.438295 -20.821682
v -1.962045 1.436238 -20.82169
v -1.961589 1.438112 -20.829853
v -1.962045 1.436238 -20.82169
v -1.969354 1.433062 -20.821775
v -1.969004 1.43501 -20.82992
v -1.969354 1.433062 -20.821775
v -1.975829 1.42897 -20.821894
v -1.975845 1.430784 -20.830002
v -1.975829 1.42897 -20.821894
v -1.981466 1.424092 -20.822006
v -1.981947 1.425539 -20.830093
v -1.945784 1.436202 -20.81407
v -1.954092 1.435277 -20.813715
v -1.954031 1.438295 -20.821682
v -1.954092 1.435277 -20.813715
v -1.962089 1.433134 -20.813757
v -1.962045 1.436238 -20.82169
v -1.962089 1.433134 -20.813757
v -1.969128 1.430057 -20.814056
v -1.969354 1.433062 -20.821775
v -1.969128 1.430057 -20.814056
v -1.975123 1.426288 -20.814398
v -1.975829 1.42897 -20.821894
v -1.975123 1.426288 -20.814398
v -1.980214 1.421911 -20.814621
v -1.981466 1.424092 -20.822006
v -1.945783 1.432202 -20.80673
v -1.954048 1.431188 -20.806417
v -1.954092 1.435277 -20.813715
v -1.954048 1.431188 -20.806417
v -1.961838 1.429148 -20.806717
v -1.962089 1.433134 -20.813757
v -1.961838 1.429148 -20.806717
v -1.968497 1.426422 -20.807413
v -1.969128 1.430057 -20.814056
v -1.968497 1.426422 -20.807413
v -1.973979 1.423199 -20.80812
v -1.975123 1.426288 -20.814398
v -1.973979 1.423199 -20.80812
v -1.97852 1.419434 -20.808521
v -1.980214 1.421911 -20.814621
v -1.945781 1.42715 -20.799978
v -1.953974 1.42628 -20.799992
v -1.954048 1.431188 -20.806417
v -1.953974 1.42628 -20.799992
v -1.96153 1.424602 -20.800758
v -1.961838 1.429148 -20.806717
v -1.96153 1.424602 -20.800758
v -1.967838 1.422443 -20.801971
v -1.968497 1.426422 -20.807413
v -1.967838 1.422443 -20.801971
v -1.972834 1.419982 -20.803165
v -1.973979 1.423199 -20.80812
v -1.972834 1.419982 -20.803165
v -1.976748 1.417074 -20.803864
v -1.97852 1.419434 -20.808521
v -1.94578 1.421166 -20.793976
v -1.953909 1.420715 -20.794447
v -1.953974 1.42628 -20.799992
v -1.953909 1.420715 -20.794447
v -1.961341 1.419595 -20.795744
v -1.96153 1.424602 -20.800758
v -1.967486 1.41809 -20.797495
v -1.967838 1.422443 -20.801971
v -1.96153 1.424602 -20.800758
v -1.972185 1.416521 -20.799305
v -1.972834 1.419982 -20.803165
v -1.967838 1.422443 -20.801971
v -1.975306 1.415244 -20.800772
v -1.976748 1.417074 -20.803864
v -1.972834 1.419982 -20.803165
v -1.995589 1.396399 -20.822311
v -1.996294 1.388237 -20.82267
v -1.996926 1.389226 -20.830635
v -1.993567 1.39546 -20.814327
v -1.99442 1.387275 -20.814896
v -1.996294 1.388237 -20.82267
v -1.990419 1.394546 -20.807041
v -1.991347 1.386366 -20.807507
v -1.99442 1.387275 -20.814896
v -1.986351 1.393714 -20.800583
v -1.987153 1.38553 -20.800682
v -1.991347 1.386366 -20.807507
v -1.981501 1.393003 -20.794956
v -1.98194 1.38479 -20.79459
v -1.987153 1.38553 -20.800682
v -1.993574 1.404453 -20.822132
v -1.995589 1.396399 -20.822311
v -1.996296 1.397252 -20.830524
v -1.991461 1.403483 -20.814165
v -1.993567 1.39546 -20.814327
v -1.995589 1.396399 -20.822311
v -1.988384 1.402385 -20.807152
v -1.990419 1.394546 -20.807041
v -1.993567 1.39546 -20.814327
v -1.984609 1.401382 -20.801176
v -1.986351 1.393714 -20.800583
v -1.990419 1.394546 -20.807041
v -1.980241 1.400616 -20.796095
v -1.981501 1.393003 -20.794956
v -1.986351 1.393714 -20.800583
v -1.990407 1.411864 -20.822065
v -1.993574 1.404453 -20.822132
v -1.994423 1.405082 -20.830412
v -1.988365 1.410659 -20.814308
v -1.991461 1.403483 -20.814165
v -1.993574 1.404453 -20.822132
v -1.985587 1.409201 -20.807678
v -1.988384 1.402385 -20.807152
v -1.991461 1.403483 -20.814165
v -1.982309 1.407883 -20.80222
v -1.984609 1.401382 -20.801176
v -1.988384 1.402385 -20.807152
v -1.978526 1.406994 -20.797691
v -1.980241 1.400616 -20.796095
v -1.984609 1.401382 -20.801176
v -1.986319 1.418416 -20.822035
v -1.990407 1.411864 -20.822065
v -1.991351 1.412529 -20.8303
v -1.984577 1.416761 -20.814518
v -1.988365 1.410659 -20.814308
v -1.990407 1.411864 -20.822065
v -1.982299 1.414819 -20.808247
v -1.985587 1.409201 -20.807678
v -1.988365 1.410659 -20.814308
v -1.979717 1.413056 -20.803282
v -1.982309 1.407883 -20.80222
v -1.985587 1.409201 -20.807678
v -1.976748 1.411932 -20.799383
v -1.978526 1.406994 -20.797691
v -1.982309 1.407883 -20.80222
v -1.981466 1.424092 -20.822006
v -1.986319 1.418416 -20.822035
v -1.987159 1.419403 -20.830193
v -1.980214 1.421911 -20.814621
v -1.984577 1.416761 -20.814518
v -1.986319 1.418416 -20.822035
v -1.97852 1.419434 -20.808521
v -1.982299 1.414819 -20.808247
v -1.984577 1.416761 -20.814518
v -1.976748 1.417074 -20.803864
v -1.979717 1.413056 -20.803282
v -1.982299 1.414819 -20.808247
v -1.975306 1.415244 -20.800772
v -1.976748 1.411932 -20.799383
v -1.979717 1.413056 -20.803282
v -1.953778 1.383096 -20.78021
v -1.953944 1.391454 -20.780802
v -1.945777 1.391144 -20.780075
v -1.953944 1.391454 -20.780802
v -1.953993 1.399742 -20.782703
v -1.945778 1.399201 -20.781834
v -1.953993 1.399742 -20.782703
v -1.953975 1.407462 -20.785736
v -1.945778 1.407019 -20.78479
v -1.953975 1.407462 -20.785736
v -1.953935 1.414461 -20.789696
v -1.945779 1.4144 -20.78887
v -1.953935 1.414461 -20.789696
v -1.953909 1.420715 -20.794447
v -1.94578 1.421166 -20.793976
v -1.96158 1.383305 -20.7821
v -1.961976 1.391742 -20.782833
v -1.953944 1.391454 -20.780802
v -1.961976 1.391742 -20.782833
v -1.961992 1.400024 -20.784828
v -1.953993 1.399742 -20.782703
v -1.961992 1.400024 -20.784828
v -1.961757 1.407465 -20.787792
v -1.953975 1.407462 -20.785736
v -1.961757 1.407465 -20.787792
v -1.961487 1.413946 -20.791466
v -1.953935 1.414461 -20.789696
v -1.961487 1.413946 -20.791466
v -1.961341 1.419595 -20.795744
v -1.953909 1.420715 -20.794447
v -1.968995 1.383663 -20.785185
v -1.969351 1.392069 -20.78601
v -1.961976 1.391742 -20.782833
v -1.969351 1.392069 -20.78601
v -1.969106 1.400136 -20.787937
v -1.961992 1.400024 -20.784828
v -1.969106 1.400136 -20.787937
v -1.968468 1.407161 -20.790607
v -1.961757 1.407465 -20.787792
v -1.968468 1.407161 -20.790607
v -1.967822 1.413067 -20.793793
v -1.961487 1.413946 -20.791466
v -1.967822 1.413067 -20.793793
v -1.967486 1.41809 -20.797495
v -1.961341 1.419595 -20.795744
v -1.975837 1.384162 -20.789381
v -1.975863 1.392483 -20.790104
v -1.969351 1.392069 -20.78601
v -1.975863 1.392483 -20.790104
v -1.975142 1.40028 -20.791733
v -1.969106 1.400136 -20.787937
v -1.975142 1.40028 -20.791733
v -1.973979 1.406892 -20.79391
v -1.968468 1.407161 -20.790607
v -1.973979 1.406892 -20.79391
v -1.972831 1.412225 -20.796406
v -1.967822 1.413067 -20.793793
v -1.972185 1.416521 -20.799305
v -1.967486 1.41809 -20.797495
v -1.967822 1.413067 -20.793793
v -1.98194 1.38479 -20.79459
v -1.981501 1.393003 -20.794956
v -1.975863 1.392483 -20.790104
v -1.981501 1.393003 -20.794956
v -1.980241 1.400616 -20.796095
v -1.975142 1.40028 -20.791733
v -1.980241 1.400616 -20.796095
v -1.978526 1.406994 -20.797691
v -1.973979 1.406892 -20.79391
v -1.978526 1.406994 -20.797691
v -1.976748 1.411932 -20.799383
v -1.972831 1.412225 -20.796406
v -1.975306 1.415244 -20.800772
v -1.972185 1.416521 -20.799305
v -1.972831 1.412225 -20.796406
v 11.527101 3.140757 -34.235905
v 11.526396 3.142023 -34.24411
v 11.527101 3.133789 -34.24392
v 11.526396 3.142023 -34.24411
v 11.524376 3.143144 -34.252087
v 11.525228 3.134833 -34.251686
v 11.524376 3.143144 -34.252087
v 11.52123 3.144109 -34.25936
v 11.522156 3.13583 -34.259064
v 11.52123 3.144109 -34.25936
v 11.517162 3.144943 -34.26581
v 11.517964 3.136755 -34.265877
v 11.517162 3.144943 -34.26581
v 11.512312 3.145683 -34.271416
v 11.512753 3.137584 -34.27195
v 11.525228 3.148596 -34.23585
v 11.524381 3.150102 -34.244118
v 11.526396 3.142023 -34.24411
v 11.524381 3.150102 -34.244118
v 11.522268 3.151187 -34.252075
v 11.524376 3.143144 -34.252087
v 11.522268 3.151187 -34.252075
v 11.519194 3.151898 -34.259087
v 11.52123 3.144109 -34.25936
v 11.519194 3.151898 -34.259087
v 11.51542 3.152437 -34.265053
v 11.517162 3.144943 -34.26581
v 11.51542 3.152437 -34.265053
v 11.511053 3.152982 -34.270126
v 11.512312 3.145683 -34.271416
v 11.522156 3.156051 -34.2358
v 11.521214 3.15751 -34.244026
v 11.524381 3.150102 -34.244118
v 11.521214 3.15751 -34.244026
v 11.519174 3.158307 -34.251778
v 11.522268 3.151187 -34.252075
v 11.519174 3.158307 -34.251778
v 11.516397 3.158561 -34.25841
v 11.519194 3.151898 -34.259087
v 11.516397 3.158561 -34.25841
v 11.51312 3.158652 -34.263874
v 11.51542 3.152437 -34.265053
v 11.51312 3.158652 -34.263874
v 11.509337 3.158931 -34.268394
v 11.511053 3.152982 -34.270126
v 11.517964 3.162933 -34.235756
v 11.517125 3.164052 -34.243908
v 11.521214 3.15751 -34.244026
v 11.517125 3.164052 -34.243908
v 11.515386 3.164338 -34.251434
v 11.519174 3.158307 -34.251778
v 11.515386 3.164338 -34.251434
v 11.513108 3.164017 -34.25772
v 11.516397 3.158561 -34.25841
v 11.513108 3.164017 -34.25772
v 11.510528 3.163537 -34.262703
v 11.51312 3.158652 -34.263874
v 11.510528 3.163537 -34.262703
v 11.50756 3.16342 -34.2666
v 11.509337 3.158931 -34.268394
v 11.512753 3.169078 -34.235714
v 11.512272 3.169719 -34.243805
v 11.517125 3.164052 -34.243908
v 11.512272 3.169719 -34.243805
v 11.511023 3.169447 -34.251213
v 11.515386 3.164338 -34.251434
v 11.511023 3.169447 -34.251213
v 11.50933 3.168548 -34.25734
v 11.513108 3.164017 -34.25772
v 11.50933 3.168548 -34.25734
v 11.507559 3.167394 -34.26203
v 11.510528 3.163537 -34.262703
v 11.506117 3.166366 -34.265144
v 11.50756 3.16342 -34.2666
v 11.510528 3.163537 -34.262703
v 11.484592 3.139592 -34.28624
v 11.484759 3.147776 -34.285484
v 11.476593 3.147652 -34.286186
v 11.484759 3.147776 -34.285484
v 11.484808 3.155552 -34.283417
v 11.476593 3.155235 -34.28427
v 11.484808 3.155552 -34.283417
v 11.48479 3.162472 -34.280235
v 11.476593 3.162271 -34.28116
v 11.48479 3.162472 -34.280235
v 11.484749 3.168432 -34.27614
v 11.476593 3.168581 -34.27694
v 11.484749 3.168432 -34.27614
v 11.484721 3.173445 -34.27128
v 11.476593 3.174014 -34.271713
v 11.492394 3.139315 -34.284374
v 11.49279 3.147542 -34.283474
v 11.484759 3.147776 -34.285484
v 11.49279 3.147542 -34.283474
v 11.492806 3.155289 -34.28132
v 11.484808 3.155552 -34.283417
v 11.492806 3.155289 -34.28132
v 11.492572 3.161947 -34.278206
v 11.48479 3.162472 -34.280235
v 11.492572 3.161947 -34.278206
v 11.492301 3.167465 -34.27441
v 11.484749 3.168432 -34.27614
v 11.492301 3.167465 -34.27441
v 11.492154 3.171996 -34.270027
v 11.484721 3.173445 -34.27128
v 11.499809 3.13888 -34.28132
v 11.500165 3.147052 -34.28032
v 11.49279 3.147542 -34.283474
v 11.500165 3.147052 -34.28032
v 11.49992 3.154602 -34.278236
v 11.492806 3.155289 -34.28132
v 11.49992 3.154602 -34.278236
v 11.499281 3.16092 -34.27543
v 11.492572 3.161947 -34.278206
v 11.498634 3.16599 -34.272125
v 11.492301 3.167465 -34.27441
v 11.492572 3.161947 -34.278206
v 11.498299 3.170046 -34.268333
v 11.492154 3.171996 -34.270027
v 11.492301 3.167465 -34.27441
v 11.506651 3.138299 -34.277138
v 11.506677 3.146412 -34.276253
v 11.500165 3.147052 -34.28032
v 11.505955 3.153769 -34.274467
v 11.49992 3.154602 -34.278236
v 11.500165 3.147052 -34.28032
v 11.504791 3.159803 -34.272156
v 11.499281 3.16092 -34.27543
v 11.49992 3.154602 -34.278236
v 11.503643 3.164478 -34.269554
v 11.498634 3.16599 -34.272125
v 11.499281 3.16092 -34.27543
v 11.502996 3.168016 -34.26657
v 11.498299 3.170046 -34.268333
v 11.498634 3.16599 -34.272125
v 11.512312 3.145683 -34.271416
v 11.506677 3.146412 -34.276253
v 11.506651 3.138299 -34.277138
v 11.511053 3.152982 -34.270126
v 11.505955 3.153769 -34.274467
v 11.506677 3.146412 -34.276253
v 11.509337 3.158931 -34.268394
v 11.504791 3.159803 -34.272156
v 11.505955 3.153769 -34.274467
v 11.50756 3.16342 -34.2666
v 11.503643 3.164478 -34.269554
v 11.504791 3.159803 -34.272156
v 11.506117 3.166366 -34.265144
v 11.502996 3.168016 -34.26657
v 11.503643 3.164478 -34.269554
v 11.476593 3.184674 -34.243584
v 11.484838 3.18396 -34.243755
v 11.484592 3.183582 -34.235622
v 11.484838 3.18396 -34.243755
v 11.492852 3.181909 -34.243813
v 11.492394 3.181674 -34.235634
v 11.492852 3.181909 -34.243813
v 11.500161 3.178722 -34.243816
v 11.499809 3.178564 -34.235653
v 11.500161 3.178722 -34.243816
v 11.506637 3.174611 -34.2438
v 11.506651 3.174332 -34.23568
v 11.512272 3.169719 -34.243805
v 11.512753 3.169078 -34.235714
v 11.506651 3.174332 -34.23568
v 11.476593 3.183831 -34.251366
v 11.484901 3.183004 -34.251762
v 11.484838 3.18396 -34.243755
v 11.484901 3.183004 -34.251762
v 11.492898 3.180858 -34.251793
v 11.492852 3.181909 -34.243813
v 11.492898 3.180858 -34.251793
v 11.499937 3.177714 -34.251575
v 11.500161 3.178722 -34.243816
v 11.505931 3.173869 -34.25133
v 11.506637 3.174611 -34.2438
v 11.500161 3.178722 -34.243816
v 11.511023 3.169447 -34.251213
v 11.512272 3.169719 -34.243805
v 11.506637 3.174611 -34.2438
v 11.476593 3.181734 -34.258766
v 11.484859 3.180806 -34.259125
v 11.484901 3.183004 -34.251762
v 11.484859 3.180806 -34.259125
v 11.492648 3.178697 -34.258892
v 11.492898 3.180858 -34.251793
v 11.492648 3.178697 -34.258892
v 11.499307 3.175801 -34.258274
v 11.499937 3.177714 -34.251575
v 11.504788 3.172405 -34.257652
v 11.505931 3.173869 -34.25133
v 11.499937 3.177714 -34.251575
v 11.50933 3.168548 -34.25734
v 11.511023 3.169447 -34.251213
v 11.505931 3.173869 -34.25133
v 11.476593 3.178435 -34.265602
v 11.484785 3.177567 -34.265633
v 11.484859 3.180806 -34.259125
v 11.484785 3.177567 -34.265633
v 11.492341 3.175698 -34.264927
v 11.492648 3.178697 -34.258892
v 11.498649 3.173234 -34.263783
v 11.499307 3.175801 -34.258274
v 11.492648 3.178697 -34.258892
v 11.503644 3.170473 -34.262657
v 11.504788 3.172405 -34.257652
v 11.499307 3.175801 -34.258274
v 11.507559 3.167394 -34.26203
v 11.50933 3.168548 -34.25734
v 11.504788 3.172405 -34.257652
v 11.476593 3.174014 -34.271713
v 11.484721 3.173445 -34.27128
v 11.484785 3.177567 -34.265633
v 11.484721 3.173445 -34.27128
v 11.492154 3.171996 -34.270027
v 11.492341 3.175698 -34.264927
v 11.498299 3.170046 -34.268333
v 11.498649 3.173234 -34.263783
v 11.492341 3.175698 -34.264927
v 11.502996 3.168016 -34.26657
v 11.503644 3.170473 -34.262657
v 11.498649 3.173234 -34.263783
v 11.506117 3.166366 -34.265144
v 11.507559 3.167394 -34.26203
v 11.503644 3.170473 -34.262657
v -1.95371 3.146497 -34.28293
v -1.953773 3.138787 -34.28508
v -1.945783 3.139324 -34.285763
v -1.961416 3.145895 -34.28087
v -1.961572 3.138179 -34.283234
v -1.953773 3.138787 -34.28508
v -1.968673 3.145302 -34.278145
v -1.968982 3.137507 -34.280174
v -1.961572 3.138179 -34.283234
v -1.975235 3.144659 -34.27443
v -1.975807 3.136791 -34.275974
v -1.968982 3.137507 -34.280174
v -1.98095 3.143983 -34.269745
v -1.981945 3.136048 -34.270817
v -1.975807 3.136791 -34.275974
v -1.953643 3.153955 -34.280586
v -1.95371 3.146497 -34.28293
v -1.945783 3.147235 -34.284996
v -1.96124 3.153332 -34.278435
v -1.961416 3.145895 -34.28087
v -1.95371 3.146497 -34.28293
v -1.968303 3.152732 -34.275986
v -1.968673 3.145302 -34.278145
v -1.961416 3.145895 -34.28087
v -1.974564 3.152079 -34.272736
v -1.975235 3.144659 -34.27443
v -1.968673 3.145302 -34.278145
v -1.979886 3.151427 -34.26855
v -1.98095 3.143983 -34.269745
v -1.975235 3.144659 -34.27443
v -1.945785 3.161826 -34.27996
v -1.95359 3.16092 -34.27771
v -1.953643 3.153955 -34.280586
v -1.95359 3.16092 -34.27771
v -1.961068 3.160207 -34.275772
v -1.96124 3.153332 -34.278435
v -1.967874 3.159435 -34.273617
v -1.968303 3.152732 -34.275986
v -1.96124 3.153332 -34.278435
v -1.973744 3.158606 -34.270817
v -1.974564 3.152079 -34.272736
v -1.968303 3.152732 -34.275986
v -1.978611 3.157894 -34.267147
v -1.979886 3.151427 -34.26855
v -1.974564 3.152079 -34.272736
v -1.945787 3.168124 -34.27572
v -1.953557 3.167141 -34.27404
v -1.95359 3.16092 -34.27771
v -1.953557 3.167141 -34.27404
v -1.960926 3.166212 -34.2725
v -1.961068 3.160207 -34.275772
v -1.967474 3.165103 -34.270737
v -1.967874 3.159435 -34.273617
v -1.961068 3.160207 -34.275772
v -1.972873 3.163878 -34.268486
v -1.973744 3.158606 -34.270817
v -1.967874 3.159435 -34.273617
v -1.977087 3.162927 -34.265526
v -1.978611 3.157894 -34.267147
v -1.973744 3.158606 -34.270817
v -1.945788 3.173615 -34.27053
v -1.953543 3.172461 -34.26949
v -1.953557 3.167141 -34.27404
v -1.960859 3.171177 -34.26838
v -1.960926 3.166212 -34.2725
v -1.953557 3.167141 -34.27404
v -1.967273 3.169639 -34.26705
v -1.967474 3.165103 -34.270737
v -1.960926 3.166212 -34.2725
v -1.97234 3.167836 -34.265488
v -1.972873 3.163878 -34.268486
v -1.967474 3.165103 -34.270737
v -1.975641 3.166144 -34.264015
v -1.977087 3.162927 -34.265526
v -1.972873 3.163878 -34.268486
v -1.99624 3.133168 -34.242676
v -1.994157 3.141222 -34.242172
v -1.996242 3.140553 -34.23422
v -1.994157 3.141222 -34.242172
v -1.992094 3.149027 -34.241806
v -1.99439 3.148366 -34.233833
v -1.992094 3.149027 -34.241806
v -1.989372 3.156368 -34.241543
v -1.991321 3.155799 -34.233547
v -1.989372 3.156368 -34.241543
v -1.985669 3.163008 -34.241364
v -1.987116 3.162656 -34.23336
v -1.985669 3.163008 -34.241364
v -1.980996 3.168795 -34.24128
v -1.981952 3.168833 -34.233284
v -1.994387 3.133837 -34.250465
v -1.99188 3.141893 -34.249905
v -1.994157 3.141222 -34.242172
v -1.99188 3.141893 -34.249905
v -1.989733 3.149652 -34.249523
v -1.992094 3.149027 -34.241806
v -1.989733 3.149652 -34.249523
v -1.987292 3.156844 -34.249207
v -1.989372 3.156368 -34.241543
v -1.987292 3.156844 -34.249207
v -1.984065 3.163212 -34.248947
v -1.985669 3.163008 -34.241364
v -1.984065 3.163212 -34.248947
v -1.979921 3.168628 -34.248817
v -1.980996 3.168795 -34.24128
v -1.991316 3.134552 -34.257874
v -1.989071 3.142582 -34.257206
v -1.99188 3.141893 -34.249905
v -1.989071 3.142582 -34.257206
v -1.987138 3.150248 -34.256702
v -1.989733 3.149652 -34.249523
v -1.987138 3.150248 -34.256702
v -1.985004 3.157194 -34.256172
v -1.987292 3.156844 -34.249207
v -1.985004 3.157194 -34.256172
v -1.982239 3.163166 -34.255676
v -1.984065 3.163212 -34.248947
v -1.982239 3.163166 -34.255676
v -1.978623 3.16813 -34.255417
v -1.979921 3.168628 -34.248817
v -1.98711 3.135295 -34.264687
v -1.985453 3.14328 -34.263866
v -1.989071 3.142582 -34.257206
v -1.985453 3.14328 -34.263866
v -1.983935 3.150826 -34.26309
v -1.987138 3.150248 -34.256702
v -1.983935 3.150826 -34.26309
v -1.982206 3.157483 -34.262173
v -1.985004 3.157194 -34.256172
v -1.982206 3.157483 -34.262173
v -1.979993 3.162936 -34.261208
v -1.982239 3.163166 -34.255676
v -1.979993 3.162936 -34.261208
v -1.97709 3.167207 -34.26062
v -1.978623 3.16813 -34.255417
v -1.981945 3.136048 -34.270817
v -1.98095 3.143983 -34.269745
v -1.985453 3.14328 -34.263866
v -1.98095 3.143983 -34.269745
v -1.979886 3.151427 -34.26855
v -1.983935 3.150826 -34.26309
v -1.979886 3.151427 -34.26855
v -1.978611 3.157894 -34.267147
v -1.982206 3.157483 -34.262173
v -1.978611 3.157894 -34.267147
v -1.977087 3.162927 -34.265526
v -1.979993 3.162936 -34.261208
v -1.975641 3.166144 -34.264015
v -1.97709 3.167207 -34.26062
v -1.979993 3.162936 -34.261208
v -1.95364 3.182251 -34.242092
v -1.945791 3.184394 -34.24245
v -1.945792 3.184087 -34.23451
v -1.953595 3.181154 -34.24984
v -1.945791 3.183513 -34.250202
v -1.945791 3.184394 -34.24245
v -1.953595 3.181154 -34.24984
v -1.953579 3.179337 -34.257133
v -1.94579 3.181367 -34.257584
v -1.953579 3.179337 -34.257133
v -1.953557 3.176442 -34.263733
v -1.945789 3.178013 -34.264397
v -1.953557 3.176442 -34.263733
v -1.953543 3.172461 -34.26949
v -1.945788 3.173615 -34.27053
v -1.96129 3.179915 -34.24176
v -1.95364 3.182251 -34.242092
v -1.953783 3.183338 -34.23407
v -1.961157 3.178725 -34.24948
v -1.953595 3.181154 -34.24984
v -1.95364 3.182251 -34.242092
v -1.961157 3.178725 -34.24948
v -1.961046 3.177163 -34.256638
v -1.953579 3.179337 -34.257133
v -1.961046 3.177163 -34.256638
v -1.960925 3.174697 -34.262978
v -1.953557 3.176442 -34.263733
v -1.960925 3.174697 -34.262978
v -1.960859 3.171177 -34.26838
v -1.953543 3.172461 -34.26949
v -1.968533 3.177045 -34.24151
v -1.96129 3.179915 -34.24176
v -1.961582 3.181426 -34.23372
v -1.968219 3.176054 -34.249153
v -1.961157 3.178725 -34.24948
v -1.96129 3.179915 -34.24176
v -1.967852 3.174763 -34.2561
v -1.961046 3.177163 -34.256638
v -1.961157 3.178725 -34.24948
v -1.967473 3.172702 -34.26209
v -1.960925 3.174697 -34.262978
v -1.961046 3.177163 -34.256638
v -1.967273 3.169639 -34.26705
v -1.960859 3.171177 -34.26838
v -1.960925 3.174697 -34.262978
v -1.975151 3.173364 -34.241344
v -1.968533 3.177045 -34.24151
v -1.968991 3.178301 -34.233467
v -1.974522 3.172766 -34.248917
v -1.968219 3.176054 -34.249153
v -1.968533 3.177045 -34.24151
v -1.973734 3.171841 -34.255634
v -1.967852 3.174763 -34.2561
v -1.968219 3.176054 -34.249153
v -1.972873 3.17027 -34.261166
v -1.967473 3.172702 -34.26209
v -1.967852 3.174763 -34.2561
v -1.97234 3.167836 -34.265488
v -1.967273 3.169639 -34.26705
v -1.967473 3.172702 -34.26209
v -1.980996 3.168795 -34.24128
v -1.975151 3.173364 -34.241344
v -1.975815 3.174044 -34.233322
v -1.979921 3.168628 -34.248817
v -1.974522 3.172766 -34.248917
v -1.975151 3.173364 -34.241344
v -1.978623 3.16813 -34.255417
v -1.973734 3.171841 -34.255634
v -1.974522 3.172766 -34.248917
v -1.97709 3.167207 -34.26062
v -1.972873 3.17027 -34.261166
v -1.973734 3.171841 -34.255634
v -1.975641 3.166144 -34.264015
v -1.97234 3.167836 -34.265488
v -1.972873 3.17027 -34.261166
v 11.527045 1.388903 -20.82297
v 11.524961 1.396726 -20.822687
v 11.527043 1.397449 -20.830416
v 11.524961 1.396726 -20.822687
v 11.522897 1.404362 -20.82235
v 11.525191 1.405254 -20.829954
v 11.522897 1.404362 -20.82235
v 11.520176 1.411572 -20.822052
v 11.522123 1.412678 -20.829586
v 11.520176 1.411572 -20.822052
v 11.516473 1.418108 -20.821846
v 11.517918 1.419525 -20.82932
v 11.511801 1.423811 -20.82172
v 11.512753 1.425691 -20.829159
v 11.517918 1.419525 -20.82932
v 11.525193 1.388293 -20.815174
v 11.522685 1.39599 -20.81514
v 11.524961 1.396726 -20.822687
v 11.522685 1.39599 -20.81514
v 11.520539 1.403462 -20.81497
v 11.522897 1.404362 -20.82235
v 11.520539 1.403462 -20.81497
v 11.518099 1.410435 -20.814823
v 11.520176 1.411572 -20.822052
v 11.514873 1.416635 -20.81475
v 11.516473 1.418108 -20.821846
v 11.520176 1.411572 -20.822052
v 11.510728 1.421914 -20.814697
v 11.511801 1.423811 -20.82172
v 11.516473 1.418108 -20.821846
v 11.522124 1.387641 -20.807768
v 11.519878 1.395263 -20.807978
v 11.522685 1.39599 -20.81514
v 11.517945 1.402592 -20.808056
v 11.520539 1.403462 -20.81497
v 11.522685 1.39599 -20.81514
v 11.515813 1.409298 -20.808216
v 11.518099 1.410435 -20.814823
v 11.520539 1.403462 -20.81497
v 11.513047 1.415104 -20.808434
v 11.514873 1.416635 -20.81475
v 11.518099 1.410435 -20.814823
v 11.509434 1.419917 -20.808527
v 11.510728 1.421914 -20.814697
v 11.514873 1.416635 -20.81475
v 11.517919 1.386965 -20.800945
v 11.516261 1.394562 -20.801418
v 11.519878 1.395263 -20.807978
v 11.514744 1.401794 -20.801865
v 11.517945 1.402592 -20.808056
v 11.519878 1.395263 -20.807978
v 11.513015 1.408267 -20.802485
v 11.515813 1.409298 -20.808216
v 11.517945 1.402592 -20.808056
v 11.510802 1.413642 -20.803207
v 11.513047 1.415104 -20.808434
v 11.515813 1.409298 -20.808216
v 11.5079 1.417832 -20.803646
v 11.509434 1.419917 -20.808527
v 11.513047 1.415104 -20.808434
v 11.511764 1.393897 -20.795618
v 11.516261 1.394562 -20.801418
v 11.517919 1.386965 -20.800945
v 11.510697 1.40112 -20.796549
v 11.514744 1.401794 -20.801865
v 11.516261 1.394562 -20.801418
v 11.509423 1.407509 -20.797707
v 11.513015 1.408267 -20.802485
v 11.514744 1.401794 -20.801865
v 11.507899 1.41263 -20.799112
v 11.510802 1.413642 -20.803207
v 11.513015 1.408267 -20.802485
v 11.506453 1.416026 -20.800468
v 11.5079 1.417832 -20.803646
v 11.510802 1.413642 -20.803207
v 11.484585 1.440163 -20.829653
v 11.484447 1.437092 -20.821945
v 11.476599 1.43921 -20.822123
v 11.484447 1.437092 -20.821945
v 11.484403 1.434068 -20.814404
v 11.476601 1.436374 -20.814404
v 11.484403 1.434068 -20.814404
v 11.484391 1.430445 -20.807293
v 11.476604 1.432369 -20.807083
v 11.484391 1.430445 -20.807293
v 11.484371 1.425936 -20.800867
v 11.476604 1.427303 -20.800356
v 11.484371 1.425936 -20.800867
v 11.484359 1.42057 -20.79528
v 11.476604 1.421363 -20.79432
v 11.492383 1.438258 -20.829365
v 11.492095 1.434787 -20.821808
v 11.484447 1.437092 -20.821945
v 11.492095 1.434787 -20.821808
v 11.491964 1.431705 -20.814442
v 11.484403 1.434068 -20.814404
v 11.491964 1.431705 -20.814442
v 11.491857 1.428404 -20.807573
v 11.484391 1.430445 -20.807293
v 11.491857 1.428404 -20.807573
v 11.491737 1.424429 -20.801483
v 11.484371 1.425936 -20.800867
v 11.491737 1.424429 -20.801483
v 11.491674 1.419667 -20.796314
v 11.484359 1.42057 -20.79528
v 11.499793 1.435141 -20.829184
v 11.499338 1.431953 -20.82172
v 11.492095 1.434787 -20.821808
v 11.499338 1.431953 -20.82172
v 11.499027 1.429117 -20.814512
v 11.491964 1.431705 -20.814442
v 11.499027 1.429117 -20.814512
v 11.498662 1.426172 -20.807934
v 11.491857 1.428404 -20.807573
v 11.498662 1.426172 -20.807934
v 11.498285 1.422724 -20.802258
v 11.491737 1.424429 -20.801483
v 11.498285 1.422724 -20.802258
v 11.498088 1.418568 -20.797556
v 11.491674 1.419667 -20.796314
v 11.506617 1.430893 -20.829117
v 11.505957 1.428319 -20.821692
v 11.499338 1.431953 -20.82172
v 11.505957 1.428319 -20.821692
v 11.50533 1.425933 -20.81461
v 11.499027 1.429117 -20.814512
v 11.50533 1.425933 -20.81461
v 11.504545 1.423443 -20.808304
v 11.498662 1.426172 -20.807934
v 11.504545 1.423443 -20.808304
v 11.503684 1.420619 -20.803102
v 11.498285 1.422724 -20.802258
v 11.503153 1.417264 -20.799047
v 11.498088 1.418568 -20.797556
v 11.498285 1.422724 -20.802258
v 11.512753 1.425691 -20.829159
v 11.511801 1.423811 -20.82172
v 11.505957 1.428319 -20.821692
v 11.511801 1.423811 -20.82172
v 11.510728 1.421914 -20.814697
v 11.50533 1.425933 -20.81461
v 11.510728 1.421914 -20.814697
v 11.509434 1.419917 -20.808527
v 11.504545 1.423443 -20.808304
v 11.509434 1.419917 -20.808527
v 11.5079 1.417832 -20.803646
v 11.503684 1.420619 -20.803102
v 11.506453 1.416026 -20.800468
v 11.503153 1.417264 -20.799047
v 11.503684 1.420619 -20.803102
v 11.4766 1.391384 -20.780428
v 11.484525 1.391794 -20.782509
v 11.484587 1.383799 -20.780518
v 11.484525 1.391794 -20.782509
v 11.492229 1.392258 -20.784569
v 11.492386 1.384349 -20.782372
v 11.492229 1.392258 -20.784569
v 11.499486 1.392765 -20.787285
v 11.499795 1.384957 -20.785442
v 11.499486 1.392765 -20.787285
v 11.506048 1.393307 -20.790974
v 11.506618 1.385607 -20.789648
v 11.506048 1.393307 -20.790974
v 11.511764 1.393897 -20.795618
v 11.512755 1.386281 -20.794811
v 11.476601 1.39942 -20.782187
v 11.484457 1.399643 -20.784687
v 11.484525 1.391794 -20.782509
v 11.484457 1.399643 -20.784687
v 11.492053 1.399959 -20.78683
v 11.492229 1.392258 -20.784569
v 11.492053 1.399959 -20.78683
v 11.499116 1.400291 -20.789257
v 11.499486 1.392765 -20.787285
v 11.499116 1.400291 -20.789257
v 11.505377 1.400653 -20.792454
v 11.506048 1.393307 -20.790974
v 11.505377 1.400653 -20.792454
v 11.510697 1.40112 -20.796549
v 11.511764 1.393897 -20.795618
v 11.476604 1.407217 -20.785156
v 11.484407 1.407172 -20.787394
v 11.484457 1.399643 -20.784687
v 11.484407 1.407172 -20.787394
v 11.491881 1.407221 -20.789316
v 11.492053 1.399959 -20.78683
v 11.491881 1.407221 -20.789316
v 11.498689 1.407218 -20.79143
v 11.499116 1.400291 -20.789257
v 11.498689 1.407218 -20.79143
v 11.504557 1.407244 -20.794157
v 11.505377 1.400653 -20.792454
v 11.504557 1.407244 -20.794157
v 11.509423 1.407509 -20.797707
v 11.510697 1.40112 -20.796549
v 11.476604 1.414573 -20.789257
v 11.484372 1.414196 -20.7909
v 11.484407 1.407172 -20.787394
v 11.484372 1.414196 -20.7909
v 11.49174 1.413831 -20.792398
v 11.491881 1.407221 -20.789316
v 11.49174 1.413831 -20.792398
v 11.498288 1.413324 -20.794102
v 11.498689 1.407218 -20.79143
v 11.498288 1.413324 -20.794102
v 11.503686 1.412786 -20.796276
v 11.504557 1.407244 -20.794157
v 11.503686 1.412786 -20.796276
v 11.507899 1.41263 -20.799112
v 11.509423 1.407509 -20.797707
v 11.476604 1.421363 -20.79432
v 11.484359 1.42057 -20.79528
v 11.484372 1.414196 -20.7909
v 11.484359 1.42057 -20.79528
v 11.491674 1.419667 -20.796314
v 11.49174 1.413831 -20.792398
v 11.491674 1.419667 -20.796314
v 11.498088 1.418568 -20.797556
v 11.498288 1.413324 -20.794102
v 11.503153 1.417264 -20.799047
v 11.503686 1.412786 -20.796276
v 11.498288 1.413324 -20.794102
v 11.506453 1.416026 -20.800468
v 11.507899 1.41263 -20.799112
v 11.503686 1.412786 -20.796276
v -1.945778 1.383042 -20.779556
v -1.642196 1.399161 -20.781881
v -1.641883 1.391122 -20.780104
v -1.945777 1.391144 -20.780075
v -1.642709 1.406963 -20.784853
v -1.642196 1.399161 -20.781881
v -1.945778 1.399201 -20.781834
v -1.643409 1.414336 -20.788942
v -1.642709 1.406963 -20.784853
v -1.945778 1.407019 -20.78479
v -1.64428 1.421097 -20.794048
v -1.643409 1.414336 -20.788942
v -1.945779 1.4144 -20.78887
v -1.645299 1.427081 -20.800049
v -1.64428 1.421097 -20.794048
v -1.94578 1.421166 -20.793976
v -1.646442 1.43214 -20.806793
v -1.645299 1.427081 -20.800049
v -1.945781 1.42715 -20.799978
v -1.64768 1.436149 -20.814117
v -1.646442 1.43214 -20.806793
v -1.945783 1.432202 -20.80673
v -1.648983 1.43901 -20.821838
v -1.64768 1.436149 -20.814117
v -1.945784 1.436202 -20.81407
v -1.65032 1.440653 -20.829767
v -1.648983 1.43901 -20.821838
v -1.945786 1.439047 -20.82181
v 11.527101 -1.44265 -34.290665
v 11.527729 -1.442731 -34.28267
v 11.527729 3.132723 -34.23596
v 11.525228 -1.44257 -34.29847
v 11.527101 -1.44265 -34.290665
v 11.527101 3.133789 -34.24392
v 11.522156 -1.442494 -34.305885
v 11.525228 -1.44257 -34.29847
v 11.525228 3.134833 -34.251686
v 11.517963 -1.442424 -34.312725
v 11.522156 -1.442494 -34.305885
v 11.522156 3.13583 -34.259064
v 11.512753 -1.442362 -34.318825
v 11.517963 -1.442424 -34.312725
v 11.517964 3.136755 -34.265877
v 11.506651 -1.442309 -34.32404
v 11.512753 -1.442362 -34.318825
v 11.512753 3.137584 -34.27195
v 11.499809 -1.442266 -34.32823
v 11.506651 -1.442309 -34.32404
v 11.506651 3.138299 -34.277138
v 11.492395 -1.442235 -34.3313
v 11.499809 -1.442266 -34.32823
v 11.499809 3.13888 -34.28132
v 11.484592 -1.442216 -34.333176
v 11.492395 -1.442235 -34.3313
v 11.492394 3.139315 -34.284374
v 11.476591 -1.442209 -34.333805
v 11.484592 -1.442216 -34.333176
v 11.484592 3.139592 -34.28624
v -1.996291 -1.442605 -34.289406
v -1.99624 3.133168 -34.242676
v -1.99693 3.132556 -34.23469
v -1.994418 -1.442526 -34.29721
v -1.994387 3.133837 -34.250465
v -1.99624 3.133168 -34.242676
v -1.991347 -1.44245 -34.304634
v -1.991316 3.134552 -34.257874
v -1.994387 3.133837 -34.250465
v -1.987154 -1.44238 -34.311493
v -1.98711 3.135295 -34.264687
v -1.991316 3.134552 -34.257874
v -1.981943 -1.442318 -34.31761
v -1.981945 3.136048 -34.270817
v -1.98711 3.135295 -34.264687
v -1.975841 -1.442264 -34.322845
v -1.975807 3.136791 -34.275974
v -1.981945 3.136048 -34.270817
v -1.968999 -1.442221 -34.327065
v -1.968982 3.137507 -34.280174
v -1.975807 3.136791 -34.275974
v -1.961585 -1.442189 -34.330162
v -1.961572 3.138179 -34.283234
v -1.968982 3.137507 -34.280174
v -1.953783 -1.44217 -34.33206
v -1.953773 3.138787 -34.28508
v -1.961572 3.138179 -34.283234
v -1.945783 -1.442163 -34.332718
v -1.945783 3.139324 -34.285763
v -1.953773 3.138787 -34.28508
v 11.484599 -1.580274 -20.810429
v 11.4766 -1.580281 -20.8098
v 11.476596 1.383314 -20.779827
v 11.492402 -1.580256 -20.812302
v 11.484599 -1.580274 -20.810429
v 11.484587 1.383799 -20.780518
v 11.499816 -1.580227 -20.815372
v 11.492402 -1.580256 -20.812302
v 11.492386 1.384349 -20.782372
v 11.506658 -1.580187 -20.819565
v 11.499816 -1.580227 -20.815372
v 11.499795 1.384957 -20.785442
v 11.512758 -1.580137 -20.824776
v 11.506658 -1.580187 -20.819565
v 11.506618 1.385607 -20.789648
v 11.51797 -1.580079 -20.830877
v 11.512758 -1.580137 -20.824776
v 11.512755 1.386281 -20.794811
v 11.522163 -1.580013 -20.837719
v 11.51797 -1.580079 -20.830877
v 11.517919 1.386965 -20.800945
v 11.525234 -1.579942 -20.845133
v 11.522163 -1.580013 -20.837719
v 11.522124 1.387641 -20.807768
v 11.527106 -1.579868 -20.852934
v 11.525234 -1.579942 -20.845133
v 11.525193 1.388293 -20.815174
v 11.527736 -1.579791 -20.860933
v 11.527106 -1.579868 -20.852934
v 11.527045 1.388903 -20.82297
v -1.996353 3.102482 -33.93109
v -1.996983 3.094417 -33.93107
v -1.99693 3.132556 -34.23469
v -1.99448 3.110369 -33.931324
v -1.996353 3.102482 -33.93109
v -1.996242 3.140553 -34.23422
v -1.991409 3.117884 -33.93176
v -1.99448 3.110369 -33.931324
v -1.99439 3.148366 -34.233833
v -1.987216 3.124843 -33.93239
v -1.991409 3.117884 -33.93176
v -1.991321 3.155799 -34.233547
v -1.982005 3.131072 -33.933197
v -1.987216 3.124843 -33.93239
v -1.987116 3.162656 -34.23336
v -1.975903 3.13642 -33.934162
v -1.982005 3.131072 -33.933197
v -1.981952 3.168833 -34.233284
v -1.969061 3.140755 -33.93526
v -1.975903 3.13642 -33.934162
v -1.975815 3.174044 -34.233322
v -1.961647 3.143969 -33.936466
v -1.969061 3.140755 -33.93526
v -1.968991 3.178301 -34.233467
v -1.953845 3.145984 -33.937748
v -1.961647 3.143969 -33.936466
v -1.961582 3.181426 -34.23372
v -1.945845 3.14675 -33.939075
v -1.953845 3.145984 -33.937748
v -1.953783 3.183338 -34.23407
v -1.996294 1.388237 -20.82267
v -1.996346 -1.580035 -20.852688
v -1.996974 -1.579947 -20.860687
v -1.99442 1.387275 -20.814896
v -1.994475 -1.580119 -20.844887
v -1.996346 -1.580035 -20.852688
v -1.991347 1.386366 -20.807507
v -1.991405 -1.580198 -20.837475
v -1.994475 -1.580119 -20.844887
v -1.987153 1.38553 -20.800682
v -1.987214 -1.58027 -20.830637
v -1.991405 -1.580198 -20.837475
v -1.982003 -1.580333 -20.82454
v -1.975837 1.384162 -20.789381
v -1.975903 -1.580386 -20.819332
v -1.982003 -1.580333 -20.82454
v -1.968995 1.383663 -20.785185
v -1.969061 -1.580426 -20.815144
v -1.975903 -1.580386 -20.819332
v -1.96158 1.383305 -20.7821
v -1.961648 -1.580454 -20.812078
v -1.969061 -1.580426 -20.815144
v -1.953778 1.383096 -20.78021
v -1.953846 -1.580469 -20.810211
v -1.961648 -1.580454 -20.812078
v -1.945778 1.383042 -20.779556
v -1.945847 -1.580469 -20.809587
v -1.953846 -1.580469 -20.810211
v -1.953787 1.440015 -20.829802
v -1.953848 1.477971 -21.126276
v -1.945848 1.478431 -21.124937
v -1.961589 1.438112 -20.829853
v -1.961651 1.476254 -21.127598
v -1.953848 1.477971 -21.126276
v -1.969004 1.43501 -20.82992
v -1.969064 1.473323 -21.128864
v -1.961651 1.476254 -21.127598
v -1.975845 1.430784 -20.830002
v -1.975907 1.46925 -21.130049
v -1.969064 1.473323 -21.128864
v -1.982008 1.464135 -21.13112
v -1.975907 1.46925 -21.130049
v -1.975845 1.430784 -20.830002
v -1.98722 1.458105 -21.132051
v -1.982008 1.464135 -21.13112
v -1.981947 1.425539 -20.830093
v -1.991412 1.451307 -21.132822
v -1.98722 1.458105 -21.132051
v -1.987159 1.419403 -20.830193
v -1.994483 1.443909 -21.13341
v -1.991412 1.451307 -21.132822
v -1.991351 1.412529 -20.8303
v -1.996356 1.436094 -21.133802
v -1.994483 1.443909 -21.13341
v -1.994423 1.405082 -20.830412
v -1.996986 1.428053 -21.13399
v -1.996356 1.436094 -21.133802
v -1.996296 1.397252 -20.830524
v 11.476599 1.43921 -20.822123
v 11.179806 1.439209 -20.821827
v 11.181141 1.440845 -20.829756
v 11.476601 1.436374 -20.814404
v 11.178502 1.436354 -20.814104
v 11.179806 1.439209 -20.821827
v 11.476604 1.432369 -20.807083
v 11.177265 1.432351 -20.806782
v 11.178502 1.436354 -20.814104
v 11.476604 1.427303 -20.800356
v 11.176124 1.427298 -20.800035
v 11.177265 1.432351 -20.806782
v 11.476604 1.421363 -20.79432
v 11.175104 1.421319 -20.794035
v 11.176124 1.427298 -20.800035
v 11.476604 1.414573 -20.789257
v 11.174234 1.414562 -20.788927
v 11.175104 1.421319 -20.794035
v 11.476604 1.407217 -20.785156
v 11.173534 1.407193 -20.784838
v 11.174234 1.414562 -20.788927
v 11.173022 1.399393 -20.781866
v 11.4766 1.391384 -20.780428
v 11.172709 1.391355 -20.780087
v 11.173022 1.399393 -20.781866
v 11.476596 1.383314 -20.779827
v 11.172605 1.383277 -20.779545
v 11.172709 1.391355 -20.780087
v 11.476593 3.184674 -34.243584
v 11.476591 3.184243 -34.23562
v 11.181147 3.184124 -34.234703
v 11.476593 3.183831 -34.251366
v 11.476593 3.184674 -34.243584
v 11.179812 3.184526 -34.24264
v 11.476593 3.181734 -34.258766
v 11.476593 3.183831 -34.251366
v 11.178514 3.183659 -34.250397
v 11.476593 3.178435 -34.265602
v 11.476593 3.181734 -34.258766
v 11.177277 3.181543 -34.25778
v 11.476593 3.174014 -34.271713
v 11.476593 3.178435 -34.265602
v 11.176136 3.178233 -34.264606
v 11.476593 3.168581 -34.27694
v 11.476593 3.174014 -34.271713
v 11.175118 3.173808 -34.27071
v 11.476593 3.162271 -34.28116
v 11.476593 3.168581 -34.27694
v 11.17425 3.168379 -34.275944
v 11.476593 3.155235 -34.28427
v 11.476593 3.162271 -34.28116
v 11.173551 3.162077 -34.280174
v 11.476593 3.147652 -34.286186
v 11.476593 3.155235 -34.28427
v 11.173038 3.15506 -34.283295
v 11.476591 3.139704 -34.28687
v 11.476593 3.147652 -34.286186
v 11.172728 3.147499 -34.285233
v -1.945791 3.184394 -34.24245
v -1.64898 3.184269 -34.24248
v -1.650315 3.183867 -34.234543
v -1.945791 3.183513 -34.250202
v -1.647679 3.183402 -34.250237
v -1.64898 3.184269 -34.24248
v -1.94579 3.181367 -34.257584
v -1.646442 3.181287 -34.257618
v -1.647679 3.183402 -34.250237
v -1.945789 3.178013 -34.264397
v -1.646442 3.181287 -34.257618
v -1.945788 3.173615 -34.27053
v -1.644283 3.173552 -34.27055
v -1.645301 3.177977 -34.264446
v -1.945787 3.168124 -34.27572
v -1.643414 3.168123 -34.27578
v -1.644283 3.173552 -34.27055
v -1.945785 3.161826 -34.27996
v -1.642714 3.161822 -34.28001
v -1.643414 3.168123 -34.27578
v -1.945784 3.1548 -34.28308
v -1.642202 3.154804 -34.28313
v -1.642714 3.161822 -34.28001
v -1.945783 3.147235 -34.284996
v -1.64189 3.147243 -34.285072
v -1.642202 3.154804 -34.28313
v -1.945783 3.139324 -34.285763
v -1.641785 3.139325 -34.28578
v -1.64189 3.147243 -34.285072
v -1.641785 3.139325 -34.28578
v 11.173038 3.15506 -34.283295
v -1.642202 3.154804 -34.28313
v -1.64189 3.147243 -34.285072
v -1.642714 3.161822 -34.28001
v -1.642202 3.154804 -34.28313
v 11.173038 3.15506 -34.283295
v 11.17425 3.168379 -34.275944
v -1.643414 3.168123 -34.27578
v -1.642714 3.161822 -34.28001
v 11.175118 3.173808 -34.27071
v -1.644283 3.173552 -34.27055
v -1.643414 3.168123 -34.27578
v -1.645301 3.177977 -34.264446
v -1.644283 3.173552 -34.27055
v 11.175118 3.173808 -34.27071
v 11.177277 3.181543 -34.25778
v -1.646442 3.181287 -34.257618
v -1.645301 3.177977 -34.264446
v -1.646442 3.181287 -34.257618
v -1.64898 3.184269 -34.24248
v 11.181147 3.184124 -34.234703
v -1.650315 3.183867 -34.234543
v -1.64898 3.184269 -34.24248
v 11.484592 3.183582 -34.235622
v 11.484592 3.144899 -33.937935
v 11.476591 3.145707 -33.939262
v 11.492394 3.181674 -34.235634
v 11.492395 3.142843 -33.93665
v 11.484592 3.144899 -33.937935
v 11.499809 3.178564 -34.235653
v 11.499809 3.13959 -33.935448
v 11.492395 3.142843 -33.93665
v 11.506651 3.174332 -34.23568
v 11.506651 3.13522 -33.93435
v 11.499809 3.13959 -33.935448
v 11.512753 3.169078 -34.235714
v 11.512753 3.129839 -33.933384
v 11.506651 3.13522 -33.93435
v 11.517964 3.162933 -34.235756
v 11.517963 3.123582 -33.932575
v 11.512753 3.129839 -33.933384
v 11.522156 3.156051 -34.2358
v 11.522156 3.116601 -33.931946
v 11.517963 3.123582 -33.932575
v 11.525228 3.148596 -34.23585
v 11.525228 3.109069 -33.93151
v 11.522156 3.116601 -33.931946
v 11.527101 3.140757 -34.235905
v 11.527729 3.093102 -33.931255
v -1.641883 1.391122 -20.780104
v 11.172709 1.391355 -20.780087
v 11.172605 1.383277 -20.779545
v 11.173022 1.399393 -20.781866
v -1.642709 1.406963 -20.784853
v 11.173534 1.407193 -20.784838
v 11.173022 1.399393 -20.781866
v 11.174234 1.414562 -20.788927
v 11.173534 1.407193 -20.784838
v -1.642709 1.406963 -20.784853
v -1.64428 1.421097 -20.794048
v 11.175104 1.421319 -20.794035
v 11.174234 1.414562 -20.788927
v -1.645299 1.427081 -20.800049
v 11.176124 1.427298 -20.800035
v 11.175104 1.421319 -20.794035
v -1.646442 1.43214 -20.806793
v 11.177265 1.432351 -20.806782
v 11.176124 1.427298 -20.800035
v -1.64768 1.436149 -20.814117
v 11.178502 1.436354 -20.814104
v 11.177265 1.432351 -20.806782
v -1.648983 1.43901 -20.821838
v 11.179806 1.439209 -20.821827
v 11.178502 1.436354 -20.814104
v -1.65032 1.440653 -20.829767
v 11.181141 1.440845 -20.829756
v 11.179806 1.439209 -20.821827
v 11.527043 1.397449 -20.830416
v 11.527101 1.436092 -21.133976
v 11.527729 1.42805 -21.134163
v 11.525191 1.405254 -20.829954
v 11.525228 1.443908 -21.133583
v 11.527101 1.436092 -21.133976
v 11.522123 1.412678 -20.829586
v 11.522156 1.451307 -21.132996
v 11.525228 1.443908 -21.133583
v 11.517918 1.419525 -20.82932
v 11.517963 1.458105 -21.132225
v 11.522156 1.451307 -21.132996
v 11.512753 1.425691 -20.829159
v 11.512753 1.464137 -21.131294
v 11.517963 1.458105 -21.132225
v 11.506617 1.430893 -20.829117
v 11.506651 1.469252 -21.130222
v 11.512753 1.464137 -21.131294
v 11.499809 1.473325 -21.129038
v 11.506651 1.469252 -21.130222
v 11.506617 1.430893 -20.829117
v 11.492395 1.476257 -21.12777
v 11.499809 1.473325 -21.129038
v 11.499793 1.435141 -20.829184
v 11.484592 1.477974 -21.126448
v 11.492395 1.476257 -21.12777
v 11.492383 1.438258 -20.829365
v 11.476591 1.478434 -21.125107
v 11.484592 1.477974 -21.126448
v 11.484585 1.440163 -20.829653
v 11.484592 1.477974 -21.126448
v 11.492395 3.142843 -33.93665
v 11.492395 1.476257 -21.12777
v 11.484592 1.477974 -21.126448
v 11.499809 3.13959 -33.935448
v 11.499809 1.473325 -21.129038
v 11.492395 1.476257 -21.12777
v 11.506651 3.13522 -33.93435
v 11.506651 1.469252 -21.130222
v 11.499809 1.473325 -21.129038
v 11.512753 3.129839 -33.933384
v 11.512753 1.464137 -21.131294
v 11.506651 1.469252 -21.130222
v 11.517963 3.123582 -33.932575
v 11.517963 1.458105 -21.132225
v 11.512753 1.464137 -21.131294
v 11.522156 1.451307 -21.132996
v 11.525228 3.109069 -33.93151
v 11.525228 1.443908 -21.133583
v 11.522156 1.451307 -21.132996
v 11.527101 3.101171 -33.93128
v 11.527101 1.436092 -21.133976
v 11.525228 1.443908 -21.133583
v 11.527729 1.42805 -21.134163
v 11.527101 1.436092 -21.133976
v -1.996986 1.428053 -21.13399
v -1.994483 1.443909 -21.13341
v -1.996356 1.436094 -21.133802
v -1.996353 3.102482 -33.93109
v -1.991412 1.451307 -21.132822
v -1.994483 1.443909 -21.13341
v -1.99448 3.110369 -33.931324
v -1.98722 1.458105 -21.132051
v -1.991412 1.451307 -21.132822
v -1.991409 3.117884 -33.93176
v -1.982008 1.464135 -21.13112
v -1.98722 1.458105 -21.132051
v -1.987216 3.124843 -33.93239
v -1.975907 1.46925 -21.130049
v -1.982008 1.464135 -21.13112
v -1.982005 3.131072 -33.933197
v -1.969064 1.473323 -21.128864
v -1.975907 1.46925 -21.130049
v -1.975903 3.13642 -33.934162
v -1.961651 1.476254 -21.127598
v -1.969064 1.473323 -21.128864
v -1.969061 3.140755 -33.93526
v -1.953848 1.477971 -21.126276
v -1.961651 1.476254 -21.127598
v -1.961647 3.143969 -33.936466
v -1.945848 1.478431 -21.124937
v -1.953848 1.477971 -21.126276
v -1.953845 3.145984 -33.937748
v -1.945787 1.44067 -20.829765
v -1.945848 1.478431 -21.124937
v -1.692917 1.472944 -21.082758
v -1.996915 -1.5766 -21.164667
v -1.996986 1.428053 -21.13399
v -1.996926 1.389226 -20.830635
v -1.996915 -1.5766 -21.164667
v -1.945848 1.478431 -21.124937
v -1.945845 3.14675 -33.939075
v -1.692922 3.150935 -33.981274
v -1.641778 -1.580223 -20.809795
v -1.945847 -1.580469 -20.809587
v -1.945778 1.383042 -20.779556
v -1.953846 -1.580469 -20.810211
v -1.945847 -1.580469 -20.809587
v -1.641778 -1.580223 -20.809795
v -1.969061 -1.580426 -20.815144
v -1.961648 -1.580454 -20.812078
v -1.953846 -1.580469 -20.810211
v -1.982003 -1.580333 -20.82454
v -1.975903 -1.580386 -20.819332
v -1.969061 -1.580426 -20.815144
v -1.991405 -1.580198 -20.837475
v -1.987214 -1.58027 -20.830637
v -1.982003 -1.580333 -20.82454
v -1.996346 -1.580035 -20.852688
v -1.994475 -1.580119 -20.844887
v -1.991405 -1.580198 -20.837475
v -1.996915 -1.5766 -21.164667
v -1.996974 -1.579947 -20.860687
v -1.996346 -1.580035 -20.852688
v -1.641778 -1.580223 -20.809795
v -1.641779 -1.5766 -21.164669
v -1.996915 -1.5766 -21.164667
v -1.953846 -1.580469 -20.810211
v -1.641778 -1.580223 -20.809795
v -1.982003 -1.580333 -20.82454
v -1.996346 -1.580035 -20.852688
v 11.223742 1.472946 -21.082924
v 11.476591 1.478434 -21.125107
v 11.476595 1.440905 -20.830036
v 11.527736 -1.579791 -20.860933
v 11.223742 1.472946 -21.082924
v -1.692922 3.150935 -33.981274
v -1.945845 3.14675 -33.939075
v -1.945792 3.184087 -34.23451
v -1.996921 -1.442687 -34.281403
v -1.99693 3.132556 -34.23469
v -1.996983 3.094417 -33.93107
v 11.223742 1.472946 -21.082924
v 11.181141 1.440845 -20.829756
v -1.65032 1.440653 -20.829767
v 11.172605 -1.576656 -21.164835
v 11.172605 -1.580281 -20.8098
v 11.527106 -1.579868 -20.852934
v 11.527736 -1.579791 -20.860933
v 11.527729 -1.576882 -21.164843
v 11.522163 -1.580013 -20.837719
v 11.525234 -1.579942 -20.845133
v 11.512758 -1.580137 -20.824776
v 11.51797 -1.580079 -20.830877
v 11.522163 -1.580013 -20.837719
v 11.499816 -1.580227 -20.815372
v 11.506658 -1.580187 -20.819565
v 11.512758 -1.580137 -20.824776
v 11.492402 -1.580256 -20.812302
v 11.499816 -1.580227 -20.815372
v 11.172605 -1.580281 -20.8098
v 11.4766 -1.580281 -20.8098
v 11.484599 -1.580274 -20.810429
v 11.527729 -1.576882 -21.164843
v 11.172605 -1.580281 -20.8098
v 11.512758 -1.580137 -20.824776
v 11.522163 -1.580013 -20.837719
v 11.172605 1.383277 -20.779545
v 11.476596 1.383314 -20.779827
v 11.4766 -1.580281 -20.8098
v 11.476591 -1.442209 -34.333805
v 11.476591 3.145707 -33.939262
v 11.476591 -1.442209 -34.333805
v 11.172592 -1.442209 -34.333805
v 11.172592 -1.445846 -33.977592
v 11.492395 -1.442235 -34.3313
v 11.484592 -1.442216 -34.333176
v 11.476591 -1.442209 -34.333805
v 11.506651 -1.442309 -34.32404
v 11.499809 -1.442266 -34.32823
v 11.492395 -1.442235 -34.3313
v 11.517963 -1.442424 -34.312725
v 11.512753 -1.442362 -34.318825
v 11.506651 -1.442309 -34.32404
v 11.525228 -1.44257 -34.29847
v 11.522156 -1.442494 -34.305885
v 11.527101 -1.44265 -34.290665
v 11.527729 -1.445846 -33.9776
v 11.506651 -1.442309 -34.32404
v 11.527729 -1.442731 -34.28267
v 11.525228 -1.44257 -34.29847
v 11.517963 -1.442424 -34.312725
v -1.641785 3.139325 -34.28578
v -1.641785 -1.442152 -34.3338
v 11.172592 -1.442209 -34.333805
v -1.692922 3.150935 -33.981274
v -1.641785 -1.442152 -34.3338
v -1.641785 3.139325 -34.28578
v -1.945783 3.139324 -34.285763
v -1.99692 -1.445791 -33.977425
v -1.641785 -1.44579 -33.97743
v -1.641785 -1.442152 -34.3338
v -1.996291 -1.442605 -34.289406
v -1.996921 -1.442687 -34.281403
v -1.99692 -1.445791 -33.977425
v -1.991347 -1.44245 -34.304634
v -1.994418 -1.442526 -34.29721
v -1.996291 -1.442605 -34.289406
v -1.981943 -1.442318 -34.31761
v -1.987154 -1.44238 -34.311493
v -1.991347 -1.44245 -34.304634
v -1.968999 -1.442221 -34.327065
v -1.975841 -1.442264 -34.322845
v -1.953783 -1.44217 -34.33206
v -1.961585 -1.442189 -34.330162
v -1.968999 -1.442221 -34.327065
v -1.641785 -1.442152 -34.3338
v -1.945783 -1.442163 -34.332718
v -1.981943 -1.442318 -34.31761
v -1.991347 -1.44245 -34.304634
v -1.996291 -1.442605 -34.289406
vt 0.77566 0.50689602
vt 0.10401 0.50689602
vt 0.775509 0.51080298
vt 0.103984 0.540321
vt 0.104082 0.54422802
vt 0.775634 0.540321
vt 0.103885 0.53641403
vt 0.775535 0.53641403
vt 0.104049 0.532507
vt 0.7757 0.532507
vt 0.103948 0.51471102
vt 0.775732 0.54422802
vt 0.775585 0.54813498
vt 0.77566 0.49549496
vt 0.10401 0.49549603
vt 0.283048 0.281488
vt 0.730472 0.281489
vt 0.28312 0.277583
vt 0.283881 0.31272197
vt 0.284146 0.316625
vt 0.731307 0.31272304
vt 0.730761 0.28929698
vt 0.283337 0.28929603
vt 0.730689 0.29320204
vt 0.764738 0.42492902
vt 0.258455 0.42492902
vt 0.764814 0.428092
vt 0.731044 0.308819
vt 0.283074 0.285392
vt 0.730498 0.285394
vt 0.76557 0.39646804
vt 0.259285 0.39646804
vt 0.765568 0.39963198
vt 0.765852 0.390144
vt 0.765775 0.38698196
vt 0.259566 0.390145
vt 0.765711 0.39330602
vt 0.259283 0.39963198
vt 0.765419 0.402794
vt 0.764662 0.42176604
vt 0.25861 0.415442
vt 0.764894 0.415442
vt 0.258756 0.41227996
vt 0.764743 0.41860402
vt 0.258379 0.42176604
vt 0.765918 0.38382
vt 0.259633 0.38382
vt 0.764889 0.43441796
vt 0.258607 0.43441796
vt 0.764743 0.43758
vt 0.764451 0.44390297
vt 0.258169 0.44390297
vt 0.764365 0.447066
vt 0.764598 0.44074202
vt 0.258316 0.44074202
vt 0.765039 0.41227996
vt 0.258906 0.409118
vt 0.730544 0.27758503
vt 0.283207 0.27367902
vt 0.730827 0.304915
vt 0.730687 0.30101
vt 0.283403 0.30491304
vt 0.259426 0.39330697
vt 0.258532 0.428092
vt 0.764812 0.43125498
vt 0.258462 0.43758
vt 0.258988 0.40595496
vt 0.765271 0.40595496
vt 0.283621 0.30881798
vt 0.25846 0.41860402
vt 0.730631 0.27368104
vt 0.283302 0.26977503
vt 0.766005 0.38065696
vt 0.259719 0.38065696
vt 0.2834 0.265871
vt 0.730824 0.265872
vt 0.283671 0.26188803
vt 0.259135 0.402794
vt 0.730726 0.269776
vt 0.730629 0.29710603
vt 0.283261 0.301009
vt 0.283205 0.297105
vt 0.283265 0.29320097
vt 0.572924 0.071298
vt 0.289751 0.071298
vt 0.572924 0.076039016
vt 0.289751 0.25132096
vt 0.572924 0.25132096
vt 0.397173 0.24659699
vt 0.580772 0.076039016
vt 0.572924 0.076039016
vt 0.580772 0.24659503
vt 0.289751 0.07604098
vt 0.281903 0.07604098
vt 0.397173 0.24659699
vt 0.572924 0.076039016
vt 0.289751 0.07604098
vt 0.471362 0.24659503
vt 0.775599 0.51471102
vt 0.103858 0.51080298
vt 0.726755 0.340398
vt 0.283592 0.340398
vt 0.726727 0.344266
vt 0.283541 0.33653104
vt 0.726704 0.33653104
vt 0.283564 0.344266
vt 0.726609 0.348132
vt 0.726637 0.352
vt 0.283475 0.352
vt 0.726416 0.36360097
vt 0.283253 0.36360097
vt 0.726336 0.367468
vt 0.282916 0.32493
vt 0.283172 0.32879698
vt 0.726078 0.32493
vt 0.283174 0.367468
vt 0.726101 0.37133396
vt 0.282648 0.320984
vt 0.72581 0.32098496
vt 0.283392 0.332664
vt 0.726335 0.32879698
vt 0.726554 0.332664
vt 0.283334 0.359734
vt 0.726496 0.359734
vt 0.283406 0.35586703
vt 0.726568 0.35586703
vt 0.55997 0.680786
vt 0.549716 0.684497
vt 0.559987 0.869739
vt 0.56423 0.67581397
vt 0.560884 0.673972
vt 0.549162 0.682643
vt 0.549162 0.868559
vt 0.564479 0.87347299
vt 0.549716 0.866705
vt 0.494025 0.868559
vt 0.479999 0.873204
vt 0.495478 0.869878
vt 0.48251 0.67399502
vt 0.479897 0.675825
vt 0.495478 0.68132502
vt 0.482719 0.87463403
vt 0.49752 0.87037998
vt 0.545668 0.87037998
vt 0.551386 0.874874
vt 0.497762 0.679433
vt 0.483754 0.86945301
vt 0.493472 0.866705
vt 0.4838 0.68068397
vt 0.435739 0.95245397
vt 0.43426 0.935567975
vt 0.432733 0.952506006
vt 0.391336 0.87897998
vt 0.374836 0.878823996
vt 0.391336 0.985243022
vt 0.54771 0.869878
vt 0.561406 0.87475598
vt 0.491288 0.67423302
vt 0.550821 0.674434
vt 0.54771 0.68132502
vt 0.480016 0.87918401
vt 0.473446 0.87882203
vt 0.473747 0.88100201
vt 0.486886 0.87728399
vt 0.491851 0.87491399
vt 0.478518 0.876864016
vt 0.575146 0.674874
vt 0.575153 0.87392998
vt 0.582798 0.672293
vt 0.567534 0.67772198
vt 0.567549 0.87201601
vt 0.577128 0.88028097
vt 0.571767 0.87896901
vt 0.571707 0.88100201
vt 0.566389 0.87707698
vt 0.56488 0.87904602
vt 0.558914 0.877243996
vt 0.569543 0.673491
vt 0.565819 0.670883
vt 0.575366 0.67142498
vt 0.571365 0.66871202
vt 0.58133 0.66957802
vt 0.577261 0.667539
vt 0.575441 0.876894
vt 0.582798 0.87546003
vt 0.569723 0.875330985
vt 0.478393 0.67121
vt 0.475078 0.673675
vt 0.473547 0.668931
vt 0.469607 0.67145997
vt 0.468184 0.667544
vt 0.480104 0.668768
vt 0.563849 0.668864
vt 0.474827 0.666645
vt 0.485445 0.671452
vt 0.557112 0.671629
vt 0.570658 0.666645
vt 0.58133 0.87817502
vt 0.464125 0.87817502
vt 0.469823 0.87670201
vt 0.462658 0.87546003
vt 0.475228 0.874919
vt 0.469717 0.873667
vt 0.476752 0.87163502
vt 0.47681 0.677557
vt 0.469762 0.674752
vt 0.464125 0.66957802
vt 0.462658 0.672293
vt 0.468328 0.88028097
vt 0.494025 0.682643
vt 0.537052 0.96934998
vt 0.503263 0.97011
vt 0.537892 0.971506
vt 0.435446 0.90917802
vt 0.438016 0.908885
vt 0.437703 0.90499097
vt 0.445683 0.57853103
vt 0.448838 0.580472
vt 0.451638 0.576648
vt 0.538163 0.643636
vt 0.505556 0.644369
vt 0.538802 0.64625502
vt 0.437866 0.96225202
vt 0.435341 0.961934984
vt 0.559156 0.57616103
vt 0.556947 0.579507
vt 0.564424 0.578337
vt 0.564289 0.64412397
vt 0.558727 0.64517403
vt 0.566968 0.64598697
vt 0.444311 0.96724099
vt 0.439908 0.965040028
vt 0.442168 0.96902603
vt 0.504886 0.575723
vt 0.505743 0.577716
vt 0.538957 0.57621998
vt 0.55677 0.64261103
vt 0.437583 0.96609801
vt 0.449895 0.968264997
vt 0.448365 0.969902992
vt 0.444418 0.639476
vt 0.442447 0.63678598
vt 0.441001 0.64088702
vt 0.469478 0.969343007
vt 0.467976 0.971338987
vt 0.470864 0.576169
vt 0.47284 0.57845998
vt 0.440074 0.906096995
vt 0.4423 0.90204799
vt 0.448667 0.6416
vt 0.445556 0.64389902
vt 0.448902 0.901151
vt 0.450079 0.90287399
vt 0.468142 0.89973599
vt 0.566722 0.639489
vt 0.562461 0.641612
vt 0.569051 0.64123702
vt 0.444489 0.90389699
vt 0.568411 0.63681
vt 0.57143 0.636665
vt 0.469668 0.90179998
vt 0.50306 0.89903498
vt 0.440098 0.627342
vt 0.43867 0.61104703
vt 0.436096 0.62754798
vt 0.503457 0.90104002
vt 0.538027 0.89952999
vt 0.542074 0.65198898
vt 0.5044 0.652839
vt 0.474827 0.666645
vt 0.502923 0.971984982
vt 0.438783 0.636217
vt 0.537242 0.90180701
vt 0.558319 0.90079898
vt 0.572036 0.61106098
vt 0.570813 0.627344
vt 0.575673 0.611233
vt 0.504778 0.89464098
vt 0.543295 0.89550501
vt 0.473747 0.88100201
vt 0.43638 0.59493
vt 0.440485 0.59473997
vt 0.438789 0.58618098
vt 0.556825 0.90288401
vt 0.56412 0.90180898
vt 0.562231 0.96725303
vt 0.556642 0.968276024
vt 0.563983 0.969321012
vt 0.574307 0.62773
vt 0.566646 0.965053022
vt 0.568897 0.966398
vt 0.558195 0.97042203
vt 0.571621 0.585658
vt 0.568852 0.585298
vt 0.574135 0.59477597
vt 0.562409 0.90390903
vt 0.569024 0.90471399
vt 0.570886 0.952467978
vt 0.568704 0.962266028
vt 0.574266 0.952515006
vt 0.571407 0.961893976
vt 0.441107 0.581595
vt 0.444577 0.582596
vt 0.566812 0.90610999
vt 0.571532 0.909197986
vt 0.562632 0.58048397
vt 0.569181 0.581199
vt 0.574341 0.918591976
vt 0.570981 0.918695986
vt 0.575917 0.935555995
vt 0.442295 0.585297
vt 0.568854 0.908897996
vt 0.566881 0.58260798
vt 0.57246 0.93558198
vt 0.466727 0.65198898
vt 0.5044 0.652839
vt 0.467878 0.65022302
vt 0.454232 0.579485
vt 0.472953 0.643629
vt 0.453759 0.6426
vt 0.470721 0.64625198
vt 0.432802 0.91858798
vt 0.435834 0.91868198
vt 0.538346 0.57845497
vt 0.451374 0.64551598
vt 0.421955 0.93547499
vt 0.425046 0.935498
vt 0.423657 0.91664702
vt 0.428121 0.93552101
vt 0.42674 0.917578995
vt 0.431167 0.93554503
vt 0.429795 0.918228984
vt 0.426718 0.953423023
vt 0.423657 0.95430398
vt 0.42975 0.952821016
vt 0.426131 0.965554
vt 0.429409 0.963536978
vt 0.432536 0.96236998
vt 0.429439 0.90748
vt 0.432601 0.908701
vt 0.434984 0.967149973
vt 0.432125 0.96845299
vt 0.43506 0.90389001
vt 0.432161 0.90254003
vt 0.429098 0.901362
vt 0.426131 0.905397
vt 0.440158 0.970404983
vt 0.438046 0.971781015
vt 0.429098 0.969587982
vt 0.435824 0.972945988
vt 0.440243 0.90061301
vt 0.438086 0.899200976
vt 0.435824 0.89800501
vt 0.446732 0.971653998
vt 0.445429 0.973102987
vt 0.443901 0.974425972
vt 0.447118 0.899393976
vt 0.445658 0.89801103
vt 0.443902 0.896525025
vt 0.466708 0.97426802
vt 0.466389 0.97566098
vt 0.467253 0.972859025
vt 0.467549 0.895226
vt 0.467636 0.898181975
vt 0.50361 0.974946976
vt 0.504062 0.976512015
vt 0.503244 0.97347498
vt 0.46775 0.89668602
vt 0.504061 0.89601803
vt 0.503257 0.89744699
vt 0.54051 0.974416971
vt 0.541736 0.97566098
vt 0.539246 0.973070025
vt 0.541256 0.89657402
vt 0.504778 0.89464098
vt 0.53945 0.897885025
vt 0.562128 0.897726
vt 0.543295 0.89550501
vt 0.560242 0.898971975
vt 0.564223 0.974425972
vt 0.562603 0.973079026
vt 0.560216 0.971961021
vt 0.566665 0.970670998
vt 0.569441 0.971782982
vt 0.566755 0.900415
vt 0.569485 0.899239
vt 0.572301 0.89800501
vt 0.564223 0.89652401
vt 0.571961 0.967468023
vt 0.575344 0.96860403
vt 0.572301 0.972945988
vt 0.579027 0.969587982
vt 0.579027 0.901362
vt 0.575386 0.90240002
vt 0.581994 0.905395985
vt 0.572046 0.90359098
vt 0.578235 0.907656014
vt 0.574721 0.908855975
vt 0.574633 0.962174
vt 0.578189 0.963325977
vt 0.581994 0.965554
vt 0.584468 0.91664702
vt 0.581035 0.917615
vt 0.577671 0.91825402
vt 0.581008 0.953383982
vt 0.584468 0.95430398
vt 0.57762 0.95279801
vt 0.579318 0.93552899
vt 0.582719 0.93550199
vt 0.58617 0.93547499
vt 0.446677 0.649629
vt 0.469225 0.648341
vt 0.44891 0.647798
vt 0.504448 0.650755
vt 0.50458 0.648763
vt 0.541025 0.65019202
vt 0.542074 0.65198898
vt 0.539951 0.64832002
vt 0.50475 0.646752
vt 0.560569 0.64769298
vt 0.562668 0.64953202
vt 0.437295 0.64241803
vt 0.442494 0.645818
vt 0.43342 0.64425302
vt 0.439364 0.64766002
vt 0.429436 0.645916
vt 0.436162 0.649274
vt 0.445216 0.65118098
vt 0.56976 0.64762098
vt 0.572639 0.649274
vt 0.564806 0.65136403
vt 0.575627 0.644436
vt 0.579365 0.645916
vt 0.572185 0.64279902
vt 0.426469 0.641882
vt 0.430691 0.63879597
vt 0.423995 0.63063198
vt 0.434869 0.63693702
vt 0.428055 0.629192
vt 0.432096 0.62816
vt 0.574828 0.637419
vt 0.578486 0.639098
vt 0.582332 0.641882
vt 0.581257 0.62932402
vt 0.584806 0.63063198
vt 0.577769 0.628366
vt 0.426405 0.61161202
vt 0.430501 0.61141998
vt 0.428158 0.594046
vt 0.422293 0.611803
vt 0.423995 0.59297502
vt 0.434572 0.61122698
vt 0.577648 0.594508
vt 0.57927 0.61142302
vt 0.581193 0.593917
vt 0.582865 0.611614
vt 0.584806 0.592974
vt 0.570608 0.594765
vt 0.586508 0.611803
vt 0.434928 0.585868
vt 0.432293 0.594702
vt 0.430743 0.58442098
vt 0.426469 0.581725
vt 0.437361 0.58045298
vt 0.433452 0.578992
vt 0.429436 0.57769
vt 0.579365 0.57769
vt 0.57567 0.578784
vt 0.582332 0.581724
vt 0.572271 0.580029
vt 0.578498 0.584063
vt 0.574901 0.58530998
vt 0.442573 0.577012
vt 0.439402 0.57556403
vt 0.436162 0.574333
vt 0.449689 0.574947
vt 0.447165 0.573358
vt 0.444484 0.571876
vt 0.563131 0.57323998
vt 0.569807 0.57562602
vt 0.565239 0.571738
vt 0.561337 0.574341
vt 0.567063 0.57687098
vt 0.572639 0.574332
vt 0.466727 0.571617
vt 0.467914 0.57297802
vt 0.46931 0.57446402
vt 0.5044 0.570767
vt 0.504494 0.572473
vt 0.50467 0.57408798
vt 0.542074 0.571617
vt 0.541088 0.57304
vt 0.540066 0.57453698
vt 0.504062 0.976512015
vt 0.466389 0.97566098
vt 0.391336 0.985243022
vt 0.440485 0.59473997
vt 0.43867 0.61104703
vt 0.452605 0.60502702
vt 0.435834 0.91868198
vt 0.43426 0.935567975
vt 0.448699 0.92932898
vt 0.447276 0.93556899
vt 0.448664 0.941810012
vt 0.435739 0.95245397
vt 0.452796 0.94773698
vt 0.438016 0.908885
vt 0.452864 0.923403025
vt 0.437866 0.96225202
vt 0.459463 0.953055024
vt 0.440074 0.906096995
vt 0.45956 0.91808599
vt 0.439908 0.965040028
vt 0.444311 0.96724099
vt 0.468453 0.913646996
vt 0.444489 0.90389699
vt 0.449895 0.968264997
vt 0.46833 0.957495987
vt 0.479097 0.91030699
vt 0.450079 0.90287399
vt 0.469478 0.969343007
vt 0.478955 0.96083802
vt 0.490957 0.908234
vt 0.469668 0.90179998
vt 0.503263 0.97011
vt 0.490803 0.962912977
vt 0.503439 0.90753299
vt 0.503457 0.90104002
vt 0.503282 0.96361798
vt 0.515763 0.962916017
vt 0.537242 0.90180701
vt 0.515917 0.90823698
vt 0.556825 0.90288401
vt 0.527765 0.910312
vt 0.537052 0.96934998
vt 0.527623 0.960843027
vt 0.556642 0.968276024
vt 0.538267 0.95750302
vt 0.562409 0.90390903
vt 0.53839 0.91365403
vt 0.562231 0.96725303
vt 0.54716 0.953064024
vt 0.553924 0.92341298
vt 0.568854 0.908897996
vt 0.547257 0.91809499
vt 0.566812 0.90610999
vt 0.566646 0.965053022
vt 0.568704 0.962266028
vt 0.558056 0.92934102
vt 0.570981 0.918695986
vt 0.570886 0.952467978
vt 0.553856 0.947748005
vt 0.559445 0.93558103
vt 0.57246 0.93558198
vt 0.558021 0.94182098
vt 0.482798 0.93343502
vt 0.448699 0.92932898
vt 0.482248 0.935846984
vt 0.447276 0.93556899
vt 0.448664 0.941810012
vt 0.452796 0.94773698
vt 0.482785 0.938257992
vt 0.484408 0.93114501
vt 0.452864 0.923403025
vt 0.459463 0.953055024
vt 0.484381 0.940549016
vt 0.486995 0.92909002
vt 0.45956 0.91808599
vt 0.46833 0.957495987
vt 0.486958 0.942604005
vt 0.490433 0.927374005
vt 0.468453 0.913646996
vt 0.478955 0.96083802
vt 0.490385 0.944320977
vt 0.494546 0.92608398
vt 0.479097 0.91030699
vt 0.490803 0.962912977
vt 0.494491 0.945612013
vt 0.499129 0.925282
vt 0.490957 0.908234
vt 0.503282 0.96361798
vt 0.49907 0.946413994
vt 0.503953 0.92501098
vt 0.503439 0.90753299
vt 0.515763 0.962916017
vt 0.503892 0.94668603
vt 0.508775 0.925283015
vt 0.515917 0.90823698
vt 0.513354 0.92608601
vt 0.527765 0.910312
vt 0.527623 0.960843027
vt 0.508716 0.946415007
vt 0.538267 0.95750302
vt 0.5133 0.94561398
vt 0.517461 0.927376986
vt 0.53839 0.91365403
vt 0.54716 0.953064024
vt 0.517413 0.944323003
vt 0.523464 0.931149006
vt 0.553924 0.92341298
vt 0.520888 0.92909402
vt 0.547257 0.91809499
vt 0.553856 0.947748005
vt 0.52085 0.942608
vt 0.525061 0.93343902
vt 0.558056 0.92934102
vt 0.558021 0.94182098
vt 0.523438 0.94055301
vt 0.525598 0.93585098
vt 0.559445 0.93558103
vt 0.525047 0.938263
vt 0.503922 0.93584901
vt 0.451231 0.61104798
vt 0.452571 0.61707002
vt 0.440098 0.627342
vt 0.456558 0.62278998
vt 0.442295 0.585297
vt 0.440485 0.59473997
vt 0.456624 0.599307
vt 0.442447 0.63678598
vt 0.462991 0.627922
vt 0.444577 0.582596
vt 0.442295 0.585297
vt 0.463086 0.594177
vt 0.444418 0.639476
vt 0.471549 0.632208
vt 0.448838 0.580472
vt 0.471668 0.58989298
vt 0.448667 0.6416
vt 0.453759 0.6426
vt 0.471549 0.632208
vt 0.481939 0.58666998
vt 0.454232 0.579485
vt 0.453759 0.6426
vt 0.472953 0.643629
vt 0.481802 0.63543302
vt 0.493384 0.58467
vt 0.47284 0.57845998
vt 0.505556 0.644369
vt 0.493236 0.63743502
vt 0.505429 0.583992
vt 0.505743 0.577716
vt 0.505277 0.638115
vt 0.517323 0.637438
vt 0.538346 0.57845497
vt 0.517471 0.58467197
vt 0.556947 0.579507
vt 0.528904 0.586675
vt 0.538163 0.643636
vt 0.528768 0.63543802
vt 0.55677 0.64261103
vt 0.539039 0.63221502
vt 0.562632 0.58048397
vt 0.539157 0.58990002
vt 0.562461 0.641612
vt 0.54762 0.627931
vt 0.554148 0.599317
vt 0.568852 0.585298
vt 0.547715 0.594186
vt 0.566881 0.58260798
vt 0.566722 0.639489
vt 0.568411 0.63681
vt 0.54762 0.627931
vt 0.558135 0.605038
vt 0.570608 0.594765
vt 0.568411 0.63681
vt 0.570813 0.627344
vt 0.554083 0.6228
vt 0.559475 0.611059
vt 0.572036 0.61106098
vt 0.558102 0.617081
vt 0.485511 0.608989
vt 0.452605 0.60502702
vt 0.48498 0.61131603
vt 0.451231 0.61104798
vt 0.452571 0.61707002
vt 0.456558 0.62278998
vt 0.485498 0.613643
vt 0.487064 0.60677803
vt 0.456624 0.599307
vt 0.462991 0.627922
vt 0.487038 0.61585402
vt 0.489561 0.604796
vt 0.463086 0.594177
vt 0.471549 0.632208
vt 0.489525 0.617837
vt 0.492878 0.60314
vt 0.471668 0.58989298
vt 0.481802 0.63543302
vt 0.492832 0.619493
vt 0.496847 0.60189402
vt 0.481939 0.58666998
vt 0.493236 0.63743502
vt 0.496794 0.62074
vt 0.50127 0.601121
vt 0.493384 0.58467
vt 0.505277 0.638115
vt 0.501213 0.62151402
vt 0.505926 0.60086
vt 0.505429 0.583992
vt 0.517323 0.637438
vt 0.505867 0.62177598
vt 0.510579 0.60112202
vt 0.517471 0.58467197
vt 0.514998 0.601896
vt 0.528904 0.586675
vt 0.528768 0.63543802
vt 0.510522 0.62151498
vt 0.539039 0.63221502
vt 0.514945 0.62074202
vt 0.51896 0.60314298
vt 0.539157 0.58990002
vt 0.54762 0.627931
vt 0.518914 0.619496
vt 0.524754 0.60678202
vt 0.554148 0.599317
vt 0.522268 0.60479897
vt 0.547715 0.594186
vt 0.554083 0.6228
vt 0.522231 0.61784
vt 0.526295 0.608993
vt 0.558135 0.605038
vt 0.558102 0.617081
vt 0.524729 0.61585802
vt 0.526813 0.61132002
vt 0.559475 0.611059
vt 0.526282 0.61364698
vt 0.505897 0.611318
vt 0.391336 0.560192
vt 0.466727 0.571617
vt 0.5044 0.570767
vt 0.421955 0.93547499
vt 0.423657 0.91664702
vt 0.494025 0.868559
vt 0.549162 0.868559
vt 0.493472 0.866705
vt 0.545909 0.679433
vt 0.497762 0.679433
vt 0.54771 0.68132502
vt 0.549162 0.682643
vt 0.54771 0.68132502
vt 0.494025 0.682643
vt 0.549716 0.684497
vt 0.549162 0.682643
vt 0.493472 0.684497
vt 0.49752 0.87037998
vt 0.545668 0.87037998
vt 0.495478 0.869878
vt 0.494025 0.868559
vt 0.495478 0.869878
vt 0.549162 0.868559
vt 0.549716 0.866705
vt 0.549716 0.684497
vt 0.493472 0.866705
vt 0.375134 0.553218
vt 0.374693 0.666192
vt 0.391336 0.560192
vt 0.391336 0.66645402
vt 0.436162 0.649274
vt 0.391336 0.66645402
vt 0.464125 0.66957802
vt 0.467549 0.895226
vt 0.464125 0.87817502
vt 0.391336 0.87897998
vt 0.462658 0.672293
vt 0.423995 0.63063198
vt 0.422293 0.611803
vt 0.429436 0.57769
vt 0.436162 0.574333
vt 0.444484 0.571876
vt 0.435824 0.972945988
vt 0.429098 0.969587982
vt 0.443901 0.974425972
vt 0.62782 0.984888017
vt 0.633264 0.986397028
vt 0.63112 0.9851279855
vt 0.627791 0.56046999
vt 0.628396 0.560867
vt 0.631139 0.560322
vt 0.943813 0.479312
vt 0.061687 0.47928798
vt 0.944423 0.479618
vt 0.943813 0.479312
vt 0.943203 0.479007
vt 0.061687 0.47928798
vt 0.942596 0.47869897
vt 0.062905 0.478675
vt 0.943203 0.479007
vt 0.942596 0.47869897
vt 0.942007 0.478396
vt 0.062905 0.478675
vt 0.942007 0.478396
vt 0.940926 0.47786903
vt 0.063494 0.47837102
vt 0.940926 0.47786903
vt 0.94043 0.477845
vt 0.064574 0.477845
vt 0.94043 0.477845
vt 0.940024 0.477763
vt 0.065088 0.477821
vt 0.939655 0.47770298
vt 0.065881 0.477679
vt 0.940024 0.477763
vt 0.939655 0.47770298
vt 0.939306 0.47765398
vt 0.065881 0.477679
vt 0.938964 0.47760904
vt 0.066592 0.47758496
vt 0.939306 0.47765398
vt 0.061113 0.034824014
vt 0.061723 0.03512901
vt 0.94446 0.03484702
vt 0.062334 0.035432994
vt 0.943239 0.035457015
vt 0.061723 0.03512901
vt 0.062334 0.035432994
vt 0.062941 0.035732985
vt 0.943239 0.035457015
vt 0.062941 0.035732985
vt 0.06353 0.036018014
vt 0.942632 0.035757005
vt 0.06353 0.036018014
vt 0.06461 0.036572993
vt 0.942043 0.036041975
vt 0.065401 0.03663498
vt 0.940222 0.036656976
vt 0.06461 0.036572993
vt 0.065401 0.03663498
vt 0.065927 0.036737025
vt 0.940222 0.036656976
vt 0.066436 0.036817014
vt 0.939239 0.036837995
vt 0.065927 0.036737025
vt 0.066436 0.036817014
vt 0.066931 0.036885977
vt 0.939239 0.036837995
vt 0.066931 0.036885977
vt 0.067422 0.036952972
vt 0.93877 0.036907017
vt 0.061077 0.47959304
vt 0.061687 0.47928798
vt 0.061113 0.034824014
vt 0.061687 0.47928798
vt 0.062297 0.47898197
vt 0.061723 0.03512901
vt 0.062297 0.47898197
vt 0.062905 0.478675
vt 0.062334 0.035432994
vt 0.062905 0.478675
vt 0.063494 0.47837102
vt 0.062941 0.035732985
vt 0.063494 0.47837102
vt 0.064574 0.477845
vt 0.06353 0.036018014
vt 0.064574 0.477845
vt 0.065088 0.477821
vt 0.06461 0.036572993
vt 0.065088 0.477821
vt 0.065503 0.47773898
vt 0.065401 0.03663498
vt 0.065503 0.47773898
vt 0.065881 0.477679
vt 0.065927 0.036737025
vt 0.065881 0.477679
vt 0.06624 0.47763002
vt 0.066436 0.036817014
vt 0.06624 0.47763002
vt 0.066592 0.47758496
vt 0.066931 0.036885977
vt 0.943849 0.035152018
vt 0.943813 0.479312
vt 0.94446 0.03484702
vt 0.943239 0.035457015
vt 0.943203 0.479007
vt 0.943849 0.035152018
vt 0.942632 0.035757005
vt 0.942596 0.47869897
vt 0.943239 0.035457015
vt 0.942043 0.036041975
vt 0.942007 0.478396
vt 0.942632 0.035757005
vt 0.940962 0.036596
vt 0.940926 0.47786903
vt 0.942043 0.036041975
vt 0.940222 0.036656976
vt 0.94043 0.477845
vt 0.940962 0.036596
vt 0.939721 0.03675902
vt 0.940024 0.477763
vt 0.940222 0.036656976
vt 0.939239 0.036837995
vt 0.939655 0.47770298
vt 0.939721 0.03675902
vt 0.93877 0.036907017
vt 0.939306 0.47765398
vt 0.939239 0.036837995
vt 0.938307 0.036973
vt 0.938964 0.47760904
vt 0.93877 0.036907017
vt 0.627745 0.66645402
vt 0.628336 0.66645402
vt 0.627747 0.56101
vt 0.628336 0.66645402
vt 0.628927 0.66645402
vt 0.628396 0.560867
vt 0.628927 0.66645402
vt 0.629515 0.66645402
vt 0.628974 0.56072402
vt 0.629515 0.66645402
vt 0.630085 0.66645402
vt 0.62955 0.56058198
vt 0.630085 0.66645402
vt 0.631131 0.66645402
vt 0.63011 0.56044298
vt 0.631131 0.66645402
vt 0.631752 0.66648299
vt 0.63209 0.666498
vt 0.631781 0.55992502
vt 0.632439 0.66651398
vt 0.632134 0.55971003
vt 0.632789 0.66653
vt 0.632499 0.559514
vt 0.63314 0.666546
vt 0.632866 0.55932802
vt 0.628336 0.984659016
vt 0.628336 0.87897998
vt 0.627745 0.984534979
vt 0.628927 0.9847819805
vt 0.628927 0.87897998
vt 0.628336 0.984659016
vt 0.629515 0.9849050045
vt 0.629515 0.87897998
vt 0.628927 0.9847819805
vt 0.630085 0.985023975
vt 0.630085 0.87897998
vt 0.629515 0.9849050045
vt 0.63112 0.9851279855
vt 0.631131 0.878980994
vt 0.630085 0.985023975
vt 0.631925 0.985625982
vt 0.631866 0.878974974
vt 0.63112 0.9851279855
vt 0.632363 0.985894978
vt 0.632266 0.878971994
vt 0.632813 0.986150026
vt 0.632679 0.878968
vt 0.633264 0.986397028
vt 0.633094 0.87896502
vt 0.633769 0.986670017
vt 0.633509 0.87896198
vt 0.627745 0.87897998
vt 0.628336 0.87897998
vt 0.628927 0.66645402
vt 0.628336 0.87897998
vt 0.629515 0.66645402
vt 0.628927 0.87897998
vt 0.630085 0.87897998
vt 0.630085 0.66645402
vt 0.629515 0.87897998
vt 0.630085 0.87897998
vt 0.631131 0.878980994
vt 0.232052 0.05920601
vt 0.067422 0.036952972
vt 0.227021 0.45691502
vt 0.782806 0.059047997
vt 0.938307 0.036973
vt 0.232052 0.05920601
vt 0.782806 0.059047997
vt 0.782906 0.45691502
vt 0.938307 0.036973
vt 0.938964 0.47760904
vt 0.782906 0.45691502
vt 0.066592 0.47758496
vt 0.627776 0.985013008
vt 0.504062 0.976512015
vt 0.627745 0.985243022
vt 0.58617 0.93547499
vt 0.584468 0.95430398
vt 0.627745 0.984534979
vt 0.627745 0.985243022
vt 0.373274 0.995660007
vt 0.649187 0.995009005
vt 0.647398 0.87885302
vt 0.564223 0.974425972
vt 0.627909 0.984722018
vt 0.572301 0.972945988
vt 0.541736 0.97566098
vt 0.62782 0.984888017
vt 0.564223 0.974425972
vt 0.504062 0.976512015
vt 0.627776 0.985013008
vt 0.541736 0.97566098
vt 0.391336 0.560192
vt 0.5044 0.570767
vt 0.627745 0.560192
vt 0.645505 0.55303
vt 0.627745 0.560192
vt 0.586508 0.611803
vt 0.584806 0.63063198
vt 0.627747 0.56101
vt 0.627998 0.560741
vt 0.565239 0.571738
vt 0.627747 0.56101
vt 0.644874 0.66708398
vt 0.633232 0.55914497
vt 0.542074 0.571617
vt 0.565239 0.571738
vt 0.627851 0.56061202
vt 0.5044 0.570767
vt 0.542074 0.571617
vt 0.627791 0.56046999
vt 0.582798 0.87546003
vt 0.627745 0.87897998
vt 0.582798 0.672293
vt 0.577128 0.88028097
vt 0.572301 0.89800501
vt 0.564806 0.65136403
vt 0.577261 0.667539
vt 0.627745 0.66645402
vt 0.043821 0.02610302
vt 0.043821 0.025825977
vt 0.043273 0.026100993
vt 0.043273 0.026100993
vt 0.043257 0.02581799
vt 0.04274 0.026094973
vt 0.04274 0.026094973
vt 0.042709 0.025810003
vt 0.042233 0.026082993
vt 0.042233 0.026082993
vt 0.042209 0.025798976
vt 0.041765 0.026067972
vt 0.041765 0.026067972
vt 0.041766 0.02578497
vt 0.040323 0.026048005
vt 0.043821 0.025825977
vt 0.043821 0.025551021
vt 0.043257 0.02581799
vt 0.043257 0.02581799
vt 0.043253 0.025534987
vt 0.042709 0.025810003
vt 0.042709 0.025810003
vt 0.042706 0.025527
vt 0.042209 0.025798976
vt 0.042209 0.025798976
vt 0.042225 0.02552402
vt 0.041766 0.02578497
vt 0.041766 0.02578497
vt 0.041815 0.025519013
vt 0.040324 0.025767028
vt 0.043821 0.025551021
vt 0.043821 0.025285006
vt 0.043253 0.025534987
vt 0.043253 0.025534987
vt 0.043256 0.025269985
vt 0.042706 0.025527
vt 0.042706 0.025527
vt 0.042723 0.025270998
vt 0.042225 0.02552402
vt 0.042225 0.02552402
vt 0.042268 0.025282979
vt 0.041815 0.025519013
vt 0.041815 0.025519013
vt 0.041893 0.025292993
vt 0.040324 0.025506973
vt 0.043821 0.025285006
vt 0.043821 0.02503401
vt 0.043256 0.025269985
vt 0.043256 0.025269985
vt 0.043261 0.025030017
vt 0.042723 0.025270998
vt 0.042723 0.025270998
vt 0.042744 0.025048971
vt 0.042268 0.025282979
vt 0.042268 0.025282979
vt 0.042313 0.025080979
vt 0.041893 0.025292993
vt 0.041893 0.025292993
vt 0.041971 0.02511102
vt 0.040324 0.025290012
vt 0.043821 0.02503401
vt 0.043821 0.024353981
vt 0.043261 0.025030017
vt 0.043261 0.025030017
vt 0.043265 0.024353981
vt 0.042744 0.025048971
vt 0.042757 0.024353981
vt 0.042337 0.024353981
vt 0.042744 0.025048971
vt 0.042337 0.024353981
vt 0.042015 0.024353981
vt 0.042313 0.025080979
vt 0.042015 0.024353981
vt 0.040324 0.025008976
vt 0.041971 0.02511102
vt 0.206695 0.56282002
vt 0.206645 0.56255502
vt 0.206178 0.56282097
vt 0.206645 0.56255502
vt 0.20659 0.562298
vt 0.20612 0.56256402
vt 0.20659 0.562298
vt 0.206536 0.56206298
vt 0.206063 0.56231397
vt 0.206536 0.56206298
vt 0.206487 0.56185502
vt 0.20601 0.56207597
vt 0.206487 0.56185502
vt 0.206446 0.561175
vt 0.20596 0.56185597
vt 0.207199 0.562819
vt 0.207164 0.56255198
vt 0.206695 0.56282002
vt 0.207164 0.56255198
vt 0.207107 0.56229597
vt 0.206645 0.56255502
vt 0.207107 0.56229597
vt 0.207041 0.56207
vt 0.20659 0.562298
vt 0.207041 0.56207
vt 0.20698 0.561877
vt 0.206536 0.56206298
vt 0.20698 0.561877
vt 0.206935 0.561175
vt 0.206487 0.56185502
vt 0.207678 0.562818
vt 0.207641 0.562553
vt 0.207199 0.562819
vt 0.207641 0.562553
vt 0.207569 0.562303
vt 0.207164 0.56255198
vt 0.207569 0.562303
vt 0.207479 0.56208903
vt 0.207107 0.56229597
vt 0.207479 0.56208903
vt 0.207398 0.561913
vt 0.207041 0.56207
vt 0.207398 0.561913
vt 0.207345 0.561175
vt 0.20698 0.561877
vt 0.208121 0.56281698
vt 0.208063 0.562554
vt 0.207678 0.562818
vt 0.208063 0.562554
vt 0.207961 0.562311
vt 0.207641 0.562553
vt 0.207961 0.562311
vt 0.207841 0.562109
vt 0.207569 0.562303
vt 0.207841 0.562109
vt 0.207731 0.561949
vt 0.207479 0.56208903
vt 0.207731 0.561949
vt 0.207661 0.561175
vt 0.207398 0.561913
vt 0.209478 0.56275898
vt 0.209417 0.56249702
vt 0.208121 0.56281698
vt 0.209417 0.56249702
vt 0.20936 0.562254
vt 0.208063 0.562554
vt 0.20936 0.562254
vt 0.209312 0.56204998
vt 0.207961 0.562311
vt 0.209312 0.56204998
vt 0.209275 0.561893
vt 0.207841 0.562109
vt 0.209275 0.561893
vt 0.207874 0.561175
vt 0.207731 0.561949
vt 0.684291 0.07198
vt 0.68429 0.07187301
vt 0.684112 0.07198
vt 0.684112 0.07198
vt 0.684105 0.07187098
vt 0.683934 0.07198
vt 0.683934 0.07198
vt 0.683922 0.07187098
vt 0.683762 0.07198
vt 0.683762 0.07198
vt 0.683752 0.07187098
vt 0.6836 0.07198
vt 0.6836 0.07198
vt 0.683599 0.07187098
vt 0.683161 0.07198
vt 0.68429 0.07187301
vt 0.684285 0.07177001
vt 0.684105 0.07187098
vt 0.684105 0.07187098
vt 0.684099 0.07176399
vt 0.683922 0.07187098
vt 0.683922 0.07187098
vt 0.683917 0.07176399
vt 0.683752 0.07187098
vt 0.683752 0.07187098
vt 0.683753 0.07176697
vt 0.683599 0.07187098
vt 0.683599 0.07187098
vt 0.68361 0.071771026
vt 0.683161 0.071871996
vt 0.684285 0.07177001
vt 0.684278 0.07167101
vt 0.684099 0.07176399
vt 0.684099 0.07176399
vt 0.684093 0.071666
vt 0.683917 0.07176399
vt 0.683917 0.07176399
vt 0.683915 0.07166898
vt 0.683753 0.07176697
vt 0.683753 0.07176697
vt 0.68376 0.07167798
vt 0.68361 0.071771026
vt 0.68361 0.071771026
vt 0.68363 0.07168698
vt 0.683161 0.07177299
vt 0.684278 0.07167101
vt 0.684268 0.07157999
vt 0.684093 0.071666
vt 0.684093 0.071666
vt 0.684085 0.07157898
vt 0.683915 0.07166898
vt 0.683915 0.07166898
vt 0.683913 0.07158899
vt 0.68376 0.07167798
vt 0.68376 0.07167798
vt 0.683767 0.07160497
vt 0.68363 0.07168698
vt 0.68365 0.07161999
vt 0.683161 0.071627975
vt 0.68363 0.07168698
vt 0.684268 0.07157999
vt 0.684255 0.07129902
vt 0.684085 0.07157898
vt 0.684085 0.07157898
vt 0.684074 0.07129902
vt 0.683913 0.07158899
vt 0.683913 0.07158899
vt 0.683906 0.07129902
vt 0.683767 0.07160497
vt 0.683767 0.07160497
vt 0.683766 0.07129902
vt 0.68365 0.07161999
vt 0.683657 0.07129902
vt 0.683161 0.07158697
vt 0.68365 0.07161999
vt 0.693616 0.9938960075
vt 0.693097 0.993897021
vt 0.693552 0.9941539764
vt 0.693552 0.9941539764
vt 0.693021 0.994162023
vt 0.69349 0.9944049716
vt 0.69349 0.9944049716
vt 0.692954 0.994419992
vt 0.693431 0.994642973
vt 0.693431 0.994642973
vt 0.692896 0.994655013
vt 0.693375 0.9948629737
vt 0.693375 0.9948629737
vt 0.692847 0.994863987
vt 0.693326 0.99554801
vt 0.693097 0.993897021
vt 0.69259 0.9938979745
vt 0.693021 0.994162023
vt 0.693021 0.994162023
vt 0.692499 0.9941650033
vt 0.692954 0.994419992
vt 0.692954 0.994419992
vt 0.692434 0.994422972
vt 0.692896 0.994655013
vt 0.692896 0.994655013
vt 0.692393 0.994648993
vt 0.692847 0.994863987
vt 0.692847 0.994863987
vt 0.692362 0.994841993
vt 0.692803 0.99554801
vt 0.69259 0.9938979745
vt 0.692109 0.993898988
vt 0.692499 0.9941650033
vt 0.692499 0.9941650033
vt 0.69202 0.9941650033
vt 0.692434 0.994422972
vt 0.692434 0.994422972
vt 0.691974 0.9944159985
vt 0.692393 0.994648993
vt 0.692393 0.994648993
vt 0.691962 0.994629979
vt 0.692362 0.994841993
vt 0.692362 0.994841993
vt 0.69196 0.9948059916
vt 0.692331 0.99554801
vt 0.692109 0.993898988
vt 0.691664 0.993898988
vt 0.69202 0.9941650033
vt 0.69202 0.9941650033
vt 0.691598 0.9941629767
vt 0.691974 0.9944159985
vt 0.691974 0.9944159985
vt 0.691584 0.994405985
vt 0.691962 0.994629979
vt 0.691962 0.994629979
vt 0.691609 0.9946089983
vt 0.69196 0.9948059916
vt 0.69196 0.9948059916
vt 0.691643 0.9947699904
vt 0.691945 0.99554801
vt 0.691664 0.993898988
vt 0.690302 0.993843019
vt 0.691598 0.9941629767
vt 0.691598 0.9941629767
vt 0.69024 0.9941030145
vt 0.691584 0.994405985
vt 0.691584 0.994405985
vt 0.690184 0.9943370223
vt 0.691609 0.9946089983
vt 0.691609 0.9946089983
vt 0.690138 0.9945279956
vt 0.691643 0.9947699904
vt 0.690104 0.9946730137
vt 0.691463 0.99554801
vt 0.691643 0.9947699904
vt 0.682029 0.25064003
vt 0.682027 0.250746
vt 0.682205 0.25064003
vt 0.682205 0.25064003
vt 0.682208 0.25074804
vt 0.682373 0.25064003
vt 0.682373 0.25064003
vt 0.68238 0.250749
vt 0.682529 0.25064003
vt 0.682529 0.25064003
vt 0.682534 0.250749
vt 0.68267 0.25064003
vt 0.68267 0.25064003
vt 0.682666 0.25074804
vt 0.683159 0.25063896
vt 0.682027 0.250746
vt 0.682021 0.25084996
vt 0.682208 0.25074804
vt 0.682208 0.25074804
vt 0.682203 0.25085497
vt 0.68238 0.250749
vt 0.68238 0.250749
vt 0.682375 0.25085497
vt 0.682534 0.250749
vt 0.682534 0.250749
vt 0.682523 0.250852
vt 0.682666 0.25074804
vt 0.682666 0.25074804
vt 0.682645 0.250849
vt 0.683159 0.25074697
vt 0.682021 0.25084996
vt 0.682012 0.25094903
vt 0.682203 0.25085497
vt 0.682203 0.25085497
vt 0.682193 0.25095296
vt 0.682375 0.25085497
vt 0.682375 0.25085497
vt 0.68236 0.25094998
vt 0.682523 0.250852
vt 0.6825 0.25094104
vt 0.682613 0.250933
vt 0.682523 0.250852
vt 0.682613 0.250933
vt 0.683159 0.25092804
vt 0.682645 0.250849
vt 0.682012 0.25094903
vt 0.682 0.25103998
vt 0.682193 0.25095296
vt 0.68218 0.25103998
vt 0.682343 0.25102997
vt 0.682193 0.25095296
vt 0.682343 0.25102997
vt 0.682476 0.251015
vt 0.68236 0.25094998
vt 0.682476 0.251015
vt 0.682581 0.25099897
vt 0.6825 0.25094104
vt 0.682581 0.25099897
vt 0.683159 0.25099003
vt 0.682613 0.250933
vt 0.681986 0.25132
vt 0.682165 0.25132
vt 0.682 0.25103998
vt 0.682165 0.25132
vt 0.682326 0.25132
vt 0.68218 0.25103998
vt 0.682326 0.25132
vt 0.682458 0.25132
vt 0.682343 0.25102997
vt 0.682458 0.25132
vt 0.682558 0.25132
vt 0.682476 0.251015
vt 0.682558 0.25132
vt 0.683159 0.251032
vt 0.682581 0.25099897
vt 0.961715 0.488383
vt 0.961715 0.48865497
vt 0.962262 0.48838
vt 0.962262 0.48838
vt 0.962279 0.488657
vt 0.962796 0.48837197
vt 0.962796 0.48837197
vt 0.962827 0.48864996
vt 0.963303 0.48835897
vt 0.963303 0.48835897
vt 0.963327 0.48863602
vt 0.963771 0.48834097
vt 0.96377 0.48861802
vt 0.965212 0.48859596
vt 0.963771 0.48834097
vt 0.961715 0.48865497
vt 0.961715 0.48891497
vt 0.962279 0.488657
vt 0.962279 0.488657
vt 0.962283 0.48892498
vt 0.962827 0.48864996
vt 0.962827 0.48864996
vt 0.96283 0.48891604
vt 0.963327 0.48863602
vt 0.963312 0.488895
vt 0.963722 0.48887002
vt 0.963327 0.48863602
vt 0.963722 0.48887002
vt 0.965212 0.488846
vt 0.96377 0.48861802
vt 0.961715 0.48891497
vt 0.961715 0.48915696
vt 0.962283 0.48892498
vt 0.962283 0.48892498
vt 0.962281 0.489165
vt 0.96283 0.48891604
vt 0.96283 0.48891604
vt 0.962813 0.489147
vt 0.963312 0.488895
vt 0.963269 0.489114
vt 0.963643 0.489078
vt 0.963312 0.488895
vt 0.963643 0.489078
vt 0.965212 0.48905003
vt 0.963722 0.48887002
vt 0.961715 0.48915696
vt 0.961715 0.48937404
vt 0.962281 0.489165
vt 0.962281 0.489165
vt 0.962276 0.489371
vt 0.962813 0.489147
vt 0.962792 0.489339
vt 0.963223 0.489289
vt 0.962813 0.489147
vt 0.963223 0.489289
vt 0.963565 0.48923898
vt 0.963269 0.489114
vt 0.963565 0.48923898
vt 0.965212 0.489204
vt 0.963643 0.489078
vt 0.961715 0.48937404
vt 0.961712 0.49013197
vt 0.962276 0.489371
vt 0.962276 0.489371
vt 0.962267 0.490133
vt 0.962792 0.489339
vt 0.962775 0.490134
vt 0.963195 0.490134
vt 0.962792 0.489339
vt 0.963195 0.490134
vt 0.963516 0.490135
vt 0.963223 0.489289
vt 0.963516 0.490135
vt 0.965212 0.48930502
vt 0.963565 0.48923898
vt 0.682196 0.07197797
vt 0.68218 0.07187301
vt 0.682021 0.07197797
vt 0.68218 0.07187301
vt 0.682167 0.07177001
vt 0.682009 0.071871996
vt 0.682167 0.07177001
vt 0.682155 0.071672976
vt 0.681996 0.071767986
vt 0.682155 0.071672976
vt 0.682141 0.07158601
vt 0.681982 0.07166898
vt 0.682141 0.07158601
vt 0.682127 0.071298
vt 0.681967 0.071578026
vt 0.682363 0.07197797
vt 0.682345 0.07187402
vt 0.682196 0.07197797
vt 0.682345 0.07187402
vt 0.682332 0.07177198
vt 0.68218 0.07187301
vt 0.682332 0.07177198
vt 0.682319 0.07167798
vt 0.682167 0.07177001
vt 0.682319 0.07167798
vt 0.682306 0.07159501
vt 0.682155 0.071672976
vt 0.682306 0.07159501
vt 0.682292 0.071298
vt 0.682141 0.07158601
vt 0.682363 0.07197797
vt 0.682519 0.07197797
vt 0.682345 0.07187402
vt 0.682345 0.07187402
vt 0.6825 0.07187402
vt 0.682332 0.07177198
vt 0.682485 0.07177502
vt 0.682468 0.071684
vt 0.682332 0.07177198
vt 0.682468 0.071684
vt 0.68245 0.07160598
vt 0.682319 0.07167798
vt 0.68245 0.07160598
vt 0.682435 0.071298
vt 0.682306 0.07159501
vt 0.682519 0.07197797
vt 0.68266 0.07197797
vt 0.6825 0.07187402
vt 0.6825 0.07187402
vt 0.682638 0.071874976
vt 0.682485 0.07177502
vt 0.682618 0.07177603
vt 0.682594 0.07168901
vt 0.682485 0.07177502
vt 0.682594 0.07168901
vt 0.682567 0.07161701
vt 0.682468 0.071684
vt 0.682567 0.07161701
vt 0.682547 0.071298
vt 0.68245 0.07160598
vt 0.68266 0.07197797
vt 0.683151 0.07197797
vt 0.682638 0.071874976
vt 0.683151 0.071874976
vt 0.683151 0.071778
vt 0.682638 0.071874976
vt 0.683151 0.071778
vt 0.683151 0.07169199
vt 0.682618 0.07177603
vt 0.683151 0.07169199
vt 0.683151 0.071624994
vt 0.682594 0.07168901
vt 0.683151 0.071624994
vt 0.682618 0.071298
vt 0.682567 0.07161701
vt 0.309367 0.994843006
vt 0.309401 0.9951000214
vt 0.309882 0.9948310256
vt 0.309882 0.9948310256
vt 0.309919 0.9950870275
vt 0.310385 0.994821012
vt 0.310385 0.994821012
vt 0.310422 0.9950780272
vt 0.310864 0.9948139787
vt 0.310864 0.9948139787
vt 0.310895 0.995072007
vt 0.311305 0.994809985
vt 0.311305 0.994809985
vt 0.311323 0.9950680137
vt 0.312661 0.9947550297
vt 0.309401 0.9951000214
vt 0.309438 0.9953510165
vt 0.309919 0.9950870275
vt 0.309919 0.9950870275
vt 0.309958 0.995335996
vt 0.310422 0.9950780272
vt 0.310422 0.9950780272
vt 0.310457 0.9953259826
vt 0.310895 0.995072007
vt 0.310895 0.995072007
vt 0.31092 0.995319009
vt 0.311323 0.9950680137
vt 0.311323 0.9950680137
vt 0.311331 0.9953119755
vt 0.312719 0.995007992
vt 0.309438 0.9953510165
vt 0.30948 0.9955899715
vt 0.309958 0.995335996
vt 0.309958 0.995335996
vt 0.309997 0.9955710173
vt 0.310457 0.9953259826
vt 0.310457 0.9953259826
vt 0.310491 0.9955580235
vt 0.31092 0.995319009
vt 0.31092 0.995319009
vt 0.310938 0.995543003
vt 0.311331 0.9953119755
vt 0.311331 0.9953119755
vt 0.311323 0.995528996
vt 0.312774 0.9952470064
vt 0.30948 0.9955899715
vt 0.309523 0.9958099723
vt 0.309997 0.9955710173
vt 0.309997 0.9955710173
vt 0.310037 0.995786011
vt 0.310491 0.9955580235
vt 0.310491 0.9955580235
vt 0.310524 0.995763004
vt 0.310938 0.995543003
vt 0.310938 0.995543003
vt 0.310953 0.995736003
vt 0.311323 0.995528996
vt 0.311323 0.995528996
vt 0.311305 0.9957069755
vt 0.312822 0.9954540133
vt 0.309523 0.9958099723
vt 0.309567 0.9964889884
vt 0.310037 0.995786011
vt 0.310037 0.995786011
vt 0.310078 0.9964889884
vt 0.310524 0.995763004
vt 0.310524 0.995763004
vt 0.310558 0.9964889884
vt 0.310953 0.995736003
vt 0.310953 0.995736003
vt 0.310976 0.9964889884
vt 0.311305 0.9957069755
vt 0.311301 0.9964889884
vt 0.312883 0.9957190156
vt 0.311305 0.9957069755
vt 0.043237 0.488308
vt 0.043247 0.48857498
vt 0.043783 0.488326
vt 0.043247 0.48857498
vt 0.04325 0.488833
vt 0.043783 0.48859704
vt 0.043784 0.48885596
vt 0.04325 0.488833
vt 0.043784 0.489097
vt 0.043784 0.489097
vt 0.043252 0.48907304
vt 0.043785 0.489313
vt 0.043785 0.489313
vt 0.043254 0.48928404
vt 0.043783 0.49007404
vt 0.042704 0.488288
vt 0.042724 0.488554
vt 0.043237 0.488308
vt 0.042724 0.488554
vt 0.042733 0.48881102
vt 0.043247 0.48857498
vt 0.04325 0.488833
vt 0.042733 0.48881102
vt 0.043252 0.48907304
vt 0.043252 0.48907304
vt 0.042741 0.489047
vt 0.043254 0.48928404
vt 0.043254 0.48928404
vt 0.04275 0.48925102
vt 0.043253 0.49007404
vt 0.042197 0.488266
vt 0.042229 0.48853302
vt 0.042704 0.488288
vt 0.042229 0.48853302
vt 0.042251 0.488788
vt 0.042724 0.488554
vt 0.042251 0.488788
vt 0.042276 0.48901796
vt 0.042733 0.48881102
vt 0.042276 0.48901796
vt 0.042303 0.48921204
vt 0.042741 0.489047
vt 0.042303 0.48921204
vt 0.042314 0.49007404
vt 0.04275 0.48925102
vt 0.041731 0.48824203
vt 0.041777 0.48851097
vt 0.042197 0.488266
vt 0.041777 0.48851097
vt 0.04182 0.488766
vt 0.042229 0.48853302
vt 0.04182 0.488766
vt 0.041874 0.488989
vt 0.042251 0.488788
vt 0.041874 0.488989
vt 0.041934 0.48917
vt 0.042276 0.48901796
vt 0.041934 0.48917
vt 0.041967 0.49007404
vt 0.042303 0.48921204
vt 0.040286 0.48821902
vt 0.040286 0.488491
vt 0.041731 0.48824203
vt 0.040286 0.488491
vt 0.040286 0.488746
vt 0.041777 0.48851097
vt 0.040286 0.488746
vt 0.040286 0.488967
vt 0.04182 0.488766
vt 0.040286 0.488967
vt 0.040286 0.48914003
vt 0.041874 0.488989
vt 0.040286 0.48914003
vt 0.041742 0.49007404
vt 0.041934 0.48917
vt 0.797149 0.560377
vt 0.79718 0.56011897
vt 0.796633 0.560363
vt 0.796633 0.560363
vt 0.796674 0.560113
vt 0.796129 0.56035
vt 0.796129 0.56035
vt 0.796181 0.560104
vt 0.795649 0.560341
vt 0.795649 0.560341
vt 0.795715 0.56009698
vt 0.795206 0.56033498
vt 0.795293 0.560093
vt 0.793904 0.560031
vt 0.795206 0.56033498
vt 0.79718 0.56011897
vt 0.797214 0.55986702
vt 0.796674 0.560113
vt 0.796674 0.560113
vt 0.796717 0.559869
vt 0.796181 0.560104
vt 0.796181 0.560104
vt 0.796234 0.559866
vt 0.795715 0.56009698
vt 0.795784 0.55986297
vt 0.795383 0.55986297
vt 0.795715 0.56009698
vt 0.795383 0.55986297
vt 0.793958 0.55980003
vt 0.795293 0.560093
vt 0.797214 0.55986702
vt 0.797251 0.559628
vt 0.796717 0.559869
vt 0.796759 0.559637
vt 0.796286 0.55964202
vt 0.796717 0.559869
vt 0.796286 0.55964202
vt 0.795853 0.55965
vt 0.796234 0.559866
vt 0.795853 0.55965
vt 0.795478 0.559659
vt 0.795784 0.55986297
vt 0.795478 0.559659
vt 0.794005 0.559596
vt 0.795383 0.55986297
vt 0.797251 0.559628
vt 0.79729 0.559407
vt 0.796759 0.559637
vt 0.7968 0.559425
vt 0.796333 0.55944198
vt 0.796759 0.559637
vt 0.796333 0.55944198
vt 0.795915 0.55946398
vt 0.796286 0.55964202
vt 0.795915 0.55946398
vt 0.795569 0.559489
vt 0.795853 0.55965
vt 0.795569 0.559489
vt 0.794043 0.55943203
vt 0.795478 0.559659
vt 0.79733 0.558726
vt 0.796838 0.558726
vt 0.79729 0.559407
vt 0.796838 0.558726
vt 0.796373 0.558726
vt 0.7968 0.559425
vt 0.796373 0.558726
vt 0.795961 0.558726
vt 0.796333 0.55944198
vt 0.795961 0.558726
vt 0.795631 0.558726
vt 0.795915 0.55946398
vt 0.795631 0.558726
vt 0.794069 0.559323
vt 0.795569 0.559489
vt 0.961752 0.026130974
vt 0.962299 0.026115
vt 0.961753 0.025856018
vt 0.961753 0.025856018
vt 0.962289 0.025839984
vt 0.961753 0.025581002
vt 0.961753 0.025581002
vt 0.962287 0.025572002
vt 0.961753 0.025316
vt 0.961753 0.025316
vt 0.962286 0.025314987
vt 0.961753 0.025066018
vt 0.961753 0.025066018
vt 0.962284 0.025076985
vt 0.961754 0.024383008
vt 0.962299 0.026115
vt 0.962832 0.026097
vt 0.962289 0.025839984
vt 0.962289 0.025839984
vt 0.962812 0.025825977
vt 0.962287 0.025572002
vt 0.962287 0.025572002
vt 0.962804 0.025563002
vt 0.962286 0.025314987
vt 0.962286 0.025314987
vt 0.962796 0.025314987
vt 0.962284 0.025076985
vt 0.962284 0.025076985
vt 0.962788 0.025092006
vt 0.962284 0.024383008
vt 0.962832 0.026097
vt 0.963339 0.026077986
vt 0.962812 0.025825977
vt 0.962812 0.025825977
vt 0.963308 0.025811017
vt 0.962804 0.025563002
vt 0.962804 0.025563002
vt 0.963286 0.025554001
vt 0.962796 0.025314987
vt 0.962796 0.025314987
vt 0.963262 0.025318027
vt 0.962788 0.025092006
vt 0.962788 0.025092006
vt 0.963236 0.02511102
vt 0.962785 0.024383008
vt 0.963339 0.026077986
vt 0.963805 0.026057005
vt 0.963308 0.025811017
vt 0.963308 0.025811017
vt 0.96376 0.02579403
vt 0.963286 0.025554001
vt 0.963286 0.025554001
vt 0.963718 0.025543988
vt 0.963262 0.025318027
vt 0.963262 0.025318027
vt 0.963664 0.02531898
vt 0.963236 0.02511102
vt 0.963605 0.025129974
vt 0.96357 0.024384022
vt 0.963236 0.02511102
vt 0.963805 0.026057005
vt 0.96525 0.026036024
vt 0.96376 0.02579403
vt 0.96376 0.02579403
vt 0.96525 0.025776029
vt 0.963718 0.025543988
vt 0.963718 0.025543988
vt 0.96525 0.025529027
vt 0.963664 0.02531898
vt 0.963664 0.02531898
vt 0.96525 0.025310993
vt 0.963605 0.025129974
vt 0.96525 0.025137007
vt 0.963796 0.024384022
vt 0.963605 0.025129974
vt 0.68429 0.250641
vt 0.684111 0.250641
vt 0.684279 0.25074804
vt 0.684279 0.25074804
vt 0.684103 0.25074697
vt 0.684267 0.250852
vt 0.684267 0.250852
vt 0.684093 0.250849
vt 0.684255 0.25094998
vt 0.684255 0.25094998
vt 0.684083 0.250946
vt 0.684241 0.251041
vt 0.684241 0.251041
vt 0.684071 0.251033
vt 0.684227 0.25132203
vt 0.684111 0.250641
vt 0.683934 0.250641
vt 0.684103 0.25074697
vt 0.684103 0.25074697
vt 0.68393 0.250746
vt 0.684093 0.250849
vt 0.684093 0.250849
vt 0.683924 0.25084698
vt 0.684083 0.250946
vt 0.684083 0.250946
vt 0.683917 0.25094104
vt 0.684071 0.251033
vt 0.684071 0.251033
vt 0.683909 0.25102496
vt 0.684059 0.25132203
vt 0.683934 0.250641
vt 0.683763 0.250641
vt 0.68393 0.250746
vt 0.68393 0.250746
vt 0.683764 0.250745
vt 0.683924 0.25084698
vt 0.683924 0.25084698
vt 0.683764 0.25084496
vt 0.683917 0.25094104
vt 0.683917 0.25094104
vt 0.683764 0.25093496
vt 0.683909 0.25102496
vt 0.683909 0.25102496
vt 0.683764 0.251014
vt 0.6839 0.25132203
vt 0.683763 0.250641
vt 0.683601 0.250642
vt 0.683764 0.250745
vt 0.683764 0.250745
vt 0.68361 0.250745
vt 0.683764 0.25084496
vt 0.683764 0.25084496
vt 0.683618 0.250843
vt 0.683764 0.25093496
vt 0.683764 0.25093496
vt 0.68363 0.25093
vt 0.683764 0.251014
vt 0.683764 0.251014
vt 0.683642 0.251002
vt 0.683759 0.25132203
vt 0.683601 0.250642
vt 0.68316 0.250642
vt 0.68361 0.250745
vt 0.68361 0.250745
vt 0.68316 0.250745
vt 0.683618 0.250843
vt 0.683618 0.250843
vt 0.68316 0.25084198
vt 0.68363 0.25093
vt 0.68316 0.25092804
vt 0.68316 0.25099504
vt 0.68363 0.25093
vt 0.68316 0.25099504
vt 0.683571 0.25132203
vt 0.683642 0.251002
vt 0.684112 0.07198
vt 0.684112 0.07602501
vt 0.684291 0.07198
vt 0.683934 0.07198
vt 0.683935 0.076021016
vt 0.684112 0.07198
vt 0.683762 0.07198
vt 0.683764 0.07601398
vt 0.683934 0.07198
vt 0.6836 0.07198
vt 0.683601 0.07600498
vt 0.683762 0.07198
vt 0.683161 0.07198
vt 0.683161 0.07602602
vt 0.6836 0.07198
vt 0.043821 0.02503401
vt 0.064371 0.025035977
vt 0.043821 0.024353981
vt 0.043821 0.025285006
vt 0.064292 0.025286973
vt 0.043821 0.02503401
vt 0.043821 0.025551021
vt 0.064208 0.025552988
vt 0.043821 0.025285006
vt 0.043821 0.025825977
vt 0.064119 0.02582699
vt 0.043821 0.025551021
vt 0.043821 0.02610302
vt 0.064027 0.02610302
vt 0.043821 0.025825977
vt 0.693552 0.9941539764
vt 0.989186 0.994114995
vt 0.693616 0.9938960075
vt 0.69349 0.9944049716
vt 0.989186 0.9943670034
vt 0.693552 0.9941539764
vt 0.693431 0.994642973
vt 0.989186 0.9946069717
vt 0.69349 0.9944049716
vt 0.693375 0.9948629737
vt 0.989186 0.9948279858
vt 0.693431 0.994642973
vt 0.693326 0.99554801
vt 0.989187 0.9955090284
vt 0.693375 0.9948629737
vt 0.682 0.25103998
vt 0.580772 0.25103998
vt 0.681986 0.25132
vt 0.682012 0.25094903
vt 0.580772 0.25094903
vt 0.682 0.25103998
vt 0.682021 0.25084996
vt 0.580772 0.25084996
vt 0.682012 0.25094903
vt 0.682027 0.250746
vt 0.580772 0.250746
vt 0.682021 0.25084996
vt 0.682029 0.25064003
vt 0.580772 0.25064003
vt 0.682027 0.250746
vt 0.01481 0.9948040247
vt 0.014809 0.9950619936
vt 0.309367 0.994843006
vt 0.014809 0.9950619936
vt 0.014809 0.9953129888
vt 0.309401 0.9951000214
vt 0.014809 0.9953129888
vt 0.014809 0.9955520034
vt 0.309438 0.9953510165
vt 0.014809 0.9955520034
vt 0.014809 0.9957730174
vt 0.30948 0.9955899715
vt 0.014809 0.9957730174
vt 0.014809 0.996450007
vt 0.309523 0.9958099723
vt 0.580773 0.071298
vt 0.580773 0.071578026
vt 0.681952 0.071298
vt 0.580773 0.071578026
vt 0.580773 0.07166898
vt 0.681967 0.071578026
vt 0.580773 0.07166898
vt 0.580773 0.071767986
vt 0.681982 0.07166898
vt 0.580773 0.071767986
vt 0.580773 0.071871996
vt 0.681996 0.071767986
vt 0.580773 0.071871996
vt 0.580773 0.07197797
vt 0.682009 0.071871996
vt 0.684279 0.25074804
vt 0.749783 0.25074697
vt 0.68429 0.250641
vt 0.684267 0.250852
vt 0.749783 0.25085104
vt 0.684279 0.25074804
vt 0.684255 0.25094998
vt 0.749783 0.25094998
vt 0.684267 0.250852
vt 0.684241 0.251041
vt 0.749783 0.251041
vt 0.684255 0.25094998
vt 0.684227 0.25132203
vt 0.749783 0.25132096
vt 0.684241 0.251041
vt 0.79729 0.559407
vt 0.988958 0.559371
vt 0.79733 0.558726
vt 0.797251 0.559628
vt 0.988958 0.559591
vt 0.79729 0.559407
vt 0.797214 0.55986702
vt 0.988959 0.55983102
vt 0.797251 0.559628
vt 0.79718 0.56011897
vt 0.988959 0.56008297
vt 0.797214 0.55986702
vt 0.797149 0.560377
vt 0.98896 0.560341
vt 0.79718 0.56011897
vt 0.309882 0.9948310256
vt 0.307635 0.98506099
vt 0.309367 0.994843006
vt 0.310385 0.994821012
vt 0.308143 0.985071003
vt 0.309882 0.9948310256
vt 0.310864 0.9948139787
vt 0.308626 0.985087991
vt 0.310385 0.994821012
vt 0.311305 0.994809985
vt 0.309074 0.985109985
vt 0.310864 0.9948139787
vt 0.312661 0.9947550297
vt 0.310431 0.985059023
vt 0.311305 0.994809985
vt 0.041731 0.48824203
vt 0.041726 0.47793102
vt 0.040286 0.48821902
vt 0.042197 0.488266
vt 0.042194 0.477988
vt 0.041731 0.48824203
vt 0.042704 0.488288
vt 0.0427 0.47804296
vt 0.042197 0.488266
vt 0.043237 0.488308
vt 0.043233 0.478095
vt 0.042704 0.488288
vt 0.043783 0.488326
vt 0.04378 0.478144
vt 0.043237 0.488308
vt 0.206178 0.56282097
vt 0.20612 0.56256402
vt 0.015021 0.562787
vt 0.20612 0.56256402
vt 0.206063 0.56231397
vt 0.015021 0.56252998
vt 0.206063 0.56231397
vt 0.20601 0.56207597
vt 0.015021 0.562279
vt 0.20601 0.56207597
vt 0.20596 0.56185597
vt 0.01502 0.56203997
vt 0.20596 0.56185597
vt 0.205917 0.561175
vt 0.015021 0.56181997
vt 0.684255 0.07129902
vt 0.684268 0.07157999
vt 0.749782 0.071298
vt 0.684268 0.07157999
vt 0.684278 0.07167101
vt 0.749782 0.071578026
vt 0.684278 0.07167101
vt 0.684285 0.07177001
vt 0.749782 0.07166898
vt 0.684285 0.07177001
vt 0.68429 0.07187301
vt 0.749782 0.071767986
vt 0.68429 0.07187301
vt 0.684291 0.07198
vt 0.749782 0.071871996
vt 0.043821 0.02610302
vt 0.043273 0.026100993
vt 0.043816 0.03627801
vt 0.043273 0.026100993
vt 0.04274 0.026094973
vt 0.043269 0.036320984
vt 0.04274 0.026094973
vt 0.042233 0.026082993
vt 0.042735 0.036359012
vt 0.042233 0.026082993
vt 0.041765 0.026067972
vt 0.042229 0.036388993
vt 0.040323 0.026048005
vt 0.040318 0.036569
vt 0.041765 0.026067972
vt 0.208121 0.56281698
vt 0.210409 0.572546
vt 0.209478 0.56275898
vt 0.207678 0.562818
vt 0.209971 0.572568
vt 0.208121 0.56281698
vt 0.207199 0.562819
vt 0.209494 0.572585
vt 0.207678 0.562818
vt 0.206695 0.56282002
vt 0.208991 0.572595
vt 0.207199 0.562819
vt 0.206178 0.56282097
vt 0.208473 0.57259798
vt 0.206695 0.56282002
vt 0.961752 0.026130974
vt 0.961753 0.025856018
vt 0.941547 0.02612102
vt 0.961753 0.025856018
vt 0.961753 0.025581002
vt 0.941455 0.025844991
vt 0.961753 0.025581002
vt 0.961753 0.025316
vt 0.941367 0.025570989
vt 0.961753 0.025316
vt 0.961753 0.025066018
vt 0.941282 0.025304973
vt 0.961753 0.025066018
vt 0.961754 0.024383008
vt 0.941204 0.025054991
vt 0.68316 0.250642
vt 0.683601 0.250642
vt 0.68316 0.24659598
vt 0.683601 0.250642
vt 0.683763 0.250641
vt 0.683601 0.24661702
vt 0.683763 0.250641
vt 0.683934 0.250641
vt 0.683763 0.246607
vt 0.683934 0.250641
vt 0.684111 0.250641
vt 0.683935 0.24660099
vt 0.684111 0.250641
vt 0.68429 0.250641
vt 0.684112 0.24659598
vt 0.94142 0.488622
vt 0.961715 0.48865497
vt 0.94151 0.488351
vt 0.94133 0.488881
vt 0.961715 0.48891497
vt 0.94142 0.488622
vt 0.941245 0.48912203
vt 0.961715 0.48915696
vt 0.94133 0.488881
vt 0.941168 0.489339
vt 0.961715 0.48937404
vt 0.941245 0.48912203
vt 0.940931 0.490099
vt 0.961712 0.49013197
vt 0.941168 0.489339
vt 0.682665 0.246615
vt 0.68267 0.25064003
vt 0.683157 0.24659401
vt 0.682525 0.24660599
vt 0.682529 0.25064003
vt 0.682665 0.246615
vt 0.682369 0.24659902
vt 0.682373 0.25064003
vt 0.682525 0.24660599
vt 0.682202 0.24659503
vt 0.682205 0.25064003
vt 0.682369 0.24659902
vt 0.682027 0.24659401
vt 0.682029 0.25064003
vt 0.682202 0.24659503
vt 0.043783 0.488326
vt 0.043783 0.48859704
vt 0.06399 0.48832703
vt 0.043783 0.48859704
vt 0.043784 0.48885596
vt 0.064081 0.488598
vt 0.043784 0.48885596
vt 0.043784 0.489097
vt 0.06417 0.48885703
vt 0.043784 0.489097
vt 0.043785 0.489313
vt 0.064255 0.489098
vt 0.043785 0.489313
vt 0.043783 0.49007404
vt 0.064333 0.48931503
vt 0.683151 0.07197797
vt 0.68266 0.07197797
vt 0.683151 0.076023996
vt 0.68266 0.07197797
vt 0.682519 0.07197797
vt 0.68266 0.076003015
vt 0.682519 0.07197797
vt 0.682363 0.07197797
vt 0.68252 0.076012015
vt 0.682363 0.07197797
vt 0.682196 0.07197797
vt 0.682364 0.07601899
vt 0.682196 0.07197797
vt 0.682021 0.07197797
vt 0.682196 0.07602298
vt 0.682202 0.24659503
vt 0.682196 0.07602298
vt 0.682027 0.24659401
vt 0.682202 0.24659503
vt 0.682369 0.24659902
vt 0.682196 0.07602298
vt 0.682525 0.24660599
vt 0.68252 0.076012015
vt 0.682369 0.24659902
vt 0.682525 0.24660599
vt 0.682665 0.246615
vt 0.68252 0.076012015
vt 0.682665 0.246615
vt 0.683157 0.24659401
vt 0.68266 0.076003015
vt 0.941168 0.489339
vt 0.064333 0.48931503
vt 0.940931 0.490099
vt 0.941168 0.489339
vt 0.941245 0.48912203
vt 0.064333 0.48931503
vt 0.94133 0.488881
vt 0.06417 0.48885703
vt 0.941245 0.48912203
vt 0.94133 0.488881
vt 0.94142 0.488622
vt 0.06417 0.48885703
vt 0.94142 0.488622
vt 0.94151 0.488351
vt 0.064081 0.488598
vt 0.961715 0.488383
vt 0.962262 0.48838
vt 0.961716 0.47816396
vt 0.962262 0.48838
vt 0.962796 0.48837197
vt 0.962263 0.47811496
vt 0.962796 0.48837197
vt 0.963303 0.48835897
vt 0.962797 0.478063
vt 0.963303 0.48835897
vt 0.963771 0.48834097
vt 0.963304 0.47800696
vt 0.963771 0.48834097
vt 0.965212 0.48831904
vt 0.963772 0.477951
vt 0.690302 0.993843019
vt 0.691664 0.993898988
vt 0.692642 0.984043002
vt 0.691664 0.993898988
vt 0.692109 0.993898988
vt 0.694001 0.984094977
vt 0.692109 0.993898988
vt 0.69259 0.9938979745
vt 0.694452 0.98407203
vt 0.69259 0.9938979745
vt 0.693097 0.993897021
vt 0.694938 0.984055996
vt 0.693097 0.993897021
vt 0.693616 0.9938960075
vt 0.695448 0.984045029
vt 0.684291 0.07602602
vt 0.684112 0.07602501
vt 0.68429 0.24659503
vt 0.684112 0.07602501
vt 0.683935 0.076021016
vt 0.684112 0.24659598
vt 0.683935 0.076021016
vt 0.683764 0.07601398
vt 0.683935 0.24660099
vt 0.683601 0.07600498
vt 0.683601 0.24661702
vt 0.683764 0.07601398
vt 0.683601 0.07600498
vt 0.683161 0.07602602
vt 0.683601 0.24661702
vt 0.064607 0.024353981
vt 0.064371 0.025035977
vt 0.940967 0.024371982
vt 0.064371 0.025035977
vt 0.064292 0.025286973
vt 0.941204 0.025054991
vt 0.064292 0.025286973
vt 0.064208 0.025552988
vt 0.941282 0.025304973
vt 0.064208 0.025552988
vt 0.064119 0.02582699
vt 0.941367 0.025570989
vt 0.064119 0.02582699
vt 0.064027 0.02610302
vt 0.941455 0.025844991
vt 0.797149 0.560377
vt 0.796633 0.560363
vt 0.794862 0.57018298
vt 0.796633 0.560363
vt 0.796129 0.56035
vt 0.794342 0.570179
vt 0.796129 0.56035
vt 0.795649 0.560341
vt 0.793837 0.57017
vt 0.795649 0.560341
vt 0.795206 0.56033498
vt 0.793359 0.570153
vt 0.795206 0.56033498
vt 0.793847 0.56027597
vt 0.792919 0.570131
vt 0.96525 0.026036024
vt 0.963805 0.026057005
vt 0.965249 0.03659302
vt 0.963339 0.026077986
vt 0.963339 0.036413014
vt 0.963805 0.026057005
vt 0.962832 0.026097
vt 0.962832 0.036382973
vt 0.963339 0.026077986
vt 0.962299 0.026115
vt 0.962299 0.03634602
vt 0.962832 0.026097
vt 0.961752 0.026130974
vt 0.961752 0.03630197
vt 0.962299 0.026115
vt 0.961716 0.47816396
vt 0.962263 0.47811496
vt 0.961752 0.03630197
vt 0.962263 0.47811496
vt 0.962797 0.478063
vt 0.962299 0.03634602
vt 0.962797 0.478063
vt 0.963304 0.47800696
vt 0.962832 0.036382973
vt 0.963304 0.47800696
vt 0.963772 0.477951
vt 0.963339 0.036413014
vt 0.963772 0.477951
vt 0.965213 0.47787
vt 0.963807 0.036435008
vt 0.692642 0.984043002
vt 0.694001 0.984094977
vt 0.791536 0.57018
vt 0.694001 0.984094977
vt 0.694452 0.98407203
vt 0.792919 0.570131
vt 0.694452 0.98407203
vt 0.694938 0.984055996
vt 0.793359 0.570153
vt 0.694938 0.984055996
vt 0.695448 0.984045029
vt 0.793837 0.57017
vt 0.695448 0.984045029
vt 0.695969 0.984041989
vt 0.794342 0.570179
vt 0.307635 0.98506099
vt 0.208991 0.572595
vt 0.307116 0.98505801
vt 0.308143 0.985071003
vt 0.209494 0.572585
vt 0.307635 0.98506099
vt 0.308626 0.985087991
vt 0.209971 0.572568
vt 0.308143 0.985071003
vt 0.309074 0.985109985
vt 0.210409 0.572546
vt 0.308626 0.985087991
vt 0.310431 0.985059023
vt 0.211787 0.572595
vt 0.309074 0.985109985
vt 0.041726 0.47793102
vt 0.041762 0.036410987
vt 0.040283 0.47785103
vt 0.042194 0.477988
vt 0.042229 0.036388993
vt 0.041726 0.47793102
vt 0.0427 0.47804296
vt 0.042735 0.036359012
vt 0.042194 0.477988
vt 0.043233 0.478095
vt 0.043269 0.036320984
vt 0.0427 0.47804296
vt 0.04378 0.478144
vt 0.043816 0.03627801
vt 0.043233 0.478095
vt 0.064027 0.02610302
vt 0.043821 0.02610302
vt 0.061113 0.034824014
vt 0.015021 0.562787
vt 0.015032 0.572573
vt 0.206178 0.56282097
vt 0.307116 0.98505801
vt 0.208473 0.57259798
vt 0.014815 0.985019028
vt 0.061113 0.034824014
vt 0.043816 0.03627801
vt 0.061077 0.47959304
vt 0.684291 0.07602602
vt 0.749777 0.07602602
vt 0.684291 0.07198
vt 0.281903 0.24659699
vt 0.282518 0.25095296
vt 0.283012 0.25125003
vt 0.941547 0.02612102
vt 0.94446 0.03484702
vt 0.961752 0.026130974
vt 0.794862 0.57018298
vt 0.988978 0.570157
vt 0.797149 0.560377
vt 0.98918 0.984003007
vt 0.961716 0.47816396
vt 0.961752 0.03630197
vt 0.944423 0.479618
vt 0.06399 0.48832703
vt 0.061077 0.47959304
vt 0.043783 0.488326
vt 0.01481 0.9948040247
vt 0.749783 0.24659401
vt 0.061113 0.034824014
vt 0.94446 0.03484702
vt 0.064027 0.02610302
vt 0.579758 0.25131297
vt 0.579641 0.251122
vt 0.580698 0.25074697
vt 0.68429 0.24659503
vt 0.749783 0.250641
vt 0.682029 0.25064003
vt 0.682027 0.24659401
vt 0.580772 0.25064003
vt 0.94151 0.488351
vt 0.961715 0.488383
vt 0.944423 0.479618
vt 0.693616 0.9938960075
vt 0.989186 0.993857026
vt 0.695969 0.984041989
vt 0.580772 0.07197797
vt 0.580556 0.071578026
vt 0.579991 0.071331024
vt 0.682027 0.24659401
vt 0.682021 0.07602501
vt 0.580772 0.246593
vt 0.06399 0.48832703
vt 0.580773 0.07197797
vt 0.580773 0.07602501
vt 0.682021 0.07197797
vt 0.282856 0.07132101
vt 0.282234 0.071513
vt 0.281917 0.07188898
vt 0.103935 0.54813498
vt 0.731573 0.316626
vt 0.25949 0.38698196
vt 0.258083 0.447066
vt 0.76519 0.409118
vt 0.25853 0.43125498
vt 0.731095 0.26188803
vt 0.289751 0.071298
vt 0.289751 0.07604098
vt 0.572924 0.076039016
vt 0.572924 0.25132096
vt 0.471362 0.24659503
vt 0.397173 0.24659699
vt 0.572924 0.076039016
vt 0.471362 0.24659503
vt 0.580772 0.24659503
vt 0.281903 0.07604098
vt 0.281903 0.24659699
vt 0.397173 0.24659699
vt 0.289751 0.07604098
vt 0.397173 0.24659699
vt 0.471362 0.24659503
vt 0.283446 0.348132
vt 0.282938 0.37133396
vt 0.493472 0.684497
vt 0.545909 0.679433
vt 0.570658 0.666645
vt 0.564806 0.65136403
vt 0.466727 0.65198898
vt 0.468184 0.667544
vt 0.468328 0.88028097
vt 0.564223 0.89652401
vt 0.571707 0.88100201
vt 0.452605 0.60502702
vt 0.456624 0.599307
vt 0.448667 0.6416
vt 0.47284 0.57845998
vt 0.454232 0.579485
vt 0.481939 0.58666998
vt 0.566722 0.639489
vt 0.429098 0.901362
vt 0.435824 0.89800501
vt 0.426131 0.905397
vt 0.426131 0.965554
vt 0.423657 0.95430398
vt 0.549162 0.868559
vt 0.549716 0.866705
vt 0.493472 0.866705
vt 0.497762 0.679433
vt 0.495478 0.68132502
vt 0.54771 0.68132502
vt 0.54771 0.68132502
vt 0.495478 0.68132502
vt 0.494025 0.682643
vt 0.549162 0.682643
vt 0.494025 0.682643
vt 0.493472 0.684497
vt 0.545668 0.87037998
vt 0.54771 0.869878
vt 0.495478 0.869878
vt 0.495478 0.869878
vt 0.54771 0.869878
vt 0.549162 0.868559
vt 0.493472 0.684497
vt 0.445216 0.65118098
vt 0.429436 0.645916
vt 0.443902 0.896525025
vt 0.462658 0.87546003
vt 0.426469 0.641882
vt 0.426469 0.581725
vt 0.423995 0.59297502
vt 0.628336 0.984659016
vt 0.627745 0.984534979
vt 0.627909 0.984722018
vt 0.629515 0.9849050045
vt 0.628927 0.9847819805
vt 0.628336 0.984659016
vt 0.63112 0.9851279855
vt 0.630085 0.985023975
vt 0.629515 0.9849050045
vt 0.632363 0.985894978
vt 0.631925 0.985625982
vt 0.63112 0.9851279855
vt 0.633264 0.986397028
vt 0.632813 0.986150026
vt 0.632363 0.985894978
vt 0.627745 0.985243022
vt 0.633769 0.986670017
vt 0.633264 0.986397028
vt 0.62782 0.984888017
vt 0.627776 0.985013008
vt 0.627745 0.985243022
vt 0.628336 0.984659016
vt 0.627909 0.984722018
vt 0.62782 0.984888017
vt 0.63112 0.9851279855
vt 0.633264 0.986397028
vt 0.632363 0.985894978
vt 0.63112 0.9851279855
vt 0.62782 0.984888017
vt 0.627745 0.985243022
vt 0.633264 0.986397028
vt 0.63112 0.9851279855
vt 0.628336 0.984659016
vt 0.62782 0.984888017
vt 0.62955 0.56058198
vt 0.63011 0.56044298
vt 0.628974 0.56072402
vt 0.627998 0.560741
vt 0.627747 0.56101
vt 0.627851 0.56061202
vt 0.061687 0.47928798
vt 0.061077 0.47959304
vt 0.944423 0.479618
vt 0.943203 0.479007
vt 0.062297 0.47898197
vt 0.061687 0.47928798
vt 0.062297 0.47898197
vt 0.063494 0.47837102
vt 0.064574 0.477845
vt 0.94043 0.477845
vt 0.065088 0.477821
vt 0.064574 0.477845
vt 0.940024 0.477763
vt 0.065503 0.47773898
vt 0.065088 0.477821
vt 0.065503 0.47773898
vt 0.939306 0.47765398
vt 0.06624 0.47763002
vt 0.065881 0.477679
vt 0.066592 0.47758496
vt 0.06624 0.47763002
vt 0.939306 0.47765398
vt 0.061723 0.03512901
vt 0.943849 0.035152018
vt 0.94446 0.03484702
vt 0.943849 0.035152018
vt 0.942632 0.035757005
vt 0.942043 0.036041975
vt 0.940962 0.036596
vt 0.940222 0.036656976
vt 0.940962 0.036596
vt 0.06461 0.036572993
vt 0.939721 0.03675902
vt 0.939721 0.03675902
vt 0.93877 0.036907017
vt 0.938307 0.036973
vt 0.061687 0.47928798
vt 0.061723 0.03512901
vt 0.061113 0.034824014
vt 0.062334 0.035432994
vt 0.062941 0.035732985
vt 0.063494 0.47837102
vt 0.06353 0.036018014
vt 0.062941 0.035732985
vt 0.064574 0.477845
vt 0.06461 0.036572993
vt 0.06353 0.036018014
vt 0.065401 0.03663498
vt 0.065927 0.036737025
vt 0.065881 0.477679
vt 0.066436 0.036817014
vt 0.065927 0.036737025
vt 0.066931 0.036885977
vt 0.066592 0.47758496
vt 0.067422 0.036952972
vt 0.066931 0.036885977
vt 0.944423 0.479618
vt 0.943813 0.479312
vt 0.943203 0.479007
vt 0.942596 0.47869897
vt 0.940926 0.47786903
vt 0.942007 0.478396
vt 0.942043 0.036041975
vt 0.94043 0.477845
vt 0.940926 0.47786903
vt 0.940962 0.036596
vt 0.940024 0.477763
vt 0.94043 0.477845
vt 0.940222 0.036656976
vt 0.939655 0.47770298
vt 0.940024 0.477763
vt 0.939721 0.03675902
vt 0.939306 0.47765398
vt 0.939655 0.47770298
vt 0.939239 0.036837995
vt 0.938964 0.47760904
vt 0.939306 0.47765398
vt 0.93877 0.036907017
vt 0.628336 0.66645402
vt 0.628396 0.560867
vt 0.627747 0.56101
vt 0.628974 0.56072402
vt 0.628396 0.560867
vt 0.62955 0.56058198
vt 0.628974 0.56072402
vt 0.630085 0.66645402
vt 0.63011 0.56044298
vt 0.62955 0.56058198
vt 0.631139 0.560322
vt 0.627745 0.984534979
vt 0.629515 0.9849050045
vt 0.628336 0.87897998
vt 0.628927 0.87897998
vt 0.629515 0.87897998
vt 0.066592 0.47758496
vt 0.067422 0.036952972
vt 0.938964 0.47760904
vt 0.227021 0.45691502
vt 0.391336 0.985243022
vt 0.627745 0.87897998
vt 0.579027 0.901362
vt 0.581994 0.905395985
vt 0.579027 0.969587982
vt 0.572301 0.972945988
vt 0.627745 0.984534979
vt 0.581994 0.965554
vt 0.579027 0.969587982
vt 0.627745 0.984534979
vt 0.581994 0.905395985
vt 0.627745 0.984534979
vt 0.581994 0.905395985
vt 0.584468 0.91664702
vt 0.581994 0.965554
vt 0.627745 0.984534979
vt 0.584468 0.91664702
vt 0.58617 0.93547499
vt 0.627745 0.984534979
vt 0.627909 0.984722018
vt 0.62782 0.984888017
vt 0.627791 0.56046999
vt 0.627747 0.56101
vt 0.572639 0.574332
vt 0.579365 0.57769
vt 0.582332 0.641882
vt 0.579365 0.645916
vt 0.627745 0.66645402
vt 0.584806 0.63063198
vt 0.582332 0.641882
vt 0.627745 0.66645402
vt 0.627747 0.56101
vt 0.579365 0.57769
vt 0.582332 0.581724
vt 0.627747 0.56101
vt 0.582332 0.581724
vt 0.584806 0.592974
vt 0.627745 0.66645402
vt 0.586508 0.611803
vt 0.565239 0.571738
vt 0.572639 0.574332
vt 0.627747 0.56101
vt 0.565239 0.571738
vt 0.627998 0.560741
vt 0.627851 0.56061202
vt 0.627851 0.56061202
vt 0.627745 0.87897998
vt 0.582798 0.87546003
vt 0.58133 0.87817502
vt 0.572301 0.89800501
vt 0.579027 0.901362
vt 0.627745 0.87897998
vt 0.572301 0.89800501
vt 0.627745 0.87897998
vt 0.58133 0.87817502
vt 0.577128 0.88028097
vt 0.577128 0.88028097
vt 0.627745 0.66645402
vt 0.579365 0.645916
vt 0.572639 0.649274
vt 0.58133 0.66957802
vt 0.582798 0.672293
vt 0.577261 0.667539
vt 0.577261 0.667539
vt 0.58133 0.66957802
vt 0.627745 0.66645402
vt 0.627745 0.66645402
vt 0.572639 0.649274
vt 0.564806 0.65136403
vt 0.043821 0.025825977
vt 0.043257 0.02581799
vt 0.043273 0.026100993
vt 0.043257 0.02581799
vt 0.042709 0.025810003
vt 0.04274 0.026094973
vt 0.042709 0.025810003
vt 0.042209 0.025798976
vt 0.042233 0.026082993
vt 0.042209 0.025798976
vt 0.041766 0.02578497
vt 0.041765 0.026067972
vt 0.041766 0.02578497
vt 0.040324 0.025767028
vt 0.040323 0.026048005
vt 0.043821 0.025551021
vt 0.043253 0.025534987
vt 0.043257 0.02581799
vt 0.043253 0.025534987
vt 0.042706 0.025527
vt 0.042709 0.025810003
vt 0.042706 0.025527
vt 0.042225 0.02552402
vt 0.042209 0.025798976
vt 0.042225 0.02552402
vt 0.041815 0.025519013
vt 0.041766 0.02578497
vt 0.041815 0.025519013
vt 0.040324 0.025506973
vt 0.040324 0.025767028
vt 0.043821 0.025285006
vt 0.043256 0.025269985
vt 0.043253 0.025534987
vt 0.043256 0.025269985
vt 0.042723 0.025270998
vt 0.042706 0.025527
vt 0.042723 0.025270998
vt 0.042268 0.025282979
vt 0.042225 0.02552402
vt 0.042268 0.025282979
vt 0.041893 0.025292993
vt 0.041815 0.025519013
vt 0.041893 0.025292993
vt 0.040324 0.025290012
vt 0.040324 0.025506973
vt 0.043821 0.02503401
vt 0.043261 0.025030017
vt 0.043256 0.025269985
vt 0.043261 0.025030017
vt 0.042744 0.025048971
vt 0.042723 0.025270998
vt 0.042744 0.025048971
vt 0.042313 0.025080979
vt 0.042268 0.025282979
vt 0.042313 0.025080979
vt 0.041971 0.02511102
vt 0.041893 0.025292993
vt 0.041971 0.02511102
vt 0.040324 0.025121987
vt 0.040324 0.025290012
vt 0.043821 0.024353981
vt 0.043265 0.024353981
vt 0.043261 0.025030017
vt 0.043265 0.024353981
vt 0.042757 0.024353981
vt 0.042744 0.025048971
vt 0.042337 0.024353981
vt 0.042313 0.025080979
vt 0.042744 0.025048971
vt 0.042015 0.024353981
vt 0.041971 0.02511102
vt 0.042313 0.025080979
vt 0.040324 0.025008976
vt 0.040324 0.025121987
vt 0.041971 0.02511102
vt 0.206645 0.56255502
vt 0.20612 0.56256402
vt 0.206178 0.56282097
vt 0.20659 0.562298
vt 0.206063 0.56231397
vt 0.20612 0.56256402
vt 0.206536 0.56206298
vt 0.20601 0.56207597
vt 0.206063 0.56231397
vt 0.206487 0.56185502
vt 0.20596 0.56185597
vt 0.20601 0.56207597
vt 0.206446 0.561175
vt 0.205917 0.561175
vt 0.20596 0.56185597
vt 0.207164 0.56255198
vt 0.206645 0.56255502
vt 0.206695 0.56282002
vt 0.207107 0.56229597
vt 0.20659 0.562298
vt 0.206645 0.56255502
vt 0.207041 0.56207
vt 0.206536 0.56206298
vt 0.20659 0.562298
vt 0.20698 0.561877
vt 0.206487 0.56185502
vt 0.206536 0.56206298
vt 0.206935 0.561175
vt 0.206446 0.561175
vt 0.206487 0.56185502
vt 0.207641 0.562553
vt 0.207164 0.56255198
vt 0.207199 0.562819
vt 0.207569 0.562303
vt 0.207107 0.56229597
vt 0.207164 0.56255198
vt 0.207479 0.56208903
vt 0.207041 0.56207
vt 0.207107 0.56229597
vt 0.207398 0.561913
vt 0.20698 0.561877
vt 0.207041 0.56207
vt 0.207345 0.561175
vt 0.206935 0.561175
vt 0.20698 0.561877
vt 0.208063 0.562554
vt 0.207641 0.562553
vt 0.207678 0.562818
vt 0.207961 0.562311
vt 0.207569 0.562303
vt 0.207641 0.562553
vt 0.207841 0.562109
vt 0.207479 0.56208903
vt 0.207569 0.562303
vt 0.207731 0.561949
vt 0.207398 0.561913
vt 0.207479 0.56208903
vt 0.207661 0.561175
vt 0.207345 0.561175
vt 0.207398 0.561913
vt 0.209417 0.56249702
vt 0.208063 0.562554
vt 0.208121 0.56281698
vt 0.20936 0.562254
vt 0.207961 0.562311
vt 0.208063 0.562554
vt 0.209312 0.56204998
vt 0.207841 0.562109
vt 0.207961 0.562311
vt 0.209275 0.561893
vt 0.207731 0.561949
vt 0.207841 0.562109
vt 0.207874 0.561175
vt 0.207661 0.561175
vt 0.207731 0.561949
vt 0.68429 0.07187301
vt 0.684105 0.07187098
vt 0.684112 0.07198
vt 0.684105 0.07187098
vt 0.683922 0.07187098
vt 0.683934 0.07198
vt 0.683922 0.07187098
vt 0.683752 0.07187098
vt 0.683762 0.07198
vt 0.683752 0.07187098
vt 0.683599 0.07187098
vt 0.6836 0.07198
vt 0.683599 0.07187098
vt 0.683161 0.071871996
vt 0.683161 0.07198
vt 0.684285 0.07177001
vt 0.684099 0.07176399
vt 0.684105 0.07187098
vt 0.684099 0.07176399
vt 0.683917 0.07176399
vt 0.683922 0.07187098
vt 0.683917 0.07176399
vt 0.683753 0.07176697
vt 0.683752 0.07187098
vt 0.683753 0.07176697
vt 0.68361 0.071771026
vt 0.683599 0.07187098
vt 0.68361 0.071771026
vt 0.683161 0.07177299
vt 0.683161 0.071871996
vt 0.684278 0.07167101
vt 0.684093 0.071666
vt 0.684099 0.07176399
vt 0.684093 0.071666
vt 0.683915 0.07166898
vt 0.683917 0.07176399
vt 0.683915 0.07166898
vt 0.68376 0.07167798
vt 0.683753 0.07176697
vt 0.68376 0.07167798
vt 0.68363 0.07168698
vt 0.68361 0.071771026
vt 0.68363 0.07168698
vt 0.683161 0.07169098
vt 0.683161 0.07177299
vt 0.684268 0.07157999
vt 0.684085 0.07157898
vt 0.684093 0.071666
vt 0.684085 0.07157898
vt 0.683913 0.07158899
vt 0.683915 0.07166898
vt 0.683913 0.07158899
vt 0.683767 0.07160497
vt 0.68376 0.07167798
vt 0.683767 0.07160497
vt 0.68365 0.07161999
vt 0.68363 0.07168698
vt 0.683161 0.071627975
vt 0.683161 0.07169098
vt 0.68363 0.07168698
vt 0.684255 0.07129902
vt 0.684074 0.07129902
vt 0.684085 0.07157898
vt 0.684074 0.07129902
vt 0.683906 0.07129902
vt 0.683913 0.07158899
vt 0.683906 0.07129902
vt 0.683766 0.07129902
vt 0.683767 0.07160497
vt 0.683766 0.07129902
vt 0.683657 0.07129902
vt 0.68365 0.07161999
vt 0.683161 0.07158697
vt 0.683161 0.071627975
vt 0.68365 0.07161999
vt 0.693097 0.993897021
vt 0.693021 0.994162023
vt 0.693552 0.9941539764
vt 0.693021 0.994162023
vt 0.692954 0.994419992
vt 0.69349 0.9944049716
vt 0.692954 0.994419992
vt 0.692896 0.994655013
vt 0.693431 0.994642973
vt 0.692896 0.994655013
vt 0.692847 0.994863987
vt 0.693375 0.9948629737
vt 0.692847 0.994863987
vt 0.692803 0.99554801
vt 0.693326 0.99554801
vt 0.69259 0.9938979745
vt 0.692499 0.9941650033
vt 0.693021 0.994162023
vt 0.692499 0.9941650033
vt 0.692434 0.994422972
vt 0.692954 0.994419992
vt 0.692434 0.994422972
vt 0.692393 0.994648993
vt 0.692896 0.994655013
vt 0.692393 0.994648993
vt 0.692362 0.994841993
vt 0.692847 0.994863987
vt 0.692362 0.994841993
vt 0.692331 0.99554801
vt 0.692803 0.99554801
vt 0.692109 0.993898988
vt 0.69202 0.9941650033
vt 0.692499 0.9941650033
vt 0.69202 0.9941650033
vt 0.691974 0.9944159985
vt 0.692434 0.994422972
vt 0.691974 0.9944159985
vt 0.691962 0.994629979
vt 0.692393 0.994648993
vt 0.691962 0.994629979
vt 0.69196 0.9948059916
vt 0.692362 0.994841993
vt 0.69196 0.9948059916
vt 0.691945 0.99554801
vt 0.692331 0.99554801
vt 0.691664 0.993898988
vt 0.691598 0.9941629767
vt 0.69202 0.9941650033
vt 0.691598 0.9941629767
vt 0.691584 0.994405985
vt 0.691974 0.9944159985
vt 0.691584 0.994405985
vt 0.691609 0.9946089983
vt 0.691962 0.994629979
vt 0.691609 0.9946089983
vt 0.691643 0.9947699904
vt 0.69196 0.9948059916
vt 0.691643 0.9947699904
vt 0.691654 0.99554801
vt 0.691945 0.99554801
vt 0.690302 0.993843019
vt 0.69024 0.9941030145
vt 0.691598 0.9941629767
vt 0.69024 0.9941030145
vt 0.690184 0.9943370223
vt 0.691584 0.994405985
vt 0.690184 0.9943370223
vt 0.690138 0.9945279956
vt 0.691609 0.9946089983
vt 0.690138 0.9945279956
vt 0.690104 0.9946730137
vt 0.691643 0.9947699904
vt 0.691463 0.99554801
vt 0.691654 0.99554801
vt 0.691643 0.9947699904
vt 0.682027 0.250746
vt 0.682208 0.25074804
vt 0.682205 0.25064003
vt 0.682208 0.25074804
vt 0.68238 0.250749
vt 0.682373 0.25064003
vt 0.68238 0.250749
vt 0.682534 0.250749
vt 0.682529 0.25064003
vt 0.682534 0.250749
vt 0.682666 0.25074804
vt 0.68267 0.25064003
vt 0.682666 0.25074804
vt 0.683159 0.25074697
vt 0.683159 0.25063896
vt 0.682021 0.25084996
vt 0.682203 0.25085497
vt 0.682208 0.25074804
vt 0.682203 0.25085497
vt 0.682375 0.25085497
vt 0.68238 0.250749
vt 0.682375 0.25085497
vt 0.682523 0.250852
vt 0.682534 0.250749
vt 0.682523 0.250852
vt 0.682645 0.250849
vt 0.682666 0.25074804
vt 0.682645 0.250849
vt 0.683159 0.25084603
vt 0.683159 0.25074697
vt 0.682012 0.25094903
vt 0.682193 0.25095296
vt 0.682203 0.25085497
vt 0.682193 0.25095296
vt 0.68236 0.25094998
vt 0.682375 0.25085497
vt 0.68236 0.25094998
vt 0.6825 0.25094104
vt 0.682523 0.250852
vt 0.682613 0.250933
vt 0.682645 0.250849
vt 0.682523 0.250852
vt 0.683159 0.25092804
vt 0.683159 0.25084603
vt 0.682645 0.250849
vt 0.682 0.25103998
vt 0.68218 0.25103998
vt 0.682193 0.25095296
vt 0.682343 0.25102997
vt 0.68236 0.25094998
vt 0.682193 0.25095296
vt 0.682476 0.251015
vt 0.6825 0.25094104
vt 0.68236 0.25094998
vt 0.682581 0.25099897
vt 0.682613 0.250933
vt 0.6825 0.25094104
vt 0.683159 0.25099003
vt 0.683159 0.25092804
vt 0.682613 0.250933
vt 0.682165 0.25132
vt 0.68218 0.25103998
vt 0.682 0.25103998
vt 0.682326 0.25132
vt 0.682343 0.25102997
vt 0.68218 0.25103998
vt 0.682458 0.25132
vt 0.682476 0.251015
vt 0.682343 0.25102997
vt 0.682558 0.25132
vt 0.682581 0.25099897
vt 0.682476 0.251015
vt 0.683159 0.251032
vt 0.683159 0.25099003
vt 0.682581 0.25099897
vt 0.961715 0.48865497
vt 0.962279 0.488657
vt 0.962262 0.48838
vt 0.962279 0.488657
vt 0.962827 0.48864996
vt 0.962796 0.48837197
vt 0.962827 0.48864996
vt 0.963327 0.48863602
vt 0.963303 0.48835897
vt 0.963327 0.48863602
vt 0.96377 0.48861802
vt 0.963771 0.48834097
vt 0.965212 0.48859596
vt 0.965212 0.48831904
vt 0.963771 0.48834097
vt 0.961715 0.48891497
vt 0.962283 0.48892498
vt 0.962279 0.488657
vt 0.962283 0.48892498
vt 0.96283 0.48891604
vt 0.962827 0.48864996
vt 0.96283 0.48891604
vt 0.963312 0.488895
vt 0.963327 0.48863602
vt 0.963722 0.48887002
vt 0.96377 0.48861802
vt 0.963327 0.48863602
vt 0.965212 0.488846
vt 0.965212 0.48859596
vt 0.96377 0.48861802
vt 0.961715 0.48915696
vt 0.962281 0.489165
vt 0.962283 0.48892498
vt 0.962281 0.489165
vt 0.962813 0.489147
vt 0.96283 0.48891604
vt 0.962813 0.489147
vt 0.963269 0.489114
vt 0.963312 0.488895
vt 0.963643 0.489078
vt 0.963722 0.48887002
vt 0.963312 0.488895
vt 0.965212 0.48905003
vt 0.965212 0.488846
vt 0.963722 0.48887002
vt 0.961715 0.48937404
vt 0.962276 0.489371
vt 0.962281 0.489165
vt 0.962276 0.489371
vt 0.962792 0.489339
vt 0.962813 0.489147
vt 0.963223 0.489289
vt 0.963269 0.489114
vt 0.962813 0.489147
vt 0.963565 0.48923898
vt 0.963643 0.489078
vt 0.963269 0.489114
vt 0.965212 0.489204
vt 0.965212 0.48905003
vt 0.963643 0.489078
vt 0.961712 0.49013197
vt 0.962267 0.490133
vt 0.962276 0.489371
vt 0.962267 0.490133
vt 0.962775 0.490134
vt 0.962792 0.489339
vt 0.963195 0.490134
vt 0.963223 0.489289
vt 0.962792 0.489339
vt 0.963516 0.490135
vt 0.963565 0.48923898
vt 0.963223 0.489289
vt 0.965212 0.48930502
vt 0.965212 0.489204
vt 0.963565 0.48923898
vt 0.68218 0.07187301
vt 0.682009 0.071871996
vt 0.682021 0.07197797
vt 0.682167 0.07177001
vt 0.681996 0.071767986
vt 0.682009 0.071871996
vt 0.682155 0.071672976
vt 0.681982 0.07166898
vt 0.681996 0.071767986
vt 0.682141 0.07158601
vt 0.681967 0.071578026
vt 0.681982 0.07166898
vt 0.682127 0.071298
vt 0.681952 0.071298
vt 0.681967 0.071578026
vt 0.682345 0.07187402
vt 0.68218 0.07187301
vt 0.682196 0.07197797
vt 0.682332 0.07177198
vt 0.682167 0.07177001
vt 0.68218 0.07187301
vt 0.682319 0.07167798
vt 0.682155 0.071672976
vt 0.682167 0.07177001
vt 0.682306 0.07159501
vt 0.682141 0.07158601
vt 0.682155 0.071672976
vt 0.682292 0.071298
vt 0.682127 0.071298
vt 0.682141 0.07158601
vt 0.682519 0.07197797
vt 0.6825 0.07187402
vt 0.682345 0.07187402
vt 0.6825 0.07187402
vt 0.682485 0.07177502
vt 0.682332 0.07177198
vt 0.682468 0.071684
vt 0.682319 0.07167798
vt 0.682332 0.07177198
vt 0.68245 0.07160598
vt 0.682306 0.07159501
vt 0.682319 0.07167798
vt 0.682435 0.071298
vt 0.682292 0.071298
vt 0.682306 0.07159501
vt 0.68266 0.07197797
vt 0.682638 0.071874976
vt 0.6825 0.07187402
vt 0.682638 0.071874976
vt 0.682618 0.07177603
vt 0.682485 0.07177502
vt 0.682594 0.07168901
vt 0.682468 0.071684
vt 0.682485 0.07177502
vt 0.682567 0.07161701
vt 0.68245 0.07160598
vt 0.682468 0.071684
vt 0.682547 0.071298
vt 0.682435 0.071298
vt 0.68245 0.07160598
vt 0.683151 0.07197797
vt 0.683151 0.071874976
vt 0.682638 0.071874976
vt 0.683151 0.071778
vt 0.682618 0.07177603
vt 0.682638 0.071874976
vt 0.683151 0.07169199
vt 0.682594 0.07168901
vt 0.682618 0.07177603
vt 0.683151 0.071624994
vt 0.682567 0.07161701
vt 0.682594 0.07168901
vt 0.682618 0.071298
vt 0.682547 0.071298
vt 0.682567 0.07161701
vt 0.309401 0.9951000214
vt 0.309919 0.9950870275
vt 0.309882 0.9948310256
vt 0.309919 0.9950870275
vt 0.310422 0.9950780272
vt 0.310385 0.994821012
vt 0.310422 0.9950780272
vt 0.310895 0.995072007
vt 0.310864 0.9948139787
vt 0.310895 0.995072007
vt 0.311323 0.9950680137
vt 0.311305 0.994809985
vt 0.311323 0.9950680137
vt 0.312719 0.995007992
vt 0.312661 0.9947550297
vt 0.309438 0.9953510165
vt 0.309958 0.995335996
vt 0.309919 0.9950870275
vt 0.309958 0.995335996
vt 0.310457 0.9953259826
vt 0.310422 0.9950780272
vt 0.310457 0.9953259826
vt 0.31092 0.995319009
vt 0.310895 0.995072007
vt 0.31092 0.995319009
vt 0.311331 0.9953119755
vt 0.311323 0.9950680137
vt 0.311331 0.9953119755
vt 0.312774 0.9952470064
vt 0.312719 0.995007992
vt 0.30948 0.9955899715
vt 0.309997 0.9955710173
vt 0.309958 0.995335996
vt 0.309997 0.9955710173
vt 0.310491 0.9955580235
vt 0.310457 0.9953259826
vt 0.310491 0.9955580235
vt 0.310938 0.995543003
vt 0.31092 0.995319009
vt 0.310938 0.995543003
vt 0.311323 0.995528996
vt 0.311331 0.9953119755
vt 0.311323 0.995528996
vt 0.312822 0.9954540133
vt 0.312774 0.9952470064
vt 0.309523 0.9958099723
vt 0.310037 0.995786011
vt 0.309997 0.9955710173
vt 0.310037 0.995786011
vt 0.310524 0.995763004
vt 0.310491 0.9955580235
vt 0.310524 0.995763004
vt 0.310953 0.995736003
vt 0.310938 0.995543003
vt 0.310953 0.995736003
vt 0.311305 0.9957069755
vt 0.311323 0.995528996
vt 0.311305 0.9957069755
vt 0.312859 0.995616019
vt 0.312822 0.9954540133
vt 0.309567 0.9964889884
vt 0.310078 0.9964889884
vt 0.310037 0.995786011
vt 0.310078 0.9964889884
vt 0.310558 0.9964889884
vt 0.310524 0.995763004
vt 0.310558 0.9964889884
vt 0.310976 0.9964889884
vt 0.310953 0.995736003
vt 0.310976 0.9964889884
vt 0.311301 0.9964889884
vt 0.311305 0.9957069755
vt 0.312883 0.9957190156
vt 0.312859 0.995616019
vt 0.311305 0.9957069755
vt 0.043247 0.48857498
vt 0.043783 0.48859704
vt 0.043783 0.488326
vt 0.04325 0.488833
vt 0.043784 0.48885596
vt 0.043783 0.48859704
vt 0.04325 0.488833
vt 0.043252 0.48907304
vt 0.043784 0.489097
vt 0.043252 0.48907304
vt 0.043254 0.48928404
vt 0.043785 0.489313
vt 0.043254 0.48928404
vt 0.043253 0.49007404
vt 0.043783 0.49007404
vt 0.042724 0.488554
vt 0.043247 0.48857498
vt 0.043237 0.488308
vt 0.042733 0.48881102
vt 0.04325 0.488833
vt 0.043247 0.48857498
vt 0.042733 0.48881102
vt 0.042741 0.489047
vt 0.043252 0.48907304
vt 0.042741 0.489047
vt 0.04275 0.48925102
vt 0.043254 0.48928404
vt 0.04275 0.48925102
vt 0.042752 0.49007404
vt 0.043253 0.49007404
vt 0.042229 0.48853302
vt 0.042724 0.488554
vt 0.042704 0.488288
vt 0.042251 0.488788
vt 0.042733 0.48881102
vt 0.042724 0.488554
vt 0.042276 0.48901796
vt 0.042741 0.489047
vt 0.042733 0.48881102
vt 0.042303 0.48921204
vt 0.04275 0.48925102
vt 0.042741 0.489047
vt 0.042314 0.49007404
vt 0.042752 0.49007404
vt 0.04275 0.48925102
vt 0.041777 0.48851097
vt 0.042229 0.48853302
vt 0.042197 0.488266
vt 0.04182 0.488766
vt 0.042251 0.488788
vt 0.042229 0.48853302
vt 0.041874 0.488989
vt 0.042276 0.48901796
vt 0.042251 0.488788
vt 0.041934 0.48917
vt 0.042303 0.48921204
vt 0.042276 0.48901796
vt 0.041967 0.49007404
vt 0.042314 0.49007404
vt 0.042303 0.48921204
vt 0.040286 0.488491
vt 0.041777 0.48851097
vt 0.041731 0.48824203
vt 0.040286 0.488746
vt 0.04182 0.488766
vt 0.041777 0.48851097
vt 0.040286 0.488967
vt 0.041874 0.488989
vt 0.04182 0.488766
vt 0.040286 0.48914003
vt 0.041934 0.48917
vt 0.041874 0.488989
vt 0.041742 0.49007404
vt 0.041967 0.49007404
vt 0.041934 0.48917
vt 0.79718 0.56011897
vt 0.796674 0.560113
vt 0.796633 0.560363
vt 0.796674 0.560113
vt 0.796181 0.560104
vt 0.796129 0.56035
vt 0.796181 0.560104
vt 0.795715 0.56009698
vt 0.795649 0.560341
vt 0.795715 0.56009698
vt 0.795293 0.560093
vt 0.795206 0.56033498
vt 0.793904 0.560031
vt 0.793847 0.56027597
vt 0.795206 0.56033498
vt 0.797214 0.55986702
vt 0.796717 0.559869
vt 0.796674 0.560113
vt 0.796717 0.559869
vt 0.796234 0.559866
vt 0.796181 0.560104
vt 0.796234 0.559866
vt 0.795784 0.55986297
vt 0.795715 0.56009698
vt 0.795383 0.55986297
vt 0.795293 0.560093
vt 0.795715 0.56009698
vt 0.793958 0.55980003
vt 0.793904 0.560031
vt 0.795293 0.560093
vt 0.797251 0.559628
vt 0.796759 0.559637
vt 0.796717 0.559869
vt 0.796286 0.55964202
vt 0.796234 0.559866
vt 0.796717 0.559869
vt 0.795853 0.55965
vt 0.795784 0.55986297
vt 0.796234 0.559866
vt 0.795478 0.559659
vt 0.795383 0.55986297
vt 0.795784 0.55986297
vt 0.794005 0.559596
vt 0.793958 0.55980003
vt 0.795383 0.55986297
vt 0.79729 0.559407
vt 0.7968 0.559425
vt 0.796759 0.559637
vt 0.796333 0.55944198
vt 0.796286 0.55964202
vt 0.796759 0.559637
vt 0.795915 0.55946398
vt 0.795853 0.55965
vt 0.796286 0.55964202
vt 0.795569 0.559489
vt 0.795478 0.559659
vt 0.795853 0.55965
vt 0.794043 0.55943203
vt 0.794005 0.559596
vt 0.795478 0.559659
vt 0.796838 0.558726
vt 0.7968 0.559425
vt 0.79729 0.559407
vt 0.796373 0.558726
vt 0.796333 0.55944198
vt 0.7968 0.559425
vt 0.795961 0.558726
vt 0.795915 0.55946398
vt 0.796333 0.55944198
vt 0.795631 0.558726
vt 0.795569 0.559489
vt 0.795915 0.55946398
vt 0.794069 0.559323
vt 0.794043 0.55943203
vt 0.795569 0.559489
vt 0.962299 0.026115
vt 0.962289 0.025839984
vt 0.961753 0.025856018
vt 0.962289 0.025839984
vt 0.962287 0.025572002
vt 0.961753 0.025581002
vt 0.962287 0.025572002
vt 0.962286 0.025314987
vt 0.961753 0.025316
vt 0.962286 0.025314987
vt 0.962284 0.025076985
vt 0.961753 0.025066018
vt 0.962284 0.025076985
vt 0.962284 0.024383008
vt 0.961754 0.024383008
vt 0.962832 0.026097
vt 0.962812 0.025825977
vt 0.962289 0.025839984
vt 0.962812 0.025825977
vt 0.962804 0.025563002
vt 0.962287 0.025572002
vt 0.962804 0.025563002
vt 0.962796 0.025314987
vt 0.962286 0.025314987
vt 0.962796 0.025314987
vt 0.962788 0.025092006
vt 0.962284 0.025076985
vt 0.962788 0.025092006
vt 0.962785 0.024383008
vt 0.962284 0.024383008
vt 0.963339 0.026077986
vt 0.963308 0.025811017
vt 0.962812 0.025825977
vt 0.963308 0.025811017
vt 0.963286 0.025554001
vt 0.962804 0.025563002
vt 0.963286 0.025554001
vt 0.963262 0.025318027
vt 0.962796 0.025314987
vt 0.963262 0.025318027
vt 0.963236 0.02511102
vt 0.962788 0.025092006
vt 0.963236 0.02511102
vt 0.963224 0.024384022
vt 0.962785 0.024383008
vt 0.963805 0.026057005
vt 0.96376 0.02579403
vt 0.963308 0.025811017
vt 0.96376 0.02579403
vt 0.963718 0.025543988
vt 0.963286 0.025554001
vt 0.963718 0.025543988
vt 0.963664 0.02531898
vt 0.963262 0.025318027
vt 0.963664 0.02531898
vt 0.963605 0.025129974
vt 0.963236 0.02511102
vt 0.96357 0.024384022
vt 0.963224 0.024384022
vt 0.963236 0.02511102
vt 0.96525 0.026036024
vt 0.96525 0.025776029
vt 0.96376 0.02579403
vt 0.96525 0.025776029
vt 0.96525 0.025529027
vt 0.963718 0.025543988
vt 0.96525 0.025529027
vt 0.96525 0.025310993
vt 0.963664 0.02531898
vt 0.96525 0.025310993
vt 0.96525 0.025137007
vt 0.963605 0.025129974
vt 0.963796 0.024384022
vt 0.96357 0.024384022
vt 0.963605 0.025129974
vt 0.684111 0.250641
vt 0.684103 0.25074697
vt 0.684279 0.25074804
vt 0.684103 0.25074697
vt 0.684093 0.250849
vt 0.684267 0.250852
vt 0.684093 0.250849
vt 0.684083 0.250946
vt 0.684255 0.25094998
vt 0.684083 0.250946
vt 0.684071 0.251033
vt 0.684241 0.251041
vt 0.684071 0.251033
vt 0.684059 0.25132203
vt 0.684227 0.25132203
vt 0.683934 0.250641
vt 0.68393 0.250746
vt 0.684103 0.25074697
vt 0.68393 0.250746
vt 0.683924 0.25084698
vt 0.684093 0.250849
vt 0.683924 0.25084698
vt 0.683917 0.25094104
vt 0.684083 0.250946
vt 0.683917 0.25094104
vt 0.683909 0.25102496
vt 0.684071 0.251033
vt 0.683909 0.25102496
vt 0.6839 0.25132203
vt 0.684059 0.25132203
vt 0.683763 0.250641
vt 0.683764 0.250745
vt 0.68393 0.250746
vt 0.683764 0.250745
vt 0.683764 0.25084496
vt 0.683924 0.25084698
vt 0.683764 0.25084496
vt 0.683764 0.25093496
vt 0.683917 0.25094104
vt 0.683764 0.25093496
vt 0.683764 0.251014
vt 0.683909 0.25102496
vt 0.683764 0.251014
vt 0.683759 0.25132203
vt 0.6839 0.25132203
vt 0.683601 0.250642
vt 0.68361 0.250745
vt 0.683764 0.250745
vt 0.68361 0.250745
vt 0.683618 0.250843
vt 0.683764 0.25084496
vt 0.683618 0.250843
vt 0.68363 0.25093
vt 0.683764 0.25093496
vt 0.68363 0.25093
vt 0.683642 0.251002
vt 0.683764 0.251014
vt 0.683642 0.251002
vt 0.683646 0.25132203
vt 0.683759 0.25132203
vt 0.68316 0.250642
vt 0.68316 0.250745
vt 0.68361 0.250745
vt 0.68316 0.250745
vt 0.68316 0.25084198
vt 0.683618 0.250843
vt 0.68316 0.25084198
vt 0.68316 0.25092804
vt 0.68363 0.25093
vt 0.68316 0.25099504
vt 0.683642 0.251002
vt 0.68363 0.25093
vt 0.683571 0.25132203
vt 0.683646 0.25132203
vt 0.683642 0.251002
vt 0.684291 0.07198
vt 0.683935 0.076021016
vt 0.684112 0.07602501
vt 0.684112 0.07198
vt 0.683764 0.07601398
vt 0.683935 0.076021016
vt 0.683934 0.07198
vt 0.683601 0.07600498
vt 0.683764 0.07601398
vt 0.683762 0.07198
vt 0.683161 0.07602602
vt 0.683601 0.07600498
vt 0.6836 0.07198
vt 0.064371 0.025035977
vt 0.064607 0.024353981
vt 0.043821 0.024353981
vt 0.064292 0.025286973
vt 0.064371 0.025035977
vt 0.043821 0.02503401
vt 0.064208 0.025552988
vt 0.064292 0.025286973
vt 0.043821 0.025285006
vt 0.064119 0.02582699
vt 0.064208 0.025552988
vt 0.043821 0.025551021
vt 0.064027 0.02610302
vt 0.064119 0.02582699
vt 0.043821 0.025825977
vt 0.989186 0.994114995
vt 0.989186 0.993857026
vt 0.693616 0.9938960075
vt 0.989186 0.9943670034
vt 0.989186 0.994114995
vt 0.693552 0.9941539764
vt 0.989186 0.9946069717
vt 0.989186 0.9943670034
vt 0.69349 0.9944049716
vt 0.989186 0.9948279858
vt 0.989186 0.9946069717
vt 0.693431 0.994642973
vt 0.989187 0.9955090284
vt 0.989186 0.9948279858
vt 0.693375 0.9948629737
vt 0.580772 0.25103998
vt 0.580772 0.25132
vt 0.681986 0.25132
vt 0.580772 0.25094903
vt 0.580772 0.25103998
vt 0.682 0.25103998
vt 0.580772 0.25084996
vt 0.580772 0.25094903
vt 0.682012 0.25094903
vt 0.580772 0.250746
vt 0.580772 0.25084996
vt 0.682021 0.25084996
vt 0.580772 0.25064003
vt 0.580772 0.250746
vt 0.682027 0.250746
vt 0.014809 0.9950619936
vt 0.309401 0.9951000214
vt 0.309367 0.994843006
vt 0.014809 0.9953129888
vt 0.309438 0.9953510165
vt 0.309401 0.9951000214
vt 0.014809 0.9955520034
vt 0.30948 0.9955899715
vt 0.309438 0.9953510165
vt 0.014809 0.9957730174
vt 0.309523 0.9958099723
vt 0.30948 0.9955899715
vt 0.014809 0.996450007
vt 0.309567 0.9964889884
vt 0.309523 0.9958099723
vt 0.580773 0.071578026
vt 0.681967 0.071578026
vt 0.681952 0.071298
vt 0.580773 0.07166898
vt 0.681982 0.07166898
vt 0.681967 0.071578026
vt 0.580773 0.071767986
vt 0.681996 0.071767986
vt 0.681982 0.07166898
vt 0.580773 0.071871996
vt 0.682009 0.071871996
vt 0.681996 0.071767986
vt 0.580773 0.07197797
vt 0.682021 0.07197797
vt 0.682009 0.071871996
vt 0.749783 0.25074697
vt 0.749783 0.250641
vt 0.68429 0.250641
vt 0.749783 0.25085104
vt 0.749783 0.25074697
vt 0.684279 0.25074804
vt 0.749783 0.25094998
vt 0.749783 0.25085104
vt 0.684267 0.250852
vt 0.749783 0.251041
vt 0.749783 0.25094998
vt 0.684255 0.25094998
vt 0.749783 0.25132096
vt 0.749783 0.251041
vt 0.684241 0.251041
vt 0.988958 0.559371
vt 0.988957 0.55869
vt 0.79733 0.558726
vt 0.988958 0.559591
vt 0.988958 0.559371
vt 0.79729 0.559407
vt 0.988959 0.55983102
vt 0.988958 0.559591
vt 0.797251 0.559628
vt 0.988959 0.56008297
vt 0.988959 0.55983102
vt 0.797214 0.55986702
vt 0.98896 0.560341
vt 0.988959 0.56008297
vt 0.79718 0.56011897
vt 0.307635 0.98506099
vt 0.307116 0.98505801
vt 0.309367 0.994843006
vt 0.308143 0.985071003
vt 0.307635 0.98506099
vt 0.309882 0.9948310256
vt 0.308626 0.985087991
vt 0.308143 0.985071003
vt 0.310385 0.994821012
vt 0.309074 0.985109985
vt 0.308626 0.985087991
vt 0.310864 0.9948139787
vt 0.310431 0.985059023
vt 0.309074 0.985109985
vt 0.311305 0.994809985
vt 0.041726 0.47793102
vt 0.040283 0.47785103
vt 0.040286 0.48821902
vt 0.042194 0.477988
vt 0.041726 0.47793102
vt 0.041731 0.48824203
vt 0.0427 0.47804296
vt 0.042194 0.477988
vt 0.042197 0.488266
vt 0.043233 0.478095
vt 0.0427 0.47804296
vt 0.042704 0.488288
vt 0.04378 0.478144
vt 0.043233 0.478095
vt 0.043237 0.488308
vt 0.20612 0.56256402
vt 0.015021 0.56252998
vt 0.015021 0.562787
vt 0.206063 0.56231397
vt 0.015021 0.562279
vt 0.015021 0.56252998
vt 0.20601 0.56207597
vt 0.01502 0.56203997
vt 0.015021 0.562279
vt 0.20596 0.56185597
vt 0.015021 0.56181997
vt 0.01502 0.56203997
vt 0.015021 0.561141
vt 0.684268 0.07157999
vt 0.749782 0.071578026
vt 0.749782 0.071298
vt 0.684278 0.07167101
vt 0.749782 0.07166898
vt 0.749782 0.071578026
vt 0.684285 0.07177001
vt 0.749782 0.071767986
vt 0.749782 0.07166898
vt 0.68429 0.07187301
vt 0.749782 0.071871996
vt 0.749782 0.071767986
vt 0.684291 0.07198
vt 0.749782 0.07197797
vt 0.749782 0.071871996
vt 0.043273 0.026100993
vt 0.043269 0.036320984
vt 0.043816 0.03627801
vt 0.04274 0.026094973
vt 0.042735 0.036359012
vt 0.043269 0.036320984
vt 0.042233 0.026082993
vt 0.042229 0.036388993
vt 0.042735 0.036359012
vt 0.041765 0.026067972
vt 0.041762 0.036410987
vt 0.042229 0.036388993
vt 0.040318 0.036569
vt 0.041762 0.036410987
vt 0.041765 0.026067972
vt 0.210409 0.572546
vt 0.211787 0.572595
vt 0.209478 0.56275898
vt 0.209971 0.572568
vt 0.210409 0.572546
vt 0.208121 0.56281698
vt 0.209494 0.572585
vt 0.209971 0.572568
vt 0.207678 0.562818
vt 0.208991 0.572595
vt 0.209494 0.572585
vt 0.207199 0.562819
vt 0.208473 0.57259798
vt 0.208991 0.572595
vt 0.206695 0.56282002
vt 0.961753 0.025856018
vt 0.941455 0.025844991
vt 0.941547 0.02612102
vt 0.961753 0.025581002
vt 0.941367 0.025570989
vt 0.941455 0.025844991
vt 0.961753 0.025316
vt 0.941282 0.025304973
vt 0.941367 0.025570989
vt 0.961753 0.025066018
vt 0.941204 0.025054991
vt 0.941282 0.025304973
vt 0.961754 0.024383008
vt 0.940967 0.024371982
vt 0.941204 0.025054991
vt 0.683601 0.250642
vt 0.683601 0.24661702
vt 0.68316 0.24659598
vt 0.683763 0.250641
vt 0.683763 0.246607
vt 0.683601 0.24661702
vt 0.683935 0.24660099
vt 0.684111 0.250641
vt 0.684112 0.24659598
vt 0.683935 0.24660099
vt 0.68429 0.250641
vt 0.68429 0.24659503
vt 0.684112 0.24659598
vt 0.961715 0.48865497
vt 0.961715 0.488383
vt 0.94151 0.488351
vt 0.961715 0.48891497
vt 0.961715 0.48865497
vt 0.94142 0.488622
vt 0.961715 0.48915696
vt 0.961715 0.48891497
vt 0.94133 0.488881
vt 0.961715 0.48937404
vt 0.961715 0.48915696
vt 0.941245 0.48912203
vt 0.961712 0.49013197
vt 0.961715 0.48937404
vt 0.941168 0.489339
vt 0.68267 0.25064003
vt 0.683159 0.25063896
vt 0.683157 0.24659401
vt 0.682529 0.25064003
vt 0.68267 0.25064003
vt 0.682665 0.246615
vt 0.682373 0.25064003
vt 0.682529 0.25064003
vt 0.682525 0.24660599
vt 0.682205 0.25064003
vt 0.682373 0.25064003
vt 0.682369 0.24659902
vt 0.682029 0.25064003
vt 0.682205 0.25064003
vt 0.682202 0.24659503
vt 0.043783 0.48859704
vt 0.064081 0.488598
vt 0.06399 0.48832703
vt 0.043784 0.48885596
vt 0.06417 0.48885703
vt 0.064081 0.488598
vt 0.043784 0.489097
vt 0.064255 0.489098
vt 0.06417 0.48885703
vt 0.043785 0.489313
vt 0.064255 0.489098
vt 0.043783 0.49007404
vt 0.06457 0.490075
vt 0.064333 0.48931503
vt 0.68266 0.07197797
vt 0.68266 0.076003015
vt 0.683151 0.076023996
vt 0.682519 0.07197797
vt 0.68252 0.076012015
vt 0.68266 0.076003015
vt 0.682363 0.07197797
vt 0.682364 0.07601899
vt 0.68252 0.076012015
vt 0.682196 0.07197797
vt 0.682196 0.07602298
vt 0.682364 0.07601899
vt 0.682021 0.07197797
vt 0.682021 0.07602501
vt 0.682196 0.07602298
vt 0.682021 0.07602501
vt 0.682369 0.24659902
vt 0.682364 0.07601899
vt 0.682196 0.07602298
vt 0.68252 0.076012015
vt 0.682364 0.07601899
vt 0.682369 0.24659902
vt 0.682665 0.246615
vt 0.68266 0.076003015
vt 0.68252 0.076012015
vt 0.683157 0.24659401
vt 0.683151 0.076023996
vt 0.68266 0.076003015
vt 0.064333 0.48931503
vt 0.06457 0.490075
vt 0.940931 0.490099
vt 0.941245 0.48912203
vt 0.064255 0.489098
vt 0.064333 0.48931503
vt 0.064255 0.489098
vt 0.064081 0.488598
vt 0.94151 0.488351
vt 0.06399 0.48832703
vt 0.064081 0.488598
vt 0.962262 0.48838
vt 0.962263 0.47811496
vt 0.961716 0.47816396
vt 0.962796 0.48837197
vt 0.962797 0.478063
vt 0.962263 0.47811496
vt 0.963303 0.48835897
vt 0.963304 0.47800696
vt 0.962797 0.478063
vt 0.963771 0.48834097
vt 0.963772 0.477951
vt 0.963304 0.47800696
vt 0.965212 0.48831904
vt 0.965213 0.47787
vt 0.963772 0.477951
vt 0.691664 0.993898988
vt 0.694001 0.984094977
vt 0.692642 0.984043002
vt 0.692109 0.993898988
vt 0.694452 0.98407203
vt 0.694001 0.984094977
vt 0.69259 0.9938979745
vt 0.694938 0.984055996
vt 0.694452 0.98407203
vt 0.693097 0.993897021
vt 0.695969 0.984041989
vt 0.684112 0.07602501
vt 0.684112 0.24659598
vt 0.68429 0.24659503
vt 0.683935 0.24660099
vt 0.683764 0.07601398
vt 0.683763 0.246607
vt 0.683935 0.24660099
vt 0.683601 0.24661702
vt 0.683763 0.246607
vt 0.683764 0.07601398
vt 0.683161 0.07602602
vt 0.68316 0.24659598
vt 0.683601 0.24661702
vt 0.064371 0.025035977
vt 0.941204 0.025054991
vt 0.940967 0.024371982
vt 0.064292 0.025286973
vt 0.941282 0.025304973
vt 0.941204 0.025054991
vt 0.064208 0.025552988
vt 0.941367 0.025570989
vt 0.941282 0.025304973
vt 0.064119 0.02582699
vt 0.941455 0.025844991
vt 0.941367 0.025570989
vt 0.064027 0.02610302
vt 0.941547 0.02612102
vt 0.941455 0.025844991
vt 0.796633 0.560363
vt 0.794342 0.570179
vt 0.794862 0.57018298
vt 0.796129 0.56035
vt 0.793837 0.57017
vt 0.794342 0.570179
vt 0.795649 0.560341
vt 0.793359 0.570153
vt 0.793837 0.57017
vt 0.795206 0.56033498
vt 0.792919 0.570131
vt 0.793359 0.570153
vt 0.793847 0.56027597
vt 0.791536 0.57018
vt 0.792919 0.570131
vt 0.963805 0.026057005
vt 0.963807 0.036435008
vt 0.965249 0.03659302
vt 0.963339 0.036413014
vt 0.963807 0.036435008
vt 0.963805 0.026057005
vt 0.962832 0.036382973
vt 0.963339 0.036413014
vt 0.963339 0.026077986
vt 0.962299 0.03634602
vt 0.962832 0.036382973
vt 0.962832 0.026097
vt 0.961752 0.03630197
vt 0.962299 0.03634602
vt 0.962299 0.026115
vt 0.962299 0.03634602
vt 0.962797 0.478063
vt 0.962832 0.036382973
vt 0.962299 0.03634602
vt 0.963304 0.47800696
vt 0.963339 0.036413014
vt 0.962832 0.036382973
vt 0.963772 0.477951
vt 0.963807 0.036435008
vt 0.963339 0.036413014
vt 0.965213 0.47787
vt 0.965249 0.03659302
vt 0.963807 0.036435008
vt 0.694001 0.984094977
vt 0.792919 0.570131
vt 0.791536 0.57018
vt 0.793359 0.570153
vt 0.694938 0.984055996
vt 0.793837 0.57017
vt 0.793359 0.570153
vt 0.695448 0.984045029
vt 0.794342 0.570179
vt 0.793837 0.57017
vt 0.794862 0.57018298
vt 0.794342 0.570179
vt 0.208473 0.57259798
vt 0.209494 0.572585
vt 0.208991 0.572595
vt 0.307635 0.98506099
vt 0.209971 0.572568
vt 0.209494 0.572585
vt 0.308143 0.985071003
vt 0.210409 0.572546
vt 0.209971 0.572568
vt 0.308626 0.985087991
vt 0.211787 0.572595
vt 0.210409 0.572546
vt 0.309074 0.985109985
vt 0.041762 0.036410987
vt 0.040318 0.036569
vt 0.040283 0.47785103
vt 0.042229 0.036388993
vt 0.041762 0.036410987
vt 0.041726 0.47793102
vt 0.042735 0.036359012
vt 0.042229 0.036388993
vt 0.042194 0.477988
vt 0.043269 0.036320984
vt 0.042735 0.036359012
vt 0.0427 0.47804296
vt 0.043816 0.03627801
vt 0.043269 0.036320984
vt 0.043233 0.478095
vt 0.043821 0.02610302
vt 0.043816 0.03627801
vt 0.061113 0.034824014
vt 0.015032 0.572573
vt 0.208473 0.57259798
vt 0.206178 0.56282097
vt 0.015032 0.572573
vt 0.043816 0.03627801
vt 0.04378 0.478144
vt 0.061077 0.47959304
vt 0.749777 0.07602602
vt 0.749782 0.07197797
vt 0.684291 0.07198
vt 0.282919 0.251316
vt 0.283031 0.251324
vt 0.289751 0.25132096
vt 0.283012 0.25125003
vt 0.282924 0.25129104
vt 0.282919 0.251316
vt 0.283078 0.25112498
vt 0.283105 0.251194
vt 0.283012 0.25125003
vt 0.282518 0.25095296
vt 0.282855 0.25104403
vt 0.283078 0.25112498
vt 0.281979 0.25075
vt 0.282198 0.25085402
vt 0.282518 0.25095296
vt 0.281903 0.24659699
vt 0.281902 0.25064397
vt 0.281979 0.25075
vt 0.289751 0.25132096
vt 0.397173 0.24659699
vt 0.281903 0.24659699
vt 0.282919 0.251316
vt 0.289751 0.25132096
vt 0.283078 0.25112498
vt 0.281979 0.25075
vt 0.94446 0.03484702
vt 0.961752 0.03630197
vt 0.961752 0.026130974
vt 0.98896 0.560341
vt 0.94446 0.03484702
vt 0.061077 0.47959304
vt 0.04378 0.478144
vt 0.043783 0.488326
vt 0.01481 0.9948040247
vt 0.309367 0.994843006
vt 0.307116 0.98505801
vt 0.94446 0.03484702
vt 0.941547 0.02612102
vt 0.064027 0.02610302
vt 0.471362 0.24659503
vt 0.572924 0.25132096
vt 0.580698 0.25074697
vt 0.580772 0.250641
vt 0.580772 0.24659503
vt 0.580182 0.25094998
vt 0.580488 0.25085104
vt 0.579641 0.251122
vt 0.579858 0.251041
vt 0.580182 0.25094998
vt 0.579688 0.251247
vt 0.579608 0.25119102
vt 0.579641 0.251122
vt 0.579763 0.251288
vt 0.579688 0.251247
vt 0.572924 0.25132096
vt 0.579642 0.25132096
vt 0.579758 0.25131297
vt 0.580772 0.24659503
vt 0.572924 0.25132096
vt 0.579641 0.251122
vt 0.580182 0.25094998
vt 0.68429 0.24659503
vt 0.68429 0.250641
vt 0.749783 0.250641
vt 0.580772 0.25064003
vt 0.961716 0.47816396
vt 0.579642 0.071298
vt 0.572924 0.071298
vt 0.572924 0.076039016
vt 0.579991 0.071331024
vt 0.579819 0.07130599
vt 0.579642 0.071298
vt 0.580306 0.071428
vt 0.580155 0.07137203
vt 0.579991 0.071331024
vt 0.580556 0.071578026
vt 0.580441 0.07149702
vt 0.580306 0.071428
vt 0.580717 0.071767986
vt 0.580649 0.07166898
vt 0.580758 0.071871996
vt 0.580772 0.076039016
vt 0.580306 0.071428
vt 0.580772 0.07197797
vt 0.580717 0.071767986
vt 0.580556 0.071578026
vt 0.682021 0.07602501
vt 0.580773 0.07602501
vt 0.580772 0.246593
vt 0.061077 0.47959304
vt 0.580773 0.07602501
vt 0.682021 0.07602501
vt 0.682021 0.07197797
vt 0.281903 0.07604098
vt 0.289751 0.07604098
vt 0.289751 0.071298
vt 0.281917 0.07188898
vt 0.281903 0.07199502
vt 0.281903 0.07604098
vt 0.282026 0.07168603
vt 0.281958 0.07178497
vt 0.281917 0.07188898
vt 0.282234 0.071513
vt 0.282119 0.07159501
vt 0.282026 0.07168603
vt 0.28252 0.07138699
vt 0.282369 0.07144302
vt 0.282856 0.07132101
vt 0.282684 0.071345985
vt 0.28252 0.07138699
vt 0.289751 0.071298
vt 0.283033 0.07131201
vt 0.282234 0.071513
vt 0.282026 0.07168603
vt 0.281917 0.07188898
vn 0.0022 -0.7215 0.6925
vn -0.0169 -0.7481 0.6634
vn -0.0128 -0.5462 0.8376
vn -0 0.7624 0.6471
vn -0 0.9583 0.2856
vn -0.2207 0.8383 0.4986
vn -0 0.6656 0.7463
vn -0.0208 0.6772 0.7355
vn 0.1875 0.4322 0.882
vn -0 0.5114 0.8593
vn -0.0176 -0.0079 0.9998
vn -0.0931 0.9709 0.2206
vn -0.0691 0.989 0.1305
vn 0.0285 0.0871 0.9958
vn -0.0584 -0.081 0.995
vn 0.1703 0.9846 0.0385
vn -0.0253 0.9994 -0.0222
vn 0.5488 0.8305 0.0952
vn -0.9994 -0.0354 0.0046
vn -0.9991 0.0353 -0.0245
vn -0.9901 -0.1128 -0.0833
vn -0.4327 -0.8935 -0.1205
vn -0.7697 -0.6356 0.0599
vn 0.1669 -0.9858 -0.0158
vn -0.1118 -0.6931 -0.7121
vn 0.1169 -0.5922 -0.7972
vn -0 -0.9731 -0.2302
vn -0.8956 -0.4016 -0.1915
vn -0.67 0.7344 0.108
vn -0.8279 0.5087 -0.2363
vn -0 0.9934 0.1146
vn 0.0769 0.9696 0.2322
vn -0.0824 0.9875 0.1347
vn -0.0547 0.5895 0.8059
vn -0 0.4185 0.9082
vn -0 0.421 0.9071
vn -0 0.9445 0.3286
vn 0.0275 0.9759 0.2165
vn -0.069 0.7056 0.7053
vn -0 -0.2191 -0.9757
vn -0.2429 0.8437 -0.4788
vn 0.3138 0.722 -0.6167
vn -0.1762 0.8361 0.5195
vn -0.0446 0.1017 -0.9938
vn 0.0908 -0.1245 -0.9881
vn -0 0.1095 0.994
vn -0.0568 0.0134 0.9983
vn -0.1038 -0.8574 -0.504
vn -0 -0.7902 -0.6128
vn -0 -0.6506 -0.7595
vn -0 -0.0688 -0.9976
vn 0.0556 -0.0131 -0.9984
vn -0.0022 0.0465 -0.9989
vn -0 -0.377 -0.9262
vn -0 -0.0222 -0.9998
vn 0.035 0.9312 0.3629
vn -0.1062 0.2066 0.9726
vn 0.2372 0.9591 -0.1542
vn 0.7443 0.6673 -0.0284
vn -0.6457 -0.7636 -0.0051
vn -0.2282 -0.9721 0.0553
vn -0.7363 -0.6718 -0.0811
vn -0 0.7683 0.6401
vn 0.0504 -0.9503 -0.3073
vn 0.0503 -0.9949 -0.087
vn 0.0704 -0.5439 -0.8362
vn 0.07 0.1459 0.9868
vn -0 0.2396 0.9709
vn -0.9623 -0.2715 0.0176
vn 0.0654 0.3299 -0.9418
vn 0.6718 0.7403 -0.0275
vn 0.9097 0.3463 -0.2292
vn -0.0023 -0.0421 0.9991
vn 0.0032 -0.0443 0.999
vn 0.9882 0.1245 -0.0893
vn 0.9581 0.2861 0.0166
vn 0.9967 0.0308 -0.0751
vn -0.0193 0.591 0.8064
vn 0.8446 0.5341 0.0372
vn 0.0501 -0.9973 0.0529
vn -0.5047 -0.8483 -0.16
vn -0.1861 -0.9815 -0.044
vn -0.0562 -0.9975 0.0439
vn 0.0228 -0.9979 0.0599
vn 0.0799 -0.9952 -0.056
vn -0.0707 -0.9974 0.0108
vn -0.0228 -0.9965 -0.0803
vn -0.0674 -0.9975 0.0197
vn 0.086 -0.9954 -0.0432
vn 0.0352 -0.9966 0.0749
vn 0.085 -0.9953 -0.0456
vn -0 -0.9999 -0.0102
vn 0.0352 -0.9966 0.0749
vn 0.0701 -0.997 -0.0331
vn -0.0481 -0.9949 -0.0887
vn 0.0352 -0.9966 0.0749
vn 0.0826 -0.9953 -0.0509
vn -0.0673 -0.9969 -0.0402
vn -0 0.3485 0.9373
vn -0.0494 -0.7351 0.6761
vn 0.0715 0.9971 0.0273
vn -0.2032 0.9752 0.088
vn 0.883 0.4392 0.1656
vn -0.4992 0.8504 0.1662
vn -0.1822 0.9774 -0.1076
vn 0.6166 0.7823 0.0881
vn 0.4725 -0.8787 0.0685
vn -0.0515 -0.9963 0.0686
vn 0.2127 -0.9771 0.0057
vn 0.8071 -0.5883 -0.0492
vn 0.9111 -0.3545 0.2104
vn 0.9797 -0.2003 -0.0071
vn -0.9994 0.0337 -0.0023
vn -0.986 0.1628 -0.0362
vn -0.9818 0.1324 0.1364
vn 0.99 -0.1155 0.0806
vn 0.9963 -0.0837 -0.0193
vn -0.9987 -0.0186 -0.0474
vn -0.9986 -0.0495 -0.021
vn -0.7568 0.6534 0.0138
vn -0.8847 0.4374 0.1613
vn -0.6817 0.7303 0.0427
vn 0.762 -0.6471 -0.0254
vn 0.6051 -0.7959 0.022
vn 0.5432 -0.8326 -0.1083
vn 0.2706 -0.9547 0.1236
vn -0.1295 0.1581 0.9789
vn -0.132 -0.0044 0.9912
vn 0.1295 0.1581 0.9789
vn -0.4937 0.1606 0.8547
vn -0.8559 0.149 0.4952
vn -0.5027 -0.0039 0.8644
vn 0.5027 -0.0039 0.8644
vn 0.4937 0.1606 0.8547
vn 0.132 -0.0044 0.9912
vn 0.4982 0.0039 -0.8671
vn 0.4965 0.1142 -0.8605
vn 0.8626 0.0023 -0.5058
vn -0.8586 0.1222 -0.498
vn -0.4965 0.1142 -0.8605
vn -0.8626 0.0022 -0.5058
vn 0.8577 0.1241 -0.4989
vn 0.9911 0.0006 -0.1333
vn 0.9914 -0.0006 0.131
vn 0.9817 0.1386 0.1304
vn -0.9911 0.0006 -0.1332
vn 0.131 0.1067 -0.9856
vn 0.1312 0.0044 -0.9913
vn -0.131 0.1067 -0.9856
vn 0.0748 0.2757 -0.9583
vn -0 0.2765 -0.961
vn 0.0737 0.2984 -0.9516
vn -0.1219 0.0176 0.9924
vn 0.0712 -0.1039 0.992
vn -0.6979 0.0982 0.7094
vn 0.8672 -0.0022 0.4979
vn 0.8545 0.1516 0.4968
vn -0.9821 0.1319 -0.1348
vn -0.9815 0.1366 0.1341
vn -0.8672 -0.0022 0.4979
vn 0.239 0.971 0.0095
vn 0.2577 0.9583 -0.1236
vn -0.2444 0.9679 0.0592
vn 0.8723 0.4792 -0.0971
vn 0.9834 0.1262 -0.1305
vn 0.7514 0.5157 -0.4117
vn -0.034 0.9553 0.2937
vn 0.0341 0.9553 0.2937
vn 0.0164 0.9951 -0.097
vn -0.108 0.5399 0.8348
vn 0.108 0.5399 0.8348
vn -0.0235 0.9997 -0.0008
vn 0.2595 0.9475 0.187
vn 0.1775 0.9825 0.0559
vn 0.7078 0.5496 0.4439
vn 0.4225 0.9017 0.0917
vn 0.8281 0.5469 0.1233
vn -0.407 0.5545 0.7259
vn -0.7196 0.5405 0.436
vn -0.1293 0.9615 0.2425
vn -0.2508 0.9503 0.1844
vn 0.0399 0.9971 -0.0646
vn 0.0222 0.9997 0.0103
vn 0.1293 0.9615 0.2425
vn -0.0164 0.9952 -0.097
vn 0.407 0.5545 0.7259
vn -0.7526 0.5118 -0.4143
vn -0.4403 0.5057 -0.7419
vn -0.2682 0.9557 -0.1213
vn -0.1708 0.9456 -0.2768
vn 0.04 0.9981 0.0466
vn -0.276 0.961 -0.0188
vn -0.3796 0.9234 0.0564
vn 0.14 0.99 0.0175
vn -0.8506 0.5147 -0.1073
vn -0.8462 0.5173 0.1282
vn -0.075 0.9971 0.0129
vn -0.0399 0.9971 -0.0646
vn 0.0078 1 0.0055
vn 0.1786 0.9443 -0.2763
vn 0.0073 0.9996 -0.028
vn 0.4404 0.5057 -0.7419
vn 0.054 0.9272 -0.3706
vn 0.1177 0.4824 -0.868
vn -0.1177 0.4824 -0.868
vn -0.054 0.9272 -0.3706
vn -0.0054 1 -0.0047
vn -0.0073 0.9996 -0.0279
vn -0.0481 0.9983 0.0322
vn -0.4981 0.0039 -0.8671
vn 0.9963 -0.0238 0.0827
vn 1 -0.0023 0.0079
vn 0.9902 0.1183 0.0749
vn -0.2172 0.2961 -0.9301
vn -0.2253 0.2694 -0.9363
vn -0.5125 0.2791 -0.812
vn -0.8146 0.2317 -0.5318
vn -0.8513 0.1451 -0.5042
vn -0.9569 0.1753 -0.2317
vn 0.9963 -0.0237 0.0827
vn 1 -0.0023 0.0079
vn 0.9902 0.1183 0.0749
vn 0.2253 0.2694 -0.9363
vn 0.2173 0.2961 -0.9301
vn -0.9686 0.1086 0.2238
vn -0.97 -0.0432 0.2391
vn -0.8509 0.0491 0.523
vn 0.8501 0.0474 0.5244
vn 0.9694 0.1012 0.2235
vn 0.7294 0.5005 0.4664
vn 0.8513 0.1451 -0.5042
vn 0.5419 0.2325 -0.8076
vn 0.8146 0.2317 -0.5318
vn -0.9912 0.1324 -0.0027
vn -1 -0.0022 0.0078
vn -0.9902 0.1183 0.0749
vn 0.9694 -0.0565 0.2387
vn 0.5125 0.2791 -0.812
vn 0.9764 0.0597 -0.2074
vn 0.9569 0.1753 -0.2317
vn 0.5419 0.2325 -0.8076
vn 0.2325 0.269 -0.9347
vn 0.5125 0.2791 -0.812
vn 0.9972 0.0206 -0.0715
vn 0.9863 0.1453 -0.078
vn -0.9864 0.145 -0.0771
vn -0.997 0.0217 -0.0737
vn -0.5419 0.2325 -0.8076
vn -0.8146 0.2317 -0.5318
vn 0.8502 0.1387 -0.5079
vn 0.8146 0.2317 -0.5318
vn -0.9569 0.1753 -0.2317
vn -0.9764 0.0597 -0.2074
vn -0.9861 0.1464 -0.0785
vn 0.5032 -0.2246 0.8345
vn 0.819 -0.1587 0.5514
vn 0.5458 -0.0114 0.8378
vn -0.8513 0.1451 -0.5042
vn 0.2011 -0.1852 0.9619
vn 0.2211 0.0021 0.9752
vn -0.9972 0.0206 -0.0715
vn -0.9922 0.125 -0.0023
vn 0.0772 0.1861 -0.9795
vn -0 0.1853 -0.9827
vn 0.0747 0.2521 -0.9648
vn -1 -0.0023 0.0079
vn -0.991 0.1116 0.0742
vn -0 1 0.0045
vn -0 1 0.0045
vn -0 1 0.0045
vn 0.9912 0.1323 -0.0026
vn 0.2207 0.2936 -0.9301
vn -0.9963 -0.0238 0.0827
vn -0.9709 0.0954 0.2198
vn -0.0042 -0.1825 0.9832
vn 0.0809 -0.2729 0.9586
vn -0.0022 0.0049 1
vn -0 1 0.0045
vn -0 1 0.0045
vn -0 1 0.0045
vn -0.0758 0.2971 -0.9518
vn -0.0784 0.2711 -0.9593
vn -0.2176 0.2548 -0.9422
vn -0.9663 -0.0712 0.2473
vn -0.8488 0.0444 0.5269
vn 0.8157 -0.16 0.5559
vn 0.9663 -0.0712 0.2473
vn 0.8488 0.0444 0.5269
vn 0.0809 -0.0394 0.9959
vn 0.5081 -0.2382 0.8277
vn 0.5458 -0.0114 0.8378
vn 0.9709 0.0954 0.2198
vn -0.2306 -0.0373 0.9723
vn -0.2158 -0.2653 0.9397
vn -0.0739 0.0044 0.9973
vn -0.8157 -0.16 0.5559
vn -0.5458 -0.0114 0.8378
vn 0.0739 -0.2757 0.9584
vn 0.2162 -0.27 0.9383
vn 0.0774 -0.0418 0.9961
vn 0.2306 -0.0373 0.9723
vn -0.5204 0.2712 -0.8097
vn -0.5595 0.2292 -0.7965
vn -0.5081 -0.2382 0.8277
vn -0.2306 -0.0373 0.9723
vn -0.8208 -0.158 0.549
vn -0.5458 -0.0114 0.8378
vn -0.0774 -0.0418 0.9961
vn -0.0739 -0.2757 0.9584
vn -0 -0.0423 0.9991
vn -0.2267 0.1929 -0.9547
vn -0.2162 -0.27 0.9383
vn -0.5081 -0.2382 0.8277
vn -0 -0.2765 0.961
vn 0.3176 0.948 -0.0206
vn 0.3251 0.9457 0.0039
vn 0.5206 0.853 -0.0371
vn -0.9764 0.0596 -0.2075
vn 0.9973 0.0202 -0.0703
vn 0.9739 0.0348 -0.2245
vn 0.9865 0.1446 -0.0772
vn -0.0737 0.2984 -0.9516
vn -0.0748 0.2757 -0.9583
vn -0.9963 -0.0229 0.0829
vn 0.9587 0.1629 -0.2331
vn -0 0.9532 -0.3025
vn -0 0.8666 -0.499
vn -0.0237 0.953 -0.302
vn -0 0.5467 -0.8373
vn -0.0389 0.8656 -0.4992
vn -0 0.299 -0.9542
vn -0.0649 0.5455 -0.8356
vn 0.0389 0.8656 -0.4992
vn 0.0237 0.953 -0.302
vn 0.0649 0.5455 -0.8356
vn 0.0699 0.9534 -0.2936
vn 0.1127 0.8719 -0.4765
vn 0.191 0.5531 -0.8109
vn -0.1127 0.8719 -0.4765
vn -0.191 0.5531 -0.8109
vn 0.4472 0.56 -0.6975
vn 0.2581 0.8791 -0.4007
vn -0.4472 0.56 -0.6975
vn -0.2581 0.8791 -0.4007
vn -0.1628 0.9543 -0.2507
vn -0.0699 0.9534 -0.2936
vn 0.7061 0.5473 -0.4493
vn 0.4082 0.8757 -0.258
vn 0.1628 0.9543 -0.2507
vn 0.2567 0.9531 -0.1602
vn -0.7061 0.5473 -0.4493
vn -0.4082 0.8757 -0.258
vn -0.2567 0.9531 -0.1602
vn 0.8309 0.5216 -0.1936
vn 0.4925 0.863 -0.1128
vn 0.3037 0.9504 -0.0675
vn -0.8309 0.5216 -0.1937
vn -0.4925 0.863 -0.1128
vn -0.3037 0.9504 -0.0675
vn 0.5205 0.853 -0.0371
vn 0.3175 0.948 -0.0206
vn 0.86 0.5062 -0.0649
vn -0.3179 0.9479 -0.0193
vn -0.8581 0.5094 -0.0649
vn 0.5247 0.8513 0.0031
vn 0.325 0.9457 0.0039
vn 0.8638 0.5038 0.0016
vn -0.5182 0.8546 -0.0346
vn -0.5494 0.8355 0.0068
vn -0.8763 0.4818 0.0009
vn 0.5288 0.8476 0.044
vn 0.331 0.9432 0.0293
vn 0.8637 0.4993 0.0686
vn -0.5471 0.8359 0.0449
vn -0.3456 0.9384 0.0069
vn -0.874 0.4812 0.0673
vn -0.5096 0.852 0.1199
vn -0.3462 0.9376 0.0312
vn -0.8427 0.5009 0.1976
vn 0.3258 0.9421 0.0801
vn 0.5092 0.852 0.1221
vn 0.8421 0.5014 0.1987
vn 0.7294 0.5005 0.4664
vn 0.4325 0.8576 0.2783
vn -0.7294 0.5005 0.4663
vn -0.4325 0.8576 0.2783
vn -0.2803 0.9424 0.1825
vn -0.3262 0.9421 0.0782
vn 0.4705 0.4867 0.7361
vn 0.2796 0.8538 0.4391
vn 0.2803 0.9424 0.1825
vn 0.1807 0.9411 0.2858
vn -0.1807 0.9411 0.2858
vn -0.2796 0.8538 0.4391
vn -0.0781 0.9387 0.3358
vn -0.4705 0.4867 0.7361
vn -0.1229 0.842 0.5253
vn -0.2021 0.4673 0.8607
vn 0.2021 0.4673 0.8607
vn 0.1229 0.842 0.5253
vn 0.0781 0.9387 0.3358
vn -0.0266 0.9377 0.3465
vn -0.0424 0.8339 0.5503
vn -0.0686 0.4572 0.8867
vn 0.0424 0.8339 0.5503
vn 0.0266 0.9377 0.3465
vn 0.0686 0.4572 0.8867
vn -0 0.4582 0.8889
vn -0 0.8348 0.5506
vn -0 0.9376 0.3477
vn 0.4926 0.8629 -0.1128
vn 0.86 0.5061 -0.0649
vn 0.831 0.5215 -0.1937
vn 0.5248 0.8512 0.0031
vn 0.8638 0.5038 0.0016
vn 0.5288 0.8476 0.044
vn 0.3311 0.9431 0.0293
vn 0.8637 0.4993 0.0686
vn 0.9912 0.1323 -0.0026
vn 0.8421 0.5014 0.1987
vn 0.5093 0.8519 0.1221
vn 0.4472 0.56 -0.6975
vn 0.7061 0.5473 -0.4493
vn 0.2581 0.8791 -0.4008
vn 0.4082 0.8757 -0.258
vn 0.1629 0.9543 -0.2507
vn 0.2568 0.9531 -0.1602
vn 0.3038 0.9504 -0.0675
vn 0.4325 0.8576 0.2784
vn 0.2804 0.9424 0.1826
vn 0.3259 0.942 0.0801
vn 0.2797 0.8538 0.4392
vn 0.1808 0.9411 0.2859
vn 0.4705 0.4867 0.7361
vn 0.0699 0.9534 -0.2937
vn 0.1127 0.8719 -0.4766
vn 0.0237 0.953 -0.3021
vn 0.191 0.5531 -0.8109
vn 0.0389 0.8656 -0.4992
vn 0.0649 0.5455 -0.8356
vn 0.2021 0.4673 0.8607
vn 0.1229 0.842 0.5253
vn 0.0781 0.9386 0.3359
vn 0.0424 0.8339 0.5503
vn 0.0266 0.9376 0.3466
vn 0.0686 0.4572 0.8867
vn -0 0.8666 -0.499
vn -0 0.5468 -0.8373
vn -0.0389 0.8656 -0.4992
vn -0 0.9531 -0.3026
vn -0.0237 0.953 -0.3021
vn -0.0001 0.2529 -0.9675
vn -0.0686 0.4572 0.8867
vn -0 0.4582 0.8888
vn -0.0424 0.8339 0.5503
vn -0 0.8348 0.5506
vn -0.0266 0.9376 0.3466
vn -0.0681 -0.1816 0.981
vn -0 0.9376 0.3478
vn -0.191 0.5531 -0.8109
vn -0.0649 0.5455 -0.8356
vn -0.1127 0.8719 -0.4766
vn -0.0699 0.9534 -0.2937
vn -0.4472 0.56 -0.6975
vn -0.2581 0.8791 -0.4008
vn -0.1629 0.9542 -0.2508
vn -0.1808 0.9411 0.2859
vn -0.2797 0.8538 0.4392
vn -0.0781 0.9386 0.3359
vn -0.4704 0.4867 0.7361
vn -0.1229 0.842 0.5253
vn -0.2021 0.4673 0.8607
vn -0.7061 0.5474 -0.4493
vn -0.4082 0.8757 -0.258
vn -0.2568 0.9531 -0.1602
vn -0.8309 0.5216 -0.1936
vn -0.4926 0.8629 -0.1128
vn -0.3038 0.9503 -0.0675
vn -0.5092 0.8519 0.1221
vn -0.4325 0.8576 0.2784
vn -0.3259 0.942 0.0801
vn -0.8421 0.5014 0.1986
vn -0.7294 0.5005 0.4663
vn -0.2804 0.9424 0.1826
vn -0.3176 0.948 -0.0207
vn -0.5206 0.853 -0.0371
vn -0.86 0.5062 -0.0649
vn -0.3251 0.9457 0.0039
vn -0.5248 0.8512 0.0031
vn -0.8638 0.5038 0.0016
vn -0.3311 0.9431 0.0293
vn -0.5288 0.8476 0.044
vn -0.8637 0.4993 0.0686
vn -0 1 0.0045
vn -0 1 0.0045
vn -0 1 0.0045
vn -0 1 0.0039
vn -0 1 0.0039
vn -0 1 0.0039
vn -0 1 0.0039
vn -0 1 0.0039
vn -0 1 0.0039
vn -0 1 0.0039
vn -0 1 0.0039
vn -0 1 0.0039
vn -0 1 0.0039
vn -0 1 0.0039
vn -0 1 0.0039
vn -0 1 0.0039
vn -0 1 0.0039
vn -0 1 0.0039
vn -0 1 0.0039
vn -0 1 0.0039
vn -0 1 0.0039
vn -0 1 0.0039
vn -0 1 0.0039
vn -0 1 0.0039
vn -0 1 0.0039
vn -0 1 0.0039
vn -0 1 0.0039
vn -0 1 0.0039
vn -0 1 0.0039
vn -0 1 0.0039
vn -0 1 0.0039
vn -0 1 0.0039
vn -0 1 0.0039
vn -0 1 0.0039
vn -0 1 0.0039
vn -0 1 0.0039
vn -0 1 0.0039
vn -0 1 0.0039
vn -0 1 0.0039
vn -0 1 0.0039
vn -0 1 0.0039
vn -0 1 0.0039
vn -0 1 0.0039
vn -0 1 0.0039
vn -0 1 0.0039
vn -0 1 0.0039
vn -0 1 0.0039
vn -0 1 0.0039
vn -0 1 0.0039
vn -0 1 0.0039
vn -0 1 0.0039
vn -0 1 0.0039
vn -0 1 0.0039
vn -0 1 0.0039
vn -0 1 0.0039
vn -0 1 0.0039
vn -0 1 0.0039
vn -0 1 0.0039
vn -0 1 0.0039
vn -0 1 0.0039
vn -0 1 0.0039
vn -0 1 0.0039
vn -0.0038 0.9999 -0.0129
vn -0.0934 0.9093 -0.4056
vn -0 0.9999 -0.0133
vn -0 0.9093 -0.4161
vn 0.0934 0.9093 -0.4056
vn 0.1821 0.9091 -0.3746
vn 0.0038 0.9999 -0.0129
vn -0.0075 0.9999 -0.0116
vn -0.1821 0.9091 -0.3746
vn 0.2617 0.9089 -0.3246
vn 0.0075 0.9999 -0.0116
vn -0.0108 0.9999 -0.0096
vn -0.2617 0.9089 -0.3246
vn 0.3282 0.9087 -0.2581
vn 0.0108 0.9999 -0.0096
vn -0.0136 0.9999 -0.007
vn -0.3282 0.9087 -0.2581
vn 0.3782 0.9083 -0.1786
vn 0.0136 0.9999 -0.007
vn -0.0158 0.9999 -0.0037
vn -0.3782 0.9083 -0.1786
vn 0.4093 0.908 -0.0898
vn 0.0158 0.9999 -0.0037
vn -0.0173 0.9999 -0
vn -0.4093 0.908 -0.0898
vn 0.4198 0.9076 0.0036
vn 0.0173 0.9999 -0
vn -0.0179 0.9998 0.0039
vn -0.4198 0.9076 0.0036
vn 0.4093 0.9072 0.097
vn 0.0179 0.9998 0.0039
vn -0.0176 0.9998 0.0079
vn -0.4093 0.9072 0.097
vn -0.0164 0.9998 0.0118
vn -0.3783 0.9069 0.1857
vn 0.3783 0.9069 0.1857
vn 0.0176 0.9998 0.0079
vn 0.3283 0.9065 0.2654
vn 0.0164 0.9998 0.0118
vn -0.0143 0.9998 0.0153
vn -0.3283 0.9065 0.2654
vn 0.2618 0.9063 0.3319
vn 0.0143 0.9998 0.0153
vn -0.008 0.9998 0.0206
vn -0.1822 0.9061 0.3819
vn -0.0115 0.9998 0.0183
vn -0.2618 0.9063 0.3319
vn 0.1822 0.9061 0.3819
vn 0.0115 0.9998 0.0183
vn -0.0041 0.9997 0.022
vn -0.0934 0.9059 0.413
vn 0.0934 0.9059 0.413
vn 0.008 0.9998 0.0206
vn -0 0.9997 0.0225
vn -0 0.9059 0.4235
vn 0.0041 0.9997 0.022
vn -0 1 0.0052
vn -0 1 0.0039
vn -0 1 0.0039
vn -0 1 0.0039
vn -0 1 0.0039
vn -0 1 0.004
vn -0 1 0.004
vn -0 1 0.004
vn -0 1 0.0039
vn -0 1 0.0039
vn -0 1 0.0039
vn -0 1 0.0039
vn -0 1 0.0039
vn -0 1 0.0039
vn -0 1 0.0039
vn -0 1 0.0039
vn -0 1 0.0039
vn -0 1 0.004
vn -0 1 0.004
vn -0 1 0.004
vn -0 1 0.0039
vn -0 1 0.0039
vn -0 1 0.0039
vn -0 1 0.0039
vn -0 1 0.0039
vn -0 1 0.0039
vn -0 1 0.0039
vn -0 1 0.0039
vn -0 1 0.0039
vn -0 1 0.0039
vn -0 1 0.0039
vn -0 1 0.0039
vn -0 1 0.0039
vn -0 1 0.0039
vn -0 1 0.0039
vn -0 1 0.0039
vn -0 1 0.0039
vn -0 1 0.0039
vn -0 1 0.0039
vn -0 1 0.0039
vn -0 1 0.0039
vn -0 1 0.0039
vn -0 1 0.0039
vn -0 1 0.0039
vn -0 1 0.0039
vn -0 1 0.0039
vn -0 1 0.0039
vn -0 1 0.0039
vn -0 1 0.0039
vn -0 1 0.004
vn -0 1 0.004
vn -0 1 0.004
vn -0 1 0.0039
vn -0 1 0.0039
vn -0 1 0.0039
vn -0 1 0.0039
vn -0 1 0.0039
vn -0 1 0.0039
vn -0 1 0.0039
vn -0 1 0.0039
vn -0.0038 0.9999 -0.0129
vn -0.0934 0.9093 -0.4056
vn -0 0.9999 -0.0133
vn -0 0.9093 -0.4161
vn 0.0934 0.9093 -0.4056
vn 0.1821 0.9091 -0.3746
vn 0.0038 0.9999 -0.0129
vn -0.0075 0.9999 -0.0116
vn -0.1821 0.9091 -0.3746
vn 0.2617 0.9089 -0.3246
vn 0.0075 0.9999 -0.0116
vn -0.0108 0.9999 -0.0097
vn -0.2617 0.9089 -0.3246
vn 0.3282 0.9087 -0.2581
vn 0.0108 0.9999 -0.0096
vn -0.0136 0.9999 -0.007
vn -0.3282 0.9087 -0.2581
vn 0.3782 0.9083 -0.1786
vn 0.0136 0.9999 -0.007
vn -0.0158 0.9999 -0.0037
vn -0.3782 0.9083 -0.1786
vn 0.4093 0.908 -0.0898
vn 0.0158 0.9999 -0.0037
vn -0.0173 0.9999 -0
vn -0.4093 0.908 -0.0898
vn 0.4198 0.9076 0.0036
vn 0.0173 0.9999 -0
vn -0.0179 0.9998 0.0039
vn -0.4198 0.9076 0.0036
vn 0.4093 0.9072 0.097
vn 0.0179 0.9998 0.0039
vn -0.0176 0.9998 0.0079
vn -0.4093 0.9072 0.097
vn -0.0164 0.9998 0.0118
vn -0.3783 0.9069 0.1857
vn 0.3783 0.9069 0.1857
vn 0.0176 0.9998 0.0079
vn 0.3283 0.9065 0.2654
vn 0.0164 0.9998 0.0118
vn -0.0143 0.9998 0.0153
vn -0.3283 0.9065 0.2654
vn 0.2618 0.9063 0.3319
vn 0.0143 0.9998 0.0153
vn -0.008 0.9998 0.0206
vn -0.1822 0.9061 0.3819
vn -0.0115 0.9998 0.0183
vn -0.2618 0.9063 0.3319
vn 0.1822 0.9061 0.3819
vn 0.0115 0.9998 0.0183
vn -0.0041 0.9997 0.022
vn -0.0934 0.9059 0.413
vn 0.0934 0.9059 0.413
vn 0.008 0.9998 0.0206
vn -0 0.9997 0.0225
vn -0 0.9059 0.4235
vn 0.0041 0.9997 0.022
vn -0 1 0.0052
vn -0 1 0.0045
vn -0 1 0.0045
vn -0 1 0.0045
vn -0 1 0.0045
vn -0 1 0.0045
vn 0.0086 1 0.0051
vn 0.0086 1 0.0051
vn 0.0086 1 0.0051
vn 0.1328 0.9911 0.0005
vn 0.1328 0.9911 0.0005
vn 0.1328 0.9911 0.0005
vn 0.0317 0.9995 0.0051
vn 0.0317 0.9995 0.0051
vn 0.0317 0.9995 0.0051
vn 0.0084 0.9999 0.0057
vn 0.0084 0.9999 0.0057
vn 0.0084 0.9999 0.0057
vn 0.1328 0.9911 0.0005
vn 0.1328 0.9911 0.0005
vn 0.1328 0.9911 0.0005
vn 0.0317 0.9995 0.0051
vn 0.0317 0.9995 0.0051
vn 0.0317 0.9995 0.0051
vn -0 1 0.0057
vn -0 1 0.0057
vn -0 1 0.0057
vn 0.7414 -0.016 0.6708
vn 0.0712 -0.1039 0.992
vn 0.623 0.0101 0.7822
vn -0.1219 0.0176 0.9924
vn -0 1 0.0045
vn -0 1 0.0045
vn -0 1 0.0045
vn -0 1 0.0045
vn -0 1 0.0045
vn -0 1 0.0045
vn -0 1 0.0045
vn -0 1 0.0045
vn -0 1 0.0045
vn -0 1 0.0045
vn -0 1 0.0045
vn -0 1 0.0045
vn -0 1 0.0045
vn -0 1 0.0045
vn -0 1 0.0045
vn -0.9854 0.0618 0.1588
vn -0.9854 0.0618 0.1588
vn -0.9854 0.0618 0.1588
vn 0.2387 0.8974 -0.3712
vn 0.1246 0.9898 -0.0686
vn 0.8127 0.4713 -0.3427
vn -0 0.9914 0.1307
vn -0 0.9914 0.1307
vn -0 0.9914 0.1307
vn -0 0.9884 0.1518
vn -0 0.9884 0.1518
vn -0 0.9884 0.1518
vn -0 0.9747 0.2235
vn -0 0.9747 0.2235
vn -0 0.9747 0.2235
vn -0 0.9257 0.3782
vn -0 0.9257 0.3782
vn -0 0.9257 0.3782
vn -0 0.7803 0.6254
vn -0 0.7803 0.6254
vn -0 0.7803 0.6254
vn -0 0.5082 0.8612
vn -0 0.5082 0.8612
vn -0 0.5082 0.8612
vn -0 0.244 0.9698
vn -0 0.244 0.9698
vn -0 0.244 0.9698
vn -0 0.0851 0.9964
vn -0 0.0851 0.9964
vn -0 0.0851 0.9964
vn -0 0.0127 0.9999
vn -0 0.0127 0.9999
vn -0 0.0127 0.9999
vn -0 -0.0086 1
vn -0 -0.0086 1
vn -0 -0.0086 1
vn -0 0.9919 0.1273
vn -0 0.9919 0.1273
vn -0 0.9919 0.1273
vn -0 0.9944 0.1061
vn -0 0.9944 0.1061
vn -0 0.9944 0.1061
vn -0 0.9995 0.0311
vn -0 0.9995 0.0311
vn -0 0.9995 0.0311
vn -0 0.9894 -0.1452
vn -0 0.9894 -0.1452
vn -0 0.9894 -0.1452
vn -0 0.8828 -0.4698
vn -0 0.8828 -0.4698
vn -0 0.8828 -0.4698
vn -0 0.5852 -0.8109
vn -0 0.5852 -0.8109
vn -0 0.5852 -0.8109
vn -0 0.2796 -0.9601
vn -0 0.2796 -0.9601
vn -0 0.2796 -0.9601
vn -0 0.1075 -0.9942
vn -0 0.1075 -0.9942
vn -0 0.1075 -0.9942
vn -0 0.0331 -0.9995
vn -0 0.0331 -0.9995
vn -0 0.0331 -0.9995
vn -0 0.0118 -0.9999
vn -0 0.0118 -0.9999
vn -0 0.0118 -0.9999
vn 0.0016 0.9916 0.129
vn 0.0016 0.9916 0.129
vn 0.0016 0.9916 0.129
vn 0.023 0.9914 0.129
vn 0.023 0.9914 0.129
vn 0.023 0.9914 0.129
vn 0.0969 0.987 0.1284
vn 0.0969 0.987 0.1284
vn 0.0969 0.987 0.1284
vn 0.2634 0.9566 0.1245
vn 0.2634 0.9566 0.1245
vn 0.2634 0.9566 0.1245
vn 0.5484 0.8293 0.1079
vn 0.5484 0.8293 0.1079
vn 0.5484 0.8293 0.1079
vn 0.8344 0.5465 0.0711
vn 0.8344 0.5465 0.0711
vn 0.8344 0.5465 0.0711
vn 0.9642 0.2629 0.0342
vn 0.9642 0.2629 0.0342
vn 0.9642 0.2629 0.0342
vn 0.9952 0.0969 0.0126
vn 0.9952 0.0969 0.0126
vn 0.9952 0.0969 0.0126
vn 0.9997 0.023 0.003
vn 0.9997 0.023 0.003
vn 0.9997 0.023 0.003
vn 1 0.0017 0.0002
vn 1 0.0017 0.0002
vn 1 0.0017 0.0002
vn -0.0017 0.9916 0.129
vn -0.0017 0.9916 0.129
vn -0.0017 0.9916 0.129
vn -0.023 0.9914 0.129
vn -0.023 0.9914 0.129
vn -0.023 0.9914 0.129
vn -0.097 0.987 0.1284
vn -0.097 0.987 0.1284
vn -0.097 0.987 0.1284
vn -0.2634 0.9566 0.1245
vn -0.2634 0.9566 0.1245
vn -0.2634 0.9566 0.1245
vn -0.5484 0.8292 0.1079
vn -0.5484 0.8292 0.1079
vn -0.5484 0.8292 0.1079
vn -0.8344 0.5466 0.0711
vn -0.8344 0.5466 0.0711
vn -0.8344 0.5466 0.0711
vn -0.9642 0.2629 0.0342
vn -0.9642 0.2629 0.0342
vn -0.9642 0.2629 0.0342
vn -0.9953 0.0965 0.0126
vn -0.9953 0.0965 0.0126
vn -0.9953 0.0965 0.0126
vn -0.9997 0.0232 0.003
vn -0.9997 0.0232 0.003
vn -0.9997 0.0232 0.003
vn -1 0.0018 0.0002
vn -1 0.0018 0.0002
vn -1 0.0018 0.0002
vn -0 1 0.0025
vn -0 1 0.0025
vn -0 1 0.0025
vn -0 0.9998 -0.019
vn -0 0.9998 -0.019
vn -0 0.9998 -0.019
vn -0 0.9957 -0.0932
vn -0 0.9957 -0.0932
vn -0 0.9957 -0.0932
vn -0 0.9655 -0.2603
vn -0 0.9655 -0.2603
vn -0 0.9655 -0.2603
vn -0 0.8376 -0.5463
vn -0 0.8376 -0.5463
vn -0 0.8376 -0.5463
vn -0 0.5531 -0.8331
vn -0 0.4157 -0.9095
vn -0 0.1853 -0.9827
vn 0.7976 0.371 -0.4756
vn -0 0.0642 -0.9979
vn 0.8283 0.17 -0.5339
vn -0 0.0164 -0.9999
vn 0.8405 0.0584 -0.5387
vn -0 0.0048 -1
vn 0.7124 0.0485 -0.7001
vn -0 1 0.0026
vn -0 1 0.0026
vn -0 1 0.0026
vn -0 0.9998 -0.0189
vn -0 0.9998 -0.0189
vn -0 0.9998 -0.0189
vn -0 0.9957 -0.0931
vn -0 0.9957 -0.0931
vn -0 0.9957 -0.0931
vn -0 0.9656 -0.2602
vn -0 0.9656 -0.2602
vn -0 0.9656 -0.2602
vn -0 0.8376 -0.5463
vn -0 0.8376 -0.5463
vn -0 0.8376 -0.5463
vn -0 0.3996 -0.9167
vn -0 0.4157 -0.9095
vn -0 0.5531 -0.8331
vn -0 0.1812 -0.9834
vn -0 0.1853 -0.9827
vn -0 0.0636 -0.998
vn -0 0.0642 -0.9979
vn -0 0.0163 -0.9999
vn -0 0.0163 -0.9999
vn -0.6001 0.0038 -0.8
vn -0 0.0047 -1
vn -0 1 0.0025
vn -0 1 0.0025
vn -0 0.9998 -0.0189
vn -0 0.9998 -0.0189
vn -0 0.9957 -0.0931
vn -0 0.9957 -0.0931
vn -0 0.9655 -0.2602
vn -0 0.9655 -0.2602
vn -0 0.9655 -0.2602
vn -0 0.8376 -0.5463
vn -0 0.5531 -0.8331
vn 1 -0 -0
vn 1 -0 -0
vn 1 -0 -0
vn -0 0.0102 -0.9999
vn -0 0.0102 -0.9999
vn -0 0.0102 -0.9999
vn -1 -0 -0
vn -1 -0 -0
vn -1 -0 -0
vn -0 -0.0102 0.9999
vn -0 -0.0102 0.9999
vn -0 -0.0102 0.9999
vn -0.0005 1 0.0045
vn -0.0005 1 0.0045
vn -0.0005 1 0.0045
vn -0 1 0.0042
vn -0 1 0.0042
vn -0 1 0.0042
vn -1 -0 -0
vn -0.6769 -0.013 0.736
vn -0.7071 0.0028 -0.7071
vn -0 0.0039 -1
vn -0.0004 1 0.0044
vn -0.0004 1 0.0044
vn -0.0004 1 0.0044
vn -0.0006 1 0.0045
vn -0.0006 1 0.0045
vn -0.0006 1 0.0045
vn -0.0008 1 0.0045
vn -0.0008 1 0.0045
vn -0.0008 1 0.0045
vn 0.0004 1 0.0045
vn 0.0004 1 0.0045
vn 0.0004 1 0.0045
vn 0.7071 0.0028 -0.7071
vn 0.8595 0.3955 -0.3238
vn -0 1 0.0041
vn -0 1 0.0041
vn -0 1 0.0041
vn 0.0003 1 0.0044
vn 0.0003 1 0.0044
vn 0.0003 1 0.0044
vn -0 0.0039 -1
vn 0.7069 0.0035 -0.7073
vn 0.0005 1 0.0045
vn 0.0005 1 0.0045
vn 0.0005 1 0.0045
vn 0.0007 1 0.0045
vn 0.0007 1 0.0045
vn 0.0007 1 0.0045
vn -0 1 0.0042
vn -0 1 0.0042
vn -0 1 0.0042
vn -0 1 0.0042
vn -0 1 0.0042
vn 0.0001 1 0.0042
vn 0.0001 1 0.0042
vn 0.0001 1 0.0042
vn -0.0809 0.9766 0.1993
vn -0.0809 0.9766 0.1993
vn -0.0809 0.9766 0.1993
vn -0.2336 0.9526 0.1948
vn -0.2336 0.9526 0.1948
vn -0.2336 0.9526 0.1948
vn -0.3807 0.9057 0.1866
vn -0.3807 0.9057 0.1866
vn -0.3807 0.9057 0.1866
vn -0.5187 0.8363 0.1777
vn -0.5187 0.8363 0.1777
vn -0.5187 0.8363 0.1777
vn -0.644 0.7463 0.1683
vn -0.644 0.7463 0.1683
vn -0.644 0.7463 0.1683
vn -0.08 0.9356 0.344
vn -0.08 0.9356 0.344
vn -0.08 0.9356 0.344
vn -0.2338 0.9098 0.3428
vn -0.2338 0.9098 0.3428
vn -0.2338 0.9098 0.3428
vn -0.3787 0.8626 0.3354
vn -0.3787 0.8626 0.3354
vn -0.3787 0.8626 0.3354
vn -0.5095 0.7967 0.3251
vn -0.5095 0.7967 0.3251
vn -0.5095 0.7967 0.3251
vn -0.6248 0.7146 0.3146
vn -0.6248 0.7146 0.3146
vn -0.6248 0.7146 0.3146
vn -0.077 0.8755 0.4771
vn -0.077 0.8755 0.4771
vn -0.077 0.8755 0.4771
vn -0.2299 0.8484 0.4768
vn -0.2299 0.8484 0.4768
vn -0.2299 0.8484 0.4768
vn -0.3707 0.8025 0.4675
vn -0.3707 0.8025 0.4675
vn -0.3707 0.8025 0.4675
vn -0.4928 0.7428 0.4532
vn -0.4928 0.7428 0.4532
vn -0.4928 0.7428 0.4532
vn -0.5967 0.6716 0.4392
vn -0.5967 0.6716 0.4392
vn -0.5967 0.6716 0.4392
vn -0.0753 0.7984 0.5974
vn -0.0753 0.7984 0.5974
vn -0.0753 0.7984 0.5974
vn -0.2252 0.7731 0.593
vn -0.2252 0.7731 0.593
vn -0.2252 0.7731 0.593
vn -0.3602 0.7325 0.5777
vn -0.3602 0.7325 0.5777
vn -0.3602 0.7325 0.5777
vn -0.4733 0.6829 0.5565
vn -0.4733 0.6829 0.5565
vn -0.4733 0.6829 0.5565
vn -0.5661 0.6254 0.537
vn -0.5661 0.6254 0.537
vn -0.5661 0.6254 0.537
vn -0.0761 0.7062 0.7039
vn -0.0761 0.7062 0.7039
vn -0.0761 0.7062 0.7039
vn -0.2229 0.6867 0.6919
vn -0.2229 0.6867 0.6919
vn -0.2229 0.6867 0.6919
vn -0.351 0.656 0.6682
vn -0.351 0.656 0.6682
vn -0.351 0.656 0.6682
vn -0.4536 0.6208 0.6394
vn -0.4536 0.6208 0.6394
vn -0.4536 0.6208 0.6394
vn -0.5286 0.5861 0.6141
vn -0.5286 0.5861 0.6141
vn -0.5286 0.5861 0.6141
vn -0.9927 0.0766 0.0933
vn -0.9927 0.0766 0.0933
vn -0.9927 0.0766 0.0933
vn -0.9648 0.0723 0.2529
vn -0.9648 0.0723 0.2529
vn -0.9648 0.0723 0.2529
vn -0.9128 0.067 0.4028
vn -0.9128 0.067 0.4028
vn -0.9128 0.067 0.4028
vn -0.8406 0.0648 0.5378
vn -0.8406 0.0648 0.5378
vn -0.8406 0.0648 0.5378
vn -0.7517 0.0656 0.6563
vn -0.7517 0.0656 0.6563
vn -0.7517 0.0656 0.6563
vn -0.9663 0.2295 0.1166
vn -0.9663 0.2295 0.1166
vn -0.9663 0.2295 0.1166
vn -0.934 0.2277 0.2754
vn -0.934 0.2277 0.2754
vn -0.934 0.2277 0.2754
vn -0.8795 0.2225 0.4207
vn -0.8795 0.2225 0.4207
vn -0.8795 0.2225 0.4207
vn -0.8084 0.2177 0.547
vn -0.8084 0.2177 0.547
vn -0.8084 0.2177 0.547
vn -0.7242 0.2153 0.6551
vn -0.7242 0.2153 0.6551
vn -0.7242 0.2153 0.6551
vn -0.9167 0.376 0.1354
vn -0.9167 0.376 0.1354
vn -0.9167 0.376 0.1354
vn -0.881 0.3737 0.29
vn -0.881 0.3737 0.29
vn -0.881 0.3737 0.29
vn -0.8272 0.3653 0.427
vn -0.8272 0.3653 0.427
vn -0.8272 0.3653 0.427
vn -0.7614 0.3543 0.5428
vn -0.7614 0.3543 0.5428
vn -0.7614 0.3543 0.5428
vn -0.6857 0.3455 0.6406
vn -0.6857 0.3455 0.6406
vn -0.6857 0.3455 0.6406
vn -0.8452 0.5132 0.1492
vn -0.8452 0.5132 0.1492
vn -0.8452 0.5132 0.1492
vn -0.8102 0.5043 0.2987
vn -0.8102 0.5043 0.2987
vn -0.8102 0.5043 0.2987
vn -0.7614 0.4874 0.4276
vn -0.7614 0.4874 0.4276
vn -0.7614 0.4874 0.4276
vn -0.7057 0.467 0.5329
vn -0.7057 0.467 0.5329
vn -0.7057 0.467 0.5329
vn -0.6434 0.4496 0.6196
vn -0.6434 0.4496 0.6196
vn -0.6434 0.4496 0.6196
vn -0.7538 0.6376 0.159
vn -0.7538 0.6376 0.159
vn -0.7538 0.6376 0.159
vn -0.7246 0.6179 0.3053
vn -0.7246 0.6179 0.3053
vn -0.7246 0.6179 0.3053
vn -0.6848 0.5888 0.4293
vn -0.6848 0.5888 0.4293
vn -0.6848 0.5888 0.4293
vn -0.6422 0.5572 0.5264
vn -0.6422 0.5572 0.5264
vn -0.6422 0.5572 0.5264
vn -0.6025 0.5312 0.5956
vn -0.6025 0.5312 0.5956
vn -0.6025 0.5312 0.5956
vn -0.081 0.0636 0.9947
vn -0.081 0.0636 0.9947
vn -0.081 0.0636 0.9947
vn -0.0786 0.2126 0.974
vn -0.0786 0.2126 0.974
vn -0.0786 0.2126 0.974
vn -0.0756 0.3527 0.9327
vn -0.0756 0.3527 0.9327
vn -0.0756 0.3527 0.9327
vn -0.0747 0.4824 0.8727
vn -0.0747 0.4824 0.8727
vn -0.0747 0.4824 0.8727
vn -0.0762 0.6005 0.796
vn -0.0762 0.6005 0.796
vn -0.0762 0.6005 0.796
vn -0.2335 0.0639 0.9703
vn -0.2335 0.0639 0.9703
vn -0.2335 0.0639 0.9703
vn -0.2323 0.2163 0.9483
vn -0.2323 0.2163 0.9483
vn -0.2323 0.2163 0.9483
vn -0.2279 0.3565 0.9061
vn -0.2279 0.3565 0.9061
vn -0.2279 0.3565 0.9061
vn -0.2238 0.4809 0.8477
vn -0.2238 0.4809 0.8477
vn -0.2238 0.4809 0.8477
vn -0.222 0.5904 0.776
vn -0.222 0.5904 0.776
vn -0.222 0.5904 0.776
vn -0.3806 0.0622 0.9227
vn -0.3806 0.0622 0.9227
vn -0.3806 0.0622 0.9227
vn -0.3783 0.2159 0.9002
vn -0.3783 0.2159 0.9002
vn -0.3783 0.2159 0.9002
vn -0.3698 0.3539 0.8591
vn -0.3698 0.3539 0.8591
vn -0.3698 0.3539 0.8591
vn -0.3593 0.4715 0.8054
vn -0.3593 0.4715 0.8054
vn -0.3593 0.4715 0.8054
vn -0.3518 0.5709 0.7418
vn -0.3518 0.5709 0.7418
vn -0.3518 0.5709 0.7418
vn -0.5185 0.0619 0.8528
vn -0.5185 0.0619 0.8528
vn -0.5185 0.0619 0.8528
vn -0.51 0.2143 0.8331
vn -0.51 0.2143 0.8331
vn -0.51 0.2143 0.8331
vn -0.4931 0.348 0.7973
vn -0.4931 0.348 0.7973
vn -0.4931 0.348 0.7973
vn -0.4732 0.4577 0.7527
vn -0.4732 0.4577 0.7527
vn -0.4732 0.4577 0.7527
vn -0.4583 0.5434 0.7034
vn -0.4583 0.5434 0.7034
vn -0.4583 0.5434 0.7034
vn -0.644 0.0643 0.7623
vn -0.644 0.0643 0.7623
vn -0.644 0.0643 0.7623
vn -0.6256 0.2144 0.7501
vn -0.6256 0.2144 0.7501
vn -0.6256 0.2144 0.7501
vn -0.5973 0.3437 0.7246
vn -0.5973 0.3437 0.7246
vn -0.5973 0.3437 0.7246
vn -0.5662 0.4464 0.6929
vn -0.5662 0.4464 0.6929
vn -0.5662 0.4464 0.6929
vn -0.5428 0.5146 0.6637
vn -0.5428 0.5146 0.6637
vn -0.5428 0.5146 0.6637
vn 0.9946 0.0781 -0.068
vn 0.9946 0.0781 -0.068
vn 0.9946 0.0781 -0.068
vn 0.9715 0.0781 -0.2238
vn 0.9715 0.0781 -0.2238
vn 0.9715 0.0781 -0.2238
vn 0.9241 0.0769 -0.3743
vn 0.9241 0.0769 -0.3743
vn 0.9241 0.0769 -0.3743
vn 0.8537 0.0774 -0.5149
vn 0.8537 0.0774 -0.5149
vn 0.8537 0.0774 -0.5149
vn 0.7618 0.0803 -0.6428
vn 0.7618 0.0803 -0.6428
vn 0.7618 0.0803 -0.6428
vn 0.9714 0.2327 -0.0475
vn 0.9714 0.2327 -0.0475
vn 0.9714 0.2327 -0.0475
vn 0.9493 0.2366 -0.2072
vn 0.9493 0.2366 -0.2072
vn 0.9493 0.2366 -0.2072
vn 0.9027 0.2369 -0.359
vn 0.9027 0.2369 -0.359
vn 0.9027 0.2369 -0.359
vn 0.8353 0.236 -0.4966
vn 0.8353 0.236 -0.4966
vn 0.8353 0.236 -0.4966
vn 0.7503 0.2366 -0.6173
vn 0.7503 0.2366 -0.6173
vn 0.7503 0.2366 -0.6173
vn 0.9242 0.381 -0.0254
vn 0.9242 0.381 -0.0254
vn 0.9242 0.381 -0.0254
vn 0.9026 0.388 -0.1865
vn 0.9026 0.388 -0.1865
vn 0.9026 0.388 -0.1865
vn 0.8581 0.3871 -0.3373
vn 0.8581 0.3871 -0.3373
vn 0.8581 0.3871 -0.3373
vn 0.7964 0.3816 -0.4691
vn 0.7964 0.3816 -0.4691
vn 0.7964 0.3816 -0.4691
vn 0.7215 0.3771 -0.5807
vn 0.7215 0.3771 -0.5807
vn 0.7215 0.3771 -0.5807
vn 0.8542 0.52 -0.0056
vn 0.8542 0.52 -0.0056
vn 0.8542 0.52 -0.0056
vn 0.8348 0.525 -0.1658
vn 0.8348 0.525 -0.1658
vn 0.8348 0.525 -0.1658
vn 0.7961 0.5178 -0.3134
vn 0.7961 0.5178 -0.3134
vn 0.7961 0.5178 -0.3134
vn 0.7442 0.5042 -0.4381
vn 0.7442 0.5042 -0.4381
vn 0.7442 0.5042 -0.4381
vn 0.6827 0.4915 -0.5407
vn 0.6827 0.4915 -0.5407
vn 0.6827 0.4915 -0.5407
vn 0.7627 0.6467 0.0102
vn 0.7627 0.6467 0.0102
vn 0.7627 0.6467 0.0102
vn 0.7498 0.6447 -0.1488
vn 0.7498 0.6447 -0.1488
vn 0.7498 0.6447 -0.1488
vn 0.7208 0.6281 -0.2931
vn 0.7208 0.6281 -0.2931
vn 0.7208 0.6281 -0.2931
vn 0.6826 0.6037 -0.4118
vn 0.6826 0.6037 -0.4118
vn 0.6826 0.6037 -0.4118
vn 0.6467 0.5831 -0.4917
vn 0.6467 0.5831 -0.4917
vn 0.6467 0.5831 -0.4917
vn 0.0791 0.0852 -0.9932
vn 0.0791 0.0852 -0.9932
vn 0.0791 0.0852 -0.9932
vn 0.0797 0.2444 -0.9664
vn 0.0797 0.2444 -0.9664
vn 0.0797 0.2444 -0.9664
vn 0.0792 0.4029 -0.9118
vn 0.0792 0.4029 -0.9118
vn 0.0792 0.4029 -0.9118
vn 0.0801 0.554 -0.8287
vn 0.0801 0.554 -0.8287
vn 0.0801 0.554 -0.8287
vn 0.0832 0.691 -0.718
vn 0.0832 0.691 -0.718
vn 0.0832 0.691 -0.718
vn 0.2344 0.085 -0.9684
vn 0.2344 0.085 -0.9684
vn 0.2344 0.085 -0.9684
vn 0.2413 0.2478 -0.9383
vn 0.2413 0.2478 -0.9383
vn 0.2413 0.2478 -0.9383
vn 0.2445 0.4056 -0.8807
vn 0.2445 0.4056 -0.8807
vn 0.2445 0.4056 -0.8807
vn 0.245 0.5499 -0.7985
vn 0.245 0.5499 -0.7985
vn 0.245 0.5499 -0.7985
vn 0.2457 0.6758 -0.6949
vn 0.2457 0.6758 -0.6949
vn 0.2457 0.6758 -0.6949
vn 0.3843 0.0822 -0.9196
vn 0.3843 0.0822 -0.9196
vn 0.3843 0.0822 -0.9196
vn 0.3951 0.2457 -0.8852
vn 0.3951 0.2457 -0.8852
vn 0.3951 0.2457 -0.8852
vn 0.3966 0.4 -0.8263
vn 0.3966 0.4 -0.8263
vn 0.3966 0.4 -0.8263
vn 0.392 0.5364 -0.7474
vn 0.392 0.5364 -0.7474
vn 0.392 0.5364 -0.7474
vn 0.3876 0.6466 -0.657
vn 0.3876 0.6466 -0.657
vn 0.3876 0.6466 -0.657
vn 0.5242 0.0803 -0.8478
vn 0.5242 0.0803 -0.8478
vn 0.5242 0.0803 -0.8478
vn 0.5306 0.2485 -0.8104
vn 0.5306 0.2485 -0.8104
vn 0.5306 0.2485 -0.8104
vn 0.526 0.3907 -0.7554
vn 0.526 0.3907 -0.7554
vn 0.526 0.3907 -0.7554
vn 0.5133 0.5099 -0.6903
vn 0.5133 0.5099 -0.6903
vn 0.5133 0.5099 -0.6903
vn 0.5 0.6092 -0.6155
vn 0.5 0.6092 -0.6155
vn 0.5 0.6092 -0.6155
vn 0.6512 0.0849 -0.7541
vn 0.6512 0.0849 -0.7541
vn 0.6512 0.0849 -0.7541
vn 0.6497 0.24 -0.7213
vn 0.6497 0.24 -0.7213
vn 0.6497 0.24 -0.7213
vn 0.6335 0.3784 -0.6749
vn 0.6335 0.3784 -0.6749
vn 0.6335 0.3784 -0.6749
vn 0.6093 0.4901 -0.6233
vn 0.6093 0.4901 -0.6233
vn 0.6093 0.4901 -0.6233
vn 0.5871 0.5709 -0.574
vn 0.5871 0.5709 -0.574
vn 0.5871 0.5709 -0.574
vn 0.0822 0.9952 0.0539
vn 0.0822 0.9952 0.0539
vn 0.0822 0.9952 0.0539
vn 0.2373 0.97 0.0522
vn 0.2373 0.97 0.0522
vn 0.2373 0.97 0.0522
vn 0.3863 0.9211 0.0481
vn 0.3863 0.9211 0.0481
vn 0.3863 0.9211 0.0481
vn 0.5258 0.8497 0.0391
vn 0.5258 0.8497 0.0391
vn 0.5258 0.8497 0.0391
vn 0.6552 0.755 0.0249
vn 0.6552 0.755 0.0249
vn 0.6552 0.755 0.0249
vn 0.0837 0.9907 -0.1074
vn 0.0837 0.9907 -0.1074
vn 0.0837 0.9907 -0.1074
vn 0.2455 0.9628 -0.113
vn 0.2455 0.9628 -0.113
vn 0.2455 0.9628 -0.113
vn 0.3969 0.9103 -0.1178
vn 0.3969 0.9103 -0.1178
vn 0.3969 0.9103 -0.1178
vn 0.5393 0.833 -0.1238
vn 0.5393 0.833 -0.1238
vn 0.5393 0.833 -0.1238
vn 0.6516 0.7465 -0.1346
vn 0.6516 0.7465 -0.1346
vn 0.6516 0.7465 -0.1346
vn 0.0826 0.9588 -0.2717
vn 0.0826 0.9588 -0.2717
vn 0.0826 0.9588 -0.2717
vn 0.2479 0.9279 -0.2785
vn 0.2479 0.9279 -0.2785
vn 0.2479 0.9279 -0.2785
vn 0.3987 0.8733 -0.2798
vn 0.3987 0.8733 -0.2798
vn 0.3987 0.8733 -0.2798
vn 0.5286 0.8018 -0.2787
vn 0.5286 0.8018 -0.2787
vn 0.5286 0.8018 -0.2787
vn 0.6324 0.7217 -0.2814
vn 0.6324 0.7217 -0.2814
vn 0.6324 0.7217 -0.2814
vn 0.082 0.8977 -0.433
vn 0.082 0.8977 -0.433
vn 0.082 0.8977 -0.433
vn 0.2474 0.8663 -0.4339
vn 0.2474 0.8663 -0.4339
vn 0.2474 0.8663 -0.4339
vn 0.3953 0.8143 -0.425
vn 0.3953 0.8143 -0.425
vn 0.3953 0.8143 -0.425
vn 0.5103 0.7546 -0.4126
vn 0.5103 0.7546 -0.4126
vn 0.5103 0.7546 -0.4126
vn 0.6042 0.687 -0.4037
vn 0.6042 0.687 -0.4037
vn 0.6042 0.687 -0.4037
vn 0.0831 0.8074 -0.5841
vn 0.0831 0.8074 -0.5841
vn 0.0831 0.8074 -0.5841
vn 0.2467 0.7812 -0.5734
vn 0.2467 0.7812 -0.5734
vn 0.2467 0.7812 -0.5734
vn 0.3868 0.7397 -0.5506
vn 0.3868 0.7397 -0.5506
vn 0.3868 0.7397 -0.5506
vn 0.4955 0.693 -0.5236
vn 0.4955 0.693 -0.5236
vn 0.4955 0.693 -0.5236
vn 0.5727 0.6486 -0.5013
vn 0.5727 0.6486 -0.5013
vn 0.5727 0.6486 -0.5013
vn -0.2599 0.093 -0.9612
vn -0.2599 0.093 -0.9612
vn -0.2599 0.093 -0.9612
vn -0.2682 0.2613 -0.9273
vn -0.2682 0.2613 -0.9273
vn -0.2682 0.2613 -0.9273
vn -0.3571 0.2805 -0.891
vn -0.3571 0.2805 -0.891
vn -0.3571 0.2805 -0.891
vn -0.4958 0.2371 -0.8355
vn -0.4958 0.2371 -0.8355
vn -0.4958 0.2371 -0.8355
vn -0.6359 0.1927 -0.7473
vn -0.6359 0.1927 -0.7473
vn -0.6359 0.1927 -0.7473
vn -0.3174 0.2328 -0.9193
vn -0.3174 0.2328 -0.9193
vn -0.3174 0.2328 -0.9193
vn -0.2825 0.2898 -0.9145
vn -0.2825 0.2898 -0.9145
vn -0.2825 0.2898 -0.9145
vn -0.3351 0.3 -0.8932
vn -0.3351 0.3 -0.8932
vn -0.3351 0.3 -0.8932
vn -0.4658 0.268 -0.8433
vn -0.4658 0.268 -0.8433
vn -0.4658 0.268 -0.8433
vn -0.6189 0.2279 -0.7517
vn -0.6189 0.2279 -0.7517
vn -0.6189 0.2279 -0.7517
vn -0.3168 0.3851 -0.8668
vn -0.3168 0.3851 -0.8668
vn -0.3168 0.3851 -0.8668
vn -0.281 0.3674 -0.8866
vn -0.281 0.3674 -0.8866
vn -0.281 0.3674 -0.8866
vn -0.3184 0.3493 -0.8812
vn -0.3184 0.3493 -0.8812
vn -0.3184 0.3493 -0.8812
vn -0.4447 0.3235 -0.8352
vn -0.4447 0.3235 -0.8352
vn -0.4447 0.3235 -0.8352
vn -0.6025 0.2936 -0.7422
vn -0.6025 0.2936 -0.7422
vn -0.6025 0.2936 -0.7422
vn -0.2899 0.5345 -0.7939
vn -0.2899 0.5345 -0.7939
vn -0.2899 0.5345 -0.7939
vn -0.2632 0.4916 -0.8301
vn -0.2632 0.4916 -0.8301
vn -0.2632 0.4916 -0.8301
vn -0.3025 0.4619 -0.8338
vn -0.3025 0.4619 -0.8338
vn -0.3025 0.4619 -0.8338
vn -0.4292 0.4332 -0.7925
vn -0.4292 0.4332 -0.7925
vn -0.4292 0.4332 -0.7925
vn -0.5844 0.4073 -0.7018
vn -0.5844 0.4073 -0.7018
vn -0.5844 0.4073 -0.7018
vn -0.2368 0.667 -0.7064
vn -0.2368 0.667 -0.7064
vn -0.2368 0.667 -0.7064
vn -0.2236 0.6338 -0.7405
vn -0.2236 0.6338 -0.7405
vn -0.2236 0.6338 -0.7405
vn -0.2979 0.6119 -0.7327
vn -0.2979 0.6119 -0.7327
vn -0.2979 0.6119 -0.7327
vn -0.4219 0.5827 -0.6946
vn -0.4219 0.5827 -0.6946
vn -0.4219 0.5827 -0.6946
vn -0.5589 0.5468 -0.6234
vn -0.5589 0.5468 -0.6234
vn -0.5589 0.5468 -0.6234
vn -0.9928 0.09 -0.0788
vn -0.9928 0.09 -0.0788
vn -0.9928 0.09 -0.0788
vn -0.9448 0.2352 -0.228
vn -0.9448 0.2352 -0.228
vn -0.9448 0.2352 -0.228
vn -0.8971 0.3792 -0.2269
vn -0.8971 0.3792 -0.2269
vn -0.8971 0.3792 -0.2269
vn -0.8384 0.5186 -0.1674
vn -0.8384 0.5186 -0.1674
vn -0.8384 0.5186 -0.1674
vn -0.7618 0.6384 -0.1097
vn -0.7618 0.6384 -0.1097
vn -0.7618 0.6384 -0.1097
vn -0.9449 0.2572 -0.2027
vn -0.9449 0.2572 -0.2027
vn -0.9449 0.2572 -0.2027
vn -0.9326 0.2582 -0.2522
vn -0.9326 0.2582 -0.2522
vn -0.9326 0.2582 -0.2522
vn -0.9051 0.3446 -0.2491
vn -0.9051 0.3446 -0.2491
vn -0.9051 0.3446 -0.2491
vn -0.853 0.4813 -0.2016
vn -0.853 0.4813 -0.2016
vn -0.853 0.4813 -0.2016
vn -0.7686 0.6229 -0.1458
vn -0.7686 0.6229 -0.1458
vn -0.7686 0.6229 -0.1458
vn -0.8908 0.301 -0.3403
vn -0.8908 0.301 -0.3403
vn -0.8908 0.301 -0.3403
vn -0.9076 0.267 -0.3239
vn -0.9076 0.267 -0.3239
vn -0.9076 0.267 -0.3239
vn -0.8997 0.3184 -0.2987
vn -0.8997 0.3184 -0.2987
vn -0.8997 0.3184 -0.2987
vn -0.8573 0.4448 -0.2592
vn -0.8573 0.4448 -0.2592
vn -0.8573 0.4448 -0.2592
vn -0.7734 0.5967 -0.214
vn -0.7734 0.5967 -0.214
vn -0.7734 0.5967 -0.214
vn -0.8317 0.2727 -0.4837
vn -0.8317 0.2727 -0.4837
vn -0.8317 0.2727 -0.4837
vn -0.8623 0.2464 -0.4424
vn -0.8623 0.2464 -0.4424
vn -0.8623 0.2464 -0.4424
vn -0.8642 0.2965 -0.4065
vn -0.8642 0.2965 -0.4065
vn -0.8642 0.2965 -0.4065
vn -0.8318 0.4157 -0.3678
vn -0.8318 0.4157 -0.3678
vn -0.8318 0.4157 -0.3678
vn -0.755 0.5668 -0.3297
vn -0.755 0.5668 -0.3297
vn -0.755 0.5668 -0.3297
vn -0.7588 0.2206 -0.6128
vn -0.7588 0.2206 -0.6128
vn -0.7588 0.2206 -0.6128
vn -0.7872 0.2177 -0.577
vn -0.7872 0.2177 -0.577
vn -0.7872 0.2177 -0.577
vn -0.7858 0.2801 -0.5515
vn -0.7858 0.2801 -0.5515
vn -0.7858 0.2801 -0.5515
vn -0.7586 0.3988 -0.5152
vn -0.7586 0.3988 -0.5152
vn -0.7586 0.3988 -0.5152
vn -0.6994 0.5365 -0.4722
vn -0.6994 0.5365 -0.4722
vn -0.6994 0.5365 -0.4722
vn -0.0999 0.9858 -0.1353
vn -0.0999 0.9858 -0.1353
vn -0.0999 0.9858 -0.1353
vn -0.2667 0.9541 -0.1365
vn -0.2667 0.9541 -0.1365
vn -0.2667 0.9541 -0.1365
vn -0.2899 0.919 -0.2671
vn -0.2899 0.919 -0.2671
vn -0.2899 0.919 -0.2671
vn -0.251 0.8684 -0.4277
vn -0.251 0.8684 -0.4277
vn -0.251 0.8684 -0.4277
vn -0.2093 0.7948 -0.5696
vn -0.2093 0.7948 -0.5696
vn -0.2093 0.7948 -0.5696
vn -0.2418 0.952 -0.1877
vn -0.2418 0.952 -0.1877
vn -0.2418 0.952 -0.1877
vn -0.2948 0.9436 -0.1506
vn -0.2948 0.9436 -0.1506
vn -0.2948 0.9436 -0.1506
vn -0.3077 0.9231 -0.2308
vn -0.3077 0.9231 -0.2308
vn -0.3077 0.9231 -0.2308
vn -0.2817 0.8783 -0.3863
vn -0.2817 0.8783 -0.3863
vn -0.2817 0.8783 -0.3863
vn -0.2455 0.797 -0.5518
vn -0.2455 0.797 -0.5518
vn -0.2455 0.797 -0.5518
vn -0.3882 0.9069 -0.1638
vn -0.3882 0.9069 -0.1638
vn -0.3882 0.9069 -0.1638
vn -0.3691 0.9196 -0.1343
vn -0.3691 0.9196 -0.1343
vn -0.3691 0.9196 -0.1343
vn -0.3551 0.9155 -0.1889
vn -0.3551 0.9155 -0.1889
vn -0.3551 0.9155 -0.1889
vn -0.337 0.8835 -0.3254
vn -0.337 0.8835 -0.3254
vn -0.337 0.8835 -0.3254
vn -0.3138 0.8024 -0.5076
vn -0.3138 0.8024 -0.5076
vn -0.3138 0.8024 -0.5076
vn -0.5275 0.8418 -0.115
vn -0.5275 0.8418 -0.115
vn -0.5275 0.8418 -0.115
vn -0.4852 0.8676 -0.1088
vn -0.4852 0.8676 -0.1088
vn -0.4852 0.8676 -0.1088
vn -0.4606 0.8704 -0.1738
vn -0.4606 0.8704 -0.1738
vn -0.4606 0.8704 -0.1738
vn -0.443 0.842 -0.3079
vn -0.443 0.842 -0.3079
vn -0.443 0.842 -0.3079
vn -0.4268 0.7645 -0.4831
vn -0.4268 0.7645 -0.4831
vn -0.4268 0.7645 -0.4831
vn -0.6456 0.7594 -0.0807
vn -0.6456 0.7594 -0.0807
vn -0.6456 0.7594 -0.0807
vn -0.6132 0.783 -0.1048
vn -0.6132 0.783 -0.1048
vn -0.6132 0.783 -0.1048
vn -0.6008 0.7795 -0.1771
vn -0.6008 0.7795 -0.1771
vn -0.6008 0.7795 -0.1771
vn -0.5844 0.7518 -0.3054
vn -0.5844 0.7518 -0.3054
vn -0.5844 0.7518 -0.3054
vn -0.561 0.6909 -0.4559
vn -0.561 0.6909 -0.4559
vn -0.561 0.6909 -0.4559
vn 0.9927 0.0792 0.091
vn 0.9927 0.0792 0.091
vn 0.9927 0.0792 0.091
vn 0.9396 0.207 0.2727
vn 0.9396 0.207 0.2727
vn 0.9396 0.207 0.2727
vn 0.8845 0.3504 0.3079
vn 0.8845 0.3504 0.3079
vn 0.8845 0.3504 0.3079
vn 0.8216 0.4938 0.2848
vn 0.8216 0.4938 0.2848
vn 0.8216 0.4938 0.2848
vn 0.7499 0.6083 0.2602
vn 0.7499 0.6083 0.2602
vn 0.7499 0.6083 0.2602
vn 0.9397 0.2414 0.2421
vn 0.9397 0.2414 0.2421
vn 0.9397 0.2414 0.2421
vn 0.9237 0.2364 0.3015
vn 0.9237 0.2364 0.3015
vn 0.9237 0.2364 0.3015
vn 0.8895 0.3227 0.3235
vn 0.8895 0.3227 0.3235
vn 0.8895 0.3227 0.3235
vn 0.8445 0.4358 0.3113
vn 0.8445 0.4358 0.3113
vn 0.8445 0.4358 0.3113
vn 0.7537 0.5886 0.2923
vn 0.7537 0.5886 0.2923
vn 0.7537 0.5886 0.2923
vn 0.8766 0.2841 0.3883
vn 0.8766 0.2841 0.3883
vn 0.8766 0.2841 0.3883
vn 0.8953 0.2402 0.3752
vn 0.8953 0.2402 0.3752
vn 0.8953 0.2402 0.3752
vn 0.8837 0.2895 0.3679
vn 0.8837 0.2895 0.3679
vn 0.8837 0.2895 0.3679
vn 0.8368 0.4121 0.3604
vn 0.8368 0.4121 0.3604
vn 0.8368 0.4121 0.3604
vn 0.7451 0.5662 0.3524
vn 0.7451 0.5662 0.3524
vn 0.7451 0.5662 0.3524
vn 0.812 0.2535 0.5258
vn 0.812 0.2535 0.5258
vn 0.812 0.2535 0.5258
vn 0.8469 0.2078 0.4894
vn 0.8469 0.2078 0.4894
vn 0.8469 0.2078 0.4894
vn 0.8408 0.2694 0.4696
vn 0.8408 0.2694 0.4696
vn 0.8408 0.2694 0.4696
vn 0.7977 0.3903 0.4597
vn 0.7977 0.3903 0.4597
vn 0.7977 0.3903 0.4597
vn 0.7089 0.5387 0.4552
vn 0.7089 0.5387 0.4552
vn 0.7089 0.5387 0.4552
vn 0.7454 0.1656 0.6457
vn 0.7454 0.1656 0.6457
vn 0.7454 0.1656 0.6457
vn 0.7648 0.192 0.615
vn 0.7648 0.192 0.615
vn 0.7648 0.192 0.615
vn 0.7522 0.26 0.6054
vn 0.7522 0.26 0.6054
vn 0.7522 0.26 0.6054
vn 0.7115 0.3751 0.5942
vn 0.7115 0.3751 0.5942
vn 0.7115 0.3751 0.5942
vn 0.6409 0.504 0.579
vn 0.6409 0.504 0.579
vn 0.6409 0.504 0.579
vn 0.0806 0.9746 0.2088
vn 0.0806 0.9746 0.2088
vn 0.0806 0.9746 0.2088
vn 0.2384 0.9116 0.3349
vn 0.2384 0.9116 0.3349
vn 0.2384 0.9116 0.3349
vn 0.251 0.8493 0.4645
vn 0.251 0.8493 0.4645
vn 0.251 0.8493 0.4645
vn 0.2088 0.7812 0.5883
vn 0.2088 0.7812 0.5883
vn 0.2088 0.7812 0.5883
vn 0.1693 0.7025 0.6913
vn 0.1693 0.7025 0.6913
vn 0.1693 0.7025 0.6913
vn 0.208 0.9074 0.3652
vn 0.208 0.9074 0.3652
vn 0.208 0.9074 0.3652
vn 0.2632 0.8949 0.3603
vn 0.2632 0.8949 0.3603
vn 0.2632 0.8949 0.3603
vn 0.2703 0.8577 0.4374
vn 0.2703 0.8577 0.4374
vn 0.2703 0.8577 0.4374
vn 0.2383 0.7945 0.5585
vn 0.2383 0.7945 0.5585
vn 0.2383 0.7945 0.5585
vn 0.2012 0.7063 0.6787
vn 0.2012 0.7063 0.6787
vn 0.2012 0.7063 0.6787
vn 0.3466 0.8472 0.4025
vn 0.3466 0.8472 0.4025
vn 0.3466 0.8472 0.4025
vn 0.3347 0.8672 0.3687
vn 0.3347 0.8672 0.3687
vn 0.3347 0.8672 0.3687
vn 0.3165 0.8531 0.4148
vn 0.3165 0.8531 0.4148
vn 0.3165 0.8531 0.4148
vn 0.2899 0.7988 0.5271
vn 0.2899 0.7988 0.5271
vn 0.2899 0.7988 0.5271
vn 0.2617 0.7083 0.6556
vn 0.2617 0.7083 0.6556
vn 0.2617 0.7083 0.6556
vn 0.489 0.791 0.3677
vn 0.489 0.791 0.3677
vn 0.489 0.791 0.3677
vn 0.4507 0.8239 0.3435
vn 0.4507 0.8239 0.3435
vn 0.4507 0.8239 0.3435
vn 0.4199 0.8194 0.3902
vn 0.4199 0.8194 0.3902
vn 0.4199 0.8194 0.3902
vn 0.3908 0.775 0.4966
vn 0.3908 0.775 0.4966
vn 0.3908 0.775 0.4966
vn 0.3671 0.6923 0.6212
vn 0.3671 0.6923 0.6212
vn 0.3671 0.6923 0.6212
vn 0.6167 0.7253 0.3061
vn 0.6167 0.7253 0.3061
vn 0.6167 0.7253 0.3061
vn 0.5827 0.7531 0.3055
vn 0.5827 0.7531 0.3055
vn 0.5827 0.7531 0.3055
vn 0.5601 0.7443 0.3637
vn 0.5601 0.7443 0.3637
vn 0.5601 0.7443 0.3637
vn 0.53 0.7056 0.4704
vn 0.53 0.7056 0.4704
vn 0.53 0.7056 0.4704
vn 0.4974 0.6374 0.5885
vn 0.4974 0.6374 0.5885
vn 0.4974 0.6374 0.5885
vn 0.0815 0.074 0.9939
vn 0.0815 0.074 0.9939
vn 0.0815 0.074 0.9939
vn 0.2087 0.2377 0.9486
vn 0.2087 0.2377 0.9486
vn 0.2087 0.2377 0.9486
vn 0.3519 0.257 0.9001
vn 0.3519 0.257 0.9001
vn 0.3519 0.257 0.9001
vn 0.4969 0.2179 0.84
vn 0.4969 0.2179 0.84
vn 0.4969 0.2179 0.84
vn 0.6221 0.1774 0.7626
vn 0.6221 0.1774 0.7626
vn 0.6221 0.1774 0.7626
vn 0.2383 0.2076 0.9487
vn 0.2383 0.2076 0.9487
vn 0.2383 0.2076 0.9487
vn 0.2346 0.2621 0.9361
vn 0.2346 0.2621 0.9361
vn 0.2346 0.2621 0.9361
vn 0.3203 0.2736 0.9069
vn 0.3203 0.2736 0.9069
vn 0.3203 0.2736 0.9069
vn 0.4593 0.2461 0.8535
vn 0.4593 0.2461 0.8535
vn 0.4593 0.2461 0.8535
vn 0.6035 0.2103 0.7691
vn 0.6035 0.2103 0.7691
vn 0.6035 0.2103 0.7691
vn 0.2762 0.342 0.8982
vn 0.2762 0.342 0.8982
vn 0.2762 0.342 0.8982
vn 0.2435 0.3294 0.9123
vn 0.2435 0.3294 0.9123
vn 0.2435 0.3294 0.9123
vn 0.295 0.3157 0.9018
vn 0.295 0.3157 0.9018
vn 0.295 0.3157 0.9018
vn 0.4211 0.2949 0.8577
vn 0.4211 0.2949 0.8577
vn 0.4211 0.2949 0.8577
vn 0.5719 0.2711 0.7742
vn 0.5719 0.2711 0.7742
vn 0.5719 0.2711 0.7742
vn 0.2455 0.4721 0.8467
vn 0.2455 0.4721 0.8467
vn 0.2455 0.4721 0.8467
vn 0.2214 0.4364 0.8721
vn 0.2214 0.4364 0.8721
vn 0.2214 0.4364 0.8721
vn 0.2704 0.4118 0.8702
vn 0.2704 0.4118 0.8702
vn 0.2704 0.4118 0.8702
vn 0.3865 0.3909 0.8353
vn 0.3865 0.3909 0.8353
vn 0.3865 0.3909 0.8353
vn 0.5332 0.3739 0.7589
vn 0.5332 0.3739 0.7589
vn 0.5332 0.3739 0.7589
vn 0.1946 0.5863 0.7864
vn 0.1946 0.5863 0.7864
vn 0.1946 0.5863 0.7864
vn 0.1921 0.5563 0.8085
vn 0.1921 0.5563 0.8085
vn 0.1921 0.5563 0.8085
vn 0.2508 0.541 0.8027
vn 0.2508 0.541 0.8027
vn 0.2508 0.541 0.8027
vn 0.3618 0.5222 0.7723
vn 0.3618 0.5222 0.7723
vn 0.3618 0.5222 0.7723
vn 0.4939 0.4996 0.7117
vn 0.4939 0.4996 0.7117
vn 0.4939 0.4996 0.7117
vn 0.0001 0.0638 0.998
vn 0.0001 0.0638 0.998
vn 0.0001 0.0638 0.998
vn 0.0002 0.2132 0.977
vn 0.0002 0.2132 0.977
vn 0.0002 0.2132 0.977
vn 0.0003 0.3538 0.9353
vn 0.0003 0.3538 0.9353
vn 0.0003 0.3538 0.9353
vn 0.0003 0.4838 0.8752
vn 0.0003 0.4838 0.8752
vn 0.0003 0.4838 0.8752
vn 0.0003 0.6023 0.7983
vn 0.0003 0.6023 0.7983
vn 0.0003 0.6023 0.7983
vn 0.0003 0.7083 0.7059
vn 0.0003 0.7083 0.7059
vn 0.0003 0.7083 0.7059
vn 0.0003 0.8007 0.5991
vn 0.0003 0.8007 0.5991
vn 0.0003 0.8007 0.5991
vn 0.0002 0.8781 0.4785
vn 0.0002 0.8781 0.4785
vn 0.0002 0.8781 0.4785
vn 0.0001 0.9386 0.345
vn 0.0001 0.9386 0.345
vn 0.0001 0.9386 0.345
vn 0.0001 0.9798 0.1999
vn 0.0001 0.9798 0.1999
vn 0.0001 0.9798 0.1999
vn 0.9969 0.0008 -0.0786
vn 0.9969 0.0008 -0.0786
vn 0.9969 0.0008 -0.0786
vn 0.9722 0.0024 -0.2341
vn 0.9722 0.0024 -0.2341
vn 0.9722 0.0024 -0.2341
vn 0.9234 0.0039 -0.3838
vn 0.9234 0.0039 -0.3838
vn 0.9234 0.0039 -0.3838
vn 0.8519 0.0053 -0.5237
vn 0.8519 0.0053 -0.5237
vn 0.8519 0.0053 -0.5237
vn 0.7593 0.0067 -0.6507
vn 0.7593 0.0067 -0.6507
vn 0.7593 0.0067 -0.6507
vn 0.6481 0.0078 -0.7615
vn 0.6481 0.0078 -0.7615
vn 0.6481 0.0078 -0.7615
vn 0.5215 0.0087 -0.8532
vn 0.5215 0.0087 -0.8532
vn 0.5215 0.0087 -0.8532
vn 0.3821 0.0095 -0.9241
vn 0.3821 0.0095 -0.9241
vn 0.3821 0.0095 -0.9241
vn 0.2331 0.01 -0.9724
vn 0.2331 0.01 -0.9724
vn 0.2331 0.01 -0.9724
vn 0.0783 0.0102 -0.9969
vn 0.0783 0.0102 -0.9969
vn 0.0783 0.0102 -0.9969
vn -0.9969 0.0008 -0.0784
vn -0.9969 0.0008 -0.0784
vn -0.9969 0.0008 -0.0784
vn -0.9724 0.0024 -0.2332
vn -0.9724 0.0024 -0.2332
vn -0.9724 0.0024 -0.2332
vn -0.9241 0.0039 -0.382
vn -0.9241 0.0039 -0.382
vn -0.9241 0.0039 -0.382
vn -0.853 0.0053 -0.5218
vn -0.853 0.0053 -0.5218
vn -0.853 0.0053 -0.5218
vn -0.7616 0.0066 -0.648
vn -0.7616 0.0066 -0.648
vn -0.7616 0.0066 -0.648
vn -0.6509 0.0078 -0.7591
vn -0.6509 0.0078 -0.7591
vn -0.6509 0.0078 -0.7591
vn -0.5246 0.0087 -0.8513
vn -0.5246 0.0087 -0.8513
vn -0.5246 0.0087 -0.8513
vn -0.3851 0.0094 -0.9228
vn -0.3851 0.0094 -0.9228
vn -0.3851 0.0094 -0.9228
vn -0.2364 0.01 -0.9716
vn -0.2364 0.01 -0.9716
vn -0.2364 0.01 -0.9716
vn -0.0819 0.0102 -0.9966
vn -0.0819 0.0102 -0.9966
vn -0.0819 0.0102 -0.9966
vn 0.0868 -0.0101 0.9962
vn 0.0868 -0.0101 0.9962
vn 0.0868 -0.0101 0.9962
vn 0.2318 -0.0098 0.9727
vn 0.2318 -0.0098 0.9727
vn 0.2318 -0.0098 0.9727
vn 0.3835 -0.0093 0.9235
vn 0.3835 -0.0093 0.9235
vn 0.3835 -0.0093 0.9235
vn 0.5252 -0.0086 0.8509
vn 0.5252 -0.0086 0.8509
vn 0.5252 -0.0086 0.8509
vn 0.6443 -0.0077 0.7647
vn 0.6443 -0.0077 0.7647
vn 0.6443 -0.0077 0.7647
vn 0.7655 -0.0065 0.6435
vn 0.7655 -0.0065 0.6435
vn 0.7655 -0.0065 0.6435
vn 0.8514 -0.0053 0.5244
vn 0.8514 -0.0053 0.5244
vn 0.8514 -0.0053 0.5244
vn 0.9239 -0.0038 0.3826
vn 0.9239 -0.0038 0.3826
vn 0.9239 -0.0038 0.3826
vn 0.973 -0.0023 0.2309
vn 0.973 -0.0023 0.2309
vn 0.973 -0.0023 0.2309
vn 0.9963 -0.0009 0.0857
vn 0.9963 -0.0009 0.0857
vn 0.9963 -0.0009 0.0857
vn -0.9963 0.0851 0.0103
vn -0.9963 0.0851 0.0103
vn -0.9963 0.0851 0.0103
vn -0.973 0.2292 0.0285
vn -0.973 0.2292 0.0285
vn -0.973 0.2292 0.0285
vn -0.9239 0.3797 0.0474
vn -0.9239 0.3797 0.0474
vn -0.9239 0.3797 0.0474
vn -0.8515 0.5204 0.0651
vn -0.8515 0.5204 0.0651
vn -0.8515 0.5204 0.0651
vn -0.7653 0.6387 0.0802
vn -0.7653 0.6387 0.0802
vn -0.7653 0.6387 0.0802
vn -0.6439 0.7591 0.0953
vn -0.6439 0.7591 0.0953
vn -0.6439 0.7591 0.0953
vn -0.5247 0.8446 0.1062
vn -0.5247 0.8446 0.1062
vn -0.5247 0.8446 0.1062
vn -0.3828 0.9166 0.1154
vn -0.3828 0.9166 0.1154
vn -0.3828 0.9166 0.1154
vn -0.2311 0.9653 0.1216
vn -0.2311 0.9653 0.1216
vn -0.2311 0.9653 0.1216
vn -0.0858 0.9885 0.1249
vn -0.0858 0.9885 0.1249
vn -0.0858 0.9885 0.1249
vn -0.9969 -0.0008 0.0789
vn -0.9969 -0.0008 0.0789
vn -0.9969 -0.0008 0.0789
vn -0.9722 -0.0024 0.2342
vn -0.9722 -0.0024 0.2342
vn -0.9722 -0.0024 0.2342
vn -0.9235 -0.0039 0.3835
vn -0.9235 -0.0039 0.3835
vn -0.9235 -0.0039 0.3835
vn -0.8523 -0.0053 0.5231
vn -0.8523 -0.0053 0.5231
vn -0.8523 -0.0053 0.5231
vn -0.7602 -0.0065 0.6496
vn -0.7602 -0.0065 0.6496
vn -0.7602 -0.0065 0.6496
vn -0.6496 -0.0077 0.7602
vn -0.6496 -0.0077 0.7602
vn -0.6496 -0.0077 0.7602
vn -0.5232 -0.0086 0.8521
vn -0.5232 -0.0086 0.8521
vn -0.5232 -0.0086 0.8521
vn -0.3842 -0.0093 0.9232
vn -0.3842 -0.0093 0.9232
vn -0.3842 -0.0093 0.9232
vn -0.2358 -0.0098 0.9718
vn -0.2358 -0.0098 0.9718
vn -0.2358 -0.0098 0.9718
vn -0.0817 -0.0101 0.9966
vn -0.0817 -0.0101 0.9966
vn -0.0817 -0.0101 0.9966
vn -0.0816 0.9886 0.1265
vn -0.0816 0.9886 0.1265
vn -0.0816 0.9886 0.1265
vn -0.2358 0.9639 0.1235
vn -0.2358 0.9639 0.1235
vn -0.2358 0.9639 0.1235
vn -0.3842 0.9157 0.1174
vn -0.3842 0.9157 0.1174
vn -0.3842 0.9157 0.1174
vn -0.5233 0.8452 0.1084
vn -0.5233 0.8452 0.1084
vn -0.5233 0.8452 0.1084
vn -0.6497 0.754 0.0968
vn -0.6497 0.754 0.0968
vn -0.6497 0.754 0.0968
vn -0.7602 0.6444 0.0828
vn -0.7602 0.6444 0.0828
vn -0.7602 0.6444 0.0828
vn -0.8523 0.5188 0.0667
vn -0.8523 0.5188 0.0667
vn -0.8523 0.5188 0.0667
vn -0.9236 0.3803 0.0489
vn -0.9236 0.3803 0.0489
vn -0.9236 0.3803 0.0489
vn -0.9722 0.2321 0.0299
vn -0.9722 0.2321 0.0299
vn -0.9722 0.2321 0.0299
vn -0.9969 0.0781 0.0102
vn -0.9969 0.0781 0.0102
vn -0.9969 0.0781 0.0102
vn -0 0.9778 0.2094
vn -0 0.9778 0.2094
vn -0 0.9778 0.2094
vn 0.0003 0.9386 0.3449
vn 0.0003 0.9386 0.3449
vn 0.0003 0.9386 0.3449
vn 0.0004 0.8773 0.48
vn 0.0004 0.8773 0.48
vn 0.0004 0.8773 0.48
vn 0.0006 0.7988 0.6016
vn 0.0006 0.7988 0.6016
vn 0.0006 0.7988 0.6016
vn 0.0007 0.7128 0.7013
vn 0.0007 0.7128 0.7013
vn 0.0007 0.7128 0.7013
vn 0.0007 0.5976 0.8018
vn 0.0007 0.5976 0.8018
vn 0.0007 0.5976 0.8018
vn 0.0009 0.487 0.8734
vn 0.0009 0.487 0.8734
vn 0.0009 0.487 0.8734
vn 0.001 0.3559 0.9345
vn 0.001 0.3559 0.9345
vn 0.001 0.3559 0.9345
vn 0.001 0.2137 0.9769
vn 0.001 0.2137 0.9769
vn 0.001 0.2137 0.9769
vn 0.0011 0.0742 0.9972
vn 0.0011 0.0742 0.9972
vn 0.0011 0.0742 0.9972
vn -0.0003 0.9987 0.0506
vn -0.0003 0.9987 0.0506
vn -0.0003 0.9987 0.0506
vn -0.0009 0.9938 -0.111
vn -0.0009 0.9938 -0.111
vn -0.0009 0.9938 -0.111
vn -0.0015 0.9614 -0.2752
vn -0.0015 0.9614 -0.2752
vn -0.0015 0.9614 -0.2752
vn -0.002 0.9 -0.436
vn -0.002 0.9 -0.436
vn -0.002 0.9 -0.436
vn -0.0025 0.8098 -0.5866
vn -0.0025 0.8098 -0.5866
vn -0.0025 0.8098 -0.5866
vn -0.0029 0.6941 -0.7199
vn -0.0029 0.6941 -0.7199
vn -0.0029 0.6941 -0.7199
vn -0.0031 0.5574 -0.8302
vn -0.0031 0.5574 -0.8302
vn -0.0031 0.5574 -0.8302
vn -0.0032 0.4067 -0.9135
vn -0.0032 0.4067 -0.9135
vn -0.0032 0.4067 -0.9135
vn -0.0032 0.2485 -0.9686
vn -0.0032 0.2485 -0.9686
vn -0.0032 0.2485 -0.9686
vn -0.0031 0.0891 -0.996
vn -0.0031 0.0891 -0.996
vn -0.0031 0.0891 -0.996
vn 0.0007 0.9993 0.0387
vn 0.0007 0.9993 0.0387
vn 0.0007 0.9993 0.0387
vn 0.0004 0.9936 -0.1129
vn 0.0004 0.9936 -0.1129
vn 0.0004 0.9936 -0.1129
vn 0.0003 0.9603 -0.2791
vn 0.0003 0.9603 -0.2791
vn 0.0003 0.9603 -0.2791
vn 0.0002 0.8971 -0.4418
vn 0.0002 0.8971 -0.4418
vn 0.0002 0.8971 -0.4418
vn -0 0.8129 -0.5825
vn -0 0.8129 -0.5825
vn -0 0.8129 -0.5825
vn 0.0001 0.6866 -0.7271
vn 0.0001 0.6866 -0.7271
vn 0.0001 0.6866 -0.7271
vn -0.0002 0.5585 -0.8295
vn -0.0002 0.5585 -0.8295
vn -0.0002 0.5585 -0.8295
vn -0.0002 0.4061 -0.9138
vn -0.0002 0.4061 -0.9138
vn -0.0002 0.4061 -0.9138
vn -0.0002 0.2455 -0.9694
vn -0.0002 0.2455 -0.9694
vn -0.0002 0.2455 -0.9694
vn -0.0002 0.0963 -0.9954
vn -0.0002 0.0963 -0.9954
vn -0.0002 0.0963 -0.9954
vn -0 0.0891 -0.996
vn -0 0.0891 -0.996
vn -0 0.0891 -0.996
vn -0 0.2483 -0.9687
vn -0 0.2483 -0.9687
vn -0 0.2483 -0.9687
vn -0 0.4065 -0.9136
vn -0 0.4065 -0.9136
vn -0 0.4065 -0.9136
vn -0 0.5572 -0.8304
vn -0 0.5572 -0.8304
vn -0 0.5572 -0.8304
vn -0 0.6939 -0.7201
vn -0 0.6939 -0.7201
vn -0 0.6939 -0.7201
vn -0 0.8096 -0.5869
vn -0 0.8096 -0.5869
vn -0 0.8096 -0.5869
vn -0 0.8998 -0.4363
vn -0 0.8998 -0.4363
vn -0 0.8998 -0.4363
vn -0 0.9613 -0.2754
vn -0 0.9613 -0.2754
vn -0 0.9613 -0.2754
vn -0 0.9938 -0.1111
vn -0 0.9938 -0.1111
vn -0 0.9938 -0.1111
vn -0 0.9987 0.0506
vn -0 0.9987 0.0506
vn -0 0.9987 0.0506
vn 0.0817 0.9883 0.1285
vn 0.0817 0.9883 0.1285
vn 0.0817 0.9883 0.1285
vn 0.2358 0.9637 0.1252
vn 0.2358 0.9637 0.1252
vn 0.2358 0.9637 0.1252
vn 0.3844 0.9155 0.1189
vn 0.3844 0.9155 0.1189
vn 0.3844 0.9155 0.1189
vn 0.5232 0.8451 0.1097
vn 0.5232 0.8451 0.1097
vn 0.5232 0.8451 0.1097
vn 0.6497 0.7538 0.0979
vn 0.6497 0.7538 0.0979
vn 0.6497 0.7538 0.0979
vn 0.7602 0.6443 0.0836
vn 0.7602 0.6443 0.0836
vn 0.7602 0.6443 0.0836
vn 0.8523 0.5187 0.0673
vn 0.8523 0.5187 0.0673
vn 0.8523 0.5187 0.0673
vn 0.9236 0.3802 0.0494
vn 0.9236 0.3802 0.0494
vn 0.9236 0.3802 0.0494
vn 0.9722 0.2321 0.0301
vn 0.9722 0.2321 0.0301
vn 0.9722 0.2321 0.0301
vn 0.9969 0.0778 0.0101
vn 0.9969 0.0778 0.0101
vn 0.9969 0.0778 0.0101
vn -0 0.067 0.9978
vn -0 0.067 0.9978
vn -0 0.067 0.9978
vn -0 0.216 0.9764
vn -0 0.216 0.9764
vn -0 0.216 0.9764
vn -0 0.3558 0.9346
vn -0 0.3558 0.9346
vn -0 0.3558 0.9346
vn -0 0.485 0.8745
vn -0 0.485 0.8745
vn -0 0.485 0.8745
vn -0 0.6027 0.7979
vn -0 0.6027 0.7979
vn -0 0.6027 0.7979
vn -0 0.708 0.7062
vn -0 0.708 0.7062
vn -0 0.708 0.7062
vn -0 0.8 0.6
vn -0 0.8 0.6
vn -0 0.8 0.6
vn -0 0.8771 0.4802
vn -0 0.8771 0.4802
vn -0 0.8771 0.4802
vn -0 0.9377 0.3475
vn -0 0.9377 0.3475
vn -0 0.9377 0.3475
vn -0 0.9792 0.2028
vn -0 0.9792 0.2028
vn -0 0.9792 0.2028
vn 0.9963 0.0857 0.0109
vn 0.9963 0.0857 0.0109
vn 0.9963 0.0857 0.0109
vn 0.9729 0.2294 0.0294
vn 0.9729 0.2294 0.0294
vn 0.9729 0.2294 0.0294
vn 0.9239 0.3795 0.0484
vn 0.9239 0.3795 0.0484
vn 0.9239 0.3795 0.0484
vn 0.8514 0.5202 0.0663
vn 0.8514 0.5202 0.0663
vn 0.8514 0.5202 0.0663
vn 0.7655 0.6383 0.0814
vn 0.7655 0.6383 0.0814
vn 0.7655 0.6383 0.0814
vn 0.644 0.7589 0.0966
vn 0.644 0.7589 0.0966
vn 0.644 0.7589 0.0966
vn 0.5247 0.8444 0.1076
vn 0.5247 0.8444 0.1076
vn 0.5247 0.8444 0.1076
vn 0.3828 0.9164 0.1167
vn 0.3828 0.9164 0.1167
vn 0.3828 0.9164 0.1167
vn 0.231 0.9651 0.1229
vn 0.231 0.9651 0.1229
vn 0.231 0.9651 0.1229
vn 0.0858 0.9884 0.1257
vn 0.0858 0.9884 0.1257
vn 0.0858 0.9884 0.1257
vn 0.0784 0.9886 0.1286
vn 0.0784 0.9886 0.1286
vn 0.0784 0.9886 0.1286
vn 0.2335 0.9642 0.1255
vn 0.2335 0.9642 0.1255
vn 0.2335 0.9642 0.1255
vn 0.3826 0.9162 0.1192
vn 0.3826 0.9162 0.1192
vn 0.3826 0.9162 0.1192
vn 0.5226 0.8454 0.11
vn 0.5226 0.8454 0.11
vn 0.5226 0.8454 0.11
vn 0.6495 0.754 0.0981
vn 0.6495 0.754 0.0981
vn 0.6495 0.754 0.0981
vn 0.7604 0.644 0.0838
vn 0.7604 0.644 0.0838
vn 0.7604 0.644 0.0838
vn 0.8526 0.5182 0.0674
vn 0.8526 0.5182 0.0674
vn 0.8526 0.5182 0.0674
vn 0.9237 0.3799 0.0494
vn 0.9237 0.3799 0.0494
vn 0.9237 0.3799 0.0494
vn 0.9724 0.2315 0.0301
vn 0.9724 0.2315 0.0301
vn 0.9724 0.2315 0.0301
vn 0.9969 0.0775 0.0101
vn 0.9969 0.0775 0.0101
vn 0.9969 0.0775 0.0101
vn -0.9969 0.0778 0.0101
vn -0.9969 0.0778 0.0101
vn -0.9969 0.0778 0.0101
vn -0.9723 0.2317 0.0302
vn -0.9723 0.2317 0.0302
vn -0.9723 0.2317 0.0302
vn -0.9235 0.3803 0.0495
vn -0.9235 0.3803 0.0495
vn -0.9235 0.3803 0.0495
vn -0.8518 0.5194 0.0676
vn -0.8518 0.5194 0.0676
vn -0.8518 0.5194 0.0676
vn -0.7589 0.6458 0.0841
vn -0.7589 0.6458 0.0841
vn -0.7589 0.6458 0.0841
vn -0.6471 0.7561 0.0984
vn -0.6471 0.7561 0.0984
vn -0.6471 0.7561 0.0984
vn -0.5192 0.8475 0.1103
vn -0.5192 0.8475 0.1103
vn -0.5192 0.8475 0.1103
vn -0.3785 0.9178 0.1195
vn -0.3785 0.9178 0.1195
vn -0.3785 0.9178 0.1195
vn -0.2287 0.9654 0.1257
vn -0.2287 0.9654 0.1257
vn -0.2287 0.9654 0.1257
vn -0.0733 0.989 0.1288
vn -0.0733 0.989 0.1288
vn -0.0733 0.989 0.1288
vn 0.0001 0.992 0.1266
vn 0.0001 0.992 0.1266
vn 0.0001 0.992 0.1266
vn -1 -0 -0.0002
vn -1 -0 -0.0002
vn -1 -0 -0.0002
vn -1 -0 -0
vn -1 -0 -0
vn -1 -0 -0
vn -0 0.9916 0.129
vn -0 0.9916 0.129
vn -0 0.9916 0.129
vn -0 -0.0102 0.9999
vn -0 -0.0102 0.9999
vn -0 -0.0102 0.9999
vn 0.0008 -0.9999 -0.011
vn 0.0008 -0.9999 -0.011
vn 0.0008 -0.9999 -0.011
vn -0.0001 0.9921 0.1258
vn -0.0001 0.9921 0.1258
vn -0.0001 0.9921 0.1258
vn 1 -0 -0
vn 1 -0 -0
vn 1 -0 -0
vn 1 -0 -0
vn -0 0.9916 0.129
vn -0 0.9916 0.129
vn -0 0.9916 0.129
vn 0.0007 0.9916 0.1291
vn 0.0007 0.9916 0.1291
vn 0.0007 0.9916 0.1291
vn -1 -0 -0
vn -0 -0.0102 0.9999
vn -0 0.992 0.1266
vn -0 0.992 0.1266
vn -0 0.992 0.1266
vn -0 -1 -0.0096
vn -0 -1 -0.0096
vn -0 -1 -0.0096
vn -0 -0.0102 0.9999
vn -0 -0.0102 0.9999
vn -0.0031 0.0102 -0.9999
vn -0.0031 0.0102 -0.9999
vn -0.0031 0.0102 -0.9999
vn -0 0.9917 0.1289
vn -0 0.9917 0.1289
vn -0 0.9917 0.1289
vn 1 -0 -0
vn 1 -0 -0
vn 1 -0 -0
vn -0 -0.9999 -0.0102
vn -0 -0.9999 -0.0102
vn -0 -0.9999 -0.0102
vn -0 0.0104 -0.9999
vn -0 0.0104 -0.9999
vn -0 0.0104 -0.9999
vn -0 0.9917 0.1289
vn -0.0036 0.0102 -0.9999
vn -0.0036 0.0102 -0.9999
vn -0.0036 0.0102 -0.9999
vn -0 -0.9999 -0.0102
vn -0 -0.9999 -0.0102
vn -0 -0.9999 -0.0102
vn 0.0241 0.9868 0.16
vn -0.9973 -0.0054 0.0734
vn -0.2139 0.2143 0.953
vn -0 0.0475 -0.9989
vn 0.0294 0.3518 0.9356
vn 0.0289 -0.9914 -0.1279
vn 0.9966 0.0713 -0.041
vn 0.086 -0.9954 -0.0432
vn -0.0352 -0.9948 -0.0953
vn -0.0674 -0.9975 0.0197
vn -0.0707 -0.9974 0.0108
vn 0.0228 -0.9979 0.0599
vn 0.0799 -0.9952 -0.056
vn 0.0474 -0.9965 0.0684
vn -0.0234 -0.9965 -0.0803
vn -0.0006 -0.9999 -0.0102
vn 0.0317 -0.9979 0.0564
vn -0.0228 -0.9965 -0.0803
vn -0.085 -0.9961 0.0253
vn 0.0872 -0.996 0.0194
vn -0.0352 -0.9948 -0.0953
vn -0.0688 -0.9975 0.0162
vn 0.8041 -0.5939 0.0249
vn 0.9982 0.0338 -0.0501
vn -0.1312 0.0044 -0.9913
vn -0.9914 -0.0006 0.131
vn -0 1 0.0045
vn -0 1 0.0045
vn -0 1 0.0045
vn -0 1 0.0045
vn -0 1 0.0045
vn -0 1 0.0045
vn -0 1 0.0045
vn -0 1 0.004
vn -0 1 0.0039
vn -0 1 0.0039
vn -0 1 0.004
vn -0 1 0.004
vn -0 1 0.004
vn -0 1 0.0039
vn -0 1 0.0045
vn -0 1 0.0045
vn -0 1 0.0045
vn -0 1 0.0045
vn -0 1 0.0045
vn -0.0084 0.9999 0.0057
vn -0.0084 0.9999 0.0057
vn -0.0084 0.9999 0.0057
vn -0.1225 0.9925 0.0033
vn -0.1225 0.9925 0.0033
vn -0.1225 0.9925 0.0033
vn -0.0334 0.9994 0.0033
vn -0.0334 0.9994 0.0033
vn -0.0334 0.9994 0.0033
vn -0.0086 1 0.0051
vn -0.0086 1 0.0051
vn -0.0086 1 0.0051
vn -0.1226 0.9925 0.0033
vn -0.1226 0.9925 0.0033
vn -0.1226 0.9925 0.0033
vn -0.0334 0.9994 0.0033
vn -0.0334 0.9994 0.0033
vn -0.0334 0.9994 0.0033
vn -0 1 0.0057
vn -0 1 0.0045
vn -0 1 0.0045
vn -0 1 0.0045
vn -0 1 0.0045
vn -0 1 0.0045
vn -0 1 0.0045
vn -0 1 0.0045
vn 0.0005 1 0.0023
vn 0.0005 1 0.0023
vn 0.0005 1 0.0023
vn -0.9226 -0.0014 0.3857
vn -0.9226 -0.0014 0.3857
vn -0.9226 -0.0014 0.3857
vn -0.9226 -0.0017 0.3857
vn -0.9226 -0.0017 0.3857
vn -0.9226 -0.0017 0.3857
vn -0.9227 -0.0015 0.3856
vn -0.9227 -0.0015 0.3856
vn -0.9227 -0.0015 0.3856
vn -0.9227 -0.0015 0.3854
vn -0.9227 -0.0015 0.3854
vn -0.9227 -0.0015 0.3854
vn -1 0.0007 -0.0007
vn -1 0.0007 -0.0007
vn -1 0.0007 -0.0007
vn -0.0003 1 0.0074
vn -0.0003 1 0.0074
vn -0.0003 1 0.0074
vn -0.0013 1 0.0018
vn -0.0013 1 0.0018
vn -0.0013 1 0.0018
vn -0.9226 -0.0014 0.3857
vn -0.9226 -0.0015 0.3857
vn -0.9226 -0.0015 0.3857
vn -0.9226 -0.0015 0.3857
vn -0.0678 0.772 -0.632
vn -0.0678 0.772 -0.632
vn -0.0678 0.772 -0.632
vn -0.1816 0.9705 -0.1588
vn -0.1816 0.9705 -0.1588
vn -0.1816 0.9705 -0.1588
vn 0.9003 -0.0016 0.4353
vn 0.9002 -0.0019 0.4354
vn 0.9003 -0.0024 0.4352
vn 0.0005 1 0.0017
vn -0.0008 1 0.0022
vn 0.001 1 0.0032
vn -0 0.9914 0.1306
vn -0 0.9914 0.1306
vn -0 0.9914 0.1306
vn -0 0.9884 0.1517
vn -0 0.9884 0.1517
vn -0 0.9884 0.1517
vn -0 0.9747 0.2235
vn -0 0.9257 0.3782
vn -0 0.7803 0.6254
vn -0 0.5083 0.8612
vn -0 0.5083 0.8612
vn -0 0.5083 0.8612
vn -0 0.2441 0.9698
vn -0 0.2441 0.9698
vn -0 0.2441 0.9698
vn -0 0.0851 0.9964
vn -0 0.0125 0.9999
vn -0 0.0125 0.9999
vn -0 0.0125 0.9999
vn -0 -0.0085 1
vn -0 -0.0085 1
vn -0 -0.0085 1
vn -0 0.9919 0.1274
vn -0 0.9919 0.1274
vn -0 0.9919 0.1274
vn -0 0.9944 0.1061
vn -0 0.9995 0.0311
vn -0 0.9894 -0.1452
vn -0 0.8828 -0.4698
vn -0 0.5851 -0.8109
vn -0 0.5851 -0.8109
vn -0 0.5851 -0.8109
vn -0 0.2796 -0.9601
vn -0 0.1075 -0.9942
vn -0 0.0331 -0.9995
vn -0 0.0118 -0.9999
vn 0.0017 0.9916 0.129
vn 0.0017 0.9916 0.129
vn 0.0017 0.9916 0.129
vn 0.023 0.9914 0.129
vn 0.0969 0.987 0.1284
vn 0.2634 0.9566 0.1244
vn 0.2634 0.9566 0.1244
vn 0.2634 0.9566 0.1244
vn 0.5483 0.8293 0.1079
vn 0.5483 0.8293 0.1079
vn 0.5483 0.8293 0.1079
vn 0.8344 0.5465 0.0711
vn 0.9642 0.2629 0.0342
vn 0.9952 0.0968 0.0126
vn 0.9952 0.0968 0.0126
vn 0.9952 0.0968 0.0126
vn 0.9997 0.023 0.003
vn 1 0.0016 0.0002
vn 1 0.0016 0.0002
vn 1 0.0016 0.0002
vn -0.0017 0.9916 0.129
vn -0.023 0.9914 0.129
vn -0.097 0.987 0.1284
vn -0.2634 0.9566 0.1245
vn -0.5483 0.8293 0.1079
vn -0.5483 0.8293 0.1079
vn -0.5483 0.8293 0.1079
vn -0.8343 0.5467 0.0711
vn -0.8343 0.5467 0.0711
vn -0.8343 0.5467 0.0711
vn -0.9643 0.2627 0.0342
vn -0.9643 0.2627 0.0342
vn -0.9643 0.2627 0.0342
vn -0.9952 0.0972 0.0126
vn -0.9952 0.0972 0.0126
vn -0.9952 0.0972 0.0126
vn -0.9997 0.0231 0.003
vn -0.9997 0.0231 0.003
vn -0.9997 0.0231 0.003
vn -1 0.0013 0.0002
vn -1 0.0013 0.0002
vn -1 0.0013 0.0002
vn -0 1 0.0026
vn -0 1 0.0026
vn -0 1 0.0026
vn -0 0.9998 -0.0189
vn -0 0.9998 -0.0189
vn -0 0.9957 -0.0931
vn -0 0.9957 -0.0931
vn -0 0.9656 -0.2602
vn -0 0.9656 -0.2602
vn -0 0.9656 -0.2602
vn -0 0.8376 -0.5463
vn -0 1 0.0025
vn -0 0.9655 -0.2602
vn -0 0.9998 -0.019
vn -0 0.9957 -0.0932
vn -0 0.9655 -0.2603
vn 1 -0 -0
vn -0 0.0102 -0.9999
vn -1 -0 -0
vn -0 -0.0102 0.9999
vn -0.0005 1 0.0045
vn 0.0001 1 0.0043
vn 0.0001 1 0.0043
vn 0.0001 1 0.0043
vn -0.0002 1 0.0043
vn -0.0002 1 0.0043
vn -0.0002 1 0.0043
vn -0.0001 1 0.0043
vn -0.0001 1 0.0043
vn -0.0001 1 0.0043
vn -0 1 0.0042
vn 0.0001 1 0.0039
vn 0.0001 1 0.0039
vn 0.0001 1 0.0039
vn -0 1 0.0042
vn -0 1 0.0041
vn -0 1 0.0041
vn -0 1 0.0041
vn -0.0004 1 0.0044
vn -0.0006 1 0.0045
vn -0.0008 1 0.0045
vn 0.0004 1 0.0045
vn 0.0002 1 0.0043
vn 0.0002 1 0.0043
vn 0.0002 1 0.0043
vn -0.0001 1 0.0043
vn -0.0001 1 0.0043
vn -0.0001 1 0.0043
vn -0 1 0.0042
vn -0 1 0.0042
vn -0 1 0.0042
vn 0.0001 1 0.0043
vn 0.0001 1 0.0043
vn 0.0001 1 0.0043
vn -0 1 0.0042
vn -0 1 0.0042
vn -0 1 0.0042
vn -0 1 0.0041
vn -0 1 0.0042
vn 0.0004 1 0.0044
vn 0.0004 1 0.0044
vn 0.0004 1 0.0044
vn 0.0006 1 0.0045
vn 0.0006 1 0.0045
vn 0.0006 1 0.0045
vn 0.0007 1 0.0045
vn -0.0001 1 0.0042
vn -0.0001 1 0.0042
vn -0.0001 1 0.0042
vn 0.0002 1 0.0044
vn 0.0002 1 0.0044
vn 0.0002 1 0.0044
vn -0 1 0.0045
vn -0.0003 1 0.0042
vn -0.0003 1 0.0042
vn -0.0003 1 0.0042
vn -0 1 0.0045
vn -0.0002 1 0.0044
vn -0.0002 1 0.0044
vn -0.0002 1 0.0044
vn 0.0001 1 0.0042
vn 0.0001 1 0.0042
vn -0 1 0.0045
vn 0.0003 1 0.0042
vn 0.0003 1 0.0042
vn 0.0003 1 0.0042
vn -0.0003 1 0.0044
vn -0.0003 1 0.0044
vn -0.0003 1 0.0044
vn -0.0858 0.9752 0.204
vn -0.0858 0.9752 0.204
vn -0.0858 0.9752 0.204
vn -0.2435 0.9482 0.2041
vn -0.2435 0.9482 0.2041
vn -0.2435 0.9482 0.2041
vn -0.3926 0.8982 0.1979
vn -0.3926 0.8982 0.1979
vn -0.3926 0.8982 0.1979
vn -0.5274 0.8289 0.1865
vn -0.5274 0.8289 0.1865
vn -0.5274 0.8289 0.1865
vn -0.6466 0.7433 0.1715
vn -0.6466 0.7433 0.1715
vn -0.6466 0.7433 0.1715
vn -0.0886 0.9317 0.3522
vn -0.0886 0.9317 0.3522
vn -0.0886 0.9317 0.3522
vn -0.244 0.9036 0.3522
vn -0.244 0.9036 0.3522
vn -0.244 0.9036 0.3522
vn -0.3884 0.8548 0.3442
vn -0.3884 0.8548 0.3442
vn -0.3884 0.8548 0.3442
vn -0.5156 0.7902 0.3313
vn -0.5156 0.7902 0.3313
vn -0.5156 0.7902 0.3313
vn -0.6263 0.7124 0.3165
vn -0.6263 0.7124 0.3165
vn -0.6263 0.7124 0.3165
vn -0.0881 0.8687 0.4874
vn -0.0881 0.8687 0.4874
vn -0.0881 0.8687 0.4874
vn -0.2389 0.8414 0.4848
vn -0.2389 0.8414 0.4848
vn -0.2389 0.8414 0.4848
vn -0.3758 0.7975 0.472
vn -0.3758 0.7975 0.472
vn -0.3758 0.7975 0.472
vn -0.4943 0.7409 0.4547
vn -0.4943 0.7409 0.4547
vn -0.4943 0.7409 0.4547
vn -0.5963 0.6723 0.4387
vn -0.5963 0.6723 0.4387
vn -0.5963 0.6723 0.4387
vn -0.085 0.7914 0.6054
vn -0.085 0.7914 0.6054
vn -0.085 0.7914 0.6054
vn -0.2313 0.7676 0.5978
vn -0.2313 0.7676 0.5978
vn -0.2313 0.7676 0.5978
vn -0.3613 0.7313 0.5784
vn -0.3613 0.7313 0.5784
vn -0.3613 0.7313 0.5784
vn -0.4708 0.6862 0.5545
vn -0.4708 0.6862 0.5545
vn -0.4708 0.6862 0.5545
vn -0.5634 0.6307 0.5337
vn -0.5634 0.6307 0.5337
vn -0.5634 0.6307 0.5337
vn -0.08 0.703 0.7066
vn -0.08 0.703 0.7066
vn -0.08 0.703 0.7066
vn -0.2242 0.6855 0.6927
vn -0.2242 0.6855 0.6927
vn -0.2242 0.6855 0.6927
vn -0.3527 0.6568 0.6665
vn -0.3527 0.6568 0.6665
vn -0.3527 0.6568 0.6665
vn -0.4584 0.6222 0.6346
vn -0.4584 0.6222 0.6346
vn -0.4584 0.6222 0.6346
vn -0.5429 0.5869 0.6007
vn -0.5429 0.5869 0.6007
vn -0.5429 0.5869 0.6007
vn -0.9927 0.0818 0.0889
vn -0.9927 0.0818 0.0889
vn -0.9927 0.0818 0.0889
vn -0.9663 0.0837 0.2434
vn -0.9663 0.0837 0.2434
vn -0.9663 0.0837 0.2434
vn -0.9167 0.0817 0.3912
vn -0.9167 0.0817 0.3912
vn -0.9167 0.0817 0.3912
vn -0.8453 0.0764 0.5288
vn -0.8453 0.0764 0.5288
vn -0.8453 0.0764 0.5288
vn -0.7538 0.0695 0.6535
vn -0.7538 0.0695 0.6535
vn -0.7538 0.0695 0.6535
vn -0.965 0.2391 0.1078
vn -0.965 0.2391 0.1078
vn -0.965 0.2391 0.1078
vn -0.934 0.2399 0.2647
vn -0.934 0.2399 0.2647
vn -0.934 0.2399 0.2647
vn -0.8813 0.2347 0.4102
vn -0.8813 0.2347 0.4102
vn -0.8813 0.2347 0.4102
vn -0.8109 0.2261 0.5398
vn -0.8109 0.2261 0.5398
vn -0.8109 0.2261 0.5398
vn -0.7254 0.2178 0.653
vn -0.7254 0.2178 0.653
vn -0.7254 0.2178 0.653
vn -0.913 0.389 0.1232
vn -0.913 0.389 0.1232
vn -0.913 0.389 0.1232
vn -0.8794 0.385 0.2801
vn -0.8794 0.385 0.2801
vn -0.8794 0.385 0.2801
vn -0.8272 0.3719 0.4212
vn -0.8272 0.3719 0.4212
vn -0.8272 0.3719 0.4212
vn -0.7618 0.3564 0.5409
vn -0.7618 0.3564 0.5409
vn -0.7618 0.3564 0.5409
vn -0.6855 0.3447 0.6413
vn -0.6855 0.3447 0.6413
vn -0.6855 0.3447 0.6413
vn -0.8405 0.5239 0.1386
vn -0.8405 0.5239 0.1386
vn -0.8405 0.5239 0.1386
vn -0.808 0.5116 0.2922
vn -0.808 0.5116 0.2922
vn -0.808 0.5116 0.2922
vn -0.7612 0.4886 0.4264
vn -0.7612 0.4886 0.4264
vn -0.7612 0.4886 0.4264
vn -0.7057 0.4636 0.5357
vn -0.7057 0.4636 0.5357
vn -0.7057 0.4636 0.5357
vn -0.6423 0.4451 0.6239
vn -0.6423 0.4451 0.6239
vn -0.6423 0.4451 0.6239
vn -0.7512 0.6416 0.155
vn -0.7512 0.6416 0.155
vn -0.7512 0.6416 0.155
vn -0.7239 0.6194 0.304
vn -0.7239 0.6194 0.304
vn -0.7239 0.6194 0.304
vn -0.6855 0.5869 0.4308
vn -0.6855 0.5869 0.4308
vn -0.6855 0.5869 0.4308
vn -0.6433 0.552 0.5305
vn -0.6433 0.552 0.5305
vn -0.6433 0.552 0.5305
vn -0.6025 0.5172 0.6079
vn -0.6025 0.5172 0.6079
vn -0.6025 0.5172 0.6079
vn -0.0858 0.0685 0.994
vn -0.0858 0.0685 0.994
vn -0.0858 0.0685 0.994
vn -0.0883 0.2224 0.971
vn -0.0883 0.2224 0.971
vn -0.0883 0.2224 0.971
vn -0.0873 0.3644 0.9271
vn -0.0873 0.3644 0.9271
vn -0.0873 0.3644 0.9271
vn -0.0841 0.491 0.8671
vn -0.0841 0.491 0.8671
vn -0.0841 0.491 0.8671
vn -0.0795 0.6032 0.7936
vn -0.0795 0.6032 0.7936
vn -0.0795 0.6032 0.7936
vn -0.2423 0.0726 0.9675
vn -0.2423 0.0726 0.9675
vn -0.2423 0.0726 0.9675
vn -0.2425 0.2266 0.9433
vn -0.2425 0.2266 0.9433
vn -0.2425 0.2266 0.9433
vn -0.2376 0.366 0.8998
vn -0.2376 0.366 0.8998
vn -0.2376 0.366 0.8998
vn -0.2305 0.4871 0.8424
vn -0.2305 0.4871 0.8424
vn -0.2305 0.4871 0.8424
vn -0.2243 0.592 0.7741
vn -0.2243 0.592 0.7741
vn -0.2243 0.592 0.7741
vn -0.3918 0.0736 0.9171
vn -0.3918 0.0736 0.9171
vn -0.3918 0.0736 0.9171
vn -0.3872 0.2251 0.8941
vn -0.3872 0.2251 0.8941
vn -0.3872 0.2251 0.8941
vn -0.3749 0.3591 0.8547
vn -0.3749 0.3591 0.8547
vn -0.3749 0.3591 0.8547
vn -0.361 0.473 0.8037
vn -0.361 0.473 0.8037
vn -0.361 0.473 0.8037
vn -0.3512 0.5705 0.7424
vn -0.3512 0.5705 0.7424
vn -0.3512 0.5705 0.7424
vn -0.5275 0.072 0.8465
vn -0.5275 0.072 0.8465
vn -0.5275 0.072 0.8465
vn -0.5154 0.2205 0.8281
vn -0.5154 0.2205 0.8281
vn -0.5154 0.2205 0.8281
vn -0.494 0.3491 0.7963
vn -0.494 0.3491 0.7963
vn -0.494 0.3491 0.7963
vn -0.4707 0.4553 0.7558
vn -0.4707 0.4553 0.7558
vn -0.4707 0.4553 0.7558
vn -0.4536 0.548 0.7027
vn -0.4536 0.548 0.7027
vn -0.4536 0.548 0.7027
vn -0.6471 0.0685 0.7594
vn -0.6471 0.0685 0.7594
vn -0.6471 0.0685 0.7594
vn -0.6266 0.2158 0.7489
vn -0.6266 0.2158 0.7489
vn -0.6266 0.2158 0.7489
vn -0.5963 0.3421 0.7262
vn -0.5963 0.3421 0.7262
vn -0.5963 0.3421 0.7262
vn -0.5636 0.442 0.6979
vn -0.5636 0.442 0.6979
vn -0.5636 0.442 0.6979
vn -0.5284 0.5279 0.6649
vn -0.5284 0.5279 0.6649
vn -0.5284 0.5279 0.6649
vn 0.9939 0.0832 -0.0725
vn 0.9939 0.0832 -0.0725
vn 0.9939 0.0832 -0.0725
vn 0.9685 0.0882 -0.2329
vn 0.9685 0.0882 -0.2329
vn 0.9685 0.0882 -0.2329
vn 0.9185 0.089 -0.3853
vn 0.9185 0.089 -0.3853
vn 0.9185 0.089 -0.3853
vn 0.8476 0.0875 -0.5234
vn 0.8476 0.0875 -0.5234
vn 0.8476 0.0875 -0.5234
vn 0.7593 0.0836 -0.6454
vn 0.7593 0.0836 -0.6454
vn 0.7593 0.0836 -0.6454
vn 0.9689 0.2412 -0.0553
vn 0.9689 0.2412 -0.0553
vn 0.9689 0.2412 -0.0553
vn 0.9443 0.2476 -0.2168
vn 0.9443 0.2476 -0.2168
vn 0.9443 0.2476 -0.2168
vn 0.8963 0.2474 -0.3681
vn 0.8963 0.2474 -0.3681
vn 0.8963 0.2474 -0.3681
vn 0.8296 0.2435 -0.5025
vn 0.8296 0.2435 -0.5025
vn 0.8296 0.2435 -0.5025
vn 0.7484 0.2387 -0.6189
vn 0.7484 0.2387 -0.6189
vn 0.7484 0.2387 -0.6189
vn 0.9187 0.3933 -0.0355
vn 0.9187 0.3933 -0.0355
vn 0.9187 0.3933 -0.0355
vn 0.8965 0.3979 -0.195
vn 0.8965 0.3979 -0.195
vn 0.8965 0.3979 -0.195
vn 0.8535 0.393 -0.3423
vn 0.8535 0.393 -0.3423
vn 0.8535 0.393 -0.3423
vn 0.7948 0.3834 -0.4704
vn 0.7948 0.3834 -0.4704
vn 0.7948 0.3834 -0.4704
vn 0.7216 0.377 -0.5806
vn 0.7216 0.377 -0.5806
vn 0.7216 0.377 -0.5806
vn 0.8477 0.5303 -0.0145
vn 0.8477 0.5303 -0.0145
vn 0.8477 0.5303 -0.0145
vn 0.8298 0.5311 -0.1716
vn 0.8298 0.5311 -0.1716
vn 0.8298 0.5311 -0.1716
vn 0.7949 0.519 -0.3144
vn 0.7949 0.519 -0.3144
vn 0.7949 0.519 -0.3144
vn 0.7478 0.501 -0.4357
vn 0.7478 0.501 -0.4357
vn 0.7478 0.501 -0.4357
vn 0.6879 0.4878 -0.5375
vn 0.6879 0.4878 -0.5375
vn 0.6879 0.4878 -0.5375
vn 0.7597 0.6503 0.0064
vn 0.7597 0.6503 0.0064
vn 0.7597 0.6503 0.0064
vn 0.7486 0.6458 -0.1501
vn 0.7486 0.6458 -0.1501
vn 0.7486 0.6458 -0.1501
vn 0.7225 0.6269 -0.2915
vn 0.7225 0.6269 -0.2915
vn 0.7225 0.6269 -0.2915
vn 0.6879 0.6006 -0.4075
vn 0.6879 0.6006 -0.4075
vn 0.6879 0.6006 -0.4075
vn 0.6465 0.5683 -0.509
vn 0.6465 0.5683 -0.509
vn 0.6465 0.5683 -0.509
vn 0.0846 0.0902 -0.9923
vn 0.0846 0.0902 -0.9923
vn 0.0846 0.0902 -0.9923
vn 0.0903 0.2552 -0.9627
vn 0.0903 0.2552 -0.9627
vn 0.0903 0.2552 -0.9627
vn 0.0923 0.4161 -0.9046
vn 0.0923 0.4161 -0.9046
vn 0.0923 0.4161 -0.9046
vn 0.0907 0.5643 -0.8206
vn 0.0907 0.5643 -0.8206
vn 0.0907 0.5643 -0.8206
vn 0.0868 0.694 -0.7147
vn 0.0868 0.694 -0.7147
vn 0.0868 0.694 -0.7147
vn 0.2438 0.0939 -0.9653
vn 0.2438 0.0939 -0.9653
vn 0.2438 0.0939 -0.9653
vn 0.2531 0.2589 -0.9321
vn 0.2531 0.2589 -0.9321
vn 0.2531 0.2589 -0.9321
vn 0.255 0.4165 -0.8726
vn 0.255 0.4165 -0.8726
vn 0.255 0.4165 -0.8726
vn 0.2529 0.5568 -0.7912
vn 0.2529 0.5568 -0.7912
vn 0.2529 0.5568 -0.7912
vn 0.2486 0.6776 -0.6922
vn 0.2486 0.6776 -0.6922
vn 0.2486 0.6776 -0.6922
vn 0.3968 0.0938 -0.9131
vn 0.3968 0.0938 -0.9131
vn 0.3968 0.0938 -0.9131
vn 0.4047 0.2556 -0.878
vn 0.4047 0.2556 -0.878
vn 0.4047 0.2556 -0.878
vn 0.4023 0.4057 -0.8207
vn 0.4023 0.4057 -0.8207
vn 0.4023 0.4057 -0.8207
vn 0.394 0.5341 -0.748
vn 0.394 0.5341 -0.748
vn 0.394 0.5341 -0.748
vn 0.3866 0.6476 -0.6566
vn 0.3866 0.6476 -0.6566
vn 0.3866 0.6476 -0.6566
vn 0.5342 0.0906 -0.8405
vn 0.5342 0.0906 -0.8405
vn 0.5342 0.0906 -0.8405
vn 0.5381 0.2407 -0.8078
vn 0.5381 0.2407 -0.8078
vn 0.5381 0.2407 -0.8078
vn 0.527 0.3893 -0.7555
vn 0.527 0.3893 -0.7555
vn 0.527 0.3893 -0.7555
vn 0.5095 0.5142 -0.6899
vn 0.5095 0.5142 -0.6899
vn 0.5095 0.5142 -0.6899
vn 0.4957 0.615 -0.6132
vn 0.4957 0.615 -0.6132
vn 0.4957 0.615 -0.6132
vn 0.6549 0.0801 -0.7515
vn 0.6549 0.0801 -0.7515
vn 0.6549 0.0801 -0.7515
vn 0.6509 0.2389 -0.7206
vn 0.6509 0.2389 -0.7206
vn 0.6509 0.2389 -0.7206
vn 0.6316 0.3803 -0.6756
vn 0.6316 0.3803 -0.6756
vn 0.6316 0.3803 -0.6756
vn 0.6038 0.4962 -0.6238
vn 0.6038 0.4962 -0.6238
vn 0.6038 0.4962 -0.6238
vn 0.5724 0.5869 -0.5726
vn 0.5724 0.5869 -0.5726
vn 0.5724 0.5869 -0.5726
vn 0.0872 0.995 0.0489
vn 0.0872 0.995 0.0489
vn 0.0872 0.995 0.0489
vn 0.2481 0.9679 0.0417
vn 0.2481 0.9679 0.0417
vn 0.2481 0.9679 0.0417
vn 0.3995 0.9161 0.0349
vn 0.3995 0.9161 0.0349
vn 0.3995 0.9161 0.0349
vn 0.5358 0.8439 0.0281
vn 0.5358 0.8439 0.0281
vn 0.5358 0.8439 0.0281
vn 0.6525 0.7575 0.0212
vn 0.6525 0.7575 0.0212
vn 0.6525 0.7575 0.0212
vn 0.0929 0.9887 -0.1174
vn 0.0929 0.9887 -0.1174
vn 0.0929 0.9887 -0.1174
vn 0.2568 0.9584 -0.1249
vn 0.2568 0.9584 -0.1249
vn 0.2568 0.9584 -0.1249
vn 0.4078 0.9039 -0.1292
vn 0.4078 0.9039 -0.1292
vn 0.4078 0.9039 -0.1292
vn 0.5315 0.8366 -0.1323
vn 0.5315 0.8366 -0.1323
vn 0.5315 0.8366 -0.1323
vn 0.6493 0.7481 -0.1371
vn 0.6493 0.7481 -0.1371
vn 0.6493 0.7481 -0.1371
vn 0.0947 0.9538 -0.2853
vn 0.0947 0.9538 -0.2853
vn 0.0947 0.9538 -0.2853
vn 0.2582 0.9217 -0.2895
vn 0.2582 0.9217 -0.2895
vn 0.2582 0.9217 -0.2895
vn 0.4044 0.8687 -0.2862
vn 0.4044 0.8687 -0.2862
vn 0.4044 0.8687 -0.2862
vn 0.5262 0.8026 -0.281
vn 0.5262 0.8026 -0.281
vn 0.5262 0.8026 -0.281
vn 0.633 0.7215 -0.2807
vn 0.633 0.7215 -0.2807
vn 0.633 0.7215 -0.2807
vn 0.0928 0.891 -0.4445
vn 0.0928 0.891 -0.4445
vn 0.0928 0.891 -0.4445
vn 0.2543 0.8608 -0.4409
vn 0.2543 0.8608 -0.4409
vn 0.2543 0.8608 -0.4409
vn 0.3938 0.8143 -0.4264
vn 0.3938 0.8143 -0.4264
vn 0.3938 0.8143 -0.4264
vn 0.5135 0.7544 -0.4089
vn 0.5135 0.7544 -0.4089
vn 0.5135 0.7544 -0.4089
vn 0.6091 0.6856 -0.3988
vn 0.6091 0.6856 -0.3988
vn 0.6091 0.6856 -0.3988
vn 0.0883 0.8039 -0.5882
vn 0.0883 0.8039 -0.5882
vn 0.0883 0.8039 -0.5882
vn 0.2484 0.7797 -0.5748
vn 0.2484 0.7797 -0.5748
vn 0.2484 0.7797 -0.5748
vn 0.3889 0.7404 -0.5483
vn 0.3889 0.7404 -0.5483
vn 0.3889 0.7404 -0.5483
vn 0.5003 0.694 -0.5178
vn 0.5003 0.694 -0.5178
vn 0.5003 0.694 -0.5178
vn 0.5872 0.6477 -0.4855
vn 0.5872 0.6477 -0.4855
vn 0.5872 0.6477 -0.4855
vn -0.1 0.2685 -0.9581
vn -0.1 0.2685 -0.9581
vn -0.1 0.2685 -0.9581
vn -0.2421 0.289 -0.9262
vn -0.2421 0.289 -0.9262
vn -0.2421 0.289 -0.9262
vn -0.3891 0.2465 -0.8876
vn -0.3891 0.2465 -0.8876
vn -0.3891 0.2465 -0.8876
vn -0.5288 0.2001 -0.8248
vn -0.5288 0.2001 -0.8248
vn -0.5288 0.2001 -0.8248
vn -0.6454 0.1813 -0.742
vn -0.6454 0.1813 -0.742
vn -0.6454 0.1813 -0.742
vn -0.2671 0.291 -0.9187
vn -0.2671 0.291 -0.9187
vn -0.2671 0.291 -0.9187
vn -0.2681 0.3051 -0.9138
vn -0.2681 0.3051 -0.9138
vn -0.2681 0.3051 -0.9138
vn -0.3573 0.2768 -0.892
vn -0.3573 0.2768 -0.892
vn -0.3573 0.2768 -0.892
vn -0.4957 0.236 -0.8358
vn -0.4957 0.236 -0.8358
vn -0.4957 0.236 -0.8358
vn -0.635 0.2097 -0.7435
vn -0.635 0.2097 -0.7435
vn -0.635 0.2097 -0.7435
vn -0.2965 0.3658 -0.8822
vn -0.2965 0.3658 -0.8822
vn -0.2965 0.3658 -0.8822
vn -0.2663 0.3539 -0.8966
vn -0.2663 0.3539 -0.8966
vn -0.2663 0.3539 -0.8966
vn -0.3337 0.3329 -0.8819
vn -0.3337 0.3329 -0.8819
vn -0.3337 0.3329 -0.8819
vn -0.4636 0.3029 -0.8327
vn -0.4636 0.3029 -0.8327
vn -0.4636 0.3029 -0.8327
vn -0.6143 0.2812 -0.7373
vn -0.6143 0.2812 -0.7373
vn -0.6143 0.2812 -0.7373
vn -0.2428 0.4942 -0.8347
vn -0.2428 0.4942 -0.8347
vn -0.2428 0.4942 -0.8347
vn -0.2369 0.4695 -0.8506
vn -0.2369 0.4695 -0.8506
vn -0.2369 0.4695 -0.8506
vn -0.3155 0.4476 -0.8367
vn -0.3155 0.4476 -0.8367
vn -0.3155 0.4476 -0.8367
vn -0.4379 0.4235 -0.793
vn -0.4379 0.4235 -0.793
vn -0.4379 0.4235 -0.793
vn -0.588 0.4037 -0.7009
vn -0.588 0.4037 -0.7009
vn -0.588 0.4037 -0.7009
vn -0.1954 0.6377 -0.745
vn -0.1954 0.6377 -0.745
vn -0.1954 0.6377 -0.745
vn -0.2348 0.6225 -0.7465
vn -0.2348 0.6225 -0.7465
vn -0.2348 0.6225 -0.7465
vn -0.3004 0.6092 -0.734
vn -0.3004 0.6092 -0.734
vn -0.3004 0.6092 -0.734
vn -0.4219 0.5824 -0.6948
vn -0.4219 0.5824 -0.6948
vn -0.4219 0.5824 -0.6948
vn -0.5608 0.5449 -0.6233
vn -0.5608 0.5449 -0.6233
vn -0.5608 0.5449 -0.6233
vn -0.9399 0.2571 -0.2247
vn -0.9399 0.2571 -0.2247
vn -0.9399 0.2571 -0.2247
vn -0.9338 0.2583 -0.2475
vn -0.9338 0.2583 -0.2475
vn -0.9338 0.2583 -0.2475
vn -0.9166 0.3469 -0.1986
vn -0.9166 0.3469 -0.1986
vn -0.9166 0.3469 -0.1986
vn -0.8638 0.4855 -0.1349
vn -0.8638 0.4855 -0.1349
vn -0.8638 0.4855 -0.1349
vn -0.7739 0.6261 -0.0954
vn -0.7739 0.6261 -0.0954
vn -0.7739 0.6261 -0.0954
vn -0.9208 0.3037 -0.2449
vn -0.9208 0.3037 -0.2449
vn -0.9208 0.3037 -0.2449
vn -0.9268 0.2693 -0.2618
vn -0.9268 0.2693 -0.2618
vn -0.9268 0.2693 -0.2618
vn -0.9186 0.3218 -0.2293
vn -0.9186 0.3218 -0.2293
vn -0.9186 0.3218 -0.2293
vn -0.8757 0.4508 -0.173
vn -0.8757 0.4508 -0.173
vn -0.8757 0.4508 -0.173
vn -0.7865 0.6047 -0.1255
vn -0.7865 0.6047 -0.1255
vn -0.7865 0.6047 -0.1255
vn -0.9047 0.2796 -0.3215
vn -0.9047 0.2796 -0.3215
vn -0.9047 0.2796 -0.3215
vn -0.9167 0.2516 -0.3105
vn -0.9167 0.2516 -0.3105
vn -0.9167 0.2516 -0.3105
vn -0.9103 0.3012 -0.2838
vn -0.9103 0.3012 -0.2838
vn -0.9103 0.3012 -0.2838
vn -0.873 0.4245 -0.2401
vn -0.873 0.4245 -0.2401
vn -0.873 0.4245 -0.2401
vn -0.7871 0.5838 -0.199
vn -0.7871 0.5838 -0.199
vn -0.7871 0.5838 -0.199
vn -0.866 0.2255 -0.4464
vn -0.866 0.2255 -0.4464
vn -0.866 0.2255 -0.4464
vn -0.8798 0.2204 -0.4213
vn -0.8798 0.2204 -0.4213
vn -0.8798 0.2204 -0.4213
vn -0.8747 0.2817 -0.3945
vn -0.8747 0.2817 -0.3945
vn -0.8747 0.2817 -0.3945
vn -0.8414 0.4047 -0.3582
vn -0.8414 0.4047 -0.3582
vn -0.8414 0.4047 -0.3582
vn -0.761 0.5622 -0.3239
vn -0.761 0.5622 -0.3239
vn -0.761 0.5622 -0.3239
vn -0.7914 0.1783 -0.5848
vn -0.7914 0.1783 -0.5848
vn -0.7914 0.1783 -0.5848
vn -0.7969 0.2049 -0.5683
vn -0.7969 0.2049 -0.5683
vn -0.7969 0.2049 -0.5683
vn -0.7898 0.2749 -0.5482
vn -0.7898 0.2749 -0.5482
vn -0.7898 0.2749 -0.5482
vn -0.7613 0.396 -0.5134
vn -0.7613 0.396 -0.5134
vn -0.7613 0.396 -0.5134
vn -0.6996 0.5399 -0.4679
vn -0.6996 0.5399 -0.4679
vn -0.6996 0.5399 -0.4679
vn -0.2615 0.9645 0.0373
vn -0.2615 0.9645 0.0373
vn -0.2615 0.9645 0.0373
vn -0.2921 0.9503 -0.108
vn -0.2921 0.9503 -0.108
vn -0.2921 0.9503 -0.108
vn -0.258 0.9373 -0.2342
vn -0.258 0.9373 -0.2342
vn -0.258 0.9373 -0.2342
vn -0.2142 0.8943 -0.393
vn -0.2142 0.8943 -0.393
vn -0.2142 0.8943 -0.393
vn -0.195 0.8064 -0.5582
vn -0.195 0.8064 -0.5582
vn -0.195 0.8064 -0.5582
vn -0.2948 0.9462 -0.1334
vn -0.2948 0.9462 -0.1334
vn -0.2948 0.9462 -0.1334
vn -0.3089 0.9415 -0.135
vn -0.3089 0.9415 -0.135
vn -0.3089 0.9415 -0.135
vn -0.2863 0.9352 -0.2086
vn -0.2863 0.9352 -0.2086
vn -0.2863 0.9352 -0.2086
vn -0.2497 0.901 -0.3548
vn -0.2497 0.901 -0.3548
vn -0.2497 0.901 -0.3548
vn -0.2243 0.815 -0.5343
vn -0.2243 0.815 -0.5343
vn -0.2243 0.815 -0.5343
vn -0.3676 0.9115 -0.1847
vn -0.3676 0.9115 -0.1847
vn -0.3676 0.9115 -0.1847
vn -0.3558 0.9227 -0.1484
vn -0.3558 0.9227 -0.1484
vn -0.3558 0.9227 -0.1484
vn -0.3396 0.9178 -0.2056
vn -0.3396 0.9178 -0.2056
vn -0.3396 0.9178 -0.2056
vn -0.3161 0.8822 -0.3489
vn -0.3161 0.8822 -0.3489
vn -0.3161 0.8822 -0.3489
vn -0.2994 0.7975 -0.5238
vn -0.2994 0.7975 -0.5238
vn -0.2994 0.7975 -0.5238
vn -0.4827 0.8607 -0.162
vn -0.4827 0.8607 -0.162
vn -0.4827 0.8607 -0.162
vn -0.4624 0.8767 -0.1326
vn -0.4624 0.8767 -0.1326
vn -0.4624 0.8767 -0.1326
vn -0.4489 0.874 -0.186
vn -0.4489 0.874 -0.186
vn -0.4489 0.874 -0.186
vn -0.4339 0.8431 -0.3177
vn -0.4339 0.8431 -0.3177
vn -0.4339 0.8431 -0.3177
vn -0.4222 0.7638 -0.4882
vn -0.4222 0.7638 -0.4882
vn -0.4222 0.7638 -0.4882
vn -0.6125 0.7818 -0.117
vn -0.6125 0.7818 -0.117
vn -0.6125 0.7818 -0.117
vn -0.6054 0.7879 -0.1125
vn -0.6054 0.7879 -0.1125
vn -0.6054 0.7879 -0.1125
vn -0.5998 0.7802 -0.1778
vn -0.5998 0.7802 -0.1778
vn -0.5998 0.7802 -0.1778
vn -0.5853 0.7515 -0.3044
vn -0.5853 0.7515 -0.3044
vn -0.5853 0.7515 -0.3044
vn -0.5592 0.691 -0.458
vn -0.5592 0.691 -0.458
vn -0.5592 0.691 -0.458
vn 0.9318 0.2386 0.2735
vn 0.9318 0.2386 0.2735
vn 0.9318 0.2386 0.2735
vn 0.9225 0.2356 0.3059
vn 0.9225 0.2356 0.3059
vn 0.9225 0.2356 0.3059
vn 0.9016 0.3286 0.2813
vn 0.9016 0.3286 0.2813
vn 0.9016 0.3286 0.2813
vn 0.8453 0.4709 0.2526
vn 0.8453 0.4709 0.2526
vn 0.8453 0.4709 0.2526
vn 0.7452 0.6176 0.2515
vn 0.7452 0.6176 0.2515
vn 0.7452 0.6176 0.2515
vn 0.9067 0.2944 0.302
vn 0.9067 0.2944 0.302
vn 0.9067 0.2944 0.302
vn 0.9118 0.2544 0.3224
vn 0.9118 0.2544 0.3224
vn 0.9118 0.2544 0.3224
vn 0.9003 0.3084 0.3073
vn 0.9003 0.3084 0.3073
vn 0.9003 0.3084 0.3073
vn 0.8376 0.4656 0.2856
vn 0.8376 0.4656 0.2856
vn 0.8376 0.4656 0.2856
vn 0.7461 0.6053 0.2775
vn 0.7461 0.6053 0.2775
vn 0.7461 0.6053 0.2775
vn 0.8865 0.2713 0.3749
vn 0.8865 0.2713 0.3749
vn 0.8865 0.2713 0.3749
vn 0.8961 0.2491 0.3674
vn 0.8961 0.2491 0.3674
vn 0.8961 0.2491 0.3674
vn 0.8836 0.3022 0.3576
vn 0.8836 0.3022 0.3576
vn 0.8836 0.3022 0.3576
vn 0.8343 0.4299 0.3452
vn 0.8343 0.4299 0.3452
vn 0.8343 0.4299 0.3452
vn 0.7406 0.5781 0.3424
vn 0.7406 0.5781 0.3424
vn 0.7406 0.5781 0.3424
vn 0.8453 0.2149 0.4892
vn 0.8453 0.2149 0.4892
vn 0.8453 0.2149 0.4892
vn 0.852 0.23 0.4703
vn 0.852 0.23 0.4703
vn 0.852 0.23 0.4703
vn 0.8422 0.2788 0.4615
vn 0.8422 0.2788 0.4615
vn 0.8422 0.2788 0.4615
vn 0.7978 0.3969 0.4539
vn 0.7978 0.3969 0.4539
vn 0.7978 0.3969 0.4539
vn 0.7084 0.5408 0.4536
vn 0.7084 0.5408 0.4536
vn 0.7084 0.5408 0.4536
vn 0.7621 0.2043 0.6144
vn 0.7621 0.2043 0.6144
vn 0.7621 0.2043 0.6144
vn 0.7676 0.1986 0.6093
vn 0.7676 0.1986 0.6093
vn 0.7676 0.1986 0.6093
vn 0.7521 0.2587 0.6062
vn 0.7521 0.2587 0.6062
vn 0.7521 0.2587 0.6062
vn 0.7111 0.3726 0.5963
vn 0.7111 0.3726 0.5963
vn 0.7111 0.3726 0.5963
vn 0.6409 0.5044 0.5787
vn 0.6409 0.5044 0.5787
vn 0.6409 0.5044 0.5787
vn 0.235 0.9015 0.3633
vn 0.235 0.9015 0.3633
vn 0.235 0.9015 0.3633
vn 0.2644 0.8946 0.3603
vn 0.2644 0.8946 0.3603
vn 0.2644 0.8946 0.3603
vn 0.2263 0.8677 0.4425
vn 0.2263 0.8677 0.4425
vn 0.2263 0.8677 0.4425
vn 0.179 0.8051 0.5655
vn 0.179 0.8051 0.5655
vn 0.179 0.8051 0.5655
vn 0.1578 0.712 0.6842
vn 0.1578 0.712 0.6842
vn 0.1578 0.712 0.6842
vn 0.2563 0.8745 0.4117
vn 0.2563 0.8745 0.4117
vn 0.2563 0.8745 0.4117
vn 0.2783 0.8843 0.3749
vn 0.2783 0.8843 0.3749
vn 0.2783 0.8843 0.3749
vn 0.2538 0.8703 0.4222
vn 0.2538 0.8703 0.4222
vn 0.2538 0.8703 0.4222
vn 0.212 0.8164 0.5372
vn 0.212 0.8164 0.5372
vn 0.212 0.8164 0.5372
vn 0.1833 0.7219 0.6673
vn 0.1833 0.7219 0.6673
vn 0.1833 0.7219 0.6673
vn 0.3317 0.8601 0.3875
vn 0.3317 0.8601 0.3875
vn 0.3317 0.8601 0.3875
vn 0.3243 0.8754 0.3584
vn 0.3243 0.8754 0.3584
vn 0.3243 0.8754 0.3584
vn 0.3045 0.8629 0.4034
vn 0.3045 0.8629 0.4034
vn 0.3045 0.8629 0.4034
vn 0.2725 0.8142 0.5126
vn 0.2725 0.8142 0.5126
vn 0.2725 0.8142 0.5126
vn 0.2488 0.7203 0.6475
vn 0.2488 0.7203 0.6475
vn 0.2488 0.7203 0.6475
vn 0.4536 0.8289 0.3275
vn 0.4536 0.8289 0.3275
vn 0.4536 0.8289 0.3275
vn 0.4309 0.8429 0.3222
vn 0.4309 0.8429 0.3222
vn 0.4309 0.8429 0.3222
vn 0.4089 0.8303 0.3788
vn 0.4089 0.8303 0.3788
vn 0.4089 0.8303 0.3788
vn 0.3823 0.7841 0.4889
vn 0.3823 0.7841 0.4889
vn 0.3823 0.7841 0.4889
vn 0.3621 0.6909 0.6258
vn 0.3621 0.6909 0.6258
vn 0.3621 0.6909 0.6258
vn 0.5893 0.7621 0.2682
vn 0.5893 0.7621 0.2682
vn 0.5893 0.7621 0.2682
vn 0.5738 0.7643 0.2941
vn 0.5738 0.7643 0.2941
vn 0.5738 0.7643 0.2941
vn 0.5569 0.7488 0.3593
vn 0.5569 0.7488 0.3593
vn 0.5569 0.7488 0.3593
vn 0.5288 0.7076 0.4686
vn 0.5288 0.7076 0.4686
vn 0.5288 0.7076 0.4686
vn 0.494 0.6369 0.5919
vn 0.494 0.6369 0.5919
vn 0.494 0.6369 0.5919
vn 0.2352 0.2365 0.9427
vn 0.2352 0.2365 0.9427
vn 0.2352 0.2365 0.9427
vn 0.2343 0.2644 0.9355
vn 0.2343 0.2644 0.9355
vn 0.2343 0.2644 0.9355
vn 0.3271 0.2292 0.9168
vn 0.3271 0.2292 0.9168
vn 0.3271 0.2292 0.9168
vn 0.47 0.1833 0.8634
vn 0.47 0.1833 0.8634
vn 0.47 0.1833 0.8634
vn 0.6123 0.1619 0.7738
vn 0.6123 0.1619 0.7738
vn 0.6123 0.1619 0.7738
vn 0.2865 0.2585 0.9226
vn 0.2865 0.2585 0.9226
vn 0.2865 0.2585 0.9226
vn 0.2499 0.2781 0.9275
vn 0.2499 0.2781 0.9275
vn 0.2499 0.2781 0.9275
vn 0.3034 0.2554 0.918
vn 0.3034 0.2554 0.918
vn 0.3034 0.2554 0.918
vn 0.4341 0.2162 0.8745
vn 0.4341 0.2162 0.8745
vn 0.4341 0.2162 0.8745
vn 0.5886 0.188 0.7863
vn 0.5886 0.188 0.7863
vn 0.5886 0.188 0.7863
vn 0.2623 0.3278 0.9076
vn 0.2623 0.3278 0.9076
vn 0.2623 0.3278 0.9076
vn 0.2341 0.3198 0.9181
vn 0.2341 0.3198 0.9181
vn 0.2341 0.3198 0.9181
vn 0.2827 0.303 0.9101
vn 0.2827 0.303 0.9101
vn 0.2827 0.303 0.9101
vn 0.4042 0.2755 0.8722
vn 0.4042 0.2755 0.8722
vn 0.4042 0.2755 0.8722
vn 0.5608 0.2547 0.7878
vn 0.5608 0.2547 0.7878
vn 0.5608 0.2547 0.7878
vn 0.2062 0.4379 0.8751
vn 0.2062 0.4379 0.8751
vn 0.2062 0.4379 0.8751
vn 0.2011 0.4176 0.8861
vn 0.2011 0.4176 0.8861
vn 0.2011 0.4176 0.8861
vn 0.2595 0.4016 0.8783
vn 0.2595 0.4016 0.8783
vn 0.2595 0.4016 0.8783
vn 0.3775 0.3819 0.8436
vn 0.3775 0.3819 0.8436
vn 0.3775 0.3819 0.8436
vn 0.5289 0.3675 0.765
vn 0.5289 0.3675 0.765
vn 0.5289 0.3675 0.765
vn 0.1583 0.5595 0.8136
vn 0.1583 0.5595 0.8136
vn 0.1583 0.5595 0.8136
vn 0.1829 0.5492 0.8155
vn 0.1829 0.5492 0.8155
vn 0.1829 0.5492 0.8155
vn 0.2482 0.5395 0.8046
vn 0.2482 0.5395 0.8046
vn 0.2482 0.5395 0.8046
vn 0.3629 0.5213 0.7724
vn 0.3629 0.5213 0.7724
vn 0.3629 0.5213 0.7724
vn 0.4976 0.496 0.7116
vn 0.4976 0.496 0.7116
vn 0.4976 0.496 0.7116
vn -0 0.067 0.9978
vn 0.0001 0.216 0.9764
vn 0.0001 0.216 0.9764
vn 0.0001 0.216 0.9764
vn 0.0002 0.3558 0.9345
vn 0.0002 0.3558 0.9345
vn 0.0002 0.3558 0.9345
vn 0.0003 0.4851 0.8745
vn 0.0003 0.4851 0.8745
vn 0.0003 0.4851 0.8745
vn 0.0003 0.6028 0.7979
vn 0.0003 0.6028 0.7979
vn 0.0003 0.6028 0.7979
vn 0.0003 0.7081 0.7061
vn 0.0003 0.7081 0.7061
vn 0.0003 0.7081 0.7061
vn 0.0003 0.8 0.6
vn 0.0003 0.8 0.6
vn 0.0003 0.8 0.6
vn 0.0003 0.8772 0.4802
vn 0.0003 0.8772 0.4802
vn 0.0003 0.8772 0.4802
vn 0.0002 0.9377 0.3474
vn 0.0002 0.9377 0.3474
vn 0.0002 0.9377 0.3474
vn 0.0001 0.9792 0.2028
vn 0.0001 0.9792 0.2028
vn 0.0001 0.9792 0.2028
vn 0.9969 0.0008 -0.0783
vn 0.9969 0.0008 -0.0783
vn 0.9969 0.0008 -0.0783
vn 0.9724 0.0024 -0.2333
vn 0.9724 0.0024 -0.2333
vn 0.9724 0.0024 -0.2333
vn 0.9238 0.0039 -0.3828
vn 0.9238 0.0039 -0.3828
vn 0.9238 0.0039 -0.3828
vn 0.8527 0.0053 -0.5223
vn 0.8527 0.0053 -0.5223
vn 0.8527 0.0053 -0.5223
vn 0.7606 0.0067 -0.6492
vn 0.7606 0.0067 -0.6492
vn 0.7606 0.0067 -0.6492
vn 0.6495 0.0078 -0.7603
vn 0.6495 0.0078 -0.7603
vn 0.6495 0.0078 -0.7603
vn 0.5226 0.0087 -0.8525
vn 0.5226 0.0087 -0.8525
vn 0.5226 0.0087 -0.8525
vn 0.3825 0.0095 -0.9239
vn 0.3825 0.0095 -0.9239
vn 0.3825 0.0095 -0.9239
vn 0.2333 0.01 -0.9724
vn 0.2333 0.01 -0.9724
vn 0.2333 0.01 -0.9724
vn 0.0784 0.0102 -0.9969
vn 0.0784 0.0102 -0.9969
vn 0.0784 0.0102 -0.9969
vn -0.9963 0.0009 -0.086
vn -0.9963 0.0009 -0.086
vn -0.9963 0.0009 -0.086
vn -0.9729 0.0024 -0.2313
vn -0.9729 0.0024 -0.2313
vn -0.9729 0.0024 -0.2313
vn -0.9239 0.0039 -0.3827
vn -0.9239 0.0039 -0.3827
vn -0.9239 0.0039 -0.3827
vn -0.8513 0.0054 -0.5247
vn -0.8513 0.0054 -0.5247
vn -0.8513 0.0054 -0.5247
vn -0.765 0.0066 -0.644
vn -0.765 0.0066 -0.644
vn -0.765 0.0066 -0.644
vn -0.644 0.0078 -0.765
vn -0.644 0.0078 -0.765
vn -0.644 0.0078 -0.765
vn -0.5249 0.0087 -0.8511
vn -0.5249 0.0087 -0.8511
vn -0.5249 0.0087 -0.8511
vn -0.3829 0.0095 -0.9237
vn -0.3829 0.0095 -0.9237
vn -0.3829 0.0095 -0.9237
vn -0.2317 0.01 -0.9727
vn -0.2317 0.01 -0.9727
vn -0.2317 0.01 -0.9727
vn -0.0854 0.0102 -0.9963
vn -0.0854 0.0102 -0.9963
vn -0.0854 0.0102 -0.9963
vn 0.0784 -0.0101 0.9969
vn 0.0784 -0.0101 0.9969
vn 0.0784 -0.0101 0.9969
vn 0.2334 -0.0098 0.9723
vn 0.2334 -0.0098 0.9723
vn 0.2334 -0.0098 0.9723
vn 0.3826 -0.0093 0.9239
vn 0.3826 -0.0093 0.9239
vn 0.3826 -0.0093 0.9239
vn 0.5225 -0.0086 0.8526
vn 0.5225 -0.0086 0.8526
vn 0.5225 -0.0086 0.8526
vn 0.6495 -0.0076 0.7604
vn 0.6495 -0.0076 0.7604
vn 0.6495 -0.0076 0.7604
vn 0.7604 -0.0066 0.6494
vn 0.7604 -0.0066 0.6494
vn 0.7604 -0.0066 0.6494
vn 0.8526 -0.0053 0.5225
vn 0.8526 -0.0053 0.5225
vn 0.8526 -0.0053 0.5225
vn 0.9239 -0.0039 0.3826
vn 0.9239 -0.0039 0.3826
vn 0.9239 -0.0039 0.3826
vn 0.9724 -0.0023 0.2334
vn 0.9724 -0.0023 0.2334
vn 0.9724 -0.0023 0.2334
vn 0.9969 -0.0008 0.0785
vn 0.9969 -0.0008 0.0785
vn 0.9969 -0.0008 0.0785
vn -0.9969 0.0779 0.0096
vn -0.9969 0.0779 0.0096
vn -0.9969 0.0779 0.0096
vn -0.9723 0.2318 0.0288
vn -0.9723 0.2318 0.0288
vn -0.9723 0.2318 0.0288
vn -0.9237 0.3802 0.0475
vn -0.9237 0.3802 0.0475
vn -0.9237 0.3802 0.0475
vn -0.8521 0.5193 0.065
vn -0.8521 0.5193 0.065
vn -0.8521 0.5193 0.065
vn -0.7593 0.6457 0.0809
vn -0.7593 0.6457 0.0809
vn -0.7593 0.6457 0.0809
vn -0.6476 0.756 0.095
vn -0.6476 0.756 0.095
vn -0.6476 0.756 0.095
vn -0.5199 0.8476 0.1064
vn -0.5199 0.8476 0.1064
vn -0.5199 0.8476 0.1064
vn -0.3792 0.9181 0.1155
vn -0.3792 0.9181 0.1155
vn -0.3792 0.9181 0.1155
vn -0.2294 0.9657 0.1216
vn -0.2294 0.9657 0.1216
vn -0.2294 0.9657 0.1216
vn -0.0741 0.9894 0.1247
vn -0.0741 0.9894 0.1247
vn -0.0741 0.9894 0.1247
vn -0.9969 -0.0008 0.0783
vn -0.9969 -0.0008 0.0783
vn -0.9969 -0.0008 0.0783
vn -0.9724 -0.0023 0.2333
vn -0.9724 -0.0023 0.2333
vn -0.9724 -0.0023 0.2333
vn -0.9239 -0.0038 0.3826
vn -0.9239 -0.0038 0.3826
vn -0.9239 -0.0038 0.3826
vn -0.8526 -0.0053 0.5225
vn -0.8526 -0.0053 0.5225
vn -0.8526 -0.0053 0.5225
vn -0.7602 -0.0065 0.6496
vn -0.6492 -0.0077 0.7606
vn -0.6492 -0.0077 0.7606
vn -0.6492 -0.0077 0.7606
vn -0.5221 -0.0086 0.8528
vn -0.5221 -0.0086 0.8528
vn -0.5221 -0.0086 0.8528
vn -0.3822 -0.0093 0.924
vn -0.3822 -0.0093 0.924
vn -0.3822 -0.0093 0.924
vn -0.2328 -0.0098 0.9725
vn -0.2328 -0.0098 0.9725
vn -0.2328 -0.0098 0.9725
vn -0.0777 -0.0101 0.9969
vn -0.0777 -0.0101 0.9969
vn -0.0777 -0.0101 0.9969
vn -0.0781 0.9889 0.1266
vn -0.0781 0.9889 0.1266
vn -0.0781 0.9889 0.1266
vn -0.2331 0.9646 0.1236
vn -0.2331 0.9646 0.1236
vn -0.2331 0.9646 0.1236
vn -0.3824 0.9165 0.1175
vn -0.3824 0.9165 0.1175
vn -0.3824 0.9165 0.1175
vn -0.5223 0.8458 0.1085
vn -0.5223 0.8458 0.1085
vn -0.5223 0.8458 0.1085
vn -0.6493 0.7543 0.0968
vn -0.6493 0.7543 0.0968
vn -0.6493 0.7543 0.0968
vn -0.7603 0.6443 0.0828
vn -0.7603 0.6443 0.0828
vn -0.7603 0.6443 0.0828
vn -0.8526 0.5183 0.0666
vn -0.8526 0.5183 0.0666
vn -0.8526 0.5183 0.0666
vn -0.9239 0.3796 0.0488
vn -0.9239 0.3796 0.0488
vn -0.9239 0.3796 0.0488
vn -0.9724 0.2315 0.0299
vn -0.9724 0.2315 0.0299
vn -0.9724 0.2315 0.0299
vn -0.9969 0.0778 0.0102
vn -0.9969 0.0778 0.0102
vn -0.9969 0.0778 0.0102
vn 0.0002 0.9794 0.2021
vn 0.0002 0.9794 0.2021
vn 0.0002 0.9794 0.2021
vn 0.0003 0.9379 0.3468
vn 0.0003 0.9379 0.3468
vn 0.0003 0.9379 0.3468
vn 0.0004 0.8775 0.4797
vn 0.0004 0.8775 0.4797
vn 0.0004 0.8775 0.4797
vn 0.0006 0.8003 0.5996
vn 0.0006 0.8003 0.5996
vn 0.0006 0.8003 0.5996
vn 0.0006 0.7083 0.7059
vn 0.0006 0.7083 0.7059
vn 0.0006 0.7083 0.7059
vn 0.0008 0.603 0.7978
vn 0.0008 0.603 0.7978
vn 0.0008 0.603 0.7978
vn 0.0009 0.4852 0.8744
vn 0.0009 0.4852 0.8744
vn 0.0009 0.4852 0.8744
vn 0.001 0.3559 0.9345
vn 0.0011 0.216 0.9764
vn 0.0011 0.216 0.9764
vn 0.0011 0.216 0.9764
vn 0.0009 0.0671 0.9977
vn 0.0009 0.0671 0.9977
vn 0.0009 0.0671 0.9977
vn -0.0002 0.9985 0.0541
vn -0.0002 0.9985 0.0541
vn -0.0002 0.9985 0.0541
vn -0.0008 0.9942 -0.1077
vn -0.0008 0.9942 -0.1077
vn -0.0008 0.9942 -0.1077
vn -0.0014 0.9621 -0.2726
vn -0.0014 0.9621 -0.2726
vn -0.0014 0.9621 -0.2726
vn -0.002 0.9006 -0.4346
vn -0.002 0.9006 -0.4346
vn -0.002 0.9006 -0.4346
vn -0.0025 0.8102 -0.5862
vn -0.0025 0.8102 -0.5862
vn -0.0025 0.8102 -0.5862
vn -0.0029 0.6934 -0.7205
vn -0.0029 0.6934 -0.7205
vn -0.0029 0.6934 -0.7205
vn -0.0031 0.5558 -0.8313
vn -0.0031 0.5558 -0.8313
vn -0.0031 0.5558 -0.8313
vn -0.0033 0.4041 -0.9147
vn -0.0033 0.4041 -0.9147
vn -0.0033 0.4041 -0.9147
vn -0.0033 0.2451 -0.9695
vn -0.0033 0.2451 -0.9695
vn -0.0033 0.2451 -0.9695
vn -0.0032 0.0854 -0.9963
vn -0.0032 0.0854 -0.9963
vn -0.0032 0.0854 -0.9963
vn 0.0004 0.9987 0.0506
vn 0.0004 0.9987 0.0506
vn 0.0004 0.9987 0.0506
vn 0.0004 0.9938 -0.1111
vn 0.0004 0.9938 -0.1111
vn 0.0004 0.9938 -0.1111
vn 0.0002 0.9613 -0.2754
vn 0.0002 0.9613 -0.2754
vn 0.0002 0.9613 -0.2754
vn -0 0.8998 -0.4363
vn -0 0.8998 -0.4363
vn 0.0001 0.8097 -0.5868
vn 0.0001 0.8097 -0.5868
vn 0.0001 0.8097 -0.5868
vn -0.0001 0.6938 -0.7202
vn -0.0001 0.6938 -0.7202
vn -0.0001 0.6938 -0.7202
vn -0.0001 0.5573 -0.8303
vn -0.0001 0.5573 -0.8303
vn -0.0001 0.5573 -0.8303
vn -0.0002 0.4064 -0.9137
vn -0.0002 0.4064 -0.9137
vn -0.0002 0.4064 -0.9137
vn -0.0002 0.2485 -0.9686
vn -0.0002 0.2485 -0.9686
vn -0.0002 0.2485 -0.9686
vn -0.0001 0.0891 -0.996
vn -0.0001 0.0891 -0.996
vn -0.0001 0.0891 -0.996
vn -0 0.0891 -0.996
vn -0 0.2485 -0.9686
vn -0 0.2485 -0.9686
vn -0 0.2485 -0.9686
vn -0 0.4064 -0.9137
vn -0 0.4064 -0.9137
vn -0 0.4064 -0.9137
vn -0 0.5573 -0.8303
vn -0 0.5573 -0.8303
vn -0 0.5573 -0.8303
vn -0 0.6938 -0.7202
vn -0 0.6938 -0.7202
vn -0 0.6938 -0.7202
vn -0 0.8097 -0.5868
vn -0 0.8097 -0.5868
vn -0 0.8097 -0.5868
vn -0 0.8998 -0.4362
vn -0 0.8998 -0.4362
vn -0 0.8998 -0.4362
vn -0 0.9613 -0.2754
vn -0 0.9938 -0.1111
vn -0 0.9987 0.0505
vn -0 0.9987 0.0505
vn -0 0.9987 0.0505
vn 0.0784 0.9886 0.1284
vn 0.0784 0.9886 0.1284
vn 0.0784 0.9886 0.1284
vn 0.2334 0.9643 0.1252
vn 0.2334 0.9643 0.1252
vn 0.2334 0.9643 0.1252
vn 0.3828 0.9162 0.1189
vn 0.3828 0.9162 0.1189
vn 0.3828 0.9162 0.1189
vn 0.5227 0.8454 0.1098
vn 0.5227 0.8454 0.1098
vn 0.5227 0.8454 0.1098
vn 0.6493 0.7542 0.0979
vn 0.6493 0.7542 0.0979
vn 0.6493 0.7542 0.0979
vn 0.7606 0.6439 0.0836
vn 0.7606 0.6439 0.0836
vn 0.7606 0.6439 0.0836
vn 0.8526 0.5182 0.0673
vn 0.8526 0.5182 0.0673
vn 0.8526 0.5182 0.0673
vn 0.9238 0.3796 0.0493
vn 0.9238 0.3796 0.0493
vn 0.9238 0.3796 0.0493
vn 0.9724 0.2315 0.0301
vn 0.9969 0.0778 0.0101
vn -0 0.0671 0.9977
vn -0 0.0671 0.9977
vn -0 0.0671 0.9977
vn -0 0.216 0.9764
vn -0 0.356 0.9345
vn -0 0.356 0.9345
vn -0 0.356 0.9345
vn -0 0.4853 0.8744
vn -0 0.4853 0.8744
vn -0 0.4853 0.8744
vn -0 0.603 0.7977
vn -0 0.603 0.7977
vn -0 0.603 0.7977
vn -0 0.7084 0.7058
vn -0 0.7084 0.7058
vn -0 0.7084 0.7058
vn -0 0.8003 0.5996
vn -0 0.8003 0.5996
vn -0 0.8003 0.5996
vn -0 0.8775 0.4796
vn -0 0.8775 0.4796
vn -0 0.8775 0.4796
vn -0 0.938 0.3467
vn -0 0.938 0.3467
vn -0 0.938 0.3467
vn -0 0.9794 0.2021
vn -0 0.9794 0.2021
vn -0 0.9794 0.2021
vn 0.9969 0.0776 0.0101
vn 0.9969 0.0776 0.0101
vn 0.9969 0.0776 0.0101
vn 0.9725 0.2312 0.0296
vn 0.9725 0.2312 0.0296
vn 0.9725 0.2312 0.0296
vn 0.9237 0.38 0.0485
vn 0.9237 0.38 0.0485
vn 0.9237 0.38 0.0485
vn 0.8525 0.5186 0.0662
vn 0.8525 0.5186 0.0662
vn 0.8525 0.5186 0.0662
vn 0.7602 0.6445 0.082
vn 0.7602 0.6445 0.082
vn 0.7602 0.6445 0.082
vn 0.6492 0.7545 0.0962
vn 0.6492 0.7545 0.0962
vn 0.6492 0.7545 0.0962
vn 0.5223 0.8459 0.1078
vn 0.5223 0.8459 0.1078
vn 0.5223 0.8459 0.1078
vn 0.3825 0.9166 0.1168
vn 0.3825 0.9166 0.1168
vn 0.3825 0.9166 0.1168
vn 0.2331 0.9647 0.1228
vn 0.2331 0.9647 0.1228
vn 0.2331 0.9647 0.1228
vn 0.078 0.989 0.126
vn 0.078 0.989 0.126
vn 0.078 0.989 0.126
vn 0.0784 0.9886 0.1286
vn 0.2334 0.9643 0.1254
vn 0.2334 0.9643 0.1254
vn 0.2334 0.9643 0.1254
vn 0.3827 0.9162 0.1192
vn 0.3827 0.9162 0.1192
vn 0.3827 0.9162 0.1192
vn 0.5224 0.8456 0.11
vn 0.5224 0.8456 0.11
vn 0.5224 0.8456 0.11
vn 0.6493 0.7542 0.0981
vn 0.6493 0.7542 0.0981
vn 0.6493 0.7542 0.0981
vn 0.7605 0.6439 0.0838
vn 0.7605 0.6439 0.0838
vn 0.7605 0.6439 0.0838
vn 0.8526 0.5182 0.0674
vn 0.9239 0.3793 0.0494
vn 0.9239 0.3793 0.0494
vn 0.9239 0.3793 0.0494
vn 0.9724 0.2314 0.0301
vn 0.9724 0.2314 0.0301
vn 0.9724 0.2314 0.0301
vn 0.9969 0.0778 0.0101
vn 0.9969 0.0778 0.0101
vn -0.9969 0.0778 0.0101
vn -0.9724 0.2316 0.0302
vn -0.9724 0.2316 0.0302
vn -0.9724 0.2316 0.0302
vn -0.9238 0.3796 0.0494
vn -0.9238 0.3796 0.0494
vn -0.9238 0.3796 0.0494
vn -0.8526 0.5182 0.0675
vn -0.8526 0.5182 0.0675
vn -0.8526 0.5182 0.0675
vn -0.7603 0.6441 0.0839
vn -0.7603 0.6441 0.0839
vn -0.7603 0.6441 0.0839
vn -0.6494 0.7541 0.0982
vn -0.6494 0.7541 0.0982
vn -0.6494 0.7541 0.0982
vn -0.5224 0.8456 0.1101
vn -0.5224 0.8456 0.1101
vn -0.5224 0.8456 0.1101
vn -0.3826 0.9162 0.1193
vn -0.3826 0.9162 0.1193
vn -0.3826 0.9162 0.1193
vn -0.2334 0.9642 0.1255
vn -0.2334 0.9642 0.1255
vn -0.2334 0.9642 0.1255
vn -0.0785 0.9886 0.1287
vn -0.0785 0.9886 0.1287
vn -0.0785 0.9886 0.1287
vn 0.0004 0.9919 0.1269
vn 0.0004 0.9919 0.1269
vn 0.0004 0.9919 0.1269
vn -1 -0 0.0002
vn -1 -0 0.0002
vn -1 -0 0.0002
vn -1 -0 -0
vn 0.0051 0.9916 0.1291
vn 0.0051 0.9916 0.1291
vn 0.0051 0.9916 0.1291
vn 0.0007 -0.0101 0.9999
vn 0.0007 -0.0101 0.9999
vn 0.0007 -0.0101 0.9999
vn 0.0008 -0.9999 -0.0106
vn 0.0008 -0.9999 -0.0106
vn 0.0008 -0.9999 -0.0106
vn 0.0008 -0.9999 -0.0111
vn 0.0008 -0.9999 -0.0111
vn 0.0008 -0.9999 -0.0111
vn 0.0009 -0.9999 -0.0111
vn 0.0009 -0.9999 -0.0111
vn 0.0009 -0.9999 -0.0111
vn 0.0008 -0.9999 -0.0111
vn 0.0008 -0.9999 -0.0111
vn 0.0008 -0.9999 -0.0111
vn 0.0009 -0.9999 -0.0111
vn 0.0009 -0.9999 -0.0111
vn 0.0009 -0.9999 -0.0111
vn 0.0009 -0.9999 -0.011
vn 0.0009 -0.9999 -0.011
vn 0.0009 -0.9999 -0.011
vn -0 -0.9999 -0.0102
vn -0 -0.9999 -0.0102
vn -0 -0.9999 -0.0102
vn 0.0008 -0.9999 -0.011
vn 0.0008 -0.9999 -0.011
vn 0.0008 -0.9999 -0.011
vn 0.0008 -0.9999 -0.011
vn -0.0005 0.992 0.1262
vn -0.0005 0.992 0.1262
vn -0.0005 0.992 0.1262
vn 1 -0 -0
vn -0 0.9916 0.129
vn 0.0045 0.9921 0.1254
vn 0.0045 0.9921 0.1254
vn 0.0045 0.9921 0.1254
vn -1 -0 -0.0002
vn -1 -0 -0.0002
vn -1 -0 -0.0002
vn -0 0.9921 0.1258
vn -0 0.9921 0.1258
vn -0 0.9921 0.1258
vn -0.0006 -0.9999 -0.0102
vn -0.0006 -0.9999 -0.0102
vn -0 -1 -0.0095
vn -0 -1 -0.0095
vn -0 -1 -0.0095
vn -0 -1 -0.0096
vn -0 -1 -0.0096
vn 0.0001 -1 -0.0092
vn 0.0001 -1 -0.0092
vn 0.0001 -1 -0.0092
vn -0 -1 -0.0092
vn -0 -1 -0.0092
vn -0 -1 -0.0092
vn -0 -1 -0.0096
vn -0 -1 -0.0096
vn -0 -1 -0.0098
vn -0 -1 -0.0098
vn -0 -1 -0.0098
vn -0 -1 -0.0096
vn -0 -1 -0.0096
vn -0 -1 -0.0095
vn -0 -1 -0.0095
vn 0.0009 -0.0101 0.9999
vn 0.0009 -0.0101 0.9999
vn 0.0009 -0.0101 0.9999
vn -0 0.0104 -0.9999
vn -0 0.9917 0.1289
vn -0 -0.9999 -0.0102
vn -0 -0.9999 -0.0102
vn -0 -0.9999 -0.0102
vn -0 -1 -0.01
vn -0 -1 -0.01
vn -0 -1 -0.01
vn -0.0001 -0.9999 -0.0103
vn -0.0001 -0.9999 -0.0103
vn -0.0001 -0.9999 -0.0103
vn -0.0002 -0.9999 -0.0102
vn -0.0002 -0.9999 -0.0102
vn -0.0002 -0.9999 -0.0102
vn -0 -0.9999 -0.0102
vn -0 -0.9999 -0.0102
vn -0 -0.9999 -0.0102
vn -0 -0.9999 -0.0102
vn -0 -0.9999 -0.0102
vn -0.0001 -0.9999 -0.0102
vn -0.0001 -0.9999 -0.0102
vn -0.0001 -0.9999 -0.0102
vn -0 0.0105 -0.9999
vn -0 0.0105 -0.9999
vn -0 0.0105 -0.9999
vn -0 0.9917 0.1289
vn -0.0001 0.0105 -0.9999
vn -0.0001 0.0105 -0.9999
vn -0.0001 0.0105 -0.9999
vn -0 -0.9999 -0.0102
vn -0 -0.9999 -0.0102
vn -0 -0.9999 -0.0102
vn -0.0001 -0.9999 -0.0102
vn -0.0001 -0.9999 -0.0102
vn -0.0001 -0.9999 -0.0102
vn 0.0003 -0.9999 -0.0103
vn 0.0003 -0.9999 -0.0103
vn 0.0003 -0.9999 -0.0103
vn -0.0001 -1 -0.0099
vn -0.0001 -1 -0.0099
vn -0.0001 -1 -0.0099
vn -0 -0.9999 -0.0102
vn -0 -0.9999 -0.0102
vn -0 -0.9999 -0.0103
vn -0 -0.9999 -0.0103
vn -0 -0.9999 -0.0103
vn -0 -0.9999 -0.0103
vn -0 -0.9999 -0.0103
vn -0 -0.9999 -0.0103
vn -0 -0.9999 -0.0103
vn -0 -0.9999 -0.0103
f 86/86/86 85/85/85 84/84/84
f 3/3/3 2/2/2 1/1/1
f 1/1/1 2/2/2 15/15/15
f 1/1/1 15/15/15 14/14/14
f 3/3/3 100/100/100 2/2/2
f 100/100/100 3/3/3 99/99/99
f 100/100/100 99/99/99 11/11/11
f 11/11/11 99/99/99 10/10/10
f 11/11/11 10/10/10 9/9/9
f 9/9/9 10/10/10 8/8/8
f 9/9/9 8/8/8 7/7/7
f 8/8/8 4/4/4 7/7/7
f 8/8/8 6/6/6 4/4/4
f 6/6/6 5/5/5 4/4/4
f 6/6/6 12/12/12 5/5/5
f 13/13/13 5/5/5 12/12/12
f 13/13/13 2463/2463/2463 5/5/5
f 18/18/18 17/17/17 16/16/16
f 29/29/29 16/16/16 17/17/17
f 18/18/18 58/58/58 17/17/17
f 29/29/29 17/17/17 30/30/30
f 59/59/59 58/58/58 18/18/18
f 30/30/30 23/23/23 29/29/29
f 59/59/59 71/71/71 58/58/58
f 30/30/30 22/22/22 23/23/23
f 72/72/72 71/71/71 59/59/59
f 24/24/24 23/23/23 22/22/22
f 72/72/72 79/79/79 71/71/71
f 24/24/24 83/83/83 23/23/23
f 75/75/75 79/79/79 72/72/72
f 83/83/83 24/24/24 80/80/80
f 75/75/75 76/76/76 79/79/79
f 83/83/83 80/80/80 82/82/82
f 77/77/77 76/76/76 75/75/75
f 77/77/77 2469/2469/2469 76/76/76
f 81/81/81 82/82/82 80/80/80
f 81/81/81 80/80/80 61/61/61
f 62/62/62 81/81/81 61/61/61
f 62/62/62 61/61/61 60/60/60
f 69/69/69 62/62/62 60/60/60
f 69/69/69 60/60/60 28/28/28
f 19/19/19 69/69/69 28/28/28
f 19/19/19 28/28/28 21/21/21
f 21/21/21 20/20/20 19/19/19
f 21/21/21 2464/2464/2464 20/20/20
f 27/27/27 26/26/26 25/25/25
f 26/26/26 40/40/40 25/25/25
f 27/27/27 64/64/64 26/26/26
f 26/26/26 45/45/45 40/40/40
f 65/65/65 64/64/64 27/27/27
f 45/45/45 44/44/44 40/40/40
f 65/65/65 2468/2468/2468 64/64/64
f 45/45/45 70/70/70 44/44/44
f 49/49/49 2468/2468/2468 65/65/65
f 41/41/41 44/44/44 70/70/70
f 49/49/49 65/65/65 48/48/48
f 41/41/41 42/42/42 44/44/44
f 50/50/50 49/49/49 48/48/48
f 43/43/43 42/42/42 41/41/41
f 50/50/50 66/66/66 49/49/49
f 43/43/43 56/56/56 42/42/42
f 54/54/54 66/66/66 50/50/50
f 57/57/57 56/56/56 43/43/43
f 54/54/54 55/55/55 66/66/66
f 57/57/57 2467/2467/2467 56/56/56
f 51/51/51 55/55/55 54/54/54
f 68/68/68 2467/2467/2467 57/57/57
f 51/51/51 52/52/52 55/55/55
f 68/68/68 57/57/57 67/67/67
f 53/53/53 52/52/52 51/51/51
f 53/53/53 2466/2466/2466 52/52/52
f 78/78/78 68/68/68 67/67/67
f 78/78/78 39/39/39 68/68/68
f 39/39/39 78/78/78 38/38/38
f 39/39/39 38/38/38 33/33/33
f 33/33/33 38/38/38 32/32/32
f 33/33/33 32/32/32 31/31/31
f 31/31/31 32/32/32 63/63/63
f 31/31/31 63/63/63 37/37/37
f 37/37/37 63/63/63 36/36/36
f 37/37/37 36/36/36 34/34/34
f 36/36/36 35/35/35 34/34/34
f 36/36/36 2465/2465/2465 35/35/35
f 35/35/35 2465/2465/2465 47/47/47
f 35/35/35 47/47/47 46/46/46
f 46/46/46 47/47/47 74/74/74
f 46/46/46 74/74/74 73/73/73
f 89/89/89 88/88/88 87/87/87
f 92/92/92 91/91/91 90/90/90
f 95/95/95 94/94/94 93/93/93
f 98/98/98 97/97/97 96/96/96
f 103/103/103 102/102/102 101/101/101
f 105/105/105 101/101/101 102/102/102
f 103/103/103 106/106/106 102/102/102
f 105/105/105 102/102/102 104/104/104
f 107/107/107 106/106/106 103/103/103
f 104/104/104 122/122/122 105/105/105
f 107/107/107 2485/2485/2485 106/106/106
f 104/104/104 120/120/120 122/122/122
f 109/109/109 2485/2485/2485 107/107/107
f 121/121/121 122/122/122 120/120/120
f 109/109/109 107/107/107 108/108/108
f 121/121/121 120/120/120 114/114/114
f 126/126/126 109/109/109 108/108/108
f 115/115/115 121/121/121 114/114/114
f 126/126/126 125/125/125 109/109/109
f 115/115/115 114/114/114 113/113/113
f 125/125/125 126/126/126 124/124/124
f 119/119/119 115/115/115 113/113/113
f 119/119/119 113/113/113 118/118/118
f 125/125/125 124/124/124 123/123/123
f 110/110/110 123/123/123 124/124/124
f 110/110/110 111/111/111 123/123/123
f 112/112/112 111/111/111 110/110/110
f 112/112/112 116/116/116 111/111/111
f 117/117/117 116/116/116 112/112/112
f 117/117/117 2486/2486/2486 116/116/116
f 129/129/129 128/128/128 127/127/127
f 129/129/129 135/135/135 128/128/128
f 130/130/130 127/127/127 128/128/128
f 130/130/130 128/128/128 132/132/132
f 135/135/135 129/129/129 134/134/134
f 135/135/135 134/134/134 133/133/133
f 132/132/132 131/131/131 130/130/130
f 132/132/132 160/160/160 131/131/131
f 133/133/133 134/134/134 157/157/157
f 133/133/133 157/157/157 156/156/156
f 160/160/160 159/159/159 131/131/131
f 160/160/160 2488/2488/2488 159/159/159
f 159/159/159 2488/2488/2488 146/146/146
f 156/156/156 157/157/157 145/145/145
f 156/156/156 145/145/145 144/144/144
f 145/145/145 143/143/143 144/144/144
f 175/175/175 157/157/157 134/134/134
f 145/145/145 165/165/165 143/143/143
f 177/177/177 145/145/145 157/157/157
f 177/177/177 157/157/157 175/175/175
f 164/164/164 165/165/165 145/145/145
f 164/164/164 145/145/145 177/177/177
f 143/143/143 165/165/165 142/142/142
f 143/143/143 142/142/142 138/138/138
f 166/166/166 165/165/165 164/164/164
f 166/166/166 142/142/142 165/165/165
f 161/161/161 164/164/164 177/177/177
f 138/138/138 142/142/142 137/137/137
f 138/138/138 137/137/137 136/136/136
f 161/161/161 177/177/177 176/176/176
f 176/176/176 177/177/177 175/175/175
f 162/162/162 164/164/164 161/161/161
f 162/162/162 166/166/166 164/164/164
f 163/163/163 161/161/161 176/176/176
f 163/163/163 162/162/162 161/161/161
f 163/163/163 176/176/176 174/174/174
f 163/163/163 209/209/209 162/162/162
f 199/199/199 162/162/162 209/209/209
f 174/174/174 176/176/176 173/173/173
f 176/176/176 175/175/175 173/173/173
f 174/174/174 173/173/173 172/172/172
f 199/199/199 200/200/200 162/162/162
f 200/200/200 166/166/166 162/162/162
f 201/201/201 200/200/200 199/199/199
f 202/202/202 142/142/142 166/166/166
f 200/200/200 202/202/202 166/166/166
f 202/202/202 137/137/137 142/142/142
f 201/201/201 203/203/203 200/200/200
f 203/203/203 202/202/202 200/200/200
f 208/208/208 203/203/203 201/201/201
f 204/204/204 137/137/137 202/202/202
f 203/203/203 204/204/204 202/202/202
f 136/136/136 137/137/137 147/147/147
f 204/204/204 147/147/147 137/137/137
f 136/136/136 147/147/147 148/148/148
f 206/206/206 204/204/204 203/203/203
f 208/208/208 206/206/206 203/203/203
f 205/205/205 147/147/147 204/204/204
f 206/206/206 205/205/205 204/204/204
f 149/149/149 148/148/148 147/147/147
f 205/205/205 149/149/149 147/147/147
f 149/149/149 2487/2487/2487 148/148/148
f 210/210/210 2487/2487/2487 149/149/149
f 210/210/210 149/149/149 140/140/140
f 140/140/140 149/149/149 205/205/205
f 141/141/141 210/210/210 140/140/140
f 188/188/188 205/205/205 206/206/206
f 140/140/140 205/205/205 188/188/188
f 190/190/190 206/206/206 208/208/208
f 188/188/188 206/206/206 190/190/190
f 190/190/190 208/208/208 207/207/207
f 190/190/190 207/207/207 191/191/191
f 141/141/141 140/140/140 139/139/139
f 139/139/139 140/140/140 188/188/188
f 139/139/139 146/146/146 141/141/141
f 187/187/187 188/188/188 190/190/190
f 139/139/139 188/188/188 187/187/187
f 139/139/139 158/158/158 146/146/146
f 158/158/158 139/139/139 187/187/187
f 159/159/159 146/146/146 158/158/158
f 187/187/187 190/190/190 189/189/189
f 190/190/190 191/191/191 189/189/189
f 158/158/158 187/187/187 195/195/195
f 195/195/195 187/187/187 189/189/189
f 195/195/195 159/159/159 158/158/158
f 192/192/192 189/189/189 191/191/191
f 195/195/195 189/189/189 192/192/192
f 192/192/192 191/191/191 194/194/194
f 195/195/195 196/196/196 159/159/159
f 192/192/192 196/196/196 195/195/195
f 196/196/196 131/131/131 159/159/159
f 194/194/194 193/193/193 192/192/192
f 192/192/192 193/193/193 196/196/196
f 194/194/194 197/197/197 193/193/193
f 196/196/196 179/179/179 131/131/131
f 193/193/193 179/179/179 196/196/196
f 130/130/130 131/131/131 179/179/179
f 183/183/183 193/193/193 197/197/197
f 130/130/130 179/179/179 178/178/178
f 193/193/193 181/181/181 179/179/179
f 183/183/183 181/181/181 193/193/193
f 178/178/178 179/179/179 181/181/181
f 127/127/127 130/130/130 178/178/178
f 180/180/180 181/181/181 183/183/183
f 178/178/178 181/181/181 180/180/180
f 180/180/180 183/183/183 182/182/182
f 180/180/180 182/182/182 169/169/169
f 178/178/178 180/180/180 167/167/167
f 180/180/180 169/169/169 167/167/167
f 127/127/127 178/178/178 170/170/170
f 178/178/178 167/167/167 170/170/170
f 169/169/169 168/168/168 167/167/167
f 168/168/168 170/170/170 167/167/167
f 169/169/169 185/185/185 168/168/168
f 171/171/171 127/127/127 170/170/170
f 168/168/168 171/171/171 170/170/170
f 171/171/171 129/129/129 127/127/127
f 185/185/185 184/184/184 168/168/168
f 185/185/185 198/198/198 184/184/184
f 172/172/172 184/184/184 198/198/198
f 172/172/172 173/173/173 184/184/184
f 168/168/168 186/186/186 171/171/171
f 168/168/168 184/184/184 186/186/186
f 186/186/186 129/129/129 171/171/171
f 173/173/173 186/186/186 184/184/184
f 186/186/186 134/134/134 129/129/129
f 173/173/173 175/175/175 186/186/186
f 175/175/175 134/134/134 186/186/186
f 152/152/152 151/151/151 150/150/150
f 224/224/224 152/152/152 150/150/150
f 224/224/224 150/150/150 223/223/223
f 152/152/152 331/331/331 151/151/151
f 238/238/238 224/224/224 223/223/223
f 238/238/238 223/223/223 232/232/232
f 335/335/335 152/152/152 224/224/224
f 335/335/335 331/331/331 152/152/152
f 233/233/233 238/238/238 232/232/232
f 233/233/233 232/232/232 231/231/231
f 322/322/322 151/151/151 331/331/331
f 322/322/322 323/323/323 151/151/151
f 240/240/240 233/233/233 231/231/231
f 240/240/240 231/231/231 239/239/239
f 214/214/214 323/323/323 322/322/322
f 214/214/214 215/215/215 323/323/323
f 332/332/332 322/322/322 331/331/331
f 332/332/332 214/214/214 322/322/322
f 245/245/245 240/240/240 239/239/239
f 245/245/245 239/239/239 244/244/244
f 332/332/332 331/331/331 329/329/329
f 335/335/335 329/329/329 331/331/331
f 271/271/271 245/245/245 244/244/244
f 271/271/271 244/244/244 212/212/212
f 362/362/362 240/240/240 245/245/245
f 213/213/213 271/271/271 212/212/212
f 213/213/213 212/212/212 211/211/211
f 367/367/367 245/245/245 271/271/271
f 367/367/367 362/362/362 245/245/245
f 373/373/373 271/271/271 213/213/213
f 373/373/373 367/367/367 271/271/271
f 292/292/292 213/213/213 211/211/211
f 292/292/292 211/211/211 287/287/287
f 382/382/382 373/373/373 213/213/213
f 382/382/382 213/213/213 292/292/292
f 288/288/288 292/292/292 287/287/287
f 288/288/288 287/287/287 286/286/286
f 292/292/292 383/383/383 382/382/382
f 292/292/292 288/288/288 383/383/383
f 291/291/291 288/288/288 286/286/286
f 291/291/291 286/286/286 290/290/290
f 288/288/288 389/389/389 383/383/383
f 288/288/288 291/291/291 389/389/389
f 301/301/301 291/291/291 290/290/290
f 301/301/301 290/290/290 299/299/299
f 291/291/291 399/399/399 389/389/389
f 291/291/291 301/301/301 399/399/399
f 300/300/300 301/301/301 299/299/299
f 300/300/300 299/299/299 298/298/298
f 407/407/407 399/399/399 301/301/301
f 407/407/407 301/301/301 300/300/300
f 310/310/310 300/300/300 298/298/298
f 310/310/310 298/298/298 314/314/314
f 310/310/310 314/314/314 309/309/309
f 408/408/408 407/407/407 300/300/300
f 408/408/408 300/300/300 310/310/310
f 310/310/310 309/309/309 308/308/308
f 308/308/308 408/408/408 310/310/310
f 308/308/308 309/309/309 312/312/312
f 405/405/405 399/399/399 407/407/407
f 405/405/405 407/407/407 408/408/408
f 308/308/308 312/312/312 305/305/305
f 305/305/305 312/312/312 304/304/304
f 308/308/308 404/404/404 408/408/408
f 404/404/404 308/308/308 305/305/305
f 305/305/305 304/304/304 297/297/297
f 297/297/297 304/304/304 296/296/296
f 404/404/404 305/305/305 398/398/398
f 398/398/398 305/305/305 297/297/297
f 408/408/408 404/404/404 403/403/403
f 403/403/403 404/404/404 398/398/398
f 297/297/297 296/296/296 285/285/285
f 285/285/285 296/296/296 284/284/284
f 398/398/398 297/297/297 396/396/396
f 285/285/285 396/396/396 297/297/297
f 403/403/403 398/398/398 397/397/397
f 397/397/397 398/398/398 396/396/396
f 285/285/285 284/284/284 274/274/274
f 274/274/274 284/284/284 273/273/273
f 285/285/285 385/385/385 396/396/396
f 274/274/274 385/385/385 285/285/285
f 397/397/397 396/396/396 394/394/394
f 385/385/385 394/394/394 396/396/396
f 274/274/274 273/273/273 267/267/267
f 267/267/267 273/273/273 266/266/266
f 274/274/274 379/379/379 385/385/385
f 379/379/379 274/274/274 267/267/267
f 267/267/267 266/266/266 262/262/262
f 262/262/262 266/266/266 261/261/261
f 379/379/379 267/267/267 376/376/376
f 376/376/376 267/267/267 262/262/262
f 262/262/262 261/261/261 254/254/254
f 254/254/254 261/261/261 253/253/253
f 376/376/376 262/262/262 370/370/370
f 370/370/370 262/262/262 254/254/254
f 254/254/254 253/253/253 252/252/252
f 252/252/252 253/253/253 258/258/258
f 370/370/370 254/254/254 364/364/364
f 364/364/364 254/254/254 252/252/252
f 252/252/252 258/258/258 249/249/249
f 249/249/249 258/258/258 248/248/248
f 364/364/364 252/252/252 357/357/357
f 249/249/249 357/357/357 252/252/252
f 249/249/249 248/248/248 216/216/216
f 216/216/216 248/248/248 215/215/215
f 216/216/216 215/215/215 214/214/214
f 249/249/249 351/351/351 357/357/357
f 216/216/216 351/351/351 249/249/249
f 358/358/358 364/364/364 357/357/357
f 351/351/351 358/358/358 357/357/357
f 368/368/368 370/370/370 364/364/364
f 358/358/358 368/368/368 364/364/364
f 216/216/216 343/343/343 351/351/351
f 214/214/214 343/343/343 216/216/216
f 368/368/368 369/369/369 370/370/370
f 369/369/369 376/376/376 370/370/370
f 363/363/363 368/368/368 358/358/358
f 363/363/363 369/369/369 368/368/368
f 363/363/363 358/358/358 359/359/359
f 363/363/363 375/375/375 369/369/369
f 352/352/352 359/359/359 358/358/358
f 351/351/351 352/352/352 358/358/358
f 343/343/343 352/352/352 351/351/351
f 352/352/352 353/353/353 359/359/359
f 375/375/375 374/374/374 369/369/369
f 369/369/369 374/374/374 376/376/376
f 374/374/374 379/379/379 376/376/376
f 375/375/375 378/378/378 374/374/374
f 344/344/344 353/353/353 352/352/352
f 343/343/343 344/344/344 352/352/352
f 344/344/344 345/345/345 353/353/353
f 344/344/344 346/346/346 345/345/345
f 378/378/378 377/377/377 374/374/374
f 374/374/374 377/377/377 379/379/379
f 378/378/378 388/388/388 377/377/377
f 344/344/344 339/339/339 346/346/346
f 343/343/343 339/339/339 344/344/344
f 328/328/328 346/346/346 339/339/339
f 386/386/386 377/377/377 388/388/388
f 379/379/379 377/377/377 386/386/386
f 379/379/379 386/386/386 385/385/385
f 386/386/386 388/388/388 387/387/387
f 385/385/385 386/386/386 394/394/394
f 386/386/386 387/387/387 393/393/393
f 386/386/386 393/393/393 394/394/394
f 395/395/395 394/394/394 393/393/393
f 395/395/395 397/397/397 394/394/394
f 402/402/402 397/397/397 395/395/395
f 402/402/402 403/403/403 397/397/397
f 409/409/409 403/403/403 402/402/402
f 408/408/408 403/403/403 409/409/409
f 409/409/409 402/402/402 410/410/410
f 405/405/405 408/408/408 409/409/409
f 406/406/406 409/409/409 410/410/410
f 406/406/406 405/405/405 409/409/409
f 406/406/406 400/400/400 405/405/405
f 405/405/405 400/400/400 399/399/399
f 406/406/406 401/401/401 400/400/400
f 389/389/389 399/399/399 400/400/400
f 390/390/390 400/400/400 401/401/401
f 389/389/389 400/400/400 390/390/390
f 390/390/390 401/401/401 392/392/392
f 383/383/383 389/389/389 390/390/390
f 384/384/384 390/390/390 392/392/392
f 383/383/383 390/390/390 384/384/384
f 384/384/384 392/392/392 391/391/391
f 382/382/382 383/383/383 384/384/384
f 384/384/384 391/391/391 380/380/380
f 382/382/382 384/384/384 381/381/381
f 384/384/384 380/380/380 381/381/381
f 381/381/381 373/373/373 382/382/382
f 372/372/372 381/381/381 380/380/380
f 381/381/381 371/371/371 373/373/373
f 372/372/372 371/371/371 381/381/381
f 371/371/371 367/367/367 373/373/373
f 372/372/372 365/365/365 371/371/371
f 371/371/371 365/365/365 367/367/367
f 372/372/372 366/366/366 365/365/365
f 365/365/365 362/362/362 367/367/367
f 366/366/366 360/360/360 365/365/365
f 365/365/365 360/360/360 362/362/362
f 366/366/366 361/361/361 360/360/360
f 360/360/360 354/354/354 362/362/362
f 362/362/362 354/354/354 240/240/240
f 233/233/233 240/240/240 354/354/354
f 361/361/361 355/355/355 360/360/360
f 360/360/360 355/355/355 354/354/354
f 361/361/361 356/356/356 355/355/355
f 233/233/233 354/354/354 347/347/347
f 347/347/347 354/354/354 355/355/355
f 238/238/238 233/233/233 347/347/347
f 348/348/348 355/355/355 356/356/356
f 347/347/347 355/355/355 348/348/348
f 348/348/348 356/356/356 350/350/350
f 238/238/238 347/347/347 341/341/341
f 341/341/341 347/347/347 348/348/348
f 224/224/224 238/238/238 341/341/341
f 342/342/342 348/348/348 350/350/350
f 341/341/341 348/348/348 342/342/342
f 342/342/342 350/350/350 349/349/349
f 342/342/342 349/349/349 336/336/336
f 224/224/224 341/341/341 338/338/338
f 335/335/335 224/224/224 338/338/338
f 341/341/341 342/342/342 337/337/337
f 342/342/342 336/336/336 337/337/337
f 341/341/341 337/337/337 338/338/338
f 334/334/334 337/337/337 336/336/336
f 333/333/333 335/335/335 338/338/338
f 333/333/333 338/338/338 337/337/337
f 334/334/334 333/333/333 337/337/337
f 333/333/333 329/329/329 335/335/335
f 334/334/334 327/327/327 333/333/333
f 333/333/333 327/327/327 329/329/329
f 334/334/334 326/326/326 327/327/327
f 328/328/328 327/327/327 326/326/326
f 330/330/330 329/329/329 327/327/327
f 328/328/328 330/330/330 327/327/327
f 330/330/330 332/332/332 329/329/329
f 328/328/328 339/339/339 330/330/330
f 330/330/330 340/340/340 332/332/332
f 330/330/330 339/339/339 340/340/340
f 332/332/332 340/340/340 214/214/214
f 343/343/343 340/340/340 339/339/339
f 214/214/214 340/340/340 343/343/343
f 155/155/155 154/154/154 153/153/153
f 153/153/153 154/154/154 756/756/756
f 155/155/155 981/981/981 154/154/154
f 153/153/153 756/756/756 758/758/758
f 981/981/981 155/155/155 980/980/980
f 757/757/757 758/758/758 756/756/756
f 981/981/981 980/980/980 949/949/949
f 757/757/757 756/756/756 755/755/755
f 949/949/949 982/982/982 981/981/981
f 997/997/997 757/757/757 755/755/755
f 949/949/949 983/983/983 982/982/982
f 997/997/997 755/755/755 996/996/996
f 949/949/949 950/950/950 983/983/983
f 947/947/947 950/950/950 949/949/949
f 1004/1004/1004 983/983/983 950/950/950
f 996/996/996 1005/1005/1005 997/997/997
f 1005/1005/1005 996/996/996 1004/1004/1004
f 947/947/947 948/948/948 950/950/950
f 945/945/945 948/948/948 947/947/947
f 1004/1004/1004 950/950/950 923/923/923
f 1005/1005/1005 1004/1004/1004 923/923/923
f 921/921/921 950/950/950 948/948/948
f 921/921/921 923/923/923 950/950/950
f 997/997/997 1005/1005/1005 924/924/924
f 924/924/924 1005/1005/1005 923/923/923
f 924/924/924 923/923/923 921/921/921
f 777/777/777 997/997/997 924/924/924
f 945/945/945 946/946/946 948/948/948
f 943/943/943 946/946/946 945/945/945
f 919/919/919 921/921/921 948/948/948
f 919/919/919 948/948/948 946/946/946
f 922/922/922 924/924/924 921/921/921
f 922/922/922 921/921/921 919/919/919
f 943/943/943 944/944/944 946/946/946
f 940/940/940 944/944/944 943/943/943
f 917/917/917 919/919/919 946/946/946
f 917/917/917 946/946/946 944/944/944
f 920/920/920 922/922/922 919/919/919
f 924/924/924 922/922/922 920/920/920
f 920/920/920 919/919/919 917/917/917
f 940/940/940 941/941/941 944/944/944
f 942/942/942 941/941/941 940/940/940
f 942/942/942 961/961/961 941/941/941
f 915/915/915 941/941/941 961/961/961
f 916/916/916 944/944/944 941/941/941
f 915/915/915 916/916/916 941/941/941
f 916/916/916 917/917/917 944/944/944
f 779/779/779 916/916/916 915/915/915
f 924/924/924 920/920/920 779/779/779
f 777/777/777 924/924/924 779/779/779
f 918/918/918 920/920/920 917/917/917
f 918/918/918 917/917/917 916/916/916
f 920/920/920 918/918/918 779/779/779
f 779/779/779 918/918/918 916/916/916
f 2571/2571/2571 2573/2573/2573 777/777/777
f 779/779/779 2569/2569/2569 2568/2568/2568
f 778/778/778 2571/2571/2571 777/777/777
f 779/779/779 778/778/778 777/777/777
f 779/779/779 2568/2568/2568 778/778/778
f 778/778/778 2572/2572/2572 2571/2571/2571
f 2568/2568/2568 2570/2570/2570 778/778/778
f 219/219/219 218/218/218 217/217/217
f 217/217/217 218/218/218 303/303/303
f 219/219/219 318/318/318 218/218/218
f 217/217/217 303/303/303 302/302/302
f 302/302/302 303/303/303 311/311/311
f 246/246/246 318/318/318 219/219/219
f 246/246/246 247/247/247 318/318/318
f 302/302/302 311/311/311 283/283/283
f 283/283/283 311/311/311 282/282/282
f 234/234/234 247/247/247 246/246/246
f 234/234/234 235/235/235 247/247/247
f 283/283/283 282/282/282 281/281/281
f 281/281/281 282/282/282 264/264/264
f 236/236/236 235/235/235 234/234/234
f 236/236/236 324/324/324 235/235/235
f 281/281/281 264/264/264 452/452/452
f 225/225/225 324/324/324 236/236/236
f 225/225/225 226/226/226 324/324/324
f 265/265/265 452/452/452 264/264/264
f 265/265/265 264/264/264 263/263/263
f 461/461/461 281/281/281 452/452/452
f 283/283/283 281/281/281 461/461/461
f 272/272/272 265/265/265 263/263/263
f 272/272/272 263/263/263 242/242/242
f 440/440/440 452/452/452 265/265/265
f 440/440/440 265/265/265 272/272/272
f 461/461/461 452/452/452 448/448/448
f 440/440/440 448/448/448 452/452/452
f 243/243/243 272/272/272 242/242/242
f 243/243/243 242/242/242 241/241/241
f 440/440/440 272/272/272 438/438/438
f 251/251/251 243/243/243 241/241/241
f 251/251/251 241/241/241 250/250/250
f 272/272/272 243/243/243 422/422/422
f 272/272/272 422/422/422 438/438/438
f 243/243/243 251/251/251 423/423/423
f 243/243/243 423/423/423 422/422/422
f 325/325/325 251/251/251 250/250/250
f 325/325/325 250/250/250 320/320/320
f 251/251/251 413/413/413 423/423/423
f 251/251/251 325/325/325 413/413/413
f 321/321/321 325/325/325 320/320/320
f 321/321/321 320/320/320 319/319/319
f 412/412/412 413/413/413 325/325/325
f 412/412/412 325/325/325 321/321/321
f 419/419/419 321/321/321 319/319/319
f 419/419/419 319/319/319 221/221/221
f 321/321/321 415/415/415 412/412/412
f 321/321/321 419/419/419 415/415/415
f 222/222/222 419/419/419 221/221/221
f 222/222/222 221/221/221 220/220/220
f 418/418/418 415/415/415 419/419/419
f 418/418/418 419/419/419 222/222/222
f 229/229/229 222/222/222 220/220/220
f 229/229/229 220/220/220 237/237/237
f 222/222/222 420/420/420 418/418/418
f 222/222/222 229/229/229 420/420/420
f 228/228/228 229/229/229 237/237/237
f 228/228/228 237/237/237 256/256/256
f 230/230/230 420/420/420 229/229/229
f 230/230/230 229/229/229 228/228/228
f 257/257/257 228/228/228 256/256/256
f 257/257/257 256/256/256 255/255/255
f 434/434/434 230/230/230 228/228/228
f 434/434/434 228/228/228 257/257/257
f 260/260/260 257/257/257 255/255/255
f 260/260/260 255/255/255 259/259/259
f 257/257/257 441/441/441 434/434/434
f 257/257/257 260/260/260 441/441/441
f 289/289/289 260/260/260 259/259/259
f 289/289/289 259/259/259 276/276/276
f 446/446/446 441/441/441 260/260/260
f 446/446/446 260/260/260 289/289/289
f 277/277/277 289/289/289 276/276/276
f 277/277/277 276/276/276 275/275/275
f 277/277/277 275/275/275 458/458/458
f 454/454/454 446/446/446 289/289/289
f 454/454/454 289/289/289 277/277/277
f 277/277/277 458/458/458 295/295/295
f 454/454/454 277/277/277 295/295/295
f 295/295/295 458/458/458 294/294/294
f 444/444/444 441/441/441 446/446/446
f 444/444/444 446/446/446 454/454/454
f 295/295/295 294/294/294 293/293/293
f 293/293/293 294/294/294 313/313/313
f 454/454/454 295/295/295 453/453/453
f 453/453/453 295/295/295 293/293/293
f 293/293/293 313/313/313 307/307/307
f 307/307/307 313/313/313 306/306/306
f 453/453/453 293/293/293 472/472/472
f 472/472/472 293/293/293 307/307/307
f 455/455/455 454/454/454 453/453/453
f 455/455/455 453/453/453 472/472/472
f 307/307/307 306/306/306 227/227/227
f 227/227/227 306/306/306 226/226/226
f 227/227/227 226/226/226 225/225/225
f 472/472/472 307/307/307 470/470/470
f 470/470/470 307/307/307 227/227/227
f 483/483/483 227/227/227 225/225/225
f 470/470/470 227/227/227 483/483/483
f 471/471/471 472/472/472 470/470/470
f 455/455/455 472/472/472 471/471/471
f 468/468/468 470/470/470 483/483/483
f 471/471/471 470/470/470 468/468/468
f 483/483/483 225/225/225 482/482/482
f 482/482/482 225/225/225 236/236/236
f 469/469/469 471/471/471 468/468/468
f 457/457/457 471/471/471 469/469/469
f 457/457/457 455/455/455 471/471/471
f 469/469/469 468/468/468 467/467/467
f 457/457/457 456/456/456 455/455/455
f 455/455/455 456/456/456 454/454/454
f 457/457/457 459/459/459 456/456/456
f 444/444/444 454/454/454 456/456/456
f 445/445/445 456/456/456 459/459/459
f 445/445/445 444/444/444 456/456/456
f 467/467/467 468/468/468 480/480/480
f 468/468/468 483/483/483 480/480/480
f 480/480/480 483/483/483 482/482/482
f 467/467/467 480/480/480 484/484/484
f 481/481/481 484/484/484 480/480/480
f 445/445/445 442/442/442 444/444/444
f 444/444/444 442/442/442 441/441/441
f 445/445/445 443/443/443 442/442/442
f 434/434/434 441/441/441 442/442/442
f 481/481/481 480/480/480 479/479/479
f 480/480/480 482/482/482 479/479/479
f 491/491/491 481/481/481 479/479/479
f 434/434/434 442/442/442 432/432/432
f 432/432/432 442/442/442 443/443/443
f 432/432/432 230/230/230 434/434/434
f 432/432/432 443/443/443 433/433/433
f 432/432/432 429/429/429 230/230/230
f 433/433/433 429/429/429 432/432/432
f 429/429/429 420/420/420 230/230/230
f 433/433/433 430/430/430 429/429/429
f 431/431/431 429/429/429 430/430/430
f 429/429/429 421/421/421 420/420/420
f 431/431/431 421/421/421 429/429/429
f 418/418/418 420/420/420 421/421/421
f 421/421/421 431/431/431 417/417/417
f 418/418/418 421/421/421 416/416/416
f 421/421/421 417/417/417 416/416/416
f 416/416/416 415/415/415 418/418/418
f 417/417/417 414/414/414 416/416/416
f 416/416/416 414/414/414 415/415/415
f 417/417/417 316/316/316 414/414/414
f 412/412/412 415/415/415 414/414/414
f 317/317/317 414/414/414 316/316/316
f 412/412/412 414/414/414 317/317/317
f 317/317/317 316/316/316 315/315/315
f 317/317/317 413/413/413 412/412/412
f 315/315/315 411/411/411 317/317/317
f 317/317/317 411/411/411 413/413/413
f 315/315/315 428/428/428 411/411/411
f 423/423/423 413/413/413 411/411/411
f 425/425/425 411/411/411 428/428/428
f 423/423/423 411/411/411 425/425/425
f 425/425/425 428/428/428 427/427/427
f 422/422/422 423/423/423 425/425/425
f 424/424/424 425/425/425 427/427/427
f 422/422/422 425/425/425 424/424/424
f 424/424/424 427/427/427 426/426/426
f 424/424/424 426/426/426 435/435/435
f 422/422/422 424/424/424 436/436/436
f 424/424/424 435/435/435 436/436/436
f 422/422/422 436/436/436 438/438/438
f 437/437/437 436/436/436 435/435/435
f 439/439/439 438/438/438 436/436/436
f 437/437/437 439/439/439 436/436/436
f 439/439/439 440/440/440 438/438/438
f 439/439/439 448/448/448 440/440/440
f 437/437/437 447/447/447 439/439/439
f 439/439/439 447/447/447 448/448/448
f 437/437/437 450/450/450 447/447/447
f 451/451/451 447/447/447 450/450/450
f 449/449/449 448/448/448 447/447/447
f 451/451/451 449/449/449 447/447/447
f 449/449/449 461/461/461 448/448/448
f 462/462/462 449/449/449 451/451/451
f 462/462/462 451/451/451 463/463/463
f 460/460/460 461/461/461 449/449/449
f 460/460/460 449/449/449 462/462/462
f 283/283/283 461/461/461 460/460/460
f 465/465/465 462/462/462 463/463/463
f 465/465/465 463/463/463 466/466/466
f 465/465/465 466/466/466 475/475/475
f 464/464/464 460/460/460 462/462/462
f 283/283/283 460/460/460 464/464/464
f 464/464/464 462/462/462 465/465/465
f 283/283/283 464/464/464 302/302/302
f 465/465/465 475/475/475 474/474/474
f 464/464/464 465/465/465 474/474/474
f 474/474/474 475/475/475 478/478/478
f 302/302/302 464/464/464 473/473/473
f 464/464/464 474/474/474 473/473/473
f 302/302/302 473/473/473 217/217/217
f 474/474/474 478/478/478 477/477/477
f 473/473/473 474/474/474 477/477/477
f 485/485/485 477/477/477 478/478/478
f 217/217/217 473/473/473 476/476/476
f 473/473/473 477/477/477 476/476/476
f 217/217/217 476/476/476 219/219/219
f 485/485/485 486/486/486 477/477/477
f 486/486/486 476/476/476 477/477/477
f 488/488/488 486/486/486 485/485/485
f 487/487/487 219/219/219 476/476/476
f 486/486/486 487/487/487 476/476/476
f 487/487/487 246/246/246 219/219/219
f 488/488/488 489/489/489 486/486/486
f 489/489/489 487/487/487 486/486/486
f 491/491/491 489/489/489 488/488/488
f 490/490/490 246/246/246 487/487/487
f 489/489/489 490/490/490 487/487/487
f 490/490/490 234/234/234 246/246/246
f 491/491/491 492/492/492 489/489/489
f 492/492/492 490/490/490 489/489/489
f 491/491/491 479/479/479 492/492/492
f 493/493/493 234/234/234 490/490/490
f 492/492/492 493/493/493 490/490/490
f 479/479/479 493/493/493 492/492/492
f 493/493/493 236/236/236 234/234/234
f 479/479/479 482/482/482 493/493/493
f 482/482/482 236/236/236 493/493/493
f 270/270/270 269/269/269 268/268/268
f 270/270/270 2491/2491/2491 269/269/269
f 268/268/268 2489/2489/2489 270/270/270
f 268/268/268 2490/2490/2490 2489/2489/2489
f 2734/2734/2734 2489/2489/2489 2490/2490/2490
f 270/270/270 2492/2492/2492 2491/2491/2491
f 2527/2527/2527 2491/2491/2491 2492/2492/2492
f 2527/2527/2527 2492/2492/2492 761/761/761
f 759/759/759 2527/2527/2527 761/761/761
f 761/761/761 760/760/760 759/759/759
f 760/760/760 2528/2528/2528 759/759/759
f 761/761/761 765/765/765 760/760/760
f 2531/2531/2531 2528/2528/2528 760/760/760
f 765/765/765 764/764/764 760/760/760
f 2531/2531/2531 760/760/760 729/729/729
f 765/765/765 2530/2530/2530 764/764/764
f 766/766/766 2531/2531/2531 729/729/729
f 764/764/764 2530/2530/2530 763/763/763
f 729/729/729 767/767/767 766/766/766
f 729/729/729 2533/2533/2533 767/767/767
f 729/729/729 2532/2532/2532 2533/2533/2533
f 729/729/729 768/768/768 2532/2532/2532
f 769/769/769 768/768/768 729/729/729
f 770/770/770 769/769/769 729/729/729
f 730/730/730 770/770/770 729/729/729
f 731/731/731 730/730/730 729/729/729
f 764/764/764 763/763/763 762/762/762
f 763/763/763 2493/2493/2493 762/762/762
f 278/278/278 762/762/762 2493/2493/2493
f 762/762/762 2529/2529/2529 764/764/764
f 278/278/278 2493/2493/2493 280/280/280
f 2529/2529/2529 2504/2504/2504 764/764/764
f 280/280/280 279/279/279 278/278/278
f 764/764/764 2504/2504/2504 2503/2503/2503
f 280/280/280 2494/2494/2494 279/279/279
f 764/764/764 2503/2503/2503 2505/2505/2505
f 280/280/280 2495/2495/2495 2494/2494/2494
f 2724/2724/2724 2494/2494/2494 2495/2495/2495
f 2724/2724/2724 2495/2495/2495 2728/2728/2728
f 496/496/496 764/764/764 2505/2505/2505
f 496/496/496 2505/2505/2505 733/733/733
f 733/733/733 732/732/732 496/496/496
f 732/732/732 2507/2507/2507 496/496/496
f 2507/2507/2507 2506/2506/2506 496/496/496
f 2506/2506/2506 772/772/772 496/496/496
f 496/496/496 772/772/772 771/771/771
f 496/496/496 771/771/771 773/773/773
f 496/496/496 773/773/773 495/495/495
f 496/496/496 495/495/495 494/494/494
f 499/499/499 498/498/498 497/497/497
f 499/499/499 613/613/613 498/498/498
f 614/614/614 498/498/498 613/613/613
f 614/614/614 615/615/615 498/498/498
f 616/616/616 615/615/615 614/614/614
f 616/616/616 620/620/620 615/615/615
f 621/621/621 620/620/620 616/616/616
f 621/621/621 625/625/625 620/620/620
f 626/626/626 625/625/625 621/621/621
f 626/626/626 2498/2498/2498 625/625/625
f 626/626/626 636/636/636 634/634/634
f 636/636/636 635/635/635 634/634/634
f 636/636/636 640/640/640 635/635/635
f 640/640/640 639/639/639 635/635/635
f 640/640/640 643/643/643 639/639/639
f 644/644/644 639/639/639 643/643/643
f 644/644/644 649/649/649 639/639/639
f 650/650/650 649/649/649 644/644/644
f 650/650/650 651/651/651 649/649/649
f 652/652/652 651/651/651 650/650/650
f 652/652/652 655/655/655 651/651/651
f 656/656/656 655/655/655 652/652/652
f 656/656/656 2502/2502/2502 655/655/655
f 656/656/656 668/668/668 666/666/666
f 668/668/668 667/667/667 666/666/666
f 668/668/668 671/671/671 667/667/667
f 671/671/671 670/670/670 667/667/667
f 671/671/671 669/669/669 670/670/670
f 664/664/664 670/670/670 669/669/669
f 664/664/664 665/665/665 670/670/670
f 657/657/657 665/665/665 664/664/664
f 657/657/657 658/658/658 665/665/665
f 659/659/659 658/658/658 657/657/657
f 659/659/659 660/660/660 658/658/658
f 659/659/659 653/653/653 660/660/660
f 659/659/659 654/654/654 653/653/653
f 654/654/654 647/647/647 653/653/653
f 654/654/654 648/648/648 647/647/647
f 648/648/648 645/645/645 647/647/647
f 648/648/648 646/646/646 645/645/645
f 646/646/646 642/642/642 645/645/645
f 646/646/646 641/641/641 642/642/642
f 637/637/637 642/642/642 641/641/641
f 637/637/637 638/638/638 642/642/642
f 632/632/632 638/638/638 637/637/637
f 628/628/628 633/633/633 632/632/632
f 628/628/628 627/627/627 633/633/633
f 628/628/628 622/622/622 627/627/627
f 628/628/628 624/624/624 622/622/622
f 624/624/624 623/623/623 622/622/622
f 624/624/624 2497/2497/2497 623/623/623
f 502/502/502 501/501/501 500/500/500
f 508/508/508 502/502/502 500/500/500
f 502/502/502 503/503/503 501/501/501
f 508/508/508 500/500/500 507/507/507
f 504/504/504 501/501/501 503/503/503
f 512/512/512 508/508/508 507/507/507
f 504/504/504 505/505/505 501/501/501
f 512/512/512 507/507/507 511/511/511
f 506/506/506 505/505/505 504/504/504
f 512/512/512 511/511/511 516/516/516
f 506/506/506 509/509/509 505/505/505
f 512/512/512 516/516/516 515/515/515
f 510/510/510 509/509/509 506/506/506
f 515/515/515 516/516/516 520/520/520
f 510/510/510 513/513/513 509/509/509
f 515/515/515 520/520/520 519/519/519
f 510/510/510 514/514/514 513/513/513
f 519/519/519 520/520/520 524/524/524
f 510/510/510 518/518/518 514/514/514
f 519/519/519 524/524/524 523/523/523
f 518/518/518 517/517/517 514/514/514
f 523/523/523 524/524/524 528/528/528
f 518/518/518 522/522/522 517/517/517
f 523/523/523 528/528/528 527/527/527
f 522/522/522 521/521/521 517/517/517
f 532/532/532 527/527/527 528/528/528
f 522/522/522 526/526/526 521/521/521
f 532/532/532 528/528/528 531/531/531
f 526/526/526 525/525/525 521/521/521
f 534/534/534 532/532/532 531/531/531
f 526/526/526 529/529/529 525/525/525
f 534/534/534 531/531/531 533/533/533
f 530/530/530 525/525/525 529/529/529
f 540/540/540 534/534/534 533/533/533
f 530/530/530 535/535/535 525/525/525
f 540/540/540 533/533/533 539/539/539
f 536/536/536 535/535/535 530/530/530
f 545/545/545 540/540/540 539/539/539
f 536/536/536 537/537/537 535/535/535
f 545/545/545 539/539/539 546/546/546
f 538/538/538 537/537/537 536/536/536
f 545/545/545 546/546/546 544/544/544
f 538/538/538 541/541/541 537/537/537
f 545/545/545 544/544/544 543/543/543
f 542/542/542 541/541/541 538/538/538
f 543/543/543 544/544/544 550/550/550
f 542/542/542 547/547/547 541/541/541
f 543/543/543 550/550/550 549/549/549
f 542/542/542 548/548/548 547/547/547
f 549/549/549 550/550/550 554/554/554
f 542/542/542 552/552/552 548/548/548
f 549/549/549 554/554/554 553/553/553
f 552/552/552 551/551/551 548/548/548
f 555/555/555 553/553/553 554/554/554
f 552/552/552 555/555/555 551/551/551
f 555/555/555 554/554/554 551/551/551
f 558/558/558 557/557/557 556/556/556
f 558/558/558 559/559/559 557/557/557
f 556/556/556 557/557/557 564/564/564
f 558/558/558 560/560/560 559/559/559
f 556/556/556 564/564/564 563/563/563
f 563/563/563 564/564/564 568/568/568
f 558/558/558 562/562/562 560/560/560
f 562/562/562 561/561/561 560/560/560
f 563/563/563 568/568/568 567/567/567
f 567/567/567 568/568/568 572/572/572
f 562/562/562 566/566/566 561/561/561
f 566/566/566 565/565/565 561/561/561
f 567/567/567 572/572/572 571/571/571
f 571/571/571 572/572/572 576/576/576
f 566/566/566 570/570/570 565/565/565
f 570/570/570 569/569/569 565/565/565
f 571/571/571 576/576/576 575/575/575
f 575/575/575 576/576/576 580/580/580
f 570/570/570 574/574/574 569/569/569
f 574/574/574 573/573/573 569/569/569
f 575/575/575 580/580/580 579/579/579
f 579/579/579 580/580/580 584/584/584
f 574/574/574 578/578/578 573/573/573
f 578/578/578 577/577/577 573/573/573
f 579/579/579 584/584/584 583/583/583
f 583/583/583 584/584/584 588/588/588
f 578/578/578 582/582/582 577/577/577
f 582/582/582 581/581/581 577/577/577
f 583/583/583 588/588/588 587/587/587
f 587/587/587 588/588/588 590/590/590
f 582/582/582 586/586/586 581/581/581
f 586/586/586 585/585/585 581/581/581
f 587/587/587 590/590/590 589/589/589
f 589/589/589 590/590/590 596/596/596
f 586/586/586 592/592/592 585/585/585
f 592/592/592 591/591/591 585/585/585
f 589/589/589 596/596/596 595/595/595
f 595/595/595 596/596/596 602/602/602
f 592/592/592 594/594/594 591/591/591
f 594/594/594 593/593/593 591/591/591
f 595/595/595 602/602/602 601/601/601
f 601/601/601 602/602/602 600/600/600
f 594/594/594 598/598/598 593/593/593
f 598/598/598 597/597/597 593/593/593
f 601/601/601 600/600/600 599/599/599
f 599/599/599 600/600/600 606/606/606
f 598/598/598 604/604/604 597/597/597
f 604/604/604 603/603/603 597/597/597
f 599/599/599 606/606/606 605/605/605
f 605/605/605 606/606/606 610/610/610
f 604/604/604 608/608/608 603/603/603
f 608/608/608 607/607/607 603/603/603
f 605/605/605 610/610/610 609/609/609
f 611/611/611 610/610/610 607/607/607
f 611/611/611 609/609/609 610/610/610
f 608/608/608 611/611/611 607/607/607
f 605/605/605 609/609/609 612/612/612
f 609/609/609 611/611/611 612/612/612
f 599/599/599 605/605/605 612/612/612
f 611/611/611 608/608/608 612/612/612
f 601/601/601 599/599/599 612/612/612
f 608/608/608 604/604/604 612/612/612
f 595/595/595 601/601/601 612/612/612
f 604/604/604 598/598/598 612/612/612
f 589/589/589 595/595/595 612/612/612
f 598/598/598 594/594/594 612/612/612
f 587/587/587 589/589/589 612/612/612
f 594/594/594 592/592/592 612/612/612
f 583/583/583 587/587/587 612/612/612
f 592/592/592 586/586/586 612/612/612
f 579/579/579 583/583/583 612/612/612
f 586/586/586 582/582/582 612/612/612
f 575/575/575 579/579/579 612/612/612
f 582/582/582 578/578/578 612/612/612
f 571/571/571 575/575/575 612/612/612
f 578/578/578 574/574/574 612/612/612
f 567/567/567 571/571/571 612/612/612
f 574/574/574 570/570/570 612/612/612
f 563/563/563 567/567/567 612/612/612
f 570/570/570 566/566/566 612/612/612
f 556/556/556 563/563/563 612/612/612
f 566/566/566 562/562/562 612/612/612
f 558/558/558 556/556/556 612/612/612
f 562/562/562 558/558/558 612/612/612
f 619/619/619 618/618/618 617/617/617
f 619/619/619 2496/2496/2496 618/618/618
f 631/631/631 630/630/630 629/629/629
f 663/663/663 662/662/662 661/661/661
f 674/674/674 673/673/673 672/672/672
f 674/674/674 675/675/675 673/673/673
f 672/672/672 673/673/673 680/680/680
f 674/674/674 676/676/676 675/675/675
f 672/672/672 680/680/680 679/679/679
f 679/679/679 680/680/680 684/684/684
f 674/674/674 678/678/678 676/676/676
f 678/678/678 677/677/677 676/676/676
f 679/679/679 684/684/684 683/683/683
f 683/683/683 684/684/684 688/688/688
f 678/678/678 682/682/682 677/677/677
f 682/682/682 681/681/681 677/677/677
f 683/683/683 688/688/688 687/687/687
f 687/687/687 688/688/688 692/692/692
f 682/682/682 686/686/686 681/681/681
f 686/686/686 685/685/685 681/681/681
f 687/687/687 692/692/692 691/691/691
f 691/691/691 692/692/692 696/696/696
f 686/686/686 690/690/690 685/685/685
f 690/690/690 689/689/689 685/685/685
f 691/691/691 696/696/696 695/695/695
f 695/695/695 696/696/696 700/700/700
f 690/690/690 694/694/694 689/689/689
f 694/694/694 693/693/693 689/689/689
f 695/695/695 700/700/700 699/699/699
f 699/699/699 700/700/700 704/704/704
f 694/694/694 698/698/698 693/693/693
f 698/698/698 697/697/697 693/693/693
f 699/699/699 704/704/704 703/703/703
f 703/703/703 704/704/704 706/706/706
f 698/698/698 702/702/702 697/697/697
f 702/702/702 701/701/701 697/697/697
f 703/703/703 706/706/706 705/705/705
f 705/705/705 706/706/706 712/712/712
f 702/702/702 708/708/708 701/701/701
f 708/708/708 707/707/707 701/701/701
f 705/705/705 712/712/712 711/711/711
f 711/711/711 712/712/712 718/718/718
f 708/708/708 710/710/710 707/707/707
f 710/710/710 709/709/709 707/707/707
f 711/711/711 718/718/718 717/717/717
f 717/717/717 718/718/718 716/716/716
f 710/710/710 714/714/714 709/709/709
f 714/714/714 713/713/713 709/709/709
f 717/717/717 716/716/716 715/715/715
f 715/715/715 716/716/716 722/722/722
f 714/714/714 720/720/720 713/713/713
f 720/720/720 719/719/719 713/713/713
f 715/715/715 722/722/722 721/721/721
f 721/721/721 722/722/722 726/726/726
f 720/720/720 724/724/724 719/719/719
f 724/724/724 723/723/723 719/719/719
f 721/721/721 726/726/726 725/725/725
f 727/727/727 726/726/726 723/723/723
f 727/727/727 725/725/725 726/726/726
f 724/724/724 727/727/727 723/723/723
f 721/721/721 725/725/725 728/728/728
f 725/725/725 727/727/727 728/728/728
f 715/715/715 721/721/721 728/728/728
f 727/727/727 724/724/724 728/728/728
f 717/717/717 715/715/715 728/728/728
f 724/724/724 720/720/720 728/728/728
f 711/711/711 717/717/717 728/728/728
f 720/720/720 714/714/714 728/728/728
f 705/705/705 711/711/711 728/728/728
f 714/714/714 710/710/710 728/728/728
f 703/703/703 705/705/705 728/728/728
f 710/710/710 708/708/708 728/728/728
f 699/699/699 703/703/703 728/728/728
f 708/708/708 702/702/702 728/728/728
f 695/695/695 699/699/699 728/728/728
f 702/702/702 698/698/698 728/728/728
f 691/691/691 695/695/695 728/728/728
f 698/698/698 694/694/694 728/728/728
f 687/687/687 691/691/691 728/728/728
f 694/694/694 690/690/690 728/728/728
f 683/683/683 687/687/687 728/728/728
f 690/690/690 686/686/686 728/728/728
f 679/679/679 683/683/683 728/728/728
f 686/686/686 682/682/682 728/728/728
f 672/672/672 679/679/679 728/728/728
f 682/682/682 678/678/678 728/728/728
f 674/674/674 672/672/672 728/728/728
f 678/678/678 674/674/674 728/728/728
f 736/736/736 735/735/735 734/734/734
f 739/739/739 738/738/738 737/737/737
f 742/742/742 741/741/741 740/740/740
f 745/745/745 744/744/744 743/743/743
f 748/748/748 747/747/747 746/746/746
f 751/751/751 750/750/750 749/749/749
f 754/754/754 753/753/753 752/752/752
f 754/754/754 2526/2526/2526 753/753/753
f 776/776/776 775/775/775 774/774/774
f 782/782/782 781/781/781 780/780/780
f 785/785/785 784/784/784 783/783/783
f 788/788/788 787/787/787 786/786/786
f 788/788/788 2580/2580/2580 787/787/787
f 791/791/791 790/790/790 789/789/789
f 791/791/791 2581/2581/2581 790/790/790
f 794/794/794 793/793/793 792/792/792
f 794/794/794 2582/2582/2582 793/793/793
f 797/797/797 796/796/796 795/795/795
f 800/800/800 799/799/799 798/798/798
f 803/803/803 802/802/802 801/801/801
f 803/803/803 2589/2589/2589 802/802/802
f 806/806/806 805/805/805 804/804/804
f 809/809/809 808/808/808 807/807/807
f 812/812/812 811/811/811 810/810/810
f 815/815/815 814/814/814 813/813/813
f 815/815/815 2599/2599/2599 814/814/814
f 818/818/818 817/817/817 816/816/816
f 818/818/818 2600/2600/2600 817/817/817
f 821/821/821 820/820/820 819/819/819
f 821/821/821 2601/2601/2601 820/820/820
f 824/824/824 823/823/823 822/822/822
f 824/824/824 2602/2602/2602 823/823/823
f 827/827/827 826/826/826 825/825/825
f 830/830/830 829/829/829 828/828/828
f 830/830/830 2606/2606/2606 829/829/829
f 833/833/833 832/832/832 831/831/831
f 833/833/833 2607/2607/2607 832/832/832
f 836/836/836 835/835/835 834/834/834
f 836/836/836 2608/2608/2608 835/835/835
f 839/839/839 838/838/838 837/837/837
f 839/839/839 2609/2609/2609 838/838/838
f 842/842/842 841/841/841 840/840/840
f 845/845/845 844/844/844 843/843/843
f 845/845/845 2613/2613/2613 844/844/844
f 848/848/848 847/847/847 846/846/846
f 848/848/848 2614/2614/2614 847/847/847
f 851/851/851 850/850/850 849/849/849
f 854/854/854 853/853/853 852/852/852
f 857/857/857 856/856/856 855/855/855
f 857/857/857 2621/2621/2621 856/856/856
f 860/860/860 859/859/859 858/858/858
f 860/860/860 2622/2622/2622 859/859/859
f 863/863/863 862/862/862 861/861/861
f 866/866/866 865/865/865 864/864/864
f 866/866/866 2626/2626/2626 865/865/865
f 869/869/869 868/868/868 867/867/867
f 872/872/872 871/871/871 870/870/870
f 872/872/872 2630/2630/2630 871/871/871
f 875/875/875 874/874/874 873/873/873
f 875/875/875 2631/2631/2631 874/874/874
f 878/878/878 877/877/877 876/876/876
f 878/878/878 2632/2632/2632 877/877/877
f 881/881/881 880/880/880 879/879/879
f 881/881/881 2633/2633/2633 880/880/880
f 884/884/884 883/883/883 882/882/882
f 887/887/887 886/886/886 885/885/885
f 890/890/890 889/889/889 888/888/888
f 893/893/893 892/892/892 891/891/891
f 896/896/896 895/895/895 894/894/894
f 899/899/899 898/898/898 897/897/897
f 902/902/902 901/901/901 900/900/900
f 900/900/900 901/901/901 952/952/952
f 900/900/900 952/952/952 951/951/951
f 2663/2663/2663 951/951/951 952/952/952
f 905/905/905 904/904/904 903/903/903
f 2665/2665/2665 903/903/903 904/904/904
f 908/908/908 907/907/907 906/906/906
f 2666/2666/2666 906/906/906 907/907/907
f 911/911/911 910/910/910 909/909/909
f 2667/2667/2667 909/909/909 910/910/910
f 914/914/914 913/913/913 912/912/912
f 914/914/914 2662/2662/2662 913/913/913
f 912/912/912 913/913/913 938/938/938
f 912/912/912 938/938/938 960/960/960
f 939/939/939 960/960/960 938/938/938
f 939/939/939 938/938/938 937/937/937
f 927/927/927 926/926/926 925/925/925
f 930/930/930 929/929/929 928/928/928
f 930/930/930 954/954/954 929/929/929
f 954/954/954 953/953/953 929/929/929
f 2656/2656/2656 2655/2655/2655 953/953/953
f 933/933/933 932/932/932 931/931/931
f 933/933/933 956/956/956 932/932/932
f 956/956/956 955/955/955 932/932/932
f 2658/2658/2658 2657/2657/2657 955/955/955
f 936/936/936 935/935/935 934/934/934
f 959/959/959 958/958/958 957/957/957
f 2664/2664/2664 959/959/959 957/957/957
f 964/964/964 963/963/963 962/962/962
f 964/964/964 2668/2668/2668 963/963/963
f 967/967/967 966/966/966 965/965/965
f 967/967/967 2669/2669/2669 966/966/966
f 970/970/970 969/969/969 968/968/968
f 970/970/970 2670/2670/2670 969/969/969
f 973/973/973 972/972/972 971/971/971
f 973/973/973 2671/2671/2671 972/972/972
f 976/976/976 975/975/975 974/974/974
f 976/976/976 2672/2672/2672 975/975/975
f 979/979/979 978/978/978 977/977/977
f 979/979/979 2686/2686/2686 978/978/978
f 2682/2682/2682 1013/1013/1013 979/979/979
f 1013/1013/1013 1016/1016/1016 1015/1015/1015
f 1014/1014/1014 1013/1013/1013 1012/1012/1012
f 1014/1014/1014 2702/2702/2702 1013/1013/1013
f 2702/2702/2702 2701/2701/2701 2700/2700/2700
f 986/986/986 985/985/985 984/984/984
f 986/986/986 2690/2690/2690 985/985/985
f 989/989/989 988/988/988 987/987/987
f 989/989/989 2691/2691/2691 988/988/988
f 992/992/992 991/991/991 990/990/990
f 992/992/992 2692/2692/2692 991/991/991
f 995/995/995 994/994/994 993/993/993
f 995/995/995 2693/2693/2693 994/994/994
f 1000/1000/1000 999/999/999 998/998/998
f 1000/1000/1000 2709/2709/2709 999/999/999
f 1003/1003/1003 1002/1002/1002 1001/1001/1001
f 1008/1008/1008 1007/1007/1007 1006/1006/1006
f 1011/1011/1011 1010/1010/1010 1009/1009/1009
f 1011/1011/1011 2717/2717/2717 1010/1010/1010
f 1019/1019/1019 1018/1018/1018 1017/1017/1017
f 1019/1019/1019 2733/2733/2733 2732/2732/2732
f 1022/1022/1022 1021/1021/1021 1020/1020/1020
f 1025/1025/1025 1024/1024/1024 1023/1023/1023
f 1028/1028/1028 1027/1027/1027 1026/1026/1026
f 1031/1031/1031 1030/1030/1030 1029/1029/1029
f 1034/1034/1034 1033/1033/1033 1032/1032/1032
f 1037/1037/1037 1036/1036/1036 1035/1035/1035
f 1040/1040/1040 1039/1039/1039 1038/1038/1038
f 1043/1043/1043 1042/1042/1042 1041/1041/1041
f 1046/1046/1046 1045/1045/1045 1044/1044/1044
f 1049/1049/1049 1048/1048/1048 1047/1047/1047
f 1052/1052/1052 1051/1051/1051 1050/1050/1050
f 1055/1055/1055 1054/1054/1054 1053/1053/1053
f 1058/1058/1058 1057/1057/1057 1056/1056/1056
f 1061/1061/1061 1060/1060/1060 1059/1059/1059
f 1064/1064/1064 1063/1063/1063 1062/1062/1062
f 1067/1067/1067 1066/1066/1066 1065/1065/1065
f 1070/1070/1070 1069/1069/1069 1068/1068/1068
f 1073/1073/1073 1072/1072/1072 1071/1071/1071
f 1076/1076/1076 1075/1075/1075 1074/1074/1074
f 1079/1079/1079 1078/1078/1078 1077/1077/1077
f 1082/1082/1082 1081/1081/1081 1080/1080/1080
f 1085/1085/1085 1084/1084/1084 1083/1083/1083
f 1088/1088/1088 1087/1087/1087 1086/1086/1086
f 1091/1091/1091 1090/1090/1090 1089/1089/1089
f 1094/1094/1094 1093/1093/1093 1092/1092/1092
f 1097/1097/1097 1096/1096/1096 1095/1095/1095
f 1100/1100/1100 1099/1099/1099 1098/1098/1098
f 1103/1103/1103 1102/1102/1102 1101/1101/1101
f 1106/1106/1106 1105/1105/1105 1104/1104/1104
f 1109/1109/1109 1108/1108/1108 1107/1107/1107
f 1112/1112/1112 1111/1111/1111 1110/1110/1110
f 1115/1115/1115 1114/1114/1114 1113/1113/1113
f 1118/1118/1118 1117/1117/1117 1116/1116/1116
f 1121/1121/1121 1120/1120/1120 1119/1119/1119
f 1124/1124/1124 1123/1123/1123 1122/1122/1122
f 1127/1127/1127 1126/1126/1126 1125/1125/1125
f 1130/1130/1130 1129/1129/1129 1128/1128/1128
f 1133/1133/1133 1132/1132/1132 1131/1131/1131
f 1136/1136/1136 1135/1135/1135 1134/1134/1134
f 1139/1139/1139 1138/1138/1138 1137/1137/1137
f 1142/1142/1142 1141/1141/1141 1140/1140/1140
f 1145/1145/1145 1144/1144/1144 1143/1143/1143
f 1148/1148/1148 1147/1147/1147 1146/1146/1146
f 1151/1151/1151 1150/1150/1150 1149/1149/1149
f 1154/1154/1154 1153/1153/1153 1152/1152/1152
f 1157/1157/1157 1156/1156/1156 1155/1155/1155
f 1160/1160/1160 1159/1159/1159 1158/1158/1158
f 1163/1163/1163 1162/1162/1162 1161/1161/1161
f 1166/1166/1166 1165/1165/1165 1164/1164/1164
f 1169/1169/1169 1168/1168/1168 1167/1167/1167
f 1172/1172/1172 1171/1171/1171 1170/1170/1170
f 1175/1175/1175 1174/1174/1174 1173/1173/1173
f 1178/1178/1178 1177/1177/1177 1176/1176/1176
f 1181/1181/1181 1180/1180/1180 1179/1179/1179
f 1184/1184/1184 1183/1183/1183 1182/1182/1182
f 1187/1187/1187 1186/1186/1186 1185/1185/1185
f 1190/1190/1190 1189/1189/1189 1188/1188/1188
f 1193/1193/1193 1192/1192/1192 1191/1191/1191
f 1196/1196/1196 1195/1195/1195 1194/1194/1194
f 1199/1199/1199 1198/1198/1198 1197/1197/1197
f 1202/1202/1202 1201/1201/1201 1200/1200/1200
f 1205/1205/1205 1204/1204/1204 1203/1203/1203
f 1208/1208/1208 1207/1207/1207 1206/1206/1206
f 1211/1211/1211 1210/1210/1210 1209/1209/1209
f 1214/1214/1214 1213/1213/1213 1212/1212/1212
f 1217/1217/1217 1216/1216/1216 1215/1215/1215
f 1220/1220/1220 1219/1219/1219 1218/1218/1218
f 1223/1223/1223 1222/1222/1222 1221/1221/1221
f 1226/1226/1226 1225/1225/1225 1224/1224/1224
f 1229/1229/1229 1228/1228/1228 1227/1227/1227
f 1232/1232/1232 1231/1231/1231 1230/1230/1230
f 1235/1235/1235 1234/1234/1234 1233/1233/1233
f 1238/1238/1238 1237/1237/1237 1236/1236/1236
f 1241/1241/1241 1240/1240/1240 1239/1239/1239
f 1244/1244/1244 1243/1243/1243 1242/1242/1242
f 1247/1247/1247 1246/1246/1246 1245/1245/1245
f 1250/1250/1250 1249/1249/1249 1248/1248/1248
f 1253/1253/1253 1252/1252/1252 1251/1251/1251
f 1256/1256/1256 1255/1255/1255 1254/1254/1254
f 1259/1259/1259 1258/1258/1258 1257/1257/1257
f 1262/1262/1262 1261/1261/1261 1260/1260/1260
f 1265/1265/1265 1264/1264/1264 1263/1263/1263
f 1268/1268/1268 1267/1267/1267 1266/1266/1266
f 1271/1271/1271 1270/1270/1270 1269/1269/1269
f 1274/1274/1274 1273/1273/1273 1272/1272/1272
f 1277/1277/1277 1276/1276/1276 1275/1275/1275
f 1280/1280/1280 1279/1279/1279 1278/1278/1278
f 1283/1283/1283 1282/1282/1282 1281/1281/1281
f 1286/1286/1286 1285/1285/1285 1284/1284/1284
f 1289/1289/1289 1288/1288/1288 1287/1287/1287
f 1292/1292/1292 1291/1291/1291 1290/1290/1290
f 1295/1295/1295 1294/1294/1294 1293/1293/1293
f 1298/1298/1298 1297/1297/1297 1296/1296/1296
f 1301/1301/1301 1300/1300/1300 1299/1299/1299
f 1304/1304/1304 1303/1303/1303 1302/1302/1302
f 1307/1307/1307 1306/1306/1306 1305/1305/1305
f 1310/1310/1310 1309/1309/1309 1308/1308/1308
f 1313/1313/1313 1312/1312/1312 1311/1311/1311
f 1316/1316/1316 1315/1315/1315 1314/1314/1314
f 1319/1319/1319 1318/1318/1318 1317/1317/1317
f 1322/1322/1322 1321/1321/1321 1320/1320/1320
f 1325/1325/1325 1324/1324/1324 1323/1323/1323
f 1328/1328/1328 1327/1327/1327 1326/1326/1326
f 1331/1331/1331 1330/1330/1330 1329/1329/1329
f 1334/1334/1334 1333/1333/1333 1332/1332/1332
f 1337/1337/1337 1336/1336/1336 1335/1335/1335
f 1340/1340/1340 1339/1339/1339 1338/1338/1338
f 1343/1343/1343 1342/1342/1342 1341/1341/1341
f 1346/1346/1346 1345/1345/1345 1344/1344/1344
f 1349/1349/1349 1348/1348/1348 1347/1347/1347
f 1352/1352/1352 1351/1351/1351 1350/1350/1350
f 1355/1355/1355 1354/1354/1354 1353/1353/1353
f 1358/1358/1358 1357/1357/1357 1356/1356/1356
f 1361/1361/1361 1360/1360/1360 1359/1359/1359
f 1364/1364/1364 1363/1363/1363 1362/1362/1362
f 1367/1367/1367 1366/1366/1366 1365/1365/1365
f 1370/1370/1370 1369/1369/1369 1368/1368/1368
f 1373/1373/1373 1372/1372/1372 1371/1371/1371
f 1376/1376/1376 1375/1375/1375 1374/1374/1374
f 1379/1379/1379 1378/1378/1378 1377/1377/1377
f 1382/1382/1382 1381/1381/1381 1380/1380/1380
f 1385/1385/1385 1384/1384/1384 1383/1383/1383
f 1388/1388/1388 1387/1387/1387 1386/1386/1386
f 1391/1391/1391 1390/1390/1390 1389/1389/1389
f 1394/1394/1394 1393/1393/1393 1392/1392/1392
f 1397/1397/1397 1396/1396/1396 1395/1395/1395
f 1400/1400/1400 1399/1399/1399 1398/1398/1398
f 1403/1403/1403 1402/1402/1402 1401/1401/1401
f 1406/1406/1406 1405/1405/1405 1404/1404/1404
f 1409/1409/1409 1408/1408/1408 1407/1407/1407
f 1412/1412/1412 1411/1411/1411 1410/1410/1410
f 1415/1415/1415 1414/1414/1414 1413/1413/1413
f 1418/1418/1418 1417/1417/1417 1416/1416/1416
f 1421/1421/1421 1420/1420/1420 1419/1419/1419
f 1424/1424/1424 1423/1423/1423 1422/1422/1422
f 1427/1427/1427 1426/1426/1426 1425/1425/1425
f 1430/1430/1430 1429/1429/1429 1428/1428/1428
f 1433/1433/1433 1432/1432/1432 1431/1431/1431
f 1436/1436/1436 1435/1435/1435 1434/1434/1434
f 1439/1439/1439 1438/1438/1438 1437/1437/1437
f 1442/1442/1442 1441/1441/1441 1440/1440/1440
f 1445/1445/1445 1444/1444/1444 1443/1443/1443
f 1448/1448/1448 1447/1447/1447 1446/1446/1446
f 1451/1451/1451 1450/1450/1450 1449/1449/1449
f 1454/1454/1454 1453/1453/1453 1452/1452/1452
f 1457/1457/1457 1456/1456/1456 1455/1455/1455
f 1460/1460/1460 1459/1459/1459 1458/1458/1458
f 1463/1463/1463 1462/1462/1462 1461/1461/1461
f 1466/1466/1466 1465/1465/1465 1464/1464/1464
f 1469/1469/1469 1468/1468/1468 1467/1467/1467
f 1472/1472/1472 1471/1471/1471 1470/1470/1470
f 1475/1475/1475 1474/1474/1474 1473/1473/1473
f 1478/1478/1478 1477/1477/1477 1476/1476/1476
f 1481/1481/1481 1480/1480/1480 1479/1479/1479
f 1484/1484/1484 1483/1483/1483 1482/1482/1482
f 1487/1487/1487 1486/1486/1486 1485/1485/1485
f 1490/1490/1490 1489/1489/1489 1488/1488/1488
f 1493/1493/1493 1492/1492/1492 1491/1491/1491
f 1496/1496/1496 1495/1495/1495 1494/1494/1494
f 1499/1499/1499 1498/1498/1498 1497/1497/1497
f 1502/1502/1502 1501/1501/1501 1500/1500/1500
f 1505/1505/1505 1504/1504/1504 1503/1503/1503
f 1508/1508/1508 1507/1507/1507 1506/1506/1506
f 1511/1511/1511 1510/1510/1510 1509/1509/1509
f 1514/1514/1514 1513/1513/1513 1512/1512/1512
f 1517/1517/1517 1516/1516/1516 1515/1515/1515
f 1520/1520/1520 1519/1519/1519 1518/1518/1518
f 1523/1523/1523 1522/1522/1522 1521/1521/1521
f 1526/1526/1526 1525/1525/1525 1524/1524/1524
f 1529/1529/1529 1528/1528/1528 1527/1527/1527
f 1532/1532/1532 1531/1531/1531 1530/1530/1530
f 1535/1535/1535 1534/1534/1534 1533/1533/1533
f 1538/1538/1538 1537/1537/1537 1536/1536/1536
f 1541/1541/1541 1540/1540/1540 1539/1539/1539
f 1544/1544/1544 1543/1543/1543 1542/1542/1542
f 1547/1547/1547 1546/1546/1546 1545/1545/1545
f 1550/1550/1550 1549/1549/1549 1548/1548/1548
f 1553/1553/1553 1552/1552/1552 1551/1551/1551
f 1556/1556/1556 1555/1555/1555 1554/1554/1554
f 1559/1559/1559 1558/1558/1558 1557/1557/1557
f 1562/1562/1562 1561/1561/1561 1560/1560/1560
f 1565/1565/1565 1564/1564/1564 1563/1563/1563
f 1568/1568/1568 1567/1567/1567 1566/1566/1566
f 1571/1571/1571 1570/1570/1570 1569/1569/1569
f 1574/1574/1574 1573/1573/1573 1572/1572/1572
f 1577/1577/1577 1576/1576/1576 1575/1575/1575
f 1580/1580/1580 1579/1579/1579 1578/1578/1578
f 1583/1583/1583 1582/1582/1582 1581/1581/1581
f 1586/1586/1586 1585/1585/1585 1584/1584/1584
f 1589/1589/1589 1588/1588/1588 1587/1587/1587
f 1592/1592/1592 1591/1591/1591 1590/1590/1590
f 1595/1595/1595 1594/1594/1594 1593/1593/1593
f 1598/1598/1598 1597/1597/1597 1596/1596/1596
f 1601/1601/1601 1600/1600/1600 1599/1599/1599
f 1604/1604/1604 1603/1603/1603 1602/1602/1602
f 1607/1607/1607 1606/1606/1606 1605/1605/1605
f 1610/1610/1610 1609/1609/1609 1608/1608/1608
f 1613/1613/1613 1612/1612/1612 1611/1611/1611
f 1616/1616/1616 1615/1615/1615 1614/1614/1614
f 1619/1619/1619 1618/1618/1618 1617/1617/1617
f 1622/1622/1622 1621/1621/1621 1620/1620/1620
f 1625/1625/1625 1624/1624/1624 1623/1623/1623
f 1628/1628/1628 1627/1627/1627 1626/1626/1626
f 1631/1631/1631 1630/1630/1630 1629/1629/1629
f 1634/1634/1634 1633/1633/1633 1632/1632/1632
f 1637/1637/1637 1636/1636/1636 1635/1635/1635
f 1640/1640/1640 1639/1639/1639 1638/1638/1638
f 1643/1643/1643 1642/1642/1642 1641/1641/1641
f 1646/1646/1646 1645/1645/1645 1644/1644/1644
f 1649/1649/1649 1648/1648/1648 1647/1647/1647
f 1652/1652/1652 1651/1651/1651 1650/1650/1650
f 1655/1655/1655 1654/1654/1654 1653/1653/1653
f 1658/1658/1658 1657/1657/1657 1656/1656/1656
f 1661/1661/1661 1660/1660/1660 1659/1659/1659
f 1664/1664/1664 1663/1663/1663 1662/1662/1662
f 1667/1667/1667 1666/1666/1666 1665/1665/1665
f 1670/1670/1670 1669/1669/1669 1668/1668/1668
f 1673/1673/1673 1672/1672/1672 1671/1671/1671
f 1676/1676/1676 1675/1675/1675 1674/1674/1674
f 1679/1679/1679 1678/1678/1678 1677/1677/1677
f 1682/1682/1682 1681/1681/1681 1680/1680/1680
f 1685/1685/1685 1684/1684/1684 1683/1683/1683
f 1688/1688/1688 1687/1687/1687 1686/1686/1686
f 1691/1691/1691 1690/1690/1690 1689/1689/1689
f 1694/1694/1694 1693/1693/1693 1692/1692/1692
f 1697/1697/1697 1696/1696/1696 1695/1695/1695
f 1700/1700/1700 1699/1699/1699 1698/1698/1698
f 1703/1703/1703 1702/1702/1702 1701/1701/1701
f 1706/1706/1706 1705/1705/1705 1704/1704/1704
f 1709/1709/1709 1708/1708/1708 1707/1707/1707
f 1712/1712/1712 1711/1711/1711 1710/1710/1710
f 1715/1715/1715 1714/1714/1714 1713/1713/1713
f 1718/1718/1718 1717/1717/1717 1716/1716/1716
f 1721/1721/1721 1720/1720/1720 1719/1719/1719
f 1724/1724/1724 1723/1723/1723 1722/1722/1722
f 1727/1727/1727 1726/1726/1726 1725/1725/1725
f 1730/1730/1730 1729/1729/1729 1728/1728/1728
f 1733/1733/1733 1732/1732/1732 1731/1731/1731
f 1736/1736/1736 1735/1735/1735 1734/1734/1734
f 1739/1739/1739 1738/1738/1738 1737/1737/1737
f 1742/1742/1742 1741/1741/1741 1740/1740/1740
f 1745/1745/1745 1744/1744/1744 1743/1743/1743
f 1748/1748/1748 1747/1747/1747 1746/1746/1746
f 1751/1751/1751 1750/1750/1750 1749/1749/1749
f 1754/1754/1754 1753/1753/1753 1752/1752/1752
f 1757/1757/1757 1756/1756/1756 1755/1755/1755
f 1760/1760/1760 1759/1759/1759 1758/1758/1758
f 1763/1763/1763 1762/1762/1762 1761/1761/1761
f 1766/1766/1766 1765/1765/1765 1764/1764/1764
f 1769/1769/1769 1768/1768/1768 1767/1767/1767
f 1772/1772/1772 1771/1771/1771 1770/1770/1770
f 1775/1775/1775 1774/1774/1774 1773/1773/1773
f 1778/1778/1778 1777/1777/1777 1776/1776/1776
f 1781/1781/1781 1780/1780/1780 1779/1779/1779
f 1784/1784/1784 1783/1783/1783 1782/1782/1782
f 1787/1787/1787 1786/1786/1786 1785/1785/1785
f 1790/1790/1790 1789/1789/1789 1788/1788/1788
f 1793/1793/1793 1792/1792/1792 1791/1791/1791
f 1796/1796/1796 1795/1795/1795 1794/1794/1794
f 1799/1799/1799 1798/1798/1798 1797/1797/1797
f 1802/1802/1802 1801/1801/1801 1800/1800/1800
f 1805/1805/1805 1804/1804/1804 1803/1803/1803
f 1808/1808/1808 1807/1807/1807 1806/1806/1806
f 1811/1811/1811 1810/1810/1810 1809/1809/1809
f 1814/1814/1814 1813/1813/1813 1812/1812/1812
f 1817/1817/1817 1816/1816/1816 1815/1815/1815
f 1820/1820/1820 1819/1819/1819 1818/1818/1818
f 1823/1823/1823 1822/1822/1822 1821/1821/1821
f 1826/1826/1826 1825/1825/1825 1824/1824/1824
f 1829/1829/1829 1828/1828/1828 1827/1827/1827
f 1832/1832/1832 1831/1831/1831 1830/1830/1830
f 1835/1835/1835 1834/1834/1834 1833/1833/1833
f 1838/1838/1838 1837/1837/1837 1836/1836/1836
f 1841/1841/1841 1840/1840/1840 1839/1839/1839
f 1844/1844/1844 1843/1843/1843 1842/1842/1842
f 1847/1847/1847 1846/1846/1846 1845/1845/1845
f 1850/1850/1850 1849/1849/1849 1848/1848/1848
f 1853/1853/1853 1852/1852/1852 1851/1851/1851
f 1856/1856/1856 1855/1855/1855 1854/1854/1854
f 1859/1859/1859 1858/1858/1858 1857/1857/1857
f 1862/1862/1862 1861/1861/1861 1860/1860/1860
f 1865/1865/1865 1864/1864/1864 1863/1863/1863
f 1868/1868/1868 1867/1867/1867 1866/1866/1866
f 1871/1871/1871 1870/1870/1870 1869/1869/1869
f 1874/1874/1874 1873/1873/1873 1872/1872/1872
f 1877/1877/1877 1876/1876/1876 1875/1875/1875
f 1880/1880/1880 1879/1879/1879 1878/1878/1878
f 1883/1883/1883 1882/1882/1882 1881/1881/1881
f 1886/1886/1886 1885/1885/1885 1884/1884/1884
f 1889/1889/1889 1888/1888/1888 1887/1887/1887
f 1892/1892/1892 1891/1891/1891 1890/1890/1890
f 1895/1895/1895 1894/1894/1894 1893/1893/1893
f 1898/1898/1898 1897/1897/1897 1896/1896/1896
f 1901/1901/1901 1900/1900/1900 1899/1899/1899
f 1904/1904/1904 1903/1903/1903 1902/1902/1902
f 1907/1907/1907 1906/1906/1906 1905/1905/1905
f 1910/1910/1910 1909/1909/1909 1908/1908/1908
f 1913/1913/1913 1912/1912/1912 1911/1911/1911
f 1916/1916/1916 1915/1915/1915 1914/1914/1914
f 1919/1919/1919 1918/1918/1918 1917/1917/1917
f 1922/1922/1922 1921/1921/1921 1920/1920/1920
f 1925/1925/1925 1924/1924/1924 1923/1923/1923
f 1928/1928/1928 1927/1927/1927 1926/1926/1926
f 1931/1931/1931 1930/1930/1930 1929/1929/1929
f 1934/1934/1934 1933/1933/1933 1932/1932/1932
f 1937/1937/1937 1936/1936/1936 1935/1935/1935
f 1940/1940/1940 1939/1939/1939 1938/1938/1938
f 1943/1943/1943 1942/1942/1942 1941/1941/1941
f 1946/1946/1946 1945/1945/1945 1944/1944/1944
f 1949/1949/1949 1948/1948/1948 1947/1947/1947
f 1952/1952/1952 1951/1951/1951 1950/1950/1950
f 1955/1955/1955 1954/1954/1954 1953/1953/1953
f 1958/1958/1958 1957/1957/1957 1956/1956/1956
f 1961/1961/1961 1960/1960/1960 1959/1959/1959
f 1964/1964/1964 1963/1963/1963 1962/1962/1962
f 1967/1967/1967 1966/1966/1966 1965/1965/1965
f 1970/1970/1970 1969/1969/1969 1968/1968/1968
f 1973/1973/1973 1972/1972/1972 1971/1971/1971
f 1976/1976/1976 1975/1975/1975 1974/1974/1974
f 1979/1979/1979 1978/1978/1978 1977/1977/1977
f 1982/1982/1982 1981/1981/1981 1980/1980/1980
f 1985/1985/1985 1984/1984/1984 1983/1983/1983
f 1988/1988/1988 1987/1987/1987 1986/1986/1986
f 1991/1991/1991 1990/1990/1990 1989/1989/1989
f 1994/1994/1994 1993/1993/1993 1992/1992/1992
f 1997/1997/1997 1996/1996/1996 1995/1995/1995
f 2000/2000/2000 1999/1999/1999 1998/1998/1998
f 2003/2003/2003 2002/2002/2002 2001/2001/2001
f 2006/2006/2006 2005/2005/2005 2004/2004/2004
f 2009/2009/2009 2008/2008/2008 2007/2007/2007
f 2012/2012/2012 2011/2011/2011 2010/2010/2010
f 2015/2015/2015 2014/2014/2014 2013/2013/2013
f 2018/2018/2018 2017/2017/2017 2016/2016/2016
f 2021/2021/2021 2020/2020/2020 2019/2019/2019
f 2024/2024/2024 2023/2023/2023 2022/2022/2022
f 2027/2027/2027 2026/2026/2026 2025/2025/2025
f 2030/2030/2030 2029/2029/2029 2028/2028/2028
f 2033/2033/2033 2032/2032/2032 2031/2031/2031
f 2036/2036/2036 2035/2035/2035 2034/2034/2034
f 2039/2039/2039 2038/2038/2038 2037/2037/2037
f 2042/2042/2042 2041/2041/2041 2040/2040/2040
f 2045/2045/2045 2044/2044/2044 2043/2043/2043
f 2048/2048/2048 2047/2047/2047 2046/2046/2046
f 2051/2051/2051 2050/2050/2050 2049/2049/2049
f 2054/2054/2054 2053/2053/2053 2052/2052/2052
f 2057/2057/2057 2056/2056/2056 2055/2055/2055
f 2060/2060/2060 2059/2059/2059 2058/2058/2058
f 2063/2063/2063 2062/2062/2062 2061/2061/2061
f 2066/2066/2066 2065/2065/2065 2064/2064/2064
f 2069/2069/2069 2068/2068/2068 2067/2067/2067
f 2072/2072/2072 2071/2071/2071 2070/2070/2070
f 2075/2075/2075 2074/2074/2074 2073/2073/2073
f 2078/2078/2078 2077/2077/2077 2076/2076/2076
f 2081/2081/2081 2080/2080/2080 2079/2079/2079
f 2084/2084/2084 2083/2083/2083 2082/2082/2082
f 2084/2084/2084 3801/3801/3801 2083/2083/2083
f 2087/2087/2087 2086/2086/2086 2085/2085/2085
f 2090/2090/2090 2089/2089/2089 2088/2088/2088
f 2093/2093/2093 2092/2092/2092 2091/2091/2091
f 2096/2096/2096 2095/2095/2095 2094/2094/2094
f 2099/2099/2099 2098/2098/2098 2097/2097/2097
f 2102/2102/2102 2101/2101/2101 2100/2100/2100
f 2105/2105/2105 2104/2104/2104 2103/2103/2103
f 2108/2108/2108 2107/2107/2107 2106/2106/2106
f 2111/2111/2111 2110/2110/2110 2109/2109/2109
f 2114/2114/2114 2113/2113/2113 2112/2112/2112
f 2117/2117/2117 2116/2116/2116 2115/2115/2115
f 2120/2120/2120 2119/2119/2119 2118/2118/2118
f 2123/2123/2123 2122/2122/2122 2121/2121/2121
f 2126/2126/2126 2125/2125/2125 2124/2124/2124
f 2129/2129/2129 2128/2128/2128 2127/2127/2127
f 2132/2132/2132 2131/2131/2131 2130/2130/2130
f 2135/2135/2135 2134/2134/2134 2133/2133/2133
f 2138/2138/2138 2137/2137/2137 2136/2136/2136
f 2141/2141/2141 2140/2140/2140 2139/2139/2139
f 2144/2144/2144 2143/2143/2143 2142/2142/2142
f 2147/2147/2147 2146/2146/2146 2145/2145/2145
f 2150/2150/2150 2149/2149/2149 2148/2148/2148
f 2153/2153/2153 2152/2152/2152 2151/2151/2151
f 2153/2153/2153 3868/3868/3868 2152/2152/2152
f 2156/2156/2156 2155/2155/2155 2154/2154/2154
f 2159/2159/2159 2158/2158/2158 2157/2157/2157
f 2162/2162/2162 2161/2161/2161 2160/2160/2160
f 2165/2165/2165 2164/2164/2164 2163/2163/2163
f 2168/2168/2168 2167/2167/2167 2166/2166/2166
f 2171/2171/2171 2170/2170/2170 2169/2169/2169
f 2174/2174/2174 2173/2173/2173 2172/2172/2172
f 2177/2177/2177 2176/2176/2176 2175/2175/2175
f 2180/2180/2180 2179/2179/2179 2178/2178/2178
f 2183/2183/2183 2182/2182/2182 2181/2181/2181
f 2186/2186/2186 2185/2185/2185 2184/2184/2184
f 2189/2189/2189 2188/2188/2188 2187/2187/2187
f 2192/2192/2192 2191/2191/2191 2190/2190/2190
f 2195/2195/2195 2194/2194/2194 2193/2193/2193
f 2198/2198/2198 2197/2197/2197 2196/2196/2196
f 2201/2201/2201 2200/2200/2200 2199/2199/2199
f 2204/2204/2204 2203/2203/2203 2202/2202/2202
f 2207/2207/2207 2206/2206/2206 2205/2205/2205
f 2210/2210/2210 2209/2209/2209 2208/2208/2208
f 2213/2213/2213 2212/2212/2212 2211/2211/2211
f 2216/2216/2216 2215/2215/2215 2214/2214/2214
f 2219/2219/2219 2218/2218/2218 2217/2217/2217
f 2222/2222/2222 2221/2221/2221 2220/2220/2220
f 2222/2222/2222 3934/3934/3934 2221/2221/2221
f 2225/2225/2225 2224/2224/2224 2223/2223/2223
f 2228/2228/2228 2227/2227/2227 2226/2226/2226
f 2231/2231/2231 2230/2230/2230 2229/2229/2229
f 2234/2234/2234 2233/2233/2233 2232/2232/2232
f 2237/2237/2237 2236/2236/2236 2235/2235/2235
f 2240/2240/2240 2239/2239/2239 2238/2238/2238
f 3915/3915/3915 2240/2240/2240 3914/3914/3914
f 2243/2243/2243 2242/2242/2242 2241/2241/2241
f 2243/2243/2243 3953/3953/3953 2242/2242/2242
f 2246/2246/2246 2245/2245/2245 2244/2244/2244
f 2246/2246/2246 3954/3954/3954 2245/2245/2245
f 2249/2249/2249 2248/2248/2248 2247/2247/2247
f 2252/2252/2252 2251/2251/2251 2250/2250/2250
f 2255/2255/2255 2254/2254/2254 2253/2253/2253
f 2258/2258/2258 2257/2257/2257 2256/2256/2256
f 2261/2261/2261 2260/2260/2260 2259/2259/2259
f 2264/2264/2264 2263/2263/2263 2262/2262/2262
f 2267/2267/2267 2266/2266/2266 2265/2265/2265
f 2270/2270/2270 2269/2269/2269 2268/2268/2268
f 2273/2273/2273 2272/2272/2272 2271/2271/2271
f 2276/2276/2276 2275/2275/2275 2274/2274/2274
f 2279/2279/2279 2278/2278/2278 2277/2277/2277
f 2279/2279/2279 3983/3983/3983 2278/2278/2278
f 4066/4066/4066 4065/4065/4065 3983/3983/3983
f 2282/2282/2282 2281/2281/2281 2280/2280/2280
f 3641/3641/3641 2280/2280/2280 2281/2281/2281
f 2285/2285/2285 2284/2284/2284 2283/2283/2283
f 2285/2285/2285 3987/3987/3987 2284/2284/2284
f 2288/2288/2288 2287/2287/2287 2286/2286/2286
f 2291/2291/2291 2290/2290/2290 2289/2289/2289
f 2294/2294/2294 2293/2293/2293 2292/2292/2292
f 2297/2297/2297 2296/2296/2296 2295/2295/2295
f 2300/2300/2300 2299/2299/2299 2298/2298/2298
f 2303/2303/2303 2302/2302/2302 2301/2301/2301
f 2306/2306/2306 2305/2305/2305 2304/2304/2304
f 2309/2309/2309 2308/2308/2308 2307/2307/2307
f 2312/2312/2312 2311/2311/2311 2310/2310/2310
f 2315/2315/2315 2314/2314/2314 2313/2313/2313
f 2318/2318/2318 2317/2317/2317 2316/2316/2316
f 2321/2321/2321 2320/2320/2320 2319/2319/2319
f 2324/2324/2324 2323/2323/2323 2322/2322/2322
f 2327/2327/2327 2326/2326/2326 2325/2325/2325
f 2330/2330/2330 2329/2329/2329 2328/2328/2328
f 2333/2333/2333 2332/2332/2332 2331/2331/2331
f 2336/2336/2336 2335/2335/2335 2334/2334/2334
f 2339/2339/2339 2338/2338/2338 2337/2337/2337
f 2342/2342/2342 2341/2341/2341 2340/2340/2340
f 2342/2342/2342 4042/4042/4042 2341/2341/2341
f 2345/2345/2345 2344/2344/2344 2343/2343/2343
f 2348/2348/2348 2347/2347/2347 2346/2346/2346
f 2351/2351/2351 2350/2350/2350 2349/2349/2349
f 2354/2354/2354 2353/2353/2353 2352/2352/2352
f 2357/2357/2357 2356/2356/2356 2355/2355/2355
f 2360/2360/2360 2359/2359/2359 2358/2358/2358
f 2360/2360/2360 4058/4058/4058 2359/2359/2359
f 2363/2363/2363 2362/2362/2362 2361/2361/2361
f 2366/2366/2366 2365/2365/2365 2364/2364/2364
f 2364/2364/2364 2365/2365/2365 3982/3982/3982
f 2369/2369/2369 2368/2368/2368 2367/2367/2367
f 2372/2372/2372 2371/2371/2371 2370/2370/2370
f 2372/2372/2372 4067/4067/4067 2371/2371/2371
f 2375/2375/2375 2374/2374/2374 2373/2373/2373
f 2378/2378/2378 2377/2377/2377 2376/2376/2376
f 2381/2381/2381 2380/2380/2380 2379/2379/2379
f 2384/2384/2384 2383/2383/2383 2382/2382/2382
f 2387/2387/2387 2386/2386/2386 2385/2385/2385
f 2390/2390/2390 2389/2389/2389 2388/2388/2388
f 2393/2393/2393 2392/2392/2392 2391/2391/2391
f 2396/2396/2396 2395/2395/2395 2394/2394/2394
f 2399/2399/2399 2398/2398/2398 2397/2397/2397
f 2402/2402/2402 2401/2401/2401 2400/2400/2400
f 2405/2405/2405 2404/2404/2404 2403/2403/2403
f 2408/2408/2408 2407/2407/2407 2406/2406/2406
f 2406/2406/2406 2431/2431/2431 2408/2408/2408
f 2408/2408/2408 4101/4101/4101 2407/2407/2407
f 2411/2411/2411 2410/2410/2410 2409/2409/2409
f 2414/2414/2414 2413/2413/2413 2412/2412/2412
f 2432/2432/2432 2412/2412/2412 2413/2413/2413
f 2432/2432/2432 2439/2439/2439 2412/2412/2412
f 2440/2440/2440 2439/2439/2439 2432/2432/2432
f 2417/2417/2417 2416/2416/2416 2415/2415/2415
f 2416/2416/2416 4132/4132/4132 2415/2415/2415
f 2417/2417/2417 4131/4131/4131 2416/2416/2416
f 2415/2415/2415 4130/4130/4130 2417/2417/2417
f 4130/4130/4130 4129/4129/4129 2417/2417/2417
f 2420/2420/2420 2419/2419/2419 2418/2418/2418
f 2423/2423/2423 2422/2422/2422 2421/2421/2421
f 2423/2423/2423 4136/4136/4136 2422/2422/2422
f 2424/2424/2424 2421/2421/2421 2422/2422/2422
f 2424/2424/2424 2449/2449/2449 2421/2421/2421
f 2449/2449/2449 2424/2424/2424 2448/2448/2448
f 2449/2449/2449 2448/2448/2448 2447/2447/2447
f 2427/2427/2427 2426/2426/2426 2425/2425/2425
f 2427/2427/2427 4137/4137/4137 2426/2426/2426
f 2430/2430/2430 2429/2429/2429 2428/2428/2428
f 2435/2435/2435 2434/2434/2434 2433/2433/2433
f 2438/2438/2438 2437/2437/2437 2436/2436/2436
f 2437/2437/2437 4161/4161/4161 2436/2436/2436
f 4161/4161/4161 4160/4160/4160 2436/2436/2436
f 2436/2436/2436 4166/4166/4166 2438/2438/2438
f 4166/4166/4166 4165/4165/4165 2438/2438/2438
f 2438/2438/2438 4153/4153/4153 4152/4152/4152
f 2443/2443/2443 2442/2442/2442 2441/2441/2441
f 2446/2446/2446 2445/2445/2445 2444/2444/2444
f 2446/2446/2446 4173/4173/4173 2445/2445/2445
f 2456/2456/2456 2446/2446/2446 2444/2444/2444
f 2456/2456/2456 4197/4197/4197 2446/2446/2446
f 2452/2452/2452 2451/2451/2451 2450/2450/2450
f 2452/2452/2452 4190/4190/4190 2451/2451/2451
f 2451/2451/2451 4187/4187/4187 4186/4186/4186
f 4186/4186/4186 4188/4188/4188 2450/2450/2450
f 2450/2450/2450 4176/4176/4176 2452/2452/2452
f 2450/2450/2450 4189/4189/4189 4176/4176/4176
f 4176/4176/4176 4174/4174/4174 2452/2452/2452
f 4176/4176/4176 4175/4175/4175 4174/4174/4174
f 2455/2455/2455 2454/2454/2454 2453/2453/2453
f 4172/4172/4172 2455/2455/2455 2453/2453/2453
f 2459/2459/2459 2458/2458/2458 2457/2457/2457
f 2462/2462/2462 2461/2461/2461 2460/2460/2460
f 2461/2461/2461 4214/4214/4214 4213/4213/4213
f 2460/2460/2460 4203/4203/4203 2462/2462/2462
f 4203/4203/4203 4201/4201/4201 2462/2462/2462
f 4203/4203/4203 4202/4202/4202 4201/4201/4201
f 2472/2472/2472 2471/2471/2471 2470/2470/2470
f 2475/2475/2475 2474/2474/2474 2473/2473/2473
f 2478/2478/2478 2477/2477/2477 2476/2476/2476
f 4148/4148/4148 4147/4147/4147 2478/2478/2478
f 2481/2481/2481 2480/2480/2480 2479/2479/2479
f 2484/2484/2484 2483/2483/2483 2482/2482/2482
f 2501/2501/2501 2500/2500/2500 2499/2499/2499
f 2510/2510/2510 2509/2509/2509 2508/2508/2508
f 2513/2513/2513 2512/2512/2512 2511/2511/2511
f 2516/2516/2516 2515/2515/2515 2514/2514/2514
f 2519/2519/2519 2518/2518/2518 2517/2517/2517
f 2522/2522/2522 2521/2521/2521 2520/2520/2520
f 2525/2525/2525 2524/2524/2524 2523/2523/2523
f 2536/2536/2536 2535/2535/2535 2534/2534/2534
f 2539/2539/2539 2538/2538/2538 2537/2537/2537
f 2539/2539/2539 2537/2537/2537 2558/2558/2558
f 2542/2542/2542 2541/2541/2541 2540/2540/2540
f 2545/2545/2545 2544/2544/2544 2543/2543/2543
f 2548/2548/2548 2547/2547/2547 2546/2546/2546
f 2551/2551/2551 2550/2550/2550 2549/2549/2549
f 2554/2554/2554 2553/2553/2553 2552/2552/2552
f 2557/2557/2557 2556/2556/2556 2555/2555/2555
f 2561/2561/2561 2560/2560/2560 2559/2559/2559
f 2564/2564/2564 2563/2563/2563 2562/2562/2562
f 2567/2567/2567 2566/2566/2566 2565/2565/2565
f 2576/2576/2576 2575/2575/2575 2574/2574/2574
f 2579/2579/2579 2578/2578/2578 2577/2577/2577
f 2585/2585/2585 2584/2584/2584 2583/2583/2583
f 2588/2588/2588 2587/2587/2587 2586/2586/2586
f 2592/2592/2592 2591/2591/2591 2590/2590/2590
f 2595/2595/2595 2594/2594/2594 2593/2593/2593
f 2598/2598/2598 2597/2597/2597 2596/2596/2596
f 2605/2605/2605 2604/2604/2604 2603/2603/2603
f 2612/2612/2612 2611/2611/2611 2610/2610/2610
f 2617/2617/2617 2616/2616/2616 2615/2615/2615
f 2620/2620/2620 2619/2619/2619 2618/2618/2618
f 2625/2625/2625 2624/2624/2624 2623/2623/2623
f 2629/2629/2629 2628/2628/2628 2627/2627/2627
f 2636/2636/2636 2635/2635/2635 2634/2634/2634
f 2639/2639/2639 2638/2638/2638 2637/2637/2637
f 2642/2642/2642 2641/2641/2641 2640/2640/2640
f 2645/2645/2645 2644/2644/2644 2643/2643/2643
f 2648/2648/2648 2647/2647/2647 2646/2646/2646
f 2651/2651/2651 2650/2650/2650 2649/2649/2649
f 2654/2654/2654 2653/2653/2653 2652/2652/2652
f 2661/2661/2661 2660/2660/2660 2659/2659/2659
f 2675/2675/2675 2674/2674/2674 2673/2673/2673
f 2678/2678/2678 2677/2677/2677 2676/2676/2676
f 2681/2681/2681 2680/2680/2680 2679/2679/2679
f 2685/2685/2685 2684/2684/2684 2683/2683/2683
f 2689/2689/2689 2688/2688/2688 2687/2687/2687
f 2696/2696/2696 2695/2695/2695 2694/2694/2694
f 2699/2699/2699 2698/2698/2698 2697/2697/2697
f 2705/2705/2705 2704/2704/2704 2703/2703/2703
f 2708/2708/2708 2707/2707/2707 2706/2706/2706
f 2710/2710/2710 2708/2708/2708 2706/2706/2706
f 2713/2713/2713 2712/2712/2712 2711/2711/2711
f 2716/2716/2716 2715/2715/2715 2714/2714/2714
f 2720/2720/2720 2719/2719/2719 2718/2718/2718
f 2723/2723/2723 2722/2722/2722 2721/2721/2721
f 2727/2727/2727 2726/2726/2726 2725/2725/2725
f 2731/2731/2731 2730/2730/2730 2729/2729/2729
f 2737/2737/2737 2736/2736/2736 2735/2735/2735
f 2740/2740/2740 2739/2739/2739 2738/2738/2738
f 2743/2743/2743 2742/2742/2742 2741/2741/2741
f 2746/2746/2746 2745/2745/2745 2744/2744/2744
f 2749/2749/2749 2748/2748/2748 2747/2747/2747
f 2752/2752/2752 2751/2751/2751 2750/2750/2750
f 2755/2755/2755 2754/2754/2754 2753/2753/2753
f 2758/2758/2758 2757/2757/2757 2756/2756/2756
f 2761/2761/2761 2760/2760/2760 2759/2759/2759
f 2764/2764/2764 2763/2763/2763 2762/2762/2762
f 2767/2767/2767 2766/2766/2766 2765/2765/2765
f 2770/2770/2770 2769/2769/2769 2768/2768/2768
f 2773/2773/2773 2772/2772/2772 2771/2771/2771
f 2776/2776/2776 2775/2775/2775 2774/2774/2774
f 2779/2779/2779 2778/2778/2778 2777/2777/2777
f 2782/2782/2782 2781/2781/2781 2780/2780/2780
f 2785/2785/2785 2784/2784/2784 2783/2783/2783
f 2788/2788/2788 2787/2787/2787 2786/2786/2786
f 2791/2791/2791 2790/2790/2790 2789/2789/2789
f 2794/2794/2794 2793/2793/2793 2792/2792/2792
f 2797/2797/2797 2796/2796/2796 2795/2795/2795
f 2800/2800/2800 2799/2799/2799 2798/2798/2798
f 2803/2803/2803 2802/2802/2802 2801/2801/2801
f 2806/2806/2806 2805/2805/2805 2804/2804/2804
f 2809/2809/2809 2808/2808/2808 2807/2807/2807
f 2812/2812/2812 2811/2811/2811 2810/2810/2810
f 2815/2815/2815 2814/2814/2814 2813/2813/2813
f 2818/2818/2818 2817/2817/2817 2816/2816/2816
f 2821/2821/2821 2820/2820/2820 2819/2819/2819
f 2824/2824/2824 2823/2823/2823 2822/2822/2822
f 2827/2827/2827 2826/2826/2826 2825/2825/2825
f 2830/2830/2830 2829/2829/2829 2828/2828/2828
f 2833/2833/2833 2832/2832/2832 2831/2831/2831
f 2836/2836/2836 2835/2835/2835 2834/2834/2834
f 2839/2839/2839 2838/2838/2838 2837/2837/2837
f 2842/2842/2842 2841/2841/2841 2840/2840/2840
f 2845/2845/2845 2844/2844/2844 2843/2843/2843
f 2848/2848/2848 2847/2847/2847 2846/2846/2846
f 2851/2851/2851 2850/2850/2850 2849/2849/2849
f 2854/2854/2854 2853/2853/2853 2852/2852/2852
f 2857/2857/2857 2856/2856/2856 2855/2855/2855
f 2860/2860/2860 2859/2859/2859 2858/2858/2858
f 2863/2863/2863 2862/2862/2862 2861/2861/2861
f 2866/2866/2866 2865/2865/2865 2864/2864/2864
f 2869/2869/2869 2868/2868/2868 2867/2867/2867
f 2872/2872/2872 2871/2871/2871 2870/2870/2870
f 2875/2875/2875 2874/2874/2874 2873/2873/2873
f 2878/2878/2878 2877/2877/2877 2876/2876/2876
f 2881/2881/2881 2880/2880/2880 2879/2879/2879
f 2884/2884/2884 2883/2883/2883 2882/2882/2882
f 2887/2887/2887 2886/2886/2886 2885/2885/2885
f 2890/2890/2890 2889/2889/2889 2888/2888/2888
f 2893/2893/2893 2892/2892/2892 2891/2891/2891
f 2896/2896/2896 2895/2895/2895 2894/2894/2894
f 2899/2899/2899 2898/2898/2898 2897/2897/2897
f 2902/2902/2902 2901/2901/2901 2900/2900/2900
f 2905/2905/2905 2904/2904/2904 2903/2903/2903
f 2908/2908/2908 2907/2907/2907 2906/2906/2906
f 2911/2911/2911 2910/2910/2910 2909/2909/2909
f 2914/2914/2914 2913/2913/2913 2912/2912/2912
f 2917/2917/2917 2916/2916/2916 2915/2915/2915
f 2920/2920/2920 2919/2919/2919 2918/2918/2918
f 2923/2923/2923 2922/2922/2922 2921/2921/2921
f 2926/2926/2926 2925/2925/2925 2924/2924/2924
f 2929/2929/2929 2928/2928/2928 2927/2927/2927
f 2932/2932/2932 2931/2931/2931 2930/2930/2930
f 2935/2935/2935 2934/2934/2934 2933/2933/2933
f 2938/2938/2938 2937/2937/2937 2936/2936/2936
f 2941/2941/2941 2940/2940/2940 2939/2939/2939
f 2944/2944/2944 2943/2943/2943 2942/2942/2942
f 2947/2947/2947 2946/2946/2946 2945/2945/2945
f 2950/2950/2950 2949/2949/2949 2948/2948/2948
f 2953/2953/2953 2952/2952/2952 2951/2951/2951
f 2956/2956/2956 2955/2955/2955 2954/2954/2954
f 2959/2959/2959 2958/2958/2958 2957/2957/2957
f 2962/2962/2962 2961/2961/2961 2960/2960/2960
f 2965/2965/2965 2964/2964/2964 2963/2963/2963
f 2968/2968/2968 2967/2967/2967 2966/2966/2966
f 2971/2971/2971 2970/2970/2970 2969/2969/2969
f 2974/2974/2974 2973/2973/2973 2972/2972/2972
f 2977/2977/2977 2976/2976/2976 2975/2975/2975
f 2980/2980/2980 2979/2979/2979 2978/2978/2978
f 2983/2983/2983 2982/2982/2982 2981/2981/2981
f 2986/2986/2986 2985/2985/2985 2984/2984/2984
f 2989/2989/2989 2988/2988/2988 2987/2987/2987
f 2992/2992/2992 2991/2991/2991 2990/2990/2990
f 2995/2995/2995 2994/2994/2994 2993/2993/2993
f 2998/2998/2998 2997/2997/2997 2996/2996/2996
f 3001/3001/3001 3000/3000/3000 2999/2999/2999
f 3004/3004/3004 3003/3003/3003 3002/3002/3002
f 3007/3007/3007 3006/3006/3006 3005/3005/3005
f 3010/3010/3010 3009/3009/3009 3008/3008/3008
f 3013/3013/3013 3012/3012/3012 3011/3011/3011
f 3016/3016/3016 3015/3015/3015 3014/3014/3014
f 3019/3019/3019 3018/3018/3018 3017/3017/3017
f 3022/3022/3022 3021/3021/3021 3020/3020/3020
f 3025/3025/3025 3024/3024/3024 3023/3023/3023
f 3028/3028/3028 3027/3027/3027 3026/3026/3026
f 3031/3031/3031 3030/3030/3030 3029/3029/3029
f 3034/3034/3034 3033/3033/3033 3032/3032/3032
f 3037/3037/3037 3036/3036/3036 3035/3035/3035
f 3040/3040/3040 3039/3039/3039 3038/3038/3038
f 3043/3043/3043 3042/3042/3042 3041/3041/3041
f 3046/3046/3046 3045/3045/3045 3044/3044/3044
f 3049/3049/3049 3048/3048/3048 3047/3047/3047
f 3052/3052/3052 3051/3051/3051 3050/3050/3050
f 3055/3055/3055 3054/3054/3054 3053/3053/3053
f 3058/3058/3058 3057/3057/3057 3056/3056/3056
f 3061/3061/3061 3060/3060/3060 3059/3059/3059
f 3064/3064/3064 3063/3063/3063 3062/3062/3062
f 3067/3067/3067 3066/3066/3066 3065/3065/3065
f 3070/3070/3070 3069/3069/3069 3068/3068/3068
f 3073/3073/3073 3072/3072/3072 3071/3071/3071
f 3076/3076/3076 3075/3075/3075 3074/3074/3074
f 3079/3079/3079 3078/3078/3078 3077/3077/3077
f 3082/3082/3082 3081/3081/3081 3080/3080/3080
f 3085/3085/3085 3084/3084/3084 3083/3083/3083
f 3088/3088/3088 3087/3087/3087 3086/3086/3086
f 3091/3091/3091 3090/3090/3090 3089/3089/3089
f 3094/3094/3094 3093/3093/3093 3092/3092/3092
f 3097/3097/3097 3096/3096/3096 3095/3095/3095
f 3100/3100/3100 3099/3099/3099 3098/3098/3098
f 3103/3103/3103 3102/3102/3102 3101/3101/3101
f 3106/3106/3106 3105/3105/3105 3104/3104/3104
f 3109/3109/3109 3108/3108/3108 3107/3107/3107
f 3112/3112/3112 3111/3111/3111 3110/3110/3110
f 3115/3115/3115 3114/3114/3114 3113/3113/3113
f 3118/3118/3118 3117/3117/3117 3116/3116/3116
f 3121/3121/3121 3120/3120/3120 3119/3119/3119
f 3124/3124/3124 3123/3123/3123 3122/3122/3122
f 3127/3127/3127 3126/3126/3126 3125/3125/3125
f 3130/3130/3130 3129/3129/3129 3128/3128/3128
f 3133/3133/3133 3132/3132/3132 3131/3131/3131
f 3136/3136/3136 3135/3135/3135 3134/3134/3134
f 3139/3139/3139 3138/3138/3138 3137/3137/3137
f 3142/3142/3142 3141/3141/3141 3140/3140/3140
f 3145/3145/3145 3144/3144/3144 3143/3143/3143
f 3148/3148/3148 3147/3147/3147 3146/3146/3146
f 3151/3151/3151 3150/3150/3150 3149/3149/3149
f 3154/3154/3154 3153/3153/3153 3152/3152/3152
f 3157/3157/3157 3156/3156/3156 3155/3155/3155
f 3160/3160/3160 3159/3159/3159 3158/3158/3158
f 3163/3163/3163 3162/3162/3162 3161/3161/3161
f 3166/3166/3166 3165/3165/3165 3164/3164/3164
f 3169/3169/3169 3168/3168/3168 3167/3167/3167
f 3172/3172/3172 3171/3171/3171 3170/3170/3170
f 3175/3175/3175 3174/3174/3174 3173/3173/3173
f 3178/3178/3178 3177/3177/3177 3176/3176/3176
f 3181/3181/3181 3180/3180/3180 3179/3179/3179
f 3184/3184/3184 3183/3183/3183 3182/3182/3182
f 3187/3187/3187 3186/3186/3186 3185/3185/3185
f 3190/3190/3190 3189/3189/3189 3188/3188/3188
f 3193/3193/3193 3192/3192/3192 3191/3191/3191
f 3196/3196/3196 3195/3195/3195 3194/3194/3194
f 3199/3199/3199 3198/3198/3198 3197/3197/3197
f 3202/3202/3202 3201/3201/3201 3200/3200/3200
f 3205/3205/3205 3204/3204/3204 3203/3203/3203
f 3208/3208/3208 3207/3207/3207 3206/3206/3206
f 3211/3211/3211 3210/3210/3210 3209/3209/3209
f 3214/3214/3214 3213/3213/3213 3212/3212/3212
f 3217/3217/3217 3216/3216/3216 3215/3215/3215
f 3220/3220/3220 3219/3219/3219 3218/3218/3218
f 3223/3223/3223 3222/3222/3222 3221/3221/3221
f 3226/3226/3226 3225/3225/3225 3224/3224/3224
f 3229/3229/3229 3228/3228/3228 3227/3227/3227
f 3232/3232/3232 3231/3231/3231 3230/3230/3230
f 3235/3235/3235 3234/3234/3234 3233/3233/3233
f 3238/3238/3238 3237/3237/3237 3236/3236/3236
f 3241/3241/3241 3240/3240/3240 3239/3239/3239
f 3244/3244/3244 3243/3243/3243 3242/3242/3242
f 3247/3247/3247 3246/3246/3246 3245/3245/3245
f 3250/3250/3250 3249/3249/3249 3248/3248/3248
f 3253/3253/3253 3252/3252/3252 3251/3251/3251
f 3256/3256/3256 3255/3255/3255 3254/3254/3254
f 3259/3259/3259 3258/3258/3258 3257/3257/3257
f 3262/3262/3262 3261/3261/3261 3260/3260/3260
f 3265/3265/3265 3264/3264/3264 3263/3263/3263
f 3268/3268/3268 3267/3267/3267 3266/3266/3266
f 3271/3271/3271 3270/3270/3270 3269/3269/3269
f 3274/3274/3274 3273/3273/3273 3272/3272/3272
f 3277/3277/3277 3276/3276/3276 3275/3275/3275
f 3280/3280/3280 3279/3279/3279 3278/3278/3278
f 3283/3283/3283 3282/3282/3282 3281/3281/3281
f 3286/3286/3286 3285/3285/3285 3284/3284/3284
f 3289/3289/3289 3288/3288/3288 3287/3287/3287
f 3292/3292/3292 3291/3291/3291 3290/3290/3290
f 3295/3295/3295 3294/3294/3294 3293/3293/3293
f 3298/3298/3298 3297/3297/3297 3296/3296/3296
f 3301/3301/3301 3300/3300/3300 3299/3299/3299
f 3304/3304/3304 3303/3303/3303 3302/3302/3302
f 3307/3307/3307 3306/3306/3306 3305/3305/3305
f 3310/3310/3310 3309/3309/3309 3308/3308/3308
f 3313/3313/3313 3312/3312/3312 3311/3311/3311
f 3316/3316/3316 3315/3315/3315 3314/3314/3314
f 3319/3319/3319 3318/3318/3318 3317/3317/3317
f 3322/3322/3322 3321/3321/3321 3320/3320/3320
f 3325/3325/3325 3324/3324/3324 3323/3323/3323
f 3328/3328/3328 3327/3327/3327 3326/3326/3326
f 3331/3331/3331 3330/3330/3330 3329/3329/3329
f 3334/3334/3334 3333/3333/3333 3332/3332/3332
f 3337/3337/3337 3336/3336/3336 3335/3335/3335
f 3340/3340/3340 3339/3339/3339 3338/3338/3338
f 3343/3343/3343 3342/3342/3342 3341/3341/3341
f 3346/3346/3346 3345/3345/3345 3344/3344/3344
f 3349/3349/3349 3348/3348/3348 3347/3347/3347
f 3352/3352/3352 3351/3351/3351 3350/3350/3350
f 3355/3355/3355 3354/3354/3354 3353/3353/3353
f 3358/3358/3358 3357/3357/3357 3356/3356/3356
f 3361/3361/3361 3360/3360/3360 3359/3359/3359
f 3364/3364/3364 3363/3363/3363 3362/3362/3362
f 3367/3367/3367 3366/3366/3366 3365/3365/3365
f 3370/3370/3370 3369/3369/3369 3368/3368/3368
f 3373/3373/3373 3372/3372/3372 3371/3371/3371
f 3376/3376/3376 3375/3375/3375 3374/3374/3374
f 3379/3379/3379 3378/3378/3378 3377/3377/3377
f 3382/3382/3382 3381/3381/3381 3380/3380/3380
f 3385/3385/3385 3384/3384/3384 3383/3383/3383
f 3388/3388/3388 3387/3387/3387 3386/3386/3386
f 3391/3391/3391 3390/3390/3390 3389/3389/3389
f 3394/3394/3394 3393/3393/3393 3392/3392/3392
f 3397/3397/3397 3396/3396/3396 3395/3395/3395
f 3400/3400/3400 3399/3399/3399 3398/3398/3398
f 3403/3403/3403 3402/3402/3402 3401/3401/3401
f 3406/3406/3406 3405/3405/3405 3404/3404/3404
f 3409/3409/3409 3408/3408/3408 3407/3407/3407
f 3412/3412/3412 3411/3411/3411 3410/3410/3410
f 3415/3415/3415 3414/3414/3414 3413/3413/3413
f 3418/3418/3418 3417/3417/3417 3416/3416/3416
f 3421/3421/3421 3420/3420/3420 3419/3419/3419
f 3424/3424/3424 3423/3423/3423 3422/3422/3422
f 3427/3427/3427 3426/3426/3426 3425/3425/3425
f 3430/3430/3430 3429/3429/3429 3428/3428/3428
f 3433/3433/3433 3432/3432/3432 3431/3431/3431
f 3436/3436/3436 3435/3435/3435 3434/3434/3434
f 3439/3439/3439 3438/3438/3438 3437/3437/3437
f 3442/3442/3442 3441/3441/3441 3440/3440/3440
f 3445/3445/3445 3444/3444/3444 3443/3443/3443
f 3448/3448/3448 3447/3447/3447 3446/3446/3446
f 3451/3451/3451 3450/3450/3450 3449/3449/3449
f 3454/3454/3454 3453/3453/3453 3452/3452/3452
f 3457/3457/3457 3456/3456/3456 3455/3455/3455
f 3460/3460/3460 3459/3459/3459 3458/3458/3458
f 3463/3463/3463 3462/3462/3462 3461/3461/3461
f 3466/3466/3466 3465/3465/3465 3464/3464/3464
f 3469/3469/3469 3468/3468/3468 3467/3467/3467
f 3472/3472/3472 3471/3471/3471 3470/3470/3470
f 3475/3475/3475 3474/3474/3474 3473/3473/3473
f 3478/3478/3478 3477/3477/3477 3476/3476/3476
f 3481/3481/3481 3480/3480/3480 3479/3479/3479
f 3484/3484/3484 3483/3483/3483 3482/3482/3482
f 3487/3487/3487 3486/3486/3486 3485/3485/3485
f 3490/3490/3490 3489/3489/3489 3488/3488/3488
f 3493/3493/3493 3492/3492/3492 3491/3491/3491
f 3496/3496/3496 3495/3495/3495 3494/3494/3494
f 3499/3499/3499 3498/3498/3498 3497/3497/3497
f 3502/3502/3502 3501/3501/3501 3500/3500/3500
f 3505/3505/3505 3504/3504/3504 3503/3503/3503
f 3508/3508/3508 3507/3507/3507 3506/3506/3506
f 3511/3511/3511 3510/3510/3510 3509/3509/3509
f 3514/3514/3514 3513/3513/3513 3512/3512/3512
f 3517/3517/3517 3516/3516/3516 3515/3515/3515
f 3520/3520/3520 3519/3519/3519 3518/3518/3518
f 3523/3523/3523 3522/3522/3522 3521/3521/3521
f 3526/3526/3526 3525/3525/3525 3524/3524/3524
f 3529/3529/3529 3528/3528/3528 3527/3527/3527
f 3532/3532/3532 3531/3531/3531 3530/3530/3530
f 3535/3535/3535 3534/3534/3534 3533/3533/3533
f 3538/3538/3538 3537/3537/3537 3536/3536/3536
f 3541/3541/3541 3540/3540/3540 3539/3539/3539
f 3544/3544/3544 3543/3543/3543 3542/3542/3542
f 3547/3547/3547 3546/3546/3546 3545/3545/3545
f 3550/3550/3550 3549/3549/3549 3548/3548/3548
f 3553/3553/3553 3552/3552/3552 3551/3551/3551
f 3556/3556/3556 3555/3555/3555 3554/3554/3554
f 3559/3559/3559 3558/3558/3558 3557/3557/3557
f 3562/3562/3562 3561/3561/3561 3560/3560/3560
f 3565/3565/3565 3564/3564/3564 3563/3563/3563
f 3568/3568/3568 3567/3567/3567 3566/3566/3566
f 3571/3571/3571 3570/3570/3570 3569/3569/3569
f 3574/3574/3574 3573/3573/3573 3572/3572/3572
f 3577/3577/3577 3576/3576/3576 3575/3575/3575
f 3580/3580/3580 3579/3579/3579 3578/3578/3578
f 3583/3583/3583 3582/3582/3582 3581/3581/3581
f 3586/3586/3586 3585/3585/3585 3584/3584/3584
f 3589/3589/3589 3588/3588/3588 3587/3587/3587
f 3592/3592/3592 3591/3591/3591 3590/3590/3590
f 3595/3595/3595 3594/3594/3594 3593/3593/3593
f 3598/3598/3598 3597/3597/3597 3596/3596/3596
f 3601/3601/3601 3600/3600/3600 3599/3599/3599
f 3604/3604/3604 3603/3603/3603 3602/3602/3602
f 3607/3607/3607 3606/3606/3606 3605/3605/3605
f 3610/3610/3610 3609/3609/3609 3608/3608/3608
f 3613/3613/3613 3612/3612/3612 3611/3611/3611
f 3616/3616/3616 3615/3615/3615 3614/3614/3614
f 3619/3619/3619 3618/3618/3618 3617/3617/3617
f 3622/3622/3622 3621/3621/3621 3620/3620/3620
f 3625/3625/3625 3624/3624/3624 3623/3623/3623
f 3628/3628/3628 3627/3627/3627 3626/3626/3626
f 3631/3631/3631 3630/3630/3630 3629/3629/3629
f 3634/3634/3634 3633/3633/3633 3632/3632/3632
f 3637/3637/3637 3636/3636/3636 3635/3635/3635
f 3640/3640/3640 3639/3639/3639 3638/3638/3638
f 3644/3644/3644 3643/3643/3643 3642/3642/3642
f 3647/3647/3647 3646/3646/3646 3645/3645/3645
f 3650/3650/3650 3649/3649/3649 3648/3648/3648
f 3653/3653/3653 3652/3652/3652 3651/3651/3651
f 3656/3656/3656 3655/3655/3655 3654/3654/3654
f 3659/3659/3659 3658/3658/3658 3657/3657/3657
f 3662/3662/3662 3661/3661/3661 3660/3660/3660
f 3665/3665/3665 3664/3664/3664 3663/3663/3663
f 3668/3668/3668 3667/3667/3667 3666/3666/3666
f 3671/3671/3671 3670/3670/3670 3669/3669/3669
f 3674/3674/3674 3673/3673/3673 3672/3672/3672
f 3677/3677/3677 3676/3676/3676 3675/3675/3675
f 3680/3680/3680 3679/3679/3679 3678/3678/3678
f 3683/3683/3683 3682/3682/3682 3681/3681/3681
f 3686/3686/3686 3685/3685/3685 3684/3684/3684
f 3689/3689/3689 3688/3688/3688 3687/3687/3687
f 3692/3692/3692 3691/3691/3691 3690/3690/3690
f 3695/3695/3695 3694/3694/3694 3693/3693/3693
f 3698/3698/3698 3697/3697/3697 3696/3696/3696
f 3701/3701/3701 3700/3700/3700 3699/3699/3699
f 3704/3704/3704 3703/3703/3703 3702/3702/3702
f 3707/3707/3707 3706/3706/3706 3705/3705/3705
f 3710/3710/3710 3709/3709/3709 3708/3708/3708
f 3713/3713/3713 3712/3712/3712 3711/3711/3711
f 3716/3716/3716 3715/3715/3715 3714/3714/3714
f 3719/3719/3719 3718/3718/3718 3717/3717/3717
f 3722/3722/3722 3721/3721/3721 3720/3720/3720
f 3725/3725/3725 3724/3724/3724 3723/3723/3723
f 3728/3728/3728 3727/3727/3727 3726/3726/3726
f 3731/3731/3731 3730/3730/3730 3729/3729/3729
f 3734/3734/3734 3733/3733/3733 3732/3732/3732
f 3737/3737/3737 3736/3736/3736 3735/3735/3735
f 3740/3740/3740 3739/3739/3739 3738/3738/3738
f 3743/3743/3743 3742/3742/3742 3741/3741/3741
f 3746/3746/3746 3745/3745/3745 3744/3744/3744
f 3749/3749/3749 3748/3748/3748 3747/3747/3747
f 3752/3752/3752 3751/3751/3751 3750/3750/3750
f 3755/3755/3755 3754/3754/3754 3753/3753/3753
f 3758/3758/3758 3757/3757/3757 3756/3756/3756
f 3761/3761/3761 3760/3760/3760 3759/3759/3759
f 3764/3764/3764 3763/3763/3763 3762/3762/3762
f 3767/3767/3767 3766/3766/3766 3765/3765/3765
f 3770/3770/3770 3769/3769/3769 3768/3768/3768
f 3773/3773/3773 3772/3772/3772 3771/3771/3771
f 3776/3776/3776 3775/3775/3775 3774/3774/3774
f 3779/3779/3779 3778/3778/3778 3777/3777/3777
f 3782/3782/3782 3781/3781/3781 3780/3780/3780
f 3785/3785/3785 3784/3784/3784 3783/3783/3783
f 3788/3788/3788 3787/3787/3787 3786/3786/3786
f 3791/3791/3791 3790/3790/3790 3789/3789/3789
f 3794/3794/3794 3793/3793/3793 3792/3792/3792
f 3797/3797/3797 3796/3796/3796 3795/3795/3795
f 3800/3800/3800 3799/3799/3799 3798/3798/3798
f 3804/3804/3804 3803/3803/3803 3802/3802/3802
f 3807/3807/3807 3806/3806/3806 3805/3805/3805
f 3810/3810/3810 3809/3809/3809 3808/3808/3808
f 3813/3813/3813 3812/3812/3812 3811/3811/3811
f 3816/3816/3816 3815/3815/3815 3814/3814/3814
f 3819/3819/3819 3818/3818/3818 3817/3817/3817
f 3822/3822/3822 3821/3821/3821 3820/3820/3820
f 3825/3825/3825 3824/3824/3824 3823/3823/3823
f 3828/3828/3828 3827/3827/3827 3826/3826/3826
f 3831/3831/3831 3830/3830/3830 3829/3829/3829
f 3834/3834/3834 3833/3833/3833 3832/3832/3832
f 3837/3837/3837 3836/3836/3836 3835/3835/3835
f 3840/3840/3840 3839/3839/3839 3838/3838/3838
f 3843/3843/3843 3842/3842/3842 3841/3841/3841
f 3846/3846/3846 3845/3845/3845 3844/3844/3844
f 3849/3849/3849 3848/3848/3848 3847/3847/3847
f 3852/3852/3852 3851/3851/3851 3850/3850/3850
f 3855/3855/3855 3854/3854/3854 3853/3853/3853
f 3858/3858/3858 3857/3857/3857 3856/3856/3856
f 3861/3861/3861 3860/3860/3860 3859/3859/3859
f 3864/3864/3864 3863/3863/3863 3862/3862/3862
f 3867/3867/3867 3866/3866/3866 3865/3865/3865
f 3871/3871/3871 3870/3870/3870 3869/3869/3869
f 3874/3874/3874 3873/3873/3873 3872/3872/3872
f 3877/3877/3877 3876/3876/3876 3875/3875/3875
f 3880/3880/3880 3879/3879/3879 3878/3878/3878
f 3883/3883/3883 3882/3882/3882 3881/3881/3881
f 3886/3886/3886 3885/3885/3885 3884/3884/3884
f 3889/3889/3889 3888/3888/3888 3887/3887/3887
f 3892/3892/3892 3891/3891/3891 3890/3890/3890
f 3895/3895/3895 3894/3894/3894 3893/3893/3893
f 3898/3898/3898 3897/3897/3897 3896/3896/3896
f 3901/3901/3901 3900/3900/3900 3899/3899/3899
f 3904/3904/3904 3903/3903/3903 3902/3902/3902
f 3907/3907/3907 3906/3906/3906 3905/3905/3905
f 3910/3910/3910 3909/3909/3909 3908/3908/3908
f 3913/3913/3913 3912/3912/3912 3911/3911/3911
f 3918/3918/3918 3917/3917/3917 3916/3916/3916
f 3921/3921/3921 3920/3920/3920 3919/3919/3919
f 3924/3924/3924 3923/3923/3923 3922/3922/3922
f 3927/3927/3927 3926/3926/3926 3925/3925/3925
f 3930/3930/3930 3929/3929/3929 3928/3928/3928
f 3933/3933/3933 3932/3932/3932 3931/3931/3931
f 3937/3937/3937 3936/3936/3936 3935/3935/3935
f 3940/3940/3940 3939/3939/3939 3938/3938/3938
f 3943/3943/3943 3942/3942/3942 3941/3941/3941
f 3946/3946/3946 3945/3945/3945 3944/3944/3944
f 3949/3949/3949 3948/3948/3948 3947/3947/3947
f 3952/3952/3952 3951/3951/3951 3950/3950/3950
f 3957/3957/3957 3956/3956/3956 3955/3955/3955
f 3960/3960/3960 3959/3959/3959 3958/3958/3958
f 3963/3963/3963 3962/3962/3962 3961/3961/3961
f 3966/3966/3966 3965/3965/3965 3964/3964/3964
f 3969/3969/3969 3968/3968/3968 3967/3967/3967
f 3972/3972/3972 3971/3971/3971 3970/3970/3970
f 3975/3975/3975 3974/3974/3974 3973/3973/3973
f 3978/3978/3978 3977/3977/3977 3976/3976/3976
f 3981/3981/3981 3980/3980/3980 3979/3979/3979
f 3986/3986/3986 3985/3985/3985 3984/3984/3984
f 3990/3990/3990 3989/3989/3989 3988/3988/3988
f 3993/3993/3993 3992/3992/3992 3991/3991/3991
f 3996/3996/3996 3995/3995/3995 3994/3994/3994
f 3999/3999/3999 3998/3998/3998 3997/3997/3997
f 4002/4002/4002 4001/4001/4001 4000/4000/4000
f 4005/4005/4005 4004/4004/4004 4003/4003/4003
f 4008/4008/4008 4007/4007/4007 4006/4006/4006
f 4011/4011/4011 4010/4010/4010 4009/4009/4009
f 4014/4014/4014 4013/4013/4013 4012/4012/4012
f 4017/4017/4017 4016/4016/4016 4015/4015/4015
f 4020/4020/4020 4019/4019/4019 4018/4018/4018
f 4023/4023/4023 4022/4022/4022 4021/4021/4021
f 4026/4026/4026 4025/4025/4025 4024/4024/4024
f 4029/4029/4029 4028/4028/4028 4027/4027/4027
f 4032/4032/4032 4031/4031/4031 4030/4030/4030
f 4035/4035/4035 4034/4034/4034 4033/4033/4033
f 4038/4038/4038 4037/4037/4037 4036/4036/4036
f 4041/4041/4041 4040/4040/4040 4039/4039/4039
f 4045/4045/4045 4044/4044/4044 4043/4043/4043
f 4048/4048/4048 4047/4047/4047 4046/4046/4046
f 4051/4051/4051 4050/4050/4050 4049/4049/4049
f 4054/4054/4054 4053/4053/4053 4052/4052/4052
f 4057/4057/4057 4056/4056/4056 4055/4055/4055
f 4061/4061/4061 4060/4060/4060 4059/4059/4059
f 4064/4064/4064 4063/4063/4063 4062/4062/4062
f 4070/4070/4070 4069/4069/4069 4068/4068/4068
f 4073/4073/4073 4072/4072/4072 4071/4071/4071
f 4076/4076/4076 4075/4075/4075 4074/4074/4074
f 4079/4079/4079 4078/4078/4078 4077/4077/4077
f 4082/4082/4082 4081/4081/4081 4080/4080/4080
f 4085/4085/4085 4084/4084/4084 4083/4083/4083
f 4088/4088/4088 4087/4087/4087 4086/4086/4086
f 4091/4091/4091 4090/4090/4090 4089/4089/4089
f 4094/4094/4094 4093/4093/4093 4092/4092/4092
f 4097/4097/4097 4096/4096/4096 4095/4095/4095
f 4100/4100/4100 4099/4099/4099 4098/4098/4098
f 4104/4104/4104 4103/4103/4103 4102/4102/4102
f 4107/4107/4107 4106/4106/4106 4105/4105/4105
f 4110/4110/4110 4109/4109/4109 4108/4108/4108
f 4113/4113/4113 4112/4112/4112 4111/4111/4111
f 4116/4116/4116 4115/4115/4115 4114/4114/4114
f 4119/4119/4119 4118/4118/4118 4117/4117/4117
f 4122/4122/4122 4121/4121/4121 4120/4120/4120
f 4125/4125/4125 4124/4124/4124 4123/4123/4123
f 4128/4128/4128 4127/4127/4127 4126/4126/4126
f 4135/4135/4135 4134/4134/4134 4133/4133/4133
f 4140/4140/4140 4139/4139/4139 4138/4138/4138
f 4143/4143/4143 4142/4142/4142 4141/4141/4141
f 4146/4146/4146 4145/4145/4145 4144/4144/4144
f 4151/4151/4151 4150/4150/4150 4149/4149/4149
f 4149/4149/4149 4168/4168/4168 4167/4167/4167
f 4156/4156/4156 4155/4155/4155 4154/4154/4154
f 4159/4159/4159 4158/4158/4158 4157/4157/4157
f 4164/4164/4164 4163/4163/4163 4162/4162/4162
f 4171/4171/4171 4170/4170/4170 4169/4169/4169
f 4179/4179/4179 4178/4178/4178 4177/4177/4177
f 4182/4182/4182 4181/4181/4181 4180/4180/4180
f 4185/4185/4185 4184/4184/4184 4183/4183/4183
f 4193/4193/4193 4192/4192/4192 4191/4191/4191
f 4196/4196/4196 4195/4195/4195 4194/4194/4194
f 4200/4200/4200 4199/4199/4199 4198/4198/4198
f 4206/4206/4206 4205/4205/4205 4204/4204/4204
f 4209/4209/4209 4208/4208/4208 4207/4207/4207
f 4212/4212/4212 4211/4211/4211 4210/4210/4210
f 4217/4217/4217 4216/4216/4216 4215/4215/4215
f 4220/4220/4220 4217/4217/4217 4215/4215/4215
f 4215/4215/4215 4219/4219/4219 4218/4218/4218
f 4222/4222/4222 4221/4221/4221 4220/4220/4220
