# VPXTOOL table OBJ file
# VPXTOOL OBJ file
# numVerts: 3570 numFaces: 2788
o Flipper - Bally Mini Left
v 1.494193 0.924595 -0.070101
v 1.517513 0.923473 -0.052567
v 1.493521 0.924566 0.071363
v 1.494193 0.924595 -0.070101
v 1.535267 0.922631 -0.069907
v 1.517513 0.923473 -0.052567
v 1.543241 0.92225 -0.069557
v 1.543241 0.92225 -0.069557
v 1.550666 0.921895 -0.068599
v 1.517513 0.923473 -0.052567
v 1.550666 0.921895 -0.068599
v 1.557514 0.921567 -0.067053
v 1.557514 0.921567 -0.067053
v 1.563759 0.921267 -0.064939
v 1.517513 0.923473 -0.052567
v 1.563759 0.921267 -0.064939
v 1.56937 0.920998 -0.062278
v 1.57432 0.92076 -0.059091
v 1.578582 0.920555 -0.055396
v 1.578582 0.920555 -0.055396
v 1.532557 0.922753 -0.052495
v 1.517513 0.923473 -0.052567
v 1.578582 0.920555 -0.055396
v 1.582126 0.920383 -0.051216
v 1.532557 0.922753 -0.052495
v 1.517302 0.923463 -0.008178
v 1.493521 0.924566 0.071363
v 1.532557 0.922753 -0.052495
v 1.582126 0.920383 -0.051216
v 1.537948 0.922496 -0.052303
v 1.537948 0.922496 -0.052303
v 1.582126 0.920383 -0.051216
v 1.542785 0.922264 -0.051786
v 1.542785 0.922264 -0.051786
v 1.582126 0.920383 -0.051216
v 1.547087 0.922058 -0.050955
v 1.584924 0.920247 -0.046569
v 1.547087 0.922058 -0.050955
v 1.547087 0.922058 -0.050955
v 1.584924 0.920247 -0.046569
v 1.550871 0.921877 -0.04982
v 1.550871 0.921877 -0.04982
v 1.584924 0.920247 -0.046569
v 1.554152 0.921719 -0.04839
v 1.554152 0.921719 -0.04839
v 1.556947 0.921585 -0.046675
v 1.584924 0.920247 -0.046569
v 1.586951 0.920148 -0.041476
v 1.556947 0.921585 -0.046675
v 1.586951 0.920148 -0.041476
v 1.559274 0.921473 -0.044687
v 1.559274 0.921473 -0.044687
v 1.586951 0.920148 -0.041476
v 1.561149 0.921382 -0.042434
v 1.561149 0.921382 -0.042434
v 1.562587 0.921312 -0.039927
v 1.588175 0.920088 -0.035958
v 1.562587 0.921312 -0.039927
v 1.562587 0.921312 -0.039927
v 1.588175 0.920088 -0.035958
v 1.563607 0.921263 -0.037175
v 1.563607 0.921263 -0.037175
v 1.564224 0.921232 -0.034189
v 1.58857 0.920066 -0.030035
v 1.564224 0.921232 -0.034189
v 1.564224 0.921232 -0.034189
v 1.58857 0.920066 -0.030035
v 1.564455 0.921219 -0.030979
v 1.564455 0.921219 -0.030979
v 1.56434 0.921224 -0.028043
v 1.588348 0.920075 -0.026027
v 1.56434 0.921224 -0.028043
v 1.588348 0.920075 -0.026027
v 1.563881 0.921244 -0.025171
v 1.588348 0.920075 -0.026027
v 1.587727 0.920103 -0.022201
v 1.563881 0.921244 -0.025171
v 1.563041 0.921283 -0.0224
v 1.561784 0.921342 -0.019767
v 1.586713 0.92015 -0.018564
v 1.560073 0.921423 -0.01731
v 1.586713 0.92015 -0.018564
v 1.585315 0.920215 -0.015123
v 1.560073 0.921423 -0.01731
v 1.585315 0.920215 -0.015123
v 1.557872 0.921527 -0.015064
v 1.58354 0.920299 -0.011886
v 1.555145 0.921657 -0.013067
v 1.555145 0.921657 -0.013067
v 1.58354 0.920299 -0.011886
v 1.551855 0.921813 -0.011356
v 1.581395 0.9204 -0.008859
v 1.551855 0.921813 -0.011356
v 1.547967 0.921998 -0.009967
v 1.547967 0.921998 -0.009967
v 1.581395 0.9204 -0.008859
v 1.543444 0.922214 -0.008938
v 1.578887 0.920519 -0.00605
v 1.543444 0.922214 -0.008938
v 1.578887 0.920519 -0.00605
v 1.538249 0.922462 -0.008306
v 1.538249 0.922462 -0.008306
v 1.578887 0.920519 -0.00605
v 1.532346 0.922744 -0.008106
v 1.517302 0.923463 -0.008178
v 1.517215 0.92346 0.010076
v 1.532346 0.922744 -0.008106
v 1.517215 0.92346 0.010076
v 1.532346 0.922744 -0.008106
v 1.578887 0.920519 -0.00605
v 1.576025 0.920654 -0.003466
v 1.517215 0.92346 0.010076
v 1.576025 0.920654 -0.003466
v 1.572817 0.920807 -0.001115
v 1.517215 0.92346 0.010076
v 1.572817 0.920807 -0.001115
v 1.569268 0.920975 0.000998
v 1.517215 0.92346 0.010076
v 1.569268 0.920975 0.000998
v 1.565387 0.92116 0.002864
v 1.565387 0.92116 0.002864
v 1.561182 0.92136 0.004476
v 1.517215 0.92346 0.010076
v 1.561182 0.92136 0.004476
v 1.564759 0.921188 0.006714
v 1.564759 0.921188 0.006714
v 1.568128 0.921026 0.009142
v 1.568128 0.921026 0.009142
v 1.527007 0.922992 0.010122
v 1.517215 0.92346 0.010076
v 1.568128 0.921026 0.009142
v 1.529954 0.922851 0.010218
v 1.527007 0.922992 0.010122
v 1.568128 0.921026 0.009142
v 1.571319 0.920873 0.011758
v 1.529954 0.922851 0.010218
v 1.516923 0.923447 0.071473
v 1.529954 0.922851 0.010218
v 1.571319 0.920873 0.011758
v 1.532859 0.922712 0.01053
v 1.532859 0.922712 0.01053
v 1.571319 0.920873 0.011758
v 1.53577 0.922572 0.011136
v 1.53577 0.922572 0.011136
v 1.571319 0.920873 0.011758
v 1.538733 0.92243 0.012114
v 1.574365 0.920726 0.014564
v 1.538733 0.92243 0.012114
v 1.574365 0.920726 0.014564
v 1.541798 0.922283 0.013541
v 1.541798 0.922283 0.013541
v 1.574365 0.920726 0.014564
v 1.545011 0.922129 0.015497
v 1.574365 0.920726 0.014564
v 1.577299 0.920584 0.01756
v 1.545011 0.922129 0.015497
v 1.545011 0.922129 0.015497
v 1.577299 0.920584 0.01756
v 1.548419 0.921965 0.018058
v 1.58015 0.920447 0.020745
v 1.548419 0.921965 0.018058
v 1.552072 0.921789 0.021304
v 1.58015 0.920447 0.020745
v 1.58295 0.920311 0.024121
v 1.552072 0.921789 0.021304
v 1.552072 0.921789 0.021304
v 1.58295 0.920311 0.024121
v 1.556015 0.921598 0.025311
v 1.58295 0.920311 0.024121
v 1.585731 0.920177 0.027686
v 1.556015 0.921598 0.025311
v 1.560299 0.921392 0.030159
v 1.588524 0.920042 0.031442
v 1.560299 0.921392 0.030159
v 1.588524 0.920042 0.031442
v 1.56497 0.921166 0.035924
v 1.591362 0.919904 0.035388
v 1.56497 0.921166 0.035924
v 1.594274 0.919763 0.039524
v 1.570075 0.920919 0.042685
v 1.594274 0.919763 0.039524
v 1.597293 0.919617 0.043851
v 1.570075 0.920919 0.042685
v 1.597293 0.919617 0.043851
v 1.591429 0.919885 0.071827
v 1.597293 0.919617 0.043851
v 1.598959 0.919537 0.046201
v 1.591429 0.919885 0.071827
v 1.600542 0.91946 0.04839
v 1.600542 0.91946 0.04839
v 1.602076 0.919386 0.050466
v 1.602076 0.919386 0.050466
v 1.603594 0.919312 0.052478
v 1.591429 0.919885 0.071827
v 1.603594 0.919312 0.052478
v 1.605132 0.919238 0.054473
v 1.606726 0.919161 0.056497
v 1.606726 0.919161 0.056497
v 1.608408 0.919079 0.058601
v 1.608408 0.919079 0.058601
v 1.610215 0.918992 0.06083
v 1.612179 0.918897 0.063232
v 1.612179 0.918897 0.063232
v 1.614337 0.918793 0.065856
v 1.591429 0.919885 0.071827
v 1.614337 0.918793 0.065856
v 1.616721 0.918678 0.068749
v 1.619369 0.91855 0.071959
v 1.361025 0.932417 -0.075365
v 1.389544 0.930598 -0.054677
v 1.360307 0.932386 0.07589
v 1.361025 0.932417 -0.075365
v 1.466336 0.92601 -0.070499
v 1.389544 0.930598 -0.054677
v 1.466336 0.92601 -0.070499
v 1.466022 0.926065 -0.052285
v 1.389544 0.930598 -0.054677
v 1.389544 0.930598 -0.054677
v 1.385841 0.93119 -0.010038
v 1.360307 0.932386 0.07589
v 1.385841 0.93119 -0.010038
v 1.385644 0.931204 0.009474
v 1.360307 0.932386 0.07589
v 1.385841 0.93119 -0.010038
v 1.462564 0.926387 -0.009354
v 1.385644 0.931204 0.009474
v 1.462564 0.926387 -0.009354
v 1.462476 0.926383 0.009166
v 1.385644 0.931204 0.009474
v 1.385644 0.931204 0.009474
v 1.389021 0.930576 0.055312
v 1.360307 0.932386 0.07589
v 1.389021 0.930576 0.055312
v 1.46774 0.925925 0.053305
v 1.360307 0.932386 0.07589
v 1.46774 0.925925 0.053305
v 1.467877 0.925863 0.071493
v 1.360307 0.932386 0.07589
v 1.172808 0.945204 -0.08831
v 1.213207 0.94245 -0.063433
v 1.171968 0.945168 0.088419
v 1.172808 0.945204 -0.08831
v 1.25867 0.939322 -0.082247
v 1.213207 0.94245 -0.063433
v 1.25867 0.939322 -0.082247
v 1.271856 0.93842 -0.080894
v 1.213207 0.94245 -0.063433
v 1.283527 0.937623 -0.078849
v 1.283527 0.937623 -0.078849
v 1.293779 0.936925 -0.07618
v 1.213207 0.94245 -0.063433
v 1.293779 0.936925 -0.07618
v 1.302691 0.93632 -0.072952
v 1.213207 0.94245 -0.063433
v 1.302691 0.93632 -0.072952
v 1.310333 0.935805 -0.06922
v 1.213207 0.94245 -0.063433
v 1.310333 0.935805 -0.06922
v 1.316763 0.935375 -0.065038
v 1.213207 0.94245 -0.063433
v 1.316763 0.935375 -0.065038
v 1.32203 0.935029 -0.060452
v 1.213207 0.94245 -0.063433
v 1.32203 0.935029 -0.060452
v 1.258102 0.939377 -0.061074
v 1.213207 0.94245 -0.063433
v 1.32203 0.935029 -0.060452
v 1.326174 0.934763 -0.055507
v 1.258102 0.939377 -0.061074
v 1.213207 0.94245 -0.063433
v 1.207834 0.943053 -0.010557
v 1.171968 0.945168 0.088419
v 1.258102 0.939377 -0.061074
v 1.326174 0.934763 -0.055507
v 1.265912 0.938844 -0.060406
v 1.265912 0.938844 -0.060406
v 1.326174 0.934763 -0.055507
v 1.272686 0.938383 -0.059308
v 1.272686 0.938383 -0.059308
v 1.326174 0.934763 -0.055507
v 1.278507 0.937989 -0.057832
v 1.326174 0.934763 -0.055507
v 1.329228 0.934576 -0.050243
v 1.278507 0.937989 -0.057832
v 1.278507 0.937989 -0.057832
v 1.329228 0.934576 -0.050243
v 1.283445 0.937657 -0.056025
v 1.283445 0.937657 -0.056025
v 1.329228 0.934576 -0.050243
v 1.287566 0.937382 -0.053932
v 1.287566 0.937382 -0.053932
v 1.329228 0.934576 -0.050243
v 1.290932 0.937161 -0.051595
v 1.329228 0.934576 -0.050243
v 1.331219 0.934467 -0.044698
v 1.290932 0.937161 -0.051595
v 1.290932 0.937161 -0.051595
v 1.331219 0.934467 -0.044698
v 1.293599 0.936989 -0.049059
v 1.293599 0.936989 -0.049059
v 1.331219 0.934467 -0.044698
v 1.295618 0.936862 -0.046363
v 1.295618 0.936862 -0.046363
v 1.331219 0.934467 -0.044698
v 1.297042 0.936778 -0.04355
v 1.331219 0.934467 -0.044698
v 1.332168 0.934434 -0.038906
v 1.297042 0.936778 -0.04355
v 1.297042 0.936778 -0.04355
v 1.332168 0.934434 -0.038906
v 1.29792 0.936732 -0.040659
v 1.29792 0.936732 -0.040659
v 1.332168 0.934434 -0.038906
v 1.298298 0.936722 -0.037732
v 1.332168 0.934434 -0.038906
v 1.332092 0.934477 -0.0329
v 1.298298 0.936722 -0.037732
v 1.298298 0.936722 -0.037732
v 1.332092 0.934477 -0.0329
v 1.298225 0.936743 -0.03481
v 1.298225 0.936743 -0.03481
v 1.332092 0.934477 -0.0329
v 1.297501 0.936816 -0.031006
v 1.332092 0.934477 -0.0329
v 1.330998 0.934592 -0.026973
v 1.297501 0.936816 -0.031006
v 1.297501 0.936816 -0.031006
v 1.330998 0.934592 -0.026973
v 1.296123 0.936932 -0.027497
v 1.330998 0.934592 -0.026973
v 1.328869 0.93478 -0.021301
v 1.296123 0.936932 -0.027497
v 1.296123 0.936932 -0.027497
v 1.328869 0.93478 -0.021301
v 1.294115 0.937091 -0.024288
v 1.294115 0.937091 -0.024288
v 1.328869 0.93478 -0.021301
v 1.291506 0.937288 -0.021384
v 1.328869 0.93478 -0.021301
v 1.325688 0.93504 -0.015921
v 1.291506 0.937288 -0.021384
v 1.291506 0.937288 -0.021384
v 1.325688 0.93504 -0.015921
v 1.288318 0.937524 -0.01879
v 1.288318 0.937524 -0.01879
v 1.325688 0.93504 -0.015921
v 1.284573 0.937795 -0.016515
v 1.325688 0.93504 -0.015921
v 1.321438 0.93537 -0.010871
v 1.284573 0.937795 -0.016515
v 1.284573 0.937795 -0.016515
v 1.321438 0.93537 -0.010871
v 1.280292 0.938101 -0.014568
v 1.280292 0.938101 -0.014568
v 1.321438 0.93537 -0.010871
v 1.275492 0.938438 -0.012959
v 1.275492 0.938438 -0.012959
v 1.321438 0.93537 -0.010871
v 1.270194 0.938808 -0.0117
v 1.270194 0.938808 -0.0117
v 1.321438 0.93537 -0.010871
v 1.264413 0.939207 -0.010803
v 1.321438 0.93537 -0.010871
v 1.316093 0.935773 -0.006193
v 1.264413 0.939207 -0.010803
v 1.264413 0.939207 -0.010803
v 1.316093 0.935773 -0.006193
v 1.258167 0.939634 -0.01028
v 1.258167 0.939634 -0.01028
v 1.316093 0.935773 -0.006193
v 1.25147 0.940089 -0.010146
v 1.207834 0.943053 -0.010557
v 1.207875 0.943031 0.011855
v 1.171968 0.945168 0.088419
v 1.207834 0.943053 -0.010557
v 1.25147 0.940089 -0.010146
v 1.207875 0.943031 0.011855
v 1.25147 0.940089 -0.010146
v 1.316093 0.935773 -0.006193
v 1.207875 0.943031 0.011855
v 1.316093 0.935773 -0.006193
v 1.309622 0.936249 -0.001934
v 1.207875 0.943031 0.011855
v 1.309622 0.936249 -0.001934
v 1.302478 0.93673 0.001846
v 1.207875 0.943031 0.011855
v 1.302478 0.93673 0.001846
v 1.294657 0.937217 0.005076
v 1.207875 0.943031 0.011855
v 1.294657 0.937217 0.005076
v 1.285403 0.937811 0.007714
v 1.207875 0.943031 0.011855
v 1.285403 0.937811 0.007714
v 1.274628 0.938518 0.009709
v 1.207875 0.943031 0.011855
v 1.274628 0.938518 0.009709
v 1.262229 0.939345 0.011004
v 1.207875 0.943031 0.011855
v 1.262229 0.939345 0.011004
v 1.248088 0.940299 0.011532
v 1.207875 0.943031 0.011855
v 1.207875 0.943031 0.011855
v 1.21299 0.942361 0.085608
v 1.171968 0.945168 0.088419
v 0.917991 0.962331 -0.10525
v 0.97154 0.958796 -0.075671
v 0.916993 0.962288 0.104731
v 0.917991 0.962331 -0.10525
v 1.032732 0.954707 -0.097901
v 0.97154 0.958796 -0.075671
v 1.032732 0.954707 -0.097901
v 1.050754 0.953495 -0.096193
v 0.97154 0.958796 -0.075671
v 1.050754 0.953495 -0.096193
v 1.066792 0.952413 -0.093658
v 0.97154 0.958796 -0.075671
v 1.066792 0.952413 -0.093658
v 1.080943 0.951456 -0.090385
v 0.97154 0.958796 -0.075671
v 1.080943 0.951456 -0.090385
v 1.093297 0.950619 -0.086454
v 0.97154 0.958796 -0.075671
v 1.093297 0.950619 -0.086454
v 1.103928 0.949899 -0.08194
v 0.97154 0.958796 -0.075671
v 1.103928 0.949899 -0.08194
v 1.112903 0.949291 -0.076909
v 0.97154 0.958796 -0.075671
v 1.112903 0.949291 -0.076909
v 1.120278 0.948794 -0.071418
v 0.97154 0.958796 -0.075671
v 1.120278 0.948794 -0.071418
v 1.032078 0.954756 -0.072732
v 0.97154 0.958796 -0.075671
v 1.120278 0.948794 -0.071418
v 1.126103 0.948405 -0.065524
v 1.032078 0.954756 -0.072732
v 0.97154 0.958796 -0.075671
v 0.96564 0.959336 -0.012805
v 0.916993 0.962288 0.104731
v 1.032078 0.954756 -0.072732
v 1.126103 0.948405 -0.065524
v 1.042736 0.954041 -0.071894
v 1.042736 0.954041 -0.071894
v 1.126103 0.948405 -0.065524
v 1.052017 0.953418 -0.070548
v 1.052017 0.953418 -0.070548
v 1.126103 0.948405 -0.065524
v 1.060017 0.952881 -0.068755
v 1.126103 0.948405 -0.065524
v 1.130418 0.948122 -0.059273
v 1.060017 0.952881 -0.068755
v 1.060017 0.952881 -0.068755
v 1.130418 0.948122 -0.059273
v 1.066825 0.952424 -0.066572
v 1.066825 0.952424 -0.066572
v 1.130418 0.948122 -0.059273
v 1.072525 0.952042 -0.064055
v 1.072525 0.952042 -0.064055
v 1.130418 0.948122 -0.059273
v 1.077194 0.951732 -0.061256
v 1.133257 0.947943 -0.05271
v 1.077194 0.951732 -0.061256
v 1.133257 0.947943 -0.05271
v 1.080907 0.951486 -0.058226
v 1.080907 0.951486 -0.058226
v 1.133257 0.947943 -0.05271
v 1.083734 0.951301 -0.055014
v 1.083734 0.951301 -0.055014
v 1.133257 0.947943 -0.05271
v 1.085743 0.951173 -0.051668
v 1.133257 0.947943 -0.05271
v 1.134649 0.947868 -0.045875
v 1.085743 0.951173 -0.051668
v 1.085743 0.951173 -0.051668
v 1.134649 0.947868 -0.045875
v 1.087 0.951097 -0.048236
v 1.087 0.951097 -0.048236
v 1.134649 0.947868 -0.045875
v 1.08757 0.951068 -0.044767
v 1.134649 0.947868 -0.045875
v 1.134618 0.947894 -0.038806
v 1.08757 0.951068 -0.044767
v 1.08757 0.951068 -0.044767
v 1.134618 0.947894 -0.038806
v 1.087519 0.951082 -0.041308
v 1.087519 0.951082 -0.041308
v 1.086589 0.951159 -0.03681
v 1.134618 0.947894 -0.038806
v 1.133173 0.948019 -0.031844
v 1.086589 0.951159 -0.03681
v 1.086589 0.951159 -0.03681
v 1.133173 0.948019 -0.031844
v 1.084754 0.951298 -0.032668
v 1.133173 0.948019 -0.031844
v 1.13029 0.948244 -0.025196
v 1.084754 0.951298 -0.032668
v 1.084754 0.951298 -0.032668
v 1.13029 0.948244 -0.025196
v 1.082052 0.951495 -0.028884
v 1.082052 0.951495 -0.028884
v 1.13029 0.948244 -0.025196
v 1.078521 0.951747 -0.025462
v 1.13029 0.948244 -0.025196
v 1.125951 0.948569 -0.018899
v 1.078521 0.951747 -0.025462
v 1.078521 0.951747 -0.025462
v 1.125951 0.948569 -0.018899
v 1.074194 0.952052 -0.02241
v 1.074194 0.952052 -0.02241
v 1.125951 0.948569 -0.018899
v 1.069105 0.952406 -0.019734
v 1.125951 0.948569 -0.018899
v 1.120137 0.948994 -0.012994
v 1.069105 0.952406 -0.019734
v 1.069105 0.952406 -0.019734
v 1.120137 0.948994 -0.012994
v 1.063283 0.952807 -0.017447
v 1.063283 0.952807 -0.017447
v 1.120137 0.948994 -0.012994
v 1.056758 0.953254 -0.015558
v 1.056758 0.953254 -0.015558
v 1.120137 0.948994 -0.012994
v 1.049557 0.953744 -0.014081
v 1.049557 0.953744 -0.014081
v 1.120137 0.948994 -0.012994
v 1.041706 0.954275 -0.013031
v 1.120137 0.948994 -0.012994
v 1.112819 0.94952 -0.007527
v 1.041706 0.954275 -0.013031
v 1.041706 0.954275 -0.013031
v 1.112819 0.94952 -0.007527
v 1.033233 0.954844 -0.012423
v 1.033233 0.954844 -0.012423
v 1.112819 0.94952 -0.007527
v 1.02416 0.955451 -0.012273
v 0.96564 0.959336 -0.012805
v 0.965676 0.959314 0.013696
v 0.916993 0.962288 0.104731
v 0.96564 0.959336 -0.012805
v 1.02416 0.955451 -0.012273
v 0.965676 0.959314 0.013696
v 1.02416 0.955451 -0.012273
v 1.112819 0.94952 -0.007527
v 0.965676 0.959314 0.013696
v 1.112819 0.94952 -0.007527
v 1.10396 0.950147 -0.00255
v 0.965676 0.959314 0.013696
v 1.10396 0.950147 -0.00255
v 1.094119 0.950812 0.001875
v 0.965676 0.959314 0.013696
v 1.094119 0.950812 0.001875
v 1.083274 0.951516 0.005672
v 0.965676 0.959314 0.013696
v 1.083274 0.951516 0.005672
v 1.070498 0.952355 0.008783
v 0.965676 0.959314 0.013696
v 1.070498 0.952355 0.008783
v 1.055696 0.953334 0.011146
v 0.965676 0.959314 0.013696
v 1.055696 0.953334 0.011146
v 1.038761 0.95446 0.012685
v 0.965676 0.959314 0.013696
v 1.038761 0.95446 0.012685
v 1.019572 0.955738 0.013316
v 0.965676 0.959314 0.013696
v 0.965676 0.959314 0.013696
v 0.971234 0.958707 0.101477
v 0.916993 0.962288 0.104731
v 0.773495 0.971705 -0.113778
v 0.833054 0.967872 -0.110362
v 0.772418 0.971658 0.112779
v 0.83201 0.967827 0.109572
v 0.452969 0.991574 -0.12976
v 0.518647 0.987608 -0.126819
v 0.451748 0.991522 0.127366
v 0.518647 0.987608 -0.126819
v 0.517172 0.987599 0.092328
v 0.451748 0.991522 0.127366
v 0.517172 0.987599 0.092328
v 0.718276 0.975129 0.085621
v 0.451748 0.991522 0.127366
v 0.718276 0.975129 0.085621
v 0.718635 0.975078 0.115541
v 0.451748 0.991522 0.127366
v 0.145306 1.009333 -0.140921
v 0.207286 1.005867 -0.103676
v 0.143987 1.009276 0.136712
v 0.145306 1.009333 -0.140921
v 0.383755 0.995692 -0.132663
v 0.207286 1.005867 -0.103676
v 0.383755 0.995692 -0.132663
v 0.38322 0.995716 -0.098813
v 0.207286 1.005867 -0.103676
v 0.207286 1.005867 -0.103676
v 0.204563 1.006035 -0.027687
v 0.143987 1.009276 0.136712
v 0.204563 1.006035 -0.027687
v 0.203596 1.00609 0.007782
v 0.143987 1.009276 0.136712
v 0.204563 1.006035 -0.027687
v 0.379586 0.995966 -0.02609
v 0.203596 1.00609 0.007782
v 0.379586 0.995966 -0.02609
v 0.378306 0.99605 0.007904
v 0.203596 1.00609 0.007782
v 0.203596 1.00609 0.007782
v 0.20642 1.005797 0.135254
v 0.143987 1.009276 0.136712
v 1.518199 0.881416 -0.052572
v 1.494879 0.882539 -0.070107
v 1.494207 0.88251 0.071357
v 1.535953 0.880575 -0.069912
v 1.543927 0.880194 -0.069562
v 1.551352 0.879838 -0.068604
v 1.543927 0.880194 -0.069562
v 1.518199 0.881416 -0.052572
v 1.5582 0.87951 -0.067058
v 1.551352 0.879838 -0.068604
v 1.518199 0.881416 -0.052572
v 1.564445 0.879211 -0.064945
v 1.5582 0.87951 -0.067058
v 1.570056 0.878942 -0.062284
v 1.575006 0.878704 -0.059096
v 1.579268 0.878498 -0.055402
v 1.575006 0.878704 -0.059096
v 1.518199 0.881416 -0.052572
v 1.533243 0.880697 -0.052501
v 1.579268 0.878498 -0.055402
v 1.518199 0.881416 -0.052572
v 1.582812 0.878327 -0.051221
v 1.579268 0.878498 -0.055402
v 1.533243 0.880697 -0.052501
v 1.517988 0.881407 -0.008183
v 1.494207 0.88251 0.071357
v 1.582812 0.878327 -0.051221
v 1.533243 0.880697 -0.052501
v 1.538634 0.880439 -0.052308
v 1.538634 0.880439 -0.052308
v 1.543471 0.880208 -0.051792
v 1.582812 0.878327 -0.051221
v 1.543471 0.880208 -0.051792
v 1.547773 0.880002 -0.05096
v 1.58561 0.878191 -0.046574
v 1.547773 0.880002 -0.05096
v 1.58561 0.878191 -0.046574
v 1.547773 0.880002 -0.05096
v 1.551557 0.879821 -0.049825
v 1.58561 0.878191 -0.046574
v 1.551557 0.879821 -0.049825
v 1.554838 0.879663 -0.048395
v 1.554838 0.879663 -0.048395
v 1.557634 0.879529 -0.046681
v 1.587637 0.878092 -0.041482
v 1.587637 0.878092 -0.041482
v 1.557634 0.879529 -0.046681
v 1.55996 0.879416 -0.044692
v 1.587637 0.878092 -0.041482
v 1.55996 0.879416 -0.044692
v 1.561835 0.879326 -0.042439
v 1.587637 0.878092 -0.041482
v 1.561835 0.879326 -0.042439
v 1.563273 0.879256 -0.039932
v 1.588861 0.878031 -0.035963
v 1.563273 0.879256 -0.039932
v 1.588861 0.878031 -0.035963
v 1.563273 0.879256 -0.039932
v 1.564293 0.879206 -0.03718
v 1.56491 0.879175 -0.034194
v 1.589256 0.87801 -0.03004
v 1.565141 0.879163 -0.030984
v 1.589256 0.87801 -0.03004
v 1.565141 0.879163 -0.030984
v 1.565027 0.879167 -0.028048
v 1.589034 0.878019 -0.026032
v 1.589256 0.87801 -0.03004
v 1.565027 0.879167 -0.028048
v 1.589034 0.878019 -0.026032
v 1.565027 0.879167 -0.028048
v 1.564567 0.879188 -0.025176
v 1.588413 0.878047 -0.022206
v 1.564567 0.879188 -0.025176
v 1.563727 0.879227 -0.022405
v 1.588413 0.878047 -0.022206
v 1.563727 0.879227 -0.022405
v 1.56247 0.879286 -0.019773
v 1.5874 0.878094 -0.018569
v 1.56247 0.879286 -0.019773
v 1.5874 0.878094 -0.018569
v 1.560759 0.879367 -0.017315
v 1.586001 0.878159 -0.015128
v 1.586001 0.878159 -0.015128
v 1.560759 0.879367 -0.017315
v 1.558558 0.879471 -0.015069
v 1.584226 0.878242 -0.011891
v 1.555831 0.8796 -0.013072
v 1.584226 0.878242 -0.011891
v 1.555831 0.8796 -0.013072
v 1.552541 0.879757 -0.011361
v 1.58208 0.878344 -0.008864
v 1.552541 0.879757 -0.011361
v 1.58208 0.878344 -0.008864
v 1.552541 0.879757 -0.011361
v 1.548653 0.879942 -0.009973
v 1.58208 0.878344 -0.008864
v 1.548653 0.879942 -0.009973
v 1.54413 0.880158 -0.008944
v 1.579574 0.878462 -0.006056
v 1.58208 0.878344 -0.008864
v 1.54413 0.880158 -0.008944
v 1.579574 0.878462 -0.006056
v 1.54413 0.880158 -0.008944
v 1.538935 0.880406 -0.008311
v 1.579574 0.878462 -0.006056
v 1.538935 0.880406 -0.008311
v 1.533032 0.880688 -0.008112
v 1.517901 0.881403 0.01007
v 1.517988 0.881407 -0.008183
v 1.533032 0.880688 -0.008112
v 1.579574 0.878462 -0.006056
v 1.576711 0.878598 -0.003472
v 1.579574 0.878462 -0.006056
v 1.517901 0.881403 0.01007
v 1.573503 0.87875 -0.00112
v 1.576711 0.878598 -0.003472
v 1.569954 0.878919 0.000992
v 1.566073 0.879104 0.002858
v 1.569954 0.878919 0.000992
v 1.517901 0.881403 0.01007
v 1.561868 0.879304 0.004471
v 1.566073 0.879104 0.002858
v 1.565445 0.879132 0.006709
v 1.561868 0.879304 0.004471
v 1.568814 0.87897 0.009136
v 1.565445 0.879132 0.006709
v 1.527693 0.880935 0.010117
v 1.568814 0.87897 0.009136
v 1.517901 0.881403 0.01007
v 1.53064 0.880795 0.010213
v 1.568814 0.87897 0.009136
v 1.527693 0.880935 0.010117
v 1.572005 0.878816 0.011753
v 1.568814 0.87897 0.009136
v 1.53064 0.880795 0.010213
v 1.517609 0.881391 0.071468
v 1.572005 0.878816 0.011753
v 1.533546 0.880655 0.010525
v 1.572005 0.878816 0.011753
v 1.533546 0.880655 0.010525
v 1.536456 0.880516 0.011131
v 1.572005 0.878816 0.011753
v 1.536456 0.880516 0.011131
v 1.539419 0.880374 0.012108
v 1.575052 0.87867 0.014559
v 1.572005 0.878816 0.011753
v 1.539419 0.880374 0.012108
v 1.575052 0.87867 0.014559
v 1.539419 0.880374 0.012108
v 1.542484 0.880227 0.013536
v 1.575052 0.87867 0.014559
v 1.542484 0.880227 0.013536
v 1.545696 0.880072 0.015492
v 1.577985 0.878528 0.017555
v 1.545696 0.880072 0.015492
v 1.549105 0.879908 0.018053
v 1.580836 0.87839 0.02074
v 1.552758 0.879732 0.021298
v 1.583636 0.878255 0.024115
v 1.556702 0.879542 0.025306
v 1.586417 0.878121 0.027681
v 1.560985 0.879335 0.030153
v 1.58921 0.877985 0.031436
v 1.586417 0.878121 0.027681
v 1.560985 0.879335 0.030153
v 1.58921 0.877985 0.031436
v 1.560985 0.879335 0.030153
v 1.565656 0.879109 0.035919
v 1.592048 0.877848 0.035382
v 1.58921 0.877985 0.031436
v 1.565656 0.879109 0.035919
v 1.59496 0.877707 0.039519
v 1.592048 0.877848 0.035382
v 1.565656 0.879109 0.035919
v 1.59496 0.877707 0.039519
v 1.570761 0.878862 0.04268
v 1.597979 0.877561 0.043846
v 1.592115 0.877829 0.071821
v 1.599646 0.87748 0.046196
v 1.601229 0.877404 0.048385
v 1.602762 0.877329 0.050461
v 1.601229 0.877404 0.048385
v 1.592115 0.877829 0.071821
v 1.60428 0.877256 0.052473
v 1.602762 0.877329 0.050461
v 1.605819 0.877181 0.054467
v 1.60428 0.877256 0.052473
v 1.607412 0.877104 0.056492
v 1.605819 0.877181 0.054467
v 1.592115 0.877829 0.071821
v 1.609094 0.877023 0.058595
v 1.607412 0.877104 0.056492
v 1.610901 0.876936 0.060824
v 1.612865 0.876841 0.063227
v 1.615023 0.876737 0.065851
v 1.617407 0.876621 0.068744
v 1.615023 0.876737 0.065851
v 1.592115 0.877829 0.071821
v 1.620055 0.876493 0.071954
v 1.617407 0.876621 0.068744
v 1.390262 0.886526 -0.054683
v 1.361758 0.88745 -0.075371
v 1.36104 0.887419 0.075884
v 1.467025 0.883787 -0.070504
v 1.361758 0.88745 -0.075371
v 1.390262 0.886526 -0.054683
v 1.466712 0.883746 -0.052291
v 1.467025 0.883787 -0.070504
v 1.390262 0.886526 -0.054683
v 1.386574 0.886249 -0.010044
v 1.390262 0.886526 -0.054683
v 1.36104 0.887419 0.075884
v 1.386378 0.886237 0.009469
v 1.386574 0.886249 -0.010044
v 1.36104 0.887419 0.075884
v 1.463259 0.883718 -0.009359
v 1.386574 0.886249 -0.010044
v 1.386378 0.886237 0.009469
v 1.463171 0.883714 0.00916
v 1.463259 0.883718 -0.009359
v 1.386378 0.886237 0.009469
v 1.38974 0.886503 0.055306
v 1.386378 0.886237 0.009469
v 1.36104 0.887419 0.075884
v 1.46843 0.883631 0.0533
v 1.38974 0.886503 0.055306
v 1.36104 0.887419 0.075884
v 1.468565 0.883664 0.071487
v 1.46843 0.883631 0.0533
v 1.36104 0.887419 0.075884
v 1.214037 0.891535 -0.06344
v 1.173665 0.892664 -0.088317
v 1.172825 0.892627 0.088413
v 1.25947 0.890335 -0.082254
v 1.173665 0.892664 -0.088317
v 1.214037 0.891535 -0.06344
v 1.272647 0.889975 -0.0809
v 1.25947 0.890335 -0.082254
v 1.214037 0.891535 -0.06344
v 1.28431 0.889655 -0.078855
v 1.272647 0.889975 -0.0809
v 1.214037 0.891535 -0.06344
v 1.294555 0.889371 -0.076186
v 1.28431 0.889655 -0.078855
v 1.214037 0.891535 -0.06344
v 1.303461 0.889121 -0.072958
v 1.294555 0.889371 -0.076186
v 1.214037 0.891535 -0.06344
v 1.311098 0.888902 -0.069226
v 1.303461 0.889121 -0.072958
v 1.214037 0.891535 -0.06344
v 1.317525 0.888714 -0.065044
v 1.311098 0.888902 -0.069226
v 1.214037 0.891535 -0.06344
v 1.322788 0.888553 -0.060458
v 1.317525 0.888714 -0.065044
v 1.214037 0.891535 -0.06344
v 1.258902 0.890316 -0.061081
v 1.322788 0.888553 -0.060458
v 1.214037 0.891535 -0.06344
v 1.32693 0.888419 -0.055513
v 1.322788 0.888553 -0.060458
v 1.258902 0.890316 -0.061081
v 1.208676 0.8914 -0.010564
v 1.214037 0.891535 -0.06344
v 1.172825 0.892627 0.088413
v 1.32693 0.888419 -0.055513
v 1.258902 0.890316 -0.061081
v 1.266707 0.890102 -0.060412
v 1.32693 0.888419 -0.055513
v 1.266707 0.890102 -0.060412
v 1.273477 0.889914 -0.059315
v 1.32693 0.888419 -0.055513
v 1.273477 0.889914 -0.059315
v 1.279294 0.88975 -0.057839
v 1.329983 0.888309 -0.050249
v 1.32693 0.888419 -0.055513
v 1.279294 0.88975 -0.057839
v 1.329983 0.888309 -0.050249
v 1.279294 0.88975 -0.057839
v 1.284229 0.889609 -0.056031
v 1.329983 0.888309 -0.050249
v 1.284229 0.889609 -0.056031
v 1.288348 0.889488 -0.053938
v 1.329983 0.888309 -0.050249
v 1.288348 0.889488 -0.053938
v 1.291712 0.889386 -0.051601
v 1.331973 0.888223 -0.044704
v 1.329983 0.888309 -0.050249
v 1.291712 0.889386 -0.051601
v 1.331973 0.888223 -0.044704
v 1.291712 0.889386 -0.051601
v 1.294376 0.889301 -0.049065
v 1.331973 0.888223 -0.044704
v 1.294376 0.889301 -0.049065
v 1.296396 0.889232 -0.046369
v 1.331973 0.888223 -0.044704
v 1.296396 0.889232 -0.046369
v 1.297819 0.889178 -0.043556
v 1.332922 0.88816 -0.038912
v 1.331973 0.888223 -0.044704
v 1.297819 0.889178 -0.043556
v 1.332922 0.88816 -0.038912
v 1.297819 0.889178 -0.043556
v 1.298696 0.889137 -0.040665
v 1.332922 0.88816 -0.038912
v 1.298696 0.889137 -0.040665
v 1.299075 0.889108 -0.037738
v 1.332848 0.888119 -0.032906
v 1.332922 0.88816 -0.038912
v 1.299075 0.889108 -0.037738
v 1.332848 0.888119 -0.032906
v 1.299075 0.889108 -0.037738
v 1.299002 0.889091 -0.034816
v 1.332848 0.888119 -0.032906
v 1.299002 0.889091 -0.034816
v 1.29828 0.889085 -0.031012
v 1.331756 0.888103 -0.026978
v 1.332848 0.888119 -0.032906
v 1.29828 0.889085 -0.031012
v 1.331756 0.888103 -0.026978
v 1.29828 0.889085 -0.031012
v 1.296902 0.889097 -0.027504
v 1.32963 0.888114 -0.021307
v 1.331756 0.888103 -0.026978
v 1.296902 0.889097 -0.027504
v 1.32963 0.888114 -0.021307
v 1.296902 0.889097 -0.027504
v 1.294898 0.889128 -0.024295
v 1.294898 0.889128 -0.024295
v 1.292291 0.889177 -0.02139
v 1.326453 0.888154 -0.015927
v 1.32963 0.888114 -0.021307
v 1.292291 0.889177 -0.02139
v 1.326453 0.888154 -0.015927
v 1.292291 0.889177 -0.02139
v 1.289106 0.889243 -0.018796
v 1.326453 0.888154 -0.015927
v 1.289106 0.889243 -0.018796
v 1.285364 0.889328 -0.016521
v 1.322207 0.888225 -0.010877
v 1.326453 0.888154 -0.015927
v 1.285364 0.889328 -0.016521
v 1.322207 0.888225 -0.010877
v 1.285364 0.889328 -0.016521
v 1.281085 0.88943 -0.014574
v 1.322207 0.888225 -0.010877
v 1.281085 0.88943 -0.014574
v 1.276289 0.88955 -0.012966
v 1.322207 0.888225 -0.010877
v 1.276289 0.88955 -0.012966
v 1.270995 0.889686 -0.011706
v 1.322207 0.888225 -0.010877
v 1.270995 0.889686 -0.011706
v 1.265218 0.889839 -0.010809
v 1.316867 0.888329 -0.006199
v 1.322207 0.888225 -0.010877
v 1.265218 0.889839 -0.010809
v 1.316867 0.888329 -0.006199
v 1.265218 0.889839 -0.010809
v 1.258976 0.890008 -0.010286
v 1.316867 0.888329 -0.006199
v 1.258976 0.890008 -0.010286
v 1.252284 0.890192 -0.010152
v 1.208717 0.891399 0.011849
v 1.208676 0.8914 -0.010564
v 1.172825 0.892627 0.088413
v 1.252284 0.890192 -0.010152
v 1.208676 0.8914 -0.010564
v 1.208717 0.891399 0.011849
v 1.316867 0.888329 -0.006199
v 1.252284 0.890192 -0.010152
v 1.208717 0.891399 0.011849
v 1.310401 0.888468 -0.001941
v 1.316867 0.888329 -0.006199
v 1.208717 0.891399 0.011849
v 1.303262 0.888666 0.00184
v 1.310401 0.888468 -0.001941
v 1.208717 0.891399 0.011849
v 1.295445 0.888924 0.00507
v 1.303262 0.888666 0.00184
v 1.208717 0.891399 0.011849
v 1.286196 0.889212 0.007707
v 1.295445 0.888924 0.00507
v 1.208717 0.891399 0.011849
v 1.275427 0.889533 0.009702
v 1.286196 0.889212 0.007707
v 1.208717 0.891399 0.011849
v 1.263036 0.88989 0.010997
v 1.275427 0.889533 0.009702
v 1.208717 0.891399 0.011849
v 1.248903 0.890287 0.011525
v 1.263036 0.88989 0.010997
v 1.208717 0.891399 0.011849
v 1.213819 0.891516 0.085602
v 1.208717 0.891399 0.011849
v 1.172825 0.892627 0.088413
v 0.972526 0.898297 -0.075679
v 0.919009 0.899906 -0.105258
v 0.918012 0.899863 0.104723
v 1.03368 0.896557 -0.097908
v 0.919009 0.899906 -0.105258
v 0.972526 0.898297 -0.075679
v 1.051691 0.896045 -0.0962
v 1.03368 0.896557 -0.097908
v 0.972526 0.898297 -0.075679
v 1.067719 0.895592 -0.093665
v 1.051691 0.896045 -0.0962
v 0.972526 0.898297 -0.075679
v 1.081861 0.895194 -0.090392
v 1.067719 0.895592 -0.093665
v 0.972526 0.898297 -0.075679
v 1.094207 0.894846 -0.086461
v 1.104831 0.894547 -0.081947
v 1.094207 0.894846 -0.086461
v 0.972526 0.898297 -0.075679
v 1.1138 0.894292 -0.076916
v 1.104831 0.894547 -0.081947
v 0.972526 0.898297 -0.075679
v 1.121171 0.89408 -0.071425
v 1.1138 0.894292 -0.076916
v 0.972526 0.898297 -0.075679
v 1.033028 0.896549 -0.07274
v 1.121171 0.89408 -0.071425
v 0.972526 0.898297 -0.075679
v 1.126992 0.893907 -0.065531
v 1.121171 0.89408 -0.071425
v 1.033028 0.896549 -0.07274
v 0.966636 0.898267 -0.012812
v 0.972526 0.898297 -0.075679
v 0.918012 0.899863 0.104723
v 1.126992 0.893907 -0.065531
v 1.033028 0.896549 -0.07274
v 1.043679 0.896244 -0.071902
v 1.126992 0.893907 -0.065531
v 1.043679 0.896244 -0.071902
v 1.052954 0.89598 -0.070555
v 1.126992 0.893907 -0.065531
v 1.052954 0.89598 -0.070555
v 1.060948 0.895751 -0.068762
v 1.131304 0.893772 -0.05928
v 1.126992 0.893907 -0.065531
v 1.060948 0.895751 -0.068762
v 1.131304 0.893772 -0.05928
v 1.060948 0.895751 -0.068762
v 1.067753 0.895554 -0.066579
v 1.131304 0.893772 -0.05928
v 1.067753 0.895554 -0.066579
v 1.073449 0.895389 -0.064062
v 1.131304 0.893772 -0.05928
v 1.073449 0.895389 -0.064062
v 1.078116 0.895251 -0.061264
v 1.134142 0.893674 -0.052717
v 1.131304 0.893772 -0.05928
v 1.078116 0.895251 -0.061264
v 1.081826 0.895139 -0.058233
v 1.134142 0.893674 -0.052717
v 1.081826 0.895139 -0.058233
v 1.084652 0.895051 -0.055021
v 1.134142 0.893674 -0.052717
v 1.084652 0.895051 -0.055021
v 1.086659 0.894984 -0.051675
v 1.135534 0.89361 -0.045882
v 1.134142 0.893674 -0.052717
v 1.086659 0.894984 -0.051675
v 1.135534 0.89361 -0.045882
v 1.086659 0.894984 -0.051675
v 1.087916 0.894938 -0.048244
v 1.135534 0.89361 -0.045882
v 1.087916 0.894938 -0.048244
v 1.088486 0.894909 -0.044774
v 1.135504 0.893581 -0.038813
v 1.135534 0.89361 -0.045882
v 1.088486 0.894909 -0.044774
v 1.135504 0.893581 -0.038813
v 1.088486 0.894909 -0.044774
v 1.088436 0.894897 -0.041315
v 1.135504 0.893581 -0.038813
v 1.088436 0.894897 -0.041315
v 1.087506 0.894904 -0.036817
v 1.134061 0.893588 -0.031851
v 1.135504 0.893581 -0.038813
v 1.087506 0.894904 -0.036817
v 1.134061 0.893588 -0.031851
v 1.087506 0.894904 -0.036817
v 1.085672 0.894937 -0.032675
v 1.13118 0.893633 -0.025203
v 1.134061 0.893588 -0.031851
v 1.085672 0.894937 -0.032675
v 1.13118 0.893633 -0.025203
v 1.085672 0.894937 -0.032675
v 1.082973 0.894995 -0.028891
v 1.13118 0.893633 -0.025203
v 1.082973 0.894995 -0.028891
v 1.079445 0.895078 -0.025469
v 1.126846 0.893717 -0.018906
v 1.13118 0.893633 -0.025203
v 1.079445 0.895078 -0.025469
v 1.126846 0.893717 -0.018906
v 1.079445 0.895078 -0.025469
v 1.075122 0.895184 -0.022417
v 1.126846 0.893717 -0.018906
v 1.075122 0.895184 -0.022417
v 1.070037 0.895314 -0.019742
v 1.121037 0.893842 -0.013001
v 1.126846 0.893717 -0.018906
v 1.070037 0.895314 -0.019742
v 1.121037 0.893842 -0.013001
v 1.070037 0.895314 -0.019742
v 1.064219 0.895467 -0.017454
v 1.121037 0.893842 -0.013001
v 1.064219 0.895467 -0.017454
v 1.057698 0.895642 -0.015565
v 1.121037 0.893842 -0.013001
v 1.057698 0.895642 -0.015565
v 1.050501 0.895839 -0.014089
v 1.121037 0.893842 -0.013001
v 1.050501 0.895839 -0.014089
v 1.042656 0.896058 -0.013038
v 1.113724 0.894011 -0.007534
v 1.121037 0.893842 -0.013001
v 1.042656 0.896058 -0.013038
v 1.113724 0.894011 -0.007534
v 1.042656 0.896058 -0.013038
v 1.034188 0.896298 -0.01243
v 1.113724 0.894011 -0.007534
v 1.034188 0.896298 -0.01243
v 1.025121 0.896558 -0.012281
v 0.966672 0.898262 0.013688
v 0.966636 0.898267 -0.012812
v 0.918012 0.899863 0.104723
v 1.025121 0.896558 -0.012281
v 0.966636 0.898267 -0.012812
v 0.966672 0.898262 0.013688
v 1.113724 0.894011 -0.007534
v 1.025121 0.896558 -0.012281
v 0.966672 0.898262 0.013688
v 1.104872 0.894227 -0.002557
v 1.113724 0.894011 -0.007534
v 0.966672 0.898262 0.013688
v 1.095037 0.894498 0.001868
v 1.104872 0.894227 -0.002557
v 0.966672 0.898262 0.013688
v 1.084198 0.894828 0.005665
v 1.095037 0.894498 0.001868
v 0.966672 0.898262 0.013688
v 1.07143 0.895207 0.008776
v 1.084198 0.894828 0.005665
v 0.966672 0.898262 0.013688
v 1.056638 0.89564 0.011138
v 1.07143 0.895207 0.008776
v 0.966672 0.898262 0.013688
v 1.039712 0.896132 0.012677
v 1.056638 0.89564 0.011138
v 0.966672 0.898262 0.013688
v 1.020535 0.896688 0.013309
v 1.039712 0.896132 0.012677
v 0.966672 0.898262 0.013688
v 0.97222 0.898262 0.101469
v 0.966672 0.898262 0.013688
v 0.918012 0.899863 0.104723
v 0.834121 0.902487 -0.11037
v 0.774593 0.904351 -0.113786
v 0.773517 0.904304 0.112771
v 0.833076 0.902442 0.109564
v 0.519868 0.912818 -0.126829
v 0.454216 0.915133 -0.12977
v 0.452995 0.91508 0.127356
v 0.518392 0.912778 0.092319
v 0.519868 0.912818 -0.126829
v 0.452995 0.91508 0.127356
v 0.719404 0.906032 0.085612
v 0.518392 0.912778 0.092319
v 0.452995 0.91508 0.127356
v 0.719762 0.906023 0.115532
v 0.719404 0.906032 0.085612
v 0.452995 0.91508 0.127356
v 0.208616 0.924302 -0.103686
v 0.146652 0.926794 -0.140931
v 0.145334 0.926737 0.136701
v 0.385029 0.917633 -0.132672
v 0.146652 0.926794 -0.140931
v 0.208616 0.924302 -0.103686
v 0.384495 0.917632 -0.098823
v 0.385029 0.917633 -0.132672
v 0.208616 0.924302 -0.103686
v 0.205897 0.924329 -0.027698
v 0.208616 0.924302 -0.103686
v 0.145334 0.926737 0.136701
v 0.20493 0.924335 0.007771
v 0.205897 0.924329 -0.027698
v 0.145334 0.926737 0.136701
v 0.380863 0.917665 -0.0261
v 0.205897 0.924329 -0.027698
v 0.20493 0.924335 0.007771
v 0.379585 0.917675 0.007894
v 0.380863 0.917665 -0.0261
v 0.20493 0.924335 0.007771
v 0.20775 0.924249 0.135244
v 0.20493 0.924335 0.007771
v 0.145334 0.926737 0.136701
v 1.547087 0.922058 -0.050955
v 1.547773 0.880002 -0.05096
v 1.543471 0.880208 -0.051792
v 1.262229 0.939345 0.011004
v 1.263036 0.88989 0.010997
v 1.248903 0.890287 0.011525
v 1.563727 0.879227 -0.022405
v 1.564567 0.879188 -0.025176
v 1.563881 0.921244 -0.025171
v 1.617407 0.876621 0.068744
v 1.620055 0.876493 0.071954
v 1.619369 0.91855 0.071959
v 1.54413 0.880158 -0.008944
v 1.548653 0.879942 -0.009973
v 1.547967 0.921998 -0.009967
v 1.575052 0.87867 0.014559
v 1.577985 0.878528 0.017555
v 1.577299 0.920584 0.01756
v 1.545011 0.922129 0.015497
v 1.545696 0.880072 0.015492
v 1.542484 0.880227 0.013536
v 1.527007 0.922992 0.010122
v 1.527693 0.880935 0.010117
v 1.517901 0.881403 0.01007
v 1.134618 0.947894 -0.038806
v 1.135504 0.893581 -0.038813
v 1.134061 0.893588 -0.031851
v 1.564567 0.879188 -0.025176
v 1.565027 0.879167 -0.028048
v 1.56434 0.921224 -0.028043
v 1.294555 0.889371 -0.076186
v 1.303461 0.889121 -0.072958
v 1.302691 0.93632 -0.072952
v 1.285403 0.937811 0.007714
v 1.286196 0.889212 0.007707
v 1.275427 0.889533 0.009702
v 1.586713 0.92015 -0.018564
v 1.5874 0.878094 -0.018569
v 1.586001 0.878159 -0.015128
v 1.248088 0.940299 0.011532
v 1.248903 0.890287 0.011525
v 1.208717 0.891399 0.011849
v 1.569268 0.920975 0.000998
v 1.569954 0.878919 0.000992
v 1.566073 0.879104 0.002858
v 1.290932 0.937161 -0.051595
v 1.291712 0.889386 -0.051601
v 1.288348 0.889488 -0.053938
v 1.087 0.951097 -0.048236
v 1.087916 0.894938 -0.048244
v 1.086659 0.894984 -0.051675
v 1.121171 0.89408 -0.071425
v 1.126992 0.893907 -0.065531
v 1.126103 0.948405 -0.065524
v 1.080907 0.951486 -0.058226
v 1.081826 0.895139 -0.058233
v 1.078116 0.895251 -0.061264
v 1.070037 0.895314 -0.019742
v 1.075122 0.895184 -0.022417
v 1.074194 0.952052 -0.02241
v 1.386574 0.886249 -0.010044
v 1.463259 0.883718 -0.009359
v 1.462564 0.926387 -0.009354
v 1.276289 0.88955 -0.012966
v 1.281085 0.88943 -0.014574
v 1.280292 0.938101 -0.014568
v 1.126992 0.893907 -0.065531
v 1.131304 0.893772 -0.05928
v 1.130418 0.948122 -0.059273
v 0.772418 0.971658 0.112779
v 0.773517 0.904304 0.112771
v 0.774593 0.904351 -0.113786
v 1.29792 0.936732 -0.040659
v 1.298696 0.889137 -0.040665
v 1.297819 0.889178 -0.043556
v 1.602762 0.877329 0.050461
v 1.60428 0.877256 0.052473
v 1.603594 0.919312 0.052478
v 1.133173 0.948019 -0.031844
v 1.134061 0.893588 -0.031851
v 1.13118 0.893633 -0.025203
v 1.556947 0.921585 -0.046675
v 1.557634 0.879529 -0.046681
v 1.554838 0.879663 -0.048395
v 1.050501 0.895839 -0.014089
v 1.057698 0.895642 -0.015565
v 1.056758 0.953254 -0.015558
v 1.019572 0.955738 0.013316
v 1.020535 0.896688 0.013309
v 0.966672 0.898262 0.013688
v 1.208717 0.891399 0.011849
v 1.213819 0.891516 0.085602
v 1.21299 0.942361 0.085608
v 1.10396 0.950147 -0.00255
v 1.104872 0.894227 -0.002557
v 1.095037 0.894498 0.001868
v 0.20493 0.924335 0.007771
v 0.20775 0.924249 0.135244
v 0.20642 1.005797 0.135254
v 0.83201 0.967827 0.109572
v 0.833076 0.902442 0.109564
v 0.773517 0.904304 0.112771
v 1.516923 0.923447 0.071473
v 1.517609 0.881391 0.071468
v 1.494207 0.88251 0.071357
v 1.064219 0.895467 -0.017454
v 1.070037 0.895314 -0.019742
v 1.069105 0.952406 -0.019734
v 1.56247 0.879286 -0.019773
v 1.563727 0.879227 -0.022405
v 1.563041 0.921283 -0.0224
v 1.612865 0.876841 0.063227
v 1.615023 0.876737 0.065851
v 1.614337 0.918793 0.065856
v 1.297042 0.936778 -0.04355
v 1.297819 0.889178 -0.043556
v 1.296396 0.889232 -0.046369
v 1.607412 0.877104 0.056492
v 1.609094 0.877023 0.058595
v 1.608408 0.919079 0.058601
v 1.537948 0.922496 -0.052303
v 1.538634 0.880439 -0.052308
v 1.533243 0.880697 -0.052501
v 1.330998 0.934592 -0.026973
v 1.331756 0.888103 -0.026978
v 1.32963 0.888114 -0.021307
v 1.493521 0.924566 0.071363
v 1.494207 0.88251 0.071357
v 1.494879 0.882539 -0.070107
v 1.463259 0.883718 -0.009359
v 1.463171 0.883714 0.00916
v 1.462476 0.926383 0.009166
v 1.551352 0.879838 -0.068604
v 1.5582 0.87951 -0.067058
v 1.557514 0.921567 -0.067053
v 1.075122 0.895184 -0.022417
v 1.079445 0.895078 -0.025469
v 1.078521 0.951747 -0.025462
v 1.325688 0.93504 -0.015921
v 1.326453 0.888154 -0.015927
v 1.322207 0.888225 -0.010877
v 1.588861 0.878031 -0.035963
v 1.589256 0.87801 -0.03004
v 1.58857 0.920066 -0.030035
v 1.299002 0.889091 -0.034816
v 1.299075 0.889108 -0.037738
v 1.298298 0.936722 -0.037732
v 1.088436 0.894897 -0.041315
v 1.088486 0.894909 -0.044774
v 1.08757 0.951068 -0.044767
v 1.285364 0.889328 -0.016521
v 1.289106 0.889243 -0.018796
v 1.288318 0.937524 -0.01879
v 1.548419 0.921965 0.018058
v 1.549105 0.879908 0.018053
v 1.545696 0.880072 0.015492
v 1.29828 0.889085 -0.031012
v 1.299002 0.889091 -0.034816
v 1.298225 0.936743 -0.03481
v 1.565027 0.879167 -0.028048
v 1.565141 0.879163 -0.030984
v 1.564455 0.921219 -0.030979
v 1.135534 0.89361 -0.045882
v 1.135504 0.893581 -0.038813
v 1.134618 0.947894 -0.038806
v 0.452995 0.91508 0.127356
v 0.454216 0.915133 -0.12977
v 0.452969 0.991574 -0.12976
v 1.587727 0.920103 -0.022201
v 1.588413 0.878047 -0.022206
v 1.5874 0.878094 -0.018569
v 1.171968 0.945168 0.088419
v 1.172825 0.892627 0.088413
v 1.173665 0.892664 -0.088317
v 1.258976 0.890008 -0.010286
v 1.265218 0.889839 -0.010809
v 1.264413 0.939207 -0.010803
v 1.289106 0.889243 -0.018796
v 1.292291 0.889177 -0.02139
v 1.291506 0.937288 -0.021384
v 1.592048 0.877848 0.035382
v 1.59496 0.877707 0.039519
v 1.594274 0.919763 0.039524
v 1.580836 0.87839 0.02074
v 1.583636 0.878255 0.024115
v 1.58295 0.920311 0.024121
v 1.609094 0.877023 0.058595
v 1.610901 0.876936 0.060824
v 1.610215 0.918992 0.06083
v 1.533032 0.880688 -0.008112
v 1.538935 0.880406 -0.008311
v 1.538249 0.922462 -0.008306
v 1.322788 0.888553 -0.060458
v 1.32693 0.888419 -0.055513
v 1.326174 0.934763 -0.055507
v 0.379586 0.995966 -0.02609
v 0.380863 0.917665 -0.0261
v 0.379585 0.917675 0.007894
v 1.298298 0.936722 -0.037732
v 1.299075 0.889108 -0.037738
v 1.298696 0.889137 -0.040665
v 1.558558 0.879471 -0.015069
v 1.560759 0.879367 -0.017315
v 1.560073 0.921423 -0.01731
v 1.281085 0.88943 -0.014574
v 1.285364 0.889328 -0.016521
v 1.284573 0.937795 -0.016515
v 1.494879 0.882539 -0.070107
v 1.535953 0.880575 -0.069912
v 1.535267 0.922631 -0.069907
v 1.173665 0.892664 -0.088317
v 1.25947 0.890335 -0.082254
v 1.25867 0.939322 -0.082247
v 0.143987 1.009276 0.136712
v 0.145334 0.926737 0.136701
v 0.146652 0.926794 -0.140931
v 1.060017 0.952881 -0.068755
v 1.060948 0.895751 -0.068762
v 1.052954 0.89598 -0.070555
v 1.292291 0.889177 -0.02139
v 1.294898 0.889128 -0.024295
v 1.294115 0.937091 -0.024288
v 1.556015 0.921598 0.025311
v 1.556702 0.879542 0.025306
v 1.552758 0.879732 0.021298
v 1.561149 0.921382 -0.042434
v 1.561835 0.879326 -0.042439
v 1.55996 0.879416 -0.044692
v 1.265912 0.938844 -0.060406
v 1.266707 0.890102 -0.060412
v 1.258902 0.890316 -0.061081
v 1.575006 0.878704 -0.059096
v 1.579268 0.878498 -0.055402
v 1.578582 0.920555 -0.055396
v 1.570075 0.920919 0.042685
v 1.570761 0.878862 0.04268
v 1.565656 0.879109 0.035919
v 0.966672 0.898262 0.013688
v 0.97222 0.898262 0.101469
v 0.971234 0.958707 0.101477
v 0.146652 0.926794 -0.140931
v 0.385029 0.917633 -0.132672
v 0.383755 0.995692 -0.132663
v 1.585315 0.920215 -0.015123
v 1.586001 0.878159 -0.015128
v 1.584226 0.878242 -0.011891
v 1.032078 0.954756 -0.072732
v 1.033028 0.896549 -0.07274
v 0.972526 0.898297 -0.075679
v 1.560759 0.879367 -0.017315
v 1.56247 0.879286 -0.019773
v 1.561784 0.921342 -0.019767
v 1.581395 0.9204 -0.008859
v 1.58208 0.878344 -0.008864
v 1.579574 0.878462 -0.006056
v 1.085743 0.951173 -0.051668
v 1.086659 0.894984 -0.051675
v 1.084652 0.895051 -0.055021
v 1.466022 0.926065 -0.052285
v 1.466712 0.883746 -0.052291
v 1.390262 0.886526 -0.054683
v 1.5582 0.87951 -0.067058
v 1.564445 0.879211 -0.064945
v 1.563759 0.921267 -0.064939
v 1.466336 0.92601 -0.070499
v 1.467025 0.883787 -0.070504
v 1.466712 0.883746 -0.052291
v 1.565387 0.92116 0.002864
v 1.566073 0.879104 0.002858
v 1.561868 0.879304 0.004471
v 1.296902 0.889097 -0.027504
v 1.29828 0.889085 -0.031012
v 1.297501 0.936816 -0.031006
v 1.038761 0.95446 0.012685
v 1.039712 0.896132 0.012677
v 1.020535 0.896688 0.013309
v 1.070498 0.952355 0.008783
v 1.07143 0.895207 0.008776
v 1.056638 0.89564 0.011138
v 1.067719 0.895592 -0.093665
v 1.081861 0.895194 -0.090392
v 1.080943 0.951456 -0.090385
v 1.532557 0.922753 -0.052495
v 1.533243 0.880697 -0.052501
v 1.518199 0.881416 -0.052572
v 1.311098 0.888902 -0.069226
v 1.317525 0.888714 -0.065044
v 1.316763 0.935375 -0.065038
v 1.601229 0.877404 0.048385
v 1.602762 0.877329 0.050461
v 1.602076 0.919386 0.050466
v 1.258102 0.939377 -0.061074
v 1.258902 0.890316 -0.061081
v 1.214037 0.891535 -0.06344
v 1.083274 0.951516 0.005672
v 1.084198 0.894828 0.005665
v 1.07143 0.895207 0.008776
v 1.58921 0.877985 0.031436
v 1.592048 0.877848 0.035382
v 1.591362 0.919904 0.035388
v 1.56497 0.921166 0.035924
v 1.565656 0.879109 0.035919
v 1.560985 0.879335 0.030153
v 1.32693 0.888419 -0.055513
v 1.329983 0.888309 -0.050249
v 1.329228 0.934576 -0.050243
v 1.59496 0.877707 0.039519
v 1.597979 0.877561 0.043846
v 1.597293 0.919617 0.043851
v 1.582812 0.878327 -0.051221
v 1.58561 0.878191 -0.046574
v 1.584924 0.920247 -0.046569
v 1.360307 0.932386 0.07589
v 1.36104 0.887419 0.075884
v 1.361758 0.88745 -0.075371
v 1.591429 0.919885 0.071827
v 1.592115 0.877829 0.071821
v 1.570761 0.878862 0.04268
v 1.563607 0.921263 -0.037175
v 1.564293 0.879206 -0.03718
v 1.563273 0.879256 -0.039932
v 1.082973 0.894995 -0.028891
v 1.085672 0.894937 -0.032675
v 1.084754 0.951298 -0.032668
v 1.278507 0.937989 -0.057832
v 1.279294 0.88975 -0.057839
v 1.273477 0.889914 -0.059315
v 0.518392 0.912778 0.092319
v 0.719404 0.906032 0.085612
v 0.718276 0.975129 0.085621
v 1.287566 0.937382 -0.053932
v 1.288348 0.889488 -0.053938
v 1.284229 0.889609 -0.056031
v 1.208676 0.8914 -0.010564
v 1.252284 0.890192 -0.010152
v 1.25147 0.940089 -0.010146
v 1.597979 0.877561 0.043846
v 1.599646 0.87748 0.046196
v 1.598959 0.919537 0.046201
v 1.543927 0.880194 -0.069562
v 1.551352 0.879838 -0.068604
v 1.550666 0.921895 -0.068599
v 1.120137 0.948994 -0.012994
v 1.121037 0.893842 -0.013001
v 1.113724 0.894011 -0.007534
v 1.552541 0.879757 -0.011361
v 1.555831 0.8796 -0.013072
v 1.555145 0.921657 -0.013067
v 1.58561 0.878191 -0.046574
v 1.587637 0.878092 -0.041482
v 1.586951 0.920148 -0.041476
v 1.21299 0.942361 0.085608
v 1.213819 0.891516 0.085602
v 1.172825 0.892627 0.088413
v 1.552072 0.921789 0.021304
v 1.552758 0.879732 0.021298
v 1.549105 0.879908 0.018053
v 1.302478 0.93673 0.001846
v 1.303262 0.888666 0.00184
v 1.295445 0.888924 0.00507
v 1.576025 0.920654 -0.003466
v 1.576711 0.878598 -0.003472
v 1.573503 0.87875 -0.00112
v 1.361758 0.88745 -0.075371
v 1.467025 0.883787 -0.070504
v 1.466336 0.92601 -0.070499
v 1.562587 0.921312 -0.039927
v 1.563273 0.879256 -0.039932
v 1.561835 0.879326 -0.042439
v 1.53577 0.922572 0.011136
v 1.536456 0.880516 0.011131
v 1.533546 0.880655 0.010525
v 1.083734 0.951301 -0.055014
v 1.084652 0.895051 -0.055021
v 1.081826 0.895139 -0.058233
v 1.042736 0.954041 -0.071894
v 1.043679 0.896244 -0.071902
v 1.033028 0.896549 -0.07274
v 1.583636 0.878255 0.024115
v 1.586417 0.878121 0.027681
v 1.585731 0.920177 0.027686
v 1.541798 0.922283 0.013541
v 1.542484 0.880227 0.013536
v 1.539419 0.880374 0.012108
v 1.332092 0.934477 -0.0329
v 1.332848 0.888119 -0.032906
v 1.331756 0.888103 -0.026978
v 1.274628 0.938518 0.009709
v 1.275427 0.889533 0.009702
v 1.263036 0.88989 0.010997
v 1.587637 0.878092 -0.041482
v 1.588861 0.878031 -0.035963
v 1.588175 0.920088 -0.035958
v 1.577985 0.878528 0.017555
v 1.580836 0.87839 0.02074
v 1.58015 0.920447 0.020745
v 1.542785 0.922264 -0.051786
v 1.543471 0.880208 -0.051792
v 1.538634 0.880439 -0.052308
v 1.272647 0.889975 -0.0809
v 1.28431 0.889655 -0.078855
v 1.283527 0.937623 -0.078849
v 1.538935 0.880406 -0.008311
v 1.54413 0.880158 -0.008944
v 1.543444 0.922214 -0.008938
v 1.077194 0.951732 -0.061256
v 1.078116 0.895251 -0.061264
v 1.073449 0.895389 -0.064062
v 1.293599 0.936989 -0.049059
v 1.294376 0.889301 -0.049065
v 1.291712 0.889386 -0.051601
v 1.550871 0.921877 -0.04982
v 1.551557 0.879821 -0.049825
v 1.547773 0.880002 -0.05096
v 1.332168 0.934434 -0.038906
v 1.332922 0.88816 -0.038912
v 1.332848 0.888119 -0.032906
v 1.094207 0.894846 -0.086461
v 1.104831 0.894547 -0.081947
v 1.103928 0.949899 -0.08194
v 0.20642 1.005797 0.135254
v 0.20775 0.924249 0.135244
v 0.145334 0.926737 0.136701
v 1.1138 0.894292 -0.076916
v 1.121171 0.89408 -0.071425
v 1.120278 0.948794 -0.071418
v 1.112819 0.94952 -0.007527
v 1.113724 0.894011 -0.007534
v 1.104872 0.894227 -0.002557
v 1.60428 0.877256 0.052473
v 1.605819 0.877181 0.054467
v 1.605132 0.919238 0.054473
v 0.774593 0.904351 -0.113786
v 0.834121 0.902487 -0.11037
v 0.833054 0.967872 -0.110362
v 1.13029 0.948244 -0.025196
v 1.13118 0.893633 -0.025203
v 1.126846 0.893717 -0.018906
v 0.38322 0.995716 -0.098813
v 0.384495 0.917632 -0.098823
v 0.208616 0.924302 -0.103686
v 1.579268 0.878498 -0.055402
v 1.582812 0.878327 -0.051221
v 1.582126 0.920383 -0.051216
v 1.25947 0.890335 -0.082254
v 1.272647 0.889975 -0.0809
v 1.271856 0.93842 -0.080894
v 1.588348 0.920075 -0.026027
v 1.589034 0.878019 -0.026032
v 1.588413 0.878047 -0.022206
v 1.561868 0.879304 0.004471
v 1.565445 0.879132 0.006709
v 1.564759 0.921188 0.006714
v 1.057698 0.895642 -0.015565
v 1.064219 0.895467 -0.017454
v 1.063283 0.952807 -0.017447
v 1.294898 0.889128 -0.024295
v 1.296902 0.889097 -0.027504
v 1.296123 0.936932 -0.027497
v 1.104831 0.894547 -0.081947
v 1.1138 0.894292 -0.076916
v 1.112903 0.949291 -0.076909
v 1.087506 0.894904 -0.036817
v 1.088436 0.894897 -0.041315
v 1.087519 0.951082 -0.041308
v 1.462476 0.926383 0.009166
v 1.463171 0.883714 0.00916
v 1.386378 0.886237 0.009469
v 1.559274 0.921473 -0.044687
v 1.55996 0.879416 -0.044692
v 1.557634 0.879529 -0.046681
v 1.572005 0.878816 0.011753
v 1.575052 0.87867 0.014559
v 1.574365 0.920726 0.014564
v 1.081861 0.895194 -0.090392
v 1.094207 0.894846 -0.086461
v 1.093297 0.950619 -0.086454
v 1.386378 0.886237 0.009469
v 1.38974 0.886503 0.055306
v 1.389021 0.930576 0.055312
v 1.58857 0.920066 -0.030035
v 1.589256 0.87801 -0.03004
v 1.589034 0.878019 -0.026032
v 0.916993 0.962288 0.104731
v 0.918012 0.899863 0.104723
v 0.919009 0.899906 -0.105258
v 1.213207 0.94245 -0.063433
v 1.214037 0.891535 -0.06344
v 1.208676 0.8914 -0.010564
v 0.966636 0.898267 -0.012812
v 1.025121 0.896558 -0.012281
v 1.02416 0.955451 -0.012273
v 1.042656 0.896058 -0.013038
v 1.050501 0.895839 -0.014089
v 1.049557 0.953744 -0.014081
v 1.570056 0.878942 -0.062284
v 1.575006 0.878704 -0.059096
v 1.57432 0.92076 -0.059091
v 1.283445 0.937657 -0.056025
v 1.284229 0.889609 -0.056031
v 1.279294 0.88975 -0.057839
v 1.03368 0.896557 -0.097908
v 1.051691 0.896045 -0.0962
v 1.050754 0.953495 -0.096193
v 1.517215 0.92346 0.010076
v 1.517901 0.881403 0.01007
v 1.517609 0.881391 0.071468
v 1.389544 0.930598 -0.054677
v 1.390262 0.886526 -0.054683
v 1.386574 0.886249 -0.010044
v 1.564445 0.879211 -0.064945
v 1.570056 0.878942 -0.062284
v 1.56937 0.920998 -0.062278
v 1.316093 0.935773 -0.006193
v 1.316867 0.888329 -0.006199
v 1.310401 0.888468 -0.001941
v 1.309622 0.936249 -0.001934
v 1.310401 0.888468 -0.001941
v 1.303262 0.888666 0.00184
v 1.548653 0.879942 -0.009973
v 1.552541 0.879757 -0.011361
v 1.551855 0.921813 -0.011356
v 1.295618 0.936862 -0.046363
v 1.296396 0.889232 -0.046369
v 1.294376 0.889301 -0.049065
v 1.565445 0.879132 0.006709
v 1.568814 0.87897 0.009136
v 1.568128 0.921026 0.009142
v 1.599646 0.87748 0.046196
v 1.601229 0.877404 0.048385
v 1.600542 0.91946 0.04839
v 0.454216 0.915133 -0.12977
v 0.519868 0.912818 -0.126829
v 0.518647 0.987608 -0.126819
v 1.08757 0.951068 -0.044767
v 1.088486 0.894909 -0.044774
v 1.087916 0.894938 -0.048244
v 1.052017 0.953418 -0.070548
v 1.052954 0.89598 -0.070555
v 1.043679 0.896244 -0.071902
v 1.28431 0.889655 -0.078855
v 1.294555 0.889371 -0.076186
v 1.293779 0.936925 -0.07618
v 1.321438 0.93537 -0.010871
v 1.322207 0.888225 -0.010877
v 1.316867 0.888329 -0.006199
v 1.586417 0.878121 0.027681
v 1.58921 0.877985 0.031436
v 1.588524 0.920042 0.031442
v 0.518647 0.987608 -0.126819
v 0.519868 0.912818 -0.126829
v 0.518392 0.912778 0.092319
v 1.317525 0.888714 -0.065044
v 1.322788 0.888553 -0.060458
v 1.32203 0.935029 -0.060452
v 0.919009 0.899906 -0.105258
v 1.03368 0.896557 -0.097908
v 1.032732 0.954707 -0.097901
v 0.205897 0.924329 -0.027698
v 0.380863 0.917665 -0.0261
v 0.379586 0.995966 -0.02609
v 1.331973 0.888223 -0.044704
v 1.332922 0.88816 -0.038912
v 1.332168 0.934434 -0.038906
v 1.270995 0.889686 -0.011706
v 1.276289 0.88955 -0.012966
v 1.275492 0.938438 -0.012959
v 1.610901 0.876936 0.060824
v 1.612865 0.876841 0.063227
v 1.612179 0.918897 0.063232
v 1.554152 0.921719 -0.04839
v 1.554838 0.879663 -0.048395
v 1.551557 0.879821 -0.049825
v 1.518199 0.881416 -0.052572
v 1.517988 0.881407 -0.008183
v 1.517302 0.923463 -0.008178
v 1.535953 0.880575 -0.069912
v 1.543927 0.880194 -0.069562
v 1.543241 0.92225 -0.069557
v 1.38974 0.886503 0.055306
v 1.46843 0.883631 0.0533
v 1.46774 0.925925 0.053305
v 1.555831 0.8796 -0.013072
v 1.558558 0.879471 -0.015069
v 1.557872 0.921527 -0.015064
v 0.971234 0.958707 0.101477
v 0.97222 0.898262 0.101469
v 0.918012 0.899863 0.104723
v 1.615023 0.876737 0.065851
v 1.617407 0.876621 0.068744
v 1.616721 0.918678 0.068749
v 1.051691 0.896045 -0.0962
v 1.067719 0.895592 -0.093665
v 1.066792 0.952413 -0.093658
v 0.719404 0.906032 0.085612
v 0.719762 0.906023 0.115532
v 0.718635 0.975078 0.115541
v 1.529954 0.922851 0.010218
v 1.53064 0.880795 0.010213
v 1.527693 0.880935 0.010117
v 1.538733 0.92243 0.012114
v 1.539419 0.880374 0.012108
v 1.536456 0.880516 0.011131
v 0.378306 0.99605 0.007904
v 0.379585 0.917675 0.007894
v 0.20493 0.924335 0.007771
v 1.085672 0.894937 -0.032675
v 1.087506 0.894904 -0.036817
v 1.086589 0.951159 -0.03681
v 1.079445 0.895078 -0.025469
v 1.082973 0.894995 -0.028891
v 1.082052 0.951495 -0.028884
v 1.265218 0.889839 -0.010809
v 1.270995 0.889686 -0.011706
v 1.270194 0.938808 -0.0117
v 1.066825 0.952424 -0.066572
v 1.067753 0.895554 -0.066579
v 1.060948 0.895751 -0.068762
v 1.055696 0.953334 0.011146
v 1.056638 0.89564 0.011138
v 1.039712 0.896132 0.012677
v 0.383755 0.995692 -0.132663
v 0.385029 0.917633 -0.132672
v 0.384495 0.917632 -0.098823
v 1.560299 0.921392 0.030159
v 1.560985 0.879335 0.030153
v 1.556702 0.879542 0.025306
v 0.207286 1.005867 -0.103676
v 0.208616 0.924302 -0.103686
v 0.205897 0.924329 -0.027698
v 1.329983 0.888309 -0.050249
v 1.331973 0.888223 -0.044704
v 1.331219 0.934467 -0.044698
v 1.46843 0.883631 0.0533
v 1.468565 0.883664 0.071487
v 1.467877 0.925863 0.071493
v 1.072525 0.952042 -0.064055
v 1.073449 0.895389 -0.064062
v 1.067753 0.895554 -0.066579
v 1.272686 0.938383 -0.059308
v 1.273477 0.889914 -0.059315
v 1.266707 0.890102 -0.060412
v 0.833054 0.967872 -0.110362
v 0.834121 0.902487 -0.11037
v 0.833076 0.902442 0.109564
v 1.564455 0.921219 -0.030979
v 1.565141 0.879163 -0.030984
v 1.56491 0.879175 -0.034194
v 1.564224 0.921232 -0.034189
v 1.56491 0.879175 -0.034194
v 1.564293 0.879206 -0.03718
v 1.134142 0.893674 -0.052717
v 1.135534 0.89361 -0.045882
v 1.134649 0.947868 -0.045875
v 0.718635 0.975078 0.115541
v 0.719762 0.906023 0.115532
v 0.452995 0.91508 0.127356
v 0.97154 0.958796 -0.075671
v 0.972526 0.898297 -0.075679
v 0.966636 0.898267 -0.012812
v 1.094119 0.950812 0.001875
v 1.095037 0.894498 0.001868
v 1.084198 0.894828 0.005665
v 1.58354 0.920299 -0.011886
v 1.584226 0.878242 -0.011891
v 1.58208 0.878344 -0.008864
v 1.131304 0.893772 -0.05928
v 1.134142 0.893674 -0.052717
v 1.133257 0.947943 -0.05271
v 1.619369 0.91855 0.071959
v 1.620055 0.876493 0.071954
v 1.592115 0.877829 0.071821
v 1.328869 0.93478 -0.021301
v 1.32963 0.888114 -0.021307
v 1.326453 0.888154 -0.015927
v 1.252284 0.890192 -0.010152
v 1.258976 0.890008 -0.010286
v 1.258167 0.939634 -0.01028
v 1.025121 0.896558 -0.012281
v 1.034188 0.896298 -0.01243
v 1.033233 0.954844 -0.012423
v 1.467877 0.925863 0.071493
v 1.468565 0.883664 0.071487
v 1.36104 0.887419 0.075884
v 1.125951 0.948569 -0.018899
v 1.126846 0.893717 -0.018906
v 1.121037 0.893842 -0.013001
v 1.517988 0.881407 -0.008183
v 1.533032 0.880688 -0.008112
v 1.532346 0.922744 -0.008106
v 1.034188 0.896298 -0.01243
v 1.042656 0.896058 -0.013038
v 1.041706 0.954275 -0.013031
v 1.605819 0.877181 0.054467
v 1.607412 0.877104 0.056492
v 1.606726 0.919161 0.056497
v 1.572817 0.920807 -0.001115
v 1.573503 0.87875 -0.00112
v 1.569954 0.878919 0.000992
v 1.568814 0.87897 0.009136
v 1.572005 0.878816 0.011753
v 1.571319 0.920873 0.011758
v 1.294657 0.937217 0.005076
v 1.295445 0.888924 0.00507
v 1.286196 0.889212 0.007707
v 1.532859 0.922712 0.01053
v 1.533546 0.880655 0.010525
v 1.53064 0.880795 0.010213
v 1.303461 0.889121 -0.072958
v 1.311098 0.888902 -0.069226
v 1.310333 0.935805 -0.06922
v 1.578887 0.920519 -0.00605
v 1.579574 0.878462 -0.006056
v 1.576711 0.878598 -0.003472
v 1.542785 0.922264 -0.051786
v 1.248088 0.940299 0.011532
v 1.563727 0.879227 -0.022405
v 1.563881 0.921244 -0.025171
v 1.563041 0.921283 -0.0224
v 1.616721 0.918678 0.068749
v 1.543444 0.922214 -0.008938
v 1.575052 0.87867 0.014559
v 1.577299 0.920584 0.01756
v 1.574365 0.920726 0.014564
v 1.541798 0.922283 0.013541
v 1.517215 0.92346 0.010076
v 1.134618 0.947894 -0.038806
v 1.134061 0.893588 -0.031851
v 1.133173 0.948019 -0.031844
v 1.564567 0.879188 -0.025176
v 1.56434 0.921224 -0.028043
v 1.563881 0.921244 -0.025171
v 1.293779 0.936925 -0.07618
v 1.285403 0.937811 0.007714
v 1.275427 0.889533 0.009702
v 1.274628 0.938518 0.009709
v 1.586713 0.92015 -0.018564
v 1.586001 0.878159 -0.015128
v 1.585315 0.920215 -0.015123
v 1.207875 0.943031 0.011855
v 1.565387 0.92116 0.002864
v 1.287566 0.937382 -0.053932
v 1.087 0.951097 -0.048236
v 1.086659 0.894984 -0.051675
v 1.085743 0.951173 -0.051668
v 1.121171 0.89408 -0.071425
v 1.126103 0.948405 -0.065524
v 1.120278 0.948794 -0.071418
v 1.080907 0.951486 -0.058226
v 1.078116 0.895251 -0.061264
v 1.077194 0.951732 -0.061256
v 1.069105 0.952406 -0.019734
v 1.385841 0.93119 -0.010038
v 1.275492 0.938438 -0.012959
v 1.126103 0.948405 -0.065524
v 0.773495 0.971705 -0.113778
v 1.29792 0.936732 -0.040659
v 1.297819 0.889178 -0.043556
v 1.297042 0.936778 -0.04355
v 1.602076 0.919386 0.050466
v 1.13029 0.948244 -0.025196
v 1.556947 0.921585 -0.046675
v 1.554838 0.879663 -0.048395
v 1.554152 0.921719 -0.04839
v 1.049557 0.953744 -0.014081
v 0.965676 0.959314 0.013696
v 1.207875 0.943031 0.011855
v 1.10396 0.950147 -0.00255
v 1.095037 0.894498 0.001868
v 1.094119 0.950812 0.001875
v 0.203596 1.00609 0.007782
v 0.772418 0.971658 0.112779
v 1.516923 0.923447 0.071473
v 1.494207 0.88251 0.071357
v 1.493521 0.924566 0.071363
v 1.064219 0.895467 -0.017454
v 1.069105 0.952406 -0.019734
v 1.063283 0.952807 -0.017447
v 1.56247 0.879286 -0.019773
v 1.563041 0.921283 -0.0224
v 1.561784 0.921342 -0.019767
v 1.612179 0.918897 0.063232
v 1.297042 0.936778 -0.04355
v 1.296396 0.889232 -0.046369
v 1.295618 0.936862 -0.046363
v 1.606726 0.919161 0.056497
v 1.532557 0.922753 -0.052495
v 1.328869 0.93478 -0.021301
v 1.494193 0.924595 -0.070101
v 1.462564 0.926387 -0.009354
v 1.550666 0.921895 -0.068599
v 1.074194 0.952052 -0.02241
v 1.325688 0.93504 -0.015921
v 1.322207 0.888225 -0.010877
v 1.321438 0.93537 -0.010871
v 1.588175 0.920088 -0.035958
v 1.299002 0.889091 -0.034816
v 1.298298 0.936722 -0.037732
v 1.298225 0.936743 -0.03481
v 1.087519 0.951082 -0.041308
v 1.284573 0.937795 -0.016515
v 1.545011 0.922129 0.015497
v 1.29828 0.889085 -0.031012
v 1.298225 0.936743 -0.03481
v 1.297501 0.936816 -0.031006
v 1.565027 0.879167 -0.028048
v 1.564455 0.921219 -0.030979
v 1.56434 0.921224 -0.028043
v 1.134649 0.947868 -0.045875
v 0.451748 0.991522 0.127366
v 1.587727 0.920103 -0.022201
v 1.5874 0.878094 -0.018569
v 1.586713 0.92015 -0.018564
v 1.172808 0.945204 -0.08831
v 1.258167 0.939634 -0.01028
v 1.288318 0.937524 -0.01879
v 1.591362 0.919904 0.035388
v 1.580836 0.87839 0.02074
v 1.58295 0.920311 0.024121
v 1.58015 0.920447 0.020745
v 1.609094 0.877023 0.058595
v 1.610215 0.918992 0.06083
v 1.608408 0.919079 0.058601
v 1.532346 0.922744 -0.008106
v 1.32203 0.935029 -0.060452
v 0.378306 0.99605 0.007904
v 1.29792 0.936732 -0.040659
v 1.557872 0.921527 -0.015064
v 1.281085 0.88943 -0.014574
v 1.284573 0.937795 -0.016515
v 1.280292 0.938101 -0.014568
v 1.494879 0.882539 -0.070107
v 1.535267 0.922631 -0.069907
v 1.494193 0.924595 -0.070101
v 1.172808 0.945204 -0.08831
v 0.145306 1.009333 -0.140921
v 1.052017 0.953418 -0.070548
v 1.292291 0.889177 -0.02139
v 1.294115 0.937091 -0.024288
v 1.291506 0.937288 -0.021384
v 1.556015 0.921598 0.025311
v 1.552758 0.879732 0.021298
v 1.552072 0.921789 0.021304
v 1.561149 0.921382 -0.042434
v 1.55996 0.879416 -0.044692
v 1.559274 0.921473 -0.044687
v 1.258102 0.939377 -0.061074
v 1.57432 0.92076 -0.059091
v 1.56497 0.921166 0.035924
v 0.965676 0.959314 0.013696
v 0.145306 1.009333 -0.140921
v 1.58354 0.920299 -0.011886
v 0.97154 0.958796 -0.075671
v 1.560759 0.879367 -0.017315
v 1.561784 0.921342 -0.019767
v 1.560073 0.921423 -0.01731
v 1.581395 0.9204 -0.008859
v 1.579574 0.878462 -0.006056
v 1.578887 0.920519 -0.00605
v 1.085743 0.951173 -0.051668
v 1.084652 0.895051 -0.055021
v 1.083734 0.951301 -0.055014
v 1.389544 0.930598 -0.054677
v 1.557514 0.921567 -0.067053
v 1.466022 0.926065 -0.052285
v 1.561182 0.92136 0.004476
v 1.296902 0.889097 -0.027504
v 1.297501 0.936816 -0.031006
v 1.296123 0.936932 -0.027497
v 1.019572 0.955738 0.013316
v 1.055696 0.953334 0.011146
v 1.066792 0.952413 -0.093658
v 1.532557 0.922753 -0.052495
v 1.518199 0.881416 -0.052572
v 1.517513 0.923473 -0.052567
v 1.310333 0.935805 -0.06922
v 1.601229 0.877404 0.048385
v 1.602076 0.919386 0.050466
v 1.600542 0.91946 0.04839
v 1.213207 0.94245 -0.063433
v 1.070498 0.952355 0.008783
v 1.58921 0.877985 0.031436
v 1.591362 0.919904 0.035388
v 1.588524 0.920042 0.031442
v 1.560299 0.921392 0.030159
v 1.326174 0.934763 -0.055507
v 1.59496 0.877707 0.039519
v 1.597293 0.919617 0.043851
v 1.594274 0.919763 0.039524
v 1.582126 0.920383 -0.051216
v 1.361025 0.932417 -0.075365
v 1.570075 0.920919 0.042685
v 1.563607 0.921263 -0.037175
v 1.563273 0.879256 -0.039932
v 1.562587 0.921312 -0.039927
v 1.082973 0.894995 -0.028891
v 1.084754 0.951298 -0.032668
v 1.082052 0.951495 -0.028884
v 1.272686 0.938383 -0.059308
v 0.517172 0.987599 0.092328
v 1.287566 0.937382 -0.053932
v 1.284229 0.889609 -0.056031
v 1.283445 0.937657 -0.056025
v 1.207834 0.943053 -0.010557
v 1.597979 0.877561 0.043846
v 1.598959 0.919537 0.046201
v 1.597293 0.919617 0.043851
v 1.543241 0.92225 -0.069557
v 1.112819 0.94952 -0.007527
v 1.552541 0.879757 -0.011361
v 1.555145 0.921657 -0.013067
v 1.551855 0.921813 -0.011356
v 1.584924 0.920247 -0.046569
v 1.171968 0.945168 0.088419
v 1.548419 0.921965 0.018058
v 1.294657 0.937217 0.005076
v 1.576025 0.920654 -0.003466
v 1.573503 0.87875 -0.00112
v 1.572817 0.920807 -0.001115
v 1.361025 0.932417 -0.075365
v 1.562587 0.921312 -0.039927
v 1.561835 0.879326 -0.042439
v 1.561149 0.921382 -0.042434
v 1.532859 0.922712 0.01053
v 1.080907 0.951486 -0.058226
v 1.032078 0.954756 -0.072732
v 1.583636 0.878255 0.024115
v 1.585731 0.920177 0.027686
v 1.58295 0.920311 0.024121
v 1.538733 0.92243 0.012114
v 1.330998 0.934592 -0.026973
v 1.262229 0.939345 0.011004
v 1.586951 0.920148 -0.041476
v 1.577299 0.920584 0.01756
v 1.537948 0.922496 -0.052303
v 1.271856 0.93842 -0.080894
v 1.538249 0.922462 -0.008306
v 1.077194 0.951732 -0.061256
v 1.073449 0.895389 -0.064062
v 1.072525 0.952042 -0.064055
v 1.293599 0.936989 -0.049059
v 1.291712 0.889386 -0.051601
v 1.290932 0.937161 -0.051595
v 1.547087 0.922058 -0.050955
v 1.332092 0.934477 -0.0329
v 1.093297 0.950619 -0.086454
v 0.143987 1.009276 0.136712
v 1.112903 0.949291 -0.076909
v 1.10396 0.950147 -0.00255
v 1.60428 0.877256 0.052473
v 1.605132 0.919238 0.054473
v 1.603594 0.919312 0.052478
v 0.773495 0.971705 -0.113778
v 1.13029 0.948244 -0.025196
v 1.126846 0.893717 -0.018906
v 1.125951 0.948569 -0.018899
v 0.207286 1.005867 -0.103676
v 1.578582 0.920555 -0.055396
v 1.25867 0.939322 -0.082247
v 1.588348 0.920075 -0.026027
v 1.588413 0.878047 -0.022206
v 1.587727 0.920103 -0.022201
v 1.561868 0.879304 0.004471
v 1.564759 0.921188 0.006714
v 1.561182 0.92136 0.004476
v 1.056758 0.953254 -0.015558
v 1.294898 0.889128 -0.024295
v 1.296123 0.936932 -0.027497
v 1.294115 0.937091 -0.024288
v 1.104831 0.894547 -0.081947
v 1.112903 0.949291 -0.076909
v 1.103928 0.949899 -0.08194
v 1.087506 0.894904 -0.036817
v 1.087519 0.951082 -0.041308
v 1.086589 0.951159 -0.03681
v 1.385644 0.931204 0.009474
v 1.559274 0.921473 -0.044687
v 1.557634 0.879529 -0.046681
v 1.556947 0.921585 -0.046675
v 1.572005 0.878816 0.011753
v 1.574365 0.920726 0.014564
v 1.571319 0.920873 0.011758
v 1.080943 0.951456 -0.090385
v 1.385644 0.931204 0.009474
v 1.58857 0.920066 -0.030035
v 1.589034 0.878019 -0.026032
v 1.588348 0.920075 -0.026027
v 0.917991 0.962331 -0.10525
v 1.207834 0.943053 -0.010557
v 0.96564 0.959336 -0.012805
v 1.041706 0.954275 -0.013031
v 1.570056 0.878942 -0.062284
v 1.57432 0.92076 -0.059091
v 1.56937 0.920998 -0.062278
v 1.278507 0.937989 -0.057832
v 1.032732 0.954707 -0.097901
v 1.516923 0.923447 0.071473
v 1.385841 0.93119 -0.010038
v 1.563759 0.921267 -0.064939
v 1.309622 0.936249 -0.001934
v 1.302478 0.93673 0.001846
v 1.548653 0.879942 -0.009973
v 1.551855 0.921813 -0.011356
v 1.547967 0.921998 -0.009967
v 1.295618 0.936862 -0.046363
v 1.294376 0.889301 -0.049065
v 1.293599 0.936989 -0.049059
v 1.565445 0.879132 0.006709
v 1.568128 0.921026 0.009142
v 1.564759 0.921188 0.006714
v 1.598959 0.919537 0.046201
v 0.452969 0.991574 -0.12976
v 1.08757 0.951068 -0.044767
v 1.087916 0.894938 -0.048244
v 1.087 0.951097 -0.048236
v 1.042736 0.954041 -0.071894
v 1.283527 0.937623 -0.078849
v 1.316093 0.935773 -0.006193
v 1.585731 0.920177 0.027686
v 0.517172 0.987599 0.092328
v 1.316763 0.935375 -0.065038
v 0.917991 0.962331 -0.10525
v 0.204563 1.006035 -0.027687
v 1.331219 0.934467 -0.044698
v 1.270194 0.938808 -0.0117
v 1.610901 0.876936 0.060824
v 1.612179 0.918897 0.063232
v 1.610215 0.918992 0.06083
v 1.550871 0.921877 -0.04982
v 1.517513 0.923473 -0.052567
v 1.535267 0.922631 -0.069907
v 1.389021 0.930576 0.055312
v 1.555145 0.921657 -0.013067
v 0.916993 0.962288 0.104731
v 1.615023 0.876737 0.065851
v 1.616721 0.918678 0.068749
v 1.614337 0.918793 0.065856
v 1.050754 0.953495 -0.096193
v 0.718276 0.975129 0.085621
v 1.527007 0.922992 0.010122
v 1.53577 0.922572 0.011136
v 0.203596 1.00609 0.007782
v 1.085672 0.894937 -0.032675
v 1.086589 0.951159 -0.03681
v 1.084754 0.951298 -0.032668
v 1.078521 0.951747 -0.025462
v 1.264413 0.939207 -0.010803
v 1.060017 0.952881 -0.068755
v 1.038761 0.95446 0.012685
v 0.38322 0.995716 -0.098813
v 1.560299 0.921392 0.030159
v 1.556702 0.879542 0.025306
v 1.556015 0.921598 0.025311
v 0.204563 1.006035 -0.027687
v 1.329983 0.888309 -0.050249
v 1.331219 0.934467 -0.044698
v 1.329228 0.934576 -0.050243
v 1.46774 0.925925 0.053305
v 1.066825 0.952424 -0.066572
v 1.272686 0.938383 -0.059308
v 1.266707 0.890102 -0.060412
v 1.265912 0.938844 -0.060406
v 0.83201 0.967827 0.109572
v 1.564224 0.921232 -0.034189
v 1.563607 0.921263 -0.037175
v 1.134142 0.893674 -0.052717
v 1.134649 0.947868 -0.045875
v 1.133257 0.947943 -0.05271
v 0.451748 0.991522 0.127366
v 0.96564 0.959336 -0.012805
v 1.083274 0.951516 0.005672
v 1.581395 0.9204 -0.008859
v 1.130418 0.948122 -0.059273
v 1.619369 0.91855 0.071959
v 1.592115 0.877829 0.071821
v 1.591429 0.919885 0.071827
v 1.325688 0.93504 -0.015921
v 1.25147 0.940089 -0.010146
v 1.02416 0.955451 -0.012273
v 1.360307 0.932386 0.07589
v 1.125951 0.948569 -0.018899
v 1.121037 0.893842 -0.013001
v 1.120137 0.948994 -0.012994
v 1.517302 0.923463 -0.008178
v 1.033233 0.954844 -0.012423
v 1.605819 0.877181 0.054467
v 1.606726 0.919161 0.056497
v 1.605132 0.919238 0.054473
v 1.569268 0.920975 0.000998
v 1.568128 0.921026 0.009142
v 1.285403 0.937811 0.007714
v 1.532859 0.922712 0.01053
v 1.53064 0.880795 0.010213
v 1.529954 0.922851 0.010218
v 1.302691 0.93632 -0.072952
v 1.578887 0.920519 -0.00605
v 1.576711 0.878598 -0.003472
v 1.576025 0.920654 -0.003466
v 2.052708 0.793916 -0.025405
v 2.061162 0.740975 -0.026518
v 2.06327 0.740975 0.005671
v 2.029614 0.832672 -0.022364
v 2.054745 0.793916 0.00567
v 1.998066 0.846857 -0.018211
v 2.029614 0.832672 -0.022364
v 2.031451 0.832672 0.00567
v 1.966518 0.832672 -0.014058
v 1.999632 0.846857 0.005671
v 1.943424 0.793916 -0.011017
v 1.966518 0.832672 -0.014058
v 1.967811 0.832672 0.005671
v 1.934971 0.740975 -0.009905
v 1.944517 0.793916 0.00567
v 1.944518 0.688033 0.005671
v 1.943424 0.688033 -0.011017
v 1.967811 0.649277 0.005671
v 1.966518 0.649277 -0.014058
v 1.943424 0.688033 -0.011017
v 1.999631 0.635092 0.00567
v 1.998066 0.635092 -0.018211
v 2.031451 0.649277 0.00567
v 2.029614 0.649277 -0.022364
v 2.054745 0.688033 0.005671
v 2.052708 0.688033 -0.025405
v 2.052708 0.688033 -0.025405
v 2.054745 0.688033 0.005671
v 2.046633 0.793916 -0.055949
v 2.054868 0.740974 -0.058155
v 2.024132 0.832672 -0.04992
v 1.993397 0.846857 -0.041684
v 2.024132 0.832672 -0.04992
v 1.962662 0.832672 -0.033449
v 1.940161 0.793916 -0.02742
v 1.962662 0.832672 -0.033449
v 1.931926 0.740975 -0.025213
v 1.940161 0.688033 -0.02742
v 1.962662 0.649277 -0.033449
v 1.940161 0.688033 -0.02742
v 1.993398 0.635092 -0.041684
v 2.024132 0.649277 -0.04992
v 2.046633 0.688033 -0.055949
v 2.046633 0.688033 -0.055949
v 2.036623 0.793916 -0.085438
v 2.0445 0.740974 -0.088701
v 2.015102 0.832672 -0.076524
v 1.985704 0.846857 -0.064347
v 2.015102 0.832672 -0.076524
v 1.956306 0.832672 -0.05217
v 1.934785 0.793916 -0.043256
v 1.956306 0.832672 -0.05217
v 1.926908 0.740975 -0.039993
v 1.934785 0.688033 -0.043256
v 1.956306 0.649277 -0.05217
v 1.934785 0.688033 -0.043256
v 1.985704 0.635092 -0.064347
v 2.015102 0.649277 -0.076524
v 2.036622 0.688033 -0.085438
v 2.036622 0.688033 -0.085438
v 2.022848 0.793916 -0.113369
v 2.030232 0.740975 -0.117632
v 2.002676 0.832672 -0.101722
v 1.975119 0.846857 -0.085812
v 2.002676 0.832672 -0.101722
v 1.947562 0.832672 -0.069902
v 1.927389 0.793916 -0.058255
v 1.947562 0.832672 -0.069902
v 1.920005 0.740975 -0.053992
v 1.927389 0.688033 -0.058255
v 1.947562 0.649277 -0.069902
v 1.927389 0.688033 -0.058255
v 1.975119 0.635092 -0.085812
v 2.002676 0.649277 -0.101722
v 2.022848 0.688033 -0.113369
v 2.022848 0.688033 -0.113369
v 2.005547 0.793916 -0.139262
v 2.012312 0.740975 -0.144453
v 1.987067 0.832672 -0.125082
v 2.005547 0.793916 -0.139262
v 1.961822 0.846857 -0.105711
v 1.936579 0.832672 -0.086341
v 1.918098 0.793916 -0.07216
v 1.936579 0.832672 -0.086341
v 1.911333 0.740974 -0.06697
v 1.918098 0.688033 -0.07216
v 1.936577 0.649277 -0.08634
v 1.918098 0.688033 -0.07216
v 1.961823 0.635092 -0.105711
v 1.987067 0.649277 -0.125082
v 2.005547 0.688033 -0.139262
v 2.005547 0.688033 -0.139262
v 1.985013 0.793916 -0.162676
v 1.991042 0.740975 -0.168705
v 1.968542 0.832672 -0.146205
v 1.985013 0.793916 -0.162676
v 1.946042 0.846857 -0.123705
v 1.923542 0.832672 -0.101205
v 1.907071 0.793916 -0.084734
v 1.923542 0.832672 -0.101205
v 1.901042 0.740975 -0.078705
v 1.907071 0.688033 -0.084734
v 1.923542 0.649277 -0.101205
v 1.907071 0.688033 -0.084734
v 1.946043 0.635092 -0.123705
v 1.968542 0.649277 -0.146205
v 1.985013 0.688033 -0.162676
v 1.985013 0.688033 -0.162676
v 1.961599 0.793916 -0.18321
v 1.96679 0.740975 -0.189974
v 1.947419 0.832672 -0.164729
v 1.961599 0.793916 -0.18321
v 1.928048 0.846857 -0.139485
v 1.908678 0.832672 -0.114241
v 1.894497 0.793916 -0.09576
v 1.889307 0.740975 -0.088996
v 1.894497 0.793916 -0.09576
v 1.894498 0.688033 -0.09576
v 1.908678 0.649277 -0.114241
v 1.894498 0.688033 -0.09576
v 1.928049 0.635092 -0.139485
v 1.947419 0.649277 -0.164729
v 1.9616 0.688033 -0.18321
v 1.9616 0.688033 -0.18321
v 1.935706 0.793916 -0.200511
v 1.939969 0.740975 -0.207895
v 1.924059 0.832672 -0.180338
v 1.935706 0.793916 -0.200511
v 1.908149 0.846857 -0.152781
v 1.892239 0.832672 -0.125225
v 1.880592 0.793916 -0.105052
v 1.876329 0.740974 -0.097668
v 1.880592 0.793916 -0.105052
v 1.880592 0.688033 -0.105052
v 1.892239 0.649277 -0.125225
v 1.880592 0.688033 -0.105052
v 1.908149 0.635092 -0.152781
v 1.924059 0.649277 -0.180338
v 1.935706 0.688033 -0.200511
v 1.935706 0.688033 -0.200511
v 1.907775 0.793916 -0.214285
v 1.911038 0.740974 -0.222162
v 1.898861 0.832672 -0.192764
v 1.907775 0.793916 -0.214285
v 1.886684 0.846857 -0.163367
v 1.874507 0.832672 -0.133969
v 1.865593 0.793916 -0.112448
v 1.862331 0.740975 -0.104571
v 1.865593 0.793916 -0.112448
v 1.865593 0.688033 -0.112448
v 1.874507 0.649277 -0.133969
v 1.865593 0.688033 -0.112448
v 1.886684 0.635092 -0.163367
v 1.898861 0.649277 -0.192764
v 1.907776 0.688033 -0.214285
v 1.907776 0.688033 -0.214285
v 1.907775 0.793916 -0.214285
v 1.878286 0.793916 -0.224295
v 1.880493 0.740975 -0.232531
v 1.872257 0.832672 -0.201795
v 1.878286 0.793916 -0.224295
v 1.864022 0.846857 -0.17106
v 1.855786 0.832672 -0.140324
v 1.849756 0.793916 -0.117824
v 1.847551 0.740974 -0.109588
v 1.849756 0.793916 -0.117824
v 1.865593 0.793916 -0.112448
v 1.865593 0.688033 -0.112448
v 1.849757 0.688033 -0.117824
v 1.855786 0.649277 -0.140324
v 1.849757 0.688033 -0.117824
v 1.864022 0.635092 -0.17106
v 1.872257 0.649277 -0.201795
v 1.878286 0.688033 -0.224295
v 1.911038 0.740974 -0.222162
v 1.878286 0.688033 -0.224295
v 1.847742 0.793916 -0.230371
v 1.848855 0.740975 -0.238824
v 1.844702 0.832672 -0.207276
v 1.847742 0.793916 -0.230371
v 1.840549 0.846857 -0.175729
v 1.836395 0.832672 -0.144181
v 1.833355 0.793916 -0.121087
v 1.832242 0.740975 -0.112633
v 1.833355 0.793916 -0.121087
v 1.833355 0.688033 -0.121087
v 1.836395 0.649277 -0.144181
v 1.833355 0.688033 -0.121087
v 1.840548 0.635092 -0.175729
v 1.844702 0.649277 -0.207276
v 1.847742 0.688033 -0.230371
v 1.847742 0.688033 -0.230371
v -0.000578 0.794099 -0.39181
v -0.000578 0.740974 -0.406045
v -0.000578 0.832989 -0.35292
v -0.000578 0.794099 -0.39181
v -0.000578 0.847224 -0.299796
v -0.000578 0.832989 -0.246671
v -0.000578 0.794099 -0.207781
v -0.000578 0.740974 -0.193547
v -0.000578 0.794099 -0.207781
v -0.000578 0.68785 -0.207781
v -0.000578 0.64896 -0.246671
v -0.000578 0.68785 -0.207781
v -0.000577 0.634726 -0.299796
v -0.000578 0.64896 -0.35292
v -0.000578 0.68785 -0.39181
v -0.000578 0.68785 -0.39181
v -0.052459 0.794099 -0.38841
v -0.054318 0.740974 -0.402523
v -0.047383 0.832989 -0.349853
v -0.052459 0.794099 -0.38841
v -0.040449 0.847224 -0.297182
v -0.033515 0.832989 -0.244513
v -0.028439 0.794099 -0.205955
v -0.026581 0.740975 -0.191842
v -0.028439 0.794099 -0.205955
v -0.028439 0.68785 -0.205955
v -0.033515 0.64896 -0.244512
v -0.028439 0.68785 -0.205955
v -0.040449 0.634726 -0.297182
v -0.047383 0.64896 -0.349853
v -0.052459 0.68785 -0.38841
v -0.052459 0.68785 -0.38841
v -0.103453 0.794099 -0.378266
v -0.107137 0.740975 -0.392016
v -0.093388 0.832989 -0.340702
v -0.103453 0.794099 -0.378266
v -0.079638 0.847224 -0.289387
v -0.065888 0.832989 -0.238073
v -0.055823 0.794099 -0.200508
v -0.052139 0.740975 -0.186759
v -0.055823 0.794099 -0.200508
v -0.055823 0.68785 -0.200508
v -0.065889 0.64896 -0.238073
v -0.055823 0.68785 -0.200508
v -0.079638 0.634726 -0.289387
v -0.093388 0.64896 -0.340702
v -0.103453 0.68785 -0.378266
v -0.103453 0.68785 -0.378266
v -0.152687 0.794099 -0.361554
v -0.158134 0.740974 -0.374705
v -0.137804 0.832989 -0.325624
v -0.152687 0.794099 -0.361554
v -0.117475 0.847224 -0.276544
v -0.097145 0.832989 -0.227463
v -0.082262 0.794099 -0.191533
v -0.076815 0.740975 -0.178382
v -0.082262 0.794099 -0.191533
v -0.082262 0.68785 -0.191533
v -0.097145 0.64896 -0.227463
v -0.082262 0.68785 -0.191533
v -0.117475 0.634726 -0.276544
v -0.137805 0.64896 -0.325624
v -0.152687 0.68785 -0.361554
v -0.152687 0.68785 -0.361554
v -0.199318 0.794099 -0.338558
v -0.206436 0.740974 -0.350886
v -0.179873 0.832989 -0.304878
v -0.199318 0.794099 -0.338558
v -0.15331 0.847224 -0.258871
v -0.126748 0.832989 -0.212864
v -0.107304 0.794099 -0.179184
v -0.100186 0.740975 -0.166857
v -0.107304 0.794099 -0.179184
v -0.107304 0.68785 -0.179184
v -0.126749 0.64896 -0.212864
v -0.107304 0.68785 -0.179184
v -0.153311 0.634726 -0.258871
v -0.179873 0.64896 -0.304878
v -0.199318 0.68785 -0.338558
v -0.199318 0.68785 -0.338558
v -0.242548 0.794099 -0.309672
v -0.251214 0.740975 -0.320965
v -0.218874 0.832989 -0.278819
v -0.242548 0.794099 -0.309672
v -0.186534 0.847224 -0.236672
v -0.154194 0.832989 -0.194526
v -0.130519 0.794099 -0.163672
v -0.121853 0.740975 -0.152379
v -0.130519 0.794099 -0.163672
v -0.130519 0.68785 -0.163672
v -0.154194 0.64896 -0.194526
v -0.130519 0.68785 -0.163672
v -0.186534 0.634725 -0.236672
v -0.218874 0.64896 -0.278819
v -0.242549 0.68785 -0.309672
v -0.242549 0.68785 -0.309672
v -0.281639 0.794099 -0.275391
v -0.291705 0.740975 -0.285456
v -0.254139 0.832989 -0.247891
v -0.281639 0.794099 -0.275391
v -0.216575 0.847224 -0.210327
v -0.17901 0.832989 -0.172762
v -0.151511 0.794099 -0.145263
v -0.141445 0.740975 -0.135197
v -0.151511 0.794099 -0.145263
v -0.151511 0.68785 -0.145263
v -0.179011 0.64896 -0.172762
v -0.151511 0.68785 -0.145263
v -0.216575 0.634726 -0.210327
v -0.25414 0.64896 -0.247892
v -0.281639 0.68785 -0.275391
v -0.281639 0.68785 -0.275391
v -0.31592 0.794099 -0.2363
v -0.327213 0.740975 -0.244966
v -0.285067 0.832989 -0.212626
v -0.31592 0.794099 -0.2363
v -0.24292 0.847224 -0.180286
v -0.200774 0.832989 -0.147946
v -0.169921 0.794099 -0.124271
v -0.158628 0.740975 -0.115605
v -0.169921 0.794099 -0.124271
v -0.169921 0.68785 -0.124271
v -0.200774 0.64896 -0.147946
v -0.169921 0.68785 -0.124271
v -0.24292 0.634725 -0.180286
v -0.285067 0.64896 -0.212626
v -0.31592 0.68785 -0.2363
v -0.31592 0.68785 -0.2363
v -0.344806 0.794099 -0.19307
v -0.357133 0.740975 -0.200187
v -0.311127 0.832989 -0.173625
v -0.344806 0.794099 -0.19307
v -0.265119 0.847224 -0.147063
v -0.219112 0.832989 -0.120501
v -0.185432 0.794099 -0.101056
v -0.173105 0.740975 -0.093938
v -0.185432 0.794099 -0.101056
v -0.185432 0.68785 -0.101056
v -0.219112 0.64896 -0.120501
v -0.185432 0.68785 -0.101056
v -0.265119 0.634726 -0.147063
v -0.311126 0.64896 -0.173625
v -0.344806 0.68785 -0.19307
v -0.344806 0.68785 -0.19307
v -0.367802 0.794099 -0.146439
v -0.380953 0.740974 -0.151886
v -0.331873 0.832989 -0.131556
v -0.367802 0.794099 -0.146439
v -0.282792 0.847224 -0.111226
v -0.233711 0.832989 -0.090897
v -0.197782 0.794099 -0.076014
v -0.18463 0.740975 -0.070567
v -0.197782 0.794099 -0.076014
v -0.185432 0.794099 -0.101056
v -0.197782 0.68785 -0.076014
v -0.173105 0.740975 -0.093938
v -0.233711 0.64896 -0.090897
v -0.197782 0.68785 -0.076014
v -0.282792 0.634726 -0.111226
v -0.331872 0.64896 -0.131556
v -0.367802 0.68785 -0.146439
v -0.367802 0.68785 -0.146439
v -0.367802 0.794099 -0.146439
v -0.384514 0.794099 -0.097205
v -0.398264 0.740974 -0.100889
v -0.34695 0.832989 -0.08714
v -0.384514 0.794099 -0.097205
v -0.295636 0.847224 -0.07339
v -0.244321 0.832989 -0.05964
v -0.206756 0.794099 -0.049575
v -0.193007 0.740975 -0.045891
v -0.206756 0.794099 -0.049575
v -0.206756 0.68785 -0.049575
v -0.244321 0.64896 -0.05964
v -0.206756 0.68785 -0.049575
v -0.295635 0.634726 -0.07339
v -0.34695 0.64896 -0.08714
v -0.384514 0.68785 -0.097205
v -0.380953 0.740974 -0.151886
v -0.384514 0.68785 -0.097205
v -0.394658 0.794099 -0.046211
v -0.408771 0.740974 -0.048069
v -0.356101 0.832989 -0.041135
v -0.394658 0.794099 -0.046211
v -0.303431 0.847224 -0.034201
v -0.250761 0.832989 -0.027267
v -0.212203 0.794099 -0.022191
v -0.198091 0.740975 -0.020333
v -0.212203 0.794099 -0.022191
v -0.212203 0.68785 -0.022191
v -0.250761 0.64896 -0.027267
v -0.212203 0.68785 -0.022191
v -0.303431 0.634725 -0.034201
v -0.356101 0.64896 -0.041135
v -0.394658 0.68785 -0.046211
v -0.394658 0.68785 -0.046211
v -0.398058 0.794099 0.00567
v -0.412293 0.740974 0.00567
v -0.359168 0.832989 0.00567
v -0.398058 0.794099 0.00567
v -0.306044 0.847224 0.00567
v -0.252919 0.832989 0.00567
v -0.21403 0.794099 0.00567
v -0.199795 0.740975 0.00567
v -0.21403 0.794099 0.00567
v -0.21403 0.68785 0.00567
v -0.25292 0.64896 0.00567
v -0.21403 0.68785 0.00567
v -0.306044 0.634726 0.00567
v -0.359169 0.64896 0.00567
v -0.398058 0.68785 0.00567
v -0.398058 0.68785 0.00567
v -0.394658 0.794099 0.057552
v -0.408771 0.740974 0.05941
v -0.356101 0.832989 0.052476
v -0.394658 0.794099 0.057552
v -0.303431 0.847224 0.045542
v -0.25076 0.832989 0.038608
v -0.212203 0.794099 0.033532
v -0.19809 0.740974 0.031674
v -0.212203 0.794099 0.033532
v -0.212203 0.68785 0.033532
v -0.250761 0.64896 0.038608
v -0.212203 0.68785 0.033532
v -0.303431 0.634725 0.045542
v -0.356101 0.64896 0.052476
v -0.394658 0.68785 0.057552
v -0.394658 0.68785 0.057552
v -0.384515 0.794099 0.108546
v -0.398264 0.740975 0.11223
v -0.34695 0.832989 0.098481
v -0.384515 0.794099 0.108546
v -0.295635 0.847224 0.084731
v -0.244321 0.832989 0.070981
v -0.206756 0.794099 0.060916
v -0.193006 0.740975 0.057232
v -0.206756 0.794099 0.060916
v -0.206756 0.68785 0.060916
v -0.244321 0.64896 0.070981
v -0.206756 0.68785 0.060916
v -0.295635 0.634726 0.084731
v -0.34695 0.64896 0.098481
v -0.384515 0.68785 0.108546
v -0.384515 0.68785 0.108546
v -0.367802 0.794099 0.15778
v -0.380953 0.740974 0.163227
v -0.331872 0.832989 0.142897
v -0.367802 0.794099 0.15778
v -0.282792 0.847224 0.122567
v -0.233711 0.832989 0.102237
v -0.197781 0.794099 0.087355
v -0.18463 0.740975 0.081908
v -0.197781 0.794099 0.087355
v -0.197781 0.68785 0.087355
v -0.233711 0.64896 0.102237
v -0.197781 0.68785 0.087355
v -0.282792 0.634726 0.122567
v -0.331873 0.64896 0.142897
v -0.367802 0.68785 0.15778
v -0.367802 0.68785 0.15778
v -0.344806 0.794099 0.204411
v -0.357133 0.740975 0.211528
v -0.311127 0.832989 0.184966
v -0.344806 0.794099 0.204411
v -0.265119 0.847224 0.158404
v -0.219112 0.832989 0.131841
v -0.185432 0.794099 0.112396
v -0.173105 0.740975 0.105279
v -0.185432 0.794099 0.112396
v -0.185432 0.68785 0.112396
v -0.219112 0.64896 0.131841
v -0.185432 0.68785 0.112396
v -0.26512 0.634725 0.158404
v -0.311126 0.64896 0.184966
v -0.344806 0.68785 0.204411
v -0.344806 0.68785 0.204411
v -0.31592 0.794099 0.247641
v -0.327213 0.740975 0.256307
v -0.285067 0.832989 0.223967
v -0.31592 0.794099 0.247641
v -0.24292 0.847224 0.191627
v -0.200774 0.832989 0.159287
v -0.16992 0.794099 0.135612
v -0.158627 0.740975 0.126946
v -0.16992 0.794099 0.135612
v -0.169921 0.68785 0.135612
v -0.200774 0.64896 0.159287
v -0.169921 0.68785 0.135612
v -0.24292 0.634726 0.191627
v -0.285067 0.64896 0.223967
v -0.31592 0.68785 0.247641
v -0.31592 0.68785 0.247641
v -0.281639 0.794099 0.286732
v -0.291705 0.740974 0.296797
v -0.25414 0.832989 0.259232
v -0.281639 0.794099 0.286732
v -0.216575 0.847223 0.221668
v -0.17901 0.832989 0.184103
v -0.151511 0.794099 0.156604
v -0.141445 0.740975 0.146538
v -0.151511 0.794099 0.156604
v -0.151511 0.68785 0.156604
v -0.17901 0.64896 0.184103
v -0.151511 0.68785 0.156604
v -0.216575 0.634726 0.221668
v -0.25414 0.64896 0.259232
v -0.281639 0.68785 0.286732
v -0.281639 0.68785 0.286732
v -0.242549 0.794099 0.321013
v -0.251214 0.740975 0.332306
v -0.218874 0.832989 0.29016
v -0.242549 0.794099 0.321013
v -0.186534 0.847224 0.248013
v -0.154194 0.832989 0.205867
v -0.130519 0.794099 0.175013
v -0.121853 0.740975 0.16372
v -0.130519 0.794099 0.175013
v -0.13052 0.68785 0.175013
v -0.154194 0.64896 0.205867
v -0.13052 0.68785 0.175013
v -0.186534 0.634725 0.248013
v -0.218874 0.64896 0.29016
v -0.242549 0.68785 0.321013
v -0.242549 0.68785 0.321013
v -0.199318 0.794099 0.349899
v -0.206436 0.740975 0.362227
v -0.179873 0.832989 0.316219
v -0.199318 0.794099 0.349899
v -0.153311 0.847224 0.270212
v -0.126749 0.832989 0.224205
v -0.107304 0.794099 0.190525
v -0.100186 0.740975 0.178198
v -0.107304 0.794099 0.190525
v -0.107303 0.68785 0.190525
v -0.126749 0.64896 0.224205
v -0.107303 0.68785 0.190525
v -0.153311 0.634725 0.270212
v -0.179873 0.64896 0.316219
v -0.199318 0.68785 0.349899
v -0.199318 0.68785 0.349899
v -0.152687 0.794099 0.372895
v -0.158134 0.740975 0.386046
v -0.137805 0.832989 0.336965
v -0.152687 0.794099 0.372895
v -0.117475 0.847224 0.287884
v -0.097145 0.832989 0.238804
v -0.082262 0.794099 0.202874
v -0.076815 0.740974 0.189723
v -0.082262 0.794099 0.202874
v -0.082263 0.68785 0.202874
v -0.097145 0.64896 0.238804
v -0.082263 0.68785 0.202874
v -0.117475 0.634725 0.287884
v -0.137805 0.64896 0.336965
v -0.152687 0.68785 0.372895
v -0.152687 0.68785 0.372895
v -0.103453 0.794099 0.389607
v -0.107138 0.740975 0.403357
v -0.158134 0.740975 0.386046
v -0.093388 0.832989 0.352043
v -0.103453 0.794099 0.389607
v -0.079638 0.847224 0.300728
v -0.065889 0.832989 0.249414
v -0.055823 0.794099 0.211849
v -0.076815 0.740974 0.189723
v -0.052139 0.740975 0.1981
v -0.055823 0.794099 0.211849
v -0.055823 0.68785 0.211849
v -0.065888 0.64896 0.249414
v -0.055823 0.68785 0.211849
v -0.079638 0.634725 0.300728
v -0.093388 0.64896 0.352043
v -0.103453 0.68785 0.389607
v -0.103453 0.68785 0.389607
v -0.05246 0.794099 0.399751
v -0.054318 0.740975 0.413863
v -0.047384 0.832989 0.361194
v -0.05246 0.794099 0.399751
v -0.04045 0.847224 0.308524
v -0.033515 0.832989 0.255853
v -0.028439 0.794099 0.217296
v -0.026581 0.740974 0.203183
v -0.028439 0.794099 0.217296
v -0.028439 0.68785 0.217296
v -0.033515 0.64896 0.255853
v -0.028439 0.68785 0.217296
v -0.040449 0.634726 0.308524
v -0.047383 0.64896 0.361193
v -0.05246 0.68785 0.399751
v -0.05246 0.68785 0.399751
v -0.000578 0.794099 0.403151
v -0.000578 0.740975 0.417386
v -0.000578 0.832989 0.364261
v -0.000578 0.794099 0.403151
v -0.000577 0.847224 0.311137
v -0.000578 0.832989 0.258012
v -0.000578 0.794099 0.219123
v -0.000578 0.740975 0.204888
v -0.000578 0.794099 0.219123
v -0.000578 0.68785 0.219123
v -0.000578 0.64896 0.258012
v -0.000578 0.68785 0.219123
v -0.000578 0.634725 0.311137
v -0.000578 0.64896 0.364261
v -0.000578 0.68785 0.403151
v -0.000578 0.68785 0.403151
v 1.847742 0.793916 0.241712
v 1.848855 0.740975 0.250165
v 1.844702 0.832672 0.218617
v 1.847742 0.793916 0.241712
v 1.840548 0.846857 0.18707
v 1.836395 0.832672 0.155522
v 1.833355 0.793916 0.132428
v 1.832242 0.740975 0.123974
v 1.833355 0.793916 0.132428
v 1.833355 0.688033 0.132428
v 1.836395 0.649277 0.155522
v 1.833355 0.688033 0.132428
v 1.840549 0.635092 0.18707
v 1.844702 0.649277 0.218617
v 1.847742 0.688033 0.241712
v 1.847742 0.688033 0.241712
v 1.878286 0.793916 0.235636
v 1.880492 0.740975 0.243872
v 1.872257 0.832672 0.213136
v 1.878286 0.793916 0.235636
v 1.864022 0.846857 0.182401
v 1.855786 0.832672 0.151665
v 1.849757 0.793916 0.129165
v 1.855786 0.832672 0.151665
v 1.84755 0.740975 0.120929
v 1.849757 0.688033 0.129165
v 1.855786 0.649277 0.151665
v 1.849757 0.688033 0.129165
v 1.864022 0.635092 0.182401
v 1.872257 0.649277 0.213136
v 1.878285 0.688033 0.235636
v 1.878285 0.688033 0.235636
v 1.907776 0.793916 0.225626
v 1.911038 0.740975 0.233503
v 1.898861 0.832672 0.204105
v 1.907776 0.793916 0.225626
v 1.886684 0.846857 0.174708
v 1.874508 0.832672 0.14531
v 1.865593 0.793916 0.123789
v 1.874508 0.832672 0.14531
v 1.862331 0.740975 0.115912
v 1.865593 0.688033 0.123789
v 1.874508 0.649277 0.14531
v 1.865593 0.688033 0.123789
v 1.886685 0.635092 0.174708
v 1.898861 0.649277 0.204105
v 1.907776 0.688033 0.225626
v 1.907776 0.688033 0.225626
v 1.935706 0.793916 0.211852
v 1.939969 0.740974 0.219236
v 1.924059 0.832672 0.191679
v 1.935706 0.793916 0.211852
v 1.908149 0.846857 0.164122
v 1.89224 0.832672 0.136566
v 1.880592 0.793916 0.116393
v 1.89224 0.832672 0.136566
v 1.876329 0.740975 0.109009
v 1.880592 0.688033 0.116393
v 1.892239 0.649277 0.136566
v 1.880592 0.688033 0.116393
v 1.908149 0.635092 0.164122
v 1.924058 0.649277 0.191679
v 1.935706 0.688033 0.211852
v 1.935706 0.688033 0.211852
v 1.961599 0.793916 0.194551
v 1.96679 0.740974 0.201315
v 1.94742 0.832672 0.17607
v 1.961599 0.793916 0.194551
v 1.928048 0.846857 0.150826
v 1.908678 0.832672 0.125582
v 1.894497 0.793916 0.107101
v 1.889307 0.740975 0.100337
v 1.894497 0.793916 0.107101
v 1.894498 0.688033 0.107102
v 1.908678 0.649277 0.125582
v 1.894498 0.688033 0.107102
v 1.928049 0.635092 0.150826
v 1.94742 0.649277 0.17607
v 1.961599 0.688033 0.194551
v 1.961599 0.688033 0.194551
v 1.985014 0.793916 0.174017
v 1.991042 0.740974 0.180046
v 1.968543 0.832672 0.157546
v 1.985014 0.793916 0.174017
v 1.946042 0.846857 0.135046
v 1.923542 0.832672 0.112546
v 1.907071 0.793916 0.096075
v 1.901042 0.740975 0.090046
v 1.907071 0.793916 0.096075
v 1.907071 0.688033 0.096075
v 1.923542 0.649277 0.112546
v 1.907071 0.688033 0.096075
v 1.946042 0.635092 0.135046
v 1.968543 0.649278 0.157546
v 1.985014 0.688033 0.174017
v 1.985014 0.688033 0.174017
v 2.005547 0.793916 0.150603
v 2.012311 0.740975 0.155794
v 1.987067 0.832672 0.136423
v 2.005547 0.793916 0.150603
v 1.961822 0.846857 0.117052
v 1.936578 0.832672 0.097681
v 1.918098 0.793916 0.083501
v 1.911333 0.740974 0.078311
v 1.918098 0.793916 0.083501
v 1.918097 0.688033 0.083501
v 1.936578 0.649277 0.097681
v 1.918097 0.688033 0.083501
v 1.961823 0.635092 0.117052
v 1.987067 0.649277 0.136423
v 2.005547 0.688033 0.150603
v 2.005547 0.688033 0.150603
v 2.022848 0.793916 0.12471
v 2.030232 0.740974 0.128973
v 2.002676 0.832672 0.113063
v 2.022848 0.793916 0.12471
v 1.975119 0.846857 0.097153
v 1.947562 0.832672 0.081243
v 1.927388 0.793916 0.069596
v 1.920006 0.740975 0.065333
v 1.927388 0.793916 0.069596
v 1.927388 0.688033 0.069596
v 1.947562 0.649277 0.081243
v 1.927388 0.688033 0.069596
v 1.975119 0.635092 0.097153
v 2.002676 0.649277 0.113063
v 2.022848 0.688033 0.12471
v 2.022848 0.688033 0.12471
v 2.036622 0.793916 0.096779
v 2.0445 0.740975 0.100042
v 2.030232 0.740974 0.128973
v 2.015101 0.832672 0.087865
v 2.036622 0.793916 0.096779
v 1.985703 0.846857 0.075688
v 1.956306 0.832672 0.063511
v 1.934785 0.793916 0.054597
v 1.926909 0.740975 0.051334
v 1.934785 0.793916 0.054597
v 1.934785 0.688033 0.054597
v 1.956306 0.649277 0.063511
v 1.934785 0.688033 0.054597
v 1.985704 0.635092 0.075688
v 2.015101 0.649277 0.087865
v 2.036622 0.688033 0.096779
v 2.036622 0.688033 0.096779
v 2.046633 0.793916 0.06729
v 2.054868 0.740975 0.069496
v 2.024132 0.832672 0.061261
v 2.046633 0.793916 0.06729
v 1.993397 0.846857 0.053025
v 1.962662 0.832672 0.04479
v 1.940161 0.793916 0.038761
v 1.926909 0.740975 0.051334
v 1.931926 0.740975 0.036554
v 1.940161 0.793916 0.038761
v 1.940161 0.688033 0.038761
v 1.962661 0.649277 0.04479
v 1.940161 0.688033 0.038761
v 1.993397 0.635092 0.053025
v 2.024132 0.649277 0.061261
v 2.046633 0.688033 0.06729
v 2.046633 0.688033 0.06729
v 2.052708 0.793916 0.036746
v 2.061161 0.740975 0.037859
v 2.029613 0.832672 0.033705
v 2.052708 0.793916 0.036746
v 1.998065 0.846857 0.029552
v 1.966518 0.832672 0.025399
v 1.943424 0.793916 0.022358
v 1.934971 0.740975 0.021246
v 1.943424 0.793916 0.022358
v 1.943424 0.688033 0.022358
v 1.966518 0.649277 0.025399
v 1.943424 0.688033 0.022358
v 1.998066 0.635092 0.029552
v 2.029613 0.649277 0.033705
v 2.052707 0.688033 0.036746
v 2.052707 0.688033 0.036746
v 2.054745 0.793916 0.00567
v 1.967811 0.832672 0.005671
v 1.944517 0.793916 0.00567
v 1.935991 0.740975 0.005671
v 1.944518 0.688033 0.005671
v 0.162083 0.977135 0.205782
v 0.202756 0.975312 0.209792
v 0.113372 0.960723 0.241091
v 0.122972 0.978888 0.193906
v 0.066605 0.962671 0.23648
v 0.086928 0.980503 0.17462
v 0.021636 0.964545 0.222823
v 0.055334 0.981919 0.148666
v -0.019808 0.966271 0.200645
v 0.029406 0.983081 0.117041
v -0.056134 0.967785 0.170798
v 0.01014 0.983945 0.08096
v -0.085947 0.969027 0.13443
v -0.001724 0.984476 0.04181
v -0.108099 0.969949 0.092938
v -0.00573 0.984656 0.001096
v -0.12174 0.970518 0.047917
v -0.12174 0.970518 -0.045725
v -0.001724 0.984477 -0.039619
v -0.108099 0.969949 -0.090746
v 0.01014 0.983945 -0.078769
v -0.085946 0.969027 -0.132239
v 0.029406 0.983081 -0.11485
v -0.056135 0.967784 -0.168607
v 0.055334 0.981919 -0.146475
v -0.019809 0.966271 -0.198453
v 0.086927 0.980503 -0.172429
v 0.021636 0.964545 -0.220631
v 0.122972 0.978888 -0.191714
v 0.066605 0.962671 -0.234288
v 0.162083 0.977135 -0.20359
v 0.113372 0.960723 -0.2389
v 0.202757 0.975312 -0.2076
v 1.768157 0.874237 -0.11084
v 1.738462 0.891302 -0.081295
v 1.756084 0.889563 -0.076515
v 1.772326 0.88796 -0.068752
v 1.792709 0.873227 -0.104346
v 1.786561 0.886555 -0.058305
v 1.815336 0.872295 -0.093799
v 1.798243 0.885402 -0.045575
v 1.835169 0.871479 -0.079605
v 1.806924 0.884546 -0.031051
v 1.851445 0.870809 -0.062311
v 1.81227 0.884018 -0.015293
v 1.86354 0.870311 -0.042579
v 1.814076 0.88384 0.001096
v 1.870987 0.870005 -0.021169
v 1.870987 0.870005 0.023362
v 1.81227 0.884018 0.017485
v 1.863539 0.870311 0.044771
v 1.806924 0.884546 0.033244
v 1.851445 0.870809 0.064503
v 1.798244 0.885402 0.047767
v 1.835168 0.871479 0.081798
v 1.786561 0.886555 0.060497
v 1.815336 0.872295 0.095991
v 1.772326 0.88796 0.070944
v 1.792708 0.873227 0.106538
v 1.756084 0.889563 0.078707
v 1.738461 0.891302 0.083488
v 1.768157 0.874237 0.113032
v 1.928219 0.441816 0.110823
v 1.904704 0.441816 0.130122
v 1.904845 0.818358 0.130122
v 1.848907 0.818358 0.153292
v 1.82275 0.839078 0.140134
v 1.851307 0.838686 0.132067
v 1.795007 0.861362 0.128794
v 1.822149 0.860617 0.121385
v -0.012289 0.819186 0.285329
v 0.002326 0.86812 0.280039
v 1.82275 0.839078 0.140134
v 0.041273 0.915814 0.266307
v 1.795007 0.861362 0.128794
v 1.878017 0.818358 0.144461
v 1.877626 0.838325 0.118967
v 1.847163 0.859931 0.109353
v 1.904845 0.818358 0.130122
v 1.900696 0.838009 0.101337
v 1.869087 0.859329 0.093161
v 1.92836 0.818358 0.110823
v 1.919627 0.837749 0.079855
v 1.887081 0.858836 0.073431
v 1.947658 0.818358 0.087308
v 1.933695 0.837556 0.055346
v 1.900451 0.858469 0.050921
v 1.961999 0.818358 0.06048
v 1.942358 0.837438 0.028753
v 1.908684 0.858243 0.026497
v 1.970829 0.818358 0.03137
v 1.945283 0.837398 0.001096
v 1.911465 0.858167 0.001096
v 1.873502 0.869901 0.001096
v 1.942358 0.837438 -0.02656
v 1.970829 0.818358 -0.029177
v 1.908684 0.858243 -0.024305
v 1.933695 0.837556 -0.053154
v 1.961998 0.818358 -0.058288
v 1.900451 0.858469 -0.048729
v 1.919627 0.837749 -0.077663
v 1.947659 0.818358 -0.085116
v 1.887081 0.858836 -0.071239
v 1.900695 0.838009 -0.099145
v 1.92836 0.818358 -0.108631
v 1.869088 0.85933 -0.090969
v 1.877626 0.838325 -0.116775
v 1.904845 0.818357 -0.127929
v 1.847164 0.859931 -0.107161
v 1.851308 0.838686 -0.129875
v 1.878017 0.818358 -0.142269
v 1.82215 0.860617 -0.119192
v 1.82275 0.839078 -0.137942
v 1.848907 0.818358 -0.1511
v 1.795007 0.861362 -0.126602
v 1.82275 0.839078 -0.137942
v 0.002327 0.86812 -0.277847
v -0.012289 0.819186 -0.283138
v 1.795007 0.861362 -0.126602
v 0.041273 0.915814 -0.264115
v -0.052072 0.868875 -0.272487
v -0.010427 0.917249 -0.259019
v 0.041273 0.915814 -0.264115
v -0.06774 0.819186 -0.277676
v -0.104379 0.869601 -0.256614
v -0.06014 0.918629 -0.243927
v -0.010427 0.917249 -0.259019
v -0.12106 0.819186 -0.261502
v -0.152586 0.87027 -0.230837
v -0.104379 0.869601 -0.256614
v -0.06014 0.918629 -0.243927
v -0.105956 0.919902 -0.219419
v -0.170201 0.819186 -0.235236
v -0.19484 0.870856 -0.196147
v -0.152586 0.87027 -0.230837
v -0.146115 0.921016 -0.186437
v -0.213273 0.819186 -0.199888
v -0.229516 0.871337 -0.153877
v -0.19484 0.870856 -0.196147
v -0.179071 0.921931 -0.146248
v -0.248621 0.819186 -0.156816
v -0.255284 0.871695 -0.105651
v -0.229516 0.871337 -0.153877
v -0.203561 0.922611 -0.100396
v -0.274887 0.819186 -0.107676
v -0.255284 0.871695 -0.105651
v -0.271152 0.871915 -0.053323
v -0.255284 0.871695 -0.105651
v -0.218641 0.92303 -0.050644
v -0.291061 0.819186 -0.054356
v -0.276509 0.871989 0.001096
v -0.271152 0.871915 -0.053323
v -0.223734 0.923171 0.001096
v -0.126346 0.97071 0.001096
v -0.271151 0.871915 0.055515
v -0.291061 0.819186 0.056547
v -0.218641 0.92303 0.052836
v -0.271151 0.871915 0.055515
v -0.255284 0.871695 0.107843
v -0.274886 0.819187 0.109867
v -0.203561 0.922611 0.102587
v -0.255284 0.871695 0.107843
v -0.229516 0.871337 0.156068
v -0.248621 0.819186 0.159007
v -0.179071 0.921931 0.148439
v -0.229516 0.871337 0.156068
v -0.19484 0.870856 0.198338
v -0.213273 0.819186 0.202079
v -0.146115 0.921016 0.188628
v -0.19484 0.870856 0.198338
v -0.152586 0.87027 0.233028
v -0.170201 0.819186 0.237427
v -0.105957 0.919901 0.22161
v -0.152586 0.87027 0.233028
v -0.104379 0.869601 0.258805
v -0.12106 0.819186 0.263693
v -0.06014 0.918629 0.246118
v -0.104379 0.869601 0.258805
v -0.104379 0.869601 0.258805
v -0.052072 0.868875 0.274679
v -0.06774 0.819186 0.279868
v -0.010427 0.917249 0.261211
v -0.052072 0.868875 0.274679
v -0.010427 0.917249 0.261211
v 0.041273 0.915814 0.266307
v 1.899736 0.296598 0.14739
v 1.882174 0.36921 0.145039
v 1.90911 0.36921 0.130642
v 1.97367 0.441816 0.001096
v 1.970688 0.441816 0.03137
v 1.970829 0.818358 0.03137
v 1.947517 0.441816 -0.085116
v 1.947659 0.818358 -0.085116
v 1.92836 0.818358 -0.108631
v -0.01243 0.442645 -0.283138
v 1.848766 0.441816 -0.1511
v 1.848907 0.818358 -0.1511
v -0.170341 0.442645 -0.235236
v -0.213414 0.442645 0.202079
v -0.248761 0.442645 0.159008
v -0.291202 0.442645 -0.054355
v -0.296523 0.819186 0.001096
v -0.01243 0.442645 0.285329
v 1.848907 0.818358 0.153292
v 1.947518 0.441816 0.087308
v 1.92836 0.818358 0.110823
v 1.97381 0.818358 0.001096
v 1.970829 0.818358 -0.029177
v 1.92822 0.441816 -0.108631
v 1.904845 0.818357 -0.127929
v -0.291202 0.442645 0.056547
v -0.296663 0.442645 0.001096
v -0.213413 0.442645 -0.199888
v -0.170342 0.442645 0.237427
v 1.877876 0.441816 0.144461
v 1.848766 0.441816 0.153292
v 1.961857 0.441816 0.06048
v 1.947658 0.818358 0.087308
v 1.970688 0.441816 -0.029177
v 1.961998 0.818358 -0.058288
v 1.904705 0.441816 -0.127929
v 1.878017 0.818358 -0.142269
v -0.121201 0.442645 0.263693
v -0.067882 0.442645 -0.277676
v -0.275028 0.442645 0.109867
v -0.248761 0.442645 -0.156816
v -0.274887 0.819186 -0.107676
v 1.878017 0.818358 0.144461
v 1.961857 0.441816 0.06048
v 1.961999 0.818358 0.06048
v 1.961858 0.441816 -0.058288
v 1.877876 0.441816 -0.142269
v 1.878017 0.818358 -0.142269
v -0.275027 0.442645 -0.107676
v -0.067881 0.442645 0.279868
v -0.121201 0.442645 0.263693
v -0.12106 0.819186 0.263693
v -0.121201 0.442645 -0.261502
v 1.936894 0.183367 0.15236
v 1.927113 0.296598 0.132757
v 1.985433 0.296598 0.061693
v 1.966493 0.36921 0.060719
v 1.97536 0.36921 0.031492
v 1.970801 0.296598 -0.086877
v 1.985432 0.296598 -0.0595
v 1.966494 0.36921 -0.058527
v 1.870032 0.296598 -0.154208
v 1.899737 0.296598 -0.145197
v 1.882175 0.36921 -0.142847
v -0.297137 0.297444 -0.109897
v -0.279408 0.370042 -0.108114
v -0.295648 0.370042 -0.054579
v -0.270335 0.297444 0.162233
v -0.297138 0.297444 0.112089
v -0.279407 0.370042 0.110306
v -0.08576 0.297444 0.285561
v -0.140169 0.297444 0.269057
v -0.124961 0.370042 0.264752
v -0.14017 0.297444 -0.266865
v -0.124962 0.370042 -0.26256
v -0.174299 0.370042 -0.236189
v 1.870032 0.296598 0.1564
v 1.852947 0.36921 0.153905
v 1.9708 0.296598 0.089069
v 1.952096 0.36921 0.087656
v 1.966493 0.36921 0.060719
v 1.994443 0.296598 -0.029796
v 1.975361 0.36921 -0.029299
v 1.899737 0.296598 -0.145197
v 1.927112 0.296598 -0.130564
v 1.909111 0.36921 -0.128449
v -0.08576 0.297444 -0.28337
v -0.071427 0.370042 -0.2788
v -0.270335 0.297444 -0.160041
v -0.253036 0.370042 -0.157452
v -0.279408 0.370042 -0.108114
v -0.313643 0.297444 0.057679
v -0.295648 0.370042 0.05677
v -0.140169 0.297444 0.269057
v -0.190314 0.297444 0.242254
v -0.1743 0.370042 0.23838
v -0.029177 0.297444 0.291134
v -0.015752 0.370042 0.286475
v 1.951108 0.296598 0.113064
v 1.93272 0.36921 0.111266
v 1.997487 0.296598 0.001096
v 1.978354 0.36921 0.001096
v 1.951108 0.296598 -0.110872
v 1.932721 0.36921 -0.109073
v -0.029176 0.297444 -0.288943
v -0.015752 0.370042 -0.284284
v -0.234265 0.297444 -0.203993
v -0.217545 0.370042 -0.200698
v -0.319215 0.297444 0.001096
v -0.301131 0.370042 0.001096
v -0.234265 0.297444 0.206184
v -0.217545 0.370042 0.202889
v 1.994443 0.296598 0.031988
v 1.952097 0.36921 -0.085463
v 1.852947 0.36921 -0.151713
v -0.253036 0.370042 0.159644
v -0.071427 0.370042 0.280992
v -0.190313 0.297444 -0.240063
v -0.313642 0.297444 -0.055488
v 1.985528 0.084897 0.158863
v 1.9652 0.183367 0.13723
v 2.025502 0.183367 0.063752
v 2.010372 0.183367 -0.089865
v 2.025503 0.183367 -0.061559
v 1.90618 0.183367 -0.159485
v 1.936895 0.183367 -0.150168
v -0.306905 0.184241 0.167707
v -0.334619 0.184241 0.11586
v -0.11606 0.184241 0.295226
v -0.172317 0.184241 0.278161
v -0.172318 0.184241 -0.275969
v -0.334618 0.184241 -0.113668
v 1.90618 0.183367 0.161677
v 2.010373 0.183367 0.092058
v 1.985433 0.296598 0.061693
v 2.034819 0.183367 -0.030845
v 1.936895 0.183367 -0.150168
v 1.9652 0.183367 -0.135038
v -0.306905 0.184241 -0.165516
v -0.297137 0.297444 -0.109897
v -0.351684 0.184241 0.059602
v -0.172317 0.184241 0.278161
v -0.224165 0.184241 0.250447
v -0.11606 0.184241 -0.293035
v -0.057554 0.184241 0.300989
v 1.990011 0.183367 0.116868
v 2.037966 0.183367 0.001096
v 1.990011 0.183367 -0.114676
v -0.057553 0.184241 -0.298797
v -0.26961 0.184241 -0.210961
v -0.357446 0.184241 0.001096
v -0.26961 0.184241 0.213152
v 2.034819 0.183367 0.033038
v -0.224165 0.184241 -0.248256
v -0.351684 0.184241 -0.05741
v 1.986974 0.033208 0.159059
v 2.015051 0.084897 0.143082
v 2.077945 0.084897 0.066445
v 2.025502 0.183367 0.063752
v 2.034819 0.183367 0.033038
v 2.062165 0.084897 -0.093776
v 2.077945 0.084897 -0.064253
v 1.953494 0.084897 -0.166388
v 1.985529 0.084897 -0.15667
v -0.155683 0.085809 0.307871
v -0.21436 0.085809 0.290072
v -0.21436 0.085809 -0.28788
v -0.383638 0.085809 -0.118602
v -0.334618 0.184241 -0.113668
v -0.351684 0.184241 -0.05741
v -0.354734 0.085809 0.17487
v -0.383638 0.085809 0.120793
v 1.953493 0.084897 0.16858
v 2.062165 0.084897 0.095968
v 2.010373 0.183367 0.092058
v 2.087663 0.084897 -0.032218
v 1.985529 0.084897 -0.15667
v 2.015052 0.084897 -0.14089
v -0.401438 0.085809 0.062117
v -0.21436 0.085809 0.290072
v -0.268436 0.085809 0.261167
v -0.155684 0.085809 -0.30568
v -0.354734 0.085809 -0.172679
v -0.306905 0.184241 -0.165516
v -0.094663 0.085809 0.313881
v 2.040929 0.084897 0.121845
v 2.090944 0.084897 0.001096
v 2.040929 0.084897 -0.119653
v -0.315835 0.085809 -0.220077
v -0.407448 0.085809 0.001096
v -0.315835 0.085809 0.222268
v -0.094662 0.085809 -0.31169
v 2.087663 0.084897 0.034411
v -0.268437 0.085809 -0.258976
v -0.401438 0.085809 -0.059926
v -0.095799 0.034121 -0.312078
v -0.215645 0.034121 0.290431
v -0.095799 0.034122 0.314269
v 2.079508 0.033208 0.066526
v 2.077945 0.084897 0.066445
v 2.063707 0.033208 -0.093894
v 2.079507 0.033208 -0.064334
v 1.954901 0.033208 -0.166596
v 1.986975 0.033208 -0.156866
v -0.215645 0.034121 -0.288239
v -0.385134 0.034121 -0.118751
v -0.383638 0.085809 -0.118602
v -0.356193 0.034121 0.175086
v -0.385133 0.034121 0.120942
v -0.156896 0.034122 0.308252
v -0.215645 0.034121 0.290431
v 1.954901 0.033208 0.168788
v 2.063707 0.033208 0.096086
v 2.062165 0.084897 0.095968
v 2.077945 0.084897 0.066445
v 2.089237 0.033208 -0.03226
v 1.986975 0.033208 -0.156866
v 2.016536 0.033208 -0.141066
v -0.215645 0.034121 0.290431
v -0.269789 0.034121 0.26149
v -0.156896 0.034121 -0.306061
v -0.356193 0.034122 -0.172894
v -0.354734 0.085809 -0.172679
v -0.383638 0.085809 -0.118602
v -0.402955 0.034121 0.062193
v -0.095799 0.034122 0.314269
v 2.042444 0.033208 0.121995
v 2.092522 0.033208 0.001096
v 2.042445 0.033208 -0.119803
v -0.408972 0.034121 0.001096
v -0.317246 0.034121 0.222543
v -0.095799 0.034121 -0.312078
v -0.317246 0.034121 -0.220352
v 2.016534 0.033208 0.143259
v 2.089237 0.033208 0.034452
v -0.269789 0.034121 -0.259299
v -0.402955 0.034121 -0.060002
v -0.124961 0.370042 0.264752
v -0.275027 0.442645 -0.107676
v 1.882175 0.36921 -0.142847
v 2.031451 0.832672 0.00567
v 2.022848 0.793916 -0.113369
v 1.907071 0.793916 -0.084734
v 1.862331 0.740975 -0.104571
v 1.907776 0.688033 -0.214285
v -0.185432 0.68785 -0.101056
v -0.367802 0.68785 -0.146439
v -0.152687 0.794099 0.372895
v -0.082262 0.794099 0.202874
v -0.082263 0.68785 0.202874
v -0.152687 0.68785 0.372895
v 1.836395 0.832672 0.155522
v 1.880592 0.793916 0.116393
v 2.022848 0.793916 0.12471
v 2.022848 0.688033 0.12471
v 1.934785 0.793916 0.054597
v 1.934785 0.688033 0.054597
v 1.97381 0.818358 0.001096
v -0.276509 0.871989 0.001096
v 1.961999 0.818358 0.06048
v 1.877876 0.441816 -0.142269
v 2.025502 0.183367 0.063752
v -0.334618 0.184241 -0.113668
v 2.087663 0.084897 0.034411
v -0.401438 0.085809 -0.059926
v 1.954901 0.033208 0.168788
v 1.986974 0.033208 0.159059
v 2.016534 0.033208 0.143259
v 2.092522 0.033208 0.001096
v 2.042444 0.033208 0.121995
v 2.063707 0.033208 0.096086
v 2.079508 0.033208 0.066526
v 2.089237 0.033208 0.034452
v 2.089237 0.033208 -0.03226
v 2.079507 0.033208 -0.064334
v 2.063707 0.033208 -0.093894
v 1.954901 0.033208 -0.166596
v 2.042445 0.033208 -0.119803
v 2.016536 0.033208 -0.141066
v 1.986975 0.033208 -0.156866
v -0.156896 0.034121 -0.306061
v -0.356193 0.034122 -0.172894
v -0.215645 0.034121 -0.288239
v -0.269789 0.034121 -0.259299
v -0.317246 0.034121 -0.220352
v -0.385134 0.034121 -0.118751
v -0.402955 0.034121 -0.060002
v -0.408972 0.034121 0.001096
v -0.402955 0.034121 0.062193
v -0.385133 0.034121 0.120942
v -0.356193 0.034121 0.175086
v -0.317246 0.034121 0.222543
v -0.269789 0.034121 0.26149
v -0.156896 0.034122 0.308252
v 2.079508 0.033208 0.066526
v -0.385134 0.034121 -0.118751
vt 0.268798 0.68873
vt 0.274095 0.68441403
vt 0.268798 0.65368497
vt 0.268798 0.68873
vt 0.278094 0.68873
vt 0.274095 0.68441403
vt 0.2799 0.688653
vt 0.2799 0.688653
vt 0.281581 0.688424
vt 0.274095 0.68441403
vt 0.281581 0.688424
vt 0.283132 0.68804902
vt 0.283132 0.68804902
vt 0.284548 0.68753302
vt 0.274095 0.68441403
vt 0.284548 0.68753302
vt 0.285821 0.68688
vt 0.286945 0.686096
vt 0.287913 0.68518603
vt 0.287913 0.68518603
vt 0.2775 0.68441403
vt 0.274095 0.68441403
vt 0.287913 0.68518603
vt 0.28872 0.684155
vt 0.2775 0.68441403
vt 0.274095 0.67341697
vt 0.268798 0.65368497
vt 0.2775 0.68441403
vt 0.28872 0.684155
vt 0.27872 0.684372
vt 0.27872 0.684372
vt 0.28872 0.684155
vt 0.279816 0.68425
vt 0.279816 0.68425
vt 0.28872 0.684155
vt 0.28079 0.684049
vt 0.289358 0.683007
vt 0.28079 0.684049
vt 0.28079 0.684049
vt 0.289358 0.683007
vt 0.281648 0.68377203
vt 0.281648 0.68377203
vt 0.289358 0.683007
vt 0.282392 0.68342203
vt 0.282392 0.68342203
vt 0.283026 0.68300098
vt 0.289358 0.683007
vt 0.289822 0.68174797
vt 0.283026 0.68300098
vt 0.289822 0.68174797
vt 0.283555 0.68251097
vt 0.283555 0.68251097
vt 0.289822 0.68174797
vt 0.283982 0.68195498
vt 0.283982 0.68195498
vt 0.28431 0.68133497
vt 0.290105 0.680382
vt 0.28431 0.68133497
vt 0.28431 0.68133497
vt 0.290105 0.680382
vt 0.284544 0.680655
vt 0.284544 0.680655
vt 0.284687 0.67991602
vt 0.290201 0.67891502
vt 0.284687 0.67991602
vt 0.284687 0.67991602
vt 0.290201 0.67891502
vt 0.284742 0.67912102
vt 0.284742 0.67912102
vt 0.284719 0.678393
vt 0.290155 0.677922
vt 0.284719 0.678393
vt 0.290155 0.677922
vt 0.284619 0.67768103
vt 0.290155 0.677922
vt 0.290018 0.676974
vt 0.284619 0.67768103
vt 0.284431 0.67699403
vt 0.28415 0.67633998
vt 0.289793 0.676072
vt 0.283765 0.67573
vt 0.289793 0.676072
vt 0.28948 0.675218
vt 0.283765 0.67573
vt 0.28948 0.675218
vt 0.283269 0.67517102
vt 0.289082 0.67441398
vt 0.282654 0.67467302
vt 0.282654 0.67467302
vt 0.289082 0.67441398
vt 0.281912 0.674245
vt 0.2886 0.673661
vt 0.281912 0.674245
vt 0.281033 0.673896
vt 0.281033 0.673896
vt 0.2886 0.673661
vt 0.280011 0.67363602
vt 0.288035 0.672962
vt 0.280011 0.67363602
vt 0.288035 0.672962
vt 0.278835 0.673473
vt 0.278835 0.673473
vt 0.288035 0.672962
vt 0.2775 0.67341697
vt 0.274095 0.67341697
vt 0.274095 0.668895
vt 0.2775 0.67341697
vt 0.274095 0.668895
vt 0.2775 0.67341697
vt 0.288035 0.672962
vt 0.28739 0.672319
vt 0.274095 0.668895
vt 0.28739 0.672319
vt 0.286667 0.67173302
vt 0.274095 0.668895
vt 0.286667 0.67173302
vt 0.285866 0.67120498
vt 0.274095 0.668895
vt 0.285866 0.67120498
vt 0.28499 0.67073798
vt 0.28499 0.67073798
vt 0.28404 0.67033398
vt 0.274095 0.668895
vt 0.28404 0.67033398
vt 0.284851 0.669784
vt 0.284851 0.669784
vt 0.285617 0.669186
vt 0.285617 0.669186
vt 0.276311 0.668895
vt 0.274095 0.668895
vt 0.285617 0.669186
vt 0.276978 0.66887498
vt 0.276311 0.668895
vt 0.285617 0.669186
vt 0.286342 0.66854203
vt 0.276978 0.66887498
vt 0.274095 0.65368497
vt 0.276978 0.66887498
vt 0.286342 0.66854203
vt 0.277636 0.668801
vt 0.277636 0.668801
vt 0.286342 0.66854203
vt 0.278296 0.66865402
vt 0.278296 0.66865402
vt 0.286342 0.66854203
vt 0.278967 0.66841602
vt 0.287034 0.66785002
vt 0.278967 0.66841602
vt 0.287034 0.66785002
vt 0.279662 0.66806602
vt 0.279662 0.66806602
vt 0.287034 0.66785002
vt 0.280391 0.66758502
vt 0.287034 0.66785002
vt 0.287701 0.667112
vt 0.280391 0.66758502
vt 0.280391 0.66758502
vt 0.287701 0.667112
vt 0.281165 0.66695398
vt 0.28835 0.666326
vt 0.281165 0.66695398
vt 0.281996 0.66615498
vt 0.28835 0.666326
vt 0.288987 0.665493
vt 0.281996 0.66615498
vt 0.281996 0.66615498
vt 0.288987 0.665493
vt 0.282893 0.66516697
vt 0.288987 0.665493
vt 0.28962 0.664613
vt 0.282893 0.66516697
vt 0.283867 0.663971
vt 0.290257 0.66368598
vt 0.283867 0.663971
vt 0.290257 0.66368598
vt 0.284931 0.662548
vt 0.290903 0.66271198
vt 0.284931 0.662548
vt 0.291567 0.661691
vt 0.286093 0.66087902
vt 0.291567 0.661691
vt 0.292255 0.660622
vt 0.286093 0.66087902
vt 0.292255 0.660622
vt 0.290958 0.65368497
vt 0.292255 0.660622
vt 0.292634 0.660042
vt 0.290958 0.65368497
vt 0.292995 0.65950203
vt 0.292995 0.65950203
vt 0.293344 0.658989
vt 0.293344 0.658989
vt 0.29369 0.65849298
vt 0.290958 0.65368497
vt 0.29369 0.65849298
vt 0.29404 0.658
vt 0.294403 0.65750098
vt 0.294403 0.65750098
vt 0.294786 0.656982
vt 0.294786 0.656982
vt 0.295197 0.65643102
vt 0.295644 0.655838
vt 0.295644 0.655838
vt 0.296136 0.655191
vt 0.290958 0.65368497
vt 0.296136 0.655191
vt 0.296678 0.654477
vt 0.297281 0.65368497
vt 0.493984 0.65394002
vt 0.487509 0.65903097
vt 0.493984 0.69141
vt 0.493984 0.65394002
vt 0.47015 0.65502203
vt 0.487509 0.65903097
vt 0.47015 0.65502203
vt 0.470201 0.65953398
vt 0.487509 0.65903097
vt 0.487509 0.65903097
vt 0.488298 0.670094
vt 0.493984 0.69141
vt 0.488298 0.670094
vt 0.488321 0.674928
vt 0.493984 0.69141
vt 0.488298 0.670094
vt 0.470937 0.670173
vt 0.488321 0.674928
vt 0.470937 0.670173
vt 0.470937 0.674761
vt 0.488321 0.674928
vt 0.488321 0.674928
vt 0.487509 0.686279
vt 0.493984 0.69141
vt 0.487509 0.686279
vt 0.469699 0.68568897
vt 0.493984 0.69141
vt 0.469699 0.68568897
vt 0.469648 0.69019502
vt 0.493984 0.69141
vt 0.551112 0.64570302
vt 0.541945 0.65181798
vt 0.551112 0.689484
vt 0.551112 0.64570302
vt 0.531679 0.64710402
vt 0.541945 0.65181798
vt 0.531679 0.64710402
vt 0.528695 0.64742303
vt 0.541945 0.65181798
vt 0.526052 0.64791602
vt 0.526052 0.64791602
vt 0.523729 0.648565
vt 0.541945 0.65181798
vt 0.523729 0.648565
vt 0.52171 0.649355
vt 0.541945 0.65181798
vt 0.52171 0.649355
vt 0.519977 0.65027
vt 0.541945 0.65181798
vt 0.519977 0.65027
vt 0.518517 0.651299
vt 0.541945 0.65181798
vt 0.518517 0.651299
vt 0.517321 0.65242797
vt 0.541945 0.65181798
vt 0.517321 0.65242797
vt 0.531785 0.652349
vt 0.541945 0.65181798
vt 0.517321 0.65242797
vt 0.516378 0.65364802
vt 0.531785 0.652349
vt 0.541945 0.65181798
vt 0.543103 0.664923
vt 0.551112 0.689484
vt 0.531785 0.652349
vt 0.516378 0.65364802
vt 0.530017 0.652506
vt 0.530017 0.652506
vt 0.516378 0.65364802
vt 0.528484 0.65276998
vt 0.528484 0.65276998
vt 0.516378 0.65364802
vt 0.527165 0.65312803
vt 0.516378 0.65364802
vt 0.515681 0.654949
vt 0.527165 0.65312803
vt 0.527165 0.65312803
vt 0.515681 0.654949
vt 0.526046 0.65357
vt 0.526046 0.65357
vt 0.515681 0.654949
vt 0.525111 0.65408403
vt 0.525111 0.65408403
vt 0.515681 0.654949
vt 0.524347 0.65465897
vt 0.515681 0.654949
vt 0.515224 0.65631998
vt 0.524347 0.65465897
vt 0.524347 0.65465897
vt 0.515224 0.65631998
vt 0.523741 0.655284
vt 0.523741 0.655284
vt 0.515224 0.65631998
vt 0.523281 0.65595
vt 0.523281 0.65595
vt 0.515224 0.65631998
vt 0.522956 0.656645
vt 0.515224 0.65631998
vt 0.515003 0.657754
vt 0.522956 0.656645
vt 0.522956 0.656645
vt 0.515003 0.657754
vt 0.522754 0.65736002
vt 0.522754 0.65736002
vt 0.515003 0.657754
vt 0.522665 0.65808398
vt 0.515003 0.657754
vt 0.515014 0.65924197
vt 0.522665 0.65808398
vt 0.522665 0.65808398
vt 0.515014 0.65924197
vt 0.522679 0.658808
vt 0.522679 0.658808
vt 0.515014 0.65924197
vt 0.522838 0.659752
vt 0.515014 0.65924197
vt 0.515255 0.660711
vt 0.522838 0.659752
vt 0.522838 0.659752
vt 0.515255 0.660711
vt 0.523146 0.660622
vt 0.515255 0.660711
vt 0.515731 0.66211897
vt 0.523146 0.660622
vt 0.523146 0.660622
vt 0.515731 0.66211897
vt 0.523597 0.66142
vt 0.523597 0.66142
vt 0.515731 0.66211897
vt 0.524184 0.66214198
vt 0.515731 0.66211897
vt 0.516444 0.663455
vt 0.524184 0.66214198
vt 0.524184 0.66214198
vt 0.516444 0.663455
vt 0.524902 0.662789
vt 0.524902 0.662789
vt 0.516444 0.663455
vt 0.525747 0.66335702
vt 0.516444 0.663455
vt 0.5174 0.664712
vt 0.525747 0.66335702
vt 0.525747 0.66335702
vt 0.5174 0.664712
vt 0.526714 0.663844
vt 0.526714 0.663844
vt 0.5174 0.664712
vt 0.527798 0.664248
vt 0.527798 0.664248
vt 0.5174 0.664712
vt 0.528995 0.66456598
vt 0.528995 0.66456598
vt 0.5174 0.664712
vt 0.530302 0.66479498
vt 0.5174 0.664712
vt 0.518604 0.66587698
vt 0.530302 0.66479498
vt 0.530302 0.66479498
vt 0.518604 0.66587698
vt 0.531715 0.664932
vt 0.531715 0.664932
vt 0.518604 0.66587698
vt 0.53323 0.66497302
vt 0.543103 0.664923
vt 0.54307 0.670475
vt 0.551112 0.689484
vt 0.543103 0.664923
vt 0.53323 0.66497302
vt 0.54307 0.670475
vt 0.53323 0.66497302
vt 0.518604 0.66587698
vt 0.54307 0.670475
vt 0.518604 0.66587698
vt 0.520064 0.66693902
vt 0.54307 0.670475
vt 0.520064 0.66693902
vt 0.521676 0.667884
vt 0.54307 0.670475
vt 0.521676 0.667884
vt 0.523442 0.668693
vt 0.54307 0.670475
vt 0.523442 0.668693
vt 0.525533 0.66935802
vt 0.54307 0.670475
vt 0.525533 0.66935802
vt 0.527969 0.669865
vt 0.54307 0.670475
vt 0.527969 0.669865
vt 0.530773 0.6702
vt 0.54307 0.670475
vt 0.530773 0.6702
vt 0.533972 0.67034698
vt 0.54307 0.670475
vt 0.54307 0.670475
vt 0.541834 0.688739
vt 0.551112 0.689484
vt 0.507158 0.59384602
vt 0.49501 0.60110998
vt 0.507158 0.645864
vt 0.507158 0.59384602
vt 0.481189 0.595531
vt 0.49501 0.60110998
vt 0.481189 0.595531
vt 0.47711 0.59593302
vt 0.49501 0.60110998
vt 0.47711 0.59593302
vt 0.473478 0.596542
vt 0.49501 0.60110998
vt 0.473478 0.596542
vt 0.470273 0.597337
vt 0.49501 0.60110998
vt 0.470273 0.597337
vt 0.467474 0.598296
vt 0.49501 0.60110998
vt 0.467474 0.598296
vt 0.465064 0.599402
vt 0.49501 0.60110998
vt 0.465064 0.599402
vt 0.463028 0.60063702
vt 0.49501 0.60110998
vt 0.463028 0.60063702
vt 0.461353 0.60198897
vt 0.49501 0.60110998
vt 0.461353 0.60198897
vt 0.48131 0.601767
vt 0.49501 0.60110998
vt 0.461353 0.60198897
vt 0.460029 0.603442
vt 0.48131 0.601767
vt 0.49501 0.60110998
vt 0.496277 0.616691
vt 0.507158 0.645864
vt 0.48131 0.601767
vt 0.460029 0.603442
vt 0.478897 0.60196197
vt 0.478897 0.60196197
vt 0.460029 0.603442
vt 0.476796 0.60228503
vt 0.476796 0.60228503
vt 0.460029 0.603442
vt 0.474984 0.60272002
vt 0.460029 0.603442
vt 0.459046 0.604986
vt 0.474984 0.60272002
vt 0.474984 0.60272002
vt 0.459046 0.604986
vt 0.473442 0.603252
vt 0.473442 0.603252
vt 0.459046 0.604986
vt 0.472149 0.60386902
vt 0.472149 0.60386902
vt 0.459046 0.604986
vt 0.47109 0.60455698
vt 0.458396 0.60660797
vt 0.47109 0.60455698
vt 0.458396 0.60660797
vt 0.470246 0.605303
vt 0.470246 0.605303
vt 0.458396 0.60660797
vt 0.469604 0.60609603
vt 0.469604 0.60609603
vt 0.458396 0.60660797
vt 0.469145 0.60692197
vt 0.458396 0.60660797
vt 0.458074 0.60829997
vt 0.469145 0.60692197
vt 0.469145 0.60692197
vt 0.458074 0.60829997
vt 0.468857 0.60777098
vt 0.468857 0.60777098
vt 0.458074 0.60829997
vt 0.468724 0.60863
vt 0.458074 0.60829997
vt 0.458073 0.61005098
vt 0.468724 0.60863
vt 0.468724 0.60863
vt 0.458073 0.61005098
vt 0.468732 0.60948598
vt 0.468732 0.60948598
vt 0.468938 0.61060202
vt 0.458073 0.61005098
vt 0.458393 0.611777
vt 0.468938 0.61060202
vt 0.468938 0.61060202
vt 0.458393 0.611777
vt 0.469348 0.61163002
vt 0.458393 0.611777
vt 0.459038 0.613428
vt 0.469348 0.61163002
vt 0.469348 0.61163002
vt 0.459038 0.613428
vt 0.469956 0.612571
vt 0.469956 0.612571
vt 0.459038 0.613428
vt 0.470751 0.61342198
vt 0.459038 0.613428
vt 0.460012 0.61499298
vt 0.470751 0.61342198
vt 0.470751 0.61342198
vt 0.460012 0.61499298
vt 0.471726 0.61418402
vt 0.471726 0.61418402
vt 0.460012 0.61499298
vt 0.472875 0.614852
vt 0.460012 0.61499298
vt 0.461322 0.616462
vt 0.472875 0.614852
vt 0.472875 0.614852
vt 0.461322 0.616462
vt 0.47419 0.615426
vt 0.47419 0.615426
vt 0.461322 0.616462
vt 0.475664 0.615902
vt 0.475664 0.615902
vt 0.461322 0.616462
vt 0.477292 0.61627603
vt 0.477292 0.61627603
vt 0.461322 0.616462
vt 0.479067 0.61654502
vt 0.461322 0.616462
vt 0.462971 0.61782497
vt 0.479067 0.61654502
vt 0.479067 0.61654502
vt 0.462971 0.61782497
vt 0.480983 0.616706
vt 0.480983 0.616706
vt 0.462971 0.61782497
vt 0.483036 0.616754
vt 0.496277 0.616691
vt 0.49624 0.623255
vt 0.507158 0.645864
vt 0.496277 0.616691
vt 0.483036 0.616754
vt 0.49624 0.623255
vt 0.483036 0.616754
vt 0.462971 0.61782497
vt 0.49624 0.623255
vt 0.462971 0.61782497
vt 0.46497 0.61906898
vt 0.49624 0.623255
vt 0.46497 0.61906898
vt 0.467192 0.62017602
vt 0.49624 0.623255
vt 0.467192 0.62017602
vt 0.469641 0.62112898
vt 0.49624 0.623255
vt 0.469641 0.62112898
vt 0.472529 0.62191498
vt 0.49624 0.623255
vt 0.472529 0.62191498
vt 0.475875 0.622518
vt 0.49624 0.623255
vt 0.475875 0.622518
vt 0.479705 0.62291902
vt 0.49624 0.623255
vt 0.479705 0.62291902
vt 0.484046 0.62309802
vt 0.49624 0.623255
vt 0.49624 0.623255
vt 0.494889 0.64499402
vt 0.507158 0.645864
vt 0.025249 0.71024603
vt 0.038729 0.70946997
vt 0.025249 0.65412098
vt 0.038729 0.65498602
vt 0.064299 0.582348
vt 0.049435 0.582999
vt 0.064299 0.64604503
vt 0.049435 0.582999
vt 0.049533 0.637289
vt 0.064299 0.64604503
vt 0.049533 0.637289
vt 0.004036 0.635391
vt 0.064299 0.64604503
vt 0.004036 0.635391
vt 0.003923 0.642802
vt 0.064299 0.64604503
vt 0.390988 0.58191198
vt 0.376923 0.591065
vt 0.390988 0.65069002
vt 0.390988 0.58191198
vt 0.337021 0.583678
vt 0.376923 0.591065
vt 0.337021 0.583678
vt 0.337106 0.592063
vt 0.376923 0.591065
vt 0.376923 0.591065
vt 0.377457 0.60989302
vt 0.390988 0.65069002
vt 0.377457 0.60989302
vt 0.377638 0.61868
vt 0.390988 0.65069002
vt 0.377457 0.60989302
vt 0.33785 0.61008298
vt 0.377638 0.61868
vt 0.33785 0.61008298
vt 0.338103 0.618506
vt 0.377638 0.61868
vt 0.377638 0.61868
vt 0.376862 0.65025502
vt 0.390988 0.65069002
vt 0.424325 0.684668
vt 0.429621 0.688985
vt 0.429621 0.65394002
vt 0.420326 0.688985
vt 0.418521 0.68890798
vt 0.41684 0.68867898
vt 0.418521 0.68890798
vt 0.424325 0.684668
vt 0.415288 0.688304
vt 0.41684 0.68867898
vt 0.424325 0.684668
vt 0.413873 0.687788
vt 0.415288 0.688304
vt 0.4126 0.68713498
vt 0.411477 0.686351
vt 0.410508 0.68544102
vt 0.411477 0.686351
vt 0.424325 0.684668
vt 0.42092 0.68466902
vt 0.410508 0.68544102
vt 0.424325 0.684668
vt 0.409702 0.68440998
vt 0.410508 0.68544102
vt 0.42092 0.68466902
vt 0.424325 0.67367202
vt 0.429621 0.65394002
vt 0.409702 0.68440998
vt 0.42092 0.68466902
vt 0.4197 0.684627
vt 0.4197 0.684627
vt 0.418605 0.684505
vt 0.409702 0.68440998
vt 0.418605 0.684505
vt 0.417631 0.684304
vt 0.409063 0.683262
vt 0.417631 0.684304
vt 0.409063 0.683262
vt 0.417631 0.684304
vt 0.416773 0.68402702
vt 0.409063 0.683262
vt 0.416773 0.68402702
vt 0.416029 0.68367702
vt 0.416029 0.68367702
vt 0.415395 0.68325502
vt 0.408599 0.68200302
vt 0.408599 0.68200302
vt 0.415395 0.68325502
vt 0.414866 0.682765
vt 0.408599 0.68200302
vt 0.414866 0.682765
vt 0.414439 0.68221003
vt 0.408599 0.68200302
vt 0.414439 0.68221003
vt 0.414111 0.68159002
vt 0.408316 0.680637
vt 0.414111 0.68159002
vt 0.408316 0.680637
vt 0.414111 0.68159002
vt 0.413878 0.68091
vt 0.413735 0.680171
vt 0.408221 0.67917
vt 0.413679 0.679376
vt 0.408221 0.67917
vt 0.413679 0.679376
vt 0.413702 0.678648
vt 0.408267 0.678177
vt 0.408221 0.67917
vt 0.413702 0.678648
vt 0.408267 0.678177
vt 0.413702 0.678648
vt 0.413802 0.67793602
vt 0.408403 0.67722797
vt 0.413802 0.67793602
vt 0.413989 0.677249
vt 0.408403 0.67722797
vt 0.413989 0.677249
vt 0.414271 0.67659497
vt 0.408628 0.67632598
vt 0.414271 0.67659497
vt 0.408628 0.67632598
vt 0.414656 0.67598403
vt 0.408941 0.67547202
vt 0.408941 0.67547202
vt 0.414656 0.67598403
vt 0.415151 0.675425
vt 0.409339 0.674668
vt 0.415766 0.674928
vt 0.409339 0.674668
vt 0.415766 0.674928
vt 0.416509 0.6745
vt 0.409822 0.67391598
vt 0.416509 0.6745
vt 0.409822 0.67391598
vt 0.416509 0.6745
vt 0.417387 0.674151
vt 0.409822 0.67391598
vt 0.417387 0.674151
vt 0.41841 0.673891
vt 0.410386 0.673217
vt 0.409822 0.67391598
vt 0.41841 0.673891
vt 0.410386 0.673217
vt 0.41841 0.673891
vt 0.419585 0.673728
vt 0.410386 0.673217
vt 0.419585 0.673728
vt 0.42092 0.67367202
vt 0.424325 0.66915
vt 0.424325 0.67367202
vt 0.42092 0.67367202
vt 0.410386 0.673217
vt 0.411031 0.67257398
vt 0.410386 0.673217
vt 0.424325 0.66915
vt 0.411754 0.671988
vt 0.411031 0.67257398
vt 0.412555 0.67145997
vt 0.413431 0.67099297
vt 0.412555 0.67145997
vt 0.424325 0.66915
vt 0.414381 0.67058903
vt 0.413431 0.67099297
vt 0.413569 0.670039
vt 0.414381 0.67058903
vt 0.412805 0.66944098
vt 0.413569 0.670039
vt 0.422109 0.66915
vt 0.412805 0.66944098
vt 0.424325 0.66915
vt 0.421442 0.66913003
vt 0.412805 0.66944098
vt 0.422109 0.66915
vt 0.412079 0.66879702
vt 0.412805 0.66944098
vt 0.421442 0.66913003
vt 0.424325 0.65394002
vt 0.412079 0.66879702
vt 0.420784 0.669056
vt 0.412079 0.66879702
vt 0.420784 0.669056
vt 0.420125 0.668909
vt 0.412079 0.66879702
vt 0.420125 0.668909
vt 0.419453 0.668671
vt 0.411387 0.668105
vt 0.412079 0.66879702
vt 0.419453 0.668671
vt 0.411387 0.668105
vt 0.419453 0.668671
vt 0.418758 0.66832
vt 0.411387 0.668105
vt 0.418758 0.66832
vt 0.418029 0.66784
vt 0.41072 0.66736698
vt 0.418029 0.66784
vt 0.417255 0.66720903
vt 0.410071 0.66658098
vt 0.416425 0.66640902
vt 0.409434 0.665748
vt 0.415528 0.665421
vt 0.408801 0.664868
vt 0.414554 0.664226
vt 0.408165 0.66394103
vt 0.408801 0.664868
vt 0.414554 0.664226
vt 0.408165 0.66394103
vt 0.414554 0.664226
vt 0.41349 0.662803
vt 0.407518 0.66296703
vt 0.408165 0.66394103
vt 0.41349 0.662803
vt 0.406855 0.661945
vt 0.407518 0.66296703
vt 0.41349 0.662803
vt 0.406855 0.661945
vt 0.412328 0.661134
vt 0.406167 0.660877
vt 0.407464 0.65394002
vt 0.405787 0.66029698
vt 0.405427 0.659756
vt 0.405078 0.659244
vt 0.405427 0.659756
vt 0.407464 0.65394002
vt 0.404732 0.65874702
vt 0.405078 0.659244
vt 0.404381 0.65825498
vt 0.404732 0.65874702
vt 0.404019 0.65775502
vt 0.404381 0.65825498
vt 0.407464 0.65394002
vt 0.403636 0.65723598
vt 0.404019 0.65775502
vt 0.403224 0.656686
vt 0.402778 0.656093
vt 0.402286 0.655446
vt 0.401744 0.654732
vt 0.402286 0.655446
vt 0.407464 0.65394002
vt 0.401141 0.65394002
vt 0.401744 0.654732
vt 0.455328 0.686319
vt 0.461803 0.69141
vt 0.461803 0.65394002
vt 0.437968 0.690328
vt 0.461803 0.69141
vt 0.455328 0.686319
vt 0.43802 0.685816
vt 0.437968 0.690328
vt 0.455328 0.686319
vt 0.456117 0.675256
vt 0.455328 0.686319
vt 0.461803 0.65394002
vt 0.45614 0.67042202
vt 0.456117 0.675256
vt 0.461803 0.65394002
vt 0.438756 0.67517698
vt 0.456117 0.675256
vt 0.45614 0.67042202
vt 0.438756 0.67058903
vt 0.438756 0.67517698
vt 0.45614 0.67042202
vt 0.455328 0.65907103
vt 0.45614 0.67042202
vt 0.461803 0.65394002
vt 0.437517 0.659661
vt 0.455328 0.65907103
vt 0.461803 0.65394002
vt 0.437467 0.655155
vt 0.437517 0.659661
vt 0.461803 0.65394002
vt 0.541947 0.631512
vt 0.551114 0.637627
vt 0.551114 0.59384602
vt 0.53168 0.636226
vt 0.551114 0.637627
vt 0.541947 0.631512
vt 0.528695 0.63590598
vt 0.53168 0.636226
vt 0.541947 0.631512
vt 0.526052 0.635413
vt 0.528695 0.63590598
vt 0.541947 0.631512
vt 0.52373 0.63476402
vt 0.526052 0.635413
vt 0.541947 0.631512
vt 0.52171 0.63397503
vt 0.52373 0.63476402
vt 0.541947 0.631512
vt 0.519977 0.63305902
vt 0.52171 0.63397503
vt 0.541947 0.631512
vt 0.518517 0.63203102
vt 0.519977 0.63305902
vt 0.541947 0.631512
vt 0.517321 0.63090098
vt 0.518517 0.63203102
vt 0.541947 0.631512
vt 0.531786 0.63098
vt 0.517321 0.63090098
vt 0.541947 0.631512
vt 0.516378 0.629681
vt 0.517321 0.63090098
vt 0.531786 0.63098
vt 0.543105 0.618407
vt 0.541947 0.631512
vt 0.551114 0.59384602
vt 0.516378 0.629681
vt 0.531786 0.63098
vt 0.530018 0.63082302
vt 0.516378 0.629681
vt 0.530018 0.63082302
vt 0.528484 0.63055998
vt 0.516378 0.629681
vt 0.528484 0.63055998
vt 0.527165 0.63020098
vt 0.515681 0.62838
vt 0.516378 0.629681
vt 0.527165 0.63020098
vt 0.515681 0.62838
vt 0.527165 0.63020098
vt 0.526046 0.629759
vt 0.515681 0.62838
vt 0.526046 0.629759
vt 0.525111 0.62924498
vt 0.515681 0.62838
vt 0.525111 0.62924498
vt 0.524347 0.62866998
vt 0.515225 0.62700897
vt 0.515681 0.62838
vt 0.524347 0.62866998
vt 0.515225 0.62700897
vt 0.524347 0.62866998
vt 0.523741 0.62804502
vt 0.515225 0.62700897
vt 0.523741 0.62804502
vt 0.523281 0.62738
vt 0.515225 0.62700897
vt 0.523281 0.62738
vt 0.522956 0.626684
vt 0.515003 0.625575
vt 0.515225 0.62700897
vt 0.522956 0.626684
vt 0.515003 0.625575
vt 0.522956 0.626684
vt 0.522754 0.625969
vt 0.515003 0.625575
vt 0.522754 0.625969
vt 0.522666 0.62524498
vt 0.515014 0.62408698
vt 0.515003 0.625575
vt 0.522666 0.62524498
vt 0.515014 0.62408698
vt 0.522666 0.62524498
vt 0.522679 0.62452102
vt 0.515014 0.62408698
vt 0.522679 0.62452102
vt 0.522839 0.623577
vt 0.515255 0.62261802
vt 0.515014 0.62408698
vt 0.522839 0.623577
vt 0.515255 0.62261802
vt 0.522839 0.623577
vt 0.523147 0.622707
vt 0.515731 0.62120998
vt 0.515255 0.62261802
vt 0.523147 0.622707
vt 0.515731 0.62120998
vt 0.523147 0.622707
vt 0.523598 0.62190902
vt 0.523598 0.62190902
vt 0.524185 0.62118697
vt 0.516445 0.619874
vt 0.515731 0.62120998
vt 0.524185 0.62118697
vt 0.516445 0.619874
vt 0.524185 0.62118697
vt 0.524903 0.62054002
vt 0.516445 0.619874
vt 0.524903 0.62054002
vt 0.525748 0.619973
vt 0.517401 0.618618
vt 0.516445 0.619874
vt 0.525748 0.619973
vt 0.517401 0.618618
vt 0.525748 0.619973
vt 0.526715 0.61948502
vt 0.517401 0.618618
vt 0.526715 0.61948502
vt 0.527799 0.61908102
vt 0.517401 0.618618
vt 0.527799 0.61908102
vt 0.528997 0.61876303
vt 0.517401 0.618618
vt 0.528997 0.61876303
vt 0.530303 0.61853403
vt 0.518605 0.61745298
vt 0.517401 0.618618
vt 0.530303 0.61853403
vt 0.518605 0.61745298
vt 0.530303 0.61853403
vt 0.531716 0.618397
vt 0.518605 0.61745298
vt 0.531716 0.618397
vt 0.533231 0.618356
vt 0.543072 0.61285502
vt 0.543105 0.618407
vt 0.551114 0.59384602
vt 0.533231 0.618356
vt 0.543105 0.618407
vt 0.543072 0.61285502
vt 0.518605 0.61745298
vt 0.533231 0.618356
vt 0.543072 0.61285502
vt 0.520064 0.61639
vt 0.518605 0.61745298
vt 0.543072 0.61285502
vt 0.521677 0.61544502
vt 0.520064 0.61639
vt 0.543072 0.61285502
vt 0.523443 0.614636
vt 0.521677 0.61544502
vt 0.543072 0.61285502
vt 0.525534 0.613972
vt 0.523443 0.614636
vt 0.543072 0.61285502
vt 0.52797 0.613465
vt 0.525534 0.613972
vt 0.543072 0.61285502
vt 0.530774 0.61312902
vt 0.52797 0.613465
vt 0.543072 0.61285502
vt 0.533973 0.61298198
vt 0.530774 0.61312902
vt 0.543072 0.61285502
vt 0.541835 0.59459
vt 0.543072 0.61285502
vt 0.551114 0.59384602
vt 0.438079 0.6386
vt 0.450228 0.645864
vt 0.450228 0.59384602
vt 0.424258 0.64417797
vt 0.450228 0.645864
vt 0.438079 0.6386
vt 0.420178 0.643776
vt 0.424258 0.64417797
vt 0.438079 0.6386
vt 0.416547 0.64316702
vt 0.420178 0.643776
vt 0.438079 0.6386
vt 0.413341 0.64237303
vt 0.416547 0.64316702
vt 0.438079 0.6386
vt 0.410542 0.641414
vt 0.408131 0.64030802
vt 0.410542 0.641414
vt 0.438079 0.6386
vt 0.406095 0.639072
vt 0.408131 0.64030802
vt 0.438079 0.6386
vt 0.404421 0.63772
vt 0.406095 0.639072
vt 0.438079 0.6386
vt 0.424379 0.63794202
vt 0.404421 0.63772
vt 0.438079 0.6386
vt 0.403096 0.636267
vt 0.404421 0.63772
vt 0.424379 0.63794202
vt 0.439347 0.62301898
vt 0.438079 0.6386
vt 0.450228 0.59384602
vt 0.403096 0.636267
vt 0.424379 0.63794202
vt 0.421966 0.637747
vt 0.403096 0.636267
vt 0.421966 0.637747
vt 0.419865 0.637425
vt 0.403096 0.636267
vt 0.419865 0.637425
vt 0.418053 0.63699
vt 0.402113 0.63472402
vt 0.403096 0.636267
vt 0.418053 0.63699
vt 0.402113 0.63472402
vt 0.418053 0.63699
vt 0.41651 0.63645703
vt 0.402113 0.63472402
vt 0.41651 0.63645703
vt 0.415218 0.63584
vt 0.402113 0.63472402
vt 0.415218 0.63584
vt 0.414158 0.63515198
vt 0.401464 0.633101
vt 0.402113 0.63472402
vt 0.414158 0.63515198
vt 0.413315 0.63440597
vt 0.401464 0.633101
vt 0.413315 0.63440597
vt 0.412672 0.633614
vt 0.401464 0.633101
vt 0.412672 0.633614
vt 0.412213 0.632787
vt 0.401142 0.63141
vt 0.401464 0.633101
vt 0.412213 0.632787
vt 0.401142 0.63141
vt 0.412213 0.632787
vt 0.411925 0.631939
vt 0.401142 0.63141
vt 0.411925 0.631939
vt 0.411792 0.63107997
vt 0.401141 0.62965798
vt 0.401142 0.63141
vt 0.411792 0.63107997
vt 0.401141 0.62965798
vt 0.411792 0.63107997
vt 0.4118 0.63022298
vt 0.401141 0.62965798
vt 0.4118 0.63022298
vt 0.412006 0.629108
vt 0.40146 0.627932
vt 0.401141 0.62965798
vt 0.412006 0.629108
vt 0.40146 0.627932
vt 0.412006 0.629108
vt 0.412417 0.628079
vt 0.402106 0.62628198
vt 0.40146 0.627932
vt 0.412417 0.628079
vt 0.402106 0.62628198
vt 0.412417 0.628079
vt 0.413024 0.62713897
vt 0.402106 0.62628198
vt 0.413024 0.62713897
vt 0.413819 0.62628698
vt 0.40308 0.624717
vt 0.402106 0.62628198
vt 0.413819 0.62628698
vt 0.40308 0.624717
vt 0.413819 0.62628698
vt 0.414795 0.625526
vt 0.40308 0.624717
vt 0.414795 0.625526
vt 0.415943 0.624857
vt 0.40439 0.62324703
vt 0.40308 0.624717
vt 0.415943 0.624857
vt 0.40439 0.62324703
vt 0.415943 0.624857
vt 0.417258 0.62428302
vt 0.40439 0.62324703
vt 0.417258 0.62428302
vt 0.418733 0.62380803
vt 0.40439 0.62324703
vt 0.418733 0.62380803
vt 0.420361 0.623434
vt 0.40439 0.62324703
vt 0.420361 0.623434
vt 0.422136 0.623164
vt 0.406039 0.621884
vt 0.40439 0.62324703
vt 0.422136 0.623164
vt 0.406039 0.621884
vt 0.422136 0.623164
vt 0.424052 0.62300402
vt 0.406039 0.621884
vt 0.424052 0.62300402
vt 0.426105 0.62295598
vt 0.43931 0.616454
vt 0.439347 0.62301898
vt 0.450228 0.59384602
vt 0.426105 0.62295598
vt 0.439347 0.62301898
vt 0.43931 0.616454
vt 0.406039 0.621884
vt 0.426105 0.62295598
vt 0.43931 0.616454
vt 0.408039 0.620641
vt 0.406039 0.621884
vt 0.43931 0.616454
vt 0.41026 0.619533
vt 0.408039 0.620641
vt 0.43931 0.616454
vt 0.41271 0.61857998
vt 0.41026 0.619533
vt 0.43931 0.616454
vt 0.415598 0.61779398
vt 0.41271 0.61857998
vt 0.43931 0.616454
vt 0.418944 0.61719197
vt 0.415598 0.61779398
vt 0.43931 0.616454
vt 0.422774 0.61679
vt 0.418944 0.61719197
vt 0.43931 0.616454
vt 0.427116 0.61661202
vt 0.422774 0.61679
vt 0.43931 0.616454
vt 0.437958 0.594715
vt 0.43931 0.616454
vt 0.450228 0.59384602
vt 0.017403 0.65489697
vt 0.003923 0.65412098
vt 0.003923 0.71024603
vt 0.017403 0.70938098
vt 0.314311 0.64495802
vt 0.329176 0.64560902
vt 0.329176 0.58191198
vt 0.314409 0.59066802
vt 0.314311 0.64495802
vt 0.329176 0.58191198
vt 0.268912 0.592565
vt 0.314409 0.59066802
vt 0.329176 0.58191198
vt 0.268798 0.585154
vt 0.268912 0.592565
vt 0.329176 0.58191198
vt 0.112046 0.641972
vt 0.126111 0.65112603
vt 0.126111 0.582348
vt 0.072145 0.649359
vt 0.126111 0.65112603
vt 0.112046 0.641972
vt 0.07223 0.640974
vt 0.072145 0.649359
vt 0.112046 0.641972
vt 0.11258 0.62314397
vt 0.112046 0.641972
vt 0.126111 0.582348
vt 0.112761 0.614357
vt 0.11258 0.62314397
vt 0.126111 0.582348
vt 0.072974 0.622954
vt 0.11258 0.62314397
vt 0.112761 0.614357
vt 0.073227 0.61453098
vt 0.072974 0.622954
vt 0.112761 0.614357
vt 0.111985 0.58278197
vt 0.112761 0.614357
vt 0.126111 0.582348
vt 0.462411 0.722865
vt 0.456642 0.722803
vt 0.456648 0.723679
vt 0.193508 0.689839
vt 0.186725 0.689839
vt 0.186714 0.69298798
vt 0.443343 0.72880203
vt 0.443311 0.728262
vt 0.437554 0.728262
vt 0.47498 0.718916
vt 0.47498 0.719873
vt 0.480748 0.71980298
vt 0.380044 0.72334898
vt 0.380039 0.722268
vt 0.374278 0.72227103
vt 0.474952 0.70294797
vt 0.47495 0.70387697
vt 0.480717 0.703807
vt 0.219646 0.707241
vt 0.225402 0.70713
vt 0.225421 0.706375
vt 0.504173 0.66803002
vt 0.504173 0.67396802
vt 0.506259 0.673945
vt 0.257022 0.71822703
vt 0.249573 0.71827
vt 0.249603 0.719778
vt 0.443311 0.728262
vt 0.443283 0.72766203
vt 0.437526 0.72766203
vt 0.69489 0.69969702
vt 0.694972 0.70143098
vt 0.701436 0.701526
vt 0.193421 0.68447697
vt 0.186754 0.68447697
vt 0.186738 0.68700898
vt 0.164806 0.730353
vt 0.159038 0.73036098
vt 0.159058 0.731053
vt 0.193574 0.69298798
vt 0.186714 0.69298798
vt 0.186689 0.70184702
vt 0.401194 0.724869
vt 0.406963 0.724846
vt 0.406963 0.72383898
vt 0.046595 0.721968
vt 0.053134 0.721968
vt 0.053175 0.72111398
vt 0.364069 0.72121102
vt 0.356382 0.72121102
vt 0.356386 0.72210598
vt 0.249511 0.709539
vt 0.24951 0.71137202
vt 0.256984 0.71132898
vt 0.364065 0.72405303
vt 0.356352 0.72405303
vt 0.356311 0.725097
vt 0.159387 0.70514703
vt 0.159376 0.706478
vt 0.167166 0.70654202
vt 0.616425 0.708548
vt 0.616736 0.72552
vt 0.62258 0.72558302
vt 0.543354 0.71275097
vt 0.543359 0.71393698
vt 0.550025 0.71398598
vt 0.24951 0.71137202
vt 0.249516 0.71316898
vt 0.25697 0.713126
vt 0.383492 0.65908098
vt 0.374278 0.65876502
vt 0.374278 0.70959198
vt 0.046584 0.72511
vt 0.053099 0.72511
vt 0.053091 0.724375
vt 0.474973 0.71350002
vt 0.474974 0.71408898
vt 0.480742 0.714019
vt 0.257068 0.71973503
vt 0.249603 0.719778
vt 0.249637 0.72109997
vt 0.4375 0.72275102
vt 0.443257 0.72275102
vt 0.443285 0.72209197
vt 0.159365 0.700383
vt 0.159381 0.702092
vt 0.167273 0.70215702
vt 0.653335 0.67983103
vt 0.661435 0.67983
vt 0.661456 0.667962
vt 0.488594 0.69948602
vt 0.488702 0.71707898
vt 0.495675 0.717126
vt 0.65363 0.69967502
vt 0.661301 0.69967502
vt 0.661335 0.69714803
vt 0.675183 0.67377
vt 0.675211 0.703703
vt 0.686394 0.703829
vt 0.202776 0.71910697
vt 0.211745 0.71910697
vt 0.211771 0.70575398
vt 0.506816 0.65987802
vt 0.506816 0.65394002
vt 0.50183 0.65399402
vt 0.159389 0.703682
vt 0.159387 0.70514703
vt 0.167207 0.705212
vt 0.380114 0.71846098
vt 0.380145 0.717983
vt 0.374384 0.717986
vt 0.474978 0.71727198
vt 0.474979 0.718054
vt 0.480747 0.71798402
vt 0.046576 0.724374
vt 0.053091 0.724375
vt 0.053094 0.723603
vt 0.474976 0.71527302
vt 0.474977 0.715896
vt 0.480744 0.71582502
vt 0.46242 0.72476202
vt 0.456652 0.72469997
vt 0.456653 0.725868
vt 0.603844 0.727288
vt 0.597468 0.727328
vt 0.597494 0.728481
vt 0.699267 0.63395798
vt 0.693514 0.633761
vt 0.693514 0.665497
vt 0.50183 0.68816102
vt 0.506016 0.688107
vt 0.506016 0.68208402
vt 0.578338 0.72687298
vt 0.578354 0.728276
vt 0.584113 0.728422
vt 0.159376 0.706478
vt 0.159356 0.707668
vt 0.167119 0.70773202
vt 0.193371 0.67368
vt 0.18694 0.67368
vt 0.186898 0.67502898
vt 0.158974 0.726422
vt 0.158989 0.727834
vt 0.164757 0.727826
vt 0.05314 0.72645402
vt 0.053116 0.72580498
vt 0.046598 0.72580498
vt 0.356338 0.71960402
vt 0.356365 0.720376
vt 0.364052 0.720376
vt 0.543356 0.715034
vt 0.543346 0.71603698
vt 0.549959 0.71608502
vt 0.219632 0.70815098
vt 0.225387 0.70804
vt 0.225402 0.70713
vt 0.053184 0.727238
vt 0.05314 0.72645402
vt 0.046618 0.72645402
vt 0.443283 0.72766203
vt 0.44326 0.727013
vt 0.437504 0.727013
vt 0.249548 0.71662498
vt 0.249573 0.71827
vt 0.257022 0.71822703
vt 0.046574 0.65412098
vt 0.046574 0.711805
vt 0.057032 0.71216398
vt 0.164787 0.729585
vt 0.159019 0.72959298
vt 0.159038 0.73036098
vt 0.186689 0.621996
vt 0.193877 0.62224197
vt 0.193877 0.58259398
vt 0.543296 0.708705
vt 0.543323 0.71012998
vt 0.550085 0.71017897
vt 0.543346 0.71603698
vt 0.543329 0.71694
vt 0.549919 0.71698803
vt 0.474958 0.70914102
vt 0.474962 0.71033502
vt 0.48073 0.71026498
vt 0.474949 0.704844
vt 0.47495 0.70585197
vt 0.480718 0.705782
vt 0.474977 0.715896
vt 0.474978 0.71655798
vt 0.480745 0.716487
vt 0.38008 0.725874
vt 0.380057 0.72455
vt 0.374296 0.724553
vt 0.597391 0.718818
vt 0.597392 0.72029698
vt 0.603748 0.720258
vt 0.660681 0.72645497
vt 0.660681 0.715402
vt 0.653082 0.71550298
vt 0.046598 0.72580498
vt 0.053116 0.72580498
vt 0.053099 0.72511
vt 0.380066 0.71968502
vt 0.380088 0.71902698
vt 0.374327 0.71903002
vt 0.543359 0.71393698
vt 0.543356 0.715034
vt 0.549995 0.715083
vt 0.57838 0.71445298
vt 0.578335 0.72355402
vt 0.584094 0.7237
vt 0.69424 0.67377
vt 0.694664 0.692365
vt 0.701374 0.69246298
vt 0.686474 0.535734
vt 0.675183 0.535348
vt 0.675183 0.597633
vt 0.420644 0.715923
vt 0.42848 0.715931
vt 0.428473 0.71432197
vt 0.543329 0.71694
vt 0.543304 0.71773797
vt 0.549874 0.717786
vt 0.219616 0.71052498
vt 0.225372 0.710415
vt 0.225377 0.70912802
vt 0.43747 0.72411603
vt 0.443226 0.72411603
vt 0.443238 0.72342598
vt 0.675462 0.72323102
vt 0.682148 0.723234
vt 0.682149 0.721574
vt 0.159001 0.719939
vt 0.158982 0.72113597
vt 0.16475 0.721128
vt 0.219633 0.71580702
vt 0.225388 0.715697
vt 0.225377 0.713677
vt 0.288336 0.696806
vt 0.288419 0.71770298
vt 0.296708 0.717771
vt 0.337021 0.65876502
vt 0.337635 0.711056
vt 0.348326 0.711228
vt 0.401141 0.729725
vt 0.40691 0.729702
vt 0.406925 0.72904497
vt 0.420488 0.71011502
vt 0.428472 0.710123
vt 0.42849 0.697069
vt 0.380088 0.71902698
vt 0.380114 0.71846098
vt 0.374353 0.71846402
vt 0.401169 0.728347
vt 0.406937 0.72832298
vt 0.406947 0.72754103
vt 0.364077 0.72210598
vt 0.356386 0.72210598
vt 0.356377 0.723054
vt 0.18693 0.72652602
vt 0.192734 0.72654903
vt 0.192734 0.709947
vt 0.578354 0.728276
vt 0.57838 0.72950298
vt 0.584139 0.729649
vt 0.387991 0.71804398
vt 0.387991 0.72400498
vt 0.39209 0.723957
vt 0.401194 0.723862
vt 0.406963 0.72383898
vt 0.40696 0.72278202
vt 0.053236 0.72789103
vt 0.053184 0.727238
vt 0.04665 0.727238
vt 0.653423 0.684097
vt 0.661423 0.684097
vt 0.661435 0.67983
vt 0.653548 0.69138998
vt 0.661386 0.69138998
vt 0.661407 0.687944
vt 0.637353 0.70010602
vt 0.63745 0.702999
vt 0.645156 0.703124
vt 0.462422 0.725931
vt 0.456653 0.725868
vt 0.456653 0.729168
vt 0.597404 0.71585202
vt 0.597395 0.71733397
vt 0.603794 0.71729398
vt 0.474971 0.712896
vt 0.474973 0.71350002
vt 0.48074 0.71343
vt 0.67542 0.72157103
vt 0.682149 0.721574
vt 0.682167 0.71190798
vt 0.653587 0.694453
vt 0.661362 0.694453
vt 0.661386 0.69138998
vt 0.474955 0.70799798
vt 0.474958 0.70914102
vt 0.480726 0.70907098
vt 0.219622 0.71378797
vt 0.225377 0.713677
vt 0.225372 0.71192402
vt 0.597392 0.72029698
vt 0.597399 0.72176498
vt 0.603744 0.721725
vt 0.474962 0.71033502
vt 0.474967 0.711581
vt 0.480734 0.71151102
vt 0.15897 0.72239
vt 0.158964 0.723693
vt 0.164732 0.72368503
vt 0.192841 0.63052797
vt 0.186689 0.630318
vt 0.186689 0.66425103
vt 0.219688 0.72444803
vt 0.225444 0.72433698
vt 0.225388 0.715697
vt 0.437472 0.72553802
vt 0.443228 0.72553802
vt 0.443223 0.72482002
vt 0.159327 0.70871
vt 0.159289 0.70959502
vt 0.167009 0.70965898
vt 0.67554 0.72578502
vt 0.682157 0.725788
vt 0.682151 0.724631
vt 0.088957 0.65920103
vt 0.089741 0.704327
vt 0.099206 0.704405
vt 0.046619 0.72111303
vt 0.053175 0.72111398
vt 0.05323 0.72023898
vt 0.543022 0.697559
vt 0.543262 0.707209
vt 0.550097 0.707259
vt 0.474967 0.711581
vt 0.474969 0.71226
vt 0.480737 0.71218997
vt 0.578331 0.72529697
vt 0.578338 0.72687298
vt 0.584097 0.727019
vt 0.653649 0.704089
vt 0.661214 0.704089
vt 0.661259 0.70203102
vt 0.380041 0.7213
vt 0.38005 0.72044098
vt 0.37429 0.72044402
vt 0.158964 0.723693
vt 0.158965 0.72504002
vt 0.164733 0.72503197
vt 0.03171 0.72756302
vt 0.038684 0.72756302
vt 0.038729 0.71832198
vt 0.219621 0.709238
vt 0.225377 0.70912802
vt 0.225387 0.70804
vt 0.193385 0.68024302
vt 0.186793 0.68024302
vt 0.186773 0.68222702
vt 0.401186 0.726722
vt 0.406955 0.72669798
vt 0.40696 0.72579998
vt 0.529017 0.697559
vt 0.529393 0.72056103
vt 0.535176 0.720645
vt 0.437467 0.72482002
vt 0.443223 0.72482002
vt 0.443226 0.72411603
vt 0.502384 0.668056
vt 0.502384 0.673994
vt 0.502957 0.673984
vt 0.364076 0.723054
vt 0.356377 0.723054
vt 0.356352 0.72405303
vt 0.420543 0.712386
vt 0.428471 0.712395
vt 0.428472 0.710123
vt 0.47495 0.70585197
vt 0.474952 0.70690203
vt 0.480719 0.706832
vt 0.219665 0.706486
vt 0.225421 0.706375
vt 0.225444 0.70575398
vt 0.603803 0.72599298
vt 0.597445 0.72603202
vt 0.597468 0.727328
vt 0.193458 0.68700898
vt 0.186738 0.68700898
vt 0.186725 0.689839
vt 0.158965 0.72504002
vt 0.158974 0.726422
vt 0.164742 0.72641402
vt 0.47495 0.70387697
vt 0.474949 0.704844
vt 0.480717 0.70477402
vt 0.462417 0.723742
vt 0.456648 0.723679
vt 0.456652 0.72469997
vt 0.694736 0.695188
vt 0.694811 0.69762403
vt 0.701381 0.69772
vt 0.380057 0.72455
vt 0.380044 0.72334898
vt 0.374283 0.72335303
vt 0.364042 0.725098
vt 0.356311 0.725097
vt 0.356251 0.726184
vt 0.04658 0.722799
vt 0.053108 0.722799
vt 0.053134 0.721968
vt 0.462402 0.72212702
vt 0.456634 0.72206497
vt 0.456642 0.722803
vt 0.603772 0.724599
vt 0.597425 0.724639
vt 0.597445 0.72603202
vt 0.637551 0.70544398
vt 0.637655 0.707462
vt 0.645236 0.707586
vt 0.437602 0.71332198
vt 0.448788 0.713373
vt 0.448788 0.699538
vt 0.249519 0.70767802
vt 0.249511 0.709539
vt 0.257015 0.70949602
vt 0.653645 0.70203102
vt 0.661259 0.70203102
vt 0.661301 0.69967502
vt 0.474974 0.71408898
vt 0.474975 0.714675
vt 0.480743 0.71460497
vt 0.305127 0.70634001
vt 0.305396 0.719298
vt 0.314352 0.719415
vt 0.653628 0.707326
vt 0.661119 0.707326
vt 0.661168 0.705853
vt 0.597868 0.70621097
vt 0.608579 0.70626402
vt 0.608579 0.66801798
vt 0.158982 0.72113597
vt 0.15897 0.72239
vt 0.164738 0.722381
vt 0.694664 0.692365
vt 0.694736 0.695188
vt 0.701371 0.69528598
vt 0.164771 0.728742
vt 0.159003 0.728751
vt 0.159019 0.72959298
vt 0.47498 0.699556
vt 0.47497 0.70036
vt 0.480738 0.70029002
vt 0.159381 0.702092
vt 0.159389 0.703682
vt 0.167243 0.70374697
vt 0.543304 0.71773797
vt 0.543272 0.718426
vt 0.549825 0.71847302
vt 0.249536 0.70579797
vt 0.249519 0.70767802
vt 0.257062 0.70763397
vt 0.356287 0.71868402
vt 0.356338 0.71960402
vt 0.364029 0.71960402
vt 0.694555 0.726503
vt 0.700408 0.726507
vt 0.700408 0.70960498
vt 0.437481 0.72342598
vt 0.443238 0.72342598
vt 0.443257 0.72275102
vt 0.474956 0.702053
vt 0.474952 0.70294797
vt 0.48072 0.70287699
vt 0.63745 0.702999
vt 0.637551 0.70544398
vt 0.64519 0.70556802
vt 0.172672 0.717735
vt 0.172795 0.728684
vt 0.178839 0.72870803
vt 0.164757 0.727826
vt 0.158989 0.727834
vt 0.159003 0.728751
vt 0.115592 0.65949398
vt 0.107051 0.65920103
vt 0.107051 0.70630902
vt 0.559396 0.726807
vt 0.566378 0.72689098
vt 0.566378 0.71499002
vt 0.158964 0.681669
vt 0.159262 0.69461203
vt 0.167329 0.69467902
vt 0.15934 0.69856203
vt 0.159365 0.700383
vt 0.167297 0.700449
vt 0.159026 0.71880502
vt 0.159001 0.719939
vt 0.164769 0.719931
vt 0.675576 0.726721
vt 0.682167 0.72672403
vt 0.682157 0.725788
vt 0.637173 0.692868
vt 0.63726 0.696738
vt 0.645128 0.69686598
vt 0.107051 0.72896498
vt 0.112819 0.729038
vt 0.112819 0.714751
vt 0.072264 0.728683
vt 0.078308 0.728741
vt 0.078308 0.718628
vt 0.159058 0.71774298
vt 0.159026 0.71880502
vt 0.164794 0.71879703
vt 0.193366 0.676589
vt 0.186858 0.676589
vt 0.186821 0.678362
vt 0.193375 0.678362
vt 0.186821 0.678362
vt 0.186793 0.68024302
vt 0.380039 0.722268
vt 0.380041 0.7213
vt 0.37428 0.721303
vt 0.046574 0.723603
vt 0.053094 0.723603
vt 0.053108 0.722799
vt 0.47497 0.70036
vt 0.474962 0.70119202
vt 0.48073 0.70112097
vt 0.474969 0.71226
vt 0.474971 0.712896
vt 0.480738 0.712825
vt 0.456634 0.69948602
vt 0.45686 0.71383798
vt 0.467104 0.71398902
vt 0.364052 0.720376
vt 0.356365 0.720376
vt 0.356382 0.72121102
vt 0.420595 0.71431398
vt 0.428473 0.71432197
vt 0.428471 0.712395
vt 0.694811 0.69762403
vt 0.69489 0.69969702
vt 0.701403 0.69979298
vt 0.193365 0.67502898
vt 0.186898 0.67502898
vt 0.186858 0.676589
vt 0.474952 0.70690203
vt 0.474955 0.70799798
vt 0.480722 0.707928
vt 0.356176 0.709727
vt 0.366432 0.709858
vt 0.366432 0.65889603
vt 0.597395 0.71733397
vt 0.597391 0.718818
vt 0.603765 0.718778
vt 0.636687 0.667962
vt 0.637173 0.692868
vt 0.645138 0.692998
vt 0.559295 0.667962
vt 0.559761 0.706679
vt 0.570486 0.70683002
vt 0.59741 0.72321397
vt 0.597425 0.724639
vt 0.603772 0.724599
vt 0.543342 0.71148002
vt 0.543354 0.71275097
vt 0.55005 0.71280003
vt 0.474978 0.71655798
vt 0.474978 0.71727198
vt 0.480746 0.717202
vt 0.437529 0.72209197
vt 0.443285 0.72209197
vt 0.443323 0.72144902
vt 0.337021 0.71930403
vt 0.337021 0.72963297
vt 0.342789 0.729707
vt 0.578335 0.72355402
vt 0.578331 0.72529697
vt 0.58409 0.725443
vt 0.322198 0.70634001
vt 0.322441 0.72395903
vt 0.328234 0.72402
vt 0.38005 0.72044098
vt 0.380066 0.71968502
vt 0.374305 0.719688
vt 0.089191 0.724662
vt 0.097482 0.724662
vt 0.09752 0.71248102
vt 0.474979 0.718054
vt 0.47498 0.718916
vt 0.480747 0.71884602
vt 0.63726 0.696738
vt 0.637353 0.70010602
vt 0.645135 0.70023203
vt 0.003923 0.72815597
vt 0.010724 0.72807002
vt 0.010724 0.71832198
vt 0.503552 0.668037
vt 0.503552 0.673975
vt 0.504173 0.67396802
vt 0.50183 0.66807002
vt 0.50183 0.674008
vt 0.502384 0.673994
vt 0.578795 0.70633298
vt 0.589545 0.70637798
vt 0.589545 0.66800898
vt 0.356224 0.717933
vt 0.356287 0.71868402
vt 0.363988 0.71868402
vt 0.159356 0.707668
vt 0.159327 0.70871
vt 0.167066 0.70877397
vt 0.543323 0.71012998
vt 0.543342 0.71148002
vt 0.550071 0.71152902
vt 0.42069 0.717238
vt 0.42849 0.717247
vt 0.42848 0.715931
vt 0.653493 0.687944
vt 0.661407 0.687944
vt 0.661423 0.684097
vt 0.64431 0.726681
vt 0.64431 0.715662
vt 0.636687 0.71576
vt 0.219616 0.712035
vt 0.225372 0.71192402
vt 0.225372 0.710415
vt 0.40116 0.714558
vt 0.412346 0.714706
vt 0.412346 0.69721
vt 0.597399 0.72176498
vt 0.59741 0.72321397
vt 0.603752 0.723175
vt 0.120664 0.72069198
vt 0.124793 0.720635
vt 0.124793 0.71467698
vt 0.364006 0.726184
vt 0.356251 0.726184
vt 0.356171 0.72730798
vt 0.675503 0.72462898
vt 0.682151 0.724631
vt 0.682148 0.723234
vt 0.072145 0.71038002
vt 0.081112 0.71049398
vt 0.081112 0.659316
vt 0.437504 0.727013
vt 0.44326 0.727013
vt 0.443241 0.726269
vt 0.437484 0.726269
vt 0.443241 0.726269
vt 0.443228 0.72553802
vt 0.249529 0.714922
vt 0.249548 0.71662498
vt 0.256989 0.716582
vt 0.676196 0.665694
vt 0.685668 0.665695
vt 0.685668 0.60609603
vt 0.233368 0.719943
vt 0.241664 0.720052
vt 0.241664 0.70586503
vt 0.653611 0.69714803
vt 0.661335 0.69714803
vt 0.661362 0.694453
vt 0.401156 0.72906798
vt 0.406925 0.72904497
vt 0.406937 0.72832298
vt 0.249516 0.71316898
vt 0.249529 0.714922
vt 0.256972 0.71487898
vt 0.268798 0.730743
vt 0.274567 0.73080498
vt 0.274567 0.72467703
vt 0.193385 0.67253703
vt 0.186984 0.67253703
vt 0.18694 0.67368
vt 0.543262 0.707209
vt 0.543296 0.708705
vt 0.550094 0.708754
vt 0.159262 0.69461203
vt 0.159306 0.69663602
vt 0.167325 0.696702
vt 0.515383 0.721551
vt 0.521172 0.721556
vt 0.521172 0.697564
vt 0.653643 0.705853
vt 0.661168 0.705853
vt 0.661214 0.704089
vt 0.380145 0.72920698
vt 0.38008 0.725874
vt 0.374319 0.725878
vt 0.159306 0.69663602
vt 0.15934 0.69856203
vt 0.167314 0.698628
vt 0.474975 0.714675
vt 0.474976 0.71527302
vt 0.480744 0.71520197
vt 0.401191 0.725823
vt 0.40696 0.72579998
vt 0.406963 0.724846
vt 0.474962 0.70119202
vt 0.474956 0.702053
vt 0.480724 0.70198298
vt 0.193397 0.68222702
vt 0.186773 0.68222702
vt 0.186754 0.68447697
vt 0.502957 0.668046
vt 0.502957 0.673984
vt 0.503552 0.673975
vt 0.59742 0.71438003
vt 0.597404 0.71585202
vt 0.603837 0.71581203
vt 0.401179 0.72756398
vt 0.406947 0.72754103
vt 0.406955 0.72669798
vt 0.462417 0.723742
vt 0.193574 0.69298798
vt 0.443343 0.72880203
vt 0.437554 0.728262
vt 0.437586 0.72880203
vt 0.480747 0.71884602
vt 0.374283 0.72335303
vt 0.474952 0.70294797
vt 0.480717 0.703807
vt 0.48072 0.70287699
vt 0.219665 0.706486
vt 0.50626 0.66800702
vt 0.257022 0.71822703
vt 0.249603 0.719778
vt 0.257068 0.71973503
vt 0.443311 0.728262
vt 0.437526 0.72766203
vt 0.437554 0.728262
vt 0.701403 0.69979298
vt 0.193421 0.68447697
vt 0.186738 0.68700898
vt 0.193458 0.68700898
vt 0.164806 0.730353
vt 0.159058 0.731053
vt 0.164826 0.731044
vt 0.193771 0.70184702
vt 0.401194 0.723862
vt 0.046619 0.72111303
vt 0.364069 0.72121102
vt 0.356386 0.72210598
vt 0.364077 0.72210598
vt 0.249511 0.709539
vt 0.256984 0.71132898
vt 0.257015 0.70949602
vt 0.364065 0.72405303
vt 0.356311 0.725097
vt 0.364042 0.725098
vt 0.167207 0.705212
vt 0.62258 0.708614
vt 0.55005 0.71280003
vt 0.256984 0.71132898
vt 0.383492 0.709907
vt 0.046584 0.72511
vt 0.053091 0.724375
vt 0.046576 0.724374
vt 0.48074 0.71343
vt 0.257127 0.721057
vt 0.4375 0.72275102
vt 0.443285 0.72209197
vt 0.437529 0.72209197
vt 0.167297 0.700449
vt 0.653082 0.667962
vt 0.495675 0.699534
vt 0.65363 0.69967502
vt 0.661335 0.69714803
vt 0.653611 0.69714803
vt 0.686394 0.67389703
vt 0.202532 0.70575398
vt 0.506816 0.65987802
vt 0.50183 0.65399402
vt 0.50183 0.65993202
vt 0.159389 0.703682
vt 0.167207 0.705212
vt 0.167243 0.70374697
vt 0.380114 0.71846098
vt 0.374384 0.717986
vt 0.374353 0.71846402
vt 0.480746 0.717202
vt 0.046576 0.724374
vt 0.053094 0.723603
vt 0.046574 0.723603
vt 0.480744 0.71520197
vt 0.462422 0.725931
vt 0.603894 0.728442
vt 0.699267 0.665695
vt 0.50183 0.682137
vt 0.584097 0.727019
vt 0.167166 0.70654202
vt 0.193371 0.67368
vt 0.186898 0.67502898
vt 0.193365 0.67502898
vt 0.164742 0.72641402
vt 0.05314 0.72645402
vt 0.046598 0.72580498
vt 0.046618 0.72645402
vt 0.364029 0.71960402
vt 0.549995 0.715083
vt 0.219646 0.707241
vt 0.053184 0.727238
vt 0.046618 0.72645402
vt 0.04665 0.727238
vt 0.443283 0.72766203
vt 0.437504 0.727013
vt 0.437526 0.72766203
vt 0.256989 0.716582
vt 0.057032 0.65447903
vt 0.164787 0.729585
vt 0.159038 0.73036098
vt 0.164806 0.730353
vt 0.186689 0.582348
vt 0.550094 0.708754
vt 0.549959 0.71608502
vt 0.480726 0.70907098
vt 0.474949 0.704844
vt 0.480718 0.705782
vt 0.480717 0.70477402
vt 0.474977 0.715896
vt 0.480745 0.716487
vt 0.480744 0.71582502
vt 0.374319 0.725878
vt 0.603765 0.718778
vt 0.653082 0.72656697
vt 0.046584 0.72511
vt 0.374305 0.719688
vt 0.543359 0.71393698
vt 0.549995 0.715083
vt 0.550025 0.71398598
vt 0.57838 0.71445298
vt 0.584094 0.7237
vt 0.584139 0.714599
vt 0.701436 0.673876
vt 0.686474 0.59802002
vt 0.420595 0.71431398
vt 0.543329 0.71694
vt 0.549874 0.717786
vt 0.549919 0.71698803
vt 0.219616 0.71052498
vt 0.225377 0.70912802
vt 0.219621 0.709238
vt 0.43747 0.72411603
vt 0.443238 0.72342598
vt 0.437481 0.72342598
vt 0.67542 0.72157103
vt 0.164769 0.719931
vt 0.219622 0.71378797
vt 0.296708 0.69687402
vt 0.348326 0.658948
vt 0.401156 0.72906798
vt 0.420192 0.697061
vt 0.380088 0.71902698
vt 0.374353 0.71846402
vt 0.374327 0.71903002
vt 0.401169 0.728347
vt 0.406947 0.72754103
vt 0.401179 0.72756398
vt 0.364077 0.72210598
vt 0.356377 0.723054
vt 0.364076 0.723054
vt 0.186689 0.70992303
vt 0.584113 0.728422
vt 0.39209 0.717983
vt 0.401191 0.72280502
vt 0.053236 0.72789103
vt 0.04665 0.727238
vt 0.046688 0.72789103
vt 0.653335 0.67983103
vt 0.653493 0.687944
vt 0.645135 0.70023203
vt 0.462422 0.725931
vt 0.456653 0.729168
vt 0.462422 0.72923
vt 0.603837 0.71581203
vt 0.474971 0.712896
vt 0.48074 0.71343
vt 0.480738 0.712825
vt 0.675183 0.711905
vt 0.653548 0.69138998
vt 0.474955 0.70799798
vt 0.480726 0.70907098
vt 0.480722 0.707928
vt 0.219616 0.712035
vt 0.603748 0.720258
vt 0.474962 0.71033502
vt 0.480734 0.71151102
vt 0.48073 0.71026498
vt 0.164738 0.722381
vt 0.192841 0.66446102
vt 0.219633 0.71580702
vt 0.437472 0.72553802
vt 0.443223 0.72482002
vt 0.437467 0.72482002
vt 0.159327 0.70871
vt 0.167009 0.70965898
vt 0.167066 0.70877397
vt 0.675503 0.72462898
vt 0.099206 0.659285
vt 0.046619 0.72111303
vt 0.05323 0.72023898
vt 0.046653 0.72023898
vt 0.550097 0.69761097
vt 0.474967 0.711581
vt 0.480737 0.71218997
vt 0.480734 0.71151102
vt 0.58409 0.725443
vt 0.653645 0.70203102
vt 0.380041 0.7213
vt 0.37429 0.72044402
vt 0.37428 0.721303
vt 0.164732 0.72368503
vt 0.031522 0.71832198
vt 0.219632 0.70815098
vt 0.193397 0.68222702
vt 0.401186 0.726722
vt 0.40696 0.72579998
vt 0.401191 0.725823
vt 0.535176 0.697649
vt 0.437467 0.72482002
vt 0.443226 0.72411603
vt 0.43747 0.72411603
vt 0.502957 0.668046
vt 0.364065 0.72405303
vt 0.420488 0.71011502
vt 0.47495 0.70585197
vt 0.480719 0.706832
vt 0.480718 0.705782
vt 0.219688 0.705864
vt 0.603844 0.727288
vt 0.193508 0.689839
vt 0.164733 0.72503197
vt 0.480717 0.703807
vt 0.46242 0.72476202
vt 0.701371 0.69528598
vt 0.374296 0.724553
vt 0.364042 0.725098
vt 0.356251 0.726184
vt 0.364006 0.726184
vt 0.04658 0.722799
vt 0.053134 0.721968
vt 0.046595 0.721968
vt 0.462411 0.722865
vt 0.603803 0.72599298
vt 0.64519 0.70556802
vt 0.437467 0.69948602
vt 0.257062 0.70763397
vt 0.65363 0.69967502
vt 0.474974 0.71408898
vt 0.480743 0.71460497
vt 0.480742 0.714019
vt 0.314352 0.70646
vt 0.653628 0.707326
vt 0.661168 0.705853
vt 0.653643 0.705853
vt 0.597391 0.667962
vt 0.16475 0.721128
vt 0.701374 0.69246298
vt 0.164771 0.728742
vt 0.159019 0.72959298
vt 0.164787 0.729585
vt 0.47498 0.699556
vt 0.480738 0.70029002
vt 0.480748 0.69948602
vt 0.167273 0.70215702
vt 0.543304 0.71773797
vt 0.549825 0.71847302
vt 0.549874 0.717786
vt 0.249536 0.70579797
vt 0.257062 0.70763397
vt 0.257127 0.70575398
vt 0.356287 0.71868402
vt 0.364029 0.71960402
vt 0.363988 0.71868402
vt 0.69424 0.709602
vt 0.437481 0.72342598
vt 0.443257 0.72275102
vt 0.4375 0.72275102
vt 0.474956 0.702053
vt 0.48072 0.70287699
vt 0.480724 0.70198298
vt 0.645156 0.703124
vt 0.178839 0.717759
vt 0.164757 0.727826
vt 0.159003 0.728751
vt 0.164771 0.728742
vt 0.115592 0.70660198
vt 0.559295 0.71490598
vt 0.167329 0.68173802
vt 0.167314 0.698628
vt 0.159026 0.71880502
vt 0.164769 0.719931
vt 0.164794 0.71879703
vt 0.67554 0.72578502
vt 0.645138 0.692998
vt 0.107051 0.71467698
vt 0.072145 0.71857
vt 0.164826 0.717735
vt 0.193375 0.678362
vt 0.193385 0.68024302
vt 0.380039 0.722268
vt 0.37428 0.721303
vt 0.374278 0.72227103
vt 0.046574 0.723603
vt 0.053108 0.722799
vt 0.04658 0.722799
vt 0.47497 0.70036
vt 0.48073 0.70112097
vt 0.480738 0.70029002
vt 0.480737 0.71218997
vt 0.467104 0.699641
vt 0.364052 0.720376
vt 0.356382 0.72121102
vt 0.364069 0.72121102
vt 0.420543 0.712386
vt 0.701381 0.69772
vt 0.193366 0.676589
vt 0.480719 0.706832
vt 0.356171 0.65876502
vt 0.603794 0.71729398
vt 0.645236 0.668101
vt 0.570486 0.668119
vt 0.603752 0.723175
vt 0.550071 0.71152902
vt 0.474978 0.71655798
vt 0.480746 0.717202
vt 0.480745 0.716487
vt 0.437566 0.72144902
vt 0.342789 0.719378
vt 0.584094 0.7237
vt 0.328234 0.70640498
vt 0.37429 0.72044402
vt 0.088957 0.71248102
vt 0.474979 0.718054
vt 0.480747 0.71884602
vt 0.480747 0.71798402
vt 0.645128 0.69686598
vt 0.003923 0.718401
vt 0.504173 0.66803002
vt 0.502384 0.668056
vt 0.578331 0.667962
vt 0.356224 0.717933
vt 0.363988 0.71868402
vt 0.363938 0.717933
vt 0.167119 0.70773202
vt 0.550085 0.71017897
vt 0.420644 0.715923
vt 0.653423 0.684097
vt 0.636687 0.726784
vt 0.219616 0.712035
vt 0.225372 0.710415
vt 0.219616 0.71052498
vt 0.401141 0.697061
vt 0.597399 0.72176498
vt 0.603752 0.723175
vt 0.603744 0.721725
vt 0.120664 0.71472102
vt 0.363956 0.72730798
vt 0.675503 0.72462898
vt 0.682148 0.723234
vt 0.675462 0.72323102
vt 0.072145 0.65920103
vt 0.437484 0.726269
vt 0.437472 0.72553802
vt 0.249529 0.714922
vt 0.256989 0.716582
vt 0.256972 0.71487898
vt 0.675183 0.60609502
vt 0.23329 0.70575398
vt 0.653587 0.694453
vt 0.401169 0.728347
vt 0.25697 0.713126
vt 0.268798 0.730743
vt 0.274567 0.72467703
vt 0.268798 0.72461498
vt 0.193371 0.67368
vt 0.550097 0.707259
vt 0.167329 0.69467902
vt 0.515003 0.697559
vt 0.653643 0.705853
vt 0.661214 0.704089
vt 0.653649 0.704089
vt 0.374384 0.72921097
vt 0.167325 0.696702
vt 0.474975 0.714675
vt 0.480744 0.71520197
vt 0.480743 0.71460497
vt 0.401194 0.724869
vt 0.48073 0.70112097
vt 0.193421 0.68447697
vt 0.502957 0.668046
vt 0.503552 0.673975
vt 0.503552 0.668037
vt 0.603894 0.71433997
vt 0.401179 0.72756398
vt 0.406955 0.72669798
vt 0.401186 0.726722
vt 0.173486 0.63953102
vt 0.166213 0.63979203
vt 0.166223 0.647461
vt 0.178835 0.638525
vt 0.173495 0.646935
vt 0.334178 0.56142002
vt 0.333838 0.568788
vt 0.340594 0.568569
vt 0.334508 0.55395
vt 0.339934 0.561234
vt 0.311058 0.68437397
vt 0.305241 0.686054
vt 0.305382 0.69061202
vt 0.318505 0.683663
vt 0.311177 0.68822998
vt 0.325706 0.68796903
vt 0.325587 0.68411303
vt 0.140622 0.024689019
vt 0.135868 0.024535
vt 0.136129 0.02974701
vt 0.141283 0.017381012
vt 0.135527 0.017193973
vt 0.141954 0.009911001
vt 0.135198 0.009692013
vt 0.142457 0.0042809844
vt 0.134968 0.0040379763
vt 0.158967 0.639238
vt 0.158977 0.64664203
vt 0.173482 0.63193297
vt 0.16621 0.631922
vt 0.178832 0.63167
vt 0.328456 0.56087703
vt 0.32712 0.56814998
vt 0.32978 0.553501
vt 0.310986 0.68036902
vt 0.305155 0.681319
vt 0.318438 0.67992502
vt 0.325514 0.680108
vt 0.131141 0.024984002
vt 0.13213 0.030126989
vt 0.129805 0.017737985
vt 0.12848 0.010330975
vt 0.127522 0.00474602
vt 0.158964 0.63164002
vt 0.173485 0.62427002
vt 0.166213 0.62398398
vt 0.178835 0.624757
vt 0.322864 0.559613
vt 0.320556 0.566666
vt 0.325161 0.55245697
vt 0.310961 0.676283
vt 0.305127 0.67649
vt 0.318415 0.676113
vt 0.32549 0.676023
vt 0.126522 0.02602899
vt 0.128223 0.031010985
vt 0.124213 0.019002974
vt 0.121916 0.0118150115
vt 0.120246 0.006390989
vt 0.158967 0.623977
vt 0.173495 0.616673
vt 0.166223 0.616116
vt 0.178844 0.617904
vt 0.317499 0.55765003
vt 0.314258 0.564362
vt 0.320729 0.550835
vt 0.310986 0.67218798
vt 0.305155 0.67164803
vt 0.318437 0.67229003
vt 0.325514 0.67192698
vt 0.12209 0.027651012
vt 0.124474 0.032383025
vt 0.118848 0.020967007
vt 0.115618 0.014119983
vt 0.113265 0.0089460015
vt 0.158977 0.61637998
vt 0.17351 0.60927302
vt 0.166239 0.60845
vt 0.308334 0.56127602
vt 0.305307 0.56575203
vt 0.312453 0.555021
vt 0.31656 0.54866397
vt 0.311058 0.66815197
vt 0.305241 0.66687602
vt 0.318505 0.668523
vt 0.325587 0.66789103
vt 0.117921 0.029824018
vt 0.120947 0.03421998
vt 0.113802 0.023595989
vt 0.109694 0.017207026
vt 0.106698 0.012368023
vt 0.158992 0.60898
vt 0.173531 0.60219598
vt 0.166261 0.60112
vt 0.302884 0.557463
vt 0.299267 0.561525
vt 0.307811 0.551773
vt 0.312726 0.54597998
vt 0.311177 0.664244
vt 0.305382 0.66225702
vt 0.318616 0.66487598
vt 0.325706 0.663984
vt 0.114086 0.032508016
vt 0.117704 0.036490977
vt 0.10916 0.026845992
vt 0.104245 0.021022022
vt 0.100658 0.016596973
vt 0.159013 0.601902
vt 0.173558 0.595563
vt 0.166288 0.594249
vt 0.298003 0.55298603
vt 0.293857 0.55656302
vt 0.303653 0.54795903
vt 0.309291 0.54283
vt 0.313407 0.53897202
vt 0.31877 0.661412
vt 0.311341 0.660533
vt 0.32587 0.660272
vt 0.110651 0.03566003
vt 0.114798 0.039157987
vt 0.105002 0.030660987
vt 0.099364 0.025501013
vt 0.095248 0.021561027
vt 0.15904 0.59526902
vt 0.173589 0.58948702
vt 0.166321 0.587956
vt 0.293774 0.54792202
vt 0.289169 0.55095
vt 0.30005 0.54364598
vt 0.306315 0.539267
vt 0.31089 0.535958
vt 0.318962 0.65819
vt 0.311548 0.65708
vt 0.326076 0.65682
vt 0.107675 0.03922403
vt 0.112281 0.042172015
vt 0.101399 0.034976006
vt 0.095134 0.030565977
vt 0.09056 0.027176023
vt 0.159071 0.589194
vt 0.173626 0.584073
vt 0.166359 0.582348
vt 0.290269 0.542359
vt 0.285284 0.544784
vt 0.297064 0.538907
vt 0.303848 0.535352
vt 0.308803 0.532646
vt 0.31919 0.65526402
vt 0.311792 0.65394503
vt 0.326321 0.65368497
vt 0.105208 0.043141007
vt 0.110194 0.04548502
vt 0.098413 0.03971702
vt 0.091629 0.036131024
vt 0.086675 0.033344984
vt 0.159107 0.58378
vt 0.973252 0.518099
vt 0.973063 0.51229203
vt 0.965678 0.512855
vt 0.287548 0.53639102
vt 0.282268 0.538168
vt 0.294747 0.533823
vt 0.301934 0.531152
vt 0.307184 0.52909398
vt 0.862564 0.983521998
vt 0.855263 0.985032022
vt 0.85529 0.988071024
vt 0.869811 0.987381995
vt 0.869784 0.984342992
vt 0.103294 0.047342002
vt 0.108575 0.049039006
vt 0.096096 0.04480201
vt 0.088909 0.042101026
vt 0.083659 0.039961994
vt 0.965873 0.51887
vt 0.958575 0.511203
vt 0.972942 0.505956
vt 0.965553 0.506292
vt 0.285658 0.53012103
vt 0.280173 0.531218
vt 0.293136 0.52848202
vt 0.300604 0.526739
vt 0.306059 0.525361
vt 0.862548 0.980407
vt 0.855247 0.981694996
vt 0.869767 0.981006026
vt 0.101964 0.051756024
vt 0.10745 0.052773
vt 0.094485 0.050145984
vt 0.087018 0.048373997
vt 0.081564 0.046914995
vt 0.958454 0.50486797
vt 0.969204 0.107117
vt 0.961689 0.107635975
vt 0.212137 0.10511303
vt 0.202803 0.10586798
vt 0.224873 0.10394102
vt 0.237597 0.10266602
vt 0.246901 0.10162997
vt 0.862079 0.58401603
vt 0.854723 0.58553803
vt 0.869294 0.58484602
vt 0.038957 0.475976
vt 0.048292 0.47665
vt 0.026221 0.47483397
vt 0.013497 0.47352898
vt 0.004194 0.472412
vt 0.954666 0.10602498
vt 0.969236 0.09532797
vt 0.961722 0.09542501
vt 0.211893 0.09417701
vt 0.202532 0.09374499
vt 0.224664 0.094624996
vt 0.237425 0.09496999
vt 0.246755 0.09512001
vt 0.862086 0.578156
vt 0.854731 0.57925898
vt 0.869302 0.57856798
vt 0.038785 0.483674
vt 0.048146 0.483162
vt 0.026013 0.48415303
vt 0.013253 0.484469
vt 0.003923 0.48453796
vt 0.954698 0.094235
vt 0.969384 0.08323097
vt 0.961876 0.08289498
vt 0.213122 0.083287
vt 0.203895 0.08167398
vt 0.225712 0.08534801
vt 0.23829 0.08730698
vt 0.247487 0.08863801
vt 0.86211 0.572115
vt 0.854757 0.572787
vt 0.869328 0.57209498
vt 0.03965 0.49134004
vt 0.048878 0.48964596
vt 0.027061 0.493432
vt 0.014483 0.495363
vt 0.005286 0.49661398
vt 0.954846 0.082138
vt 0.969647 0.071033
vt 0.962148 0.070261
vt 0.215806 0.072628975
vt 0.206869 0.069860995
vt 0.227998 0.07626903
vt 0.240179 0.07980698
vt 0.249085 0.082292974
vt 0.86215 0.565996
vt 0.8548 0.56623
vt 0.869371 0.565539
vt 0.041539 0.498843
vt 0.050475 0.495992
vt 0.029347 0.50251502
vt 0.017166 0.506024
vt 0.00826 0.50843102
vt 0.955109 0.069940984
vt 0.97002 0.058943987
vt 0.962534 0.05773902
vt 0.219897 0.062385023
vt 0.211404 0.058506012
vt 0.231483 0.06754303
vt 0.243057 0.07259798
vt 0.251519 0.076196015
vt 0.862206 0.55990398
vt 0.85486 0.559703
vt 0.86943 0.559012
vt 0.044417 0.50605398
vt 0.05291 0.502092
vt 0.032831 0.511244
vt 0.021257 0.516271
vt 0.012795 0.51978898
vt 0.955482 0.05785203
vt 0.970497 0.047169983
vt 0.963028 0.045543015
vt 0.225325 0.052730978
vt 0.217421 0.04780501
vt 0.236107 0.059319973
vt 0.246877 0.06580502
vt 0.254751 0.07045001
vt 0.862276 0.55394298
vt 0.854935 0.553316
vt 0.869506 0.552624
vt 0.048237 0.51284897
vt 0.056142 0.50783998
vt 0.037455 0.51946998
vt 0.026685 0.52592802
vt 0.018812 0.53049302
vt 0.955958 0.046078026
vt 0.971069 0.035911977
vt 0.96362 0.033882022
vt 0.231998 0.043833017
vt 0.224817 0.03794098
vt 0.241791 0.051738977
vt 0.251573 0.059543014
vt 0.258723 0.065153
vt 0.86236 0.54821402
vt 0.855024 0.54717797
vt 0.869595 0.54648602
vt 0.052933 0.519113
vt 0.060114 0.513138
vt 0.04314 0.527052
vt 0.033358 0.53482902
vt 0.026208 0.54035997
vt 0.95653 0.03482002
vt 0.971726 0.025363028
vt 0.964301 0.022955
vt 0.239801 0.03584099
vt 0.233467 0.029083014
vt 0.248438 0.044932008
vt 0.257064 0.053919017
vt 0.263368 0.060395002
vt 0.862455 0.54281598
vt 0.855127 0.541394
vt 0.869698 0.540703
vt 0.058424 0.524738
vt 0.064759 0.517897
vt 0.049787 0.533862
vt 0.041161 0.54282302
vt 0.034858 0.54922098
vt 0.957188 0.024271011
vt 0.972458 0.015703976
vt 0.96506 0.012950003
vt 0.248601 0.028892994
vt 0.243221 0.021381974
vt 0.255934 0.03901303
vt 0.263257 0.049030006
vt 0.268606 0.05625999
vt 0.862561 0.53784198
vt 0.85524 0.53606498
vt 0.869811 0.53537297
vt 0.064617 0.529629
vt 0.069997 0.522034
vt 0.057283 0.539782
vt 0.049961 0.54977298
vt 0.044612 0.556924
vt 0.95792 0.014612019
vt 0.973252 0.007099986
vt 0.965882 0.0040379763
vt 0.258247 0.023109019
vt 0.253914 0.014970005
vt 0.264152 0.03408599
vt 0.270045 0.044960022
vt 0.274348 0.052816987
vt 0.70289 0.61453402
vt 0.695589 0.616697
vt 0.69562 0.62155902
vt 0.710158 0.61698502
vt 0.702918 0.61907202
vt 0.071405 0.533701
vt 0.075739 0.525478
vt 0.065501 0.544711
vt 0.059608 0.55555898
vt 0.055305 0.56333798
vt 0.958714 0.006008029
vt 0.151119 0.722422
vt 0.150358 0.71300298
vt 0.142818 0.715312
vt 0.268575 0.01858598
vt 0.265362 0.0099570155
vt 0.27295 0.030233026
vt 0.277313 0.041777015
vt 0.280496 0.05012399
vt 0.702866 0.609443
vt 0.695563 0.611243
vt 0.710132 0.61153102
vt 0.078673 0.536884
vt 0.081887 0.528171
vt 0.074298 0.54856497
vt 0.069935 0.56008297
vt 0.066753 0.568353
vt 0.143606 0.72506797
vt 0.135779 0.713265
vt 0.149717 0.702545
vt 0.142154 0.70447898
vt 0.279408 0.015402019
vt 0.277369 0.00642699
vt 0.282177 0.027521014
vt 0.284936 0.039536
vt 0.286943 0.04822898
vt 0.702846 0.60388702
vt 0.695542 0.60529
vt 0.71011 0.605578
vt 0.086296 0.53912503
vt 0.088335 0.53006703
vt 0.083526 0.551278
vt 0.080768 0.563268
vt 0.07876 0.57188302
vt 0.135138 0.702806
vt 0.149207 0.69122398
vt 0.141626 0.69275302
vt 0.290559 0.013611972
vt 0.28973 0.00444299
vt 0.291677 0.02599597
vt 0.292783 0.03827703
vt 0.293582 0.04716301
vt 0.70283 0.597961
vt 0.695525 0.59894
vt 0.710094 0.59922802
vt 0.094143 0.540385
vt 0.094972 0.53113198
vt 0.093026 0.55280298
vt 0.091919 0.565058
vt 0.091121 0.57386702
vt 0.134628 0.691485
vt 0.148836 0.679236
vt 0.141242 0.680335
vt 0.301839 0.013246
vt 0.302233 0.0040379763
vt 0.301285 0.025683999
vt 0.30072 0.038020015
vt 0.300296 0.04694599
vt 0.70282 0.591766
vt 0.695514 0.59230202
vt 0.710083 0.592591
vt 0.102081 0.54064202
vt 0.101687 0.53135002
vt 0.102634 0.553114
vt 0.103199 0.565423
vt 0.103624 0.57427198
vt 0.134257 0.679497
vt 0.148611 0.666784
vt 0.141008 0.66743797
vt 0.313054 0.014311016
vt 0.314665 0.005218029
vt 0.310839 0.026592016
vt 0.308613 0.038767993
vt 0.306972 0.047580004
vt 0.702815 0.58540797
vt 0.695509 0.58549
vt 0.710077 0.585778
vt 0.109973 0.53989202
vt 0.108363 0.530715
vt 0.112188 0.55220598
vt 0.114415 0.56435698
vt 0.116056 0.57309097
vt 0.134032 0.667046
vt 0.148536 0.65408403
vt 0.14093 0.65428197
vt 0.324013 0.016788006
vt 0.326812 0.007964015
vt 0.320175 0.028701007
vt 0.316325 0.040512025
vt 0.313495 0.04905498
vt 0.702815 0.578996
vt 0.695509 0.57862002
vt 0.710077 0.57890803
vt 0.117685 0.538148
vt 0.114886 0.52924
vt 0.121524 0.55009502
vt 0.125373 0.56187898
vt 0.128203 0.57034397
vt 0.133957 0.65434498
vt 0.148611 0.64134997
vt 0.141008 0.64109302
vt 0.334528 0.020635009
vt 0.338468 0.012229025
vt 0.329132 0.031979024
vt 0.323724 0.04321897
vt 0.319754 0.05134499
vt 0.70282 0.572639
vt 0.695514 0.571809
vt 0.710083 0.572097
vt 0.125084 0.53544003
vt 0.121145 0.526949
vt 0.130481 0.546816
vt 0.135888 0.55803
vt 0.139858 0.566077
vt 0.134032 0.641612
vt 0.148836 0.628802
vt 0.141241 0.62809598
vt 0.344419 0.025786996
vt 0.349431 0.017938972
vt 0.337557 0.036367
vt 0.330684 0.046844006
vt 0.325642 0.054410994
vt 0.70283 0.56644702
vt 0.695525 0.56517398
vt 0.710094 0.565462
vt 0.132045 0.53181303
vt 0.127033 0.52388102
vt 0.138906 0.542426
vt 0.145779 0.552877
vt 0.150822 0.56036502
vt 0.134257 0.62906402
vt 0.149207 0.616655
vt 0.141626 0.61551303
vt 0.353517 0.032154024
vt 0.359516 0.024995983
vt 0.345307 0.04179102
vt 0.337087 0.051325023
vt 0.331057 0.058201015
vt 0.702846 0.560525
vt 0.695542 0.558829
vt 0.71011 0.55911702
vt 0.138447 0.527331
vt 0.132448 0.52008998
vt 0.146656 0.537
vt 0.154877 0.546507
vt 0.160907 0.55330402
vt 0.134628 0.616916
vt 0.149717 0.605115
vt 0.142154 0.60355997
vt 0.361666 0.03962803
vt 0.368549 0.03328097
vt 0.352249 0.04815799
vt 0.342821 0.056585014
vt 0.335908 0.062650025
vt 0.702866 0.55497402
vt 0.695563 0.55288202
vt 0.710132 0.55317003
vt 0.144181 0.52206898
vt 0.137299 0.515639
vt 0.153598 0.530631
vt 0.163026 0.53903002
vt 0.169939 0.545016
vt 0.135138 0.60537702
vt 0.150358 0.59438097
vt 0.142818 0.59244198
vt 0.368727 0.048081994
vt 0.376375 0.04265201
vt 0.358264 0.05536002
vt 0.34779 0.06253302
vt 0.340111 0.06768203
vt 0.70289 0.54988998
vt 0.69559 0.54743397
vt 0.710158 0.547723
vt 0.14915 0.516118
vt 0.141502 0.51060498
vt 0.159613 0.523427
vt 0.170087 0.530573
vt 0.177766 0.53564298
vt 0.135779 0.594643
vt 0.151119 0.58463597
vt 0.143606 0.582348
vt 0.374579 0.057370007
vt 0.382862 0.052946985
vt 0.363249 0.063270986
vt 0.351908 0.06906903
vt 0.343594 0.073211014
vt 0.702918 0.54536003
vt 0.69562 0.54258
vt 0.710188 0.54286897
vt 0.153268 0.509579
vt 0.144985 0.50507498
vt 0.164598 0.515512
vt 0.175939 0.52128202
vt 0.184253 0.525343
vt 0.13654 0.584898
vt 0.995972 0.49445903
vt 0.988625 0.496768
vt 0.988733 0.506553
vt 0.379121 0.067334
vt 0.387897 0.06399202
vt 0.367118 0.071758986
vt 0.355104 0.07608098
vt 0.346298 0.079141974
vt 0.839824 0.9932439923
vt 0.839651 0.988385022
vt 0.83215 0.989714026
vt 0.846692 0.9907569885
vt 0.156465 0.50256598
vt 0.147689 0.49914098
vt 0.168467 0.507021
vt 0.180481 0.511315
vt 0.189288 0.51429498
vt 0.981403 0.49518502
vt 0.995897 0.48408198
vt 0.988547 0.48601997
vt 0.382277 0.077803016
vt 0.391395 0.075595975
vt 0.369806 0.08067703
vt 0.357325 0.08344799
vt 0.348177 0.085372984
vt 0.839533 0.983084023
vt 0.832023 0.984034002
vt 0.846565 0.98507601
vt 0.158685 0.49519598
vt 0.149568 0.492908
vt 0.171155 0.498101
vt 0.183637 0.50084198
vt 0.192785 0.50268698
vt 0.981328 0.48480904
vt 0.995854 0.47295403
vt 0.988502 0.47449303
vt 0.383991 0.088597
vt 0.393295 0.08756101
vt 0.371267 0.089872
vt 0.358532 0.09104401
vt 0.349198 0.09179902
vt 0.839471 0.977431
vt 0.831958 0.977976024
vt 0.8465 0.979018986
vt 0.159892 0.487597
vt 0.150588 0.48648
vt 0.172616 0.48890197
vt 0.185352 0.490044
vt 0.194686 0.490718
vt 0.981285 0.473679
vt 0.995617 0.05312699
vt 0.988317 0.05394298
vt 0.387713 0.52031302
vt 0.393295 0.520347
vt 0.380072 0.520127
vt 0.37242 0.51983702
vt 0.366807 0.51952398
vt 0.838577 0.56388903
vt 0.831186 0.563756
vt 0.845677 0.56479502
vt 0.17378 0.05865699
vt 0.168198 0.058610022
vt 0.181421 0.058499992
vt 0.189073 0.058180988
vt 0.194686 0.057785988
vt 0.981098 0.053849995
vt 0.995629 0.045907974
vt 0.98833 0.04646498
vt 0.386976 0.52683598
vt 0.392479 0.52757698
vt 0.379444 0.525683
vt 0.371901 0.524428
vt 0.831221 0.559865
vt 0.825526 0.55983
vt 0.83861 0.56025797
vt 0.845712 0.56090403
vt 0.173262 0.05406499
vt 0.16776 0.054726005
vt 0.180793 0.052941024
vt 0.188337 0.051656008
vt 0.19387 0.050553024
vt 0.98111 0.04663098
vt 0.995661 0.03859502
vt 0.988363 0.038890004
vt 0.385369 0.53322
vt 0.390697 0.534653
vt 0.378075 0.53112102
vt 0.37077 0.52892
vt 0.831293 0.555941
vt 0.825611 0.555192
vt 0.838677 0.55659598
vt 0.845784 0.55698
vt 0.172131 0.04957199
vt 0.166803 0.050925016
vt 0.179424 0.04750198
vt 0.186729 0.045270026
vt 0.192088 0.04347402
vt 0.981142 0.039318025
vt 0.995711 0.031314015
vt 0.988415 0.031349003
vt 0.382919 0.53935498
vt 0.387981 0.54145402
vt 0.375988 0.536348
vt 0.369046 0.533238
vt 0.8314 0.55205202
vt 0.825738 0.55059397
vt 0.838777 0.552966
vt 0.845892 0.553091
vt 0.170406 0.04525298
vt 0.165344 0.047272027
vt 0.177337 0.042274
vt 0.184279 0.039133012
vt 0.189372 0.036670983
vt 0.981192 0.032037973
vt 0.99578 0.024190009
vt 0.988485 0.023968995
vt 0.379667 0.545138
vt 0.384378 0.547863
vt 0.373218 0.541274
vt 0.366758 0.53730702
vt 0.362018 0.53430003
vt 0.838909 0.54943103
vt 0.831541 0.54826498
vt 0.846033 0.549304
vt 0.168118 0.04118198
vt 0.163409 0.043829024
vt 0.174567 0.037346005
vt 0.181028 0.033348024
vt 0.185768 0.030260026
vt 0.98126 0.024913013
vt 0.995864 0.017342985
vt 0.988573 0.016876996
vt 0.375671 0.55046803
vt 0.379947 0.55377197
vt 0.369814 0.54581398
vt 0.363946 0.541058
vt 0.359639 0.53747302
vt 0.83907 0.54605103
vt 0.831714 0.54464298
vt 0.846205 0.545682
vt 0.165306 0.03742999
vt 0.16103 0.040655017
vt 0.171163 0.032805026
vt 0.177031 0.028016984
vt 0.181338 0.024349988
vt 0.981345 0.018067002
vt 0.995964 0.010892987
vt 0.988676 0.010195971
vt 0.370997 0.55525398
vt 0.374766 0.55907702
vt 0.365832 0.549892
vt 0.360656 0.54442602
vt 0.356857 0.540322
vt 0.839257 0.542884
vt 0.831914 0.54124898
vt 0.846406 0.542288
vt 0.162017 0.034061015
vt 0.158248 0.03780502
vt 0.167181 0.028725028
vt 0.172357 0.023229003
vt 0.176157 0.019043028
vt 0.981445 0.011615992
vt 0.996077 0.00494802
vt 0.988794 0.0040379763
vt 0.365726 0.559416
vt 0.368924 0.56369
vt 0.361342 0.55343598
vt 0.356947 0.54735398
vt 0.353719 0.542799
vt 0.839467 0.53998297
vt 0.83214 0.538141
vt 0.846631 0.539181
vt 0.158308 0.031131983
vt 0.15511 0.035327017
vt 0.162691 0.025179982
vt 0.167086 0.019065976
vt 0.170315 0.014428973
vt 0.981558 0.0056710243
vt 0.173558 0.66674
vt 0.166289 0.66797602
vt 0.166322 0.67359298
vt 0.359948 0.562881
vt 0.362519 0.567531
vt 0.35642 0.55638802
vt 0.352881 0.549793
vt 0.35028 0.54486197
vt 0.839697 0.537399
vt 0.832386 0.53537297
vt 0.846878 0.536412
vt 0.154242 0.02869302
vt 0.151671 0.03326398
vt 0.157769 0.022228003
vt 0.161308 0.015600026
vt 0.16391 0.010586977
vt 0.15904 0.66644698
vt 0.173532 0.660657
vt 0.166261 0.66167402
vt 0.353762 0.56559002
vt 0.355662 0.570534
vt 0.351151 0.55869597
vt 0.348528 0.55169898
vt 0.346597 0.54647398
vt 0.31919 0.69662797
vt 0.318962 0.69379997
vt 0.311548 0.695235
vt 0.326076 0.69497502
vt 0.149889 0.02678597
vt 0.147988 0.03165102
vt 0.1525 0.019918978
vt 0.155122 0.012890995
vt 0.157053 0.007583022
vt 0.159014 0.66036302
vt 0.17351 0.65401697
vt 0.166239 0.65479702
vt 0.347274 0.56749701
vt 0.34847 0.572648
vt 0.345623 0.56032002
vt 0.343963 0.55304098
vt 0.342735 0.54760998
vt 0.318769 0.690661
vt 0.311341 0.691871
vt 0.32587 0.691611
vt 0.145323 0.025443971
vt 0.144126 0.030516028
vt 0.146973 0.01829499
vt 0.148634 0.01098299
vt 0.149861 0.005469024
vt 0.158992 0.653724
vt 0.341067 0.57383603
vt 0.339262 0.55379498
vt 0.33876 0.548248
vt 0.318616 0.687262
vt 0.14015 0.029877007
vt 0.674439 0.10297501
vt 0.676025 0.112361014
vt 0.682164 0.09098798
vt 0.670988 0.09408498
vt 0.68034 0.08019501
vt 0.665805 0.08603299
vt 0.676372 0.06997198
vt 0.659089 0.07912803
vt 0.670412 0.060714006
vt 0.651098 0.073635995
vt 0.662689 0.052775025
vt 0.64214 0.069769025
vt 0.653499 0.046459973
vt 0.632558 0.06767297
vt 0.643197 0.04201299
vt 0.62272 0.06743097
vt 0.632179 0.039602995
vt 0.609695 0.04118699
vt 0.613006 0.069050014
vt 0.599094 0.04512
vt 0.603788 0.07247001
vt 0.589471 0.05097103
vt 0.59542 0.077558994
vt 0.581196 0.058516026
vt 0.588224 0.08412099
vt 0.574586 0.06746501
vt 0.582476 0.09190297
vt 0.569896 0.077474
vt 0.578398 0.10060698
vt 0.567307 0.08815801
vt 0.576146 0.109898984
vt 0.566916 0.09910703
vt 0.575807 0.119421005
vt 0.623022 0.481533
vt 0.629665 0.47418797
vt 0.631083 0.47819996
vt 0.633196 0.48184
vt 0.624958 0.48713
vt 0.635922 0.48496997
vt 0.627837 0.492212
vt 0.639157 0.487468
vt 0.631549 0.49658203
vt 0.642777 0.48923802
vt 0.635951 0.50007302
vt 0.646643 0.49021304
vt 0.640874 0.50255
vt 0.650606 0.490355
vt 0.646128 0.503919
vt 0.656821 0.50316602
vt 0.654513 0.489659
vt 0.661847 0.501072
vt 0.658215 0.488151
vt 0.666399 0.49792802
vt 0.661569 0.48588896
vt 0.670302 0.493851
vt 0.664447 0.48296
vt 0.673406 0.48900104
vt 0.666737 0.479478
vt 0.675592 0.483563
vt 0.668353 0.47557402
vt 0.669231 0.47140098
vt 0.676775 0.477746
vt 0.890501 0.493082
vt 0.890587 0.48631597
vt 0.838951 0.48885703
vt 0.687663 0.495645
vt 0.684109 0.48985898
vt 0.68261 0.49663603
vt 0.680967 0.48367798
vt 0.679604 0.49011397
vt 0.839047 0.054416
vt 0.832315 0.058394015
vt 0.836135 0.47011304
vt 0.82572 0.068412006
vt 0.833017 0.46509802
vt 0.685989 0.50256503
vt 0.679868 0.50297803
vt 0.677099 0.49613297
vt 0.682958 0.50904799
vt 0.675989 0.508641
vt 0.673547 0.50150502
vt 0.678685 0.514844
vt 0.671121 0.513407
vt 0.669086 0.50602198
vt 0.673335 0.519731
vt 0.665452 0.517093
vt 0.663886 0.509512
vt 0.667113 0.52352
vt 0.6592 0.519558
vt 0.658148 0.51183897
vt 0.660259 0.52606702
vt 0.652604 0.520706
vt 0.652092 0.51291502
vt 0.651513 0.50412703
vt 0.645919 0.52049297
vt 0.645721 0.52709103
vt 0.64595 0.512698
vt 0.639401 0.518928
vt 0.638597 0.52552903
vt 0.63996 0.51119697
vt 0.633301 0.51607198
vt 0.631935 0.52264798
vt 0.63435 0.508469
vt 0.627852 0.51203197
vt 0.625993 0.518556
vt 0.629337 0.50462002
vt 0.623265 0.506966
vt 0.620998 0.513413
vt 0.625113 0.49979603
vt 0.619716 0.50106698
vt 0.617144 0.507416
vt 0.621841 0.49418402
vt 0.617341 0.49456203
vt 0.614577 0.500794
vt 0.619645 0.487998
vt 0.706766 0.033021986
vt 0.703097 0.42695796
vt 0.709866 0.43036997
vt 0.703482 0.039783
vt 0.696377 0.41878104
vt 0.702833 0.439443
vt 0.696027 0.43063998
vt 0.559742 0.0826
vt 0.709701 0.443106
vt 0.702386 0.45225096
vt 0.695509 0.44280398
vt 0.560173 0.07049298
vt 0.709348 0.456169
vt 0.701776 0.46488702
vt 0.559295 0.048425972
vt 0.563034 0.058678985
vt 0.568217 0.047613025
vt 0.708819 0.46905696
vt 0.701025 0.47686696
vt 0.564745 0.036778986
vt 0.57552 0.037717998
vt 0.708136 0.48127496
vt 0.700163 0.48773003
vt 0.572426 0.026367009
vt 0.584664 0.02937603
vt 0.707324 0.49235296
vt 0.699221 0.497059
vt 0.582044 0.01758802
vt 0.595298 0.022906005
vt 0.571197 0.64975297
vt 0.573434 0.657628
vt 0.583356 0.65713698
vt 0.593228 0.010779977
vt 0.607013 0.018558979
vt 0.581308 0.64922
vt 0.594732 0.65686798
vt 0.605548 0.006204009
vt 0.619358 0.016498983
vt 0.620866 0.039325
vt 0.607124 0.65683198
vt 0.605527 0.64890897
vt 0.631859 0.016807973
vt 0.631681 0.0043640137
vt 0.620057 0.65703
vt 0.618705 0.64914298
vt 0.644036 0.019473016
vt 0.644488 0.007167995
vt 0.633032 0.65745503
vt 0.631927 0.64962798
vt 0.65542 0.024390996
vt 0.656463 0.012345016
vt 0.645552 0.65809
vt 0.644685 0.650344
vt 0.665575 0.031373978
vt 0.667144 0.01969397
vt 0.657135 0.658911
vt 0.656489 0.65126503
vt 0.67411 0.040153027
vt 0.676121 0.028932989
vt 0.667337 0.659886
vt 0.666885 0.65235603
vt 0.680697 0.050390005
vt 0.68305 0.03970802
vt 0.83198 0.036692023
vt 0.832171 0.046878994
vt 0.839005 0.04267299
vt 0.685083 0.061694026
vt 0.687663 0.051603973
vt 0.825484 0.057473004
vt 0.687099 0.07362801
vt 0.910583 0.48282802
vt 0.900609 0.479644
vt 0.900547 0.48675704
vt 0.243208 0.638229
vt 0.249814 0.63876998
vt 0.255056 0.58589
vt 0.221755 0.63641298
vt 0.226997 0.583533
vt 0.220217 0.582941
vt 0.761357 0.434698
vt 0.761357 0.030786991
vt 0.709866 0.026459992
vt 0.760311 0.47338498
vt 0.645137 0.597152
vt 0.632379 0.596435
vt 0.58176 0.59602797
vt 0.592899 0.64893502
vt 0.890683 0.051874995
vt 0.839047 0.47464
vt 0.890393 0.49926996
vt 0.838865 0.495624
vt 0.24845 0.58534902
vt 0.24139 0.58476102
vt 0.214975 0.63582098
vt 0.214068 0.582393
vt 0.605979 0.595717
vt 0.593351 0.595743
vt 0.759627 0.48560202
vt 0.656941 0.598073
vt 0.890649 0.47923
vt 0.890683 0.472099
vt 0.890267 0.50463998
vt 0.838757 0.50181103
vt 0.236148 0.637641
vt 0.234146 0.584148
vt 0.208826 0.63527298
vt 0.208785 0.58191198
vt 0.667337 0.599164
vt 0.761192 0.447434
vt 0.619157 0.59595102
vt 0.758815 0.49668002
vt 0.706414 0.50186402
vt 0.839013 0.481772
vt 0.25571 0.639242
vt 0.260953 0.586362
vt 0.228904 0.63702798
vt 0.761234 0.024975002
vt 0.709743 0.020648003
vt 0.57165 0.59656
vt 0.890641 0.040130973
vt 0.890548 0.02974099
vt 0.838912 0.032283008
vt 0.760839 0.46049702
vt 0.926145 0.489834
vt 0.91052 0.490058
vt 0.255765 0.65984702
vt 0.255109 0.64948
vt 0.249189 0.649006
vt 0.221116 0.65696
vt 0.228411 0.657587
vt 0.228195 0.64725697
vt 0.781296 0.027484
vt 0.781171 0.02155298
vt 0.771179 0.02480501
vt 0.569247 0.57553202
vt 0.571228 0.58620203
vt 0.581379 0.58566803
vt 0.631217 0.575405
vt 0.617725 0.57490999
vt 0.618927 0.58559
vt 0.910575 0.03476
vt 0.91048 0.024159014
vt 0.900508 0.028343022
vt 0.780768 0.46597004
vt 0.770782 0.46208203
vt 0.770251 0.47502196
vt 0.910618 0.47555
vt 0.900644 0.47248304
vt 0.910322 0.503276
vt 0.900352 0.49976397
vt 0.900227 0.50515598
vt 0.235803 0.65821302
vt 0.235468 0.64787298
vt 0.202532 0.65530598
vt 0.207923 0.655797
vt 0.208036 0.645495
vt 0.781129 0.45264
vt 0.771137 0.44896603
vt 0.778702 0.50289202
vt 0.768749 0.498411
vt 0.767836 0.50796098
vt 0.604278 0.57467198
vt 0.605696 0.585356
vt 0.666889 0.57818902
vt 0.656281 0.57707602
vt 0.656863 0.587721
vt 0.910618 0.04674399
vt 0.900644 0.050565004
vt 0.910432 0.496962
vt 0.900461 0.49355102
vt 0.243007 0.658813
vt 0.242557 0.648463
vt 0.214198 0.65635598
vt 0.21421 0.64604503
vt 0.781296 0.43964303
vt 0.771302 0.43617904
vt 0.779531 0.491588
vt 0.769565 0.487289
vt 0.591392 0.57469797
vt 0.593018 0.58538198
vt 0.644236 0.576136
vt 0.645012 0.586796
vt 0.249748 0.659365
vt 0.221017 0.64664
vt 0.771302 0.03064102
vt 0.632202 0.58607697
vt 0.900602 0.038774014
vt 0.780229 0.47912097
vt 0.579564 0.57498902
vt 0.939693 0.499335
vt 0.92608 0.49730897
vt 0.257713 0.676107
vt 0.221886 0.673122
vt 0.229429 0.67377102
vt 0.796919 0.020344973
vt 0.796789 0.014213026
vt 0.629085 0.558533
vt 0.615134 0.558021
vt 0.926137 0.026543021
vt 0.926039 0.015581012
vt 0.796372 0.473728
vt 0.565009 0.55866498
vt 0.926181 0.48230898
vt 0.925875 0.51097703
vt 0.910194 0.50875598
vt 0.237072 0.67441797
vt 0.202671 0.671412
vt 0.208245 0.671919
vt 0.794236 0.511905
vt 0.777774 0.51259798
vt 0.60123 0.55777502
vt 0.665968 0.56141102
vt 0.655 0.560261
vt 0.796745 0.45994604
vt 0.926181 0.038933992
vt 0.925989 0.504448
vt 0.244521 0.67503798
vt 0.214733 0.67249697
vt 0.796918 0.446508
vt 0.795093 0.50021702
vt 0.587907 0.55780202
vt 0.642546 0.55928898
vt 0.251491 0.675609
vt 0.795814 0.48732603
vt 0.575677 0.55810302
vt 0.946783 0.49929297
vt 0.939626 0.507132
vt 0.268798 0.705024
vt 0.279772 0.70872402
vt 0.28049 0.700844
vt 0.223586 0.68729103
vt 0.231453 0.68796802
vt 0.810565 0.010433972
vt 0.81043 0.0040379763
vt 0.939685 0.016128004
vt 0.939583 0.0046949983
vt 0.809995 0.48330796
vt 0.616425 0.68301398
vt 0.627525 0.68615597
vt 0.628841 0.67172402
vt 0.626235 0.543476
vt 0.611685 0.542942
vt 0.939731 0.49148703
vt 0.269547 0.713176
vt 0.28049 0.71653998
vt 0.239425 0.68864298
vt 0.203545 0.685507
vt 0.209358 0.686037
vt 0.597183 0.54268497
vt 0.664704 0.54647797
vt 0.653264 0.545278
vt 0.810383 0.468933
vt 0.617797 0.69794703
vt 0.628841 0.700472
vt 0.939731 0.029051006
vt 0.93953 0.514579
vt 0.247194 0.68929
vt 0.216125 0.68664002
vt 0.808661 0.51093602
vt 0.583287 0.542714
vt 0.640275 0.54426402
vt 0.810565 0.454917
vt 0.254463 0.68988502
vt 0.809413 0.497491
vt 0.570531 0.54302698
vt 0.401141 0.507065
vt 0.543688 0.546238
vt 0.551449 0.51881403
vt 0.260372 0.69767803
vt 0.260953 0.690405
vt 0.222959 0.694561
vt 0.230836 0.695238
vt 0.817638 0.010694981
vt 0.817503 0.004290998
vt 0.817068 0.48415697
vt 0.559295 0.536277
vt 0.559405 0.54361302
vt 0.626208 0.536139
vt 0.611639 0.535605
vt 0.946774 0.015484989
vt 0.946672 0.0040379763
vt 0.946821 0.491435
vt 0.946501 0.52137202
vt 0.939412 0.52138698
vt 0.939274 0.52729702
vt 0.238817 0.69591397
vt 0.202893 0.692774
vt 0.208714 0.69330502
vt 0.664725 0.539145
vt 0.65327 0.53794402
vt 0.817457 0.469764
vt 0.814837 0.524024
vt 0.807767 0.523126
vt 0.806766 0.533593
vt 0.597119 0.535348
vt 0.946821 0.028424025
vt 0.94662 0.51455498
vt 0.246597 0.696562
vt 0.215489 0.69390798
vt 0.583206 0.535376
vt 0.640265 0.536929
vt 0.817638 0.45572996
vt 0.815732 0.511819
vt 0.946715 0.50709897
vt 0.253875 0.69715703
vt 0.816485 0.498357
vt 0.570435 0.53569
vt 0.667301 0.588816
vt 0.757905 0.50619203
vt 0.202732 0.64501202
vt 0.178844 0.645204
vt 0.311874 0.56917298
vt 0.316313 0.541637
vt 0.862589 0.986357987
vt 0.958764 0.51700997
vt 0.710188 0.62184697
vt 0.13654 0.722683
vt 0.996077 0.503905
vt 0.832336 0.994919002
vt 0.846878 0.9959620237
vt 0.981508 0.50463098
vt 0.825484 0.56443
vt 0.363953 0.53085798
vt 0.17359 0.672163
vt 0.159072 0.67187
vt 0.311792 0.698264
vt 0.326321 0.698004
vt 0.653036 0.527272
vt 0.618533 0.0040379763
vt 0.838632 0.507182
vt 0.203543 0.63479102
vt 0.925743 0.516643
vt 0.793277 0.521941
vt 0.269547 0.696806
vt 0.617797 0.667962
vt 0.551449 0.039188027
vt 0.54966 0.031545997
vt 0.546372 0.024375975
vt 0.51355 0.0040379763
vt 0.54171 0.017951012
vt 0.535855 0.0125210285
vt 0.52903 0.008292019
vt 0.521499 0.005427003
vt 0.50549 0.0041760206
vt 0.497627 0.0058370233
vt 0.490264 0.008957028
vt 0.470965 0.032896996
vt 0.483685 0.013415992
vt 0.478141 0.019042015
vt 0.473846 0.025619984
vt 0.401545 0.52138698
vt 0.430109 0.57023197
vt 0.404821 0.535383
vt 0.410845 0.548518
vt 0.419383 0.56028402
vt 0.442609 0.57797801
vt 0.456404 0.583224
vt 0.470964 0.58577
vt 0.485728 0.585517
vt 0.500129 0.582474
vt 0.513615 0.57675898
vt 0.525667 0.568592
vt 0.535821 0.558286
vt 0.548965 0.53291
vt 0.946363 0.52729
vt 0.813835 0.534505
vn 0.0478 0.9989 0.0004
vn 0.0478 0.9989 0.0004
vn 0.0478 0.9989 0.0004
vn 0.0477 0.9989 0.0004
vn 0.0477 0.9989 0.0004
vn 0.0477 0.9989 0.0004
vn 0.0477 0.9989 0.0004
vn 0.0478 0.9989 0.0005
vn 0.0478 0.9989 0.0005
vn 0.0478 0.9989 0.0005
vn 0.0478 0.9989 0.0004
vn 0.0478 0.9989 0.0004
vn 0.0477 0.9989 0.0005
vn 0.0477 0.9989 0.0005
vn 0.0477 0.9989 0.0005
vn 0.0477 0.9989 0.0004
vn 0.0477 0.9989 0.0004
vn 0.0477 0.9989 0.0004
vn 0.0477 0.9989 0.0004
vn 0.0477 0.9989 0.0003
vn 0.0477 0.9989 0.0003
vn 0.0477 0.9989 0.0003
vn 0.0477 0.9989 0.0005
vn 0.0477 0.9989 0.0005
vn 0.0477 0.9989 0.0005
vn 0.0477 0.9989 0.0004
vn 0.0477 0.9989 0.0004
vn 0.0477 0.9989 0
vn 0.0477 0.9989 0
vn 0.0477 0.9989 0
vn 0.0478 0.9989 0.0004
vn 0.0478 0.9989 0.0004
vn 0.0478 0.9989 0.0004
vn 0.0477 0.9989 0.0002
vn 0.0477 0.9989 0.0002
vn 0.0477 0.9989 0.0002
vn 0.0477 0.9989 0.0005
vn 0.0477 0.9989 0.0005
vn 0.0477 0.9989 0.0006
vn 0.0477 0.9989 0.0006
vn 0.0477 0.9989 0.0006
vn 0.0477 0.9989 0.0002
vn 0.0477 0.9989 0.0002
vn 0.0477 0.9989 0.0002
vn 0.0477 0.9989 0.0005
vn 0.0477 0.9989 0.0005
vn 0.0477 0.9989 0.0004
vn 0.0477 0.9989 0.0004
vn 0.0477 0.9989 0.0004
vn 0.0477 0.9989 0.0005
vn 0.0477 0.9989 0.0005
vn 0.0478 0.9989 0.0003
vn 0.0478 0.9989 0.0003
vn 0.0478 0.9989 0.0003
vn 0.0477 0.9989 0.0005
vn 0.0477 0.9989 0.0005
vn 0.0477 0.9989 0.0004
vn 0.0477 0.9989 0.0004
vn 0.0478 0.9989 0.0004
vn 0.0478 0.9989 0.0004
vn 0.0478 0.9989 0.0004
vn 0.0477 0.9989 0.0004
vn 0.0477 0.9989 0.0004
vn 0.0478 0.9989 0.0004
vn 0.0478 0.9989 0.0004
vn 0.0478 0.9989 0.0005
vn 0.0478 0.9989 0.0005
vn 0.0478 0.9989 0.0005
vn 0.0478 0.9989 0.0004
vn 0.0478 0.9989 0.0004
vn 0.0478 0.9989 0.0004
vn 0.0477 0.9989 0.0005
vn 0.0477 0.9989 0.0005
vn 0.0477 0.9989 0.0005
vn 0.0477 0.9989 0.0004
vn 0.0477 0.9989 0.0004
vn 0.0477 0.9989 0.0004
vn 0.0477 0.9989 0.0004
vn 0.0477 0.9989 0.0004
vn 0.0477 0.9989 0.0004
vn 0.0477 0.9989 0.0004
vn 0.0477 0.9989 0.0005
vn 0.0477 0.9989 0.0005
vn 0.0477 0.9989 0.0005
vn 0.0477 0.9989 0.0004
vn 0.0477 0.9989 0.0004
vn 0.0477 0.9989 0.0004
vn 0.0477 0.9989 0.0004
vn 0.0477 0.9989 0.0005
vn 0.0477 0.9989 0.0005
vn 0.0477 0.9989 0.0005
vn 0.0477 0.9989 0.0004
vn 0.0477 0.9989 0.0004
vn 0.0477 0.9989 0.0004
vn 0.0477 0.9989 0.0005
vn 0.0477 0.9989 0.0005
vn 0.0477 0.9989 0.0005
vn 0.0477 0.9989 0.0005
vn 0.0478 0.9989 0.0004
vn 0.0478 0.9989 0.0004
vn 0.0478 0.9989 0.0004
vn 0.0478 0.9989 0.0003
vn 0.0478 0.9989 0.0003
vn 0.0478 0.9989 0.0003
vn 0.0478 0.9989 0.0004
vn 0.0478 0.9989 0.0004
vn 0.0477 0.9989 0.0004
vn 0.0477 0.9989 0.0004
vn 0.0478 0.9989 0.0004
vn 0.0477 0.9989 0.0003
vn 0.0477 0.9989 0.0003
vn 0.0477 0.9989 0.0003
vn 0.0477 0.9989 0.0005
vn 0.0477 0.9989 0.0005
vn 0.0477 0.9989 0.0005
vn 0.0478 0.9989 0.0005
vn 0.0478 0.9989 0.0005
vn 0.0478 0.9989 0.0005
vn 0.0477 0.9989 0.0004
vn 0.0477 0.9989 0.0004
vn 0.0478 0.9989 0.0006
vn 0.0478 0.9989 0.0006
vn 0.0478 0.9989 0.0006
vn 0.0477 0.9989 0.0004
vn 0.0477 0.9989 0.0004
vn 0.0477 0.9989 0.0005
vn 0.0477 0.9989 0.0005
vn 0.0477 0.9989 -0.0006
vn 0.0477 0.9989 -0.0006
vn 0.0477 0.9989 -0.0006
vn 0.0478 0.9989 0
vn 0.0478 0.9989 0
vn 0.0478 0.9989 0
vn 0.0477 0.9989 0.0004
vn 0.0477 0.9989 0.0004
vn 0.0477 0.9989 0.0004
vn 0.0478 0.9989 0.0004
vn 0.0477 0.9989 0.0009
vn 0.0477 0.9989 0.0009
vn 0.0477 0.9989 0.0009
vn 0.0478 0.9989 0.0004
vn 0.0478 0.9989 0.0004
vn 0.0478 0.9989 0.0004
vn 0.0477 0.9989 0.0005
vn 0.0477 0.9989 0.0005
vn 0.0477 0.9989 0.0005
vn 0.0477 0.9989 0.0005
vn 0.0478 0.9989 0.0003
vn 0.0478 0.9989 0.0003
vn 0.0478 0.9989 0.0003
vn 0.0478 0.9989 0.0004
vn 0.0478 0.9989 0.0004
vn 0.0478 0.9989 0.0004
vn 0.0477 0.9989 0.0004
vn 0.0477 0.9989 0.0004
vn 0.0477 0.9989 0.0004
vn 0.0477 0.9989 0.0005
vn 0.0477 0.9989 0.0005
vn 0.0477 0.9989 0.0005
vn 0.0477 0.9989 0.0004
vn 0.0477 0.9989 0.0004
vn 0.0477 0.9989 0.0004
vn 0.0477 0.9989 0.0005
vn 0.0477 0.9989 0.0005
vn 0.0477 0.9989 0.0005
vn 0.0478 0.9989 0.0005
vn 0.0478 0.9989 0.0005
vn 0.0478 0.9989 0.0005
vn 0.0477 0.9989 0.0004
vn 0.0477 0.9989 0.0004
vn 0.0477 0.9989 0.0004
vn 0.0477 0.9989 0.0004
vn 0.0477 0.9989 0.0004
vn 0.0478 0.9989 0.0004
vn 0.0478 0.9989 0.0004
vn 0.0478 0.9989 0.0004
vn 0.0477 0.9989 0.0004
vn 0.0477 0.9989 0.0004
vn 0.0477 0.9989 0.0004
vn 0.0477 0.9989 0.0004
vn 0.0477 0.9989 0.0005
vn 0.0477 0.9989 0.0005
vn 0.0477 0.9989 0.0005
vn 0.0477 0.9989 0.0004
vn 0.0477 0.9989 0.0004
vn 0.0478 0.9989 0.0004
vn 0.0478 0.9989 0.0004
vn 0.0478 0.9989 0.0004
vn 0.0478 0.9989 0.0004
vn 0.0477 0.9989 0.0004
vn 0.0477 0.9989 0.0004
vn 0.0478 0.9989 0.0005
vn 0.0478 0.9989 0.0005
vn 0.0478 0.9989 0.0005
vn 0.0477 0.9989 0.0004
vn 0.0477 0.9989 0.0004
vn 0.0477 0.9989 0.0004
vn 0.0478 0.9989 0.0004
vn 0.0478 0.9989 0.0004
vn 0.0477 0.9989 0.0004
vn 0.0477 0.9989 0.0004
vn 0.0477 0.9989 0.0004
vn 0.0477 0.9989 0.0005
vn 0.0477 0.9989 0.0005
vn 0.0477 0.9989 0.0005
vn 0.0478 0.9989 0.0004
vn 0.0478 0.9989 0.0004
vn 0.0478 0.9989 0.0004
vn 0.0633 0.998 0.0005
vn 0.0633 0.998 0.0005
vn 0.0633 0.998 0.0005
vn 0.0605 0.9982 0.0043
vn 0.0605 0.9982 0.0043
vn 0.0605 0.9982 0.0043
vn 0.0592 0.9982 -0.002
vn 0.0592 0.9982 -0.002
vn 0.0592 0.9982 -0.002
vn 0.0031 0.9999 -0.013
vn 0.0031 0.9999 -0.013
vn 0.0031 0.9999 -0.013
vn 0.046 0.9989 -0.0002
vn 0.046 0.9989 -0.0002
vn 0.046 0.9989 -0.0002
vn 0.0625 0.998 -0.0001
vn 0.0625 0.998 -0.0001
vn 0.0625 0.998 -0.0001
vn 0.0626 0.998 0.0005
vn 0.0626 0.998 0.0005
vn 0.0626 0.998 0.0005
vn 0.0691 0.9976 0.0086
vn 0.0691 0.9976 0.0086
vn 0.0691 0.9976 0.0086
vn 0.0588 0.9983 -0.0057
vn 0.0588 0.9983 -0.0057
vn 0.0588 0.9983 -0.0057
vn 0.0607 0.9982 0.003
vn 0.0607 0.9982 0.003
vn 0.0607 0.9982 0.003
vn 0.0677 0.9977 0.0005
vn 0.0677 0.9977 0.0005
vn 0.0677 0.9977 0.0005
vn 0.0684 0.9977 -0.0006
vn 0.0684 0.9977 -0.0006
vn 0.0684 0.9977 -0.0006
vn 0.0683 0.9977 -0.0009
vn 0.0683 0.9977 -0.0009
vn 0.0683 0.9977 -0.0009
vn 0.0683 0.9977 -0.0009
vn 0.0682 0.9977 -0.0012
vn 0.0682 0.9977 -0.0012
vn 0.0682 0.9977 -0.0012
vn 0.0682 0.9977 -0.0013
vn 0.0682 0.9977 -0.0013
vn 0.0682 0.9977 -0.0013
vn 0.0682 0.9977 -0.0018
vn 0.0682 0.9977 -0.0018
vn 0.0682 0.9977 -0.0018
vn 0.0681 0.9977 -0.0022
vn 0.0681 0.9977 -0.0022
vn 0.0681 0.9977 -0.0022
vn 0.0681 0.9977 -0.0028
vn 0.0681 0.9977 -0.0028
vn 0.0681 0.9977 -0.0028
vn 0.0678 0.9976 0.0104
vn 0.0678 0.9976 0.0104
vn 0.0678 0.9976 0.0104
vn 0.0679 0.9977 -0.0032
vn 0.0679 0.9977 -0.0032
vn 0.0679 0.9977 -0.0032
vn 0.0382 0.9992 -0.0075
vn 0.0382 0.9992 -0.0075
vn 0.0382 0.9992 -0.0075
vn 0.0575 0.9916 0.1157
vn 0.0575 0.9916 0.1157
vn 0.0575 0.9916 0.1157
vn 0.0673 0.9977 0.0034
vn 0.0673 0.9977 0.0034
vn 0.0673 0.9977 0.0034
vn 0.0675 0.9977 0
vn 0.0675 0.9977 0
vn 0.0675 0.9977 0
vn 0.0677 0.9977 -0.0039
vn 0.0677 0.9977 -0.0039
vn 0.0677 0.9977 -0.0039
vn 0.0672 0.9977 -0.0003
vn 0.0672 0.9977 -0.0003
vn 0.0672 0.9977 -0.0003
vn 0.0673 0.9977 -0.0017
vn 0.0673 0.9977 -0.0017
vn 0.0673 0.9977 -0.0017
vn 0.0674 0.9977 -0.0025
vn 0.0674 0.9977 -0.0025
vn 0.0674 0.9977 -0.0025
vn 0.0675 0.9977 -0.0046
vn 0.0675 0.9977 -0.0046
vn 0.0675 0.9977 -0.0046
vn 0.0672 0.9977 -0.003
vn 0.0672 0.9977 -0.003
vn 0.0672 0.9977 -0.003
vn 0.0673 0.9977 -0.0035
vn 0.0673 0.9977 -0.0035
vn 0.0673 0.9977 -0.0035
vn 0.0673 0.9977 -0.0043
vn 0.0673 0.9977 -0.0043
vn 0.0673 0.9977 -0.0043
vn 0.0673 0.9977 -0.0053
vn 0.0673 0.9977 -0.0053
vn 0.0673 0.9977 -0.0053
vn 0.0672 0.9977 -0.0047
vn 0.0672 0.9977 -0.0047
vn 0.0672 0.9977 -0.0047
vn 0.0672 0.9977 -0.0052
vn 0.0672 0.9977 -0.0052
vn 0.0672 0.9977 -0.0052
vn 0.0672 0.9977 -0.0062
vn 0.0672 0.9977 -0.0062
vn 0.0672 0.9977 -0.0062
vn 0.0671 0.9977 -0.0056
vn 0.0671 0.9977 -0.0056
vn 0.0671 0.9977 -0.0056
vn 0.0671 0.9977 -0.0062
vn 0.0671 0.9977 -0.0062
vn 0.0671 0.9977 -0.0062
vn 0.0671 0.9977 -0.0071
vn 0.0671 0.9977 -0.0071
vn 0.0671 0.9977 -0.0071
vn 0.067 0.9977 -0.0068
vn 0.067 0.9977 -0.0068
vn 0.067 0.9977 -0.0068
vn 0.0671 0.9977 -0.0079
vn 0.0671 0.9977 -0.0079
vn 0.0671 0.9977 -0.0079
vn 0.067 0.9977 -0.0073
vn 0.067 0.9977 -0.0073
vn 0.067 0.9977 -0.0073
vn 0.067 0.9977 -0.0077
vn 0.067 0.9977 -0.0077
vn 0.067 0.9977 -0.0077
vn 0.067 0.9977 -0.0085
vn 0.067 0.9977 -0.0085
vn 0.067 0.9977 -0.0085
vn 0.067 0.9977 -0.0083
vn 0.067 0.9977 -0.0083
vn 0.067 0.9977 -0.0083
vn 0.067 0.9977 -0.0086
vn 0.067 0.9977 -0.0086
vn 0.067 0.9977 -0.0086
vn 0.067 0.9977 -0.0089
vn 0.067 0.9977 -0.0089
vn 0.067 0.9977 -0.0089
vn 0.067 0.9977 -0.0091
vn 0.067 0.9977 -0.0091
vn 0.067 0.9977 -0.0091
vn 0.0671 0.9977 -0.0095
vn 0.0671 0.9977 -0.0095
vn 0.0671 0.9977 -0.0095
vn 0.0671 0.9977 -0.0102
vn 0.0671 0.9977 -0.0102
vn 0.0671 0.9977 -0.0102
vn 0.0671 0.9977 -0.0113
vn 0.0671 0.9977 -0.0113
vn 0.0671 0.9977 -0.0113
vn 0.0671 0.9977 -0.0093
vn 0.0671 0.9977 -0.0093
vn 0.0671 0.9977 -0.0093
vn 0.0673 0.9977 -0.0117
vn 0.0673 0.9977 -0.0117
vn 0.0673 0.9977 -0.0117
vn 0.0675 0.9976 -0.0146
vn 0.0675 0.9976 -0.0146
vn 0.0675 0.9976 -0.0146
vn 0.0613 0.9981 0.0009
vn 0.0613 0.9981 0.0009
vn 0.0613 0.9981 0.0009
vn 0.0677 0.9977 0.0009
vn 0.0677 0.9977 0.0009
vn 0.0677 0.9977 0.0009
vn 0.0667 0.9978 -0.0012
vn 0.0667 0.9978 -0.0012
vn 0.0667 0.9978 -0.0012
vn 0.0647 0.9978 -0.013
vn 0.0647 0.9978 -0.013
vn 0.0647 0.9978 -0.013
vn 0.0662 0.9978 -0.002
vn 0.0662 0.9978 -0.002
vn 0.0662 0.9978 -0.002
vn 0.0679 0.9976 0.0141
vn 0.0679 0.9976 0.0141
vn 0.0679 0.9976 0.0141
vn 0.0679 0.9976 0.0135
vn 0.0679 0.9976 0.0135
vn 0.0679 0.9976 0.0135
vn 0.0679 0.9976 0.0131
vn 0.0679 0.9976 0.0131
vn 0.0679 0.9976 0.0131
vn 0.0679 0.9976 0.0127
vn 0.0679 0.9976 0.0127
vn 0.0679 0.9976 0.0127
vn 0.0679 0.9976 0.0154
vn 0.0679 0.9976 0.0154
vn 0.0679 0.9976 0.0154
vn 0.0686 0.9976 0.0043
vn 0.0686 0.9976 0.0043
vn 0.0686 0.9976 0.0043
vn 0.0656 0.9978 0.0005
vn 0.0656 0.9978 0.0005
vn 0.0656 0.9978 0.0005
vn 0.0664 0.9978 -0.0009
vn 0.0664 0.9978 -0.0009
vn 0.0664 0.9978 -0.0009
vn 0.067 0.9978 0.0009
vn 0.067 0.9978 0.0009
vn 0.067 0.9978 0.0009
vn 0.0671 0.9977 0.0013
vn 0.0671 0.9977 0.0013
vn 0.0671 0.9977 0.0013
vn 0.0671 0.9977 0.0015
vn 0.0671 0.9977 0.0015
vn 0.0671 0.9977 0.0015
vn 0.0671 0.9977 0.0014
vn 0.0671 0.9977 0.0014
vn 0.0671 0.9977 0.0014
vn 0.0671 0.9977 0.0012
vn 0.0671 0.9977 0.0012
vn 0.0671 0.9977 0.0012
vn 0.0671 0.9977 0.0008
vn 0.0671 0.9977 0.0008
vn 0.0671 0.9977 0.0008
vn 0.0671 0.9977 0.0002
vn 0.0671 0.9977 0.0002
vn 0.0671 0.9977 0.0002
vn 0.0678 0.9974 -0.0258
vn 0.0678 0.9974 -0.0258
vn 0.0678 0.9974 -0.0258
vn 0.0675 0.9977 -0.0008
vn 0.0675 0.9977 -0.0008
vn 0.0675 0.9977 -0.0008
vn 0.0516 0.9987 -0.0037
vn 0.0516 0.9987 -0.0037
vn 0.0516 0.9987 -0.0037
vn 0.0824 0.971 -0.2244
vn 0.0824 0.971 -0.2244
vn 0.0824 0.971 -0.2244
vn 0.0679 0.9977 -0.0064
vn 0.0679 0.9977 -0.0064
vn 0.0679 0.9977 -0.0064
vn 0.0677 0.9977 -0.0034
vn 0.0677 0.9977 -0.0034
vn 0.0677 0.9977 -0.0034
vn 0.0676 0.9977 -0.0015
vn 0.0676 0.9977 -0.0015
vn 0.0676 0.9977 -0.0015
vn 0.0678 0.9977 -0.0028
vn 0.0678 0.9977 -0.0028
vn 0.0678 0.9977 -0.0028
vn 0.0677 0.9977 -0.0022
vn 0.0677 0.9977 -0.0022
vn 0.0677 0.9977 -0.0022
vn 0.0677 0.9977 -0.0021
vn 0.0677 0.9977 -0.0021
vn 0.0677 0.9977 -0.0021
vn 0.0677 0.9977 -0.0021
vn 0.0677 0.9977 -0.0022
vn 0.0677 0.9977 -0.0022
vn 0.0677 0.9977 -0.0022
vn 0.0678 0.9977 -0.0023
vn 0.0678 0.9977 -0.0023
vn 0.0678 0.9977 -0.0023
vn 0.0678 0.9977 -0.0024
vn 0.0678 0.9977 -0.0024
vn 0.0678 0.9977 -0.0024
vn 0.0678 0.9977 -0.0027
vn 0.0678 0.9977 -0.0027
vn 0.0678 0.9977 -0.0027
vn 0.0677 0.9977 -0.0026
vn 0.0677 0.9977 -0.0026
vn 0.0677 0.9977 -0.0026
vn 0.0677 0.9977 -0.0029
vn 0.0677 0.9977 -0.0029
vn 0.0677 0.9977 -0.0029
vn 0.0677 0.9977 -0.0033
vn 0.0677 0.9977 -0.0033
vn 0.0677 0.9977 -0.0033
vn 0.0677 0.9977 -0.003
vn 0.0677 0.9977 -0.003
vn 0.0677 0.9977 -0.003
vn 0.0677 0.9977 -0.0033
vn 0.0677 0.9977 -0.0033
vn 0.0677 0.9977 -0.004
vn 0.0677 0.9977 -0.004
vn 0.0677 0.9977 -0.004
vn 0.0676 0.9977 -0.0035
vn 0.0676 0.9977 -0.0035
vn 0.0676 0.9977 -0.0035
vn 0.0676 0.9977 -0.0045
vn 0.0676 0.9977 -0.0045
vn 0.0676 0.9977 -0.0045
vn 0.0675 0.9977 -0.0037
vn 0.0675 0.9977 -0.0037
vn 0.0675 0.9977 -0.0037
vn 0.0675 0.9977 -0.0038
vn 0.0675 0.9977 -0.0038
vn 0.0675 0.9977 -0.0038
vn 0.0675 0.9977 -0.005
vn 0.0675 0.9977 -0.005
vn 0.0675 0.9977 -0.005
vn 0.0674 0.9977 -0.004
vn 0.0674 0.9977 -0.004
vn 0.0674 0.9977 -0.004
vn 0.0674 0.9977 -0.0039
vn 0.0674 0.9977 -0.0039
vn 0.0674 0.9977 -0.0039
vn 0.0674 0.9977 -0.0054
vn 0.0674 0.9977 -0.0054
vn 0.0674 0.9977 -0.0054
vn 0.0672 0.9977 -0.004
vn 0.0672 0.9977 -0.004
vn 0.0672 0.9977 -0.004
vn 0.0672 0.9977 -0.0038
vn 0.0672 0.9977 -0.0038
vn 0.0672 0.9977 -0.0038
vn 0.0672 0.9977 -0.0033
vn 0.0672 0.9977 -0.0033
vn 0.0672 0.9977 -0.0033
vn 0.0672 0.9977 -0.002
vn 0.0672 0.9977 -0.002
vn 0.0672 0.9977 -0.002
vn 0.0672 0.9977 -0.006
vn 0.0672 0.9977 -0.006
vn 0.0672 0.9977 -0.006
vn 0.0669 0.9978 -0.0021
vn 0.0669 0.9978 -0.0021
vn 0.0669 0.9978 -0.0021
vn 0.0667 0.9978 0.0005
vn 0.0667 0.9978 0.0005
vn 0.0667 0.9978 0.0005
vn 0.0623 0.9981 0.0007
vn 0.0623 0.9981 0.0007
vn 0.0623 0.9981 0.0007
vn 0.0662 0.9978 0.0007
vn 0.0662 0.9978 0.0007
vn 0.0662 0.9978 0.0007
vn 0.0667 0.9978 0.0017
vn 0.0667 0.9978 0.0017
vn 0.0667 0.9978 0.0017
vn 0.065 0.9978 -0.01
vn 0.065 0.9978 -0.01
vn 0.065 0.9978 -0.01
vn 0.0657 0.9978 -0.0039
vn 0.0657 0.9978 -0.0039
vn 0.0657 0.9978 -0.0039
vn 0.0665 0.9978 0.0049
vn 0.0665 0.9978 0.0049
vn 0.0665 0.9978 0.0049
vn 0.0664 0.9978 0.0036
vn 0.0664 0.9978 0.0036
vn 0.0664 0.9978 0.0036
vn 0.0663 0.9978 0.0021
vn 0.0663 0.9978 0.0021
vn 0.0663 0.9978 0.0021
vn 0.0663 0.9978 -0.0005
vn 0.0663 0.9978 -0.0005
vn 0.0663 0.9978 -0.0005
vn 0.0661 0.9978 -0.0097
vn 0.0661 0.9978 -0.0097
vn 0.0661 0.9978 -0.0097
vn 0.066 0.9978 0.0027
vn 0.066 0.9978 0.0027
vn 0.066 0.9978 0.0027
vn 0.0642 0.9979 0.0005
vn 0.0642 0.9979 0.0005
vn 0.0642 0.9979 0.0005
vn 0.0642 0.9979 0.0005
vn 0.0603 0.9982 0.0005
vn 0.0603 0.9982 0.0005
vn 0.0603 0.9982 0.0005
vn 0.0601 0.9982 0.0004
vn 0.0601 0.9982 0.0004
vn 0.0601 0.9982 0.0004
vn 0.062 0.9981 0.0041
vn 0.062 0.9981 0.0041
vn 0.062 0.9981 0.0041
vn 0.0615 0.9981 0.0009
vn 0.0615 0.9981 0.0009
vn 0.0615 0.9981 0.0009
vn 0.0555 0.9985 0.0005
vn 0.0555 0.9985 0.0005
vn 0.0555 0.9985 0.0005
vn 0.0572 0.9984 -0.0023
vn 0.0572 0.9984 -0.0023
vn 0.0572 0.9984 -0.0023
vn 0.0576 0.9983 0.0002
vn 0.0576 0.9983 0.0002
vn 0.0576 0.9983 0.0002
vn 0.0525 0.9986 -0.0003
vn 0.0525 0.9986 -0.0003
vn 0.0525 0.9986 -0.0003
vn 0.0532 0.9986 -0.0001
vn 0.0532 0.9986 -0.0001
vn 0.0532 0.9986 -0.0001
vn 0.0574 0.9983 0
vn 0.0574 0.9983 0
vn 0.0574 0.9983 0
vn 0.0574 0.9984 -0.0003
vn 0.0574 0.9984 -0.0003
vn 0.0574 0.9984 -0.0003
vn 0.0557 0.9984 0.0011
vn 0.0557 0.9984 0.0011
vn 0.0557 0.9984 0.0011
vn -0.0477 -0.9989 -0.0004
vn -0.0477 -0.9989 -0.0004
vn -0.0477 -0.9989 -0.0004
vn -0.0477 -0.9989 -0.0004
vn -0.0477 -0.9989 -0.0004
vn -0.0478 -0.9989 -0.0004
vn -0.0478 -0.9989 -0.0004
vn -0.0478 -0.9989 -0.0004
vn -0.0478 -0.9989 -0.0005
vn -0.0478 -0.9989 -0.0005
vn -0.0478 -0.9989 -0.0005
vn -0.0477 -0.9989 -0.0004
vn -0.0477 -0.9989 -0.0004
vn -0.0477 -0.9989 -0.0004
vn -0.0477 -0.9989 -0.0004
vn -0.0477 -0.9989 -0.0005
vn -0.0477 -0.9989 -0.0005
vn -0.0477 -0.9989 -0.0005
vn -0.0477 -0.9989 -0.0003
vn -0.0477 -0.9989 -0.0003
vn -0.0477 -0.9989 -0.0003
vn -0.0477 -0.9989 -0.0004
vn -0.0477 -0.9989 -0.0004
vn -0.0477 -0.9989 -0.0004
vn -0.0478 -0.9989 -0.0004
vn -0.0478 -0.9989 -0.0004
vn -0.0477 -0.9989 0
vn -0.0477 -0.9989 0
vn -0.0477 -0.9989 0
vn -0.0477 -0.9989 -0.0004
vn -0.0477 -0.9989 -0.0004
vn -0.0477 -0.9989 -0.0005
vn -0.0477 -0.9989 -0.0005
vn -0.0477 -0.9989 -0.0005
vn -0.0477 -0.9989 -0.0004
vn -0.0477 -0.9989 -0.0004
vn -0.0478 -0.9989 -0.0003
vn -0.0478 -0.9989 -0.0003
vn -0.0478 -0.9989 -0.0003
vn -0.0478 -0.9989 -0.0006
vn -0.0478 -0.9989 -0.0006
vn -0.0478 -0.9989 -0.0006
vn -0.0477 -0.9989 -0.0004
vn -0.0477 -0.9989 -0.0004
vn -0.0477 -0.9989 -0.0004
vn -0.0477 -0.9989 -0.0005
vn -0.0477 -0.9989 -0.0005
vn -0.0477 -0.9989 -0.0005
vn -0.0478 -0.9989 -0.0003
vn -0.0478 -0.9989 -0.0003
vn -0.0478 -0.9989 -0.0003
vn -0.0478 -0.9989 -0.0005
vn -0.0478 -0.9989 -0.0005
vn -0.0478 -0.9989 -0.0005
vn -0.0477 -0.9989 -0.0004
vn -0.0477 -0.9989 -0.0004
vn -0.0478 -0.9989 -0.0004
vn -0.0478 -0.9989 -0.0004
vn -0.0478 -0.9989 -0.0004
vn -0.0478 -0.9989 -0.0004
vn -0.0478 -0.9989 -0.0004
vn -0.0478 -0.9989 -0.0004
vn -0.0478 -0.9989 -0.0005
vn -0.0478 -0.9989 -0.0005
vn -0.0478 -0.9989 -0.0005
vn -0.0477 -0.9989 -0.0004
vn -0.0477 -0.9989 -0.0004
vn -0.0477 -0.9989 -0.0004
vn -0.0477 -0.9989 -0.0005
vn -0.0477 -0.9989 -0.0005
vn -0.0477 -0.9989 -0.0005
vn -0.0477 -0.9989 -0.0004
vn -0.0477 -0.9989 -0.0004
vn -0.0477 -0.9989 -0.0004
vn -0.0477 -0.9989 -0.0005
vn -0.0477 -0.9989 -0.0005
vn -0.0477 -0.9989 -0.0005
vn -0.0477 -0.9989 -0.0004
vn -0.0477 -0.9989 -0.0004
vn -0.0477 -0.9989 -0.0005
vn -0.0477 -0.9989 -0.0005
vn -0.0477 -0.9989 -0.0005
vn -0.0477 -0.9989 -0.0004
vn -0.0477 -0.9989 -0.0004
vn -0.0477 -0.9989 -0.0004
vn -0.0477 -0.9989 -0.0004
vn -0.0477 -0.9989 -0.0004
vn -0.0477 -0.9989 -0.0005
vn -0.0477 -0.9989 -0.0005
vn -0.0477 -0.9989 -0.0005
vn -0.0477 -0.9989 -0.0004
vn -0.0477 -0.9989 -0.0004
vn -0.0478 -0.9989 -0.0003
vn -0.0478 -0.9989 -0.0003
vn -0.0478 -0.9989 -0.0003
vn -0.0477 -0.9989 -0.0006
vn -0.0477 -0.9989 -0.0006
vn -0.0477 -0.9989 -0.0006
vn -0.0478 -0.9989 -0.0004
vn -0.0478 -0.9989 -0.0004
vn -0.0478 -0.9989 -0.0004
vn -0.0478 -0.9989 -0.0003
vn -0.0478 -0.9989 -0.0003
vn -0.0478 -0.9989 -0.0003
vn -0.0478 -0.9989 -0.0007
vn -0.0478 -0.9989 -0.0007
vn -0.0478 -0.9989 -0.0007
vn -0.0477 -0.9989 -0.0004
vn -0.0477 -0.9989 -0.0004
vn -0.0477 -0.9989 -0.0004
vn -0.0477 -0.9989 -0.0004
vn -0.0478 -0.9989 -0.0005
vn -0.0478 -0.9989 -0.0005
vn -0.0478 -0.9989 -0.0005
vn -0.0477 -0.9989 -0.0004
vn -0.0477 -0.9989 -0.0004
vn -0.0477 -0.9989 -0.0004
vn -0.0477 -0.9989 -0.0005
vn -0.0477 -0.9989 -0.0005
vn -0.0477 -0.9989 -0.0005
vn -0.0477 -0.9989 -0.0004
vn -0.0477 -0.9989 -0.0004
vn -0.0477 -0.9989 -0.0005
vn -0.0477 -0.9989 -0.0005
vn -0.0477 -0.9989 -0.0004
vn -0.0477 -0.9989 -0.0004
vn -0.0477 -0.9989 -0.0006
vn -0.0477 -0.9989 -0.0006
vn -0.0477 -0.9989 -0.0006
vn -0.0477 -0.9989 0
vn -0.0477 -0.9989 0
vn -0.0477 -0.9989 0
vn -0.0478 -0.9989 -0.0005
vn -0.0478 -0.9989 -0.0005
vn -0.0478 -0.9989 -0.0005
vn -0.0477 -0.9989 -0.0004
vn -0.0477 -0.9989 0
vn -0.0477 -0.9989 0
vn -0.0478 -0.9989 -0.0008
vn -0.0478 -0.9989 -0.0008
vn -0.0478 -0.9989 -0.0008
vn -0.0477 -0.9989 -0.0005
vn -0.0477 -0.9989 -0.0005
vn -0.0477 -0.9989 -0.0005
vn -0.0477 -0.9989 -0.0004
vn -0.0477 -0.9989 -0.0004
vn -0.0477 -0.9989 -0.0004
vn -0.0478 -0.9989 -0.0003
vn -0.0478 -0.9989 -0.0003
vn -0.0478 -0.9989 -0.0003
vn -0.0477 -0.9989 -0.0006
vn -0.0477 -0.9989 -0.0006
vn -0.0477 -0.9989 -0.0006
vn -0.0477 -0.9989 -0.0004
vn -0.0477 -0.9989 -0.0004
vn -0.0477 -0.9989 -0.0004
vn -0.0477 -0.9989 -0.0004
vn -0.0477 -0.9989 -0.0004
vn -0.0477 -0.9989 -0.0004
vn -0.0477 -0.9989 -0.0004
vn -0.0477 -0.9989 -0.0004
vn -0.0477 -0.9989 -0.0004
vn -0.0478 -0.9989 -0.0004
vn -0.0478 -0.9989 -0.0004
vn -0.0478 -0.9989 -0.0004
vn -0.0478 -0.9989 -0.0005
vn -0.0478 -0.9989 -0.0005
vn -0.0478 -0.9989 -0.0005
vn -0.0477 -0.9989 -0.0004
vn -0.0477 -0.9989 -0.0004
vn -0.0477 -0.9989 -0.0004
vn -0.0477 -0.9989 -0.0005
vn -0.0477 -0.9989 -0.0005
vn -0.0477 -0.9989 -0.0005
vn -0.0477 -0.9989 -0.0004
vn -0.0477 -0.9989 -0.0004
vn -0.0477 -0.9989 -0.0004
vn -0.0477 -0.9989 -0.0004
vn -0.0477 -0.9989 -0.0004
vn -0.0477 -0.9989 -0.0004
vn -0.0478 -0.9989 -0.0004
vn -0.0478 -0.9989 -0.0004
vn -0.0478 -0.9989 -0.0004
vn -0.0477 -0.9989 -0.0004
vn -0.0477 -0.9989 -0.0004
vn -0.0478 -0.9989 -0.0004
vn -0.0478 -0.9989 -0.0004
vn -0.0478 -0.9989 -0.0005
vn -0.0478 -0.9989 -0.0005
vn -0.0478 -0.9989 -0.0005
vn -0.0477 -0.9989 -0.0004
vn -0.0477 -0.9989 -0.0004
vn -0.0477 -0.9989 -0.0004
vn -0.0477 -0.9989 -0.0004
vn -0.0477 -0.9989 -0.0004
vn -0.0477 -0.9989 -0.0005
vn -0.0477 -0.9989 -0.0005
vn -0.0477 -0.9989 -0.0005
vn -0.0477 -0.9989 -0.0004
vn -0.0477 -0.9989 -0.0004
vn -0.0322 -0.9995 -0.0004
vn -0.0322 -0.9995 -0.0004
vn -0.0322 -0.9995 -0.0004
vn -0.0349 -0.9994 0.0035
vn -0.0349 -0.9994 0.0035
vn -0.0349 -0.9994 0.0035
vn -0.0362 -0.9993 -0.0029
vn -0.0362 -0.9993 -0.0029
vn -0.0362 -0.9993 -0.0029
vn -0.092 -0.9957 -0.0138
vn -0.092 -0.9957 -0.0138
vn -0.092 -0.9957 -0.0138
vn -0.0495 -0.9988 -0.0011
vn -0.0495 -0.9988 -0.0011
vn -0.0495 -0.9988 -0.0011
vn -0.033 -0.9995 -0.0009
vn -0.033 -0.9995 -0.0009
vn -0.033 -0.9995 -0.0009
vn -0.0328 -0.9995 -0.0004
vn -0.0328 -0.9995 -0.0004
vn -0.0328 -0.9995 -0.0004
vn -0.0264 -0.9996 0.0077
vn -0.0264 -0.9996 0.0077
vn -0.0264 -0.9996 0.0077
vn -0.0366 -0.9993 -0.0066
vn -0.0366 -0.9993 -0.0066
vn -0.0366 -0.9993 -0.0066
vn -0.0348 -0.9994 0.0021
vn -0.0348 -0.9994 0.0021
vn -0.0348 -0.9994 0.0021
vn -0.0277 -0.9996 -0.0003
vn -0.0277 -0.9996 -0.0003
vn -0.0277 -0.9996 -0.0003
vn -0.027 -0.9996 -0.0015
vn -0.027 -0.9996 -0.0015
vn -0.027 -0.9996 -0.0015
vn -0.0271 -0.9996 -0.0017
vn -0.0271 -0.9996 -0.0017
vn -0.0271 -0.9996 -0.0017
vn -0.0271 -0.9996 -0.0018
vn -0.0271 -0.9996 -0.0018
vn -0.0271 -0.9996 -0.0018
vn -0.0272 -0.9996 -0.002
vn -0.0272 -0.9996 -0.002
vn -0.0272 -0.9996 -0.002
vn -0.0272 -0.9996 -0.0023
vn -0.0272 -0.9996 -0.0023
vn -0.0272 -0.9996 -0.0023
vn -0.0273 -0.9996 -0.0027
vn -0.0273 -0.9996 -0.0027
vn -0.0273 -0.9996 -0.0027
vn -0.0273 -0.9996 -0.0031
vn -0.0273 -0.9996 -0.0031
vn -0.0273 -0.9996 -0.0031
vn -0.0273 -0.9996 -0.0037
vn -0.0273 -0.9996 -0.0037
vn -0.0273 -0.9996 -0.0037
vn -0.0277 -0.9996 0.0096
vn -0.0277 -0.9996 0.0096
vn -0.0277 -0.9996 0.0096
vn -0.0275 -0.9996 -0.0041
vn -0.0275 -0.9996 -0.0041
vn -0.0275 -0.9996 -0.0041
vn -0.0573 -0.9983 -0.0084
vn -0.0573 -0.9983 -0.0084
vn -0.0573 -0.9983 -0.0084
vn -0.0376 -0.9917 0.1229
vn -0.0376 -0.9917 0.1229
vn -0.0376 -0.9917 0.1229
vn -0.0281 -0.9996 0.0027
vn -0.0281 -0.9996 0.0027
vn -0.0281 -0.9996 0.0027
vn -0.0279 -0.9996 -0.0008
vn -0.0279 -0.9996 -0.0008
vn -0.0279 -0.9996 -0.0008
vn -0.0277 -0.9996 -0.0048
vn -0.0277 -0.9996 -0.0048
vn -0.0277 -0.9996 -0.0048
vn -0.0283 -0.9996 -0.0011
vn -0.0283 -0.9996 -0.0011
vn -0.0283 -0.9996 -0.0011
vn -0.0281 -0.9996 -0.0024
vn -0.0281 -0.9996 -0.0024
vn -0.0281 -0.9996 -0.0024
vn -0.028 -0.9996 -0.0035
vn -0.028 -0.9996 -0.0035
vn -0.028 -0.9996 -0.0035
vn -0.0279 -0.9996 -0.0055
vn -0.0279 -0.9996 -0.0055
vn -0.0279 -0.9996 -0.0055
vn -0.0282 -0.9996 -0.0038
vn -0.0282 -0.9996 -0.0038
vn -0.0282 -0.9996 -0.0038
vn -0.0281 -0.9996 -0.0045
vn -0.0281 -0.9996 -0.0045
vn -0.0281 -0.9996 -0.0045
vn -0.0281 -0.9996 -0.005
vn -0.0281 -0.9996 -0.005
vn -0.0281 -0.9996 -0.005
vn -0.0281 -0.9996 -0.0063
vn -0.0281 -0.9996 -0.0063
vn -0.0281 -0.9996 -0.0063
vn -0.0282 -0.9996 -0.0055
vn -0.0282 -0.9996 -0.0055
vn -0.0282 -0.9996 -0.0055
vn -0.0282 -0.9996 -0.0061
vn -0.0282 -0.9996 -0.0061
vn -0.0282 -0.9996 -0.0061
vn -0.0282 -0.9996 -0.0071
vn -0.0282 -0.9996 -0.0071
vn -0.0282 -0.9996 -0.0071
vn -0.0283 -0.9996 -0.0065
vn -0.0283 -0.9996 -0.0065
vn -0.0283 -0.9996 -0.0065
vn -0.0283 -0.9996 -0.0071
vn -0.0283 -0.9996 -0.0071
vn -0.0283 -0.9996 -0.0071
vn -0.0284 -0.9996 -0.008
vn -0.0284 -0.9996 -0.008
vn -0.0284 -0.9996 -0.008
vn -0.0284 -0.9996 -0.0077
vn -0.0284 -0.9996 -0.0077
vn -0.0284 -0.9996 -0.0077
vn -0.0284 -0.9996 -0.0087
vn -0.0284 -0.9996 -0.0087
vn -0.0284 -0.9996 -0.0087
vn -0.0285 -0.9996 -0.0082
vn -0.0285 -0.9996 -0.0082
vn -0.0285 -0.9996 -0.0082
vn -0.0284 -0.9996 -0.0087
vn -0.0284 -0.9996 -0.0087
vn -0.0284 -0.9996 -0.0094
vn -0.0284 -0.9996 -0.0094
vn -0.0284 -0.9996 -0.0094
vn -0.0285 -0.9996 -0.0092
vn -0.0285 -0.9996 -0.0092
vn -0.0285 -0.9996 -0.0092
vn -0.0284 -0.9995 -0.0096
vn -0.0284 -0.9995 -0.0096
vn -0.0284 -0.9995 -0.0096
vn -0.0284 -0.9995 -0.0098
vn -0.0284 -0.9995 -0.0098
vn -0.0284 -0.9995 -0.0098
vn -0.0284 -0.9995 -0.01
vn -0.0284 -0.9995 -0.01
vn -0.0284 -0.9995 -0.01
vn -0.0284 -0.9995 -0.0104
vn -0.0284 -0.9995 -0.0104
vn -0.0284 -0.9995 -0.0104
vn -0.0283 -0.9995 -0.0111
vn -0.0283 -0.9995 -0.0111
vn -0.0283 -0.9995 -0.0111
vn -0.0283 -0.9995 -0.012
vn -0.0283 -0.9995 -0.012
vn -0.0283 -0.9995 -0.012
vn -0.0283 -0.9995 -0.0101
vn -0.0283 -0.9995 -0.0101
vn -0.0283 -0.9995 -0.0101
vn -0.0281 -0.9995 -0.0127
vn -0.0281 -0.9995 -0.0127
vn -0.0281 -0.9995 -0.0127
vn -0.0279 -0.9995 -0.0157
vn -0.0279 -0.9995 -0.0157
vn -0.0279 -0.9995 -0.0157
vn -0.0342 -0.9994 0
vn -0.0342 -0.9994 0
vn -0.0342 -0.9994 0
vn -0.0277 -0.9996 0
vn -0.0277 -0.9996 0
vn -0.0277 -0.9996 0
vn -0.0287 -0.9996 -0.002
vn -0.0287 -0.9996 -0.002
vn -0.0287 -0.9996 -0.002
vn -0.0307 -0.9994 -0.0139
vn -0.0307 -0.9994 -0.0139
vn -0.0307 -0.9994 -0.0139
vn -0.0292 -0.9996 -0.0028
vn -0.0292 -0.9996 -0.0028
vn -0.0292 -0.9996 -0.0028
vn -0.0275 -0.9995 0.0133
vn -0.0275 -0.9995 0.0133
vn -0.0275 -0.9995 0.0133
vn -0.0275 -0.9995 0.0126
vn -0.0275 -0.9995 0.0126
vn -0.0275 -0.9995 0.0126
vn -0.0276 -0.9995 0.0123
vn -0.0276 -0.9995 0.0123
vn -0.0276 -0.9995 0.0123
vn -0.0276 -0.9995 0.0119
vn -0.0276 -0.9995 0.0119
vn -0.0276 -0.9995 0.0119
vn -0.0275 -0.9995 0.0137
vn -0.0275 -0.9995 0.0137
vn -0.0275 -0.9995 0.0137
vn -0.0269 -0.9996 0.0035
vn -0.0269 -0.9996 0.0035
vn -0.0269 -0.9996 0.0035
vn -0.0299 -0.9996 -0.0003
vn -0.0299 -0.9996 -0.0003
vn -0.0299 -0.9996 -0.0003
vn -0.0291 -0.9996 -0.0018
vn -0.0291 -0.9996 -0.0018
vn -0.0291 -0.9996 -0.0018
vn -0.0284 -0.9996 0.0001
vn -0.0284 -0.9996 0.0001
vn -0.0284 -0.9996 0.0001
vn -0.0283 -0.9996 0.0004
vn -0.0283 -0.9996 0.0004
vn -0.0283 -0.9996 0.0004
vn -0.0283 -0.9996 0.0006
vn -0.0283 -0.9996 0.0006
vn -0.0283 -0.9996 0.0006
vn -0.0283 -0.9996 0.0006
vn -0.0283 -0.9996 0.0003
vn -0.0283 -0.9996 0.0003
vn -0.0283 -0.9996 0.0003
vn -0.0283 -0.9996 -0.0001
vn -0.0283 -0.9996 -0.0001
vn -0.0283 -0.9996 -0.0001
vn -0.0283 -0.9996 -0.0006
vn -0.0283 -0.9996 -0.0006
vn -0.0283 -0.9996 -0.0006
vn -0.0276 -0.9993 -0.0265
vn -0.0276 -0.9993 -0.0265
vn -0.0276 -0.9993 -0.0265
vn -0.028 -0.9996 -0.0017
vn -0.028 -0.9996 -0.0017
vn -0.028 -0.9996 -0.0017
vn -0.0439 -0.999 -0.0046
vn -0.0439 -0.999 -0.0046
vn -0.0439 -0.999 -0.0046
vn -0.0104 -0.9742 -0.2254
vn -0.0104 -0.9742 -0.2254
vn -0.0104 -0.9742 -0.2254
vn -0.0275 -0.9996 -0.0073
vn -0.0275 -0.9996 -0.0073
vn -0.0275 -0.9996 -0.0073
vn -0.0277 -0.9996 -0.004
vn -0.0277 -0.9996 -0.004
vn -0.0277 -0.9996 -0.004
vn -0.0278 -0.9996 -0.0024
vn -0.0278 -0.9996 -0.0024
vn -0.0278 -0.9996 -0.0024
vn -0.0276 -0.9996 -0.0037
vn -0.0276 -0.9996 -0.0037
vn -0.0276 -0.9996 -0.0037
vn -0.0277 -0.9996 -0.0032
vn -0.0277 -0.9996 -0.0032
vn -0.0277 -0.9996 -0.0032
vn -0.0277 -0.9996 -0.0029
vn -0.0277 -0.9996 -0.0029
vn -0.0277 -0.9996 -0.0029
vn -0.0277 -0.9996 -0.003
vn -0.0277 -0.9996 -0.003
vn -0.0277 -0.9996 -0.003
vn -0.0277 -0.9996 -0.003
vn -0.0277 -0.9996 -0.0031
vn -0.0277 -0.9996 -0.0031
vn -0.0277 -0.9996 -0.0031
vn -0.0277 -0.9996 -0.0033
vn -0.0277 -0.9996 -0.0033
vn -0.0277 -0.9996 -0.0033
vn -0.0277 -0.9996 -0.0037
vn -0.0277 -0.9996 -0.0037
vn -0.0277 -0.9996 -0.0037
vn -0.0277 -0.9996 -0.0035
vn -0.0277 -0.9996 -0.0035
vn -0.0277 -0.9996 -0.0035
vn -0.0277 -0.9996 -0.0036
vn -0.0277 -0.9996 -0.0036
vn -0.0277 -0.9996 -0.0036
vn -0.0277 -0.9996 -0.0042
vn -0.0277 -0.9996 -0.0042
vn -0.0277 -0.9996 -0.0042
vn -0.0277 -0.9996 -0.0038
vn -0.0277 -0.9996 -0.0038
vn -0.0277 -0.9996 -0.0038
vn -0.0277 -0.9996 -0.0041
vn -0.0277 -0.9996 -0.0041
vn -0.0277 -0.9996 -0.0041
vn -0.0278 -0.9996 -0.0048
vn -0.0278 -0.9996 -0.0048
vn -0.0278 -0.9996 -0.0048
vn -0.0278 -0.9996 -0.0044
vn -0.0278 -0.9996 -0.0044
vn -0.0278 -0.9996 -0.0044
vn -0.0278 -0.9996 -0.0054
vn -0.0278 -0.9996 -0.0054
vn -0.0278 -0.9996 -0.0054
vn -0.0279 -0.9996 -0.0046
vn -0.0279 -0.9996 -0.0046
vn -0.0279 -0.9996 -0.0046
vn -0.0279 -0.9996 -0.0047
vn -0.0279 -0.9996 -0.0047
vn -0.0279 -0.9996 -0.0047
vn -0.0279 -0.9996 -0.0058
vn -0.0279 -0.9996 -0.0058
vn -0.0279 -0.9996 -0.0058
vn -0.028 -0.9996 -0.0049
vn -0.028 -0.9996 -0.0049
vn -0.028 -0.9996 -0.0049
vn -0.028 -0.9996 -0.0048
vn -0.028 -0.9996 -0.0048
vn -0.028 -0.9996 -0.0048
vn -0.028 -0.9996 -0.0063
vn -0.028 -0.9996 -0.0063
vn -0.028 -0.9996 -0.0063
vn -0.0282 -0.9996 -0.005
vn -0.0282 -0.9996 -0.005
vn -0.0282 -0.9996 -0.005
vn -0.0282 -0.9996 -0.0046
vn -0.0282 -0.9996 -0.0046
vn -0.0282 -0.9996 -0.0046
vn -0.0282 -0.9996 -0.0042
vn -0.0282 -0.9996 -0.0042
vn -0.0282 -0.9996 -0.0042
vn -0.0283 -0.9996 -0.0029
vn -0.0283 -0.9996 -0.0029
vn -0.0283 -0.9996 -0.0029
vn -0.0283 -0.9996 -0.0068
vn -0.0283 -0.9996 -0.0068
vn -0.0283 -0.9996 -0.0068
vn -0.0285 -0.9996 -0.0031
vn -0.0285 -0.9996 -0.0031
vn -0.0285 -0.9996 -0.0031
vn -0.0287 -0.9996 -0.0003
vn -0.0287 -0.9996 -0.0003
vn -0.0287 -0.9996 -0.0003
vn -0.0331 -0.9995 -0.0001
vn -0.0331 -0.9995 -0.0001
vn -0.0331 -0.9995 -0.0001
vn -0.0292 -0.9996 -0.0001
vn -0.0292 -0.9996 -0.0001
vn -0.0292 -0.9996 -0.0001
vn -0.0288 -0.9996 0.0008
vn -0.0288 -0.9996 0.0008
vn -0.0288 -0.9996 0.0008
vn -0.0305 -0.9995 -0.011
vn -0.0305 -0.9995 -0.011
vn -0.0305 -0.9995 -0.011
vn -0.0297 -0.9995 -0.0047
vn -0.0297 -0.9995 -0.0047
vn -0.0297 -0.9995 -0.0047
vn -0.0289 -0.9996 0.0041
vn -0.0289 -0.9996 0.0041
vn -0.0289 -0.9996 0.0041
vn -0.029 -0.9996 0.0028
vn -0.029 -0.9996 0.0028
vn -0.029 -0.9996 0.0028
vn -0.0291 -0.9996 0.0013
vn -0.0291 -0.9996 0.0013
vn -0.0291 -0.9996 0.0013
vn -0.0292 -0.9996 -0.0013
vn -0.0292 -0.9996 -0.0013
vn -0.0292 -0.9996 -0.0013
vn -0.0293 -0.9995 -0.0106
vn -0.0293 -0.9995 -0.0106
vn -0.0293 -0.9995 -0.0106
vn -0.0294 -0.9996 0.0019
vn -0.0294 -0.9996 0.0019
vn -0.0294 -0.9996 0.0019
vn -0.0313 -0.9995 -0.0004
vn -0.0313 -0.9995 -0.0004
vn -0.0313 -0.9995 -0.0004
vn -0.0313 -0.9995 -0.0004
vn -0.0352 -0.9994 -0.0004
vn -0.0352 -0.9994 -0.0004
vn -0.0352 -0.9994 -0.0004
vn -0.0354 -0.9994 -0.0004
vn -0.0354 -0.9994 -0.0004
vn -0.0354 -0.9994 -0.0004
vn -0.0334 -0.9994 0.0032
vn -0.0334 -0.9994 0.0032
vn -0.0334 -0.9994 0.0032
vn -0.0339 -0.9994 0.0001
vn -0.0339 -0.9994 0.0001
vn -0.0339 -0.9994 0.0001
vn -0.0399 -0.9992 -0.0004
vn -0.0399 -0.9992 -0.0004
vn -0.0399 -0.9992 -0.0004
vn -0.0383 -0.9993 -0.0032
vn -0.0383 -0.9993 -0.0032
vn -0.0383 -0.9993 -0.0032
vn -0.0379 -0.9993 -0.0006
vn -0.0379 -0.9993 -0.0006
vn -0.0379 -0.9993 -0.0006
vn -0.043 -0.9991 -0.0012
vn -0.043 -0.9991 -0.0012
vn -0.043 -0.9991 -0.0012
vn -0.0423 -0.9991 -0.001
vn -0.0423 -0.9991 -0.001
vn -0.0423 -0.9991 -0.001
vn -0.038 -0.9993 -0.0008
vn -0.038 -0.9993 -0.0008
vn -0.038 -0.9993 -0.0008
vn -0.0381 -0.9993 -0.0011
vn -0.0381 -0.9993 -0.0011
vn -0.0381 -0.9993 -0.0011
vn -0.0398 -0.9992 0.0002
vn -0.0398 -0.9992 0.0002
vn -0.0398 -0.9992 0.0002
vn -0.1898 -0.0032 0.9818
vn -0.1898 -0.0032 0.9818
vn -0.1898 -0.0032 0.9818
vn 0.0374 0.0005 0.9993
vn 0.0374 0.0005 0.9993
vn 0.0374 0.0005 0.9993
vn -0.9569 -0.0156 -0.29
vn -0.9569 -0.0156 -0.29
vn -0.9569 -0.0156 -0.29
vn 0.7716 0.0127 -0.636
vn 0.7716 0.0127 -0.636
vn 0.7716 0.0127 -0.636
vn -0.222 -0.0035 -0.975
vn -0.222 -0.0035 -0.975
vn -0.222 -0.0035 -0.975
vn 0.7148 0.0118 -0.6992
vn 0.7148 0.0118 -0.6992
vn 0.7148 0.0118 -0.6992
vn -0.5203 -0.0086 0.854
vn -0.5203 -0.0086 0.854
vn -0.5203 -0.0086 0.854
vn -0.0047 -0.0002 1
vn -0.0047 -0.0002 1
vn -0.0047 -0.0002 1
vn 0.9791 0.0159 0.2029
vn 0.9791 0.0159 0.2029
vn 0.9791 0.0159 0.2029
vn -0.9873 -0.0161 -0.1579
vn -0.9873 -0.0161 -0.1579
vn -0.9873 -0.0161 -0.1579
vn 0.3409 0.0057 -0.9401
vn 0.3409 0.0057 -0.9401
vn 0.3409 0.0057 -0.9401
vn 0.1822 0.0028 0.9833
vn 0.1822 0.0028 0.9833
vn 0.1822 0.0028 0.9833
vn 0.9264 0.0151 0.3763
vn 0.9264 0.0151 0.3763
vn 0.9264 0.0151 0.3763
vn 0.008 0 1
vn 0.008 0 1
vn 0.008 0 1
vn 0.4336 0.007 0.9011
vn 0.4336 0.007 0.9011
vn 0.4336 0.007 0.9011
vn -0.5706 -0.0094 0.8212
vn -0.5706 -0.0094 0.8212
vn -0.5706 -0.0094 0.8212
vn -0.939 -0.0154 0.3436
vn -0.939 -0.0154 0.3436
vn -0.939 -0.0154 0.3436
vn 0.7117 0.0117 -0.7024
vn 0.7117 0.0117 -0.7024
vn 0.7117 0.0117 -0.7024
vn -0.6327 -0.0104 0.7743
vn -0.6327 -0.0104 0.7743
vn -0.6327 -0.0104 0.7743
vn -0.4657 -0.0075 -0.8849
vn -0.4657 -0.0075 -0.8849
vn -0.4657 -0.0075 -0.8849
vn 0.0089 0.0003 -1
vn 0.0089 0.0003 -1
vn 0.0089 0.0003 -1
vn -0.3181 -0.0051 -0.948
vn -0.3181 -0.0051 -0.948
vn -0.3181 -0.0051 -0.948
vn 0.8232 0.0135 -0.5676
vn 0.8232 0.0135 -0.5676
vn 0.8232 0.0135 -0.5676
vn -0.9999 -0.0163 -0.0048
vn -0.9999 -0.0163 -0.0048
vn -0.9999 -0.0163 -0.0048
vn -0.9569 -0.0156 0.2901
vn -0.9569 -0.0156 0.2901
vn -0.9569 -0.0156 0.2901
vn 0.7983 0.0131 -0.6021
vn 0.7983 0.0131 -0.6021
vn 0.7983 0.0131 -0.6021
vn 0.9175 0.0149 0.3975
vn 0.9175 0.0149 0.3975
vn 0.9175 0.0149 0.3975
vn -0.523 -0.0086 0.8523
vn -0.523 -0.0086 0.8523
vn -0.523 -0.0086 0.8523
vn -0.2011 -0.0032 -0.9796
vn -0.2011 -0.0032 -0.9796
vn -0.2011 -0.0032 -0.9796
vn 0.007 -0 1
vn 0.007 -0 1
vn 0.007 -0 1
vn 0.9975 0.0163 -0.069
vn 0.9975 0.0163 -0.069
vn 0.9975 0.0163 -0.069
vn 0.4105 0.0066 0.9118
vn 0.4105 0.0066 0.9118
vn 0.4105 0.0066 0.9118
vn 0.9996 0.0163 -0.0221
vn 0.9996 0.0163 -0.0221
vn 0.9996 0.0163 -0.0221
vn 0.0538 0.0008 0.9986
vn 0.0538 0.0008 0.9986
vn 0.0538 0.0008 0.9986
vn -0.0048 -0.0002 1
vn -0.0048 -0.0002 1
vn -0.0048 -0.0002 1
vn -0.366 -0.0059 -0.9306
vn -0.366 -0.0059 -0.9306
vn -0.366 -0.0059 -0.9306
vn -0.9025 -0.0147 -0.4305
vn -0.9025 -0.0147 -0.4305
vn -0.9025 -0.0147 -0.4305
vn 0.7725 0.0127 -0.6349
vn 0.7725 0.0127 -0.6349
vn 0.7725 0.0127 -0.6349
vn -0.8923 -0.0146 0.4511
vn -0.8923 -0.0146 0.4511
vn -0.8923 -0.0146 0.4511
vn 0.7811 0.0128 -0.6243
vn 0.7811 0.0128 -0.6243
vn 0.7811 0.0128 -0.6243
vn -0.0357 -0.0007 0.9994
vn -0.0357 -0.0007 0.9994
vn -0.0357 -0.0007 0.9994
vn 0.9362 0.0152 0.351
vn 0.9362 0.0152 0.351
vn 0.9362 0.0152 0.351
vn -0.9999 -0.0163 -0.0048
vn -0.9999 -0.0163 -0.0048
vn -0.9999 -0.0163 -0.0048
vn 0.9999 0.0163 0.0048
vn 0.9999 0.0163 0.0048
vn 0.9999 0.0163 0.0048
vn 0.2204 0.0037 -0.9754
vn 0.2204 0.0037 -0.9754
vn 0.2204 0.0037 -0.9754
vn -0.5769 -0.0093 -0.8167
vn -0.5769 -0.0093 -0.8167
vn -0.5769 -0.0093 -0.8167
vn 0.7655 0.0124 0.6433
vn 0.7655 0.0124 0.6433
vn 0.7655 0.0124 0.6433
vn 0.9977 0.0163 -0.0664
vn 0.9977 0.0163 -0.0664
vn 0.9977 0.0163 -0.0664
vn -0.9996 -0.0163 -0.0249
vn -0.9996 -0.0163 -0.0249
vn -0.9996 -0.0163 -0.0249
vn -0.9998 -0.0163 -0.0147
vn -0.9998 -0.0163 -0.0147
vn -0.9998 -0.0163 -0.0147
vn -0.5196 -0.0084 -0.8544
vn -0.5196 -0.0084 -0.8544
vn -0.5196 -0.0084 -0.8544
vn -0.6011 -0.0099 0.7991
vn -0.6011 -0.0099 0.7991
vn -0.6011 -0.0099 0.7991
vn -0.9823 -0.016 -0.1866
vn -0.9823 -0.016 -0.1866
vn -0.9823 -0.016 -0.1866
vn -0.9991 -0.0163 -0.0389
vn -0.9991 -0.0163 -0.0389
vn -0.9991 -0.0163 -0.0389
vn 0.9999 0.0163 0.0043
vn 0.9999 0.0163 0.0043
vn 0.9999 0.0163 0.0043
vn -0.9999 -0.0163 -0.0048
vn -0.9999 -0.0163 -0.0048
vn -0.9999 -0.0163 -0.0048
vn 0.9633 0.0157 0.2681
vn 0.9633 0.0157 0.2681
vn 0.9633 0.0157 0.2681
vn -0.9999 -0.0163 -0.0048
vn -0.9999 -0.0163 -0.0048
vn -0.9999 -0.0163 -0.0048
vn -0.0835 -0.0012 -0.9965
vn -0.0835 -0.0012 -0.9965
vn -0.0835 -0.0012 -0.9965
vn -0.6315 -0.0102 -0.7753
vn -0.6315 -0.0102 -0.7753
vn -0.6315 -0.0102 -0.7753
vn 0.8178 0.0134 -0.5754
vn 0.8178 0.0134 -0.5754
vn 0.8178 0.0134 -0.5754
vn 0.7698 0.0127 -0.6382
vn 0.7698 0.0127 -0.6382
vn 0.7698 0.0127 -0.6382
vn 0.777 0.0128 -0.6293
vn 0.777 0.0128 -0.6293
vn 0.777 0.0128 -0.6293
vn -0.0338 -0.0004 -0.9994
vn -0.0338 -0.0004 -0.9994
vn -0.0338 -0.0004 -0.9994
vn 0.7668 0.0126 -0.6418
vn 0.7668 0.0126 -0.6418
vn 0.7668 0.0126 -0.6418
vn 0.9992 0.0163 0.0376
vn 0.9992 0.0163 0.0376
vn 0.9992 0.0163 0.0376
vn -0.9916 -0.0162 0.1281
vn -0.9916 -0.0162 0.1281
vn -0.9916 -0.0162 0.1281
vn -0.7144 -0.0116 -0.6996
vn -0.7144 -0.0116 -0.6996
vn -0.7144 -0.0116 -0.6996
vn -0.4143 -0.0066 -0.9101
vn -0.4143 -0.0066 -0.9101
vn -0.4143 -0.0066 -0.9101
vn 0.0047 0.0002 -1
vn 0.0047 0.0002 -1
vn 0.0047 0.0002 -1
vn 0.0705 0.0013 -0.9975
vn 0.0705 0.0013 -0.9975
vn 0.0705 0.0013 -0.9975
vn -0.9999 -0.0163 -0.0048
vn -0.9999 -0.0163 -0.0048
vn -0.9999 -0.0163 -0.0048
vn -0.219 -0.0037 0.9757
vn -0.219 -0.0037 0.9757
vn -0.219 -0.0037 0.9757
vn -0.7443 -0.0121 -0.6677
vn -0.7443 -0.0121 -0.6677
vn -0.7443 -0.0121 -0.6677
vn -0.7129 -0.0117 0.7011
vn -0.7129 -0.0117 0.7011
vn -0.7129 -0.0117 0.7011
vn -0.7688 -0.0126 0.6393
vn -0.7688 -0.0126 0.6393
vn -0.7688 -0.0126 0.6393
vn -0.0854 -0.0015 0.9963
vn -0.0854 -0.0015 0.9963
vn -0.0854 -0.0015 0.9963
vn 0.6553 0.0108 -0.7553
vn 0.6553 0.0108 -0.7553
vn 0.6553 0.0108 -0.7553
vn -0.7982 -0.0131 0.6022
vn -0.7982 -0.0131 0.6022
vn -0.7982 -0.0131 0.6022
vn 0.9979 0.0163 -0.0631
vn 0.9979 0.0163 -0.0631
vn 0.9979 0.0163 -0.0631
vn 0.0347 0.0007 -0.9994
vn 0.0347 0.0007 -0.9994
vn 0.0347 0.0007 -0.9994
vn 0.8769 0.0142 0.4805
vn 0.8769 0.0142 0.4805
vn 0.8769 0.0142 0.4805
vn -0.0486 -0.0009 0.9988
vn -0.0486 -0.0009 0.9988
vn -0.0486 -0.0009 0.9988
vn -0.8208 -0.0133 -0.571
vn -0.8208 -0.0133 -0.571
vn -0.8208 -0.0133 -0.571
vn 0.7463 0.0121 0.6655
vn 0.7463 0.0121 0.6655
vn 0.7463 0.0121 0.6655
vn -0.8575 -0.0141 0.5143
vn -0.8575 -0.0141 0.5143
vn -0.8575 -0.0141 0.5143
vn -0.0313 -0.0006 0.9995
vn -0.0313 -0.0006 0.9995
vn -0.0313 -0.0006 0.9995
vn 0.3208 0.0054 -0.9471
vn 0.3208 0.0054 -0.9471
vn 0.3208 0.0054 -0.9471
vn 0.9997 0.0163 0.0172
vn 0.9997 0.0163 0.0172
vn 0.9997 0.0163 0.0172
vn 0.3582 0.0057 0.9336
vn 0.3582 0.0057 0.9336
vn 0.3582 0.0057 0.9336
vn -0.9307 -0.0151 -0.3653
vn -0.9307 -0.0151 -0.3653
vn -0.9307 -0.0151 -0.3653
vn 0.0329 0.0004 0.9995
vn 0.0329 0.0004 0.9995
vn 0.0329 0.0004 0.9995
vn 0.1578 0.0024 0.9875
vn 0.1578 0.0024 0.9875
vn 0.1578 0.0024 0.9875
vn 0.2256 0.0038 -0.9742
vn 0.2256 0.0038 -0.9742
vn 0.2256 0.0038 -0.9742
vn -0.0048 -0.0002 1
vn -0.0048 -0.0002 1
vn -0.0048 -0.0002 1
vn 0.5456 0.009 -0.838
vn 0.5456 0.009 -0.838
vn 0.5456 0.009 -0.838
vn 0.8048 0.0132 -0.5935
vn 0.8048 0.0132 -0.5935
vn 0.8048 0.0132 -0.5935
vn -0.0525 -0.001 0.9986
vn -0.0525 -0.001 0.9986
vn -0.0525 -0.001 0.9986
vn 0.2369 0.0037 0.9715
vn 0.2369 0.0037 0.9715
vn 0.2369 0.0037 0.9715
vn 0.812 0.0133 -0.5835
vn 0.812 0.0133 -0.5835
vn 0.812 0.0133 -0.5835
vn -0.7772 -0.0128 0.6291
vn -0.7772 -0.0128 0.6291
vn -0.7772 -0.0128 0.6291
vn 0.8651 0.0142 -0.5014
vn 0.8651 0.0142 -0.5014
vn 0.8651 0.0142 -0.5014
vn 0.8203 0.0135 -0.5718
vn 0.8203 0.0135 -0.5718
vn 0.8203 0.0135 -0.5718
vn 0.8567 0.014 -0.5156
vn 0.8567 0.014 -0.5156
vn 0.8567 0.014 -0.5156
vn -0.9999 -0.0163 -0.0048
vn -0.9999 -0.0163 -0.0048
vn -0.9999 -0.0163 -0.0048
vn -0.8068 -0.0132 0.5907
vn -0.8068 -0.0132 0.5907
vn -0.8068 -0.0132 0.5907
vn -0.9376 -0.0153 0.3472
vn -0.9376 -0.0153 0.3472
vn -0.9376 -0.0153 0.3472
vn -0.8141 -0.0132 -0.5805
vn -0.8141 -0.0132 -0.5805
vn -0.8141 -0.0132 -0.5805
vn -0.2461 -0.0041 0.9692
vn -0.2461 -0.0041 0.9692
vn -0.2461 -0.0041 0.9692
vn -0.0334 -0.0004 -0.9994
vn -0.0334 -0.0004 -0.9994
vn -0.0334 -0.0004 -0.9994
vn -0.4532 -0.0075 0.8914
vn -0.4532 -0.0075 0.8914
vn -0.4532 -0.0075 0.8914
vn 0.0095 0.0003 -1
vn 0.0095 0.0003 -1
vn 0.0095 0.0003 -1
vn 0.8158 0.0134 -0.5781
vn 0.8158 0.0134 -0.5781
vn 0.8158 0.0134 -0.5781
vn 0.1281 0.0022 -0.9918
vn 0.1281 0.0022 -0.9918
vn 0.1281 0.0022 -0.9918
vn 0.5989 0.0097 0.8008
vn 0.5989 0.0097 0.8008
vn 0.5989 0.0097 0.8008
vn -0.4617 -0.0074 -0.887
vn -0.4617 -0.0074 -0.887
vn -0.4617 -0.0074 -0.887
vn 0.9292 0.0152 -0.3694
vn 0.9292 0.0152 -0.3694
vn 0.9292 0.0152 -0.3694
vn 0.0684 0.001 0.9977
vn 0.0684 0.001 0.9977
vn 0.0684 0.001 0.9977
vn -0.6644 -0.0109 0.7473
vn -0.6644 -0.0109 0.7473
vn -0.6644 -0.0109 0.7473
vn 0.382 0.0061 0.9241
vn 0.382 0.0061 0.9241
vn 0.382 0.0061 0.9241
vn 0.5914 0.0095 0.8063
vn 0.5914 0.0095 0.8063
vn 0.5914 0.0095 0.8063
vn 0.0462 0.0009 -0.9989
vn 0.0462 0.0009 -0.9989
vn 0.0462 0.0009 -0.9989
vn -0.8675 -0.0142 0.4972
vn -0.8675 -0.0142 0.4972
vn -0.8675 -0.0142 0.4972
vn -0.2039 -0.0035 0.979
vn -0.2039 -0.0035 0.979
vn -0.2039 -0.0035 0.979
vn -0.751 -0.0123 0.6602
vn -0.751 -0.0123 0.6602
vn -0.751 -0.0123 0.6602
vn -0.0784 -0.0014 0.9969
vn -0.0784 -0.0014 0.9969
vn -0.0784 -0.0014 0.9969
vn 0.7887 0.0129 -0.6146
vn 0.7887 0.0129 -0.6146
vn 0.7887 0.0129 -0.6146
vn -0.4225 -0.007 0.9063
vn -0.4225 -0.007 0.9063
vn -0.4225 -0.007 0.9063
vn 0.9833 0.016 0.1811
vn 0.9833 0.016 0.1811
vn 0.9833 0.016 0.1811
vn 0.104 0.0016 0.9946
vn 0.104 0.0016 0.9946
vn 0.104 0.0016 0.9946
vn 0.9762 0.016 -0.2165
vn 0.9762 0.016 -0.2165
vn 0.9762 0.016 -0.2165
vn 0.7453 0.0122 -0.6666
vn 0.7453 0.0122 -0.6666
vn 0.7453 0.0122 -0.6666
vn -0.1063 -0.0019 0.9943
vn -0.1063 -0.0019 0.9943
vn -0.1063 -0.0019 0.9943
vn 0.1728 0.0029 -0.9849
vn 0.1728 0.0029 -0.9849
vn 0.1728 0.0029 -0.9849
vn -0.1209 -0.0018 -0.9927
vn -0.1209 -0.0018 -0.9927
vn -0.1209 -0.0018 -0.9927
vn -0.5145 -0.0085 0.8575
vn -0.5145 -0.0085 0.8575
vn -0.5145 -0.0085 0.8575
vn -0.6897 -0.0113 0.724
vn -0.6897 -0.0113 0.724
vn -0.6897 -0.0113 0.724
vn -0.2876 -0.0048 0.9577
vn -0.2876 -0.0048 0.9577
vn -0.2876 -0.0048 0.9577
vn 0.9998 0.0163 0.0125
vn 0.9998 0.0163 0.0125
vn 0.9998 0.0163 0.0125
vn 0.3912 0.0065 -0.9203
vn 0.3912 0.0065 -0.9203
vn 0.3912 0.0065 -0.9203
vn 0.0234 0.0003 0.9997
vn 0.0234 0.0003 0.9997
vn 0.0234 0.0003 0.9997
vn 0.5975 0.0098 -0.8018
vn 0.5975 0.0098 -0.8018
vn 0.5975 0.0098 -0.8018
vn 0.4902 0.0079 0.8716
vn 0.4902 0.0079 0.8716
vn 0.4902 0.0079 0.8716
vn 0.7919 0.013 -0.6106
vn 0.7919 0.013 -0.6106
vn 0.7919 0.013 -0.6106
vn 0.0573 0.0011 -0.9984
vn 0.0573 0.0011 -0.9984
vn 0.0573 0.0011 -0.9984
vn 0.8238 0.0134 0.5667
vn 0.8238 0.0134 0.5667
vn 0.8238 0.0134 0.5667
vn -0.0277 -0.0006 0.9996
vn -0.0277 -0.0006 0.9996
vn -0.0277 -0.0006 0.9996
vn 0.763 0.0125 -0.6463
vn 0.763 0.0125 -0.6463
vn 0.763 0.0125 -0.6463
vn 0.1022 0.0018 -0.9948
vn 0.1022 0.0018 -0.9948
vn 0.1022 0.0018 -0.9948
vn 0.987 0.0161 0.1602
vn 0.987 0.0161 0.1602
vn 0.987 0.0161 0.1602
vn 0.5307 0.0088 -0.8475
vn 0.5307 0.0088 -0.8475
vn 0.5307 0.0088 -0.8475
vn -0.2783 -0.0044 -0.9605
vn -0.2783 -0.0044 -0.9605
vn -0.2783 -0.0044 -0.9605
vn -0.8481 -0.0137 -0.5297
vn -0.8481 -0.0137 -0.5297
vn -0.8481 -0.0137 -0.5297
vn 0.4895 0.0081 -0.872
vn 0.4895 0.0081 -0.872
vn 0.4895 0.0081 -0.872
vn -0.9792 -0.016 -0.2023
vn -0.9792 -0.016 -0.2023
vn -0.9792 -0.016 -0.2023
vn 0.004 -0.0001 1
vn 0.004 -0.0001 1
vn 0.004 -0.0001 1
vn -0.65 -0.0107 0.7598
vn -0.65 -0.0107 0.7598
vn -0.65 -0.0107 0.7598
vn 0.6777 0.0112 -0.7353
vn 0.6777 0.0112 -0.7353
vn 0.6777 0.0112 -0.7353
vn 0.3035 0.0051 -0.9528
vn 0.3035 0.0051 -0.9528
vn 0.3035 0.0051 -0.9528
vn 0.9972 0.0163 -0.0732
vn 0.9972 0.0163 -0.0732
vn 0.9972 0.0163 -0.0732
vn 0.9983 0.0163 0.0552
vn 0.9983 0.0163 0.0552
vn 0.9983 0.0163 0.0552
vn -0.9999 -0.0163 -0.0048
vn -0.9999 -0.0163 -0.0048
vn -0.9999 -0.0163 -0.0048
vn 0.9948 0.0162 0.1009
vn 0.9948 0.0162 0.1009
vn 0.9948 0.0162 0.1009
vn 0.0091 0.0003 -1
vn 0.0091 0.0003 -1
vn 0.0091 0.0003 -1
vn -0.1327 -0.002 -0.9911
vn -0.1327 -0.002 -0.9911
vn -0.1327 -0.002 -0.9911
vn 0.5417 0.0089 -0.8405
vn 0.5417 0.0089 -0.8405
vn 0.5417 0.0089 -0.8405
vn -0.344 -0.0057 0.9389
vn -0.344 -0.0057 0.9389
vn -0.344 -0.0057 0.9389
vn 0.0944 0.0017 -0.9955
vn 0.0944 0.0017 -0.9955
vn 0.0944 0.0017 -0.9955
vn 0.9999 0.0163 0.0048
vn 0.9999 0.0163 0.0048
vn 0.9999 0.0163 0.0048
vn 0.9965 0.0162 0.0824
vn 0.9965 0.0162 0.0824
vn 0.9965 0.0162 0.0824
vn 0.4287 0.0071 -0.9034
vn 0.4287 0.0071 -0.9034
vn 0.4287 0.0071 -0.9034
vn 0.5502 0.0089 0.835
vn 0.5502 0.0089 0.835
vn 0.5502 0.0089 0.835
vn 0.4681 0.0075 0.8836
vn 0.4681 0.0075 0.8836
vn 0.4681 0.0075 0.8836
vn -0.3366 -0.0054 -0.9416
vn -0.3366 -0.0054 -0.9416
vn -0.3366 -0.0054 -0.9416
vn -0.8004 -0.0131 0.5993
vn -0.8004 -0.0131 0.5993
vn -0.8004 -0.0131 0.5993
vn 0.5849 0.0096 -0.811
vn 0.5849 0.0096 -0.811
vn 0.5849 0.0096 -0.811
vn 0.8104 0.0133 -0.5857
vn 0.8104 0.0133 -0.5857
vn 0.8104 0.0133 -0.5857
vn 0.0448 0.0009 -0.999
vn 0.0448 0.0009 -0.999
vn 0.0448 0.0009 -0.999
vn -0.9867 -0.0161 0.1621
vn -0.9867 -0.0161 0.1621
vn -0.9867 -0.0161 0.1621
vn -0.1437 -0.0025 0.9896
vn -0.1437 -0.0025 0.9896
vn -0.1437 -0.0025 0.9896
vn 0.2521 0.0042 -0.9677
vn 0.2521 0.0042 -0.9677
vn 0.2521 0.0042 -0.9677
vn 0.659 0.0107 0.7521
vn 0.659 0.0107 0.7521
vn 0.659 0.0107 0.7521
vn 0.8026 0.0132 -0.5964
vn 0.8026 0.0132 -0.5964
vn 0.8026 0.0132 -0.5964
vn 0.9998 0.0163 0.0067
vn 0.9998 0.0163 0.0067
vn 0.9998 0.0163 0.0067
vn 0.657 0.0108 -0.7538
vn 0.657 0.0108 -0.7538
vn 0.657 0.0108 -0.7538
vn 0.064 0.0012 -0.9979
vn 0.064 0.0012 -0.9979
vn 0.064 0.0012 -0.9979
vn 0.0091 0.0003 -1
vn 0.0091 0.0003 -1
vn 0.0091 0.0003 -1
vn 0.9867 0.0161 -0.1615
vn 0.9867 0.0161 -0.1615
vn 0.9867 0.0161 -0.1615
vn -0.2315 -0.0037 -0.9728
vn -0.2315 -0.0037 -0.9728
vn -0.2315 -0.0037 -0.9728
vn 0.7745 0.0127 -0.6325
vn 0.7745 0.0127 -0.6325
vn 0.7745 0.0127 -0.6325
vn -0.3998 -0.0066 0.9166
vn -0.3998 -0.0066 0.9166
vn -0.3998 -0.0066 0.9166
vn 0.9999 0.0163 0.0048
vn 0.9999 0.0163 0.0048
vn 0.9999 0.0163 0.0048
vn 0.0439 0.0008 -0.999
vn 0.0439 0.0008 -0.999
vn 0.0439 0.0008 -0.999
vn -0.0255 -0.0003 -0.9997
vn -0.0255 -0.0003 -0.9997
vn -0.0255 -0.0003 -0.9997
vn -0.591 -0.0095 -0.8066
vn -0.591 -0.0095 -0.8066
vn -0.591 -0.0095 -0.8066
vn 0.0599 0.0009 0.9982
vn 0.0599 0.0009 0.9982
vn 0.0599 0.0009 0.9982
vn 0.7719 0.0127 -0.6357
vn 0.7719 0.0127 -0.6357
vn 0.7719 0.0127 -0.6357
vn 0.1563 0.0027 -0.9877
vn 0.1563 0.0027 -0.9877
vn 0.1563 0.0027 -0.9877
vn 0.9998 0.0163 -0.012
vn 0.9998 0.0163 -0.012
vn 0.9998 0.0163 -0.012
vn -0.0326 -0.0007 0.9995
vn -0.0326 -0.0007 0.9995
vn -0.0326 -0.0007 0.9995
vn -0.3136 -0.0052 0.9496
vn -0.3136 -0.0052 0.9496
vn -0.3136 -0.0052 0.9496
vn -0.0007 -0.0001 1
vn -0.0007 -0.0001 1
vn -0.0007 -0.0001 1
vn -0.9143 -0.0149 -0.4047
vn -0.9143 -0.0149 -0.4047
vn -0.9143 -0.0149 -0.4047
vn -0.6963 -0.0113 -0.7177
vn -0.6963 -0.0113 -0.7177
vn -0.6963 -0.0113 -0.7177
vn -0.1536 -0.0024 -0.9881
vn -0.1536 -0.0024 -0.9881
vn -0.1536 -0.0024 -0.9881
vn -0.3056 -0.0051 0.9522
vn -0.3056 -0.0051 0.9522
vn -0.3056 -0.0051 0.9522
vn 0.0906 0.0014 0.9959
vn 0.0906 0.0014 0.9959
vn 0.0906 0.0014 0.9959
vn 0.9997 0.0163 0.0158
vn 0.9997 0.0163 0.0158
vn 0.9997 0.0163 0.0158
vn -0.7496 -0.0123 0.6618
vn -0.7496 -0.0123 0.6618
vn -0.7496 -0.0123 0.6618
vn 0.9992 0.0163 0.0358
vn 0.9992 0.0163 0.0358
vn 0.9992 0.0163 0.0358
vn 0.9412 0.0154 -0.3376
vn 0.9412 0.0154 -0.3376
vn 0.9412 0.0154 -0.3376
vn 0.9998 0.0163 -0.0075
vn 0.9998 0.0163 -0.0075
vn 0.9998 0.0163 -0.0075
vn -0.4043 -0.0067 0.9146
vn -0.4043 -0.0067 0.9146
vn -0.4043 -0.0067 0.9146
vn -0.16 -0.0027 0.9871
vn -0.16 -0.0027 0.9871
vn -0.16 -0.0027 0.9871
vn 0.9999 0.0163 0.0048
vn 0.9999 0.0163 0.0048
vn 0.9999 0.0163 0.0048
vn -0.9973 -0.0163 0.0717
vn -0.9973 -0.0163 0.0717
vn -0.9973 -0.0163 0.0717
vn -0.9792 -0.016 0.2023
vn -0.9792 -0.016 0.2023
vn -0.9792 -0.016 0.2023
vn 0.9798 0.016 -0.1993
vn 0.9798 0.016 -0.1993
vn 0.9798 0.016 -0.1993
vn 0.0443 0.0006 0.999
vn 0.0443 0.0006 0.999
vn 0.0443 0.0006 0.999
vn 0.9955 0.0162 0.0933
vn 0.9955 0.0162 0.0933
vn 0.9955 0.0162 0.0933
vn 0.3307 0.0053 0.9437
vn 0.3307 0.0053 0.9437
vn 0.3307 0.0053 0.9437
vn 0.816 0.0132 0.5779
vn 0.816 0.0132 0.5779
vn 0.816 0.0132 0.5779
vn 0.9178 0.015 -0.3967
vn 0.9178 0.015 -0.3967
vn 0.9178 0.015 -0.3967
vn -0.0048 -0.0002 1
vn -0.0048 -0.0002 1
vn -0.0048 -0.0002 1
vn 0.861 0.014 0.5084
vn 0.861 0.014 0.5084
vn 0.861 0.014 0.5084
vn -0.02 -0.0002 -0.9998
vn -0.02 -0.0002 -0.9998
vn -0.02 -0.0002 -0.9998
vn -0.0165 -0.0001 -0.9999
vn -0.0165 -0.0001 -0.9999
vn -0.0165 -0.0001 -0.9999
vn 0.0409 0.0005 0.9992
vn 0.0409 0.0005 0.9992
vn 0.0409 0.0005 0.9992
vn 0.7129 0.0115 0.7012
vn 0.7129 0.0115 0.7012
vn 0.7129 0.0115 0.7012
vn 0.0047 0.0002 -1
vn 0.0047 0.0002 -1
vn 0.0047 0.0002 -1
vn -0.0717 -0.001 -0.9974
vn -0.0717 -0.001 -0.9974
vn -0.0717 -0.001 -0.9974
vn 0.7861 0.0129 -0.6179
vn 0.7861 0.0129 -0.6179
vn 0.7861 0.0129 -0.6179
vn 0.5118 0.0082 0.8591
vn 0.5118 0.0082 0.8591
vn 0.5118 0.0082 0.8591
vn 0.6343 0.0104 -0.773
vn 0.6343 0.0104 -0.773
vn 0.6343 0.0104 -0.773
vn 0.2744 0.0044 0.9616
vn 0.2744 0.0044 0.9616
vn 0.2744 0.0044 0.9616
vn -0.1068 -0.0019 0.9943
vn -0.1068 -0.0019 0.9943
vn -0.1068 -0.0019 0.9943
vn 0.4392 0.0073 -0.8984
vn 0.4392 0.0073 -0.8984
vn 0.4392 0.0073 -0.8984
vn 0.6703 0.0108 0.742
vn 0.6703 0.0108 0.742
vn 0.6703 0.0108 0.742
vn -0.1898 -0.0032 0.9818
vn 0.0374 0.0005 0.9993
vn -0.9569 -0.0156 -0.2899
vn -0.9569 -0.0156 -0.2899
vn -0.9569 -0.0156 -0.2899
vn 0.7716 0.0127 -0.636
vn -0.222 -0.0035 -0.975
vn 0.7147 0.0118 -0.6993
vn 0.7147 0.0118 -0.6993
vn 0.7147 0.0118 -0.6993
vn -0.5203 -0.0086 0.854
vn -0.0047 -0.0002 1
vn 0.9791 0.0159 0.2028
vn 0.9791 0.0159 0.2028
vn 0.9791 0.0159 0.2028
vn -0.9874 -0.0161 -0.1577
vn -0.9874 -0.0161 -0.1577
vn -0.9874 -0.0161 -0.1577
vn 0.3409 0.0057 -0.9401
vn 0.1822 0.0028 0.9832
vn 0.1822 0.0028 0.9832
vn 0.1822 0.0028 0.9832
vn 0.9265 0.0151 0.3761
vn 0.9265 0.0151 0.3761
vn 0.9265 0.0151 0.3761
vn 0.008 0 1
vn 0.4336 0.007 0.9011
vn -0.5706 -0.0094 0.8212
vn -0.9389 -0.0154 0.3437
vn -0.9389 -0.0154 0.3437
vn -0.9389 -0.0154 0.3437
vn 0.7116 0.0117 -0.7024
vn 0.7116 0.0117 -0.7024
vn 0.7116 0.0117 -0.7024
vn -0.6326 -0.0104 0.7744
vn -0.6326 -0.0104 0.7744
vn -0.6326 -0.0104 0.7744
vn -0.4657 -0.0075 -0.8849
vn 0.0089 0.0003 -1
vn -0.3181 -0.0051 -0.948
vn 0.8232 0.0135 -0.5676
vn -0.9999 -0.0163 -0.0048
vn -0.9568 -0.0157 0.2904
vn -0.9568 -0.0157 0.2904
vn -0.9568 -0.0157 0.2904
vn 0.7983 0.0131 -0.6021
vn 0.9175 0.0149 0.3975
vn -0.5231 -0.0086 0.8522
vn -0.5231 -0.0086 0.8522
vn -0.5231 -0.0086 0.8522
vn -0.2011 -0.0032 -0.9796
vn 0.007 -0 1
vn 0.9975 0.0163 -0.069
vn 0.4105 0.0066 0.9119
vn 0.4105 0.0066 0.9119
vn 0.4105 0.0066 0.9119
vn 0.9996 0.0163 -0.0221
vn 0.0538 0.0008 0.9986
vn -0.0047 -0.0002 1
vn -0.0047 -0.0002 1
vn -0.0047 -0.0002 1
vn -0.3661 -0.0059 -0.9306
vn -0.3661 -0.0059 -0.9306
vn -0.3661 -0.0059 -0.9306
vn -0.9024 -0.0147 -0.4307
vn -0.9024 -0.0147 -0.4307
vn -0.9024 -0.0147 -0.4307
vn 0.7725 0.0127 -0.6349
vn -0.8923 -0.0146 0.4512
vn -0.8923 -0.0146 0.4512
vn -0.8923 -0.0146 0.4512
vn 0.7811 0.0128 -0.6243
vn -0.0357 -0.0007 0.9994
vn 0.9362 0.0152 0.351
vn -0.9999 -0.0163 -0.0048
vn 0.9999 0.0163 0.0048
vn 0.2204 0.0037 -0.9754
vn -0.5769 -0.0093 -0.8167
vn 0.7655 0.0124 0.6434
vn 0.7655 0.0124 0.6434
vn 0.7655 0.0124 0.6434
vn 0.9977 0.0163 -0.0664
vn -0.9996 -0.0163 -0.025
vn -0.9996 -0.0163 -0.025
vn -0.9996 -0.0163 -0.025
vn -0.9998 -0.0163 -0.0147
vn -0.5196 -0.0084 -0.8544
vn -0.6011 -0.0099 0.7991
vn -0.9823 -0.016 -0.1865
vn -0.9823 -0.016 -0.1865
vn -0.9823 -0.016 -0.1865
vn -0.9991 -0.0163 -0.0392
vn -0.9991 -0.0163 -0.0392
vn -0.9991 -0.0163 -0.0392
vn 0.9999 0.0163 0.0043
vn -0.9999 -0.0163 -0.0048
vn 0.9632 0.0157 0.2684
vn 0.9632 0.0157 0.2684
vn 0.9632 0.0157 0.2684
vn -0.9999 -0.0163 -0.0048
vn -0.0835 -0.0012 -0.9965
vn -0.6315 -0.0102 -0.7753
vn 0.8178 0.0134 -0.5754
vn 0.7699 0.0126 -0.6381
vn 0.7699 0.0126 -0.6381
vn 0.7699 0.0126 -0.6381
vn 0.7771 0.0128 -0.6292
vn 0.7771 0.0128 -0.6292
vn 0.7771 0.0128 -0.6292
vn -0.0338 -0.0004 -0.9994
vn 0.7668 0.0126 -0.6418
vn 0.9992 0.0163 0.0376
vn -0.9916 -0.0162 0.1281
vn -0.7144 -0.0116 -0.6996
vn -0.4144 -0.0066 -0.9101
vn -0.4144 -0.0066 -0.9101
vn -0.4144 -0.0066 -0.9101
vn 0.0048 0.0002 -1
vn 0.0048 0.0002 -1
vn 0.0048 0.0002 -1
vn 0.0705 0.0013 -0.9975
vn -0.9999 -0.0163 -0.0048
vn -0.219 -0.0037 0.9757
vn -0.7442 -0.0121 -0.6678
vn -0.7442 -0.0121 -0.6678
vn -0.7442 -0.0121 -0.6678
vn -0.713 -0.0117 0.7011
vn -0.713 -0.0117 0.7011
vn -0.713 -0.0117 0.7011
vn -0.7688 -0.0126 0.6394
vn -0.7688 -0.0126 0.6394
vn -0.7688 -0.0126 0.6394
vn -0.0854 -0.0015 0.9963
vn 0.6553 0.0108 -0.7553
vn -0.7982 -0.0131 0.6022
vn 0.9979 0.0163 -0.0631
vn 0.0347 0.0007 -0.9994
vn 0.8769 0.0142 0.4805
vn -0.0486 -0.0009 0.9988
vn -0.821 -0.0133 -0.5708
vn -0.821 -0.0133 -0.5708
vn -0.821 -0.0133 -0.5708
vn 0.7462 0.0121 0.6656
vn 0.7462 0.0121 0.6656
vn 0.7462 0.0121 0.6656
vn -0.8576 -0.0141 0.5142
vn -0.8576 -0.0141 0.5142
vn -0.8576 -0.0141 0.5142
vn -0.0313 -0.0006 0.9995
vn 0.3208 0.0054 -0.9471
vn 0.9997 0.0163 0.0172
vn 0.3582 0.0057 0.9336
vn -0.9308 -0.0151 -0.3652
vn -0.9308 -0.0151 -0.3652
vn -0.9308 -0.0151 -0.3652
vn 0.0329 0.0004 0.9995
vn 0.1578 0.0024 0.9875
vn 0.2256 0.0038 -0.9742
vn -0.0047 -0.0002 1
vn -0.0047 -0.0002 1
vn -0.0047 -0.0002 1
vn 0.5456 0.009 -0.838
vn 0.8046 0.0132 -0.5936
vn 0.8046 0.0132 -0.5936
vn 0.8046 0.0132 -0.5936
vn -0.0525 -0.001 0.9986
vn 0.2369 0.0037 0.9715
vn 0.812 0.0133 -0.5834
vn 0.812 0.0133 -0.5834
vn 0.812 0.0133 -0.5834
vn -0.7772 -0.0128 0.6291
vn 0.8651 0.0142 -0.5014
vn 0.8202 0.0134 -0.5719
vn 0.8202 0.0134 -0.5719
vn 0.8202 0.0134 -0.5719
vn 0.8567 0.014 -0.5156
vn -0.9999 -0.0163 -0.0048
vn -0.8068 -0.0132 0.5907
vn -0.9376 -0.0153 0.3474
vn -0.9376 -0.0153 0.3474
vn -0.9376 -0.0153 0.3474
vn -0.8141 -0.0132 -0.5806
vn -0.8141 -0.0132 -0.5806
vn -0.8141 -0.0132 -0.5806
vn -0.2461 -0.0041 0.9692
vn -0.0334 -0.0004 -0.9994
vn -0.4533 -0.0075 0.8913
vn -0.4533 -0.0075 0.8913
vn -0.4533 -0.0075 0.8913
vn 0.0095 0.0003 -1
vn 0.8159 0.0134 -0.578
vn 0.8159 0.0134 -0.578
vn 0.8159 0.0134 -0.578
vn 0.1281 0.0022 -0.9918
vn 0.5989 0.0097 0.8008
vn -0.4618 -0.0074 -0.887
vn -0.4618 -0.0074 -0.887
vn -0.4618 -0.0074 -0.887
vn 0.9292 0.0152 -0.3694
vn 0.0684 0.001 0.9977
vn -0.6644 -0.0109 0.7473
vn 0.382 0.0061 0.9241
vn 0.5915 0.0095 0.8063
vn 0.5915 0.0095 0.8063
vn 0.5915 0.0095 0.8063
vn 0.0462 0.0009 -0.9989
vn -0.8676 -0.0142 0.4971
vn -0.8676 -0.0142 0.4971
vn -0.8676 -0.0142 0.4971
vn -0.2039 -0.0035 0.979
vn -0.751 -0.0123 0.6602
vn -0.0784 -0.0014 0.9969
vn 0.7887 0.013 -0.6147
vn 0.7887 0.013 -0.6147
vn 0.7887 0.013 -0.6147
vn -0.4225 -0.007 0.9063
vn 0.9833 0.016 0.1811
vn 0.104 0.0016 0.9946
vn 0.9762 0.016 -0.2165
vn 0.7453 0.0122 -0.6666
vn -0.1063 -0.0019 0.9943
vn 0.1728 0.0029 -0.9849
vn -0.1209 -0.0018 -0.9927
vn -0.5145 -0.0085 0.8574
vn -0.5145 -0.0085 0.8574
vn -0.5145 -0.0085 0.8574
vn -0.6896 -0.0113 0.7241
vn -0.6896 -0.0113 0.7241
vn -0.6896 -0.0113 0.7241
vn -0.2876 -0.0048 0.9577
vn 0.9998 0.0163 0.0125
vn 0.3912 0.0065 -0.9203
vn 0.0234 0.0003 0.9997
vn 0.5975 0.0098 -0.8018
vn 0.4902 0.0079 0.8716
vn 0.792 0.013 -0.6104
vn 0.792 0.013 -0.6104
vn 0.792 0.013 -0.6104
vn 0.0573 0.0011 -0.9984
vn 0.8237 0.0134 0.5668
vn 0.8237 0.0134 0.5668
vn 0.8237 0.0134 0.5668
vn -0.0277 -0.0006 0.9996
vn 0.763 0.0125 -0.6463
vn 0.1022 0.0018 -0.9948
vn 0.987 0.0161 0.16
vn 0.987 0.0161 0.16
vn 0.987 0.0161 0.16
vn 0.5308 0.0088 -0.8475
vn 0.5308 0.0088 -0.8475
vn 0.5308 0.0088 -0.8475
vn -0.2783 -0.0044 -0.9605
vn -0.848 -0.0138 -0.5297
vn -0.848 -0.0138 -0.5297
vn -0.848 -0.0138 -0.5297
vn 0.4894 0.0081 -0.872
vn 0.4894 0.0081 -0.872
vn 0.4894 0.0081 -0.872
vn -0.9792 -0.0159 -0.2021
vn -0.9792 -0.0159 -0.2021
vn -0.9792 -0.0159 -0.2021
vn 0.004 -0.0001 1
vn -0.65 -0.0107 0.7599
vn -0.65 -0.0107 0.7599
vn -0.65 -0.0107 0.7599
vn 0.6778 0.0111 -0.7352
vn 0.6778 0.0111 -0.7352
vn 0.6778 0.0111 -0.7352
vn 0.3035 0.0051 -0.9528
vn 0.9972 0.0163 -0.0732
vn 0.9983 0.0163 0.0553
vn 0.9983 0.0163 0.0553
vn 0.9983 0.0163 0.0553
vn -0.9999 -0.0163 -0.0048
vn 0.9948 0.0162 0.1009
vn 0.0091 0.0003 -1
vn -0.1327 -0.002 -0.9911
vn 0.5417 0.009 -0.8405
vn 0.5417 0.009 -0.8405
vn 0.5417 0.009 -0.8405
vn -0.344 -0.0057 0.9389
vn 0.0944 0.0017 -0.9955
vn 0.9999 0.0163 0.0048
vn 0.9965 0.0162 0.0824
vn 0.4287 0.0071 -0.9034
vn 0.5502 0.0089 0.835
vn 0.4681 0.0075 0.8836
vn -0.3365 -0.0054 -0.9417
vn -0.3365 -0.0054 -0.9417
vn -0.3365 -0.0054 -0.9417
vn -0.8006 -0.0131 0.5991
vn -0.8006 -0.0131 0.5991
vn -0.8006 -0.0131 0.5991
vn 0.5848 0.0097 -0.8111
vn 0.5848 0.0097 -0.8111
vn 0.5848 0.0097 -0.8111
vn 0.8104 0.0133 -0.5857
vn 0.0448 0.0009 -0.999
vn -0.9867 -0.0161 0.1619
vn -0.9867 -0.0161 0.1619
vn -0.9867 -0.0161 0.1619
vn -0.1437 -0.0025 0.9896
vn 0.2521 0.0042 -0.9677
vn 0.659 0.0107 0.7521
vn 0.8026 0.0132 -0.5964
vn 0.9998 0.0163 0.0067
vn 0.657 0.0108 -0.7538
vn 0.064 0.0012 -0.9979
vn 0.0091 0.0003 -1
vn 0.9867 0.0161 -0.1615
vn -0.2315 -0.0037 -0.9728
vn 0.7744 0.0127 -0.6326
vn 0.7744 0.0127 -0.6326
vn 0.7744 0.0127 -0.6326
vn -0.3998 -0.0066 0.9166
vn 0.9999 0.0163 0.0048
vn 0.0439 0.0008 -0.999
vn -0.0255 -0.0003 -0.9997
vn -0.591 -0.0095 -0.8066
vn 0.0599 0.0009 0.9982
vn 0.7719 0.0127 -0.6356
vn 0.7719 0.0127 -0.6356
vn 0.7719 0.0127 -0.6356
vn 0.1563 0.0027 -0.9877
vn 0.9998 0.0163 -0.012
vn -0.0326 -0.0007 0.9995
vn -0.3136 -0.0052 0.9496
vn -0.0007 -0.0001 1
vn -0.9144 -0.0149 -0.4046
vn -0.9144 -0.0149 -0.4046
vn -0.9144 -0.0149 -0.4046
vn -0.6963 -0.0113 -0.7177
vn -0.1536 -0.0024 -0.9881
vn -0.3056 -0.0051 0.9522
vn 0.0906 0.0014 0.9959
vn 0.9997 0.0163 0.0158
vn -0.7495 -0.0123 0.6619
vn -0.7495 -0.0123 0.6619
vn -0.7495 -0.0123 0.6619
vn 0.9992 0.0163 0.0358
vn 0.9411 0.0154 -0.3377
vn 0.9411 0.0154 -0.3377
vn 0.9411 0.0154 -0.3377
vn 0.9998 0.0163 -0.0075
vn -0.4043 -0.0067 0.9146
vn -0.1601 -0.0027 0.9871
vn -0.1601 -0.0027 0.9871
vn -0.1601 -0.0027 0.9871
vn 0.9999 0.0163 0.0048
vn -0.9973 -0.0163 0.0717
vn -0.9792 -0.016 0.2023
vn 0.9798 0.016 -0.1994
vn 0.9798 0.016 -0.1994
vn 0.9798 0.016 -0.1994
vn 0.0443 0.0006 0.999
vn 0.9955 0.0162 0.0933
vn 0.3307 0.0053 0.9437
vn 0.816 0.0132 0.5779
vn 0.9178 0.015 -0.3967
vn -0.0047 -0.0002 1
vn -0.0047 -0.0002 1
vn -0.0047 -0.0002 1
vn 0.861 0.014 0.5084
vn -0.02 -0.0002 -0.9998
vn -0.0165 -0.0001 -0.9999
vn 0.0409 0.0005 0.9992
vn 0.7129 0.0115 0.7011
vn 0.7129 0.0115 0.7011
vn 0.7129 0.0115 0.7011
vn 0.0047 0.0002 -1
vn -0.0717 -0.001 -0.9974
vn 0.786 0.0129 -0.6181
vn 0.786 0.0129 -0.6181
vn 0.786 0.0129 -0.6181
vn 0.5118 0.0082 0.8591
vn 0.6343 0.0104 -0.773
vn 0.2744 0.0044 0.9616
vn -0.1069 -0.0019 0.9943
vn -0.1069 -0.0019 0.9943
vn -0.1069 -0.0019 0.9943
vn 0.4392 0.0073 -0.8984
vn 0.6704 0.0108 0.7419
vn 0.6704 0.0108 0.7419
vn 0.6704 0.0108 0.7419
vn 0.9321 0.3408 -0.1227
vn 0.9914 0 -0.1305
vn 1 0 0
vn 0.6639 0.7427 -0.0874
vn 0.9401 0.3408 0
vn 0.0168 0.9998 -0.0022
vn 0.6639 0.7427 -0.0874
vn 0.6696 0.7427 0
vn -0.65 0.7551 0.0855
vn 0.017 0.9998 0
vn -0.9302 0.3459 0.1224
vn -0.65 0.7551 0.0855
vn -0.6556 0.7551 0
vn -0.9914 0 0.1305
vn -0.9383 0.3459 0
vn -0.9383 -0.3459 0
vn -0.9302 -0.3459 0.1224
vn -0.6556 -0.7551 0
vn -0.65 -0.7551 0.0855
vn -0.9302 -0.3459 0.1224
vn 0.0169 -0.9998 0
vn 0.0168 -0.9998 -0.0022
vn 0.6696 -0.7427 0
vn 0.6639 -0.7427 -0.0874
vn 0.9401 -0.3408 0
vn 0.9321 -0.3408 -0.1227
vn 0.9321 -0.3408 -0.1227
vn 0.9401 -0.3408 0
vn 0.9081 0.3408 -0.2433
vn 0.9659 0 -0.2588
vn 0.6468 0.7427 -0.1733
vn 0.0164 0.9998 -0.0044
vn 0.6468 0.7427 -0.1733
vn -0.6333 0.7551 0.1697
vn -0.9063 0.3459 0.2428
vn -0.6333 0.7551 0.1697
vn -0.9659 0 0.2588
vn -0.9063 -0.3459 0.2428
vn -0.6333 -0.7551 0.1697
vn -0.9063 -0.3459 0.2428
vn 0.0164 -0.9998 -0.0044
vn 0.6468 -0.7427 -0.1733
vn 0.9081 -0.3408 -0.2433
vn 0.9081 -0.3408 -0.2433
vn 0.8686 0.3408 -0.3598
vn 0.9239 0 -0.3827
vn 0.6187 0.7427 -0.2562
vn 0.0157 0.9998 -0.0065
vn 0.6187 0.7427 -0.2562
vn -0.6057 0.7551 0.2509
vn -0.8668 0.3459 0.3591
vn -0.6057 0.7551 0.2509
vn -0.9239 0 0.3827
vn -0.8668 -0.3459 0.359
vn -0.6057 -0.7551 0.2509
vn -0.8668 -0.3459 0.359
vn 0.0157 -0.9998 -0.0065
vn 0.6187 -0.7427 -0.2562
vn 0.8686 -0.3408 -0.3598
vn 0.8686 -0.3408 -0.3598
vn 0.8142 0.3408 -0.47
vn 0.866 0 -0.5
vn 0.5799 0.7427 -0.3348
vn 0.0147 0.9998 -0.0085
vn 0.5799 0.7427 -0.3348
vn -0.5678 0.7551 0.3278
vn -0.8126 0.3459 0.4691
vn -0.5678 0.7551 0.3278
vn -0.866 0 0.5
vn -0.8126 -0.3459 0.4691
vn -0.5678 -0.7551 0.3278
vn -0.8126 -0.3459 0.4691
vn 0.0147 -0.9998 -0.0085
vn 0.5799 -0.7427 -0.3348
vn 0.8142 -0.3408 -0.47
vn 0.8142 -0.3408 -0.47
vn 0.7458 0.3408 -0.5723
vn 0.7933 0 -0.6088
vn 0.5313 0.7427 -0.4077
vn 0.7458 0.3408 -0.5723
vn 0.0134 0.9998 -0.0103
vn -0.5201 0.7551 0.3991
vn -0.7444 0.3459 0.5712
vn -0.5201 0.7551 0.3991
vn -0.7933 0 0.6088
vn -0.7444 -0.3459 0.5712
vn -0.5201 -0.7551 0.3991
vn -0.7444 -0.3459 0.5712
vn 0.0134 -0.9998 -0.0103
vn 0.5313 -0.7427 -0.4076
vn 0.7458 -0.3408 -0.5723
vn 0.7458 -0.3408 -0.5723
vn 0.6648 0.3408 -0.6648
vn 0.7071 0 -0.7071
vn 0.4735 0.7427 -0.4735
vn 0.6648 0.3408 -0.6648
vn 0.012 0.9998 -0.012
vn -0.4636 0.7551 0.4636
vn -0.6634 0.3459 0.6634
vn -0.4636 0.7551 0.4636
vn -0.7071 0 0.7071
vn -0.6634 -0.3459 0.6634
vn -0.4636 -0.7551 0.4636
vn -0.6634 -0.3459 0.6634
vn 0.012 -0.9998 -0.012
vn 0.4735 -0.7427 -0.4735
vn 0.6648 -0.3408 -0.6648
vn 0.6648 -0.3408 -0.6648
vn 0.5723 0.3408 -0.7458
vn 0.6088 0 -0.7933
vn 0.4076 0.7427 -0.5313
vn 0.5723 0.3408 -0.7458
vn 0.0103 0.9998 -0.0134
vn -0.3991 0.7551 0.5201
vn -0.5712 0.3459 0.7444
vn -0.6088 0 0.7933
vn -0.5712 0.3459 0.7444
vn -0.5712 -0.3459 0.7444
vn -0.3991 -0.7551 0.5201
vn -0.5712 -0.3459 0.7444
vn 0.0103 -0.9998 -0.0134
vn 0.4076 -0.7427 -0.5313
vn 0.5723 -0.3408 -0.7458
vn 0.5723 -0.3408 -0.7458
vn 0.47 0.3408 -0.8142
vn 0.5 0 -0.866
vn 0.3348 0.7427 -0.5799
vn 0.47 0.3408 -0.8142
vn 0.0085 0.9998 -0.0147
vn -0.3278 0.7551 0.5678
vn -0.4691 0.3459 0.8126
vn -0.5 0 0.866
vn -0.4691 0.3459 0.8126
vn -0.4691 -0.3459 0.8126
vn -0.3278 -0.7551 0.5678
vn -0.4691 -0.3459 0.8126
vn 0.0085 -0.9998 -0.0147
vn 0.3348 -0.7427 -0.5799
vn 0.47 -0.3408 -0.8142
vn 0.47 -0.3408 -0.8142
vn 0.3598 0.3408 -0.8686
vn 0.3827 0 -0.9239
vn 0.2563 0.7427 -0.6187
vn 0.3598 0.3408 -0.8686
vn 0.0065 0.9998 -0.0157
vn -0.2509 0.7551 0.6057
vn -0.3591 0.3459 0.8668
vn -0.3827 0 0.9239
vn -0.3591 0.3459 0.8668
vn -0.3591 -0.3459 0.8668
vn -0.2509 -0.7551 0.6057
vn -0.3591 -0.3459 0.8668
vn 0.0065 -0.9998 -0.0157
vn 0.2563 -0.7427 -0.6187
vn 0.3598 -0.3408 -0.8686
vn 0.3598 -0.3408 -0.8686
vn 0.3598 0.3408 -0.8686
vn 0.2433 0.3408 -0.9081
vn 0.2588 0 -0.9659
vn 0.1733 0.7427 -0.6468
vn 0.2433 0.3408 -0.9081
vn 0.0044 0.9998 -0.0164
vn -0.1697 0.7551 0.6333
vn -0.2428 0.3459 0.9063
vn -0.2588 0 0.9659
vn -0.2428 0.3459 0.9063
vn -0.3591 0.3459 0.8668
vn -0.3591 -0.3459 0.8668
vn -0.2428 -0.3459 0.9063
vn -0.1697 -0.7551 0.6333
vn -0.2428 -0.3459 0.9063
vn 0.0044 -0.9998 -0.0164
vn 0.1733 -0.7427 -0.6468
vn 0.2433 -0.3408 -0.9081
vn 0.3827 0 -0.9239
vn 0.2433 -0.3408 -0.9081
vn 0.131 0.3422 -0.9304
vn 0.1412 0 -0.99
vn 0.0906 0.7438 -0.6623
vn 0.131 0.3422 -0.9304
vn 0.0023 0.9998 -0.0165
vn -0.0835 0.756 0.6492
vn -0.1157 0.3473 0.9306
vn -0.1214 0 0.9926
vn -0.1157 0.3473 0.9306
vn -0.1157 -0.3473 0.9306
vn -0.0835 -0.756 0.6492
vn -0.1157 -0.3473 0.9306
vn 0.0023 -0.9998 -0.0165
vn 0.0906 -0.7438 -0.6623
vn 0.131 -0.3422 -0.9304
vn 0.131 -0.3422 -0.9304
vn 0.0101 0.4942 -0.8693
vn 0.0122 0 -0.9999
vn 0.0051 0.8604 -0.5096
vn 0.0101 0.4942 -0.8693
vn 0.0016 0.9999 -0.0109
vn 0.0039 0.8699 0.4932
vn 0.0087 0.5036 0.8639
vn 0.0107 0 0.9999
vn 0.0087 0.5036 0.8639
vn 0.0087 -0.5036 0.8639
vn 0.0039 -0.8699 0.4932
vn 0.0087 -0.5036 0.8639
vn 0.0016 -0.9999 -0.0109
vn 0.0051 -0.8604 -0.5096
vn 0.0101 -0.4942 -0.8693
vn 0.0101 -0.4942 -0.8693
vn -0.1134 0.4954 -0.8612
vn -0.1305 0 -0.9914
vn -0.0663 0.8614 -0.5036
vn -0.1134 0.4954 -0.8612
vn -0.0014 0.9999 -0.0107
vn 0.0642 0.8707 0.4876
vn 0.1127 0.5047 0.8559
vn 0.1305 0 0.9914
vn 0.1127 0.5047 0.8559
vn 0.1127 -0.5047 0.8559
vn 0.0642 -0.8707 0.4876
vn 0.1127 -0.5047 0.8559
vn -0.0014 -0.9999 -0.0107
vn -0.0663 -0.8614 -0.5036
vn -0.1134 -0.4954 -0.8612
vn -0.1134 -0.4954 -0.8612
vn -0.2248 0.4954 -0.839
vn -0.2588 0 -0.9659
vn -0.1315 0.8614 -0.4907
vn -0.2248 0.4954 -0.839
vn -0.0028 0.9999 -0.0104
vn 0.1273 0.8707 0.4751
vn 0.2234 0.5047 0.8339
vn 0.2588 0 0.9659
vn 0.2234 0.5047 0.8339
vn 0.2234 -0.5047 0.8339
vn 0.1273 -0.8707 0.4751
vn 0.2234 -0.5047 0.8339
vn -0.0028 -0.9999 -0.0104
vn -0.1315 -0.8614 -0.4907
vn -0.2248 -0.4954 -0.839
vn -0.2248 -0.4954 -0.839
vn -0.3324 0.4954 -0.8025
vn -0.3827 0 -0.9239
vn -0.1944 0.8614 -0.4693
vn -0.3324 0.4954 -0.8025
vn -0.0041 0.9999 -0.0099
vn 0.1882 0.8707 0.4544
vn 0.3303 0.5047 0.7975
vn 0.3827 0 0.9239
vn 0.3303 0.5047 0.7975
vn 0.3303 -0.5047 0.7975
vn 0.1882 -0.8707 0.4544
vn 0.3303 -0.5047 0.7975
vn -0.0041 -0.9999 -0.0099
vn -0.1944 -0.8614 -0.4693
vn -0.3324 -0.4954 -0.8025
vn -0.3324 -0.4954 -0.8025
vn -0.4343 0.4954 -0.7523
vn -0.5 0 -0.866
vn -0.254 0.8614 -0.4399
vn -0.4343 0.4954 -0.7523
vn -0.0054 0.9999 -0.0093
vn 0.2459 0.8707 0.4259
vn 0.4316 0.5047 0.7476
vn 0.5 0 0.866
vn 0.4316 0.5047 0.7476
vn 0.4316 -0.5047 0.7476
vn 0.2459 -0.8707 0.4259
vn 0.4316 -0.5047 0.7476
vn -0.0054 -0.9999 -0.0093
vn -0.254 -0.8614 -0.4399
vn -0.4343 -0.4954 -0.7523
vn -0.4343 -0.4954 -0.7523
vn -0.5288 0.4954 -0.6891
vn -0.6088 0 -0.7933
vn -0.3092 0.8614 -0.403
vn -0.5288 0.4954 -0.6891
vn -0.0066 0.9999 -0.0085
vn 0.2994 0.8707 0.3902
vn 0.5255 0.5047 0.6849
vn 0.6088 0 0.7933
vn 0.5255 0.5047 0.6849
vn 0.5255 -0.5047 0.6849
vn 0.2994 -0.8707 0.3902
vn 0.5255 -0.5047 0.6849
vn -0.0066 -0.9999 -0.0085
vn -0.3092 -0.8614 -0.403
vn -0.5288 -0.4954 -0.6891
vn -0.5288 -0.4954 -0.6891
vn -0.6142 0.4954 -0.6142
vn -0.7071 0 -0.7071
vn -0.3592 0.8614 -0.3592
vn -0.6142 0.4954 -0.6142
vn -0.0076 0.9999 -0.0076
vn 0.3478 0.8707 0.3478
vn 0.6104 0.5047 0.6104
vn 0.7071 0 0.7071
vn 0.6104 0.5047 0.6104
vn 0.6104 -0.5047 0.6104
vn 0.3478 -0.8707 0.3478
vn 0.6104 -0.5047 0.6104
vn -0.0076 -0.9999 -0.0076
vn -0.3592 -0.8614 -0.3592
vn -0.6142 -0.4954 -0.6142
vn -0.6142 -0.4954 -0.6142
vn -0.6891 0.4954 -0.5288
vn -0.7933 0 -0.6088
vn -0.403 0.8614 -0.3092
vn -0.6891 0.4954 -0.5288
vn -0.0085 0.9999 -0.0066
vn 0.3902 0.8707 0.2994
vn 0.6849 0.5047 0.5255
vn 0.7933 0 0.6088
vn 0.6849 0.5047 0.5255
vn 0.6849 -0.5047 0.5255
vn 0.3902 -0.8707 0.2994
vn 0.6849 -0.5047 0.5255
vn -0.0085 -0.9999 -0.0066
vn -0.403 -0.8614 -0.3092
vn -0.6891 -0.4954 -0.5288
vn -0.6891 -0.4954 -0.5288
vn -0.7523 0.4954 -0.4343
vn -0.866 0 -0.5
vn -0.4399 0.8614 -0.254
vn -0.7523 0.4954 -0.4343
vn -0.0093 0.9999 -0.0054
vn 0.4259 0.8707 0.2459
vn 0.7476 0.5047 0.4316
vn 0.866 0 0.5
vn 0.7476 0.5047 0.4316
vn 0.7476 -0.5047 0.4316
vn 0.4259 -0.8707 0.2459
vn 0.7476 -0.5047 0.4316
vn -0.0093 -0.9999 -0.0054
vn -0.4399 -0.8614 -0.254
vn -0.7523 -0.4954 -0.4343
vn -0.7523 -0.4954 -0.4343
vn -0.8025 0.4954 -0.3324
vn -0.9239 0 -0.3827
vn -0.4693 0.8614 -0.1944
vn -0.8025 0.4954 -0.3324
vn -0.0099 0.9999 -0.0041
vn 0.4544 0.8707 0.1882
vn 0.7975 0.5047 0.3303
vn 0.9239 0 0.3827
vn 0.7975 0.5047 0.3303
vn 0.7476 0.5047 0.4316
vn 0.7975 -0.5047 0.3303
vn 0.866 0 0.5
vn 0.4544 -0.8707 0.1882
vn 0.7975 -0.5047 0.3303
vn -0.0099 -0.9999 -0.0041
vn -0.4693 -0.8614 -0.1944
vn -0.8025 -0.4954 -0.3324
vn -0.8025 -0.4954 -0.3324
vn -0.8025 0.4954 -0.3324
vn -0.839 0.4954 -0.2248
vn -0.9659 0 -0.2588
vn -0.4907 0.8614 -0.1315
vn -0.839 0.4954 -0.2248
vn -0.0104 0.9999 -0.0028
vn 0.4751 0.8707 0.1273
vn 0.8339 0.5047 0.2234
vn 0.9659 0 0.2588
vn 0.8339 0.5047 0.2234
vn 0.8339 -0.5047 0.2234
vn 0.4751 -0.8707 0.1273
vn 0.8339 -0.5047 0.2234
vn -0.0104 -0.9999 -0.0028
vn -0.4907 -0.8614 -0.1315
vn -0.839 -0.4954 -0.2248
vn -0.9239 0 -0.3827
vn -0.839 -0.4954 -0.2248
vn -0.8612 0.4954 -0.1134
vn -0.9914 0 -0.1305
vn -0.5036 0.8614 -0.0663
vn -0.8612 0.4954 -0.1134
vn -0.0107 0.9999 -0.0014
vn 0.4876 0.8707 0.0642
vn 0.8559 0.5047 0.1127
vn 0.9914 0 0.1305
vn 0.8559 0.5047 0.1127
vn 0.8559 -0.5047 0.1127
vn 0.4876 -0.8707 0.0642
vn 0.8559 -0.5047 0.1127
vn -0.0107 -0.9999 -0.0014
vn -0.5036 -0.8614 -0.0663
vn -0.8612 -0.4954 -0.1134
vn -0.8612 -0.4954 -0.1134
vn -0.8686 0.4954 0
vn -1 0 0
vn -0.508 0.8614 0
vn -0.8686 0.4954 0
vn -0.0108 0.9999 0
vn 0.4918 0.8707 0
vn 0.8633 0.5047 0
vn 1 0 0
vn 0.8633 0.5047 0
vn 0.8633 -0.5047 0
vn 0.4918 -0.8707 0
vn 0.8633 -0.5047 0
vn -0.0108 -0.9999 0
vn -0.508 -0.8614 0
vn -0.8686 -0.4954 0
vn -0.8686 -0.4954 0
vn -0.8612 0.4954 0.1134
vn -0.9914 0 0.1305
vn -0.5036 0.8614 0.0663
vn -0.8612 0.4954 0.1134
vn -0.0107 0.9999 0.0014
vn 0.4876 0.8707 -0.0642
vn 0.8559 0.5047 -0.1127
vn 0.9914 0 -0.1305
vn 0.8559 0.5047 -0.1127
vn 0.8559 -0.5047 -0.1127
vn 0.4876 -0.8707 -0.0642
vn 0.8559 -0.5047 -0.1127
vn -0.0107 -0.9999 0.0014
vn -0.5036 -0.8614 0.0663
vn -0.8612 -0.4954 0.1134
vn -0.8612 -0.4954 0.1134
vn -0.839 0.4954 0.2248
vn -0.9659 0 0.2588
vn -0.4907 0.8614 0.1315
vn -0.839 0.4954 0.2248
vn -0.0104 0.9999 0.0028
vn 0.4751 0.8707 -0.1273
vn 0.8339 0.5047 -0.2234
vn 0.9659 0 -0.2588
vn 0.8339 0.5047 -0.2234
vn 0.8339 -0.5047 -0.2234
vn 0.4751 -0.8707 -0.1273
vn 0.8339 -0.5047 -0.2234
vn -0.0104 -0.9999 0.0028
vn -0.4907 -0.8614 0.1315
vn -0.839 -0.4954 0.2248
vn -0.839 -0.4954 0.2248
vn -0.8025 0.4954 0.3324
vn -0.9239 0 0.3827
vn -0.4693 0.8614 0.1944
vn -0.8025 0.4954 0.3324
vn -0.0099 0.9999 0.0041
vn 0.4544 0.8707 -0.1882
vn 0.7975 0.5047 -0.3304
vn 0.9239 0 -0.3827
vn 0.7975 0.5047 -0.3304
vn 0.7975 -0.5047 -0.3303
vn 0.4544 -0.8707 -0.1882
vn 0.7975 -0.5047 -0.3303
vn -0.0099 -0.9999 0.0041
vn -0.4693 -0.8614 0.1944
vn -0.8025 -0.4954 0.3324
vn -0.8025 -0.4954 0.3324
vn -0.7523 0.4954 0.4343
vn -0.866 0 0.5
vn -0.4399 0.8614 0.254
vn -0.7523 0.4954 0.4343
vn -0.0093 0.9999 0.0054
vn 0.4259 0.8707 -0.2459
vn 0.7476 0.5047 -0.4316
vn 0.866 0 -0.5
vn 0.7476 0.5047 -0.4316
vn 0.7476 -0.5047 -0.4316
vn 0.4259 -0.8707 -0.2459
vn 0.7476 -0.5047 -0.4316
vn -0.0093 -0.9999 0.0054
vn -0.4399 -0.8614 0.254
vn -0.7523 -0.4954 0.4343
vn -0.7523 -0.4954 0.4343
vn -0.6891 0.4954 0.5288
vn -0.7933 0 0.6088
vn -0.403 0.8614 0.3092
vn -0.6891 0.4954 0.5288
vn -0.0085 0.9999 0.0066
vn 0.3902 0.8707 -0.2994
vn 0.6849 0.5047 -0.5255
vn 0.7933 0 -0.6088
vn 0.6849 0.5047 -0.5255
vn 0.6849 -0.5047 -0.5255
vn 0.3902 -0.8707 -0.2994
vn 0.6849 -0.5047 -0.5255
vn -0.0085 -0.9999 0.0066
vn -0.403 -0.8614 0.3092
vn -0.6891 -0.4954 0.5288
vn -0.6891 -0.4954 0.5288
vn -0.6142 0.4954 0.6142
vn -0.7071 0 0.7071
vn -0.3592 0.8614 0.3592
vn -0.6142 0.4954 0.6142
vn -0.0076 0.9999 0.0076
vn 0.3478 0.8707 -0.3478
vn 0.6104 0.5047 -0.6104
vn 0.7071 0 -0.7071
vn 0.6104 0.5047 -0.6104
vn 0.6104 -0.5047 -0.6104
vn 0.3478 -0.8707 -0.3478
vn 0.6104 -0.5047 -0.6104
vn -0.0076 -0.9999 0.0076
vn -0.3592 -0.8614 0.3592
vn -0.6142 -0.4954 0.6142
vn -0.6142 -0.4954 0.6142
vn -0.5288 0.4954 0.6891
vn -0.6088 0 0.7933
vn -0.3092 0.8614 0.403
vn -0.5288 0.4954 0.6891
vn -0.0066 0.9999 0.0085
vn 0.2994 0.8707 -0.3902
vn 0.5255 0.5047 -0.6849
vn 0.6088 0 -0.7933
vn 0.5255 0.5047 -0.6849
vn 0.5255 -0.5047 -0.6849
vn 0.2994 -0.8707 -0.3902
vn 0.5255 -0.5047 -0.6849
vn -0.0066 -0.9999 0.0085
vn -0.3092 -0.8614 0.403
vn -0.5288 -0.4954 0.6891
vn -0.5288 -0.4954 0.6891
vn -0.4343 0.4954 0.7523
vn -0.5 0 0.866
vn -0.254 0.8614 0.4399
vn -0.4343 0.4954 0.7523
vn -0.0054 0.9999 0.0093
vn 0.2459 0.8707 -0.4259
vn 0.4316 0.5047 -0.7476
vn 0.5 0 -0.866
vn 0.4316 0.5047 -0.7476
vn 0.4316 -0.5047 -0.7476
vn 0.2459 -0.8707 -0.4259
vn 0.4316 -0.5047 -0.7476
vn -0.0054 -0.9999 0.0093
vn -0.254 -0.8614 0.4399
vn -0.4343 -0.4954 0.7523
vn -0.4343 -0.4954 0.7523
vn -0.3324 0.4954 0.8025
vn -0.3827 0 0.9239
vn -0.1944 0.8614 0.4693
vn -0.3324 0.4954 0.8025
vn -0.0041 0.9999 0.0099
vn 0.1882 0.8707 -0.4544
vn 0.3303 0.5047 -0.7975
vn 0.3827 0 -0.9239
vn 0.3303 0.5047 -0.7975
vn 0.3304 -0.5047 -0.7975
vn 0.1882 -0.8707 -0.4544
vn 0.3304 -0.5047 -0.7975
vn -0.0041 -0.9999 0.0099
vn -0.1944 -0.8614 0.4693
vn -0.3324 -0.4954 0.8025
vn -0.3324 -0.4954 0.8025
vn -0.2248 0.4954 0.839
vn -0.2588 0 0.9659
vn -0.3827 0 0.9239
vn -0.1315 0.8614 0.4907
vn -0.2248 0.4954 0.839
vn -0.0028 0.9999 0.0104
vn 0.1273 0.8707 -0.4751
vn 0.2234 0.5047 -0.8339
vn 0.3827 0 -0.9239
vn 0.2588 0 -0.9659
vn 0.2234 0.5047 -0.8339
vn 0.2234 -0.5047 -0.8339
vn 0.1273 -0.8707 -0.4751
vn 0.2234 -0.5047 -0.8339
vn -0.0028 -0.9999 0.0104
vn -0.1315 -0.8614 0.4907
vn -0.2248 -0.4954 0.839
vn -0.2248 -0.4954 0.839
vn -0.1134 0.4954 0.8612
vn -0.1305 0 0.9914
vn -0.0663 0.8614 0.5036
vn -0.1134 0.4954 0.8612
vn -0.0014 0.9999 0.0107
vn 0.0642 0.8707 -0.4876
vn 0.1127 0.5047 -0.8559
vn 0.1305 0 -0.9914
vn 0.1127 0.5047 -0.8559
vn 0.1127 -0.5047 -0.8559
vn 0.0642 -0.8707 -0.4876
vn 0.1127 -0.5047 -0.8559
vn -0.0014 -0.9999 0.0107
vn -0.0663 -0.8614 0.5036
vn -0.1134 -0.4954 0.8612
vn -0.1134 -0.4954 0.8612
vn 0.0101 0.4942 0.8693
vn 0.0122 0 0.9999
vn 0.0051 0.8604 0.5096
vn 0.0101 0.4942 0.8693
vn 0.0016 0.9999 0.0109
vn 0.0039 0.8699 -0.4932
vn 0.0087 0.5036 -0.8639
vn 0.0107 0 -0.9999
vn 0.0087 0.5036 -0.8639
vn 0.0087 -0.5036 -0.8639
vn 0.0039 -0.8699 -0.4932
vn 0.0087 -0.5036 -0.8639
vn 0.0016 -0.9999 0.0109
vn 0.0051 -0.8604 0.5096
vn 0.0101 -0.4942 0.8693
vn 0.0101 -0.4942 0.8693
vn 0.131 0.3422 0.9304
vn 0.1412 0 0.99
vn 0.0906 0.7438 0.6623
vn 0.131 0.3422 0.9304
vn 0.0023 0.9998 0.0165
vn -0.0835 0.756 -0.6492
vn -0.1157 0.3473 -0.9306
vn -0.1214 0 -0.9926
vn -0.1157 0.3473 -0.9306
vn -0.1157 -0.3473 -0.9306
vn -0.0835 -0.756 -0.6492
vn -0.1157 -0.3473 -0.9306
vn 0.0023 -0.9998 0.0165
vn 0.0906 -0.7438 0.6623
vn 0.131 -0.3422 0.9304
vn 0.131 -0.3422 0.9304
vn 0.2433 0.3408 0.9081
vn 0.2588 0 0.9659
vn 0.1733 0.7427 0.6468
vn 0.2433 0.3408 0.9081
vn 0.0044 0.9998 0.0164
vn -0.1697 0.7551 -0.6333
vn -0.2428 0.3459 -0.9063
vn -0.1697 0.7551 -0.6333
vn -0.2588 0 -0.9659
vn -0.2428 -0.3459 -0.9063
vn -0.1697 -0.7551 -0.6333
vn -0.2428 -0.3459 -0.9063
vn 0.0044 -0.9998 0.0164
vn 0.1733 -0.7427 0.6468
vn 0.2433 -0.3408 0.9081
vn 0.2433 -0.3408 0.9081
vn 0.3598 0.3408 0.8686
vn 0.3827 0 0.9239
vn 0.2563 0.7427 0.6187
vn 0.3598 0.3408 0.8686
vn 0.0065 0.9998 0.0157
vn -0.2509 0.7551 -0.6057
vn -0.3591 0.3459 -0.8668
vn -0.2509 0.7551 -0.6057
vn -0.3827 0 -0.9239
vn -0.3591 -0.3459 -0.8668
vn -0.2509 -0.7551 -0.6057
vn -0.3591 -0.3459 -0.8668
vn 0.0065 -0.9998 0.0157
vn 0.2563 -0.7427 0.6187
vn 0.3598 -0.3408 0.8686
vn 0.3598 -0.3408 0.8686
vn 0.47 0.3408 0.8142
vn 0.5 0 0.866
vn 0.3348 0.7427 0.5799
vn 0.47 0.3408 0.8142
vn 0.0085 0.9998 0.0147
vn -0.3278 0.7551 -0.5678
vn -0.4691 0.3459 -0.8126
vn -0.3278 0.7551 -0.5678
vn -0.5 0 -0.866
vn -0.4691 -0.3459 -0.8126
vn -0.3278 -0.7551 -0.5678
vn -0.4691 -0.3459 -0.8126
vn 0.0085 -0.9998 0.0147
vn 0.3348 -0.7427 0.5799
vn 0.47 -0.3408 0.8142
vn 0.47 -0.3408 0.8142
vn 0.5723 0.3408 0.7458
vn 0.6088 0 0.7933
vn 0.4076 0.7427 0.5313
vn 0.5723 0.3408 0.7458
vn 0.0103 0.9998 0.0134
vn -0.3991 0.7551 -0.5201
vn -0.5712 0.3459 -0.7444
vn -0.6088 0 -0.7933
vn -0.5712 0.3459 -0.7444
vn -0.5712 -0.3459 -0.7444
vn -0.3991 -0.7551 -0.5201
vn -0.5712 -0.3459 -0.7444
vn 0.0103 -0.9998 0.0134
vn 0.4076 -0.7427 0.5313
vn 0.5723 -0.3408 0.7458
vn 0.5723 -0.3408 0.7458
vn 0.6648 0.3408 0.6648
vn 0.7071 0 0.7071
vn 0.4735 0.7427 0.4735
vn 0.6648 0.3408 0.6648
vn 0.012 0.9998 0.012
vn -0.4636 0.7551 -0.4636
vn -0.6634 0.3459 -0.6635
vn -0.7071 0 -0.7071
vn -0.6634 0.3459 -0.6635
vn -0.6635 -0.3459 -0.6634
vn -0.4636 -0.7551 -0.4636
vn -0.6635 -0.3459 -0.6634
vn 0.012 -0.9998 0.012
vn 0.4735 -0.7427 0.4735
vn 0.6648 -0.3408 0.6648
vn 0.6648 -0.3408 0.6648
vn 0.7458 0.3408 0.5723
vn 0.7933 0 0.6088
vn 0.5313 0.7427 0.4076
vn 0.7458 0.3408 0.5723
vn 0.0134 0.9998 0.0103
vn -0.5201 0.7551 -0.3991
vn -0.7444 0.3459 -0.5712
vn -0.7933 0 -0.6088
vn -0.7444 0.3459 -0.5712
vn -0.7444 -0.3459 -0.5712
vn -0.5201 -0.7551 -0.3991
vn -0.7444 -0.3459 -0.5712
vn 0.0135 -0.9998 0.0103
vn 0.5313 -0.7427 0.4076
vn 0.7458 -0.3408 0.5723
vn 0.7458 -0.3408 0.5723
vn 0.8142 0.3408 0.47
vn 0.866 0 0.5
vn 0.5799 0.7427 0.3348
vn 0.8142 0.3408 0.47
vn 0.0147 0.9998 0.0085
vn -0.5678 0.7551 -0.3278
vn -0.8126 0.3459 -0.4691
vn -0.866 0 -0.5
vn -0.8126 0.3459 -0.4691
vn -0.8126 -0.3459 -0.4691
vn -0.5678 -0.7551 -0.3278
vn -0.8126 -0.3459 -0.4691
vn 0.0147 -0.9998 0.0085
vn 0.5799 -0.7427 0.3348
vn 0.8142 -0.3408 0.47
vn 0.8142 -0.3408 0.47
vn 0.8686 0.3408 0.3598
vn 0.9239 0 0.3827
vn 0.866 0 0.5
vn 0.6187 0.7427 0.2562
vn 0.8686 0.3408 0.3598
vn 0.0157 0.9998 0.0065
vn -0.6057 0.7551 -0.2509
vn -0.8668 0.3459 -0.3591
vn -0.9239 0 -0.3827
vn -0.8668 0.3459 -0.3591
vn -0.8668 -0.3459 -0.3591
vn -0.6057 -0.7551 -0.2509
vn -0.8668 -0.3459 -0.3591
vn 0.0157 -0.9998 0.0065
vn 0.6187 -0.7427 0.2562
vn 0.8686 -0.3408 0.3598
vn 0.8686 -0.3408 0.3598
vn 0.9081 0.3408 0.2433
vn 0.9659 0 0.2588
vn 0.6468 0.7427 0.1733
vn 0.9081 0.3408 0.2433
vn 0.0164 0.9998 0.0044
vn -0.6333 0.7551 -0.1697
vn -0.9063 0.3459 -0.2428
vn -0.9239 0 -0.3827
vn -0.9659 0 -0.2588
vn -0.9063 0.3459 -0.2428
vn -0.9063 -0.3459 -0.2428
vn -0.6333 -0.7551 -0.1697
vn -0.9063 -0.3459 -0.2428
vn 0.0164 -0.9998 0.0044
vn 0.6468 -0.7427 0.1733
vn 0.9081 -0.3408 0.2433
vn 0.9081 -0.3408 0.2433
vn 0.9321 0.3408 0.1227
vn 0.9914 0 0.1305
vn 0.6639 0.7427 0.0874
vn 0.9321 0.3408 0.1227
vn 0.0168 0.9998 0.0022
vn -0.65 0.7551 -0.0855
vn -0.9302 0.3459 -0.1225
vn -0.9914 0 -0.1305
vn -0.9302 0.3459 -0.1225
vn -0.9302 -0.3458 -0.1225
vn -0.65 -0.7551 -0.0855
vn -0.9302 -0.3458 -0.1225
vn 0.0168 -0.9998 0.0022
vn 0.6639 -0.7426 0.0874
vn 0.9321 -0.3408 0.1227
vn 0.9321 -0.3408 0.1227
vn 0.9401 0.3408 0
vn -0.6556 0.7551 0
vn -0.9383 0.3459 0
vn -1 0 0
vn -0.9383 -0.3459 0
vn 0.016 0.9764 0.2153
vn 0.0668 0.943 0.3261
vn 0.0327 0.692 0.7211
vn -0.0081 0.9886 0.1505
vn -0.0713 0.7995 0.5964
vn -0.0213 0.9937 0.1094
vn -0.1492 0.8661 0.4769
vn -0.0294 0.9964 0.0797
vn -0.202 0.905 0.3743
vn -0.0345 0.9978 0.0561
vn -0.238 0.9283 0.2855
vn -0.0377 0.9986 0.0359
vn -0.2623 0.9426 0.2067
vn -0.0395 0.9991 0.0175
vn -0.2781 0.951 0.1345
vn -0.0401 0.9992 0
vn -0.2871 0.9556 0.0663
vn -0.2871 0.9556 -0.0663
vn -0.0395 0.9991 -0.0175
vn -0.2781 0.951 -0.1345
vn -0.0377 0.9986 -0.0359
vn -0.2623 0.9426 -0.2067
vn -0.0345 0.9978 -0.0561
vn -0.238 0.9283 -0.2855
vn -0.0294 0.9964 -0.0797
vn -0.202 0.905 -0.3743
vn -0.0213 0.9937 -0.1094
vn -0.1492 0.8661 -0.4769
vn -0.0081 0.9886 -0.1505
vn -0.0713 0.7995 -0.5964
vn 0.016 0.9764 -0.2153
vn 0.0327 0.692 -0.7211
vn 0.0668 0.943 -0.3261
vn 0.1147 0.8827 -0.4556
vn 0.0986 0.9708 -0.2184
vn 0.1476 0.9738 -0.1725
vn 0.1631 0.978 -0.1298
vn 0.1681 0.9126 -0.3727
vn 0.1703 0.981 -0.0932
vn 0.2062 0.9335 -0.2931
vn 0.1723 0.983 -0.063
vn 0.2311 0.947 -0.2231
vn 0.1716 0.9844 -0.0385
vn 0.2471 0.9555 -0.1608
vn 0.17 0.9853 -0.0183
vn 0.257 0.9608 -0.1043
vn 0.1692 0.9856 0
vn 0.2626 0.9635 -0.0515
vn 0.2626 0.9635 0.0515
vn 0.17 0.9853 0.0183
vn 0.257 0.9608 0.1043
vn 0.1716 0.9844 0.0385
vn 0.2471 0.9555 0.1608
vn 0.1723 0.983 0.0631
vn 0.2312 0.947 0.2231
vn 0.1703 0.981 0.0932
vn 0.2062 0.9335 0.2931
vn 0.1631 0.978 0.1298
vn 0.1681 0.9126 0.3727
vn 0.1476 0.9738 0.1725
vn 0.0986 0.9708 0.2184
vn 0.1147 0.8827 0.4556
vn 0.706 0.0239 0.7078
vn 0.5542 0.0197 0.8321
vn 0.5108 0.4193 0.7505
vn 0.1876 0.3502 0.9177
vn 0.139 0.6171 0.7745
vn 0.262 0.7088 0.6549
vn 0.1271 0.7248 0.6771
vn 0.2231 0.7957 0.563
vn -0.0195 0.0582 0.9981
vn -0.0152 0.2047 0.9787
vn 0.139 0.6171 0.7745
vn -0.0001 0.3912 0.9203
vn 0.1271 0.7248 0.6771
vn 0.3621 0.3929 0.8452
vn 0.3499 0.7626 0.5441
vn 0.2913 0.8395 0.4587
vn 0.5108 0.4193 0.7505
vn 0.4182 0.7972 0.4353
vn 0.341 0.8684 0.36
vn 0.6399 0.4367 0.6323
vn 0.4706 0.8192 0.3276
vn 0.3767 0.8873 0.2662
vn 0.7454 0.4478 0.4938
vn 0.5084 0.8326 0.2195
vn 0.4008 0.8991 0.1758
vn 0.8238 0.4546 0.3388
vn 0.5317 0.8397 0.1101
vn 0.415 0.9056 0.0874
vn 0.8719 0.4584 0.1722
vn 0.5396 0.8419 0
vn 0.4197 0.9077 0
vn 0.2644 0.9644 0
vn 0.5317 0.8397 -0.1101
vn 0.8719 0.4584 -0.1722
vn 0.415 0.9056 -0.0874
vn 0.5084 0.8326 -0.2195
vn 0.8238 0.4546 -0.3388
vn 0.4008 0.8991 -0.1758
vn 0.4706 0.8192 -0.3276
vn 0.7454 0.4478 -0.4938
vn 0.3767 0.8873 -0.2662
vn 0.4182 0.7972 -0.4353
vn 0.6399 0.4367 -0.6323
vn 0.341 0.8684 -0.36
vn 0.3499 0.7626 -0.5441
vn 0.5108 0.4193 -0.7505
vn 0.2913 0.8395 -0.4587
vn 0.262 0.7088 -0.6549
vn 0.3621 0.3929 -0.8452
vn 0.2231 0.7957 -0.563
vn 0.139 0.6171 -0.7745
vn 0.1876 0.3502 -0.9177
vn 0.1271 0.7248 -0.6771
vn 0.139 0.6171 -0.7745
vn -0.0152 0.2047 -0.9787
vn -0.0195 0.0582 -0.9981
vn 0.1271 0.7248 -0.6771
vn -0.0001 0.3912 -0.9203
vn -0.1906 0.2884 -0.9384
vn -0.1518 0.5243 -0.8379
vn -0.0001 0.3912 -0.9203
vn -0.2023 0.0827 -0.9758
vn -0.3579 0.3622 -0.8607
vn -0.2821 0.625 -0.7278
vn -0.1518 0.5243 -0.8379
vn -0.3872 0.1071 -0.9157
vn -0.5033 0.4216 -0.7542
vn -0.3579 0.3622 -0.8607
vn -0.2821 0.625 -0.7278
vn -0.3835 0.6958 -0.6072
vn -0.5562 0.1284 -0.821
vn -0.6239 0.4677 -0.626
vn -0.5033 0.4216 -0.7542
vn -0.4598 0.7447 -0.4837
vn -0.7031 0.1462 -0.6958
vn -0.7182 0.5018 -0.482
vn -0.6239 0.4677 -0.626
vn -0.515 0.7776 -0.3607
vn -0.8229 0.1602 -0.5451
vn -0.7856 0.5252 -0.327
vn -0.7182 0.5018 -0.482
vn -0.5522 0.7986 -0.2392
vn -0.9114 0.1702 -0.3746
vn -0.7856 0.5252 -0.327
vn -0.826 0.5389 -0.165
vn -0.7856 0.5252 -0.327
vn -0.5737 0.8103 -0.1191
vn -0.9657 0.1763 -0.1906
vn -0.8395 0.5434 0
vn -0.826 0.5389 -0.165
vn -0.5808 0.8141 0
vn -0.2901 0.957 0
vn -0.826 0.5389 0.1651
vn -0.9657 0.1763 0.1906
vn -0.5737 0.8103 0.1191
vn -0.826 0.5389 0.1651
vn -0.7856 0.5252 0.327
vn -0.9114 0.1702 0.3746
vn -0.5522 0.7986 0.2392
vn -0.7856 0.5252 0.327
vn -0.7182 0.5018 0.482
vn -0.8229 0.1602 0.5451
vn -0.515 0.7776 0.3607
vn -0.7182 0.5018 0.482
vn -0.6239 0.4677 0.626
vn -0.7031 0.1462 0.6958
vn -0.4598 0.7447 0.4837
vn -0.6239 0.4677 0.626
vn -0.5033 0.4216 0.7542
vn -0.5562 0.1284 0.821
vn -0.3835 0.6958 0.6072
vn -0.5033 0.4216 0.7542
vn -0.3579 0.3622 0.8607
vn -0.3872 0.1071 0.9157
vn -0.2821 0.625 0.7278
vn -0.3579 0.3622 0.8607
vn -0.3579 0.3622 0.8607
vn -0.1906 0.2884 0.9384
vn -0.2023 0.0827 0.9758
vn -0.1518 0.5243 0.8379
vn -0.1906 0.2884 0.9384
vn -0.1518 0.5243 0.8379
vn -0.0001 0.3912 0.9203
vn 0.3766 0.1418 0.9155
vn 0.3771 0.0748 0.9232
vn 0.5492 0.0993 0.8298
vn 0.9995 0.0321 0
vn 0.9802 0.0315 0.1953
vn 0.8719 0.4584 0.1722
vn 0.8306 0.0274 -0.5562
vn 0.7454 0.4478 -0.4938
vn 0.6399 0.4367 -0.6323
vn -0.0125 0.0081 -0.9999
vn 0.1797 0.0092 -0.9837
vn 0.1876 0.3502 -0.9177
vn -0.5545 0.0207 -0.8319
vn -0.7062 0.0242 0.7076
vn -0.8307 0.027 0.556
vn -0.9803 0.0305 -0.1953
vn -0.9839 0.1784 0
vn -0.0125 0.0081 0.9999
vn 0.1876 0.3502 0.9177
vn 0.8306 0.0274 0.5562
vn 0.6399 0.4367 0.6323
vn 0.8881 0.4596 0
vn 0.8719 0.4584 -0.1722
vn 0.706 0.0239 -0.7078
vn 0.5108 0.4193 -0.7505
vn -0.9803 0.0305 0.1953
vn -0.9995 0.0309 0
vn -0.7062 0.0242 -0.7076
vn -0.5545 0.0207 0.8319
vn 0.3811 0.0148 0.9244
vn 0.1797 0.0092 0.9837
vn 0.9232 0.0299 0.3831
vn 0.7454 0.4478 0.4938
vn 0.9802 0.0315 -0.1953
vn 0.8238 0.4546 -0.3388
vn 0.5542 0.0197 -0.8321
vn 0.3621 0.3929 -0.8452
vn -0.3814 0.0167 0.9242
vn -0.1937 0.0123 -0.981
vn -0.9233 0.0292 0.383
vn -0.8307 0.027 -0.556
vn -0.9114 0.1702 -0.3746
vn 0.3621 0.3929 0.8452
vn 0.9232 0.0299 0.3831
vn 0.8238 0.4546 0.3388
vn 0.9232 0.0299 -0.3831
vn 0.3811 0.0148 -0.9244
vn 0.3621 0.3929 -0.8452
vn -0.9232 0.0292 -0.383
vn -0.1937 0.0123 0.981
vn -0.3814 0.0167 0.9242
vn -0.3872 0.1071 0.9157
vn -0.3814 0.0167 -0.9242
vn 0.371 0.2011 0.9066
vn 0.5439 0.1867 0.818
vn 0.8869 0.2785 0.3684
vn 0.9125 0.1508 0.3801
vn 0.9681 0.1586 0.1936
vn 0.8029 0.2561 -0.5382
vn 0.8869 0.2785 -0.3684
vn 0.9125 0.1508 -0.3801
vn 0.1781 0.0884 -0.98
vn 0.3766 0.1418 -0.9155
vn 0.3771 0.0748 -0.9232
vn -0.89 0.2669 -0.3695
vn -0.9135 0.1445 -0.3801
vn -0.9694 0.1509 -0.1936
vn -0.8047 0.2486 0.5391
vn -0.89 0.2669 0.3695
vn -0.9135 0.1445 0.3801
vn -0.1917 0.1165 0.9745
vn -0.3761 0.1564 0.9133
vn -0.3777 0.083 0.9222
vn -0.3761 0.1564 -0.9133
vn -0.3777 0.083 -0.9222
vn -0.5496 0.1028 -0.829
vn 0.1781 0.0884 0.98
vn 0.1756 0.046 0.9834
vn 0.8029 0.2561 0.5383
vn 0.8219 0.138 0.5527
vn 0.9125 0.1508 0.3801
vn 0.9379 0.2922 -0.1871
vn 0.9681 0.1586 -0.1936
vn 0.3766 0.1418 -0.9155
vn 0.544 0.1867 -0.818
vn 0.5492 0.0993 -0.8298
vn -0.1917 0.1165 -0.9745
vn -0.1906 0.0615 -0.9797
vn -0.8047 0.2486 -0.5391
vn -0.8226 0.1341 -0.5525
vn -0.9135 0.1445 -0.3801
vn -0.942 0.278 0.1878
vn -0.9694 0.1509 0.1937
vn -0.3761 0.1564 0.9133
vn -0.5437 0.1925 0.8169
vn -0.5496 0.1028 0.829
vn -0.0118 0.0776 0.9969
vn -0.0099 0.0407 0.9991
vn 0.6876 0.2252 0.6902
vn 0.6993 0.1206 0.7046
vn 0.955 0.2967 0
vn 0.9869 0.1613 0
vn 0.6876 0.2252 -0.6902
vn 0.6993 0.1206 -0.7046
vn -0.0118 0.0776 -0.9969
vn -0.0099 0.0407 -0.9991
vn -0.6881 0.2236 -0.6903
vn -0.6998 0.1201 -0.7041
vn -0.9595 0.2817 0
vn -0.9882 0.1531 0
vn -0.6881 0.2236 0.6903
vn -0.6998 0.1201 0.7041
vn 0.9379 0.2922 0.1871
vn 0.8219 0.138 -0.5527
vn 0.1756 0.046 -0.9834
vn -0.8226 0.1341 0.5525
vn -0.1906 0.0615 0.9797
vn -0.5437 0.1925 -0.8169
vn -0.942 0.278 -0.1878
vn 0.3893 0.1331 0.9114
vn 0.5329 0.2633 0.8042
vn 0.852 0.3851 0.3546
vn 0.7757 0.3561 -0.5211
vn 0.852 0.3851 -0.3546
vn 0.1752 0.1252 -0.9765
vn 0.371 0.2011 -0.9066
vn -0.7789 0.3463 0.5228
vn -0.8578 0.37 0.3567
vn -0.1887 0.1658 0.9679
vn -0.3699 0.2216 0.9022
vn -0.3699 0.2216 -0.9022
vn -0.8578 0.37 -0.3567
vn 0.1752 0.1252 0.9765
vn 0.7757 0.3561 0.5211
vn 0.8869 0.2785 0.3684
vn 0.8977 0.4024 -0.1794
vn 0.371 0.2011 -0.9066
vn 0.5329 0.2633 -0.8042
vn -0.7789 0.3463 -0.5228
vn -0.89 0.2669 -0.3695
vn -0.9053 0.3843 0.1807
vn -0.3699 0.2216 0.9022
vn -0.5322 0.2713 0.802
vn -0.1887 0.1658 -0.9679
vn -0.0103 0.1107 0.9938
vn 0.6688 0.3153 0.6732
vn 0.9129 0.4081 0
vn 0.6688 0.3153 -0.6732
vn -0.0103 0.1107 -0.9938
vn -0.6697 0.3132 -0.6733
vn -0.9212 0.389 0
vn -0.6697 0.3132 0.6733
vn 0.8977 0.4024 0.1794
vn -0.5322 0.2713 -0.802
vn -0.9053 0.3843 -0.1807
vn 0.2814 -0.6805 0.6765
vn 0.5553 0.1703 0.814
vn 0.8979 0.242 0.3677
vn 0.852 0.3851 0.3546
vn 0.8977 0.4024 0.1794
vn 0.8134 0.225 -0.5364
vn 0.8979 0.242 -0.3676
vn 0.1944 0.088 -0.977
vn 0.3893 0.1331 -0.9114
vn -0.2034 0.1096 0.9729
vn -0.3869 0.1438 0.9109
vn -0.3869 0.1438 -0.9109
vn -0.8997 0.2326 -0.3692
vn -0.8578 0.37 -0.3567
vn -0.9053 0.3843 -0.1807
vn -0.814 0.2185 0.5381
vn -0.8997 0.2326 0.3692
vn 0.1944 0.088 0.977
vn 0.8134 0.225 0.5364
vn 0.7757 0.3561 0.5211
vn 0.9495 0.2522 -0.1868
vn 0.3893 0.1331 -0.9114
vn 0.5553 0.1703 -0.814
vn -0.9521 0.2411 0.1877
vn -0.3869 0.1438 0.9109
vn -0.5535 0.1738 0.8145
vn -0.2034 0.1096 -0.9729
vn -0.814 0.2185 -0.5381
vn -0.7789 0.3463 -0.5228
vn -0.0224 0.0747 0.9969
vn 0.6981 0.2011 0.6872
vn 0.9668 0.2555 0
vn 0.6981 0.2011 -0.6872
vn -0.6974 0.1989 -0.6885
vn -0.9698 0.2439 0
vn -0.6974 0.1989 0.6885
vn -0.0224 0.0747 -0.9969
vn 0.9495 0.2522 0.1868
vn -0.5535 0.1738 -0.8145
vn -0.9521 0.2411 -0.1877
vn -0.0109 -0.6857 -0.7278
vn -0.2815 -0.6799 0.6771
vn -0.0109 -0.6857 0.7278
vn 0.6816 -0.6753 0.2818
vn 0.8979 0.242 0.3677
vn 0.6129 -0.6762 -0.4087
vn 0.6816 -0.6753 -0.2818
vn 0.1344 -0.6796 -0.7211
vn 0.2814 -0.6805 -0.6765
vn -0.2815 -0.6799 -0.6771
vn -0.6813 -0.6755 -0.2818
vn -0.8997 0.2326 -0.3692
vn -0.6128 -0.6763 0.4088
vn -0.6813 -0.6755 0.2818
vn -0.1437 -0.6814 0.7176
vn -0.2815 -0.6799 0.6771
vn 0.1344 -0.6796 0.7211
vn 0.6129 -0.6762 0.4087
vn 0.8134 0.225 0.5364
vn 0.8979 0.242 0.3677
vn 0.7239 -0.6747 -0.1437
vn 0.2814 -0.6805 -0.6765
vn 0.4088 -0.6788 -0.61
vn -0.2815 -0.6799 0.6771
vn -0.4088 -0.6785 0.6103
vn -0.1437 -0.6814 -0.7176
vn -0.6128 -0.6763 -0.4088
vn -0.814 0.2185 -0.5381
vn -0.8997 0.2326 -0.3692
vn -0.7236 -0.6751 0.1437
vn -0.0109 -0.6857 0.7278
vn 0.5208 -0.6774 0.5195
vn 0.7382 -0.6746 0
vn 0.5208 -0.6774 -0.5195
vn -0.7379 -0.6749 0
vn -0.5207 -0.6773 0.5197
vn -0.0109 -0.6857 -0.7278
vn -0.5207 -0.6773 -0.5197
vn 0.4088 -0.6788 0.61
vn 0.7239 -0.6747 0.1437
vn -0.4088 -0.6785 -0.6103
vn -0.7236 -0.6751 -0.1437
vn -0.3777 0.083 0.9222
vn -0.9232 0.0292 -0.383
vn 0.3771 0.0748 -0.9232
vn 0.6696 0.7427 0
vn 0.8142 0.3408 -0.47
vn -0.6634 0.3459 0.6634
vn -0.3827 0 0.9239
vn 0.3598 -0.3408 -0.8686
vn 0.7476 -0.5047 0.4316
vn -0.8025 -0.4954 -0.3324
vn -0.3324 0.4954 0.8025
vn 0.3303 0.5047 -0.7975
vn 0.3304 -0.5047 -0.7975
vn -0.3324 -0.4954 0.8025
vn -0.0835 0.756 -0.6492
vn -0.4691 0.3459 -0.8126
vn 0.8142 0.3408 0.47
vn 0.8142 -0.3408 0.47
vn -0.8668 0.3459 -0.3591
vn -0.8668 -0.3459 -0.3591
vn 0.8881 0.4596 0
vn -0.8395 0.5434 0
vn 0.8238 0.4546 0.3388
vn 0.3811 0.0148 -0.9244
vn 0.852 0.3851 0.3546
vn -0.8578 0.37 -0.3567
vn 0.9495 0.2522 0.1868
vn -0.9521 0.2411 -0.1877
vn 0.1344 -0.6796 0.7211
vn 0.2814 -0.6805 0.6765
vn 0.4088 -0.6788 0.61
vn 0.7382 -0.6746 0
vn 0.5208 -0.6774 0.5195
vn 0.6129 -0.6762 0.4087
vn 0.6816 -0.6753 0.2818
vn 0.7239 -0.6747 0.1437
vn 0.7239 -0.6747 -0.1437
vn 0.6816 -0.6753 -0.2818
vn 0.6129 -0.6762 -0.4087
vn 0.1344 -0.6796 -0.7211
vn 0.5208 -0.6774 -0.5195
vn 0.4088 -0.6788 -0.61
vn 0.2814 -0.6805 -0.6765
vn -0.1437 -0.6814 -0.7176
vn -0.6128 -0.6763 -0.4088
vn -0.2815 -0.6799 -0.6771
vn -0.4088 -0.6785 -0.6103
vn -0.5207 -0.6773 -0.5197
vn -0.6813 -0.6755 -0.2818
vn -0.7236 -0.6751 -0.1437
vn -0.7379 -0.6749 0
vn -0.7236 -0.6751 0.1437
vn -0.6813 -0.6755 0.2818
vn -0.6128 -0.6763 0.4088
vn -0.5207 -0.6773 0.5197
vn -0.4088 -0.6785 0.6103
vn -0.1437 -0.6814 0.7176
vn 0.6816 -0.6753 0.2818
vn -0.6813 -0.6755 -0.2818
f 10/10/10 9/9/9 8/8/8
f 3/3/3 2/2/2 1/1/1
f 2/2/2 12/12/12 11/11/11
f 3/3/3 106/106/106 105/105/105
f 3/3/3 137/137/137 106/106/106
f 106/106/106 100/100/100 109/109/109
f 101/101/101 100/100/100 99/99/99
f 6/6/6 5/5/5 4/4/4
f 6/6/6 7/7/7 5/5/5
f 6/6/6 17/17/17 16/16/16
f 6/6/6 18/18/18 17/17/17
f 6/6/6 19/19/19 18/18/18
f 27/27/27 26/26/26 6/6/6
f 108/108/108 107/107/107 26/26/26
f 108/108/108 120/120/120 119/119/119
f 108/108/108 125/125/125 124/124/124
f 15/15/15 14/14/14 13/13/13
f 22/22/22 21/21/21 20/20/20
f 25/25/25 24/24/24 23/23/23
f 38/38/38 37/37/37 24/24/24
f 46/46/46 37/37/37 45/45/45
f 51/51/51 50/50/50 46/46/46
f 56/56/56 50/50/50 55/55/55
f 30/30/30 29/29/29 28/28/28
f 33/33/33 32/32/32 31/31/31
f 36/36/36 35/35/35 34/34/34
f 41/41/41 40/40/40 39/39/39
f 44/44/44 43/43/43 42/42/42
f 49/49/49 48/48/48 47/47/47
f 58/58/58 57/57/57 48/48/48
f 63/63/63 57/57/57 62/62/62
f 54/54/54 53/53/53 52/52/52
f 61/61/61 60/60/60 59/59/59
f 65/65/65 64/64/64 60/60/60
f 70/70/70 64/64/64 69/69/69
f 70/70/70 71/71/71 64/64/64
f 68/68/68 67/67/67 66/66/66
f 74/74/74 73/73/73 72/72/72
f 77/77/77 76/76/76 75/75/75
f 78/78/78 76/76/76 77/77/77
f 79/79/79 76/76/76 78/78/78
f 79/79/79 80/80/80 76/76/76
f 81/81/81 80/80/80 79/79/79
f 86/86/86 85/85/85 81/81/81
f 86/86/86 87/87/87 85/85/85
f 88/88/88 87/87/87 86/86/86
f 93/93/93 92/92/92 87/87/87
f 94/94/94 92/92/92 93/93/93
f 84/84/84 83/83/83 82/82/82
f 91/91/91 90/90/90 89/89/89
f 97/97/97 96/96/96 95/95/95
f 97/97/97 98/98/98 96/96/96
f 104/104/104 103/103/103 102/102/102
f 112/112/112 111/111/111 110/110/110
f 115/115/115 114/114/114 113/113/113
f 115/115/115 127/127/127 126/126/126
f 118/118/118 117/117/117 116/116/116
f 123/123/123 122/122/122 121/121/121
f 130/130/130 129/129/129 128/128/128
f 133/133/133 132/132/132 131/131/131
f 136/136/136 135/135/135 134/134/134
f 140/140/140 139/139/139 138/138/138
f 143/143/143 142/142/142 141/141/141
f 146/146/146 145/145/145 144/144/144
f 146/146/146 147/147/147 145/145/145
f 150/150/150 149/149/149 148/148/148
f 153/153/153 152/152/152 151/151/151
f 156/156/156 155/155/155 154/154/154
f 161/161/161 160/160/160 155/155/155
f 162/162/162 160/160/160 161/161/161
f 159/159/159 158/158/158 157/157/157
f 165/165/165 164/164/164 163/163/163
f 168/168/168 167/167/167 166/166/166
f 171/171/171 170/170/170 169/169/169
f 172/172/172 170/170/170 171/171/171
f 172/172/172 173/173/173 170/170/170
f 178/178/178 177/177/177 173/173/173
f 178/178/178 179/179/179 177/177/177
f 180/180/180 179/179/179 178/178/178
f 185/185/185 184/184/184 180/180/180
f 185/185/185 191/191/191 190/190/190
f 185/185/185 196/196/196 195/195/195
f 185/185/185 197/197/197 196/196/196
f 185/185/185 201/201/201 200/200/200
f 185/185/185 202/202/202 201/201/201
f 176/176/176 175/175/175 174/174/174
f 183/183/183 182/182/182 181/181/181
f 188/188/188 187/187/187 186/186/186
f 188/188/188 189/189/189 187/187/187
f 188/188/188 199/199/199 198/198/198
f 188/188/188 207/207/207 206/206/206
f 188/188/188 208/208/208 207/207/207
f 194/194/194 193/193/193 192/192/192
f 205/205/205 204/204/204 203/203/203
f 211/211/211 210/210/210 209/209/209
f 214/214/214 213/213/213 212/212/212
f 217/217/217 216/216/216 215/215/215
f 220/220/220 219/219/219 218/218/218
f 223/223/223 222/222/222 221/221/221
f 226/226/226 225/225/225 224/224/224
f 229/229/229 228/228/228 227/227/227
f 232/232/232 231/231/231 230/230/230
f 235/235/235 234/234/234 233/233/233
f 238/238/238 237/237/237 236/236/236
f 241/241/241 240/240/240 239/239/239
f 244/244/244 243/243/243 242/242/242
f 247/247/247 246/246/246 245/245/245
f 247/247/247 248/248/248 246/246/246
f 251/251/251 250/250/250 249/249/249
f 254/254/254 253/253/253 252/252/252
f 257/257/257 256/256/256 255/255/255
f 260/260/260 259/259/259 258/258/258
f 263/263/263 262/262/262 261/261/261
f 266/266/266 265/265/265 264/264/264
f 269/269/269 268/268/268 267/267/267
f 272/272/272 271/271/271 270/270/270
f 275/275/275 274/274/274 273/273/273
f 278/278/278 277/277/277 276/276/276
f 281/281/281 280/280/280 279/279/279
f 284/284/284 283/283/283 282/282/282
f 287/287/287 286/286/286 285/285/285
f 290/290/290 289/289/289 288/288/288
f 293/293/293 292/292/292 291/291/291
f 296/296/296 295/295/295 294/294/294
f 299/299/299 298/298/298 297/297/297
f 302/302/302 301/301/301 300/300/300
f 305/305/305 304/304/304 303/303/303
f 308/308/308 307/307/307 306/306/306
f 311/311/311 310/310/310 309/309/309
f 314/314/314 313/313/313 312/312/312
f 317/317/317 316/316/316 315/315/315
f 320/320/320 319/319/319 318/318/318
f 323/323/323 322/322/322 321/321/321
f 326/326/326 325/325/325 324/324/324
f 329/329/329 328/328/328 327/327/327
f 332/332/332 331/331/331 330/330/330
f 335/335/335 334/334/334 333/333/333
f 338/338/338 337/337/337 336/336/336
f 341/341/341 340/340/340 339/339/339
f 344/344/344 343/343/343 342/342/342
f 347/347/347 346/346/346 345/345/345
f 350/350/350 349/349/349 348/348/348
f 353/353/353 352/352/352 351/351/351
f 356/356/356 355/355/355 354/354/354
f 359/359/359 358/358/358 357/357/357
f 362/362/362 361/361/361 360/360/360
f 365/365/365 364/364/364 363/363/363
f 368/368/368 367/367/367 366/366/366
f 371/371/371 370/370/370 369/369/369
f 374/374/374 373/373/373 372/372/372
f 377/377/377 376/376/376 375/375/375
f 380/380/380 379/379/379 378/378/378
f 383/383/383 382/382/382 381/381/381
f 386/386/386 385/385/385 384/384/384
f 389/389/389 388/388/388 387/387/387
f 392/392/392 391/391/391 390/390/390
f 395/395/395 394/394/394 393/393/393
f 398/398/398 397/397/397 396/396/396
f 401/401/401 400/400/400 399/399/399
f 404/404/404 403/403/403 402/402/402
f 407/407/407 406/406/406 405/405/405
f 410/410/410 409/409/409 408/408/408
f 413/413/413 412/412/412 411/411/411
f 416/416/416 415/415/415 414/414/414
f 419/419/419 418/418/418 417/417/417
f 422/422/422 421/421/421 420/420/420
f 425/425/425 424/424/424 423/423/423
f 428/428/428 427/427/427 426/426/426
f 431/431/431 430/430/430 429/429/429
f 434/434/434 433/433/433 432/432/432
f 437/437/437 436/436/436 435/435/435
f 440/440/440 439/439/439 438/438/438
f 443/443/443 442/442/442 441/441/441
f 446/446/446 445/445/445 444/444/444
f 449/449/449 448/448/448 447/447/447
f 452/452/452 451/451/451 450/450/450
f 455/455/455 454/454/454 453/453/453
f 458/458/458 457/457/457 456/456/456
f 461/461/461 460/460/460 459/459/459
f 461/461/461 462/462/462 460/460/460
f 465/465/465 464/464/464 463/463/463
f 468/468/468 467/467/467 466/466/466
f 471/471/471 470/470/470 469/469/469
f 474/474/474 473/473/473 472/472/472
f 477/477/477 476/476/476 475/475/475
f 480/480/480 479/479/479 478/478/478
f 483/483/483 482/482/482 481/481/481
f 488/488/488 482/482/482 487/487/487
f 486/486/486 485/485/485 484/484/484
f 491/491/491 490/490/490 489/489/489
f 494/494/494 493/493/493 492/492/492
f 497/497/497 496/496/496 495/495/495
f 500/500/500 499/499/499 498/498/498
f 503/503/503 502/502/502 501/501/501
f 506/506/506 505/505/505 504/504/504
f 509/509/509 508/508/508 507/507/507
f 512/512/512 511/511/511 510/510/510
f 515/515/515 514/514/514 513/513/513
f 518/518/518 517/517/517 516/516/516
f 521/521/521 520/520/520 519/519/519
f 524/524/524 523/523/523 522/522/522
f 527/527/527 526/526/526 525/525/525
f 530/530/530 529/529/529 528/528/528
f 533/533/533 532/532/532 531/531/531
f 536/536/536 535/535/535 534/534/534
f 539/539/539 538/538/538 537/537/537
f 542/542/542 541/541/541 540/540/540
f 545/545/545 544/544/544 543/543/543
f 548/548/548 547/547/547 546/546/546
f 551/551/551 550/550/550 549/549/549
f 554/554/554 553/553/553 552/552/552
f 557/557/557 556/556/556 555/555/555
f 560/560/560 559/559/559 558/558/558
f 563/563/563 562/562/562 561/561/561
f 566/566/566 565/565/565 564/564/564
f 569/569/569 568/568/568 567/567/567
f 572/572/572 571/571/571 570/570/570
f 572/572/572 573/573/573 571/571/571
f 576/576/576 575/575/575 574/574/574
f 579/579/579 578/578/578 577/577/577
f 582/582/582 581/581/581 580/580/580
f 585/585/585 584/584/584 583/583/583
f 588/588/588 587/587/587 586/586/586
f 591/591/591 590/590/590 589/589/589
f 594/594/594 593/593/593 592/592/592
f 597/597/597 596/596/596 595/595/595
f 600/600/600 599/599/599 598/598/598
f 603/603/603 602/602/602 601/601/601
f 606/606/606 605/605/605 604/604/604
f 609/609/609 608/608/608 607/607/607
f 612/612/612 611/611/611 610/610/610
f 610/610/610 611/611/611 613/613/613
f 610/610/610 613/613/613 614/614/614
f 610/610/610 622/622/622 621/621/621
f 610/610/610 621/621/621 623/623/623
f 610/610/610 623/623/623 624/624/624
f 612/612/612 717/717/717 745/745/745
f 612/612/612 718/718/718 717/717/717
f 717/717/717 718/718/718 719/719/719
f 717/717/717 719/719/719 720/720/720
f 717/717/717 731/731/731 730/730/730
f 717/717/717 735/735/735 734/734/734
f 717/717/717 724/724/724 726/726/726
f 717/717/717 725/725/725 724/724/724
f 617/617/617 616/616/616 615/615/615
f 635/635/635 617/617/617 634/634/634
f 620/620/620 619/619/619 618/618/618
f 627/627/627 626/626/626 625/625/625
f 630/630/630 629/629/629 628/628/628
f 633/633/633 632/632/632 631/631/631
f 640/640/640 639/639/639 631/631/631
f 645/645/645 631/631/631 644/644/644
f 653/653/653 652/652/652 644/644/644
f 653/653/653 644/644/644 654/654/654
f 665/665/665 654/654/654 664/664/664
f 638/638/638 637/637/637 636/636/636
f 643/643/643 642/642/642 641/641/641
f 648/648/648 647/647/647 646/646/646
f 651/651/651 650/650/650 649/649/649
f 657/657/657 656/656/656 655/655/655
f 660/660/660 659/659/659 658/658/658
f 663/663/663 662/662/662 661/661/661
f 668/668/668 667/667/667 666/666/666
f 669/669/669 668/668/668 666/666/666
f 669/669/669 666/666/666 670/670/670
f 671/671/671 669/669/669 670/670/670
f 674/674/674 673/673/673 672/672/672
f 677/677/677 676/676/676 675/675/675
f 682/682/682 675/675/675 681/681/681
f 683/683/683 682/682/682 681/681/681
f 688/688/688 681/681/681 687/687/687
f 680/680/680 679/679/679 678/678/678
f 686/686/686 685/685/685 684/684/684
f 690/690/690 686/686/686 689/689/689
f 690/690/690 689/689/689 691/691/691
f 694/694/694 693/693/693 692/692/692
f 694/694/694 692/692/692 695/695/695
f 696/696/696 694/694/694 695/695/695
f 701/701/701 695/695/695 700/700/700
f 699/699/699 698/698/698 697/697/697
f 704/704/704 703/703/703 702/702/702
f 707/707/707 706/706/706 705/705/705
f 710/710/710 709/709/709 708/708/708
f 713/713/713 712/712/712 711/711/711
f 716/716/716 715/715/715 714/714/714
f 723/723/723 722/722/722 721/721/721
f 729/729/729 728/728/728 727/727/727
f 729/729/729 733/733/733 732/732/732
f 738/738/738 737/737/737 736/736/736
f 741/741/741 740/740/740 739/739/739
f 747/747/747 739/739/739 746/746/746
f 744/744/744 743/743/743 742/742/742
f 750/750/750 749/749/749 748/748/748
f 753/753/753 752/752/752 751/751/751
f 756/756/756 755/755/755 754/754/754
f 764/764/764 754/754/754 763/763/763
f 765/765/765 764/764/764 763/763/763
f 765/765/765 763/763/763 766/766/766
f 767/767/767 765/765/765 766/766/766
f 767/767/767 766/766/766 768/768/768
f 769/769/769 767/767/767 768/768/768
f 769/769/769 768/768/768 770/770/770
f 771/771/771 769/769/769 770/770/770
f 759/759/759 758/758/758 757/757/757
f 762/762/762 761/761/761 760/760/760
f 774/774/774 773/773/773 772/772/772
f 777/777/777 776/776/776 775/775/775
f 780/780/780 779/779/779 778/778/778
f 785/785/785 780/780/780 784/784/784
f 785/785/785 784/784/784 786/786/786
f 787/787/787 785/785/785 786/786/786
f 787/787/787 786/786/786 788/788/788
f 787/787/787 788/788/788 789/789/789
f 787/787/787 809/809/809 808/808/808
f 787/787/787 794/794/794 793/793/793
f 787/787/787 801/801/801 800/800/800
f 787/787/787 800/800/800 802/802/802
f 787/787/787 802/802/802 803/803/803
f 787/787/787 803/803/803 804/804/804
f 783/783/783 782/782/782 781/781/781
f 792/792/792 791/791/791 790/790/790
f 792/792/792 796/796/796 795/795/795
f 799/799/799 798/798/798 797/797/797
f 807/807/807 806/806/806 805/805/805
f 812/812/812 811/811/811 810/810/810
f 815/815/815 814/814/814 813/813/813
f 818/818/818 817/817/817 816/816/816
f 821/821/821 820/820/820 819/819/819
f 824/824/824 823/823/823 822/822/822
f 827/827/827 826/826/826 825/825/825
f 830/830/830 829/829/829 828/828/828
f 833/833/833 832/832/832 831/831/831
f 836/836/836 835/835/835 834/834/834
f 839/839/839 838/838/838 837/837/837
f 842/842/842 841/841/841 840/840/840
f 845/845/845 844/844/844 843/843/843
f 848/848/848 847/847/847 846/846/846
f 851/851/851 850/850/850 849/849/849
f 854/854/854 853/853/853 852/852/852
f 857/857/857 856/856/856 855/855/855
f 860/860/860 859/859/859 858/858/858
f 863/863/863 862/862/862 861/861/861
f 866/866/866 865/865/865 864/864/864
f 869/869/869 868/868/868 867/867/867
f 872/872/872 871/871/871 870/870/870
f 875/875/875 874/874/874 873/873/873
f 878/878/878 877/877/877 876/876/876
f 881/881/881 880/880/880 879/879/879
f 884/884/884 883/883/883 882/882/882
f 887/887/887 886/886/886 885/885/885
f 890/890/890 889/889/889 888/888/888
f 893/893/893 892/892/892 891/891/891
f 896/896/896 895/895/895 894/894/894
f 899/899/899 898/898/898 897/897/897
f 902/902/902 901/901/901 900/900/900
f 905/905/905 904/904/904 903/903/903
f 908/908/908 907/907/907 906/906/906
f 911/911/911 910/910/910 909/909/909
f 914/914/914 913/913/913 912/912/912
f 917/917/917 916/916/916 915/915/915
f 920/920/920 919/919/919 918/918/918
f 923/923/923 922/922/922 921/921/921
f 926/926/926 925/925/925 924/924/924
f 929/929/929 928/928/928 927/927/927
f 932/932/932 931/931/931 930/930/930
f 935/935/935 934/934/934 933/933/933
f 940/940/940 939/939/939 933/933/933
f 938/938/938 937/937/937 936/936/936
f 943/943/943 942/942/942 941/941/941
f 946/946/946 945/945/945 944/944/944
f 949/949/949 948/948/948 947/947/947
f 952/952/952 951/951/951 950/950/950
f 955/955/955 954/954/954 953/953/953
f 958/958/958 957/957/957 956/956/956
f 961/961/961 960/960/960 959/959/959
f 964/964/964 963/963/963 962/962/962
f 967/967/967 966/966/966 965/965/965
f 970/970/970 969/969/969 968/968/968
f 973/973/973 972/972/972 971/971/971
f 976/976/976 975/975/975 974/974/974
f 979/979/979 978/978/978 977/977/977
f 982/982/982 981/981/981 980/980/980
f 985/985/985 984/984/984 983/983/983
f 988/988/988 987/987/987 986/986/986
f 991/991/991 990/990/990 989/989/989
f 994/994/994 993/993/993 992/992/992
f 997/997/997 996/996/996 995/995/995
f 1000/1000/1000 999/999/999 998/998/998
f 1003/1003/1003 1002/1002/1002 1001/1001/1001
f 1006/1006/1006 1005/1005/1005 1004/1004/1004
f 1009/1009/1009 1008/1008/1008 1007/1007/1007
f 1012/1012/1012 1011/1011/1011 1010/1010/1010
f 1015/1015/1015 1014/1014/1014 1013/1013/1013
f 1018/1018/1018 1017/1017/1017 1016/1016/1016
f 1021/1021/1021 1020/1020/1020 1019/1019/1019
f 1021/1021/1021 1019/1019/1019 1022/1022/1022
f 1025/1025/1025 1024/1024/1024 1023/1023/1023
f 1028/1028/1028 1027/1027/1027 1026/1026/1026
f 1031/1031/1031 1030/1030/1030 1029/1029/1029
f 1034/1034/1034 1033/1033/1033 1032/1032/1032
f 1037/1037/1037 1036/1036/1036 1035/1035/1035
f 1040/1040/1040 1039/1039/1039 1038/1038/1038
f 1043/1043/1043 1042/1042/1042 1041/1041/1041
f 1046/1046/1046 1045/1045/1045 1044/1044/1044
f 1049/1049/1049 1048/1048/1048 1047/1047/1047
f 1052/1052/1052 1051/1051/1051 1050/1050/1050
f 1055/1055/1055 1054/1054/1054 1053/1053/1053
f 1058/1058/1058 1057/1057/1057 1056/1056/1056
f 1061/1061/1061 1060/1060/1060 1059/1059/1059
f 1064/1064/1064 1063/1063/1063 1062/1062/1062
f 1065/1065/1065 1064/1064/1064 1062/1062/1062
f 1068/1068/1068 1067/1067/1067 1066/1066/1066
f 1071/1071/1071 1070/1070/1070 1069/1069/1069
f 1074/1074/1074 1073/1073/1073 1072/1072/1072
f 1077/1077/1077 1076/1076/1076 1075/1075/1075
f 1080/1080/1080 1079/1079/1079 1078/1078/1078
f 1083/1083/1083 1082/1082/1082 1081/1081/1081
f 1086/1086/1086 1085/1085/1085 1084/1084/1084
f 1089/1089/1089 1088/1088/1088 1087/1087/1087
f 1092/1092/1092 1091/1091/1091 1090/1090/1090
f 1095/1095/1095 1094/1094/1094 1093/1093/1093
f 1098/1098/1098 1097/1097/1097 1096/1096/1096
f 1101/1101/1101 1100/1100/1100 1099/1099/1099
f 1104/1104/1104 1103/1103/1103 1102/1102/1102
f 1107/1107/1107 1106/1106/1106 1105/1105/1105
f 1110/1110/1110 1109/1109/1109 1108/1108/1108
f 1113/1113/1113 1112/1112/1112 1111/1111/1111
f 1116/1116/1116 1115/1115/1115 1114/1114/1114
f 1119/1119/1119 1118/1118/1118 1117/1117/1117
f 1122/1122/1122 1121/1121/1121 1120/1120/1120
f 1125/1125/1125 1124/1124/1124 1123/1123/1123
f 1128/1128/1128 1127/1127/1127 1126/1126/1126
f 1131/1131/1131 1130/1130/1130 1129/1129/1129
f 1134/1134/1134 1133/1133/1133 1132/1132/1132
f 1137/1137/1137 1136/1136/1136 1135/1135/1135
f 1140/1140/1140 1139/1139/1139 1138/1138/1138
f 1143/1143/1143 1142/1142/1142 1141/1141/1141
f 1146/1146/1146 1145/1145/1145 1144/1144/1144
f 1149/1149/1149 1148/1148/1148 1147/1147/1147
f 1152/1152/1152 1151/1151/1151 1150/1150/1150
f 1155/1155/1155 1154/1154/1154 1153/1153/1153
f 1158/1158/1158 1157/1157/1157 1156/1156/1156
f 1161/1161/1161 1160/1160/1160 1159/1159/1159
f 1164/1164/1164 1163/1163/1163 1162/1162/1162
f 1167/1167/1167 1166/1166/1166 1165/1165/1165
f 1170/1170/1170 1169/1169/1169 1168/1168/1168
f 1173/1173/1173 1172/1172/1172 1171/1171/1171
f 1173/1173/1173 1171/1171/1171 1174/1174/1174
f 1177/1177/1177 1176/1176/1176 1175/1175/1175
f 1180/1180/1180 1179/1179/1179 1178/1178/1178
f 1183/1183/1183 1182/1182/1182 1181/1181/1181
f 1186/1186/1186 1185/1185/1185 1184/1184/1184
f 1189/1189/1189 1188/1188/1188 1187/1187/1187
f 1192/1192/1192 1191/1191/1191 1190/1190/1190
f 1195/1195/1195 1194/1194/1194 1193/1193/1193
f 1198/1198/1198 1197/1197/1197 1196/1196/1196
f 1201/1201/1201 1200/1200/1200 1199/1199/1199
f 1204/1204/1204 1203/1203/1203 1202/1202/1202
f 1207/1207/1207 1206/1206/1206 1205/1205/1205
f 1210/1210/1210 1209/1209/1209 1208/1208/1208
f 1213/1213/1213 1212/1212/1212 1211/1211/1211
f 1925/1925/1925 1213/1213/1213 1211/1211/1211
f 1216/1216/1216 1215/1215/1215 1214/1214/1214
f 1926/1926/1926 1216/1216/1216 1214/1214/1214
f 1219/1219/1219 1218/1218/1218 1217/1217/1217
f 1222/1222/1222 1221/1221/1221 1220/1220/1220
f 1930/1930/1930 1222/1222/1222 1220/1220/1220
f 1225/1225/1225 1224/1224/1224 1223/1223/1223
f 1931/1931/1931 1225/1225/1225 1223/1223/1223
f 1228/1228/1228 1227/1227/1227 1226/1226/1226
f 1231/1231/1231 1230/1230/1230 1229/1229/1229
f 1935/1935/1935 1231/1231/1231 1229/1229/1229
f 1234/1234/1234 1233/1233/1233 1232/1232/1232
f 1936/1936/1936 1234/1234/1234 1232/1232/1232
f 1237/1237/1237 1236/1236/1236 1235/1235/1235
f 1240/1240/1240 1239/1239/1239 1238/1238/1238
f 1243/1243/1243 1242/1242/1242 1241/1241/1241
f 1943/1943/1943 1243/1243/1243 1241/1241/1241
f 1246/1246/1246 1245/1245/1245 1244/1244/1244
f 1249/1249/1249 1248/1248/1248 1247/1247/1247
f 1252/1252/1252 1251/1251/1251 1250/1250/1250
f 1950/1950/1950 1252/1252/1252 1250/1250/1250
f 1255/1255/1255 1254/1254/1254 1253/1253/1253
f 1951/1951/1951 1255/1255/1255 1253/1253/1253
f 1258/1258/1258 1257/1257/1257 1256/1256/1256
f 1952/1952/1952 1258/1258/1258 1256/1256/1256
f 1261/1261/1261 1260/1260/1260 1259/1259/1259
f 1264/1264/1264 1263/1263/1263 1262/1262/1262
f 1267/1267/1267 1266/1266/1266 1265/1265/1265
f 1270/1270/1270 1269/1269/1269 1268/1268/1268
f 1962/1962/1962 1270/1270/1270 1268/1268/1268
f 1273/1273/1273 1272/1272/1272 1271/1271/1271
f 1963/1963/1963 1273/1273/1273 1271/1271/1271
f 1276/1276/1276 1275/1275/1275 1274/1274/1274
f 1964/1964/1964 1276/1276/1276 1274/1274/1274
f 1279/1279/1279 1278/1278/1278 1277/1277/1277
f 1965/1965/1965 1279/1279/1279 1277/1277/1277
f 1282/1282/1282 1281/1281/1281 1280/1280/1280
f 1966/1966/1966 1282/1282/1282 1280/1280/1280
f 1285/1285/1285 1284/1284/1284 1283/1283/1283
f 1288/1288/1288 1287/1287/1287 1286/1286/1286
f 1970/1970/1970 1288/1288/1288 1286/1286/1286
f 1291/1291/1291 1290/1290/1290 1289/1289/1289
f 1971/1971/1971 1291/1291/1291 1289/1289/1289
f 1294/1294/1294 1293/1293/1293 1292/1292/1292
f 1297/1297/1297 1296/1296/1296 1295/1295/1295
f 1975/1975/1975 1297/1297/1297 1295/1295/1295
f 1300/1300/1300 1299/1299/1299 1298/1298/1298
f 1976/1976/1976 1300/1300/1300 1298/1298/1298
f 1303/1303/1303 1302/1302/1302 1301/1301/1301
f 1977/1977/1977 1303/1303/1303 1301/1301/1301
f 1306/1306/1306 1305/1305/1305 1304/1304/1304
f 1309/1309/1309 1308/1308/1308 1307/1307/1307
f 1981/1981/1981 1309/1309/1309 1307/1307/1307
f 1312/1312/1312 1311/1311/1311 1310/1310/1310
f 1982/1982/1982 1312/1312/1312 1310/1310/1310
f 1315/1315/1315 1314/1314/1314 1313/1313/1313
f 1318/1318/1318 1317/1317/1317 1316/1316/1316
f 1321/1321/1321 1320/1320/1320 1319/1319/1319
f 1324/1324/1324 1323/1323/1323 1322/1322/1322
f 1992/1992/1992 1324/1324/1324 1322/1322/1322
f 1327/1327/1327 1326/1326/1326 1325/1325/1325
f 1330/1330/1330 1329/1329/1329 1328/1328/1328
f 1996/1996/1996 1330/1330/1330 1328/1328/1328
f 1333/1333/1333 1332/1332/1332 1331/1331/1331
f 1997/1997/1997 1333/1333/1333 1331/1331/1331
f 1336/1336/1336 1335/1335/1335 1334/1334/1334
f 1998/1998/1998 1336/1336/1336 1334/1334/1334
f 1339/1339/1339 1338/1338/1338 1337/1337/1337
f 1999/1999/1999 1339/1339/1339 1337/1337/1337
f 1342/1342/1342 1341/1341/1341 1340/1340/1340
f 2000/2000/2000 1342/1342/1342 1340/1340/1340
f 1345/1345/1345 1344/1344/1344 1343/1343/1343
f 2001/2001/2001 1345/1345/1345 1343/1343/1343
f 1348/1348/1348 1347/1347/1347 1346/1346/1346
f 2002/2002/2002 1348/1348/1348 1346/1346/1346
f 1351/1351/1351 1350/1350/1350 1349/1349/1349
f 1354/1354/1354 1353/1353/1353 1352/1352/1352
f 2006/2006/2006 1354/1354/1354 1352/1352/1352
f 1357/1357/1357 1356/1356/1356 1355/1355/1355
f 1360/1360/1360 1359/1359/1359 1358/1358/1358
f 2010/2010/2010 1360/1360/1360 1358/1358/1358
f 1363/1363/1363 1362/1362/1362 1361/1361/1361
f 2011/2011/2011 1363/1363/1363 1361/1361/1361
f 1366/1366/1366 1365/1365/1365 1364/1364/1364
f 2012/2012/2012 1366/1366/1366 1364/1364/1364
f 1369/1369/1369 1368/1368/1368 1367/1367/1367
f 1372/1372/1372 1371/1371/1371 1370/1370/1370
f 1375/1375/1375 1374/1374/1374 1373/1373/1373
f 2019/2019/2019 1375/1375/1375 1373/1373/1373
f 1378/1378/1378 1377/1377/1377 1376/1376/1376
f 2020/2020/2020 1378/1378/1378 1376/1376/1376
f 1381/1381/1381 1380/1380/1380 1379/1379/1379
f 1384/1384/1384 1383/1383/1383 1382/1382/1382
f 2024/2024/2024 1384/1384/1384 1382/1382/1382
f 1387/1387/1387 1386/1386/1386 1385/1385/1385
f 2025/2025/2025 1387/1387/1387 1385/1385/1385
f 1390/1390/1390 1389/1389/1389 1388/1388/1388
f 2026/2026/2026 1390/1390/1390 1388/1388/1388
f 1393/1393/1393 1392/1392/1392 1391/1391/1391
f 2027/2027/2027 1393/1393/1393 1391/1391/1391
f 1396/1396/1396 1395/1395/1395 1394/1394/1394
f 1399/1399/1399 1398/1398/1398 1397/1397/1397
f 1402/1402/1402 1401/1401/1401 1400/1400/1400
f 2034/2034/2034 1402/1402/1402 1400/1400/1400
f 1405/1405/1405 1404/1404/1404 1403/1403/1403
f 2035/2035/2035 1405/1405/1405 1403/1403/1403
f 1408/1408/1408 1407/1407/1407 1406/1406/1406
f 2036/2036/2036 1408/1408/1408 1406/1406/1406
f 1411/1411/1411 1410/1410/1410 1409/1409/1409
f 2037/2037/2037 1411/1411/1411 1409/1409/1409
f 1414/1414/1414 1413/1413/1413 1412/1412/1412
f 2038/2038/2038 1414/1414/1414 1412/1412/1412
f 1417/1417/1417 1416/1416/1416 1415/1415/1415
f 1420/1420/1420 1419/1419/1419 1418/1418/1418
f 1423/1423/1423 1422/1422/1422 1421/1421/1421
f 2045/2045/2045 1423/1423/1423 1421/1421/1421
f 1426/1426/1426 1425/1425/1425 1424/1424/1424
f 2046/2046/2046 1426/1426/1426 1424/1424/1424
f 1429/1429/1429 1428/1428/1428 1427/1427/1427
f 2047/2047/2047 1429/1429/1429 1427/1427/1427
f 1432/1432/1432 1431/1431/1431 1430/1430/1430
f 1435/1435/1435 1434/1434/1434 1433/1433/1433
f 1438/1438/1438 1437/1437/1437 1436/1436/1436
f 1441/1441/1441 1440/1440/1440 1439/1439/1439
f 2057/2057/2057 1441/1441/1441 1439/1439/1439
f 1444/1444/1444 1443/1443/1443 1442/1442/1442
f 2058/2058/2058 1444/1444/1444 1442/1442/1442
f 1447/1447/1447 1446/1446/1446 1445/1445/1445
f 2059/2059/2059 1447/1447/1447 1445/1445/1445
f 1450/1450/1450 1449/1449/1449 1448/1448/1448
f 2060/2060/2060 1450/1450/1450 1448/1448/1448
f 1453/1453/1453 1452/1452/1452 1451/1451/1451
f 2061/2061/2061 1453/1453/1453 1451/1451/1451
f 1456/1456/1456 1455/1455/1455 1454/1454/1454
f 2062/2062/2062 1456/1456/1456 1454/1454/1454
f 1459/1459/1459 1458/1458/1458 1457/1457/1457
f 2063/2063/2063 1459/1459/1459 1457/1457/1457
f 1462/1462/1462 1461/1461/1461 1460/1460/1460
f 1465/1465/1465 1464/1464/1464 1463/1463/1463
f 1468/1468/1468 1467/1467/1467 1466/1466/1466
f 1471/1471/1471 1470/1470/1470 1469/1469/1469
f 2073/2073/2073 1471/1471/1471 1469/1469/1469
f 1474/1474/1474 1473/1473/1473 1472/1472/1472
f 2074/2074/2074 1474/1474/1474 1472/1472/1472
f 1477/1477/1477 1476/1476/1476 1475/1475/1475
f 2075/2075/2075 1477/1477/1477 1475/1475/1475
f 1480/1480/1480 1479/1479/1479 1478/1478/1478
f 2076/2076/2076 1480/1480/1480 1478/1478/1478
f 1483/1483/1483 1482/1482/1482 1481/1481/1481
f 1486/1486/1486 1485/1485/1485 1484/1484/1484
f 2080/2080/2080 1486/1486/1486 1484/1484/1484
f 1489/1489/1489 1488/1488/1488 1487/1487/1487
f 2081/2081/2081 1489/1489/1489 1487/1487/1487
f 1492/1492/1492 1491/1491/1491 1490/1490/1490
f 2082/2082/2082 1492/1492/1492 1490/1490/1490
f 1495/1495/1495 1494/1494/1494 1493/1493/1493
f 1498/1498/1498 1497/1497/1497 1496/1496/1496
f 2086/2086/2086 1498/1498/1498 1496/1496/1496
f 1501/1501/1501 1500/1500/1500 1499/1499/1499
f 1504/1504/1504 1503/1503/1503 1502/1502/1502
f 2090/2090/2090 1504/1504/1504 1502/1502/1502
f 1507/1507/1507 1506/1506/1506 1505/1505/1505
f 2091/2091/2091 1507/1507/1507 1505/1505/1505
f 1510/1510/1510 1509/1509/1509 1508/1508/1508
f 1513/1513/1513 1512/1512/1512 1511/1511/1511
f 2095/2095/2095 1513/1513/1513 1511/1511/1511
f 1516/1516/1516 1515/1515/1515 1514/1514/1514
f 2096/2096/2096 1516/1516/1516 1514/1514/1514
f 1519/1519/1519 1518/1518/1518 1517/1517/1517
f 1522/1522/1522 1521/1521/1521 1520/1520/1520
f 2100/2100/2100 1522/1522/1522 1520/1520/1520
f 1525/1525/1525 1524/1524/1524 1523/1523/1523
f 2101/2101/2101 1525/1525/1525 1523/1523/1523
f 1528/1528/1528 1527/1527/1527 1526/1526/1526
f 2102/2102/2102 1528/1528/1528 1526/1526/1526
f 1531/1531/1531 1530/1530/1530 1529/1529/1529
f 1534/1534/1534 1533/1533/1533 1532/1532/1532
f 1537/1537/1537 1536/1536/1536 1535/1535/1535
f 2109/2109/2109 1537/1537/1537 1535/1535/1535
f 1540/1540/1540 1539/1539/1539 1538/1538/1538
f 2110/2110/2110 1540/1540/1540 1538/1538/1538
f 1543/1543/1543 1542/1542/1542 1541/1541/1541
f 1546/1546/1546 1545/1545/1545 1544/1544/1544
f 2114/2114/2114 1546/1546/1546 1544/1544/1544
f 1549/1549/1549 1548/1548/1548 1547/1547/1547
f 1552/1552/1552 1551/1551/1551 1550/1550/1550
f 2118/2118/2118 1552/1552/1552 1550/1550/1550
f 1555/1555/1555 1554/1554/1554 1553/1553/1553
f 2119/2119/2119 1555/1555/1555 1553/1553/1553
f 1558/1558/1558 1557/1557/1557 1556/1556/1556
f 1561/1561/1561 1560/1560/1560 1559/1559/1559
f 2123/2123/2123 1561/1561/1561 1559/1559/1559
f 1564/1564/1564 1563/1563/1563 1562/1562/1562
f 2124/2124/2124 1564/1564/1564 1562/1562/1562
f 1567/1567/1567 1566/1566/1566 1565/1565/1565
f 2125/2125/2125 1567/1567/1567 1565/1565/1565
f 1570/1570/1570 1569/1569/1569 1568/1568/1568
f 2126/2126/2126 1570/1570/1570 1568/1568/1568
f 1573/1573/1573 1572/1572/1572 1571/1571/1571
f 1576/1576/1576 1575/1575/1575 1574/1574/1574
f 2130/2130/2130 1576/1576/1576 1574/1574/1574
f 1579/1579/1579 1578/1578/1578 1577/1577/1577
f 1582/1582/1582 1581/1581/1581 1580/1580/1580
f 2134/2134/2134 1582/1582/1582 1580/1580/1580
f 1585/1585/1585 1584/1584/1584 1583/1583/1583
f 2135/2135/2135 1585/1585/1585 1583/1583/1583
f 1588/1588/1588 1587/1587/1587 1586/1586/1586
f 2136/2136/2136 1588/1588/1588 1586/1586/1586
f 1591/1591/1591 1590/1590/1590 1589/1589/1589
f 1594/1594/1594 1593/1593/1593 1592/1592/1592
f 2140/2140/2140 1594/1594/1594 1592/1592/1592
f 1597/1597/1597 1596/1596/1596 1595/1595/1595
f 2141/2141/2141 1597/1597/1597 1595/1595/1595
f 1600/1600/1600 1599/1599/1599 1598/1598/1598
f 2142/2142/2142 1600/1600/1600 1598/1598/1598
f 1603/1603/1603 1602/1602/1602 1601/1601/1601
f 2143/2143/2143 1603/1603/1603 1601/1601/1601
f 1606/1606/1606 1605/1605/1605 1604/1604/1604
f 2144/2144/2144 1606/1606/1606 1604/1604/1604
f 1609/1609/1609 1608/1608/1608 1607/1607/1607
f 2145/2145/2145 1609/1609/1609 1607/1607/1607
f 1612/1612/1612 1611/1611/1611 1610/1610/1610
f 2146/2146/2146 1612/1612/1612 1610/1610/1610
f 1615/1615/1615 1614/1614/1614 1613/1613/1613
f 2147/2147/2147 1615/1615/1615 1613/1613/1613
f 1618/1618/1618 1617/1617/1617 1616/1616/1616
f 1621/1621/1621 1620/1620/1620 1619/1619/1619
f 1624/1624/1624 1623/1623/1623 1622/1622/1622
f 2154/2154/2154 1624/1624/1624 1622/1622/1622
f 1627/1627/1627 1626/1626/1626 1625/1625/1625
f 2155/2155/2155 1627/1627/1627 1625/1625/1625
f 1630/1630/1630 1629/1629/1629 1628/1628/1628
f 2156/2156/2156 1630/1630/1630 1628/1628/1628
f 1633/1633/1633 1632/1632/1632 1631/1631/1631
f 2157/2157/2157 1633/1633/1633 1631/1631/1631
f 1636/1636/1636 1635/1635/1635 1634/1634/1634
f 2158/2158/2158 1636/1636/1636 1634/1634/1634
f 1639/1639/1639 1638/1638/1638 1637/1637/1637
f 2159/2159/2159 1639/1639/1639 1637/1637/1637
f 1642/1642/1642 1641/1641/1641 1640/1640/1640
f 1645/1645/1645 1644/1644/1644 1643/1643/1643
f 2163/2163/2163 1645/1645/1645 1643/1643/1643
f 1648/1648/1648 1647/1647/1647 1646/1646/1646
f 1651/1651/1651 1650/1650/1650 1649/1649/1649
f 2167/2167/2167 1651/1651/1651 1649/1649/1649
f 1654/1654/1654 1653/1653/1653 1652/1652/1652
f 2168/2168/2168 1654/1654/1654 1652/1652/1652
f 1657/1657/1657 1656/1656/1656 1655/1655/1655
f 2169/2169/2169 1657/1657/1657 1655/1655/1655
f 1660/1660/1660 1659/1659/1659 1658/1658/1658
f 1663/1663/1663 1662/1662/1662 1661/1661/1661
f 1666/1666/1666 1665/1665/1665 1664/1664/1664
f 2176/2176/2176 1666/1666/1666 1664/1664/1664
f 1669/1669/1669 1668/1668/1668 1667/1667/1667
f 1672/1672/1672 1671/1671/1671 1670/1670/1670
f 1675/1675/1675 1674/1674/1674 1673/1673/1673
f 1678/1678/1678 1677/1677/1677 1676/1676/1676
f 2186/2186/2186 1678/1678/1678 1676/1676/1676
f 1681/1681/1681 1680/1680/1680 1679/1679/1679
f 1684/1684/1684 1683/1683/1683 1682/1682/1682
f 1687/1687/1687 1686/1686/1686 1685/1685/1685
f 2193/2193/2193 1687/1687/1687 1685/1685/1685
f 1690/1690/1690 1689/1689/1689 1688/1688/1688
f 2194/2194/2194 1690/1690/1690 1688/1688/1688
f 1693/1693/1693 1692/1692/1692 1691/1691/1691
f 1696/1696/1696 1695/1695/1695 1694/1694/1694
f 2198/2198/2198 1696/1696/1696 1694/1694/1694
f 1699/1699/1699 1698/1698/1698 1697/1697/1697
f 2199/2199/2199 1699/1699/1699 1697/1697/1697
f 1702/1702/1702 1701/1701/1701 1700/1700/1700
f 2200/2200/2200 1702/1702/1702 1700/1700/1700
f 1705/1705/1705 1704/1704/1704 1703/1703/1703
f 2201/2201/2201 1705/1705/1705 1703/1703/1703
f 1708/1708/1708 1707/1707/1707 1706/1706/1706
f 1711/1711/1711 1710/1710/1710 1709/1709/1709
f 2205/2205/2205 1711/1711/1711 1709/1709/1709
f 1714/1714/1714 1713/1713/1713 1712/1712/1712
f 2206/2206/2206 1714/1714/1714 1712/1712/1712
f 1717/1717/1717 1716/1716/1716 1715/1715/1715
f 2207/2207/2207 1717/1717/1717 1715/1715/1715
f 1720/1720/1720 1719/1719/1719 1718/1718/1718
f 2208/2208/2208 1720/1720/1720 1718/1718/1718
f 1723/1723/1723 1722/1722/1722 1721/1721/1721
f 2209/2209/2209 1723/1723/1723 1721/1721/1721
f 1726/1726/1726 1725/1725/1725 1724/1724/1724
f 2210/2210/2210 1726/1726/1726 1724/1724/1724
f 1729/1729/1729 1728/1728/1728 1727/1727/1727
f 2211/2211/2211 1729/1729/1729 1727/1727/1727
f 1732/1732/1732 1731/1731/1731 1730/1730/1730
f 1735/1735/1735 1734/1734/1734 1733/1733/1733
f 1738/1738/1738 1737/1737/1737 1736/1736/1736
f 1741/1741/1741 1740/1740/1740 1739/1739/1739
f 2221/2221/2221 1741/1741/1741 1739/1739/1739
f 1744/1744/1744 1743/1743/1743 1742/1742/1742
f 2222/2222/2222 1744/1744/1744 1742/1742/1742
f 1747/1747/1747 1746/1746/1746 1745/1745/1745
f 1750/1750/1750 1749/1749/1749 1748/1748/1748
f 2226/2226/2226 1750/1750/1750 1748/1748/1748
f 1753/1753/1753 1752/1752/1752 1751/1751/1751
f 2227/2227/2227 1753/1753/1753 1751/1751/1751
f 1756/1756/1756 1755/1755/1755 1754/1754/1754
f 2228/2228/2228 1756/1756/1756 1754/1754/1754
f 1759/1759/1759 1758/1758/1758 1757/1757/1757
f 2229/2229/2229 1759/1759/1759 1757/1757/1757
f 1762/1762/1762 1761/1761/1761 1760/1760/1760
f 2230/2230/2230 1762/1762/1762 1760/1760/1760
f 1765/1765/1765 1764/1764/1764 1763/1763/1763
f 2231/2231/2231 1765/1765/1765 1763/1763/1763
f 1768/1768/1768 1767/1767/1767 1766/1766/1766
f 2232/2232/2232 1768/1768/1768 1766/1766/1766
f 1771/1771/1771 1770/1770/1770 1769/1769/1769
f 2233/2233/2233 1771/1771/1771 1769/1769/1769
f 1774/1774/1774 1773/1773/1773 1772/1772/1772
f 2234/2234/2234 1774/1774/1774 1772/1772/1772
f 1777/1777/1777 1776/1776/1776 1775/1775/1775
f 2235/2235/2235 1777/1777/1777 1775/1775/1775
f 1780/1780/1780 1779/1779/1779 1778/1778/1778
f 1783/1783/1783 1782/1782/1782 1781/1781/1781
f 2239/2239/2239 1783/1783/1783 1781/1781/1781
f 1786/1786/1786 1785/1785/1785 1784/1784/1784
f 2240/2240/2240 1786/1786/1786 1784/1784/1784
f 1789/1789/1789 1788/1788/1788 1787/1787/1787
f 2241/2241/2241 1789/1789/1789 1787/1787/1787
f 1792/1792/1792 1791/1791/1791 1790/1790/1790
f 2242/2242/2242 1792/1792/1792 1790/1790/1790
f 1795/1795/1795 1794/1794/1794 1793/1793/1793
f 2243/2243/2243 1795/1795/1795 1793/1793/1793
f 1798/1798/1798 1797/1797/1797 1796/1796/1796
f 2244/2244/2244 1798/1798/1798 1796/1796/1796
f 1801/1801/1801 1800/1800/1800 1799/1799/1799
f 1804/1804/1804 1803/1803/1803 1802/1802/1802
f 2248/2248/2248 1804/1804/1804 1802/1802/1802
f 1807/1807/1807 1806/1806/1806 1805/1805/1805
f 2249/2249/2249 1807/1807/1807 1805/1805/1805
f 1810/1810/1810 1809/1809/1809 1808/1808/1808
f 2250/2250/2250 1810/1810/1810 1808/1808/1808
f 1813/1813/1813 1812/1812/1812 1811/1811/1811
f 2251/2251/2251 1813/1813/1813 1811/1811/1811
f 1816/1816/1816 1815/1815/1815 1814/1814/1814
f 2252/2252/2252 1816/1816/1816 1814/1814/1814
f 1819/1819/1819 1818/1818/1818 1817/1817/1817
f 1822/1822/1822 1821/1821/1821 1820/1820/1820
f 2256/2256/2256 1822/1822/1822 1820/1820/1820
f 1825/1825/1825 1824/1824/1824 1823/1823/1823
f 2257/2257/2257 1825/1825/1825 1823/1823/1823
f 1828/1828/1828 1827/1827/1827 1826/1826/1826
f 2258/2258/2258 1828/1828/1828 1826/1826/1826
f 1831/1831/1831 1830/1830/1830 1829/1829/1829
f 2259/2259/2259 1831/1831/1831 1829/1829/1829
f 1834/1834/1834 1833/1833/1833 1832/1832/1832
f 2260/2260/2260 1834/1834/1834 1832/1832/1832
f 1837/1837/1837 1836/1836/1836 1835/1835/1835
f 1840/1840/1840 1839/1839/1839 1838/1838/1838
f 2264/2264/2264 1840/1840/1840 1838/1838/1838
f 1843/1843/1843 1842/1842/1842 1841/1841/1841
f 1846/1846/1846 1845/1845/1845 1844/1844/1844
f 2268/2268/2268 1846/1846/1846 1844/1844/1844
f 1849/1849/1849 1848/1848/1848 1847/1847/1847
f 2269/2269/2269 1849/1849/1849 1847/1847/1847
f 1852/1852/1852 1851/1851/1851 1850/1850/1850
f 1855/1855/1855 1854/1854/1854 1853/1853/1853
f 2273/2273/2273 1855/1855/1855 1853/1853/1853
f 1858/1858/1858 1857/1857/1857 1856/1856/1856
f 2274/2274/2274 1858/1858/1858 1856/1856/1856
f 1861/1861/1861 1860/1860/1860 1859/1859/1859
f 2275/2275/2275 1861/1861/1861 1859/1859/1859
f 1864/1864/1864 1863/1863/1863 1862/1862/1862
f 1867/1867/1867 1866/1866/1866 1865/1865/1865
f 2279/2279/2279 1867/1867/1867 1865/1865/1865
f 1870/1870/1870 1869/1869/1869 1868/1868/1868
f 2280/2280/2280 1870/1870/1870 1868/1868/1868
f 1873/1873/1873 1872/1872/1872 1871/1871/1871
f 2281/2281/2281 1873/1873/1873 1871/1871/1871
f 1876/1876/1876 1875/1875/1875 1874/1874/1874
f 2282/2282/2282 1876/1876/1876 1874/1874/1874
f 1879/1879/1879 1878/1878/1878 1877/1877/1877
f 2283/2283/2283 1879/1879/1879 1877/1877/1877
f 1882/1882/1882 1881/1881/1881 1880/1880/1880
f 1885/1885/1885 1884/1884/1884 1883/1883/1883
f 2287/2287/2287 1885/1885/1885 1883/1883/1883
f 1888/1888/1888 1887/1887/1887 1886/1886/1886
f 2288/2288/2288 1888/1888/1888 1886/1886/1886
f 1891/1891/1891 1890/1890/1890 1889/1889/1889
f 2289/2289/2289 1891/1891/1891 1889/1889/1889
f 1894/1894/1894 1893/1893/1893 1892/1892/1892
f 2290/2290/2290 1894/1894/1894 1892/1892/1892
f 1897/1897/1897 1896/1896/1896 1895/1895/1895
f 1900/1900/1900 1899/1899/1899 1898/1898/1898
f 2294/2294/2294 1900/1900/1900 1898/1898/1898
f 1903/1903/1903 1902/1902/1902 1901/1901/1901
f 2295/2295/2295 1903/1903/1903 1901/1901/1901
f 1906/1906/1906 1905/1905/1905 1904/1904/1904
f 1909/1909/1909 1908/1908/1908 1907/1907/1907
f 2299/2299/2299 1909/1909/1909 1907/1907/1907
f 1912/1912/1912 1911/1911/1911 1910/1910/1910
f 2300/2300/2300 1912/1912/1912 1910/1910/1910
f 1915/1915/1915 1914/1914/1914 1913/1913/1913
f 2301/2301/2301 1915/1915/1915 1913/1913/1913
f 1918/1918/1918 1917/1917/1917 1916/1916/1916
f 1921/1921/1921 1920/1920/1920 1919/1919/1919
f 2305/2305/2305 1921/1921/1921 1919/1919/1919
f 1924/1924/1924 1923/1923/1923 1922/1922/1922
f 1929/1929/1929 1928/1928/1928 1927/1927/1927
f 1934/1934/1934 1933/1933/1933 1932/1932/1932
f 1939/1939/1939 1938/1938/1938 1937/1937/1937
f 1942/1942/1942 1941/1941/1941 1940/1940/1940
f 1946/1946/1946 1945/1945/1945 1944/1944/1944
f 1949/1949/1949 1948/1948/1948 1947/1947/1947
f 1955/1955/1955 1954/1954/1954 1953/1953/1953
f 1958/1958/1958 1957/1957/1957 1956/1956/1956
f 1961/1961/1961 1960/1960/1960 1959/1959/1959
f 1969/1969/1969 1968/1968/1968 1967/1967/1967
f 1974/1974/1974 1973/1973/1973 1972/1972/1972
f 1980/1980/1980 1979/1979/1979 1978/1978/1978
f 1985/1985/1985 1984/1984/1984 1983/1983/1983
f 1988/1988/1988 1987/1987/1987 1986/1986/1986
f 1991/1991/1991 1990/1990/1990 1989/1989/1989
f 1995/1995/1995 1994/1994/1994 1993/1993/1993
f 2005/2005/2005 2004/2004/2004 2003/2003/2003
f 2009/2009/2009 2008/2008/2008 2007/2007/2007
f 2015/2015/2015 2014/2014/2014 2013/2013/2013
f 2018/2018/2018 2017/2017/2017 2016/2016/2016
f 2023/2023/2023 2022/2022/2022 2021/2021/2021
f 2030/2030/2030 2029/2029/2029 2028/2028/2028
f 2033/2033/2033 2032/2032/2032 2031/2031/2031
f 2041/2041/2041 2040/2040/2040 2039/2039/2039
f 2044/2044/2044 2043/2043/2043 2042/2042/2042
f 2050/2050/2050 2049/2049/2049 2048/2048/2048
f 2053/2053/2053 2052/2052/2052 2051/2051/2051
f 2056/2056/2056 2055/2055/2055 2054/2054/2054
f 2066/2066/2066 2065/2065/2065 2064/2064/2064
f 2069/2069/2069 2068/2068/2068 2067/2067/2067
f 2072/2072/2072 2071/2071/2071 2070/2070/2070
f 2079/2079/2079 2078/2078/2078 2077/2077/2077
f 2085/2085/2085 2084/2084/2084 2083/2083/2083
f 2089/2089/2089 2088/2088/2088 2087/2087/2087
f 2094/2094/2094 2093/2093/2093 2092/2092/2092
f 2099/2099/2099 2098/2098/2098 2097/2097/2097
f 2105/2105/2105 2104/2104/2104 2103/2103/2103
f 2108/2108/2108 2107/2107/2107 2106/2106/2106
f 2113/2113/2113 2112/2112/2112 2111/2111/2111
f 2117/2117/2117 2116/2116/2116 2115/2115/2115
f 2122/2122/2122 2121/2121/2121 2120/2120/2120
f 2129/2129/2129 2128/2128/2128 2127/2127/2127
f 2133/2133/2133 2132/2132/2132 2131/2131/2131
f 2139/2139/2139 2138/2138/2138 2137/2137/2137
f 2150/2150/2150 2149/2149/2149 2148/2148/2148
f 2153/2153/2153 2152/2152/2152 2151/2151/2151
f 2162/2162/2162 2161/2161/2161 2160/2160/2160
f 2166/2166/2166 2165/2165/2165 2164/2164/2164
f 2172/2172/2172 2171/2171/2171 2170/2170/2170
f 2175/2175/2175 2174/2174/2174 2173/2173/2173
f 2179/2179/2179 2178/2178/2178 2177/2177/2177
f 2182/2182/2182 2181/2181/2181 2180/2180/2180
f 2185/2185/2185 2184/2184/2184 2183/2183/2183
f 2189/2189/2189 2188/2188/2188 2187/2187/2187
f 2192/2192/2192 2191/2191/2191 2190/2190/2190
f 2197/2197/2197 2196/2196/2196 2195/2195/2195
f 2204/2204/2204 2203/2203/2203 2202/2202/2202
f 2214/2214/2214 2213/2213/2213 2212/2212/2212
f 2217/2217/2217 2216/2216/2216 2215/2215/2215
f 2220/2220/2220 2219/2219/2219 2218/2218/2218
f 2225/2225/2225 2224/2224/2224 2223/2223/2223
f 2238/2238/2238 2237/2237/2237 2236/2236/2236
f 2247/2247/2247 2246/2246/2246 2245/2245/2245
f 2255/2255/2255 2254/2254/2254 2253/2253/2253
f 2263/2263/2263 2262/2262/2262 2261/2261/2261
f 2267/2267/2267 2266/2266/2266 2265/2265/2265
f 2272/2272/2272 2271/2271/2271 2270/2270/2270
f 2278/2278/2278 2277/2277/2277 2276/2276/2276
f 2286/2286/2286 2285/2285/2285 2284/2284/2284
f 2293/2293/2293 2292/2292/2292 2291/2291/2291
f 2298/2298/2298 2297/2297/2297 2296/2296/2296
f 2304/2304/2304 2303/2303/2303 2302/2302/2302
f 2308/2308/2308 2307/2307/2307 2306/2306/2306
f 2311/2311/2311 2310/2310/2310 2309/2309/2309
f 2310/2310/2310 2311/2311/2311 2335/2335/2335
f 2310/2310/2310 2335/2335/2335 2338/2338/2338
f 2310/2310/2310 2338/2338/2338 2309/2309/2309
f 2311/2311/2311 2336/2336/2336 2335/2335/2335
f 2335/2335/2335 2352/2352/2352 2338/2338/2338
f 2352/2352/2352 2368/2368/2368 2338/2338/2338
f 2336/2336/2336 2311/2311/2311 3070/3070/3070
f 3084/3084/3084 2336/2336/2336 3070/3070/3070
f 3068/3068/3068 3084/3084/3084 3070/3070/3070
f 3070/3070/3070 2311/2311/2311 3069/3069/3069
f 2311/2311/2311 2313/2313/2313 3069/3069/3069
f 2313/2313/2313 2311/2311/2311 2309/2309/2309
f 3070/3070/3070 3069/3069/3069 3052/3052/3052
f 2313/2313/2313 2309/2309/2309 2312/2312/2312
f 3515/3515/3515 2313/2313/2313 2312/2312/2312
f 3053/3053/3053 3070/3070/3070 3052/3052/3052
f 3053/3053/3053 3068/3068/3068 3070/3070/3070
f 3053/3053/3053 3052/3052/3052 3035/3035/3035
f 3051/3051/3051 3068/3068/3068 3053/3053/3053
f 2309/2309/2309 2337/2337/2337 2312/2312/2312
f 2338/2338/2338 2337/2337/2337 2309/2309/2309
f 2337/2337/2337 2339/2339/2339 2312/2312/2312
f 2339/2339/2339 2337/2337/2337 2355/2355/2355
f 3036/3036/3036 3051/3051/3051 3053/3053/3053
f 3036/3036/3036 3053/3053/3053 3035/3035/3035
f 3051/3051/3051 3036/3036/3036 3037/3037/3037
f 3037/3037/3037 3036/3036/3036 3035/3035/3035
f 3529/3529/3529 3051/3051/3051 3037/3037/3037
f 3528/3528/3528 3037/3037/3037 3035/3035/3035
f 2337/2337/2337 2353/2353/2353 2355/2355/2355
f 2337/2337/2337 2338/2338/2338 2353/2353/2353
f 2369/2369/2369 2371/2371/2371 2355/2355/2355
f 2353/2353/2353 2369/2369/2369 2355/2355/2355
f 2338/2338/2338 2354/2354/2354 2353/2353/2353
f 2353/2353/2353 2354/2354/2354 2369/2369/2369
f 2368/2368/2368 2354/2354/2354 2338/2338/2338
f 2354/2354/2354 2368/2368/2368 2370/2370/2370
f 2354/2354/2354 2370/2370/2370 2369/2369/2369
f 2368/2368/2368 2384/2384/2384 2370/2370/2370
f 2370/2370/2370 2386/2386/2386 2369/2369/2369
f 2370/2370/2370 2384/2384/2384 2386/2386/2386
f 2386/2386/2386 2385/2385/2385 2369/2369/2369
f 2384/2384/2384 2400/2400/2400 2386/2386/2386
f 2386/2386/2386 2402/2402/2402 2385/2385/2385
f 2386/2386/2386 2400/2400/2400 2402/2402/2402
f 2400/2400/2400 2416/2416/2416 2402/2402/2402
f 2402/2402/2402 2401/2401/2401 2385/2385/2385
f 2416/2416/2416 2432/2432/2432 2402/2402/2402
f 2402/2402/2402 2418/2418/2418 2401/2401/2401
f 2432/2432/2432 2418/2418/2418 2402/2402/2402
f 2418/2418/2418 2417/2417/2417 2401/2401/2401
f 2418/2418/2418 2432/2432/2432 2434/2434/2434
f 2418/2418/2418 2434/2434/2434 2417/2417/2417
f 2432/2432/2432 2448/2448/2448 2434/2434/2434
f 2434/2434/2434 2433/2433/2433 2417/2417/2417
f 2448/2448/2448 2464/2464/2464 2434/2434/2434
f 2433/2433/2433 2434/2434/2434 2449/2449/2449
f 2464/2464/2464 2450/2450/2450 2434/2434/2434
f 2434/2434/2434 2450/2450/2450 2449/2449/2449
f 2316/2316/2316 2315/2315/2315 2314/2314/2314
f 2315/2315/2315 2341/2341/2341 2314/2314/2314
f 2318/2318/2318 2316/2316/2316 2314/2314/2314
f 2341/2341/2341 2340/2340/2340 2314/2314/2314
f 3071/3071/3071 2316/2316/2316 2318/2318/2318
f 3085/3085/3085 2316/2316/2316 3071/3071/3071
f 3072/3072/3072 3085/3085/3085 3071/3071/3071
f 3055/3055/3055 3072/3072/3072 3071/3071/3071
f 2318/2318/2318 2314/2314/2314 2317/2317/2317
f 2317/2317/2317 2314/2314/2314 2342/2342/2342
f 2314/2314/2314 2340/2340/2340 2342/2342/2342
f 3086/3086/3086 2318/2318/2318 2317/2317/2317
f 2340/2340/2340 2356/2356/2356 2342/2342/2342
f 2340/2340/2340 2341/2341/2341 2356/2356/2356
f 2356/2356/2356 2358/2358/2358 2342/2342/2342
f 2341/2341/2341 2357/2357/2357 2356/2356/2356
f 2358/2358/2358 2356/2356/2356 2374/2374/2374
f 2357/2357/2357 2373/2373/2373 2356/2356/2356
f 2356/2356/2356 2372/2372/2372 2374/2374/2374
f 2373/2373/2373 2372/2372/2372 2356/2356/2356
f 2374/2374/2374 2372/2372/2372 2390/2390/2390
f 3516/3516/3516 2388/2388/2388 2373/2373/2373
f 2372/2372/2372 2389/2389/2389 2390/2390/2390
f 2372/2372/2372 2373/2373/2373 2389/2389/2389
f 2388/2388/2388 2387/2387/2387 2373/2373/2373
f 2373/2373/2373 2387/2387/2387 2389/2389/2389
f 2388/2388/2388 2404/2404/2404 2387/2387/2387
f 2389/2389/2389 2405/2405/2405 2390/2390/2390
f 2389/2389/2389 2387/2387/2387 2405/2405/2405
f 2405/2405/2405 2406/2406/2406 2390/2390/2390
f 2404/2404/2404 2403/2403/2403 2387/2387/2387
f 2387/2387/2387 2403/2403/2403 2405/2405/2405
f 2404/2404/2404 2420/2420/2420 2403/2403/2403
f 2405/2405/2405 2421/2421/2421 2406/2406/2406
f 2405/2405/2405 2403/2403/2403 2421/2421/2421
f 2420/2420/2420 2419/2419/2419 2403/2403/2403
f 2403/2403/2403 2419/2419/2419 2421/2421/2421
f 2419/2419/2419 2420/2420/2420 2435/2435/2435
f 2420/2420/2420 2436/2436/2436 2435/2435/2435
f 2421/2421/2421 2419/2419/2419 2437/2437/2437
f 2419/2419/2419 2435/2435/2435 2437/2437/2437
f 2435/2435/2435 2436/2436/2436 2451/2451/2451
f 2435/2435/2435 2451/2451/2451 2437/2437/2437
f 2436/2436/2436 2452/2452/2452 2451/2451/2451
f 2421/2421/2421 2422/2422/2422 2406/2406/2406
f 2451/2451/2451 2452/2452/2452 2468/2468/2468
f 2452/2452/2452 2469/2469/2469 2468/2468/2468
f 2406/2406/2406 2422/2422/2422 2423/2423/2423
f 3517/3517/3517 2406/2406/2406 2423/2423/2423
f 2422/2422/2422 2421/2421/2421 2438/2438/2438
f 2422/2422/2422 2438/2438/2438 2423/2423/2423
f 2421/2421/2421 2437/2437/2437 2438/2438/2438
f 2438/2438/2438 2439/2439/2439 2423/2423/2423
f 2451/2451/2451 2453/2453/2453 2437/2437/2437
f 2437/2437/2437 2453/2453/2453 2438/2438/2438
f 2438/2438/2438 2454/2454/2454 2439/2439/2439
f 2453/2453/2453 2454/2454/2454 2438/2438/2438
f 2454/2454/2454 2455/2455/2455 2439/2439/2439
f 2453/2453/2453 2451/2451/2451 2470/2470/2470
f 2451/2451/2451 2468/2468/2468 2470/2470/2470
f 2454/2454/2454 2453/2453/2453 2471/2471/2471
f 2454/2454/2454 2471/2471/2471 2455/2455/2455
f 2453/2453/2453 2470/2470/2470 2471/2471/2471
f 2471/2471/2471 2472/2472/2472 2455/2455/2455
f 2470/2470/2470 2468/2468/2468 2489/2489/2489
f 2470/2470/2470 2489/2489/2489 2471/2471/2471
f 2471/2471/2471 2490/2490/2490 2472/2472/2472
f 2489/2489/2489 2490/2490/2490 2471/2471/2471
f 2490/2490/2490 2491/2491/2491 2472/2472/2472
f 2468/2468/2468 2487/2487/2487 2489/2489/2489
f 2468/2468/2468 2469/2469/2469 2487/2487/2487
f 2469/2469/2469 2488/2488/2488 2487/2487/2487
f 2489/2489/2489 2505/2505/2505 2490/2490/2490
f 2489/2489/2489 2487/2487/2487 2505/2505/2505
f 2490/2490/2490 2506/2506/2506 2491/2491/2491
f 2505/2505/2505 2506/2506/2506 2490/2490/2490
f 2506/2506/2506 2507/2507/2507 2491/2491/2491
f 2507/2507/2507 2506/2506/2506 2523/2523/2523
f 2487/2487/2487 2488/2488/2488 2503/2503/2503
f 2487/2487/2487 2503/2503/2503 2505/2505/2505
f 2488/2488/2488 2504/2504/2504 2503/2503/2503
f 2506/2506/2506 2522/2522/2522 2523/2523/2523
f 2503/2503/2503 2504/2504/2504 2519/2519/2519
f 2503/2503/2503 2519/2519/2519 2505/2505/2505
f 2523/2523/2523 2522/2522/2522 2539/2539/2539
f 2504/2504/2504 2520/2520/2520 2519/2519/2519
f 2505/2505/2505 2521/2521/2521 2506/2506/2506
f 2519/2519/2519 2521/2521/2521 2505/2505/2505
f 2521/2521/2521 2522/2522/2522 2506/2506/2506
f 2519/2519/2519 2520/2520/2520 2535/2535/2535
f 2519/2519/2519 2535/2535/2535 2521/2521/2521
f 2520/2520/2520 2536/2536/2536 2535/2535/2535
f 2521/2521/2521 2537/2537/2537 2522/2522/2522
f 2535/2535/2535 2537/2537/2537 2521/2521/2521
f 2522/2522/2522 2538/2538/2538 2539/2539/2539
f 2537/2537/2537 2538/2538/2538 2522/2522/2522
f 2539/2539/2539 2538/2538/2538 2555/2555/2555
f 2535/2535/2535 2536/2536/2536 2551/2551/2551
f 2535/2535/2535 2551/2551/2551 2537/2537/2537
f 2536/2536/2536 2552/2552/2552 2551/2551/2551
f 2538/2538/2538 2537/2537/2537 2554/2554/2554
f 2538/2538/2538 2554/2554/2554 2555/2555/2555
f 2551/2551/2551 2553/2553/2553 2537/2537/2537
f 2537/2537/2537 2553/2553/2553 2554/2554/2554
f 2551/2551/2551 2552/2552/2552 2567/2567/2567
f 2551/2551/2551 2567/2567/2567 2553/2553/2553
f 2552/2552/2552 2568/2568/2568 2567/2567/2567
f 2553/2553/2553 2569/2569/2569 2554/2554/2554
f 2567/2567/2567 2569/2569/2569 2553/2553/2553
f 2554/2554/2554 2570/2570/2570 2555/2555/2555
f 2569/2569/2569 2570/2570/2570 2554/2554/2554
f 2570/2570/2570 2571/2571/2571 2555/2555/2555
f 2567/2567/2567 2568/2568/2568 2583/2583/2583
f 2568/2568/2568 2584/2584/2584 2583/2583/2583
f 2570/2570/2570 2586/2586/2586 2571/2571/2571
f 2570/2570/2570 2569/2569/2569 2586/2586/2586
f 2586/2586/2586 2587/2587/2587 2571/2571/2571
f 2569/2569/2569 2567/2567/2567 2585/2585/2585
f 2567/2567/2567 2583/2583/2583 2585/2585/2585
f 2569/2569/2569 2585/2585/2585 2586/2586/2586
f 2583/2583/2583 2584/2584/2584 2599/2599/2599
f 2583/2583/2583 2599/2599/2599 2585/2585/2585
f 2584/2584/2584 2600/2600/2600 2599/2599/2599
f 2600/2600/2600 2616/2616/2616 2599/2599/2599
f 2585/2585/2585 2601/2601/2601 2586/2586/2586
f 2599/2599/2599 2601/2601/2601 2585/2585/2585
f 2586/2586/2586 2602/2602/2602 2587/2587/2587
f 2601/2601/2601 2602/2602/2602 2586/2586/2586
f 2602/2602/2602 2603/2603/2603 2587/2587/2587
f 2603/2603/2603 2602/2602/2602 2619/2619/2619
f 2616/2616/2616 2615/2615/2615 2599/2599/2599
f 2602/2602/2602 2618/2618/2618 2619/2619/2619
f 2602/2602/2602 2601/2601/2601 2618/2618/2618
f 2601/2601/2601 2599/2599/2599 2617/2617/2617
f 2599/2599/2599 2615/2615/2615 2617/2617/2617
f 2601/2601/2601 2617/2617/2617 2618/2618/2618
f 2615/2615/2615 2616/2616/2616 2631/2631/2631
f 2615/2615/2615 2631/2631/2631 2617/2617/2617
f 2616/2616/2616 2632/2632/2632 2631/2631/2631
f 2617/2617/2617 2633/2633/2633 2618/2618/2618
f 2631/2631/2631 2633/2633/2633 2617/2617/2617
f 2618/2618/2618 2634/2634/2634 2619/2619/2619
f 2633/2633/2633 2634/2634/2634 2618/2618/2618
f 2634/2634/2634 2635/2635/2635 2619/2619/2619
f 2635/2635/2635 2634/2634/2634 2651/2651/2651
f 2634/2634/2634 2633/2633/2633 2650/2650/2650
f 2634/2634/2634 2650/2650/2650 2651/2651/2651
f 2633/2633/2633 2631/2631/2631 2649/2649/2649
f 2633/2633/2633 2649/2649/2649 2650/2650/2650
f 2631/2631/2631 2632/2632/2632 2647/2647/2647
f 2631/2631/2631 2647/2647/2647 2649/2649/2649
f 2632/2632/2632 2648/2648/2648 2647/2647/2647
f 2648/2648/2648 2667/2667/2667 2647/2647/2647
f 2650/2650/2650 2669/2669/2669 2651/2651/2651
f 2650/2650/2650 2649/2649/2649 2669/2669/2669
f 2669/2669/2669 2670/2670/2670 2651/2651/2651
f 2670/2670/2670 2669/2669/2669 2687/2687/2687
f 2649/2649/2649 2647/2647/2647 2668/2668/2668
f 2649/2649/2649 2668/2668/2668 2669/2669/2669
f 2667/2667/2667 2666/2666/2666 2647/2647/2647
f 2647/2647/2647 2666/2666/2666 2668/2668/2668
f 2666/2666/2666 2667/2667/2667 2683/2683/2683
f 2666/2666/2666 2683/2683/2683 2668/2668/2668
f 2667/2667/2667 2684/2684/2684 2683/2683/2683
f 2684/2684/2684 2700/2700/2700 2683/2683/2683
f 2668/2668/2668 2685/2685/2685 2669/2669/2669
f 2683/2683/2683 2685/2685/2685 2668/2668/2668
f 2669/2669/2669 2686/2686/2686 2687/2687/2687
f 2685/2685/2685 2686/2686/2686 2669/2669/2669
f 2687/2687/2687 2686/2686/2686 2703/2703/2703
f 2683/2683/2683 2699/2699/2699 2685/2685/2685
f 2700/2700/2700 2699/2699/2699 2683/2683/2683
f 2685/2685/2685 2701/2701/2701 2686/2686/2686
f 2699/2699/2699 2701/2701/2701 2685/2685/2685
f 2686/2686/2686 2702/2702/2702 2703/2703/2703
f 2701/2701/2701 2702/2702/2702 2686/2686/2686
f 2699/2699/2699 2700/2700/2700 2715/2715/2715
f 2700/2700/2700 2716/2716/2716 2715/2715/2715
f 2701/2701/2701 2699/2699/2699 2717/2717/2717
f 2699/2699/2699 2715/2715/2715 2717/2717/2717
f 2701/2701/2701 2717/2717/2717 2702/2702/2702
f 2715/2715/2715 2716/2716/2716 2731/2731/2731
f 2715/2715/2715 2731/2731/2731 2717/2717/2717
f 2716/2716/2716 2732/2732/2732 2731/2731/2731
f 2702/2702/2702 2718/2718/2718 2703/2703/2703
f 2717/2717/2717 2718/2718/2718 2702/2702/2702
f 2718/2718/2718 2719/2719/2719 2703/2703/2703
f 2732/2732/2732 2748/2748/2748 2731/2731/2731
f 2719/2719/2719 2718/2718/2718 2735/2735/2735
f 2718/2718/2718 2717/2717/2717 2734/2734/2734
f 2718/2718/2718 2734/2734/2734 2735/2735/2735
f 2731/2731/2731 2733/2733/2733 2717/2717/2717
f 2717/2717/2717 2733/2733/2733 2734/2734/2734
f 2734/2734/2734 2750/2750/2750 2735/2735/2735
f 2734/2734/2734 2733/2733/2733 2750/2750/2750
f 2750/2750/2750 2751/2751/2751 2735/2735/2735
f 2733/2733/2733 2731/2731/2731 2749/2749/2749
f 2733/2733/2733 2749/2749/2749 2750/2750/2750
f 2748/2748/2748 2747/2747/2747 2731/2731/2731
f 2731/2731/2731 2747/2747/2747 2749/2749/2749
f 2750/2750/2750 2766/2766/2766 2751/2751/2751
f 2766/2766/2766 2767/2767/2767 2751/2751/2751
f 2749/2749/2749 2765/2765/2765 2750/2750/2750
f 2749/2749/2749 2747/2747/2747 2765/2765/2765
f 2765/2765/2765 2766/2766/2766 2750/2750/2750
f 2767/2767/2767 2766/2766/2766 2783/2783/2783
f 2747/2747/2747 2748/2748/2748 2763/2763/2763
f 2747/2747/2747 2763/2763/2763 2765/2765/2765
f 2748/2748/2748 2764/2764/2764 2763/2763/2763
f 2764/2764/2764 2780/2780/2780 2763/2763/2763
f 2766/2766/2766 2782/2782/2782 2783/2783/2783
f 2780/2780/2780 2779/2779/2779 2763/2763/2763
f 2763/2763/2763 2779/2779/2779 2765/2765/2765
f 2765/2765/2765 2781/2781/2781 2766/2766/2766
f 2781/2781/2781 2782/2782/2782 2766/2766/2766
f 2779/2779/2779 2781/2781/2781 2765/2765/2765
f 2782/2782/2782 2798/2798/2798 2783/2783/2783
f 2782/2782/2782 2781/2781/2781 2798/2798/2798
f 2798/2798/2798 2799/2799/2799 2783/2783/2783
f 2799/2799/2799 2798/2798/2798 2815/2815/2815
f 2781/2781/2781 2779/2779/2779 2797/2797/2797
f 2781/2781/2781 2797/2797/2797 2798/2798/2798
f 2779/2779/2779 2780/2780/2780 2795/2795/2795
f 2779/2779/2779 2795/2795/2795 2797/2797/2797
f 2780/2780/2780 2796/2796/2796 2795/2795/2795
f 2798/2798/2798 2814/2814/2814 2815/2815/2815
f 2815/2815/2815 2814/2814/2814 2831/2831/2831
f 2797/2797/2797 2813/2813/2813 2798/2798/2798
f 2813/2813/2813 2814/2814/2814 2798/2798/2798
f 2797/2797/2797 2795/2795/2795 2813/2813/2813
f 2814/2814/2814 2830/2830/2830 2831/2831/2831
f 2814/2814/2814 2813/2813/2813 2830/2830/2830
f 2795/2795/2795 2796/2796/2796 2811/2811/2811
f 2795/2795/2795 2811/2811/2811 2813/2813/2813
f 2796/2796/2796 2812/2812/2812 2811/2811/2811
f 2830/2830/2830 2846/2846/2846 2831/2831/2831
f 2811/2811/2811 2812/2812/2812 2827/2827/2827
f 2811/2811/2811 2827/2827/2827 2813/2813/2813
f 2846/2846/2846 2847/2847/2847 2831/2831/2831
f 2812/2812/2812 2828/2828/2828 2827/2827/2827
f 2813/2813/2813 2829/2829/2829 2830/2830/2830
f 2827/2827/2827 2829/2829/2829 2813/2813/2813
f 2830/2830/2830 2829/2829/2829 2846/2846/2846
f 2827/2827/2827 2828/2828/2828 2843/2843/2843
f 2827/2827/2827 2843/2843/2843 2829/2829/2829
f 2828/2828/2828 2844/2844/2844 2843/2843/2843
f 2829/2829/2829 2845/2845/2845 2846/2846/2846
f 2843/2843/2843 2845/2845/2845 2829/2829/2829
f 2846/2846/2846 2863/2863/2863 2847/2847/2847
f 2846/2846/2846 2845/2845/2845 2863/2863/2863
f 2863/2863/2863 2864/2864/2864 2847/2847/2847
f 2843/2843/2843 2844/2844/2844 2860/2860/2860
f 2843/2843/2843 2860/2860/2860 2845/2845/2845
f 2844/2844/2844 2861/2861/2861 2860/2860/2860
f 2845/2845/2845 2862/2862/2862 2863/2863/2863
f 2860/2860/2860 2862/2862/2862 2845/2845/2845
f 2863/2863/2863 2880/2880/2880 2864/2864/2864
f 2863/2863/2863 2862/2862/2862 2880/2880/2880
f 2880/2880/2880 2881/2881/2881 2864/2864/2864
f 2860/2860/2860 2861/2861/2861 2877/2877/2877
f 2861/2861/2861 2878/2878/2878 2877/2877/2877
f 2862/2862/2862 2860/2860/2860 2879/2879/2879
f 2860/2860/2860 2877/2877/2877 2879/2879/2879
f 2862/2862/2862 2879/2879/2879 2880/2880/2880
f 2877/2877/2877 2878/2878/2878 2893/2893/2893
f 2877/2877/2877 2893/2893/2893 2879/2879/2879
f 2878/2878/2878 2894/2894/2894 2893/2893/2893
f 2894/2894/2894 2910/2910/2910 2893/2893/2893
f 2880/2880/2880 2896/2896/2896 2881/2881/2881
f 2880/2880/2880 2879/2879/2879 2896/2896/2896
f 2896/2896/2896 2897/2897/2897 2881/2881/2881
f 2897/2897/2897 2896/2896/2896 2913/2913/2913
f 2896/2896/2896 2912/2912/2912 2913/2913/2913
f 2879/2879/2879 2895/2895/2895 2896/2896/2896
f 2896/2896/2896 2895/2895/2895 2912/2912/2912
f 2893/2893/2893 2895/2895/2895 2879/2879/2879
f 2895/2895/2895 2911/2911/2911 2912/2912/2912
f 2912/2912/2912 2911/2911/2911 2928/2928/2928
f 2893/2893/2893 2909/2909/2909 2895/2895/2895
f 2909/2909/2909 2911/2911/2911 2895/2895/2895
f 2910/2910/2910 2909/2909/2909 2893/2893/2893
f 2911/2911/2911 2927/2927/2927 2928/2928/2928
f 2911/2911/2911 2909/2909/2909 2927/2927/2927
f 2909/2909/2909 2910/2910/2910 2925/2925/2925
f 2909/2909/2909 2925/2925/2925 2927/2927/2927
f 2910/2910/2910 2926/2926/2926 2925/2925/2925
f 2926/2926/2926 2942/2942/2942 2925/2925/2925
f 2927/2927/2927 2943/2943/2943 2928/2928/2928
f 2927/2927/2927 2925/2925/2925 2943/2943/2943
f 2943/2943/2943 2944/2944/2944 2928/2928/2928
f 2942/2942/2942 2941/2941/2941 2925/2925/2925
f 2925/2925/2925 2941/2941/2941 2943/2943/2943
f 2944/2944/2944 2943/2943/2943 2960/2960/2960
f 2941/2941/2941 2942/2942/2942 2957/2957/2957
f 2941/2941/2941 2957/2957/2957 2943/2943/2943
f 2942/2942/2942 2958/2958/2958 2957/2957/2957
f 2943/2943/2943 2959/2959/2959 2960/2960/2960
f 2957/2957/2957 2959/2959/2959 2943/2943/2943
f 3527/3527/3527 2960/2960/2960 2977/2977/2977
f 2959/2959/2959 2957/2957/2957 2975/2975/2975
f 2959/2959/2959 2975/2975/2975 2960/2960/2960
f 2957/2957/2957 2958/2958/2958 2973/2973/2973
f 2957/2957/2957 2973/2973/2973 2975/2975/2975
f 2958/2958/2958 2974/2974/2974 2973/2973/2973
f 2974/2974/2974 2990/2990/2990 2973/2973/2973
f 2960/2960/2960 2976/2976/2976 2977/2977/2977
f 2975/2975/2975 2976/2976/2976 2960/2960/2960
f 2977/2977/2977 2976/2976/2976 2993/2993/2993
f 2975/2975/2975 2973/2973/2973 2991/2991/2991
f 2975/2975/2975 2991/2991/2991 2976/2976/2976
f 2990/2990/2990 2989/2989/2989 2973/2973/2973
f 2973/2973/2973 2989/2989/2989 2991/2991/2991
f 2990/2990/2990 3006/3006/3006 2989/2989/2989
f 2976/2976/2976 2992/2992/2992 2993/2993/2993
f 2991/2991/2991 2992/2992/2992 2976/2976/2976
f 2993/2993/2993 2992/2992/2992 3009/3009/3009
f 2991/2991/2991 2989/2989/2989 3007/3007/3007
f 2991/2991/2991 3007/3007/3007 2992/2992/2992
f 3006/3006/3006 3005/3005/3005 2989/2989/2989
f 2989/2989/2989 3005/3005/3005 3007/3007/3007
f 3006/3006/3006 3022/3022/3022 3005/3005/3005
f 3007/3007/3007 3008/3008/3008 2992/2992/2992
f 2992/2992/2992 3008/3008/3008 3009/3009/3009
f 3022/3022/3022 3021/3021/3021 3005/3005/3005
f 3022/3022/3022 3039/3039/3039 3021/3021/3021
f 3007/3007/3007 3005/3005/3005 3023/3023/3023
f 3005/3005/3005 3021/3021/3021 3023/3023/3023
f 3007/3007/3007 3023/3023/3023 3008/3008/3008
f 3039/3039/3039 3038/3038/3038 3021/3021/3021
f 3021/3021/3021 3038/3038/3038 3023/3023/3023
f 3008/3008/3008 3024/3024/3024 3009/3009/3009
f 3023/3023/3023 3024/3024/3024 3008/3008/3008
f 3024/3024/3024 3025/3025/3025 3009/3009/3009
f 3025/3025/3025 3024/3024/3024 3042/3042/3042
f 3038/3038/3038 3040/3040/3040 3023/3023/3023
f 3023/3023/3023 3040/3040/3040 3024/3024/3024
f 3024/3024/3024 3041/3041/3041 3042/3042/3042
f 3040/3040/3040 3041/3041/3041 3024/3024/3024
f 3042/3042/3042 3041/3041/3041 3058/3058/3058
f 3040/3040/3040 3038/3038/3038 3056/3056/3056
f 3040/3040/3040 3056/3056/3056 3041/3041/3041
f 3038/3038/3038 3039/3039/3039 3054/3054/3054
f 3038/3038/3038 3054/3054/3054 3056/3056/3056
f 3039/3039/3039 3055/3055/3055 3054/3054/3054
f 3054/3054/3054 3055/3055/3055 3071/3071/3071
f 3054/3054/3054 3071/3071/3071 3056/3056/3056
f 3041/3041/3041 3057/3057/3057 3058/3058/3058
f 3056/3056/3056 3057/3057/3057 3041/3041/3041
f 3071/3071/3071 3073/3073/3073 3056/3056/3056
f 3056/3056/3056 3073/3073/3073 3057/3057/3057
f 3073/3073/3073 3071/3071/3071 2318/2318/2318
f 3073/3073/3073 2318/2318/2318 3086/3086/3086
f 3057/3057/3057 3074/3074/3074 3058/3058/3058
f 3073/3073/3073 3074/3074/3074 3057/3057/3057
f 3074/3074/3074 3073/3073/3073 3086/3086/3086
f 3074/3074/3074 3075/3075/3075 3058/3058/3058
f 3074/3074/3074 3086/3086/3086 3087/3087/3087
f 3075/3075/3075 3074/3074/3074 3087/3087/3087
f 2321/2321/2321 2320/2320/2320 2319/2319/2319
f 2320/2320/2320 2344/2344/2344 2319/2319/2319
f 2323/2323/2323 2321/2321/2321 2319/2319/2319
f 2344/2344/2344 2343/2343/2343 2319/2319/2319
f 2344/2344/2344 2360/2360/2360 2343/2343/2343
f 2323/2323/2323 2319/2319/2319 2322/2322/2322
f 2319/2319/2319 2343/2343/2343 2322/2322/2322
f 2360/2360/2360 2359/2359/2359 2343/2343/2343
f 3088/3088/3088 2323/2323/2323 2322/2322/2322
f 2359/2359/2359 2360/2360/2360 2375/2375/2375
f 2360/2360/2360 2376/2376/2376 2375/2375/2375
f 2323/2323/2323 3088/3088/3088 3076/3076/3076
f 3077/3077/3077 2323/2323/2323 3076/3076/3076
f 3088/3088/3088 2322/2322/2322 2324/2324/2324
f 3076/3076/3076 3088/3088/3088 2324/2324/2324
f 2322/2322/2322 2325/2325/2325 2324/2324/2324
f 3078/3078/3078 3076/3076/3076 2324/2324/2324
f 2322/2322/2322 2345/2345/2345 2325/2325/2325
f 2343/2343/2343 2345/2345/2345 2322/2322/2322
f 2343/2343/2343 2359/2359/2359 2345/2345/2345
f 2345/2345/2345 2346/2346/2346 2325/2325/2325
f 2346/2346/2346 2345/2345/2345 2362/2362/2362
f 3060/3060/3060 3076/3076/3076 3078/3078/3078
f 3077/3077/3077 3076/3076/3076 3060/3060/3060
f 3062/3062/3062 3060/3060/3060 3078/3078/3078
f 3061/3061/3061 3077/3077/3077 3060/3060/3060
f 3059/3059/3059 3060/3060/3060 3062/3062/3062
f 3061/3061/3061 3060/3060/3060 3059/3059/3059
f 3531/3531/3531 3059/3059/3059 3062/3062/3062
f 3530/3530/3530 3061/3061/3061 3059/3059/3059
f 2345/2345/2345 2361/2361/2361 2362/2362/2362
f 2359/2359/2359 2361/2361/2361 2345/2345/2345
f 2361/2361/2361 2377/2377/2377 2362/2362/2362
f 2361/2361/2361 2359/2359/2359 2377/2377/2377
f 2359/2359/2359 2375/2375/2375 2377/2377/2377
f 2377/2377/2377 2378/2378/2378 2362/2362/2362
f 2378/2378/2378 2377/2377/2377 2394/2394/2394
f 2375/2375/2375 2376/2376/2376 2391/2391/2391
f 2375/2375/2375 2391/2391/2391 2377/2377/2377
f 2376/2376/2376 2392/2392/2392 2391/2391/2391
f 2392/2392/2392 2408/2408/2408 2391/2391/2391
f 2408/2408/2408 2407/2407/2407 2391/2391/2391
f 2377/2377/2377 2393/2393/2393 2394/2394/2394
f 2391/2391/2391 2393/2393/2393 2377/2377/2377
f 2391/2391/2391 2407/2407/2407 2393/2393/2393
f 2394/2394/2394 2393/2393/2393 2410/2410/2410
f 2407/2407/2407 2409/2409/2409 2393/2393/2393
f 2393/2393/2393 2409/2409/2409 2410/2410/2410
f 2407/2407/2407 2425/2425/2425 2409/2409/2409
f 2410/2410/2410 2409/2409/2409 2426/2426/2426
f 2425/2425/2425 2424/2424/2424 2409/2409/2409
f 2409/2409/2409 2424/2424/2424 2426/2426/2426
f 2425/2425/2425 2441/2441/2441 2424/2424/2424
f 2426/2426/2426 2424/2424/2424 2442/2442/2442
f 2441/2441/2441 2457/2457/2457 2456/2456/2456
f 2424/2424/2424 2440/2440/2440 2442/2442/2442
f 2441/2441/2441 2440/2440/2440 2424/2424/2424
f 2440/2440/2440 2441/2441/2441 2456/2456/2456
f 2442/2442/2442 2440/2440/2440 2458/2458/2458
f 2440/2440/2440 2456/2456/2456 2458/2458/2458
f 2328/2328/2328 2327/2327/2327 2326/2326/2326
f 3089/3089/3089 2328/2328/2328 2326/2326/2326
f 2327/2327/2327 2328/2328/2328 2347/2347/2347
f 2328/2328/2328 2348/2348/2348 2347/2347/2347
f 3089/3089/3089 2326/2326/2326 3079/3079/3079
f 3080/3080/3080 3089/3089/3089 3079/3079/3079
f 3064/3064/3064 3080/3080/3080 3079/3079/3079
f 2326/2326/2326 2327/2327/2327 2329/2329/2329
f 3079/3079/3079 2326/2326/2326 2329/2329/2329
f 2327/2327/2327 2347/2347/2347 2330/2330/2330
f 2327/2327/2327 2330/2330/2330 2329/2329/2329
f 2347/2347/2347 2348/2348/2348 2363/2363/2363
f 2348/2348/2348 2364/2364/2364 2363/2363/2363
f 2364/2364/2364 2380/2380/2380 2363/2363/2363
f 2347/2347/2347 2349/2349/2349 2330/2330/2330
f 2380/2380/2380 2379/2379/2379 2363/2363/2363
f 2380/2380/2380 2396/2396/2396 2379/2379/2379
f 2347/2347/2347 2363/2363/2363 2365/2365/2365
f 2349/2349/2349 2347/2347/2347 2365/2365/2365
f 2363/2363/2363 2379/2379/2379 2365/2365/2365
f 2330/2330/2330 2349/2349/2349 2350/2350/2350
f 2349/2349/2349 2365/2365/2365 2350/2350/2350
f 2396/2396/2396 2395/2395/2395 2379/2379/2379
f 2396/2396/2396 2412/2412/2412 2395/2395/2395
f 2379/2379/2379 2381/2381/2381 2365/2365/2365
f 2412/2412/2412 2411/2411/2411 2395/2395/2395
f 2412/2412/2412 2428/2428/2428 2411/2411/2411
f 2379/2379/2379 2395/2395/2395 2397/2397/2397
f 2381/2381/2381 2379/2379/2379 2397/2397/2397
f 2395/2395/2395 2411/2411/2411 2397/2397/2397
f 2365/2365/2365 2381/2381/2381 2366/2366/2366
f 2365/2365/2365 2366/2366/2366 2350/2350/2350
f 2381/2381/2381 2397/2397/2397 2382/2382/2382
f 2381/2381/2381 2382/2382/2382 2366/2366/2366
f 2411/2411/2411 2413/2413/2413 2397/2397/2397
f 2366/2366/2366 2382/2382/2382 2383/2383/2383
f 2367/2367/2367 2366/2366/2366 2383/2383/2383
f 2383/2383/2383 2382/2382/2382 2399/2399/2399
f 2366/2366/2366 2367/2367/2367 2351/2351/2351
f 2350/2350/2350 2366/2366/2366 2351/2351/2351
f 2382/2382/2382 2398/2398/2398 2399/2399/2399
f 2397/2397/2397 2398/2398/2398 2382/2382/2382
f 2397/2397/2397 2413/2413/2413 2398/2398/2398
f 2399/2399/2399 2398/2398/2398 2415/2415/2415
f 2332/2332/2332 2350/2350/2350 2351/2351/2351
f 2332/2332/2332 2330/2330/2330 2350/2350/2350
f 2334/2334/2334 2332/2332/2332 2351/2351/2351
f 2332/2332/2332 2334/2334/2334 2333/2333/2333
f 2398/2398/2398 2414/2414/2414 2415/2415/2415
f 2413/2413/2413 2414/2414/2414 2398/2398/2398
f 2415/2415/2415 2414/2414/2414 2431/2431/2431
f 2331/2331/2331 2332/2332/2332 2333/2333/2333
f 2330/2330/2330 2332/2332/2332 2331/2331/2331
f 2329/2329/2329 2330/2330/2330 2331/2331/2331
f 2331/2331/2331 2333/2333/2333 3083/3083/3083
f 2414/2414/2414 2430/2430/2430 2431/2431/2431
f 2431/2431/2431 2430/2430/2430 2447/2447/2447
f 2413/2413/2413 2429/2429/2429 2414/2414/2414
f 2429/2429/2429 2430/2430/2430 2414/2414/2414
f 2413/2413/2413 2411/2411/2411 2429/2429/2429
f 2430/2430/2430 2446/2446/2446 2447/2447/2447
f 2430/2430/2430 2429/2429/2429 2446/2446/2446
f 2447/2447/2447 2446/2446/2446 2463/2463/2463
f 2411/2411/2411 2427/2427/2427 2429/2429/2429
f 2428/2428/2428 2427/2427/2427 2411/2411/2411
f 2429/2429/2429 2445/2445/2445 2446/2446/2446
f 2429/2429/2429 2427/2427/2427 2445/2445/2445
f 2446/2446/2446 2462/2462/2462 2463/2463/2463
f 2463/2463/2463 2462/2462/2462 2482/2482/2482
f 2427/2427/2427 2428/2428/2428 2443/2443/2443
f 2427/2427/2427 2443/2443/2443 2445/2445/2445
f 2428/2428/2428 2444/2444/2444 2443/2443/2443
f 2444/2444/2444 2460/2460/2460 2443/2443/2443
f 2445/2445/2445 2461/2461/2461 2446/2446/2446
f 2445/2445/2445 2443/2443/2443 2461/2461/2461
f 2461/2461/2461 2462/2462/2462 2446/2446/2446
f 2460/2460/2460 2459/2459/2459 2443/2443/2443
f 2443/2443/2443 2459/2459/2459 2461/2461/2461
f 2460/2460/2460 2479/2479/2479 2459/2459/2459
f 2459/2459/2459 2478/2478/2478 2461/2461/2461
f 2479/2479/2479 2478/2478/2478 2459/2459/2459
f 2461/2461/2461 2480/2480/2480 2462/2462/2462
f 2478/2478/2478 2480/2480/2480 2461/2461/2461
f 2462/2462/2462 2481/2481/2481 2482/2482/2482
f 2480/2480/2480 2481/2481/2481 2462/2462/2462
f 2482/2482/2482 2481/2481/2481 2499/2499/2499
f 2478/2478/2478 2479/2479/2479 2495/2495/2495
f 2478/2478/2478 2495/2495/2495 2480/2480/2480
f 2479/2479/2479 2496/2496/2496 2495/2495/2495
f 2481/2481/2481 2480/2480/2480 2498/2498/2498
f 2481/2481/2481 2498/2498/2498 2499/2499/2499
f 2495/2495/2495 2497/2497/2497 2480/2480/2480
f 2480/2480/2480 2497/2497/2497 2498/2498/2498
f 2495/2495/2495 2496/2496/2496 2511/2511/2511
f 2496/2496/2496 2512/2512/2512 2511/2511/2511
f 2497/2497/2497 2495/2495/2495 2513/2513/2513
f 2497/2497/2497 2513/2513/2513 2498/2498/2498
f 2495/2495/2495 2511/2511/2511 2513/2513/2513
f 2498/2498/2498 2514/2514/2514 2499/2499/2499
f 2513/2513/2513 2514/2514/2514 2498/2498/2498
f 2514/2514/2514 2515/2515/2515 2499/2499/2499
f 2515/2515/2515 2514/2514/2514 2531/2531/2531
f 2513/2513/2513 2511/2511/2511 2529/2529/2529
f 2513/2513/2513 2529/2529/2529 2514/2514/2514
f 2511/2511/2511 2512/2512/2512 2527/2527/2527
f 2511/2511/2511 2527/2527/2527 2529/2529/2529
f 2512/2512/2512 2528/2528/2528 2527/2527/2527
f 2528/2528/2528 2544/2544/2544 2527/2527/2527
f 2514/2514/2514 2530/2530/2530 2531/2531/2531
f 2529/2529/2529 2530/2530/2530 2514/2514/2514
f 2544/2544/2544 2543/2543/2543 2527/2527/2527
f 2527/2527/2527 2543/2543/2543 2529/2529/2529
f 2544/2544/2544 2560/2560/2560 2543/2543/2543
f 2529/2529/2529 2545/2545/2545 2530/2530/2530
f 2543/2543/2543 2545/2545/2545 2529/2529/2529
f 2530/2530/2530 2546/2546/2546 2531/2531/2531
f 2545/2545/2545 2546/2546/2546 2530/2530/2530
f 2546/2546/2546 2547/2547/2547 2531/2531/2531
f 2547/2547/2547 2546/2546/2546 2563/2563/2563
f 2545/2545/2545 2543/2543/2543 2561/2561/2561
f 2545/2545/2545 2561/2561/2561 2546/2546/2546
f 2560/2560/2560 2559/2559/2559 2543/2543/2543
f 2543/2543/2543 2559/2559/2559 2561/2561/2561
f 2546/2546/2546 2562/2562/2562 2563/2563/2563
f 2561/2561/2561 2562/2562/2562 2546/2546/2546
f 2562/2562/2562 2578/2578/2578 2563/2563/2563
f 2562/2562/2562 2561/2561/2561 2578/2578/2578
f 2578/2578/2578 2579/2579/2579 2563/2563/2563
f 2561/2561/2561 2559/2559/2559 2577/2577/2577
f 2561/2561/2561 2577/2577/2577 2578/2578/2578
f 2559/2559/2559 2560/2560/2560 2575/2575/2575
f 2559/2559/2559 2575/2575/2575 2577/2577/2577
f 2560/2560/2560 2576/2576/2576 2575/2575/2575
f 2576/2576/2576 2592/2592/2592 2575/2575/2575
f 2578/2578/2578 2594/2594/2594 2579/2579/2579
f 2594/2594/2594 2595/2595/2595 2579/2579/2579
f 2592/2592/2592 2591/2591/2591 2575/2575/2575
f 2575/2575/2575 2591/2591/2591 2577/2577/2577
f 2592/2592/2592 2608/2608/2608 2591/2591/2591
f 2577/2577/2577 2593/2593/2593 2578/2578/2578
f 2593/2593/2593 2594/2594/2594 2578/2578/2578
f 2591/2591/2591 2593/2593/2593 2577/2577/2577
f 2594/2594/2594 2610/2610/2610 2595/2595/2595
f 2594/2594/2594 2593/2593/2593 2610/2610/2610
f 2610/2610/2610 2611/2611/2611 2595/2595/2595
f 2611/2611/2611 2610/2610/2610 2627/2627/2627
f 2593/2593/2593 2591/2591/2591 2609/2609/2609
f 2593/2593/2593 2609/2609/2609 2610/2610/2610
f 2608/2608/2608 2607/2607/2607 2591/2591/2591
f 2591/2591/2591 2607/2607/2607 2609/2609/2609
f 2608/2608/2608 2624/2624/2624 2607/2607/2607
f 2609/2609/2609 2625/2625/2625 2610/2610/2610
f 2609/2609/2609 2607/2607/2607 2625/2625/2625
f 2610/2610/2610 2626/2626/2626 2627/2627/2627
f 2625/2625/2625 2626/2626/2626 2610/2610/2610
f 2624/2624/2624 2623/2623/2623 2607/2607/2607
f 2607/2607/2607 2623/2623/2623 2625/2625/2625
f 2624/2624/2624 2640/2640/2640 2623/2623/2623
f 2626/2626/2626 2642/2642/2642 2627/2627/2627
f 2626/2626/2626 2625/2625/2625 2642/2642/2642
f 2642/2642/2642 2643/2643/2643 2627/2627/2627
f 2640/2640/2640 2639/2639/2639 2623/2623/2623
f 2623/2623/2623 2639/2639/2639 2625/2625/2625
f 2640/2640/2640 2658/2658/2658 2639/2639/2639
f 2625/2625/2625 2641/2641/2641 2642/2642/2642
f 2639/2639/2639 2641/2641/2641 2625/2625/2625
f 2642/2642/2642 2660/2660/2660 2643/2643/2643
f 2642/2642/2642 2641/2641/2641 2660/2660/2660
f 2660/2660/2660 2661/2661/2661 2643/2643/2643
f 2641/2641/2641 2639/2639/2639 2659/2659/2659
f 2641/2641/2641 2659/2659/2659 2660/2660/2660
f 2658/2658/2658 2657/2657/2657 2639/2639/2639
f 2639/2639/2639 2657/2657/2657 2659/2659/2659
f 2660/2660/2660 2677/2677/2677 2661/2661/2661
f 2677/2677/2677 2678/2678/2678 2661/2661/2661
f 2659/2659/2659 2676/2676/2676 2660/2660/2660
f 2659/2659/2659 2657/2657/2657 2676/2676/2676
f 2676/2676/2676 2677/2677/2677 2660/2660/2660
f 2678/2678/2678 2677/2677/2677 2695/2695/2695
f 2657/2657/2657 2658/2658/2658 2674/2674/2674
f 2657/2657/2657 2674/2674/2674 2676/2676/2676
f 2658/2658/2658 2675/2675/2675 2674/2674/2674
f 2675/2675/2675 2692/2692/2692 2674/2674/2674
f 2677/2677/2677 2694/2694/2694 2695/2695/2695
f 2692/2692/2692 2691/2691/2691 2674/2674/2674
f 2674/2674/2674 2691/2691/2691 2676/2676/2676
f 2692/2692/2692 2708/2708/2708 2691/2691/2691
f 2676/2676/2676 2693/2693/2693 2677/2677/2677
f 2693/2693/2693 2694/2694/2694 2677/2677/2677
f 2691/2691/2691 2693/2693/2693 2676/2676/2676
f 2694/2694/2694 2710/2710/2710 2695/2695/2695
f 2694/2694/2694 2693/2693/2693 2710/2710/2710
f 2710/2710/2710 2711/2711/2711 2695/2695/2695
f 2693/2693/2693 2691/2691/2691 2709/2709/2709
f 2693/2693/2693 2709/2709/2709 2710/2710/2710
f 2708/2708/2708 2707/2707/2707 2691/2691/2691
f 2691/2691/2691 2707/2707/2707 2709/2709/2709
f 2707/2707/2707 2708/2708/2708 2723/2723/2723
f 2707/2707/2707 2723/2723/2723 2709/2709/2709
f 2708/2708/2708 2724/2724/2724 2723/2723/2723
f 2709/2709/2709 2725/2725/2725 2710/2710/2710
f 2723/2723/2723 2725/2725/2725 2709/2709/2709
f 2710/2710/2710 2726/2726/2726 2711/2711/2711
f 2725/2725/2725 2726/2726/2726 2710/2710/2710
f 2726/2726/2726 2727/2727/2727 2711/2711/2711
f 2727/2727/2727 2726/2726/2726 2743/2743/2743
f 2723/2723/2723 2724/2724/2724 2739/2739/2739
f 2724/2724/2724 2740/2740/2740 2739/2739/2739
f 2726/2726/2726 2742/2742/2742 2743/2743/2743
f 2726/2726/2726 2725/2725/2725 2742/2742/2742
f 2739/2739/2739 2740/2740/2740 2755/2755/2755
f 2740/2740/2740 2756/2756/2756 2755/2755/2755
f 2723/2723/2723 2739/2739/2739 2741/2741/2741
f 2725/2725/2725 2723/2723/2723 2741/2741/2741
f 2739/2739/2739 2755/2755/2755 2741/2741/2741
f 2725/2725/2725 2741/2741/2741 2742/2742/2742
f 2755/2755/2755 2756/2756/2756 2771/2771/2771
f 2756/2756/2756 2772/2772/2772 2771/2771/2771
f 2755/2755/2755 2757/2757/2757 2741/2741/2741
f 2741/2741/2741 2757/2757/2757 2742/2742/2742
f 2755/2755/2755 2771/2771/2771 2757/2757/2757
f 2772/2772/2772 2788/2788/2788 2771/2771/2771
f 2742/2742/2742 2758/2758/2758 2743/2743/2743
f 2757/2757/2757 2758/2758/2758 2742/2742/2742
f 2758/2758/2758 2759/2759/2759 2743/2743/2743
f 2759/2759/2759 2758/2758/2758 2775/2775/2775
f 2771/2771/2771 2773/2773/2773 2757/2757/2757
f 2757/2757/2757 2773/2773/2773 2758/2758/2758
f 2788/2788/2788 2787/2787/2787 2771/2771/2771
f 2773/2773/2773 2774/2774/2774 2758/2758/2758
f 2758/2758/2758 2774/2774/2774 2775/2775/2775
f 2773/2773/2773 2771/2771/2771 2789/2789/2789
f 2773/2773/2773 2789/2789/2789 2774/2774/2774
f 2771/2771/2771 2787/2787/2787 2789/2789/2789
f 2774/2774/2774 2790/2790/2790 2775/2775/2775
f 2789/2789/2789 2790/2790/2790 2774/2774/2774
f 2790/2790/2790 2791/2791/2791 2775/2775/2775
f 2787/2787/2787 2788/2788/2788 2803/2803/2803
f 2787/2787/2787 2803/2803/2803 2789/2789/2789
f 2788/2788/2788 2804/2804/2804 2803/2803/2803
f 2804/2804/2804 2820/2820/2820 2803/2803/2803
f 2789/2789/2789 2805/2805/2805 2790/2790/2790
f 2803/2803/2803 2805/2805/2805 2789/2789/2789
f 2790/2790/2790 2806/2806/2806 2791/2791/2791
f 2805/2805/2805 2806/2806/2806 2790/2790/2790
f 2806/2806/2806 2807/2807/2807 2791/2791/2791
f 2807/2807/2807 2806/2806/2806 2823/2823/2823
f 2820/2820/2820 2819/2819/2819 2803/2803/2803
f 2803/2803/2803 2819/2819/2819 2805/2805/2805
f 2806/2806/2806 2822/2822/2822 2823/2823/2823
f 2806/2806/2806 2805/2805/2805 2822/2822/2822
f 2823/2823/2823 2822/2822/2822 2839/2839/2839
f 2819/2819/2819 2821/2821/2821 2805/2805/2805
f 2805/2805/2805 2821/2821/2821 2822/2822/2822
f 2819/2819/2819 2820/2820/2820 2835/2835/2835
f 2820/2820/2820 2836/2836/2836 2835/2835/2835
f 2821/2821/2821 2819/2819/2819 2837/2837/2837
f 2821/2821/2821 2837/2837/2837 2822/2822/2822
f 2819/2819/2819 2835/2835/2835 2837/2837/2837
f 2836/2836/2836 2852/2852/2852 2835/2835/2835
f 2837/2837/2837 2838/2838/2838 2822/2822/2822
f 2822/2822/2822 2838/2838/2838 2839/2839/2839
f 2837/2837/2837 2835/2835/2835 2853/2853/2853
f 2837/2837/2837 2853/2853/2853 2838/2838/2838
f 2852/2852/2852 2851/2851/2851 2835/2835/2835
f 2835/2835/2835 2851/2851/2851 2853/2853/2853
f 2852/2852/2852 2870/2870/2870 2851/2851/2851
f 2838/2838/2838 2854/2854/2854 2839/2839/2839
f 2853/2853/2853 2854/2854/2854 2838/2838/2838
f 2854/2854/2854 2855/2855/2855 2839/2839/2839
f 2853/2853/2853 2851/2851/2851 2871/2871/2871
f 2853/2853/2853 2871/2871/2871 2854/2854/2854
f 2870/2870/2870 2869/2869/2869 2851/2851/2851
f 2851/2851/2851 2869/2869/2869 2871/2871/2871
f 2870/2870/2870 2886/2886/2886 2869/2869/2869
f 2854/2854/2854 2872/2872/2872 2855/2855/2855
f 2871/2871/2871 2872/2872/2872 2854/2854/2854
f 2872/2872/2872 2873/2873/2873 2855/2855/2855
f 2873/2873/2873 2872/2872/2872 2889/2889/2889
f 2886/2886/2886 2885/2885/2885 2869/2869/2869
f 2886/2886/2886 2902/2902/2902 2885/2885/2885
f 2871/2871/2871 2869/2869/2869 2887/2887/2887
f 2869/2869/2869 2885/2885/2885 2887/2887/2887
f 2871/2871/2871 2887/2887/2887 2872/2872/2872
f 2902/2902/2902 2901/2901/2901 2885/2885/2885
f 2885/2885/2885 2901/2901/2901 2887/2887/2887
f 2902/2902/2902 2918/2918/2918 2901/2901/2901
f 2872/2872/2872 2888/2888/2888 2889/2889/2889
f 2887/2887/2887 2888/2888/2888 2872/2872/2872
f 2889/2889/2889 2888/2888/2888 2905/2905/2905
f 2888/2888/2888 2904/2904/2904 2905/2905/2905
f 2888/2888/2888 2887/2887/2887 2904/2904/2904
f 2905/2905/2905 2904/2904/2904 2921/2921/2921
f 2901/2901/2901 2903/2903/2903 2887/2887/2887
f 2887/2887/2887 2903/2903/2903 2904/2904/2904
f 2904/2904/2904 2920/2920/2920 2921/2921/2921
f 2904/2904/2904 2903/2903/2903 2920/2920/2920
f 2921/2921/2921 2920/2920/2920 2937/2937/2937
f 2901/2901/2901 2917/2917/2917 2903/2903/2903
f 2918/2918/2918 2917/2917/2917 2901/2901/2901
f 2903/2903/2903 2919/2919/2919 2920/2920/2920
f 2917/2917/2917 2919/2919/2919 2903/2903/2903
f 2920/2920/2920 2936/2936/2936 2937/2937/2937
f 2920/2920/2920 2919/2919/2919 2936/2936/2936
f 2937/2937/2937 2936/2936/2936 2953/2953/2953
f 2917/2917/2917 2918/2918/2918 2933/2933/2933
f 2917/2917/2917 2933/2933/2933 2919/2919/2919
f 2918/2918/2918 2934/2934/2934 2933/2933/2933
f 2919/2919/2919 2935/2935/2935 2936/2936/2936
f 2933/2933/2933 2935/2935/2935 2919/2919/2919
f 2936/2936/2936 2952/2952/2952 2953/2953/2953
f 2936/2936/2936 2935/2935/2935 2952/2952/2952
f 2933/2933/2933 2934/2934/2934 2949/2949/2949
f 2933/2933/2933 2949/2949/2949 2935/2935/2935
f 2934/2934/2934 2950/2950/2950 2949/2949/2949
f 2950/2950/2950 2966/2966/2966 2949/2949/2949
f 2935/2935/2935 2951/2951/2951 2952/2952/2952
f 2949/2949/2949 2951/2951/2951 2935/2935/2935
f 2952/2952/2952 2968/2968/2968 2953/2953/2953
f 2952/2952/2952 2951/2951/2951 2968/2968/2968
f 2968/2968/2968 2969/2969/2969 2953/2953/2953
f 2951/2951/2951 2949/2949/2949 2967/2967/2967
f 2951/2951/2951 2967/2967/2967 2968/2968/2968
f 2966/2966/2966 2965/2965/2965 2949/2949/2949
f 2949/2949/2949 2965/2965/2965 2967/2967/2967
f 2966/2966/2966 2982/2982/2982 2965/2965/2965
f 2967/2967/2967 2983/2983/2983 2968/2968/2968
f 2967/2967/2967 2965/2965/2965 2983/2983/2983
f 2968/2968/2968 2984/2984/2984 2969/2969/2969
f 2983/2983/2983 2984/2984/2984 2968/2968/2968
f 2984/2984/2984 2985/2985/2985 2969/2969/2969
f 2985/2985/2985 2984/2984/2984 3001/3001/3001
f 2965/2965/2965 2981/2981/2981 2983/2983/2983
f 2982/2982/2982 2981/2981/2981 2965/2965/2965
f 2984/2984/2984 3000/3000/3000 3001/3001/3001
f 3001/3001/3001 3000/3000/3000 3017/3017/3017
f 2983/2983/2983 2999/2999/2999 2984/2984/2984
f 2983/2983/2983 2981/2981/2981 2999/2999/2999
f 2999/2999/2999 3000/3000/3000 2984/2984/2984
f 2981/2981/2981 2982/2982/2982 2997/2997/2997
f 2981/2981/2981 2997/2997/2997 2999/2999/2999
f 2982/2982/2982 2998/2998/2998 2997/2997/2997
f 3000/3000/3000 3016/3016/3016 3017/3017/3017
f 3017/3017/3017 3016/3016/3016 3033/3033/3033
f 2997/2997/2997 2998/2998/2998 3013/3013/3013
f 2997/2997/2997 3013/3013/3013 2999/2999/2999
f 2998/2998/2998 3014/3014/3014 3013/3013/3013
f 2999/2999/2999 3015/3015/3015 3000/3000/3000
f 3013/3013/3013 3015/3015/3015 2999/2999/2999
f 3015/3015/3015 3016/3016/3016 3000/3000/3000
f 3013/3013/3013 3014/3014/3014 3029/3029/3029
f 3013/3013/3013 3029/3029/3029 3015/3015/3015
f 3014/3014/3014 3030/3030/3030 3029/3029/3029
f 3030/3030/3030 3047/3047/3047 3029/3029/3029
f 3016/3016/3016 3032/3032/3032 3033/3033/3033
f 3016/3016/3016 3015/3015/3015 3032/3032/3032
f 3033/3033/3033 3032/3032/3032 3050/3050/3050
f 3029/3029/3029 3031/3031/3031 3015/3015/3015
f 3015/3015/3015 3031/3031/3031 3032/3032/3032
f 3047/3047/3047 3046/3046/3046 3029/3029/3029
f 3029/3029/3029 3046/3046/3046 3031/3031/3031
f 3047/3047/3047 3064/3064/3064 3046/3046/3046
f 3032/3032/3032 3031/3031/3031 3049/3049/3049
f 3032/3032/3032 3049/3049/3049 3050/3050/3050
f 3046/3046/3046 3048/3048/3048 3031/3031/3031
f 3031/3031/3031 3048/3048/3048 3049/3049/3049
f 3064/3064/3064 3063/3063/3063 3046/3046/3046
f 3046/3046/3046 3063/3063/3063 3048/3048/3048
f 3063/3063/3063 3064/3064/3064 3079/3079/3079
f 3048/3048/3048 3065/3065/3065 3049/3049/3049
f 3063/3063/3063 3065/3065/3065 3048/3048/3048
f 3049/3049/3049 3066/3066/3066 3050/3050/3050
f 3065/3065/3065 3066/3066/3066 3049/3049/3049
f 3066/3066/3066 3067/3067/3067 3050/3050/3050
f 3067/3067/3067 3066/3066/3066 3083/3083/3083
f 3063/3063/3063 3079/3079/3079 3081/3081/3081
f 3065/3065/3065 3063/3063/3063 3081/3081/3081
f 3081/3081/3081 3079/3079/3079 2329/2329/2329
f 3081/3081/3081 2329/2329/2329 2331/2331/2331
f 3066/3066/3066 3065/3065/3065 3082/3082/3082
f 3065/3065/3065 3081/3081/3081 3082/3082/3082
f 3066/3066/3066 3082/3082/3082 3083/3083/3083
f 3082/3082/3082 3081/3081/3081 2331/2331/2331
f 3082/3082/3082 2331/2331/2331 3083/3083/3083
f 2467/2467/2467 2466/2466/2466 2465/2465/2465
f 2483/2483/2483 2467/2467/2467 2465/2465/2465
f 3519/3519/3519 2484/2484/2484 2483/2483/2483
f 2484/2484/2484 2467/2467/2467 2483/2483/2483
f 2467/2467/2467 2486/2486/2486 2466/2466/2466
f 2467/2467/2467 2484/2484/2484 2486/2486/2486
f 2486/2486/2486 2485/2485/2485 2466/2466/2466
f 2484/2484/2484 2500/2500/2500 2486/2486/2486
f 2485/2485/2485 2486/2486/2486 2501/2501/2501
f 2500/2500/2500 2516/2516/2516 2486/2486/2486
f 2486/2486/2486 2502/2502/2502 2501/2501/2501
f 2516/2516/2516 2502/2502/2502 2486/2486/2486
f 2501/2501/2501 2502/2502/2502 2517/2517/2517
f 2516/2516/2516 2532/2532/2532 2502/2502/2502
f 2532/2532/2532 2518/2518/2518 2502/2502/2502
f 2502/2502/2502 2518/2518/2518 2517/2517/2517
f 2532/2532/2532 2548/2548/2548 2518/2518/2518
f 2518/2518/2518 2534/2534/2534 2517/2517/2517
f 2548/2548/2548 2534/2534/2534 2518/2518/2518
f 2534/2534/2534 2533/2533/2533 2517/2517/2517
f 2534/2534/2534 2548/2548/2548 2550/2550/2550
f 2534/2534/2534 2550/2550/2550 2533/2533/2533
f 2548/2548/2548 2564/2564/2564 2550/2550/2550
f 2550/2550/2550 2549/2549/2549 2533/2533/2533
f 2564/2564/2564 2580/2580/2580 2550/2550/2550
f 2549/2549/2549 2550/2550/2550 2565/2565/2565
f 2580/2580/2580 2566/2566/2566 2550/2550/2550
f 2550/2550/2550 2566/2566/2566 2565/2565/2565
f 2566/2566/2566 2580/2580/2580 2582/2582/2582
f 2566/2566/2566 2582/2582/2582 2565/2565/2565
f 2582/2582/2582 2581/2581/2581 2565/2565/2565
f 2580/2580/2580 2596/2596/2596 2582/2582/2582
f 2581/2581/2581 2582/2582/2582 2597/2597/2597
f 2582/2582/2582 2596/2596/2596 2598/2598/2598
f 2582/2582/2582 2598/2598/2598 2597/2597/2597
f 2596/2596/2596 2612/2612/2612 2598/2598/2598
f 2598/2598/2598 2614/2614/2614 2597/2597/2597
f 2598/2598/2598 2612/2612/2612 2614/2614/2614
f 2614/2614/2614 2613/2613/2613 2597/2597/2597
f 2612/2612/2612 2628/2628/2628 2614/2614/2614
f 2614/2614/2614 2630/2630/2630 2613/2613/2613
f 2614/2614/2614 2628/2628/2628 2630/2630/2630
f 2628/2628/2628 2644/2644/2644 2630/2630/2630
f 2644/2644/2644 2662/2662/2662 2630/2630/2630
f 2630/2630/2630 2629/2629/2629 2613/2613/2613
f 2662/2662/2662 2646/2646/2646 2630/2630/2630
f 2630/2630/2630 2646/2646/2646 2629/2629/2629
f 2646/2646/2646 2645/2645/2645 2629/2629/2629
f 2475/2475/2475 2474/2474/2474 2473/2473/2473
f 3518/3518/3518 2475/2475/2475 2473/2473/2473
f 3518/3518/3518 2473/2473/2473 2476/2476/2476
f 2473/2473/2473 2477/2477/2477 2476/2476/2476
f 2477/2477/2477 2473/2473/2473 2494/2494/2494
f 2473/2473/2473 2474/2474/2474 2492/2492/2492
f 2473/2473/2473 2492/2492/2492 2494/2494/2494
f 2474/2474/2474 2493/2493/2493 2492/2492/2492
f 2494/2494/2494 2492/2492/2492 2510/2510/2510
f 2493/2493/2493 2509/2509/2509 2492/2492/2492
f 2492/2492/2492 2508/2508/2508 2510/2510/2510
f 2509/2509/2509 2508/2508/2508 2492/2492/2492
f 2508/2508/2508 2524/2524/2524 2510/2510/2510
f 2508/2508/2508 2509/2509/2509 2524/2524/2524
f 2524/2524/2524 2526/2526/2526 2510/2510/2510
f 2509/2509/2509 2525/2525/2525 2524/2524/2524
f 2526/2526/2526 2524/2524/2524 2542/2542/2542
f 2525/2525/2525 2541/2541/2541 2524/2524/2524
f 2524/2524/2524 2540/2540/2540 2542/2542/2542
f 2541/2541/2541 2540/2540/2540 2524/2524/2524
f 2542/2542/2542 2540/2540/2540 2558/2558/2558
f 2541/2541/2541 2557/2557/2557 2540/2540/2540
f 2557/2557/2557 2556/2556/2556 2540/2540/2540
f 2540/2540/2540 2556/2556/2556 2558/2558/2558
f 2557/2557/2557 2573/2573/2573 2556/2556/2556
f 2556/2556/2556 2572/2572/2572 2558/2558/2558
f 2573/2573/2573 2572/2572/2572 2556/2556/2556
f 2572/2572/2572 2574/2574/2574 2558/2558/2558
f 2572/2572/2572 2573/2573/2573 2588/2588/2588
f 2572/2572/2572 2588/2588/2588 2574/2574/2574
f 2573/2573/2573 2589/2589/2589 2588/2588/2588
f 2588/2588/2588 2590/2590/2590 2574/2574/2574
f 2589/2589/2589 2605/2605/2605 2588/2588/2588
f 2590/2590/2590 2588/2588/2588 2606/2606/2606
f 2605/2605/2605 2604/2604/2604 2588/2588/2588
f 2588/2588/2588 2604/2604/2604 2606/2606/2606
f 2605/2605/2605 2621/2621/2621 2604/2604/2604
f 2604/2604/2604 2620/2620/2620 2606/2606/2606
f 2621/2621/2621 2620/2620/2620 2604/2604/2604
f 2620/2620/2620 2622/2622/2622 2606/2606/2606
f 2621/2621/2621 2637/2637/2637 2620/2620/2620
f 2622/2622/2622 2620/2620/2620 2638/2638/2638
f 2637/2637/2637 2636/2636/2636 2620/2620/2620
f 2620/2620/2620 2636/2636/2636 2638/2638/2638
f 2654/2654/2654 2653/2653/2653 2652/2652/2652
f 2656/2656/2656 2654/2654/2654 2652/2652/2652
f 2653/2653/2653 2672/2672/2672 2652/2652/2652
f 3520/3520/3520 2656/2656/2656 2655/2655/2655
f 2656/2656/2656 2652/2652/2652 2655/2655/2655
f 2655/2655/2655 2652/2652/2652 2673/2673/2673
f 2652/2652/2652 2671/2671/2671 2673/2673/2673
f 2672/2672/2672 2671/2671/2671 2652/2652/2652
f 2673/2673/2673 2671/2671/2671 2690/2690/2690
f 2671/2671/2671 2672/2672/2672 2688/2688/2688
f 2671/2671/2671 2688/2688/2688 2690/2690/2690
f 2672/2672/2672 2689/2689/2689 2688/2688/2688
f 2689/2689/2689 2705/2705/2705 2688/2688/2688
f 2688/2688/2688 2704/2704/2704 2690/2690/2690
f 2705/2705/2705 2704/2704/2704 2688/2688/2688
f 2704/2704/2704 2706/2706/2706 2690/2690/2690
f 2705/2705/2705 2721/2721/2721 2704/2704/2704
f 2706/2706/2706 2704/2704/2704 2722/2722/2722
f 2704/2704/2704 2720/2720/2720 2722/2722/2722
f 2721/2721/2721 2720/2720/2720 2704/2704/2704
f 2722/2722/2722 2720/2720/2720 2738/2738/2738
f 2720/2720/2720 2721/2721/2721 2736/2736/2736
f 2720/2720/2720 2736/2736/2736 2738/2738/2738
f 2721/2721/2721 2737/2737/2737 2736/2736/2736
f 2737/2737/2737 2753/2753/2753 2736/2736/2736
f 2736/2736/2736 2752/2752/2752 2738/2738/2738
f 2753/2753/2753 2752/2752/2752 2736/2736/2736
f 2752/2752/2752 2754/2754/2754 2738/2738/2738
f 2754/2754/2754 2752/2752/2752 2770/2770/2770
f 2752/2752/2752 2753/2753/2753 2768/2768/2768
f 2752/2752/2752 2768/2768/2768 2770/2770/2770
f 2753/2753/2753 2769/2769/2769 2768/2768/2768
f 2768/2768/2768 2784/2784/2784 2770/2770/2770
f 2768/2768/2768 2769/2769/2769 2784/2784/2784
f 2784/2784/2784 2786/2786/2786 2770/2770/2770
f 2769/2769/2769 2785/2785/2785 2784/2784/2784
f 2786/2786/2786 2784/2784/2784 2802/2802/2802
f 2785/2785/2785 2801/2801/2801 2784/2784/2784
f 2784/2784/2784 2800/2800/2800 2802/2802/2802
f 2801/2801/2801 2800/2800/2800 2784/2784/2784
f 2802/2802/2802 2800/2800/2800 2818/2818/2818
f 2801/2801/2801 2817/2817/2817 2800/2800/2800
f 2800/2800/2800 2816/2816/2816 2818/2818/2818
f 2817/2817/2817 2816/2816/2816 2800/2800/2800
f 2818/2818/2818 2816/2816/2816 2834/2834/2834
f 2817/2817/2817 2833/2833/2833 2816/2816/2816
f 2848/2848/2848 2850/2850/2850 2834/2834/2834
f 2833/2833/2833 2832/2832/2832 2816/2816/2816
f 2816/2816/2816 2832/2832/2832 2834/2834/2834
f 2832/2832/2832 2848/2848/2848 2834/2834/2834
f 2833/2833/2833 2849/2849/2849 2832/2832/2832
f 2849/2849/2849 2848/2848/2848 2832/2832/2832
f 2665/2665/2665 2664/2664/2664 2663/2663/2663
f 2679/2679/2679 2665/2665/2665 2663/2663/2663
f 2664/2664/2664 2665/2665/2665 2681/2681/2681
f 3521/3521/3521 2680/2680/2680 2679/2679/2679
f 2680/2680/2680 2665/2665/2665 2679/2679/2679
f 2680/2680/2680 2696/2696/2696 2665/2665/2665
f 2696/2696/2696 2682/2682/2682 2665/2665/2665
f 2665/2665/2665 2682/2682/2682 2681/2681/2681
f 2696/2696/2696 2712/2712/2712 2682/2682/2682
f 2682/2682/2682 2698/2698/2698 2681/2681/2681
f 2712/2712/2712 2698/2698/2698 2682/2682/2682
f 2698/2698/2698 2697/2697/2697 2681/2681/2681
f 2698/2698/2698 2712/2712/2712 2714/2714/2714
f 2698/2698/2698 2714/2714/2714 2697/2697/2697
f 2712/2712/2712 2728/2728/2728 2714/2714/2714
f 2714/2714/2714 2713/2713/2713 2697/2697/2697
f 2714/2714/2714 2728/2728/2728 2730/2730/2730
f 2714/2714/2714 2730/2730/2730 2713/2713/2713
f 2730/2730/2730 2729/2729/2729 2713/2713/2713
f 2728/2728/2728 2744/2744/2744 2730/2730/2730
f 2729/2729/2729 2730/2730/2730 2745/2745/2745
f 2730/2730/2730 2744/2744/2744 2746/2746/2746
f 2730/2730/2730 2746/2746/2746 2745/2745/2745
f 2744/2744/2744 2760/2760/2760 2746/2746/2746
f 2746/2746/2746 2762/2762/2762 2745/2745/2745
f 2746/2746/2746 2760/2760/2760 2762/2762/2762
f 2762/2762/2762 2761/2761/2761 2745/2745/2745
f 2760/2760/2760 2776/2776/2776 2762/2762/2762
f 2761/2761/2761 2762/2762/2762 2777/2777/2777
f 2762/2762/2762 2776/2776/2776 2778/2778/2778
f 2762/2762/2762 2778/2778/2778 2777/2777/2777
f 2776/2776/2776 2792/2792/2792 2778/2778/2778
f 2778/2778/2778 2794/2794/2794 2777/2777/2777
f 2778/2778/2778 2792/2792/2792 2794/2794/2794
f 2792/2792/2792 2808/2808/2808 2794/2794/2794
f 2794/2794/2794 2793/2793/2793 2777/2777/2777
f 2808/2808/2808 2824/2824/2824 2794/2794/2794
f 2794/2794/2794 2810/2810/2810 2793/2793/2793
f 2824/2824/2824 2810/2810/2810 2794/2794/2794
f 2810/2810/2810 2809/2809/2809 2793/2793/2793
f 2824/2824/2824 2840/2840/2840 2810/2810/2810
f 2809/2809/2809 2810/2810/2810 2825/2825/2825
f 2840/2840/2840 2826/2826/2826 2810/2810/2810
f 2810/2810/2810 2826/2826/2826 2825/2825/2825
f 2826/2826/2826 2840/2840/2840 2842/2842/2842
f 2826/2826/2826 2842/2842/2842 2825/2825/2825
f 2840/2840/2840 2856/2856/2856 2842/2842/2842
f 2842/2842/2842 2841/2841/2841 2825/2825/2825
f 2859/2859/2859 2858/2858/2858 2857/2857/2857
f 3522/3522/3522 2859/2859/2859 2857/2857/2857
f 2857/2857/2857 2858/2858/2858 2875/2875/2875
f 3525/3525/3525 2874/2874/2874 2859/2859/2859
f 2874/2874/2874 2858/2858/2858 2859/2859/2859
f 2874/2874/2874 2890/2890/2890 2858/2858/2858
f 2890/2890/2890 2876/2876/2876 2858/2858/2858
f 2858/2858/2858 2876/2876/2876 2875/2875/2875
f 2890/2890/2890 2906/2906/2906 2876/2876/2876
f 2876/2876/2876 2892/2892/2892 2875/2875/2875
f 2906/2906/2906 2892/2892/2892 2876/2876/2876
f 2892/2892/2892 2891/2891/2891 2875/2875/2875
f 2892/2892/2892 2906/2906/2906 2908/2908/2908
f 2892/2892/2892 2908/2908/2908 2891/2891/2891
f 2906/2906/2906 2922/2922/2922 2908/2908/2908
f 2908/2908/2908 2907/2907/2907 2891/2891/2891
f 2908/2908/2908 2922/2922/2922 2924/2924/2924
f 2908/2908/2908 2924/2924/2924 2907/2907/2907
f 2922/2922/2922 2938/2938/2938 2924/2924/2924
f 2924/2924/2924 2923/2923/2923 2907/2907/2907
f 2924/2924/2924 2938/2938/2938 2940/2940/2940
f 2924/2924/2924 2940/2940/2940 2923/2923/2923
f 2938/2938/2938 2954/2954/2954 2940/2940/2940
f 2940/2940/2940 2939/2939/2939 2923/2923/2923
f 2940/2940/2940 2954/2954/2954 2956/2956/2956
f 2940/2940/2940 2956/2956/2956 2939/2939/2939
f 2954/2954/2954 2970/2970/2970 2956/2956/2956
f 2956/2956/2956 2955/2955/2955 2939/2939/2939
f 2956/2956/2956 2970/2970/2970 2972/2972/2972
f 2956/2956/2956 2972/2972/2972 2955/2955/2955
f 2972/2972/2972 2971/2971/2971 2955/2955/2955
f 2970/2970/2970 2986/2986/2986 2972/2972/2972
f 2971/2971/2971 2972/2972/2972 2987/2987/2987
f 2972/2972/2972 2986/2986/2986 2988/2988/2988
f 2972/2972/2972 2988/2988/2988 2987/2987/2987
f 2986/2986/2986 3002/3002/3002 2988/2988/2988
f 2987/2987/2987 2988/2988/2988 3003/3003/3003
f 3002/3002/3002 3018/3018/3018 2988/2988/2988
f 2988/2988/2988 3004/3004/3004 3003/3003/3003
f 3018/3018/3018 3004/3004/3004 2988/2988/2988
f 3003/3003/3003 3004/3004/3004 3019/3019/3019
f 3018/3018/3018 3034/3034/3034 3004/3004/3004
f 3004/3004/3004 3020/3020/3020 3019/3019/3019
f 3034/3034/3034 3020/3020/3020 3004/3004/3004
f 2867/2867/2867 2866/2866/2866 2865/2865/2865
f 3523/3523/3523 2867/2867/2867 2865/2865/2865
f 2867/2867/2867 2883/2883/2883 2866/2866/2866
f 3524/3524/3524 2865/2865/2865 2868/2868/2868
f 2865/2865/2865 2866/2866/2866 2868/2868/2868
f 2866/2866/2866 2882/2882/2882 2868/2868/2868
f 2883/2883/2883 2882/2882/2882 2866/2866/2866
f 2882/2882/2882 2884/2884/2884 2868/2868/2868
f 2884/2884/2884 2882/2882/2882 2900/2900/2900
f 2882/2882/2882 2883/2883/2883 2898/2898/2898
f 2882/2882/2882 2898/2898/2898 2900/2900/2900
f 2883/2883/2883 2899/2899/2899 2898/2898/2898
f 2898/2898/2898 2914/2914/2914 2900/2900/2900
f 2898/2898/2898 2899/2899/2899 2914/2914/2914
f 2914/2914/2914 2916/2916/2916 2900/2900/2900
f 2899/2899/2899 2915/2915/2915 2914/2914/2914
f 2914/2914/2914 2931/2931/2931 2916/2916/2916
f 2914/2914/2914 2915/2915/2915 2931/2931/2931
f 2931/2931/2931 2932/2932/2932 2916/2916/2916
f 2932/2932/2932 2931/2931/2931 2948/2948/2948
f 3526/3526/3526 2930/2930/2930 2915/2915/2915
f 2931/2931/2931 2947/2947/2947 2948/2948/2948
f 2948/2948/2948 2947/2947/2947 2964/2964/2964
f 2915/2915/2915 2929/2929/2929 2931/2931/2931
f 2930/2930/2930 2929/2929/2929 2915/2915/2915
f 2929/2929/2929 2945/2945/2945 2931/2931/2931
f 2929/2929/2929 2930/2930/2930 2945/2945/2945
f 2945/2945/2945 2947/2947/2947 2931/2931/2931
f 2930/2930/2930 2946/2946/2946 2945/2945/2945
f 2947/2947/2947 2963/2963/2963 2964/2964/2964
f 2945/2945/2945 2946/2946/2946 2961/2961/2961
f 2945/2945/2945 2961/2961/2961 2947/2947/2947
f 2946/2946/2946 2962/2962/2962 2961/2961/2961
f 2961/2961/2961 2963/2963/2963 2947/2947/2947
f 2964/2964/2964 2963/2963/2963 2980/2980/2980
f 2961/2961/2961 2979/2979/2979 2963/2963/2963
f 2979/2979/2979 2978/2978/2978 2963/2963/2963
f 2963/2963/2963 2978/2978/2978 2980/2980/2980
f 2979/2979/2979 2995/2995/2995 2978/2978/2978
f 2978/2978/2978 2994/2994/2994 2980/2980/2980
f 2995/2995/2995 2994/2994/2994 2978/2978/2978
f 2994/2994/2994 2996/2996/2996 2980/2980/2980
f 2995/2995/2995 3011/3011/3011 2994/2994/2994
f 2996/2996/2996 2994/2994/2994 3012/3012/3012
f 3011/3011/3011 3010/3010/3010 2994/2994/2994
f 2994/2994/2994 3010/3010/3010 3012/3012/3012
f 3011/3011/3011 3027/3027/3027 3010/3010/3010
f 3012/3012/3012 3010/3010/3010 3028/3028/3028
f 3027/3027/3027 3026/3026/3026 3010/3010/3010
f 3010/3010/3010 3026/3026/3026 3028/3028/3028
f 3027/3027/3027 3044/3044/3044 3026/3026/3026
f 3028/3028/3028 3026/3026/3026 3045/3045/3045
f 3044/3044/3044 3043/3043/3043 3026/3026/3026
f 3026/3026/3026 3043/3043/3043 3045/3045/3045
f 3092/3092/3092 3091/3091/3091 3090/3090/3090
f 3094/3094/3094 3092/3092/3092 3090/3090/3090
f 3094/3094/3094 3090/3090/3090 3093/3093/3093
f 3091/3091/3091 3093/3093/3093 3090/3090/3090
f 3274/3274/3274 3092/3092/3092 3094/3094/3094
f 3271/3271/3271 3274/3274/3274 3094/3094/3094
f 3274/3274/3274 3158/3158/3158 3092/3092/3092
f 3271/3271/3271 3094/3094/3094 3096/3096/3096
f 3096/3096/3096 3094/3094/3094 3093/3093/3093
f 3158/3158/3158 3151/3151/3151 3092/3092/3092
f 3092/3092/3092 3151/3151/3151 3091/3091/3091
f 3096/3096/3096 3093/3093/3093 3095/3095/3095
f 3091/3091/3091 3095/3095/3095 3093/3093/3093
f 3266/3266/3266 3271/3271/3271 3096/3096/3096
f 3272/3272/3272 3271/3271/3271 3266/3266/3266
f 3267/3267/3267 3272/3272/3272 3266/3266/3266
f 3098/3098/3098 3096/3096/3096 3095/3095/3095
f 3266/3266/3266 3096/3096/3096 3098/3098/3098
f 3267/3267/3267 3266/3266/3266 3262/3262/3262
f 3262/3262/3262 3266/3266/3266 3098/3098/3098
f 3263/3263/3263 3267/3267/3267 3262/3262/3262
f 3098/3098/3098 3095/3095/3095 3097/3097/3097
f 3091/3091/3091 3097/3097/3097 3095/3095/3095
f 3262/3262/3262 3098/3098/3098 3100/3100/3100
f 3100/3100/3100 3098/3098/3098 3097/3097/3097
f 3263/3263/3263 3262/3262/3262 3258/3258/3258
f 3258/3258/3258 3262/3262/3262 3100/3100/3100
f 3259/3259/3259 3263/3263/3263 3258/3258/3258
f 3100/3100/3100 3097/3097/3097 3099/3099/3099
f 3259/3259/3259 3258/3258/3258 3254/3254/3254
f 3255/3255/3255 3259/3259/3259 3254/3254/3254
f 3258/3258/3258 3100/3100/3100 3102/3102/3102
f 3102/3102/3102 3100/3100/3100 3099/3099/3099
f 3254/3254/3254 3258/3258/3258 3102/3102/3102
f 3097/3097/3097 3101/3101/3101 3099/3099/3099
f 3102/3102/3102 3099/3099/3099 3101/3101/3101
f 3091/3091/3091 3101/3101/3101 3097/3097/3097
f 3254/3254/3254 3102/3102/3102 3104/3104/3104
f 3104/3104/3104 3102/3102/3102 3101/3101/3101
f 3255/3255/3255 3254/3254/3254 3250/3250/3250
f 3250/3250/3250 3254/3254/3254 3104/3104/3104
f 3251/3251/3251 3255/3255/3255 3250/3250/3250
f 3104/3104/3104 3101/3101/3101 3103/3103/3103
f 3091/3091/3091 3103/3103/3103 3101/3101/3101
f 3250/3250/3250 3104/3104/3104 3106/3106/3106
f 3106/3106/3106 3104/3104/3104 3103/3103/3103
f 3251/3251/3251 3250/3250/3250 3246/3246/3246
f 3246/3246/3246 3250/3250/3250 3106/3106/3106
f 3247/3247/3247 3251/3251/3251 3246/3246/3246
f 3106/3106/3106 3103/3103/3103 3105/3105/3105
f 3091/3091/3091 3105/3105/3105 3103/3103/3103
f 3246/3246/3246 3106/3106/3106 3243/3243/3243
f 3243/3243/3243 3106/3106/3106 3105/3105/3105
f 3247/3247/3247 3246/3246/3246 3242/3242/3242
f 3242/3242/3242 3246/3246/3246 3243/3243/3243
f 3533/3533/3533 3247/3247/3247 3242/3242/3242
f 3533/3533/3533 3242/3242/3242 3241/3241/3241
f 3242/3242/3242 3238/3238/3238 3241/3241/3241
f 3242/3242/3242 3243/3243/3243 3238/3238/3238
f 3241/3241/3241 3238/3238/3238 3237/3237/3237
f 3243/3243/3243 3107/3107/3107 3238/3238/3238
f 3243/3243/3243 3105/3105/3105 3107/3107/3107
f 3238/3238/3238 3233/3233/3233 3237/3237/3237
f 3238/3238/3238 3107/3107/3107 3233/3233/3233
f 3237/3237/3237 3233/3233/3233 3232/3232/3232
f 3105/3105/3105 3108/3108/3108 3107/3107/3107
f 3233/3233/3233 3229/3229/3229 3232/3232/3232
f 3232/3232/3232 3229/3229/3229 3228/3228/3228
f 3107/3107/3107 3109/3109/3109 3233/3233/3233
f 3107/3107/3107 3108/3108/3108 3109/3109/3109
f 3233/3233/3233 3109/3109/3109 3229/3229/3229
f 3105/3105/3105 3110/3110/3110 3108/3108/3108
f 3108/3108/3108 3110/3110/3110 3109/3109/3109
f 3229/3229/3229 3225/3225/3225 3228/3228/3228
f 3228/3228/3228 3225/3225/3225 3224/3224/3224
f 3109/3109/3109 3111/3111/3111 3229/3229/3229
f 3229/3229/3229 3111/3111/3111 3225/3225/3225
f 3109/3109/3109 3110/3110/3110 3111/3111/3111
f 3225/3225/3225 3221/3221/3221 3224/3224/3224
f 3224/3224/3224 3221/3221/3221 3219/3219/3219
f 3221/3221/3221 3220/3220/3220 3219/3219/3219
f 3111/3111/3111 3113/3113/3113 3225/3225/3225
f 3225/3225/3225 3113/3113/3113 3221/3221/3221
f 3110/3110/3110 3112/3112/3112 3111/3111/3111
f 3111/3111/3111 3112/3112/3112 3113/3113/3113
f 3221/3221/3221 3115/3115/3115 3220/3220/3220
f 3113/3113/3113 3115/3115/3115 3221/3221/3221
f 3105/3105/3105 3122/3122/3122 3110/3110/3110
f 3122/3122/3122 3112/3112/3112 3110/3110/3110
f 3105/3105/3105 3091/3091/3091 3122/3122/3122
f 3112/3112/3112 3114/3114/3114 3113/3113/3113
f 3113/3113/3113 3114/3114/3114 3115/3115/3115
f 3118/3118/3118 3114/3114/3114 3112/3112/3112
f 3112/3112/3112 3122/3122/3122 3118/3118/3118
f 3114/3114/3114 3116/3116/3116 3115/3115/3115
f 3114/3114/3114 3118/3118/3118 3116/3116/3116
f 3115/3115/3115 3117/3117/3117 3220/3220/3220
f 3115/3115/3115 3116/3116/3116 3117/3117/3117
f 3116/3116/3116 3118/3118/3118 3117/3117/3117
f 3220/3220/3220 3117/3117/3117 3216/3216/3216
f 3117/3117/3117 3119/3119/3119 3216/3216/3216
f 3117/3117/3117 3118/3118/3118 3119/3119/3119
f 3216/3216/3216 3119/3119/3119 3212/3212/3212
f 3118/3118/3118 3120/3120/3120 3119/3119/3119
f 3118/3118/3118 3122/3122/3122 3120/3120/3120
f 3119/3119/3119 3121/3121/3121 3212/3212/3212
f 3119/3119/3119 3120/3120/3120 3121/3121/3121
f 3120/3120/3120 3122/3122/3122 3121/3121/3121
f 3212/3212/3212 3121/3121/3121 3204/3204/3204
f 3122/3122/3122 3091/3091/3091 3150/3150/3150
f 3151/3151/3151 3150/3150/3150 3091/3091/3091
f 3121/3121/3121 3122/3122/3122 3123/3123/3123
f 3121/3121/3121 3123/3123/3123 3204/3204/3204
f 3124/3124/3124 3122/3122/3122 3150/3150/3150
f 3122/3122/3122 3124/3124/3124 3123/3123/3123
f 3149/3149/3149 3150/3150/3150 3151/3151/3151
f 3124/3124/3124 3150/3150/3150 3149/3149/3149
f 3123/3123/3123 3124/3124/3124 3125/3125/3125
f 3149/3149/3149 3125/3125/3125 3124/3124/3124
f 3204/3204/3204 3123/3123/3123 3127/3127/3127
f 3127/3127/3127 3123/3123/3123 3125/3125/3125
f 3148/3148/3148 3149/3149/3149 3151/3151/3151
f 3148/3148/3148 3151/3151/3151 3158/3158/3158
f 3149/3149/3149 3126/3126/3126 3125/3125/3125
f 3127/3127/3127 3125/3125/3125 3126/3126/3126
f 3147/3147/3147 3149/3149/3149 3148/3148/3148
f 3126/3126/3126 3149/3149/3149 3147/3147/3147
f 3159/3159/3159 3148/3148/3148 3158/3158/3158
f 3159/3159/3159 3158/3158/3158 3156/3156/3156
f 3146/3146/3146 3147/3147/3147 3148/3148/3148
f 3146/3146/3146 3148/3148/3148 3159/3159/3159
f 3157/3157/3157 3159/3159/3159 3156/3156/3156
f 3157/3157/3157 3156/3156/3156 3155/3155/3155
f 3165/3165/3165 3157/3157/3157 3155/3155/3155
f 3167/3167/3167 3146/3146/3146 3159/3159/3159
f 3167/3167/3167 3159/3159/3159 3157/3157/3157
f 3166/3166/3166 3157/3157/3157 3165/3165/3165
f 3166/3166/3166 3167/3167/3167 3157/3157/3157
f 3168/3168/3168 3166/3166/3166 3165/3165/3165
f 3145/3145/3145 3147/3147/3147 3146/3146/3146
f 3147/3147/3147 3145/3145/3145 3126/3126/3126
f 3144/3144/3144 3146/3146/3146 3167/3167/3167
f 3144/3144/3144 3145/3145/3145 3146/3146/3146
f 3170/3170/3170 3167/3167/3167 3166/3166/3166
f 3170/3170/3170 3144/3144/3144 3167/3167/3167
f 3169/3169/3169 3166/3166/3166 3168/3168/3168
f 3169/3169/3169 3170/3170/3170 3166/3166/3166
f 3171/3171/3171 3169/3169/3169 3168/3168/3168
f 3142/3142/3142 3144/3144/3144 3170/3170/3170
f 3172/3172/3172 3169/3169/3169 3171/3171/3171
f 3174/3174/3174 3172/3172/3172 3171/3171/3171
f 3173/3173/3173 3170/3170/3170 3169/3169/3169
f 3172/3172/3172 3173/3173/3173 3169/3169/3169
f 3173/3173/3173 3142/3142/3142 3170/3170/3170
f 3175/3175/3175 3172/3172/3172 3174/3174/3174
f 3177/3177/3177 3175/3175/3175 3174/3174/3174
f 3176/3176/3176 3173/3173/3173 3172/3172/3172
f 3175/3175/3175 3176/3176/3176 3172/3172/3172
f 3140/3140/3140 3142/3142/3142 3173/3173/3173
f 3176/3176/3176 3140/3140/3140 3173/3173/3173
f 3142/3142/3142 3143/3143/3143 3144/3144/3144
f 3143/3143/3143 3145/3145/3145 3144/3144/3144
f 3140/3140/3140 3141/3141/3141 3142/3142/3142
f 3141/3141/3141 3143/3143/3143 3142/3142/3142
f 3178/3178/3178 3175/3175/3175 3177/3177/3177
f 3180/3180/3180 3178/3178/3178 3177/3177/3177
f 3179/3179/3179 3176/3176/3176 3175/3175/3175
f 3178/3178/3178 3179/3179/3179 3175/3175/3175
f 3138/3138/3138 3140/3140/3140 3176/3176/3176
f 3179/3179/3179 3138/3138/3138 3176/3176/3176
f 3181/3181/3181 3178/3178/3178 3180/3180/3180
f 3532/3532/3532 3181/3181/3181 3180/3180/3180
f 3532/3532/3532 3185/3185/3185 3181/3181/3181
f 3182/3182/3182 3179/3179/3179 3178/3178/3178
f 3181/3181/3181 3182/3182/3182 3178/3178/3178
f 3185/3185/3185 3184/3184/3184 3181/3181/3181
f 3181/3181/3181 3184/3184/3184 3182/3182/3182
f 3185/3185/3185 3188/3188/3188 3184/3184/3184
f 3182/3182/3182 3183/3183/3183 3179/3179/3179
f 3183/3183/3183 3138/3138/3138 3179/3179/3179
f 3184/3184/3184 3186/3186/3186 3182/3182/3182
f 3182/3182/3182 3186/3186/3186 3183/3183/3183
f 3188/3188/3188 3187/3187/3187 3184/3184/3184
f 3184/3184/3184 3187/3187/3187 3186/3186/3186
f 3188/3188/3188 3191/3191/3191 3187/3187/3187
f 3186/3186/3186 3137/3137/3137 3183/3183/3183
f 3191/3191/3191 3190/3190/3190 3187/3187/3187
f 3191/3191/3191 3194/3194/3194 3190/3190/3190
f 3187/3187/3187 3189/3189/3189 3186/3186/3186
f 3187/3187/3187 3190/3190/3190 3189/3189/3189
f 3186/3186/3186 3189/3189/3189 3137/3137/3137
f 3194/3194/3194 3193/3193/3193 3190/3190/3190
f 3194/3194/3194 3197/3197/3197 3193/3193/3193
f 3190/3190/3190 3192/3192/3192 3189/3189/3189
f 3190/3190/3190 3193/3193/3193 3192/3192/3192
f 3189/3189/3189 3135/3135/3135 3137/3137/3137
f 3189/3189/3189 3192/3192/3192 3135/3135/3135
f 3197/3197/3197 3196/3196/3196 3193/3193/3193
f 3197/3197/3197 3200/3200/3200 3196/3196/3196
f 3193/3193/3193 3195/3195/3195 3192/3192/3192
f 3193/3193/3193 3196/3196/3196 3195/3195/3195
f 3192/3192/3192 3133/3133/3133 3135/3135/3135
f 3192/3192/3192 3195/3195/3195 3133/3133/3133
f 3200/3200/3200 3199/3199/3199 3196/3196/3196
f 3200/3200/3200 3203/3203/3203 3199/3199/3199
f 3203/3203/3203 3202/3202/3202 3199/3199/3199
f 3196/3196/3196 3198/3198/3198 3195/3195/3195
f 3196/3196/3196 3199/3199/3199 3198/3198/3198
f 3199/3199/3199 3202/3202/3202 3201/3201/3201
f 3199/3199/3199 3201/3201/3201 3198/3198/3198
f 3202/3202/3202 3204/3204/3204 3201/3201/3201
f 3201/3201/3201 3204/3204/3204 3127/3127/3127
f 3195/3195/3195 3198/3198/3198 3131/3131/3131
f 3195/3195/3195 3131/3131/3131 3133/3133/3133
f 3198/3198/3198 3201/3201/3201 3129/3129/3129
f 3201/3201/3201 3127/3127/3127 3129/3129/3129
f 3198/3198/3198 3129/3129/3129 3131/3131/3131
f 3129/3129/3129 3127/3127/3127 3126/3126/3126
f 3129/3129/3129 3126/3126/3126 3128/3128/3128
f 3131/3131/3131 3129/3129/3129 3128/3128/3128
f 3126/3126/3126 3145/3145/3145 3128/3128/3128
f 3131/3131/3131 3128/3128/3128 3130/3130/3130
f 3130/3130/3130 3128/3128/3128 3145/3145/3145
f 3133/3133/3133 3131/3131/3131 3130/3130/3130
f 3130/3130/3130 3145/3145/3145 3143/3143/3143
f 3130/3130/3130 3143/3143/3143 3141/3141/3141
f 3133/3133/3133 3130/3130/3130 3132/3132/3132
f 3141/3141/3141 3132/3132/3132 3130/3130/3130
f 3135/3135/3135 3133/3133/3133 3132/3132/3132
f 3135/3135/3135 3132/3132/3132 3134/3134/3134
f 3141/3141/3141 3134/3134/3134 3132/3132/3132
f 3137/3137/3137 3135/3135/3135 3134/3134/3134
f 3134/3134/3134 3141/3141/3141 3139/3139/3139
f 3139/3139/3139 3141/3141/3141 3140/3140/3140
f 3138/3138/3138 3139/3139/3139 3140/3140/3140
f 3137/3137/3137 3134/3134/3134 3136/3136/3136
f 3139/3139/3139 3136/3136/3136 3134/3134/3134
f 3136/3136/3136 3139/3139/3139 3138/3138/3138
f 3183/3183/3183 3137/3137/3137 3136/3136/3136
f 3183/3183/3183 3136/3136/3136 3138/3138/3138
f 3154/3154/3154 3153/3153/3153 3152/3152/3152
f 3295/3295/3295 3154/3154/3154 3152/3152/3152
f 3154/3154/3154 3317/3317/3317 3153/3153/3153
f 3295/3295/3295 3152/3152/3152 3294/3294/3294
f 3307/3307/3307 3295/3295/3295 3294/3294/3294
f 3534/3534/3534 3307/3307/3307 3306/3306/3306
f 3307/3307/3307 3294/3294/3294 3306/3306/3306
f 3317/3317/3317 3304/3304/3304 3153/3153/3153
f 3306/3306/3306 3294/3294/3294 3354/3354/3354
f 3317/3317/3317 3293/3293/3293 3304/3304/3304
f 3355/3355/3355 3306/3306/3306 3354/3354/3354
f 3294/3294/3294 3152/3152/3152 3374/3374/3374
f 3354/3354/3354 3294/3294/3294 3374/3374/3374
f 3152/3152/3152 3153/3153/3153 3277/3277/3277
f 3374/3374/3374 3152/3152/3152 3277/3277/3277
f 3355/3355/3355 3354/3354/3354 3353/3353/3353
f 3409/3409/3409 3355/3355/3355 3353/3353/3353
f 3354/3354/3354 3374/3374/3374 3373/3373/3373
f 3353/3353/3353 3354/3354/3354 3373/3373/3373
f 3536/3536/3536 3409/3409/3409 3408/3408/3408
f 3409/3409/3409 3353/3353/3353 3408/3408/3408
f 3373/3373/3373 3374/3374/3374 3329/3329/3329
f 3374/3374/3374 3277/3277/3277 3329/3329/3329
f 3353/3353/3353 3373/3373/3373 3420/3420/3420
f 3408/3408/3408 3353/3353/3353 3420/3420/3420
f 3373/3373/3373 3329/3329/3329 3395/3395/3395
f 3420/3420/3420 3373/3373/3373 3395/3395/3395
f 3408/3408/3408 3420/3420/3420 3460/3460/3460
f 3488/3488/3488 3408/3408/3408 3460/3460/3460
f 3420/3420/3420 3395/3395/3395 3431/3431/3431
f 3460/3460/3460 3420/3420/3420 3431/3431/3431
f 3488/3488/3488 3460/3460/3460 3501/3501/3501
f 3487/3487/3487 3488/3488/3488 3501/3501/3501
f 3489/3489/3489 3488/3488/3488 3487/3487/3487
f 3569/3569/3569 3489/3489/3489 3487/3487/3487
f 3501/3501/3501 3460/3460/3460 3508/3508/3508
f 3460/3460/3460 3431/3431/3431 3508/3508/3508
f 3508/3508/3508 3431/3431/3431 3430/3430/3430
f 3431/3431/3431 3394/3394/3394 3430/3430/3430
f 3431/3431/3431 3395/3395/3395 3394/3394/3394
f 3430/3430/3430 3394/3394/3394 3486/3486/3486
f 3395/3395/3395 3328/3328/3328 3394/3394/3394
f 3395/3395/3395 3329/3329/3329 3328/3328/3328
f 3394/3394/3394 3447/3447/3447 3486/3486/3486
f 3394/3394/3394 3328/3328/3328 3447/3447/3447
f 3486/3486/3486 3447/3447/3447 3500/3500/3500
f 3329/3329/3329 3275/3275/3275 3328/3328/3328
f 3329/3329/3329 3277/3277/3277 3275/3275/3275
f 3328/3328/3328 3407/3407/3407 3447/3447/3447
f 3328/3328/3328 3275/3275/3275 3407/3407/3407
f 3447/3447/3447 3459/3459/3459 3500/3500/3500
f 3447/3447/3447 3407/3407/3407 3459/3459/3459
f 3277/3277/3277 3276/3276/3276 3275/3275/3275
f 3277/3277/3277 3153/3153/3153 3276/3276/3276
f 3153/3153/3153 3304/3304/3304 3276/3276/3276
f 3275/3275/3275 3351/3351/3351 3407/3407/3407
f 3275/3275/3275 3276/3276/3276 3351/3351/3351
f 3407/3407/3407 3419/3419/3419 3459/3459/3459
f 3407/3407/3407 3351/3351/3351 3419/3419/3419
f 3276/3276/3276 3304/3304/3304 3352/3352/3352
f 3276/3276/3276 3352/3352/3352 3351/3351/3351
f 3459/3459/3459 3439/3439/3439 3500/3500/3500
f 3439/3439/3439 3484/3484/3484 3500/3500/3500
f 3440/3440/3440 3485/3485/3485 3484/3484/3484
f 3439/3439/3439 3440/3440/3440 3484/3484/3484
f 3404/3404/3404 3440/3440/3440 3439/3439/3439
f 3403/3403/3403 3439/3439/3439 3459/3459/3459
f 3403/3403/3403 3404/3404/3404 3439/3439/3439
f 3419/3419/3419 3403/3403/3403 3459/3459/3459
f 3346/3346/3346 3404/3404/3404 3403/3403/3403
f 3351/3351/3351 3371/3371/3371 3419/3419/3419
f 3351/3351/3351 3352/3352/3352 3371/3371/3371
f 3345/3345/3345 3403/3403/3403 3419/3419/3419
f 3345/3345/3345 3346/3346/3346 3403/3403/3403
f 3371/3371/3371 3345/3345/3345 3419/3419/3419
f 3347/3347/3347 3346/3346/3346 3345/3345/3345
f 3391/3391/3391 3347/3347/3347 3345/3345/3345
f 3391/3391/3391 3345/3345/3345 3371/3371/3371
f 3325/3325/3325 3347/3347/3347 3391/3391/3391
f 3352/3352/3352 3372/3372/3372 3371/3371/3371
f 3372/3372/3372 3391/3391/3391 3371/3371/3371
f 3304/3304/3304 3305/3305/3305 3352/3352/3352
f 3352/3352/3352 3305/3305/3305 3372/3372/3372
f 3293/3293/3293 3305/3305/3305 3304/3304/3304
f 3324/3324/3324 3325/3325/3325 3391/3391/3391
f 3324/3324/3324 3391/3391/3391 3372/3372/3372
f 3326/3326/3326 3325/3325/3325 3324/3324/3324
f 3305/3305/3305 3292/3292/3292 3372/3372/3372
f 3292/3292/3292 3324/3324/3324 3372/3372/3372
f 3305/3305/3305 3293/3293/3293 3292/3292/3292
f 3270/3270/3270 3326/3326/3326 3324/3324/3324
f 3270/3270/3270 3324/3324/3324 3292/3292/3292
f 3326/3326/3326 3270/3270/3270 3268/3268/3268
f 3270/3270/3270 3269/3269/3269 3268/3268/3268
f 3293/3293/3293 3160/3160/3160 3292/3292/3292
f 3160/3160/3160 3270/3270/3270 3292/3292/3292
f 3270/3270/3270 3160/3160/3160 3269/3269/3269
f 3293/3293/3293 3162/3162/3162 3160/3160/3160
f 3160/3160/3160 3161/3161/3161 3269/3269/3269
f 3162/3162/3162 3161/3161/3161 3160/3160/3160
f 3269/3269/3269 3161/3161/3161 3273/3273/3273
f 3162/3162/3162 3164/3164/3164 3161/3161/3161
f 3161/3161/3161 3163/3163/3163 3273/3273/3273
f 3164/3164/3164 3163/3163/3163 3161/3161/3161
f 3207/3207/3207 3206/3206/3206 3205/3205/3205
f 3205/3205/3205 3206/3206/3206 3208/3208/3208
f 3206/3206/3206 3209/3209/3209 3208/3208/3208
f 3211/3211/3211 3209/3209/3209 3206/3206/3206
f 3286/3286/3286 3207/3207/3207 3205/3205/3205
f 3210/3210/3210 3211/3211/3211 3206/3206/3206
f 3210/3210/3210 3206/3206/3206 3207/3207/3207
f 3215/3215/3215 3211/3211/3211 3210/3210/3210
f 3214/3214/3214 3215/3215/3215 3210/3210/3210
f 3213/3213/3213 3210/3210/3210 3207/3207/3207
f 3214/3214/3214 3210/3210/3210 3213/3213/3213
f 3207/3207/3207 3286/3286/3286 3284/3284/3284
f 3213/3213/3213 3207/3207/3207 3284/3284/3284
f 3286/3286/3286 3322/3322/3322 3321/3321/3321
f 3217/3217/3217 3214/3214/3214 3213/3213/3213
f 3218/3218/3218 3214/3214/3214 3217/3217/3217
f 3285/3285/3285 3286/3286/3286 3321/3321/3321
f 3286/3286/3286 3285/3285/3285 3284/3284/3284
f 3285/3285/3285 3321/3321/3321 3389/3389/3389
f 3321/3321/3321 3338/3338/3338 3389/3389/3389
f 3284/3284/3284 3285/3285/3285 3380/3380/3380
f 3285/3285/3285 3389/3389/3389 3380/3380/3380
f 3313/3313/3313 3213/3213/3213 3284/3284/3284
f 3313/3313/3313 3284/3284/3284 3380/3380/3380
f 3217/3217/3217 3213/3213/3213 3313/3313/3313
f 3389/3389/3389 3338/3338/3338 3336/3336/3336
f 3338/3338/3338 3337/3337/3337 3336/3336/3336
f 3380/3380/3380 3389/3389/3389 3379/3379/3379
f 3389/3389/3389 3336/3336/3336 3379/3379/3379
f 3362/3362/3362 3313/3313/3313 3380/3380/3380
f 3362/3362/3362 3380/3380/3380 3379/3379/3379
f 3336/3336/3336 3337/3337/3337 3399/3399/3399
f 3337/3337/3337 3400/3400/3400 3399/3399/3399
f 3379/3379/3379 3336/3336/3336 3423/3423/3423
f 3336/3336/3336 3399/3399/3399 3423/3423/3423
f 3361/3361/3361 3362/3362/3362 3379/3379/3379
f 3361/3361/3361 3379/3379/3379 3423/3423/3423
f 3399/3399/3399 3400/3400/3400 3437/3437/3437
f 3400/3400/3400 3438/3438/3438 3437/3437/3437
f 3423/3423/3423 3399/3399/3399 3466/3466/3466
f 3399/3399/3399 3437/3437/3437 3466/3466/3466
f 3438/3438/3438 3478/3478/3478 3477/3477/3477
f 3437/3437/3437 3438/3438/3438 3477/3477/3477
f 3437/3437/3437 3477/3477/3477 3506/3506/3506
f 3466/3466/3466 3437/3437/3437 3506/3506/3506
f 3418/3418/3418 3423/3423/3423 3466/3466/3466
f 3418/3418/3418 3361/3361/3361 3423/3423/3423
f 3456/3456/3456 3466/3466/3466 3506/3506/3506
f 3456/3456/3456 3418/3418/3418 3466/3466/3466
f 3495/3495/3495 3456/3456/3456 3506/3506/3506
f 3348/3348/3348 3361/3361/3361 3418/3418/3418
f 3441/3441/3441 3456/3456/3456 3495/3495/3495
f 3479/3479/3479 3441/3441/3441 3495/3495/3495
f 3405/3405/3405 3418/3418/3418 3456/3456/3456
f 3441/3441/3441 3405/3405/3405 3456/3456/3456
f 3405/3405/3405 3348/3348/3348 3418/3418/3418
f 3468/3468/3468 3441/3441/3441 3479/3479/3479
f 3510/3510/3510 3468/3468/3468 3479/3479/3479
f 3428/3428/3428 3405/3405/3405 3441/3441/3441
f 3468/3468/3468 3428/3428/3428 3441/3441/3441
f 3392/3392/3392 3348/3348/3348 3405/3405/3405
f 3428/3428/3428 3392/3392/3392 3405/3405/3405
f 3463/3463/3463 3468/3468/3468 3510/3510/3510
f 3507/3507/3507 3463/3463/3463 3510/3510/3510
f 3424/3424/3424 3428/3428/3428 3468/3468/3468
f 3463/3463/3463 3424/3424/3424 3468/3468/3468
f 3497/3497/3497 3463/3463/3463 3507/3507/3507
f 3496/3496/3496 3497/3497/3497 3507/3507/3507
f 3498/3498/3498 3497/3497/3497 3496/3496/3496
f 3570/3570/3570 3498/3498/3498 3496/3496/3496
f 3497/3497/3497 3413/3413/3413 3463/3463/3463
f 3413/3413/3413 3424/3424/3424 3463/3463/3463
f 3537/3537/3537 3414/3414/3414 3413/3413/3413
f 3424/3424/3424 3381/3381/3381 3428/3428/3428
f 3381/3381/3381 3392/3392/3392 3428/3428/3428
f 3413/3413/3413 3363/3363/3363 3424/3424/3424
f 3414/3414/3414 3363/3363/3363 3413/3413/3413
f 3363/3363/3363 3381/3381/3381 3424/3424/3424
f 3414/3414/3414 3365/3365/3365 3363/3363/3363
f 3365/3365/3365 3364/3364/3364 3363/3363/3363
f 3363/3363/3363 3364/3364/3364 3381/3381/3381
f 3365/3365/3365 3513/3513/3513 3364/3364/3364
f 3381/3381/3381 3382/3382/3382 3392/3392/3392
f 3364/3364/3364 3382/3382/3382 3381/3381/3381
f 3513/3513/3513 3315/3315/3315 3364/3364/3364
f 3364/3364/3364 3315/3315/3315 3382/3382/3382
f 3513/3513/3513 3316/3316/3316 3315/3315/3315
f 3382/3382/3382 3350/3350/3350 3392/3392/3392
f 3392/3392/3392 3350/3350/3350 3348/3348/3348
f 3315/3315/3315 3302/3302/3302 3382/3382/3382
f 3382/3382/3382 3302/3302/3302 3350/3350/3350
f 3316/3316/3316 3230/3230/3230 3315/3315/3315
f 3315/3315/3315 3230/3230/3230 3302/3302/3302
f 3316/3316/3316 3231/3231/3231 3230/3230/3230
f 3231/3231/3231 3227/3227/3227 3230/3230/3230
f 3350/3350/3350 3349/3349/3349 3348/3348/3348
f 3348/3348/3348 3349/3349/3349 3361/3361/3361
f 3349/3349/3349 3362/3362/3362 3361/3361/3361
f 3230/3230/3230 3227/3227/3227 3226/3226/3226
f 3230/3230/3230 3226/3226/3226 3302/3302/3302
f 3227/3227/3227 3223/3223/3223 3226/3226/3226
f 3302/3302/3302 3287/3287/3287 3350/3350/3350
f 3302/3302/3302 3226/3226/3226 3287/3287/3287
f 3350/3350/3350 3287/3287/3287 3349/3349/3349
f 3226/3226/3226 3223/3223/3223 3222/3222/3222
f 3226/3226/3226 3222/3222/3222 3287/3287/3287
f 3223/3223/3223 3218/3218/3218 3222/3222/3222
f 3222/3222/3222 3218/3218/3218 3217/3217/3217
f 3287/3287/3287 3327/3327/3327 3349/3349/3349
f 3287/3287/3287 3222/3222/3222 3327/3327/3327
f 3349/3349/3349 3327/3327/3327 3362/3362/3362
f 3222/3222/3222 3217/3217/3217 3327/3327/3327
f 3327/3327/3327 3313/3313/3313 3362/3362/3362
f 3327/3327/3327 3217/3217/3217 3313/3313/3313
f 3236/3236/3236 3235/3235/3235 3234/3234/3234
f 3239/3239/3239 3236/3236/3236 3234/3234/3234
f 3239/3239/3239 3234/3234/3234 3323/3323/3323
f 3240/3240/3240 3236/3236/3236 3239/3239/3239
f 3290/3290/3290 3239/3239/3239 3323/3323/3323
f 3290/3290/3290 3323/3323/3323 3340/3340/3340
f 3291/3291/3291 3240/3240/3240 3239/3239/3239
f 3291/3291/3291 3239/3239/3239 3290/3290/3290
f 3341/3341/3341 3290/3290/3290 3340/3340/3340
f 3341/3341/3341 3340/3340/3340 3339/3339/3339
f 3301/3301/3301 3291/3291/3291 3290/3290/3290
f 3301/3301/3301 3290/3290/3290 3341/3341/3341
f 3291/3291/3291 3245/3245/3245 3240/3240/3240
f 3245/3245/3245 3244/3244/3244 3240/3240/3240
f 3393/3393/3393 3341/3341/3341 3339/3339/3339
f 3393/3393/3393 3339/3339/3339 3406/3406/3406
f 3429/3429/3429 3393/3393/3393 3406/3406/3406
f 3384/3384/3384 3341/3341/3341 3393/3393/3393
f 3384/3384/3384 3301/3301/3301 3341/3341/3341
f 3383/3383/3383 3393/3393/3393 3429/3429/3429
f 3383/3383/3383 3384/3384/3384 3393/3393/3393
f 3291/3291/3291 3301/3301/3301 3300/3300/3300
f 3245/3245/3245 3291/3291/3291 3300/3300/3300
f 3301/3301/3301 3384/3384/3384 3367/3367/3367
f 3300/3300/3300 3301/3301/3301 3367/3367/3367
f 3384/3384/3384 3383/3383/3383 3366/3366/3366
f 3367/3367/3367 3384/3384/3384 3366/3366/3366
f 3425/3425/3425 3383/3383/3383 3429/3429/3429
f 3425/3425/3425 3429/3429/3429 3469/3469/3469
f 3366/3366/3366 3383/3383/3383 3415/3415/3415
f 3383/3383/3383 3425/3425/3425 3415/3415/3415
f 3469/3469/3469 3481/3481/3481 3480/3480/3480
f 3511/3511/3511 3469/3469/3469 3480/3480/3480
f 3464/3464/3464 3469/3469/3469 3511/3511/3511
f 3464/3464/3464 3425/3425/3425 3469/3469/3469
f 3504/3504/3504 3464/3464/3464 3511/3511/3511
f 3464/3464/3464 3504/3504/3504 3499/3499/3499
f 3425/3425/3425 3464/3464/3464 3453/3453/3453
f 3453/3453/3453 3464/3464/3464 3499/3499/3499
f 3415/3415/3415 3425/3425/3425 3453/3453/3453
f 3453/3453/3453 3499/3499/3499 3483/3483/3483
f 3446/3446/3446 3453/3453/3453 3483/3483/3483
f 3415/3415/3415 3453/3453/3453 3446/3446/3446
f 3446/3446/3446 3483/3483/3483 3482/3482/3482
f 3402/3402/3402 3415/3415/3415 3446/3446/3446
f 3366/3366/3366 3415/3415/3415 3402/3402/3402
f 3445/3445/3445 3446/3446/3446 3482/3482/3482
f 3402/3402/3402 3446/3446/3446 3445/3445/3445
f 3445/3445/3445 3482/3482/3482 3505/3505/3505
f 3343/3343/3343 3366/3366/3366 3402/3402/3402
f 3367/3367/3367 3366/3366/3366 3343/3343/3343
f 3401/3401/3401 3402/3402/3402 3445/3445/3445
f 3343/3343/3343 3402/3402/3402 3401/3401/3401
f 3465/3465/3465 3445/3445/3445 3505/3505/3505
f 3401/3401/3401 3445/3445/3445 3465/3465/3465
f 3465/3465/3465 3505/3505/3505 3494/3494/3494
f 3344/3344/3344 3367/3367/3367 3343/3343/3343
f 3300/3300/3300 3367/3367/3367 3344/3344/3344
f 3455/3455/3455 3465/3465/3465 3494/3494/3494
f 3455/3455/3455 3494/3494/3494 3493/3493/3493
f 3454/3454/3454 3455/3455/3455 3493/3493/3493
f 3426/3426/3426 3401/3401/3401 3465/3465/3465
f 3426/3426/3426 3465/3465/3465 3455/3455/3455
f 3342/3342/3342 3343/3343/3343 3401/3401/3401
f 3342/3342/3342 3401/3401/3401 3426/3426/3426
f 3344/3344/3344 3343/3343/3343 3342/3342/3342
f 3417/3417/3417 3455/3455/3455 3454/3454/3454
f 3417/3417/3417 3426/3426/3426 3455/3455/3455
f 3416/3416/3416 3417/3417/3417 3454/3454/3454
f 3385/3385/3385 3342/3342/3342 3426/3426/3426
f 3385/3385/3385 3426/3426/3426 3417/3417/3417
f 3369/3369/3369 3417/3417/3417 3416/3416/3416
f 3369/3369/3369 3385/3385/3385 3417/3417/3417
f 3368/3368/3368 3369/3369/3369 3416/3416/3416
f 3390/3390/3390 3342/3342/3342 3385/3385/3385
f 3390/3390/3390 3344/3344/3344 3342/3342/3342
f 3386/3386/3386 3385/3385/3385 3369/3369/3369
f 3386/3386/3386 3390/3390/3390 3385/3385/3385
f 3370/3370/3370 3369/3369/3369 3368/3368/3368
f 3370/3370/3370 3386/3386/3386 3369/3369/3369
f 3512/3512/3512 3370/3370/3370 3368/3368/3368
f 3314/3314/3314 3344/3344/3344 3390/3390/3390
f 3314/3314/3314 3300/3300/3300 3344/3344/3344
f 3245/3245/3245 3300/3300/3300 3314/3314/3314
f 3289/3289/3289 3390/3390/3390 3386/3386/3386
f 3289/3289/3289 3314/3314/3314 3390/3390/3390
f 3249/3249/3249 3245/3245/3245 3314/3314/3314
f 3249/3249/3249 3314/3314/3314 3289/3289/3289
f 3245/3245/3245 3249/3249/3249 3244/3244/3244
f 3249/3249/3249 3248/3248/3248 3244/3244/3244
f 3288/3288/3288 3289/3289/3289 3386/3386/3386
f 3288/3288/3288 3386/3386/3386 3370/3370/3370
f 3253/3253/3253 3249/3249/3249 3289/3289/3289
f 3249/3249/3249 3253/3253/3253 3248/3248/3248
f 3253/3253/3253 3289/3289/3289 3288/3288/3288
f 3253/3253/3253 3252/3252/3252 3248/3248/3248
f 3303/3303/3303 3288/3288/3288 3370/3370/3370
f 3303/3303/3303 3370/3370/3370 3512/3512/3512
f 3312/3312/3312 3303/3303/3303 3512/3512/3512
f 3257/3257/3257 3253/3253/3253 3288/3288/3288
f 3253/3253/3253 3257/3257/3257 3252/3252/3252
f 3257/3257/3257 3288/3288/3288 3303/3303/3303
f 3257/3257/3257 3256/3256/3256 3252/3252/3252
f 3261/3261/3261 3303/3303/3303 3312/3312/3312
f 3261/3261/3261 3257/3257/3257 3303/3303/3303
f 3257/3257/3257 3261/3261/3261 3256/3256/3256
f 3265/3265/3265 3261/3261/3261 3312/3312/3312
f 3261/3261/3261 3260/3260/3260 3256/3256/3256
f 3261/3261/3261 3265/3265/3265 3260/3260/3260
f 3265/3265/3265 3264/3264/3264 3260/3260/3260
f 3280/3280/3280 3279/3279/3279 3278/3278/3278
f 3280/3280/3280 3319/3319/3319 3279/3279/3279
f 3296/3296/3296 3280/3280/3280 3278/3278/3278
f 3319/3319/3319 3318/3318/3318 3279/3279/3279
f 3297/3297/3297 3296/3296/3296 3278/3278/3278
f 3279/3279/3279 3318/3318/3318 3331/3331/3331
f 3332/3332/3332 3279/3279/3279 3331/3331/3331
f 3278/3278/3278 3279/3279/3279 3332/3332/3332
f 3332/3332/3332 3331/3331/3331 3330/3330/3330
f 3308/3308/3308 3297/3297/3297 3278/3278/3278
f 3309/3309/3309 3297/3297/3297 3308/3308/3308
f 3387/3387/3387 3332/3332/3332 3330/3330/3330
f 3387/3387/3387 3330/3330/3330 3396/3396/3396
f 3427/3427/3427 3387/3387/3387 3396/3396/3396
f 3376/3376/3376 3278/3278/3278 3332/3332/3332
f 3376/3376/3376 3332/3332/3332 3387/3387/3387
f 3308/3308/3308 3278/3278/3278 3357/3357/3357
f 3278/3278/3278 3376/3376/3376 3357/3357/3357
f 3375/3375/3375 3387/3387/3387 3427/3427/3427
f 3375/3375/3375 3376/3376/3376 3387/3387/3387
f 3320/3320/3320 3309/3309/3309 3308/3308/3308
f 3282/3282/3282 3309/3309/3309 3320/3320/3320
f 3308/3308/3308 3357/3357/3357 3335/3335/3335
f 3320/3320/3320 3308/3308/3308 3335/3335/3335
f 3357/3357/3357 3376/3376/3376 3356/3356/3356
f 3376/3376/3376 3375/3375/3375 3356/3356/3356
f 3335/3335/3335 3357/3357/3357 3334/3334/3334
f 3357/3357/3357 3356/3356/3356 3334/3334/3334
f 3421/3421/3421 3375/3375/3375 3427/3427/3427
f 3421/3421/3421 3427/3427/3427 3467/3467/3467
f 3356/3356/3356 3375/3375/3375 3410/3410/3410
f 3375/3375/3375 3421/3421/3421 3410/3410/3410
f 3467/3467/3467 3474/3474/3474 3473/3473/3473
f 3509/3509/3509 3467/3467/3467 3473/3473/3473
f 3461/3461/3461 3467/3467/3467 3509/3509/3509
f 3461/3461/3461 3421/3421/3421 3467/3467/3467
f 3502/3502/3502 3461/3461/3461 3509/3509/3509
f 3461/3461/3461 3502/3502/3502 3490/3490/3490
f 3421/3421/3421 3461/3461/3461 3450/3450/3450
f 3450/3450/3450 3461/3461/3461 3490/3490/3490
f 3410/3410/3410 3421/3421/3421 3450/3450/3450
f 3450/3450/3450 3490/3490/3490 3476/3476/3476
f 3356/3356/3356 3410/3410/3410 3398/3398/3398
f 3334/3334/3334 3356/3356/3356 3398/3398/3398
f 3410/3410/3410 3450/3450/3450 3436/3436/3436
f 3436/3436/3436 3450/3450/3450 3476/3476/3476
f 3398/3398/3398 3410/3410/3410 3436/3436/3436
f 3436/3436/3436 3476/3476/3476 3475/3475/3475
f 3435/3435/3435 3436/3436/3436 3475/3475/3475
f 3398/3398/3398 3436/3436/3436 3435/3435/3435
f 3435/3435/3435 3475/3475/3475 3503/3503/3503
f 3334/3334/3334 3398/3398/3398 3397/3397/3397
f 3397/3397/3397 3398/3398/3398 3435/3435/3435
f 3462/3462/3462 3435/3435/3435 3503/3503/3503
f 3397/3397/3397 3435/3435/3435 3462/3462/3462
f 3462/3462/3462 3503/3503/3503 3492/3492/3492
f 3333/3333/3333 3334/3334/3334 3397/3397/3397
f 3335/3335/3335 3334/3334/3334 3333/3333/3333
f 3422/3422/3422 3397/3397/3397 3462/3462/3462
f 3333/3333/3333 3397/3397/3397 3422/3422/3422
f 3452/3452/3452 3462/3462/3462 3492/3492/3492
f 3422/3422/3422 3462/3462/3462 3452/3452/3452
f 3452/3452/3452 3492/3492/3492 3491/3491/3491
f 3451/3451/3451 3452/3452/3452 3491/3491/3491
f 3412/3412/3412 3452/3452/3452 3451/3451/3451
f 3412/3412/3412 3422/3422/3422 3452/3452/3452
f 3411/3411/3411 3412/3412/3412 3451/3451/3451
f 3377/3377/3377 3333/3333/3333 3422/3422/3422
f 3377/3377/3377 3422/3422/3422 3412/3412/3412
f 3388/3388/3388 3335/3335/3335 3333/3333/3333
f 3388/3388/3388 3333/3333/3333 3377/3377/3377
f 3320/3320/3320 3335/3335/3335 3388/3388/3388
f 3359/3359/3359 3412/3412/3412 3411/3411/3411
f 3359/3359/3359 3377/3377/3377 3412/3412/3412
f 3358/3358/3358 3359/3359/3359 3411/3411/3411
f 3378/3378/3378 3388/3388/3388 3377/3377/3377
f 3378/3378/3378 3377/3377/3377 3359/3359/3359
f 3281/3281/3281 3320/3320/3320 3388/3388/3388
f 3281/3281/3281 3388/3388/3388 3378/3378/3378
f 3281/3281/3281 3282/3282/3282 3320/3320/3320
f 3283/3283/3283 3282/3282/3282 3281/3281/3281
f 3360/3360/3360 3359/3359/3359 3358/3358/3358
f 3360/3360/3360 3378/3378/3378 3359/3359/3359
f 3514/3514/3514 3360/3360/3360 3358/3358/3358
f 3298/3298/3298 3281/3281/3281 3378/3378/3378
f 3298/3298/3298 3283/3283/3283 3281/3281/3281
f 3298/3298/3298 3378/3378/3378 3360/3360/3360
f 3299/3299/3299 3283/3283/3283 3298/3298/3298
f 3310/3310/3310 3360/3360/3360 3514/3514/3514
f 3310/3310/3310 3298/3298/3298 3360/3360/3360
f 3310/3310/3310 3299/3299/3299 3298/3298/3298
f 3535/3535/3535 3310/3310/3310 3514/3514/3514
f 3311/3311/3311 3299/3299/3299 3310/3310/3310
f 3535/3535/3535 3311/3311/3311 3310/3310/3310
f 3434/3434/3434 3433/3433/3433 3432/3432/3432
f 3538/3538/3538 3434/3434/3434 3432/3432/3432
f 3432/3432/3432 3433/3433/3433 3448/3448/3448
f 3433/3433/3433 3449/3449/3449 3448/3448/3448
f 3444/3444/3444 3443/3443/3443 3442/3442/3442
f 3539/3539/3539 3444/3444/3444 3442/3442/3442
f 3442/3442/3442 3443/3443/3443 3457/3457/3457
f 3443/3443/3443 3458/3458/3458 3457/3457/3457
f 3472/3472/3472 3471/3471/3471 3470/3470/3470
f 3472/3472/3472 3568/3568/3568 3471/3471/3471
f 3470/3470/3470 3540/3540/3540 3472/3472/3472
f 3471/3471/3471 3567/3567/3567 3566/3566/3566
f 3566/3566/3566 3565/3565/3565 3564/3564/3564
f 3564/3564/3564 3471/3471/3471 3566/3566/3566
f 3471/3471/3471 3564/3564/3564 3562/3562/3562
f 3564/3564/3564 3563/3563/3563 3562/3562/3562
f 3470/3470/3470 3471/3471/3471 3562/3562/3562
f 3562/3562/3562 3561/3561/3561 3560/3560/3560
f 3562/3562/3562 3560/3560/3560 3556/3556/3556
f 3562/3562/3562 3556/3556/3556 3470/3470/3470
f 3556/3556/3556 3555/3555/3555 3470/3470/3470
f 3556/3556/3556 3557/3557/3557 3555/3555/3555
f 3556/3556/3556 3558/3558/3558 3557/3557/3557
f 3558/3558/3558 3556/3556/3556 3559/3559/3559
f 3470/3470/3470 3551/3551/3551 3540/3540/3540
f 3540/3540/3540 3551/3551/3551 3541/3541/3541
f 3541/3541/3541 3551/3551/3551 3543/3543/3543
f 3543/3543/3543 3542/3542/3542 3541/3541/3541
f 3542/3542/3542 3545/3545/3545 3544/3544/3544
f 3543/3543/3543 3545/3545/3545 3542/3542/3542
f 3543/3543/3543 3546/3546/3546 3545/3545/3545
f 3543/3543/3543 3547/3547/3547 3546/3546/3546
f 3551/3551/3551 3549/3549/3549 3543/3543/3543
f 3549/3549/3549 3548/3548/3548 3543/3543/3543
f 3551/3551/3551 3550/3550/3550 3549/3549/3549
f 3550/3550/3550 3551/3551/3551 3554/3554/3554
f 3550/3550/3550 3554/3554/3554 3553/3553/3553
f 3550/3550/3550 3553/3553/3553 3552/3552/3552
