# VPXTOOL table OBJ file
# VPXTOOL OBJ file
# numVerts: 5755 numFaces: 2144
o VRPlunger
v 8.976642 21.97476 -15.947054
v 8.987196 21.972708 -15.914609
v 8.986223 21.96749 -15.943342
v 8.942433 21.976877 -15.980322
v 8.976642 21.97476 -15.947054
v 8.986223 21.96749 -15.943342
v 8.993482 21.964312 -15.893079
v 8.986223 21.96749 -15.943342
v 8.987196 21.972708 -15.914609
v 8.986223 21.96749 -15.943342
v 8.952115 21.969812 -15.981255
v 8.942433 21.976877 -15.980322
v 8.987196 21.972708 -15.914609
v 8.985052 21.970615 -15.880761
v 8.993482 21.964312 -15.893079
v 8.952115 21.969812 -15.981255
v 8.910748 21.970682 -15.995296
v 8.942433 21.976877 -15.980322
v 8.977783 21.961775 -15.852365
v 8.993482 21.964312 -15.893079
v 8.985052 21.970615 -15.880761
v 8.888545 21.977404 -15.988716
v 8.942433 21.976877 -15.980322
v 8.910748 21.970682 -15.995296
v 8.985052 21.970615 -15.880761
v 8.968866 21.968721 -15.850635
v 8.977783 21.961775 -15.852365
v 8.910748 21.970682 -15.995296
v 8.867574 21.970263 -15.988539
v 8.888545 21.977404 -15.988716
v 8.938442 21.9598 -15.819845
v 8.977783 21.961775 -15.852365
v 8.968866 21.968721 -15.850635
v 8.845898 21.976034 -15.96756
v 8.888545 21.977404 -15.988716
v 8.867574 21.970263 -15.988539
v 8.968866 21.968721 -15.850635
v 8.937081 21.96721 -15.825279
v 8.938442 21.9598 -15.819845
v 8.867574 21.970263 -15.988539
v 8.827527 21.968353 -15.957108
v 8.845898 21.976034 -15.96756
v 8.895247 21.959373 -15.81418
v 8.938442 21.9598 -15.819845
v 8.937081 21.96721 -15.825279
v 8.82012 21.973576 -15.927449
v 8.845898 21.976034 -15.96756
v 8.827527 21.968353 -15.957108
v 8.937081 21.96721 -15.825279
v 8.882825 21.966919 -15.820572
v 8.895247 21.959373 -15.81418
v 8.827527 21.968353 -15.957108
v 8.810974 21.964876 -15.90138
v 8.82012 21.973576 -15.927449
v 8.860037 21.960012 -15.82404
v 8.895247 21.959373 -15.81418
v 8.882825 21.966919 -15.820572
v 8.820984 21.970568 -15.87988
v 8.82012 21.973576 -15.927449
v 8.810974 21.964876 -15.90138
v 8.882825 21.966919 -15.820572
v 8.841638 21.968386 -15.844666
v 8.860037 21.960012 -15.82404
v 8.810974 21.964876 -15.90138
v 8.827457 21.96183 -15.853148
v 8.820984 21.970568 -15.87988
v 8.827457 21.96183 -15.853148
v 8.860037 21.960012 -15.82404
v 8.841638 21.968386 -15.844666
v 8.841638 21.968386 -15.844666
v 8.820984 21.970568 -15.87988
v 8.827457 21.96183 -15.853148
v 9.033051 23.689978 -15.796178
v 9.017591 23.701252 -15.795081
v 9.043408 23.694115 -15.796954
v 9.012994 23.693865 -15.844053
v 9.017591 23.701252 -15.795081
v 9.033051 23.689978 -15.796178
v 9.014374 23.689056 -15.865133
v 9.033051 23.689978 -15.796178
v 9.043408 23.694115 -15.796954
v 9.033051 23.689978 -15.796178
v 9.014374 23.689056 -15.865133
v 9.012994 23.693865 -15.844053
v 9.017591 23.701252 -15.795081
v 9.025267 23.71888 -15.79578
v 9.043408 23.694115 -15.796954
v 9.008356 23.704464 -15.840037
v 9.017591 23.701252 -15.795081
v 9.012994 23.693865 -15.844053
v 9.012844 23.715174 -15.840733
v 9.025267 23.71888 -15.79578
v 9.017591 23.701252 -15.795081
v 9.017591 23.701252 -15.795081
v 9.012844 23.715174 -15.840733
v 9.025267 23.71888 -15.79578
v 9.046983 23.709896 -15.797302
v 9.043408 23.694115 -15.796954
v 8.98957 23.70381 -15.870711
v 9.008356 23.704464 -15.840037
v 9.012994 23.693865 -15.844053
v 9.038791 23.715513 -15.830484
v 9.046983 23.709896 -15.797302
v 9.025267 23.71888 -15.79578
v 8.982132 23.714035 -15.886688
v 9.008356 23.704464 -15.840037
v 8.98957 23.70381 -15.870711
v 8.982132 23.714035 -15.886688
v 9.025267 23.71888 -15.79578
v 9.012844 23.715174 -15.840733
v 9.023668 23.71969 -15.847086
v 9.025267 23.71888 -15.79578
v 9.023668 23.71969 -15.847086
v 9.038791 23.715513 -15.830484
v 9.012844 23.715174 -15.840733
v 8.982132 23.714035 -15.886688
v 9.023668 23.71969 -15.847086
v 9.046983 23.709896 -15.797302
v 9.038791 23.715513 -15.830484
v 9.041194 23.704666 -15.841228
v 9.046983 23.709896 -15.797302
v 9.041194 23.704666 -15.841228
v 9.043408 23.694115 -15.796954
v 9.021463 23.714897 -15.87112
v 9.038791 23.715513 -15.830484
v 9.023668 23.71969 -15.847086
v 9.021463 23.714897 -15.87112
v 9.041194 23.704666 -15.841228
v 9.032972 23.69377 -15.84855
v 9.043408 23.694115 -15.796954
v 9.041194 23.704666 -15.841228
v 9.043408 23.694115 -15.796954
v 9.032972 23.69377 -15.84855
v 9.014374 23.689056 -15.865133
v 9.010402 23.69298 -15.88622
v 9.032972 23.69377 -15.84855
v 9.041194 23.704666 -15.841228
v 9.032972 23.69377 -15.84855
v 9.010402 23.69298 -15.88622
v 9.014374 23.689056 -15.865133
v 9.012785 23.70368 -15.890488
v 9.041194 23.704666 -15.841228
v 9.021463 23.714897 -15.87112
v 9.041194 23.704666 -15.841228
v 9.012785 23.70368 -15.890488
v 9.010402 23.69298 -15.88622
v 8.99239 23.713814 -15.904432
v 9.021463 23.714897 -15.87112
v 9.023668 23.71969 -15.847086
v 9.021463 23.714897 -15.87112
v 8.99239 23.713814 -15.904432
v 9.012785 23.70368 -15.890488
v 8.969681 23.717665 -15.909517
v 9.023668 23.71969 -15.847086
v 8.982132 23.714035 -15.886688
v 9.023668 23.71969 -15.847086
v 8.969681 23.717665 -15.909517
v 8.99239 23.713814 -15.904432
v 8.977376 23.69165 -15.91503
v 9.010402 23.69298 -15.88622
v 9.012785 23.70368 -15.890488
v 8.97822 23.702263 -15.920021
v 9.012785 23.70368 -15.890488
v 8.99239 23.713814 -15.904432
v 9.012785 23.70368 -15.890488
v 8.97822 23.702263 -15.920021
v 8.977376 23.69165 -15.91503
v 8.954449 23.712067 -15.92715
v 8.99239 23.713814 -15.904432
v 8.969681 23.717665 -15.909517
v 8.99239 23.713814 -15.904432
v 8.954449 23.712067 -15.92715
v 8.97822 23.702263 -15.920021
v 9.010402 23.69298 -15.88622
v 8.977376 23.69165 -15.91503
v 8.96119 23.686916 -15.912495
v 8.96119 23.686916 -15.912495
v 9.014374 23.689056 -15.865133
v 9.010402 23.69298 -15.88622
v 8.916864 23.688377 -15.937405
v 8.977376 23.69165 -15.91503
v 8.97822 23.702263 -15.920021
v 8.977376 23.69165 -15.91503
v 8.916864 23.688377 -15.937405
v 8.96119 23.686916 -15.912495
v 8.936217 23.700094 -15.937424
v 8.97822 23.702263 -15.920021
v 8.954449 23.712067 -15.92715
v 8.97822 23.702263 -15.920021
v 8.936217 23.700094 -15.937424
v 8.916864 23.688377 -15.937405
v 8.954449 23.712067 -15.92715
v 8.911263 23.709515 -15.937063
v 8.936217 23.700094 -15.937424
v 8.911263 23.709515 -15.937063
v 8.954449 23.712067 -15.92715
v 8.969681 23.717665 -15.909517
v 8.936217 23.700094 -15.937424
v 8.890998 23.697067 -15.940981
v 8.916864 23.688377 -15.937405
v 8.890998 23.697067 -15.940981
v 8.936217 23.700094 -15.937424
v 8.911263 23.709515 -15.937063
v 8.963842 23.692034 -15.899673
v 9.012994 23.693865 -15.844053
v 9.014374 23.689056 -15.865133
v 8.96119 23.686916 -15.912495
v 8.963842 23.692034 -15.899673
v 9.012994 23.693865 -15.844053
v 8.963842 23.692034 -15.899673
v 8.90197 23.68341 -15.926157
v 8.916864 23.688377 -15.937405
v 8.954657 23.702354 -15.898953
v 8.98957 23.70381 -15.870711
v 8.963842 23.692034 -15.899673
v 8.98957 23.70381 -15.870711
v 8.954657 23.702354 -15.898953
v 8.982132 23.714035 -15.886688
v 8.891762 23.687748 -15.91574
v 8.963842 23.692034 -15.899673
v 8.96119 23.686916 -15.912495
v 8.96119 23.686916 -15.912495
v 8.90197 23.68341 -15.926157
v 8.891762 23.687748 -15.91574
v 8.911283 23.699871 -15.910603
v 8.954657 23.702354 -15.898953
v 8.963842 23.692034 -15.899673
v 8.963842 23.692034 -15.899673
v 8.891762 23.687748 -15.91574
v 8.911283 23.699871 -15.910603
v 8.913359 23.71055 -15.916716
v 8.982132 23.714035 -15.886688
v 8.954657 23.702354 -15.898953
v 8.954657 23.702354 -15.898953
v 8.913359 23.71055 -15.916716
v 8.913359 23.71055 -15.916716
v 8.875527 23.697115 -15.907789
v 8.891762 23.687748 -15.91574
v 8.911283 23.699871 -15.910603
v 8.875527 23.697115 -15.907789
v 8.913359 23.71055 -15.916716
v 8.899735 23.71361 -15.927549
v 8.911263 23.709515 -15.937063
v 8.899735 23.71361 -15.927549
v 8.969681 23.717665 -15.909517
v 8.913359 23.71055 -15.916716
v 8.867117 23.706087 -15.933142
v 8.899735 23.71361 -15.927549
v 8.911263 23.709515 -15.937063
v 8.867117 23.706087 -15.933142
v 8.890998 23.697067 -15.940981
v 8.829692 23.707138 -15.907607
v 8.899735 23.71361 -15.927549
v 8.913359 23.71055 -15.916716
v 8.899735 23.71361 -15.927549
v 8.829692 23.707138 -15.907607
v 8.839949 23.704165 -15.900547
v 8.913359 23.71055 -15.916716
v 8.875527 23.697115 -15.907789
v 8.913359 23.71055 -15.916716
v 8.839949 23.704165 -15.900547
v 8.829692 23.707138 -15.907607
v 8.842432 23.69369 -15.894053
v 8.875527 23.697115 -15.907789
v 8.891762 23.687748 -15.91574
v 8.875527 23.697115 -15.907789
v 8.842432 23.69369 -15.894053
v 8.839949 23.704165 -15.900547
v 8.90197 23.68341 -15.926157
v 8.834002 23.67713 -15.906838
v 8.891762 23.687748 -15.91574
v 8.834002 23.67713 -15.906838
v 8.90197 23.68341 -15.926157
v 8.916864 23.688377 -15.937405
v 8.891762 23.687748 -15.91574
v 8.824438 23.680658 -15.886535
v 8.842432 23.69369 -15.894053
v 8.824438 23.680658 -15.886535
v 8.891762 23.687748 -15.91574
v 8.834002 23.67713 -15.906838
v 8.842432 23.69369 -15.894053
v 8.815264 23.68967 -15.870764
v 8.839949 23.704165 -15.900547
v 8.815264 23.68967 -15.870764
v 8.824438 23.680658 -15.886535
v 8.916864 23.688377 -15.937405
v 8.832026 23.680992 -15.918752
v 8.834002 23.67713 -15.906838
v 8.832026 23.680992 -15.918752
v 8.916864 23.688377 -15.937405
v 8.890998 23.697067 -15.940981
v 8.834002 23.67713 -15.906838
v 8.783588 23.667542 -15.845107
v 8.824438 23.680658 -15.886535
v 8.783588 23.667542 -15.845107
v 8.834002 23.67713 -15.906838
v 8.832026 23.680992 -15.918752
v 8.846979 23.693155 -15.930403
v 8.890998 23.697067 -15.940981
v 8.867117 23.706087 -15.933142
v 8.890998 23.697067 -15.940981
v 8.846979 23.693155 -15.930403
v 8.832026 23.680992 -15.918752
v 8.867117 23.706087 -15.933142
v 8.826385 23.701824 -15.915752
v 8.846979 23.693155 -15.930403
v 8.826385 23.701824 -15.915752
v 8.867117 23.706087 -15.933142
v 8.846979 23.693155 -15.930403
v 8.808492 23.688427 -15.906764
v 8.832026 23.680992 -15.918752
v 8.808492 23.688427 -15.906764
v 8.846979 23.693155 -15.930403
v 8.826385 23.701824 -15.915752
v 8.793032 23.696829 -15.886548
v 8.826385 23.701824 -15.915752
v 8.829692 23.707138 -15.907607
v 8.826385 23.701824 -15.915752
v 8.793032 23.696829 -15.886548
v 8.777264 23.697157 -15.843335
v 8.829692 23.707138 -15.907607
v 8.839949 23.704165 -15.900547
v 8.829692 23.707138 -15.907607
v 8.777264 23.697157 -15.843335
v 8.793032 23.696829 -15.886548
v 8.77495 23.670765 -15.854179
v 8.832026 23.680992 -15.918752
v 8.808492 23.688427 -15.906764
v 8.832026 23.680992 -15.918752
v 8.77495 23.670765 -15.854179
v 8.783588 23.667542 -15.845107
v 8.779308 23.683048 -15.872412
v 8.808492 23.688427 -15.906764
v 8.793032 23.696829 -15.886548
v 8.808492 23.688427 -15.906764
v 8.779308 23.683048 -15.872412
v 8.77495 23.670765 -15.854179
v 8.793032 23.696829 -15.886548
v 8.770471 23.69126 -15.848506
v 8.779308 23.683048 -15.872412
v 8.770471 23.69126 -15.848506
v 8.793032 23.696829 -15.886548
v 8.777264 23.697157 -15.843335
v 8.779308 23.683048 -15.872412
v 8.762269 23.677195 -15.830696
v 8.77495 23.670765 -15.854179
v 8.762269 23.677195 -15.830696
v 8.779308 23.683048 -15.872412
v 8.770471 23.69126 -15.848506
v 8.839949 23.704165 -15.900547
v 8.790112 23.695234 -15.844136
v 8.777264 23.697157 -15.843335
v 8.790112 23.695234 -15.844136
v 8.839949 23.704165 -15.900547
v 8.815264 23.68967 -15.870764
v 8.760849 23.68537 -15.805261
v 8.770471 23.69126 -15.848506
v 8.777264 23.697157 -15.843335
v 8.770471 23.69126 -15.848506
v 8.760849 23.68537 -15.805261
v 8.762269 23.677195 -15.830696
v 8.815264 23.68967 -15.870764
v 8.796725 23.685198 -15.840249
v 8.796725 23.685198 -15.840249
v 8.815264 23.68967 -15.870764
v 8.824438 23.680658 -15.886535
v 8.773331 23.686012 -15.760342
v 8.777264 23.697157 -15.843335
v 8.773331 23.686012 -15.760342
v 8.760849 23.68537 -15.805261
v 8.824438 23.680658 -15.886535
v 8.794432 23.673891 -15.841398
v 8.796725 23.685198 -15.840249
v 8.794432 23.673891 -15.841398
v 8.824438 23.680658 -15.886535
v 8.783588 23.667542 -15.845107
v 8.796725 23.685198 -15.840249
v 8.788603 23.680456 -15.805433
v 8.790112 23.695234 -15.844136
v 8.788603 23.680456 -15.805433
v 8.796725 23.685198 -15.840249
v 8.794432 23.673891 -15.841398
v 8.786537 23.669043 -15.805943
v 8.794432 23.673891 -15.841398
v 8.783588 23.667542 -15.845107
v 8.794432 23.673891 -15.841398
v 8.786537 23.669043 -15.805943
v 8.788603 23.680456 -15.805433
v 8.779805 23.656923 -15.766168
v 8.783588 23.667542 -15.845107
v 8.77495 23.670765 -15.854179
v 8.783588 23.667542 -15.845107
v 8.779805 23.656923 -15.766168
v 8.786537 23.669043 -15.805943
v 8.783291 23.68513 -15.768964
v 8.790112 23.695234 -15.844136
v 8.790112 23.695234 -15.844136
v 8.783291 23.68513 -15.768964
v 8.773331 23.686012 -15.760342
v 8.79175 23.675653 -15.769826
v 8.788603 23.680456 -15.805433
v 8.788603 23.680456 -15.805433
v 8.79175 23.675653 -15.769826
v 8.783291 23.68513 -15.768964
v 8.790092 23.664185 -15.769773
v 8.79175 23.675653 -15.769826
v 8.790092 23.664185 -15.769773
v 8.786537 23.669043 -15.805943
v 8.779805 23.656923 -15.766168
v 8.79175 23.675653 -15.769826
v 8.80584 23.671022 -15.736914
v 8.783291 23.68513 -15.768964
v 8.80584 23.671022 -15.736914
v 8.79175 23.675653 -15.769826
v 8.790092 23.664185 -15.769773
v 8.77495 23.670765 -15.854179
v 8.767155 23.659279 -15.768821
v 8.779805 23.656923 -15.766168
v 8.767155 23.659279 -15.768821
v 8.762269 23.677195 -15.830696
v 8.804718 23.659492 -15.736555
v 8.790092 23.664185 -15.769773
v 8.779805 23.656923 -15.766168
v 8.804718 23.659492 -15.736555
v 8.762269 23.677195 -15.830696
v 8.759102 23.671162 -15.785858
v 8.767155 23.659279 -15.768821
v 8.762269 23.677195 -15.830696
v 8.760849 23.68537 -15.805261
v 8.823465 23.647194 -15.700774
v 8.779805 23.656923 -15.766168
v 8.767155 23.659279 -15.768821
v 8.779805 23.656923 -15.766168
v 8.823465 23.647194 -15.700774
v 8.804718 23.659492 -15.736555
v 8.760849 23.68537 -15.805261
v 8.765199 23.679424 -15.761102
v 8.759102 23.671162 -15.785858
v 8.765199 23.679424 -15.761102
v 8.760849 23.68537 -15.805261
v 8.773331 23.686012 -15.760342
v 8.759102 23.671162 -15.785858
v 8.770063 23.665192 -15.742219
v 8.767155 23.659279 -15.768821
v 8.770063 23.665192 -15.742219
v 8.759102 23.671162 -15.785858
v 8.765199 23.679424 -15.761102
v 8.783102 23.673687 -15.720472
v 8.765199 23.679424 -15.761102
v 8.773331 23.686012 -15.760342
v 8.765199 23.679424 -15.761102
v 8.783102 23.673687 -15.720472
v 8.770063 23.665192 -15.742219
v 8.819762 23.67567 -15.69088
v 8.773331 23.686012 -15.760342
v 8.783291 23.68513 -15.768964
v 8.819762 23.67567 -15.69088
v 8.783102 23.673687 -15.720472
v 8.811262 23.648579 -15.695632
v 8.767155 23.659279 -15.768821
v 8.770063 23.665192 -15.742219
v 8.767155 23.659279 -15.768821
v 8.811262 23.648579 -15.695632
v 8.823465 23.647194 -15.700774
v 8.794104 23.659576 -15.70416
v 8.783102 23.673687 -15.720472
v 8.770063 23.665192 -15.742219
v 8.794104 23.659576 -15.70416
v 8.811262 23.648579 -15.695632
v 8.783102 23.673687 -15.720472
v 8.812841 23.668413 -15.687326
v 8.794104 23.659576 -15.70416
v 8.812841 23.668413 -15.687326
v 8.783102 23.673687 -15.720472
v 8.819762 23.67567 -15.69088
v 8.794104 23.659576 -15.70416
v 8.828768 23.654543 -15.675467
v 8.811262 23.648579 -15.695632
v 8.828768 23.654543 -15.675467
v 8.794104 23.659576 -15.70416
v 8.812841 23.668413 -15.687326
v 8.783291 23.68513 -15.768964
v 8.822503 23.675617 -15.703962
v 8.819762 23.67567 -15.69088
v 8.822503 23.675617 -15.703962
v 8.783291 23.68513 -15.768964
v 8.80584 23.671022 -15.736914
v 8.851497 23.663815 -15.664983
v 8.812841 23.668413 -15.687326
v 8.819762 23.67567 -15.69088
v 8.812841 23.668413 -15.687326
v 8.851497 23.663815 -15.664983
v 8.828768 23.654543 -15.675467
v 8.80584 23.671022 -15.736914
v 8.829503 23.666765 -15.710017
v 8.822503 23.675617 -15.703962
v 8.829503 23.666765 -15.710017
v 8.80584 23.671022 -15.736914
v 8.804718 23.659492 -15.736555
v 8.898842 23.667837 -15.662184
v 8.819762 23.67567 -15.69088
v 8.822503 23.675617 -15.703962
v 8.898842 23.667837 -15.662184
v 8.804718 23.659492 -15.736555
v 8.828978 23.655203 -15.709512
v 8.829503 23.666765 -15.710017
v 8.828978 23.655203 -15.709512
v 8.804718 23.659492 -15.736555
v 8.823465 23.647194 -15.700774
v 8.829503 23.666765 -15.710017
v 8.868616 23.662176 -15.68823
v 8.822503 23.675617 -15.703962
v 8.868616 23.662176 -15.68823
v 8.829503 23.666765 -15.710017
v 8.828978 23.655203 -15.709512
v 8.860405 23.651463 -15.691368
v 8.828978 23.655203 -15.709512
v 8.823465 23.647194 -15.700774
v 8.828978 23.655203 -15.709512
v 8.860405 23.651463 -15.691368
v 8.868616 23.662176 -15.68823
v 8.823465 23.647194 -15.700774
v 8.897144 23.639908 -15.674001
v 8.860405 23.651463 -15.691368
v 8.897144 23.639908 -15.674001
v 8.823465 23.647194 -15.700774
v 8.811262 23.648579 -15.695632
v 8.860405 23.651463 -15.691368
v 8.895924 23.648392 -15.683839
v 8.868616 23.662176 -15.68823
v 8.895924 23.648392 -15.683839
v 8.860405 23.651463 -15.691368
v 8.897144 23.639908 -15.674001
v 8.893211 23.668274 -15.674366
v 8.822503 23.675617 -15.703962
v 8.868616 23.662176 -15.68823
v 8.822503 23.675617 -15.703962
v 8.893211 23.668274 -15.674366
v 8.898842 23.667837 -15.662184
v 8.913786 23.658686 -15.684194
v 8.868616 23.662176 -15.68823
v 8.913786 23.658686 -15.684194
v 8.893211 23.668274 -15.674366
v 8.940348 23.645552 -15.689652
v 8.895924 23.648392 -15.683839
v 8.897144 23.639908 -15.674001
v 8.940348 23.645552 -15.689652
v 8.811262 23.648579 -15.695632
v 8.890044 23.640398 -15.662619
v 8.897144 23.639908 -15.674001
v 8.890044 23.640398 -15.662619
v 8.811262 23.648579 -15.695632
v 8.828768 23.654543 -15.675467
v 8.975172 23.635498 -15.695919
v 8.940348 23.645552 -15.689652
v 8.975172 23.635498 -15.695919
v 8.897144 23.639908 -15.674001
v 8.890044 23.640398 -15.662619
v 8.870652 23.65028 -15.658932
v 8.828768 23.654543 -15.675467
v 8.851497 23.663815 -15.664983
v 8.828768 23.654543 -15.675467
v 8.870652 23.65028 -15.658932
v 8.890044 23.640398 -15.662619
v 8.851497 23.663815 -15.664983
v 8.895367 23.660017 -15.655683
v 8.870652 23.65028 -15.658932
v 8.895367 23.660017 -15.655683
v 8.851497 23.663815 -15.664983
v 8.898842 23.667837 -15.662184
v 8.870652 23.65028 -15.658932
v 8.915633 23.646873 -15.656155
v 8.890044 23.640398 -15.662619
v 8.915633 23.646873 -15.656155
v 8.870652 23.65028 -15.658932
v 8.895367 23.660017 -15.655683
v 8.949633 23.65655 -15.662744
v 8.895367 23.660017 -15.655683
v 8.898842 23.667837 -15.662184
v 8.895367 23.660017 -15.655683
v 8.949633 23.65655 -15.662744
v 8.915633 23.646873 -15.656155
v 8.982807 23.663088 -15.685768
v 8.898842 23.667837 -15.662184
v 8.893211 23.668274 -15.674366
v 8.898842 23.667837 -15.662184
v 8.982807 23.663088 -15.685768
v 8.949633 23.65655 -15.662744
v 8.975846 23.635351 -15.68272
v 8.915633 23.646873 -15.656155
v 8.975846 23.635351 -15.68272
v 8.975172 23.635498 -15.695919
v 8.95983 23.644344 -15.66743
v 8.949633 23.65655 -15.662744
v 8.915633 23.646873 -15.656155
v 8.95983 23.644344 -15.66743
v 8.975846 23.635351 -15.68272
v 8.998507 23.642536 -15.689276
v 8.95983 23.644344 -15.66743
v 8.949633 23.65655 -15.662744
v 8.95983 23.644344 -15.66743
v 8.998507 23.642536 -15.689276
v 8.975846 23.635351 -15.68272
v 9.000204 23.654171 -15.690084
v 8.949633 23.65655 -15.662744
v 8.982807 23.663088 -15.685768
v 8.949633 23.65655 -15.662744
v 9.000204 23.654171 -15.690084
v 8.998507 23.642536 -15.689276
v 8.893211 23.668274 -15.674366
v 8.971437 23.663689 -15.692782
v 8.982807 23.663088 -15.685768
v 8.971437 23.663689 -15.692782
v 8.893211 23.668274 -15.674366
v 8.913786 23.658686 -15.684194
v 9.029984 23.641436 -15.723315
v 8.998507 23.642536 -15.689276
v 9.000204 23.654171 -15.690084
v 8.913786 23.658686 -15.684194
v 8.94999 23.656618 -15.693477
v 8.971437 23.663689 -15.692782
v 8.94999 23.656618 -15.693477
v 8.913786 23.658686 -15.684194
v 9.031354 23.653093 -15.724471
v 9.000204 23.654171 -15.690084
v 8.982807 23.663088 -15.685768
v 9.000204 23.654171 -15.690084
v 9.031354 23.653093 -15.724471
v 9.029984 23.641436 -15.723315
v 8.981686 23.65514 -15.711349
v 8.94999 23.656618 -15.693477
v 8.940348 23.645552 -15.689652
v 8.94999 23.656618 -15.693477
v 8.981686 23.65514 -15.711349
v 8.971437 23.663689 -15.692782
v 8.998507 23.642536 -15.689276
v 9.029984 23.641436 -15.723315
v 9.033976 23.63331 -15.744199
v 9.033976 23.63331 -15.744199
v 8.975846 23.635351 -15.68272
v 8.998507 23.642536 -15.689276
v 8.940348 23.645552 -15.689652
v 8.982092 23.643593 -15.712186
v 8.981686 23.65514 -15.711349
v 8.982092 23.643593 -15.712186
v 8.975172 23.635498 -15.695919
v 9.013609 23.66215 -15.733145
v 8.971437 23.663689 -15.692782
v 8.981686 23.65514 -15.711349
v 9.026031 23.633795 -15.755264
v 8.975172 23.635498 -15.695919
v 8.975846 23.635351 -15.68272
v 8.975846 23.635351 -15.68272
v 9.033976 23.63331 -15.744199
v 9.026031 23.633795 -15.755264
v 9.007264 23.642721 -15.739988
v 8.982092 23.643593 -15.712186
v 8.975172 23.635498 -15.695919
v 8.975172 23.635498 -15.695919
v 9.026031 23.633795 -15.755264
v 9.007264 23.642721 -15.739988
v 9.007105 23.65425 -15.738863
v 8.981686 23.65514 -15.711349
v 8.982092 23.643593 -15.712186
v 8.982092 23.643593 -15.712186
v 9.007264 23.642721 -15.739988
v 9.007105 23.65425 -15.738863
v 8.981686 23.65514 -15.711349
v 9.007105 23.65425 -15.738863
v 9.013609 23.66215 -15.733145
v 9.038225 23.661234 -15.75048
v 8.982807 23.663088 -15.685768
v 8.971437 23.663689 -15.692782
v 8.971437 23.663689 -15.692782
v 9.013609 23.66215 -15.733145
v 9.038225 23.661234 -15.75048
v 9.038225 23.661234 -15.75048
v 9.031354 23.653093 -15.724471
v 9.034005 23.66159 -15.77937
v 9.013609 23.66215 -15.733145
v 9.007105 23.65425 -15.738863
v 9.013609 23.66215 -15.733145
v 9.034005 23.66159 -15.77937
v 9.023052 23.653818 -15.773682
v 9.007105 23.65425 -15.738863
v 9.023052 23.653818 -15.773682
v 9.034005 23.66159 -15.77937
v 9.007264 23.642721 -15.739988
v 9.022823 23.642296 -15.774886
v 9.023052 23.653818 -15.773682
v 9.022823 23.642296 -15.774886
v 9.007264 23.642721 -15.739988
v 9.026031 23.633795 -15.755264
v 9.023052 23.653818 -15.773682
v 9.027431 23.653612 -15.812448
v 9.034005 23.66159 -15.77937
v 9.027431 23.653612 -15.812448
v 9.023052 23.653818 -15.773682
v 9.022823 23.642296 -15.774886
v 9.026806 23.6421 -15.81363
v 9.022823 23.642296 -15.774886
v 9.026031 23.633795 -15.755264
v 9.022823 23.642296 -15.774886
v 9.026806 23.6421 -15.81363
v 9.027431 23.653612 -15.812448
v 9.026031 23.633795 -15.755264
v 9.032774 23.633406 -15.83781
v 9.026806 23.6421 -15.81363
v 9.032774 23.633406 -15.83781
v 9.026031 23.633795 -15.755264
v 9.033976 23.63331 -15.744199
v 9.019368 23.653418 -15.851381
v 9.026806 23.6421 -15.81363
v 9.032079 23.661327 -15.842505
v 9.034005 23.66159 -15.77937
v 9.027431 23.653612 -15.812448
v 9.027431 23.653612 -15.812448
v 9.019368 23.653418 -15.851381
v 9.032079 23.661327 -15.842505
v 9.018406 23.641903 -15.852256
v 9.026806 23.6421 -15.81363
v 9.032774 23.633406 -15.83781
v 9.018406 23.641903 -15.852256
v 9.019368 23.653418 -15.851381
v 9.034005 23.66159 -15.77937
v 9.032079 23.661327 -15.842505
v 9.045583 23.660807 -15.84106
v 9.045583 23.660807 -15.84106
v 9.038225 23.661234 -15.75048
v 9.034005 23.66159 -15.77937
v 8.999261 23.652971 -15.88645
v 9.018406 23.641903 -15.852256
v 9.000532 23.660645 -15.89938
v 9.032079 23.661327 -15.842505
v 9.019368 23.653418 -15.851381
v 9.019368 23.653418 -15.851381
v 8.999261 23.652971 -15.88645
v 9.000532 23.660645 -15.89938
v 9.018406 23.641903 -15.852256
v 8.998089 23.641449 -15.886917
v 8.999261 23.652971 -15.88645
v 8.998089 23.641449 -15.886917
v 9.018406 23.641903 -15.852256
v 9.032774 23.633406 -15.83781
v 8.999261 23.652971 -15.88645
v 8.968698 23.652054 -15.914018
v 9.000532 23.660645 -15.89938
v 8.968698 23.652054 -15.914018
v 8.999261 23.652971 -15.88645
v 8.998089 23.641449 -15.886917
v 9.032079 23.661327 -15.842505
v 9.000532 23.660645 -15.89938
v 8.996332 23.659704 -15.921056
v 8.996332 23.659704 -15.921056
v 9.045583 23.660807 -15.84106
v 9.032079 23.661327 -15.842505
v 8.945074 23.658716 -15.936405
v 9.000532 23.660645 -15.89938
v 8.968698 23.652054 -15.914018
v 9.000532 23.660645 -15.89938
v 8.945074 23.658716 -15.936405
v 8.996332 23.659704 -15.921056
v 8.998089 23.641449 -15.886917
v 8.967476 23.640512 -15.913958
v 8.968698 23.652054 -15.914018
v 8.968698 23.652054 -15.914018
v 8.930458 23.650465 -15.93099
v 8.945074 23.658716 -15.936405
v 8.930458 23.650465 -15.93099
v 8.968698 23.652054 -15.914018
v 8.967476 23.640512 -15.913958
v 9.032774 23.633406 -15.83781
v 8.98812 23.63241 -15.910364
v 8.998089 23.641449 -15.886917
v 8.967476 23.640512 -15.913958
v 8.998089 23.641449 -15.886917
v 8.98812 23.63241 -15.910364
v 9.045762 23.632845 -15.833598
v 9.032774 23.633406 -15.83781
v 8.98812 23.63241 -15.910364
v 9.032774 23.633406 -15.83781
v 9.045762 23.632845 -15.833598
v 8.967476 23.640512 -15.913958
v 8.929476 23.638922 -15.930373
v 8.930458 23.650465 -15.93099
v 8.929476 23.638922 -15.930373
v 8.967476 23.640512 -15.913958
v 8.98812 23.63241 -15.910364
v 9.045762 23.632845 -15.833598
v 9.033976 23.63331 -15.744199
v 9.049614 23.640888 -15.766174
v 9.029984 23.641436 -15.723315
v 9.049614 23.640888 -15.766174
v 9.033976 23.63331 -15.744199
v 9.049614 23.640888 -15.766174
v 9.029984 23.641436 -15.723315
v 9.031354 23.653093 -15.724471
v 9.050578 23.652576 -15.767607
v 9.049614 23.640888 -15.766174
v 9.050578 23.652576 -15.767607
v 9.031354 23.653093 -15.724471
v 9.038225 23.661234 -15.75048
v 9.049614 23.640888 -15.766174
v 9.054986 23.640657 -15.813662
v 9.045762 23.632845 -15.833598
v 9.054986 23.640657 -15.813662
v 9.055483 23.65232 -15.815245
v 9.050578 23.652576 -15.767607
v 9.038225 23.661234 -15.75048
v 9.050578 23.652576 -15.767607
v 9.055483 23.65232 -15.815245
v 9.054986 23.640657 -15.813662
v 9.038225 23.661234 -15.75048
v 9.055483 23.65232 -15.815245
v 9.054986 23.640657 -15.813662
v 9.045156 23.640408 -15.86107
v 9.045762 23.632845 -15.833598
v 9.045156 23.640408 -15.86107
v 9.054986 23.640657 -15.813662
v 9.055483 23.65232 -15.815245
v 9.045146 23.652063 -15.862782
v 9.055483 23.65232 -15.815245
v 9.045583 23.660807 -15.84106
v 9.055483 23.65232 -15.815245
v 9.045146 23.652063 -15.862782
v 9.045156 23.640408 -15.86107
v 9.020183 23.651516 -15.905344
v 9.045146 23.652063 -15.862782
v 9.045583 23.660807 -15.84106
v 9.045583 23.660807 -15.84106
v 8.996332 23.659704 -15.921056
v 9.020183 23.651516 -15.905344
v 9.020779 23.639864 -15.90359
v 9.045156 23.640408 -15.86107
v 9.045146 23.652063 -15.862782
v 9.020183 23.651516 -15.905344
v 9.020779 23.639864 -15.90359
v 9.001078 23.63188 -15.914691
v 9.045156 23.640408 -15.86107
v 9.020779 23.639864 -15.90359
v 9.001078 23.63188 -15.914691
v 9.045762 23.632845 -15.833598
v 9.001078 23.63188 -15.914691
v 8.98812 23.63241 -15.910364
v 8.97394 23.638372 -15.943689
v 9.020779 23.639864 -15.90359
v 9.020183 23.651516 -15.905344
v 9.020779 23.639864 -15.90359
v 8.97394 23.638372 -15.943689
v 9.001078 23.63188 -15.914691
v 8.982698 23.650377 -15.938471
v 9.020183 23.651516 -15.905344
v 8.996332 23.659704 -15.921056
v 9.020183 23.651516 -15.905344
v 8.982698 23.650377 -15.938471
v 8.97394 23.638372 -15.943689
v 8.907302 23.628956 -15.943254
v 8.98812 23.63241 -15.910364
v 9.001078 23.63188 -15.914691
v 8.98812 23.63241 -15.910364
v 8.907302 23.628956 -15.943254
v 8.929476 23.638922 -15.930373
v 8.936217 23.648418 -15.958546
v 8.982698 23.650377 -15.938471
v 8.996332 23.659704 -15.921056
v 8.982698 23.650377 -15.938471
v 8.936217 23.648418 -15.958546
v 8.97394 23.638372 -15.943689
v 8.915088 23.628372 -15.954433
v 9.001078 23.63188 -15.914691
v 8.97394 23.638372 -15.943689
v 9.001078 23.63188 -15.914691
v 8.915088 23.628372 -15.954433
v 8.907302 23.628956 -15.943254
v 8.91318 23.63555 -15.961706
v 8.97394 23.638372 -15.943689
v 8.91318 23.63555 -15.961706
v 8.915088 23.628372 -15.954433
v 8.996332 23.659704 -15.921056
v 8.906715 23.655872 -15.957527
v 8.936217 23.648418 -15.958546
v 8.906715 23.655872 -15.957527
v 8.996332 23.659704 -15.921056
v 8.945074 23.658716 -15.936405
v 8.885199 23.64552 -15.963226
v 8.91318 23.63555 -15.961706
v 8.885199 23.64552 -15.963226
v 8.936217 23.648418 -15.958546
v 8.906715 23.655872 -15.957527
v 8.850126 23.631245 -15.956522
v 8.885199 23.64552 -15.963226
v 8.91318 23.63555 -15.961706
v 8.850126 23.631245 -15.956522
v 8.915088 23.628372 -15.954433
v 8.834745 23.641584 -15.951677
v 8.885199 23.64552 -15.963226
v 8.906715 23.655872 -15.957527
v 8.834745 23.641584 -15.951677
v 8.877295 23.654934 -15.944086
v 8.906715 23.655872 -15.957527
v 8.877295 23.654934 -15.944086
v 8.945074 23.658716 -15.936405
v 8.930458 23.650465 -15.93099
v 8.906715 23.655872 -15.957527
v 8.835213 23.650505 -15.944006
v 8.834745 23.641584 -15.951677
v 8.835213 23.650505 -15.944006
v 8.906715 23.655872 -15.957527
v 8.877295 23.654934 -15.944086
v 8.888316 23.648073 -15.935278
v 8.930458 23.650465 -15.93099
v 8.929476 23.638922 -15.930373
v 8.888316 23.648073 -15.935278
v 8.887731 23.636541 -15.934193
v 8.888316 23.648073 -15.935278
v 8.887731 23.636541 -15.934193
v 8.929476 23.638922 -15.930373
v 8.907302 23.628956 -15.943254
v 8.888316 23.648073 -15.935278
v 8.846314 23.644857 -15.926126
v 8.877295 23.654934 -15.944086
v 8.846314 23.644857 -15.926126
v 8.887731 23.636541 -15.934193
v 8.846394 23.633335 -15.924743
v 8.887731 23.636541 -15.934193
v 8.907302 23.628956 -15.943254
v 8.887731 23.636541 -15.934193
v 8.846394 23.633335 -15.924743
v 8.846314 23.644857 -15.926126
v 8.820865 23.62211 -15.921565
v 8.907302 23.628956 -15.943254
v 8.915088 23.628372 -15.954433
v 8.907302 23.628956 -15.943254
v 8.820865 23.62211 -15.921565
v 8.846394 23.633335 -15.924743
v 8.812185 23.649107 -15.91929
v 8.877295 23.654934 -15.944086
v 8.846314 23.644857 -15.926126
v 8.877295 23.654934 -15.944086
v 8.812185 23.649107 -15.91929
v 8.835213 23.650505 -15.944006
v 8.800369 23.639729 -15.89751
v 8.846314 23.644857 -15.926126
v 8.846394 23.633335 -15.924743
v 8.846314 23.644857 -15.926126
v 8.800369 23.639729 -15.89751
v 8.812185 23.649107 -15.91929
v 8.809574 23.629324 -15.902576
v 8.846394 23.633335 -15.924743
v 8.820865 23.62211 -15.921565
v 8.846394 23.633335 -15.924743
v 8.809574 23.629324 -15.902576
v 8.800369 23.639729 -15.89751
v 8.915088 23.628372 -15.954433
v 8.820348 23.621185 -15.935047
v 8.820865 23.62211 -15.921565
v 8.820348 23.621185 -15.935047
v 8.915088 23.628372 -15.954433
v 8.850126 23.631245 -15.956522
v 8.781245 23.624647 -15.869678
v 8.809574 23.629324 -15.902576
v 8.820865 23.62211 -15.921565
v 8.809574 23.629324 -15.902576
v 8.781245 23.624647 -15.869678
v 8.800369 23.639729 -15.89751
v 8.763103 23.612288 -15.851688
v 8.820865 23.62211 -15.921565
v 8.820348 23.621185 -15.935047
v 8.820865 23.62211 -15.921565
v 8.763103 23.612288 -15.851688
v 8.781245 23.624647 -15.869678
v 8.79326 23.625374 -15.925219
v 8.820348 23.621185 -15.935047
v 8.79326 23.625374 -15.925219
v 8.850126 23.631245 -15.956522
v 8.834745 23.641584 -15.951677
v 8.820348 23.621185 -15.935047
v 8.754692 23.610676 -15.861924
v 8.763103 23.612288 -15.851688
v 8.754692 23.610676 -15.861924
v 8.820348 23.621185 -15.935047
v 8.79326 23.625374 -15.925219
v 8.834745 23.641584 -15.951677
v 8.790003 23.636717 -15.924754
v 8.79326 23.625374 -15.925219
v 8.790003 23.636717 -15.924754
v 8.834745 23.641584 -15.951677
v 8.835213 23.650505 -15.944006
v 8.79326 23.625374 -15.925219
v 8.751883 23.618336 -15.875691
v 8.754692 23.610676 -15.861924
v 8.751883 23.618336 -15.875691
v 8.79326 23.625374 -15.925219
v 8.790003 23.636717 -15.924754
v 8.835213 23.650505 -15.944006
v 8.792476 23.645796 -15.91764
v 8.790003 23.636717 -15.924754
v 8.792476 23.645796 -15.91764
v 8.835213 23.650505 -15.944006
v 8.812185 23.649107 -15.91929
v 8.790003 23.636717 -15.924754
v 8.755507 23.631035 -15.884739
v 8.751883 23.618336 -15.875691
v 8.755507 23.631035 -15.884739
v 8.790003 23.636717 -15.924754
v 8.792476 23.645796 -15.91764
v 8.759737 23.640303 -15.878815
v 8.792476 23.645796 -15.91764
v 8.812185 23.649107 -15.91929
v 8.792476 23.645796 -15.91764
v 8.759737 23.640303 -15.878815
v 8.755507 23.631035 -15.884739
v 8.755507 23.631035 -15.884739
v 8.735131 23.624767 -15.835575
v 8.735131 23.624767 -15.835575
v 8.755507 23.631035 -15.884739
v 8.759737 23.640303 -15.878815
v 8.751883 23.618336 -15.875691
v 8.73399 23.61044 -15.811883
v 8.754692 23.610676 -15.861924
v 8.73399 23.61044 -15.811883
v 8.751883 23.618336 -15.875691
v 8.735131 23.624767 -15.835575
v 8.812185 23.649107 -15.91929
v 8.764921 23.641514 -15.866386
v 8.759737 23.640303 -15.878815
v 8.764921 23.641514 -15.866386
v 8.812185 23.649107 -15.91929
v 8.800369 23.639729 -15.89751
v 8.759737 23.640303 -15.878815
v 8.740633 23.634272 -15.831269
v 8.735131 23.624767 -15.835575
v 8.740633 23.634272 -15.831269
v 8.764921 23.641514 -15.866386
v 8.735131 23.624767 -15.835575
v 8.731119 23.618237 -15.782022
v 8.73399 23.61044 -15.811883
v 8.731119 23.618237 -15.782022
v 8.735131 23.624767 -15.835575
v 8.740633 23.634272 -15.831269
v 8.800369 23.639729 -15.89751
v 8.764732 23.63222 -15.841356
v 8.764921 23.641514 -15.866386
v 8.764732 23.63222 -15.841356
v 8.800369 23.639729 -15.89751
v 8.764921 23.641514 -15.866386
v 8.748417 23.634233 -15.80796
v 8.740633 23.634272 -15.831269
v 8.748417 23.634233 -15.80796
v 8.764921 23.641514 -15.866386
v 8.764732 23.63222 -15.841356
v 8.781245 23.624647 -15.869678
v 8.764474 23.619492 -15.829166
v 8.764732 23.63222 -15.841356
v 8.764474 23.619492 -15.829166
v 8.781245 23.624647 -15.869678
v 8.763103 23.612288 -15.851688
v 8.758794 23.624004 -15.773975
v 8.758794 23.624004 -15.773975
v 8.764732 23.63222 -15.841356
v 8.737326 23.627974 -15.779451
v 8.740633 23.634272 -15.831269
v 8.748417 23.634233 -15.80796
v 8.740633 23.634272 -15.831269
v 8.737326 23.627974 -15.779451
v 8.731119 23.618237 -15.782022
v 8.761177 23.614119 -15.785038
v 8.764474 23.619492 -15.829166
v 8.763103 23.612288 -15.851688
v 8.764474 23.619492 -15.829166
v 8.761177 23.614119 -15.785038
v 8.758794 23.624004 -15.773975
v 8.763103 23.612288 -15.851688
v 8.755388 23.60401 -15.784253
v 8.761177 23.614119 -15.785038
v 8.755388 23.60401 -15.784253
v 8.763103 23.612288 -15.851688
v 8.754692 23.610676 -15.861924
v 8.761177 23.614119 -15.785038
v 8.77198 23.608774 -15.741615
v 8.77198 23.608774 -15.741615
v 8.761177 23.614119 -15.785038
v 8.755388 23.60401 -15.784253
v 8.754385 23.626917 -15.747722
v 8.748417 23.634233 -15.80796
v 8.758794 23.624004 -15.773975
v 8.748417 23.634233 -15.80796
v 8.754385 23.626917 -15.747722
v 8.737326 23.627974 -15.779451
v 8.779378 23.617285 -15.719896
v 8.758794 23.624004 -15.773975
v 8.77198 23.608774 -15.741615
v 8.758794 23.624004 -15.773975
v 8.779378 23.617285 -15.719896
v 8.754385 23.626917 -15.747722
v 8.754692 23.610676 -15.861924
v 8.744297 23.600027 -15.774835
v 8.755388 23.60401 -15.784253
v 8.744297 23.600027 -15.774835
v 8.754692 23.610676 -15.861924
v 8.73399 23.61044 -15.811883
v 8.755388 23.60401 -15.784253
v 8.767105 23.598457 -15.739141
v 8.77198 23.608774 -15.741615
v 8.767105 23.598457 -15.739141
v 8.755388 23.60401 -15.784253
v 8.744297 23.600027 -15.774835
v 8.77198 23.608774 -15.741615
v 8.796089 23.603756 -15.703324
v 8.779378 23.617285 -15.719896
v 8.796089 23.603756 -15.703324
v 8.77198 23.608774 -15.741615
v 8.767105 23.598457 -15.739141
v 8.73399 23.61044 -15.811883
v 8.737931 23.604006 -15.75899
v 8.744297 23.600027 -15.774835
v 8.737931 23.604006 -15.75899
v 8.73399 23.61044 -15.811883
v 8.731119 23.618237 -15.782022
v 8.744297 23.600027 -15.774835
v 8.773152 23.591204 -15.704631
v 8.767105 23.598457 -15.739141
v 8.773152 23.591204 -15.704631
v 8.744297 23.600027 -15.774835
v 8.737931 23.604006 -15.75899
v 8.792604 23.59326 -15.69958
v 8.796089 23.603756 -15.703324
v 8.792604 23.59326 -15.69958
v 8.767105 23.598457 -15.739141
v 8.773152 23.591204 -15.704631
v 8.731119 23.618237 -15.782022
v 8.744187 23.611773 -15.72943
v 8.737931 23.604006 -15.75899
v 8.744187 23.611773 -15.72943
v 8.731119 23.618237 -15.782022
v 8.737326 23.627974 -15.779451
v 8.758417 23.5978 -15.709535
v 8.773152 23.591204 -15.704631
v 8.758417 23.5978 -15.709535
v 8.737931 23.604006 -15.75899
v 8.737326 23.627974 -15.779451
v 8.750532 23.62173 -15.728793
v 8.744187 23.611773 -15.72943
v 8.750532 23.62173 -15.728793
v 8.737326 23.627974 -15.779451
v 8.754385 23.626917 -15.747722
v 8.744187 23.611773 -15.72943
v 8.773351 23.605694 -15.683092
v 8.758417 23.5978 -15.709535
v 8.773351 23.605694 -15.683092
v 8.744187 23.611773 -15.72943
v 8.750532 23.62173 -15.728793
v 8.758417 23.5978 -15.709535
v 8.793607 23.592134 -15.668661
v 8.773152 23.591204 -15.704631
v 8.793607 23.592134 -15.668661
v 8.758417 23.5978 -15.709535
v 8.773351 23.605694 -15.683092
v 8.779209 23.615887 -15.68435
v 8.750532 23.62173 -15.728793
v 8.754385 23.626917 -15.747722
v 8.750532 23.62173 -15.728793
v 8.779209 23.615887 -15.68435
v 8.773351 23.605694 -15.683092
v 8.773351 23.605694 -15.683092
v 8.815948 23.600304 -15.647844
v 8.793607 23.592134 -15.668661
v 8.815948 23.600304 -15.647844
v 8.773351 23.605694 -15.683092
v 8.779209 23.615887 -15.68435
v 8.754385 23.626917 -15.747722
v 8.801729 23.617327 -15.674942
v 8.779209 23.615887 -15.68435
v 8.801729 23.617327 -15.674942
v 8.754385 23.626917 -15.747722
v 8.779378 23.617285 -15.719896
v 8.779209 23.615887 -15.68435
v 8.820865 23.610699 -15.65064
v 8.820865 23.610699 -15.65064
v 8.779209 23.615887 -15.68435
v 8.801729 23.617327 -15.674942
v 8.840097 23.587255 -15.640615
v 8.793607 23.592134 -15.668661
v 8.815948 23.600304 -15.647844
v 8.867871 23.59585 -15.627441
v 8.815948 23.600304 -15.647844
v 8.820865 23.610699 -15.65064
v 8.815948 23.600304 -15.647844
v 8.867871 23.59585 -15.627441
v 8.840097 23.587255 -15.640615
v 8.871407 23.606419 -15.631411
v 8.820865 23.610699 -15.65064
v 8.801729 23.617327 -15.674942
v 8.820865 23.610699 -15.65064
v 8.871407 23.606419 -15.631411
v 8.867871 23.59585 -15.627441
v 8.779378 23.617285 -15.719896
v 8.809673 23.612406 -15.684692
v 8.801729 23.617327 -15.674942
v 8.809673 23.612406 -15.684692
v 8.779378 23.617285 -15.719896
v 8.796089 23.603756 -15.703324
v 8.793607 23.592134 -15.668661
v 8.840097 23.587255 -15.640615
v 8.843067 23.582556 -15.648676
v 8.843067 23.582556 -15.648676
v 8.773152 23.591204 -15.704631
v 8.793607 23.592134 -15.668661
v 8.796089 23.603756 -15.703324
v 8.83137 23.599304 -15.674123
v 8.809673 23.612406 -15.684692
v 8.83137 23.599304 -15.674123
v 8.796089 23.603756 -15.703324
v 8.792604 23.59326 -15.69958
v 8.829473 23.588665 -15.669721
v 8.792604 23.59326 -15.69958
v 8.773152 23.591204 -15.704631
v 8.792604 23.59326 -15.69958
v 8.829473 23.588665 -15.669721
v 8.83137 23.599304 -15.674123
v 8.773152 23.591204 -15.704631
v 8.843067 23.582556 -15.648676
v 8.829473 23.588665 -15.669721
v 8.860315 23.607222 -15.65583
v 8.809673 23.612406 -15.684692
v 8.83137 23.599304 -15.674123
v 8.809673 23.612406 -15.684692
v 8.860315 23.607222 -15.65583
v 8.801729 23.617327 -15.674942
v 8.874386 23.595615 -15.65724
v 8.829473 23.588665 -15.669721
v 8.83137 23.599304 -15.674123
v 8.874386 23.595615 -15.65724
v 8.874157 23.584885 -15.652684
v 8.829473 23.588665 -15.669721
v 8.843067 23.582556 -15.648676
v 8.829473 23.588665 -15.669721
v 8.874157 23.584885 -15.652684
v 8.874386 23.595615 -15.65724
v 8.896161 23.609129 -15.636815
v 8.801729 23.617327 -15.674942
v 8.801729 23.617327 -15.674942
v 8.896161 23.609129 -15.636815
v 8.871407 23.606419 -15.631411
v 8.92042 23.603477 -15.649941
v 8.860315 23.607222 -15.65583
v 8.874386 23.595615 -15.65724
v 8.860315 23.607222 -15.65583
v 8.92042 23.603477 -15.649941
v 8.920945 23.592798 -15.65453
v 8.874386 23.595615 -15.65724
v 8.874157 23.584885 -15.652684
v 8.874386 23.595615 -15.65724
v 8.920945 23.592798 -15.65453
v 8.92042 23.603477 -15.649941
v 8.922405 23.582006 -15.650368
v 8.874157 23.584885 -15.652684
v 8.843067 23.582556 -15.648676
v 8.874157 23.584885 -15.652684
v 8.922405 23.582006 -15.650368
v 8.920945 23.592798 -15.65453
v 8.840097 23.587255 -15.640615
v 8.893539 23.58338 -15.628274
v 8.843067 23.582556 -15.648676
v 8.893539 23.58338 -15.628274
v 8.840097 23.587255 -15.640615
v 8.867871 23.59585 -15.627441
v 8.843067 23.582556 -15.648676
v 8.920995 23.577532 -15.639363
v 8.922405 23.582006 -15.650368
v 8.920995 23.577532 -15.639363
v 8.843067 23.582556 -15.648676
v 8.893539 23.58338 -15.628274
v 8.924044 23.59247 -15.624193
v 8.867871 23.59585 -15.627441
v 8.871407 23.606419 -15.631411
v 8.867871 23.59585 -15.627441
v 8.924044 23.59247 -15.624193
v 8.893539 23.58338 -15.628274
v 8.92593 23.603174 -15.628831
v 8.871407 23.606419 -15.631411
v 8.896161 23.609129 -15.636815
v 8.871407 23.606419 -15.631411
v 8.92593 23.603174 -15.628831
v 8.924044 23.59247 -15.624193
v 8.893539 23.58338 -15.628274
v 8.94855 23.580576 -15.633217
v 8.920995 23.577532 -15.639363
v 8.94855 23.580576 -15.633217
v 8.893539 23.58338 -15.628274
v 8.978786 23.590193 -15.638637
v 8.924044 23.59247 -15.624193
v 8.92593 23.603174 -15.628831
v 8.924044 23.59247 -15.624193
v 8.978786 23.590193 -15.638637
v 8.94855 23.580576 -15.633217
v 8.978985 23.601 -15.643405
v 8.92593 23.603174 -15.628831
v 8.896161 23.609129 -15.636815
v 8.92593 23.603174 -15.628831
v 8.978985 23.601 -15.643405
v 8.978786 23.590193 -15.638637
v 8.984873 23.605286 -15.65718
v 8.896161 23.609129 -15.636815
v 8.92042 23.603477 -15.649941
v 8.896161 23.609129 -15.636815
v 8.984873 23.605286 -15.65718
v 8.967197 23.601517 -15.661774
v 8.92042 23.603477 -15.649941
v 8.920945 23.592798 -15.65453
v 8.92042 23.603477 -15.649941
v 8.967197 23.601517 -15.661774
v 8.984873 23.605286 -15.65718
v 8.920945 23.592798 -15.65453
v 8.966474 23.59091 -15.666528
v 8.967197 23.601517 -15.661774
v 8.966474 23.59091 -15.666528
v 8.920945 23.592798 -15.65453
v 8.922405 23.582006 -15.650368
v 8.967197 23.601517 -15.661774
v 9.008416 23.600418 -15.687781
v 8.984873 23.605286 -15.65718
v 9.008416 23.600418 -15.687781
v 8.967197 23.601517 -15.661774
v 8.966474 23.59091 -15.666528
v 8.922405 23.582006 -15.650368
v 8.969342 23.58008 -15.663254
v 8.966474 23.59091 -15.666528
v 8.969342 23.58008 -15.663254
v 8.922405 23.582006 -15.650368
v 8.920995 23.577532 -15.639363
v 9.006341 23.589863 -15.692271
v 9.008416 23.600418 -15.687781
v 9.006341 23.589863 -15.692271
v 8.966474 23.59091 -15.666528
v 8.969342 23.58008 -15.663254
v 8.920995 23.577532 -15.639363
v 8.983741 23.574995 -15.657437
v 8.969342 23.58008 -15.663254
v 8.94855 23.580576 -15.633217
v 8.969342 23.58008 -15.663254
v 9.010144 23.579037 -15.690212
v 9.006341 23.589863 -15.692271
v 9.010144 23.579037 -15.690212
v 8.969342 23.58008 -15.663254
v 8.983741 23.574995 -15.657437
v 9.039794 23.600052 -15.725641
v 9.008416 23.600418 -15.687781
v 9.006341 23.589863 -15.692271
v 8.94855 23.580576 -15.633217
v 8.999569 23.578835 -15.655118
v 8.983741 23.574995 -15.657437
v 8.999569 23.578835 -15.655118
v 8.94855 23.580576 -15.633217
v 8.978786 23.590193 -15.638637
v 9.006341 23.589863 -15.692271
v 9.036467 23.589533 -15.729374
v 9.039794 23.600052 -15.725641
v 9.036467 23.589533 -15.729374
v 9.006341 23.589863 -15.692271
v 9.010144 23.579037 -15.690212
v 9.008416 23.600418 -15.687781
v 9.039794 23.600052 -15.725641
v 9.051918 23.60411 -15.72051
v 9.051918 23.60411 -15.72051
v 8.984873 23.605286 -15.65718
v 9.008416 23.600418 -15.687781
v 9.057965 23.600203 -15.771667
v 9.039794 23.600052 -15.725641
v 9.036467 23.589533 -15.729374
v 9.039794 23.600052 -15.725641
v 9.057965 23.600203 -15.771667
v 9.051918 23.60411 -15.72051
v 9.010144 23.579037 -15.690212
v 9.040777 23.57873 -15.728755
v 9.051044 23.573814 -15.720977
v 9.010144 23.579037 -15.690212
v 9.040777 23.57873 -15.728755
v 9.010144 23.579037 -15.690212
v 9.051044 23.573814 -15.720977
v 9.051044 23.573814 -15.720977
v 8.983741 23.574995 -15.657437
v 8.999569 23.578835 -15.655118
v 9.053676 23.589687 -15.774304
v 9.036467 23.589533 -15.729374
v 9.040777 23.57873 -15.728755
v 9.053676 23.589687 -15.774304
v 9.057985 23.578894 -15.775079
v 9.040777 23.57873 -15.728755
v 9.051044 23.573814 -15.720977
v 9.040777 23.57873 -15.728755
v 9.057985 23.578894 -15.775079
v 9.053676 23.589687 -15.774304
v 9.026697 23.588942 -15.669561
v 8.999569 23.578835 -15.655118
v 9.026697 23.588942 -15.669561
v 8.978985 23.601 -15.643405
v 8.999569 23.578835 -15.655118
v 9.041552 23.57803 -15.692015
v 9.041552 23.57803 -15.692015
v 8.999569 23.578835 -15.655118
v 9.026697 23.588942 -15.669561
v 9.025336 23.599813 -15.673998
v 8.978985 23.601 -15.643405
v 8.978985 23.601 -15.643405
v 9.025336 23.599813 -15.673998
v 9.026697 23.588942 -15.669561
v 8.984873 23.605286 -15.65718
v 9.051918 23.60411 -15.72051
v 9.025336 23.599813 -15.673998
v 9.026697 23.588942 -15.669561
v 9.06287 23.58854 -15.714153
v 9.041552 23.57803 -15.692015
v 9.06287 23.58854 -15.714153
v 9.026697 23.588942 -15.669561
v 9.025336 23.599813 -15.673998
v 9.041552 23.57803 -15.692015
v 9.070079 23.577948 -15.740237
v 9.051044 23.573814 -15.720977
v 9.070079 23.577948 -15.740237
v 9.041552 23.57803 -15.692015
v 9.06287 23.58854 -15.714153
v 9.025336 23.599813 -15.673998
v 9.0602 23.59945 -15.717879
v 9.06287 23.58854 -15.714153
v 9.0602 23.59945 -15.717879
v 9.025336 23.599813 -15.673998
v 9.051918 23.60411 -15.72051
v 9.06287 23.58854 -15.714153
v 9.083504 23.588709 -15.768012
v 9.070079 23.577948 -15.740237
v 9.083504 23.588709 -15.768012
v 9.06287 23.58854 -15.714153
v 9.0602 23.59945 -15.717879
v 9.072552 23.57435 -15.811639
v 9.051044 23.573814 -15.720977
v 9.070079 23.577948 -15.740237
v 9.051044 23.573814 -15.720977
v 9.072552 23.57435 -15.811639
v 9.057985 23.578894 -15.775079
v 9.082293 23.578281 -15.795259
v 9.070079 23.577948 -15.740237
v 9.083504 23.588709 -15.768012
v 9.070079 23.577948 -15.740237
v 9.082293 23.578281 -15.795259
v 9.072552 23.57435 -15.811639
v 9.0602 23.59945 -15.717879
v 9.079781 23.599646 -15.770681
v 9.083504 23.588709 -15.768012
v 9.079781 23.599646 -15.770681
v 9.0602 23.59945 -15.717879
v 9.051918 23.60411 -15.72051
v 9.083504 23.588709 -15.768012
v 9.086393 23.589146 -15.825943
v 9.086393 23.589146 -15.825943
v 9.083504 23.588709 -15.768012
v 9.079781 23.599646 -15.770681
v 9.082293 23.578281 -15.795259
v 9.076782 23.578703 -15.851508
v 9.072552 23.57435 -15.811639
v 9.076782 23.578703 -15.851508
v 9.082293 23.578281 -15.795259
v 9.086393 23.589146 -15.825943
v 9.073723 23.604765 -15.82523
v 9.079781 23.599646 -15.770681
v 9.073723 23.604765 -15.82523
v 9.051918 23.60411 -15.72051
v 9.057965 23.600203 -15.771667
v 9.079781 23.599646 -15.770681
v 9.082026 23.600067 -15.82723
v 9.082026 23.600067 -15.82723
v 9.079781 23.599646 -15.770681
v 9.073723 23.604765 -15.82523
v 9.086393 23.589146 -15.825943
v 9.071082 23.589472 -15.882121
v 9.076782 23.578703 -15.851508
v 9.071082 23.589472 -15.882121
v 9.086393 23.589146 -15.825943
v 9.082026 23.600067 -15.82723
v 9.057965 23.600203 -15.771667
v 9.060965 23.600574 -15.821382
v 9.073723 23.604765 -15.82523
v 9.060965 23.600574 -15.821382
v 9.057965 23.600203 -15.771667
v 9.053676 23.589687 -15.774304
v 9.066485 23.600384 -15.882013
v 9.082026 23.600067 -15.82723
v 9.073723 23.604765 -15.82523
v 9.082026 23.600067 -15.82723
v 9.066485 23.600384 -15.882013
v 9.071082 23.589472 -15.882121
v 9.056088 23.590054 -15.822645
v 9.060965 23.600574 -15.821382
v 9.057985 23.578894 -15.775079
v 9.060965 23.600574 -15.821382
v 9.048284 23.600874 -15.869925
v 9.073723 23.604765 -15.82523
v 9.048284 23.600874 -15.869925
v 9.060965 23.600574 -15.821382
v 9.056088 23.590054 -15.822645
v 9.057985 23.578894 -15.775079
v 9.059961 23.579266 -15.824742
v 9.056088 23.590054 -15.822645
v 9.059961 23.579266 -15.824742
v 9.057985 23.578894 -15.775079
v 9.072552 23.57435 -15.811639
v 9.043289 23.590326 -15.869578
v 9.048284 23.600874 -15.869925
v 9.043289 23.590326 -15.869578
v 9.056088 23.590054 -15.822645
v 9.059961 23.579266 -15.824742
v 9.028444 23.60501 -15.923667
v 9.073723 23.604765 -15.82523
v 9.048284 23.600874 -15.869925
v 9.073723 23.604765 -15.82523
v 9.066485 23.600384 -15.882013
v 9.020988 23.600777 -15.912396
v 9.043289 23.590326 -15.869578
v 9.048284 23.600874 -15.869925
v 9.020988 23.600777 -15.912396
v 9.028444 23.60501 -15.923667
v 9.046357 23.57955 -15.872741
v 9.043289 23.590326 -15.869578
v 9.046357 23.57955 -15.872741
v 9.059961 23.579266 -15.824742
v 9.072552 23.57435 -15.811639
v 9.043289 23.590326 -15.869578
v 9.016419 23.590218 -15.910407
v 9.020988 23.600777 -15.912396
v 9.016419 23.590218 -15.910407
v 9.043289 23.590326 -15.869578
v 9.046357 23.57955 -15.872741
v 9.020988 23.600777 -15.912396
v 8.981666 23.60004 -15.944448
v 9.028444 23.60501 -15.923667
v 8.981666 23.60004 -15.944448
v 9.020988 23.600777 -15.912396
v 9.016419 23.590218 -15.910407
v 9.072552 23.57435 -15.811639
v 9.044888 23.574825 -15.90143
v 9.046357 23.57955 -15.872741
v 9.044888 23.574825 -15.90143
v 9.072552 23.57435 -15.811639
v 9.076782 23.578703 -15.851508
v 9.046357 23.57955 -15.872741
v 9.018415 23.579428 -15.914298
v 9.016419 23.590218 -15.910407
v 9.018415 23.579428 -15.914298
v 9.046357 23.57955 -15.872741
v 9.044888 23.574825 -15.90143
v 9.016419 23.590218 -15.910407
v 8.978041 23.58947 -15.941029
v 8.981666 23.60004 -15.944448
v 8.978041 23.58947 -15.941029
v 9.016419 23.590218 -15.910407
v 9.018415 23.579428 -15.914298
v 9.076782 23.578703 -15.851508
v 9.054023 23.57886 -15.903448
v 9.044888 23.574825 -15.90143
v 9.054023 23.57886 -15.903448
v 8.978806 23.578644 -15.945219
v 9.018415 23.579428 -15.914298
v 9.044888 23.574825 -15.90143
v 9.018415 23.579428 -15.914298
v 8.978806 23.578644 -15.945219
v 8.978041 23.58947 -15.941029
v 9.071082 23.589472 -15.882121
v 9.03896 23.589342 -15.930954
v 9.054023 23.57886 -15.903448
v 9.03896 23.589342 -15.930954
v 9.071082 23.589472 -15.882121
v 9.066485 23.600384 -15.882013
v 9.054023 23.57886 -15.903448
v 9.016091 23.578424 -15.945911
v 9.044888 23.574825 -15.90143
v 9.016091 23.578424 -15.945911
v 9.054023 23.57886 -15.903448
v 9.03896 23.589342 -15.930954
v 9.066485 23.600384 -15.882013
v 9.034492 23.600235 -15.929585
v 9.03896 23.589342 -15.930954
v 9.034492 23.600235 -15.929585
v 9.066485 23.600384 -15.882013
v 9.028444 23.60501 -15.923667
v 9.03896 23.589342 -15.930954
v 8.993054 23.58846 -15.967556
v 9.016091 23.578424 -15.945911
v 8.993054 23.58846 -15.967556
v 9.03896 23.589342 -15.930954
v 9.034492 23.600235 -15.929585
v 8.960029 23.573132 -15.967712
v 9.044888 23.574825 -15.90143
v 9.016091 23.578424 -15.945911
v 9.044888 23.574825 -15.90143
v 8.960029 23.573132 -15.967712
v 8.978806 23.578644 -15.945219
v 8.966742 23.577135 -15.974579
v 9.016091 23.578424 -15.945911
v 8.993054 23.58846 -15.967556
v 9.016091 23.578424 -15.945911
v 8.966742 23.577135 -15.974579
v 8.960029 23.573132 -15.967712
v 9.034492 23.600235 -15.929585
v 8.989162 23.599337 -15.964973
v 8.993054 23.58846 -15.967556
v 8.989162 23.599337 -15.964973
v 9.034492 23.600235 -15.929585
v 9.028444 23.60501 -15.923667
v 8.993054 23.58846 -15.967556
v 8.937945 23.586573 -15.988153
v 8.966742 23.577135 -15.974579
v 8.937945 23.586573 -15.988153
v 8.966742 23.577135 -15.974579
v 8.910837 23.574802 -15.986528
v 8.960029 23.573132 -15.967712
v 8.910837 23.574802 -15.986528
v 8.966742 23.577135 -15.974579
v 8.937945 23.586573 -15.988153
v 9.028444 23.60501 -15.923667
v 8.932603 23.602386 -15.976566
v 8.989162 23.599337 -15.964973
v 8.932603 23.602386 -15.976566
v 9.028444 23.60501 -15.923667
v 8.981666 23.60004 -15.944448
v 8.989162 23.599337 -15.964973
v 8.934837 23.597467 -15.984655
v 8.937945 23.586573 -15.988153
v 8.934837 23.597467 -15.984655
v 8.989162 23.599337 -15.964973
v 8.89355 23.584389 -15.991175
v 8.89355 23.584389 -15.991175
v 8.937945 23.586573 -15.988153
v 8.934837 23.597467 -15.984655
v 8.934043 23.59844 -15.962828
v 8.932603 23.602386 -15.976566
v 8.934043 23.59844 -15.962828
v 8.981666 23.60004 -15.944448
v 8.978041 23.58947 -15.941029
v 8.876947 23.594461 -15.986498
v 8.934837 23.597467 -15.984655
v 8.932603 23.602386 -15.976566
v 8.934837 23.597467 -15.984655
v 8.876947 23.594461 -15.986498
v 8.89355 23.584389 -15.991175
v 8.978041 23.58947 -15.941029
v 8.931828 23.58789 -15.9583
v 8.934043 23.59844 -15.962828
v 8.931828 23.58789 -15.9583
v 8.978041 23.58947 -15.941029
v 8.978806 23.578644 -15.945219
v 8.934043 23.59844 -15.962828
v 8.882875 23.59586 -15.965515
v 8.932603 23.602386 -15.976566
v 8.882875 23.59586 -15.965515
v 8.934043 23.59844 -15.962828
v 8.978806 23.578644 -15.945219
v 8.931451 23.576996 -15.962376
v 8.931828 23.58789 -15.9583
v 8.931451 23.576996 -15.962376
v 8.978806 23.578644 -15.945219
v 8.960029 23.573132 -15.967712
v 8.931828 23.58789 -15.9583
v 8.882419 23.58537 -15.960377
v 8.882875 23.59586 -15.965515
v 8.931451 23.576996 -15.962376
v 8.823287 23.59558 -15.962181
v 8.932603 23.602386 -15.976566
v 8.882875 23.59586 -15.965515
v 8.823287 23.59558 -15.962181
v 8.876947 23.594461 -15.986498
v 8.833326 23.592278 -15.952129
v 8.882875 23.59586 -15.965515
v 8.882419 23.58537 -15.960377
v 8.882875 23.59586 -15.965515
v 8.833326 23.592278 -15.952129
v 8.823287 23.59558 -15.962181
v 8.931451 23.576996 -15.962376
v 8.881008 23.574392 -15.963982
v 8.882419 23.58537 -15.960377
v 8.881008 23.574392 -15.963982
v 8.931451 23.576996 -15.962376
v 8.960029 23.573132 -15.967712
v 8.882419 23.58537 -15.960377
v 8.834696 23.581871 -15.946974
v 8.833326 23.592278 -15.952129
v 8.834696 23.581871 -15.946974
v 8.882419 23.58537 -15.960377
v 8.881008 23.574392 -15.963982
v 8.833326 23.592278 -15.952129
v 8.790211 23.587763 -15.923906
v 8.823287 23.59558 -15.962181
v 8.790211 23.587763 -15.923906
v 8.834696 23.581871 -15.946974
v 8.960029 23.573132 -15.967712
v 8.852192 23.567532 -15.970762
v 8.881008 23.574392 -15.963982
v 8.852192 23.567532 -15.970762
v 8.910837 23.574802 -15.986528
v 8.881008 23.574392 -15.963982
v 8.832571 23.570805 -15.949829
v 8.834696 23.581871 -15.946974
v 8.832571 23.570805 -15.949829
v 8.881008 23.574392 -15.963982
v 8.852192 23.567532 -15.970762
v 8.834696 23.581871 -15.946974
v 8.793498 23.577496 -15.91937
v 8.790211 23.587763 -15.923906
v 8.793498 23.577496 -15.91937
v 8.832571 23.570805 -15.949829
v 8.910837 23.574802 -15.986528
v 8.85395 23.571363 -15.980507
v 8.852192 23.567532 -15.970762
v 8.85395 23.571363 -15.980507
v 8.910837 23.574802 -15.986528
v 8.89355 23.584389 -15.991175
v 8.790907 23.56633 -15.921314
v 8.832571 23.570805 -15.949829
v 8.852192 23.567532 -15.970762
v 8.832571 23.570805 -15.949829
v 8.790907 23.56633 -15.921314
v 8.793498 23.577496 -15.91937
v 8.89355 23.584389 -15.991175
v 8.849998 23.581608 -15.984907
v 8.85395 23.571363 -15.980507
v 8.849998 23.581608 -15.984907
v 8.89355 23.584389 -15.991175
v 8.876947 23.594461 -15.986498
v 8.85395 23.571363 -15.980507
v 8.801769 23.566854 -15.957142
v 8.852192 23.567532 -15.970762
v 8.801769 23.566854 -15.957142
v 8.85395 23.571363 -15.980507
v 8.849998 23.581608 -15.984907
v 8.876947 23.594461 -15.986498
v 8.821133 23.590336 -15.970192
v 8.849998 23.581608 -15.984907
v 8.821133 23.590336 -15.970192
v 8.876947 23.594461 -15.986498
v 8.823287 23.59558 -15.962181
v 8.849998 23.581608 -15.984907
v 8.796338 23.576902 -15.960182
v 8.796338 23.576902 -15.960182
v 8.849998 23.581608 -15.984907
v 8.821133 23.590336 -15.970192
v 8.76367 23.557913 -15.909252
v 8.852192 23.567532 -15.970762
v 8.801769 23.566854 -15.957142
v 8.852192 23.567532 -15.970762
v 8.76367 23.557913 -15.909252
v 8.790907 23.56633 -15.921314
v 8.759469 23.561388 -15.918664
v 8.801769 23.566854 -15.957142
v 8.796338 23.576902 -15.960182
v 8.801769 23.566854 -15.957142
v 8.759469 23.561388 -15.918664
v 8.821133 23.590336 -15.970192
v 8.773182 23.58518 -15.937347
v 8.796338 23.576902 -15.960182
v 8.773182 23.58518 -15.937347
v 8.821133 23.590336 -15.970192
v 8.823287 23.59558 -15.962181
v 8.796338 23.576902 -15.960182
v 8.762795 23.572693 -15.930585
v 8.759469 23.561388 -15.918664
v 8.762795 23.572693 -15.930585
v 8.796338 23.576902 -15.960182
v 8.773182 23.58518 -15.937347
v 8.762795 23.572693 -15.930585
v 8.736661 23.56811 -15.895191
v 8.759469 23.561388 -15.918664
v 8.736661 23.56811 -15.895191
v 8.762795 23.572693 -15.930585
v 8.773182 23.58518 -15.937347
v 8.759469 23.561388 -15.918664
v 8.731318 23.555248 -15.868985
v 8.76367 23.557913 -15.909252
v 8.731318 23.555248 -15.868985
v 8.759469 23.561388 -15.918664
v 8.736661 23.56811 -15.895191
v 8.823287 23.59558 -15.962181
v 8.743551 23.584864 -15.885369
v 8.773182 23.58518 -15.937347
v 8.743551 23.584864 -15.885369
v 8.823287 23.59558 -15.962181
v 8.790211 23.587763 -15.923906
v 8.773182 23.58518 -15.937347
v 8.737762 23.57918 -15.891092
v 8.736661 23.56811 -15.895191
v 8.737762 23.57918 -15.891092
v 8.773182 23.58518 -15.937347
v 8.743551 23.584864 -15.885369
v 8.736661 23.56811 -15.895191
v 8.720406 23.563143 -15.853483
v 8.731318 23.555248 -15.868985
v 8.737762 23.57918 -15.891092
v 8.790211 23.587763 -15.923906
v 8.758049 23.582502 -15.883634
v 8.743551 23.584864 -15.885369
v 8.758049 23.582502 -15.883634
v 8.790211 23.587763 -15.923906
v 8.793498 23.577496 -15.91937
v 8.718529 23.572618 -15.835968
v 8.737762 23.57918 -15.891092
v 8.743551 23.584864 -15.885369
v 8.737762 23.57918 -15.891092
v 8.718529 23.572618 -15.835968
v 8.720406 23.563143 -15.853483
v 8.793498 23.577496 -15.91937
v 8.762876 23.572395 -15.880209
v 8.758049 23.582502 -15.883634
v 8.762876 23.572395 -15.880209
v 8.793498 23.577496 -15.91937
v 8.790907 23.56633 -15.921314
v 8.758049 23.582502 -15.883634
v 8.739997 23.576715 -15.835214
v 8.743551 23.584864 -15.885369
v 8.739997 23.576715 -15.835214
v 8.758049 23.582502 -15.883634
v 8.762876 23.572395 -15.880209
v 8.790907 23.56633 -15.921314
v 8.760223 23.561134 -15.881265
v 8.762876 23.572395 -15.880209
v 8.760223 23.561134 -15.881265
v 8.790907 23.56633 -15.921314
v 8.76367 23.557913 -15.909252
v 8.762876 23.572395 -15.880209
v 8.746015 23.566814 -15.833437
v 8.739997 23.576715 -15.835214
v 8.746015 23.566814 -15.833437
v 8.762876 23.572395 -15.880209
v 8.760223 23.561134 -15.881265
v 8.725172 23.57209 -15.775784
v 8.743551 23.584864 -15.885369
v 8.739997 23.576715 -15.835214
v 8.743551 23.584864 -15.885369
v 8.725172 23.57209 -15.775784
v 8.718529 23.572618 -15.835968
v 8.737971 23.57073 -15.783493
v 8.739997 23.576715 -15.835214
v 8.746015 23.566814 -15.833437
v 8.739997 23.576715 -15.835214
v 8.737971 23.57073 -15.783493
v 8.725172 23.57209 -15.775784
v 8.743562 23.555473 -15.833613
v 8.746015 23.566814 -15.833437
v 8.743562 23.555473 -15.833613
v 8.760223 23.561134 -15.881265
v 8.76367 23.557913 -15.909252
v 8.746015 23.566814 -15.833437
v 8.745895 23.559603 -15.771311
v 8.737971 23.57073 -15.783493
v 8.745895 23.559603 -15.771311
v 8.746015 23.566814 -15.833437
v 8.743562 23.555473 -15.833613
v 8.737971 23.57073 -15.783493
v 8.7523 23.56484 -15.733459
v 8.725172 23.57209 -15.775784
v 8.7523 23.56484 -15.733459
v 8.737971 23.57073 -15.783493
v 8.745895 23.559603 -15.771311
v 8.76367 23.557913 -15.909252
v 8.729233 23.54582 -15.807333
v 8.743562 23.555473 -15.833613
v 8.729233 23.54582 -15.807333
v 8.76367 23.557913 -15.909252
v 8.731318 23.555248 -15.868985
v 8.743562 23.555473 -15.833613
v 8.742628 23.549616 -15.78307
v 8.745895 23.559603 -15.771311
v 8.742628 23.549616 -15.78307
v 8.743562 23.555473 -15.833613
v 8.729233 23.54582 -15.807333
v 8.757572 23.543911 -15.734783
v 8.757572 23.543911 -15.734783
v 8.742628 23.549616 -15.78307
v 8.729233 23.54582 -15.807333
v 8.745895 23.559603 -15.771311
v 8.771494 23.55273 -15.714149
v 8.7523 23.56484 -15.733459
v 8.771494 23.55273 -15.714149
v 8.757572 23.543911 -15.734783
v 8.731318 23.555248 -15.868985
v 8.720088 23.548706 -15.812995
v 8.729233 23.54582 -15.807333
v 8.720088 23.548706 -15.812995
v 8.731318 23.555248 -15.868985
v 8.720406 23.563143 -15.853483
v 8.757572 23.543911 -15.734783
v 8.786835 23.538649 -15.693543
v 8.771494 23.55273 -15.714149
v 8.720406 23.563143 -15.853483
v 8.713445 23.558065 -15.81009
v 8.720088 23.548706 -15.812995
v 8.718529 23.572618 -15.835968
v 8.720088 23.548706 -15.812995
v 8.72693 23.54213 -15.756259
v 8.729233 23.54582 -15.807333
v 8.72693 23.54213 -15.756259
v 8.720088 23.548706 -15.812995
v 8.713445 23.558065 -15.81009
v 8.729233 23.54582 -15.807333
v 8.762259 23.533726 -15.705135
v 8.757572 23.543911 -15.734783
v 8.762259 23.533726 -15.705135
v 8.729233 23.54582 -15.807333
v 8.72693 23.54213 -15.756259
v 8.786835 23.538649 -15.693543
v 8.757572 23.543911 -15.734783
v 8.762259 23.533726 -15.705135
v 8.718529 23.572618 -15.835968
v 8.717476 23.565865 -15.777574
v 8.713445 23.558065 -15.81009
v 8.717476 23.565865 -15.777574
v 8.718529 23.572618 -15.835968
v 8.725172 23.57209 -15.775784
v 8.72118 23.551247 -15.75139
v 8.72693 23.54213 -15.756259
v 8.72118 23.551247 -15.75139
v 8.717476 23.565865 -15.777574
v 8.734784 23.559246 -15.721618
v 8.717476 23.565865 -15.777574
v 8.725172 23.57209 -15.775784
v 8.717476 23.565865 -15.777574
v 8.734784 23.559246 -15.721618
v 8.72118 23.551247 -15.75139
v 8.751128 23.535858 -15.704577
v 8.72693 23.54213 -15.756259
v 8.72118 23.551247 -15.75139
v 8.72693 23.54213 -15.756259
v 8.751128 23.535858 -15.704577
v 8.762259 23.533726 -15.705135
v 8.746868 23.544754 -15.698045
v 8.72118 23.551247 -15.75139
v 8.734784 23.559246 -15.721618
v 8.72118 23.551247 -15.75139
v 8.746868 23.544754 -15.698045
v 8.751128 23.535858 -15.704577
v 8.775923 23.559954 -15.676356
v 8.734784 23.559246 -15.721618
v 8.775923 23.559954 -15.676356
v 8.725172 23.57209 -15.775784
v 8.7523 23.56484 -15.733459
v 8.734784 23.559246 -15.721618
v 8.768753 23.553137 -15.673798
v 8.746868 23.544754 -15.698045
v 8.768753 23.553137 -15.673798
v 8.775923 23.559954 -15.676356
v 8.790331 23.530222 -15.662947
v 8.751128 23.535858 -15.704577
v 8.746868 23.544754 -15.698045
v 8.751128 23.535858 -15.704577
v 8.790331 23.530222 -15.662947
v 8.762259 23.533726 -15.705135
v 8.788027 23.53893 -15.655291
v 8.768753 23.553137 -15.673798
v 8.746868 23.544754 -15.698045
v 8.788027 23.53893 -15.655291
v 8.790331 23.530222 -15.662947
v 8.816078 23.547834 -15.638841
v 8.768753 23.553137 -15.673798
v 8.775923 23.559954 -15.676356
v 8.768753 23.553137 -15.673798
v 8.816078 23.547834 -15.638841
v 8.788027 23.53893 -15.655291
v 8.7523 23.56484 -15.733459
v 8.781582 23.559393 -15.690371
v 8.781582 23.559393 -15.690371
v 8.7523 23.56484 -15.733459
v 8.771494 23.55273 -15.714149
v 8.840495 23.525494 -15.635635
v 8.790331 23.530222 -15.662947
v 8.788027 23.53893 -15.655291
v 8.771494 23.55273 -15.714149
v 8.806189 23.547823 -15.67809
v 8.781582 23.559393 -15.690371
v 8.806189 23.547823 -15.67809
v 8.771494 23.55273 -15.714149
v 8.786835 23.538649 -15.693543
v 8.823 23.554619 -15.658434
v 8.775923 23.559954 -15.676356
v 8.823 23.554619 -15.658434
v 8.781582 23.559393 -15.690371
v 8.806189 23.547823 -15.67809
v 8.786835 23.538649 -15.693543
v 8.827547 23.534088 -15.663484
v 8.806189 23.547823 -15.67809
v 8.827547 23.534088 -15.663484
v 8.786835 23.538649 -15.693543
v 8.762259 23.533726 -15.705135
v 8.806189 23.547823 -15.67809
v 8.850445 23.543692 -15.65462
v 8.823 23.554619 -15.658434
v 8.850445 23.543692 -15.65462
v 8.827547 23.534088 -15.663484
v 8.849502 23.524134 -15.642649
v 8.762259 23.533726 -15.705135
v 8.790331 23.530222 -15.662947
v 8.762259 23.533726 -15.705135
v 8.849502 23.524134 -15.642649
v 8.827547 23.534088 -15.663484
v 8.840495 23.525494 -15.635635
v 8.849502 23.524134 -15.642649
v 8.827547 23.534088 -15.663484
v 8.875547 23.530407 -15.647596
v 8.875547 23.530407 -15.647596
v 8.827547 23.534088 -15.663484
v 8.849502 23.524134 -15.642649
v 8.788027 23.53893 -15.655291
v 8.840466 23.53404 -15.627472
v 8.840495 23.525494 -15.635635
v 8.840466 23.53404 -15.627472
v 8.788027 23.53893 -15.655291
v 8.816078 23.547834 -15.638841
v 8.840495 23.525494 -15.635635
v 8.896667 23.521812 -15.625282
v 8.849502 23.524134 -15.642649
v 8.896667 23.521812 -15.625282
v 8.840466 23.53404 -15.627472
v 8.926119 23.527706 -15.647387
v 8.875547 23.530407 -15.647596
v 8.849502 23.524134 -15.642649
v 8.816078 23.547834 -15.638841
v 8.872002 23.543556 -15.620338
v 8.840466 23.53404 -15.627472
v 8.899875 23.540495 -15.646045
v 8.850445 23.543692 -15.65462
v 8.875547 23.530407 -15.647596
v 8.875547 23.530407 -15.647596
v 8.926119 23.527706 -15.647387
v 8.899875 23.540495 -15.646045
v 8.87237 23.55074 -15.640968
v 8.823 23.554619 -15.658434
v 8.850445 23.543692 -15.65462
v 8.899875 23.540495 -15.646045
v 8.87237 23.55074 -15.640968
v 8.876322 23.550869 -15.626266
v 8.775923 23.559954 -15.676356
v 8.823 23.554619 -15.658434
v 8.876322 23.550869 -15.626266
v 8.816078 23.547834 -15.638841
v 8.823 23.554619 -15.658434
v 8.87237 23.55074 -15.640968
v 8.876322 23.550869 -15.626266
v 8.872002 23.543556 -15.620338
v 8.816078 23.547834 -15.638841
v 8.876322 23.550869 -15.626266
v 8.924778 23.547894 -15.639704
v 8.87237 23.55074 -15.640968
v 8.924778 23.547894 -15.639704
v 8.876322 23.550869 -15.626266
v 8.898991 23.530243 -15.617337
v 8.898991 23.530243 -15.617337
v 8.896667 23.521812 -15.625282
v 8.930994 23.540413 -15.620129
v 8.872002 23.543556 -15.620338
v 8.876322 23.550869 -15.626266
v 8.872002 23.543556 -15.620338
v 8.930994 23.540413 -15.620129
v 8.898991 23.530243 -15.617337
v 8.987247 23.546091 -15.645374
v 8.876322 23.550869 -15.626266
v 8.924778 23.547894 -15.639704
v 8.876322 23.550869 -15.626266
v 8.987247 23.546091 -15.645374
v 8.930994 23.540413 -15.620129
v 8.899875 23.540495 -15.646045
v 8.949543 23.53827 -15.653227
v 8.949543 23.53827 -15.653227
v 8.899875 23.540495 -15.646045
v 8.926119 23.527706 -15.647387
v 8.924778 23.547894 -15.639704
v 8.997712 23.545368 -15.665522
v 8.987247 23.546091 -15.645374
v 8.997712 23.545368 -15.665522
v 8.924778 23.547894 -15.639704
v 8.949543 23.53827 -15.653227
v 8.987157 23.538397 -15.638237
v 8.930994 23.540413 -15.620129
v 8.987247 23.546091 -15.645374
v 8.926119 23.527706 -15.647387
v 8.974238 23.525993 -15.662864
v 8.949543 23.53827 -15.653227
v 8.987157 23.538397 -15.638237
v 8.957775 23.52763 -15.625881
v 8.957775 23.52763 -15.625881
v 8.898991 23.530243 -15.617337
v 8.930994 23.540413 -15.620129
v 8.994544 23.537003 -15.675503
v 8.949543 23.53827 -15.653227
v 8.974238 23.525993 -15.662864
v 8.949543 23.53827 -15.653227
v 8.994544 23.537003 -15.675503
v 8.997712 23.545368 -15.665522
v 8.898991 23.530243 -15.617337
v 8.957775 23.52763 -15.625881
v 8.953238 23.519258 -15.632867
v 8.953238 23.519258 -15.632867
v 8.896667 23.521812 -15.625282
v 8.898991 23.530243 -15.617337
v 8.974238 23.525993 -15.662864
v 8.926119 23.527706 -15.647387
v 8.956563 23.518528 -15.643966
v 8.849502 23.524134 -15.642649
v 8.956563 23.518528 -15.643966
v 8.926119 23.527706 -15.647387
v 8.956563 23.518528 -15.643966
v 8.849502 23.524134 -15.642649
v 8.896667 23.521812 -15.625282
v 8.896667 23.521812 -15.625282
v 8.953238 23.519258 -15.632867
v 8.956563 23.518528 -15.643966
v 8.974238 23.525993 -15.662864
v 9.015099 23.525156 -15.692476
v 8.994544 23.537003 -15.675503
v 9.015099 23.525156 -15.692476
v 8.974238 23.525993 -15.662864
v 8.956563 23.518528 -15.643966
v 9.004563 23.51777 -15.657606
v 8.953238 23.519258 -15.632867
v 8.957775 23.52763 -15.625881
v 8.953238 23.519258 -15.632867
v 9.004563 23.51777 -15.657606
v 8.956563 23.518528 -15.643966
v 9.0304 23.536518 -15.710614
v 8.994544 23.537003 -15.675503
v 9.015099 23.525156 -15.692476
v 8.994544 23.537003 -15.675503
v 9.0304 23.536518 -15.710614
v 8.997712 23.545368 -15.665522
v 8.956563 23.518528 -15.643966
v 9.04175 23.516865 -15.707988
v 9.015099 23.525156 -15.692476
v 9.04175 23.516865 -15.707988
v 8.956563 23.518528 -15.643966
v 9.004563 23.51777 -15.657606
v 9.015099 23.525156 -15.692476
v 9.04465 23.525007 -15.733198
v 9.0304 23.536518 -15.710614
v 9.04465 23.525007 -15.733198
v 9.015099 23.525156 -15.692476
v 9.04175 23.516865 -15.707988
v 9.010919 23.526114 -15.652205
v 9.004563 23.51777 -15.657606
v 9.010919 23.526114 -15.652205
v 8.957775 23.52763 -15.625881
v 8.987157 23.538397 -15.638237
v 9.004563 23.51777 -15.657606
v 9.045553 23.517206 -15.696934
v 9.04175 23.516865 -15.707988
v 9.045553 23.517206 -15.696934
v 9.004563 23.51777 -15.657606
v 9.010919 23.526114 -15.652205
v 8.987157 23.538397 -15.638237
v 9.034899 23.53742 -15.672836
v 9.010919 23.526114 -15.652205
v 9.034899 23.53742 -15.672836
v 8.987157 23.538397 -15.638237
v 8.987247 23.546091 -15.645374
v 9.010919 23.526114 -15.652205
v 9.053248 23.52555 -15.693684
v 9.045553 23.517206 -15.696934
v 9.053248 23.52555 -15.693684
v 9.034899 23.53742 -15.672836
v 9.045553 23.517206 -15.696934
v 9.072274 23.517303 -15.747015
v 9.04175 23.516865 -15.707988
v 9.072274 23.517303 -15.747015
v 9.045553 23.517206 -15.696934
v 9.053248 23.52555 -15.693684
v 8.987247 23.546091 -15.645374
v 9.065403 23.545155 -15.726355
v 9.034899 23.53742 -15.672836
v 9.065403 23.545155 -15.726355
v 8.987247 23.546091 -15.645374
v 8.997712 23.545368 -15.665522
v 9.034899 23.53742 -15.672836
v 9.069524 23.537243 -15.720528
v 9.053248 23.52555 -15.693684
v 9.069524 23.537243 -15.720528
v 9.034899 23.53742 -15.672836
v 9.065403 23.545155 -15.726355
v 9.053248 23.52555 -15.693684
v 9.080505 23.52566 -15.746092
v 9.072274 23.517303 -15.747015
v 9.080505 23.52566 -15.746092
v 9.053248 23.52555 -15.693684
v 9.069524 23.537243 -15.720528
v 8.997712 23.545368 -15.665522
v 9.061928 23.54496 -15.748655
v 9.065403 23.545155 -15.726355
v 9.061928 23.54496 -15.748655
v 8.997712 23.545368 -15.665522
v 9.087616 23.537598 -15.776554
v 9.069524 23.537243 -15.720528
v 9.065403 23.545155 -15.726355
v 9.069524 23.537243 -15.720528
v 9.087616 23.537598 -15.776554
v 9.080505 23.52566 -15.746092
v 9.0304 23.536518 -15.710614
v 9.053496 23.53662 -15.755022
v 9.061928 23.54496 -15.748655
v 9.053496 23.53662 -15.755022
v 9.0304 23.536518 -15.710614
v 9.04465 23.525007 -15.733198
v 9.080575 23.546082 -15.837584
v 9.065403 23.545155 -15.726355
v 9.061928 23.54496 -15.748655
v 9.065403 23.545155 -15.726355
v 9.080575 23.546082 -15.837584
v 9.087616 23.537598 -15.776554
v 9.04465 23.525007 -15.733198
v 9.06007 23.525309 -15.780927
v 9.053496 23.53662 -15.755022
v 9.06007 23.525309 -15.780927
v 9.04465 23.525007 -15.733198
v 9.04175 23.516865 -15.707988
v 9.053496 23.53662 -15.755022
v 9.061659 23.537006 -15.804276
v 9.061928 23.54496 -15.748655
v 9.061659 23.537006 -15.804276
v 9.053496 23.53662 -15.755022
v 9.06007 23.525309 -15.780927
v 9.04175 23.516865 -15.707988
v 9.072392 23.517523 -15.809221
v 9.06007 23.525309 -15.780927
v 9.072392 23.517523 -15.809221
v 9.04175 23.516865 -15.707988
v 9.072274 23.517303 -15.747015
v 9.06007 23.525309 -15.780927
v 9.058075 23.525898 -15.843704
v 9.061659 23.537006 -15.804276
v 9.058075 23.525898 -15.843704
v 9.06007 23.525309 -15.780927
v 9.072392 23.517523 -15.809221
v 9.064648 23.545897 -15.853415
v 9.061928 23.54496 -15.748655
v 9.061659 23.537006 -15.804276
v 9.064648 23.545897 -15.853415
v 9.080575 23.546082 -15.837584
v 9.054132 23.537413 -15.853511
v 9.061659 23.537006 -15.804276
v 9.058075 23.525898 -15.843704
v 9.061659 23.537006 -15.804276
v 9.054132 23.537413 -15.853511
v 9.064648 23.545897 -15.853415
v 9.072274 23.517303 -15.747015
v 9.082661 23.517986 -15.829226
v 9.072392 23.517523 -15.809221
v 9.082661 23.517986 -15.829226
v 9.072274 23.517303 -15.747015
v 9.054132 23.537413 -15.853511
v 9.031721 23.53751 -15.897898
v 9.064648 23.545897 -15.853415
v 9.031721 23.53751 -15.897898
v 9.054132 23.537413 -15.853511
v 9.058075 23.525898 -15.843704
v 9.080505 23.52566 -15.746092
v 9.090127 23.526123 -15.804231
v 9.082661 23.517986 -15.829226
v 9.090127 23.526123 -15.804231
v 9.080505 23.52566 -15.746092
v 9.072392 23.517523 -15.809221
v 9.037609 23.518074 -15.908036
v 9.058075 23.525898 -15.843704
v 9.037609 23.518074 -15.908036
v 9.072392 23.517523 -15.809221
v 9.082661 23.517986 -15.829226
v 9.087616 23.537598 -15.776554
v 9.087387 23.538109 -15.835305
v 9.090127 23.526123 -15.804231
v 9.087387 23.538109 -15.835305
v 9.080575 23.546082 -15.837584
v 9.090127 23.526123 -15.804231
v 9.08123 23.526602 -15.862309
v 9.082661 23.517986 -15.829226
v 9.087387 23.538109 -15.835305
v 9.062284 23.538517 -15.904576
v 9.087387 23.538109 -15.835305
v 9.080575 23.546082 -15.837584
v 9.062284 23.538517 -15.904576
v 9.08123 23.526602 -15.862309
v 9.027263 23.546204 -15.935951
v 9.080575 23.546082 -15.837584
v 9.064648 23.545897 -15.853415
v 9.080575 23.546082 -15.837584
v 9.027263 23.546204 -15.935951
v 9.062284 23.538517 -15.904576
v 9.034164 23.518253 -15.930161
v 9.082661 23.517986 -15.829226
v 9.08123 23.526602 -15.862309
v 9.082661 23.517986 -15.829226
v 9.034164 23.518253 -15.930161
v 9.037609 23.518074 -15.908036
v 9.054837 23.52671 -15.91455
v 9.08123 23.526602 -15.862309
v 9.062284 23.538517 -15.904576
v 9.08123 23.526602 -15.862309
v 9.054837 23.52671 -15.91455
v 9.034164 23.518253 -15.930161
v 9.013669 23.526127 -15.955879
v 9.054837 23.52671 -15.91455
v 9.062284 23.538517 -15.904576
v 9.054837 23.52671 -15.91455
v 9.013669 23.526127 -15.955879
v 9.034164 23.518253 -15.930161
v 9.011862 23.53781 -15.956823
v 9.062284 23.538517 -15.904576
v 9.027263 23.546204 -15.935951
v 9.062284 23.538517 -15.904576
v 9.011862 23.53781 -15.956823
v 9.013669 23.526127 -15.955879
v 9.064648 23.545897 -15.853415
v 9.005169 23.54563 -15.939247
v 9.027263 23.546204 -15.935951
v 9.005169 23.54563 -15.939247
v 9.064648 23.545897 -15.853415
v 9.031721 23.53751 -15.897898
v 8.962005 23.524626 -15.982222
v 9.013669 23.526127 -15.955879
v 9.011862 23.53781 -15.956823
v 9.058075 23.525898 -15.843704
v 9.023718 23.526009 -15.909761
v 9.031721 23.53751 -15.897898
v 9.023718 23.526009 -15.909761
v 9.058075 23.525898 -15.843704
v 9.037609 23.518074 -15.908036
v 8.996769 23.537027 -15.93298
v 9.031721 23.53751 -15.897898
v 9.023718 23.526009 -15.909761
v 9.031721 23.53751 -15.897898
v 8.996769 23.537027 -15.93298
v 9.005169 23.54563 -15.939247
v 8.974734 23.52496 -15.946684
v 9.023718 23.526009 -15.909761
v 9.037609 23.518074 -15.908036
v 9.023718 23.526009 -15.909761
v 8.974734 23.52496 -15.946684
v 8.996769 23.537027 -15.93298
v 8.952126 23.516125 -15.966602
v 9.037609 23.518074 -15.908036
v 9.034164 23.518253 -15.930161
v 9.037609 23.518074 -15.908036
v 8.952126 23.516125 -15.966602
v 8.974734 23.52496 -15.946684
v 8.936445 23.515532 -15.98241
v 9.034164 23.518253 -15.930161
v 9.013669 23.526127 -15.955879
v 9.034164 23.518253 -15.930161
v 8.936445 23.515532 -15.98241
v 8.952126 23.516125 -15.966602
v 9.013669 23.526127 -15.955879
v 8.962005 23.524626 -15.982222
v 8.936445 23.515532 -15.98241
v 8.952869 23.535738 -15.955387
v 8.996769 23.537027 -15.93298
v 8.996769 23.537027 -15.93298
v 8.952869 23.535738 -15.955387
v 9.005169 23.54563 -15.939247
v 8.927936 23.523203 -15.961388
v 8.974734 23.52496 -15.946684
v 8.952126 23.516125 -15.966602
v 8.974734 23.52496 -15.946684
v 8.927936 23.523203 -15.961388
v 8.952869 23.535738 -15.955387
v 9.011862 23.53781 -15.956823
v 8.95983 23.536257 -15.982723
v 8.962005 23.524626 -15.982222
v 8.95983 23.536257 -15.982723
v 9.011862 23.53781 -15.956823
v 9.027263 23.546204 -15.935951
v 8.904393 23.533545 -15.963005
v 8.927936 23.523203 -15.961388
v 9.027263 23.546204 -15.935951
v 8.955372 23.544216 -15.975288
v 8.95983 23.536257 -15.982723
v 8.955372 23.544216 -15.975288
v 9.027263 23.546204 -15.935951
v 9.005169 23.54563 -15.939247
v 8.904988 23.522038 -15.991203
v 8.962005 23.524626 -15.982222
v 8.95983 23.536257 -15.982723
v 8.962005 23.524626 -15.982222
v 8.904988 23.522038 -15.991203
v 8.936445 23.515532 -15.98241
v 8.906994 23.5421 -15.973207
v 9.005169 23.54563 -15.939247
v 8.952869 23.535738 -15.955387
v 9.005169 23.54563 -15.939247
v 8.906994 23.5421 -15.973207
v 8.955372 23.544216 -15.975288
v 8.952869 23.535738 -15.955387
v 8.904393 23.533545 -15.963005
v 8.906994 23.5421 -15.973207
v 8.902566 23.533632 -15.991179
v 8.95983 23.536257 -15.982723
v 8.955372 23.544216 -15.975288
v 8.95983 23.536257 -15.982723
v 8.902566 23.533632 -15.991179
v 8.904988 23.522038 -15.991203
v 8.879181 23.520498 -15.960821
v 8.879181 23.520498 -15.960821
v 8.927936 23.523203 -15.961388
v 8.952126 23.516125 -15.966602
v 8.955372 23.544216 -15.975288
v 8.900372 23.541649 -15.982843
v 8.902566 23.533632 -15.991179
v 8.900372 23.541649 -15.982843
v 8.955372 23.544216 -15.975288
v 8.906994 23.5421 -15.973207
v 8.952126 23.516125 -15.966602
v 8.850038 23.510344 -15.963474
v 8.850038 23.510344 -15.963474
v 8.952126 23.516125 -15.966602
v 8.936445 23.515532 -15.98241
v 8.856215 23.530394 -15.955261
v 8.879181 23.520498 -15.960821
v 8.904393 23.533545 -15.963005
v 8.856215 23.530394 -15.955261
v 8.906994 23.5421 -15.973207
v 8.822393 23.51589 -15.939753
v 8.879181 23.520498 -15.960821
v 8.850038 23.510344 -15.963474
v 8.879181 23.520498 -15.960821
v 8.822393 23.51589 -15.939753
v 8.856215 23.530394 -15.955261
v 8.936445 23.515532 -15.98241
v 8.828192 23.50858 -15.96703
v 8.850038 23.510344 -15.963474
v 8.828192 23.50858 -15.96703
v 8.936445 23.515532 -15.98241
v 8.904988 23.522038 -15.991203
v 8.850038 23.510344 -15.963474
v 8.770908 23.50094 -15.901609
v 8.770908 23.50094 -15.901609
v 8.850038 23.510344 -15.963474
v 8.828192 23.50858 -15.96703
v 8.84836 23.518324 -15.982096
v 8.904988 23.522038 -15.991203
v 8.902566 23.533632 -15.991179
v 8.904988 23.522038 -15.991203
v 8.84836 23.518324 -15.982096
v 8.831657 23.528822 -15.977022
v 8.900372 23.541649 -15.982843
v 8.902566 23.533632 -15.991179
v 8.831657 23.528822 -15.977022
v 8.84836 23.518324 -15.982096
v 8.846056 23.538023 -15.972965
v 8.900372 23.541649 -15.982843
v 8.906994 23.5421 -15.973207
v 8.900372 23.541649 -15.982843
v 8.846056 23.538023 -15.972965
v 8.831657 23.528822 -15.977022
v 8.84836 23.518324 -15.982096
v 8.797709 23.513552 -15.955994
v 8.828192 23.50858 -15.96703
v 8.797709 23.513552 -15.955994
v 8.84836 23.518324 -15.982096
v 8.831657 23.528822 -15.977022
v 8.906994 23.5421 -15.973207
v 8.808561 23.534557 -15.942827
v 8.846056 23.538023 -15.972965
v 8.808561 23.534557 -15.942827
v 8.906994 23.5421 -15.973207
v 8.856215 23.530394 -15.955261
v 8.846056 23.538023 -15.972965
v 8.797737 23.533356 -15.946823
v 8.831657 23.528822 -15.977022
v 8.797737 23.533356 -15.946823
v 8.846056 23.538023 -15.972965
v 8.808561 23.534557 -15.942827
v 8.813129 23.52633 -15.93305
v 8.856215 23.530394 -15.955261
v 8.822393 23.51589 -15.939753
v 8.856215 23.530394 -15.955261
v 8.813129 23.52633 -15.93305
v 8.808561 23.534557 -15.942827
v 8.763292 23.52086 -15.92556
v 8.831657 23.528822 -15.977022
v 8.797737 23.533356 -15.946823
v 8.831657 23.528822 -15.977022
v 8.763292 23.52086 -15.92556
v 8.797709 23.513552 -15.955994
v 8.779348 23.521519 -15.898778
v 8.813129 23.52633 -15.93305
v 8.822393 23.51589 -15.939753
v 8.813129 23.52633 -15.93305
v 8.779348 23.521519 -15.898778
v 8.808561 23.534557 -15.942827
v 8.822393 23.51589 -15.939753
v 8.779944 23.509949 -15.898084
v 8.779348 23.521519 -15.898778
v 8.779944 23.509949 -15.898084
v 8.770908 23.50094 -15.901609
v 8.760263 23.527851 -15.907183
v 8.797737 23.533356 -15.946823
v 8.808561 23.534557 -15.942827
v 8.797737 23.533356 -15.946823
v 8.760263 23.527851 -15.907183
v 8.763292 23.52086 -15.92556
v 8.74802 23.523777 -15.860894
v 8.808561 23.534557 -15.942827
v 8.779348 23.521519 -15.898778
v 8.808561 23.534557 -15.942827
v 8.74802 23.523777 -15.860894
v 8.760263 23.527851 -15.907183
v 8.758099 23.516172 -15.855941
v 8.779348 23.521519 -15.898778
v 8.779944 23.509949 -15.898084
v 8.779348 23.521519 -15.898778
v 8.758099 23.516172 -15.855941
v 8.74802 23.523777 -15.860894
v 8.779944 23.509949 -15.898084
v 8.759291 23.504642 -15.855443
v 8.758099 23.516172 -15.855941
v 8.759291 23.504642 -15.855443
v 8.779944 23.509949 -15.898084
v 8.770908 23.50094 -15.901609
v 8.758099 23.516172 -15.855941
v 8.751367 23.51057 -15.808982
v 8.74802 23.523777 -15.860894
v 8.751367 23.51057 -15.808982
v 8.737137 23.521751 -15.858049
v 8.760263 23.527851 -15.907183
v 8.74802 23.523777 -15.860894
v 8.759291 23.504642 -15.855443
v 8.753084 23.499088 -15.808919
v 8.751367 23.51057 -15.808982
v 8.760263 23.527851 -15.907183
v 8.737137 23.521751 -15.858049
v 8.730941 23.51298 -15.862944
v 8.730941 23.51298 -15.862944
v 8.763292 23.52086 -15.92556
v 8.760263 23.527851 -15.907183
v 8.770908 23.50094 -15.901609
v 8.744406 23.489475 -15.806704
v 8.759291 23.504642 -15.855443
v 8.753084 23.499088 -15.808919
v 8.759291 23.504642 -15.855443
v 8.744406 23.489475 -15.806704
v 8.828192 23.50858 -15.96703
v 8.751317 23.497906 -15.89168
v 8.770908 23.50094 -15.901609
v 8.744406 23.489475 -15.806704
v 8.770908 23.50094 -15.901609
v 8.751317 23.497906 -15.89168
v 8.751317 23.497906 -15.89168
v 8.828192 23.50858 -15.96703
v 8.797709 23.513552 -15.955994
v 8.758069 23.507914 -15.915774
v 8.797709 23.513552 -15.955994
v 8.763292 23.52086 -15.92556
v 8.797709 23.513552 -15.955994
v 8.758069 23.507914 -15.915774
v 8.751317 23.497906 -15.89168
v 8.733126 23.501633 -15.865518
v 8.758069 23.507914 -15.915774
v 8.763292 23.52086 -15.92556
v 8.758069 23.507914 -15.915774
v 8.733126 23.501633 -15.865518
v 8.751317 23.497906 -15.89168
v 8.763292 23.52086 -15.92556
v 8.730941 23.51298 -15.862944
v 8.734655 23.485426 -15.78716
v 8.751317 23.497906 -15.89168
v 8.733126 23.501633 -15.865518
v 8.734655 23.485426 -15.78716
v 8.744406 23.489475 -15.806704
v 8.725202 23.495064 -15.810453
v 8.733126 23.501633 -15.865518
v 8.733126 23.501633 -15.865518
v 8.725202 23.495064 -15.810453
v 8.734655 23.485426 -15.78716
v 8.730941 23.51298 -15.862944
v 8.723504 23.506336 -15.807247
v 8.725202 23.495064 -15.810453
v 8.723504 23.506336 -15.807247
v 8.730941 23.51298 -15.862944
v 8.737137 23.521751 -15.858049
v 8.725202 23.495064 -15.810453
v 8.734863 23.48852 -15.756006
v 8.734655 23.485426 -15.78716
v 8.734863 23.48852 -15.756006
v 8.723504 23.506336 -15.807247
v 8.737137 23.521751 -15.858049
v 8.730574 23.51536 -15.804506
v 8.723504 23.506336 -15.807247
v 8.730574 23.51536 -15.804506
v 8.737137 23.521751 -15.858049
v 8.74802 23.523777 -15.860894
v 8.73381 23.49974 -15.752364
v 8.73381 23.49974 -15.752364
v 8.723504 23.506336 -15.807247
v 8.730574 23.51536 -15.804506
v 8.74802 23.523777 -15.860894
v 8.748159 23.51179 -15.760094
v 8.730574 23.51536 -15.804506
v 8.748159 23.51179 -15.760094
v 8.751367 23.51057 -15.808982
v 8.730574 23.51536 -15.804506
v 8.741039 23.509047 -15.751894
v 8.73381 23.49974 -15.752364
v 8.741039 23.509047 -15.751894
v 8.730574 23.51536 -15.804506
v 8.748159 23.51179 -15.760094
v 8.760869 23.482372 -15.707682
v 8.734863 23.48852 -15.756006
v 8.73381 23.49974 -15.752364
v 8.760631 23.493525 -15.703727
v 8.73381 23.49974 -15.752364
v 8.741039 23.509047 -15.751894
v 8.73381 23.49974 -15.752364
v 8.760631 23.493525 -15.703727
v 8.782734 23.473711 -15.69484
v 8.734655 23.485426 -15.78716
v 8.734863 23.48852 -15.756006
v 8.734863 23.48852 -15.756006
v 8.760869 23.482372 -15.707682
v 8.782734 23.473711 -15.69484
v 8.741039 23.509047 -15.751894
v 8.767313 23.503088 -15.705398
v 8.760631 23.493525 -15.703727
v 8.767313 23.503088 -15.705398
v 8.741039 23.509047 -15.751894
v 8.748159 23.51179 -15.760094
v 8.800389 23.476892 -15.67017
v 8.760869 23.482372 -15.707682
v 8.760631 23.493525 -15.703727
v 8.760869 23.482372 -15.707682
v 8.800389 23.476892 -15.67017
v 8.782734 23.473711 -15.69484
v 8.800976 23.488 -15.666188
v 8.760631 23.493525 -15.703727
v 8.767313 23.503088 -15.705398
v 8.760631 23.493525 -15.703727
v 8.800976 23.488 -15.666188
v 8.800389 23.476892 -15.67017
v 8.734655 23.485426 -15.78716
v 8.782734 23.473711 -15.69484
v 8.778872 23.478333 -15.716216
v 8.778872 23.478333 -15.716216
v 8.744406 23.489475 -15.806704
v 8.734655 23.485426 -15.78716
v 8.874902 23.464972 -15.649971
v 8.782734 23.473711 -15.69484
v 8.800389 23.476892 -15.67017
v 8.744406 23.489475 -15.806704
v 8.778872 23.478333 -15.716216
v 8.761683 23.493587 -15.763126
v 8.761683 23.493587 -15.763126
v 8.753084 23.499088 -15.808919
v 8.744406 23.489475 -15.806704
v 8.83569 23.471655 -15.674807
v 8.782734 23.473711 -15.69484
v 8.782734 23.473711 -15.69484
v 8.874902 23.464972 -15.649971
v 8.83569 23.471655 -15.674807
v 8.759608 23.505005 -15.762558
v 8.753084 23.499088 -15.808919
v 8.761683 23.493587 -15.763126
v 8.759608 23.505005 -15.762558
v 8.751367 23.51057 -15.808982
v 8.759608 23.505005 -15.762558
v 8.781781 23.499752 -15.721357
v 8.759608 23.505005 -15.762558
v 8.761683 23.493587 -15.763126
v 8.759608 23.505005 -15.762558
v 8.781781 23.499752 -15.721357
v 8.748159 23.51179 -15.760094
v 8.783976 23.488419 -15.722668
v 8.761683 23.493587 -15.763126
v 8.778872 23.478333 -15.716216
v 8.761683 23.493587 -15.763126
v 8.783976 23.488419 -15.722668
v 8.781781 23.499752 -15.721357
v 8.817488 23.483837 -15.691494
v 8.783976 23.488419 -15.722668
v 8.778872 23.478333 -15.716216
v 8.778872 23.478333 -15.716216
v 8.83569 23.471655 -15.674807
v 8.817488 23.483837 -15.691494
v 8.815542 23.495075 -15.689314
v 8.781781 23.499752 -15.721357
v 8.783976 23.488419 -15.722668
v 8.783976 23.488419 -15.722668
v 8.817488 23.483837 -15.691494
v 8.815542 23.495075 -15.689314
v 8.807757 23.501076 -15.680064
v 8.748159 23.51179 -15.760094
v 8.781781 23.499752 -15.721357
v 8.781781 23.499752 -15.721357
v 8.815542 23.495075 -15.689314
v 8.807757 23.501076 -15.680064
v 8.748159 23.51179 -15.760094
v 8.807757 23.501076 -15.680064
v 8.767313 23.503088 -15.705398
v 8.857286 23.491161 -15.66954
v 8.815542 23.495075 -15.689314
v 8.817488 23.483837 -15.691494
v 8.815542 23.495075 -15.689314
v 8.857286 23.491161 -15.66954
v 8.807757 23.501076 -15.680064
v 8.858736 23.480011 -15.672452
v 8.817488 23.483837 -15.691494
v 8.83569 23.471655 -15.674807
v 8.817488 23.483837 -15.691494
v 8.858736 23.480011 -15.672452
v 8.857286 23.491161 -15.66954
v 8.806625 23.4978 -15.669614
v 8.767313 23.503088 -15.705398
v 8.807757 23.501076 -15.680064
v 8.767313 23.503088 -15.705398
v 8.806625 23.4978 -15.669614
v 8.800976 23.488 -15.666188
v 8.83569 23.471655 -15.674807
v 8.881227 23.468136 -15.662521
v 8.858736 23.480011 -15.672452
v 8.881227 23.468136 -15.662521
v 8.83569 23.471655 -15.674807
v 8.874902 23.464972 -15.649971
v 8.902764 23.488125 -15.663792
v 8.857286 23.491161 -15.66954
v 8.858736 23.480011 -15.672452
v 8.903509 23.477058 -15.667243
v 8.858736 23.480011 -15.672452
v 8.881227 23.468136 -15.662521
v 8.858736 23.480011 -15.672452
v 8.903509 23.477058 -15.667243
v 8.902764 23.488125 -15.663792
v 8.902258 23.493544 -15.651486
v 8.807757 23.501076 -15.680064
v 8.857286 23.491161 -15.66954
v 8.857286 23.491161 -15.66954
v 8.902764 23.488125 -15.663792
v 8.902258 23.493544 -15.651486
v 8.854814 23.49339 -15.648005
v 8.806625 23.4978 -15.669614
v 8.807757 23.501076 -15.680064
v 8.807757 23.501076 -15.680064
v 8.902258 23.493544 -15.651486
v 8.854814 23.49339 -15.648005
v 8.850792 23.483387 -15.643188
v 8.806625 23.4978 -15.669614
v 8.806625 23.4978 -15.669614
v 8.854814 23.49339 -15.648005
v 8.850792 23.483387 -15.643188
v 8.849164 23.472322 -15.647068
v 8.800389 23.476892 -15.67017
v 8.800976 23.488 -15.666188
v 8.800976 23.488 -15.666188
v 8.850792 23.483387 -15.643188
v 8.849164 23.472322 -15.647068
v 8.800389 23.476892 -15.67017
v 8.849164 23.472322 -15.647068
v 8.874902 23.464972 -15.649971
v 8.902496 23.468763 -15.64032
v 8.849164 23.472322 -15.647068
v 8.850792 23.483387 -15.643188
v 8.849164 23.472322 -15.647068
v 8.902496 23.468763 -15.64032
v 8.874902 23.464972 -15.649971
v 8.904949 23.479801 -15.636889
v 8.850792 23.483387 -15.643188
v 8.854814 23.49339 -15.648005
v 8.850792 23.483387 -15.643188
v 8.904949 23.479801 -15.636889
v 8.902496 23.468763 -15.64032
v 8.854814 23.49339 -15.648005
v 8.907034 23.489971 -15.6425
v 8.904949 23.479801 -15.636889
v 8.907034 23.489971 -15.6425
v 8.854814 23.49339 -15.648005
v 8.902258 23.493544 -15.651486
v 8.954677 23.466255 -15.65038
v 8.904949 23.479801 -15.636889
v 8.957943 23.47728 -15.647657
v 8.904949 23.479801 -15.636889
v 8.907034 23.489971 -15.6425
v 8.904949 23.479801 -15.636889
v 8.957943 23.47728 -15.647657
v 8.954677 23.466255 -15.65038
v 8.958023 23.487576 -15.653417
v 8.907034 23.489971 -15.6425
v 8.902258 23.493544 -15.651486
v 8.907034 23.489971 -15.6425
v 8.958023 23.487576 -15.653417
v 8.957943 23.47728 -15.647657
v 8.902496 23.468763 -15.64032
v 8.954677 23.466255 -15.65038
v 8.973831 23.460176 -15.668273
v 8.973831 23.460176 -15.668273
v 8.874902 23.464972 -15.649971
v 8.902496 23.468763 -15.64032
v 9.00067 23.464699 -15.67588
v 8.954677 23.466255 -15.65038
v 9.00067 23.464699 -15.67588
v 8.973831 23.460176 -15.668273
v 8.927837 23.46555 -15.664992
v 8.881227 23.468136 -15.662521
v 8.874902 23.464972 -15.649971
v 8.874902 23.464972 -15.649971
v 8.973831 23.460176 -15.668273
v 8.927837 23.46555 -15.664992
v 8.927837 23.46555 -15.664992
v 8.903509 23.477058 -15.667243
v 8.957943 23.47728 -15.647657
v 9.004574 23.475739 -15.674144
v 9.00067 23.464699 -15.67588
v 9.004574 23.475739 -15.674144
v 8.957943 23.47728 -15.647657
v 8.958023 23.487576 -15.653417
v 8.94717 23.47498 -15.676117
v 8.903509 23.477058 -15.667243
v 8.927837 23.46555 -15.664992
v 8.958023 23.487576 -15.653417
v 9.002786 23.486113 -15.67944
v 9.004574 23.475739 -15.674144
v 8.927837 23.46555 -15.664992
v 8.970861 23.463858 -15.681613
v 8.94717 23.47498 -15.676117
v 8.970861 23.463858 -15.681613
v 8.927837 23.46555 -15.664992
v 8.973831 23.460176 -15.668273
v 8.903509 23.477058 -15.667243
v 8.947408 23.485977 -15.672382
v 8.902764 23.488125 -15.663792
v 8.902764 23.488125 -15.663792
v 8.947408 23.485977 -15.672382
v 8.902258 23.493544 -15.651486
v 8.994117 23.4898 -15.684189
v 8.958023 23.487576 -15.653417
v 8.994117 23.4898 -15.684189
v 8.902258 23.493544 -15.651486
v 8.947408 23.485977 -15.672382
v 9.002786 23.486113 -15.67944
v 8.958023 23.487576 -15.653417
v 8.994117 23.4898 -15.684189
v 8.986879 23.484661 -15.694253
v 8.947408 23.485977 -15.672382
v 8.947408 23.485977 -15.672382
v 8.986879 23.484661 -15.694253
v 8.994117 23.4898 -15.684189
v 8.985518 23.473703 -15.697876
v 8.94717 23.47498 -15.676117
v 8.970861 23.463858 -15.681613
v 8.94717 23.47498 -15.676117
v 8.985518 23.473703 -15.697876
v 8.986879 23.484661 -15.694253
v 9.006222 23.46292 -15.710485
v 8.970861 23.463858 -15.681613
v 8.973831 23.460176 -15.668273
v 8.970861 23.463858 -15.681613
v 9.006222 23.46292 -15.710485
v 8.985518 23.473703 -15.697876
v 9.017263 23.484009 -15.726968
v 8.986879 23.484661 -15.694253
v 8.985518 23.473703 -15.697876
v 8.986879 23.484661 -15.694253
v 9.017263 23.484009 -15.726968
v 8.994117 23.4898 -15.684189
v 9.014881 23.473093 -15.73013
v 8.985518 23.473703 -15.697876
v 9.006222 23.46292 -15.710485
v 8.985518 23.473703 -15.697876
v 9.014881 23.473093 -15.73013
v 9.017263 23.484009 -15.726968
v 9.041035 23.458733 -15.740132
v 9.006222 23.46292 -15.710485
v 9.041035 23.458733 -15.740132
v 8.973831 23.460176 -15.668273
v 9.00067 23.464699 -15.67588
v 9.006222 23.46292 -15.710485
v 9.035465 23.46255 -15.759266
v 9.014881 23.473093 -15.73013
v 9.035465 23.46255 -15.759266
v 9.006222 23.46292 -15.710485
v 9.041035 23.458733 -15.740132
v 9.035763 23.483826 -15.767055
v 9.017263 23.484009 -15.726968
v 9.014881 23.473093 -15.73013
v 9.032516 23.472925 -15.769419
v 9.014881 23.473093 -15.73013
v 9.014881 23.473093 -15.73013
v 9.032516 23.472925 -15.769419
v 9.035763 23.483826 -15.767055
v 9.047708 23.48895 -15.76375
v 8.994117 23.4898 -15.684189
v 9.017263 23.484009 -15.726968
v 9.017263 23.484009 -15.726968
v 9.035763 23.483826 -15.767055
v 9.047708 23.48895 -15.76375
v 9.040817 23.483852 -15.810402
v 9.035763 23.483826 -15.767055
v 9.032516 23.472925 -15.769419
v 9.035763 23.483826 -15.767055
v 9.040817 23.483852 -15.810402
v 9.047708 23.48895 -15.76375
v 9.036994 23.472942 -15.811642
v 9.032516 23.472925 -15.769419
v 9.035465 23.46255 -15.759266
v 9.032516 23.472925 -15.769419
v 9.036994 23.472942 -15.811642
v 9.040817 23.483852 -15.810402
v 9.035465 23.46255 -15.759266
v 9.041968 23.462545 -15.813346
v 9.036994 23.472942 -15.811642
v 9.041968 23.462545 -15.813346
v 9.035465 23.46255 -15.759266
v 9.041035 23.458733 -15.740132
v 9.032268 23.483809 -15.852591
v 9.040817 23.483852 -15.810402
v 9.036994 23.472942 -15.811642
v 9.00067 23.464699 -15.67588
v 9.03611 23.463951 -15.714006
v 9.041035 23.458733 -15.740132
v 9.03611 23.463951 -15.714006
v 9.00067 23.464699 -15.67588
v 9.004574 23.475739 -15.674144
v 9.036994 23.472942 -15.811642
v 9.028265 23.472872 -15.852519
v 9.032268 23.483809 -15.852591
v 9.028265 23.472872 -15.852519
v 9.041968 23.462545 -15.813346
v 9.004574 23.475739 -15.674144
v 9.04035 23.474983 -15.713454
v 9.03611 23.463951 -15.714006
v 9.04035 23.474983 -15.713454
v 9.004574 23.475739 -15.674144
v 9.002786 23.486113 -15.67944
v 9.03611 23.463951 -15.714006
v 9.057737 23.463732 -15.760824
v 9.041035 23.458733 -15.740132
v 9.057737 23.463732 -15.760824
v 9.03611 23.463951 -15.714006
v 9.04035 23.474983 -15.713454
v 9.036994 23.485415 -15.717852
v 9.002786 23.486113 -15.67944
v 8.994117 23.4898 -15.684189
v 9.002786 23.486113 -15.67944
v 9.036994 23.485415 -15.717852
v 9.04035 23.474983 -15.713454
v 8.994117 23.4898 -15.684189
v 9.047708 23.48895 -15.76375
v 9.036994 23.485415 -15.717852
v 9.04035 23.474983 -15.713454
v 9.061907 23.474777 -15.761446
v 9.057737 23.463732 -15.760824
v 9.061907 23.474777 -15.761446
v 9.04035 23.474983 -15.713454
v 9.036994 23.485415 -15.717852
v 9.052047 23.458755 -15.83529
v 9.057737 23.463732 -15.760824
v 9.041035 23.458733 -15.740132
v 9.052047 23.458755 -15.83529
v 9.041968 23.462545 -15.813346
v 9.063635 23.463755 -15.81134
v 9.057737 23.463732 -15.760824
v 9.063635 23.463755 -15.81134
v 9.052047 23.458755 -15.83529
v 9.036994 23.485415 -15.717852
v 9.057329 23.485226 -15.764419
v 9.061907 23.474777 -15.761446
v 9.057329 23.485226 -15.764419
v 9.036994 23.485415 -15.717852
v 9.047708 23.48895 -15.76375
v 9.061907 23.474777 -15.761446
v 9.067409 23.474792 -15.813215
v 9.063635 23.463755 -15.81134
v 9.067409 23.474792 -15.813215
v 9.061907 23.474777 -15.761446
v 9.057329 23.485226 -15.764419
v 9.062145 23.48525 -15.814565
v 9.057329 23.485226 -15.764419
v 9.047708 23.48895 -15.76375
v 9.057329 23.485226 -15.764419
v 9.062145 23.48525 -15.814565
v 9.067409 23.474792 -15.813215
v 9.043547 23.488985 -15.857742
v 9.047708 23.48895 -15.76375
v 9.047708 23.48895 -15.76375
v 9.043547 23.488985 -15.857742
v 9.062145 23.48525 -15.814565
v 9.040817 23.483852 -15.810402
v 9.032268 23.483809 -15.852591
v 9.043547 23.488985 -15.857742
v 9.053656 23.463688 -15.860557
v 9.063635 23.463755 -15.81134
v 9.063635 23.463755 -15.81134
v 9.053656 23.463688 -15.860557
v 9.052047 23.458755 -15.83529
v 9.056664 23.474716 -15.863519
v 9.067409 23.474792 -15.813215
v 9.062145 23.48525 -15.814565
v 9.067409 23.474792 -15.813215
v 9.056664 23.474716 -15.863519
v 9.053656 23.463688 -15.860557
v 9.051232 23.485167 -15.863236
v 9.062145 23.48525 -15.814565
v 9.043547 23.488985 -15.857742
v 9.062145 23.48525 -15.814565
v 9.051232 23.485167 -15.863236
v 9.056664 23.474716 -15.863519
v 9.032268 23.483809 -15.852591
v 9.011246 23.483412 -15.889656
v 9.043547 23.488985 -15.857742
v 9.011246 23.483412 -15.889656
v 9.025991 23.4847 -15.905622
v 9.051232 23.485167 -15.863236
v 9.043547 23.488985 -15.857742
v 9.041968 23.462545 -15.813346
v 9.032466 23.462473 -15.855685
v 9.028265 23.472872 -15.852519
v 9.032466 23.462473 -15.855685
v 9.041968 23.462545 -15.813346
v 9.052047 23.458755 -15.83529
v 9.031096 23.47424 -15.907498
v 9.056664 23.474716 -15.863519
v 9.051232 23.485167 -15.863236
v 9.025991 23.4847 -15.905622
v 9.031096 23.47424 -15.907498
v 9.007513 23.472492 -15.888229
v 9.032466 23.462473 -15.855685
v 9.007513 23.472492 -15.888229
v 9.011246 23.483412 -15.889656
v 9.010611 23.46206 -15.892374
v 9.032466 23.462473 -15.855685
v 9.052047 23.458755 -15.83529
v 9.032466 23.462473 -15.855685
v 9.010611 23.46206 -15.892374
v 9.056664 23.474716 -15.863519
v 9.031096 23.47424 -15.907498
v 9.029209 23.463259 -15.903637
v 9.029209 23.463259 -15.903637
v 9.053656 23.463688 -15.860557
v 9.056664 23.474716 -15.863519
v 9.005596 23.457891 -15.916007
v 9.052047 23.458755 -15.83529
v 9.053656 23.463688 -15.860557
v 9.053656 23.463688 -15.860557
v 9.029209 23.463259 -15.903637
v 9.005596 23.457891 -15.916007
v 9.052047 23.458755 -15.83529
v 9.005596 23.457891 -15.916007
v 9.010611 23.46206 -15.892374
v 8.993094 23.462181 -15.93651
v 9.029209 23.463259 -15.903637
v 9.031096 23.47424 -15.907498
v 9.029209 23.463259 -15.903637
v 8.993094 23.462181 -15.93651
v 9.005596 23.457891 -15.916007
v 8.993621 23.4731 -15.940914
v 9.031096 23.47424 -15.907498
v 9.025991 23.4847 -15.905622
v 9.031096 23.47424 -15.907498
v 8.993621 23.4731 -15.940914
v 8.993094 23.462181 -15.93651
v 9.043547 23.488985 -15.857742
v 8.985469 23.487566 -15.929271
v 9.025991 23.4847 -15.905622
v 8.985469 23.487566 -15.929271
v 9.043547 23.488985 -15.857742
v 9.011246 23.483412 -15.889656
v 9.025991 23.4847 -15.905622
v 8.989182 23.48357 -15.937733
v 8.993621 23.4731 -15.940914
v 8.989182 23.48357 -15.937733
v 9.025991 23.4847 -15.905622
v 8.985469 23.487566 -15.929271
v 8.980156 23.482496 -15.91797
v 9.011246 23.483412 -15.889656
v 9.007513 23.472492 -15.888229
v 9.011246 23.483412 -15.889656
v 8.980156 23.482496 -15.91797
v 8.985469 23.487566 -15.929271
v 8.977178 23.471573 -15.915259
v 9.007513 23.472492 -15.888229
v 9.010611 23.46206 -15.892374
v 9.007513 23.472492 -15.888229
v 8.977178 23.471573 -15.915259
v 8.980156 23.482496 -15.91797
v 8.978974 23.461096 -15.919984
v 9.010611 23.46206 -15.892374
v 9.005596 23.457891 -15.916007
v 9.010611 23.46206 -15.892374
v 8.978974 23.461096 -15.919984
v 8.977178 23.471573 -15.915259
v 8.923398 23.479853 -15.940123
v 8.980156 23.482496 -15.91797
v 8.977178 23.471573 -15.915259
v 8.980156 23.482496 -15.91797
v 8.923398 23.479853 -15.940123
v 8.985469 23.487566 -15.929271
v 8.940596 23.469976 -15.931248
v 8.977178 23.471573 -15.915259
v 8.978974 23.461096 -15.919984
v 8.940596 23.469976 -15.931248
v 8.923398 23.479853 -15.940123
v 8.940973 23.459417 -15.936108
v 8.978974 23.461096 -15.919984
v 9.005596 23.457891 -15.916007
v 8.978974 23.461096 -15.919984
v 8.940973 23.459417 -15.936108
v 8.940596 23.469976 -15.931248
v 8.923001 23.454275 -15.951984
v 9.005596 23.457891 -15.916007
v 8.993094 23.462181 -15.93651
v 9.005596 23.457891 -15.916007
v 8.923001 23.454275 -15.951984
v 8.940973 23.459417 -15.936108
v 8.949196 23.460278 -15.956234
v 8.993094 23.462181 -15.93651
v 8.993621 23.4731 -15.940914
v 8.993094 23.462181 -15.93651
v 8.949196 23.460278 -15.956234
v 8.923001 23.454275 -15.951984
v 8.901513 23.467611 -15.934986
v 8.940596 23.469976 -15.931248
v 8.940973 23.459417 -15.936108
v 8.940596 23.469976 -15.931248
v 8.901513 23.467611 -15.934986
v 8.923398 23.479853 -15.940123
v 8.993621 23.4731 -15.940914
v 8.948113 23.471107 -15.960783
v 8.949196 23.460278 -15.956234
v 8.948113 23.471107 -15.960783
v 8.989182 23.48357 -15.937733
v 8.949196 23.460278 -15.956234
v 8.902128 23.457472 -15.961237
v 8.923001 23.454275 -15.951984
v 8.902128 23.457472 -15.961237
v 8.949196 23.460278 -15.956234
v 8.948113 23.471107 -15.960783
v 8.890044 23.45625 -15.938946
v 8.923001 23.454275 -15.951984
v 8.940973 23.459417 -15.936108
v 8.890044 23.45625 -15.938946
v 8.901513 23.467611 -15.934986
v 8.989182 23.48357 -15.937733
v 8.944886 23.48161 -15.956533
v 8.948113 23.471107 -15.960783
v 8.944886 23.48161 -15.956533
v 8.989182 23.48357 -15.937733
v 8.985469 23.487566 -15.929271
v 8.899458 23.468164 -15.965418
v 8.902128 23.457472 -15.961237
v 8.899458 23.468164 -15.965418
v 8.948113 23.471107 -15.960783
v 8.944886 23.48161 -15.956533
v 8.838579 23.447226 -15.932421
v 8.923001 23.454275 -15.951984
v 8.902128 23.457472 -15.961237
v 8.923001 23.454275 -15.951984
v 8.838579 23.447226 -15.932421
v 8.890044 23.45625 -15.938946
v 8.85663 23.453745 -15.951494
v 8.902128 23.457472 -15.961237
v 8.899458 23.468164 -15.965418
v 8.902128 23.457472 -15.961237
v 8.85663 23.453745 -15.951494
v 8.838579 23.447226 -15.932421
v 8.944886 23.48161 -15.956533
v 8.897491 23.478716 -15.960569
v 8.899458 23.468164 -15.965418
v 8.985469 23.487566 -15.929271
v 8.898495 23.483063 -15.951544
v 8.944886 23.48161 -15.956533
v 8.897491 23.478716 -15.960569
v 8.944886 23.48161 -15.956533
v 8.898495 23.483063 -15.951544
v 8.898495 23.483063 -15.951544
v 8.985469 23.487566 -15.929271
v 8.85256 23.46428 -15.954838
v 8.899458 23.468164 -15.965418
v 8.899458 23.468164 -15.965418
v 8.85256 23.46428 -15.954838
v 8.85663 23.453745 -15.951494
v 8.840446 23.473825 -15.945303
v 8.897491 23.478716 -15.960569
v 8.898495 23.483063 -15.951544
v 8.897491 23.478716 -15.960569
v 8.840446 23.473825 -15.945303
v 8.923398 23.479853 -15.940123
v 8.844854 23.473486 -15.924045
v 8.898495 23.483063 -15.951544
v 8.844854 23.473486 -15.924045
v 8.923398 23.479853 -15.940123
v 8.901513 23.467611 -15.934986
v 8.81723 23.449186 -15.928492
v 8.85663 23.453745 -15.951494
v 8.85256 23.46428 -15.954838
v 8.85663 23.453745 -15.951494
v 8.81723 23.449186 -15.928492
v 8.838579 23.447226 -15.932421
v 8.86388 23.464499 -15.926515
v 8.901513 23.467611 -15.934986
v 8.890044 23.45625 -15.938946
v 8.86388 23.464499 -15.926515
v 8.844854 23.473486 -15.924045
v 8.835729 23.450848 -15.916361
v 8.890044 23.45625 -15.938946
v 8.838579 23.447226 -15.932421
v 8.890044 23.45625 -15.938946
v 8.835729 23.450848 -15.916361
v 8.86388 23.464499 -15.926515
v 8.85256 23.46428 -15.954838
v 8.811997 23.459518 -15.930567
v 8.81723 23.449186 -15.928492
v 8.85256 23.46428 -15.954838
v 8.840446 23.473825 -15.945303
v 8.831519 23.460707 -15.907149
v 8.86388 23.464499 -15.926515
v 8.835729 23.450848 -15.916361
v 8.86388 23.464499 -15.926515
v 8.831519 23.460707 -15.907149
v 8.844854 23.473486 -15.924045
v 8.898495 23.483063 -15.951544
v 8.817876 23.475096 -15.918597
v 8.840446 23.473825 -15.945303
v 8.817876 23.475096 -15.918597
v 8.898495 23.483063 -15.951544
v 8.844854 23.473486 -15.924045
v 8.840446 23.473825 -15.945303
v 8.796477 23.46765 -15.909502
v 8.811997 23.459518 -15.930567
v 8.796477 23.46765 -15.909502
v 8.840446 23.473825 -15.945303
v 8.817876 23.475096 -15.918597
v 8.794124 23.464817 -15.868551
v 8.844854 23.473486 -15.924045
v 8.831519 23.460707 -15.907149
v 8.794124 23.464817 -15.868551
v 8.817876 23.475096 -15.918597
v 8.80733 23.456385 -15.879213
v 8.831519 23.460707 -15.907149
v 8.835729 23.450848 -15.916361
v 8.831519 23.460707 -15.907149
v 8.80733 23.456385 -15.879213
v 8.794124 23.464817 -15.868551
v 8.835729 23.450848 -15.916361
v 8.795524 23.443298 -15.866581
v 8.80733 23.456385 -15.879213
v 8.795524 23.443298 -15.866581
v 8.835729 23.450848 -15.916361
v 8.838579 23.447226 -15.932421
v 8.80733 23.456385 -15.879213
v 8.793568 23.451813 -15.846625
v 8.794124 23.464817 -15.868551
v 8.793568 23.451813 -15.846625
v 8.80733 23.456385 -15.879213
v 8.795524 23.443298 -15.866581
v 8.78624 23.43783 -15.871542
v 8.838579 23.447226 -15.932421
v 8.81723 23.449186 -15.928492
v 8.838579 23.447226 -15.932421
v 8.78624 23.43783 -15.871542
v 8.795524 23.443298 -15.866581
v 8.78763 23.443993 -15.895021
v 8.81723 23.449186 -15.928492
v 8.811997 23.459518 -15.930567
v 8.81723 23.449186 -15.928492
v 8.78763 23.443993 -15.895021
v 8.78624 23.43783 -15.871542
v 8.781592 23.454094 -15.895429
v 8.811997 23.459518 -15.930567
v 8.796477 23.46765 -15.909502
v 8.811997 23.459518 -15.930567
v 8.781592 23.454094 -15.895429
v 8.78763 23.443993 -15.895021
v 8.769637 23.460957 -15.862878
v 8.796477 23.46765 -15.909502
v 8.817876 23.475096 -15.918597
v 8.796477 23.46765 -15.909502
v 8.769637 23.460957 -15.862878
v 8.781592 23.454094 -15.895429
v 8.77911 23.466385 -15.858974
v 8.794124 23.464817 -15.868551
v 8.817876 23.475096 -15.918597
v 8.77911 23.466385 -15.858974
v 8.769637 23.460957 -15.862878
v 8.767234 23.436945 -15.844489
v 8.78763 23.443993 -15.895021
v 8.781592 23.454094 -15.895429
v 8.78763 23.443993 -15.895021
v 8.767234 23.436945 -15.844489
v 8.78624 23.43783 -15.871542
v 8.764513 23.448433 -15.855063
v 8.781592 23.454094 -15.895429
v 8.769637 23.460957 -15.862878
v 8.781592 23.454094 -15.895429
v 8.764513 23.448433 -15.855063
v 8.767234 23.436945 -15.844489
v 8.758387 23.442297 -15.809457
v 8.764513 23.448433 -15.855063
v 8.769637 23.460957 -15.862878
v 8.758387 23.442297 -15.809457
v 8.761286 23.453335 -15.806563
v 8.761286 23.453335 -15.806563
v 8.772149 23.456299 -15.78422
v 8.77911 23.466385 -15.858974
v 8.794124 23.464817 -15.868551
v 8.77911 23.466385 -15.858974
v 8.772149 23.456299 -15.78422
v 8.761286 23.453335 -15.806563
v 8.76638 23.429749 -15.790833
v 8.767234 23.436945 -15.844489
v 8.758387 23.442297 -15.809457
v 8.769885 23.434795 -15.754537
v 8.758387 23.442297 -15.809457
v 8.761286 23.453335 -15.806563
v 8.758387 23.442297 -15.809457
v 8.769885 23.434795 -15.754537
v 8.76638 23.429749 -15.790833
v 8.769637 23.447449 -15.763248
v 8.761286 23.453335 -15.806563
v 8.772149 23.456299 -15.78422
v 8.761286 23.453335 -15.806563
v 8.769637 23.447449 -15.763248
v 8.769885 23.434795 -15.754537
v 8.767234 23.436945 -15.844489
v 8.76638 23.429749 -15.790833
v 8.776628 23.426716 -15.789184
v 8.776628 23.426716 -15.789184
v 8.767234 23.436945 -15.844489
v 8.789745 23.421473 -15.731878
v 8.76638 23.429749 -15.790833
v 8.769885 23.434795 -15.754537
v 8.76638 23.429749 -15.790833
v 8.789745 23.421473 -15.731878
v 8.776628 23.426716 -15.789184
v 8.791144 23.441843 -15.724521
v 8.791144 23.441843 -15.724521
v 8.769637 23.447449 -15.763248
v 8.769885 23.434795 -15.754537
v 8.803041 23.427908 -15.708853
v 8.789745 23.421473 -15.731878
v 8.803041 23.427908 -15.708853
v 8.769885 23.434795 -15.754537
v 8.791144 23.441843 -15.724521
v 8.794124 23.464817 -15.868551
v 8.782665 23.454384 -15.791382
v 8.772149 23.456299 -15.78422
v 8.782665 23.454384 -15.791382
v 8.794124 23.464817 -15.868551
v 8.793568 23.451813 -15.846625
v 8.772149 23.456299 -15.78422
v 8.813229 23.445833 -15.712128
v 8.791144 23.441843 -15.724521
v 8.813229 23.445833 -15.712128
v 8.772149 23.456299 -15.78422
v 8.782665 23.454384 -15.791382
v 8.791144 23.441843 -15.724521
v 8.823753 23.436766 -15.694298
v 8.803041 23.427908 -15.708853
v 8.823753 23.436766 -15.694298
v 8.791144 23.441843 -15.724521
v 8.813229 23.445833 -15.712128
v 8.793568 23.451813 -15.846625
v 8.788544 23.446833 -15.809507
v 8.782665 23.454384 -15.791382
v 8.788544 23.446833 -15.809507
v 8.795524 23.443298 -15.866581
v 8.840266 23.423069 -15.68337
v 8.803041 23.427908 -15.708853
v 8.823753 23.436766 -15.694298
v 8.786577 23.43308 -15.79065
v 8.786577 23.43308 -15.79065
v 8.795524 23.443298 -15.866581
v 8.78624 23.43783 -15.871542
v 8.786577 23.43308 -15.79065
v 8.788544 23.446833 -15.809507
v 8.794938 23.442068 -15.774404
v 8.782665 23.454384 -15.791382
v 8.794938 23.442068 -15.774404
v 8.788544 23.446833 -15.809507
v 8.786577 23.43308 -15.79065
v 8.817269 23.4448 -15.724513
v 8.782665 23.454384 -15.791382
v 8.794938 23.442068 -15.774404
v 8.782665 23.454384 -15.791382
v 8.817269 23.4448 -15.724513
v 8.813229 23.445833 -15.712128
v 8.811997 23.437532 -15.742979
v 8.794938 23.442068 -15.774404
v 8.786577 23.43308 -15.79065
v 8.794938 23.442068 -15.774404
v 8.811997 23.437532 -15.742979
v 8.817269 23.4448 -15.724513
v 8.810398 23.426088 -15.742057
v 8.786577 23.43308 -15.79065
v 8.776628 23.426716 -15.789184
v 8.786577 23.43308 -15.79065
v 8.810398 23.426088 -15.742057
v 8.811997 23.437532 -15.742979
v 8.864207 23.432407 -15.67567
v 8.823753 23.436766 -15.694298
v 8.813229 23.445833 -15.712128
v 8.823753 23.436766 -15.694298
v 8.864207 23.432407 -15.67567
v 8.840266 23.423069 -15.68337
v 8.838042 23.43342 -15.718362
v 8.811997 23.437532 -15.742979
v 8.810398 23.426088 -15.742057
v 8.811997 23.437532 -15.742979
v 8.838042 23.43342 -15.718362
v 8.817269 23.4448 -15.724513
v 8.815979 23.416677 -15.720078
v 8.810398 23.426088 -15.742057
v 8.815979 23.416677 -15.720078
v 8.789745 23.421473 -15.731878
v 8.810398 23.426088 -15.742057
v 8.837189 23.421915 -15.717235
v 8.838042 23.43342 -15.718362
v 8.837189 23.421915 -15.717235
v 8.810398 23.426088 -15.742057
v 8.815979 23.416677 -15.720078
v 8.859699 23.4122 -15.681959
v 8.789745 23.421473 -15.731878
v 8.803041 23.427908 -15.708853
v 8.789745 23.421473 -15.731878
v 8.859699 23.4122 -15.681959
v 8.815979 23.416677 -15.720078
v 8.803041 23.427908 -15.708853
v 8.840266 23.423069 -15.68337
v 8.859699 23.4122 -15.681959
v 8.870453 23.42989 -15.703051
v 8.838042 23.43342 -15.718362
v 8.837189 23.421915 -15.717235
v 8.840266 23.423069 -15.68337
v 8.88365 23.419037 -15.670683
v 8.859699 23.4122 -15.681959
v 8.88365 23.419037 -15.670683
v 8.840266 23.423069 -15.68337
v 8.864207 23.432407 -15.67567
v 8.870295 23.41835 -15.701986
v 8.837189 23.421915 -15.717235
v 8.815979 23.416677 -15.720078
v 8.837189 23.421915 -15.717235
v 8.870295 23.41835 -15.701986
v 8.870453 23.42989 -15.703051
v 8.888327 23.408995 -15.687939
v 8.815979 23.416677 -15.720078
v 8.859699 23.4122 -15.681959
v 8.815979 23.416677 -15.720078
v 8.888327 23.408995 -15.687939
v 8.870295 23.41835 -15.701986
v 8.838042 23.43342 -15.718362
v 8.870453 23.42989 -15.703051
v 8.885229 23.437258 -15.690699
v 8.885229 23.437258 -15.690699
v 8.817269 23.4448 -15.724513
v 8.838042 23.43342 -15.718362
v 8.90612 23.427032 -15.698492
v 8.870453 23.42989 -15.703051
v 8.870295 23.41835 -15.701986
v 8.870453 23.42989 -15.703051
v 8.90612 23.427032 -15.698492
v 8.885229 23.437258 -15.690699
v 8.889627 23.43772 -15.678215
v 8.813229 23.445833 -15.712128
v 8.817269 23.4448 -15.724513
v 8.817269 23.4448 -15.724513
v 8.885229 23.437258 -15.690699
v 8.889627 23.43772 -15.678215
v 8.813229 23.445833 -15.712128
v 8.889627 23.43772 -15.678215
v 8.864207 23.432407 -15.67567
v 8.906507 23.415472 -15.697727
v 8.90612 23.427032 -15.698492
v 8.906507 23.415472 -15.697727
v 8.870295 23.41835 -15.701986
v 8.888327 23.408995 -15.687939
v 8.908573 23.428873 -15.670463
v 8.864207 23.432407 -15.67567
v 8.889627 23.43772 -15.678215
v 8.864207 23.432407 -15.67567
v 8.908573 23.428873 -15.670463
v 8.88365 23.419037 -15.670683
v 8.95001 23.424383 -15.707994
v 8.90612 23.427032 -15.698492
v 8.906507 23.415472 -15.697727
v 8.928869 23.415876 -15.672038
v 8.88365 23.419037 -15.670683
v 8.908573 23.428873 -15.670463
v 8.906507 23.415472 -15.697727
v 8.942284 23.413305 -15.704877
v 8.95001 23.424383 -15.707994
v 8.942284 23.413305 -15.704877
v 8.906507 23.415472 -15.697727
v 8.945551 23.40611 -15.682795
v 8.859699 23.4122 -15.681959
v 8.88365 23.419037 -15.670683
v 8.945551 23.40611 -15.682795
v 8.888327 23.408995 -15.687939
v 8.88365 23.419037 -15.670683
v 8.928869 23.415876 -15.672038
v 8.945551 23.40611 -15.682795
v 8.888327 23.408995 -15.687939
v 8.96545 23.404402 -15.704653
v 8.942284 23.413305 -15.704877
v 8.96545 23.404402 -15.704653
v 8.888327 23.408995 -15.687939
v 8.952492 23.426216 -15.679257
v 8.928869 23.415876 -15.672038
v 8.952492 23.426216 -15.679257
v 8.908573 23.428873 -15.670463
v 8.889627 23.43772 -15.678215
v 8.928869 23.415876 -15.672038
v 8.971448 23.413599 -15.687306
v 8.945551 23.40611 -15.682795
v 8.971448 23.413599 -15.687306
v 8.928869 23.415876 -15.672038
v 8.889627 23.43772 -15.678215
v 8.971826 23.432816 -15.696066
v 8.952492 23.426216 -15.679257
v 8.971826 23.432816 -15.696066
v 8.889627 23.43772 -15.678215
v 8.885229 23.437258 -15.690699
v 8.991595 23.424377 -15.701206
v 8.971448 23.413599 -15.687306
v 8.991595 23.424377 -15.701206
v 8.952492 23.426216 -15.679257
v 8.971826 23.432816 -15.696066
v 8.960684 23.432587 -15.703449
v 8.885229 23.437258 -15.690699
v 8.90612 23.427032 -15.698492
v 8.885229 23.437258 -15.690699
v 8.960684 23.432587 -15.703449
v 8.971826 23.432816 -15.696066
v 8.90612 23.427032 -15.698492
v 8.95001 23.424383 -15.707994
v 8.960684 23.432587 -15.703449
v 9.014423 23.403156 -15.733826
v 8.945551 23.40611 -15.682795
v 8.971448 23.413599 -15.687306
v 8.945551 23.40611 -15.682795
v 9.014423 23.403156 -15.733826
v 8.96545 23.404402 -15.704653
v 9.007224 23.412071 -15.714977
v 8.991595 23.424377 -15.701206
v 8.971448 23.413599 -15.687306
v 9.007224 23.412071 -15.714977
v 9.014423 23.403156 -15.733826
v 9.02212 23.423227 -15.734274
v 8.991595 23.424377 -15.701206
v 8.971826 23.432816 -15.696066
v 8.991595 23.424377 -15.701206
v 9.02212 23.423227 -15.734274
v 9.007224 23.412071 -15.714977
v 9.028028 23.430714 -15.759233
v 8.971826 23.432816 -15.696066
v 8.960684 23.432587 -15.703449
v 8.971826 23.432816 -15.696066
v 9.028028 23.430714 -15.759233
v 9.02212 23.423227 -15.734274
v 9.032714 23.411175 -15.752377
v 9.02212 23.423227 -15.734274
v 9.007224 23.412071 -15.714977
v 9.032714 23.411175 -15.752377
v 9.014423 23.403156 -15.733826
v 9.040926 23.422548 -15.775152
v 9.02212 23.423227 -15.734274
v 9.028028 23.430714 -15.759233
v 9.040926 23.422548 -15.775152
v 8.942284 23.413305 -15.704877
v 8.974099 23.411808 -15.722718
v 8.95001 23.424383 -15.707994
v 8.974099 23.411808 -15.722718
v 8.942284 23.413305 -15.704877
v 8.96545 23.404402 -15.704653
v 8.95001 23.424383 -15.707994
v 8.986629 23.422829 -15.73473
v 8.960684 23.432587 -15.703449
v 8.986629 23.422829 -15.73473
v 8.95001 23.424383 -15.707994
v 8.974099 23.411808 -15.722718
v 8.998814 23.410872 -15.749511
v 8.974099 23.411808 -15.722718
v 8.96545 23.404402 -15.704653
v 8.974099 23.411808 -15.722718
v 8.998814 23.410872 -15.749511
v 8.986629 23.422829 -15.73473
v 9.017671 23.40244 -15.763309
v 9.014423 23.403156 -15.733826
v 8.96545 23.404402 -15.704653
v 9.017671 23.40244 -15.763309
v 8.998814 23.410872 -15.749511
v 9.014603 23.43052 -15.75846
v 8.960684 23.432587 -15.703449
v 8.960684 23.432587 -15.703449
v 9.014603 23.43052 -15.75846
v 9.028028 23.430714 -15.759233
v 9.007026 23.422113 -15.764622
v 8.986629 23.422829 -15.73473
v 8.998814 23.410872 -15.749511
v 8.986629 23.422829 -15.73473
v 9.007026 23.422113 -15.764622
v 9.014603 23.43052 -15.75846
v 8.998814 23.410872 -15.749511
v 9.014016 23.410334 -15.782526
v 9.007026 23.422113 -15.764622
v 9.014016 23.410334 -15.782526
v 8.998814 23.410872 -15.749511
v 9.017671 23.40244 -15.763309
v 9.007026 23.422113 -15.764622
v 9.017204 23.42169 -15.799431
v 9.014603 23.43052 -15.75846
v 9.017204 23.42169 -15.799431
v 9.007026 23.422113 -15.764622
v 9.014016 23.410334 -15.782526
v 9.014423 23.403156 -15.733826
v 9.040052 23.402147 -15.81535
v 9.017671 23.40244 -15.763309
v 9.040052 23.402147 -15.81535
v 9.032714 23.411175 -15.752377
v 9.018276 23.40998 -15.818644
v 9.014016 23.410334 -15.782526
v 9.017671 23.40244 -15.763309
v 9.014016 23.410334 -15.782526
v 9.018276 23.40998 -15.818644
v 9.032714 23.411175 -15.752377
v 9.045374 23.410648 -15.795713
v 9.040052 23.402147 -15.81535
v 9.045374 23.410648 -15.795713
v 9.032714 23.411175 -15.752377
v 9.040926 23.422548 -15.775152
v 9.025316 23.40171 -15.841001
v 9.017671 23.40244 -15.763309
v 9.040052 23.402147 -15.81535
v 9.017671 23.40244 -15.763309
v 9.025316 23.40171 -15.841001
v 9.040926 23.422548 -15.775152
v 9.046199 23.422113 -15.819885
v 9.045374 23.410648 -15.795713
v 9.046199 23.422113 -15.819885
v 9.040926 23.422548 -15.775152
v 9.028028 23.430714 -15.759233
v 9.045374 23.410648 -15.795713
v 9.044024 23.410236 -15.840863
v 9.040052 23.402147 -15.81535
v 9.044024 23.410236 -15.840863
v 9.045374 23.410648 -15.795713
v 9.046199 23.422113 -15.819885
v 9.028028 23.430714 -15.759233
v 9.036319 23.429926 -15.843757
v 9.046199 23.422113 -15.819885
v 9.036319 23.429926 -15.843757
v 9.028028 23.430714 -15.759233
v 9.014603 23.43052 -15.75846
v 9.037361 23.421648 -15.864124
v 9.044024 23.410236 -15.840863
v 9.037361 23.421648 -15.864124
v 9.046199 23.422113 -15.819885
v 9.036319 23.429926 -15.843757
v 9.012954 23.401106 -15.895939
v 9.040052 23.402147 -15.81535
v 9.044024 23.410236 -15.840863
v 9.040052 23.402147 -15.81535
v 9.012954 23.401106 -15.895939
v 9.025316 23.40171 -15.841001
v 9.028811 23.409653 -15.883288
v 9.037361 23.421648 -15.864124
v 9.044024 23.410236 -15.840863
v 9.028811 23.409653 -15.883288
v 9.012954 23.401106 -15.895939
v 9.015258 23.420874 -15.903516
v 9.028811 23.409653 -15.883288
v 9.015258 23.420874 -15.903516
v 9.037361 23.421648 -15.864124
v 9.036319 23.429926 -15.843757
v 9.028811 23.409653 -15.883288
v 9.001226 23.408648 -15.918974
v 9.012954 23.401106 -15.895939
v 9.001226 23.408648 -15.918974
v 9.015258 23.420874 -15.903516
v 9.014603 23.43052 -15.75846
v 9.025962 23.429762 -15.835157
v 9.036319 23.429926 -15.843757
v 9.025962 23.429762 -15.835157
v 9.014603 23.43052 -15.75846
v 9.017204 23.42169 -15.799431
v 9.036319 23.429926 -15.843757
v 8.993134 23.428415 -15.917243
v 9.015258 23.420874 -15.903516
v 8.993134 23.428415 -15.917243
v 9.025962 23.429762 -15.835157
v 9.015258 23.420874 -15.903516
v 8.982053 23.419554 -15.934167
v 9.001226 23.408648 -15.918974
v 8.982053 23.419554 -15.934167
v 9.015258 23.420874 -15.903516
v 8.993134 23.428415 -15.917243
v 9.017204 23.42169 -15.799431
v 9.016122 23.42136 -15.835705
v 9.025962 23.429762 -15.835157
v 9.016122 23.42136 -15.835705
v 9.017204 23.42169 -15.799431
v 8.96412 23.407013 -15.944281
v 9.001226 23.408648 -15.918974
v 8.982053 23.419554 -15.934167
v 9.011167 23.409607 -15.854255
v 9.011167 23.409607 -15.854255
v 9.018276 23.40998 -15.818644
v 9.025316 23.40171 -15.841001
v 9.016122 23.42136 -15.835705
v 9.003868 23.420893 -15.869871
v 9.025962 23.429762 -15.835157
v 9.003868 23.420893 -15.869871
v 9.016122 23.42136 -15.835705
v 9.011167 23.409607 -15.854255
v 8.993412 23.408983 -15.885912
v 9.011167 23.409607 -15.854255
v 9.025316 23.40171 -15.841001
v 9.011167 23.409607 -15.854255
v 8.993412 23.408983 -15.885912
v 9.003868 23.420893 -15.869871
v 8.989818 23.4285 -15.904207
v 9.025962 23.429762 -15.835157
v 9.003868 23.420893 -15.869871
v 9.025962 23.429762 -15.835157
v 8.989818 23.4285 -15.904207
v 8.993134 23.428415 -15.917243
v 8.981655 23.420084 -15.898603
v 9.003868 23.420893 -15.869871
v 8.993412 23.408983 -15.885912
v 9.003868 23.420893 -15.869871
v 8.981655 23.420084 -15.898603
v 8.989818 23.4285 -15.904207
v 9.025316 23.40171 -15.841001
v 8.986014 23.400343 -15.907928
v 8.993412 23.408983 -15.885912
v 8.986014 23.400343 -15.907928
v 9.025316 23.40171 -15.841001
v 9.012954 23.401106 -15.895939
v 8.993412 23.408983 -15.885912
v 8.966821 23.407934 -15.910472
v 8.981655 23.420084 -15.898603
v 8.966821 23.407934 -15.910472
v 8.993412 23.408983 -15.885912
v 8.986014 23.400343 -15.907928
v 8.943913 23.398108 -15.945004
v 9.012954 23.401106 -15.895939
v 9.001226 23.408648 -15.918974
v 9.012954 23.401106 -15.895939
v 8.943913 23.398108 -15.945004
v 8.986014 23.400343 -15.907928
v 9.001226 23.408648 -15.918974
v 8.96412 23.407013 -15.944281
v 8.943913 23.398108 -15.945004
v 8.951578 23.418762 -15.919131
v 8.981655 23.420084 -15.898603
v 8.966821 23.407934 -15.910472
v 8.981655 23.420084 -15.898603
v 8.951578 23.418762 -15.919131
v 8.989818 23.4285 -15.904207
v 8.934023 23.406284 -15.925578
v 8.966821 23.407934 -15.910472
v 8.986014 23.400343 -15.907928
v 8.966821 23.407934 -15.910472
v 8.934023 23.406284 -15.925578
v 8.951578 23.418762 -15.919131
v 8.915375 23.396763 -15.938757
v 8.986014 23.400343 -15.907928
v 8.943913 23.398108 -15.945004
v 8.986014 23.400343 -15.907928
v 8.915375 23.396763 -15.938757
v 8.934023 23.406284 -15.925578
v 8.96412 23.407013 -15.944281
v 8.920956 23.404581 -15.956915
v 8.943913 23.398108 -15.945004
v 8.916586 23.416788 -15.929343
v 8.951578 23.418762 -15.919131
v 8.934023 23.406284 -15.925578
v 8.982053 23.419554 -15.934167
v 8.941053 23.4175 -15.953053
v 8.96412 23.407013 -15.944281
v 8.920956 23.404581 -15.956915
v 8.941053 23.4175 -15.953053
v 8.941053 23.4175 -15.953053
v 8.982053 23.419554 -15.934167
v 8.993134 23.428415 -15.917243
v 8.934023 23.406284 -15.925578
v 8.898176 23.403965 -15.929831
v 8.916586 23.416788 -15.929343
v 8.898176 23.403965 -15.929831
v 8.934023 23.406284 -15.925578
v 8.915375 23.396763 -15.938757
v 8.993134 23.428415 -15.917243
v 8.914769 23.424444 -15.951403
v 8.941053 23.4175 -15.953053
v 8.914769 23.424444 -15.951403
v 8.993134 23.428415 -15.917243
v 8.989818 23.4285 -15.904207
v 8.896181 23.414585 -15.958334
v 8.920956 23.404581 -15.956915
v 8.896181 23.414585 -15.958334
v 8.941053 23.4175 -15.953053
v 8.914769 23.424444 -15.951403
v 8.919565 23.425066 -15.938976
v 8.989818 23.4285 -15.904207
v 8.951578 23.418762 -15.919131
v 8.951578 23.418762 -15.919131
v 8.916586 23.416788 -15.929343
v 8.919565 23.425066 -15.938976
v 8.989818 23.4285 -15.904207
v 8.919565 23.425066 -15.938976
v 8.914769 23.424444 -15.951403
v 8.880214 23.414114 -15.928235
v 8.916586 23.416788 -15.929343
v 8.898176 23.403965 -15.929831
v 8.916586 23.416788 -15.929343
v 8.880214 23.414114 -15.928235
v 8.919565 23.425066 -15.938976
v 8.862847 23.400942 -15.922796
v 8.898176 23.403965 -15.929831
v 8.898176 23.403965 -15.929831
v 8.862847 23.400942 -15.922796
v 8.880214 23.414114 -15.928235
v 8.943913 23.398108 -15.945004
v 8.85969 23.392012 -15.943966
v 8.915375 23.396763 -15.938757
v 8.85969 23.392012 -15.943966
v 8.920956 23.404581 -15.956915
v 8.915375 23.396763 -15.938757
v 8.840664 23.390263 -15.922269
v 8.862847 23.400942 -15.922796
v 8.840664 23.390263 -15.922269
v 8.915375 23.396763 -15.938757
v 8.85969 23.392012 -15.943966
v 8.876223 23.401281 -15.955582
v 8.896181 23.414585 -15.958334
v 8.920956 23.404581 -15.956915
v 8.876223 23.401281 -15.955582
v 8.85969 23.392012 -15.943966
v 8.851974 23.4108 -15.949511
v 8.896181 23.414585 -15.958334
v 8.914769 23.424444 -15.951403
v 8.851974 23.4108 -15.949511
v 8.831131 23.417149 -15.932932
v 8.914769 23.424444 -15.951403
v 8.919565 23.425066 -15.938976
v 8.914769 23.424444 -15.951403
v 8.831131 23.417149 -15.932932
v 8.851974 23.4108 -15.949511
v 8.876223 23.401281 -15.955582
v 8.83407 23.39713 -15.940453
v 8.85969 23.392012 -15.943966
v 8.83407 23.39713 -15.940453
v 8.876223 23.401281 -15.955582
v 8.842074 23.418608 -15.925632
v 8.919565 23.425066 -15.938976
v 8.880214 23.414114 -15.928235
v 8.919565 23.425066 -15.938976
v 8.842074 23.418608 -15.925632
v 8.831131 23.417149 -15.932932
v 8.846025 23.410736 -15.915961
v 8.862847 23.400942 -15.922796
v 8.880214 23.414114 -15.928235
v 8.846025 23.410736 -15.915961
v 8.842074 23.418608 -15.925632
v 8.862847 23.400942 -15.922796
v 8.831509 23.397264 -15.905187
v 8.846025 23.410736 -15.915961
v 8.831509 23.397264 -15.905187
v 8.862847 23.400942 -15.922796
v 8.840664 23.390263 -15.922269
v 8.846025 23.410736 -15.915961
v 8.817269 23.406736 -15.893655
v 8.842074 23.418608 -15.925632
v 8.817269 23.406736 -15.893655
v 8.846025 23.410736 -15.915961
v 8.831509 23.397264 -15.905187
v 8.812623 23.406181 -15.927387
v 8.851974 23.4108 -15.949511
v 8.831131 23.417149 -15.932932
v 8.812623 23.406181 -15.927387
v 8.83407 23.39713 -15.940453
v 8.831509 23.397264 -15.905187
v 8.807261 23.393045 -15.878795
v 8.817269 23.406736 -15.893655
v 8.807261 23.393045 -15.878795
v 8.831509 23.397264 -15.905187
v 8.840664 23.390263 -15.922269
v 8.798929 23.392235 -15.913173
v 8.83407 23.39713 -15.940453
v 8.812623 23.406181 -15.927387
v 8.792852 23.382875 -15.893741
v 8.85969 23.392012 -15.943966
v 8.83407 23.39713 -15.940453
v 8.85969 23.392012 -15.943966
v 8.792852 23.382875 -15.893741
v 8.840664 23.390263 -15.922269
v 8.83407 23.39713 -15.940453
v 8.798929 23.392235 -15.913173
v 8.792852 23.382875 -15.893741
v 8.782168 23.400867 -15.894244
v 8.812623 23.406181 -15.927387
v 8.831131 23.417149 -15.932932
v 8.812623 23.406181 -15.927387
v 8.782168 23.400867 -15.894244
v 8.798929 23.392235 -15.913173
v 8.774472 23.406992 -15.868672
v 8.831131 23.417149 -15.932932
v 8.842074 23.418608 -15.925632
v 8.831131 23.417149 -15.932932
v 8.774472 23.406992 -15.868672
v 8.782168 23.400867 -15.894244
v 8.787302 23.409397 -15.868882
v 8.842074 23.418608 -15.925632
v 8.817269 23.406736 -15.893655
v 8.842074 23.418608 -15.925632
v 8.787302 23.409397 -15.868882
v 8.774472 23.406992 -15.868672
v 8.774046 23.38675 -15.876409
v 8.798929 23.392235 -15.913173
v 8.782168 23.400867 -15.894244
v 8.798929 23.392235 -15.913173
v 8.774046 23.38675 -15.876409
v 8.792852 23.382875 -15.893741
v 8.76354 23.395075 -15.853261
v 8.774472 23.406992 -15.868672
v 8.782168 23.400867 -15.894244
v 8.76354 23.395075 -15.853261
v 8.774046 23.38675 -15.876409
v 8.790509 23.381271 -15.865434
v 8.840664 23.390263 -15.922269
v 8.792852 23.382875 -15.893741
v 8.840664 23.390263 -15.922269
v 8.790509 23.381271 -15.865434
v 8.807261 23.393045 -15.878795
v 8.769032 23.371923 -15.814157
v 8.792852 23.382875 -15.893741
v 8.774046 23.38675 -15.876409
v 8.792852 23.382875 -15.893741
v 8.769032 23.371923 -15.814157
v 8.790509 23.381271 -15.865434
v 8.761882 23.380894 -15.833846
v 8.774046 23.38675 -15.876409
v 8.76354 23.395075 -15.853261
v 8.774046 23.38675 -15.876409
v 8.761882 23.380894 -15.833846
v 8.769032 23.371923 -15.814157
v 8.758615 23.389042 -15.808591
v 8.76354 23.395075 -15.853261
v 8.758615 23.389042 -15.808591
v 8.761882 23.380894 -15.833846
v 8.796904 23.402245 -15.863559
v 8.817269 23.406736 -15.893655
v 8.796904 23.402245 -15.863559
v 8.787302 23.409397 -15.868882
v 8.807261 23.393045 -15.878795
v 8.792465 23.388432 -15.84625
v 8.796904 23.402245 -15.863559
v 8.792465 23.388432 -15.84625
v 8.807261 23.393045 -15.878795
v 8.790509 23.381271 -15.865434
v 8.796904 23.402245 -15.863559
v 8.786885 23.397434 -15.828509
v 8.787302 23.409397 -15.868882
v 8.786885 23.397434 -15.828509
v 8.796904 23.402245 -15.863559
v 8.792465 23.388432 -15.84625
v 8.766788 23.395477 -15.783147
v 8.774472 23.406992 -15.868672
v 8.787302 23.409397 -15.868882
v 8.774472 23.406992 -15.868672
v 8.766788 23.395477 -15.783147
v 8.758615 23.389042 -15.808591
v 8.788544 23.383661 -15.81076
v 8.792465 23.388432 -15.84625
v 8.790509 23.381271 -15.865434
v 8.792465 23.388432 -15.84625
v 8.788544 23.383661 -15.81076
v 8.786885 23.397434 -15.828509
v 8.76358 23.374943 -15.789571
v 8.761882 23.380894 -15.833846
v 8.758615 23.389042 -15.808591
v 8.761882 23.380894 -15.833846
v 8.76358 23.374943 -15.789571
v 8.769032 23.371923 -15.814157
v 8.776925 23.398773 -15.790263
v 8.787302 23.409397 -15.868882
v 8.786885 23.397434 -15.828509
v 8.787302 23.409397 -15.868882
v 8.776925 23.398773 -15.790263
v 8.766788 23.395477 -15.783147
v 8.788285 23.392544 -15.792161
v 8.786885 23.397434 -15.828509
v 8.788544 23.383661 -15.81076
v 8.786885 23.397434 -15.828509
v 8.788285 23.392544 -15.792161
v 8.776925 23.398773 -15.790263
v 8.790509 23.381271 -15.865434
v 8.783737 23.37118 -15.79039
v 8.783737 23.37118 -15.79039
v 8.790509 23.381271 -15.865434
v 8.769032 23.371923 -15.814157
v 8.788544 23.383661 -15.81076
v 8.795901 23.378899 -15.775795
v 8.788285 23.392544 -15.792161
v 8.795901 23.378899 -15.775795
v 8.788544 23.383661 -15.81076
v 8.783737 23.37118 -15.79039
v 8.809743 23.385468 -15.742359
v 8.788285 23.392544 -15.792161
v 8.795901 23.378899 -15.775795
v 8.788285 23.392544 -15.792161
v 8.809743 23.385468 -15.742359
v 8.776925 23.398773 -15.790263
v 8.813784 23.374393 -15.744865
v 8.795901 23.378899 -15.775795
v 8.783737 23.37118 -15.79039
v 8.795901 23.378899 -15.775795
v 8.813784 23.374393 -15.744865
v 8.809743 23.385468 -15.742359
v 8.769032 23.371923 -15.814157
v 8.797182 23.361105 -15.736308
v 8.783737 23.37118 -15.79039
v 8.797182 23.361105 -15.736308
v 8.769032 23.371923 -15.814157
v 8.76358 23.374943 -15.789571
v 8.783737 23.37118 -15.79039
v 8.822553 23.361776 -15.726149
v 8.813784 23.374393 -15.744865
v 8.822553 23.361776 -15.726149
v 8.783737 23.37118 -15.79039
v 8.797182 23.361105 -15.736308
v 8.767889 23.383041 -15.764476
v 8.76358 23.374943 -15.789571
v 8.767889 23.383041 -15.764476
v 8.758615 23.389042 -15.808591
v 8.766788 23.395477 -15.783147
v 8.76358 23.374943 -15.789571
v 8.77898 23.369177 -15.748126
v 8.797182 23.361105 -15.736308
v 8.77898 23.369177 -15.748126
v 8.767889 23.383041 -15.764476
v 8.79748 23.375986 -15.716355
v 8.767889 23.383041 -15.764476
v 8.766788 23.395477 -15.783147
v 8.767889 23.383041 -15.764476
v 8.79748 23.375986 -15.716355
v 8.77898 23.369177 -15.748126
v 8.806457 23.363846 -15.713592
v 8.797182 23.361105 -15.736308
v 8.806457 23.363846 -15.713592
v 8.77898 23.369177 -15.748126
v 8.79748 23.375986 -15.716355
v 8.866014 23.35231 -15.690528
v 8.797182 23.361105 -15.736308
v 8.806457 23.363846 -15.713592
v 8.797182 23.361105 -15.736308
v 8.866014 23.35231 -15.690528
v 8.822553 23.361776 -15.726149
v 8.843335 23.359161 -15.689274
v 8.806457 23.363846 -15.713592
v 8.79748 23.375986 -15.716355
v 8.806457 23.363846 -15.713592
v 8.843335 23.359161 -15.689274
v 8.866014 23.35231 -15.690528
v 8.766788 23.395477 -15.783147
v 8.81142 23.384668 -15.709297
v 8.79748 23.375986 -15.716355
v 8.81142 23.384668 -15.709297
v 8.766788 23.395477 -15.783147
v 8.79748 23.375986 -15.716355
v 8.844049 23.36994 -15.684587
v 8.843335 23.359161 -15.689274
v 8.844049 23.36994 -15.684587
v 8.79748 23.375986 -15.716355
v 8.81142 23.384668 -15.709297
v 8.843335 23.359161 -15.689274
v 8.885914 23.355255 -15.677571
v 8.866014 23.35231 -15.690528
v 8.885914 23.355255 -15.677571
v 8.843335 23.359161 -15.689274
v 8.844049 23.36994 -15.684587
v 8.776925 23.398773 -15.790263
v 8.809317 23.389854 -15.728066
v 8.81142 23.384668 -15.709297
v 8.809317 23.389854 -15.728066
v 8.776925 23.398773 -15.790263
v 8.809743 23.385468 -15.742359
v 8.81142 23.384668 -15.709297
v 8.869034 23.378263 -15.681189
v 8.809317 23.389854 -15.728066
v 8.868855 23.38249 -15.690856
v 8.81142 23.384668 -15.709297
v 8.869034 23.378263 -15.681189
v 8.81142 23.384668 -15.709297
v 8.868855 23.38249 -15.690856
v 8.868855 23.38249 -15.690856
v 8.809317 23.389854 -15.728066
v 8.88781 23.365957 -15.67305
v 8.844049 23.36994 -15.684587
v 8.869034 23.378263 -15.681189
v 8.844049 23.36994 -15.684587
v 8.88781 23.365957 -15.67305
v 8.885914 23.355255 -15.677571
v 8.920916 23.374498 -15.677827
v 8.869034 23.378263 -15.681189
v 8.868855 23.38249 -15.690856
v 8.869034 23.378263 -15.681189
v 8.920916 23.374498 -15.677827
v 8.88781 23.365957 -15.67305
v 8.92024 23.358858 -15.674014
v 8.885914 23.355255 -15.677571
v 8.88781 23.365957 -15.67305
v 8.92024 23.358858 -15.674014
v 8.88781 23.365957 -15.67305
v 8.920916 23.374498 -15.677827
v 8.918314 23.34961 -15.695614
v 8.885914 23.355255 -15.677571
v 8.885914 23.355255 -15.677571
v 8.92024 23.358858 -15.674014
v 8.918314 23.34961 -15.695614
v 8.8723 23.356249 -15.701878
v 8.866014 23.35231 -15.690528
v 8.8723 23.356249 -15.701878
v 8.822553 23.361776 -15.726149
v 8.866014 23.35231 -15.690528
v 8.918314 23.34961 -15.695614
v 8.92024 23.358858 -15.674014
v 8.918811 23.363913 -15.703314
v 8.8723 23.356249 -15.701878
v 8.918314 23.34961 -15.695614
v 8.918811 23.363913 -15.703314
v 8.920916 23.374498 -15.677827
v 8.822553 23.361776 -15.726149
v 8.8723 23.356249 -15.701878
v 8.873174 23.366861 -15.706581
v 8.918811 23.363913 -15.703314
v 8.873174 23.366861 -15.706581
v 8.868855 23.38249 -15.690856
v 8.92025 23.377518 -15.696578
v 8.920916 23.374498 -15.677827
v 8.92025 23.377518 -15.696578
v 8.918811 23.363913 -15.703314
v 8.92025 23.377518 -15.696578
v 8.87075 23.37766 -15.701606
v 8.92025 23.377518 -15.696578
v 8.87075 23.37766 -15.701606
v 8.918811 23.363913 -15.703314
v 8.873174 23.366861 -15.706581
v 8.918811 23.363913 -15.703314
v 8.87075 23.37766 -15.701606
v 8.809743 23.385468 -15.742359
v 8.87075 23.37766 -15.701606
v 8.868855 23.38249 -15.690856
v 8.873174 23.366861 -15.706581
v 8.840405 23.370337 -15.72102
v 8.822553 23.361776 -15.726149
v 8.840405 23.370337 -15.72102
v 8.873174 23.366861 -15.706581
v 8.87075 23.37766 -15.701606
v 8.87075 23.37766 -15.701606
v 8.809743 23.385468 -15.742359
v 8.840405 23.370337 -15.72102
v 8.840405 23.370337 -15.72102
v 8.813784 23.374393 -15.744865
v 8.822553 23.361776 -15.726149
v 8.813784 23.374393 -15.744865
v 8.840405 23.370337 -15.72102
v 8.809743 23.385468 -15.742359
v 9.010959 24.003914 -15.691499
v 8.885338 24.000418 -15.638121
v 8.922802 24.01132 -15.733474
v 8.845161 24.011677 -15.747702
v 8.922802 24.01132 -15.733474
v 8.885338 24.000418 -15.638121
v 8.96266 24.015017 -15.801479
v 8.845161 24.011677 -15.747702
v 8.836146 24.01676 -15.845931
v 8.922802 24.01132 -15.733474
v 8.836146 24.01676 -15.845931
v 8.797222 24.003725 -15.688516
v 8.845161 24.011677 -15.747702
v 8.752171 24.008451 -15.781722
v 8.836146 24.01676 -15.845931
v 8.797222 24.003725 -15.688516
v 8.752171 24.008451 -15.781722
v 8.896607 24.018156 -15.915112
v 8.667728 23.991816 -15.686213
v 8.752171 24.008451 -15.781722
v 8.673805 24.00412 -15.883654
v 8.708947 23.987474 -15.61656
v 8.667728 23.991816 -15.686213
v 8.797222 24.003725 -15.688516
v 8.673805 24.00412 -15.883654
v 8.719114 24.008287 -15.950623
v 8.896607 24.018156 -15.915112
v 8.719114 24.008287 -15.950623
v 8.770103 23.984165 -15.563558
v 8.708947 23.987474 -15.61656
v 8.885338 24.000418 -15.638121
v 8.770103 23.984165 -15.563558
v 8.646539 23.998026 -15.796794
v 8.646539 23.998026 -15.796794
v 8.752171 24.008451 -15.781722
v 8.708947 23.987474 -15.61656
v 8.770103 23.984165 -15.563558
v 8.743671 23.976675 -15.565903
v 8.667728 23.991816 -15.686213
v 8.708947 23.987474 -15.61656
v 8.697438 23.979416 -15.608782
v 8.743671 23.976675 -15.565903
v 8.697438 23.979416 -15.608782
v 8.708947 23.987474 -15.61656
v 8.646539 23.998026 -15.796794
v 8.667728 23.991816 -15.686213
v 8.654204 23.984016 -15.682467
v 8.697438 23.979416 -15.608782
v 8.654204 23.984016 -15.682467
v 8.667728 23.991816 -15.686213
v 8.646539 23.998026 -15.796794
v 8.654165 23.99575 -15.871847
v 8.673805 24.00412 -15.883654
v 8.654204 23.984016 -15.682467
v 8.697438 23.979416 -15.608782
v 8.679634 23.96179 -15.625782
v 8.654165 23.99575 -15.871847
v 8.682593 23.99932 -15.928145
v 8.719114 24.008287 -15.950623
v 8.673805 24.00412 -15.883654
v 8.682593 23.99932 -15.928145
v 8.654165 23.99575 -15.871847
v 8.63786 23.985624 -15.832281
v 8.636589 23.989214 -15.766006
v 8.646539 23.998026 -15.796794
v 8.636589 23.989214 -15.766006
v 8.63786 23.985624 -15.832281
v 8.646539 23.998026 -15.796794
v 8.682593 23.99932 -15.928145
v 8.654165 23.99575 -15.871847
v 8.649339 23.977358 -15.875582
v 8.63786 23.985624 -15.832281
v 8.649339 23.977358 -15.875582
v 8.654165 23.99575 -15.871847
v 8.636589 23.989214 -15.766006
v 8.654204 23.984016 -15.682467
v 8.642359 23.966684 -15.704274
v 8.63786 23.985624 -15.832281
v 8.631903 23.972044 -15.790488
v 8.657819 23.96414 -15.663521
v 8.642359 23.966684 -15.704274
v 8.654204 23.984016 -15.682467
v 8.679634 23.96179 -15.625782
v 8.657819 23.96414 -15.663521
v 8.642359 23.966684 -15.704274
v 8.63364 23.969347 -15.74693
v 8.63364 23.969347 -15.74693
v 8.631903 23.972044 -15.790488
v 8.636589 23.989214 -15.766006
v 8.642359 23.966684 -15.704274
v 8.657819 23.96414 -15.663521
v 8.658285 23.948698 -15.68878
v 8.642359 23.966684 -15.704274
v 8.658285 23.948698 -15.68878
v 8.657819 23.96414 -15.663521
v 8.679634 23.96179 -15.625782
v 8.69997 23.944178 -15.616222
v 8.69997 23.944178 -15.616222
v 8.657819 23.96414 -15.663521
v 8.631903 23.972044 -15.790488
v 8.63364 23.969347 -15.74693
v 8.641733 23.953825 -15.770821
v 8.658285 23.948698 -15.68878
v 8.641733 23.953825 -15.770821
v 8.631903 23.972044 -15.790488
v 8.642815 23.961779 -15.834566
v 8.63786 23.985624 -15.832281
v 8.642815 23.961779 -15.834566
v 8.631903 23.972044 -15.790488
v 8.679634 23.96179 -15.625782
v 8.707229 23.959692 -15.592045
v 8.69997 23.944178 -15.616222
v 8.697438 23.979416 -15.608782
v 8.658285 23.948698 -15.68878
v 8.69997 23.944178 -15.616222
v 8.739709 23.923855 -15.626334
v 8.739878 23.95789 -15.563155
v 8.707229 23.959692 -15.592045
v 8.697438 23.979416 -15.608782
v 8.743671 23.976675 -15.565903
v 8.739878 23.95789 -15.563155
v 8.746243 23.941582 -15.572638
v 8.69997 23.944178 -15.616222
v 8.707229 23.959692 -15.592045
v 8.707229 23.959692 -15.592045
v 8.746243 23.941582 -15.572638
v 8.69997 23.944178 -15.616222
v 8.746243 23.941582 -15.572638
v 8.739709 23.923855 -15.626334
v 8.776796 23.956438 -15.539835
v 8.739878 23.95789 -15.563155
v 8.743671 23.976675 -15.565903
v 8.799704 23.939491 -15.54092
v 8.739878 23.95789 -15.563155
v 8.776796 23.956438 -15.539835
v 8.799704 23.939491 -15.54092
v 8.743671 23.976675 -15.565903
v 8.799892 23.974695 -15.532914
v 8.776796 23.956438 -15.539835
v 8.799892 23.974695 -15.532914
v 8.743671 23.976675 -15.565903
v 8.770103 23.984165 -15.563558
v 8.816902 23.955362 -15.522759
v 8.799704 23.939491 -15.54092
v 8.816902 23.955362 -15.522759
v 8.776796 23.956438 -15.539835
v 8.799892 23.974695 -15.532914
v 8.746243 23.941582 -15.572638
v 8.799704 23.939491 -15.54092
v 8.830863 23.920204 -15.568548
v 8.830863 23.920204 -15.568548
v 8.739709 23.923855 -15.626334
v 8.746243 23.941582 -15.572638
v 8.86096 23.938536 -15.523797
v 8.816902 23.955362 -15.522759
v 8.799704 23.939491 -15.54092
v 8.86096 23.938536 -15.523797
v 8.859303 23.954725 -15.512314
v 8.816902 23.955362 -15.522759
v 8.859303 23.954725 -15.512314
v 8.86096 23.938536 -15.523797
v 8.770103 23.984165 -15.563558
v 8.844913 23.982252 -15.532646
v 8.799892 23.974695 -15.532914
v 8.844913 23.982252 -15.532646
v 8.799892 23.974695 -15.532914
v 8.883034 23.973442 -15.512985
v 8.883034 23.973442 -15.512985
v 8.799892 23.974695 -15.532914
v 8.844913 23.982252 -15.532646
v 8.925712 23.981882 -15.526907
v 8.925712 23.981882 -15.526907
v 8.883034 23.973442 -15.512985
v 8.998923 23.984146 -15.547731
v 8.925712 23.981882 -15.526907
v 8.885338 24.000418 -15.638121
v 8.998923 23.984146 -15.547731
v 8.968241 23.973907 -15.520369
v 8.883034 23.973442 -15.512985
v 8.925712 23.981882 -15.526907
v 8.998923 23.984146 -15.547731
v 8.968241 23.973907 -15.520369
v 8.902784 23.954496 -15.508795
v 8.883034 23.973442 -15.512985
v 8.946316 23.954721 -15.512283
v 8.968241 23.973907 -15.520369
v 8.946316 23.954721 -15.512283
v 8.92315 23.938221 -15.520504
v 8.92315 23.938221 -15.520504
v 8.92315 23.938221 -15.520504
v 8.86096 23.938536 -15.523797
v 8.988667 23.955359 -15.522691
v 8.968241 23.973907 -15.520369
v 8.86096 23.938536 -15.523797
v 8.92315 23.938221 -15.520504
v 8.920856 23.920454 -15.556476
v 8.920856 23.920454 -15.556476
v 8.830863 23.920204 -15.568548
v 8.9853 23.939163 -15.533757
v 8.92315 23.938221 -15.520504
v 8.946316 23.954721 -15.512283
v 8.946316 23.954721 -15.512283
v 8.988667 23.955359 -15.522691
v 8.9853 23.939163 -15.533757
v 8.991357 23.921522 -15.573741
v 8.92315 23.938221 -15.520504
v 8.92315 23.938221 -15.520504
v 8.9853 23.939163 -15.533757
v 8.991357 23.921522 -15.573741
v 8.830863 23.920204 -15.568548
v 8.891842 23.892591 -15.631177
v 9.041909 23.940674 -15.559661
v 8.9853 23.939163 -15.533757
v 8.988667 23.955359 -15.522691
v 8.9853 23.939163 -15.533757
v 9.041909 23.940674 -15.559661
v 8.991357 23.921522 -15.573741
v 9.028861 23.956434 -15.539765
v 8.988667 23.955359 -15.522691
v 8.968241 23.973907 -15.520369
v 8.988667 23.955359 -15.522691
v 9.028861 23.956434 -15.539765
v 9.041909 23.940674 -15.559661
v 8.968241 23.973907 -15.520369
v 9.026955 23.975313 -15.543722
v 9.028861 23.956434 -15.539765
v 9.026955 23.975313 -15.543722
v 8.968241 23.973907 -15.520369
v 8.998923 23.984146 -15.547731
v 9.065741 23.95788 -15.563018
v 9.028861 23.956434 -15.539765
v 9.026955 23.975313 -15.543722
v 9.028861 23.956434 -15.539765
v 9.065741 23.95788 -15.563018
v 9.041909 23.940674 -15.559661
v 9.080873 23.977627 -15.580229
v 9.026955 23.975313 -15.543722
v 8.998923 23.984146 -15.547731
v 9.080873 23.977627 -15.580229
v 9.072195 23.98587 -15.590921
v 9.080873 23.977627 -15.580229
v 9.098429 23.959671 -15.591908
v 9.065741 23.95788 -15.563018
v 9.080873 23.977627 -15.580229
v 9.122746 23.989805 -15.654041
v 9.072195 23.98587 -15.590921
v 9.065741 23.95788 -15.563018
v 9.098429 23.959671 -15.591908
v 9.104824 23.944103 -15.614994
v 9.104824 23.944103 -15.614994
v 9.041909 23.940674 -15.559661
v 9.065741 23.95788 -15.563018
v 9.126034 23.96176 -15.625624
v 9.098429 23.959671 -15.591908
v 9.080873 23.977627 -15.580229
v 9.098429 23.959671 -15.591908
v 9.126034 23.96176 -15.625624
v 9.104824 23.944103 -15.614994
v 9.134592 23.98179 -15.646729
v 9.080873 23.977627 -15.580229
v 9.072195 23.98587 -15.590921
v 9.080873 23.977627 -15.580229
v 9.134592 23.98179 -15.646729
v 9.126034 23.96176 -15.625624
v 9.072195 23.98587 -15.590921
v 9.122746 23.989805 -15.654041
v 9.134592 23.98179 -15.646729
v 9.138287 23.947567 -15.668911
v 9.104824 23.944103 -15.614994
v 9.126034 23.96176 -15.625624
v 9.147868 23.964117 -15.663335
v 9.134592 23.98179 -15.646729
v 9.147868 23.964117 -15.663335
v 9.138287 23.947567 -15.668911
v 9.158354 23.985365 -15.705088
v 9.134592 23.98179 -15.646729
v 9.122746 23.989805 -15.654041
v 9.163369 23.966671 -15.704086
v 9.134592 23.98179 -15.646729
v 9.158354 23.985365 -15.705088
v 9.163369 23.966671 -15.704086
v 9.158772 23.951122 -15.72759
v 9.138287 23.947567 -15.668911
v 9.147868 23.964117 -15.663335
v 9.163369 23.966671 -15.704086
v 9.158772 23.951122 -15.72759
v 9.104824 23.944103 -15.614994
v 9.138287 23.947567 -15.668911
v 9.119341 23.929562 -15.718616
v 9.138287 23.947567 -15.668911
v 9.158772 23.951122 -15.72759
v 9.119341 23.929562 -15.718616
v 9.041909 23.940674 -15.559661
v 9.104824 23.944103 -15.614994
v 9.078083 23.925573 -15.638536
v 9.119341 23.929562 -15.718616
v 9.078083 23.925573 -15.638536
v 9.104824 23.944103 -15.614994
v 9.078083 23.925573 -15.638536
v 9.041045 23.922346 -15.607199
v 9.041045 23.922346 -15.607199
v 9.041909 23.940674 -15.559661
v 9.042515 23.897959 -15.719112
v 9.042515 23.897959 -15.719112
v 9.041045 23.922346 -15.607199
v 9.078083 23.925573 -15.638536
v 8.995259 23.894283 -15.66106
v 9.042515 23.897959 -15.719112
v 8.991357 23.921522 -15.573741
v 8.940805 23.892874 -15.635517
v 8.995259 23.894283 -15.66106
v 8.940805 23.892874 -15.635517
v 8.940805 23.892874 -15.635517
v 8.891842 23.892591 -15.631177
v 8.920856 23.920454 -15.556476
v 8.995259 23.894283 -15.66106
v 8.964983 23.864365 -15.688844
v 8.891842 23.892591 -15.631177
v 8.922207 23.863192 -15.671834
v 8.964983 23.864365 -15.688844
v 8.922207 23.863192 -15.671834
v 8.940805 23.892874 -15.635517
v 8.992498 23.865904 -15.713431
v 8.992498 23.865904 -15.713431
v 8.964983 23.864365 -15.688844
v 8.995259 23.894283 -15.66106
v 9.056158 23.901812 -15.778847
v 9.042515 23.897959 -15.719112
v 8.964983 23.864365 -15.688844
v 8.992498 23.865904 -15.713431
v 8.975798 23.824877 -15.728305
v 9.127761 23.9362 -15.808813
v 9.056158 23.901812 -15.778847
v 9.127761 23.9362 -15.808813
v 9.119341 23.929562 -15.718616
v 9.158772 23.951122 -15.72759
v 9.010859 23.867891 -15.745475
v 9.056158 23.901812 -15.778847
v 9.018555 23.870628 -15.79126
v 9.018555 23.870628 -15.79126
v 9.010859 23.867891 -15.745475
v 8.992498 23.865904 -15.713431
v 9.010859 23.867891 -15.745475
v 8.9937 23.832796 -15.753731
v 8.975798 23.824877 -15.728305
v 8.992498 23.865904 -15.713431
v 9.000323 23.834995 -15.792149
v 9.010859 23.867891 -15.745475
v 9.018555 23.870628 -15.79126
v 9.000323 23.834995 -15.792149
v 8.9937 23.832796 -15.753731
v 8.989618 23.800299 -15.765012
v 9.000323 23.834995 -15.792149
v 8.952999 23.82362 -15.708356
v 8.964983 23.864365 -15.688844
v 8.922207 23.863192 -15.671834
v 8.952999 23.82362 -15.708356
v 9.046368 23.90544 -15.839432
v 9.046368 23.90544 -15.839432
v 9.056158 23.901812 -15.778847
v 9.127761 23.9362 -15.808813
v 8.990513 23.83752 -15.829687
v 9.018555 23.870628 -15.79126
v 9.006768 23.873512 -15.835632
v 9.046368 23.90544 -15.839432
v 9.018555 23.870628 -15.79126
v 9.006768 23.873512 -15.835632
v 8.990513 23.83752 -15.829687
v 8.982281 23.782068 -15.825891
v 8.971428 23.83265 -15.85338
v 8.990513 23.83752 -15.829687
v 9.006768 23.873512 -15.835632
v 8.971428 23.83265 -15.85338
v 8.982281 23.782068 -15.825891
v 8.990513 23.83752 -15.829687
v 8.985618 23.875387 -15.865871
v 9.006768 23.873512 -15.835632
v 9.046368 23.90544 -15.839432
v 8.985618 23.875387 -15.865871
v 8.971428 23.83265 -15.85338
v 8.982281 23.782068 -15.825891
v 8.989023 23.780102 -15.802287
v 8.989023 23.780102 -15.802287
v 8.974824 23.779814 -15.841336
v 8.989023 23.780102 -15.802287
v 8.988656 23.775633 -15.774271
v 8.989618 23.800299 -15.765012
v 8.974824 23.779814 -15.841336
v 8.984694 23.76918 -15.838985
v 8.989023 23.780102 -15.802287
v 8.982281 23.782068 -15.825891
v 8.984694 23.76918 -15.838985
v 8.988656 23.775633 -15.774271
v 8.980712 23.771618 -15.750992
v 8.975798 23.824877 -15.728305
v 8.980712 23.771618 -15.750992
v 8.989023 23.780102 -15.802287
v 8.99665 23.765688 -15.782332
v 8.99665 23.765688 -15.782332
v 8.980712 23.771618 -15.750992
v 8.988656 23.775633 -15.774271
v 8.984694 23.76918 -15.838985
v 8.993641 23.76766 -15.818527
v 8.99665 23.765688 -15.782332
v 8.980712 23.771618 -15.750992
v 8.961001 23.772638 -15.726324
v 8.952999 23.82362 -15.708356
v 8.975798 23.824877 -15.728305
v 8.961001 23.772638 -15.726324
v 8.99665 23.765688 -15.782332
v 8.993641 23.76766 -15.818527
v 9.007284 23.76484 -15.834014
v 8.993641 23.76766 -15.818527
v 8.984694 23.76918 -15.838985
v 9.007284 23.76484 -15.834014
v 8.961001 23.772638 -15.726324
v 8.980712 23.771618 -15.750992
v 8.963326 23.765516 -15.722791
v 8.965102 23.777193 -15.853805
v 8.984694 23.76918 -15.838985
v 8.965102 23.777193 -15.853805
v 8.974824 23.779814 -15.841336
v 8.961001 23.772638 -15.726324
v 8.9373 23.771719 -15.711308
v 8.952999 23.82362 -15.708356
v 8.9373 23.771719 -15.711308
v 8.961001 23.772638 -15.726324
v 8.963326 23.765516 -15.722791
v 8.925047 23.822882 -15.696652
v 8.9373 23.771719 -15.711308
v 8.952999 23.82362 -15.708356
v 8.925047 23.822882 -15.696652
v 8.922207 23.863192 -15.671834
v 8.963326 23.765516 -15.722791
v 8.980712 23.771618 -15.750992
v 8.977426 23.761578 -15.729537
v 8.99665 23.765688 -15.782332
v 8.977426 23.761578 -15.729537
v 8.980712 23.771618 -15.750992
v 8.963326 23.765516 -15.722791
v 8.930438 23.76064 -15.702188
v 8.9373 23.771719 -15.711308
v 8.977426 23.761578 -15.729537
v 8.930438 23.76064 -15.702188
v 8.963326 23.765516 -15.722791
v 8.910112 23.77129 -15.70458
v 8.910112 23.77129 -15.70458
v 8.9373 23.771719 -15.711308
v 8.930438 23.76064 -15.702188
v 8.925047 23.822882 -15.696652
v 8.901722 23.822866 -15.694274
v 8.922207 23.863192 -15.671834
v 8.901722 23.822866 -15.694274
v 8.925047 23.822882 -15.696652
v 8.910112 23.77129 -15.70458
v 8.875834 23.863432 -15.673958
v 8.922207 23.863192 -15.671834
v 8.901722 23.822866 -15.694274
v 8.922207 23.863192 -15.671834
v 8.875834 23.863432 -15.673958
v 8.891842 23.892591 -15.631177
v 8.879777 23.822899 -15.69689
v 8.901722 23.822866 -15.694274
v 8.910112 23.77129 -15.70458
v 8.901722 23.822866 -15.694274
v 8.879777 23.822899 -15.69689
v 8.875834 23.863432 -15.673958
v 8.843941 23.893314 -15.642525
v 8.875834 23.863432 -15.673958
v 8.843941 23.893314 -15.642525
v 8.739709 23.923855 -15.626334
v 8.841726 23.864332 -15.68827
v 8.879777 23.822899 -15.69689
v 8.875834 23.863432 -15.673958
v 8.841726 23.864332 -15.68827
v 8.843941 23.893314 -15.642525
v 8.792773 23.8953 -15.676468
v 8.739709 23.923855 -15.626334
v 8.792773 23.8953 -15.676468
v 8.843941 23.893314 -15.642525
v 8.841726 23.864332 -15.68827
v 8.882101 23.771421 -15.706779
v 8.691083 23.929502 -15.701947
v 8.739709 23.923855 -15.626334
v 8.739709 23.923855 -15.626334
v 8.691083 23.929502 -15.701947
v 8.658285 23.948698 -15.68878
v 8.641733 23.953825 -15.770821
v 8.658285 23.948698 -15.68878
v 8.691083 23.929502 -15.701947
v 8.879777 23.822899 -15.69689
v 8.851944 23.82366 -15.70889
v 8.841726 23.864332 -15.68827
v 8.851944 23.82366 -15.70889
v 8.882101 23.771421 -15.706779
v 8.691083 23.929502 -15.701947
v 8.676606 23.933949 -15.772946
v 8.641733 23.953825 -15.770821
v 8.642815 23.961779 -15.834566
v 8.641733 23.953825 -15.770821
v 8.676606 23.933949 -15.772946
v 8.759966 23.898651 -15.728422
v 8.676606 23.933949 -15.772946
v 8.691083 23.929502 -15.701947
v 8.841726 23.864332 -15.68827
v 8.813923 23.865856 -15.712638
v 8.759966 23.898651 -15.728422
v 8.792773 23.8953 -15.676468
v 8.813923 23.865856 -15.712638
v 8.813923 23.865856 -15.712638
v 8.841726 23.864332 -15.68827
v 8.851944 23.82366 -15.70889
v 8.759966 23.898651 -15.728422
v 8.749728 23.90166 -15.776399
v 8.676606 23.933949 -15.772946
v 8.813923 23.865856 -15.712638
v 8.795315 23.867823 -15.744473
v 8.759966 23.898651 -15.728422
v 8.759966 23.898651 -15.728422
v 8.795315 23.867823 -15.744473
v 8.827805 23.831099 -15.726597
v 8.813923 23.865856 -15.712638
v 8.795315 23.867823 -15.744473
v 8.813923 23.865856 -15.712638
v 8.827805 23.831099 -15.726597
v 8.676606 23.933949 -15.772946
v 8.692195 23.93853 -15.862241
v 8.642815 23.961779 -15.834566
v 8.692195 23.93853 -15.862241
v 8.676606 23.933949 -15.772946
v 8.749728 23.90166 -15.776399
v 8.812196 23.832767 -15.753455
v 8.795315 23.867823 -15.744473
v 8.787173 23.87054 -15.789703
v 8.749728 23.90166 -15.776399
v 8.787173 23.87054 -15.789703
v 8.795315 23.867823 -15.744473
v 8.812196 23.832767 -15.753455
v 8.828639 23.798658 -15.738818
v 8.827805 23.831099 -15.726597
v 8.828639 23.798658 -15.738818
v 8.755279 23.904682 -15.82514
v 8.749728 23.90166 -15.776399
v 8.787173 23.87054 -15.789703
v 8.749728 23.90166 -15.776399
v 8.755279 23.904682 -15.82514
v 8.692195 23.93853 -15.862241
v 8.80591 23.834679 -15.783918
v 8.787173 23.87054 -15.789703
v 8.856244 23.772108 -15.717731
v 8.828639 23.798658 -15.738818
v 8.817548 23.779016 -15.776912
v 8.812196 23.832767 -15.753455
v 8.817548 23.779016 -15.776912
v 8.856244 23.772108 -15.717731
v 8.882101 23.771421 -15.706779
v 8.887423 23.760529 -15.69933
v 8.882101 23.771421 -15.706779
v 8.910112 23.77129 -15.70458
v 8.887423 23.760529 -15.69933
v 8.887423 23.760529 -15.69933
v 8.856244 23.772108 -15.717731
v 8.835203 23.773268 -15.736275
v 8.828639 23.798658 -15.738818
v 8.887423 23.760529 -15.69933
v 8.847387 23.761618 -15.716306
v 8.856244 23.772108 -15.717731
v 8.835203 23.773268 -15.736275
v 8.856244 23.772108 -15.717731
v 8.847387 23.761618 -15.716306
v 8.835203 23.773268 -15.736275
v 8.821122 23.774782 -15.760525
v 8.828639 23.798658 -15.738818
v 8.817548 23.779016 -15.776912
v 8.828639 23.798658 -15.738818
v 8.821122 23.774782 -15.760525
v 8.847387 23.761618 -15.716306
v 8.823863 23.763037 -15.740783
v 8.835203 23.773268 -15.736275
v 8.821122 23.774782 -15.760525
v 8.835203 23.773268 -15.736275
v 8.823863 23.763037 -15.740783
v 8.817548 23.779016 -15.776912
v 8.821122 23.774782 -15.760525
v 8.812037 23.769058 -15.78172
v 8.817548 23.779016 -15.776912
v 8.816674 23.780054 -15.801525
v 8.80591 23.834679 -15.783918
v 8.816674 23.780054 -15.801525
v 8.817548 23.779016 -15.776912
v 8.812037 23.769058 -15.78172
v 8.80591 23.834679 -15.783918
v 8.81163 23.836874 -15.822307
v 8.787173 23.87054 -15.789703
v 8.816674 23.780054 -15.801525
v 8.787173 23.87054 -15.789703
v 8.802237 23.873863 -15.842904
v 8.802237 23.873863 -15.842904
v 8.81163 23.836874 -15.822307
v 8.773092 23.907583 -15.866068
v 8.755279 23.904682 -15.82514
v 8.802237 23.873863 -15.842904
v 8.755279 23.904682 -15.82514
v 8.692195 23.93853 -15.862241
v 8.816674 23.780054 -15.801525
v 8.821678 23.781261 -15.821288
v 8.81163 23.836874 -15.822307
v 8.830178 23.832504 -15.849199
v 8.802237 23.873863 -15.842904
v 8.821678 23.781261 -15.821288
v 8.830178 23.832504 -15.849199
v 8.800965 23.909094 -15.89879
v 8.773092 23.907583 -15.866068
v 8.802237 23.873863 -15.842904
v 8.821678 23.781261 -15.821288
v 8.816674 23.780054 -15.801525
v 8.815304 23.768515 -15.826918
v 8.812037 23.769058 -15.78172
v 8.815304 23.768515 -15.826918
v 8.830804 23.77981 -15.841109
v 8.830804 23.77981 -15.841109
v 8.815304 23.768515 -15.826918
v 8.833187 23.876102 -15.877377
v 8.802237 23.873863 -15.842904
v 8.833187 23.876102 -15.877377
v 8.800965 23.909094 -15.89879
v 8.848191 23.834421 -15.865649
v 8.830178 23.832504 -15.849199
v 8.830804 23.77981 -15.841109
v 8.830178 23.832504 -15.849199
v 8.833187 23.876102 -15.877377
v 8.753839 23.94406 -15.950823
v 8.841558 23.777233 -15.854628
v 8.848191 23.834421 -15.865649
v 8.815304 23.768515 -15.826918
v 8.841558 23.777233 -15.854628
v 8.830804 23.77981 -15.841109
v 8.865846 23.877193 -15.89471
v 8.833187 23.876102 -15.877377
v 8.848191 23.834421 -15.865649
v 8.853186 23.911114 -15.92854
v 8.800965 23.909094 -15.89879
v 8.833187 23.876102 -15.877377
v 8.833187 23.876102 -15.877377
v 8.865846 23.877193 -15.89471
v 8.853186 23.911114 -15.92854
v 8.866838 23.834177 -15.875958
v 8.841558 23.777233 -15.854628
v 8.848191 23.834421 -15.865649
v 8.866838 23.834177 -15.875958
v 8.865846 23.877193 -15.89471
v 8.831489 23.947897 -15.996332
v 8.831489 23.947897 -15.996332
v 8.753839 23.94406 -15.950823
v 8.901662 23.911644 -15.936825
v 8.853186 23.911114 -15.92854
v 8.865846 23.877193 -15.89471
v 8.903221 23.948603 -16.00782
v 8.853186 23.911114 -15.92854
v 8.901662 23.911644 -15.936825
v 8.903221 23.948603 -16.00782
v 8.782168 23.968853 -16.011868
v 8.865846 23.877193 -15.89471
v 8.911393 23.877476 -15.90104
v 8.901662 23.911644 -15.936825
v 8.911393 23.877476 -15.90104
v 8.865846 23.877193 -15.89471
v 8.866838 23.834177 -15.875958
v 8.753839 23.94406 -15.950823
v 8.714984 23.96572 -15.96179
v 8.714984 23.96572 -15.96179
v 8.667143 23.961443 -15.893088
v 8.667143 23.961443 -15.893088
v 8.642815 23.961779 -15.834566
v 8.667143 23.961443 -15.893088
v 8.668046 23.979826 -15.914896
v 8.649339 23.977358 -15.875582
v 8.667143 23.961443 -15.893088
v 8.649339 23.977358 -15.875582
v 8.668046 23.979826 -15.914896
v 8.682593 23.99932 -15.928145
v 8.69287 23.982058 -15.950752
v 8.668046 23.979826 -15.914896
v 8.667143 23.961443 -15.893088
v 8.668046 23.979826 -15.914896
v 8.69287 23.982058 -15.950752
v 8.682593 23.99932 -15.928145
v 8.714984 23.96572 -15.96179
v 8.69287 23.982058 -15.950752
v 8.741446 24.00318 -15.990057
v 8.682593 23.99932 -15.928145
v 8.682593 23.99932 -15.928145
v 8.741446 24.00318 -15.990057
v 8.719114 24.008287 -15.950623
v 8.723106 23.984013 -15.982151
v 8.69287 23.982058 -15.950752
v 8.714984 23.96572 -15.96179
v 8.69287 23.982058 -15.950752
v 8.723106 23.984013 -15.982151
v 8.741446 24.00318 -15.990057
v 8.758019 23.985634 -16.008316
v 8.723106 23.984013 -15.982151
v 8.714984 23.96572 -15.96179
v 8.723106 23.984013 -15.982151
v 8.758019 23.985634 -16.008316
v 8.741446 24.00318 -15.990057
v 8.714984 23.96572 -15.96179
v 8.782168 23.968853 -16.011868
v 8.758019 23.985634 -16.008316
v 8.810001 24.01176 -16.017118
v 8.741446 24.00318 -15.990057
v 8.810001 24.01176 -16.017118
v 8.798184 24.005108 -16.022173
v 8.741446 24.00318 -15.990057
v 8.758019 23.985634 -16.008316
v 8.741446 24.00318 -15.990057
v 8.798184 24.005108 -16.022173
v 8.796666 23.986897 -16.028543
v 8.782168 23.968853 -16.011868
v 8.758019 23.985634 -16.008316
v 8.796666 23.986897 -16.028543
v 8.798184 24.005108 -16.022173
v 8.840485 23.974478 -16.038073
v 8.796666 23.986897 -16.028543
v 8.782168 23.968853 -16.011868
v 8.840485 23.974478 -16.038073
v 8.782168 23.968853 -16.011868
v 8.837646 23.998627 -16.040705
v 8.796666 23.986897 -16.028543
v 8.840485 23.974478 -16.038073
v 8.837646 23.998627 -16.040705
v 8.837646 23.998627 -16.040705
v 8.903698 23.970673 -16.041344
v 8.831489 23.947897 -15.996332
v 8.831489 23.947897 -15.996332
v 8.903221 23.948603 -16.00782
v 8.903698 23.970673 -16.041344
v 8.881167 23.98818 -16.049307
v 8.837646 23.998627 -16.040705
v 8.840485 23.974478 -16.038073
v 8.903698 23.970673 -16.041344
v 8.881167 23.98818 -16.049307
v 8.880919 24.006392 -16.042698
v 8.810001 24.01176 -16.017118
v 8.837646 23.998627 -16.040705
v 8.837646 23.998627 -16.040705
v 8.881167 23.98818 -16.049307
v 8.880919 24.006392 -16.042698
v 8.810001 24.01176 -16.017118
v 8.880919 24.006392 -16.042698
v 8.900491 24.013214 -16.029818
v 8.810001 24.01176 -16.017118
v 8.900491 24.013214 -16.029818
v 8.944042 24.006369 -16.041206
v 8.880919 24.006392 -16.042698
v 8.880919 24.006392 -16.042698
v 8.944042 24.006369 -16.041206
v 8.900491 24.013214 -16.029818
v 8.924809 23.98818 -16.049288
v 8.903698 23.970673 -16.041344
v 8.924809 23.98818 -16.049288
v 8.900491 24.013214 -16.029818
v 8.980543 24.01246 -16.017609
v 8.896607 24.018156 -15.915112
v 8.980543 24.01246 -16.017609
v 8.944042 24.006369 -16.041206
v 8.967903 23.98773 -16.042282
v 9.00795 24.014809 -15.872396
v 9.00795 24.014809 -15.872396
v 8.96266 24.015017 -15.801479
v 8.944042 24.006369 -16.041206
v 9.025347 24.004704 -16.014677
v 9.025347 24.004704 -16.014677
v 8.944042 24.006369 -16.041206
v 8.967903 23.98773 -16.042282
v 9.052533 24.010166 -15.98081
v 9.052533 24.010166 -15.98081
v 8.980543 24.01246 -16.017609
v 9.025347 24.004704 -16.014677
v 9.053507 24.008636 -15.784705
v 9.053507 24.008636 -15.784705
v 9.010959 24.003914 -15.691499
v 8.96266 24.015017 -15.801479
v 9.052533 24.010166 -15.98081
v 9.129627 24.004383 -15.898766
v 9.129627 24.004383 -15.898766
v 9.025347 24.004704 -16.014677
v 9.078718 24.002308 -15.977289
v 9.052533 24.010166 -15.98081
v 9.129627 24.004383 -15.898766
v 9.150708 23.994543 -15.729899
v 9.150708 23.994543 -15.729899
v 9.122746 23.989805 -15.654041
v 9.150708 23.994543 -15.729899
v 9.158354 23.985365 -15.705088
v 9.153191 23.99957 -15.810582
v 9.150708 23.994543 -15.729899
v 9.153191 23.99957 -15.810582
v 9.169327 23.98941 -15.769247
v 9.158354 23.985365 -15.705088
v 9.150708 23.994543 -15.729899
v 9.150708 23.994543 -15.729899
v 9.153191 23.99957 -15.810582
v 9.169327 23.98941 -15.769247
v 9.129627 24.004383 -15.898766
v 9.16319 23.993282 -15.831985
v 9.153191 23.99957 -15.810582
v 9.16319 23.993282 -15.831985
v 9.169327 23.98941 -15.769247
v 9.153191 23.99957 -15.810582
v 9.158354 23.985365 -15.705088
v 9.169327 23.98941 -15.769247
v 9.172117 23.969326 -15.746754
v 9.172117 23.969326 -15.746754
v 9.163369 23.966671 -15.704086
v 9.158354 23.985365 -15.705088
v 9.169327 23.98941 -15.769247
v 9.16319 23.993282 -15.831985
v 9.168641 23.974747 -15.833549
v 9.173883 23.97206 -15.790299
v 9.168641 23.974747 -15.833549
v 9.173883 23.97206 -15.790299
v 9.169327 23.98941 -15.769247
v 9.162425 23.956354 -15.811255
v 9.172117 23.969326 -15.746754
v 9.173883 23.97206 -15.790299
v 9.162425 23.956354 -15.811255
v 9.162425 23.956354 -15.811255
v 9.158772 23.951122 -15.72759
v 9.162425 23.956354 -15.811255
v 9.127761 23.9362 -15.808813
v 9.155535 23.988297 -15.875015
v 9.168641 23.974747 -15.833549
v 9.16319 23.993282 -15.831985
v 9.16319 23.993282 -15.831985
v 9.129627 24.004383 -15.898766
v 9.155535 23.988297 -15.875015
v 9.151771 23.964188 -15.873178
v 9.162425 23.956354 -15.811255
v 9.168641 23.974747 -15.833549
v 9.155535 23.988297 -15.875015
v 9.151771 23.964188 -15.873178
v 9.098607 23.94051 -15.893846
v 9.162425 23.956354 -15.811255
v 9.162425 23.956354 -15.811255
v 9.151771 23.964188 -15.873178
v 9.127761 23.9362 -15.808813
v 9.098607 23.94051 -15.893846
v 9.121356 23.999483 -15.930812
v 9.155535 23.988297 -15.875015
v 9.129627 24.004383 -15.898766
v 9.078718 24.002308 -15.977289
v 9.121356 23.999483 -15.930812
v 9.129627 24.004383 -15.898766
v 9.13781 23.979816 -15.914759
v 9.151771 23.964188 -15.873178
v 9.155535 23.988297 -15.875015
v 9.121356 23.999483 -15.930812
v 9.13781 23.979816 -15.914759
v 9.128675 23.96264 -15.910495
v 9.098607 23.94051 -15.893846
v 9.13781 23.979816 -15.914759
v 9.128675 23.96264 -15.910495
v 9.012596 23.90878 -15.890718
v 9.098607 23.94051 -15.893846
v 9.012596 23.90878 -15.890718
v 8.985618 23.875387 -15.865871
v 9.128675 23.96264 -15.910495
v 9.091906 23.965647 -15.960651
v 9.098607 23.94051 -15.893846
v 9.091906 23.965647 -15.960651
v 9.128675 23.96264 -15.910495
v 9.13781 23.979816 -15.914759
v 9.098607 23.94051 -15.893846
v 9.039148 23.945757 -15.96233
v 9.039148 23.945757 -15.96233
v 9.098607 23.94051 -15.893846
v 9.091906 23.965647 -15.960651
v 9.113035 23.98205 -15.950605
v 9.13781 23.979816 -15.914759
v 9.091906 23.965647 -15.960651
v 9.082809 23.984007 -15.98204
v 9.113035 23.98205 -15.950605
v 9.113035 23.98205 -15.950605
v 9.082809 23.984007 -15.98204
v 9.091906 23.965647 -15.960651
v 9.121356 23.999483 -15.930812
v 9.078718 24.002308 -15.977289
v 9.082809 23.984007 -15.98204
v 9.091906 23.965647 -15.960651
v 9.042296 23.96824 -16.000324
v 9.042296 23.96824 -16.000324
v 9.091906 23.965647 -15.960651
v 9.082809 23.984007 -15.98204
v 9.047936 23.985624 -16.008217
v 9.082809 23.984007 -15.98204
v 9.078718 24.002308 -15.977289
v 9.082809 23.984007 -15.98204
v 9.047936 23.985624 -16.008217
v 9.042296 23.96824 -16.000324
v 9.078718 24.002308 -15.977289
v 9.009271 23.986893 -16.028475
v 9.047936 23.985624 -16.008217
v 9.025347 24.004704 -16.014677
v 8.967903 23.98773 -16.042282
v 9.009271 23.986893 -16.028475
v 9.025347 24.004704 -16.014677
v 9.047936 23.985624 -16.008217
v 9.009271 23.986893 -16.028475
v 8.986392 23.969828 -16.027687
v 9.009271 23.986893 -16.028475
v 8.967903 23.98773 -16.042282
v 8.986392 23.969828 -16.027687
v 8.986392 23.969828 -16.027687
v 9.042296 23.96824 -16.000324
v 9.047936 23.985624 -16.008217
v 8.903698 23.970673 -16.041344
v 8.986392 23.969828 -16.027687
v 8.967903 23.98773 -16.042282
v 8.986392 23.969828 -16.027687
v 8.903698 23.970673 -16.041344
v 8.903221 23.948603 -16.00782
v 9.042296 23.96824 -16.000324
v 8.986392 23.969828 -16.027687
v 8.976046 23.946857 -15.99342
v 8.903221 23.948603 -16.00782
v 8.976046 23.946857 -15.99342
v 8.986392 23.969828 -16.027687
v 9.039148 23.945757 -15.96233
v 8.976046 23.946857 -15.99342
v 8.903221 23.948603 -16.00782
v 8.963285 23.910728 -15.925004
v 8.963285 23.910728 -15.925004
v 8.911393 23.877476 -15.90104
v 8.963285 23.910728 -15.925004
v 8.955918 23.876757 -15.887912
v 8.963285 23.910728 -15.925004
v 8.985618 23.875387 -15.865871
v 8.985618 23.875387 -15.865871
v 8.955918 23.876757 -15.887912
v 8.954279 23.833626 -15.867257
v 8.954279 23.833626 -15.867257
v 8.971428 23.83265 -15.85338
v 8.985618 23.875387 -15.865871
v 8.955918 23.876757 -15.887912
v 8.911393 23.877476 -15.90104
v 8.933328 23.834188 -15.87772
v 8.933328 23.834188 -15.87772
v 8.954279 23.833626 -15.867257
v 8.955918 23.876757 -15.887912
v 8.971428 23.83265 -15.85338
v 8.954279 23.833626 -15.867257
v 8.943705 23.778536 -15.869417
v 8.933328 23.834188 -15.87772
v 8.943705 23.778536 -15.869417
v 8.943705 23.778536 -15.869417
v 8.965102 23.777193 -15.853805
v 8.971428 23.83265 -15.85338
v 8.902744 23.84096 -15.884871
v 8.866838 23.834177 -15.875958
v 8.902744 23.84096 -15.884871
v 8.911393 23.877476 -15.90104
v 8.902744 23.84096 -15.884871
v 8.895546 23.807444 -15.879848
v 8.902744 23.84096 -15.884871
v 8.916775 23.782091 -15.877839
v 8.943705 23.778536 -15.869417
v 8.933328 23.834188 -15.87772
v 8.933328 23.834188 -15.87772
v 8.895546 23.807444 -15.879848
v 8.916775 23.782091 -15.877839
v 8.965102 23.777193 -15.853805
v 8.943705 23.778536 -15.869417
v 8.949563 23.770819 -15.87779
v 8.949563 23.770819 -15.87779
v 8.965102 23.777193 -15.853805
v 8.943705 23.778536 -15.869417
v 8.916775 23.782091 -15.877839
v 8.9091 23.772184 -15.886086
v 8.943705 23.778536 -15.869417
v 8.9091 23.772184 -15.886086
v 8.949563 23.770819 -15.87779
v 8.888734 23.782087 -15.877789
v 8.916775 23.782091 -15.877839
v 8.916775 23.782091 -15.877839
v 8.888734 23.782087 -15.877789
v 8.9091 23.772184 -15.886086
v 8.862093 23.781523 -15.86887
v 8.862093 23.781523 -15.86887
v 8.888734 23.782087 -15.877789
v 8.895546 23.807444 -15.879848
v 8.841558 23.777233 -15.854628
v 8.862093 23.781523 -15.86887
v 8.868179 23.771688 -15.87987
v 8.9091 23.772184 -15.886086
v 8.888734 23.782087 -15.877789
v 8.862093 23.781523 -15.86887
v 8.868179 23.771688 -15.87987
v 8.841558 23.777233 -15.854628
v 8.837993 23.77013 -15.862381
v 8.862093 23.781523 -15.86887
v 8.837993 23.77013 -15.862381
v 8.868179 23.771688 -15.87987
v 8.862093 23.781523 -15.86887
v 8.815304 23.768515 -15.826918
v 8.837993 23.77013 -15.862381
v 8.841558 23.777233 -15.854628
v 8.9091 23.772184 -15.886086
v 8.868179 23.771688 -15.87987
v 8.847486 23.767735 -15.893086
v 8.868179 23.771688 -15.87987
v 8.837993 23.77013 -15.862381
v 8.847486 23.767735 -15.893086
v 8.949563 23.770819 -15.87779
v 8.9091 23.772184 -15.886086
v 8.915782 23.767998 -15.907351
v 8.847486 23.767735 -15.893086
v 8.915782 23.767998 -15.907351
v 8.9091 23.772184 -15.886086
v 8.984694 23.76918 -15.838985
v 8.949563 23.770819 -15.87779
v 8.97966 23.766495 -15.877446
v 8.97966 23.766495 -15.877446
v 9.007284 23.76484 -15.834014
v 8.984694 23.76918 -15.838985
v 8.915782 23.767998 -15.907351
v 8.95155 23.767567 -15.896931
v 8.95155 23.767567 -15.896931
v 8.97966 23.766495 -15.877446
v 8.949563 23.770819 -15.87779
v 8.837993 23.77013 -15.862381
v 8.815304 23.768515 -15.826918
v 8.804222 23.76483 -15.850637
v 8.804222 23.76483 -15.850637
v 8.847486 23.767735 -15.893086
v 8.837993 23.77013 -15.862381
v 8.97966 23.766495 -15.877446
v 8.95155 23.767567 -15.896931
v 8.97687 23.75666 -15.89198
v 8.915782 23.767998 -15.907351
v 8.847486 23.767735 -15.893086
v 8.882647 23.76187 -15.912937
v 9.002796 23.758713 -15.862681
v 8.97966 23.766495 -15.877446
v 8.97687 23.75666 -15.89198
v 9.007284 23.76484 -15.834014
v 8.97966 23.766495 -15.877446
v 9.002796 23.758713 -15.862681
v 8.95155 23.767567 -15.896931
v 8.915782 23.767998 -15.907351
v 8.922772 23.753975 -15.916933
v 8.882647 23.76187 -15.912937
v 8.922772 23.753975 -15.916933
v 8.915782 23.767998 -15.907351
v 8.951697 23.753426 -15.908212
v 8.97687 23.75666 -15.89198
v 8.95155 23.767567 -15.896931
v 8.922772 23.753975 -15.916933
v 8.951697 23.753426 -15.908212
v 8.95155 23.767567 -15.896931
v 8.951697 23.753426 -15.908212
v 8.978299 23.743742 -15.893869
v 8.97687 23.75666 -15.89198
v 9.002796 23.758713 -15.862681
v 8.97687 23.75666 -15.89198
v 8.978299 23.743742 -15.893869
v 8.951697 23.753426 -15.908212
v 8.922772 23.753975 -15.916933
v 8.942057 23.734514 -15.908777
v 8.978299 23.743742 -15.893869
v 8.951697 23.753426 -15.908212
v 8.892279 23.745203 -15.91902
v 8.892279 23.745203 -15.91902
v 8.942057 23.734514 -15.908777
v 8.922772 23.753975 -15.916933
v 8.882647 23.76187 -15.912937
v 8.847486 23.767735 -15.893086
v 8.838381 23.754429 -15.900905
v 8.838381 23.754429 -15.900905
v 8.892279 23.745203 -15.91902
v 8.882647 23.76187 -15.912937
v 8.847486 23.767735 -15.893086
v 8.804222 23.76483 -15.850637
v 8.812573 23.760277 -15.873511
v 8.847486 23.767735 -15.893086
v 8.812573 23.760277 -15.873511
v 8.838381 23.754429 -15.900905
v 8.812573 23.760277 -15.873511
v 8.804222 23.76483 -15.850637
v 8.791144 23.753788 -15.845795
v 8.892279 23.745203 -15.91902
v 8.838381 23.754429 -15.900905
v 8.864048 23.740599 -15.911358
v 8.838381 23.754429 -15.900905
v 8.812573 23.760277 -15.873511
v 8.801104 23.743141 -15.867025
v 8.812573 23.760277 -15.873511
v 8.801104 23.743141 -15.867025
v 8.827815 23.74376 -15.894106
v 8.864048 23.740599 -15.911358
v 8.838381 23.754429 -15.900905
v 8.801104 23.743141 -15.867025
v 8.827815 23.74376 -15.894106
v 8.838381 23.754429 -15.900905
v 8.892279 23.745203 -15.91902
v 8.864048 23.740599 -15.911358
v 8.857296 23.731693 -15.903621
v 8.864048 23.740599 -15.911358
v 8.827815 23.74376 -15.894106
v 8.857296 23.731693 -15.903621
v 8.942057 23.734514 -15.908777
v 8.892279 23.745203 -15.91902
v 8.903379 23.732292 -15.912197
v 8.857296 23.731693 -15.903621
v 8.903379 23.732292 -15.912197
v 8.892279 23.745203 -15.91902
v 8.827815 23.74376 -15.894106
v 8.801104 23.743141 -15.867025
v 8.818352 23.730083 -15.876439
v 8.818352 23.730083 -15.876439
v 8.857296 23.731693 -15.903621
v 8.942057 23.734514 -15.908777
v 8.903379 23.732292 -15.912197
v 8.935751 23.71935 -15.884416
v 8.903379 23.732292 -15.912197
v 8.857296 23.731693 -15.903621
v 8.897809 23.719692 -15.889647
v 8.897809 23.719692 -15.889647
v 8.935751 23.71935 -15.884416
v 8.903379 23.732292 -15.912197
v 8.857296 23.731693 -15.903621
v 8.818352 23.730083 -15.876439
v 8.856294 23.719131 -15.878688
v 8.856294 23.719131 -15.878688
v 8.897809 23.719692 -15.889647
v 8.857296 23.731693 -15.903621
v 8.981834 23.730392 -15.882579
v 8.942057 23.734514 -15.908777
v 8.935751 23.71935 -15.884416
v 8.942057 23.734514 -15.908777
v 8.981834 23.730392 -15.882579
v 8.978299 23.743742 -15.893869
v 8.935751 23.71935 -15.884416
v 8.897809 23.719692 -15.889647
v 8.910748 21.970682 -15.995296
v 8.867574 21.970263 -15.988539
v 8.910748 21.970682 -15.995296
v 8.897809 23.719692 -15.889647
v 8.856294 23.719131 -15.878688
v 8.952115 21.969812 -15.981255
v 8.827527 21.968353 -15.957108
v 8.978945 23.717411 -15.853395
v 8.935751 23.71935 -15.884416
v 8.952115 21.969812 -15.981255
v 8.935751 23.71935 -15.884416
v 8.978945 23.717411 -15.853395
v 8.981834 23.730392 -15.882579
v 8.952115 21.969812 -15.981255
v 8.986223 21.96749 -15.943342
v 8.978945 23.717411 -15.853395
v 8.856294 23.719131 -15.878688
v 8.820298 23.716755 -15.842154
v 8.827527 21.968353 -15.957108
v 8.820298 23.716755 -15.842154
v 8.810974 21.964876 -15.90138
v 8.827527 21.968353 -15.957108
v 8.998516 23.71384 -15.796192
v 8.978945 23.717411 -15.853395
v 8.993482 21.964312 -15.893079
v 8.796844 23.728153 -15.845568
v 8.820298 23.716755 -15.842154
v 8.796844 23.728153 -15.845568
v 8.818352 23.730083 -15.876439
v 8.820298 23.716755 -15.842154
v 8.808044 23.71403 -15.798448
v 8.810974 21.964876 -15.90138
v 8.808044 23.71403 -15.798448
v 8.820298 23.716755 -15.842154
v 8.796844 23.728153 -15.845568
v 8.801104 23.743141 -15.867025
v 8.7889 23.739609 -15.845135
v 8.796844 23.728153 -15.845568
v 8.7889 23.739609 -15.845135
v 8.801104 23.743141 -15.867025
v 8.791144 23.753788 -15.845795
v 8.796844 23.728153 -15.845568
v 8.783052 23.728384 -15.810145
v 8.808044 23.71403 -15.798448
v 8.783052 23.728384 -15.810145
v 8.796844 23.728153 -15.845568
v 8.7889 23.739609 -15.845135
v 8.817568 23.711264 -15.754097
v 8.827457 21.96183 -15.853148
v 8.810974 21.964876 -15.90138
v 8.783052 23.728384 -15.810145
v 8.789198 23.722923 -15.762797
v 8.808044 23.71403 -15.798448
v 8.817568 23.711264 -15.754097
v 8.808044 23.71403 -15.798448
v 8.789198 23.722923 -15.762797
v 8.7889 23.739609 -15.845135
v 8.778524 23.747234 -15.808339
v 8.783052 23.728384 -15.810145
v 8.778524 23.747234 -15.808339
v 8.7889 23.739609 -15.845135
v 8.840405 23.709452 -15.72491
v 8.827457 21.96183 -15.853148
v 8.860037 21.960012 -15.82404
v 8.827457 21.96183 -15.853148
v 8.840405 23.709452 -15.72491
v 8.780143 23.735956 -15.769242
v 8.778524 23.747234 -15.808339
v 8.783052 23.728384 -15.810145
v 8.780143 23.735956 -15.769242
v 8.789198 23.722923 -15.762797
v 8.840405 23.709452 -15.72491
v 8.88076 23.708105 -15.702765
v 8.860037 21.960012 -15.82404
v 8.895247 21.959373 -15.81418
v 8.88076 23.708105 -15.702765
v 8.938442 21.9598 -15.819845
v 8.895247 21.959373 -15.81418
v 8.840405 23.709452 -15.72491
v 8.817568 23.711264 -15.754097
v 8.817171 23.719858 -15.7137
v 8.789198 23.722923 -15.762797
v 8.817171 23.719858 -15.7137
v 8.817568 23.711264 -15.754097
v 8.88076 23.708105 -15.702765
v 8.840405 23.709452 -15.72491
v 8.817171 23.719858 -15.7137
v 8.780143 23.735956 -15.769242
v 8.794322 23.733652 -15.731729
v 8.789198 23.722923 -15.762797
v 8.817171 23.719858 -15.7137
v 8.789198 23.722923 -15.762797
v 8.794322 23.733652 -15.731729
v 8.783638 23.752827 -15.767962
v 8.780143 23.735956 -15.769242
v 8.794322 23.733652 -15.731729
v 8.780143 23.735956 -15.769242
v 8.783638 23.752827 -15.767962
v 8.791393 23.76253 -15.823136
v 8.804222 23.76483 -15.850637
v 8.791393 23.76253 -15.823136
v 8.791144 23.753788 -15.845795
v 8.791393 23.76253 -15.823136
v 8.804222 23.76483 -15.850637
v 8.815304 23.768515 -15.826918
v 8.791393 23.76253 -15.823136
v 8.788176 23.761114 -15.792526
v 8.778524 23.747234 -15.808339
v 8.783638 23.752827 -15.767962
v 8.815304 23.768515 -15.826918
v 8.805394 23.765347 -15.789991
v 8.791393 23.76253 -15.823136
v 8.788176 23.761114 -15.792526
v 8.791393 23.76253 -15.823136
v 8.805394 23.765347 -15.789991
v 8.815304 23.768515 -15.826918
v 8.812037 23.769058 -15.78172
v 8.805394 23.765347 -15.789991
v 8.823863 23.763037 -15.740783
v 8.805394 23.765347 -15.789991
v 8.812037 23.769058 -15.78172
v 8.80602 23.75867 -15.734248
v 8.788176 23.761114 -15.792526
v 8.805394 23.765347 -15.789991
v 8.805394 23.765347 -15.789991
v 8.823863 23.763037 -15.740783
v 8.80602 23.75867 -15.734248
v 8.788176 23.761114 -15.792526
v 8.80602 23.75867 -15.734248
v 8.783638 23.752827 -15.767962
v 8.797709 23.75056 -15.731582
v 8.797709 23.75056 -15.731582
v 8.783638 23.752827 -15.767962
v 8.80602 23.75867 -15.734248
v 8.817985 23.732841 -15.701933
v 8.797709 23.75056 -15.731582
v 8.794322 23.733652 -15.731729
v 8.817985 23.732841 -15.701933
v 8.817171 23.719858 -15.7137
v 8.820189 23.749735 -15.704563
v 8.797709 23.75056 -15.731582
v 8.80602 23.75867 -15.734248
v 8.797709 23.75056 -15.731582
v 8.820189 23.749735 -15.704563
v 8.817985 23.732841 -15.701933
v 8.852262 23.756023 -15.692409
v 8.80602 23.75867 -15.734248
v 8.823863 23.763037 -15.740783
v 8.80602 23.75867 -15.734248
v 8.852262 23.756023 -15.692409
v 8.820189 23.749735 -15.704563
v 8.823863 23.763037 -15.740783
v 8.847387 23.761618 -15.716306
v 8.852262 23.756023 -15.692409
v 8.847387 23.761618 -15.716306
v 8.887423 23.760529 -15.69933
v 8.852262 23.756023 -15.692409
v 8.820189 23.749735 -15.704563
v 8.847774 23.746805 -15.683448
v 8.817985 23.732841 -15.701933
v 8.847774 23.746805 -15.683448
v 8.820189 23.749735 -15.704563
v 8.852262 23.756023 -15.692409
v 8.817985 23.732841 -15.701933
v 8.83843 23.729788 -15.687325
v 8.817171 23.719858 -15.7137
v 8.83843 23.729788 -15.687325
v 8.817985 23.732841 -15.701933
v 8.847774 23.746805 -15.683448
v 8.895198 23.753424 -15.677441
v 8.852262 23.756023 -15.692409
v 8.887423 23.760529 -15.69933
v 8.895198 23.753424 -15.677441
v 8.847774 23.746805 -15.683448
v 8.852262 23.756023 -15.692409
v 8.864763 23.717966 -15.683235
v 8.817171 23.719858 -15.7137
v 8.83843 23.729788 -15.687325
v 8.864763 23.717966 -15.683235
v 8.88076 23.708105 -15.702765
v 8.872698 23.72995 -15.672741
v 8.83843 23.729788 -15.687325
v 8.847774 23.746805 -15.683448
v 8.83843 23.729788 -15.687325
v 8.872698 23.72995 -15.672741
v 8.864763 23.717966 -15.683235
v 8.847774 23.746805 -15.683448
v 8.895198 23.753424 -15.677441
v 8.893291 23.742853 -15.670336
v 8.847774 23.746805 -15.683448
v 8.893291 23.742853 -15.670336
v 8.872698 23.72995 -15.672741
v 8.940219 23.755678 -15.686759
v 8.895198 23.753424 -15.677441
v 8.887423 23.760529 -15.69933
v 8.887423 23.760529 -15.69933
v 8.930438 23.76064 -15.702188
v 8.940219 23.755678 -15.686759
v 8.932752 23.747036 -15.675078
v 8.893291 23.742853 -15.670336
v 8.895198 23.753424 -15.677441
v 8.895198 23.753424 -15.677441
v 8.940219 23.755678 -15.686759
v 8.932752 23.747036 -15.675078
v 8.912744 23.72976 -15.669429
v 8.893291 23.742853 -15.670336
v 8.893291 23.742853 -15.670336
v 8.932752 23.747036 -15.675078
v 8.912744 23.72976 -15.669429
v 8.91185 23.717686 -15.677809
v 8.864763 23.717966 -15.683235
v 8.872698 23.72995 -15.672741
v 8.872698 23.72995 -15.672741
v 8.912744 23.72976 -15.669429
v 8.91185 23.717686 -15.677809
v 8.923994 23.707932 -15.703297
v 8.88076 23.708105 -15.702765
v 8.864763 23.717966 -15.683235
v 8.864763 23.717966 -15.683235
v 8.91185 23.717686 -15.677809
v 8.923994 23.707932 -15.703297
v 8.88076 23.708105 -15.702765
v 8.923994 23.707932 -15.703297
v 8.938442 21.9598 -15.819845
v 8.960068 23.720655 -15.688083
v 8.91185 23.717686 -15.677809
v 8.91185 23.717686 -15.677809
v 8.960068 23.720655 -15.688083
v 8.923994 23.707932 -15.703297
v 8.954825 23.709038 -15.716996
v 8.954825 23.709038 -15.716996
v 8.923994 23.707932 -15.703297
v 8.960068 23.720655 -15.688083
v 8.977783 21.961775 -15.852365
v 8.912744 23.72976 -15.669429
v 8.949831 23.731344 -15.677969
v 8.960068 23.720655 -15.688083
v 8.949831 23.731344 -15.677969
v 8.912744 23.72976 -15.669429
v 8.932752 23.747036 -15.675078
v 8.982917 23.710554 -15.744381
v 8.993482 21.964312 -15.893079
v 8.977783 21.961775 -15.852365
v 8.982917 23.710554 -15.744381
v 8.982917 23.710554 -15.744381
v 8.960068 23.720655 -15.688083
v 8.987514 23.71979 -15.71256
v 8.954825 23.709038 -15.716996
v 8.982917 23.710554 -15.744381
v 8.954825 23.709038 -15.716996
v 8.987514 23.71979 -15.71256
v 8.949831 23.731344 -15.677969
v 8.987186 23.732628 -15.701449
v 8.960068 23.720655 -15.688083
v 8.960068 23.720655 -15.688083
v 8.987186 23.732628 -15.701449
v 8.987514 23.71979 -15.71256
v 8.932752 23.747036 -15.675078
v 8.975986 23.74771 -15.694642
v 8.949831 23.731344 -15.677969
v 8.987186 23.732628 -15.701449
v 8.949831 23.731344 -15.677969
v 8.975986 23.74771 -15.694642
v 8.975986 23.74771 -15.694642
v 8.932752 23.747036 -15.675078
v 8.940219 23.755678 -15.686759
v 8.987186 23.732628 -15.701449
v 9.011246 23.7336 -15.731343
v 8.987514 23.71979 -15.71256
v 9.011246 23.7336 -15.731343
v 8.987186 23.732628 -15.701449
v 8.975986 23.74771 -15.694642
v 8.987514 23.71979 -15.71256
v 9.012676 23.72237 -15.752764
v 8.982917 23.710554 -15.744381
v 9.012676 23.72237 -15.752764
v 8.987514 23.71979 -15.71256
v 9.011246 23.7336 -15.731343
v 8.998516 23.71384 -15.796192
v 8.982917 23.710554 -15.744381
v 9.012676 23.72237 -15.752764
v 8.940219 23.755678 -15.686759
v 8.98671 23.75664 -15.71502
v 8.975986 23.74771 -15.694642
v 8.98671 23.75664 -15.71502
v 8.930438 23.76064 -15.702188
v 8.977426 23.761578 -15.729537
v 8.98671 23.75664 -15.71502
v 9.008774 23.750637 -15.73278
v 9.011246 23.7336 -15.731343
v 9.008774 23.750637 -15.73278
v 8.975986 23.74771 -15.694642
v 8.98671 23.75664 -15.71502
v 9.012656 23.759144 -15.759808
v 8.98671 23.75664 -15.71502
v 8.977426 23.761578 -15.729537
v 9.012656 23.759144 -15.759808
v 9.008774 23.750637 -15.73278
v 8.977426 23.761578 -15.729537
v 8.99665 23.765688 -15.782332
v 9.025564 23.735939 -15.768855
v 9.011246 23.7336 -15.731343
v 9.008774 23.750637 -15.73278
v 9.011246 23.7336 -15.731343
v 9.025564 23.735939 -15.768855
v 9.012676 23.72237 -15.752764
v 9.018495 23.760422 -15.789629
v 9.012656 23.759144 -15.759808
v 8.99665 23.765688 -15.782332
v 9.007284 23.76484 -15.834014
v 9.018495 23.760422 -15.789629
v 9.008774 23.750637 -15.73278
v 9.012656 23.759144 -15.759808
v 9.023986 23.749 -15.768878
v 9.012656 23.759144 -15.759808
v 9.018495 23.760422 -15.789629
v 9.023986 23.749 -15.768878
v 9.023986 23.749 -15.768878
v 9.025564 23.735939 -15.768855
v 9.018495 23.760422 -15.789629
v 9.007284 23.76484 -15.834014
v 9.022823 23.755295 -15.819761
v 9.022823 23.755295 -15.819761
v 9.023986 23.749 -15.768878
v 9.018495 23.760422 -15.789629
v 9.002796 23.758713 -15.862681
v 9.022823 23.755295 -15.819761
v 9.007284 23.76484 -15.834014
v 9.027252 23.738447 -15.808924
v 9.025564 23.735939 -15.768855
v 9.023986 23.749 -15.768878
v 9.022823 23.755295 -15.819761
v 9.027252 23.738447 -15.808924
v 9.020351 23.724644 -15.789554
v 9.012676 23.72237 -15.752764
v 9.025564 23.735939 -15.768855
v 9.025564 23.735939 -15.768855
v 9.027252 23.738447 -15.808924
v 9.020351 23.724644 -15.789554
v 9.012676 23.72237 -15.752764
v 9.020351 23.724644 -15.789554
v 8.998516 23.71384 -15.796192
v 9.022823 23.755295 -15.819761
v 9.002796 23.758713 -15.862681
v 9.006083 23.741928 -15.86491
v 8.978299 23.743742 -15.893869
v 9.006083 23.741928 -15.86491
v 9.002796 23.758713 -15.862681
v 9.006083 23.741928 -15.86491
v 8.978299 23.743742 -15.893869
v 8.981834 23.730392 -15.882579
v 9.020351 23.724644 -15.789554
v 9.013639 23.727476 -15.835889
v 8.998516 23.71384 -15.796192
v 9.013639 23.727476 -15.835889
v 9.020351 23.724644 -15.789554
v 9.027252 23.738447 -15.808924
v 8.981834 23.730392 -15.882579
v 9.013639 23.727476 -15.835889
v 9.006083 23.741928 -15.86491
v 8.998516 23.71384 -15.796192
v 9.013639 23.727476 -15.835889
v 9.013639 23.727476 -15.835889
v 8.981834 23.730392 -15.882579
v 8.978945 23.717411 -15.853395
v 9.006083 23.741928 -15.86491
v 9.019687 23.740282 -15.838109
v 9.022823 23.755295 -15.819761
v 9.019687 23.740282 -15.838109
v 9.013639 23.727476 -15.835889
v 9.027252 23.738447 -15.808924
v 9.019687 23.740282 -15.838109
v 9.013639 23.727476 -15.835889
v 8.882825 21.966919 -15.820572
v 8.937081 21.96721 -15.825279
v 8.894007 21.484001 -15.848744
v 8.894007 21.484001 -15.848744
v 8.850206 21.485134 -15.867071
v 8.941004 21.484562 -15.857874
v 8.841638 21.968386 -15.844666
v 8.850206 21.485134 -15.867071
v 8.967883 21.485918 -15.879549
v 8.937081 21.96721 -15.825279
v 8.850206 21.485134 -15.867071
v 8.821768 21.48754 -15.905564
v 8.841638 21.968386 -15.844666
v 8.968866 21.968721 -15.850635
v 8.967883 21.485918 -15.879549
v 8.820984 21.970568 -15.87988
v 8.821768 21.48754 -15.905564
v 8.984406 21.487738 -15.908745
v 8.967883 21.485918 -15.879549
v 8.968866 21.968721 -15.850635
v 8.82012 21.973576 -15.927449
v 8.820984 21.970568 -15.87988
v 8.968866 21.968721 -15.850635
v 8.985052 21.970615 -15.880761
v 8.819593 21.49049 -15.952917
v 8.986054 21.490686 -15.956141
v 8.984406 21.487738 -15.908745
v 8.985052 21.970615 -15.880761
v 8.819593 21.49049 -15.952917
v 8.842233 21.493107 -15.995039
v 8.987196 21.972708 -15.914609
v 8.845898 21.976034 -15.96756
v 8.82012 21.973576 -15.927449
v 8.842233 21.493107 -15.995039
v 8.987196 21.972708 -15.914609
v 8.976642 21.97476 -15.947054
v 8.888545 21.977404 -15.988716
v 8.845898 21.976034 -15.96756
v 8.842233 21.493107 -15.995039
v 8.956146 21.493526 -16.001598
v 8.877096 21.494349 -16.01494
v 8.976642 21.97476 -15.947054
v 8.942433 21.976877 -15.980322
v 8.956146 21.493526 -16.001598
v 8.877096 21.494349 -16.01494
v 8.911433 21.494602 -16.018963
v 8.942433 21.976877 -15.980322
v 8.911433 21.494602 -16.018963
v 8.956146 21.493526 -16.001598
v 8.942433 21.976877 -15.980322
v 8.842233 21.493107 -15.995039
v 8.911433 21.494602 -16.018963
v 8.877096 21.494349 -16.01494
v 8.956146 21.493526 -16.001598
v 8.911433 21.494602 -16.018963
v 8.986054 21.490686 -15.956141
v 8.819593 21.49049 -15.952917
v 8.911433 21.494602 -16.018963
v 8.842233 21.493107 -15.995039
v 8.911433 21.494602 -16.018963
v 8.984406 21.487738 -15.908745
v 8.821768 21.48754 -15.905564
v 8.911433 21.494602 -16.018963
v 8.819593 21.49049 -15.952917
v 8.984406 21.487738 -15.908745
v 8.911433 21.494602 -16.018963
v 8.967883 21.485918 -15.879549
v 8.850206 21.485134 -15.867071
v 8.911433 21.494602 -16.018963
v 8.821768 21.48754 -15.905564
v 8.967883 21.485918 -15.879549
v 8.941004 21.484562 -15.857874
v 8.894007 21.484001 -15.848744
v 8.850206 21.485134 -15.867071
v 8.941004 21.484562 -15.857874
v 8.894007 21.484001 -15.848744
vt 0.497477 0.501009
vt 0.497123 0.49991798
vt 0.497155 0.50086802
vt 0.498625 0.55396497
vt 0.497477 0.553958
vt 0.497155 0.55419302
vt 0.499177 0.554182
vt 0.500868 0.55419302
vt 0.499918 0.55395103
vt 0.497155 0.50086802
vt 0.4983 0.50214303
vt 0.498625 0.502128
vt 0.497123 0.49991798
vt 0.497195 0.49878
vt 0.496912 0.49917698
vt 0.4983 0.554204
vt 0.499689 0.55420798
vt 0.498625 0.55396497
vt 0.497808 0.55417103
vt 0.499177 0.554182
vt 0.49878 0.55394202
vt 0.500434 0.502411
vt 0.498625 0.502128
vt 0.499689 0.50261497
vt 0.497195 0.49878
vt 0.497738 0.49776602
vt 0.497439 0.49780798
vt 0.499689 0.55420798
vt 0.501138 0.554206
vt 0.500434 0.553967
vt 0.498759 0.554161
vt 0.497439 0.55417103
vt 0.497738 0.553935
vt 0.501866 0.50169897
vt 0.500434 0.502411
vt 0.501138 0.502388
vt 0.497738 0.49776602
vt 0.498805 0.49691403
vt 0.498759 0.496714
vt 0.501138 0.554206
vt 0.502483 0.554196
vt 0.501866 0.55396402
vt 0.500209 0.55416203
vt 0.498759 0.554161
vt 0.498805 0.553926
vt 0.502731 0.50035
vt 0.501866 0.50169897
vt 0.502483 0.50133097
vt 0.498805 0.49691403
vt 0.500626 0.496755
vt 0.500209 0.49652398
vt 0.501331 0.554196
vt 0.499457 0.554182
vt 0.50035 0.55395198
vt 0.501391 0.554164
vt 0.500209 0.55416203
vt 0.500626 0.55392498
vt 0.502702 0.49874997
vt 0.502731 0.50035
vt 0.503038 0.499457
vt 0.500626 0.496755
vt 0.502009 0.49756598
vt 0.501391 0.49685502
vt 0.499457 0.554182
vt 0.497834 0.55417103
vt 0.49875 0.553941
vt 0.502485 0.55417103
vt 0.501391 0.554164
vt 0.502009 0.553932
vt 0.502009 0.49756598
vt 0.502702 0.49874997
vt 0.502485 0.49783397
vt 0.495583 0.496166
vt 0.496102 0.495786
vt 0.495236 0.49602997
vt 0.496257 0.50158602
vt 0.496102 0.499963
vt 0.495583 0.499973
vt 0.49621 0.50228
vt 0.495583 0.499973
vt 0.495236 0.500009
vt 0.495583 0.499973
vt 0.49621 0.50228
vt 0.496257 0.50158602
vt 0.496102 0.495786
vt 0.495845 0.495198
vt 0.495236 0.49602997
vt 0.501476 0.49578404
vt 0.499963 0.495786
vt 0.501586 0.496148
vt 0.501524 0.495427
vt 0.500028 0.495198
vt 0.499963 0.495786
vt 0.499963 0.495786
vt 0.501524 0.495427
vt 0.495845 0.495198
vt 0.495116 0.495502
vt 0.495236 0.49602997
vt 0.502502 0.49587798
vt 0.501476 0.49578404
vt 0.501586 0.496148
vt 0.495391 0.50118202
vt 0.495116 0.500058
vt 0.495845 0.500028
vt 0.503061 0.49557304
vt 0.501476 0.49578404
vt 0.502502 0.49587798
vt 0.503061 0.49557304
vt 0.495845 0.500028
vt 0.496262 0.50152397
vt 0.495898 0.50174803
vt 0.495845 0.500028
vt 0.495898 0.50174803
vt 0.495391 0.50118202
vt 0.496262 0.50152397
vt 0.497293 0.503061
vt 0.495898 0.50174803
vt 0.500058 0.495502
vt 0.501182 0.49539196
vt 0.501516 0.49578
vt 0.500058 0.495502
vt 0.501516 0.49578
vt 0.500009 0.49602997
vt 0.495972 0.502541
vt 0.495391 0.50118202
vt 0.495898 0.50174803
vt 0.502541 0.495507
vt 0.501516 0.49578
vt 0.501736 0.496162
vt 0.500009 0.49602997
vt 0.501516 0.49578
vt 0.495236 0.500009
vt 0.495586 0.501736
vt 0.49621 0.50228
vt 0.502996 0.49627697
vt 0.501736 0.496162
vt 0.501516 0.49578
vt 0.495586 0.501736
vt 0.496344 0.50299603
vt 0.49621 0.50228
vt 0.503164 0.495928
vt 0.501516 0.49578
vt 0.502541 0.495507
vt 0.501516 0.49578
vt 0.503164 0.495928
vt 0.502996 0.49627697
vt 0.496948 0.503654
vt 0.495972 0.502541
vt 0.495898 0.50174803
vt 0.502541 0.495507
vt 0.503654 0.49562204
vt 0.503164 0.495928
vt 0.497711 0.503834
vt 0.495898 0.50174803
vt 0.497293 0.503061
vt 0.495898 0.50174803
vt 0.497711 0.503834
vt 0.496948 0.503654
vt 0.497452 0.49638903
vt 0.496344 0.49627697
vt 0.496264 0.495928
vt 0.497424 0.496045
vt 0.496264 0.495928
vt 0.496948 0.49562204
vt 0.496264 0.495928
vt 0.497424 0.496045
vt 0.497452 0.49638903
vt 0.498222 0.50441098
vt 0.496948 0.503654
vt 0.497711 0.503834
vt 0.496948 0.49562204
vt 0.498222 0.49573302
vt 0.497424 0.496045
vt 0.496344 0.50299603
vt 0.497452 0.50395697
vt 0.497996 0.503861
vt 0.497996 0.503861
vt 0.49621 0.50228
vt 0.496344 0.50299603
vt 0.499484 0.49655104
vt 0.497452 0.49638903
vt 0.497424 0.496045
vt 0.497452 0.50395697
vt 0.499484 0.504699
vt 0.497996 0.503861
vt 0.498834 0.496158
vt 0.497424 0.496045
vt 0.498222 0.49573302
vt 0.497424 0.496045
vt 0.498834 0.496158
vt 0.499484 0.49655104
vt 0.498222 0.49573302
vt 0.499672 0.49584198
vt 0.498834 0.496158
vt 0.499672 0.50473702
vt 0.498222 0.50441098
vt 0.497711 0.503834
vt 0.498834 0.496158
vt 0.500352 0.49626803
vt 0.499484 0.49655104
vt 0.500352 0.49626803
vt 0.498834 0.496158
vt 0.499672 0.49584198
vt 0.497907 0.50344402
vt 0.496257 0.50158602
vt 0.49621 0.50228
vt 0.497996 0.503861
vt 0.497907 0.50344402
vt 0.501586 0.496148
vt 0.503444 0.49634004
vt 0.499984 0.50431103
vt 0.499484 0.504699
vt 0.498215 0.49599302
vt 0.497043 0.49587798
vt 0.497907 0.49634004
vt 0.497043 0.50250202
vt 0.498215 0.50344402
vt 0.497293 0.503061
vt 0.500326 0.503972
vt 0.497907 0.50344402
vt 0.497996 0.503861
vt 0.497996 0.503861
vt 0.499984 0.50431103
vt 0.500326 0.503972
vt 0.499671 0.496103
vt 0.498215 0.49599302
vt 0.497907 0.49634004
vt 0.497907 0.49634004
vt 0.500326 0.496521
vt 0.499671 0.496103
vt 0.499601 0.49575996
vt 0.497293 0.49557304
vt 0.498215 0.49599302
vt 0.498215 0.49599302
vt 0.499601 0.49575996
vt 0.499601 0.504058
vt 0.500871 0.496189
vt 0.500326 0.496521
vt 0.499671 0.496103
vt 0.500871 0.496189
vt 0.499601 0.49575996
vt 0.500059 0.50442803
vt 0.499672 0.50473702
vt 0.500059 0.50442803
vt 0.497711 0.503834
vt 0.499601 0.504058
vt 0.501154 0.50459802
vt 0.500059 0.50442803
vt 0.499672 0.49584198
vt 0.501154 0.49594796
vt 0.500352 0.49626803
vt 0.50241 0.50374502
vt 0.500059 0.50442803
vt 0.499601 0.504058
vt 0.500059 0.50442803
vt 0.50241 0.50374502
vt 0.502066 0.49593604
vt 0.499601 0.49575996
vt 0.500871 0.496189
vt 0.499601 0.504058
vt 0.502066 0.503502
vt 0.50241 0.50374502
vt 0.501982 0.496271
vt 0.500871 0.496189
vt 0.500326 0.496521
vt 0.500871 0.496189
vt 0.501982 0.496271
vt 0.502066 0.49593604
vt 0.499984 0.50431103
vt 0.502265 0.503649
vt 0.500326 0.503972
vt 0.502265 0.503649
vt 0.499984 0.50431103
vt 0.499484 0.504699
vt 0.500326 0.496521
vt 0.502586 0.49669003
vt 0.501982 0.496271
vt 0.502586 0.502977
vt 0.500326 0.503972
vt 0.502265 0.503649
vt 0.501982 0.496271
vt 0.502894 0.496351
vt 0.502066 0.49593604
vt 0.502894 0.496351
vt 0.502586 0.49669003
vt 0.499484 0.504699
vt 0.502332 0.504057
vt 0.502265 0.503649
vt 0.502332 0.496754
vt 0.499484 0.49655104
vt 0.500352 0.49626803
vt 0.502265 0.503649
vt 0.503958 0.50155902
vt 0.502586 0.502977
vt 0.503958 0.50155902
vt 0.502265 0.503649
vt 0.502332 0.504057
vt 0.50183 0.496374
vt 0.500352 0.49626803
vt 0.501154 0.49594796
vt 0.500352 0.49626803
vt 0.50183 0.496374
vt 0.502332 0.496754
vt 0.501154 0.49594796
vt 0.502521 0.49605
vt 0.50183 0.496374
vt 0.502521 0.504005
vt 0.501154 0.50459802
vt 0.50183 0.496374
vt 0.503122 0.496477
vt 0.502332 0.496754
vt 0.503122 0.496477
vt 0.50183 0.496374
vt 0.502521 0.49605
vt 0.503641 0.503016
vt 0.502521 0.504005
vt 0.50241 0.50374502
vt 0.502521 0.49605
vt 0.503641 0.496149
vt 0.50417 0.50156897
vt 0.50241 0.50374502
vt 0.502066 0.503502
vt 0.50241 0.50374502
vt 0.50417 0.50156897
vt 0.503641 0.503016
vt 0.504248 0.501871
vt 0.502332 0.504057
vt 0.503122 0.50367302
vt 0.502332 0.504057
vt 0.504248 0.501871
vt 0.503958 0.50155902
vt 0.50251 0.49657702
vt 0.503673 0.496477
vt 0.503016 0.496149
vt 0.503122 0.50367302
vt 0.504101 0.50251
vt 0.504248 0.501871
vt 0.503016 0.496149
vt 0.501729 0.49624598
vt 0.50251 0.49657702
vt 0.504398 0.501729
vt 0.503641 0.503016
vt 0.50417 0.50156897
vt 0.50251 0.49657702
vt 0.501099 0.496675
vt 0.501871 0.49694598
vt 0.501099 0.496675
vt 0.50251 0.49657702
vt 0.501729 0.49624598
vt 0.502066 0.503502
vt 0.503739 0.50159198
vt 0.50417 0.50156897
vt 0.501592 0.496103
vt 0.503502 0.49593604
vt 0.50247 0.496351
vt 0.504721 0.50026703
vt 0.504398 0.501729
vt 0.50417 0.50156897
vt 0.501729 0.49624598
vt 0.500267 0.496342
vt 0.501099 0.496675
vt 0.50247 0.496351
vt 0.501438 0.49643004
vt 0.501438 0.49643004
vt 0.50247 0.496351
vt 0.502977 0.49669003
vt 0.504302 0.49876404
vt 0.50417 0.50156897
vt 0.504302 0.49876404
vt 0.504721 0.50026703
vt 0.502977 0.49669003
vt 0.50145 0.49681103
vt 0.501438 0.49643004
vt 0.503594 0.50145
vt 0.502586 0.502977
vt 0.503958 0.50155902
vt 0.501438 0.49643004
vt 0.500261 0.496507
vt 0.501592 0.496103
vt 0.500261 0.496507
vt 0.501438 0.49643004
vt 0.50145 0.49681103
vt 0.503859 0.500251
vt 0.503594 0.50145
vt 0.503958 0.50155902
vt 0.50145 0.49681103
vt 0.500251 0.49689
vt 0.500261 0.496507
vt 0.504085 0.498891
vt 0.503958 0.50155902
vt 0.504248 0.501871
vt 0.501559 0.497032
vt 0.498891 0.497203
vt 0.500251 0.49689
vt 0.499051 0.496265
vt 0.501592 0.496103
vt 0.503739 0.50159198
vt 0.503968 0.49905097
vt 0.504302 0.49876404
vt 0.499057 0.496584
vt 0.500261 0.496507
vt 0.500261 0.496507
vt 0.499057 0.496584
vt 0.499051 0.496265
vt 0.499029 0.49696803
vt 0.499057 0.496584
vt 0.503739 0.49902904
vt 0.503859 0.500251
vt 0.504085 0.498891
vt 0.499057 0.496584
vt 0.497944 0.49666202
vt 0.499051 0.496265
vt 0.497944 0.49666202
vt 0.499057 0.496584
vt 0.499029 0.49696803
vt 0.504248 0.501871
vt 0.504509 0.498985
vt 0.504085 0.498891
vt 0.504509 0.498985
vt 0.504673 0.501099
vt 0.503248 0.49790502
vt 0.503739 0.49902904
vt 0.504085 0.498891
vt 0.497905 0.49704802
vt 0.501099 0.496675
vt 0.499584 0.496772
vt 0.498985 0.49713004
vt 0.501099 0.496675
vt 0.500267 0.496342
vt 0.502619 0.496678
vt 0.504085 0.498891
vt 0.504509 0.498985
vt 0.498891 0.497203
vt 0.496678 0.49737597
vt 0.497905 0.49704802
vt 0.500267 0.496342
vt 0.498774 0.49643803
vt 0.499584 0.496772
vt 0.504575 0.498774
vt 0.504721 0.50026703
vt 0.504302 0.49876404
vt 0.499584 0.496772
vt 0.498108 0.49687004
vt 0.498985 0.49713004
vt 0.498108 0.49687004
vt 0.499584 0.496772
vt 0.498774 0.49643803
vt 0.503974 0.4974
vt 0.504575 0.498774
vt 0.504302 0.49876404
vt 0.498774 0.49643803
vt 0.4974 0.496535
vt 0.498108 0.49687004
vt 0.502743 0.496414
vt 0.504302 0.49876404
vt 0.503968 0.49905097
vt 0.502743 0.496414
vt 0.503974 0.4974
vt 0.503029 0.49650896
vt 0.504509 0.498985
vt 0.504412 0.49810803
vt 0.504509 0.498985
vt 0.503029 0.49650896
vt 0.502619 0.496678
vt 0.496821 0.49696898
vt 0.4974 0.496535
vt 0.504412 0.49810803
vt 0.503605 0.496821
vt 0.503029 0.49650896
vt 0.4974 0.496535
vt 0.496278 0.496634
vt 0.496821 0.49696898
vt 0.502976 0.496278
vt 0.503974 0.4974
vt 0.502743 0.496414
vt 0.503605 0.49696898
vt 0.502441 0.49707
vt 0.503029 0.49731696
vt 0.502441 0.49707
vt 0.503605 0.49696898
vt 0.502976 0.496634
vt 0.503968 0.49905097
vt 0.502651 0.49685204
vt 0.502743 0.496414
vt 0.496852 0.496431
vt 0.499051 0.496265
vt 0.497944 0.49666202
vt 0.501678 0.49551904
vt 0.502976 0.496278
vt 0.502743 0.496414
vt 0.502976 0.496634
vt 0.501678 0.49673498
vt 0.502441 0.49707
vt 0.503211 0.497944
vt 0.502416 0.497034
vt 0.502651 0.49685204
vt 0.497034 0.496742
vt 0.497944 0.49666202
vt 0.497905 0.49704802
vt 0.500089 0.495434
vt 0.502743 0.496414
vt 0.502651 0.49685204
vt 0.500089 0.495434
vt 0.497905 0.49704802
vt 0.49699 0.497128
vt 0.497034 0.496742
vt 0.502434 0.49698997
vt 0.503248 0.49790502
vt 0.502619 0.496678
vt 0.502416 0.497034
vt 0.501103 0.496293
vt 0.502651 0.49685204
vt 0.501103 0.496845
vt 0.502416 0.496742
vt 0.502434 0.497128
vt 0.501379 0.496373
vt 0.502434 0.49698997
vt 0.502619 0.496678
vt 0.502434 0.497128
vt 0.501379 0.49721098
vt 0.501103 0.496845
vt 0.502619 0.49737597
vt 0.500146 0.49755704
vt 0.501379 0.49721098
vt 0.500146 0.49576497
vt 0.502619 0.496678
vt 0.503029 0.49650896
vt 0.501379 0.49721098
vt 0.500187 0.49729598
vt 0.501103 0.496845
vt 0.500187 0.49611402
vt 0.501379 0.496373
vt 0.500146 0.49576497
vt 0.500278 0.49660802
vt 0.502651 0.496431
vt 0.501103 0.496845
vt 0.502651 0.49685204
vt 0.500278 0.495843
vt 0.500089 0.495434
vt 0.499587 0.496952
vt 0.501103 0.496293
vt 0.499587 0.49615002
vt 0.500278 0.495843
vt 0.498695 0.496302
vt 0.500187 0.49611402
vt 0.500146 0.49576497
vt 0.498695 0.497405
vt 0.503029 0.49650896
vt 0.500384 0.495385
vt 0.500146 0.49576497
vt 0.500384 0.495385
vt 0.503029 0.49650896
vt 0.502441 0.495848
vt 0.497526 0.497756
vt 0.498695 0.497405
vt 0.497526 0.49648798
vt 0.500146 0.49576497
vt 0.500384 0.495385
vt 0.501035 0.49717402
vt 0.502441 0.49707
vt 0.501678 0.49673498
vt 0.502441 0.495848
vt 0.501035 0.49528396
vt 0.500384 0.495385
vt 0.501678 0.49673498
vt 0.500205 0.496841
vt 0.501035 0.49717402
vt 0.500205 0.495198
vt 0.501678 0.49551904
vt 0.500089 0.495434
vt 0.501035 0.49717402
vt 0.499525 0.49728203
vt 0.500384 0.497514
vt 0.499525 0.49728203
vt 0.501035 0.49717402
vt 0.500205 0.496841
vt 0.498384 0.49697304
vt 0.500205 0.496841
vt 0.500089 0.496594
vt 0.500205 0.496841
vt 0.498384 0.49697304
vt 0.499525 0.49728203
vt 0.49727 0.49621296
vt 0.500089 0.495434
vt 0.500278 0.495843
vt 0.500089 0.495434
vt 0.49727 0.49621296
vt 0.498384 0.495427
vt 0.497504 0.496046
vt 0.499525 0.495183
vt 0.497504 0.496046
vt 0.497526 0.49648798
vt 0.498041 0.497393
vt 0.498384 0.49697304
vt 0.499525 0.495183
vt 0.498041 0.49555504
vt 0.497504 0.496046
vt 0.496743 0.497505
vt 0.498041 0.497393
vt 0.498384 0.49697304
vt 0.498041 0.497393
vt 0.496743 0.497505
vt 0.497504 0.49773002
vt 0.496686 0.49711704
vt 0.498384 0.49697304
vt 0.49727 0.496808
vt 0.498384 0.49697304
vt 0.496686 0.49711704
vt 0.496743 0.497505
vt 0.500278 0.495843
vt 0.497652 0.496449
vt 0.49727 0.49621296
vt 0.497652 0.496805
vt 0.500278 0.49660802
vt 0.499587 0.496952
vt 0.49742 0.497621
vt 0.496282 0.497505
vt 0.496337 0.49711704
vt 0.499587 0.496952
vt 0.498372 0.497043
vt 0.497652 0.496805
vt 0.498372 0.497043
vt 0.499587 0.496952
vt 0.49564 0.497486
vt 0.496686 0.496337
vt 0.49727 0.49621296
vt 0.496337 0.49711704
vt 0.497486 0.497234
vt 0.49742 0.497621
vt 0.497308 0.49713397
vt 0.498372 0.497043
vt 0.498695 0.497405
vt 0.498372 0.49645603
vt 0.497308 0.497051
vt 0.497652 0.496449
vt 0.496743 0.49628198
vt 0.495686 0.49742
vt 0.495552 0.49810004
vt 0.495552 0.49810004
vt 0.497504 0.496046
vt 0.496743 0.49628198
vt 0.498695 0.497405
vt 0.497294 0.497523
vt 0.497308 0.49713397
vt 0.497294 0.497052
vt 0.497526 0.49648798
vt 0.496236 0.49695098
vt 0.497652 0.496805
vt 0.497308 0.49713397
vt 0.495819 0.49847198
vt 0.497526 0.49648798
vt 0.497504 0.496046
vt 0.497504 0.496046
vt 0.495552 0.49810004
vt 0.495819 0.49847198
vt 0.497981 0.497617
vt 0.497052 0.497523
vt 0.496488 0.497756
vt 0.496488 0.497756
vt 0.498472 0.49795198
vt 0.497981 0.497617
vt 0.49797 0.49722898
vt 0.497051 0.49713397
vt 0.497052 0.497523
vt 0.497052 0.497523
vt 0.497981 0.497617
vt 0.49797 0.49722898
vt 0.497308 0.497051
vt 0.496454 0.49796999
vt 0.496236 0.497797
vt 0.49541 0.498376
vt 0.49727 0.49621296
vt 0.497652 0.496449
vt 0.497652 0.496449
vt 0.496236 0.497797
vt 0.49541 0.498376
vt 0.49541 0.498376
vt 0.49564 0.497486
vt 0.495551 0.499344
vt 0.496236 0.497797
vt 0.496454 0.49796999
vt 0.496236 0.497797
vt 0.495551 0.499344
vt 0.499135 0.497325
vt 0.496454 0.49796999
vt 0.495919 0.49913502
vt 0.495551 0.499344
vt 0.497981 0.497617
vt 0.499149 0.49771297
vt 0.499135 0.497325
vt 0.495927 0.49914896
vt 0.496449 0.497981
vt 0.495819 0.49847198
vt 0.495919 0.49913502
vt 0.495772 0.50043303
vt 0.495551 0.499344
vt 0.500433 0.49742198
vt 0.499135 0.497325
vt 0.499149 0.49771297
vt 0.500446 0.49781096
vt 0.499149 0.49771297
vt 0.498472 0.49795198
vt 0.499149 0.49771297
vt 0.500446 0.49781096
vt 0.500433 0.49742198
vt 0.498472 0.49795198
vt 0.501235 0.49815798
vt 0.500446 0.49781096
vt 0.495593 0.501235
vt 0.495819 0.49847198
vt 0.495552 0.49810004
vt 0.501736 0.49751997
vt 0.500446 0.49781096
vt 0.501458 0.497234
vt 0.499344 0.497078
vt 0.500433 0.49742198
vt 0.495772 0.50043303
vt 0.496043 0.501736
vt 0.495616 0.501458
vt 0.496075 0.50173903
vt 0.495793 0.50044602
vt 0.495593 0.501235
vt 0.501739 0.497908
vt 0.501736 0.49751997
vt 0.495551 0.499344
vt 0.495616 0.501458
vt 0.495163 0.50140798
vt 0.495163 0.50140798
vt 0.49541 0.498376
vt 0.495551 0.499344
vt 0.50291 0.497617
vt 0.501739 0.497908
vt 0.496675 0.503361
vt 0.495616 0.501458
vt 0.496043 0.501736
vt 0.496043 0.501736
vt 0.496718 0.50291002
vt 0.496675 0.503361
vt 0.501739 0.497908
vt 0.502898 0.49800396
vt 0.50291 0.497617
vt 0.502898 0.49800396
vt 0.501739 0.497908
vt 0.501235 0.49815798
vt 0.496718 0.50291002
vt 0.497744 0.50383103
vt 0.496675 0.503361
vt 0.497744 0.49771202
vt 0.496718 0.497617
vt 0.496757 0.49800396
vt 0.495616 0.501458
vt 0.496675 0.503361
vt 0.496816 0.504084
vt 0.496816 0.504084
vt 0.495163 0.50140798
vt 0.495616 0.501458
vt 0.498537 0.504596
vt 0.496675 0.503361
vt 0.497744 0.50383103
vt 0.496675 0.503361
vt 0.498537 0.504596
vt 0.496816 0.504084
vt 0.496757 0.49800396
vt 0.497785 0.49809897
vt 0.497744 0.49771202
vt 0.497744 0.50383103
vt 0.499027 0.504395
vt 0.498537 0.504596
vt 0.499027 0.497805
vt 0.497744 0.49771202
vt 0.497785 0.49809897
vt 0.501235 0.49815798
vt 0.503662 0.498362
vt 0.502898 0.49800396
vt 0.497785 0.503802
vt 0.496757 0.50289798
vt 0.497092 0.503662
vt 0.495157 0.50109297
vt 0.495593 0.501235
vt 0.497092 0.503662
vt 0.495593 0.501235
vt 0.495157 0.50109297
vt 0.497785 0.49809897
vt 0.49906 0.49819
vt 0.499027 0.497805
vt 0.49906 0.49819
vt 0.497785 0.49809897
vt 0.497092 0.498362
vt 0.495157 0.50109297
vt 0.495552 0.49810004
vt 0.495027 0.49885404
vt 0.49742 0.497621
vt 0.498854 0.49774003
vt 0.4981 0.49794197
vt 0.498854 0.49774003
vt 0.49742 0.497621
vt 0.497486 0.497234
vt 0.498929 0.497352
vt 0.498854 0.49774003
vt 0.498929 0.497352
vt 0.497486 0.497234
vt 0.498376 0.49702203
vt 0.495027 0.49885404
vt 0.494847 0.50044298
vt 0.495157 0.50109297
vt 0.500443 0.497859
vt 0.49483 0.50052398
vt 0.494995 0.49892902
vt 0.49541 0.498376
vt 0.498929 0.497352
vt 0.500524 0.497472
vt 0.500443 0.497859
vt 0.49541 0.498376
vt 0.49483 0.50052398
vt 0.500443 0.497859
vt 0.50203 0.49797797
vt 0.501093 0.49816704
vt 0.50203 0.49797797
vt 0.500443 0.497859
vt 0.500524 0.497472
vt 0.502115 0.49759197
vt 0.500524 0.497472
vt 0.501408 0.497248
vt 0.500524 0.497472
vt 0.502115 0.49759197
vt 0.50203 0.49797797
vt 0.496015 0.50353903
vt 0.495177 0.502115
vt 0.495163 0.50140798
vt 0.495163 0.50140798
vt 0.496816 0.504084
vt 0.496015 0.50353903
vt 0.503453 0.498096
vt 0.50203 0.49797797
vt 0.502115 0.49759197
vt 0.503539 0.49771
vt 0.503453 0.498096
vt 0.496657 0.503806
vt 0.495177 0.50203001
vt 0.495995 0.50345302
vt 0.496657 0.503806
vt 0.495157 0.50109297
vt 0.496657 0.503806
vt 0.497092 0.503662
vt 0.497568 0.49824
vt 0.495995 0.498096
vt 0.496015 0.49771
vt 0.495995 0.498096
vt 0.497568 0.49824
vt 0.496657 0.498389
vt 0.497274 0.49782598
vt 0.496015 0.49771
vt 0.496816 0.497473
vt 0.496015 0.49771
vt 0.497274 0.49782598
vt 0.497568 0.49824
vt 0.499805 0.50475597
vt 0.497092 0.503662
vt 0.496657 0.503806
vt 0.497092 0.498362
vt 0.499805 0.498554
vt 0.49906 0.49819
vt 0.498834 0.50531298
vt 0.497274 0.504646
vt 0.496816 0.504084
vt 0.497274 0.49782598
vt 0.498834 0.49793804
vt 0.497568 0.49824
vt 0.499543 0.50512898
vt 0.496657 0.503806
vt 0.497568 0.50479198
vt 0.496657 0.503806
vt 0.499543 0.50512898
vt 0.499805 0.50475597
vt 0.499607 0.49837697
vt 0.497568 0.50479198
vt 0.499607 0.50538898
vt 0.499543 0.50512898
vt 0.496816 0.504084
vt 0.499824 0.505297
vt 0.498834 0.50531298
vt 0.499824 0.505297
vt 0.496816 0.504084
vt 0.498537 0.504596
vt 0.500547 0.49804604
vt 0.499607 0.49837697
vt 0.500547 0.49804604
vt 0.498834 0.49793804
vt 0.499824 0.49768603
vt 0.501724 0.498509
vt 0.500547 0.49804604
vt 0.499607 0.50538898
vt 0.501724 0.50520498
vt 0.499543 0.50512898
vt 0.50224 0.505067
vt 0.500547 0.505463
vt 0.499824 0.505297
vt 0.50224 0.498151
vt 0.500812 0.504844
vt 0.499824 0.505297
vt 0.500812 0.504844
vt 0.498537 0.504596
vt 0.499027 0.504395
vt 0.499824 0.49768603
vt 0.502225 0.49783397
vt 0.50224 0.498151
vt 0.502225 0.50483102
vt 0.499824 0.505297
vt 0.500812 0.504844
vt 0.500442 0.497895
vt 0.499027 0.497805
vt 0.49906 0.49819
vt 0.500442 0.504533
vt 0.500462 0.49827898
vt 0.500442 0.497895
vt 0.500462 0.50447
vt 0.49906 0.50434798
vt 0.499805 0.50475597
vt 0.500442 0.504533
vt 0.501852 0.504219
vt 0.500812 0.504844
vt 0.501852 0.49798203
vt 0.500462 0.49827898
vt 0.501849 0.49836397
vt 0.500462 0.49827898
vt 0.499805 0.498554
vt 0.500462 0.49827898
vt 0.501849 0.49836397
vt 0.501852 0.49798203
vt 0.502706 0.504013
vt 0.499805 0.50475597
vt 0.499543 0.50512898
vt 0.499805 0.498554
vt 0.502706 0.49873304
vt 0.501849 0.49836397
vt 0.502998 0.497823
vt 0.500812 0.49768603
vt 0.501852 0.49798203
vt 0.500812 0.504844
vt 0.502998 0.504
vt 0.502225 0.50483102
vt 0.503394 0.49808598
vt 0.501852 0.49798203
vt 0.501849 0.49836397
vt 0.501852 0.504219
vt 0.503394 0.503249
vt 0.502998 0.504
vt 0.503085 0.503394
vt 0.501849 0.50414598
vt 0.502706 0.504013
vt 0.501849 0.49836397
vt 0.503085 0.498447
vt 0.503394 0.49808598
vt 0.499543 0.50512898
vt 0.502724 0.50446302
vt 0.502706 0.504013
vt 0.502724 0.50446302
vt 0.499543 0.50512898
vt 0.501724 0.50520498
vt 0.502282 0.49852598
vt 0.503394 0.498447
vt 0.504013 0.49873304
vt 0.503394 0.498447
vt 0.502282 0.49852598
vt 0.503249 0.49808598
vt 0.504645 0.50164998
vt 0.502706 0.504013
vt 0.502724 0.50446302
vt 0.504013 0.49873304
vt 0.50165 0.49889803
vt 0.502282 0.49852598
vt 0.503633 0.498632
vt 0.502724 0.49879503
vt 0.503633 0.498632
vt 0.501724 0.498509
vt 0.50224 0.498151
vt 0.502724 0.50446302
vt 0.504928 0.501989
vt 0.504645 0.50164998
vt 0.504928 0.501989
vt 0.502724 0.50446302
vt 0.503633 0.504143
vt 0.50224 0.498151
vt 0.503742 0.49825096
vt 0.503633 0.498632
vt 0.503742 0.49825096
vt 0.50224 0.498151
vt 0.502225 0.49783397
vt 0.503633 0.504143
vt 0.505022 0.502468
vt 0.504928 0.501989
vt 0.502468 0.498752
vt 0.504143 0.498632
vt 0.504154 0.49825096
vt 0.502225 0.49783397
vt 0.503659 0.49793
vt 0.503742 0.49825096
vt 0.503659 0.503937
vt 0.502225 0.50483102
vt 0.502998 0.504
vt 0.504154 0.49825096
vt 0.502801 0.498348
vt 0.502468 0.498752
vt 0.502801 0.498348
vt 0.504154 0.49825096
vt 0.503937 0.49793
vt 0.504758 0.50262398
vt 0.503659 0.503937
vt 0.502998 0.504
vt 0.503937 0.49793
vt 0.502624 0.49802303
vt 0.502801 0.498348
vt 0.502801 0.498348
vt 0.50114 0.498442
vt 0.50114 0.498442
vt 0.502801 0.498348
vt 0.502624 0.49802303
vt 0.505022 0.502468
vt 0.505623 0.50031298
vt 0.504928 0.501989
vt 0.500313 0.49886703
vt 0.502468 0.498752
vt 0.50114 0.498442
vt 0.502998 0.504
vt 0.504584 0.50221097
vt 0.504758 0.50262398
vt 0.504584 0.50221097
vt 0.502998 0.504
vt 0.503394 0.503249
vt 0.502624 0.49802303
vt 0.501018 0.498114
vt 0.50114 0.498442
vt 0.5054 0.501018
vt 0.504584 0.50221097
vt 0.50114 0.498442
vt 0.499331 0.498536
vt 0.500313 0.49886703
vt 0.499331 0.498536
vt 0.50114 0.498442
vt 0.501018 0.498114
vt 0.503394 0.503249
vt 0.504591 0.501351
vt 0.504584 0.50221097
vt 0.501351 0.49820602
vt 0.503249 0.49808598
vt 0.504584 0.50221097
vt 0.505138 0.500237
vt 0.5054 0.501018
vt 0.505138 0.500237
vt 0.504584 0.50221097
vt 0.504591 0.501351
vt 0.502282 0.49852598
vt 0.500913 0.498604
vt 0.501351 0.49820602
vt 0.504599 0.50091302
vt 0.504036 0.50228202
vt 0.504645 0.50164998
vt 0.50479 0.499075
vt 0.499075 0.49832404
vt 0.501351 0.49820602
vt 0.505511 0.499268
vt 0.5054 0.501018
vt 0.505138 0.500237
vt 0.501018 0.498114
vt 0.499268 0.498204
vt 0.499331 0.498536
vt 0.499423 0.498681
vt 0.500913 0.498604
vt 0.50165 0.49889803
vt 0.500913 0.498604
vt 0.499423 0.498681
vt 0.499075 0.49832404
vt 0.50165 0.49889803
vt 0.499373 0.499017
vt 0.499423 0.498681
vt 0.504904 0.49937296
vt 0.504645 0.50164998
vt 0.504928 0.501989
vt 0.499423 0.498681
vt 0.497956 0.49875796
vt 0.497956 0.49875796
vt 0.499423 0.498681
vt 0.499373 0.499017
vt 0.504938 0.49820304
vt 0.505138 0.500237
vt 0.50479 0.499075
vt 0.505138 0.500237
vt 0.504938 0.49820304
vt 0.505511 0.499268
vt 0.497249 0.49842203
vt 0.499075 0.49832404
vt 0.497956 0.49875796
vt 0.50479 0.499075
vt 0.504099 0.497249
vt 0.504938 0.49820304
vt 0.504928 0.501989
vt 0.505277 0.499048
vt 0.504904 0.49937296
vt 0.505277 0.499048
vt 0.504928 0.501989
vt 0.505623 0.50031298
vt 0.499373 0.499017
vt 0.497849 0.499098
vt 0.497956 0.49875796
vt 0.504511 0.497849
vt 0.504904 0.49937296
vt 0.505277 0.499048
vt 0.497956 0.49875796
vt 0.496662 0.49883604
vt 0.497249 0.49842203
vt 0.496662 0.49883604
vt 0.497956 0.49875796
vt 0.497849 0.499098
vt 0.505623 0.50031298
vt 0.50549 0.498527
vt 0.505277 0.499048
vt 0.498527 0.498958
vt 0.500313 0.49886703
vt 0.499331 0.498536
vt 0.505277 0.499048
vt 0.504308 0.49667597
vt 0.504511 0.497849
vt 0.504308 0.49667597
vt 0.505277 0.499048
vt 0.50549 0.498527
vt 0.496512 0.499179
vt 0.496662 0.49883604
vt 0.503655 0.496512
vt 0.504511 0.497849
vt 0.504308 0.49667597
vt 0.499331 0.498536
vt 0.497555 0.49862897
vt 0.498527 0.498958
vt 0.497555 0.49862897
vt 0.499331 0.498536
vt 0.499268 0.498204
vt 0.504803 0.49685597
vt 0.504308 0.49667597
vt 0.496856 0.49905002
vt 0.498527 0.498958
vt 0.499268 0.498204
vt 0.497557 0.498294
vt 0.497555 0.49862897
vt 0.505067 0.49755704
vt 0.505511 0.499268
vt 0.504938 0.49820304
vt 0.497555 0.49862897
vt 0.495989 0.49872398
vt 0.496856 0.49905002
vt 0.495989 0.49872398
vt 0.497555 0.49862897
vt 0.497557 0.498294
vt 0.504803 0.49685597
vt 0.503621 0.49547398
vt 0.504308 0.49667597
vt 0.495474 0.49914396
vt 0.496856 0.49905002
vt 0.495989 0.49872398
vt 0.504105 0.496055
vt 0.505067 0.49755704
vt 0.504938 0.49820304
vt 0.497557 0.498294
vt 0.496055 0.49838603
vt 0.495989 0.49872398
vt 0.504301 0.49872398
vt 0.502871 0.49882197
vt 0.503621 0.49914396
vt 0.502871 0.49882197
vt 0.504301 0.49872398
vt 0.504105 0.49838603
vt 0.504938 0.49820304
vt 0.503349 0.49574304
vt 0.504105 0.496055
vt 0.503349 0.49574304
vt 0.504938 0.49820304
vt 0.504099 0.497249
vt 0.504105 0.49838603
vt 0.502706 0.49847996
vt 0.502706 0.494914
vt 0.504105 0.496055
vt 0.503349 0.49574304
vt 0.502061 0.499242
vt 0.503621 0.49914396
vt 0.502871 0.49882197
vt 0.501128 0.498923
vt 0.502871 0.49882197
vt 0.502706 0.49847996
vt 0.502871 0.49882197
vt 0.501128 0.498923
vt 0.502061 0.499242
vt 0.50101 0.49426
vt 0.502706 0.494914
vt 0.503349 0.49574304
vt 0.502706 0.49847996
vt 0.50101 0.49857903
vt 0.501128 0.498923
vt 0.504099 0.497249
vt 0.503082 0.496058
vt 0.503349 0.49574304
vt 0.496058 0.49850297
vt 0.497249 0.49842203
vt 0.496662 0.49883604
vt 0.503621 0.49547398
vt 0.502061 0.494523
vt 0.501961 0.49478197
vt 0.501961 0.49478197
vt 0.504308 0.49667597
vt 0.503621 0.49547398
vt 0.503538 0.49883604
vt 0.502354 0.49891698
vt 0.503082 0.49850297
vt 0.502354 0.49891698
vt 0.503538 0.49883604
vt 0.503655 0.499179
vt 0.502417 0.49550104
vt 0.503655 0.496512
vt 0.504308 0.49667597
vt 0.503655 0.499179
vt 0.502417 0.499263
vt 0.502354 0.49891698
vt 0.504308 0.49667597
vt 0.501961 0.49478197
vt 0.502417 0.49550104
vt 0.501382 0.498609
vt 0.503082 0.49850297
vt 0.502354 0.49891698
vt 0.503082 0.496058
vt 0.501382 0.49508
vt 0.503349 0.49574304
vt 0.50091 0.49900103
vt 0.502417 0.499263
vt 0.502354 0.49891698
vt 0.50091 0.49900103
vt 0.500917 0.49492204
vt 0.502417 0.49550104
vt 0.501961 0.49478197
vt 0.502417 0.499263
vt 0.500917 0.49935
vt 0.50091 0.49900103
vt 0.500179 0.498501
vt 0.503349 0.49831498
vt 0.503349 0.49574304
vt 0.500179 0.494447
vt 0.50101 0.49426
vt 0.499364 0.498721
vt 0.501382 0.498609
vt 0.50091 0.49900103
vt 0.501382 0.49508
vt 0.499364 0.494874
vt 0.499347 0.499089
vt 0.50091 0.49900103
vt 0.500917 0.49935
vt 0.50091 0.49900103
vt 0.499347 0.499089
vt 0.499364 0.498721
vt 0.499298 0.494838
vt 0.500917 0.49492204
vt 0.501961 0.49478197
vt 0.500917 0.49935
vt 0.499298 0.49944103
vt 0.499347 0.499089
vt 0.502061 0.494523
vt 0.500267 0.494101
vt 0.501961 0.49478197
vt 0.500267 0.49934304
vt 0.502061 0.499242
vt 0.501128 0.498923
vt 0.501961 0.49478197
vt 0.499345 0.49445903
vt 0.499298 0.494838
vt 0.499345 0.49445903
vt 0.501961 0.49478197
vt 0.500267 0.494101
vt 0.499243 0.49902904
vt 0.501128 0.498923
vt 0.50101 0.49857903
vt 0.501128 0.498923
vt 0.499243 0.49902904
vt 0.500267 0.49934304
vt 0.499179 0.49416602
vt 0.50101 0.49426
vt 0.500179 0.494447
vt 0.50101 0.49857903
vt 0.499179 0.498681
vt 0.499243 0.49902904
vt 0.500267 0.494101
vt 0.49842 0.49426
vt 0.499345 0.49445903
vt 0.49842 0.499448
vt 0.500267 0.49934304
vt 0.497405 0.499139
vt 0.499243 0.49902904
vt 0.499179 0.498681
vt 0.499243 0.49902904
vt 0.497405 0.499139
vt 0.49842 0.499448
vt 0.497398 0.494649
vt 0.499179 0.49416602
vt 0.500179 0.494447
vt 0.499179 0.498681
vt 0.497398 0.498788
vt 0.497405 0.499139
vt 0.497201 0.49512
vt 0.500179 0.494447
vt 0.499364 0.494874
vt 0.500179 0.494447
vt 0.497201 0.49512
vt 0.497794 0.498814
vt 0.499364 0.498721
vt 0.499347 0.499089
vt 0.499364 0.494874
vt 0.497794 0.495265
vt 0.497201 0.49512
vt 0.499347 0.499089
vt 0.497818 0.49917996
vt 0.497794 0.498814
vt 0.497818 0.49917996
vt 0.499347 0.499089
vt 0.499298 0.49944103
vt 0.497794 0.495265
vt 0.49641 0.49613404
vt 0.497201 0.49512
vt 0.49641 0.49891198
vt 0.497794 0.498814
vt 0.497818 0.49917996
vt 0.499298 0.49944103
vt 0.497722 0.49953496
vt 0.497818 0.49917996
vt 0.497722 0.495265
vt 0.499298 0.494838
vt 0.499345 0.49445903
vt 0.49648 0.49927604
vt 0.49641 0.49891198
vt 0.49648 0.49927604
vt 0.497818 0.49917996
vt 0.497722 0.49953496
vt 0.499345 0.49445903
vt 0.497239 0.495058
vt 0.497722 0.495265
vt 0.49842 0.49426
vt 0.497722 0.49953496
vt 0.496352 0.499633
vt 0.49648 0.49927604
vt 0.496352 0.49616504
vt 0.497722 0.495265
vt 0.497239 0.495058
vt 0.497401 0.499013
vt 0.496134 0.49891198
vt 0.496259 0.49927604
vt 0.49842 0.49426
vt 0.496707 0.49498904
vt 0.497239 0.495058
vt 0.496707 0.49955797
vt 0.49842 0.499448
vt 0.497405 0.499139
vt 0.496259 0.49927604
vt 0.497501 0.49937403
vt 0.497401 0.499013
vt 0.497501 0.49937403
vt 0.496259 0.49927604
vt 0.496165 0.499633
vt 0.49641 0.49613404
vt 0.495357 0.497401
vt 0.49495 0.49723804
vt 0.49495 0.49723804
vt 0.497201 0.49512
vt 0.49641 0.49613404
vt 0.498942 0.499115
vt 0.497401 0.499013
vt 0.497501 0.49937403
vt 0.495357 0.497401
vt 0.494747 0.49894202
vt 0.49495 0.49723804
vt 0.496165 0.499633
vt 0.497455 0.49973404
vt 0.494979 0.49718297
vt 0.496352 0.49616504
vt 0.495324 0.497455
vt 0.496352 0.49616504
vt 0.494979 0.49718297
vt 0.494979 0.49718297
vt 0.497239 0.495058
vt 0.496707 0.49498904
vt 0.499006 0.499474
vt 0.497501 0.49937403
vt 0.497455 0.49973404
vt 0.499006 0.499474
vt 0.494746 0.499007
vt 0.495324 0.497455
vt 0.494979 0.49718297
vt 0.497455 0.49973404
vt 0.499007 0.49983704
vt 0.499006 0.499474
vt 0.495797 0.49925303
vt 0.496707 0.49955797
vt 0.495797 0.49925303
vt 0.497398 0.498788
vt 0.496707 0.49498904
vt 0.495298 0.49622297
vt 0.495298 0.49967098
vt 0.496707 0.49955797
vt 0.495797 0.49925303
vt 0.495842 0.49567103
vt 0.497398 0.494649
vt 0.497398 0.498788
vt 0.495842 0.4989
vt 0.495797 0.49925303
vt 0.497201 0.49512
vt 0.49495 0.49723804
vt 0.495842 0.49567103
vt 0.495497 0.49925303
vt 0.496989 0.499371
vt 0.496223 0.49967098
vt 0.496989 0.499371
vt 0.495497 0.49925303
vt 0.495671 0.4989
vt 0.495298 0.49622297
vt 0.49434 0.49783802
vt 0.494979 0.49718297
vt 0.497838 0.49978697
vt 0.496223 0.49967098
vt 0.496989 0.499371
vt 0.495671 0.4989
vt 0.497139 0.49901497
vt 0.496989 0.499371
vt 0.494672 0.49713898
vt 0.495842 0.49567103
vt 0.49495 0.49723804
vt 0.496989 0.499371
vt 0.498793 0.499492
vt 0.497838 0.49978697
vt 0.498793 0.499492
vt 0.496989 0.499371
vt 0.497139 0.49901497
vt 0.494257 0.50022
vt 0.494979 0.49718297
vt 0.49434 0.49783802
vt 0.494979 0.49718297
vt 0.494257 0.50022
vt 0.494746 0.499007
vt 0.499681 0.499905
vt 0.497838 0.49978697
vt 0.498793 0.499492
vt 0.49434 0.49783802
vt 0.49393 0.499681
vt 0.494257 0.50022
vt 0.497139 0.49901497
vt 0.498908 0.49913204
vt 0.498793 0.499492
vt 0.494015 0.49890804
vt 0.494672 0.49713898
vt 0.49495 0.49723804
vt 0.498793 0.499492
vt 0.500734 0.499613
vt 0.500734 0.499613
vt 0.498793 0.499492
vt 0.498908 0.49913204
vt 0.49393 0.499681
vt 0.494115 0.501566
vt 0.494257 0.50022
vt 0.501566 0.500022
vt 0.499681 0.499905
vt 0.500734 0.499613
vt 0.494218 0.50074703
vt 0.494015 0.49890804
vt 0.494218 0.50074703
vt 0.49495 0.49723804
vt 0.494747 0.49894202
vt 0.498908 0.49913204
vt 0.500803 0.49925
vt 0.493939 0.500803
vt 0.494015 0.49890804
vt 0.494218 0.50074703
vt 0.500734 0.499613
vt 0.502616 0.49973297
vt 0.501566 0.500022
vt 0.502616 0.49973297
vt 0.500734 0.499613
vt 0.500803 0.49925
vt 0.494747 0.49894202
vt 0.494646 0.50060803
vt 0.494218 0.50074703
vt 0.500608 0.499219
vt 0.498942 0.499115
vt 0.499006 0.499474
vt 0.494461 0.50263798
vt 0.493939 0.500803
vt 0.494218 0.50074703
vt 0.500803 0.49925
vt 0.502638 0.499368
vt 0.502616 0.49973297
vt 0.500626 0.49957502
vt 0.500608 0.499219
vt 0.499007 0.49983704
vt 0.494646 0.50060803
vt 0.495072 0.50223398
vt 0.494218 0.50074703
vt 0.502234 0.499323
vt 0.500608 0.499219
vt 0.500626 0.49957502
vt 0.499007 0.49983704
vt 0.500671 0.499941
vt 0.500626 0.49957502
vt 0.49468 0.50067103
vt 0.494746 0.499007
vt 0.494257 0.50022
vt 0.502198 0.49967504
vt 0.502234 0.499323
vt 0.502198 0.49967504
vt 0.500626 0.49957502
vt 0.500671 0.499941
vt 0.495738 0.504044
vt 0.494218 0.50074703
vt 0.495072 0.50223398
vt 0.494218 0.50074703
vt 0.494461 0.50263798
vt 0.503656 0.499426
vt 0.502198 0.49967504
vt 0.495072 0.50223398
vt 0.495988 0.50365603
vt 0.495738 0.504044
vt 0.502279 0.500044
vt 0.502198 0.49967504
vt 0.495137 0.50227898
vt 0.49468 0.50067103
vt 0.494257 0.50022
vt 0.502198 0.49967504
vt 0.503565 0.499775
vt 0.503656 0.499426
vt 0.503565 0.499775
vt 0.502198 0.49967504
vt 0.502279 0.500044
vt 0.495988 0.50365603
vt 0.497308 0.50472802
vt 0.495738 0.504044
vt 0.497308 0.499525
vt 0.495988 0.499426
vt 0.496142 0.499775
vt 0.494257 0.50022
vt 0.495186 0.503228
vt 0.495137 0.50227898
vt 0.495186 0.503228
vt 0.494257 0.50022
vt 0.494115 0.501566
vt 0.502279 0.500044
vt 0.50367 0.50014502
vt 0.503565 0.499775
vt 0.496075 0.50366998
vt 0.495137 0.50227898
vt 0.495186 0.503228
vt 0.496142 0.499775
vt 0.49743 0.49987102
vt 0.497308 0.499525
vt 0.49743 0.49987102
vt 0.496142 0.499775
vt 0.496075 0.50014502
vt 0.494115 0.501566
vt 0.494879 0.50330502
vt 0.495186 0.503228
vt 0.503305 0.500139
vt 0.497404 0.504704
vt 0.496075 0.50366998
vt 0.495186 0.503228
vt 0.496075 0.50014502
vt 0.497404 0.50024402
vt 0.49743 0.49987102
vt 0.502616 0.49973297
vt 0.504251 0.499852
vt 0.503305 0.500139
vt 0.504251 0.499852
vt 0.502616 0.49973297
vt 0.502638 0.499368
vt 0.494879 0.50330502
vt 0.496153 0.504726
vt 0.495186 0.503228
vt 0.504726 0.50025302
vt 0.503305 0.500139
vt 0.504251 0.499852
vt 0.502638 0.499368
vt 0.504231 0.499484
vt 0.504251 0.499852
vt 0.495535 0.50423098
vt 0.494461 0.50263798
vt 0.495738 0.504044
vt 0.495385 0.499852
vt 0.496926 0.49996698
vt 0.496153 0.50025302
vt 0.496926 0.49996698
vt 0.495385 0.499852
vt 0.495535 0.499484
vt 0.498035 0.505444
vt 0.495186 0.503228
vt 0.496153 0.504726
vt 0.495186 0.503228
vt 0.498035 0.505444
vt 0.497404 0.504704
vt 0.497809 0.500363
vt 0.496153 0.50025302
vt 0.496926 0.49996698
vt 0.496153 0.504726
vt 0.497809 0.505683
vt 0.498035 0.505444
vt 0.495535 0.499484
vt 0.497057 0.499597
vt 0.496926 0.49996698
vt 0.497057 0.505414
vt 0.495535 0.50423098
vt 0.495738 0.504044
vt 0.496926 0.49996698
vt 0.498776 0.50007898
vt 0.497809 0.500363
vt 0.498776 0.50007898
vt 0.497809 0.505683
vt 0.499686 0.506078
vt 0.498035 0.505444
vt 0.499686 0.50046903
vt 0.497809 0.500363
vt 0.498776 0.50007898
vt 0.495738 0.504044
vt 0.498955 0.505809
vt 0.497057 0.505414
vt 0.498955 0.505809
vt 0.495738 0.504044
vt 0.497308 0.50472802
vt 0.497057 0.499597
vt 0.49888 0.49970603
vt 0.498776 0.50007898
vt 0.49888 0.506068
vt 0.497057 0.505414
vt 0.500266 0.50015903
vt 0.500266 0.50015903
vt 0.498776 0.50007898
vt 0.49888 0.49970603
vt 0.498907 0.50533998
vt 0.498955 0.505809
vt 0.498907 0.499622
vt 0.497308 0.499525
vt 0.49743 0.49987102
vt 0.500824 0.506123
vt 0.49888 0.506068
vt 0.498955 0.505809
vt 0.49888 0.49970603
vt 0.500824 0.499811
vt 0.500266 0.50015903
vt 0.49743 0.49987102
vt 0.498981 0.499965
vt 0.498907 0.499622
vt 0.498981 0.499965
vt 0.49743 0.49987102
vt 0.497404 0.50024402
vt 0.498907 0.50533998
vt 0.500625 0.50542402
vt 0.498955 0.505809
vt 0.500625 0.49971497
vt 0.498907 0.499622
vt 0.497404 0.50024402
vt 0.498994 0.50033897
vt 0.498981 0.499965
vt 0.498994 0.505274
vt 0.497404 0.504704
vt 0.498035 0.505444
vt 0.498981 0.499965
vt 0.50064 0.500054
vt 0.500625 0.49971497
vt 0.498994 0.50033897
vt 0.502625 0.505311
vt 0.498955 0.505809
vt 0.500625 0.50542402
vt 0.502625 0.505311
vt 0.500824 0.506123
vt 0.502288 0.499803
vt 0.500625 0.49971497
vt 0.50064 0.500054
vt 0.500625 0.50542402
vt 0.502288 0.50496697
vt 0.502625 0.505311
vt 0.498994 0.50033897
vt 0.500687 0.50043
vt 0.50064 0.500054
vt 0.500687 0.50532198
vt 0.498994 0.505274
vt 0.498035 0.505444
vt 0.50064 0.500054
vt 0.502242 0.50014
vt 0.502288 0.499803
vt 0.502242 0.50014
vt 0.50064 0.500054
vt 0.500687 0.50043
vt 0.502288 0.50496697
vt 0.503735 0.50401098
vt 0.502625 0.505311
vt 0.503735 0.499888
vt 0.502242 0.50014
vt 0.498035 0.500481
vt 0.501655 0.50067598
vt 0.500687 0.50043
vt 0.501655 0.50553298
vt 0.499686 0.506078
vt 0.500687 0.50043
vt 0.502313 0.500517
vt 0.502242 0.50014
vt 0.502313 0.50484002
vt 0.500687 0.50532198
vt 0.501655 0.50553298
vt 0.502242 0.50014
vt 0.503625 0.50022203
vt 0.503735 0.499888
vt 0.503625 0.50022203
vt 0.502313 0.500517
vt 0.499686 0.506078
vt 0.501596 0.50586802
vt 0.501655 0.50553298
vt 0.501596 0.50057
vt 0.499686 0.50046903
vt 0.500266 0.50015903
vt 0.503712 0.503874
vt 0.502313 0.50484002
vt 0.501655 0.50553298
vt 0.502313 0.500517
vt 0.503712 0.50059998
vt 0.503625 0.50022203
vt 0.500266 0.50015903
vt 0.501728 0.500237
vt 0.501596 0.50057
vt 0.501728 0.500237
vt 0.500266 0.50015903
vt 0.500824 0.499811
vt 0.501596 0.50586802
vt 0.503347 0.50507498
vt 0.501655 0.50553298
vt 0.503347 0.50066602
vt 0.501596 0.50057
vt 0.501728 0.500237
vt 0.500824 0.499811
vt 0.502697 0.499911
vt 0.501728 0.500237
vt 0.502697 0.505567
vt 0.500824 0.506123
vt 0.502625 0.505311
vt 0.501728 0.500237
vt 0.50353 0.500337
vt 0.50353 0.500337
vt 0.501728 0.500237
vt 0.502697 0.499911
vt 0.504626 0.503451
vt 0.501655 0.50553298
vt 0.503347 0.50507498
vt 0.501655 0.50553298
vt 0.504626 0.503451
vt 0.503712 0.503874
vt 0.504767 0.500759
vt 0.503347 0.50066602
vt 0.50353 0.500337
vt 0.503347 0.50507498
vt 0.504767 0.503774
vt 0.502697 0.499911
vt 0.504307 0.50000602
vt 0.50353 0.500337
vt 0.504307 0.50445497
vt 0.502697 0.505567
vt 0.502625 0.505311
vt 0.50353 0.500337
vt 0.504656 0.500409
vt 0.504767 0.500759
vt 0.504656 0.500409
vt 0.50353 0.500337
vt 0.504307 0.50000602
vt 0.5042 0.500409
vt 0.503004 0.50047898
vt 0.503774 0.500759
vt 0.503004 0.50047898
vt 0.5042 0.500409
vt 0.504455 0.50000602
vt 0.504767 0.503774
vt 0.505712 0.502096
vt 0.504626 0.503451
vt 0.505712 0.502096
vt 0.504767 0.503774
vt 0.505533 0.503004
vt 0.502625 0.505311
vt 0.505302 0.50271398
vt 0.504307 0.50445497
vt 0.505302 0.50271398
vt 0.502625 0.505311
vt 0.503735 0.50401098
vt 0.504455 0.50000602
vt 0.502892 0.500099
vt 0.503004 0.50047898
vt 0.505496 0.50289202
vt 0.504307 0.50445497
vt 0.505302 0.50271398
vt 0.503004 0.50047898
vt 0.501595 0.500548
vt 0.502096 0.500849
vt 0.502892 0.500099
vt 0.503735 0.50401098
vt 0.504815 0.50265002
vt 0.505302 0.50271398
vt 0.50265 0.49996996
vt 0.504011 0.499888
vt 0.503835 0.50022203
vt 0.506142 0.50103098
vt 0.505496 0.50289202
vt 0.505302 0.50271398
vt 0.502892 0.500099
vt 0.501031 0.50019002
vt 0.501595 0.500548
vt 0.503835 0.50022203
vt 0.502512 0.500301
vt 0.50265 0.49996996
vt 0.502512 0.500301
vt 0.503835 0.50022203
vt 0.503874 0.50059998
vt 0.504815 0.50265002
vt 0.505421 0.501015
vt 0.505302 0.50271398
vt 0.501015 0.50005102
vt 0.50265 0.49996996
vt 0.502512 0.500301
vt 0.503874 0.50059998
vt 0.502521 0.50068003
vt 0.502512 0.500301
vt 0.504742 0.50252098
vt 0.503712 0.503874
vt 0.504626 0.503451
vt 0.502512 0.500301
vt 0.500933 0.500378
vt 0.501015 0.50005102
vt 0.500933 0.500378
vt 0.502512 0.500301
vt 0.502521 0.50068003
vt 0.505919 0.49901402
vt 0.505302 0.50271398
vt 0.505421 0.501015
vt 0.505302 0.50271398
vt 0.505919 0.49901402
vt 0.506142 0.50103098
vt 0.499269 0.50013
vt 0.501015 0.50005102
vt 0.500933 0.500378
vt 0.505421 0.501015
vt 0.505489 0.499269
vt 0.505919 0.49901402
vt 0.500912 0.500758
vt 0.500933 0.500378
vt 0.500912 0.500758
vt 0.502521 0.50068003
vt 0.503451 0.50085402
vt 0.500933 0.500378
vt 0.498835 0.50047398
vt 0.499269 0.50013
vt 0.498835 0.50047398
vt 0.500933 0.500378
vt 0.500912 0.500758
vt 0.505489 0.499269
vt 0.505008 0.49758
vt 0.505919 0.49901402
vt 0.49758 0.50021
vt 0.499269 0.50013
vt 0.498835 0.50047398
vt 0.503451 0.50085402
vt 0.500009 0.50102
vt 0.500912 0.500758
vt 0.505782 0.500009
vt 0.504626 0.503451
vt 0.505712 0.502096
vt 0.500912 0.500758
vt 0.499206 0.500836
vt 0.498835 0.50047398
vt 0.505333 0.499206
vt 0.505301 0.500912
vt 0.505782 0.500009
vt 0.497575 0.50091398
vt 0.497575 0.50091398
vt 0.499206 0.500836
vt 0.500009 0.50102
vt 0.505223 0.49883497
vt 0.504364 0.49690497
vt 0.505008 0.49758
vt 0.496905 0.50057
vt 0.497575 0.50091398
vt 0.505712 0.502096
vt 0.506089 0.500206
vt 0.505782 0.500009
vt 0.500206 0.50093699
vt 0.502096 0.500849
vt 0.501595 0.500548
vt 0.497575 0.50091398
vt 0.496182 0.50099403
vt 0.496905 0.50057
vt 0.501595 0.500548
vt 0.50013 0.500616
vt 0.500206 0.50093699
vt 0.501031 0.50019002
vt 0.506089 0.500206
vt 0.50586 0.49829
vt 0.505782 0.500009
vt 0.49829 0.501024
vt 0.500206 0.50093699
vt 0.50013 0.500616
vt 0.500009 0.50102
vt 0.496559 0.501186
vt 0.497575 0.50091398
vt 0.504674 0.49655902
vt 0.505782 0.500009
vt 0.50586 0.49829
vt 0.503849 0.49618196
vt 0.504831 0.49757504
vt 0.504674 0.49655902
vt 0.501031 0.50019002
vt 0.49906 0.500279
vt 0.50013 0.500616
vt 0.506177 0.49906003
vt 0.506142 0.50103098
vt 0.505919 0.49901402
vt 0.498149 0.50070697
vt 0.49829 0.501024
vt 0.498149 0.50070697
vt 0.49906 0.500279
vt 0.505596 0.49716997
vt 0.506177 0.49906003
vt 0.505919 0.49901402
vt 0.49906 0.500279
vt 0.49717 0.50037003
vt 0.498149 0.50070697
vt 0.496545 0.501113
vt 0.49829 0.501024
vt 0.498149 0.50070697
vt 0.50586 0.49829
vt 0.505047 0.49654496
vt 0.504674 0.49655902
vt 0.496347 0.5008
vt 0.498149 0.50070697
vt 0.49717 0.50037003
vt 0.498149 0.50070697
vt 0.496347 0.5008
vt 0.496545 0.501113
vt 0.504215 0.495656
vt 0.505596 0.49716997
vt 0.504215 0.495656
vt 0.505919 0.49901402
vt 0.505008 0.49758
vt 0.49717 0.50037003
vt 0.495555 0.500462
vt 0.496347 0.5008
vt 0.504456 0.49555504
vt 0.504215 0.495656
vt 0.503731 0.495138
vt 0.505047 0.49654496
vt 0.50519 0.496347
vt 0.505047 0.49654496
vt 0.503731 0.495138
vt 0.504674 0.49655902
vt 0.494902 0.50089502
vt 0.495555 0.500462
vt 0.496347 0.5008
vt 0.494902 0.50089502
vt 0.495138 0.501204
vt 0.502867 0.494372
vt 0.504456 0.49555504
vt 0.504215 0.495656
vt 0.504456 0.500462
vt 0.502867 0.50055802
vt 0.503809 0.50089502
vt 0.505008 0.49758
vt 0.504025 0.49612403
vt 0.496124 0.500292
vt 0.49758 0.50021
vt 0.496905 0.50057
vt 0.502047 0.50129902
vt 0.503731 0.501204
vt 0.503809 0.50089502
vt 0.504364 0.49690497
vt 0.503199 0.495686
vt 0.504025 0.49612403
vt 0.495686 0.50065
vt 0.496905 0.50057
vt 0.496182 0.50099403
vt 0.502635 0.495044
vt 0.504215 0.495656
vt 0.502635 0.500377
vt 0.504025 0.500292
vt 0.503199 0.50065
vt 0.503849 0.50099403
vt 0.502482 0.50107598
vt 0.503199 0.50065
vt 0.502482 0.50107598
vt 0.503849 0.50099403
vt 0.504674 0.501186
vt 0.503199 0.495686
vt 0.501713 0.49488997
vt 0.502635 0.495044
vt 0.501713 0.50073397
vt 0.502482 0.50107598
vt 0.501745 0.494444
vt 0.504674 0.49655902
vt 0.503731 0.495138
vt 0.504674 0.501186
vt 0.501745 0.501361
vt 0.502482 0.50107598
vt 0.502047 0.49421203
vt 0.501745 0.494444
vt 0.502482 0.50107598
vt 0.500871 0.501162
vt 0.500871 0.49462402
vt 0.502482 0.495165
vt 0.501745 0.494444
vt 0.503809 0.50089502
vt 0.502048 0.500993
vt 0.502047 0.50129902
vt 0.502048 0.500993
vt 0.503809 0.50089502
vt 0.502867 0.50055802
vt 0.502047 0.49421203
vt 0.500162 0.49385703
vt 0.501745 0.494444
vt 0.500162 0.50139803
vt 0.502048 0.500993
vt 0.499173 0.501252
vt 0.500871 0.501162
vt 0.501745 0.501361
vt 0.502867 0.50055802
vt 0.50099 0.50065798
vt 0.502048 0.500993
vt 0.500054 0.500821
vt 0.501713 0.50073397
vt 0.500871 0.501162
vt 0.500871 0.501162
vt 0.499173 0.501252
vt 0.500054 0.500821
vt 0.500977 0.500466
vt 0.502635 0.500377
vt 0.501713 0.50073397
vt 0.500054 0.494596
vt 0.500977 0.49444997
vt 0.500845 0.493958
vt 0.504215 0.495656
vt 0.502635 0.495044
vt 0.500845 0.493958
vt 0.502867 0.494372
vt 0.502635 0.495044
vt 0.500977 0.49444997
vt 0.500845 0.493958
vt 0.50099 0.493742
vt 0.502867 0.494372
vt 0.500845 0.493958
vt 0.499218 0.50055802
vt 0.500977 0.500466
vt 0.499218 0.49440098
vt 0.500845 0.493958
vt 0.500084 0.50109702
vt 0.500084 0.50109702
vt 0.500162 0.50139803
vt 0.499009 0.500763
vt 0.50099 0.50065798
vt 0.500845 0.500427
vt 0.50099 0.50065798
vt 0.499009 0.500763
vt 0.500084 0.50109702
vt 0.497121 0.494586
vt 0.500845 0.493958
vt 0.499218 0.49440098
vt 0.500845 0.493958
vt 0.497121 0.494586
vt 0.499009 0.49372804
vt 0.500054 0.494596
vt 0.498387 0.49483097
vt 0.498387 0.500912
vt 0.500054 0.500821
vt 0.499173 0.501252
vt 0.499218 0.49440098
vt 0.49677 0.495259
vt 0.497121 0.494586
vt 0.49677 0.50070298
vt 0.499218 0.50055802
vt 0.498387 0.500912
vt 0.497124 0.49432898
vt 0.499009 0.49372804
vt 0.497121 0.494586
vt 0.499173 0.501252
vt 0.497558 0.501346
vt 0.498387 0.500912
vt 0.497124 0.50087303
vt 0.49811 0.501204
vt 0.49811 0.501204
vt 0.500084 0.50109702
vt 0.499009 0.500763
vt 0.496876 0.50100702
vt 0.498387 0.500912
vt 0.497558 0.501346
vt 0.498387 0.49483097
vt 0.496876 0.495574
vt 0.49677 0.495259
vt 0.500084 0.50109702
vt 0.49811 0.501204
vt 0.498263 0.50150102
vt 0.498263 0.50150102
vt 0.500162 0.50139803
vt 0.500084 0.50109702
vt 0.497558 0.495125
vt 0.499173 0.49461102
vt 0.498151 0.494475
vt 0.501745 0.501361
vt 0.498151 0.50155097
vt 0.499173 0.501252
vt 0.498151 0.494475
vt 0.501745 0.494444
vt 0.500162 0.49385703
vt 0.500162 0.49385703
vt 0.498263 0.49410498
vt 0.498151 0.494475
vt 0.497558 0.501346
vt 0.496186 0.50144303
vt 0.496876 0.50100702
vt 0.496186 0.50144303
vt 0.497558 0.501346
vt 0.498151 0.50155097
vt 0.49654 0.50160903
vt 0.498263 0.50150102
vt 0.49811 0.501204
vt 0.498263 0.49410498
vt 0.49654 0.49493003
vt 0.498151 0.494475
vt 0.496749 0.501105
vt 0.495574 0.50100702
vt 0.496115 0.50144303
vt 0.496876 0.495574
vt 0.495672 0.49674904
vt 0.49677 0.495259
vt 0.498151 0.50155097
vt 0.495291 0.50175703
vt 0.496186 0.50144303
vt 0.495291 0.496615
vt 0.498151 0.494475
vt 0.49654 0.49493003
vt 0.496115 0.50144303
vt 0.497478 0.501543
vt 0.496749 0.501105
vt 0.495194 0.497478
vt 0.496186 0.49611497
vt 0.495291 0.496615
vt 0.496326 0.50131702
vt 0.49654 0.50160903
vt 0.496326 0.50131702
vt 0.49811 0.501204
vt 0.497124 0.50087303
vt 0.49654 0.49493003
vt 0.495164 0.49624503
vt 0.495291 0.496615
vt 0.495164 0.49624503
vt 0.49654 0.49493003
vt 0.496326 0.49476802
vt 0.497124 0.50087303
vt 0.495521 0.50098598
vt 0.496326 0.50131702
vt 0.495521 0.49548602
vt 0.497124 0.49432898
vt 0.497121 0.494586
vt 0.496326 0.49476802
vt 0.494905 0.49615598
vt 0.495164 0.49624503
vt 0.494905 0.501433
vt 0.495521 0.50098598
vt 0.495164 0.49624503
vt 0.494267 0.49792302
vt 0.495291 0.496615
vt 0.494267 0.49792302
vt 0.495164 0.49624503
vt 0.494905 0.49615598
vt 0.497121 0.494586
vt 0.494497 0.49729598
vt 0.495521 0.49548602
vt 0.494497 0.49729598
vt 0.497121 0.494586
vt 0.49677 0.495259
vt 0.495486 0.50098598
vt 0.497082 0.501104
vt 0.496156 0.501433
vt 0.494359 0.497082
vt 0.495521 0.49548602
vt 0.494497 0.49729598
vt 0.494905 0.49615598
vt 0.49399 0.49791098
vt 0.494267 0.49792302
vt 0.497911 0.501552
vt 0.496156 0.501433
vt 0.497082 0.501104
vt 0.49677 0.495259
vt 0.494614 0.498042
vt 0.494497 0.49729598
vt 0.498042 0.500911
vt 0.495259 0.50070298
vt 0.498959 0.50122303
vt 0.497082 0.501104
vt 0.497296 0.500853
vt 0.497082 0.501104
vt 0.498959 0.50122303
vt 0.497911 0.501552
vt 0.495672 0.49674904
vt 0.494897 0.498236
vt 0.494614 0.498042
vt 0.498236 0.50120598
vt 0.496749 0.501105
vt 0.497478 0.501543
vt 0.493988 0.501023
vt 0.494497 0.49729598
vt 0.494614 0.498042
vt 0.494497 0.49729598
vt 0.493988 0.501023
vt 0.493752 0.498959
vt 0.497478 0.501543
vt 0.499077 0.50164503
vt 0.498236 0.50120598
vt 0.499077 0.50164503
vt 0.497478 0.501543
vt 0.496615 0.50175703
vt 0.494897 0.498236
vt 0.494623 0.49988604
vt 0.494614 0.498042
vt 0.499886 0.50130802
vt 0.498236 0.50120598
vt 0.499077 0.50164503
vt 0.496615 0.50175703
vt 0.500006 0.50197202
vt 0.499077 0.50164503
vt 0.494263 0.50000602
vt 0.495291 0.496615
vt 0.494267 0.49792302
vt 0.499077 0.50164503
vt 0.501181 0.501772
vt 0.499886 0.50130802
vt 0.494743 0.501181
vt 0.494676 0.49907696
vt 0.494263 0.50000602
vt 0.501553 0.50112498
vt 0.498042 0.500911
vt 0.499886 0.50130802
vt 0.494523 0.501553
vt 0.493988 0.501023
vt 0.501536 0.50141
vt 0.499886 0.50130802
vt 0.501181 0.501772
vt 0.494623 0.49988604
vt 0.494876 0.501536
vt 0.494523 0.501553
vt 0.494267 0.49792302
vt 0.493918 0.500677
vt 0.494263 0.50000602
vt 0.500677 0.502003
vt 0.497923 0.50183398
vt 0.494876 0.501536
vt 0.495628 0.50302303
vt 0.494523 0.501553
vt 0.503023 0.50151002
vt 0.501536 0.50141
vt 0.501181 0.501772
vt 0.49399 0.49791098
vt 0.493667 0.49985898
vt 0.493918 0.500677
vt 0.499859 0.50167203
vt 0.497911 0.501552
vt 0.500006 0.50197202
vt 0.503317 0.502185
vt 0.501181 0.501772
vt 0.49543 0.503317
vt 0.494263 0.50000602
vt 0.493918 0.500677
vt 0.498959 0.50122303
vt 0.500928 0.50134403
vt 0.499859 0.50167203
vt 0.500928 0.50134403
vt 0.501023 0.501082
vt 0.499859 0.50167203
vt 0.501805 0.501792
vt 0.500677 0.502003
vt 0.500928 0.50134403
vt 0.503249 0.50149202
vt 0.500928 0.50134403
vt 0.501023 0.501082
vt 0.503249 0.50149202
vt 0.501805 0.501792
vt 0.495778 0.504317
vt 0.493988 0.501023
vt 0.494523 0.501553
vt 0.493988 0.501023
vt 0.495778 0.504317
vt 0.494602 0.503249
vt 0.495546 0.504058
vt 0.493918 0.500677
vt 0.493966 0.501805
vt 0.493918 0.500677
vt 0.495546 0.504058
vt 0.49543 0.503317
vt 0.503555 0.50191098
vt 0.501805 0.501792
vt 0.503249 0.50149202
vt 0.493966 0.501805
vt 0.494852 0.503555
vt 0.495546 0.504058
vt 0.496234 0.50202698
vt 0.494852 0.50191098
vt 0.494602 0.50149202
vt 0.503555 0.50191098
vt 0.504938 0.50202698
vt 0.504058 0.502231
vt 0.496295 0.501638
vt 0.494602 0.50149202
vt 0.495778 0.50130802
vt 0.503249 0.50149202
vt 0.504997 0.501638
vt 0.504938 0.50202698
vt 0.494523 0.501553
vt 0.496519 0.504426
vt 0.495778 0.504317
vt 0.504426 0.50133502
vt 0.501553 0.50112498
vt 0.503023 0.50151002
vt 0.497968 0.50213897
vt 0.496234 0.50202698
vt 0.496295 0.501638
vt 0.501181 0.501772
vt 0.503393 0.50192302
vt 0.503023 0.50151002
vt 0.495897 0.503393
vt 0.494743 0.501181
vt 0.49543 0.503317
vt 0.496801 0.50160903
vt 0.495628 0.50151002
vt 0.495897 0.50192302
vt 0.495628 0.50302303
vt 0.496801 0.504196
vt 0.496519 0.504426
vt 0.497541 0.50204498
vt 0.495897 0.50192302
vt 0.49543 0.502185
vt 0.495897 0.50192302
vt 0.497541 0.50204498
vt 0.496801 0.50160903
vt 0.4983 0.50527298
vt 0.49543 0.503317
vt 0.495546 0.504058
vt 0.49543 0.502185
vt 0.4983 0.502387
vt 0.497541 0.50204498
vt 0.498826 0.50580102
vt 0.495546 0.504058
vt 0.496234 0.504938
vt 0.495546 0.504058
vt 0.498826 0.50580102
vt 0.4983 0.50527298
vt 0.496234 0.504938
vt 0.497968 0.50581598
vt 0.498826 0.50580102
vt 0.498275 0.50170398
vt 0.496801 0.50160903
vt 0.496801 0.504196
vt 0.498275 0.50494403
vt 0.496519 0.504426
vt 0.499112 0.50511497
vt 0.497541 0.504627
vt 0.4983 0.50527298
vt 0.497541 0.50204498
vt 0.499112 0.50213802
vt 0.498275 0.50170398
vt 0.496295 0.501638
vt 0.498041 0.501751
vt 0.497968 0.50213897
vt 0.498041 0.50585997
vt 0.496295 0.50499701
vt 0.495778 0.504317
vt 0.499902 0.501796
vt 0.499112 0.50213802
vt 0.495778 0.504317
vt 0.498191 0.50563002
vt 0.498041 0.50585997
vt 0.498191 0.50563002
vt 0.495778 0.504317
vt 0.496519 0.504426
vt 0.499882 0.50224698
vt 0.497968 0.50213897
vt 0.498041 0.501751
vt 0.497968 0.50213897
vt 0.499882 0.50224698
vt 0.498826 0.50244403
vt 0.499815 0.50153297
vt 0.496519 0.50133502
vt 0.498275 0.50170398
vt 0.496519 0.504426
vt 0.499815 0.50555497
vt 0.498191 0.50563002
vt 0.498275 0.50494403
vt 0.499902 0.505194
vt 0.499815 0.50555497
vt 0.499964 0.501859
vt 0.498041 0.501751
vt 0.498191 0.501467
vt 0.498041 0.501751
vt 0.499964 0.501859
vt 0.499882 0.50224698
vt 0.500749 0.502227
vt 0.500749 0.502227
vt 0.499112 0.50213802
vt 0.4983 0.502387
vt 0.498191 0.501467
vt 0.500037 0.501571
vt 0.499964 0.501859
vt 0.500037 0.50587702
vt 0.498191 0.50563002
vt 0.499815 0.50555497
vt 0.4983 0.502387
vt 0.501727 0.50257403
vt 0.501727 0.50515503
vt 0.4983 0.50527298
vt 0.498826 0.50580102
vt 0.50152 0.50188297
vt 0.500749 0.502227
vt 0.499902 0.505194
vt 0.50152 0.50492698
vt 0.499815 0.50555497
vt 0.502655 0.50437403
vt 0.500749 0.50509
vt 0.501727 0.50515503
vt 0.500749 0.502227
vt 0.502655 0.50233197
vt 0.50152 0.50188297
vt 0.498826 0.50580102
vt 0.50246 0.50527
vt 0.501727 0.50515503
vt 0.50246 0.50527
vt 0.498826 0.50580102
vt 0.499882 0.50611103
vt 0.501727 0.50257403
vt 0.504383 0.50274402
vt 0.504383 0.503061
vt 0.501727 0.50515503
vt 0.50246 0.50527
vt 0.501783 0.50234997
vt 0.499882 0.50224698
vt 0.499964 0.501859
vt 0.499882 0.50611103
vt 0.501783 0.50579703
vt 0.502344 0.50198698
vt 0.500037 0.501571
vt 0.499964 0.501859
vt 0.502344 0.50198698
vt 0.501783 0.50234997
vt 0.501861 0.505538
vt 0.500037 0.50587702
vt 0.499815 0.50555497
vt 0.500037 0.501571
vt 0.501861 0.501669
vt 0.502344 0.50198698
vt 0.501783 0.50234997
vt 0.503484 0.50244898
vt 0.50246 0.50264102
vt 0.503484 0.50244898
vt 0.501783 0.50234997
vt 0.502344 0.50198698
vt 0.499815 0.50555497
vt 0.503119 0.50452
vt 0.501861 0.505538
vt 0.503119 0.501714
vt 0.499815 0.50153297
vt 0.50152 0.50188297
vt 0.501861 0.505538
vt 0.503483 0.504651
vt 0.502344 0.505652
vt 0.503483 0.504651
vt 0.501861 0.505538
vt 0.503119 0.50452
vt 0.502966 0.501967
vt 0.50152 0.50188297
vt 0.502655 0.50233197
vt 0.50152 0.50492698
vt 0.502966 0.504174
vt 0.503119 0.50452
vt 0.504639 0.502133
vt 0.502344 0.50198698
vt 0.503483 0.501764
vt 0.502344 0.50198698
vt 0.504639 0.502133
vt 0.503484 0.50244898
vt 0.503015 0.50204802
vt 0.504174 0.501967
vt 0.504374 0.50233197
vt 0.502966 0.504174
vt 0.5041 0.50301498
vt 0.503119 0.50452
vt 0.502655 0.50233197
vt 0.50408 0.50243402
vt 0.5041 0.50204802
vt 0.50408 0.50296402
vt 0.504383 0.503061
vt 0.504741 0.50331098
vt 0.503483 0.504651
vt 0.503119 0.50452
vt 0.503483 0.504651
vt 0.504741 0.50331098
vt 0.504639 0.50391
vt 0.501751 0.50188398
vt 0.50452 0.501714
vt 0.503015 0.50204802
vt 0.503119 0.50452
vt 0.505152 0.501751
vt 0.504741 0.50331098
vt 0.501568 0.502127
vt 0.503015 0.50204802
vt 0.502964 0.50243402
vt 0.5041 0.50301498
vt 0.504813 0.50156802
vt 0.505152 0.501751
vt 0.502964 0.50243402
vt 0.501524 0.50251198
vt 0.501568 0.502127
vt 0.504773 0.50152397
vt 0.50408 0.50296402
vt 0.504383 0.503061
vt 0.504813 0.50156802
vt 0.505039 0.499982
vt 0.505152 0.501751
vt 0.499982 0.502204
vt 0.505517 0.501651
vt 0.504741 0.50331098
vt 0.505152 0.501751
vt 0.501524 0.50251198
vt 0.499953 0.502589
vt 0.499982 0.502204
vt 0.503311 0.50185603
vt 0.501651 0.50194502
vt 0.501795 0.50225002
vt 0.501795 0.50225002
vt 0.50391 0.502133
vt 0.503311 0.50185603
vt 0.503061 0.50274402
vt 0.499856 0.502905
vt 0.501524 0.50251198
vt 0.499953 0.502589
vt 0.501524 0.50251198
vt 0.499856 0.502905
vt 0.50246 0.50527
vt 0.505041 0.50272202
vt 0.504383 0.503061
vt 0.505273 0.499856
vt 0.504383 0.503061
vt 0.505041 0.50272202
vt 0.505041 0.50272202
vt 0.50246 0.50527
vt 0.503484 0.50491202
vt 0.504814 0.50254297
vt 0.503484 0.50244898
vt 0.504639 0.502133
vt 0.503484 0.50491202
vt 0.504814 0.50355202
vt 0.505041 0.50272202
vt 0.501854 0.50263602
vt 0.503552 0.50254297
vt 0.50391 0.502133
vt 0.503552 0.50254297
vt 0.501854 0.50263602
vt 0.502722 0.50282198
vt 0.50391 0.502133
vt 0.501795 0.50225002
vt 0.5056 0.499192
vt 0.505041 0.50272202
vt 0.505652 0.501854
vt 0.5056 0.499192
vt 0.505273 0.499856
vt 0.499995 0.50272697
vt 0.501854 0.50263602
vt 0.505652 0.501854
vt 0.505918 0.499995
vt 0.5056 0.499192
vt 0.501795 0.50225002
vt 0.499914 0.502342
vt 0.499995 0.50272697
vt 0.499914 0.502342
vt 0.501795 0.50225002
vt 0.501651 0.50194502
vt 0.499995 0.50272697
vt 0.498156 0.502819
vt 0.499192 0.502995
vt 0.498156 0.502819
vt 0.499914 0.502342
vt 0.501651 0.50194502
vt 0.499843 0.502033
vt 0.499914 0.502342
vt 0.505737 0.499843
vt 0.505517 0.501651
vt 0.505152 0.501751
vt 0.498061 0.50243402
vt 0.498061 0.50243402
vt 0.499914 0.502342
vt 0.499843 0.502033
vt 0.505152 0.501751
vt 0.505147 0.498348
vt 0.505737 0.499843
vt 0.498348 0.50204903
vt 0.499982 0.502204
vt 0.499843 0.502033
vt 0.498067 0.50212198
vt 0.498061 0.50243402
vt 0.505386 0.49806702
vt 0.505737 0.499843
vt 0.505147 0.498348
vt 0.496524 0.50291097
vt 0.498156 0.502819
vt 0.498061 0.50243402
vt 0.496417 0.50252903
vt 0.498061 0.50243402
vt 0.498067 0.50212198
vt 0.498061 0.50243402
vt 0.496417 0.50252903
vt 0.503986 0.496073
vt 0.5056 0.499192
vt 0.505593 0.498156
vt 0.505593 0.498156
vt 0.50472 0.49652398
vt 0.503986 0.496073
vt 0.498067 0.50212198
vt 0.496496 0.502212
vt 0.496417 0.50252903
vt 0.504504 0.49649596
vt 0.505386 0.49806702
vt 0.505147 0.498348
vt 0.503394 0.503007
vt 0.50472 0.50291097
vt 0.504728 0.50252903
vt 0.50472 0.49652398
vt 0.503394 0.495255
vt 0.503986 0.496073
vt 0.503374 0.502626
vt 0.504728 0.50252903
vt 0.504504 0.502212
vt 0.504728 0.50252903
vt 0.503374 0.502626
vt 0.503394 0.503007
vt 0.5056 0.499192
vt 0.503986 0.496073
vt 0.504116 0.4968
vt 0.504116 0.4968
vt 0.505273 0.499856
vt 0.5056 0.499192
vt 0.500892 0.49455
vt 0.503986 0.496073
vt 0.503394 0.495255
vt 0.499856 0.502905
vt 0.4968 0.50306702
vt 0.498407 0.502666
vt 0.498407 0.502666
vt 0.499953 0.502589
vt 0.499856 0.502905
vt 0.502209 0.49539804
vt 0.503986 0.496073
vt 0.503986 0.496073
vt 0.500892 0.49455
vt 0.502209 0.49539804
vt 0.498414 0.50228202
vt 0.499953 0.502589
vt 0.498407 0.502666
vt 0.498414 0.50228202
vt 0.505039 0.499982
vt 0.504763 0.49841404
vt 0.497022 0.502361
vt 0.498414 0.50228202
vt 0.498407 0.502666
vt 0.504763 0.49841404
vt 0.504018 0.49702203
vt 0.505147 0.498348
vt 0.49704 0.50274402
vt 0.498407 0.502666
vt 0.4968 0.50306702
vt 0.498407 0.502666
vt 0.49704 0.50274402
vt 0.497022 0.502361
vt 0.50282 0.49598503
vt 0.503945 0.49704003
vt 0.504116 0.4968
vt 0.504116 0.50306702
vt 0.502209 0.50319302
vt 0.50282 0.502824
vt 0.502885 0.50244302
vt 0.504018 0.502361
vt 0.503945 0.50274402
vt 0.503945 0.50274402
vt 0.50282 0.502824
vt 0.502885 0.50244302
vt 0.495643 0.50221997
vt 0.498348 0.50204903
vt 0.497022 0.502361
vt 0.504018 0.49702203
vt 0.502885 0.495938
vt 0.503146 0.49564302
vt 0.505147 0.498348
vt 0.503146 0.49564302
vt 0.504504 0.49649596
vt 0.501484 0.502528
vt 0.502885 0.50244302
vt 0.50282 0.502824
vt 0.502885 0.495938
vt 0.501484 0.49526703
vt 0.503146 0.49564302
vt 0.501435 0.502908
vt 0.50282 0.502824
vt 0.502209 0.50319302
vt 0.50282 0.502824
vt 0.501435 0.502908
vt 0.501484 0.502528
vt 0.503184 0.49528503
vt 0.504504 0.49649596
vt 0.503146 0.49564302
vt 0.504504 0.502212
vt 0.503184 0.50230598
vt 0.503374 0.502626
vt 0.502209 0.50319302
vt 0.50068 0.503282
vt 0.501435 0.502908
vt 0.50068 0.494978
vt 0.502209 0.49539804
vt 0.500892 0.49455
vt 0.499957 0.502616
vt 0.501484 0.502528
vt 0.501435 0.502908
vt 0.499932 0.502995
vt 0.501435 0.502908
vt 0.50068 0.503282
vt 0.501435 0.502908
vt 0.499932 0.502995
vt 0.499957 0.502616
vt 0.499974 0.502406
vt 0.503146 0.50221997
vt 0.501484 0.502528
vt 0.501484 0.49526703
vt 0.499957 0.495067
vt 0.499974 0.494668
vt 0.501567 0.494551
vt 0.503184 0.49528503
vt 0.503146 0.49564302
vt 0.503146 0.49564302
vt 0.499974 0.494668
vt 0.501567 0.494551
vt 0.501702 0.50272602
vt 0.503184 0.50230598
vt 0.503184 0.50230598
vt 0.501567 0.50240302
vt 0.501702 0.50272602
vt 0.501756 0.503106
vt 0.503394 0.503007
vt 0.503374 0.502626
vt 0.503374 0.502626
vt 0.501702 0.50272602
vt 0.501756 0.503106
vt 0.503394 0.495255
vt 0.501756 0.49447
vt 0.500892 0.49455
vt 0.499966 0.503209
vt 0.501756 0.503106
vt 0.501702 0.50272602
vt 0.501756 0.503106
vt 0.499966 0.503209
vt 0.500892 0.50335902
vt 0.499884 0.502832
vt 0.501702 0.50272602
vt 0.501567 0.50240302
vt 0.501702 0.50272602
vt 0.499884 0.502832
vt 0.499966 0.503209
vt 0.501567 0.50240302
vt 0.499814 0.502504
vt 0.499884 0.502832
vt 0.499814 0.49435902
vt 0.501567 0.494551
vt 0.499974 0.494668
vt 0.498214 0.503317
vt 0.499884 0.502832
vt 0.498105 0.502941
vt 0.499884 0.502832
vt 0.499814 0.502504
vt 0.499884 0.502832
vt 0.498105 0.502941
vt 0.498214 0.503317
vt 0.498102 0.49471903
vt 0.499814 0.49435902
vt 0.499974 0.494668
vt 0.499814 0.502504
vt 0.498102 0.50261003
vt 0.498105 0.502941
vt 0.499966 0.494236
vt 0.498214 0.49456704
vt 0.497571 0.495152
vt 0.497571 0.495152
vt 0.500892 0.49455
vt 0.499966 0.494236
vt 0.49667 0.503429
vt 0.498214 0.49456704
vt 0.49667 0.495417
vt 0.497571 0.495152
vt 0.499115 0.49505496
vt 0.50068 0.494978
vt 0.500892 0.49455
vt 0.500892 0.49455
vt 0.497571 0.495152
vt 0.499115 0.49505496
vt 0.499115 0.503375
vt 0.499932 0.502995
vt 0.498105 0.502941
vt 0.496539 0.50305498
vt 0.49667 0.503429
vt 0.496539 0.50305498
vt 0.498105 0.502941
vt 0.498102 0.50261003
vt 0.498466 0.50308502
vt 0.499932 0.502995
vt 0.499115 0.503375
vt 0.498102 0.50261003
vt 0.496599 0.50272
vt 0.496539 0.50305498
vt 0.499115 0.503375
vt 0.497671 0.50347
vt 0.498466 0.50308502
vt 0.497671 0.49560702
vt 0.499115 0.49505496
vt 0.497571 0.495152
vt 0.499932 0.502995
vt 0.498458 0.50270802
vt 0.499957 0.502616
vt 0.499957 0.495067
vt 0.498458 0.49535
vt 0.499974 0.494668
vt 0.49689 0.495754
vt 0.498102 0.49471903
vt 0.49689 0.502608
vt 0.499974 0.502406
vt 0.498458 0.50270802
vt 0.496599 0.495587
vt 0.498102 0.49471903
vt 0.49689 0.495754
vt 0.497133 0.50280303
vt 0.498458 0.50270802
vt 0.498458 0.49535
vt 0.497133 0.49607897
vt 0.49689 0.495754
vt 0.497179 0.503179
vt 0.498466 0.50308502
vt 0.497671 0.50347
vt 0.498466 0.50308502
vt 0.497179 0.503179
vt 0.497133 0.50280303
vt 0.496484 0.49657202
vt 0.497671 0.49560702
vt 0.497571 0.495152
vt 0.497671 0.50347
vt 0.496484 0.503569
vt 0.497179 0.503179
vt 0.497173 0.50290197
vt 0.496079 0.50280303
vt 0.496175 0.503179
vt 0.497133 0.49607897
vt 0.496113 0.497173
vt 0.49689 0.495754
vt 0.497254 0.50327498
vt 0.496175 0.503179
vt 0.496572 0.503569
vt 0.496175 0.503179
vt 0.497254 0.50327498
vt 0.497173 0.50290197
vt 0.495315 0.49755502
vt 0.496484 0.49657202
vt 0.495315 0.49755502
vt 0.497571 0.495152
vt 0.49667 0.495417
vt 0.496572 0.503569
vt 0.498205 0.50369602
vt 0.497254 0.50327498
vt 0.495502 0.498205
vt 0.496484 0.49657202
vt 0.495315 0.49755502
vt 0.498515 0.503002
vt 0.497173 0.50290197
vt 0.497254 0.50327498
vt 0.498569 0.503372
vt 0.497254 0.50327498
vt 0.497254 0.50327498
vt 0.498569 0.503372
vt 0.498515 0.503002
vt 0.495091 0.49841702
vt 0.49689 0.495754
vt 0.496113 0.497173
vt 0.496113 0.497173
vt 0.495492 0.498515
vt 0.495091 0.49841702
vt 0.499967 0.503102
vt 0.498515 0.503002
vt 0.498569 0.503372
vt 0.495492 0.498515
vt 0.495323 0.49996698
vt 0.495091 0.49841702
vt 0.499983 0.50347102
vt 0.498569 0.503372
vt 0.498205 0.50369602
vt 0.498569 0.503372
vt 0.499983 0.50347102
vt 0.499967 0.503102
vt 0.498205 0.50369602
vt 0.500016 0.50382298
vt 0.499983 0.50347102
vt 0.495284 0.50001597
vt 0.495502 0.498205
vt 0.495315 0.49755502
vt 0.50138 0.50320297
vt 0.499967 0.503102
vt 0.499983 0.50347102
vt 0.49667 0.495417
vt 0.495481 0.496692
vt 0.495315 0.49755502
vt 0.496692 0.50354302
vt 0.495417 0.503429
vt 0.495385 0.50305498
vt 0.499983 0.50347102
vt 0.501352 0.503569
vt 0.50138 0.50320297
vt 0.501352 0.503569
vt 0.500016 0.50382298
vt 0.495385 0.50305498
vt 0.4967 0.50317198
vt 0.496692 0.50354302
vt 0.4967 0.50317198
vt 0.495385 0.50305498
vt 0.495587 0.50272
vt 0.495481 0.496692
vt 0.494755 0.49826002
vt 0.495315 0.49755502
vt 0.49826 0.50366002
vt 0.496692 0.50354302
vt 0.4967 0.50317198
vt 0.495451 0.496871
vt 0.496599 0.495587
vt 0.49689 0.495754
vt 0.495587 0.50272
vt 0.496871 0.502833
vt 0.4967 0.50317198
vt 0.49689 0.495754
vt 0.495091 0.49841702
vt 0.495451 0.496871
vt 0.4967 0.50317198
vt 0.498306 0.50329202
vt 0.49826 0.50366002
vt 0.498306 0.50329202
vt 0.4967 0.50317198
vt 0.496871 0.502833
vt 0.494946 0.50074202
vt 0.494755 0.49826002
vt 0.495315 0.49755502
vt 0.494946 0.50074202
vt 0.495284 0.50001597
vt 0.499951 0.50377798
vt 0.49826 0.50366002
vt 0.494557 0.499951
vt 0.494946 0.50074202
vt 0.496871 0.502833
vt 0.49843 0.502949
vt 0.498306 0.50329202
vt 0.494768 0.49843
vt 0.495451 0.496871
vt 0.495091 0.49841702
vt 0.498306 0.50329202
vt 0.50004 0.503412
vt 0.499951 0.50377798
vt 0.50004 0.503412
vt 0.498306 0.50329202
vt 0.49843 0.502949
vt 0.494607 0.50010997
vt 0.494768 0.49843
vt 0.495091 0.49841702
vt 0.49843 0.502949
vt 0.50011 0.503065
vt 0.50004 0.503412
vt 0.501564 0.50304103
vt 0.498417 0.50282198
vt 0.495091 0.49841702
vt 0.495231 0.50156403
vt 0.494607 0.50010997
vt 0.495323 0.49996698
vt 0.49561 0.50138003
vt 0.495231 0.50156403
vt 0.501599 0.50389498
vt 0.499951 0.50377798
vt 0.494557 0.499951
vt 0.494892 0.501599
vt 0.494946 0.50074202
vt 0.501724 0.503533
vt 0.50004 0.503412
vt 0.50011 0.503065
vt 0.50004 0.503412
vt 0.501724 0.503533
vt 0.501599 0.50389498
vt 0.494973 0.50173903
vt 0.494607 0.50010997
vt 0.495231 0.50156403
vt 0.50011 0.503065
vt 0.501739 0.503182
vt 0.501724 0.503533
vt 0.49561 0.50138003
vt 0.496315 0.50261998
vt 0.495231 0.50156403
vt 0.50262 0.503303
vt 0.49582 0.50315797
vt 0.494973 0.50173903
vt 0.495231 0.50156403
vt 0.500016 0.50382298
vt 0.501433 0.503924
vt 0.501352 0.503569
vt 0.495603 0.501433
vt 0.495284 0.50001597
vt 0.494946 0.50074202
vt 0.503196 0.50365198
vt 0.501724 0.503533
vt 0.501739 0.503182
vt 0.503158 0.50329697
vt 0.503196 0.50365198
vt 0.502547 0.50366497
vt 0.501433 0.503924
vt 0.502547 0.50366497
vt 0.50262 0.503303
vt 0.496337 0.502661
vt 0.495603 0.501433
vt 0.494946 0.50074202
vt 0.501433 0.503924
vt 0.502661 0.50402403
vt 0.501724 0.503533
vt 0.503196 0.50365198
vt 0.503041 0.50401002
vt 0.503041 0.50401002
vt 0.501599 0.50389498
vt 0.501724 0.503533
vt 0.496505 0.503443
vt 0.494946 0.50074202
vt 0.494892 0.501599
vt 0.494892 0.501599
vt 0.495712 0.50304103
vt 0.496505 0.503443
vt 0.494946 0.50074202
vt 0.496505 0.503443
vt 0.496337 0.502661
vt 0.496925 0.50412297
vt 0.495712 0.50401002
vt 0.495649 0.50365198
vt 0.495712 0.50304103
vt 0.496925 0.504139
vt 0.496505 0.503443
vt 0.496907 0.50376803
vt 0.495649 0.50365198
vt 0.49582 0.50329697
vt 0.495649 0.50365198
vt 0.496907 0.50376803
vt 0.496925 0.50412297
vt 0.495231 0.50156403
vt 0.497181 0.50395602
vt 0.49582 0.50315797
vt 0.497181 0.50395602
vt 0.495231 0.50156403
vt 0.496315 0.50261998
vt 0.49582 0.50329697
vt 0.497056 0.50340998
vt 0.496907 0.50376803
vt 0.497056 0.50423002
vt 0.49582 0.50315797
vt 0.497181 0.50395602
vt 0.497359 0.50340003
vt 0.496315 0.503303
vt 0.496441 0.50366497
vt 0.496315 0.50261998
vt 0.497359 0.50356603
vt 0.497181 0.50395602
vt 0.497459 0.50375903
vt 0.496441 0.50366497
vt 0.496337 0.50402403
vt 0.496441 0.50366497
vt 0.497459 0.50375903
vt 0.497359 0.50340003
vt 0.497399 0.503583
vt 0.496337 0.502661
vt 0.496505 0.503443
vt 0.496337 0.50402403
vt 0.497399 0.504121
vt 0.497459 0.50375903
vt 0.499264 0.50353998
vt 0.497359 0.50340003
vt 0.497459 0.50375903
vt 0.497359 0.50356603
vt 0.499264 0.50430202
vt 0.497181 0.50395602
vt 0.498687 0.50384998
vt 0.497459 0.50375903
vt 0.497399 0.504121
vt 0.498687 0.50384998
vt 0.499264 0.50353998
vt 0.498674 0.50411898
vt 0.497399 0.503583
vt 0.496505 0.503443
vt 0.497399 0.504121
vt 0.498674 0.504215
vt 0.498687 0.50384998
vt 0.499278 0.50463903
vt 0.496505 0.503443
vt 0.496925 0.504139
vt 0.496505 0.503443
vt 0.499278 0.50463903
vt 0.498674 0.50411898
vt 0.498398 0.504233
vt 0.496925 0.50412297
vt 0.496907 0.50376803
vt 0.496925 0.504139
vt 0.498398 0.504795
vt 0.499278 0.50463903
vt 0.499999 0.50393802
vt 0.498687 0.50384998
vt 0.498674 0.504215
vt 0.498687 0.50384998
vt 0.499999 0.50393802
vt 0.499264 0.50353998
vt 0.496907 0.50376803
vt 0.498435 0.50388098
vt 0.498398 0.504233
vt 0.498435 0.50388098
vt 0.497056 0.50340998
vt 0.498398 0.504795
vt 0.499978 0.504956
vt 0.499278 0.50463903
vt 0.499978 0.50433898
vt 0.498398 0.504233
vt 0.498435 0.50388098
vt 0.500384 0.50420702
vt 0.499278 0.50463903
vt 0.498674 0.504215
vt 0.500384 0.504328
vt 0.499999 0.50393802
vt 0.497056 0.50340998
vt 0.498543 0.50352
vt 0.498435 0.50388098
vt 0.498543 0.50485498
vt 0.497056 0.50423002
vt 0.497181 0.50395602
vt 0.500068 0.503991
vt 0.499978 0.50433898
vt 0.500068 0.503991
vt 0.498435 0.50388098
vt 0.498543 0.50352
vt 0.502112 0.503967
vt 0.499278 0.50463903
vt 0.499978 0.504956
vt 0.499278 0.50442398
vt 0.502112 0.504615
vt 0.500384 0.504328
vt 0.501506 0.50444102
vt 0.499978 0.50433898
vt 0.500068 0.503991
vt 0.499978 0.504956
vt 0.501506 0.50462103
vt 0.502112 0.503967
vt 0.498543 0.50352
vt 0.500134 0.503626
vt 0.500068 0.503991
vt 0.497181 0.50395602
vt 0.5001 0.50469202
vt 0.498543 0.50485498
vt 0.500134 0.50498402
vt 0.498543 0.50485498
vt 0.5001 0.50469202
vt 0.5001 0.50469202
vt 0.497181 0.50395602
vt 0.501642 0.50409597
vt 0.500068 0.503991
vt 0.500068 0.503991
vt 0.501642 0.50409597
vt 0.501506 0.50444102
vt 0.502049 0.504461
vt 0.500134 0.50498402
vt 0.5001 0.50469202
vt 0.500134 0.503626
vt 0.502049 0.50375402
vt 0.499264 0.50430202
vt 0.501901 0.503748
vt 0.5001 0.50469202
vt 0.501901 0.503716
vt 0.499264 0.50353998
vt 0.499999 0.50393802
vt 0.502828 0.50454003
vt 0.501506 0.50444102
vt 0.501642 0.50409597
vt 0.501506 0.50462103
vt 0.502828 0.50384003
vt 0.502112 0.503967
vt 0.501262 0.504022
vt 0.499999 0.50393802
vt 0.500384 0.504328
vt 0.501262 0.504022
vt 0.501901 0.503716
vt 0.502207 0.503438
vt 0.500384 0.50420702
vt 0.502112 0.503967
vt 0.500384 0.504328
vt 0.502207 0.50445598
vt 0.501262 0.504022
vt 0.501642 0.50409597
vt 0.503004 0.50419903
vt 0.502828 0.50454003
vt 0.501642 0.50409597
vt 0.502049 0.50375402
vt 0.502349 0.50410402
vt 0.501262 0.504022
vt 0.502207 0.50445598
vt 0.501262 0.504022
vt 0.502349 0.50410402
vt 0.501901 0.503716
vt 0.5001 0.50469202
vt 0.502807 0.50357002
vt 0.502049 0.504461
vt 0.502807 0.50357002
vt 0.5001 0.50469202
vt 0.501901 0.503748
vt 0.502049 0.50375402
vt 0.503525 0.50387698
vt 0.503004 0.50419903
vt 0.503525 0.50324798
vt 0.502049 0.504461
vt 0.502807 0.50357002
vt 0.50187 0.50387597
vt 0.503748 0.503716
vt 0.503153 0.50410402
vt 0.503604 0.50186998
vt 0.502807 0.50357002
vt 0.502207 0.504183
vt 0.503153 0.50410402
vt 0.503438 0.50445598
vt 0.503153 0.50410402
vt 0.502207 0.504183
vt 0.50187 0.50387597
vt 0.503438 0.50445598
vt 0.501753 0.504592
vt 0.502207 0.504183
vt 0.503557 0.50175297
vt 0.502207 0.503438
vt 0.502112 0.503967
vt 0.502207 0.504183
vt 0.501105 0.50426
vt 0.50187 0.50387597
vt 0.501105 0.50426
vt 0.502207 0.504183
vt 0.501753 0.504592
vt 0.503869 0.501907
vt 0.502112 0.503967
vt 0.502828 0.50384003
vt 0.502112 0.503967
vt 0.503869 0.501907
vt 0.503557 0.50175297
vt 0.502707 0.50463498
vt 0.50384 0.50454003
vt 0.503934 0.50419903
vt 0.502828 0.50384003
vt 0.503822 0.502707
vt 0.503869 0.501907
vt 0.502745 0.50429797
vt 0.503934 0.50419903
vt 0.503248 0.50387698
vt 0.503934 0.50419903
vt 0.502745 0.50429797
vt 0.502707 0.50463498
vt 0.504426 0.50167102
vt 0.503525 0.50324798
vt 0.502807 0.50357002
vt 0.503248 0.50387698
vt 0.501671 0.50399202
vt 0.502745 0.50429797
vt 0.504108 0.501553
vt 0.503604 0.50186998
vt 0.502807 0.50357002
vt 0.504108 0.501553
vt 0.504426 0.50167102
vt 0.500999 0.504753
vt 0.502707 0.50463498
vt 0.502745 0.50429797
vt 0.503822 0.502707
vt 0.504507 0.50099897
vt 0.503869 0.501907
vt 0.50138 0.50439298
vt 0.502745 0.50429797
vt 0.501671 0.50399202
vt 0.502745 0.50429797
vt 0.50138 0.50439298
vt 0.500999 0.504753
vt 0.499838 0.50449198
vt 0.50138 0.50439298
vt 0.501671 0.50399202
vt 0.499838 0.50449198
vt 0.504706 0.499767
vt 0.499767 0.504115
vt 0.504342 0.499026
vt 0.504108 0.501553
vt 0.503604 0.50186998
vt 0.504108 0.501553
vt 0.504342 0.499026
vt 0.504706 0.499767
vt 0.499185 0.50486797
vt 0.500999 0.504753
vt 0.499838 0.50449198
vt 0.497981 0.504614
vt 0.499838 0.50449198
vt 0.499767 0.504115
vt 0.499838 0.50449198
vt 0.497981 0.504614
vt 0.499185 0.50486797
vt 0.504426 0.498303
vt 0.504706 0.499767
vt 0.504342 0.499026
vt 0.499767 0.504115
vt 0.498303 0.504211
vt 0.497981 0.504614
vt 0.504507 0.50099897
vt 0.504535 0.49918497
vt 0.504191 0.49912298
vt 0.504191 0.49912298
vt 0.504507 0.50099897
vt 0.503751 0.497191
vt 0.504535 0.49918497
vt 0.504418 0.497981
vt 0.504535 0.49918497
vt 0.503751 0.497191
vt 0.504191 0.49912298
vt 0.496993 0.504308
vt 0.503704 0.496993
vt 0.504426 0.498303
vt 0.497981 0.504614
vt 0.496435 0.50473797
vt 0.497191 0.50500703
vt 0.496435 0.50473797
vt 0.497981 0.504614
vt 0.496993 0.504308
vt 0.503604 0.50186998
vt 0.503989 0.49926102
vt 0.504342 0.499026
vt 0.499261 0.504045
vt 0.50187 0.50387597
vt 0.501105 0.50426
vt 0.504342 0.499026
vt 0.502963 0.49658704
vt 0.503704 0.496993
vt 0.502963 0.49658704
vt 0.504342 0.499026
vt 0.503989 0.49926102
vt 0.503704 0.504308
vt 0.502609 0.504407
vt 0.503305 0.50473797
vt 0.502609 0.495969
vt 0.503704 0.496993
vt 0.502963 0.49658704
vt 0.501105 0.50426
vt 0.49985 0.50434
vt 0.499261 0.504045
vt 0.49985 0.50434
vt 0.501753 0.504592
vt 0.502055 0.50484002
vt 0.503305 0.50473797
vt 0.502609 0.504407
vt 0.499187 0.50475597
vt 0.503857 0.499187
vt 0.503557 0.50175297
vt 0.503869 0.501907
vt 0.503857 0.499187
vt 0.49985 0.50434
vt 0.498664 0.504417
vt 0.499261 0.504045
vt 0.498664 0.504417
vt 0.49985 0.50434
vt 0.499187 0.50475597
vt 0.496999 0.50420898
vt 0.499261 0.504045
vt 0.498664 0.504417
vt 0.503989 0.49926102
vt 0.502827 0.49699903
vt 0.502963 0.49658704
vt 0.497601 0.50449598
vt 0.498664 0.504417
vt 0.499187 0.50475597
vt 0.498664 0.504417
vt 0.497601 0.50449598
vt 0.496999 0.50420898
vt 0.503058 0.49754298
vt 0.503857 0.499187
vt 0.504191 0.49912298
vt 0.499187 0.50475597
vt 0.497543 0.50487697
vt 0.497601 0.50449598
vt 0.501251 0.49533498
vt 0.502609 0.495969
vt 0.502963 0.49658704
vt 0.502609 0.504407
vt 0.501251 0.50451
vt 0.502055 0.50484002
vt 0.50213 0.50457603
vt 0.503004 0.50449598
vt 0.503058 0.50487697
vt 0.503004 0.49760103
vt 0.50213 0.49676704
vt 0.502827 0.49699903
vt 0.50287 0.49678504
vt 0.503058 0.49754298
vt 0.50287 0.49678504
vt 0.503751 0.497191
vt 0.503058 0.50487697
vt 0.502158 0.50495797
vt 0.50213 0.50457603
vt 0.502158 0.49670196
vt 0.503058 0.49754298
vt 0.50287 0.49678504
vt 0.501403 0.495498
vt 0.503751 0.497191
vt 0.503305 0.496435
vt 0.503751 0.497191
vt 0.501403 0.495498
vt 0.50287 0.49678504
vt 0.503305 0.496435
vt 0.502055 0.49557102
vt 0.501403 0.495498
vt 0.501042 0.50465798
vt 0.50213 0.50457603
vt 0.502158 0.50495797
vt 0.502055 0.50484002
vt 0.500599 0.504946
vt 0.501403 0.50520098
vt 0.500599 0.504946
vt 0.502055 0.50484002
vt 0.501251 0.50451
vt 0.501047 0.49618304
vt 0.502158 0.49670196
vt 0.50287 0.49678504
vt 0.502158 0.50495797
vt 0.501047 0.50504202
vt 0.501042 0.50465798
vt 0.500442 0.495691
vt 0.50287 0.49678504
vt 0.501403 0.495498
vt 0.50287 0.50514
vt 0.500442 0.50532198
vt 0.501047 0.50504202
vt 0.50213 0.50457603
vt 0.501042 0.50465798
vt 0.500546 0.504382
vt 0.500546 0.504382
vt 0.502827 0.50420898
vt 0.50213 0.50457603
vt 0.499844 0.50474298
vt 0.501042 0.50465798
vt 0.501047 0.50504202
vt 0.501042 0.49624598
vt 0.499844 0.496086
vt 0.500546 0.495849
vt 0.500398 0.49543202
vt 0.502963 0.49658704
vt 0.502827 0.49699903
vt 0.502827 0.49699903
vt 0.500546 0.495849
vt 0.500398 0.49543202
vt 0.502963 0.49658704
vt 0.500398 0.49543202
vt 0.501251 0.49533498
vt 0.499831 0.50512803
vt 0.499844 0.50474298
vt 0.499831 0.49603403
vt 0.501047 0.49618304
vt 0.500442 0.495691
vt 0.499762 0.50461602
vt 0.501251 0.50451
vt 0.500398 0.50433803
vt 0.501251 0.50451
vt 0.499762 0.50461602
vt 0.500599 0.504946
vt 0.498371 0.50485402
vt 0.499844 0.50474298
vt 0.499831 0.50512803
vt 0.499081 0.505055
vt 0.500599 0.504946
vt 0.499762 0.50461602
vt 0.499831 0.50512803
vt 0.49863 0.50521803
vt 0.498371 0.50485402
vt 0.49863 0.50521803
vt 0.499831 0.50512803
vt 0.498521 0.495512
vt 0.501403 0.495498
vt 0.500599 0.49513602
vt 0.498521 0.495512
vt 0.500442 0.495691
vt 0.500599 0.49513602
vt 0.499081 0.495174
vt 0.498521 0.495512
vt 0.500442 0.50532198
vt 0.497853 0.50551498
vt 0.49863 0.50521803
vt 0.497853 0.49624002
vt 0.500442 0.495691
vt 0.498288 0.50472498
vt 0.499081 0.505055
vt 0.498288 0.49544
vt 0.499762 0.495152
vt 0.500398 0.49543202
vt 0.499081 0.505055
vt 0.497651 0.505167
vt 0.498521 0.50540698
vt 0.497651 0.505167
vt 0.499081 0.505055
vt 0.500398 0.49543202
vt 0.497639 0.496019
vt 0.498288 0.49544
vt 0.497639 0.496019
vt 0.500398 0.49543202
vt 0.500546 0.495849
vt 0.496975 0.504838
vt 0.497651 0.505167
vt 0.496975 0.504838
vt 0.498288 0.50472498
vt 0.497639 0.50454402
vt 0.498013 0.504569
vt 0.500546 0.504382
vt 0.499844 0.50474298
vt 0.500546 0.495849
vt 0.498013 0.496265
vt 0.497639 0.496019
vt 0.499844 0.50474298
vt 0.498371 0.50485402
vt 0.498013 0.504569
vt 0.496209 0.49721396
vt 0.498521 0.495512
vt 0.497651 0.49567997
vt 0.498521 0.495512
vt 0.496209 0.49721396
vt 0.497853 0.49624002
vt 0.49645 0.505283
vt 0.496975 0.504838
vt 0.497651 0.49567997
vt 0.49645 0.496603
vt 0.496209 0.49721396
vt 0.49595 0.497276
vt 0.496975 0.496171
vt 0.497639 0.496019
vt 0.496171 0.504838
vt 0.497276 0.50495398
vt 0.496603 0.505283
vt 0.495752 0.498129
vt 0.497639 0.496019
vt 0.498013 0.496265
vt 0.497639 0.496019
vt 0.495752 0.498129
vt 0.49595 0.497276
vt 0.497854 0.5054
vt 0.497276 0.50495398
vt 0.496603 0.505283
vt 0.497854 0.5054
vt 0.497214 0.505625
vt 0.498643 0.505073
vt 0.497276 0.50495398
vt 0.498129 0.504762
vt 0.498643 0.505073
vt 0.49863 0.50521803
vt 0.497562 0.50531
vt 0.498371 0.50485402
vt 0.497562 0.496862
vt 0.49863 0.49626803
vt 0.497853 0.49624002
vt 0.498371 0.49639797
vt 0.497142 0.49729002
vt 0.498013 0.496265
vt 0.497142 0.504969
vt 0.498371 0.50485402
vt 0.497562 0.50531
vt 0.496733 0.49775696
vt 0.497562 0.496862
vt 0.497853 0.49624002
vt 0.496862 0.50531
vt 0.497757 0.505404
vt 0.49729 0.504969
vt 0.4961 0.498199
vt 0.496209 0.49721396
vt 0.49624 0.50551498
vt 0.498199 0.505718
vt 0.497757 0.505404
vt 0.496203 0.504767
vt 0.498013 0.504569
vt 0.498013 0.496265
vt 0.496203 0.49810302
vt 0.495752 0.498129
vt 0.498289 0.505063
vt 0.49729 0.504969
vt 0.497757 0.505404
vt 0.497142 0.49729002
vt 0.496457 0.498289
vt 0.496203 0.49810302
vt 0.497757 0.505404
vt 0.498861 0.505499
vt 0.498289 0.505063
vt 0.496222 0.498861
vt 0.496733 0.49775696
vt 0.4961 0.498199
vt 0.496457 0.498289
vt 0.496115 0.49945402
vt 0.496203 0.49810302
vt 0.499454 0.505158
vt 0.498289 0.505063
vt 0.498861 0.505499
vt 0.496209 0.49721396
vt 0.495348 0.499941
vt 0.4961 0.498199
vt 0.495348 0.499941
vt 0.495595 0.497854
vt 0.50007 0.50559503
vt 0.498861 0.505499
vt 0.498199 0.505718
vt 0.498861 0.505499
vt 0.50007 0.50559503
vt 0.495595 0.497854
vt 0.49517 0.499304
vt 0.495348 0.499941
vt 0.499304 0.50551897
vt 0.497854 0.5054
vt 0.498643 0.505073
vt 0.495843 0.500799
vt 0.4961 0.498199
vt 0.495348 0.499941
vt 0.498199 0.505718
vt 0.500799 0.505925
vt 0.498643 0.505073
vt 0.50014 0.50519198
vt 0.499304 0.50551897
vt 0.495142 0.50014
vt 0.495319 0.49864304
vt 0.495752 0.498129
vt 0.499304 0.50551897
vt 0.500815 0.50563902
vt 0.499941 0.50585002
vt 0.500815 0.50563902
vt 0.499304 0.50551897
vt 0.50014 0.50519198
vt 0.495752 0.498129
vt 0.495474 0.50095803
vt 0.495142 0.50014
vt 0.495474 0.50095803
vt 0.495752 0.498129
vt 0.496203 0.49810302
vt 0.50162 0.505311
vt 0.500815 0.50563902
vt 0.50162 0.505311
vt 0.50014 0.50519198
vt 0.500958 0.504986
vt 0.496258 0.50263798
vt 0.495348 0.499941
vt 0.495215 0.50081497
vt 0.495348 0.499941
vt 0.496258 0.50263798
vt 0.495843 0.500799
vt 0.502234 0.505758
vt 0.50162 0.505311
vt 0.495215 0.50081497
vt 0.495726 0.50223398
vt 0.496258 0.50263798
vt 0.502938 0.50542903
vt 0.502234 0.505758
vt 0.496181 0.50293797
vt 0.495439 0.50162
vt 0.495474 0.50095803
vt 0.502234 0.505758
vt 0.503427 0.505875
vt 0.502638 0.506074
vt 0.503427 0.505875
vt 0.502938 0.50542903
vt 0.496203 0.49810302
vt 0.495821 0.500669
vt 0.495474 0.50095803
vt 0.500669 0.50497198
vt 0.498103 0.504767
vt 0.499454 0.505158
vt 0.495474 0.50095803
vt 0.496923 0.503415
vt 0.496181 0.50293797
vt 0.496923 0.503415
vt 0.495821 0.500669
vt 0.496181 0.50542903
vt 0.497295 0.50554502
vt 0.496652 0.505875
vt 0.497295 0.50554502
vt 0.496181 0.50542903
vt 0.496923 0.50520903
vt 0.496115 0.49945402
vt 0.496152 0.500668
vt 0.495821 0.500669
vt 0.500668 0.50525397
vt 0.499454 0.505158
vt 0.497897 0.50598902
vt 0.496652 0.505875
vt 0.497295 0.50554502
vt 0.501262 0.505691
vt 0.496318 0.501262
vt 0.496079 0.50006998
vt 0.495843 0.500799
vt 0.496152 0.500668
vt 0.496563 0.50181103
vt 0.495821 0.500669
vt 0.501811 0.50535
vt 0.500668 0.50525397
vt 0.501262 0.505691
vt 0.50232 0.505786
vt 0.501262 0.505691
vt 0.500799 0.505925
vt 0.501262 0.505691
vt 0.50232 0.505786
vt 0.501811 0.50535
vt 0.502979 0.505176
vt 0.500669 0.50497198
vt 0.501811 0.50535
vt 0.495821 0.500669
vt 0.497035 0.50297898
vt 0.496923 0.503415
vt 0.502771 0.505444
vt 0.501811 0.50535
vt 0.50232 0.505786
vt 0.496563 0.50181103
vt 0.497309 0.50277102
vt 0.497035 0.50297898
vt 0.500799 0.505925
vt 0.503037 0.506127
vt 0.50232 0.505786
vt 0.497162 0.50303698
vt 0.495843 0.500799
vt 0.496258 0.50263798
vt 0.496914 0.505786
vt 0.497807 0.50587898
vt 0.497309 0.505444
vt 0.497807 0.50313997
vt 0.496914 0.50232
vt 0.497162 0.50303698
vt 0.498576 0.504274
vt 0.496258 0.50263798
vt 0.496652 0.50342703
vt 0.496258 0.50263798
vt 0.498576 0.504274
vt 0.497162 0.50303698
vt 0.496652 0.50342703
vt 0.497897 0.50427002
vt 0.498576 0.504274
vt 0.498318 0.50553697
vt 0.497309 0.505444
vt 0.497807 0.50587898
vt 0.497309 0.50277102
vt 0.498318 0.503456
vt 0.497035 0.50297898
vt 0.498908 0.50597
vt 0.497807 0.50587898
vt 0.497162 0.506127
vt 0.497807 0.50587898
vt 0.498908 0.50597
vt 0.498318 0.50553697
vt 0.499534 0.50406098
vt 0.497162 0.50303698
vt 0.498576 0.504274
vt 0.497162 0.506127
vt 0.499534 0.506319
vt 0.498908 0.50597
vt 0.497897 0.50598902
vt 0.499346 0.5061
vt 0.498576 0.506289
vt 0.499493 0.50562698
vt 0.498318 0.50553697
vt 0.498908 0.50597
vt 0.497295 0.50554502
vt 0.498672 0.50565797
vt 0.497897 0.50598902
vt 0.499346 0.5061
vt 0.498672 0.50565797
vt 0.498672 0.50458902
vt 0.497295 0.50396103
vt 0.496923 0.503415
vt 0.498908 0.50597
vt 0.500111 0.50605702
vt 0.499493 0.50562698
vt 0.500111 0.503779
vt 0.498908 0.50364202
vt 0.499534 0.50406098
vt 0.496923 0.503415
vt 0.499554 0.50454998
vt 0.498672 0.50458902
vt 0.499554 0.50454998
vt 0.496923 0.503415
vt 0.497035 0.50297898
vt 0.500178 0.505768
vt 0.499346 0.5061
vt 0.500178 0.505768
vt 0.498672 0.50565797
vt 0.499554 0.505422
vt 0.499393 0.505372
vt 0.497035 0.505176
vt 0.498318 0.50553697
vt 0.498318 0.503456
vt 0.499493 0.503793
vt 0.499393 0.504135
vt 0.497035 0.50297898
vt 0.499393 0.504135
vt 0.499554 0.50454998
vt 0.500714 0.505714
vt 0.499493 0.50562698
vt 0.500111 0.50605702
vt 0.499493 0.503793
vt 0.500714 0.50375003
vt 0.499393 0.504135
vt 0.501297 0.50614202
vt 0.500111 0.50605702
vt 0.500111 0.50605702
vt 0.501297 0.50614202
vt 0.500714 0.505714
vt 0.498576 0.504274
vt 0.501403 0.50422502
vt 0.499534 0.50406098
vt 0.501403 0.50422502
vt 0.499346 0.50468802
vt 0.499534 0.506319
vt 0.502042 0.50649798
vt 0.501297 0.50614202
vt 0.502042 0.50349402
vt 0.499534 0.50406098
vt 0.501403 0.50422502
vt 0.500848 0.506207
vt 0.500178 0.505768
vt 0.499346 0.50468802
vt 0.500848 0.50463498
vt 0.501403 0.50422502
vt 0.501662 0.50445402
vt 0.500178 0.504759
vt 0.499554 0.50454998
vt 0.501662 0.50587398
vt 0.502362 0.503914
vt 0.499554 0.50454998
vt 0.499393 0.504135
vt 0.499554 0.50454998
vt 0.502362 0.503914
vt 0.501662 0.50445402
vt 0.500848 0.506207
vt 0.502263 0.506311
vt 0.501403 0.506491
vt 0.502263 0.506311
vt 0.500848 0.506207
vt 0.501994 0.505557
vt 0.499393 0.505372
vt 0.500714 0.505714
vt 0.499393 0.504135
vt 0.501994 0.50367302
vt 0.502362 0.503914
vt 0.501862 0.50579798
vt 0.501297 0.50614202
vt 0.500714 0.50375003
vt 0.501862 0.503331
vt 0.501994 0.50367302
vt 0.501297 0.50614202
vt 0.502349 0.50622398
vt 0.501862 0.50579798
vt 0.502349 0.50293797
vt 0.501297 0.503537
vt 0.502042 0.50349402
vt 0.501862 0.503331
vt 0.502827 0.50257403
vt 0.501994 0.50367302
vt 0.502827 0.50588
vt 0.501862 0.50579798
vt 0.502349 0.50622398
vt 0.502983 0.50597697
vt 0.501662 0.50587398
vt 0.502362 0.50562298
vt 0.502983 0.50597697
vt 0.502263 0.506311
vt 0.502938 0.50622398
vt 0.502045 0.506303
vt 0.502574 0.50588
vt 0.502045 0.506303
vt 0.502938 0.50622398
vt 0.503494 0.50649798
vt 0.503443 0.50641102
vt 0.502263 0.506311
vt 0.502983 0.50597697
vt 0.503647 0.50252098
vt 0.501403 0.50422502
vt 0.502263 0.50411898
vt 0.501403 0.50422502
vt 0.503647 0.50252098
vt 0.502042 0.50349402
vt 0.502263 0.50411898
vt 0.503443 0.50319397
vt 0.503647 0.50252098
vt 0.504005 0.50258
vt 0.502983 0.503703
vt 0.502362 0.503914
vt 0.503703 0.50597697
vt 0.50258 0.506078
vt 0.503194 0.50641102
vt 0.504264 0.501738
vt 0.502362 0.503914
vt 0.501994 0.50367302
vt 0.502362 0.503914
vt 0.504264 0.501738
vt 0.504005 0.50258
vt 0.503833 0.505733
vt 0.501994 0.505557
vt 0.502827 0.50588
vt 0.501994 0.50367302
vt 0.503833 0.501751
vt 0.504264 0.501738
vt 0.50195 0.506509
vt 0.503194 0.50641102
vt 0.50258 0.506078
vt 0.503443 0.50319397
vt 0.504278 0.50195003
vt 0.503647 0.50252098
vt 0.501194 0.506176
vt 0.501738 0.505813
vt 0.50258 0.506078
vt 0.501194 0.506176
vt 0.50195 0.506509
vt 0.503725 0.50157
vt 0.502042 0.50349402
vt 0.503647 0.50252098
vt 0.503494 0.50649798
vt 0.50157 0.506666
vt 0.502045 0.506303
vt 0.504446 0.49983096
vt 0.503647 0.50252098
vt 0.504278 0.50195003
vt 0.503647 0.50252098
vt 0.504446 0.49983096
vt 0.503725 0.50157
vt 0.500511 0.50660503
vt 0.50195 0.506509
vt 0.501194 0.506176
vt 0.504278 0.50195003
vt 0.504686 0.500511
vt 0.504446 0.49983096
vt 0.499684 0.50627297
vt 0.501194 0.506176
vt 0.499684 0.50627297
vt 0.500511 0.50660503
vt 0.501556 0.50596
vt 0.502827 0.50257403
vt 0.503511 0.50155598
vt 0.503833 0.501751
vt 0.502045 0.506303
vt 0.500944 0.506382
vt 0.501556 0.50596
vt 0.50366 0.50094402
vt 0.503163 0.50204498
vt 0.503725 0.50157
vt 0.503511 0.50155598
vt 0.503847 0.50037098
vt 0.503833 0.501751
vt 0.500371 0.50603902
vt 0.501556 0.50596
vt 0.500944 0.506382
vt 0.504522 0.498847
vt 0.504264 0.501738
vt 0.503833 0.501751
vt 0.504264 0.501738
vt 0.504522 0.498847
vt 0.504796 0.49968398
vt 0.499744 0.50645798
vt 0.500944 0.506382
vt 0.50157 0.506666
vt 0.500944 0.506382
vt 0.499744 0.50645798
vt 0.500371 0.50603902
vt 0.499014 0.506701
vt 0.500511 0.50660503
vt 0.499684 0.50627297
vt 0.504686 0.500511
vt 0.504629 0.49901402
vt 0.504446 0.49983096
vt 0.499093 0.50590402
vt 0.501751 0.505733
vt 0.500371 0.50603902
vt 0.503833 0.501751
vt 0.504181 0.499093
vt 0.504522 0.498847
vt 0.499142 0.506117
vt 0.500371 0.50603902
vt 0.499744 0.50645798
vt 0.503847 0.50037098
vt 0.5038 0.499142
vt 0.504181 0.499093
vt 0.50157 0.506666
vt 0.499033 0.50682902
vt 0.503953 0.49903297
vt 0.503725 0.50157
vt 0.504446 0.49983096
vt 0.499744 0.50645798
vt 0.498562 0.506536
vt 0.499142 0.506117
vt 0.498562 0.506536
vt 0.499744 0.50645798
vt 0.499033 0.50682902
vt 0.497458 0.50623798
vt 0.499142 0.506117
vt 0.498562 0.506536
vt 0.5038 0.499142
vt 0.50308 0.49745798
vt 0.504181 0.499093
vt 0.497516 0.50661403
vt 0.498562 0.506536
vt 0.499033 0.50682902
vt 0.498562 0.506536
vt 0.497516 0.50661403
vt 0.497458 0.50623798
vt 0.504446 0.49983096
vt 0.503501 0.497198
vt 0.503953 0.49903297
vt 0.503501 0.497198
vt 0.504446 0.49983096
vt 0.504629 0.49901402
vt 0.499033 0.50682902
vt 0.49686 0.506993
vt 0.497516 0.50661403
vt 0.50265 0.49686003
vt 0.503953 0.49903297
vt 0.503501 0.497198
vt 0.498193 0.50637102
vt 0.499014 0.506701
vt 0.498193 0.50637102
vt 0.499684 0.50627297
vt 0.498847 0.50599802
vt 0.504629 0.49901402
vt 0.504112 0.497613
vt 0.503501 0.497198
vt 0.497613 0.50679702
vt 0.498193 0.50637102
vt 0.503491 0.49656498
vt 0.504485 0.49819303
vt 0.504522 0.498847
vt 0.498193 0.50637102
vt 0.496565 0.506494
vt 0.504112 0.497613
vt 0.50319 0.496444
vt 0.503501 0.497198
vt 0.496444 0.506894
vt 0.497613 0.50679702
vt 0.496565 0.506494
vt 0.501191 0.495645
vt 0.503501 0.497198
vt 0.50319 0.496444
vt 0.503501 0.497198
vt 0.501191 0.495645
vt 0.50265 0.49686003
vt 0.501952 0.506994
vt 0.50319 0.506894
vt 0.503491 0.506494
vt 0.50319 0.496444
vt 0.501952 0.495619
vt 0.501191 0.495645
vt 0.504522 0.498847
vt 0.503023 0.49634898
vt 0.503491 0.49656498
vt 0.503023 0.49634898
vt 0.504522 0.498847
vt 0.503491 0.506494
vt 0.501928 0.50662202
vt 0.501952 0.506994
vt 0.501928 0.50662202
vt 0.503491 0.506494
vt 0.503023 0.50618702
vt 0.501952 0.495619
vt 0.500523 0.49521804
vt 0.501191 0.495645
vt 0.500523 0.50709802
vt 0.501952 0.506994
vt 0.501928 0.50662202
vt 0.504181 0.499093
vt 0.503094 0.49698997
vt 0.503023 0.49634898
vt 0.503094 0.49698997
vt 0.504181 0.499093
vt 0.50308 0.49745798
vt 0.503023 0.50618702
vt 0.501089 0.50633597
vt 0.503094 0.49698997
vt 0.501095 0.495726
vt 0.503023 0.49634898
vt 0.501089 0.49539304
vt 0.503023 0.49634898
vt 0.501095 0.495726
vt 0.501095 0.495726
vt 0.503094 0.49698997
vt 0.500459 0.506729
vt 0.501928 0.50662202
vt 0.501089 0.50633597
vt 0.501928 0.50662202
vt 0.500459 0.506729
vt 0.500523 0.50709802
vt 0.499348 0.49527097
vt 0.501089 0.49539304
vt 0.501095 0.495726
vt 0.501089 0.50633597
vt 0.499348 0.506454
vt 0.500459 0.506729
vt 0.49937 0.50696898
vt 0.500523 0.50709802
vt 0.500459 0.506729
vt 0.49937 0.50696898
vt 0.500459 0.506729
vt 0.499348 0.506454
vt 0.499435 0.49580896
vt 0.500523 0.49521804
vt 0.500523 0.49521804
vt 0.49937 0.495107
vt 0.499435 0.49580896
vt 0.50098 0.49603403
vt 0.501191 0.495645
vt 0.50098 0.49603403
vt 0.50265 0.49686003
vt 0.501191 0.495645
vt 0.495809 0.507329
vt 0.495107 0.50696898
vt 0.4961 0.506868
vt 0.50098 0.50712103
vt 0.499435 0.507329
vt 0.499418 0.506868
vt 0.495271 0.506454
vt 0.50265 0.506993
vt 0.50098 0.50712103
vt 0.50095 0.506777
vt 0.499418 0.506868
vt 0.50095 0.506777
vt 0.501095 0.495726
vt 0.49937 0.495906
vt 0.499348 0.49527097
vt 0.495906 0.506397
vt 0.4961 0.506868
vt 0.49937 0.495906
vt 0.501032 0.49607503
vt 0.49937 0.506397
vt 0.501032 0.50640398
vt 0.499418 0.506868
vt 0.50095 0.506777
vt 0.499418 0.506868
vt 0.501032 0.50640398
vt 0.50308 0.49745798
vt 0.501032 0.49607503
vt 0.501095 0.495726
vt 0.50095 0.506777
vt 0.50205 0.50669402
vt 0.50265 0.506993
vt 0.50205 0.50669402
vt 0.50095 0.506777
vt 0.501032 0.50640398
vt 0.501032 0.50640398
vt 0.50308 0.50623798
vt 0.50205 0.50669402
vt 0.50205 0.49670804
vt 0.502944 0.49751604
vt 0.50265 0.49686003
vt 0.502944 0.50661403
vt 0.50205 0.50669402
vt 0.50308 0.50623798
vt 0.496325 0.497203
vt 0.500542 0.495407
vt 0.499284 0.498626
vt 0.501891 0.499103
vt 0.499284 0.498626
vt 0.500542 0.495407
vt 0.497946 0.500912
vt 0.501891 0.499103
vt 0.502193 0.502405
vt 0.499284 0.498626
vt 0.502193 0.502405
vt 0.5035 0.49710298
vt 0.501891 0.499103
vt 0.505012 0.50023502
vt 0.502193 0.502405
vt 0.5035 0.49710298
vt 0.505012 0.50023502
vt 0.500164 0.50472498
vt 0.507847 0.496998
vt 0.505012 0.50023502
vt 0.507643 0.50363803
vt 0.506463 0.494655
vt 0.507847 0.496998
vt 0.5035 0.49710298
vt 0.507643 0.50363803
vt 0.506122 0.50589103
vt 0.500164 0.50472498
vt 0.506122 0.50589103
vt 0.50441 0.492872
vt 0.506463 0.494655
vt 0.500542 0.495407
vt 0.50441 0.492872
vt 0.508558 0.50071502
vt 0.508558 0.50071502
vt 0.505012 0.50023502
vt 0.506463 0.494655
vt 0.50441 0.492872
vt 0.505298 0.49293303
vt 0.507847 0.496998
vt 0.506463 0.494655
vt 0.50685 0.494376
vt 0.505298 0.49293303
vt 0.50685 0.494376
vt 0.506463 0.494655
vt 0.508558 0.50071502
vt 0.507847 0.496998
vt 0.508301 0.496854
vt 0.50685 0.494376
vt 0.508301 0.496854
vt 0.507847 0.496998
vt 0.508558 0.50071502
vt 0.508302 0.503223
vt 0.507643 0.50363803
vt 0.496854 0.486053
vt 0.494376 0.486035
vt 0.494904 0.486665
vt 0.508302 0.503223
vt 0.507348 0.505117
vt 0.506122 0.50589103
vt 0.507643 0.50363803
vt 0.507348 0.505117
vt 0.508302 0.503223
vt 0.50885 0.50187498
vt 0.508892 0.499664
vt 0.508558 0.50071502
vt 0.499664 0.48607504
vt 0.501875 0.48635
vt 0.500715 0.485852
vt 0.505117 0.486116
vt 0.503223 0.486104
vt 0.503305 0.48672903
vt 0.501875 0.48635
vt 0.503305 0.48672903
vt 0.503223 0.486104
vt 0.499664 0.48607504
vt 0.496854 0.486053
vt 0.497544 0.48668504
vt 0.501875 0.48635
vt 0.500443 0.48670697
vt 0.496173 0.48667502
vt 0.497544 0.48668504
vt 0.496854 0.486053
vt 0.494904 0.486665
vt 0.496173 0.48667502
vt 0.497544 0.48668504
vt 0.498978 0.486696
vt 0.498978 0.486696
vt 0.500443 0.48670697
vt 0.499664 0.48607504
vt 0.497544 0.48668504
vt 0.496173 0.48667502
vt 0.496983 0.48725104
vt 0.497544 0.48668504
vt 0.496983 0.48725104
vt 0.496173 0.48667502
vt 0.494904 0.486665
vt 0.494542 0.48723197
vt 0.494542 0.48723197
vt 0.496173 0.48667502
vt 0.500443 0.48670697
vt 0.498978 0.486696
vt 0.499742 0.487271
vt 0.496983 0.48725104
vt 0.499742 0.487271
vt 0.500443 0.48670697
vt 0.501895 0.487154
vt 0.501875 0.48635
vt 0.501895 0.487154
vt 0.500443 0.48670697
vt 0.494904 0.486665
vt 0.493769 0.486656
vt 0.494542 0.48723197
vt 0.494376 0.486035
vt 0.508164 0.496983
vt 0.506765 0.494542
vt 0.505431 0.494833
vt 0.505425 0.48664904
vt 0.506521 0.486656
vt 0.50685 0.486035
vt 0.505298 0.486026
vt 0.505425 0.48664904
vt 0.505211 0.487217
vt 0.506765 0.48723197
vt 0.506521 0.486656
vt 0.506521 0.486656
vt 0.505211 0.487217
vt 0.506765 0.494542
vt 0.505211 0.49307704
vt 0.505431 0.494833
vt 0.504186 0.48664296
vt 0.505425 0.48664904
vt 0.505298 0.486026
vt 0.503417 0.48721302
vt 0.505425 0.48664904
vt 0.504186 0.48664296
vt 0.503417 0.48721302
vt 0.505298 0.486026
vt 0.50341 0.48601496
vt 0.504186 0.48664296
vt 0.50341 0.49182403
vt 0.505298 0.49293303
vt 0.50441 0.492872
vt 0.502839 0.48663902
vt 0.503417 0.48721302
vt 0.502839 0.48663902
vt 0.504186 0.48664296
vt 0.50341 0.48601496
vt 0.505211 0.49307704
vt 0.503417 0.49201
vt 0.502371 0.49289
vt 0.502371 0.49289
vt 0.505431 0.494833
vt 0.505211 0.49307704
vt 0.50136 0.48720503
vt 0.502839 0.48663902
vt 0.503417 0.49201
vt 0.50136 0.49143398
vt 0.501416 0.48663604
vt 0.502839 0.48663902
vt 0.501416 0.48663604
vt 0.50136 0.48720503
vt 0.50441 0.492872
vt 0.501899 0.49183297
vt 0.50341 0.49182403
vt 0.501899 0.49183297
vt 0.50341 0.48601496
vt 0.500619 0.48601103
vt 0.500619 0.49115396
vt 0.50341 0.49182403
vt 0.501899 0.49183297
vt 0.499187 0.49163997
vt 0.499187 0.49163997
vt 0.500619 0.49115396
vt 0.496729 0.492342
vt 0.499187 0.49163997
vt 0.500542 0.495407
vt 0.496729 0.492342
vt 0.497759 0.49140203
vt 0.500619 0.49115396
vt 0.499187 0.49163997
vt 0.496729 0.492342
vt 0.497759 0.49140203
vt 0.499956 0.48663497
vt 0.500619 0.48601103
vt 0.498495 0.48663604
vt 0.497759 0.48601198
vt 0.498495 0.48663604
vt 0.499273 0.487208
vt 0.499273 0.487208
vt 0.499273 0.487208
vt 0.50136 0.48720503
vt 0.497073 0.48663902
vt 0.497759 0.48601198
vt 0.50136 0.49143398
vt 0.499273 0.491323
vt 0.49935 0.492486
vt 0.49935 0.492486
vt 0.502371 0.49289
vt 0.497186 0.487207
vt 0.499273 0.487208
vt 0.498495 0.48663604
vt 0.498495 0.48663604
vt 0.497073 0.48663902
vt 0.497186 0.487207
vt 0.496983 0.49306703
vt 0.499273 0.491323
vt 0.499273 0.491323
vt 0.497186 0.49176896
vt 0.496983 0.49306703
vt 0.502371 0.49289
vt 0.500324 0.49492204
vt 0.495286 0.487217
vt 0.497186 0.487207
vt 0.497073 0.48663902
vt 0.497186 0.49176896
vt 0.495286 0.49264002
vt 0.496983 0.49306703
vt 0.495724 0.48664296
vt 0.497073 0.48663902
vt 0.497759 0.48601198
vt 0.497073 0.48663902
vt 0.495724 0.48664296
vt 0.495286 0.487217
vt 0.497759 0.48601198
vt 0.495788 0.48601997
vt 0.495724 0.48664296
vt 0.495788 0.49218702
vt 0.497759 0.49140203
vt 0.496729 0.492342
vt 0.494486 0.48664904
vt 0.495724 0.48664296
vt 0.495788 0.48601997
vt 0.495724 0.48664296
vt 0.494486 0.48664904
vt 0.495286 0.487217
vt 0.493978 0.493415
vt 0.495788 0.49218702
vt 0.496729 0.492342
vt 0.493978 0.48602796
vt 0.494269 0.493793
vt 0.493978 0.493415
vt 0.493389 0.48665702
vt 0.494486 0.48664904
vt 0.493978 0.48602796
vt 0.492572 0.495916
vt 0.494269 0.493793
vt 0.494486 0.48664904
vt 0.493389 0.48665702
vt 0.493174 0.48723197
vt 0.493174 0.48723197
vt 0.495286 0.487217
vt 0.494486 0.48664904
vt 0.494898 0.48666596
vt 0.493764 0.48665702
vt 0.493415 0.48602796
vt 0.493764 0.48665702
vt 0.494898 0.48666596
vt 0.494501 0.48723197
vt 0.492175 0.49565196
vt 0.493978 0.493415
vt 0.494269 0.493793
vt 0.493415 0.48602796
vt 0.495652 0.486044
vt 0.494898 0.48666596
vt 0.494269 0.493793
vt 0.492572 0.495916
vt 0.492175 0.49565196
vt 0.496315 0.48724198
vt 0.494501 0.48723197
vt 0.494898 0.48666596
vt 0.496167 0.48667502
vt 0.495652 0.486044
vt 0.496167 0.48667502
vt 0.496315 0.48724198
vt 0.491377 0.49761498
vt 0.492175 0.49565196
vt 0.492572 0.495916
vt 0.497537 0.48668504
vt 0.495652 0.486044
vt 0.497615 0.48606098
vt 0.497537 0.48668504
vt 0.498288 0.487261
vt 0.496315 0.48724198
vt 0.496167 0.48667502
vt 0.497537 0.48668504
vt 0.498288 0.487261
vt 0.493174 0.494501
vt 0.492051 0.496315
vt 0.492687 0.49793696
vt 0.492051 0.496315
vt 0.491363 0.49828804
vt 0.492687 0.49793696
vt 0.495286 0.49264002
vt 0.493174 0.494501
vt 0.494072 0.495246
vt 0.492687 0.49793696
vt 0.494072 0.495246
vt 0.493174 0.494501
vt 0.494072 0.495246
vt 0.495315 0.49418902
vt 0.495315 0.49418902
vt 0.495286 0.49264002
vt 0.495266 0.49787998
vt 0.495266 0.49787998
vt 0.495315 0.49418902
vt 0.494072 0.495246
vt 0.496852 0.49592698
vt 0.495266 0.49787998
vt 0.496983 0.49306703
vt 0.49868 0.495068
vt 0.496852 0.49592698
vt 0.49868 0.495068
vt 0.49868 0.495068
vt 0.500324 0.49492204
vt 0.49935 0.492486
vt 0.496852 0.49592698
vt 0.497868 0.496787
vt 0.500324 0.49492204
vt 0.499304 0.496215
vt 0.497868 0.496787
vt 0.499304 0.496215
vt 0.49868 0.495068
vt 0.496945 0.49761403
vt 0.496945 0.49761403
vt 0.497868 0.496787
vt 0.496852 0.49592698
vt 0.494808 0.49988902
vt 0.495266 0.49787998
vt 0.497868 0.490075
vt 0.496945 0.490081
vt 0.497505 0.49149
vt 0.492404 0.500973
vt 0.494808 0.49988902
vt 0.492404 0.500973
vt 0.492687 0.49793696
vt 0.491363 0.49828804
vt 0.496328 0.49869204
vt 0.494808 0.49988902
vt 0.49607 0.50023198
vt 0.49607 0.50023198
vt 0.496328 0.49869204
vt 0.497614 0.490081
vt 0.498692 0.49009
vt 0.498886 0.491284
vt 0.498016 0.49149
vt 0.497614 0.490081
vt 0.500178 0.491301
vt 0.498692 0.49009
vt 0.500232 0.49010503
vt 0.500178 0.491301
vt 0.498886 0.491284
vt 0.499188 0.49239898
vt 0.500178 0.491301
vt 0.498271 0.491485
vt 0.497868 0.490075
vt 0.499304 0.490075
vt 0.498271 0.491485
vt 0.495136 0.501926
vt 0.495136 0.501926
vt 0.494808 0.49988902
vt 0.492404 0.500973
vt 0.501441 0.49130404
vt 0.500232 0.49010503
vt 0.496466 0.501724
vt 0.495136 0.501926
vt 0.500232 0.49010503
vt 0.501724 0.49011302
vt 0.501441 0.49130404
vt 0.501184 0.49315202
vt 0.502223 0.49152303
vt 0.501441 0.49130404
vt 0.501724 0.49011302
vt 0.502223 0.49152303
vt 0.501184 0.49315202
vt 0.501441 0.49130404
vt 0.497176 0.50274098
vt 0.496466 0.501724
vt 0.495136 0.501926
vt 0.502741 0.490121
vt 0.502223 0.49152303
vt 0.501184 0.49315202
vt 0.500389 0.493163
vt 0.500389 0.493163
vt 0.501696 0.49326396
vt 0.500389 0.493163
vt 0.49944 0.49324703
vt 0.499188 0.49239898
vt 0.501696 0.49326396
vt 0.501592 0.49361396
vt 0.500389 0.493163
vt 0.501184 0.49315202
vt 0.501592 0.49361396
vt 0.49944 0.49324703
vt 0.498651 0.49332702
vt 0.498016 0.49149
vt 0.498651 0.49332702
vt 0.500389 0.493163
vt 0.499687 0.493599
vt 0.499687 0.493599
vt 0.498651 0.49332702
vt 0.49944 0.49324703
vt 0.501592 0.49361396
vt 0.500904 0.493617
vt 0.499687 0.493599
vt 0.498651 0.49332702
vt 0.497828 0.493235
vt 0.498271 0.491485
vt 0.497505 0.49149
vt 0.498002 0.493235
vt 0.496805 0.49968696
vt 0.496906 0.50090402
vt 0.496448 0.50141603
vt 0.496906 0.50090402
vt 0.497207 0.50159198
vt 0.496448 0.50141603
vt 0.497828 0.493235
vt 0.498651 0.49332702
vt 0.497693 0.493465
vt 0.502107 0.49338102
vt 0.501592 0.49361396
vt 0.502107 0.49338102
vt 0.501696 0.49326396
vt 0.498002 0.493235
vt 0.498798 0.49323
vt 0.498271 0.491485
vt 0.498798 0.49323
vt 0.498002 0.493235
vt 0.497924 0.493465
vt 0.499209 0.49148297
vt 0.498798 0.49323
vt 0.498271 0.491485
vt 0.499209 0.49148297
vt 0.499304 0.490075
vt 0.497924 0.497693
vt 0.49734 0.49865103
vt 0.497451 0.497909
vt 0.499687 0.493599
vt 0.497909 0.493613
vt 0.498651 0.49332702
vt 0.497924 0.493465
vt 0.499028 0.49357998
vt 0.498798 0.49323
vt 0.497451 0.493613
vt 0.499028 0.49357998
vt 0.497924 0.493465
vt 0.49971 0.49322903
vt 0.49971 0.49322903
vt 0.498798 0.49323
vt 0.499028 0.49357998
vt 0.499209 0.49148297
vt 0.499992 0.49147797
vt 0.499304 0.490075
vt 0.499992 0.49147797
vt 0.499209 0.49148297
vt 0.49971 0.49322903
vt 0.500861 0.490072
vt 0.499304 0.490075
vt 0.499992 0.49147797
vt 0.499304 0.496215
vt 0.500861 0.496287
vt 0.500324 0.49492204
vt 0.500729 0.49148297
vt 0.499992 0.49147797
vt 0.49971 0.49322903
vt 0.499992 0.49147797
vt 0.500729 0.49148297
vt 0.500861 0.490072
vt 0.501932 0.495304
vt 0.500861 0.496287
vt 0.501932 0.495304
vt 0.505431 0.494833
vt 0.502006 0.490075
vt 0.500729 0.49148297
vt 0.500861 0.496287
vt 0.502006 0.496768
vt 0.501932 0.495304
vt 0.503649 0.496445
vt 0.505431 0.494833
vt 0.503649 0.496445
vt 0.501932 0.495304
vt 0.502006 0.496768
vt 0.500651 0.49323
vt 0.507063 0.497379
vt 0.505431 0.494833
vt 0.505431 0.494833
vt 0.507063 0.497379
vt 0.508164 0.496983
vt 0.50872 0.49974203
vt 0.508164 0.496983
vt 0.507063 0.497379
vt 0.500729 0.49148297
vt 0.501663 0.491485
vt 0.502006 0.490075
vt 0.501663 0.491485
vt 0.500651 0.49323
vt 0.507063 0.497379
vt 0.507549 0.499767
vt 0.50872 0.49974203
vt 0.508683 0.501895
vt 0.50872 0.49974203
vt 0.507549 0.499767
vt 0.504751 0.49819303
vt 0.507549 0.499767
vt 0.507063 0.497379
vt 0.502006 0.496768
vt 0.502939 0.49758804
vt 0.504751 0.49819303
vt 0.503649 0.496445
vt 0.502939 0.49758804
vt 0.502939 0.490081
vt 0.502006 0.490075
vt 0.501663 0.491485
vt 0.504751 0.49819303
vt 0.505094 0.499807
vt 0.507549 0.499767
vt 0.502939 0.49758804
vt 0.503564 0.498658
vt 0.504751 0.49819303
vt 0.504751 0.49819303
vt 0.503564 0.498658
vt 0.502473 0.491278
vt 0.502939 0.490081
vt 0.498658 0.49009
vt 0.497588 0.490081
vt 0.497974 0.491278
vt 0.507549 0.499767
vt 0.507026 0.50276798
vt 0.508683 0.501895
vt 0.507026 0.50276798
vt 0.507549 0.499767
vt 0.505094 0.499807
vt 0.498877 0.49128497
vt 0.503564 0.498658
vt 0.503837 0.500179
vt 0.505094 0.499807
vt 0.500179 0.49010503
vt 0.498658 0.49009
vt 0.498877 0.49128497
vt 0.502445 0.49239302
vt 0.502473 0.491278
vt 0.498307 0.49239302
vt 0.504908 0.501446
vt 0.505094 0.499807
vt 0.503837 0.500179
vt 0.505094 0.499807
vt 0.504908 0.501446
vt 0.507026 0.50276798
vt 0.499902 0.491292
vt 0.500179 0.49010503
vt 0.501519 0.493232
vt 0.498307 0.49239302
vt 0.499537 0.49313998
vt 0.498877 0.49128497
vt 0.499537 0.49313998
vt 0.501519 0.493232
vt 0.500651 0.49323
vt 0.500472 0.493577
vt 0.500651 0.49323
vt 0.49971 0.49322903
vt 0.500472 0.493577
vt 0.500472 0.493577
vt 0.501519 0.493232
vt 0.502225 0.49323702
vt 0.502445 0.49239302
vt 0.500472 0.493577
vt 0.501816 0.49357998
vt 0.501519 0.493232
vt 0.502225 0.49323702
vt 0.501519 0.493232
vt 0.501816 0.49357998
vt 0.498162 0.49323702
vt 0.498978 0.49324298
vt 0.498307 0.49239302
vt 0.499537 0.49313998
vt 0.498307 0.49239302
vt 0.498978 0.49324298
vt 0.497466 0.49357998
vt 0.498289 0.49359
vt 0.498162 0.49323702
vt 0.498978 0.49324298
vt 0.498162 0.49323702
vt 0.498289 0.49359
vt 0.499537 0.49313998
vt 0.498978 0.49324298
vt 0.499674 0.49348402
vt 0.499537 0.49313998
vt 0.500363 0.49316204
vt 0.499902 0.491292
vt 0.500363 0.49316204
vt 0.499537 0.49313998
vt 0.499674 0.49348402
vt 0.499902 0.491292
vt 0.501192 0.49130797
vt 0.500179 0.49010503
vt 0.500363 0.49316204
vt 0.503837 0.500179
vt 0.503332 0.50196898
vt 0.501969 0.49011803
vt 0.501192 0.49130797
vt 0.50431 0.502823
vt 0.504908 0.501446
vt 0.503332 0.50196898
vt 0.504908 0.501446
vt 0.507026 0.50276798
vt 0.500363 0.49316204
vt 0.501028 0.493168
vt 0.501192 0.49130797
vt 0.502083 0.49151802
vt 0.501969 0.49011803
vt 0.501028 0.493168
vt 0.502083 0.49151802
vt 0.503374 0.503923
vt 0.50431 0.502823
vt 0.503332 0.50196898
vt 0.501028 0.493168
vt 0.500363 0.49316204
vt 0.501187 0.493608
vt 0.499674 0.49348402
vt 0.501187 0.493608
vt 0.501688 0.493263
vt 0.501688 0.493263
vt 0.501187 0.493608
vt 0.503128 0.490124
vt 0.501969 0.49011803
vt 0.502293 0.503128
vt 0.503374 0.503923
vt 0.501789 0.49149203
vt 0.502394 0.49151802
vt 0.502373 0.493263
vt 0.502394 0.49151802
vt 0.502293 0.490124
vt 0.504956 0.50574702
vt 0.502135 0.49338102
vt 0.502638 0.49149203
vt 0.501187 0.493608
vt 0.502135 0.49338102
vt 0.501688 0.493263
vt 0.501196 0.49012804
vt 0.502293 0.490124
vt 0.501789 0.49149203
vt 0.501621 0.504924
vt 0.503374 0.503923
vt 0.502293 0.503128
vt 0.502293 0.503128
vt 0.501196 0.503711
vt 0.501621 0.504924
vt 0.501163 0.49152398
vt 0.502012 0.49338102
vt 0.501789 0.49149203
vt 0.501163 0.49152398
vt 0.501196 0.49012804
vt 0.50235 0.50728
vt 0.50235 0.50728
vt 0.504956 0.50574702
vt 0.499994 0.505202
vt 0.501621 0.504924
vt 0.501196 0.503711
vt 0.499942 0.507666
vt 0.501621 0.504924
vt 0.499994 0.505202
vt 0.499942 0.507666
vt 0.504005 0.50784898
vt 0.501196 0.503711
vt 0.499667 0.503924
vt 0.499994 0.505202
vt 0.499667 0.490133
vt 0.501196 0.49012804
vt 0.501163 0.49152398
vt 0.504956 0.50574702
vt 0.506261 0.50616503
vt 0.506261 0.50616503
vt 0.507867 0.50385398
vt 0.507867 0.50385398
vt 0.501895 0.487154
vt 0.503854 0.48730302
vt 0.504628 0.48673797
vt 0.503305 0.48672903
vt 0.503854 0.48730302
vt 0.503305 0.48672903
vt 0.504628 0.48673797
vt 0.505117 0.486116
vt 0.505834 0.48674703
vt 0.504628 0.48673797
vt 0.503854 0.48730302
vt 0.504628 0.48673797
vt 0.505834 0.48674703
vt 0.505117 0.486116
vt 0.506165 0.48732
vt 0.505834 0.48674703
vt 0.507199 0.48613203
vt 0.505117 0.486116
vt 0.507348 0.505117
vt 0.505372 0.507199
vt 0.506122 0.50589103
vt 0.50689 0.486755
vt 0.505834 0.48674703
vt 0.506165 0.48732
vt 0.505834 0.48674703
vt 0.50689 0.486755
vt 0.507199 0.48613203
vt 0.504816 0.486762
vt 0.505988 0.486755
vt 0.506261 0.48732
vt 0.505988 0.486755
vt 0.504816 0.486762
vt 0.505372 0.48613203
vt 0.506261 0.48732
vt 0.504005 0.487333
vt 0.504816 0.486762
vt 0.503071 0.50812602
vt 0.505372 0.507199
vt 0.503071 0.50812602
vt 0.503468 0.486143
vt 0.505372 0.48613203
vt 0.504816 0.486762
vt 0.505372 0.507199
vt 0.503468 0.50827903
vt 0.503519 0.486767
vt 0.504005 0.487333
vt 0.504816 0.486762
vt 0.503519 0.486767
vt 0.503468 0.486143
vt 0.502048 0.48720598
vt 0.503519 0.486767
vt 0.504005 0.487333
vt 0.502048 0.50874
vt 0.504005 0.50784898
vt 0.502143 0.486403
vt 0.503519 0.486767
vt 0.502048 0.48720598
vt 0.502143 0.486403
vt 0.502143 0.50888503
vt 0.499926 0.50884098
vt 0.50235 0.50728
vt 0.50235 0.50728
vt 0.499942 0.507666
vt 0.499926 0.50884098
vt 0.500682 0.486773
vt 0.502143 0.486403
vt 0.502048 0.48720598
vt 0.499926 0.487341
vt 0.500682 0.486773
vt 0.50069 0.50897002
vt 0.503071 0.50812602
vt 0.502143 0.50888503
vt 0.502143 0.486403
vt 0.500682 0.486773
vt 0.50069 0.486148
vt 0.503071 0.50812602
vt 0.50069 0.50897002
vt 0.500033 0.50855398
vt 0.503071 0.50812602
vt 0.500033 0.50855398
vt 0.498571 0.48614502
vt 0.50069 0.486148
vt 0.50069 0.50897002
vt 0.498571 0.50892
vt 0.500033 0.50855398
vt 0.499217 0.486773
vt 0.499926 0.487341
vt 0.499217 0.486773
vt 0.500033 0.50855398
vt 0.497346 0.50814402
vt 0.500164 0.50472498
vt 0.497346 0.50814402
vt 0.498571 0.50892
vt 0.49777 0.486772
vt 0.496426 0.503286
vt 0.496426 0.503286
vt 0.497946 0.500912
vt 0.498571 0.50892
vt 0.495842 0.50802702
vt 0.495842 0.486139
vt 0.498571 0.48614502
vt 0.49777 0.486772
vt 0.494929 0.50690597
vt 0.494929 0.50690597
vt 0.497346 0.50814402
vt 0.495842 0.50802702
vt 0.494897 0.50033498
vt 0.494897 0.50033498
vt 0.496325 0.497203
vt 0.497946 0.500912
vt 0.494929 0.50690597
vt 0.492341 0.50414503
vt 0.492341 0.50414503
vt 0.495842 0.50802702
vt 0.49405 0.50677
vt 0.494929 0.50690597
vt 0.492341 0.50414503
vt 0.491634 0.49846697
vt 0.491634 0.49846697
vt 0.492572 0.495916
vt 0.491634 0.49846697
vt 0.491377 0.49761498
vt 0.49155 0.501181
vt 0.491634 0.49846697
vt 0.49155 0.501181
vt 0.491009 0.49977303
vt 0.491377 0.49761498
vt 0.491634 0.49846697
vt 0.491634 0.49846697
vt 0.49155 0.501181
vt 0.491009 0.49977303
vt 0.492341 0.50414503
vt 0.491215 0.50188297
vt 0.49155 0.501181
vt 0.491215 0.50188297
vt 0.491009 0.49977303
vt 0.49155 0.501181
vt 0.497615 0.48606098
vt 0.499773 0.486076
vt 0.498972 0.486696
vt 0.498972 0.486696
vt 0.497537 0.48668504
vt 0.497615 0.48606098
vt 0.499773 0.486076
vt 0.501883 0.48609304
vt 0.501892 0.486718
vt 0.500437 0.48670602
vt 0.501892 0.486718
vt 0.500437 0.48670602
vt 0.499773 0.486076
vt 0.501102 0.48728096
vt 0.498972 0.486696
vt 0.500437 0.48670602
vt 0.501102 0.48728096
vt 0.501102 0.48728096
vt 0.491363 0.49828804
vt 0.49124 0.50110197
vt 0.492404 0.500973
vt 0.503312 0.48636103
vt 0.501892 0.486718
vt 0.501883 0.48609304
vt 0.491215 0.50188297
vt 0.492341 0.50414503
vt 0.491472 0.503312
vt 0.503194 0.48716402
vt 0.501102 0.48728096
vt 0.501892 0.486718
vt 0.503312 0.48636103
vt 0.503194 0.48716402
vt 0.493383 0.50383103
vt 0.49124 0.50110197
vt 0.49124 0.50110197
vt 0.491598 0.50319397
vt 0.492404 0.500973
vt 0.493383 0.50383103
vt 0.505207 0.486117
vt 0.503312 0.48636103
vt 0.504145 0.485878
vt 0.49405 0.50677
vt 0.492619 0.505207
vt 0.492341 0.50414503
vt 0.504623 0.48673797
vt 0.503194 0.48716402
vt 0.503312 0.48636103
vt 0.505207 0.486117
vt 0.504623 0.48673797
vt 0.492373 0.50444
vt 0.493383 0.50383103
vt 0.504623 0.48673797
vt 0.50444 0.48730302
vt 0.49627 0.50365198
vt 0.493383 0.50383103
vt 0.49627 0.50365198
vt 0.497176 0.50274098
vt 0.492373 0.50444
vt 0.493608 0.506127
vt 0.493383 0.50383103
vt 0.506127 0.48732
vt 0.50444 0.48730302
vt 0.504623 0.48673797
vt 0.493383 0.50383103
vt 0.495379 0.506136
vt 0.495379 0.506136
vt 0.493383 0.50383103
vt 0.493608 0.506127
vt 0.505829 0.48674703
vt 0.504623 0.48673797
vt 0.506127 0.48732
vt 0.506886 0.486755
vt 0.505829 0.48674703
vt 0.505829 0.48674703
vt 0.506886 0.486755
vt 0.506127 0.48732
vt 0.505207 0.486117
vt 0.50677 0.486131
vt 0.506886 0.486755
vt 0.493608 0.506127
vt 0.495273 0.507461
vt 0.495273 0.48732603
vt 0.493608 0.48732
vt 0.493913 0.486755
vt 0.495084 0.486762
vt 0.493913 0.486755
vt 0.49405 0.486131
vt 0.493913 0.486755
vt 0.495084 0.486762
vt 0.495273 0.48732603
vt 0.49405 0.486131
vt 0.496382 0.486767
vt 0.495084 0.486762
vt 0.495842 0.486139
vt 0.49777 0.486772
vt 0.496382 0.486767
vt 0.495842 0.486139
vt 0.495084 0.486762
vt 0.496382 0.486767
vt 0.49715 0.487337
vt 0.496382 0.486767
vt 0.49777 0.486772
vt 0.49715 0.487337
vt 0.49715 0.487337
vt 0.495273 0.48732603
vt 0.495084 0.486762
vt 0.499926 0.487341
vt 0.49715 0.487337
vt 0.49777 0.486772
vt 0.49715 0.508381
vt 0.499926 0.50884098
vt 0.499942 0.507666
vt 0.495273 0.507461
vt 0.49715 0.508381
vt 0.497497 0.50717998
vt 0.499942 0.507666
vt 0.497497 0.50717998
vt 0.49715 0.508381
vt 0.495379 0.506136
vt 0.497497 0.50717998
vt 0.499942 0.507666
vt 0.497925 0.50480402
vt 0.497925 0.50480402
vt 0.499667 0.503924
vt 0.497925 0.50480402
vt 0.498173 0.503483
vt 0.497925 0.50480402
vt 0.497176 0.50274098
vt 0.497176 0.490121
vt 0.498173 0.490126
vt 0.498228 0.491522
vt 0.498228 0.491522
vt 0.497652 0.49152303
vt 0.497176 0.490121
vt 0.498173 0.490126
vt 0.499667 0.490133
vt 0.498931 0.49152803
vt 0.498931 0.49152803
vt 0.498228 0.491522
vt 0.498173 0.490126
vt 0.497652 0.49152303
vt 0.498228 0.491522
vt 0.498583 0.49337196
vt 0.498931 0.49152803
vt 0.498583 0.49337196
vt 0.498583 0.49337196
vt 0.497864 0.49338102
vt 0.497652 0.49152303
vt 0.499958 0.491318
vt 0.501163 0.49152398
vt 0.499958 0.491318
vt 0.499667 0.490133
vt 0.499958 0.491318
vt 0.500199 0.49242902
vt 0.499958 0.491318
vt 0.499487 0.49327302
vt 0.498583 0.49337196
vt 0.498931 0.49152803
vt 0.498931 0.49152803
vt 0.500199 0.49242902
vt 0.499487 0.49327302
vt 0.497864 0.50210702
vt 0.498583 0.50263298
vt 0.498386 0.502896
vt 0.502896 0.49364996
vt 0.502107 0.49338102
vt 0.498583 0.49337196
vt 0.499487 0.49327302
vt 0.499744 0.49362397
vt 0.498583 0.50263298
vt 0.499744 0.503177
vt 0.498386 0.502896
vt 0.500428 0.49327302
vt 0.499487 0.49327302
vt 0.499487 0.49327302
vt 0.500428 0.49327302
vt 0.499744 0.49362397
vt 0.501322 0.493271
vt 0.501322 0.493271
vt 0.500428 0.49327302
vt 0.500199 0.49242902
vt 0.502012 0.49338102
vt 0.501322 0.493271
vt 0.501118 0.493626
vt 0.499744 0.49362397
vt 0.500428 0.49327302
vt 0.501322 0.493271
vt 0.501118 0.493626
vt 0.502012 0.50213498
vt 0.502131 0.502378
vt 0.501322 0.502622
vt 0.502131 0.49363697
vt 0.501118 0.493626
vt 0.501322 0.493271
vt 0.502893 0.50118703
vt 0.502131 0.502378
vt 0.502012 0.50213498
vt 0.499744 0.503177
vt 0.501118 0.502967
vt 0.501813 0.50340098
vt 0.501118 0.502967
vt 0.502131 0.502378
vt 0.501813 0.50340098
vt 0.498386 0.502896
vt 0.499744 0.503177
vt 0.49952 0.503879
vt 0.501813 0.50340098
vt 0.49952 0.503879
vt 0.499744 0.503177
vt 0.497207 0.50159198
vt 0.498386 0.502896
vt 0.497376 0.50287402
vt 0.497376 0.50287402
vt 0.496448 0.50141603
vt 0.497207 0.50159198
vt 0.49952 0.503879
vt 0.498319 0.503529
vt 0.498319 0.503529
vt 0.497376 0.50287402
vt 0.498386 0.502896
vt 0.502131 0.502378
vt 0.502893 0.50118703
vt 0.503265 0.50197202
vt 0.503265 0.50197202
vt 0.501813 0.50340098
vt 0.502131 0.502378
vt 0.497376 0.50287402
vt 0.498319 0.503529
vt 0.497469 0.50333798
vt 0.49952 0.503879
vt 0.501813 0.50340098
vt 0.500632 0.50405198
vt 0.496599 0.502361
vt 0.497376 0.50287402
vt 0.497469 0.50333798
vt 0.496448 0.50141603
vt 0.497376 0.50287402
vt 0.496599 0.502361
vt 0.498319 0.49380398
vt 0.49952 0.493814
vt 0.499285 0.49430597
vt 0.500632 0.49403203
vt 0.499285 0.49430597
vt 0.49952 0.493814
vt 0.498314 0.494304
vt 0.497469 0.49415803
vt 0.498319 0.49380398
vt 0.499285 0.49430597
vt 0.498314 0.494304
vt 0.498319 0.49380398
vt 0.498314 0.494304
vt 0.497421 0.494595
vt 0.497469 0.49415803
vt 0.502361 0.49402
vt 0.503338 0.49415803
vt 0.503371 0.494595
vt 0.498314 0.494304
vt 0.499285 0.49430597
vt 0.498638 0.49493897
vt 0.497421 0.494595
vt 0.498314 0.494304
vt 0.500309 0.494605
vt 0.500309 0.494605
vt 0.498638 0.49493897
vt 0.499285 0.49430597
vt 0.500632 0.49403203
vt 0.501813 0.49378896
vt 0.502118 0.49425304
vt 0.502118 0.49425304
vt 0.500309 0.494605
vt 0.500632 0.49403203
vt 0.501813 0.50340098
vt 0.503265 0.50197202
vt 0.502985 0.502728
vt 0.501813 0.49378896
vt 0.502985 0.49399304
vt 0.502118 0.49425304
vt 0.502728 0.49399304
vt 0.501972 0.493787
vt 0.501784 0.494146
vt 0.500309 0.494605
vt 0.502118 0.49425304
vt 0.501257 0.49474096
vt 0.502118 0.49425304
vt 0.502985 0.49399304
vt 0.50337 0.49455202
vt 0.502728 0.49399304
vt 0.50247 0.49455202
vt 0.502473 0.494595
vt 0.501257 0.49474096
vt 0.502118 0.49425304
vt 0.50337 0.49455202
vt 0.502473 0.494595
vt 0.502118 0.49425304
vt 0.500309 0.494605
vt 0.501257 0.49474096
vt 0.501483 0.495021
vt 0.501257 0.49474096
vt 0.502473 0.494595
vt 0.501483 0.495021
vt 0.498638 0.49493897
vt 0.500309 0.494605
vt 0.499936 0.495021
vt 0.501483 0.495021
vt 0.499936 0.495021
vt 0.500309 0.494605
vt 0.503379 0.494595
vt 0.50247 0.49455202
vt 0.502755 0.49501097
vt 0.502791 0.49501097
vt 0.501483 0.495021
vt 0.498638 0.50384802
vt 0.499936 0.503958
vt 0.49885 0.50299698
vt 0.499936 0.503958
vt 0.501483 0.50366902
vt 0.500123 0.503173
vt 0.500123 0.503173
vt 0.49885 0.50299698
vt 0.499936 0.503958
vt 0.501483 0.50366902
vt 0.502791 0.502755
vt 0.501517 0.502805
vt 0.501517 0.502805
vt 0.500123 0.503173
vt 0.501483 0.50366902
vt 0.497303 0.50296098
vt 0.498638 0.50384802
vt 0.49885 0.50299698
vt 0.498638 0.49493897
vt 0.497303 0.49501503
vt 0.497421 0.494595
vt 0.49885 0.49538898
vt 0.500123 0.49539
vt 0.499689 0.55420798
vt 0.501138 0.554206
vt 0.499689 0.55420798
vt 0.500123 0.49539
vt 0.501517 0.49538302
vt 0.4983 0.554204
vt 0.502483 0.554196
vt 0.4974 0.495382
vt 0.49885 0.49538898
vt 0.4983 0.554204
vt 0.49885 0.50299698
vt 0.4974 0.50195402
vt 0.497303 0.50296098
vt 0.502143 0.554204
vt 0.500868 0.55419302
vt 0.501954 0.495382
vt 0.502805 0.49538302
vt 0.501576 0.495377
vt 0.501331 0.554196
vt 0.502725 0.501576
vt 0.499457 0.554182
vt 0.501331 0.554196
vt 0.50003 0.495367
vt 0.501954 0.495382
vt 0.499177 0.554182
vt 0.503513 0.50171697
vt 0.502725 0.501576
vt 0.501717 0.495004
vt 0.502755 0.49501097
vt 0.501576 0.495377
vt 0.500106 0.49536598
vt 0.499457 0.554182
vt 0.503137 0.50010598
vt 0.502725 0.501576
vt 0.503513 0.50171697
vt 0.50247 0.49455202
vt 0.501729 0.494619
vt 0.501717 0.495004
vt 0.501729 0.494619
vt 0.50247 0.49455202
vt 0.501784 0.494146
vt 0.503513 0.50171697
vt 0.503976 0.50053102
vt 0.503137 0.50010598
vt 0.500531 0.49491298
vt 0.501717 0.495004
vt 0.501729 0.494619
vt 0.498614 0.495355
vt 0.497834 0.55417103
vt 0.499457 0.554182
vt 0.503976 0.50053102
vt 0.503769 0.49893296
vt 0.503137 0.50010598
vt 0.502817 0.498614
vt 0.503137 0.50010598
vt 0.503769 0.49893296
vt 0.501729 0.494619
vt 0.500515 0.494277
vt 0.500531 0.49491298
vt 0.500515 0.494277
vt 0.501729 0.494619
vt 0.497632 0.49534702
vt 0.497834 0.55417103
vt 0.501391 0.554164
vt 0.502485 0.55417103
vt 0.50205 0.49534702
vt 0.499179 0.494564
vt 0.500515 0.494277
vt 0.500531 0.49491298
vt 0.499179 0.494564
vt 0.498933 0.49498498
vt 0.50205 0.49534702
vt 0.500696 0.495341
vt 0.501391 0.554164
vt 0.500209 0.55416203
vt 0.500696 0.495341
vt 0.498759 0.554161
vt 0.500209 0.55416203
vt 0.50205 0.49763203
vt 0.502817 0.498614
vt 0.50283 0.49728096
vt 0.503769 0.49893296
vt 0.50283 0.49728096
vt 0.502817 0.498614
vt 0.500696 0.49688804
vt 0.50205 0.49763203
vt 0.50283 0.49728096
vt 0.499179 0.494564
vt 0.497917 0.49455297
vt 0.498933 0.49498498
vt 0.497281 0.494973
vt 0.498933 0.49498498
vt 0.497917 0.49455297
vt 0.499176 0.49399602
vt 0.499179 0.494564
vt 0.497917 0.49455297
vt 0.499179 0.494564
vt 0.499176 0.49399602
vt 0.501046 0.49380004
vt 0.501972 0.493787
vt 0.501046 0.49380004
vt 0.501784 0.494146
vt 0.503696 0.501046
vt 0.503265 0.50197202
vt 0.502893 0.50118703
vt 0.501046 0.49380004
vt 0.500018 0.49377596
vt 0.500515 0.494277
vt 0.499176 0.49399602
vt 0.502893 0.50118703
vt 0.503226 0.49994302
vt 0.503696 0.501046
vt 0.503804 0.500018
vt 0.503696 0.501046
vt 0.503226 0.49994302
vt 0.502893 0.50118703
vt 0.503003 0.49967396
vt 0.503226 0.49994302
vt 0.498289 0.49359
vt 0.499943 0.49362803
vt 0.499674 0.49348402
vt 0.503205 0.49806
vt 0.503804 0.500018
vt 0.503226 0.49994302
vt 0.503226 0.49994302
vt 0.502606 0.498289
vt 0.503205 0.49806
vt 0.503804 0.500018
vt 0.503205 0.49806
vt 0.503956 0.49917603
vt 0.497952 0.493986
vt 0.503484 0.49795198
vt 0.503956 0.49917603
vt 0.503205 0.49806
vt 0.496918 0.49451
vt 0.497952 0.493986
vt 0.497917 0.49455297
vt 0.496918 0.49451
vt 0.497281 0.494973
vt 0.502729 0.49704504
vt 0.503484 0.49795198
vt 0.503205 0.49806
vt 0.497952 0.493986
vt 0.497045 0.49395096
vt 0.496918 0.49451
vt 0.501652 0.49665296
vt 0.503205 0.49806
vt 0.502606 0.498289
vt 0.503205 0.49806
vt 0.501652 0.49665296
vt 0.502729 0.49704504
vt 0.502606 0.498289
vt 0.501816 0.49746597
vt 0.501652 0.49665296
vt 0.501816 0.49746597
vt 0.500472 0.49689496
vt 0.501652 0.49665296
vt 0.502729 0.49395096
vt 0.501803 0.493999
vt 0.502803 0.49451
vt 0.501803 0.49633098
vt 0.502729 0.49704504
vt 0.501652 0.49665296
vt 0.502803 0.49451
vt 0.502117 0.494578
vt 0.50283 0.494973
vt 0.502117 0.494578
vt 0.502803 0.49451
vt 0.501803 0.493999
vt 0.500211 0.49614596
vt 0.501652 0.49665296
vt 0.500472 0.49689496
vt 0.500211 0.49614596
vt 0.501803 0.49633098
vt 0.501652 0.49665296
vt 0.501233 0.496257
vt 0.50283 0.49728096
vt 0.502117 0.49642098
vt 0.501233 0.496257
vt 0.500696 0.49688804
vt 0.500966 0.49453902
vt 0.502117 0.494578
vt 0.501803 0.493999
vt 0.502117 0.494578
vt 0.500966 0.49453902
vt 0.501233 0.49496496
vt 0.501803 0.493999
vt 0.500211 0.49376404
vt 0.500275 0.494101
vt 0.501803 0.493999
vt 0.500275 0.494101
vt 0.500966 0.49453902
vt 0.4987 0.496463
vt 0.500211 0.49614596
vt 0.500472 0.49689496
vt 0.500472 0.49689496
vt 0.499028 0.49699104
vt 0.4987 0.496463
vt 0.49895 0.493972
vt 0.500275 0.494101
vt 0.500211 0.49376404
vt 0.500211 0.49614596
vt 0.4987 0.496463
vt 0.49895 0.49605203
vt 0.499622 0.494537
vt 0.500275 0.494101
vt 0.500275 0.494101
vt 0.49895 0.493972
vt 0.499622 0.494537
vt 0.499652 0.49496102
vt 0.501233 0.49496496
vt 0.500966 0.49453902
vt 0.500966 0.49453902
vt 0.499622 0.494537
vt 0.499652 0.49496102
vt 0.499244 0.49690497
vt 0.500696 0.49688804
vt 0.501233 0.496257
vt 0.501233 0.496257
vt 0.499652 0.49607396
vt 0.499244 0.49690497
vt 0.500696 0.495341
vt 0.499244 0.49534798
vt 0.498759 0.554161
vt 0.498033 0.49488604
vt 0.499652 0.49496102
vt 0.499652 0.49607396
vt 0.498033 0.49642503
vt 0.499244 0.49534798
vt 0.498209 0.49534297
vt 0.498209 0.497366
vt 0.499244 0.49690497
vt 0.498033 0.49642503
vt 0.497439 0.55417103
vt 0.499622 0.494537
vt 0.498377 0.49450397
vt 0.498033 0.49488604
vt 0.498377 0.49450397
vt 0.499622 0.494537
vt 0.49895 0.493972
vt 0.497266 0.49535596
vt 0.499177 0.554182
vt 0.497808 0.55417103
vt 0.498287 0.49535596
vt 0.498287 0.49535596
vt 0.498033 0.49642503
vt 0.497112 0.497243
vt 0.498209 0.497366
vt 0.497266 0.49828696
vt 0.498209 0.497366
vt 0.497112 0.497243
vt 0.498377 0.49450397
vt 0.497123 0.49451602
vt 0.498033 0.49488604
vt 0.498033 0.49488604
vt 0.497123 0.49451602
vt 0.497112 0.494972
vt 0.49895 0.493972
vt 0.497499 0.493995
vt 0.498377 0.49450397
vt 0.497123 0.49451602
vt 0.498377 0.49450397
vt 0.497499 0.493995
vt 0.497499 0.49670804
vt 0.49895 0.49605203
vt 0.4987 0.496463
vt 0.496901 0.49451602
vt 0.497904 0.49455404
vt 0.497243 0.494972
vt 0.497904 0.49455404
vt 0.496901 0.49451602
vt 0.496708 0.493995
vt 0.497112 0.497243
vt 0.496267 0.498595
vt 0.497266 0.49828696
vt 0.498595 0.49497998
vt 0.497243 0.494972
vt 0.497904 0.49455404
vt 0.496743 0.50002998
vt 0.497266 0.49828696
vt 0.496267 0.498595
vt 0.4987 0.496463
vt 0.497139 0.49741197
vt 0.497499 0.49670804
vt 0.497139 0.49741197
vt 0.499028 0.49699104
vt 0.497451 0.497909
vt 0.497139 0.49741197
vt 0.497992 0.49398696
vt 0.497904 0.49455404
vt 0.497992 0.49398696
vt 0.496708 0.493995
vt 0.497412 0.49374402
vt 0.496268 0.49891698
vt 0.497139 0.49741197
vt 0.497451 0.497909
vt 0.496268 0.49891698
vt 0.496398 0.49799204
vt 0.497451 0.497909
vt 0.496805 0.49968696
vt 0.499166 0.49456298
vt 0.497904 0.49455404
vt 0.497992 0.49398696
vt 0.497904 0.49455404
vt 0.499166 0.49456298
vt 0.498595 0.49497998
vt 0.496072 0.499919
vt 0.496268 0.49891698
vt 0.496805 0.49968696
vt 0.496448 0.50141603
vt 0.496072 0.499919
vt 0.497992 0.49398696
vt 0.498917 0.493765
vt 0.499197 0.49412596
vt 0.498917 0.493765
vt 0.499919 0.493792
vt 0.499197 0.49412596
vt 0.499197 0.49412596
vt 0.499166 0.49456298
vt 0.496072 0.499919
vt 0.496448 0.50141603
vt 0.495927 0.500916
vt 0.500916 0.494034
vt 0.499197 0.49412596
vt 0.499919 0.493792
vt 0.496599 0.502361
vt 0.495927 0.500916
vt 0.496448 0.50141603
vt 0.500514 0.494573
vt 0.499166 0.49456298
vt 0.499197 0.49412596
vt 0.500916 0.494034
vt 0.500514 0.494573
vt 0.499833 0.49499
vt 0.498595 0.49497998
vt 0.499166 0.49456298
vt 0.499166 0.49456298
vt 0.500514 0.494573
vt 0.499833 0.49499
vt 0.496267 0.498595
vt 0.49601 0.499833
vt 0.496743 0.50002998
vt 0.500916 0.494034
vt 0.502361 0.49402
vt 0.502397 0.49458802
vt 0.503371 0.494595
vt 0.502397 0.49458802
vt 0.502361 0.49402
vt 0.502397 0.49458802
vt 0.503371 0.494595
vt 0.502961 0.49501503
vt 0.49601 0.499833
vt 0.496235 0.501391
vt 0.496743 0.50002998
vt 0.501391 0.495004
vt 0.499833 0.49499
vt 0.500514 0.494573
vt 0.497303 0.50296098
vt 0.496235 0.501391
vt 0.496489 0.502397
vt 0.496743 0.50002998
vt 0.496235 0.501391
vt 0.496235 0.501391
vt 0.497303 0.50296098
vt 0.4974 0.50195402
vt 0.502397 0.49458802
vt 0.501495 0.49458003
vt 0.500916 0.494034
vt 0.501495 0.49458003
vt 0.501391 0.495004
vt 0.500514 0.494573
vt 0.501495 0.49458003
vt 0.501391 0.495004
vt 0.500626 0.55392498
vt 0.498805 0.553926
vt 0.500251 0.570162
vt 0.500251 0.570162
vt 0.501721 0.570167
vt 0.498673 0.57016498
vt 0.502009 0.553932
vt 0.501721 0.570167
vt 0.497771 0.57017
vt 0.498805 0.553926
vt 0.497184 0.570167
vt 0.498479 0.57017702
vt 0.497566 0.553932
vt 0.497738 0.553935
vt 0.497771 0.57017
vt 0.49875 0.553941
vt 0.498479 0.57017702
vt 0.498586 0.57017797
vt 0.497604 0.57017
vt 0.497766 0.553935
vt 0.50035 0.55395198
vt 0.49875 0.553941
vt 0.497766 0.553935
vt 0.49878 0.55394202
vt 0.500072 0.570189
vt 0.50018 0.57019
vt 0.498586 0.57017797
vt 0.49878 0.55394202
vt 0.500072 0.570189
vt 0.501488 0.57020003
vt 0.499918 0.55395103
vt 0.501699 0.55396402
vt 0.50035 0.55395198
vt 0.501488 0.57020003
vt 0.499918 0.55395103
vt 0.501009 0.553958
vt 0.500434 0.553967
vt 0.501866 0.55396402
vt 0.501989 0.57020003
vt 0.501709 0.57020098
vt 0.500819 0.57020497
vt 0.497477 0.553958
vt 0.498625 0.55396497
vt 0.498165 0.57020098
vt 0.500819 0.57020497
vt 0.499666 0.570206
vt 0.498625 0.55396497
vt 0.499666 0.570206
vt 0.498165 0.57020098
vt 0.498625 0.55396497
vt 0.501989 0.50148797
vt 0.499666 0.502293
vt 0.500819 0.502158
vt 0.498165 0.50170898
vt 0.499666 0.502293
vt 0.497161 0.50018
vt 0.502749 0.500072
vt 0.499666 0.502293
vt 0.501989 0.50148797
vt 0.499666 0.502293
vt 0.497216 0.498586
vt 0.502676 0.498479
vt 0.499666 0.502293
vt 0.502749 0.500072
vt 0.497216 0.498586
vt 0.499666 0.502293
vt 0.497771 0.497604
vt 0.501721 0.49718404
vt 0.499666 0.502293
vt 0.502676 0.498479
vt 0.497771 0.497604
vt 0.498673 0.496875
vt 0.500251 0.49656796
vt 0.501721 0.49718404
vt 0.498673 0.496875
vt 0.500251 0.49656796
vn -0.6396 -0.5936 0.4884
vn -0.8623 -0.499 0.0864
vn -0.669 -0.6944 0.265
vn -0.3473 -0.6166 0.7066
vn -0.6395 -0.5936 0.4885
vn -0.6689 -0.6945 0.2651
vn -0.747 -0.6548 -0.1151
vn -0.6689 -0.6945 0.265
vn -0.8622 -0.4991 0.0866
vn -0.669 -0.6945 0.2648
vn -0.4656 -0.7091 0.5295
vn -0.3474 -0.6167 0.7063
vn -0.8621 -0.4993 0.0865
vn -0.7924 -0.5297 -0.3025
vn -0.7468 -0.655 -0.1152
vn -0.4654 -0.709 0.5298
vn -0.0831 -0.7803 0.6198
vn -0.3472 -0.6166 0.7066
vn -0.6209 -0.6287 -0.4682
vn -0.7468 -0.6549 -0.1153
vn -0.7924 -0.5296 -0.3027
vn 0.1363 -0.5507 0.8235
vn -0.3474 -0.6164 0.7067
vn -0.0833 -0.7802 0.62
vn -0.7925 -0.5297 -0.3024
vn -0.5632 -0.5834 -0.5852
vn -0.621 -0.6288 -0.4679
vn -0.0832 -0.7804 0.6197
vn 0.2979 -0.7468 0.5945
vn 0.1365 -0.5509 0.8233
vn -0.2894 -0.5964 -0.7487
vn -0.621 -0.6288 -0.468
vn -0.5632 -0.5833 -0.5853
vn 0.5494 -0.5397 0.6379
vn 0.1365 -0.5511 0.8232
vn 0.298 -0.747 0.5943
vn -0.5634 -0.5833 -0.5852
vn -0.3124 -0.6057 -0.7318
vn -0.2897 -0.5964 -0.7486
vn 0.2978 -0.7469 0.5945
vn 0.5682 -0.7505 0.3376
vn 0.5492 -0.5397 0.6381
vn -0.0069 -0.6435 -0.7654
vn -0.2895 -0.5966 -0.7486
vn -0.3122 -0.6058 -0.7318
vn 0.9028 -0.355 0.2428
vn 0.5493 -0.5395 0.6381
vn 0.5683 -0.7503 0.3377
vn -0.3123 -0.6055 -0.732
vn 0.1982 -0.4997 -0.8432
vn -0.007 -0.6432 -0.7657
vn 0.5683 -0.7504 0.3375
vn 0.6846 -0.7261 -0.0642
vn 0.9028 -0.355 0.2426
vn 0.3423 -0.6826 -0.6457
vn -0.0067 -0.6434 -0.7655
vn 0.1984 -0.4998 -0.8431
vn 0.8333 -0.464 -0.3006
vn 0.9026 -0.3555 0.2426
vn 0.6842 -0.7265 -0.0642
vn 0.198 -0.4996 -0.8433
vn 0.5735 -0.5135 -0.6383
vn 0.342 -0.6825 -0.6459
vn 0.6844 -0.7263 -0.064
vn 0.6152 -0.6582 -0.434
vn 0.8334 -0.4638 -0.3005
vn 0.6154 -0.658 -0.434
vn 0.3422 -0.6827 -0.6457
vn 0.5737 -0.5137 -0.638
vn 0.5735 -0.5138 -0.638
vn 0.8334 -0.4638 -0.3005
vn 0.6152 -0.6581 -0.434
vn -0.0037 -0.7791 0.6269
vn -0.6805 -0.2004 0.7048
vn 0.6484 -0.5259 0.5504
vn -0.6463 -0.7162 0.2634
vn -0.6804 -0.2002 0.7049
vn -0.0039 -0.779 0.627
vn 0.1254 -0.9914 -0.0383
vn -0.0035 -0.7792 0.6267
vn 0.6486 -0.5257 0.5503
vn -0.0035 -0.7791 0.6269
vn 0.1253 -0.9914 -0.0383
vn -0.6461 -0.7164 0.2633
vn -0.6803 -0.2004 0.705
vn -0.2301 0.7328 0.6403
vn 0.6486 -0.5259 0.5503
vn -0.9276 -0.0491 0.3704
vn -0.6803 -0.2005 0.7049
vn -0.6462 -0.7163 0.2634
vn -0.6325 0.7376 0.2364
vn -0.23 0.7329 0.6403
vn -0.6805 -0.2004 0.7048
vn -0.6804 -0.2004 0.7049
vn -0.6326 0.7375 0.2364
vn -0.2302 0.7329 0.6402
vn 0.7702 0.3453 0.5362
vn 0.6484 -0.5259 0.5505
vn -0.7834 0.0955 0.6141
vn -0.9276 -0.049 0.3704
vn -0.6461 -0.7163 0.2634
vn 0.6546 0.7454 -0.126
vn 0.7704 0.3452 0.5361
vn -0.23 0.7329 0.6403
vn -0.5045 0.7047 0.4989
vn -0.9277 -0.0493 0.3701
vn -0.7837 0.0952 0.6138
vn -0.5047 0.7046 0.4988
vn -0.2298 0.7329 0.6404
vn -0.6323 0.7378 0.2364
vn 0.107 0.9924 -0.0606
vn -0.2304 0.7328 0.6402
vn 0.1062 0.9925 -0.0607
vn 0.6542 0.7458 -0.1261
vn -0.6327 0.7375 0.2362
vn -0.5046 0.7047 0.4988
vn 0.1065 0.9925 -0.0608
vn 0.7704 0.3452 0.5361
vn 0.6546 0.7454 -0.126
vn 0.9495 -0.0082 -0.3135
vn 0.7703 0.3453 0.5361
vn 0.9495 -0.008 -0.3135
vn 0.6485 -0.5259 0.5504
vn 0.6159 0.6729 -0.4096
vn 0.6544 0.7456 -0.1258
vn 0.1064 0.9925 -0.0605
vn 0.6161 0.6727 -0.4097
vn 0.9496 -0.0082 -0.3135
vn 0.6555 -0.7032 -0.2753
vn 0.6485 -0.5258 0.5504
vn 0.9496 -0.0079 -0.3135
vn 0.6483 -0.5261 0.5504
vn 0.6552 -0.7035 -0.2753
vn 0.1249 -0.9914 -0.0382
vn 0.557 -0.7009 -0.4456
vn 0.6554 -0.7034 -0.2751
vn 0.9496 -0.0081 -0.3132
vn 0.6552 -0.7034 -0.2755
vn 0.5566 -0.7009 -0.446
vn 0.125 -0.9914 -0.0384
vn 0.7615 0.0189 -0.6479
vn 0.9495 -0.008 -0.3137
vn 0.6159 0.6728 -0.4099
vn 0.9495 -0.0079 -0.3135
vn 0.7617 0.019 -0.6477
vn 0.5569 -0.7008 -0.4458
vn 0.4682 0.6834 -0.5601
vn 0.6164 0.6725 -0.4098
vn 0.107 0.9924 -0.0607
vn 0.6161 0.6728 -0.4096
vn 0.4681 0.6836 -0.56
vn 0.7617 0.0189 -0.6476
vn 0.0477 0.9885 -0.1437
vn 0.1066 0.9925 -0.0605
vn -0.5045 0.7046 0.499
vn 0.1066 0.9925 -0.0607
vn 0.0477 0.9884 -0.144
vn 0.4678 0.6837 -0.5601
vn 0.4013 -0.7045 -0.5854
vn 0.5569 -0.7009 -0.4457
vn 0.7616 0.019 -0.6477
vn 0.5085 0.004 -0.861
vn 0.7616 0.0188 -0.6478
vn 0.4679 0.6836 -0.5602
vn 0.7618 0.019 -0.6476
vn 0.5088 0.0041 -0.8609
vn 0.4014 -0.7045 -0.5853
vn 0.2283 0.6756 -0.701
vn 0.4678 0.6834 -0.5604
vn 0.0478 0.9884 -0.1444
vn 0.4677 0.6837 -0.5602
vn 0.2281 0.676 -0.7007
vn 0.5084 0.0042 -0.8611
vn 0.5566 -0.7011 -0.4458
vn 0.401 -0.7046 -0.5854
vn 0.0757 -0.9963 -0.0397
vn 0.0761 -0.9963 -0.0396
vn 0.1253 -0.9914 -0.0381
vn 0.5569 -0.7009 -0.4457
vn 0.1139 -0.6583 -0.7441
vn 0.4012 -0.7045 -0.5854
vn 0.5086 0.0041 -0.861
vn 0.4011 -0.7045 -0.5855
vn 0.1136 -0.6581 -0.7443
vn 0.0759 -0.9963 -0.0399
vn 0.2774 -0.052 -0.9593
vn 0.5087 0.0041 -0.8609
vn 0.2285 0.6759 -0.7007
vn 0.5086 0.0038 -0.861
vn 0.2773 -0.0523 -0.9593
vn 0.1138 -0.6585 -0.7439
vn 0.2283 0.6758 -0.7008
vn 0.0295 0.6492 -0.76
vn 0.2773 -0.0521 -0.9594
vn 0.0297 0.6492 -0.7601
vn 0.2285 0.6758 -0.7008
vn 0.0479 0.9884 -0.1441
vn 0.2773 -0.0522 -0.9594
vn -0.1116 -0.1062 -0.9881
vn 0.1138 -0.6585 -0.744
vn -0.1117 -0.1059 -0.9881
vn 0.2772 -0.052 -0.9594
vn 0.0295 0.6493 -0.7599
vn -0.3558 -0.7166 0.5999
vn -0.6464 -0.7161 0.2632
vn 0.1251 -0.9914 -0.0383
vn 0.076 -0.9963 -0.0398
vn -0.3556 -0.7168 0.5998
vn -0.6462 -0.7163 0.2633
vn -0.3556 -0.7168 0.5999
vn 0.0111 -0.9978 -0.0656
vn 0.1138 -0.6582 -0.7442
vn -0.3894 -0.1353 0.9111
vn -0.7834 0.0955 0.6141
vn -0.3554 -0.7168 0.5998
vn -0.7834 0.0951 0.6142
vn -0.3893 -0.1355 0.9111
vn -0.5044 0.7045 0.4993
vn 0.1471 -0.6842 0.7143
vn -0.3555 -0.717 0.5996
vn 0.076 -0.9963 -0.04
vn 0.076 -0.9963 -0.0396
vn 0.0111 -0.9978 -0.0653
vn 0.1472 -0.6839 0.7146
vn -0.1368 0.1901 0.9722
vn -0.3895 -0.1351 0.9111
vn -0.3555 -0.7167 0.6
vn -0.3554 -0.7168 0.5999
vn 0.1472 -0.6839 0.7145
vn -0.1367 0.19 0.9722
vn -0.1357 0.7504 0.6469
vn -0.5045 0.7047 0.4989
vn -0.3895 -0.1353 0.911
vn -0.3895 -0.135 0.9111
vn -0.1356 0.7506 0.6467
vn -0.1358 0.7504 0.6468
vn 0.2764 -0.0197 0.9609
vn 0.1471 -0.6839 0.7146
vn -0.1369 0.19 0.9722
vn 0.2764 -0.0198 0.9609
vn -0.1358 0.7505 0.6468
vn -0.066 0.9894 -0.1291
vn 0.0297 0.6492 -0.76
vn -0.0662 0.9895 -0.1288
vn 0.0478 0.9885 -0.1438
vn -0.1357 0.7503 0.647
vn -0.2407 0.6503 -0.7206
vn -0.0661 0.9894 -0.1291
vn 0.0297 0.6493 -0.7599
vn -0.2406 0.6504 -0.7205
vn -0.1116 -0.1059 -0.9881
vn -0.1875 0.9768 -0.1033
vn -0.066 0.9894 -0.1292
vn -0.1356 0.7506 0.6467
vn -0.0662 0.9894 -0.1291
vn -0.1877 0.9768 -0.1033
vn 0.2109 0.8011 0.5602
vn -0.1357 0.7504 0.6468
vn 0.2764 -0.0198 0.9608
vn -0.1357 0.7503 0.6471
vn 0.2109 0.8009 0.5605
vn -0.1875 0.9769 -0.1029
vn 0.4503 0.2426 0.8593
vn 0.2761 -0.0198 0.9609
vn 0.1468 -0.6839 0.7147
vn 0.2766 -0.0196 0.9608
vn 0.4507 0.2429 0.859
vn 0.211 0.8012 0.5599
vn 0.0111 -0.9978 -0.0654
vn 0.061 -0.9968 -0.0518
vn 0.1469 -0.6841 0.7145
vn 0.0613 -0.9968 -0.0517
vn 0.0112 -0.9978 -0.0654
vn 0.1139 -0.6583 -0.744
vn 0.1471 -0.6841 0.7144
vn 0.6114 -0.5869 0.5307
vn 0.4505 0.2425 0.8592
vn 0.6114 -0.587 0.5307
vn 0.1472 -0.684 0.7144
vn 0.0612 -0.9968 -0.0518
vn 0.4504 0.2427 0.8592
vn 0.7845 0.0477 0.6183
vn 0.2108 0.8011 0.5602
vn 0.7845 0.0476 0.6183
vn 0.6114 -0.587 0.5307
vn 0.1139 -0.6579 -0.7444
vn -0.3013 -0.6881 -0.6601
vn 0.0612 -0.9968 -0.0522
vn -0.3011 -0.6886 -0.6596
vn 0.114 -0.6585 -0.7439
vn -0.1115 -0.1062 -0.9881
vn 0.0612 -0.9968 -0.0519
vn 0.1196 -0.9898 -0.0772
vn 0.6115 -0.587 0.5306
vn 0.1194 -0.9898 -0.0773
vn 0.061 -0.9968 -0.0519
vn -0.3014 -0.6883 -0.6598
vn -0.335 -0.0937 -0.9376
vn -0.1118 -0.1058 -0.9881
vn -0.2408 0.6504 -0.7204
vn -0.1118 -0.1055 -0.9881
vn -0.335 -0.0933 -0.9376
vn -0.3015 -0.6881 -0.66
vn -0.2407 0.6504 -0.7204
vn -0.4842 0.566 -0.6673
vn -0.3348 -0.0937 -0.9376
vn -0.4841 0.5662 -0.6672
vn -0.2406 0.6506 -0.7203
vn -0.3345 -0.0936 -0.9377
vn -0.6588 -0.1606 -0.735
vn -0.3011 -0.6884 -0.6599
vn -0.6591 -0.1606 -0.7347
vn -0.335 -0.0936 -0.9376
vn -0.4843 0.566 -0.6672
vn -0.6513 0.6127 -0.4477
vn -0.4843 0.5657 -0.6674
vn -0.1878 0.9767 -0.1034
vn -0.4842 0.5659 -0.6673
vn -0.6512 0.6129 -0.4475
vn -0.2894 0.9569 0.0235
vn -0.1876 0.9768 -0.1031
vn 0.2108 0.801 0.5603
vn -0.1874 0.9769 -0.1031
vn -0.2891 0.957 0.0236
vn -0.6511 0.6131 -0.4475
vn -0.576 -0.7361 -0.3554
vn -0.3015 -0.6884 -0.6597
vn -0.6591 -0.1605 -0.7347
vn -0.3014 -0.6884 -0.6598
vn -0.5759 -0.7361 -0.3556
vn 0.1194 -0.9898 -0.0772
vn -0.8119 -0.1573 -0.5621
vn -0.659 -0.1606 -0.7348
vn -0.6511 0.6129 -0.4476
vn -0.6587 -0.1605 -0.7351
vn -0.8117 -0.1573 -0.5624
vn -0.5755 -0.7363 -0.3559
vn -0.6513 0.6128 -0.4475
vn -0.8244 0.5011 -0.2631
vn -0.8121 -0.1573 -0.5619
vn -0.8239 0.5018 -0.2634
vn -0.6507 0.6132 -0.4478
vn -0.2887 0.9571 0.0234
vn -0.8122 -0.1572 -0.5618
vn -0.9493 -0.2314 -0.213
vn -0.5761 -0.7361 -0.3553
vn -0.9491 -0.2315 -0.2136
vn -0.8119 -0.1573 -0.5622
vn -0.8243 0.5012 -0.2633
vn 0.2106 0.8012 0.5601
vn 0.4338 0.8401 0.3257
vn -0.2896 0.9569 0.0233
vn 0.4343 0.8398 0.3257
vn 0.2109 0.8011 0.5601
vn 0.7846 0.0476 0.6181
vn -0.8339 0.5515 0.023
vn -0.8242 0.5012 -0.2635
vn -0.2891 0.957 0.0233
vn -0.8243 0.5012 -0.2632
vn -0.8339 0.5514 0.0233
vn -0.9492 -0.2315 -0.2134
vn 0.7847 0.0474 0.6181
vn 0.8865 0.2295 0.4019
vn 0.8862 0.2298 0.4024
vn 0.7842 0.0476 0.6186
vn 0.6112 -0.5868 0.5311
vn -0.2965 0.9312 0.2122
vn -0.2891 0.957 0.0234
vn -0.2959 0.9313 0.2123
vn -0.8338 0.5516 0.0233
vn 0.6113 -0.5869 0.5309
vn 0.7485 -0.6215 0.2313
vn 0.8863 0.2297 0.4021
vn 0.7486 -0.6214 0.2312
vn 0.6115 -0.5869 0.5307
vn 0.1196 -0.9898 -0.0771
vn 0.8863 0.2299 0.4021
vn 0.9943 0.0591 0.0889
vn 0.4338 0.84 0.3258
vn 0.9943 0.059 0.0886
vn 0.8864 0.2298 0.4019
vn 0.7487 -0.6213 0.2311
vn 0.9013 -0.4331 -0.0108
vn 0.7485 -0.6215 0.2312
vn 0.1194 -0.9898 -0.0771
vn 0.7486 -0.6214 0.2312
vn 0.9013 -0.433 -0.0107
vn 0.9943 0.0589 0.0887
vn 0.1312 -0.9781 -0.1618
vn 0.1189 -0.9899 -0.0772
vn -0.5763 -0.7358 -0.3556
vn 0.1197 -0.9898 -0.0771
vn 0.132 -0.978 -0.1617
vn 0.9014 -0.4329 -0.0107
vn 0.4714 0.8815 0.0286
vn 0.4342 0.8399 0.3258
vn 0.4345 0.8397 0.3258
vn 0.4717 0.8813 0.0287
vn -0.2957 0.9314 0.2124
vn 0.9323 0.3021 -0.1991
vn 0.9943 0.059 0.0887
vn 0.9943 0.0588 0.0887
vn 0.9323 0.3019 -0.1991
vn 0.4714 0.8814 0.0287
vn 0.7864 -0.5508 -0.2797
vn 0.9323 0.302 -0.1991
vn 0.7864 -0.5508 -0.2797
vn 0.9013 -0.433 -0.0107
vn 0.1318 -0.978 -0.1617
vn 0.9324 0.3019 -0.1989
vn 0.8517 0.1433 -0.504
vn 0.4715 0.8814 0.0289
vn 0.8516 0.1435 -0.5042
vn 0.9323 0.302 -0.1992
vn 0.7864 -0.5508 -0.2798
vn -0.5757 -0.7363 -0.3555
vn -0.6151 -0.7878 0.0322
vn 0.1319 -0.978 -0.1618
vn -0.6153 -0.7876 0.0322
vn -0.9492 -0.2313 -0.2135
vn 0.7566 -0.3531 -0.5503
vn 0.7865 -0.5506 -0.2798
vn 0.1319 -0.978 -0.1617
vn 0.7565 -0.3533 -0.5503
vn -0.9491 -0.2316 -0.2135
vn -0.9722 -0.2334 0.0165
vn -0.6151 -0.7878 0.0323
vn -0.9491 -0.2315 -0.2134
vn -0.834 0.5513 0.0233
vn 0.0726 -0.9637 -0.2568
vn 0.1311 -0.9782 -0.1611
vn -0.6157 -0.7873 0.0328
vn 0.132 -0.978 -0.1618
vn 0.0734 -0.9635 -0.2574
vn 0.7567 -0.3531 -0.5503
vn -0.8339 0.5514 0.0232
vn -0.8612 0.4264 0.2768
vn -0.9723 -0.2332 0.0165
vn -0.8613 0.4262 0.2766
vn -0.8341 0.5512 0.0231
vn -0.2964 0.9312 0.2122
vn -0.9723 -0.2332 0.0164
vn -0.876 -0.3069 0.372
vn -0.6153 -0.7876 0.0322
vn -0.876 -0.3069 0.3721
vn -0.9723 -0.2333 0.0165
vn -0.8612 0.4263 0.2768
vn -0.6986 0.4874 0.5238
vn -0.861 0.4265 0.2769
vn -0.296 0.9313 0.2124
vn -0.8612 0.4263 0.2767
vn -0.6988 0.4873 0.5237
vn -0.876 -0.307 0.3721
vn -0.1731 0.9046 0.3895
vn -0.2959 0.9313 0.2122
vn 0.4715 0.8814 0.0285
vn -0.1738 0.9045 0.3895
vn -0.699 0.4871 0.5235
vn -0.4277 -0.8333 0.3502
vn -0.6153 -0.7877 0.0321
vn -0.876 -0.3069 0.372
vn -0.6152 -0.7877 0.0323
vn -0.4275 -0.8333 0.3504
vn 0.0733 -0.9636 -0.2573
vn -0.7601 -0.3069 0.5728
vn -0.6988 0.4873 0.5236
vn -0.876 -0.3069 0.3722
vn -0.76 -0.3069 0.5729
vn -0.4276 -0.8333 0.3504
vn -0.6987 0.4874 0.5236
vn -0.565 0.3561 0.7443
vn -0.7601 -0.3068 0.5728
vn -0.5649 0.356 0.7444
vn -0.6987 0.4874 0.5238
vn -0.1733 0.9045 0.3897
vn -0.7602 -0.307 0.5726
vn -0.4756 -0.3711 0.7975
vn -0.4276 -0.8334 0.3501
vn -0.4753 -0.371 0.7978
vn -0.7599 -0.3069 0.573
vn -0.5648 0.3561 0.7444
vn 0.4718 0.8812 0.0285
vn 0.3352 0.9182 -0.2112
vn -0.1728 0.9047 0.3894
vn 0.3344 0.9185 -0.211
vn 0.4712 0.8816 0.0288
vn 0.8516 0.1437 -0.5041
vn -0.2837 0.4332 0.8555
vn -0.565 0.356 0.7443
vn -0.1734 0.9045 0.3896
vn -0.5652 0.356 0.7442
vn -0.2839 0.4331 0.8555
vn -0.4756 -0.371 0.7976
vn 0.8517 0.1435 -0.504
vn 0.609 0.3762 -0.6983
vn 0.3346 0.9184 -0.211
vn 0.6088 0.3762 -0.6985
vn 0.8515 0.1435 -0.5043
vn 0.7565 -0.3533 -0.5504
vn 0.0599 0.8804 0.4705
vn -0.1734 0.9045 0.3897
vn 0.3346 0.9185 -0.2109
vn 0.0599 0.8804 0.4704
vn 0.7568 -0.3532 -0.55
vn 0.5034 -0.4901 -0.7116
vn 0.6091 0.3763 -0.6982
vn 0.5031 -0.4901 -0.7118
vn 0.7565 -0.3533 -0.5504
vn 0.0731 -0.9635 -0.2574
vn 0.6088 0.3764 -0.6984
vn 0.3352 0.2511 -0.9081
vn 0.3344 0.9185 -0.2109
vn 0.3352 0.2508 -0.9081
vn 0.6088 0.3762 -0.6984
vn 0.5031 -0.4901 -0.7118
vn 0.3374 -0.2939 -0.8943
vn 0.5032 -0.4897 -0.712
vn 0.0733 -0.9634 -0.2578
vn 0.5034 -0.49 -0.7117
vn 0.3375 -0.2943 -0.8941
vn 0.3354 0.2509 -0.908
vn 0.0732 -0.9636 -0.2573
vn -0.0606 -0.95 -0.3064
vn 0.3374 -0.2944 -0.8942
vn -0.0607 -0.9502 -0.3058
vn 0.0732 -0.9637 -0.2567
vn -0.4276 -0.8331 0.3509
vn 0.3374 -0.2943 -0.8942
vn 0.0184 -0.4665 -0.8843
vn 0.3353 0.2509 -0.9081
vn 0.0184 -0.4663 -0.8844
vn 0.3374 -0.2941 -0.8943
vn -0.0605 -0.9499 -0.3067
vn 0.1053 0.9496 -0.2952
vn 0.3348 0.9184 -0.211
vn 0.3356 0.2509 -0.908
vn 0.3345 0.9184 -0.2114
vn 0.1051 0.9494 -0.2958
vn 0.0598 0.8806 0.47
vn -0.1144 0.3438 -0.9321
vn 0.3352 0.2508 -0.9081
vn -0.1144 0.3436 -0.9321
vn 0.1052 0.9495 -0.2955
vn -0.2942 -0.2606 -0.9195
vn 0.0184 -0.4665 -0.8843
vn -0.0606 -0.9499 -0.3065
vn -0.2942 -0.2606 -0.9195
vn -0.4277 -0.8332 0.3504
vn -0.107 -0.8664 0.4877
vn -0.0608 -0.95 -0.3063
vn -0.1068 -0.8665 0.4877
vn -0.4276 -0.8333 0.3503
vn -0.4755 -0.3709 0.7977
vn -0.205 -0.9428 -0.2627
vn -0.2943 -0.2607 -0.9195
vn -0.2048 -0.9431 -0.2619
vn -0.0606 -0.9502 -0.3056
vn -0.1068 -0.866 0.4885
vn -0.2651 -0.3665 0.8918
vn -0.4758 -0.371 0.7975
vn -0.2839 0.4331 0.8554
vn -0.4755 -0.3712 0.7976
vn -0.2649 -0.3668 0.8918
vn -0.1068 -0.8666 0.4874
vn -0.2836 0.4332 0.8555
vn -0.0309 0.3028 0.9526
vn -0.2647 -0.3666 0.8919
vn -0.031 0.3029 0.9525
vn -0.2838 0.4332 0.8555
vn 0.0598 0.8805 0.4703
vn -0.2647 -0.3667 0.8919
vn 0.1011 -0.3961 0.9126
vn -0.1067 -0.8666 0.4875
vn 0.1009 -0.3959 0.9127
vn -0.2649 -0.3666 0.8919
vn -0.031 0.3028 0.9525
vn 0.2893 0.3898 0.8743
vn -0.0309 0.3026 0.9526
vn 0.0599 0.8803 0.4706
vn -0.0308 0.3028 0.9526
vn 0.2894 0.39 0.8741
vn 0.1011 -0.3959 0.9127
vn 0.2974 0.8493 0.4361
vn 0.0598 0.8805 0.4702
vn 0.1051 0.9495 -0.2956
vn 0.0599 0.8804 0.4703
vn 0.2975 0.8493 0.4362
vn 0.2893 0.39 0.8742
vn 0.1915 -0.8898 0.4142
vn 0.1009 -0.3959 0.9127
vn 0.1916 -0.89 0.4138
vn -0.205 -0.9428 -0.2631
vn 0.3275 -0.4149 0.8489
vn 0.2893 0.3899 0.8742
vn 0.1011 -0.396 0.9127
vn 0.3276 -0.4149 0.8488
vn 0.1918 -0.8898 0.414
vn 0.5561 -0.452 0.6974
vn 0.3273 -0.415 0.8489
vn 0.2891 0.3899 0.8743
vn 0.3275 -0.4148 0.8489
vn 0.5564 -0.452 0.6973
vn 0.1917 -0.8898 0.4142
vn 0.6134 0.3617 0.7021
vn 0.2893 0.3899 0.8743
vn 0.2975 0.8492 0.4363
vn 0.2894 0.3899 0.8742
vn 0.6135 0.3618 0.702
vn 0.5564 -0.4521 0.6972
vn 0.1051 0.9496 -0.2954
vn -0.1007 0.9583 -0.2676
vn 0.2974 0.8492 0.4363
vn -0.1005 0.9582 -0.2678
vn 0.1053 0.9495 -0.2957
vn -0.1142 0.3435 -0.9322
vn 0.7177 -0.4482 0.5329
vn 0.5562 -0.4521 0.6973
vn 0.6132 0.3618 0.7022
vn -0.1145 0.3435 -0.9321
vn -0.3198 0.377 -0.8693
vn -0.1007 0.9582 -0.2678
vn -0.3197 0.3771 -0.8692
vn -0.1144 0.3437 -0.9321
vn 0.7627 0.3889 0.5168
vn 0.6133 0.3617 0.7022
vn 0.2974 0.8492 0.4364
vn 0.6134 0.3618 0.7021
vn 0.7628 0.3889 0.5166
vn 0.7178 -0.4483 0.5327
vn -0.5736 0.3931 -0.7186
vn -0.3198 0.3771 -0.8692
vn -0.2943 -0.2606 -0.9195
vn -0.3197 0.3769 -0.8693
vn -0.5736 0.3928 -0.7188
vn -0.1004 0.9582 -0.268
vn 0.5565 -0.4518 0.6973
vn 0.718 -0.448 0.5327
vn 0.4116 -0.8874 0.2074
vn 0.4114 -0.8876 0.2072
vn 0.1917 -0.8898 0.414
vn 0.5564 -0.4521 0.6972
vn -0.2942 -0.2607 -0.9195
vn -0.6284 -0.3268 -0.7059
vn -0.5736 0.3931 -0.7187
vn -0.6284 -0.3267 -0.706
vn -0.2049 -0.9428 -0.2628
vn -0.2456 0.9506 -0.19
vn -0.1005 0.9582 -0.2679
vn -0.5735 0.393 -0.7188
vn -0.3244 -0.9382 -0.1204
vn -0.205 -0.943 -0.2622
vn 0.1916 -0.8895 0.4147
vn 0.1917 -0.8899 0.4139
vn 0.4114 -0.8876 0.2071
vn -0.3244 -0.9381 -0.1212
vn -0.7883 -0.2615 -0.557
vn -0.6281 -0.3269 -0.7061
vn -0.2046 -0.9429 -0.263
vn -0.2049 -0.9428 -0.2629
vn -0.3242 -0.9382 -0.1211
vn -0.7884 -0.2614 -0.5569
vn -0.7483 0.433 -0.5025
vn -0.5737 0.3931 -0.7186
vn -0.6285 -0.3268 -0.7058
vn -0.6284 -0.3267 -0.706
vn -0.7885 -0.2614 -0.5567
vn -0.7482 0.4331 -0.5026
vn -0.5735 0.3934 -0.7186
vn -0.7481 0.4333 -0.5025
vn -0.2456 0.9506 -0.1896
vn 0.4998 0.8417 0.2043
vn 0.2975 0.8492 0.4362
vn -0.1004 0.9582 -0.2677
vn -0.1015 0.9581 -0.2679
vn -0.2467 0.9503 -0.1899
vn 0.4988 0.8423 0.2042
vn 0.4997 0.8418 0.2043
vn 0.7628 0.3889 0.5166
vn -0.2626 0.9629 -0.0623
vn -0.2456 0.9506 -0.1899
vn -0.7481 0.4332 -0.5027
vn -0.2457 0.9506 -0.1899
vn -0.2627 0.9629 -0.0624
vn -0.8584 0.4343 -0.2732
vn -0.7485 0.4328 -0.5024
vn -0.8586 0.434 -0.2729
vn -0.2632 0.9627 -0.0622
vn -0.7885 -0.2613 -0.5567
vn -0.9362 -0.2923 -0.1952
vn -0.8584 0.4342 -0.2732
vn -0.9362 -0.2924 -0.1951
vn -0.7886 -0.2614 -0.5566
vn -0.3244 -0.9382 -0.1209
vn -0.8583 0.4345 -0.2731
vn -0.9271 0.3735 0.0329
vn -0.2625 0.9629 -0.0622
vn -0.9272 0.3732 0.033
vn -0.8584 0.4342 -0.2731
vn -0.9362 -0.2923 -0.1951
vn -0.9708 -0.2396 0.0109
vn -0.9362 -0.2924 -0.1952
vn -0.3243 -0.9382 -0.121
vn -0.9362 -0.2922 -0.1952
vn -0.9709 -0.2394 0.0109
vn -0.9272 0.3732 0.0329
vn -0.3245 -0.9381 -0.121
vn -0.3377 -0.9366 0.0938
vn -0.9709 -0.2393 0.011
vn -0.3377 -0.9366 0.0938
vn -0.3246 -0.9381 -0.1211
vn 0.4112 -0.8877 0.2072
vn -0.84 0.4185 0.3454
vn -0.9708 -0.2394 0.011
vn -0.2687 0.9614 0.0596
vn -0.2625 0.9629 -0.0622
vn -0.927 0.3735 0.0329
vn -0.9271 0.3734 0.0328
vn -0.8399 0.4187 0.3452
vn -0.2688 0.9613 0.0595
vn -0.8718 -0.2833 0.3996
vn -0.9708 -0.2396 0.0111
vn -0.3373 -0.9367 0.0939
vn -0.8719 -0.2832 0.3995
vn -0.84 0.4185 0.3452
vn -0.2628 0.9628 -0.0623
vn -0.269 0.9613 0.0597
vn 0.5309 0.8377 -0.1282
vn 0.5306 0.8379 -0.1283
vn 0.4994 0.842 0.2042
vn -0.2632 0.9627 -0.0624
vn -0.7221 0.4401 0.5338
vn -0.8719 -0.2831 0.3996
vn -0.1876 0.9675 0.1698
vn -0.269 0.9613 0.0594
vn -0.84 0.4187 0.3451
vn -0.8401 0.4184 0.3452
vn -0.7222 0.44 0.5336
vn -0.1879 0.9674 0.1699
vn -0.872 -0.2831 0.3993
vn -0.7785 -0.225 0.586
vn -0.7223 0.4402 0.5334
vn -0.7782 -0.2251 0.5863
vn -0.8718 -0.2834 0.3996
vn -0.3373 -0.9367 0.0937
vn -0.7222 0.4402 0.5335
vn -0.5185 0.3836 0.7642
vn -0.1878 0.9674 0.1699
vn -0.5184 0.3836 0.7643
vn -0.7221 0.4402 0.5336
vn -0.7783 -0.225 0.5862
vn -0.2695 0.9611 0.06
vn -0.1882 0.9672 0.1704
vn 0.3445 0.8333 -0.4323
vn 0.3449 0.8329 -0.4329
vn 0.5308 0.8377 -0.1283
vn -0.2691 0.9613 0.0595
vn -0.1033 0.9805 0.1669
vn -0.1878 0.9673 0.1702
vn -0.5183 0.3834 0.7644
vn -0.1877 0.9674 0.1701
vn -0.1032 0.9806 0.1667
vn 0.3449 0.8329 -0.4327
vn -0.7784 -0.2249 0.5861
vn -0.4626 -0.2649 0.846
vn -0.5184 0.3837 0.7642
vn -0.5183 0.3836 0.7643
vn -0.2242 0.4421 0.8685
vn -0.1032 0.9806 0.1666
vn -0.2243 0.4423 0.8684
vn -0.5185 0.3837 0.7642
vn -0.4627 -0.2649 0.846
vn -0.3375 -0.9366 0.0938
vn -0.2063 -0.9329 0.2951
vn -0.7783 -0.225 0.5862
vn -0.4623 -0.265 0.8462
vn -0.7782 -0.2248 0.5864
vn -0.2061 -0.9329 0.2953
vn 0.4544 -0.8868 -0.0845
vn -0.3375 -0.9366 0.0938
vn -0.2069 -0.9327 0.2955
vn -0.3381 -0.9364 0.0941
vn 0.4538 -0.8871 -0.0841
vn -0.4624 -0.265 0.8462
vn -0.2777 -0.1994 0.9398
vn -0.2241 0.4422 0.8685
vn -0.2775 -0.1996 0.9398
vn -0.4623 -0.2651 0.8462
vn -0.2061 -0.933 0.295
vn 0.4544 -0.8868 -0.0846
vn 0.4114 -0.8876 0.2073
vn 0.8549 -0.4712 0.2173
vn 0.7176 -0.4484 0.5329
vn 0.8546 -0.4715 0.2176
vn 0.4111 -0.8877 0.2074
vn 0.8549 -0.4712 0.2172
vn 0.718 -0.4482 0.5326
vn 0.7629 0.3889 0.5164
vn 0.9079 0.3689 0.1992
vn 0.8548 -0.4713 0.2174
vn 0.9078 0.3691 0.1992
vn 0.7627 0.3891 0.5167
vn 0.4995 0.8419 0.2043
vn 0.8549 -0.4711 0.2172
vn 0.8917 -0.4526 -0.003
vn 0.4546 -0.8867 -0.0847
vn 0.8916 -0.4528 -0.0028
vn 0.9192 0.3929 -0.0274
vn 0.908 0.3686 0.199
vn 0.5001 0.8416 0.2042
vn 0.9079 0.3689 0.1991
vn 0.919 0.3932 -0.0274
vn 0.8916 -0.4528 -0.0029
vn 0.4996 0.8418 0.2043
vn 0.919 0.3934 -0.0273
vn 0.8915 -0.4529 -0.0029
vn 0.8178 -0.4716 -0.3298
vn 0.4543 -0.8868 -0.0845
vn 0.8178 -0.4716 -0.3297
vn 0.8916 -0.4529 -0.0029
vn 0.919 0.3932 -0.0273
vn 0.8487 0.3696 -0.3783
vn 0.919 0.3933 -0.0274
vn 0.5308 0.8377 -0.1282
vn 0.919 0.3933 -0.0273
vn 0.8488 0.3695 -0.3782
vn 0.8179 -0.4715 -0.3298
vn 0.7193 0.3909 -0.5743
vn 0.8486 0.3698 -0.3783
vn 0.5306 0.8379 -0.1282
vn 0.5311 0.8375 -0.1281
vn 0.3452 0.8328 -0.4327
vn 0.7197 0.3904 -0.5742
vn 0.7141 -0.4544 -0.5325
vn 0.8179 -0.4715 -0.3297
vn 0.8488 0.3695 -0.3781
vn 0.7196 0.3907 -0.5741
vn 0.7142 -0.4544 -0.5324
vn 0.3356 -0.8758 -0.3469
vn 0.8178 -0.4716 -0.3298
vn 0.714 -0.4545 -0.5326
vn 0.3356 -0.8758 -0.347
vn 0.4545 -0.8867 -0.0845
vn 0.3357 -0.8758 -0.3468
vn -0.2062 -0.9329 0.2952
vn 0.4196 -0.4581 -0.7836
vn 0.7142 -0.4544 -0.5324
vn 0.7196 0.3907 -0.5741
vn 0.7138 -0.4545 -0.5328
vn 0.4191 -0.4581 -0.7839
vn 0.3354 -0.8758 -0.3472
vn 0.4945 0.3524 -0.7945
vn 0.7192 0.3908 -0.5744
vn 0.3447 0.8329 -0.4329
vn 0.7195 0.3907 -0.5741
vn 0.495 0.3524 -0.7942
vn 0.4196 -0.4582 -0.7836
vn 0.0404 -0.9214 0.3866
vn -0.2065 -0.9327 0.2956
vn 0.3354 -0.876 -0.3465
vn -0.2063 -0.933 0.2949
vn 0.0406 -0.9217 0.3859
vn -0.2778 -0.1997 0.9396
vn 0.2636 0.3258 -0.908
vn 0.4947 0.3522 -0.7945
vn 0.3449 0.8328 -0.4331
vn 0.4948 0.3524 -0.7943
vn 0.2637 0.3261 -0.9078
vn 0.4194 -0.4582 -0.7837
vn 0.1028 -0.9113 -0.3987
vn 0.3356 -0.8757 -0.347
vn 0.4194 -0.4581 -0.7837
vn 0.3355 -0.8758 -0.3469
vn 0.1027 -0.9114 -0.3985
vn 0.0405 -0.9215 0.3862
vn 0.1059 -0.3663 -0.9245
vn 0.4194 -0.4579 -0.7839
vn 0.1059 -0.3659 -0.9246
vn 0.1029 -0.9112 -0.3989
vn 0.3451 0.833 -0.4325
vn 0.0009 0.8179 -0.5754
vn 0.2639 0.3263 -0.9077
vn 0.0004 0.8176 -0.5758
vn 0.3446 0.833 -0.4329
vn -0.1035 0.9806 0.1665
vn -0.1277 0.2775 -0.9522
vn 0.1059 -0.3662 -0.9245
vn -0.1276 0.2773 -0.9523
vn 0.2637 0.326 -0.9078
vn 0.0007 0.8177 -0.5757
vn -0.1892 -0.4757 -0.859
vn -0.1276 0.2775 -0.9522
vn 0.1058 -0.3664 -0.9244
vn -0.1893 -0.4759 -0.8589
vn 0.1028 -0.9114 -0.3984
vn -0.4014 0.2456 -0.8824
vn -0.1276 0.2776 -0.9522
vn 0.0006 0.8178 -0.5755
vn -0.4013 0.2456 -0.8824
vn -0.0458 0.9761 0.2125
vn 0.0007 0.8178 -0.5755
vn -0.0458 0.9761 0.2123
vn -0.1032 0.9806 0.1664
vn -0.2243 0.4424 0.8683
vn 0.0007 0.8178 -0.5754
vn -0.2554 0.8599 -0.442
vn -0.4013 0.2457 -0.8824
vn -0.2555 0.8597 -0.4423
vn 0.0006 0.8176 -0.5758
vn -0.0459 0.9761 0.2122
vn -0.0123 0.4693 0.8829
vn -0.2242 0.4422 0.8684
vn -0.2778 -0.1994 0.9397
vn -0.0123 0.4693 0.883
vn 0.1362 -0.2277 0.9641
vn -0.0123 0.4693 0.883
vn 0.1361 -0.2278 0.9642
vn -0.2779 -0.1995 0.9397
vn 0.0406 -0.9216 0.3861
vn -0.0122 0.4691 0.8831
vn 0.2942 0.4342 0.8514
vn -0.0457 0.976 0.2128
vn 0.2941 0.4344 0.8513
vn 0.1362 -0.2277 0.9642
vn 0.3432 -0.1567 0.9261
vn 0.1363 -0.228 0.9641
vn 0.0406 -0.9217 0.3858
vn 0.1361 -0.2278 0.9642
vn 0.3431 -0.1565 0.9262
vn 0.294 0.4344 0.8514
vn 0.3134 -0.8987 0.3069
vn 0.0407 -0.9215 0.3863
vn 0.1029 -0.9114 -0.3984
vn 0.0406 -0.9214 0.3865
vn 0.3133 -0.8987 0.307
vn 0.3429 -0.1561 0.9263
vn 0.0139 0.981 0.1935
vn -0.0459 0.9761 0.2124
vn 0.294 0.4346 0.8513
vn -0.0459 0.9761 0.2123
vn 0.0139 0.981 0.1935
vn -0.2554 0.8597 -0.4423
vn 0.5866 0.4917 0.6436
vn 0.2939 0.4344 0.8514
vn 0.343 -0.1564 0.9262
vn 0.2941 0.4343 0.8514
vn 0.5867 0.4915 0.6436
vn 0.014 0.9809 0.1939
vn 0.662 -0.1825 0.727
vn 0.3433 -0.1562 0.9262
vn 0.3135 -0.8987 0.3067
vn 0.3432 -0.1564 0.9261
vn 0.6619 -0.1826 0.727
vn 0.5868 0.4916 0.6435
vn 0.1027 -0.9113 -0.3989
vn -0.1445 -0.8965 -0.4187
vn 0.3132 -0.8989 0.3064
vn -0.1444 -0.8968 -0.4183
vn 0.1028 -0.9115 -0.3984
vn -0.1892 -0.476 -0.8589
vn 0.818 -0.1802 0.5463
vn 0.6616 -0.1826 0.7273
vn 0.3132 -0.8987 0.307
vn 0.6618 -0.1826 0.7271
vn 0.8181 -0.1802 0.5461
vn 0.5867 0.4916 0.6436
vn 0.4881 -0.8699 0.0711
vn 0.3128 -0.8991 0.3061
vn -0.145 -0.8963 -0.4191
vn 0.3134 -0.8987 0.3067
vn 0.4888 -0.8694 0.0718
vn 0.8182 -0.18 0.546
vn -0.5111 -0.5398 -0.6689
vn -0.1444 -0.8967 -0.4185
vn -0.5111 -0.5399 -0.6688
vn -0.1893 -0.4757 -0.859
vn -0.4014 0.2456 -0.8824
vn -0.1442 -0.8969 -0.4182
vn -0.2537 -0.9465 -0.1996
vn 0.4889 -0.8694 0.0721
vn -0.254 -0.9463 -0.2
vn -0.1444 -0.8967 -0.4185
vn -0.5111 -0.5398 -0.6688
vn -0.4015 0.2454 -0.8823
vn -0.6503 0.233 -0.7231
vn -0.5113 -0.5399 -0.6686
vn -0.65 0.2331 -0.7233
vn -0.4012 0.2456 -0.8825
vn -0.2553 0.8599 -0.4421
vn -0.5112 -0.5396 -0.6689
vn -0.7324 -0.4964 -0.466
vn -0.2541 -0.9462 -0.2001
vn -0.7323 -0.4967 -0.4659
vn -0.5111 -0.5399 -0.6688
vn -0.6501 0.233 -0.7233
vn -0.2555 0.8598 -0.4422
vn -0.4194 0.8437 -0.3351
vn -0.6501 0.2329 -0.7233
vn -0.4194 0.8437 -0.335
vn -0.2554 0.8599 -0.442
vn 0.014 0.981 0.1937
vn -0.6502 0.2329 -0.7232
vn -0.8232 0.1967 -0.5326
vn -0.7323 -0.4968 -0.4658
vn -0.8233 0.1967 -0.5324
vn -0.6502 0.233 -0.7231
vn -0.4195 0.8437 -0.335
vn -0.5311 0.8204 -0.2119
vn -0.4193 0.8437 -0.3351
vn 0.0142 0.981 0.1937
vn -0.419 0.8438 -0.3352
vn -0.5311 0.8204 -0.2121
vn -0.823 0.1971 -0.5327
vn -0.8232 0.1968 -0.5326
vn -0.9666 0.1083 -0.2325
vn -0.9666 0.1083 -0.2323
vn -0.8232 0.1968 -0.5325
vn -0.5314 0.8202 -0.2118
vn -0.7322 -0.4968 -0.466
vn -0.8059 -0.5744 -0.1435
vn -0.2537 -0.9464 -0.2
vn -0.8061 -0.5741 -0.1432
vn -0.7324 -0.4966 -0.4658
vn -0.9666 0.1085 -0.2323
vn 0.0139 0.9809 0.1938
vn 0.0406 0.9856 0.1644
vn -0.5314 0.8202 -0.2118
vn 0.041 0.9856 0.1642
vn 0.0141 0.981 0.1937
vn 0.5869 0.4915 0.6434
vn -0.5312 0.8203 -0.212
vn -0.5943 0.8036 -0.032
vn -0.9665 0.1084 -0.2324
vn -0.5942 0.8037 -0.032
vn 0.0409 0.9856 0.1642
vn -0.9666 0.1084 -0.2324
vn -0.9916 0.0947 0.0882
vn -0.8061 -0.5742 -0.1433
vn -0.9916 0.0948 0.0883
vn -0.9666 0.1085 -0.2324
vn -0.5943 0.8036 -0.0319
vn 0.5866 0.4917 0.6435
vn 0.7611 0.5622 0.3234
vn 0.0405 0.9856 0.1643
vn 0.7613 0.5621 0.3233
vn 0.5868 0.4916 0.6434
vn 0.0407 0.9856 0.1643
vn 0.0633 0.9897 0.1284
vn -0.5944 0.8035 -0.0319
vn 0.0632 0.9897 0.1284
vn 0.0406 0.9856 0.1642
vn 0.7612 0.5622 0.3233
vn 0.8181 -0.1801 0.5461
vn 0.9848 -0.1241 0.1217
vn 0.7612 0.5622 0.3234
vn 0.9848 -0.124 0.1217
vn 0.8181 -0.1801 0.5461
vn 0.4887 -0.8695 0.0718
vn 0.7947 0.6058 -0.0397
vn 0.7947 0.6057 -0.0397
vn 0.7612 0.5621 0.3234
vn -0.6037 0.7812 0.1593
vn -0.5946 0.8034 -0.032
vn 0.063 0.9897 0.1283
vn -0.5944 0.8035 -0.0319
vn -0.6034 0.7813 0.1594
vn -0.9916 0.0946 0.0883
vn 0.9873 -0.1512 -0.0487
vn 0.9848 -0.1241 0.1216
vn 0.4886 -0.8696 0.0717
vn 0.9848 -0.124 0.1217
vn 0.9873 -0.1511 -0.0486
vn 0.7947 0.6058 -0.0397
vn 0.4884 -0.8696 0.0718
vn 0.5696 -0.8115 -0.1304
vn 0.9873 -0.1514 -0.0487
vn 0.5697 -0.8115 -0.1303
vn 0.4885 -0.8696 0.0718
vn -0.2541 -0.9463 -0.1998
vn 0.9873 -0.1511 -0.0487
vn 0.9055 -0.1656 -0.3907
vn 0.9055 -0.1659 -0.3906
vn 0.9873 -0.1513 -0.0486
vn 0.5697 -0.8115 -0.1302
vn 0.0482 0.9941 0.0974
vn 0.0631 0.9897 0.1282
vn 0.7946 0.6058 -0.0398
vn 0.0637 0.9897 0.1284
vn 0.0488 0.994 0.0975
vn -0.603 0.7817 0.1594
vn 0.7175 0.5889 -0.372
vn 0.7947 0.6057 -0.0398
vn 0.9055 -0.1658 -0.3907
vn 0.7948 0.6056 -0.0398
vn 0.7176 0.5889 -0.3719
vn 0.0484 0.9941 0.0975
vn -0.254 -0.9463 -0.1998
vn -0.2328 -0.968 -0.0938
vn 0.5698 -0.8114 -0.1303
vn -0.2327 -0.968 -0.0939
vn -0.2538 -0.9464 -0.1999
vn -0.806 -0.5743 -0.1433
vn 0.5698 -0.8114 -0.1304
vn 0.556 -0.7586 -0.3396
vn 0.9055 -0.1657 -0.3908
vn 0.5561 -0.7585 -0.3397
vn 0.5699 -0.8113 -0.1305
vn -0.2326 -0.968 -0.094
vn 0.9055 -0.1657 -0.3907
vn 0.7448 -0.103 -0.6593
vn 0.7175 0.589 -0.3718
vn 0.7446 -0.103 -0.6595
vn 0.9054 -0.1658 -0.3909
vn 0.5558 -0.7587 -0.3397
vn -0.8061 -0.5742 -0.1433
vn -0.8053 -0.5753 0.1432
vn -0.2327 -0.968 -0.0938
vn -0.8055 -0.5751 0.1432
vn -0.8062 -0.5741 -0.1434
vn -0.9916 0.0949 0.0882
vn -0.2326 -0.968 -0.0937
vn -0.1878 -0.982 0.0178
vn 0.5561 -0.7586 -0.3394
vn -0.1882 -0.982 0.0177
vn -0.2331 -0.9679 -0.0938
vn -0.8055 -0.575 0.1432
vn 0.4222 -0.7448 -0.5167
vn 0.7448 -0.1029 -0.6593
vn 0.4222 -0.7449 -0.5165
vn 0.556 -0.7587 -0.3395
vn -0.1879 -0.982 0.0177
vn -0.9916 0.0947 0.0883
vn -0.9186 0.0577 0.3909
vn -0.8053 -0.5753 0.1433
vn -0.9187 0.0577 0.3908
vn -0.9916 0.0946 0.0882
vn -0.6034 0.7813 0.1593
vn -0.7221 -0.5979 0.3479
vn -0.188 -0.982 0.0177
vn -0.7222 -0.5979 0.3478
vn -0.8053 -0.5753 0.1431
vn -0.6035 0.7813 0.1595
vn -0.5467 0.7586 0.3545
vn -0.9186 0.0575 0.3909
vn -0.5463 0.7589 0.3545
vn -0.6031 0.7816 0.1595
vn 0.0487 0.994 0.0975
vn -0.9186 0.0577 0.391
vn -0.7541 0.0233 0.6563
vn -0.7221 -0.5979 0.348
vn -0.7544 0.0233 0.656
vn -0.9188 0.0575 0.3905
vn -0.5468 0.7587 0.3541
vn -0.7217 -0.5984 0.3479
vn -0.5303 -0.6545 0.5389
vn -0.1874 -0.9821 0.0176
vn -0.5308 -0.6541 0.5389
vn -0.7222 -0.5978 0.3479
vn -0.7542 0.0234 0.6562
vn -0.4501 0.74 0.4997
vn -0.5469 0.7585 0.3543
vn 0.0479 0.9941 0.0975
vn -0.5463 0.7587 0.3548
vn -0.4494 0.7402 0.5002
vn -0.7538 0.0233 0.6567
vn -0.7542 0.0233 0.6563
vn -0.5147 -0.0068 0.8573
vn -0.5307 -0.6542 0.5389
vn -0.5146 -0.0068 0.8574
vn -0.7541 0.0233 0.6564
vn -0.4497 0.7402 0.4999
vn 0.0486 0.994 0.0975
vn 0.0229 0.9916 0.1276
vn -0.4496 0.7403 0.4998
vn 0.0223 0.9916 0.1276
vn 0.0479 0.9941 0.0977
vn 0.7172 0.5893 -0.3719
vn -0.4498 0.7402 0.4998
vn -0.2646 0.7324 0.6273
vn -0.2646 0.7325 0.6272
vn -0.4499 0.7402 0.4997
vn 0.0225 0.9916 0.1274
vn -0.3411 -0.6061 0.7186
vn -0.5308 -0.6543 0.5387
vn -0.5148 -0.0069 0.8573
vn -0.2236 -0.0319 0.9742
vn -0.5146 -0.0067 0.8574
vn -0.2644 0.7326 0.6273
vn -0.515 -0.0068 0.8572
vn -0.224 -0.0321 0.9741
vn -0.3412 -0.606 0.7185
vn -0.1032 0.7107 0.6958
vn -0.2645 0.7323 0.6275
vn 0.0226 0.9915 0.1279
vn -0.2645 0.7324 0.6274
vn -0.1032 0.7109 0.6956
vn -0.2237 -0.0321 0.9741
vn 0.7175 0.5889 -0.372
vn 0.4877 0.731 -0.4773
vn 0.0227 0.9916 0.1275
vn 0.4876 0.731 -0.4774
vn 0.7173 0.589 -0.3721
vn 0.7446 -0.1029 -0.6595
vn -0.5303 -0.6543 0.5391
vn -0.3407 -0.6059 0.7189
vn -0.1248 -0.9878 0.0933
vn -0.1253 -0.9877 0.0934
vn -0.1881 -0.982 0.018
vn -0.5308 -0.6539 0.5391
vn 0.7446 -0.1029 -0.6595
vn 0.4985 -0.0987 -0.8613
vn 0.4874 0.7311 -0.4773
vn 0.4985 -0.0988 -0.8612
vn 0.7448 -0.1029 -0.6593
vn 0.4222 -0.7448 -0.5167
vn 0.3047 -0.7251 -0.6176
vn 0.4221 -0.7448 -0.5168
vn -0.188 -0.982 0.0175
vn 0.4225 -0.7448 -0.5165
vn 0.3051 -0.7252 -0.6173
vn 0.4989 -0.0988 -0.861
vn -0.1879 -0.982 0.0174
vn -0.1251 -0.9878 0.0928
vn 0.3048 -0.7249 -0.6177
vn 0.3198 0.5868 -0.7439
vn 0.4877 0.7311 -0.4772
vn 0.4986 -0.0988 -0.8612
vn 0.4877 0.7312 -0.4769
vn 0.3198 0.587 -0.7437
vn 0.0226 0.9915 0.1278
vn 0.1839 -0.0365 -0.9823
vn 0.3048 -0.725 -0.6176
vn 0.4986 -0.0989 -0.8612
vn 0.1839 -0.0366 -0.9823
vn 0.0697 -0.6492 -0.7574
vn 0.3048 -0.7249 -0.6178
vn -0.1252 -0.9878 0.0928
vn 0.305 -0.7252 -0.6173
vn 0.0699 -0.6496 -0.757
vn 0.1842 -0.0368 -0.9822
vn 0.0538 0.9862 0.1563
vn 0.0226 0.9916 0.1276
vn 0.0226 0.9916 0.1274
vn 0.0539 0.9863 0.1561
vn -0.1032 0.7111 0.6955
vn -0.0566 0.6866 -0.7249
vn 0.3198 0.5869 -0.7439
vn 0.184 -0.0365 -0.9823
vn 0.3199 0.5867 -0.7439
vn -0.0566 0.6864 -0.725
vn -0.099 0.0082 -0.9951
vn 0.1839 -0.0368 -0.9823
vn 0.0696 -0.6496 -0.7571
vn 0.1838 -0.0368 -0.9823
vn -0.0991 0.0083 -0.995
vn -0.0567 0.6864 -0.725
vn -0.1143 -0.7164 -0.6882
vn 0.0698 -0.65 -0.7568
vn -0.1251 -0.9877 0.0938
vn 0.0698 -0.6492 -0.7574
vn -0.1143 -0.7158 -0.6888
vn -0.0989 0.0087 -0.9951
vn -0.341 -0.6058 0.7188
vn -0.0934 -0.6792 0.728
vn -0.1252 -0.9877 0.0934
vn -0.0935 -0.6795 0.7277
vn -0.341 -0.6061 0.7185
vn -0.2238 -0.0323 0.9741
vn -0.1252 -0.9878 0.0931
vn -0.0409 -0.9972 0.0623
vn -0.1144 -0.7159 -0.6887
vn -0.041 -0.9972 0.0625
vn -0.1252 -0.9877 0.0932
vn -0.0934 -0.6793 0.7279
vn 0.0899 -0.0499 0.9947
vn -0.2237 -0.0317 0.9741
vn -0.1032 0.7112 0.6954
vn -0.2236 -0.032 0.9741
vn 0.09 -0.0502 0.9947
vn -0.0934 -0.6793 0.7279
vn 0.1325 0.7076 0.6941
vn -0.1033 0.711 0.6955
vn 0.0538 0.9863 0.1561
vn -0.1032 0.7108 0.6958
vn 0.1326 0.7073 0.6944
vn 0.09 -0.0504 0.9947
vn -0.0934 -0.6786 0.7285
vn 0.1576 -0.6828 0.7134
vn -0.0409 -0.9972 0.0634
vn 0.1576 -0.6836 0.7126
vn -0.0934 -0.6794 0.7278
vn 0.3945 -0.0628 0.9168
vn 0.09 -0.0503 0.9947
vn 0.1326 0.7074 0.6943
vn 0.0902 -0.0503 0.9947
vn 0.3947 -0.0627 0.9167
vn 0.1577 -0.6836 0.7127
vn 0.313 0.6802 0.6628
vn 0.1326 0.7074 0.6943
vn 0.054 0.9862 0.1564
vn 0.1327 0.7075 0.6942
vn 0.313 0.6804 0.6627
vn 0.3946 -0.0627 0.9167
vn 0.0786 0.9934 0.0832
vn 0.0539 0.9861 0.1569
vn -0.0567 0.6869 -0.7245
vn 0.0539 0.9862 0.1563
vn 0.0787 0.9935 0.0828
vn -0.2234 0.7219 -0.6549
vn -0.0566 0.6864 -0.725
vn -0.099 0.0083 -0.9951
vn -0.0565 0.6863 -0.7251
vn -0.2233 0.7218 -0.655
vn 0.0787 0.9935 0.0824
vn -0.099 0.0086 -0.9951
vn -0.4028 0.0221 -0.915
vn -0.2234 0.7222 -0.6547
vn -0.403 0.0219 -0.915
vn -0.0991 0.0085 -0.995
vn -0.1146 -0.7159 -0.6887
vn -0.2234 0.7221 -0.6547
vn -0.4881 0.6679 -0.5619
vn 0.0788 0.9934 0.0829
vn -0.4881 0.6678 -0.562
vn -0.2233 0.722 -0.6549
vn -0.4027 0.0219 -0.9151
vn -0.1143 -0.7159 -0.6888
vn -0.3011 -0.7079 -0.6389
vn -0.4027 0.022 -0.9151
vn -0.3015 -0.7083 -0.6383
vn -0.1146 -0.7163 -0.6883
vn -0.041 -0.9972 0.063
vn -0.6673 0.0301 -0.7442
vn -0.4883 0.6678 -0.5619
vn -0.6672 0.0299 -0.7443
vn -0.4028 0.0218 -0.915
vn -0.3013 -0.708 -0.6387
vn -0.0409 -0.9972 0.0622
vn -0.0037 -0.9975 0.0708
vn -0.3012 -0.7079 -0.6389
vn 0.1576 -0.6836 0.7127
vn -0.3013 -0.7078 -0.6389
vn -0.5392 -0.6242 -0.5654
vn -0.6671 0.0302 -0.7444
vn -0.539 -0.6243 -0.5654
vn -0.3011 -0.7081 -0.6387
vn -0.0036 -0.9975 0.0709
vn -0.546 0.7688 -0.3329
vn -0.4883 0.6675 -0.5621
vn -0.6671 0.0298 -0.7443
vn 0.1577 -0.6837 0.7125
vn 0.3944 -0.6843 0.6134
vn -0.0037 -0.9975 0.0706
vn 0.3941 -0.6841 0.6137
vn 0.1574 -0.6835 0.7128
vn 0.3943 -0.0627 0.9168
vn -0.6673 0.03 -0.7442
vn -0.8654 0.033 -0.5
vn -0.546 0.7689 -0.3326
vn -0.8653 0.033 -0.5002
vn -0.6671 0.0301 -0.7444
vn -0.5391 -0.6242 -0.5654
vn -0.4878 0.668 -0.562
vn -0.5456 0.7691 -0.3328
vn 0.1208 0.9901 0.0716
vn 0.1202 0.9902 0.0717
vn 0.0786 0.9934 0.0829
vn -0.4884 0.6678 -0.5618
vn -0.7676 0.619 -0.1662
vn -0.5459 0.769 -0.3327
vn -0.8654 0.033 -0.5001
vn -0.546 0.7688 -0.3329
vn -0.7677 0.6188 -0.1663
vn 0.1202 0.9902 0.0714
vn -0.5392 -0.6243 -0.5653
vn -0.6037 -0.725 -0.3314
vn 0.0989 -0.9932 0.0613
vn -0.5392 -0.6242 -0.5654
vn -0.6038 -0.725 -0.3312
vn -0.5395 -0.6242 -0.5651
vn 0.0987 -0.9932 0.0616
vn 0.0989 -0.9932 0.0614
vn -0.0037 -0.9975 0.0709
vn 0.3943 -0.6841 0.6136
vn -0.978 0.0325 -0.206
vn -0.8653 0.0328 -0.5002
vn -0.6036 -0.7251 -0.3315
vn -0.978 0.0327 -0.206
vn -0.7693 -0.6176 -0.1637
vn -0.6035 -0.7252 -0.3316
vn 0.0991 -0.9932 0.0613
vn -0.6038 -0.725 -0.3314
vn -0.7695 -0.6174 -0.1635
vn -0.978 0.0327 -0.2059
vn 0.6602 -0.0693 0.7479
vn 0.3945 -0.6841 0.6135
vn 0.66 -0.0695 0.748
vn 0.313 0.6803 0.6628
vn 0.3944 -0.6841 0.6135
vn 0.5323 -0.7066 0.4662
vn 0.5324 -0.7068 0.4658
vn 0.3944 -0.6843 0.6133
vn 0.6601 -0.0697 0.7479
vn 0.4968 0.6973 0.5167
vn 0.313 0.6805 0.6625
vn 0.3128 0.6803 0.6628
vn 0.4966 0.6971 0.5172
vn 0.6598 -0.0694 0.7482
vn 0.0787 0.9935 0.0827
vn 0.1204 0.9901 0.0716
vn 0.4967 0.6972 0.517
vn 0.6599 -0.0694 0.7482
vn 0.8597 -0.0711 0.5058
vn 0.5322 -0.7066 0.4663
vn 0.8597 -0.0709 0.5058
vn 0.6599 -0.0693 0.7482
vn 0.4965 0.6973 0.517
vn 0.5321 -0.7069 0.466
vn 0.6764 -0.6946 0.245
vn 0.0986 -0.9932 0.0612
vn 0.6767 -0.6942 0.2452
vn 0.5324 -0.7065 0.4662
vn 0.8598 -0.0709 0.5056
vn 0.4968 0.6971 0.517
vn 0.6742 0.6405 0.3677
vn 0.8598 -0.0713 0.5056
vn 0.6743 0.6405 0.3677
vn 0.4967 0.6971 0.517
vn 0.1205 0.9901 0.0716
vn 0.8598 -0.0712 0.5057
vn 0.9745 -0.07 0.2131
vn 0.6766 -0.6944 0.2452
vn 0.9746 -0.07 0.2129
vn 0.8599 -0.0712 0.5055
vn 0.6743 0.6405 0.3676
vn 0.0618 -0.9979 -0.0184
vn 0.0988 -0.9932 0.0614
vn 0.6765 -0.6944 0.2452
vn 0.099 -0.9932 0.0614
vn 0.0621 -0.9979 -0.0183
vn -0.7693 -0.6176 -0.1636
vn 0.7254 -0.6865 0.0499
vn 0.6767 -0.6943 0.2452
vn 0.9745 -0.0699 0.213
vn 0.6764 -0.6945 0.2452
vn 0.7251 -0.6869 0.0499
vn 0.0617 -0.9979 -0.0184
vn 0.674 0.6406 0.3679
vn 0.6927 0.7081 0.137
vn 0.9745 -0.0698 0.2133
vn 0.693 0.7079 0.1368
vn 0.6744 0.6403 0.3677
vn 0.1206 0.9901 0.0716
vn 0.9746 -0.0699 0.213
vn 0.9927 -0.0671 -0.1007
vn 0.9927 -0.067 -0.1006
vn 0.9745 -0.0698 0.213
vn 0.6927 0.7081 0.1369
vn 0.7253 -0.6867 0.0498
vn 0.6889 -0.6991 -0.1916
vn 0.0619 -0.9979 -0.0184
vn 0.689 -0.699 -0.1913
vn 0.7254 -0.6865 0.05
vn 0.9927 -0.0671 -0.1005
vn 0.1391 0.9903 -0.0065
vn 0.6929 0.7079 0.1369
vn 0.1388 0.9903 -0.0065
vn 0.1202 0.9902 0.0715
vn -0.7678 0.6188 -0.1662
vn 0.6928 0.708 0.1368
vn 0.7624 0.6401 -0.0948
vn 0.7626 0.6399 -0.0947
vn 0.693 0.7078 0.1369
vn 0.1393 0.9902 -0.0065
vn 0.9926 -0.0672 -0.1007
vn 0.9126 -0.0646 -0.4038
vn 0.6889 -0.6991 -0.1915
vn 0.9126 -0.0646 -0.4037
vn 0.9926 -0.0673 -0.1006
vn 0.7625 0.6401 -0.0948
vn -0.7677 0.6189 -0.1663
vn -0.6404 0.7657 0.06
vn 0.1389 0.9903 -0.0065
vn -0.6402 0.7659 0.06
vn -0.7675 0.6191 -0.1663
vn -0.978 0.0328 -0.2059
vn 0.6318 0.7154 -0.2985
vn 0.7621 0.6405 -0.0949
vn 0.1386 0.9903 -0.0066
vn 0.7624 0.6401 -0.0947
vn 0.6322 0.7151 -0.2983
vn 0.9126 -0.0646 -0.4036
vn -0.9936 0.0312 0.1086
vn -0.6403 0.7658 0.06
vn -0.7694 -0.6175 -0.1636
vn -0.6403 0.7658 0.06
vn -0.715 0.6232 0.3169
vn 0.139 0.9903 -0.0065
vn -0.7151 0.6231 0.3168
vn -0.6404 0.7657 0.0599
vn -0.9936 0.031 0.1084
vn -0.7693 -0.6176 -0.1635
vn -0.7196 -0.6854 0.1113
vn -0.9936 0.0311 0.1085
vn -0.72 -0.685 0.1112
vn -0.7697 -0.6171 -0.1636
vn 0.0615 -0.9979 -0.0184
vn -0.9109 0.0301 0.4116
vn -0.7149 0.6233 0.3169
vn -0.9109 0.0302 0.4114
vn -0.9936 0.0314 0.1085
vn -0.7199 -0.6852 0.1113
vn 0.0968 0.9902 -0.1007
vn 0.1391 0.9903 -0.0066
vn -0.7149 0.6233 0.3167
vn 0.1392 0.9902 -0.0066
vn 0.6323 0.715 -0.2984
vn -0.4914 0.7635 0.4191
vn -0.9109 0.0298 0.4114
vn -0.715 0.6233 0.3167
vn -0.4913 0.7636 0.4189
vn 0.0966 0.9902 -0.1007
vn -0.698 -0.6545 0.2906
vn -0.9109 0.0299 0.4116
vn -0.6977 -0.6548 0.2905
vn -0.7194 -0.6857 0.1112
vn 0.0625 -0.9979 -0.0185
vn -0.9108 0.0301 0.4117
vn -0.7383 0.0317 0.6737
vn -0.4911 0.7636 0.4192
vn -0.7384 0.0315 0.6736
vn -0.911 0.0298 0.4114
vn -0.698 -0.6546 0.2904
vn -0.4913 0.7636 0.4191
vn -0.3979 0.6367 0.6605
vn 0.0965 0.9902 -0.1006
vn -0.3981 0.6368 0.6603
vn -0.4915 0.7635 0.4189
vn -0.7386 0.0316 0.6734
vn 0.0616 -0.9979 -0.0183
vn 0.0728 -0.9961 -0.0504
vn -0.6983 -0.6542 0.2906
vn 0.0732 -0.996 -0.0504
vn 0.0621 -0.9979 -0.0184
vn 0.6891 -0.6989 -0.1915
vn -0.6979 -0.6545 0.2907
vn -0.5339 -0.623 0.5716
vn -0.7382 0.0316 0.6738
vn -0.5343 -0.6229 0.5714
vn -0.6981 -0.6544 0.2904
vn 0.0729 -0.9961 -0.0505
vn -0.7383 0.0315 0.6738
vn -0.4933 0.0369 0.8691
vn -0.3978 0.6367 0.6606
vn -0.4933 0.037 0.8691
vn -0.7383 0.0317 0.6738
vn -0.5339 -0.623 0.5716
vn 0.6891 -0.6989 -0.1914
vn 0.6415 -0.65 -0.4074
vn 0.0732 -0.996 -0.0503
vn 0.6413 -0.6501 -0.4076
vn -0.4019 -0.6202 0.6737
vn -0.534 -0.6229 0.5717
vn 0.0732 -0.9961 -0.0503
vn -0.5343 -0.6231 0.5713
vn -0.4022 -0.6204 0.6733
vn -0.4937 0.0369 0.8689
vn 0.9127 -0.0644 -0.4036
vn 0.743 -0.0647 -0.6662
vn 0.6415 -0.65 -0.4074
vn 0.7427 -0.0647 -0.6664
vn 0.9125 -0.0644 -0.4039
vn 0.632 0.7152 -0.2985
vn 0.6416 -0.6498 -0.4077
vn 0.4535 -0.7028 -0.548
vn 0.0734 -0.996 -0.0506
vn 0.4535 -0.7031 -0.5478
vn 0.6414 -0.6501 -0.4074
vn 0.743 -0.0648 -0.6662
vn 0.6321 0.7151 -0.2984
vn 0.5543 0.6384 -0.5341
vn 0.7428 -0.0649 -0.6663
vn 0.5545 0.6388 -0.5334
vn 0.6323 0.7152 -0.2978
vn 0.0967 0.9903 -0.1
vn 0.7431 -0.0647 -0.666
vn 0.5002 -0.0684 -0.8632
vn 0.4536 -0.703 -0.5477
vn 0.4997 -0.0682 -0.8635
vn 0.7427 -0.0645 -0.6665
vn 0.5541 0.6386 -0.534
vn 0.0533 -0.9965 -0.0651
vn 0.0731 -0.9961 -0.0503
vn 0.4534 -0.7031 -0.5478
vn 0.073 -0.996 -0.0507
vn 0.0534 -0.9964 -0.0658
vn -0.4022 -0.6206 0.6731
vn 0.293 -0.6587 -0.693
vn 0.4533 -0.7031 -0.5478
vn 0.4999 -0.0684 -0.8634
vn 0.4534 -0.7029 -0.548
vn 0.2931 -0.6585 -0.6932
vn 0.0534 -0.9964 -0.0654
vn 0.5544 0.6384 -0.5339
vn 0.3172 0.715 -0.623
vn 0.5 -0.0683 -0.8633
vn 0.3174 0.7147 -0.6232
vn 0.5546 0.638 -0.5342
vn 0.097 0.9902 -0.1009
vn 0.4999 -0.0683 -0.8634
vn 0.2168 -0.0801 -0.9729
vn 0.2931 -0.6587 -0.693
vn 0.2169 -0.08 -0.9729
vn 0.2928 -0.6584 -0.6933
vn 0.0712 -0.732 -0.6776
vn 0.0531 -0.9964 -0.0656
vn 0.0714 -0.7322 -0.6773
vn 0.293 -0.6586 -0.6931
vn 0.2168 -0.0799 -0.9729
vn 0.0966 0.9902 -0.1006
vn -0.0129 0.9869 -0.1609
vn 0.3171 0.715 -0.623
vn -0.0128 0.9868 -0.1614
vn 0.0965 0.9902 -0.1008
vn -0.398 0.637 0.6602
vn 0.3171 0.715 -0.6231
vn 0.1217 0.6283 -0.7684
vn 0.2168 -0.08 -0.9729
vn 0.1217 0.6279 -0.7687
vn 0.3171 0.7147 -0.6234
vn -0.032 -0.0504 -0.9982
vn -0.0319 -0.0504 -0.9982
vn 0.2169 -0.0801 -0.9729
vn 0.1218 0.6283 -0.7684
vn -0.1726 0.7711 0.6129
vn -0.0129 0.9869 -0.161
vn -0.1727 0.7709 0.6131
vn -0.398 0.6365 0.6606
vn -0.4936 0.0367 0.8689
vn -0.1346 0.6816 -0.7193
vn 0.1217 0.6278 -0.7688
vn -0.013 0.9868 -0.1616
vn 0.1217 0.6284 -0.7683
vn -0.1345 0.6821 -0.7188
vn -0.032 -0.0502 -0.9982
vn -0.4935 0.037 0.869
vn -0.2003 0.0478 0.9786
vn -0.1724 0.7711 0.613
vn -0.2004 0.0476 0.9786
vn -0.4936 0.0368 0.8689
vn -0.4021 -0.6204 0.6733
vn -0.1725 0.771 0.6131
vn 0.0414 0.6661 0.7447
vn -0.0129 0.9869 -0.1608
vn 0.0414 0.6662 0.7446
vn -0.1725 0.7711 0.613
vn -0.402 -0.6201 0.6737
vn -0.0745 -0.6089 0.7897
vn -0.2002 0.048 0.9786
vn -0.0745 -0.6093 0.7895
vn -0.4019 -0.6204 0.6735
vn 0.0534 -0.9964 -0.0653
vn -0.2003 0.0479 0.9786
vn 0.1113 0.0651 0.9917
vn 0.0414 0.6663 0.7445
vn -0.0746 -0.6091 0.7896
vn -0.158 0.9772 -0.1415
vn -0.0129 0.9868 -0.1612
vn 0.0414 0.6664 0.7445
vn -0.158 0.9773 -0.1413
vn -0.1345 0.6821 -0.7188
vn 0.183 0.7909 0.584
vn 0.0413 0.6662 0.7446
vn 0.1113 0.065 0.9917
vn 0.0414 0.666 0.7448
vn 0.183 0.7907 0.5843
vn -0.158 0.9773 -0.1411
vn -0.0746 -0.609 0.7896
vn 0.0955 -0.5911 0.8009
vn 0.1113 0.0652 0.9917
vn 0.0955 -0.5919 0.8004
vn -0.0746 -0.6098 0.789
vn 0.0533 -0.9964 -0.066
vn 0.1112 0.0649 0.9917
vn 0.4109 0.0872 0.9075
vn 0.183 0.7908 0.5841
vn 0.411 0.0873 0.9074
vn 0.1114 0.065 0.9916
vn 0.0957 -0.5912 0.8008
vn 0.1831 0.7908 0.584
vn 0.4234 0.7111 0.5614
vn -0.1579 0.9773 -0.1414
vn 0.4234 0.711 0.5615
vn 0.4109 0.0871 0.9075
vn 0.0533 -0.9965 -0.0651
vn 0.0504 -0.9967 -0.0633
vn 0.0955 -0.5912 0.8009
vn 0.0504 -0.9967 -0.0634
vn 0.0714 -0.7323 -0.6772
vn 0.0954 -0.5912 0.8008
vn 0.435 -0.5762 0.6919
vn 0.4108 0.0873 0.9075
vn 0.4351 -0.5764 0.6917
vn 0.0955 -0.5915 0.8007
vn 0.0503 -0.9967 -0.0637
vn 0.4109 0.0875 0.9075
vn 0.6676 0.1154 0.7355
vn 0.4233 0.7112 0.5612
vn 0.6676 0.1151 0.7355
vn 0.435 -0.5763 0.6918
vn 0.0714 -0.7329 -0.6766
vn -0.1243 -0.7246 -0.6778
vn 0.0504 -0.9968 -0.0625
vn -0.1243 -0.7239 -0.6786
vn 0.0714 -0.7322 -0.6774
vn -0.0319 -0.0502 -0.9982
vn 0.5851 -0.5408 0.6044
vn 0.4354 -0.5763 0.6916
vn 0.0504 -0.9967 -0.0639
vn 0.4351 -0.576 0.6921
vn 0.5848 -0.5404 0.605
vn 0.6675 0.1155 0.7356
vn -0.032 -0.05 -0.9982
vn -0.2832 -0.0205 -0.9588
vn -0.1244 -0.7237 -0.6788
vn -0.2833 -0.0209 -0.9588
vn -0.0321 -0.0502 -0.9982
vn -0.1347 0.6821 -0.7188
vn -0.1244 -0.7246 -0.6779
vn -0.2854 -0.7718 -0.5682
vn 0.0505 -0.9968 -0.0626
vn -0.2854 -0.7713 -0.5689
vn -0.1245 -0.7239 -0.6786
vn -0.2832 -0.0208 -0.9588
vn -0.1344 0.6819 -0.719
vn -0.3922 0.5462 -0.7401
vn -0.283 -0.0212 -0.9589
vn -0.3922 0.5466 -0.7399
vn -0.1344 0.6822 -0.7187
vn -0.1579 0.9773 -0.1412
vn -0.2832 -0.0209 -0.9588
vn -0.5566 -0.0468 -0.8295
vn -0.5568 -0.0469 -0.8293
vn -0.2834 -0.0209 -0.9588
vn -0.3925 0.5464 -0.7399
vn 0.0674 -0.9951 -0.072
vn 0.0505 -0.9967 -0.0632
vn -0.2854 -0.7715 -0.5687
vn 0.0502 -0.9967 -0.0636
vn 0.067 -0.9951 -0.0724
vn 0.5846 -0.5409 0.6047
vn -0.4679 -0.7438 -0.4774
vn -0.2853 -0.7713 -0.5689
vn -0.5565 -0.0467 -0.8295
vn -0.2853 -0.7715 -0.5687
vn -0.4679 -0.7439 -0.4771
vn -0.3924 0.5463 -0.74
vn -0.5674 0.6481 -0.508
vn -0.5567 -0.0469 -0.8294
vn -0.5675 0.648 -0.508
vn -0.3925 0.5463 -0.7399
vn -0.1582 0.9772 -0.1414
vn -0.5565 -0.0468 -0.8295
vn -0.7301 -0.1059 -0.6751
vn -0.4679 -0.7438 -0.4773
vn -0.7303 -0.1059 -0.6748
vn -0.5568 -0.0468 -0.8293
vn -0.5674 0.6481 -0.5079
vn -0.7303 -0.1057 -0.6749
vn -0.8464 -0.1722 -0.5039
vn -0.4682 -0.7437 -0.4771
vn -0.8462 -0.1722 -0.5043
vn -0.73 -0.1058 -0.6752
vn -0.567 0.6482 -0.5082
vn -0.4681 -0.7439 -0.477
vn -0.5368 -0.791 -0.2935
vn 0.0673 -0.9951 -0.072
vn -0.5369 -0.7909 -0.2936
vn -0.4681 -0.7438 -0.4772
vn -0.8463 -0.1724 -0.504
vn -0.158 0.9772 -0.1416
vn -0.2773 0.9605 -0.0238
vn -0.5673 0.648 -0.5082
vn -0.277 0.9606 -0.0228
vn -0.1574 0.9775 -0.1404
vn 0.4236 0.7104 0.5621
vn -0.5674 0.6481 -0.508
vn -0.763 0.5432 -0.3503
vn -0.8463 -0.1725 -0.504
vn -0.7631 0.5432 -0.3501
vn -0.5674 0.6482 -0.5078
vn -0.2774 0.9605 -0.0233
vn -0.8463 -0.1724 -0.5041
vn -0.9465 -0.1592 -0.2806
vn -0.5368 -0.791 -0.2936
vn -0.763 0.5433 -0.3503
vn 0.4234 0.7113 0.5611
vn 0.4397 0.8224 0.3611
vn -0.2773 0.9605 -0.0239
vn 0.4398 0.8222 0.3612
vn 0.4234 0.7112 0.5612
vn 0.6677 0.1153 0.7354
vn -0.7985 0.5979 -0.0705
vn -0.7632 0.5431 -0.3501
vn -0.2776 0.9604 -0.0234
vn -0.7629 0.5433 -0.3505
vn -0.7982 0.5982 -0.0708
vn -0.9465 -0.1591 -0.2807
vn 0.6676 0.1153 0.7356
vn 0.8579 0.1476 0.4921
vn 0.4396 0.8222 0.3615
vn 0.8579 0.1477 0.4921
vn 0.6676 0.1155 0.7355
vn 0.5849 -0.5404 0.6048
vn 0.4397 0.8222 0.3615
vn 0.6084 0.7658 0.2084
vn -0.2774 0.9605 -0.0235
vn 0.6084 0.7658 0.2085
vn 0.4397 0.8222 0.3616
vn 0.8578 0.1476 0.4923
vn 0.5847 -0.5406 0.6049
vn 0.7945 -0.525 0.3052
vn 0.8579 0.1476 0.4922
vn 0.7946 -0.525 0.3051
vn 0.5848 -0.5406 0.6048
vn 0.0673 -0.9951 -0.0721
vn 0.8581 0.1473 0.4919
vn 0.9625 0.1867 0.1966
vn 0.6087 0.7656 0.2081
vn 0.9624 0.1868 0.1971
vn 0.8579 0.1473 0.4922
vn 0.7945 -0.5251 0.3051
vn -0.305 0.9385 0.1617
vn -0.277 0.9606 -0.0236
vn 0.6088 0.7655 0.2082
vn -0.2772 0.9605 -0.0235
vn -0.3054 0.9384 0.1618
vn -0.7982 0.5982 -0.0706
vn 0.4998 0.8633 0.0693
vn 0.6085 0.7657 0.2084
vn 0.9624 0.1869 0.197
vn 0.6081 0.766 0.2084
vn 0.4994 0.8636 0.0692
vn -0.306 0.9382 0.1618
vn 0.8672 -0.478 0.1396
vn 0.9624 0.1869 0.1971
vn 0.8674 -0.4777 0.1391
vn 0.7949 -0.5247 0.3048
vn 0.0675 -0.9951 -0.0723
vn 0.9624 0.187 0.197
vn 0.9537 0.2247 -0.2001
vn 0.4997 0.8634 0.0692
vn 0.9537 0.2245 -0.2002
vn 0.9624 0.1869 0.1969
vn 0.8672 -0.478 0.1394
vn 0.4996 0.8635 0.0692
vn 0.5159 0.8446 -0.143
vn -0.3057 0.9383 0.1618
vn 0.5162 0.8444 -0.143
vn 0.5 0.8632 0.0693
vn 0.9538 0.2244 -0.2
vn 0.0676 -0.9951 -0.072
vn 0.0832 -0.9905 -0.1093
vn 0.8674 -0.4777 0.1394
vn 0.0826 -0.9906 -0.1094
vn 0.0671 -0.9951 -0.0721
vn -0.537 -0.7909 -0.2935
vn 0.8673 -0.4779 0.1394
vn 0.8548 -0.483 -0.19
vn 0.9537 0.2246 -0.2001
vn 0.8548 -0.483 -0.19
vn 0.8672 -0.478 0.1393
vn 0.0828 -0.9905 -0.1095
vn 0.8007 -0.4583 -0.3859
vn 0.8006 -0.4583 -0.386
vn 0.8547 -0.483 -0.1901
vn 0.0826 -0.9905 -0.1096
vn 0.9537 0.2247 -0.2001
vn 0.8083 0.2705 -0.5229
vn 0.516 0.8446 -0.1429
vn 0.8083 0.2704 -0.5231
vn 0.8007 -0.4583 -0.386
vn -0.5366 -0.7911 -0.2936
vn -0.5826 -0.8037 -0.1214
vn 0.083 -0.9905 -0.1094
vn -0.583 -0.8034 -0.1214
vn -0.537 -0.7909 -0.2936
vn -0.9466 -0.159 -0.2806
vn 0.8007 -0.4582 -0.3858
vn 0.5758 -0.4378 -0.6905
vn 0.8083 0.2705 -0.5229
vn -0.9465 -0.1593 -0.2806
vn -0.9895 -0.1417 -0.0292
vn -0.5828 -0.8035 -0.1213
vn -0.7983 0.5981 -0.0706
vn -0.5835 -0.803 -0.1214
vn -0.5374 -0.8419 0.0491
vn 0.082 -0.9906 -0.1095
vn -0.5364 -0.8425 0.0491
vn -0.5824 -0.8037 -0.1214
vn -0.9894 -0.1422 -0.0293
vn 0.0825 -0.9906 -0.1094
vn 0.0662 -0.9832 -0.1701
vn 0.8005 -0.4585 -0.386
vn 0.0666 -0.9832 -0.1701
vn 0.083 -0.9905 -0.1095
vn -0.5366 -0.8424 0.0491
vn 0.5757 -0.4379 -0.6906
vn 0.8006 -0.4583 -0.386
vn 0.0663 -0.9832 -0.1701
vn -0.7983 0.5981 -0.0705
vn -0.8885 0.4276 0.1665
vn -0.9895 -0.1416 -0.0292
vn -0.8885 0.4277 0.1663
vn -0.7982 0.5982 -0.0707
vn -0.3054 0.9384 0.1617
vn -0.9465 -0.178 0.2691
vn -0.5369 -0.8422 0.0492
vn -0.9465 -0.1781 0.2691
vn -0.8885 0.4276 0.1664
vn -0.7407 0.5182 0.4276
vn -0.8886 0.4274 0.1663
vn -0.3057 0.9383 0.1617
vn -0.8886 0.4275 0.1662
vn -0.7408 0.5182 0.4275
vn -0.9465 -0.1782 0.2689
vn -0.4946 -0.842 0.2154
vn -0.537 -0.8421 0.0492
vn -0.9466 -0.1778 0.2691
vn -0.5368 -0.8423 0.0494
vn -0.4944 -0.8421 0.2156
vn 0.0664 -0.9832 -0.1699
vn -0.8109 -0.211 0.5458
vn -0.9465 -0.1781 0.269
vn -0.7406 0.5183 0.4276
vn -0.9464 -0.1782 0.2693
vn -0.8107 -0.211 0.5461
vn -0.4942 -0.8422 0.2155
vn -0.207 0.9154 0.3452
vn -0.7405 0.5183 0.4277
vn -0.2069 0.9155 0.345
vn -0.3054 0.9384 0.1616
vn 0.5162 0.8444 -0.1433
vn -0.7407 0.5182 0.4276
vn -0.647 0.3641 0.6699
vn -0.8109 -0.211 0.5459
vn -0.6469 0.3642 0.67
vn -0.2072 0.9154 0.3452
vn -0.3587 -0.8746 0.3262
vn -0.4943 -0.8422 0.2155
vn -0.8108 -0.2111 0.546
vn -0.4943 -0.8422 0.2152
vn -0.3587 -0.8746 0.3261
vn 0.0665 -0.9832 -0.1702
vn -0.596 -0.2401 0.7663
vn -0.6469 0.3642 0.67
vn -0.8108 -0.2112 0.5459
vn -0.5959 -0.2403 0.7663
vn -0.3587 -0.8747 0.3261
vn -0.3714 0.4719 0.7996
vn -0.6469 0.3641 0.6701
vn -0.2071 0.9154 0.3453
vn -0.6471 0.3642 0.6698
vn -0.3717 0.472 0.7994
vn -0.5961 -0.2401 0.7662
vn 0.5162 0.8445 -0.143
vn 0.3688 0.9026 -0.2219
vn 0.3686 0.9027 -0.222
vn 0.516 0.8446 -0.1431
vn 0.8083 0.2705 -0.523
vn -0.2305 -0.875 0.4258
vn -0.3588 -0.8747 0.3259
vn -0.596 -0.2404 0.7661
vn 0.8083 0.2703 -0.523
vn 0.5958 0.3013 -0.7444
vn 0.3688 0.9026 -0.222
vn 0.5958 0.3014 -0.7445
vn 0.8083 0.2704 -0.523
vn 0.5757 -0.4379 -0.6905
vn 0.2853 0.8772 -0.3861
vn -0.207 0.9154 0.3451
vn 0.2851 0.8773 -0.3861
vn 0.3685 0.9027 -0.2218
vn 0.5957 0.3016 -0.7445
vn 0.5757 -0.4378 -0.6906
vn 0.4459 -0.3738 -0.8133
vn 0.5958 0.3015 -0.7444
vn 0.4458 -0.374 -0.8132
vn 0.5756 -0.4379 -0.6906
vn 0.0663 -0.9832 -0.17
vn 0.5959 0.3017 -0.7442
vn 0.3284 0.3272 -0.886
vn 0.2852 0.8774 -0.3858
vn 0.3284 0.327 -0.8861
vn 0.446 -0.3738 -0.8132
vn -0.0002 -0.9751 -0.2218
vn 0.0663 -0.9832 -0.1698
vn -0.3588 -0.8744 0.3265
vn 0.0664 -0.9832 -0.1699
vn -0.0002 -0.9751 -0.222
vn 0.446 -0.374 -0.8132
vn -0.2303 -0.8749 0.426
vn -0 -0.975 -0.2223
vn 0.446 -0.3739 -0.8132
vn 0.076 -0.3956 -0.9153
vn 0.0759 -0.3959 -0.9152
vn 0.4459 -0.3743 -0.8131
vn -0.0003 -0.9751 -0.2218
vn -0.5957 -0.2402 0.7664
vn -0.3234 -0.2651 0.9084
vn -0.2302 -0.8749 0.4262
vn -0.3236 -0.2652 0.9083
vn -0.5959 -0.2401 0.7663
vn -0.3714 0.472 0.7996
vn -0.2305 -0.8751 0.4256
vn -0.0652 -0.8965 0.4381
vn -0.0002 -0.9749 -0.2227
vn -0.0652 -0.8964 0.4385
vn -0.3237 -0.2654 0.9082
vn -0.1062 -0.3313 -0.9375
vn 0.076 -0.3961 -0.915
vn -0.0001 -0.9752 -0.2215
vn -0.3714 0.4721 0.7995
vn -0.1448 0.3174 0.9372
vn -0.3236 -0.2651 0.9083
vn 0.0317 0.347 -0.9373
vn 0.3285 0.327 -0.8861
vn 0.0761 -0.3955 -0.9153
vn 0.0761 -0.3956 -0.9153
vn -0.1062 -0.3308 -0.9377
vn 0.0317 0.3469 -0.9374
vn 0.1283 0.9248 -0.3583
vn 0.285 0.8773 -0.3861
vn 0.3282 0.3269 -0.8862
vn 0.0317 0.3472 -0.9372
vn 0.1285 0.9249 -0.3578
vn -0.0007 0.897 0.442
vn -0.2069 0.9156 0.3449
vn 0.2854 0.8771 -0.3863
vn -0.0008 0.8969 0.4423
vn -0.3713 0.4719 0.7996
vn 0.2851 0.8772 -0.3862
vn 0.1284 0.9248 -0.3582
vn -0.0009 0.897 0.442
vn -0.1448 0.3173 0.9372
vn -0.3714 0.472 0.7996
vn -0.0009 0.8969 0.4422
vn -0.024 0.9061 -0.4224
vn 0.1284 0.9248 -0.3582
vn -0.024 0.9063 -0.422
vn -0.0008 0.8968 0.4425
vn -0.0212 -0.2835 0.9587
vn -0.0212 -0.2837 0.9587
vn -0.0652 -0.8963 0.4386
vn 0.1565 0.4435 0.8825
vn -0.1448 0.3176 0.9371
vn -0.0008 0.8971 0.4419
vn -0.1448 0.3173 0.9372
vn 0.1565 0.4433 0.8826
vn -0.0212 -0.2836 0.9587
vn 0.2452 0.886 0.3934
vn -0.0008 0.897 0.4421
vn -0.024 0.9061 -0.4223
vn -0.0007 0.8969 0.4422
vn 0.2452 0.886 0.3935
vn 0.1565 0.4433 0.8826
vn 0.0317 0.3472 -0.9373
vn -0.2861 0.3051 -0.9083
vn -0.2861 0.305 -0.9084
vn 0.0317 0.3471 -0.9373
vn -0.1062 -0.3306 -0.9378
vn -0.0241 0.9061 -0.4223
vn -0.188 0.9387 -0.2889
vn 0.2451 0.8861 0.3935
vn -0.1878 0.9388 -0.2888
vn -0.0239 0.9062 -0.4223
vn -0.286 0.305 -0.9084
vn 0.4277 0.29 0.8561
vn 0.1564 0.4431 0.8827
vn 0.2451 0.8859 0.3938
vn -0.1061 -0.3307 -0.9378
vn -0.4705 -0.3721 -0.8001
vn -0.2861 0.3049 -0.9084
vn 0.4278 0.2903 0.856
vn 0.2812 -0.2963 0.9128
vn 0.2813 -0.2965 0.9127
vn -0.0211 -0.2837 0.9587
vn 0.1566 0.4431 0.8827
vn -0.518 0.4601 -0.7211
vn -0.2862 0.305 -0.9083
vn -0.4706 -0.3721 -0.8001
vn -0.286 0.305 -0.9084
vn -0.5177 0.4603 -0.7212
vn -0.1877 0.9388 -0.2888
vn -0.0214 -0.2833 0.9588
vn 0.281 -0.2962 0.9129
vn 0.0891 -0.894 0.4391
vn 0.0893 -0.8942 0.4387
vn -0.065 -0.8964 0.4385
vn -0.0211 -0.2838 0.9587
vn -0.4705 -0.372 -0.8001
vn -0.1063 -0.3306 -0.9378
vn -0.1075 -0.9687 -0.2236
vn -0.0001 -0.975 -0.2223
vn -0.1074 -0.9687 -0.2237
vn -0.1062 -0.3305 -0.9378
vn -0.1074 -0.9688 -0.2236
vn -0.0001 -0.975 -0.2222
vn -0.0651 -0.8963 0.4386
vn -0.0649 -0.8962 0.4389
vn 0.0893 -0.8939 0.4392
vn -0.1073 -0.9689 -0.2232
vn -0.4704 -0.3721 -0.8002
vn -0.6349 -0.3104 -0.7075
vn -0.5177 0.4601 -0.7213
vn -0.6349 -0.3102 -0.7076
vn -0.4703 -0.372 -0.8002
vn -0.1073 -0.9687 -0.2238
vn 0.2246 -0.9053 0.3606
vn 0.0893 -0.8941 0.4389
vn 0.2812 -0.2964 0.9127
vn 0.089 -0.8939 0.4393
vn 0.2243 -0.9052 0.361
vn -0.1076 -0.9688 -0.2232
vn -0.7873 0.1744 -0.5914
vn -0.5178 0.4602 -0.7212
vn -0.635 -0.3103 -0.7074
vn -0.5179 0.4601 -0.7212
vn -0.7873 0.1743 -0.5915
vn -0.188 0.9387 -0.2888
vn -0.1075 -0.9687 -0.2238
vn -0.2129 -0.9657 -0.1488
vn -0.6351 -0.31 -0.7075
vn -0.2126 -0.9658 -0.1486
vn -0.1073 -0.9688 -0.2235
vn 0.2246 -0.9052 0.3607
vn -0.635 -0.3104 -0.7074
vn -0.85 -0.3674 -0.3775
vn -0.7873 0.1743 -0.5914
vn -0.85 -0.3674 -0.3776
vn -0.635 -0.3103 -0.7074
vn -0.2127 -0.9658 -0.1485
vn 0.5533 -0.3032 0.7758
vn 0.2246 -0.9052 0.3608
vn 0.5533 -0.3033 0.7758
vn 0.2811 -0.2964 0.9127
vn 0.4278 0.2902 0.856
vn 0.2241 -0.9055 0.3604
vn 0.3385 -0.9013 0.2704
vn -0.2132 -0.9656 -0.1489
vn 0.3394 -0.9008 0.2709
vn 0.2249 -0.9051 0.3609
vn 0.5535 -0.3028 0.7759
vn 0.4279 0.2902 0.856
vn 0.6399 0.434 0.6342
vn 0.5532 -0.3033 0.7758
vn 0.6399 0.434 0.6342
vn 0.4279 0.2902 0.856
vn 0.2454 0.886 0.3936
vn 0.5533 -0.3035 0.7757
vn 0.7686 -0.306 0.5618
vn 0.3389 -0.9011 0.2705
vn 0.7686 -0.3059 0.5619
vn 0.6398 0.434 0.6342
vn 0.3387 -0.9011 0.2708
vn 0.4093 -0.903 0.1309
vn -0.213 -0.9657 -0.1485
vn 0.4097 -0.9028 0.1311
vn 0.339 -0.9009 0.2709
vn 0.7685 -0.3057 0.5622
vn 0.2451 0.886 0.3936
vn 0.4246 0.884 0.1957
vn 0.6398 0.4341 0.6342
vn 0.4253 0.8836 0.1958
vn 0.2457 0.8858 0.3937
vn -0.1874 0.9389 -0.2887
vn 0.6397 0.434 0.6343
vn 0.8479 0.2842 0.4476
vn 0.7685 -0.3058 0.5621
vn 0.8478 0.2844 0.4476
vn 0.6396 0.4341 0.6344
vn 0.4245 0.884 0.1958
vn 0.7685 -0.3057 0.5621
vn 0.9067 -0.3107 0.2851
vn 0.4096 -0.9028 0.1311
vn 0.9068 -0.3107 0.2847
vn 0.7687 -0.3058 0.5618
vn 0.848 0.2842 0.4473
vn -0.1879 0.9387 -0.2889
vn -0.315 0.9434 -0.104
vn 0.4247 0.884 0.1956
vn -0.3151 0.9434 -0.1039
vn -0.1879 0.9388 -0.2888
vn 0.8867 0.4404 0.1409
vn 0.8479 0.2842 0.4475
vn 0.4248 0.8839 0.1956
vn 0.848 0.2841 0.4474
vn 0.8867 0.4404 0.1408
vn 0.9068 -0.3108 0.2849
vn -0.7872 0.1745 -0.5915
vn -0.8467 0.4607 -0.2662
vn -0.3149 0.9434 -0.1038
vn -0.8467 0.4605 -0.2664
vn -0.7872 0.1743 -0.5915
vn -0.8499 -0.3674 -0.3777
vn 0.4574 0.8841 -0.0951
vn 0.4246 0.884 0.1956
vn -0.3151 0.9433 -0.104
vn 0.4248 0.8839 0.1956
vn 0.4576 0.8841 -0.0951
vn 0.8867 0.4403 0.1409
vn -0.8499 -0.3673 -0.3777
vn -0.9307 -0.307 -0.1988
vn -0.8467 0.4605 -0.2665
vn -0.9309 -0.3068 -0.1985
vn -0.8501 -0.3673 -0.3774
vn -0.2128 -0.9658 -0.1483
vn -0.8468 0.4604 -0.2663
vn -0.9795 0.2013 -0.0027
vn -0.3152 0.9433 -0.1039
vn -0.9795 0.2013 -0.0026
vn -0.8468 0.4605 -0.2663
vn -0.9308 -0.3069 -0.1987
vn -0.2125 -0.9658 -0.1485
vn -0.2457 -0.9693 -0.0009
vn -0.9307 -0.3071 -0.1988
vn -0.2461 -0.9692 -0.0009
vn -0.2129 -0.9657 -0.1485
vn 0.4095 -0.9029 0.1309
vn -0.9307 -0.307 -0.1987
vn -0.9353 -0.2387 0.2613
vn -0.9795 0.2013 -0.0027
vn -0.9353 -0.2388 0.2614
vn -0.9307 -0.307 -0.1987
vn -0.2459 -0.9693 -0.001
vn -0.3124 0.945 0.0967
vn -0.3149 0.9434 -0.1039
vn -0.9795 0.2015 -0.0026
vn -0.3126 0.945 0.0967
vn 0.4575 0.8841 -0.0951
vn -0.8403 0.4354 0.3231
vn -0.9795 0.2014 -0.0025
vn -0.9353 -0.2385 0.2615
vn -0.9795 0.2013 -0.0028
vn -0.8404 0.4352 0.323
vn -0.3126 0.945 0.0966
vn 0.4094 -0.9029 0.1309
vn 0.5518 -0.8294 -0.0869
vn -0.2462 -0.9692 -0.0009
vn 0.5519 -0.8293 -0.0869
vn 0.4096 -0.9029 0.1308
vn -0.8401 0.4357 0.323
vn -0.8245 0.1808 0.5362
vn -0.3122 0.9451 0.0965
vn -0.8246 0.1804 0.5362
vn -0.8403 0.4353 0.3231
vn -0.9353 -0.2387 0.2614
vn 0.9069 -0.3106 0.2849
vn 0.9344 -0.3542 0.0366
vn 0.5521 -0.8292 -0.0869
vn 0.9344 -0.3544 0.0365
vn 0.9068 -0.3107 0.2849
vn -0.2464 -0.9692 -0.001
vn -0.2173 -0.9636 0.1559
vn -0.9354 -0.2384 0.261
vn -0.2171 -0.9636 0.1561
vn -0.2459 -0.9693 -0.0009
vn 0.5522 -0.8292 -0.0868
vn 0.8866 0.4405 0.1409
vn 0.9459 0.2909 -0.1435
vn 0.9344 -0.3543 0.0366
vn 0.946 0.2908 -0.1436
vn 0.4576 0.8841 -0.0951
vn 0.9344 -0.3544 0.0366
vn 0.8781 -0.3465 -0.33
vn 0.552 -0.8293 -0.0869
vn 0.9459 0.2908 -0.1436
vn 0.7722 0.4474 -0.4511
vn 0.9459 0.2911 -0.1435
vn 0.4572 0.8843 -0.0948
vn 0.7723 0.4471 -0.4513
vn 0.8781 -0.3466 -0.33
vn 0.3759 0.8412 -0.3887
vn 0.4581 0.8838 -0.0951
vn -0.312 0.9452 0.0966
vn 0.4574 0.8842 -0.0949
vn 0.3753 0.8415 -0.3886
vn 0.7723 0.4473 -0.4512
vn 0.4067 -0.8288 -0.3844
vn 0.5522 -0.8291 -0.0869
vn 0.8782 -0.3462 -0.33
vn 0.5512 -0.8299 -0.0866
vn 0.4056 -0.8294 -0.3841
vn -0.2183 -0.9633 0.1564
vn 0.7442 -0.3766 -0.5517
vn 0.8781 -0.3465 -0.3299
vn 0.7724 0.4471 -0.4512
vn 0.8781 -0.3464 -0.3302
vn 0.7441 -0.3764 -0.552
vn 0.4065 -0.8288 -0.3846
vn 0.5289 -0.4163 -0.7395
vn 0.7441 -0.3767 -0.5518
vn 0.7723 0.447 -0.4513
vn 0.7443 -0.3765 -0.5516
vn 0.5292 -0.4162 -0.7394
vn 0.4065 -0.8289 -0.3843
vn 0.4856 0.4442 -0.7529
vn 0.7723 0.4471 -0.4513
vn 0.3755 0.8414 -0.3888
vn 0.7722 0.4472 -0.4513
vn 0.4856 0.4443 -0.7529
vn 0.5289 -0.4162 -0.7396
vn -0.3125 0.945 0.0967
vn -0.2091 0.9476 0.2416
vn 0.3755 0.8414 -0.3887
vn -0.2092 0.9476 0.2415
vn -0.3127 0.9449 0.0967
vn -0.8247 0.1804 0.536
vn 0.3331 -0.4024 -0.8527
vn 0.5292 -0.4162 -0.7394
vn 0.4859 0.4443 -0.7527
vn -0.9353 -0.2386 0.2615
vn -0.6363 -0.4557 0.6225
vn -0.8245 0.1805 0.5363
vn -0.6364 -0.4558 0.6223
vn -0.9353 -0.2385 0.2614
vn -0.2174 -0.9635 0.1561
vn -0.5189 0.4798 0.7075
vn -0.8246 0.1804 0.5363
vn -0.6362 -0.4559 0.6224
vn -0.8246 0.1802 0.5362
vn -0.519 0.4797 0.7075
vn -0.2094 0.9475 0.2416
vn -0.4683 -0.3014 0.8306
vn -0.6363 -0.4557 0.6225
vn -0.2172 -0.9635 0.1562
vn -0.6364 -0.4558 0.6223
vn -0.4684 -0.3015 0.8305
vn -0.519 0.4799 0.7073
vn -0.0515 -0.9592 0.2779
vn -0.2174 -0.9635 0.1562
vn 0.4063 -0.829 -0.3842
vn -0.2174 -0.9635 0.1561
vn -0.0514 -0.9593 0.2778
vn -0.4685 -0.3014 0.8305
vn 0.1288 -0.837 -0.5318
vn 0.4065 -0.8288 -0.3845
vn 0.5291 -0.416 -0.7396
vn 0.4065 -0.8289 -0.3842
vn 0.1287 -0.8373 -0.5314
vn -0.0513 -0.9592 0.278
vn 0.5288 -0.4162 -0.7397
vn 0.3326 -0.4023 -0.8529
vn 0.1286 -0.837 -0.5319
vn -0.315 0.1902 0.9298
vn -0.5189 0.4799 0.7074
vn -0.519 0.4799 0.7073
vn -0.3151 0.1902 0.9298
vn -0.2092 0.9476 0.2415
vn -0.0697 -0.3503 0.934
vn -0.4684 -0.3015 0.8305
vn -0.0514 -0.9593 0.2777
vn -0.4683 -0.3015 0.8306
vn -0.0696 -0.3502 0.9341
vn -0.3149 0.1902 0.9299
vn 0.4855 0.4442 -0.753
vn 0.2669 0.3951 -0.879
vn 0.3326 -0.4025 -0.8528
vn 0.2672 0.3953 -0.8788
vn 0.4858 0.4443 -0.7527
vn 0.3756 0.8414 -0.3885
vn -0.0135 0.4737 0.8806
vn -0.0698 -0.3503 0.934
vn 0.3756 0.8414 -0.3886
vn 0.0874 0.9188 -0.3849
vn 0.2672 0.3952 -0.8789
vn 0.0875 0.9185 -0.3857
vn 0.3756 0.8411 -0.3892
vn -0.209 0.9478 0.2409
vn 0.0013 -0.4366 -0.8997
vn 0.3327 -0.4025 -0.8528
vn 0.2671 0.3951 -0.879
vn 0.3328 -0.4026 -0.8527
vn 0.0014 -0.4367 -0.8996
vn 0.1287 -0.8372 -0.5315
vn -0.0572 0.953 0.2976
vn -0.2092 0.9476 0.2415
vn -0.3149 0.1901 0.9299
vn -0.2094 0.9475 0.2415
vn -0.0575 0.953 0.2975
vn 0.0871 0.9188 -0.385
vn -0.3149 0.1901 0.9299
vn -0.0134 0.4736 0.8806
vn -0.0573 0.953 0.2975
vn -0.0389 0.3775 -0.9252
vn 0.2672 0.3948 -0.879
vn 0.0873 0.9186 -0.3853
vn 0.2671 0.3952 -0.8789
vn -0.039 0.3778 -0.9251
vn 0.0014 -0.4365 -0.8997
vn 0.1287 -0.2757 0.9526
vn 0.1287 -0.2756 0.9526
vn -0.0697 -0.3502 0.9341
vn -0.0514 -0.9592 0.2779
vn 0.0873 0.9187 -0.3851
vn -0.0742 0.9072 -0.414
vn -0.039 0.3777 -0.9251
vn -0.0742 0.9071 -0.4144
vn 0.0873 0.9186 -0.3854
vn -0.0573 0.9532 0.297
vn -0.0514 -0.9593 0.2777
vn 0.1638 -0.9484 0.2717
vn 0.1638 -0.9484 0.2716
vn -0.0514 -0.9593 0.2776
vn 0.1287 -0.8371 -0.5318
vn 0.2859 0.253 0.9242
vn 0.1288 -0.2757 0.9526
vn -0.0134 0.4739 0.8805
vn 0.2859 0.2532 0.9242
vn -0.0573 0.9531 0.2972
vn 0.5655 -0.1757 0.8058
vn 0.1287 -0.2757 0.9526
vn 0.1639 -0.9484 0.2716
vn 0.1287 -0.2758 0.9526
vn 0.5655 -0.1757 0.8058
vn 0.2859 0.2529 0.9243
vn 0.1289 -0.8372 -0.5316
vn -0.1631 -0.857 -0.4889
vn 0.1639 -0.9483 0.2719
vn -0.1633 -0.8568 -0.4891
vn 0.1287 -0.8371 -0.5317
vn 0.0014 -0.4366 -0.8997
vn 0.1637 -0.9484 0.2717
vn 0.3799 -0.9122 0.1533
vn 0.38 -0.9122 0.1532
vn 0.1639 -0.9483 0.2716
vn -0.1632 -0.8568 -0.4891
vn -0.1889 -0.3944 -0.8993
vn 0.0012 -0.4365 -0.8997
vn -0.0391 0.3778 -0.9251
vn 0.0014 -0.4365 -0.8997
vn -0.1887 -0.3944 -0.8994
vn -0.4204 0.322 -0.8483
vn -0.0742 0.9073 -0.4139
vn -0.0389 0.3777 -0.9251
vn -0.4203 0.3219 -0.8484
vn -0.1887 -0.3945 -0.8993
vn -0.1695 0.8983 -0.4054
vn -0.0743 0.9074 -0.4137
vn -0.0574 0.9529 0.2977
vn -0.0741 0.9073 -0.414
vn -0.1693 0.8982 -0.4057
vn -0.4203 0.322 -0.8483
vn -0.1889 -0.3945 -0.8993
vn -0.554 -0.357 -0.752
vn -0.1633 -0.8569 -0.4889
vn -0.5539 -0.3569 -0.7522
vn -0.1887 -0.3943 -0.8994
vn -0.4203 0.3221 -0.8483
vn -0.0574 0.953 0.2976
vn 0.073 0.964 0.2558
vn -0.1694 0.8983 -0.4054
vn 0.0731 0.9641 0.2554
vn -0.0574 0.9531 0.2973
vn 0.2858 0.2532 0.9242
vn -0.1693 0.8981 -0.4058
vn -0.4079 0.8172 -0.4072
vn -0.4203 0.3218 -0.8484
vn -0.4077 0.8175 -0.4068
vn -0.1691 0.8984 -0.4054
vn 0.0735 0.9639 0.2559
vn 0.5129 0.4987 0.6987
vn 0.2856 0.253 0.9244
vn 0.5652 -0.1757 0.806
vn 0.286 0.2532 0.9242
vn 0.5131 0.4988 0.6985
vn 0.0731 0.9641 0.2553
vn -0.7428 0.2982 -0.5994
vn -0.4205 0.3221 -0.8482
vn -0.408 0.8172 -0.407
vn -0.4202 0.3219 -0.8484
vn -0.7426 0.2981 -0.5997
vn -0.5539 -0.3571 -0.7522
vn 0.7594 0.261 0.5959
vn 0.5131 0.4987 0.6986
vn 0.5656 -0.1757 0.8058
vn 0.5134 0.4986 0.6985
vn 0.7596 0.261 0.5958
vn 0.0734 0.964 0.2554
vn 0.5654 -0.1756 0.8059
vn 0.7713 -0.3752 0.5141
vn 0.7593 0.261 0.5961
vn 0.7714 -0.3751 0.514
vn 0.3799 -0.9122 0.1534
vn -0.4769 0.8619 -0.1723
vn -0.4078 0.8173 -0.407
vn 0.0734 0.964 0.2556
vn -0.4082 0.8172 -0.4069
vn -0.4773 0.8617 -0.1721
vn -0.7429 0.2981 -0.5993
vn 0.1398 0.9765 0.1638
vn 0.0732 0.964 0.2558
vn 0.7593 0.261 0.5961
vn 0.0731 0.964 0.2555
vn 0.1399 0.9765 0.1638
vn -0.4772 0.8617 -0.1723
vn 0.7856 0.537 0.3072
vn 0.7593 0.2611 0.596
vn 0.7713 -0.3751 0.5141
vn 0.7595 0.261 0.5959
vn 0.7858 0.537 0.3069
vn 0.1401 0.9765 0.1636
vn 0.7714 -0.3751 0.5141
vn 0.9613 -0.0594 0.2691
vn 0.7857 0.537 0.3071
vn 0.9613 -0.0595 0.2691
vn 0.7714 -0.3752 0.514
vn 0.3799 -0.9123 0.1533
vn 0.7861 0.5364 0.3071
vn 0.9423 0.3332 0.0339
vn 0.1405 0.9764 0.1639
vn 0.942 0.3338 0.0339
vn -0.5277 0.8486 -0.0391
vn -0.4776 0.8615 -0.1723
vn 0.1394 0.9766 0.1638
vn 0.9613 -0.0595 0.2692
vn 0.9504 -0.3062 -0.0552
vn 0.9421 0.3337 0.034
vn -0.4772 0.8618 -0.1721
vn -0.5271 0.8489 -0.0388
vn -0.9302 0.2661 -0.253
vn -0.93 0.2661 -0.2535
vn -0.7426 0.298 -0.5998
vn -0.4771 0.8617 -0.1726
vn 0.3799 -0.9122 0.1532
vn 0.4726 -0.8744 -0.1096
vn 0.9613 -0.0593 0.269
vn 0.9502 -0.3067 -0.0552
vn 0.9612 -0.0599 0.2691
vn 0.472 -0.8747 -0.1096
vn -0.1629 -0.8571 -0.4887
vn -0.3584 -0.885 -0.2972
vn 0.3803 -0.912 0.1537
vn 0.4725 -0.8745 -0.1096
vn 0.3799 -0.9122 0.1533
vn -0.3589 -0.8847 -0.2975
vn -0.3588 -0.8847 -0.2975
vn -0.1632 -0.8569 -0.489
vn -0.5539 -0.3571 -0.7521
vn -0.7033 -0.4626 -0.5398
vn -0.554 -0.357 -0.7521
vn -0.7428 0.2981 -0.5995
vn -0.5542 -0.3567 -0.7521
vn -0.7035 -0.4622 -0.5399
vn -0.3592 -0.8845 -0.2977
vn -0.8002 -0.5193 -0.3001
vn -0.7033 -0.4626 -0.5398
vn -0.7428 0.2981 -0.5995
vn -0.7034 -0.4624 -0.5398
vn -0.8003 -0.5191 -0.3001
vn -0.3591 -0.8846 -0.2975
vn -0.7427 0.2981 -0.5996
vn -0.9301 0.266 -0.2532
vn -0.3991 -0.9156 -0.0477
vn -0.3591 -0.8846 -0.2975
vn -0.8003 -0.519 -0.3001
vn -0.3991 -0.9157 -0.0476
vn 0.4723 -0.8746 -0.1096
vn -0.8412 -0.5341 -0.0842
vn -0.8002 -0.5192 -0.3002
vn -0.8 -0.5195 -0.3002
vn -0.841 -0.5344 -0.0842
vn -0.3987 -0.9159 -0.0477
vn -0.9301 0.2661 -0.2531
vn -0.971 0.2328 0.0551
vn -0.8412 -0.5341 -0.0841
vn -0.9709 0.233 0.0551
vn -0.9301 0.2663 -0.2532
vn -0.5269 0.849 -0.0391
vn -0.841 -0.5345 -0.0841
vn -0.7835 -0.5809 0.2205
vn -0.3986 -0.9159 -0.0477
vn -0.7838 -0.5806 0.2204
vn -0.971 0.2327 0.055
vn -0.5272 0.8488 -0.039
vn -0.5213 0.8442 0.1247
vn -0.971 0.2326 0.0551
vn -0.5214 0.8441 0.1248
vn -0.5273 0.8488 -0.039
vn 0.1398 0.9765 0.1639
vn -0.9142 0.1971 0.3542
vn -0.9142 0.1972 0.3542
vn -0.9709 0.2329 0.0551
vn -0.5212 0.8443 0.1247
vn 0.1398 0.9765 0.1638
vn 0.1379 0.9877 0.0731
vn -0.5214 0.8442 0.1247
vn 0.1379 0.9877 0.0731
vn 0.942 0.3338 0.034
vn -0.5217 0.844 0.1246
vn -0.5097 0.8066 0.2994
vn -0.9143 0.1966 0.3541
vn -0.5085 0.8074 0.2994
vn -0.5206 0.8447 0.1246
vn 0.1389 0.9876 0.0728
vn -0.6935 -0.5925 0.4098
vn -0.7837 -0.5806 0.2206
vn -0.9141 0.197 0.3543
vn -0.7663 0.1628 0.6215
vn -0.9144 0.1967 0.3539
vn -0.5095 0.8067 0.2993
vn -0.9141 0.197 0.3544
vn -0.7659 0.1629 0.6219
vn -0.2876 -0.9451 0.1553
vn -0.3986 -0.9159 -0.0477
vn -0.7836 -0.5809 0.2205
vn -0.7838 -0.5807 0.2203
vn -0.6936 -0.5927 0.4094
vn -0.2878 -0.9451 0.155
vn -0.5091 0.8069 0.2996
vn -0.3985 0.8083 0.4333
vn -0.766 0.1629 0.6219
vn -0.3982 0.8084 0.4334
vn -0.5087 0.8071 0.2996
vn 0.1385 0.9877 0.0732
vn -0.4726 -0.6301 0.6161
vn -0.6937 -0.5925 0.4096
vn -0.7661 0.163 0.6217
vn -0.6937 -0.5925 0.4095
vn -0.4726 -0.6302 0.616
vn -0.2879 -0.945 0.1551
vn -0.5414 0.133 0.8302
vn -0.7661 0.1629 0.6217
vn -0.3986 0.8083 0.4332
vn -0.7659 0.1628 0.622
vn -0.5411 0.1329 0.8304
vn -0.4723 -0.6302 0.6162
vn -0.3994 -0.9155 -0.0477
vn -0.2881 -0.945 0.155
vn 0.3853 -0.8333 -0.3965
vn 0.3857 -0.8333 -0.3961
vn 0.4725 -0.8745 -0.1094
vn -0.3989 -0.9158 -0.0475
vn -0.096 -0.9651 0.2438
vn -0.2878 -0.945 0.1554
vn -0.4724 -0.6301 0.6163
vn 0.4724 -0.8745 -0.1095
vn 0.3857 -0.8332 -0.3963
vn 0.9374 0.0115 -0.3482
vn 0.9374 0.0118 -0.3479
vn 0.9505 -0.3059 -0.055
vn 0.4728 -0.8743 -0.1095
vn 0.2181 -0.7584 -0.6143
vn -0.2879 -0.945 0.1554
vn -0.2877 -0.9452 0.1546
vn -0.0958 -0.9653 0.2429
vn 0.2183 -0.7578 -0.6149
vn 0.7776 0.5967 -0.1984
vn 0.9504 -0.3062 -0.0553
vn 0.9374 0.0115 -0.3481
vn 0.7775 0.5967 -0.1985
vn 0.942 0.3338 0.034
vn 0.7775 0.5968 -0.1983
vn 0.7549 0.4106 -0.5114
vn 0.7775 0.5968 -0.1986
vn 0.9373 0.0115 -0.3483
vn 0.7775 0.5968 -0.1982
vn 0.755 0.4108 -0.5111
vn 0.1379 0.9877 0.0732
vn 0.7542 -0.2363 -0.6126
vn 0.9374 0.0112 -0.348
vn 0.3856 -0.8333 -0.3961
vn 0.9375 0.0115 -0.3478
vn 0.7544 -0.2361 -0.6125
vn 0.7552 0.4106 -0.511
vn 0.5576 -0.0566 -0.8281
vn 0.7543 -0.236 -0.6127
vn 0.3857 -0.8332 -0.3963
vn 0.3858 -0.8332 -0.3961
vn 0.2181 -0.7584 -0.6143
vn 0.5578 -0.0567 -0.828
vn 0.4784 0.6493 -0.5912
vn 0.755 0.4107 -0.5112
vn 0.7543 -0.236 -0.6127
vn 0.7542 -0.236 -0.6127
vn 0.5576 -0.0566 -0.8282
vn 0.4783 0.6493 -0.5913
vn 0.0968 0.9951 0.02
vn 0.1384 0.9877 0.0732
vn 0.7553 0.4107 -0.5107
vn 0.755 0.4104 -0.5115
vn 0.4783 0.6491 -0.5915
vn 0.097 0.9951 0.0192
vn 0.1379 0.9878 0.0729
vn 0.0969 0.9951 0.0193
vn -0.3987 0.8084 0.4331
vn 0.288 0.4746 -0.8317
vn 0.4786 0.6492 -0.5912
vn 0.5579 -0.0567 -0.828
vn 0.4785 0.6493 -0.5911
vn 0.2879 0.4747 -0.8317
vn 0.097 0.9951 0.0197
vn 0.2573 -0.0838 -0.9627
vn 0.5578 -0.0568 -0.828
vn 0.2182 -0.7584 -0.6142
vn 0.5575 -0.0566 -0.8282
vn 0.257 -0.0837 -0.9628
vn 0.2876 0.4747 -0.8319
vn -0.2798 0.7674 0.5768
vn -0.3983 0.8085 0.4332
vn 0.0973 0.9951 0.0194
vn -0.3987 0.8082 0.4334
vn -0.2801 0.7672 0.577
vn -0.5413 0.1327 0.8303
vn 0.218 -0.7584 -0.6142
vn 0.0044 -0.8146 -0.58
vn 0.2571 -0.0839 -0.9627
vn 0.0045 -0.8144 -0.5803
vn 0.2181 -0.7581 -0.6146
vn -0.0962 -0.9651 0.2434
vn 0.0171 0.6852 -0.7281
vn 0.2877 0.4747 -0.8318
vn 0.2571 -0.0836 -0.9627
vn -0.0527 -0.0629 -0.9966
vn 0.2572 -0.0837 -0.9627
vn 0.0046 -0.8145 -0.5802
vn 0.2573 -0.0836 -0.9627
vn -0.0526 -0.0628 -0.9966
vn 0.0173 0.6853 -0.728
vn 0.0545 0.9985 0.0075
vn 0.0971 0.9951 0.0194
vn 0.2879 0.4745 -0.8319
vn 0.2878 0.4745 -0.8319
vn 0.0171 0.6851 -0.7283
vn 0.0544 0.9985 0.0074
vn -0.1019 0.7794 0.6182
vn -0.28 0.7675 0.5767
vn 0.0971 0.9951 0.0192
vn 0.097 0.9951 0.0195
vn 0.0545 0.9985 0.0076
vn -0.1019 0.7792 0.6184
vn -0.2602 0.1066 0.9596
vn -0.2801 0.7672 0.5771
vn -0.2799 0.7673 0.577
vn -0.1018 0.7792 0.6185
vn -0.2601 0.1068 0.9597
vn -0.2902 -0.6395 0.7119
vn -0.4724 -0.6302 0.6162
vn -0.5413 0.1328 0.8303
vn -0.5413 0.1329 0.8303
vn -0.2603 0.1068 0.9596
vn -0.2903 -0.6395 0.7119
vn -0.4724 -0.6302 0.6162
vn -0.2902 -0.6395 0.712
vn -0.0959 -0.9651 0.2437
vn 0.0025 -0.6625 0.7491
vn -0.2902 -0.6393 0.7121
vn -0.2601 0.1069 0.9596
vn -0.2903 -0.6394 0.712
vn 0.0025 -0.6626 0.749
vn -0.0961 -0.9651 0.2437
vn 0.0479 0.0868 0.9951
vn -0.2602 0.1066 0.9597
vn -0.1019 0.779 0.6187
vn -0.2602 0.1067 0.9596
vn 0.0479 0.0869 0.9951
vn 0.0025 -0.6626 0.7489
vn -0.1019 0.7792 0.6184
vn 0.0878 0.738 0.6691
vn 0.0479 0.0871 0.995
vn 0.0877 0.738 0.6691
vn -0.102 0.7792 0.6184
vn 0.0544 0.9985 0.0075
vn 0.2029 -0.6673 0.7166
vn 0.0479 0.087 0.9951
vn 0.3535 0.0725 0.9326
vn 0.048 0.087 0.9951
vn 0.0878 0.7379 0.6692
vn 0.0481 0.0868 0.9951
vn 0.3536 0.0724 0.9326
vn 0.203 -0.6674 0.7165
vn 0.2631 0.7621 0.5915
vn 0.0878 0.7378 0.6693
vn 0.0545 0.9985 0.0077
vn 0.0879 0.7378 0.6693
vn 0.2632 0.7621 0.5915
vn 0.3535 0.0724 0.9326
vn 0.0026 -0.6624 0.7491
vn 0.203 -0.6672 0.7167
vn 0.0803 -0.9754 0.2052
vn 0.0802 -0.9755 0.2051
vn -0.0961 -0.9651 0.2437
vn 0.0025 -0.6625 0.749
vn 0.4541 -0.676 0.5803
vn 0.2026 -0.6671 0.7169
vn 0.4539 -0.6759 0.5806
vn 0.08 -0.9754 0.2054
vn -0.1696 -0.7234 -0.6692
vn 0.0046 -0.8146 -0.58
vn -0.0961 -0.9651 0.2438
vn -0.0961 -0.9653 0.2429
vn 0.0803 -0.9756 0.2045
vn -0.1694 -0.723 -0.6698
vn -0.1696 -0.7233 -0.6693
vn -0.0527 -0.063 -0.9966
vn 0.3535 0.0726 0.9326
vn 0.6249 0.0645 0.7781
vn 0.4543 -0.6759 0.5803
vn 0.6249 0.0643 0.778
vn 0.3536 0.0725 0.9326
vn 0.2632 0.7622 0.5914
vn -0.3584 -0.0486 -0.9323
vn -0.0526 -0.063 -0.9966
vn -0.1696 -0.7233 -0.6694
vn 0.263 0.7622 0.5915
vn 0.4577 0.7214 0.5197
vn 0.6247 0.0644 0.7782
vn -0.1696 -0.7234 -0.6693
vn -0.324 -0.7996 -0.5056
vn -0.3584 -0.0487 -0.9323
vn -0.3241 -0.7995 -0.5057
vn -0.1698 -0.7232 -0.6694
vn 0.08 -0.9755 0.2049
vn -0.0527 -0.0631 -0.9966
vn -0.2676 0.5177 -0.8126
vn 0.0172 0.6851 -0.7282
vn 0.0172 0.6852 -0.7282
vn -0.2676 0.5177 -0.8126
vn 0.0546 0.9985 0.0078
vn 0.0353 0.9993 0.0151
vn 0.2632 0.762 0.5916
vn 0.0351 0.9993 0.0145
vn 0.0544 0.9985 0.0071
vn -0.2676 0.5174 -0.8129
vn 0.4578 0.7215 0.5195
vn 0.2631 0.7623 0.5913
vn 0.0351 0.9993 0.0147
vn -0.4245 0.7024 -0.5713
vn -0.2675 0.5176 -0.8127
vn -0.2677 0.5177 -0.8126
vn -0.4246 0.7025 -0.5711
vn 0.0351 0.9993 0.015
vn -0.6297 -0.0398 -0.7759
vn -0.3586 -0.0488 -0.9322
vn -0.3241 -0.7997 -0.5054
vn -0.3582 -0.0488 -0.9324
vn -0.6294 -0.0397 -0.7761
vn -0.4244 0.7024 -0.5715
vn -0.5337 -0.7035 -0.4694
vn -0.3238 -0.7997 -0.5056
vn 0.0803 -0.9755 0.205
vn -0.324 -0.7997 -0.5054
vn -0.5338 -0.7035 -0.4692
vn -0.6296 -0.0397 -0.7759
vn -0.6932 0.5421 -0.475
vn -0.4247 0.7025 -0.5711
vn -0.6298 -0.0396 -0.7758
vn -0.4243 0.7026 -0.5712
vn -0.6929 0.5423 -0.4753
vn 0.0354 0.9993 0.015
vn -0.8442 -0.0077 -0.536
vn -0.6295 -0.0395 -0.776
vn -0.5337 -0.7034 -0.4695
vn -0.6294 -0.0395 -0.776
vn -0.8442 -0.0078 -0.536
vn -0.6929 0.5422 -0.4753
vn 0.1872 -0.9783 0.0884
vn -0.5336 -0.7035 -0.4694
vn 0.187 -0.9784 0.0883
vn 0.0801 -0.9755 0.205
vn 0.4542 -0.6761 0.5802
vn -0.5338 -0.7035 -0.4693
vn -0.622 -0.762 -0.1804
vn -0.8443 -0.0079 -0.5359
vn -0.6219 -0.762 -0.1804
vn -0.5337 -0.7035 -0.4693
vn 0.1871 -0.9784 0.0884
vn -0.6807 0.7058 -0.1963
vn -0.693 0.5422 -0.4751
vn -0.8443 -0.0078 -0.5357
vn -0.9733 -0.0545 -0.223
vn -0.8443 -0.0078 -0.5358
vn -0.8443 -0.0079 -0.5358
vn -0.9733 -0.0545 -0.2229
vn -0.6807 0.7058 -0.1964
vn 0.0374 0.9992 0.0123
vn 0.0352 0.9993 0.0149
vn -0.6931 0.5421 -0.4752
vn -0.6932 0.5418 -0.4753
vn -0.6808 0.7056 -0.1965
vn 0.0371 0.9992 0.0121
vn -0.8296 0.5573 0.0324
vn -0.6805 0.7059 -0.1964
vn -0.9733 -0.0544 -0.223
vn -0.6806 0.7059 -0.1964
vn -0.8297 0.5573 0.0323
vn 0.0375 0.9992 0.0122
vn -0.9972 -0.0586 0.0465
vn -0.9733 -0.0547 -0.2231
vn -0.6218 -0.7621 -0.1805
vn -0.9733 -0.0547 -0.223
vn -0.9972 -0.0586 0.0466
vn -0.8298 0.5571 0.0324
vn -0.6221 -0.7619 -0.1805
vn -0.6772 -0.7358 0.0081
vn -0.9972 -0.0583 0.0465
vn -0.6771 -0.7358 0.0082
vn -0.622 -0.7619 -0.1804
vn 0.187 -0.9784 0.0884
vn -0.6675 0.7047 0.2404
vn -0.8297 0.5573 0.0323
vn -0.9972 -0.0584 0.0465
vn 0.454 -0.6761 0.5803
vn 0.5922 -0.6772 0.4366
vn 0.1868 -0.9784 0.0884
vn 0.5927 -0.677 0.4364
vn 0.4546 -0.6759 0.5801
vn 0.6251 0.0645 0.7779
vn -0.9972 -0.0584 0.0466
vn -0.9311 -0.0622 0.3594
vn -0.6675 0.7047 0.2405
vn -0.9311 -0.0623 0.3594
vn -0.6771 -0.7359 0.0081
vn 0.6247 0.0645 0.7782
vn 0.8353 0.06 0.5466
vn 0.5924 -0.677 0.4368
vn 0.8353 0.06 0.5465
vn 0.6248 0.0645 0.7781
vn 0.4577 0.7215 0.5196
vn 0.5925 -0.677 0.4367
vn 0.7132 -0.6755 0.1874
vn 0.1871 -0.9783 0.0884
vn 0.7132 -0.6754 0.1875
vn 0.5925 -0.677 0.4367
vn 0.8354 0.06 0.5464
vn 0.5558 0.7571 0.3433
vn 0.4579 0.7215 0.5194
vn 0.0354 0.9993 0.0147
vn 0.4577 0.7214 0.5197
vn 0.5556 0.7571 0.3436
vn 0.8353 0.0598 0.5465
vn 0.0352 0.9993 0.0148
vn 0.0375 0.9992 0.0121
vn 0.5557 0.7572 0.3434
vn 0.8354 0.06 0.5463
vn 0.9638 0.0594 0.2598
vn 0.7132 -0.6755 0.1873
vn 0.9638 0.0592 0.2599
vn 0.8354 0.0598 0.5464
vn 0.5557 0.7571 0.3435
vn 0.197 -0.9797 -0.0375
vn 0.7131 -0.6755 0.1875
vn 0.1869 -0.9784 0.0883
vn 0.1969 -0.9797 -0.0375
vn -0.6772 -0.7358 0.0082
vn 0.7367 -0.6762 -0.0064
vn 0.713 -0.6756 0.1874
vn 0.7368 -0.6761 -0.0066
vn 0.1972 -0.9796 -0.0376
vn 0.5555 0.7572 0.3434
vn 0.6782 0.7162 0.1643
vn 0.9638 0.0594 0.2599
vn 0.6785 0.7161 0.1641
vn 0.5557 0.7572 0.3433
vn 0.0377 0.9992 0.0121
vn 0.9638 0.0593 0.2599
vn 0.9968 0.0598 -0.0526
vn 0.7367 -0.6761 -0.0065
vn 0.9968 0.0599 -0.0527
vn 0.9638 0.0595 0.2598
vn 0.6782 0.7163 0.1642
vn 0.6484 0.76 -0.0444
vn 0.6777 0.7167 0.1644
vn 0.0367 0.9992 0.0124
vn 0.6784 0.7161 0.1642
vn 0.6491 0.7594 -0.0446
vn 0.9968 0.0595 -0.0527
vn 0.0359 0.9992 -0.016
vn 0.0375 0.9992 0.0122
vn 0.0376 0.9992 0.0123
vn 0.036 0.9992 -0.0159
vn 0.6491 0.7594 -0.0445
vn -0.8296 0.5574 0.0324
vn -0.6674 0.7048 0.2405
vn 0.0361 0.9992 -0.0158
vn 0.6909 -0.671 -0.269
vn 0.7367 -0.6761 -0.0064
vn 0.7364 -0.6766 -0.0065
vn 0.6905 -0.6714 -0.2691
vn 0.1965 -0.9798 -0.0375
vn 0.9312 0.0593 -0.3597
vn 0.9968 0.0596 -0.0526
vn 0.6491 0.7594 -0.0445
vn 0.9968 0.0597 -0.0528
vn 0.9311 0.0594 -0.36
vn 0.6908 -0.6711 -0.2692
vn 0.6458 0.7136 -0.2716
vn 0.6488 0.7596 -0.0448
vn 0.0357 0.9992 -0.0161
vn 0.6489 0.7595 -0.0446
vn 0.6458 0.7136 -0.2714
vn 0.9311 0.0594 -0.3599
vn -0.6675 0.7047 0.2405
vn -0.6459 0.5737 0.5037
vn 0.0359 0.9992 -0.0159
vn -0.6459 0.5737 0.5037
vn 0.4888 0.76 -0.4283
vn 0.6466 0.713 -0.2712
vn 0.0367 0.9992 -0.0158
vn -0.6771 -0.7359 0.0082
vn -0.6428 -0.7034 0.3035
vn -0.9311 -0.0622 0.3595
vn -0.6428 -0.7034 0.3034
vn -0.6771 -0.7359 0.0081
vn 0.197 -0.9797 -0.0376
vn 0.7728 0.0569 -0.632
vn 0.9312 0.0593 -0.3598
vn 0.6459 0.7136 -0.2713
vn 0.4882 0.7603 -0.4285
vn 0.7728 0.0569 -0.6321
vn -0.7727 -0.0577 0.6321
vn -0.6428 -0.7034 0.3034
vn -0.7726 -0.0577 0.6322
vn -0.6459 0.5736 0.5038
vn -0.5403 -0.7261 0.4252
vn -0.6425 -0.7034 0.304
vn 0.1975 -0.9796 -0.0373
vn -0.6429 -0.7033 0.3034
vn -0.5408 -0.7261 0.4247
vn 0.931 0.0592 -0.3601
vn 0.7727 0.0568 -0.6322
vn 0.5958 -0.6754 -0.4346
vn 0.5962 -0.6752 -0.4343
vn 0.6909 -0.6711 -0.2689
vn 0.9312 0.0595 -0.3596
vn 0.1433 -0.9819 -0.1236
vn 0.1971 -0.9797 -0.0374
vn 0.6909 -0.6711 -0.269
vn 0.6906 -0.6711 -0.2695
vn 0.5958 -0.6752 -0.4349
vn 0.143 -0.9819 -0.1242
vn 0.1967 -0.9797 -0.0375
vn 0.143 -0.982 -0.1237
vn -0.5409 -0.7259 0.4247
vn 0.4124 -0.6739 -0.613
vn 0.5959 -0.6754 -0.4345
vn 0.7727 0.0567 -0.6322
vn 0.5962 -0.6753 -0.4342
vn 0.4128 -0.6739 -0.6127
vn 0.1434 -0.9819 -0.1234
vn 0.5379 0.0503 -0.8415
vn 0.7728 0.0567 -0.6321
vn 0.4883 0.7602 -0.4285
vn 0.7731 0.057 -0.6318
vn 0.5382 0.0503 -0.8413
vn 0.4129 -0.6738 -0.6128
vn 0.0358 0.9992 -0.016
vn 0.0042 0.9984 -0.0571
vn 0.4881 0.7603 -0.4286
vn 0.0043 0.9984 -0.0566
vn 0.0365 0.9992 -0.0158
vn -0.6455 0.5737 0.5042
vn 0.4881 0.7603 -0.4285
vn 0.3493 0.7051 -0.6171
vn 0.5377 0.0505 -0.8416
vn 0.3493 0.7049 -0.6174
vn 0.488 0.7603 -0.4287
vn 0.0041 0.9983 -0.0573
vn -0.3949 0.7137 0.5786
vn -0.6459 0.5737 0.5037
vn -0.7727 -0.0577 0.6322
vn -0.6457 0.5737 0.5039
vn -0.3947 0.7137 0.5787
vn 0.0045 0.9984 -0.0569
vn -0.5262 -0.0588 0.8484
vn -0.7725 -0.0577 0.6324
vn -0.5405 -0.7262 0.425
vn -0.7728 -0.0578 0.632
vn -0.5266 -0.0589 0.8481
vn -0.3952 0.7135 0.5786
vn -0.325 -0.6978 0.6383
vn -0.5407 -0.726 0.425
vn 0.1433 -0.9819 -0.1235
vn -0.5409 -0.7261 0.4246
vn -0.3253 -0.698 0.638
vn -0.5266 -0.0587 0.8481
vn -0.1548 0.6546 0.74
vn -0.3951 0.7136 0.5785
vn -0.5266 -0.0586 0.8481
vn -0.3949 0.7134 0.5789
vn -0.1546 0.6543 0.7402
vn 0.0043 0.9984 -0.0568
vn -0.299 -0.1128 0.9476
vn -0.5264 -0.0589 0.8482
vn -0.325 -0.6981 0.638
vn -0.2992 -0.1125 0.9475
vn -0.1547 0.6546 0.7399
vn -0.1664 -0.7072 0.6872
vn -0.3251 -0.6983 0.6377
vn 0.1432 -0.9819 -0.1241
vn -0.325 -0.6978 0.6383
vn -0.1662 -0.7066 0.6878
vn -0.2988 -0.1124 0.9477
vn 0.0766 -0.9852 -0.1533
vn 0.1432 -0.9819 -0.1237
vn 0.4126 -0.6738 -0.613
vn 0.1433 -0.9819 -0.1237
vn 0.0766 -0.9852 -0.1532
vn -0.1662 -0.7068 0.6876
vn 0.242 -0.686 -0.6861
vn 0.4126 -0.6738 -0.613
vn 0.5379 0.0504 -0.8415
vn 0.4125 -0.6738 -0.6131
vn 0.2419 -0.6861 -0.6861
vn 0.0764 -0.9852 -0.1534
vn 0.0929 -0.1147 0.989
vn -0.299 -0.1127 0.9476
vn -0.1663 -0.7069 0.6875
vn -0.2989 -0.1126 0.9476
vn 0.093 -0.1146 0.9891
vn -0.1545 0.6545 0.7401
vn 0.5378 0.0504 -0.8416
vn 0.2485 0.0376 -0.9679
vn 0.242 -0.6861 -0.6861
vn 0.2485 0.0377 -0.9679
vn 0.3495 0.705 -0.6171
vn 0.242 -0.6856 -0.6866
vn 0.0004 -0.6906 -0.7233
vn 0.0766 -0.9851 -0.1541
vn 0.0005 -0.6911 -0.7227
vn 0.2421 -0.6862 -0.686
vn 0.2485 0.0375 -0.9679
vn 0.1962 -0.6447 0.7388
vn 0.0765 -0.9852 -0.1533
vn -0.1664 -0.7067 0.6877
vn 0.1962 -0.6446 0.7389
vn 0.0928 -0.1145 0.9891
vn 0.3494 0.7051 -0.6171
vn 0.1179 0.7492 -0.6518
vn 0.2484 0.0377 -0.9679
vn 0.1181 0.749 -0.6519
vn 0.3496 0.7049 -0.6172
vn 0.0044 0.9984 -0.0572
vn -0.0647 0.0194 -0.9977
vn 0.0004 -0.6911 -0.7228
vn -0.0647 0.0195 -0.9977
vn 0.2485 0.0378 -0.9679
vn 0.118 0.7492 -0.6518
vn 0.0338 -0.9903 -0.1347
vn 0.0765 -0.9852 -0.1531
vn 0.0004 -0.6912 -0.7226
vn 0.0764 -0.9853 -0.153
vn 0.0337 -0.9903 -0.1347
vn 0.1961 -0.6445 0.739
vn -0.1747 -0.7117 -0.6804
vn 0.0004 -0.691 -0.7228
vn -0.0646 0.0195 -0.9977
vn 0.0002 -0.6909 -0.7229
vn -0.175 -0.7116 -0.6805
vn 0.0336 -0.9903 -0.1351
vn 0.118 0.7491 -0.6519
vn -0.1131 0.6807 -0.7238
vn -0.0647 0.0193 -0.9977
vn 0.0043 0.9984 -0.0569
vn -0.0729 0.993 -0.0929
vn 0.118 0.7492 -0.6518
vn -0.113 0.6807 -0.7238
vn 0.1181 0.749 -0.652
vn -0.0728 0.993 -0.0932
vn -0.0729 0.993 -0.0928
vn 0.0042 0.9984 -0.0568
vn -0.3485 0.0173 -0.9372
vn -0.0648 0.0193 -0.9977
vn -0.0647 0.0192 -0.9977
vn -0.3484 0.0172 -0.9372
vn -0.1748 -0.7119 -0.6802
vn -0.396 0.6747 -0.6229
vn -0.113 0.6804 -0.724
vn -0.0728 0.993 -0.0934
vn -0.1132 0.6806 -0.7239
vn -0.3961 0.6748 -0.6227
vn -0.1545 0.6544 0.7402
vn 0.2667 0.6979 0.6647
vn -0.0728 0.993 -0.0928
vn 0.2666 0.698 0.6646
vn -0.1545 0.6546 0.74
vn 0.0929 -0.1145 0.9891
vn -0.3809 -0.7241 -0.575
vn -0.175 -0.7117 -0.6803
vn -0.3486 0.0173 -0.9371
vn -0.1745 -0.7117 -0.6805
vn -0.3804 -0.7241 -0.5752
vn 0.0342 -0.9902 -0.1351
vn 0.3255 0.018 0.9454
vn 0.0929 -0.1144 0.9891
vn 0.1962 -0.6446 0.739
vn 0.3256 0.0177 0.9453
vn 0.2667 0.6979 0.6647
vn 0.5196 -0.6845 0.5114
vn 0.1962 -0.6446 0.7389
vn 0.0338 -0.9903 -0.1348
vn 0.1963 -0.6447 0.7388
vn 0.5197 -0.6845 0.5113
vn 0.3257 0.0178 0.9453
vn -0.3483 0.0175 -0.9372
vn -0.6443 0.0118 -0.7647
vn -0.3808 -0.724 -0.5752
vn -0.3483 0.0173 -0.9372
vn -0.396 0.6749 -0.6227
vn 0.7041 -0.0468 0.7085
vn 0.3256 0.0178 0.9453
vn 0.5196 -0.6845 0.5113
vn 0.3257 0.0179 0.9453
vn 0.7042 -0.0467 0.7085
vn 0.2667 0.6981 0.6645
vn -0.0729 0.993 -0.0931
vn -0.205 0.9748 -0.0876
vn -0.3961 0.6748 -0.6227
vn -0.2049 0.9749 -0.0873
vn -0.0729 0.993 -0.0927
vn 0.2666 0.6978 0.6648
vn -0.3961 0.675 -0.6225
vn -0.6386 0.6481 -0.415
vn -0.6444 0.0119 -0.7646
vn -0.6388 0.6478 -0.415
vn -0.3963 0.6748 -0.6225
vn -0.2052 0.9748 -0.0874
vn 0.5057 0.7834 0.3613
vn 0.2665 0.6981 0.6645
vn 0.704 -0.0467 0.7086
vn 0.5059 0.7832 0.3615
vn -0.2049 0.9749 -0.0874
vn 0.7906 0.0897 0.6057
vn 0.7041 -0.0468 0.7085
vn 0.5196 -0.6846 0.5113
vn 0.7038 -0.0468 0.7088
vn 0.7904 0.0897 0.606
vn 0.5056 0.7834 0.3616
vn 0.5195 -0.6846 0.5114
vn 0.7024 -0.6818 0.2041
vn 0.7906 0.0896 0.6058
vn 0.7025 -0.6818 0.2041
vn 0.5196 -0.6846 0.5113
vn 0.0338 -0.9903 -0.135
vn 0.7906 0.0895 0.6057
vn 0.9772 0.093 0.1907
vn 0.5059 0.7832 0.3614
vn 0.9772 0.0931 0.1906
vn 0.7907 0.0898 0.6056
vn 0.7026 -0.6817 0.204
vn 0.0403 -0.992 -0.1195
vn 0.034 -0.9903 -0.1348
vn -0.3807 -0.7242 -0.575
vn 0.0339 -0.9903 -0.1348
vn 0.0402 -0.992 -0.1195
vn 0.7025 -0.6817 0.2042
vn -0.4986 -0.7482 -0.4377
vn -0.381 -0.7239 -0.5751
vn -0.6445 0.012 -0.7645
vn -0.3808 -0.7241 -0.575
vn -0.4984 -0.7484 -0.4376
vn 0.0401 -0.992 -0.1196
vn -0.8556 -0.0345 -0.5165
vn -0.6446 0.0118 -0.7645
vn -0.6387 0.648 -0.415
vn -0.6445 0.0118 -0.7645
vn -0.8555 -0.0346 -0.5167
vn -0.4984 -0.7484 -0.4377
vn -0.7829 0.5887 -0.2013
vn -0.6384 0.6482 -0.4151
vn -0.2047 0.9749 -0.0875
vn -0.6388 0.6478 -0.4152
vn -0.7833 0.5882 -0.2013
vn -0.8555 -0.0348 -0.5167
vn -0.1887 0.9808 0.049
vn 0.5056 0.7834 0.3615
vn -0.2051 0.9748 -0.0875
vn -0.1886 0.9808 0.049
vn -0.7832 0.5883 -0.2013
vn -0.614 -0.7594 -0.2152
vn -0.4984 -0.7484 -0.4376
vn -0.8555 -0.0346 -0.5166
vn -0.4982 -0.7484 -0.4378
vn -0.6138 -0.7595 -0.2155
vn 0.0403 -0.992 -0.1197
vn -0.9553 -0.1136 -0.2728
vn -0.8556 -0.0345 -0.5166
vn -0.7832 0.5884 -0.2011
vn -0.8556 -0.0343 -0.5166
vn -0.9554 -0.1132 -0.2727
vn -0.6142 -0.7592 -0.2153
vn -0.9847 -0.174 -0.0093
vn -0.9553 -0.1135 -0.2729
vn -0.7831 0.5884 -0.2013
vn -0.9847 -0.174 -0.0092
vn -0.8009 0.5915 0.0936
vn -0.8008 0.5915 0.0936
vn -0.2638 0.9478 0.1789
vn -0.1885 0.9809 0.049
vn 0.5059 0.7833 0.3613
vn -0.1884 0.9809 0.0491
vn -0.2639 0.9478 0.179
vn -0.8007 0.5916 0.0937
vn -0.6556 -0.755 0.0159
vn -0.614 -0.7593 -0.2154
vn -0.9847 -0.1738 -0.0093
vn -0.9041 -0.2228 0.3645
vn -0.9847 -0.174 -0.0094
vn -0.8008 0.5916 0.0935
vn -0.9847 -0.1741 -0.0092
vn -0.904 -0.2228 0.3648
vn -0.6554 -0.7551 0.016
vn -0.7592 0.558 0.3351
vn -0.8008 0.5916 0.0935
vn -0.264 0.9478 0.1789
vn -0.8008 0.5916 0.0936
vn -0.7591 0.558 0.3353
vn -0.9041 -0.2228 0.3647
vn -0.6138 -0.7595 -0.2152
vn -0.6553 -0.7552 0.016
vn 0.0633 -0.9883 -0.1389
vn 0.0631 -0.9883 -0.139
vn -0.614 -0.7594 -0.2153
vn -0.5685 -0.7651 0.3024
vn -0.6554 -0.7551 0.016
vn -0.904 -0.2228 0.3647
vn -0.6552 -0.7553 0.0159
vn -0.5683 -0.7652 0.3023
vn 0.0634 -0.9883 -0.139
vn -0.6661 0.4973 0.5558
vn -0.6661 0.4974 0.5558
vn -0.7591 0.558 0.3352
vn -0.9042 -0.2227 0.3646
vn -0.6574 -0.2905 0.6953
vn -0.5687 -0.765 0.3023
vn -0.6574 -0.2906 0.6953
vn -0.9041 -0.2228 0.3646
vn -0.6662 0.4973 0.5558
vn 0.5057 0.7834 0.3614
vn 0.5281 0.8481 0.044
vn -0.2639 0.9478 0.1789
vn 0.5281 0.848 0.0441
vn 0.5058 0.7833 0.3615
vn 0.9772 0.093 0.1908
vn -0.2637 0.9479 0.1788
vn -0.1734 0.9234 0.3424
vn -0.666 0.4975 0.5558
vn -0.1739 0.9233 0.3425
vn -0.2643 0.9477 0.179
vn 0.5278 0.8482 0.0441
vn -0.6661 0.4974 0.5558
vn -0.4258 0.4759 0.7696
vn -0.6573 -0.2905 0.6954
vn -0.4259 0.4754 0.7698
vn -0.6661 0.4971 0.5561
vn -0.1737 0.9232 0.3429
vn 0.9772 0.0931 0.1908
vn 0.9788 0.1798 0.0981
vn 0.5281 0.8481 0.044
vn 0.9788 0.1797 0.0981
vn 0.7025 -0.6818 0.2042
vn -0.4684 -0.2879 0.8353
vn -0.6575 -0.2906 0.6952
vn -0.426 0.4758 0.7695
vn 0.744 -0.6308 -0.2206
vn 0.7441 -0.6306 -0.2206
vn 0.7026 -0.6817 0.2042
vn 0.0404 -0.992 -0.1196
vn 0.7442 -0.6305 -0.2206
vn 0.9789 0.1796 0.098
vn 0.9016 0.1691 -0.3982
vn 0.5282 0.848 0.044
vn 0.9016 0.169 -0.3982
vn 0.9789 0.1795 0.098
vn 0.7439 -0.6309 -0.2206
vn 0.3963 0.8877 -0.2343
vn 0.5283 0.8479 0.0441
vn 0.9017 0.169 -0.3979
vn 0.5282 0.848 0.044
vn 0.3963 0.8876 -0.2345
vn -0.1734 0.9234 0.3425
vn 0.8295 0.1799 -0.5287
vn 0.9016 0.1692 -0.3982
vn 0.744 -0.6307 -0.2206
vn 0.9015 0.1694 -0.3982
vn 0.8295 0.1802 -0.5286
vn 0.396 0.8878 -0.2344
vn 0.6864 -0.4785 -0.5477
vn 0.7441 -0.6307 -0.2205
vn 0.0632 -0.9883 -0.1389
vn 0.7441 -0.6307 -0.2205
vn 0.6863 -0.4786 -0.5476
vn 0.8296 0.1799 -0.5285
vn -0.2251 0.4655 0.8559
vn -0.4258 0.4757 0.7697
vn -0.1735 0.9233 0.3427
vn -0.4259 0.4758 0.7696
vn -0.2252 0.4658 0.8558
vn -0.4682 -0.2879 0.8354
vn 0.5333 0.1742 -0.8278
vn 0.8294 0.18 -0.5288
vn 0.6861 -0.4786 -0.5479
vn 0.8296 0.1799 -0.5286
vn 0.5335 0.1742 -0.8276
vn 0.3963 0.8877 -0.2344
vn -0.0039 -0.9903 -0.1385
vn 0.6862 -0.4785 -0.5478
vn -0.0038 -0.9904 -0.1384
vn -0.5685 -0.765 0.3024
vn 0.6865 -0.4786 -0.5475
vn 0.4169 -0.4515 -0.7889
vn 0.5337 0.1742 -0.8275
vn 0.4168 -0.4512 -0.7891
vn 0.6864 -0.4784 -0.5477
vn -0.0038 -0.9904 -0.1385
vn -0.2395 -0.8239 0.5137
vn -0.5685 -0.765 0.3025
vn -0.6572 -0.2906 0.6954
vn -0.5689 -0.765 0.3019
vn -0.2399 -0.8242 0.513
vn -0.0041 -0.9903 -0.1389
vn -0.6573 -0.2906 0.6954
vn -0.4681 -0.288 0.8354
vn -0.2395 -0.8239 0.5136
vn 0.3414 0.242 -0.9082
vn 0.5334 0.1742 -0.8277
vn 0.4167 -0.4515 -0.789
vn -0.468 -0.2879 0.8355
vn -0.1099 -0.344 0.9325
vn -0.2395 -0.8239 0.5137
vn -0.1104 -0.3441 0.9324
vn -0.4684 -0.288 0.8352
vn -0.2254 0.4657 0.8558
vn 0.2505 -0.4061 -0.8788
vn 0.4166 -0.4512 -0.7892
vn -0.0039 -0.9903 -0.1387
vn 0.4169 -0.4514 -0.789
vn 0.2507 -0.4064 -0.8786
vn 0.3416 0.2421 -0.9081
vn -0.0458 -0.9823 -0.1814
vn -0.0039 -0.9904 -0.1381
vn -0.2396 -0.8237 0.5139
vn -0.0039 -0.9904 -0.1384
vn -0.0459 -0.9823 -0.1817
vn 0.2506 -0.4063 -0.8787
vn 0.5336 0.1744 -0.8275
vn 0.3416 0.2423 -0.9081
vn 0.143 0.9182 -0.3694
vn 0.1428 0.9181 -0.3699
vn 0.3961 0.8878 -0.2345
vn 0.5333 0.1743 -0.8278
vn -0.0642 0.2348 -0.9699
vn 0.3414 0.2422 -0.9082
vn 0.2505 -0.4063 -0.8787
vn 0.3415 0.2422 -0.9081
vn -0.0641 0.2349 -0.9699
vn 0.143 0.9182 -0.3695
vn 0.0228 0.9017 0.4318
vn -0.1738 0.9233 0.3425
vn 0.3961 0.8878 -0.2345
vn 0.3965 0.8877 -0.2341
vn 0.1433 0.9182 -0.3694
vn 0.0233 0.9014 0.4324
vn -0.1735 0.9234 0.3423
vn 0.0229 0.9017 0.4317
vn -0.2252 0.466 0.8556
vn -0.1152 -0.4089 -0.9053
vn -0.0641 0.2347 -0.9699
vn -0.1153 -0.4088 -0.9053
vn 0.2506 -0.4062 -0.8788
vn -0.046 -0.9823 -0.1817
vn 0.0912 0.4303 0.8981
vn -0.225 0.4658 0.8558
vn 0.023 0.9016 0.4319
vn -0.2251 0.4657 0.8558
vn 0.0912 0.4302 0.8981
vn -0.1101 -0.3442 0.9324
vn -0.3347 0.3697 -0.8667
vn -0.0643 0.2348 -0.9699
vn -0.1154 -0.409 -0.9052
vn 0.121 -0.3327 0.9352
vn -0.1101 -0.3441 0.9325
vn 0.0911 0.4303 0.8981
vn -0.1153 -0.4087 -0.9054
vn -0.2719 -0.3671 -0.8895
vn -0.3345 0.37 -0.8667
vn -0.272 -0.3672 -0.8895
vn -0.1153 -0.4088 -0.9053
vn 0.1273 -0.8484 0.5138
vn -0.2396 -0.8239 0.5135
vn -0.1101 -0.3441 0.9324
vn 0.1273 -0.8482 0.5142
vn -0.0459 -0.9824 -0.1813
vn -0.1101 -0.3445 0.9323
vn 0.121 -0.3332 0.9351
vn 0.1273 -0.8486 0.5135
vn -0.0458 -0.9823 -0.1816
vn -0.1423 -0.9728 -0.1825
vn -0.272 -0.3673 -0.8894
vn -0.1423 -0.9728 -0.1828
vn -0.0458 -0.9823 -0.1818
vn 0.3072 0.4323 0.8478
vn 0.1211 -0.3327 0.9352
vn 0.307 0.4319 0.8481
vn 0.0909 0.4298 0.8983
vn 0.0228 0.9014 0.4324
vn 0.1207 -0.3327 0.9353
vn 0.4624 -0.3733 0.8043
vn 0.1271 -0.8483 0.514
vn 0.4626 -0.3734 0.8041
vn 0.1211 -0.3328 0.9352
vn 0.0229 0.9016 0.432
vn 0.2599 0.8874 0.3808
vn 0.3072 0.4322 0.8478
vn 0.2599 0.8875 0.3805
vn 0.0229 0.9018 0.4316
vn 0.1429 0.918 -0.37
vn 0.5975 0.4055 0.6918
vn 0.4625 -0.3732 0.8042
vn 0.5977 0.4054 0.6917
vn 0.3073 0.4323 0.8478
vn 0.26 0.8874 0.3807
vn -0.1257 0.9331 -0.3368
vn 0.1429 0.9182 -0.3696
vn -0.0643 0.2349 -0.9699
vn 0.1429 0.9184 -0.369
vn -0.1254 0.9334 -0.3362
vn 0.2599 0.8871 0.3813
vn -0.0641 0.2346 -0.97
vn -0.3345 0.3696 -0.8669
vn -0.1254 0.9331 -0.337
vn 0.4081 -0.8586 0.3101
vn 0.1273 -0.8484 0.5139
vn 0.4626 -0.3733 0.8041
vn 0.1273 -0.8483 0.514
vn 0.4082 -0.8586 0.3102
vn -0.1424 -0.9728 -0.1825
vn 0.6503 -0.3554 0.6715
vn 0.5975 0.4054 0.6918
vn 0.4626 -0.3732 0.8042
vn 0.6504 -0.3553 0.6713
vn 0.4083 -0.8586 0.3101
vn 0.744 0.418 0.5213
vn 0.5976 0.4056 0.6917
vn 0.2598 0.8875 0.3806
vn 0.5975 0.4054 0.6919
vn 0.744 0.4178 0.5215
vn 0.6503 -0.3554 0.6714
vn 0.4384 0.8805 0.1807
vn 0.26 0.8875 0.3804
vn -0.1254 0.9331 -0.3371
vn 0.2598 0.8874 0.3809
vn 0.4382 0.8805 0.181
vn 0.744 0.4178 0.5215
vn 0.8462 -0.3837 0.3697
vn 0.744 0.4179 0.5214
vn 0.6504 -0.3554 0.6713
vn 0.8463 -0.3836 0.3696
vn 0.4083 -0.8586 0.3101
vn 0.892 0.397 0.2161
vn 0.7442 0.4178 0.5211
vn 0.4384 0.8804 0.1806
vn 0.8919 0.3971 0.2164
vn -0.2719 -0.3672 -0.8895
vn -0.603 -0.4099 -0.6844
vn -0.3345 0.3699 -0.8668
vn -0.6031 -0.4099 -0.6843
vn -0.272 -0.3672 -0.8895
vn -0.1425 -0.9728 -0.1826
vn -0.3344 0.37 -0.8668
vn -0.6968 0.2348 -0.6778
vn -0.1253 0.9332 -0.3368
vn -0.697 0.2347 -0.6776
vn -0.3347 0.3699 -0.8667
vn -0.6032 -0.41 -0.6842
vn -0.7572 -0.3501 -0.5515
vn -0.6029 -0.4099 -0.6844
vn -0.1424 -0.9728 -0.1828
vn -0.6031 -0.4101 -0.6841
vn -0.7573 -0.3502 -0.5512
vn -0.697 0.2347 -0.6775
vn -0.2449 -0.9647 -0.0966
vn 0.4082 -0.8587 0.31
vn -0.1423 -0.9729 -0.1823
vn -0.2449 -0.9648 -0.0963
vn -0.7573 -0.3504 -0.5512
vn -0.2923 0.9407 -0.172
vn -0.1256 0.9332 -0.3368
vn -0.1255 0.9332 -0.3367
vn -0.2922 0.9408 -0.1717
vn 0.4383 0.8804 0.181
vn -0.8183 0.4285 -0.3831
vn -0.6969 0.2347 -0.6777
vn -0.7572 -0.3502 -0.5513
vn -0.6969 0.2346 -0.6777
vn -0.8183 0.4284 -0.3832
vn -0.2923 0.9407 -0.172
vn -0.7572 -0.3502 -0.5514
vn -0.9013 -0.3815 -0.2055
vn -0.8182 0.4285 -0.3832
vn -0.9013 -0.3814 -0.2054
vn -0.7572 -0.3502 -0.5514
vn -0.2449 -0.9648 -0.0964
vn -0.8183 0.4285 -0.3831
vn -0.9602 0.2469 -0.1309
vn -0.2922 0.9408 -0.1719
vn -0.9602 0.2469 -0.1308
vn -0.8182 0.4286 -0.3831
vn -0.9013 -0.3814 -0.2053
vn 0.4083 -0.8585 0.3101
vn 0.5088 -0.8609 0.0002
vn -0.2447 -0.9648 -0.0964
vn 0.5087 -0.861 0.0002
vn 0.8463 -0.3837 0.3696
vn -0.9411 -0.338 -0.0057
vn -0.9013 -0.3813 -0.2054
vn -0.245 -0.9647 -0.0964
vn -0.9013 -0.3814 -0.2054
vn -0.9411 -0.3381 -0.0056
vn 0.8463 -0.3835 0.3696
vn 0.9194 -0.3624 0.153
vn 0.5087 -0.8609 0.0003
vn 0.9193 -0.3626 0.1529
vn 0.8462 -0.3838 0.3696
vn 0.8919 0.3971 0.2163
vn -0.2779 -0.9579 0.0716
vn -0.245 -0.9647 -0.0964
vn 0.5085 -0.8611 0.0002
vn -0.2449 -0.9647 -0.0964
vn -0.2779 -0.958 0.0716
vn 0.8919 0.3972 0.2164
vn 0.9097 0.4151 -0.0094
vn 0.9193 -0.3625 0.153
vn 0.9099 0.4148 -0.0095
vn 0.892 0.3969 0.2163
vn 0.4385 0.8804 0.1809
vn 0.9194 -0.3624 0.153
vn 0.9016 -0.3844 -0.1985
vn 0.5087 -0.8609 0.0003
vn 0.9015 -0.3845 -0.1986
vn 0.9193 -0.3626 0.153
vn 0.9097 0.4151 -0.0095
vn 0.4382 0.8805 0.1809
vn 0.466 0.8779 -0.1104
vn 0.9097 0.4151 -0.0094
vn 0.4659 0.8779 -0.1104
vn 0.4381 0.8805 0.1809
vn -0.2924 0.9407 -0.1719
vn 0.8492 0.3934 -0.3523
vn 0.9015 -0.3845 -0.1987
vn 0.8491 0.3936 -0.3522
vn 0.9097 0.4152 -0.0095
vn 0.4658 0.878 -0.1104
vn 0.4138 -0.8635 -0.2882
vn 0.5086 -0.861 0.0002
vn 0.9015 -0.3845 -0.1987
vn 0.5087 -0.8609 0.0001
vn 0.4139 -0.8635 -0.2882
vn -0.2777 -0.958 0.0715
vn 0.8331 -0.3653 -0.4153
vn 0.8492 0.3935 -0.3521
vn 0.9014 -0.3847 -0.1987
vn 0.8329 -0.3654 -0.4156
vn 0.4137 -0.8636 -0.2882
vn 0.729 0.4122 -0.5465
vn 0.833 -0.3653 -0.4155
vn 0.729 0.4124 -0.5463
vn 0.8492 0.3935 -0.3521
vn 0.466 0.8779 -0.1103
vn 0.8329 -0.3655 -0.4156
vn 0.6174 -0.3908 -0.6827
vn 0.4137 -0.8636 -0.2882
vn 0.6177 -0.3907 -0.6825
vn 0.7292 0.4123 -0.5462
vn -0.2926 0.9406 -0.1719
vn -0.3269 0.9442 0.0402
vn 0.4656 0.8781 -0.1105
vn -0.3263 0.9444 0.0401
vn -0.2921 0.9408 -0.1719
vn -0.9601 0.2471 -0.1309
vn 0.466 0.8779 -0.1105
vn 0.3047 0.8725 -0.382
vn 0.7291 0.4122 -0.5464
vn 0.3046 0.8726 -0.3818
vn -0.3266 0.9443 0.0403
vn 0.729 0.4123 -0.5464
vn 0.4735 0.3825 -0.7934
vn 0.6176 -0.3907 -0.6826
vn 0.4737 0.3824 -0.7934
vn 0.7292 0.4121 -0.5463
vn 0.3049 0.8725 -0.3819
vn -0.96 0.2474 -0.1309
vn -0.8835 0.4356 0.1723
vn -0.326 0.9445 0.0402
vn -0.8837 0.4352 0.1723
vn -0.9601 0.247 -0.1309
vn 0.4356 -0.3791 -0.8164
vn 0.6175 -0.3907 -0.6827
vn 0.4734 0.3825 -0.7934
vn -0.8521 -0.3736 0.3666
vn -0.852 -0.3736 0.3667
vn -0.9412 -0.3379 -0.0056
vn -0.2778 -0.958 0.0717
vn -0.8836 0.4353 0.1724
vn -0.8519 0.2576 0.456
vn -0.3264 0.9444 0.0403
vn -0.852 0.2577 0.4558
vn -0.8837 0.4352 0.1721
vn -0.8522 -0.3735 0.3663
vn -0.7661 -0.3267 0.5535
vn -0.8523 -0.3736 0.3661
vn -0.2781 -0.9579 0.0713
vn -0.852 -0.3736 0.3667
vn -0.7657 -0.3266 0.554
vn -0.8518 0.2576 0.4561
vn -0.2406 0.9485 0.206
vn -0.3268 0.9442 0.0402
vn -0.8521 0.2573 0.4557
vn -0.3265 0.9443 0.04
vn -0.2405 0.9485 0.2061
vn 0.3047 0.8725 -0.3821
vn -0.6173 0.4447 0.649
vn -0.8519 0.2576 0.456
vn -0.7658 -0.3267 0.5539
vn -0.8519 0.2575 0.456
vn -0.6173 0.4446 0.6491
vn -0.2406 0.9485 0.2063
vn -0.2777 -0.958 0.0714
vn -0.1845 -0.9485 0.2574
vn -0.7658 -0.327 0.5538
vn -0.1846 -0.9485 0.2576
vn -0.2778 -0.958 0.0716
vn 0.4139 -0.8635 -0.2881
vn -0.7656 -0.3268 0.554
vn -0.4696 -0.3568 0.8075
vn -0.6171 0.4446 0.6492
vn -0.4698 -0.3571 0.8073
vn -0.7658 -0.3269 0.5539
vn -0.1846 -0.9485 0.2574
vn 0.1859 -0.8723 -0.4523
vn 0.4138 -0.8636 -0.2881
vn 0.6176 -0.3908 -0.6826
vn 0.4139 -0.8637 -0.2875
vn 0.1858 -0.8727 -0.4515
vn -0.1847 -0.9482 0.2583
vn 0.6174 -0.391 -0.6826
vn 0.4356 -0.3793 -0.8163
vn 0.1857 -0.8724 -0.4522
vn -0.4262 0.2777 0.8609
vn -0.6174 0.4446 0.6489
vn -0.4699 -0.3569 0.8073
vn -0.6173 0.4447 0.649
vn -0.4261 0.2777 0.861
vn -0.2404 0.9485 0.2061
vn -0.2888 -0.3031 0.9081
vn -0.47 -0.3574 0.8071
vn -0.1848 -0.9486 0.2571
vn -0.4699 -0.3569 0.8074
vn -0.2886 -0.3027 0.9083
vn -0.4262 0.2776 0.861
vn 0.0339 -0.9304 0.365
vn -0.1847 -0.9484 0.2577
vn 0.186 -0.8723 -0.4522
vn -0.1846 -0.9485 0.2575
vn 0.0339 -0.9304 0.3649
vn -0.2886 -0.3028 0.9083
vn 0.4358 -0.3794 -0.8162
vn 0.1136 -0.4119 -0.9041
vn 0.186 -0.8724 -0.4521
vn -0.1339 0.4692 0.8729
vn -0.4261 0.2776 0.861
vn -0.2886 -0.3027 0.9084
vn 0.4734 0.3824 -0.7935
vn 0.2605 0.3964 -0.8804
vn 0.4356 -0.3792 -0.8164
vn 0.1134 -0.4116 -0.9043
vn 0.2606 0.3964 -0.8803
vn 0.2606 0.3964 -0.8803
vn 0.4735 0.3825 -0.7934
vn 0.3047 0.8725 -0.3819
vn -0.2885 -0.3027 0.9084
vn 0.1067 -0.3203 0.9413
vn -0.1337 0.4693 0.8729
vn 0.1065 -0.3205 0.9412
vn -0.2887 -0.3029 0.9083
vn 0.0337 -0.9305 0.3648
vn 0.3048 0.8724 -0.3821
vn -0.0066 0.8574 -0.5147
vn 0.2607 0.3962 -0.8804
vn -0.0067 0.8576 -0.5142
vn 0.3046 0.8726 -0.3817
vn -0.2405 0.9484 0.2065
vn -0.0976 0.3521 -0.9309
vn 0.1135 -0.4116 -0.9043
vn -0.0976 0.3519 -0.9309
vn 0.2606 0.3963 -0.8804
vn -0.0067 0.8574 -0.5146
vn -0.0979 0.9565 0.2749
vn -0.2405 0.9485 0.2061
vn -0.4262 0.2777 0.861
vn -0.4262 0.2774 0.8611
vn -0.1338 0.4691 0.873
vn -0.098 0.9564 0.2752
vn -0.2406 0.9484 0.2064
vn -0.098 0.9564 0.2753
vn -0.0068 0.8576 -0.5142
vn 0.1461 0.3193 0.9363
vn -0.1338 0.4693 0.8729
vn 0.1066 -0.3203 0.9413
vn -0.1336 0.4694 0.8728
vn 0.1462 0.3195 0.9362
vn -0.0977 0.9565 0.2748
vn 0.3122 -0.2563 0.9148
vn 0.1068 -0.3204 0.9412
vn 0.1066 -0.3204 0.9413
vn 0.312 -0.2563 0.9149
vn 0.1461 0.3192 0.9364
vn 0.1859 -0.8722 -0.4525
vn -0.0712 -0.8905 -0.4494
vn 0.0338 -0.9305 0.3649
vn -0.0711 -0.8906 -0.4493
vn 0.1135 -0.4117 -0.9042
vn 0.0338 -0.9303 0.3652
vn 0.3056 -0.8995 0.3122
vn 0.3119 -0.2561 0.9149
vn 0.3056 -0.8997 0.3117
vn 0.0338 -0.9306 0.3645
vn -0.0712 -0.8903 -0.4498
vn -0.1096 -0.412 -0.9046
vn -0.0976 0.352 -0.9309
vn 0.1134 -0.4122 -0.904
vn -0.1096 -0.4126 -0.9043
vn -0.0712 -0.8908 -0.4488
vn -0.322 0.3589 -0.8761
vn -0.0976 0.3521 -0.9309
vn -0.0066 0.8575 -0.5144
vn -0.322 0.3588 -0.8761
vn -0.3568 0.8268 -0.4349
vn -0.0066 0.8572 -0.5149
vn -0.0979 0.9565 0.2746
vn -0.0067 0.8575 -0.5145
vn -0.3569 0.8269 -0.4345
vn -0.322 0.3588 -0.8761
vn -0.1094 -0.412 -0.9046
vn -0.4122 -0.4533 -0.7903
vn -0.071 -0.8905 -0.4494
vn -0.4124 -0.4532 -0.7903
vn -0.1096 -0.412 -0.9045
vn 0.0285 0.9681 0.2488
vn -0.098 0.9564 0.2752
vn 0.1459 0.3192 0.9364
vn -0.0979 0.9565 0.2749
vn 0.0286 0.9682 0.2487
vn -0.3569 0.8268 -0.4347
vn 0.3729 0.5124 0.7736
vn 0.3121 -0.2563 0.9148
vn 0.146 0.3192 0.9364
vn 0.3729 0.5124 0.7736
vn 0.0286 0.9681 0.2489
vn 0.3119 -0.2562 0.9149
vn 0.6563 -0.2593 0.7085
vn 0.3728 0.5124 0.7736
vn 0.6564 -0.2593 0.7085
vn 0.312 -0.2562 0.9149
vn 0.3056 -0.8995 0.3122
vn 0.3729 0.5124 0.7735
vn 0.6404 0.3819 0.6664
vn 0.0286 0.9681 0.2488
vn 0.6406 0.3819 0.6662
vn 0.3731 0.5125 0.7734
vn 0.6566 -0.2593 0.7083
vn -0.6459 0.2978 -0.703
vn -0.3222 0.3588 -0.8761
vn -0.357 0.8269 -0.4345
vn -0.6457 0.2979 -0.703
vn -0.4124 -0.4531 -0.7903
vn 0.6564 -0.2594 0.7084
vn 0.8042 -0.1882 0.5638
vn 0.6404 0.3819 0.6663
vn 0.804 -0.188 0.5641
vn 0.6562 -0.2592 0.7087
vn 0.3056 -0.8994 0.3125
vn -0.5897 -0.464 -0.661
vn -0.4123 -0.4532 -0.7904
vn -0.6456 0.2979 -0.7031
vn -0.2557 -0.9156 -0.3105
vn -0.0709 -0.8906 -0.4492
vn -0.4123 -0.4534 -0.7902
vn -0.0712 -0.8902 -0.4499
vn -0.2558 -0.9153 -0.3109
vn 0.3056 -0.8997 0.3116
vn -0.4127 -0.4535 -0.79
vn -0.5901 -0.4641 -0.6606
vn -0.2562 -0.9155 -0.3102
vn -0.7952 0.2995 -0.5272
vn -0.6456 0.298 -0.7032
vn -0.3566 0.827 -0.4347
vn -0.6459 0.2979 -0.7029
vn -0.7955 0.2994 -0.5269
vn -0.5899 -0.464 -0.6608
vn -0.604 0.7832 -0.1475
vn -0.3567 0.827 -0.4346
vn 0.0289 0.9681 0.2489
vn -0.357 0.8269 -0.4346
vn -0.6044 0.7829 -0.1474
vn -0.7954 0.2991 -0.527
vn 0.0944 0.9802 0.1741
vn 0.0288 0.9681 0.2488
vn 0.6407 0.3817 0.6662
vn 0.0281 0.9681 0.2489
vn 0.0936 0.9803 0.1741
vn -0.6047 0.7827 -0.1474
vn -0.761 -0.5111 -0.3995
vn -0.5897 -0.4641 -0.661
vn -0.7953 0.2992 -0.5272
vn -0.5897 -0.4643 -0.6608
vn -0.761 -0.5113 -0.3993
vn -0.2557 -0.9155 -0.3105
vn -0.955 0.2264 -0.1915
vn -0.6043 0.783 -0.1473
vn -0.7954 0.2993 -0.5271
vn -0.955 0.2263 -0.1917
vn -0.7611 -0.5111 -0.3993
vn 0.5112 -0.8555 0.0825
vn 0.3053 -0.8997 0.3119
vn -0.2562 -0.9153 -0.3108
vn 0.3057 -0.8995 0.312
vn 0.5117 -0.8552 0.0828
vn 0.8043 -0.1881 0.5637
vn -0.3145 -0.9425 -0.113
vn -0.2559 -0.9155 -0.3105
vn -0.7612 -0.5111 -0.3992
vn -0.2562 -0.9153 -0.3109
vn -0.3146 -0.9424 -0.1134
vn 0.5114 -0.8554 0.0824
vn -0.8253 -0.5305 -0.1934
vn -0.7612 -0.511 -0.3993
vn -0.955 0.2265 -0.1916
vn -0.7612 -0.511 -0.3993
vn -0.8253 -0.5305 -0.1935
vn -0.3146 -0.9424 -0.1132
vn -0.9734 0.2259 0.0385
vn -0.955 0.2264 -0.1916
vn -0.9734 0.2258 0.0384
vn -0.8252 -0.5306 -0.1936
vn 0.7121 0.5718 0.4074
vn 0.6404 0.3818 0.6664
vn 0.7122 0.5717 0.4074
vn 0.0941 0.9802 0.174
vn 0.8042 -0.1882 0.5637
vn 0.9648 -0.1805 0.1914
vn 0.7122 0.5718 0.4072
vn 0.9647 -0.1803 0.1917
vn 0.8041 -0.188 0.564
vn 0.5117 -0.8552 0.083
vn 0.7123 0.5716 0.4074
vn 0.8731 0.4573 0.1692
vn 0.0942 0.9802 0.1741
vn 0.873 0.4574 0.1691
vn 0.7122 0.5717 0.4073
vn 0.9647 -0.1806 0.1915
vn -0.6356 0.73 0.2512
vn -0.6044 0.7829 -0.1475
vn 0.0938 0.9803 0.174
vn -0.6045 0.7828 -0.1475
vn -0.6357 0.7299 0.2512
vn -0.9735 0.2256 0.0384
vn 0.9944 -0.1046 -0.0124
vn 0.9647 -0.1808 0.1915
vn 0.5113 -0.8554 0.0828
vn 0.9647 -0.1806 0.1916
vn 0.9945 -0.1045 -0.0123
vn 0.873 0.4573 0.1692
vn -0.8106 -0.5754 0.1089
vn -0.8252 -0.5307 -0.1935
vn -0.9734 0.2258 0.0385
vn -0.8252 -0.5307 -0.1935
vn -0.8105 -0.5755 0.1089
vn -0.3144 -0.9425 -0.1131
vn 0.0949 0.9903 0.1019
vn 0.0942 0.9802 0.174
vn 0.8731 0.4572 0.1692
vn 0.0943 0.9802 0.174
vn 0.095 0.9903 0.1018
vn -0.6353 0.7303 0.2513
vn 0.7674 0.6357 -0.0838
vn 0.873 0.4574 0.1692
vn 0.9945 -0.1044 -0.0123
vn 0.873 0.4574 0.1693
vn 0.7674 0.6356 -0.0837
vn 0.0947 0.9903 0.1018
vn 0.5115 -0.8553 0.0828
vn 0.5408 -0.8018 -0.2545
vn 0.5411 -0.8016 -0.2544
vn 0.5117 -0.8551 0.0829
vn -0.3142 -0.9426 -0.1131
vn 0.9944 -0.1045 -0.0124
vn 0.8948 -0.1358 -0.4254
vn 0.7675 0.6356 -0.0838
vn 0.8948 -0.1357 -0.4253
vn 0.9945 -0.1043 -0.0123
vn 0.5408 -0.8017 -0.2546
vn 0.6663 0.6316 -0.3963
vn 0.7674 0.6357 -0.0837
vn 0.8948 -0.1358 -0.4252
vn 0.7674 0.6357 -0.0837
vn 0.6664 0.6315 -0.3964
vn 0.0947 0.9903 0.1019
vn 0.8045 0.0532 -0.5916
vn 0.895 -0.1357 -0.4248
vn 0.5411 -0.8016 -0.2543
vn 0.8947 -0.1359 -0.4254
vn 0.8041 0.053 -0.5921
vn 0.6662 0.6315 -0.3966
vn -0.315 -0.9423 -0.113
vn -0.2521 -0.9661 0.0555
vn 0.5404 -0.8019 -0.2546
vn -0.2516 -0.9663 0.0553
vn -0.3143 -0.9426 -0.1132
vn -0.8104 -0.5756 0.1087
vn 0.5406 -0.8018 -0.2547
vn 0.3473 -0.7484 -0.565
vn 0.804 0.053 -0.5922
vn 0.3476 -0.7485 -0.5648
vn 0.5409 -0.8017 -0.2544
vn -0.2516 -0.9662 0.0555
vn -0.8934 0.1618 0.4192
vn -0.8106 -0.5754 0.1088
vn -0.8934 0.1617 0.4191
vn -0.9734 0.2257 0.0384
vn -0.6356 0.73 0.2512
vn -0.8105 -0.5755 0.109
vn -0.748 -0.5789 0.3246
vn -0.2516 -0.9662 0.0556
vn -0.7481 -0.5788 0.3244
vn -0.8934 0.1619 0.4192
vn -0.7494 0.1025 0.6542
vn -0.8935 0.1614 0.419
vn -0.6358 0.7298 0.2512
vn -0.8934 0.1618 0.4191
vn -0.7492 0.1029 0.6543
vn -0.7479 -0.5792 0.3243
vn -0.5206 -0.6528 0.5502
vn -0.2514 -0.9663 0.0551
vn -0.5209 -0.6524 0.5506
vn -0.7481 -0.5788 0.3246
vn -0.7491 0.1031 0.6543
vn -0.1268 -0.9834 0.13
vn -0.2518 -0.9662 0.0555
vn -0.5209 -0.6524 0.5505
vn -0.2518 -0.9662 0.0554
vn -0.1268 -0.9834 0.1299
vn 0.3473 -0.7486 -0.5648
vn -0.3922 -0.673 0.6271
vn -0.521 -0.6524 0.5504
vn -0.7492 0.103 0.6542
vn -0.5211 -0.6526 0.5501
vn -0.3923 -0.6734 0.6267
vn -0.127 -0.9834 0.1295
vn -0.6354 0.7302 0.2513
vn -0.3914 0.6873 0.6119
vn -0.7491 0.103 0.6543
vn -0.3914 0.6872 0.612
vn -0.6352 0.7303 0.2513
vn -0.7492 0.1029 0.6543
vn -0.4033 0.0973 0.9099
vn -0.392 -0.6731 0.6271
vn -0.4033 0.0974 0.9099
vn -0.7492 0.103 0.6543
vn -0.3915 0.6872 0.6119
vn -0.392 -0.6728 0.6274
vn -0.1166 -0.7221 0.6819
vn -0.1268 -0.9833 0.1304
vn -0.1167 -0.7225 0.6814
vn -0.3921 -0.6732 0.6269
vn -0.4034 0.0972 0.9099
vn 0.0944 0.9903 0.102
vn 0.0214 0.9981 0.0578
vn -0.3918 0.687 0.612
vn 0.0216 0.9981 0.0573
vn 0.0945 0.9903 0.1017
vn 0.6661 0.6316 -0.3967
vn -0.3916 0.6871 0.612
vn -0.1242 0.6746 0.7277
vn 0.0215 0.9981 0.0578
vn 0.0645 0.9948 0.0793
vn -0.3916 0.687 0.6121
vn -0.1241 0.6749 0.7274
vn -0.3915 0.6875 0.6116
vn 0.0647 0.9948 0.0787
vn 0.0647 0.9948 0.0791
vn 0.0218 0.9981 0.0575
vn -0.1026 0.0676 0.9924
vn -0.4032 0.0974 0.9099
vn -0.1241 0.6746 0.7277
vn -0.4032 0.0973 0.9099
vn -0.1027 0.0676 0.9924
vn -0.1166 -0.7224 0.6815
vn 0.665 0.5424 0.5133
vn -0.1242 0.6746 0.7277
vn 0.0645 0.9948 0.0791
vn -0.1243 0.6746 0.7277
vn 0.6649 0.5425 0.5134
vn -0.1028 0.0676 0.9924
vn 0.6205 -0.376 0.6882
vn -0.1167 -0.7224 0.6816
vn -0.1028 0.0677 0.9924
vn 0.6206 -0.376 0.6881
vn -0.1026 0.0677 0.9924
vn 0.6651 0.5425 0.5132
vn 0.5581 -0.7806 -0.2815
vn -0.1167 -0.7224 0.6816
vn -0.1168 -0.7225 0.6814
vn 0.6205 -0.3762 0.6881
vn 0.5581 -0.7805 -0.2817
vn 0.081 -0.7562 -0.6493
vn -0.1268 -0.9834 0.1297
vn 0.0811 -0.7565 -0.649
vn 0.3474 -0.7488 -0.5645
vn -0.1268 -0.9833 0.1303
vn 0.5581 -0.7806 -0.2815
vn 0.6205 -0.376 0.6882
vn 0.6215 -0.0511 -0.7818
vn 0.081 -0.7563 -0.6492
vn 0.5581 -0.7806 -0.2815
vn 0.6215 -0.0512 -0.7817
vn 0.665 0.5425 0.5133
vn 0.3474 -0.7484 -0.5649
vn 0.081 -0.7561 -0.6494
vn 0.2477 0.0244 -0.9685
vn 0.6214 -0.0512 -0.7818
vn 0.2478 0.0241 -0.9685
vn 0.0644 0.9948 0.0789
vn 0.6574 0.6543 -0.3737
vn 0.6649 0.5427 0.5132
vn 0.6576 0.6542 -0.3736
vn 0.6215 -0.0511 -0.7817
vn 0.6575 0.6544 -0.3734
vn 0.2553 0.7229 -0.6421
vn 0.6576 0.6543 -0.3735
vn 0.2554 0.7228 -0.6422
vn 0.6215 -0.051 -0.7817
vn 0.2478 0.024 -0.9685
vn 0.6215 -0.0513 -0.7818
vn 0.2553 0.7226 -0.6424
vn 0.6664 0.6317 -0.3961
vn 0.2555 0.7229 -0.642
vn 0.0646 0.9947 0.0795
vn 0.2478 0.0243 -0.9685
vn 0.4852 -0.1499 -0.8615
vn 0.3475 -0.7485 -0.5648
vn 0.4851 -0.1501 -0.8615
vn 0.2476 0.0242 -0.9686
vn 0.2551 0.7227 -0.6424
vn 0.2553 0.7226 -0.6423
vn 0.6662 0.6316 -0.3965
vn 0.4851 -0.15 -0.8615
vn 0.4855 -0.1499 -0.8613
vn 0.8044 0.0529 -0.5917
vn 0.3478 -0.7485 -0.5646
vn 0.8042 0.0529 -0.5919
vn 0.4852 -0.1501 -0.8614
vn 0.6664 0.6315 -0.3964
vn 0.0581 0.9922 0.1101
vn -0.0076 0.9904 0.1379
vn 0.0119 0.996 0.088
vn -0.0309 0.9965 0.0778
vn 0.012 0.996 0.088
vn -0.0075 0.9904 0.1379
vn 0.0314 0.9984 0.0474
vn -0.031 0.9965 0.0777
vn -0.0392 0.999 0.0208
vn 0.0119 0.9961 0.0879
vn -0.0393 0.999 0.0209
vn -0.0597 0.9918 0.1129
vn -0.031 0.9965 0.0778
vn -0.0839 0.9948 0.0584
vn -0.0393 0.999 0.0208
vn -0.0597 0.9918 0.113
vn -0.0839 0.9948 0.0585
vn -0.0035 0.9999 -0.014
vn -0.2908 0.942 0.1676
vn -0.0839 0.9948 0.0583
vn -0.2905 0.9537 -0.0782
vn -0.238 0.9374 0.2543
vn -0.2908 0.942 0.1677
vn -0.0598 0.9918 0.113
vn -0.2905 0.9537 -0.0781
vn -0.2469 0.9525 -0.1785
vn -0.0035 0.9999 -0.0139
vn -0.2469 0.9525 -0.1784
vn -0.1705 0.9262 0.3364
vn -0.238 0.9374 0.2542
vn -0.0076 0.9904 0.138
vn -0.1705 0.9261 0.3364
vn -0.4521 0.8919 0.0083
vn -0.4521 0.8919 0.0082
vn -0.084 0.9948 0.0584
vn -0.2381 0.9374 0.2541
vn -0.1706 0.9262 0.3363
vn -0.4767 0.5881 0.6534
vn -0.2905 0.9421 0.1676
vn -0.2377 0.9375 0.2541
vn -0.6154 0.5757 0.5384
vn -0.4765 0.5881 0.6535
vn -0.6155 0.5755 0.5384
vn -0.2379 0.9375 0.2542
vn -0.4522 0.8919 0.0083
vn -0.2909 0.942 0.1676
vn -0.7398 0.5928 0.3183
vn -0.6156 0.5755 0.5384
vn -0.7397 0.5929 0.3183
vn -0.2907 0.942 0.1676
vn -0.4519 0.892 0.0082
vn -0.7242 0.6456 -0.2422
vn -0.2903 0.9537 -0.0781
vn -0.7397 0.5928 0.3184
vn -0.6155 0.5754 0.5385
vn -0.8379 -0.1591 0.522
vn -0.7243 0.6456 -0.2421
vn -0.6443 0.6506 -0.402
vn -0.247 0.9525 -0.1783
vn -0.2906 0.9537 -0.078
vn -0.6445 0.6505 -0.4018
vn -0.7244 0.6455 -0.2421
vn -0.9352 0.3121 -0.1674
vn -0.7746 0.6239 0.1034
vn -0.452 0.892 0.0082
vn -0.7747 0.6238 0.1034
vn -0.9352 0.3121 -0.1675
vn -0.4521 0.8919 0.0082
vn -0.6444 0.6505 -0.4021
vn -0.7244 0.6455 -0.2422
vn -0.9227 -0.1044 -0.3711
vn -0.9352 0.3121 -0.1673
vn -0.9228 -0.1044 -0.371
vn -0.7244 0.6454 -0.2421
vn -0.7746 0.6239 0.1035
vn -0.7397 0.5929 0.3184
vn -0.963 -0.141 0.2296
vn -0.9351 0.3122 -0.1675
vn -0.9902 -0.1289 -0.0545
vn -0.8777 -0.1657 0.4497
vn -0.963 -0.1412 0.2295
vn -0.7397 0.5929 0.3183
vn -0.838 -0.1591 0.522
vn -0.8776 -0.1657 0.4498
vn -0.963 -0.141 0.2297
vn -0.9779 -0.1465 0.149
vn -0.9779 -0.1467 0.1489
vn -0.9901 -0.1291 -0.0546
vn -0.7747 0.6237 0.1035
vn -0.963 -0.1412 0.2297
vn -0.8776 -0.1658 0.4498
vn -0.6579 -0.7247 0.205
vn -0.963 -0.1412 0.2296
vn -0.658 -0.7246 0.2049
vn -0.8777 -0.1658 0.4497
vn -0.838 -0.1592 0.5219
vn -0.5549 -0.7361 0.3875
vn -0.5548 -0.7362 0.3877
vn -0.8776 -0.1659 0.4498
vn -0.9901 -0.129 -0.0546
vn -0.9779 -0.1466 0.1489
vn -0.7038 -0.7103 -0.0114
vn -0.658 -0.7246 0.205
vn -0.7038 -0.7103 -0.0113
vn -0.9901 -0.129 -0.0545
vn -0.7931 -0.5766 -0.1963
vn -0.9352 0.3121 -0.1674
vn -0.7931 -0.5765 -0.1962
vn -0.9902 -0.129 -0.0545
vn -0.838 -0.1591 0.5219
vn -0.6933 -0.1699 0.7003
vn -0.5549 -0.7361 0.3876
vn -0.6157 0.5754 0.5384
vn -0.658 -0.7246 0.2049
vn -0.5549 -0.7361 0.3876
vn -0.3258 -0.91 0.2566
vn -0.5964 -0.184 0.7813
vn -0.6933 -0.1698 0.7004
vn -0.6156 0.5754 0.5385
vn -0.4766 0.588 0.6536
vn -0.5964 -0.1841 0.7813
vn -0.4067 -0.7554 0.5137
vn -0.5549 -0.7361 0.3876
vn -0.6933 -0.1698 0.7003
vn -0.6932 -0.1699 0.7004
vn -0.4066 -0.7555 0.5138
vn -0.5549 -0.7361 0.3875
vn -0.4067 -0.7555 0.5136
vn -0.3259 -0.91 0.2565
vn -0.4869 -0.1939 0.8516
vn -0.5963 -0.184 0.7814
vn -0.4764 0.588 0.6537
vn -0.2871 -0.7467 0.6
vn -0.5966 -0.1841 0.7811
vn -0.4872 -0.1939 0.8515
vn -0.2872 -0.7469 0.5998
vn -0.4766 0.5881 0.6534
vn -0.2981 0.5783 0.7594
vn -0.4872 -0.1937 0.8515
vn -0.2981 0.5782 0.7595
vn -0.4767 0.5879 0.6535
vn -0.1706 0.9261 0.3365
vn -0.2844 -0.1847 0.9408
vn -0.2871 -0.7468 0.5998
vn -0.2842 -0.1846 0.9408
vn -0.487 -0.1937 0.8516
vn -0.2979 0.5783 0.7595
vn -0.4067 -0.7556 0.5136
vn -0.2871 -0.7468 0.5998
vn -0.1482 -0.9168 0.3707
vn -0.1481 -0.9168 0.3709
vn -0.3258 -0.9099 0.2567
vn -0.4067 -0.7554 0.5138
vn -0.1036 -0.7598 0.6418
vn -0.2844 -0.1845 0.9408
vn -0.287 -0.7468 0.6
vn -0.1035 -0.7598 0.6418
vn -0.1755 -0.174 0.969
vn -0.2843 -0.1846 0.9408
vn -0.1755 -0.1741 0.969
vn -0.1036 -0.7599 0.6418
vn -0.1705 0.9261 0.3365
vn -0.0808 0.9153 0.3946
vn -0.298 0.5783 0.7595
vn -0.0808 0.9153 0.3945
vn -0.298 0.5784 0.7594
vn -0.058 0.5743 0.8166
vn -0.058 0.574 0.8168
vn -0.2979 0.5782 0.7596
vn -0.0808 0.9152 0.3947
vn 0.0293 0.9142 0.4042
vn 0.0293 0.9141 0.4043
vn -0.058 0.5741 0.8167
vn 0.1177 0.9348 0.3351
vn 0.0293 0.9142 0.4043
vn -0.0077 0.9904 0.1379
vn 0.1176 0.9348 0.3351
vn 0.1902 0.575 0.7958
vn -0.058 0.5742 0.8166
vn 0.0292 0.9143 0.4041
vn 0.1176 0.9349 0.335
vn 0.1901 0.5752 0.7956
vn 0.0028 -0.1964 0.9805
vn -0.058 0.5742 0.8166
vn 0.149 -0.1786 0.9726
vn 0.1902 0.5751 0.7957
vn 0.149 -0.1785 0.9726
vn 0.0551 -0.7499 0.6593
vn 0.0552 -0.7498 0.6593
vn 0.0552 -0.75 0.6592
vn -0.1036 -0.7599 0.6417
vn 0.3383 -0.18 0.9237
vn 0.1902 0.575 0.7957
vn -0.1036 -0.7599 0.6417
vn 0.0552 -0.7499 0.6593
vn 0.0356 -0.9166 0.3983
vn 0.0356 -0.9166 0.3982
vn -0.1483 -0.9168 0.3708
vn 0.2183 -0.7566 0.6164
vn 0.0551 -0.7498 0.6593
vn 0.1489 -0.1785 0.9726
vn 0.1491 -0.1786 0.9726
vn 0.3383 -0.18 0.9236
vn 0.2185 -0.7566 0.6163
vn 0.1735 -0.9142 0.3662
vn 0.0551 -0.7499 0.6593
vn 0.0553 -0.75 0.6591
vn 0.2185 -0.7567 0.6162
vn 0.1737 -0.9142 0.3661
vn -0.1482 -0.9168 0.3708
vn -0.0378 -0.8853 0.4636
vn 0.3806 -0.7434 0.55
vn 0.2183 -0.7566 0.6163
vn 0.3383 -0.1801 0.9237
vn 0.2184 -0.7566 0.6164
vn 0.3807 -0.7433 0.55
vn 0.1736 -0.9142 0.3663
vn 0.438 -0.2022 0.8759
vn 0.3381 -0.1801 0.9237
vn 0.19 0.575 0.7958
vn 0.3384 -0.1801 0.9236
vn 0.4383 -0.2021 0.8758
vn 0.3809 -0.7433 0.5499
vn 0.1903 0.575 0.7957
vn 0.3656 0.5979 0.7133
vn 0.4383 -0.2022 0.8758
vn 0.3656 0.5979 0.7133
vn 0.1903 0.575 0.7957
vn 0.1178 0.9348 0.3351
vn 0.5983 -0.1918 0.7779
vn 0.4381 -0.2022 0.8759
vn 0.3654 0.598 0.7134
vn 0.4382 -0.2022 0.8758
vn 0.5985 -0.1919 0.7778
vn 0.3807 -0.7434 0.5499
vn 0.5295 0.5724 0.6261
vn 0.3655 0.5976 0.7136
vn 0.1177 0.9347 0.3355
vn 0.5296 0.5727 0.6258
vn 0.209 0.9338 0.2905
vn 0.5295 0.5726 0.6259
vn 0.7167 -0.1774 0.6744
vn 0.5983 -0.192 0.7779
vn 0.5294 0.5726 0.626
vn 0.2663 0.9405 0.2112
vn 0.209 0.9338 0.2906
vn 0.5984 -0.192 0.7779
vn 0.7168 -0.1774 0.6744
vn 0.5427 -0.7371 0.4026
vn 0.5426 -0.737 0.403
vn 0.3806 -0.7433 0.5502
vn 0.5983 -0.1917 0.778
vn 0.8112 -0.1535 0.5642
vn 0.7168 -0.1774 0.6743
vn 0.5295 0.5726 0.6259
vn 0.7167 -0.1774 0.6744
vn 0.8112 -0.1535 0.5643
vn 0.5426 -0.7372 0.4027
vn 0.6874 0.582 0.4345
vn 0.5297 0.5725 0.6258
vn 0.2093 0.9337 0.2905
vn 0.5296 0.5726 0.6258
vn 0.6872 0.5822 0.4344
vn 0.8113 -0.1534 0.5642
vn 0.2087 0.9338 0.2907
vn 0.2661 0.9405 0.2113
vn 0.6869 0.5823 0.4347
vn 0.6192 -0.7428 0.2548
vn 0.5428 -0.7371 0.4026
vn 0.8112 -0.1534 0.5643
vn 0.9073 -0.1471 0.394
vn 0.6872 0.5822 0.4346
vn 0.9072 -0.1472 0.394
vn 0.6191 -0.7429 0.2548
vn 0.7444 0.6126 0.2659
vn 0.6872 0.5822 0.4345
vn 0.2663 0.9405 0.2111
vn 0.943 -0.1662 0.2883
vn 0.6872 0.5822 0.4345
vn 0.7444 0.6126 0.2658
vn 0.9431 -0.1661 0.2882
vn 0.6938 -0.7146 0.0897
vn 0.6191 -0.7428 0.2549
vn 0.9072 -0.1471 0.3941
vn 0.943 -0.166 0.2883
vn 0.6938 -0.7145 0.0897
vn 0.5428 -0.7371 0.4026
vn 0.6192 -0.7427 0.2548
vn 0.4361 -0.8969 0.0733
vn 0.619 -0.7429 0.2548
vn 0.6937 -0.7147 0.0897
vn 0.4359 -0.897 0.0733
vn 0.3808 -0.7433 0.55
vn 0.5428 -0.737 0.4027
vn 0.3526 -0.9081 0.226
vn 0.4359 -0.897 0.0734
vn 0.3524 -0.9082 0.226
vn 0.5426 -0.7372 0.4027
vn 0.3526 -0.9081 0.2261
vn 0.2891 -0.9106 0.2954
vn 0.2889 -0.9107 0.2953
vn 0.3806 -0.7434 0.55
vn 0.4606 -0.8717 0.1671
vn 0.4605 -0.8718 0.1671
vn 0.289 -0.9106 0.2953
vn 0.3525 -0.9081 0.226
vn 0.3187 -0.8799 0.3525
vn 0.4604 -0.8718 0.1671
vn 0.1736 -0.9142 0.3662
vn 0.1348 -0.8852 0.4452
vn 0.3188 -0.8798 0.3525
vn 0.1348 -0.8853 0.4451
vn 0.1349 -0.8852 0.4452
vn -0.0377 -0.8852 0.4636
vn 0.0357 -0.9166 0.3983
vn 0.3189 -0.8798 0.3525
vn 0.4054 -0.6738 0.6178
vn -0.0378 -0.8852 0.4636
vn 0.1328 -0.6808 0.7203
vn 0.4052 -0.6739 0.6178
vn 0.1326 -0.6808 0.7203
vn 0.1348 -0.8853 0.4452
vn 0.606 -0.6574 0.4479
vn 0.6061 -0.6574 0.4477
vn 0.4053 -0.6739 0.6177
vn 0.3188 -0.8799 0.3524
vn 0.512 -0.8584 -0.0317
vn 0.4606 -0.8718 0.1671
vn 0.4053 -0.6738 0.6178
vn 0.6061 -0.6573 0.4478
vn 0.7437 -0.3305 0.5811
vn 0.455 -0.8832 -0.1132
vn 0.5119 -0.8584 -0.0317
vn 0.455 -0.8833 -0.1132
vn 0.436 -0.897 0.0733
vn 0.6938 -0.7146 0.0897
vn 0.7317 -0.6481 0.2111
vn 0.5119 -0.8585 -0.0317
vn 0.7694 -0.6349 -0.0701
vn 0.7695 -0.6348 -0.07
vn 0.7318 -0.648 0.2111
vn 0.606 -0.6574 0.4479
vn 0.7318 -0.648 0.2112
vn 0.8761 -0.3682 0.3113
vn 0.7437 -0.3305 0.5811
vn 0.6061 -0.6573 0.4479
vn 0.9431 -0.3271 -0.0601
vn 0.7318 -0.648 0.2111
vn 0.7694 -0.6349 -0.0701
vn 0.9431 -0.327 -0.06
vn 0.8761 -0.3682 0.3112
vn 0.9541 -0.1588 0.2539
vn 0.9431 -0.327 -0.0601
vn 0.5047 -0.3385 0.7942
vn 0.4054 -0.6738 0.6178
vn 0.1327 -0.6808 0.7203
vn 0.5046 -0.3385 0.7942
vn 0.4762 -0.8464 -0.2384
vn 0.4762 -0.8464 -0.2383
vn 0.5119 -0.8585 -0.0316
vn 0.455 -0.8833 -0.1131
vn 0.8532 -0.3147 -0.416
vn 0.7694 -0.6349 -0.07
vn 0.6978 -0.6118 -0.3725
vn 0.4761 -0.8464 -0.2385
vn 0.7694 -0.6348 -0.0701
vn 0.6978 -0.6118 -0.3725
vn 0.8532 -0.3146 -0.416
vn 0.9236 0.1568 -0.35
vn 0.701 -0.2546 -0.6662
vn 0.8533 -0.3146 -0.4159
vn 0.6979 -0.6118 -0.3725
vn 0.701 -0.2547 -0.6662
vn 0.9236 0.1568 -0.3498
vn 0.8532 -0.3146 -0.4159
vn 0.5634 -0.5903 -0.5779
vn 0.6978 -0.6119 -0.3725
vn 0.4761 -0.8464 -0.2384
vn 0.5635 -0.5903 -0.578
vn 0.7009 -0.2547 -0.6662
vn 0.9236 0.1568 -0.3499
vn 0.9795 0.1709 -0.107
vn 0.9795 0.1709 -0.1071
vn 0.8008 0.2341 -0.5512
vn 0.9795 0.1708 -0.107
vn 0.9563 0.1981 0.2152
vn 0.9541 -0.1588 0.254
vn 0.8009 0.2342 -0.5511
vn 0.4844 0.8378 -0.2517
vn 0.9795 0.1707 -0.1069
vn 0.9236 0.1566 -0.3498
vn 0.4846 0.8377 -0.2517
vn 0.9563 0.1982 0.2151
vn 0.8741 0.2122 0.437
vn 0.7436 -0.3306 0.5812
vn 0.874 0.2122 0.4371
vn 0.9795 0.1708 -0.1069
vn 0.5584 0.8204 0.1227
vn 0.5583 0.8206 0.1224
vn 0.8741 0.2124 0.4368
vn 0.9563 0.1983 0.2149
vn 0.4844 0.8379 -0.2517
vn 0.5146 0.852 -0.0962
vn 0.5584 0.8205 0.1225
vn 0.874 0.2122 0.437
vn 0.6631 0.1655 0.73
vn 0.5045 -0.3385 0.7943
vn 0.7436 -0.3305 0.5812
vn 0.6631 0.1655 0.7301
vn 0.5584 0.8205 0.1225
vn 0.5147 0.852 -0.0962
vn 0.447 0.885 -0.1306
vn 0.5146 0.852 -0.0962
vn 0.4843 0.8379 -0.2517
vn 0.4468 0.885 -0.1305
vn 0.6631 0.1653 0.73
vn 0.8741 0.212 0.437
vn 0.5188 0.4457 0.7295
vn 0.6848 0.2883 -0.6693
vn 0.4845 0.8378 -0.2518
vn 0.6848 0.2884 -0.6692
vn 0.8009 0.2341 -0.5512
vn 0.6631 0.1655 0.73
vn 0.4053 0.136 0.904
vn 0.5045 -0.3385 0.7942
vn 0.4057 0.1363 0.9038
vn 0.6634 0.1656 0.7298
vn 0.519 0.446 0.7292
vn 0.2422 -0.3488 0.9054
vn 0.4054 0.136 0.904
vn 0.5045 -0.3386 0.7943
vn 0.2421 -0.3488 0.9054
vn 0.1326 -0.6809 0.7203
vn 0.5186 0.4461 0.7294
vn 0.874 0.2125 0.437
vn 0.3215 0.8895 0.3247
vn 0.5585 0.8204 0.1227
vn 0.3216 0.8893 0.3251
vn 0.874 0.2121 0.4372
vn 0.5186 0.4457 0.7296
vn 0.1567 0.8039 0.5738
vn 0.4053 0.1359 0.904
vn 0.3218 0.8893 0.3249
vn 0.1569 0.8039 0.5737
vn 0.5188 0.4458 0.7295
vn 0.0738 0.1129 0.9909
vn 0.0741 0.1132 0.9908
vn 0.4056 0.1361 0.9039
vn 0.157 0.8041 0.5734
vn 0.2423 -0.3489 0.9053
vn -0.0173 -0.3571 0.9339
vn 0.1328 -0.6809 0.7202
vn -0.0176 -0.357 0.9339
vn 0.242 -0.3488 0.9054
vn 0.0737 0.1129 0.9909
vn -0.1756 -0.6782 0.7136
vn 0.1327 -0.6809 0.7203
vn -0.0174 -0.3571 0.9339
vn 0.1326 -0.6808 0.7204
vn -0.1757 -0.6781 0.7137
vn -0.0379 -0.8852 0.4636
vn -0.2451 -0.3575 0.9012
vn -0.0173 -0.357 0.9339
vn 0.074 0.1129 0.9909
vn -0.0175 -0.357 0.9339
vn -0.2453 -0.3575 0.9011
vn -0.1757 -0.6781 0.7136
vn -0.21 -0.8818 0.4224
vn -0.1756 -0.6781 0.7137
vn -0.21 -0.8818 0.4223
vn -0.3258 -0.91 0.2565
vn -0.4117 -0.6708 0.6168
vn -0.2452 -0.3575 0.9011
vn -0.1757 -0.6782 0.7136
vn -0.4117 -0.6708 0.6168
vn -0.21 -0.8818 0.4222
vn -0.3705 -0.8766 0.307
vn -0.3259 -0.9099 0.2566
vn -0.3704 -0.8767 0.307
vn -0.2099 -0.8818 0.4223
vn -0.4116 -0.6709 0.6168
vn -0.2583 0.1487 0.9546
vn -0.4245 -0.8985 0.1121
vn -0.3258 -0.9099 0.2566
vn -0.3257 -0.91 0.2564
vn -0.4244 -0.8985 0.1119
vn -0.6579 -0.7247 0.2048
vn -0.7037 -0.7104 -0.0113
vn -0.6579 -0.7247 0.205
vn -0.4244 -0.8985 0.1122
vn -0.2451 -0.3574 0.9012
vn -0.5178 -0.3535 0.779
vn -0.4116 -0.6707 0.617
vn -0.5179 -0.3536 0.7789
vn -0.2584 0.1487 0.9545
vn -0.4246 -0.8984 0.112
vn -0.4543 -0.8899 -0.0416
vn -0.7039 -0.7102 -0.0114
vn -0.793 -0.5767 -0.1963
vn -0.7037 -0.7104 -0.0114
vn -0.4541 -0.89 -0.0416
vn -0.4818 -0.865 0.14
vn -0.4542 -0.8899 -0.0415
vn -0.4245 -0.8984 0.1122
vn -0.4117 -0.6708 0.6169
vn -0.6013 -0.6639 0.4447
vn -0.4818 -0.8651 0.1399
vn -0.3705 -0.8767 0.3069
vn -0.6012 -0.664 0.4446
vn -0.6012 -0.6639 0.4447
vn -0.4116 -0.6708 0.6169
vn -0.5179 -0.3536 0.779
vn -0.4818 -0.8651 0.1398
vn -0.5218 -0.8527 -0.0267
vn -0.4541 -0.8899 -0.0418
vn -0.6012 -0.6639 0.4447
vn -0.7221 -0.6526 0.2294
vn -0.4817 -0.865 0.1401
vn -0.4817 -0.8651 0.1399
vn -0.7222 -0.6526 0.2292
vn -0.7189 -0.3875 0.577
vn -0.6012 -0.664 0.4446
vn -0.7222 -0.6526 0.2293
vn -0.6012 -0.664 0.4447
vn -0.7189 -0.3875 0.5771
vn -0.4542 -0.8899 -0.0416
vn -0.4253 -0.8784 -0.2179
vn -0.7931 -0.5766 -0.1963
vn -0.4253 -0.8785 -0.2179
vn -0.4541 -0.89 -0.0415
vn -0.5218 -0.8527 -0.0265
vn -0.8837 -0.3472 0.3139
vn -0.7222 -0.6525 0.2293
vn -0.7663 -0.6389 -0.0677
vn -0.5218 -0.8526 -0.0266
vn -0.7663 -0.6389 -0.0676
vn -0.7222 -0.6526 0.2294
vn -0.8837 -0.3472 0.314
vn -0.8075 -0.1938 0.5571
vn -0.7189 -0.3875 0.5771
vn -0.8075 -0.1938 0.5571
vn -0.5036 -0.8439 -0.1849
vn -0.5217 -0.8527 -0.0266
vn -0.7662 -0.639 -0.0677
vn -0.5219 -0.8526 -0.0266
vn -0.5038 -0.8438 -0.1849
vn -0.4254 -0.8784 -0.2179
vn -0.9458 -0.324 0.0205
vn -0.7663 -0.6389 -0.0677
vn -0.5074 0.1612 0.8465
vn -0.8075 -0.1939 0.5572
vn -0.9742 0.1139 0.1949
vn -0.8836 -0.3473 0.314
vn -0.9742 0.114 0.1948
vn -0.5072 0.1612 0.8466
vn -0.2582 0.1486 0.9546
vn -0.0871 0.797 0.5977
vn -0.2582 0.1485 0.9546
vn 0.0741 0.1126 0.9909
vn -0.0872 0.7969 0.5978
vn -0.0874 0.797 0.5976
vn -0.5074 0.1611 0.8465
vn -0.7344 0.199 0.6489
vn -0.8075 -0.1939 0.557
vn -0.0876 0.7969 0.5977
vn -0.3455 0.7928 0.5021
vn -0.5076 0.1611 0.8464
vn -0.7344 0.199 0.6488
vn -0.5075 0.1612 0.8464
vn -0.3453 0.7928 0.5022
vn -0.7343 0.199 0.649
vn -0.9225 0.2045 0.3273
vn -0.8074 -0.1938 0.5572
vn -0.9742 0.114 0.1946
vn -0.8077 -0.1938 0.5569
vn -0.9226 0.2045 0.327
vn -0.3453 0.7928 0.5023
vn -0.4556 0.8196 0.3475
vn -0.7344 0.1989 0.649
vn -0.9226 0.2044 0.327
vn -0.7345 0.1989 0.6489
vn -0.4557 0.8196 0.3474
vn -0.9742 0.1138 0.1948
vn -0.9226 0.2044 0.3271
vn -0.807 0.5632 0.1777
vn -0.9742 0.114 0.1949
vn -0.9911 0.0898 -0.0981
vn -0.9458 -0.324 0.0206
vn -0.9911 0.0896 -0.0983
vn -0.9742 0.1139 0.1946
vn -0.807 0.5632 0.1776
vn -0.9459 -0.3239 0.0206
vn -0.8862 -0.3143 -0.3404
vn -0.7663 -0.6389 -0.0675
vn -0.9911 0.0898 -0.0982
vn -0.7663 -0.639 -0.0676
vn -0.6754 -0.6099 -0.4145
vn -0.6754 -0.6098 -0.4146
vn -0.8862 -0.3143 -0.3405
vn -0.4414 -0.8333 -0.3328
vn -0.5037 -0.8439 -0.1848
vn -0.6755 -0.6099 -0.4145
vn -0.5037 -0.8439 -0.1849
vn -0.4252 -0.8785 -0.2179
vn -0.9911 0.0897 -0.0983
vn -0.921 0.195 -0.3372
vn -0.8861 -0.3143 -0.3406
vn -0.7308 -0.2681 -0.6277
vn -0.6755 -0.6098 -0.4145
vn -0.921 0.195 -0.3371
vn -0.7308 -0.2682 -0.6277
vn -0.3335 -0.831 -0.4453
vn -0.4414 -0.8333 -0.3329
vn -0.6755 -0.6098 -0.4146
vn -0.921 0.1951 -0.3372
vn -0.9911 0.0899 -0.0983
vn -0.5346 0.8291 -0.1639
vn -0.8069 0.5633 0.1777
vn -0.5346 0.8291 -0.1637
vn -0.8125 0.1156 -0.5714
vn -0.8125 0.1155 -0.5715
vn -0.5347 0.829 -0.1639
vn -0.4708 -0.5889 -0.6569
vn -0.6755 -0.6099 -0.4145
vn -0.4708 -0.5888 -0.657
vn -0.3335 -0.831 -0.4452
vn -0.5496 -0.2592 -0.7942
vn -0.7308 -0.2682 -0.6277
vn -0.8125 0.1156 -0.5714
vn -0.7307 -0.2681 -0.6278
vn -0.4708 -0.5888 -0.657
vn -0.3032 -0.8672 -0.395
vn -0.6843 0.393 -0.6142
vn -0.5496 -0.2592 -0.7942
vn -0.5347 0.8289 -0.1641
vn -0.6842 0.3929 -0.6144
vn -0.8124 0.1154 -0.5716
vn -0.2374 -0.5874 -0.7737
vn -0.4707 -0.5888 -0.6571
vn -0.5494 -0.2592 -0.7943
vn -0.1731 -0.8226 -0.5416
vn -0.3336 -0.831 -0.4452
vn -0.4709 -0.5888 -0.657
vn -0.4708 -0.5889 -0.657
vn -0.2376 -0.5874 -0.7736
vn -0.173 -0.8227 -0.5416
vn -0.3404 -0.2376 -0.9097
vn -0.6843 0.393 -0.6142
vn -0.5497 -0.2592 -0.7941
vn -0.3406 -0.2376 -0.9097
vn -0.2378 -0.5874 -0.7736
vn -0.143 -0.8607 -0.4887
vn -0.143 -0.8606 -0.4887
vn -0.3032 -0.8672 -0.3949
vn -0.001 -0.8205 -0.5716
vn -0.173 -0.8226 -0.5416
vn -0.2376 -0.5874 -0.7737
vn 0.0018 -0.8603 -0.5099
vn -0.1732 -0.8226 -0.5416
vn -0.0011 -0.8205 -0.5716
vn 0.0016 -0.8603 -0.5098
vn -0.3322 -0.6717 -0.6622
vn -0.2376 -0.5873 -0.7737
vn 0.0516 -0.587 -0.8079
vn -0.001 -0.8205 -0.5717
vn 0.0516 -0.5871 -0.8079
vn -0.2376 -0.5874 -0.7736
vn -0.3404 -0.2376 -0.9098
vn -0.3032 -0.8673 -0.3949
vn -0.5117 -0.6795 -0.5258
vn -0.5118 -0.6794 -0.5257
vn -0.6268 -0.6902 -0.3615
vn -0.6267 -0.6903 -0.3616
vn -0.793 -0.5767 -0.1963
vn -0.6267 -0.6903 -0.3616
vn -0.8598 -0.103 -0.5001
vn -0.9228 -0.1044 -0.3709
vn -0.6268 -0.6903 -0.3615
vn -0.9227 -0.1045 -0.371
vn -0.8598 -0.1031 -0.5002
vn -0.6445 0.6504 -0.4021
vn -0.7658 -0.0897 -0.6368
vn -0.8597 -0.1032 -0.5002
vn -0.6265 -0.6905 -0.3615
vn -0.8598 -0.103 -0.5002
vn -0.7659 -0.0894 -0.6368
vn -0.6444 0.6504 -0.402
vn -0.5117 -0.6795 -0.5258
vn -0.7659 -0.0894 -0.6367
vn -0.4676 0.6726 -0.5736
vn -0.6444 0.6504 -0.4021
vn -0.6446 0.6503 -0.402
vn -0.4678 0.6724 -0.5736
vn -0.2471 0.9524 -0.1785
vn -0.6594 -0.0881 -0.7466
vn -0.766 -0.0893 -0.6366
vn -0.5119 -0.6795 -0.5257
vn -0.7658 -0.0893 -0.6369
vn -0.6591 -0.0882 -0.7469
vn -0.4675 0.6725 -0.5737
vn -0.5331 -0.0914 -0.8411
vn -0.6593 -0.0883 -0.7467
vn -0.5117 -0.6796 -0.5257
vn -0.6592 -0.0881 -0.7467
vn -0.5329 -0.0912 -0.8412
vn -0.4676 0.6725 -0.5736
vn -0.5117 -0.6795 -0.5258
vn -0.3322 -0.6717 -0.6622
vn -0.533 -0.0913 -0.8412
vn -0.1327 0.9327 -0.3354
vn -0.4677 0.6726 -0.5735
vn -0.1327 0.9326 -0.3356
vn -0.3417 0.6193 -0.7069
vn -0.4677 0.6725 -0.5736
vn -0.5331 -0.0913 -0.8411
vn -0.4677 0.6725 -0.5736
vn -0.3417 0.6193 -0.7069
vn -0.3936 -0.0766 -0.9161
vn -0.3323 -0.6717 -0.6621
vn -0.5329 -0.0913 -0.8412
vn -0.3934 -0.0766 -0.9162
vn -0.3416 0.6192 -0.707
vn -0.188 -0.5332 -0.8248
vn -0.3934 -0.0764 -0.9162
vn -0.3322 -0.6716 -0.6623
vn -0.1881 -0.5333 -0.8247
vn -0.3322 -0.6717 -0.6621
vn -0.2294 0.3577 -0.9052
vn -0.3936 -0.0765 -0.9161
vn -0.1882 -0.5333 -0.8247
vn -0.2296 0.3577 -0.9051
vn -0.2295 0.3578 -0.9051
vn 0.0088 -0.6649 -0.7469
vn -0.1431 -0.8607 -0.4887
vn -0.1429 -0.8606 -0.4887
vn 0.0019 -0.8602 -0.5099
vn 0.009 -0.6648 -0.747
vn -0.0667 -0.0658 -0.9956
vn -0.2294 0.3578 -0.9052
vn -0.1881 -0.5332 -0.8248
vn 0.0089 -0.6648 -0.747
vn -0.0669 -0.0657 -0.9956
vn -0.056 0.6761 -0.7347
vn -0.1326 0.9326 -0.3356
vn -0.2294 0.3577 -0.9052
vn -0.2295 0.3577 -0.9052
vn -0.0669 -0.0659 -0.9956
vn -0.0561 0.6761 -0.7347
vn -0.1327 0.9327 -0.3352
vn -0.0561 0.6764 -0.7344
vn -0.0013 0.9641 -0.2654
vn -0.1327 0.9326 -0.3355
vn -0.0013 0.9641 -0.2657
vn 0.1228 0.6708 -0.7314
vn -0.0561 0.6762 -0.7346
vn -0.0562 0.6762 -0.7346
vn 0.1227 0.6708 -0.7314
vn -0.0015 0.9641 -0.2657
vn 0.0768 -0.0731 -0.9944
vn 0.0089 -0.6647 -0.7471
vn 0.0768 -0.0732 -0.9944
vn -0.0014 0.9641 -0.2657
vn 0.1078 0.9571 -0.2689
vn -0.0036 0.9999 -0.014
vn 0.1079 0.9571 -0.2689
vn 0.1229 0.6707 -0.7314
vn 0.2406 -0.0695 -0.9681
vn 0.058 0.9983 0.0066
vn 0.058 0.9983 0.0065
vn 0.0314 0.9984 0.0473
vn 0.1228 0.6707 -0.7315
vn 0.3551 0.666 -0.656
vn 0.3552 0.6659 -0.656
vn 0.1228 0.6707 -0.7315
vn 0.2405 -0.0696 -0.9681
vn 0.1941 0.9598 -0.2026
vn 0.1941 0.9599 -0.2024
vn 0.1078 0.9572 -0.2688
vn 0.3552 0.6661 -0.6559
vn 0.0824 0.9949 0.0584
vn 0.0824 0.9949 0.0583
vn 0.0582 0.9922 0.11
vn 0.0315 0.9984 0.0473
vn 0.1941 0.9599 -0.2025
vn 0.4064 0.9022 -0.1443
vn 0.4065 0.9022 -0.1443
vn 0.3552 0.666 -0.656
vn 0.5244 0.6688 -0.527
vn 0.194 0.9599 -0.2026
vn 0.4065 0.9022 -0.1444
vn 0.3206 0.9395 0.1207
vn 0.3207 0.9395 0.1207
vn 0.2662 0.9405 0.2112
vn 0.3205 0.9395 0.1208
vn 0.7443 0.6126 0.2659
vn 0.3218 0.9467 0.0179
vn 0.3206 0.9395 0.1208
vn 0.3218 0.9466 0.0178
vn 0.7809 0.6214 0.0638
vn 0.7443 0.6127 0.2659
vn 0.3204 0.9395 0.1207
vn 0.3208 0.9394 0.1207
vn 0.322 0.9466 0.0179
vn 0.7811 0.6211 0.0637
vn 0.4063 0.9023 -0.1444
vn 0.7625 0.6377 -0.1097
vn 0.3216 0.9467 0.0179
vn 0.7626 0.6375 -0.1096
vn 0.781 0.6213 0.0637
vn 0.3218 0.9466 0.0179
vn 0.7444 0.6125 0.2659
vn 0.781 0.6212 0.0637
vn 0.983 -0.1503 0.1054
vn 0.983 -0.1502 0.1054
vn 0.943 -0.1661 0.2883
vn 0.7444 0.6126 0.2659
vn 0.781 0.6213 0.0637
vn 0.7626 0.6375 -0.1096
vn 0.9744 -0.1152 -0.1933
vn 0.99 -0.1311 -0.0512
vn 0.9744 -0.1153 -0.1932
vn 0.99 -0.1312 -0.0511
vn 0.7811 0.6212 0.0637
vn 0.6991 -0.7044 -0.1225
vn 0.983 -0.1502 0.1053
vn 0.9901 -0.131 -0.0512
vn 0.6991 -0.7044 -0.1226
vn 0.699 -0.7045 -0.1226
vn 0.6937 -0.7147 0.0896
vn 0.699 -0.7046 -0.1226
vn 0.4549 -0.8833 -0.1132
vn 0.89 0.322 -0.323
vn 0.9743 -0.1152 -0.1933
vn 0.7626 0.6375 -0.1097
vn 0.7627 0.6374 -0.1095
vn 0.4067 0.9021 -0.1443
vn 0.8901 0.3219 -0.3228
vn 0.7587 -0.5719 -0.3119
vn 0.6992 -0.7044 -0.1225
vn 0.9744 -0.1151 -0.1932
vn 0.89 0.322 -0.3229
vn 0.7587 -0.5719 -0.312
vn 0.3977 -0.8741 -0.2789
vn 0.6991 -0.7045 -0.1224
vn 0.699 -0.7045 -0.1225
vn 0.7586 -0.572 -0.312
vn 0.4551 -0.8832 -0.1132
vn 0.3978 -0.874 -0.2789
vn 0.6283 0.6493 -0.4285
vn 0.8899 0.3221 -0.3229
vn 0.4064 0.9022 -0.1443
vn 0.5246 0.6689 -0.5266
vn 0.6286 0.6492 -0.4282
vn 0.4068 0.9021 -0.1441
vn 0.8534 -0.1069 -0.5103
vn 0.7586 -0.5719 -0.312
vn 0.8899 0.322 -0.323
vn 0.6285 0.6492 -0.4284
vn 0.8534 -0.1069 -0.5101
vn 0.5974 -0.6902 -0.4083
vn 0.3977 -0.8741 -0.279
vn 0.8534 -0.1068 -0.5101
vn 0.5976 -0.6901 -0.4082
vn 0.3687 -0.8341 -0.4102
vn 0.3978 -0.8741 -0.279
vn 0.3688 -0.8341 -0.4102
vn 0.5635 -0.5902 -0.578
vn 0.5976 -0.6901 -0.4082
vn 0.511 -0.6792 -0.5269
vn 0.3979 -0.874 -0.2789
vn 0.5108 -0.6792 -0.527
vn 0.5974 -0.6902 -0.4083
vn 0.8533 -0.1069 -0.5103
vn 0.3978 -0.8741 -0.2789
vn 0.2752 -0.8661 -0.4173
vn 0.2751 -0.8662 -0.4171
vn 0.3977 -0.8741 -0.2788
vn 0.5108 -0.6793 -0.5269
vn 0.7656 -0.095 -0.6363
vn 0.8534 -0.1069 -0.5102
vn 0.5109 -0.6792 -0.527
vn 0.6533 -0.0924 -0.7514
vn 0.7656 -0.0949 -0.6363
vn 0.7657 -0.0947 -0.6362
vn 0.6534 -0.0923 -0.7513
vn 0.5111 -0.679 -0.527
vn 0.6284 0.6492 -0.4286
vn 0.5244 0.6688 -0.527
vn 0.6533 -0.0926 -0.7514
vn 0.5109 -0.6792 -0.527
vn 0.3666 -0.6765 -0.6388
vn 0.3666 -0.6764 -0.6388
vn 0.5109 -0.6791 -0.5271
vn 0.6534 -0.0924 -0.7514
vn 0.5369 -0.0757 -0.8403
vn 0.6533 -0.0925 -0.7514
vn 0.5244 0.6688 -0.5271
vn 0.6534 -0.0924 -0.7513
vn 0.537 -0.0755 -0.8402
vn 0.3667 -0.6764 -0.6387
vn 0.5244 0.6687 -0.527
vn 0.3855 -0.0775 -0.9195
vn 0.5368 -0.0756 -0.8403
vn 0.3551 0.666 -0.656
vn 0.2406 -0.0694 -0.9681
vn 0.3856 -0.0773 -0.9194
vn 0.3552 0.6661 -0.6559
vn 0.5369 -0.0754 -0.8403
vn 0.3855 -0.0773 -0.9195
vn 0.2213 -0.6665 -0.7119
vn 0.3857 -0.0775 -0.9194
vn 0.2407 -0.0696 -0.9681
vn 0.2213 -0.6666 -0.7118
vn 0.2214 -0.6666 -0.7117
vn 0.3666 -0.6766 -0.6386
vn 0.537 -0.0757 -0.8402
vn 0.0089 -0.6649 -0.7469
vn 0.2213 -0.6667 -0.7117
vn 0.2406 -0.0697 -0.9681
vn 0.2212 -0.6666 -0.7118
vn 0.0089 -0.6649 -0.7469
vn 0.0018 -0.8603 -0.5098
vn 0.3666 -0.6765 -0.6387
vn 0.2213 -0.6666 -0.7118
vn 0.1429 -0.8639 -0.483
vn 0.0018 -0.8602 -0.5099
vn 0.1429 -0.8638 -0.4831
vn 0.2213 -0.6665 -0.7119
vn 0.2752 -0.8661 -0.4172
vn 0.143 -0.8639 -0.483
vn 0.0019 -0.8603 -0.5098
vn 0.1991 -0.8269 -0.526
vn 0.1991 -0.8268 -0.5261
vn 0.0516 -0.5871 -0.8079
vn 0.1992 -0.8269 -0.526
vn 0.356 -0.5838 -0.7297
vn 0.1991 -0.8268 -0.526
vn 0.5635 -0.5903 -0.578
vn 0.5635 -0.5903 -0.5779
vn 0.356 -0.5838 -0.7297
vn 0.5246 -0.2433 -0.8158
vn 0.5246 -0.2433 -0.8159
vn 0.7009 -0.2547 -0.6662
vn 0.5635 -0.5903 -0.578
vn 0.3559 -0.5838 -0.7297
vn 0.0515 -0.587 -0.8079
vn 0.2861 -0.2395 -0.9278
vn 0.2864 -0.2396 -0.9277
vn 0.5248 -0.2432 -0.8157
vn 0.3562 -0.5838 -0.7296
vn 0.7009 -0.2546 -0.6663
vn 0.5245 -0.2433 -0.8159
vn 0.408 0.4176 -0.8119
vn 0.2862 -0.2396 -0.9277
vn 0.4081 0.4175 -0.8119
vn 0.4081 0.4175 -0.8118
vn 0.6848 0.2884 -0.6692
vn 0.7009 -0.2546 -0.6662
vn -0.017 -0.2966 -0.9549
vn -0.3403 -0.2375 -0.9098
vn -0.0168 -0.2965 -0.9549
vn 0.0517 -0.587 -0.808
vn -0.0169 -0.2966 -0.9548
vn -0.0844 -0.08 -0.9932
vn -0.0169 -0.2967 -0.9548
vn 0.1909 0.2324 -0.9537
vn 0.4082 0.4175 -0.8118
vn 0.2863 -0.2396 -0.9277
vn 0.2861 -0.2396 -0.9278
vn -0.0845 -0.08 -0.9932
vn 0.1907 0.2324 -0.9537
vn 0.685 0.2882 -0.6692
vn 0.4083 0.4174 -0.8118
vn 0.2002 0.926 -0.3201
vn 0.2001 0.926 -0.32
vn 0.6849 0.2885 -0.6691
vn 0.408 0.4172 -0.812
vn 0.1908 0.232 -0.9538
vn 0.0302 0.8608 -0.508
vn 0.408 0.4177 -0.8119
vn 0.0301 0.8611 -0.5076
vn 0.1999 0.9261 -0.3201
vn -0.1706 0.2653 -0.949
vn 0.1908 0.2324 -0.9537
vn 0.1907 0.2323 -0.9538
vn -0.1707 0.2651 -0.949
vn 0.0302 0.8609 -0.5078
vn -0.4465 0.2818 -0.8492
vn -0.4464 0.2818 -0.8493
vn -0.1705 0.2653 -0.949
vn -0.0843 -0.08 -0.9932
vn -0.6843 0.393 -0.6143
vn -0.4465 0.2818 -0.8493
vn -0.1847 0.8579 -0.4794
vn 0.0302 0.861 -0.5077
vn -0.1707 0.2652 -0.949
vn -0.4465 0.2819 -0.8492
vn -0.1845 0.858 -0.4794
vn -0.6843 0.3931 -0.6142
vn -0.3503 0.8939 -0.2797
vn -0.4465 0.2819 -0.8492
vn -0.3505 0.8938 -0.2798
vn -0.1848 0.8578 -0.4796
vn -0.4467 0.2817 -0.8492
vn -0.5344 0.8293 -0.1636
vn -0.35 0.894 -0.2796
vn -0.6841 0.3934 -0.6142
vn 0.0303 0.8609 -0.5079
vn -0.1847 0.8578 -0.4796
vn -0.2597 0.8597 -0.4398
vn -0.1843 0.858 -0.4794
vn -0.35 0.894 -0.2798
vn -0.2593 0.86 -0.4395
vn 0.2001 0.926 -0.3202
vn 0.0304 0.861 -0.5078
vn 0.0652 0.8403 -0.5381
vn -0.2596 0.8599 -0.4395
vn 0.0652 0.8405 -0.5379
vn 0.0303 0.8611 -0.5076
vn 0.4844 0.8379 -0.2518
vn 0.1999 0.926 -0.3201
vn 0.3662 0.865 -0.3431
vn 0.3661 0.8649 -0.3432
vn 0.4468 0.885 -0.1307
vn 0.4843 0.8378 -0.2519
vn 0.0651 0.8404 -0.538
vn 0.2348 0.8407 -0.488
vn 0.235 0.8407 -0.4879
vn 0.3661 0.865 -0.343
vn 0.1999 0.9261 -0.32
vn -0.3505 0.8938 -0.2798
vn -0.5349 0.8289 -0.1638
vn -0.4597 0.8593 -0.2241
vn -0.4596 0.8593 -0.2244
vn -0.2596 0.8598 -0.4398
vn -0.3504 0.8938 -0.2801
vn 0.3663 0.865 -0.343
vn 0.2351 0.8406 -0.488
vn 0.5655 0.4367 -0.6997
vn 0.0653 0.8404 -0.5381
vn -0.2595 0.8598 -0.4397
vn -0.1658 0.5936 -0.7875
vn 0.7034 0.5512 -0.4488
vn 0.3662 0.865 -0.343
vn 0.5653 0.4368 -0.6997
vn 0.4467 0.8851 -0.1308
vn 0.366 0.865 -0.3433
vn 0.7033 0.5512 -0.449
vn 0.235 0.8405 -0.4882
vn 0.0652 0.8403 -0.5382
vn 0.1687 0.2191 -0.961
vn -0.1659 0.5937 -0.7874
vn 0.1687 0.2193 -0.961
vn 0.0652 0.8404 -0.538
vn 0.3716 0.2376 -0.8975
vn 0.5651 0.4368 -0.6999
vn 0.2347 0.8406 -0.4881
vn 0.1688 0.2194 -0.9609
vn 0.3719 0.2377 -0.8973
vn 0.2351 0.8407 -0.4879
vn 0.3718 0.2376 -0.8974
vn 0.5951 -0.1478 -0.79
vn 0.5654 0.4367 -0.6998
vn 0.7036 0.5511 -0.4486
vn 0.5657 0.4366 -0.6995
vn 0.5954 -0.1477 -0.7897
vn 0.3717 0.2375 -0.8974
vn 0.1686 0.2193 -0.961
vn 0.2563 -0.5481 -0.7962
vn 0.5951 -0.1478 -0.7899
vn 0.3717 0.2376 -0.8974
vn -0.0949 -0.1258 -0.9875
vn -0.0947 -0.1258 -0.9875
vn 0.2564 -0.5481 -0.7961
vn 0.1688 0.2193 -0.961
vn -0.166 0.5938 -0.7873
vn -0.2597 0.8599 -0.4394
vn -0.479 0.3063 -0.8227
vn -0.4788 0.306 -0.8229
vn -0.0947 -0.1259 -0.9875
vn -0.1658 0.5936 -0.7875
vn -0.2597 0.86 -0.4394
vn -0.4595 0.8595 -0.224
vn -0.6058 0.5917 -0.532
vn -0.2596 0.8599 -0.4396
vn -0.6057 0.5916 -0.5321
vn -0.4789 0.3062 -0.8228
vn -0.6057 0.5916 -0.5321
vn -0.4595 0.8594 -0.2242
vn -0.8389 0.4089 -0.3592
vn -0.095 -0.1257 -0.9875
vn -0.479 0.3062 -0.8227
vn -0.2699 -0.2392 -0.9327
vn -0.4789 0.3061 -0.8228
vn -0.6057 0.5916 -0.5322
vn -0.7932 -0.1095 -0.599
vn -0.6058 0.5915 -0.5321
vn -0.7933 -0.1095 -0.5989
vn -0.6125 -0.1716 -0.7716
vn -0.2694 -0.2392 -0.9329
vn -0.4786 0.3062 -0.8229
vn -0.7933 -0.1096 -0.5989
vn -0.6129 -0.1717 -0.7713
vn -0.4791 0.3061 -0.8227
vn -0.0952 -0.1256 -0.9875
vn -0.2702 -0.2389 -0.9327
vn -0.2772 -0.6827 -0.6761
vn -0.2697 -0.2389 -0.9328
vn -0.6127 -0.1714 -0.7715
vn -0.2768 -0.6827 -0.6763
vn 0.2563 -0.548 -0.7962
vn -0.0948 -0.1256 -0.9875
vn 0.0183 -0.6783 -0.7345
vn -0.2767 -0.6828 -0.6762
vn 0.0184 -0.6783 -0.7346
vn -0.0947 -0.1256 -0.9876
vn -0.6129 -0.1715 -0.7713
vn -0.7933 -0.1093 -0.5989
vn -0.497 -0.6896 -0.5267
vn -0.497 -0.6897 -0.5266
vn -0.2769 -0.6829 -0.676
vn 0.2563 -0.548 -0.7962
vn 0.0183 -0.6783 -0.7345
vn 0.3018 -0.5192 -0.7996
vn 0.0183 -0.6786 -0.7343
vn -0.2767 -0.6831 -0.6759
vn -0.0509 -0.5152 -0.8556
vn -0.051 -0.5151 -0.8556
vn 0.3018 -0.5195 -0.7994
vn 0.0182 -0.6786 -0.7343
vn -0.2768 -0.6829 -0.6761
vn -0.4969 -0.6897 -0.5267
vn -0.4094 -0.5373 -0.7374
vn -0.4093 -0.5373 -0.7374
vn -0.0508 -0.5149 -0.8557
vn -0.2767 -0.6829 -0.6761
vn 0.4703 -0.6841 -0.5575
vn 0.2563 -0.5481 -0.7962
vn 0.2968 -0.5197 -0.8012
vn 0.2564 -0.5483 -0.796
vn 0.4705 -0.6842 -0.5572
vn 0.5952 -0.1479 -0.7898
vn 0.3018 -0.5193 -0.7995
vn -0.0509 -0.515 -0.8557
vn 0.086 0.0586 -0.9946
vn -0.3992 0.0537 -0.9153
vn 0.0859 0.0586 -0.9946
vn -0.0509 -0.5149 -0.8557
vn -0.4094 -0.5373 -0.7374
vn 0.5507 0.048 -0.8333
vn -0.8275 0.0315 -0.5606
vn 0.6519 -0.5533 -0.5186
vn 0.3017 -0.5193 -0.7996
vn 0.5507 0.0479 -0.8333
vn 0.3019 -0.5193 -0.7995
vn 0.652 -0.5532 -0.5185
vn 0.4705 -0.684 -0.5574
vn 0.5507 0.0479 -0.8333
vn 0.9059 0.0223 -0.423
vn 0.6519 -0.5533 -0.5186
vn -0.4094 -0.5373 -0.7374
vn -0.7066 -0.5545 -0.4396
vn -0.8275 0.0315 -0.5606
vn -0.7066 -0.5545 -0.4395
vn -0.9998 -0.0045 0.0202
vn -0.8274 0.0315 -0.5607
vn 0.8074 -0.5878 -0.0504
vn 0.6519 -0.5533 -0.5185
vn 0.9937 -0.0102 0.1119
vn -0.6043 -0.7214 -0.3384
vn -0.7066 -0.5545 -0.4396
vn -0.6043 -0.7214 -0.3383
vn -0.4969 -0.6897 -0.5267
vn -0.7066 -0.5545 -0.4395
vn -0.822 -0.5658 -0.0645
vn -0.9998 -0.0045 0.0203
vn -0.8222 -0.5656 -0.0645
vn -0.7068 -0.5543 -0.4396
vn -0.6045 -0.7211 -0.3384
vn -0.7933 -0.1095 -0.5988
vn -0.8956 -0.2076 -0.3935
vn -0.6044 -0.7213 -0.3382
vn -0.8955 -0.2076 -0.3936
vn -0.7933 -0.1094 -0.5989
vn -0.8389 0.4089 -0.3591
vn -0.6043 -0.7214 -0.3383
vn -0.7893 -0.5989 -0.1355
vn -0.822 -0.5658 -0.0645
vn -0.7893 -0.5988 -0.1358
vn -0.6042 -0.7213 -0.3385
vn -0.8954 -0.2076 -0.3938
vn -0.7428 -0.5889 0.3186
vn -0.8338 -0.0378 0.5507
vn -0.9998 -0.0046 0.0203
vn -0.7893 -0.5989 -0.1357
vn -0.6672 -0.7289 0.1535
vn -0.822 -0.5658 -0.0646
vn -0.7428 -0.5888 0.3185
vn -0.8221 -0.5657 -0.0646
vn -0.6672 -0.7288 0.1536
vn -0.8955 -0.2077 -0.3937
vn -0.976 0.1937 -0.0996
vn -0.7892 -0.5989 -0.1356
vn -0.976 0.1938 -0.0995
vn -0.8955 -0.2077 -0.3936
vn -0.5235 -0.5993 0.6056
vn -0.8339 -0.0378 0.5507
vn -0.481 -0.0581 0.8748
vn -0.8338 -0.0378 0.5508
vn -0.5234 -0.5993 0.6057
vn -0.9676 -0.1783 0.1789
vn -0.976 0.1938 -0.0996
vn -0.7893 -0.5988 -0.1356
vn -0.9676 -0.1781 0.1789
vn -0.6673 -0.7288 0.1536
vn -0.5235 -0.5993 0.6056
vn -0.1841 -0.6098 0.7709
vn -0.4811 -0.0581 0.8747
vn -0.0705 -0.064 0.9955
vn -0.184 -0.6098 0.7709
vn 0.3991 -0.0588 0.915
vn -0.0704 -0.064 0.9955
vn -0.5236 -0.5993 0.6056
vn -0.7429 -0.5888 0.3185
vn -0.5092 -0.7442 0.4323
vn -0.6672 -0.7288 0.1537
vn -0.5091 -0.7442 0.4324
vn -0.7428 -0.5888 0.3187
vn -0.1839 -0.6096 0.7711
vn -0.5234 -0.5992 0.6058
vn -0.5091 -0.7442 0.4325
vn -0.9675 -0.1783 0.1791
vn -0.8515 -0.2352 0.4687
vn -0.6671 -0.7289 0.1538
vn -0.5091 -0.7442 0.4324
vn -0.6672 -0.7289 0.1537
vn -0.8516 -0.2351 0.4685
vn -0.8211 0.5253 0.2234
vn -0.9676 -0.1782 0.1789
vn -0.8516 -0.2352 0.4685
vn -0.9676 -0.1783 0.1788
vn -0.8211 0.5253 0.2233
vn -0.5818 0.8073 -0.0986
vn -0.4595 0.8594 -0.2243
vn -0.5818 0.8073 -0.0988
vn -0.8389 0.4088 -0.3593
vn -0.5819 0.8073 -0.0986
vn -0.4596 0.8593 -0.2242
vn -0.5348 0.8289 -0.1639
vn -0.5819 0.8073 -0.0986
vn -0.5718 0.819 0.0482
vn -0.976 0.1937 -0.0997
vn -0.8211 0.5252 0.2234
vn -0.5345 0.8291 -0.1638
vn -0.3517 0.9348 0.0495
vn -0.5816 0.8075 -0.0985
vn -0.5716 0.8191 0.0481
vn -0.5818 0.8073 -0.0987
vn -0.3518 0.9348 0.0493
vn -0.5348 0.829 -0.1637
vn -0.807 0.5631 0.1779
vn -0.352 0.9347 0.0496
vn -0.4555 0.8197 0.3473
vn -0.3518 0.9348 0.0492
vn -0.8074 0.5623 0.1785
vn -0.3999 0.8688 0.292
vn -0.5716 0.8191 0.0483
vn -0.3518 0.9348 0.0495
vn -0.3519 0.9347 0.0495
vn -0.4555 0.8196 0.3475
vn -0.4 0.8688 0.292
vn -0.5715 0.8192 0.0483
vn -0.3998 0.8689 0.292
vn -0.821 0.5255 0.2234
vn -0.7605 0.4548 0.4634
vn -0.7605 0.4549 0.4634
vn -0.8211 0.5253 0.2233
vn -0.4 0.8688 0.2918
vn -0.6794 -0.164 0.7152
vn -0.7605 0.4548 0.4635
vn -0.8517 -0.2352 0.4683
vn -0.6795 -0.1641 0.7151
vn -0.5092 -0.7443 0.4321
vn -0.5586 0.5455 0.6248
vn -0.7605 0.4548 0.4634
vn -0.4 0.8688 0.2919
vn -0.7604 0.4548 0.4635
vn -0.5585 0.5456 0.6248
vn -0.6793 -0.164 0.7153
vn -0.201 0.866 0.4579
vn -0.3999 0.8688 0.2919
vn -0.4554 0.8197 0.3474
vn -0.4003 0.8687 0.2917
vn -0.2014 0.866 0.4577
vn -0.5589 0.5455 0.6246
vn -0.4554 0.8196 0.3477
vn -0.3452 0.7926 0.5025
vn -0.2009 0.8658 0.4583
vn -0.3454 0.7927 0.5024
vn -0.0873 0.7969 0.5978
vn -0.2011 0.8659 0.4581
vn -0.5586 0.5456 0.6247
vn -0.3842 0.4197 0.8224
vn -0.6794 -0.1639 0.7152
vn -0.384 0.419 0.8228
vn -0.5584 0.5453 0.6252
vn -0.2009 0.8657 0.4584
vn -0.6793 -0.1639 0.7154
vn -0.5016 -0.3108 0.8073
vn -0.509 -0.7442 0.4325
vn -0.5021 -0.3108 0.807
vn -0.6796 -0.164 0.715
vn -0.3845 0.4196 0.8222
vn -0.0398 0.7851 0.618
vn -0.2009 0.866 0.4579
vn -0.0872 0.797 0.5976
vn -0.0399 0.7852 0.6179
vn -0.3842 0.4197 0.8223
vn -0.201 0.8661 0.4578
vn -0.2293 -0.7643 0.6027
vn -0.509 -0.7444 0.4323
vn -0.5017 -0.3111 0.8072
vn -0.2295 -0.7642 0.6028
vn -0.1841 -0.6098 0.7709
vn -0.2244 -0.2268 0.9477
vn -0.5018 -0.3109 0.8072
vn -0.3842 0.4196 0.8224
vn -0.5017 -0.3111 0.8072
vn -0.2243 -0.227 0.9477
vn -0.2293 -0.7643 0.6027
vn -0.3843 0.4195 0.8224
vn -0.0399 0.785 0.6181
vn -0.0822 0.2986 0.9508
vn -0.3843 0.4197 0.8223
vn -0.0823 0.2988 0.9508
vn -0.2245 -0.2268 0.9477
vn 0.1724 0.8547 0.4896
vn -0.04 0.785 0.6182
vn -0.0874 0.7969 0.5978
vn -0.0873 0.797 0.5977
vn 0.1569 0.8039 0.5737
vn 0.1726 0.8547 0.4895
vn 0.2041 0.4558 0.8664
vn -0.0821 0.2987 0.9508
vn -0.0398 0.7851 0.6181
vn -0.0399 0.7851 0.6181
vn 0.1726 0.8547 0.4896
vn 0.2042 0.4557 0.8664
vn 0.0859 -0.234 0.9684
vn -0.0822 0.2987 0.9508
vn -0.0823 0.2987 0.9508
vn 0.204 0.4557 0.8665
vn 0.0858 -0.2341 0.9684
vn 0.0432 -0.7756 0.6297
vn -0.2294 -0.7641 0.6029
vn -0.2244 -0.2267 0.9478
vn -0.2245 -0.2272 0.9476
vn 0.0858 -0.2344 0.9683
vn 0.0432 -0.776 0.6293
vn 0.1773 -0.6062 0.7753
vn -0.184 -0.61 0.7708
vn -0.2293 -0.7644 0.6025
vn -0.2294 -0.7642 0.6028
vn 0.0432 -0.7757 0.6296
vn 0.1773 -0.6061 0.7754
vn -0.184 -0.6097 0.771
vn 0.1773 -0.6061 0.7754
vn 0.3991 -0.0587 0.915
vn 0.3692 -0.6662 0.6479
vn 0.0432 -0.7757 0.6296
vn 0.0433 -0.7757 0.6296
vn 0.3693 -0.6662 0.6479
vn 0.1773 -0.606 0.7754
vn 0.4586 -0.6068 0.6492
vn 0.4585 -0.6068 0.6492
vn 0.1772 -0.606 0.7755
vn 0.3692 -0.6662 0.6479
vn 0.8122 -0.0393 0.5821
vn 0.0858 -0.2339 0.9685
vn 0.3532 -0.1628 0.9213
vn 0.3692 -0.6661 0.648
vn 0.3535 -0.1629 0.9211
vn 0.086 -0.234 0.9684
vn 0.2042 0.4557 0.8664
vn 0.6982 -0.6014 0.3884
vn 0.9937 -0.0102 0.112
vn 0.8122 -0.0393 0.5821
vn 0.6982 -0.6014 0.3884
vn 0.6982 -0.6013 0.3884
vn 0.3694 -0.6662 0.6479
vn 0.5113 -0.7429 0.432
vn 0.4587 -0.6068 0.6492
vn 0.6982 -0.6013 0.3886
vn 0.4585 -0.6066 0.6494
vn 0.5112 -0.7429 0.4322
vn 0.3533 -0.1629 0.9212
vn 0.6945 -0.1418 0.7054
vn 0.3693 -0.6663 0.6479
vn 0.3694 -0.6661 0.648
vn 0.6945 -0.1415 0.7055
vn 0.5113 -0.7428 0.4322
vn 0.2044 0.4558 0.8663
vn 0.5073 0.4536 0.7327
vn 0.3536 -0.1628 0.9211
vn 0.6943 -0.1417 0.7056
vn 0.3531 -0.1628 0.9213
vn 0.5068 0.4536 0.733
vn 0.5068 0.4534 0.7332
vn 0.2038 0.4554 0.8666
vn 0.1724 0.8546 0.4899
vn 0.6945 -0.1419 0.7053
vn 0.8448 -0.2137 0.4905
vn 0.5112 -0.7431 0.4319
vn 0.8448 -0.2136 0.4905
vn 0.6945 -0.1417 0.7054
vn 0.507 0.4536 0.7329
vn 0.5113 -0.7429 0.4321
vn 0.646 -0.736 0.2025
vn 0.6983 -0.6012 0.3885
vn 0.6459 -0.7362 0.2023
vn 0.5112 -0.743 0.4319
vn 0.8448 -0.2138 0.4905
vn 0.8075 -0.5877 -0.0505
vn 0.6983 -0.6013 0.3883
vn 0.646 -0.736 0.2024
vn 0.1726 0.8548 0.4894
vn 0.3971 0.8187 0.4147
vn 0.5071 0.4537 0.7329
vn 0.3971 0.8187 0.4149
vn 0.1568 0.8038 0.5738
vn 0.3216 0.8893 0.3251
vn 0.397 0.8187 0.415
vn 0.7411 0.4862 0.463
vn 0.8448 -0.2137 0.4906
vn 0.7411 0.4863 0.463
vn 0.507 0.4537 0.7329
vn 0.397 0.8188 0.4148
vn 0.5134 0.8305 0.2161
vn 0.3971 0.8188 0.4147
vn 0.3218 0.8894 0.3248
vn 0.5133 0.8305 0.2162
vn 0.7411 0.4861 0.463
vn 0.3217 0.8893 0.325
vn 0.5584 0.8204 0.1226
vn 0.9577 -0.215 0.191
vn 0.8449 -0.2136 0.4905
vn 0.7412 0.4862 0.4628
vn 0.8447 -0.2137 0.4907
vn 0.9577 -0.2151 0.1913
vn 0.6458 -0.7362 0.2025
vn 0.6028 0.7958 0.0576
vn 0.5134 0.8305 0.216
vn 0.5585 0.8204 0.1224
vn 0.4469 0.885 -0.1306
vn 0.6026 0.7959 0.0578
vn 0.741 0.4863 0.463
vn 0.5132 0.8306 0.2162
vn 0.907 0.3668 0.2068
vn 0.5133 0.8306 0.2162
vn 0.6026 0.796 0.0578
vn 0.9071 0.3667 0.2068
vn 0.9071 0.3666 0.2069
vn 0.9577 -0.215 0.1913
vn 0.6024 0.7961 0.0578
vn 0.4467 0.8851 -0.1305
vn 0.8502 0.5004 -0.1634
vn 0.8502 0.5004 -0.1635
vn 0.907 0.3669 0.2068
vn 0.6024 0.7961 0.0577
vn 0.7034 0.5511 -0.4489
vn 0.8503 0.5003 -0.1636
vn 0.4468 0.885 -0.1306
vn 0.9774 -0.1834 -0.1049
vn 0.9577 -0.2149 0.1912
vn 0.9071 0.3665 0.2067
vn 0.8504 0.5001 -0.1635
vn 0.9774 -0.1836 -0.105
vn 0.6997 -0.7143 -0.0143
vn 0.646 -0.736 0.2025
vn 0.9577 -0.2148 0.1913
vn 0.9577 -0.215 0.1912
vn 0.9774 -0.1835 -0.1049
vn 0.6996 -0.7144 -0.0143
vn 0.6458 -0.7362 0.2025
vn 0.6995 -0.7145 -0.0144
vn 0.8073 -0.5879 -0.0504
vn 0.8503 0.5002 -0.1635
vn 0.7035 0.5511 -0.4488
vn 0.8085 -0.1664 -0.5645
vn 0.5951 -0.1478 -0.79
vn 0.8084 -0.1664 -0.5647
vn 0.7034 0.5511 -0.4489
vn 0.8085 -0.1664 -0.5644
vn 0.5953 -0.1478 -0.7898
vn 0.4705 -0.6841 -0.5573
vn 0.6996 -0.7144 -0.0144
vn 0.6437 -0.71 -0.2855
vn 0.8074 -0.5878 -0.0504
vn 0.6434 -0.7102 -0.2857
vn 0.6994 -0.7146 -0.0145
vn 0.9773 -0.1837 -0.1051
vn 0.4701 -0.6842 -0.5575
vn 0.6435 -0.7102 -0.2856
vn 0.8083 -0.1666 -0.5647
vn 0.8075 -0.5878 -0.0503
vn 0.6438 -0.71 -0.2854
vn 0.6438 -0.7099 -0.2856
vn 0.4705 -0.6839 -0.5575
vn 0.652 -0.5531 -0.5186
vn 0.8083 -0.1666 -0.5646
vn 0.9182 -0.0913 -0.3855
vn 0.8503 0.5002 -0.1637
vn 0.9183 -0.0912 -0.3853
vn 0.6438 -0.71 -0.2854
vn 0.9774 -0.1834 -0.105
vn 0.9183 -0.0913 -0.3853
vn 0.6437 -0.71 -0.2855
vn -0.2202 -0.0554 0.9739
vn 0.3728 -0.0545 0.9263
vn -0.1016 -0.0661 0.9926
vn -0.1017 -0.0661 0.9926
vn -0.6181 -0.0539 0.7842
vn 0.4235 -0.0576 0.9041
vn -0.7076 -0.0401 0.7055
vn -0.6181 -0.0538 0.7843
vn 0.7628 -0.04 0.6454
vn 0.3728 -0.0546 0.9263
vn -0.6181 -0.0539 0.7843
vn -0.9432 -0.0223 0.3315
vn -0.7076 -0.0401 0.7055
vn 0.7684 -0.0391 0.6388
vn 0.7627 -0.04 0.6455
vn -0.9631 -0.0159 0.2685
vn -0.9432 -0.0223 0.3314
vn 0.9625 -0.0177 0.2707
vn 0.7627 -0.04 0.6455
vn 0.7683 -0.039 0.6388
vn -0.9626 0.0178 -0.2705
vn -0.9631 -0.0159 0.2686
vn 0.7684 -0.039 0.6388
vn 0.9621 -0.0184 0.2721
vn -0.9755 0.0127 -0.2196
vn 0.9634 0.0122 -0.2676
vn 0.9625 -0.0177 0.2706
vn 0.9621 -0.0184 0.272
vn -0.9755 0.0126 -0.2195
vn -0.7149 0.0441 -0.6979
vn 0.9925 0.0081 -0.122
vn -0.6663 0.0474 -0.7441
vn -0.9625 0.0178 -0.2706
vn -0.7148 0.0441 -0.698
vn 0.9925 0.0081 -0.1219
vn 0.8495 0.0384 -0.5262
vn -0.1554 0.0646 -0.9857
vn -0.6664 0.0474 -0.7441
vn -0.7148 0.0441 -0.6979
vn 0.4797 -0.609 -0.6317
vn -0.236 -0.6195 -0.7487
vn 0.8495 0.0384 -0.5262
vn 0.4474 0.0627 -0.8921
vn 0.4798 -0.6091 -0.6316
vn -0.2359 -0.6195 -0.7487
vn 0.095 -0.611 -0.7859
vn 0.4475 0.0627 -0.8921
vn 0.0949 -0.611 -0.7859
vn 0.4797 -0.609 -0.6317
vn 0.4474 0.0627 -0.8922
vn 0.0001 -0.9981 -0.0611
vn 0.095 -0.6119 -0.7852
vn -0.2358 -0.6204 -0.748
vn 0.4796 -0.6092 -0.6316
vn 0.0949 -0.611 -0.7859
vn -0.0001 -0.9981 -0.0621
vn -0.0001 -0.9981 -0.0622
vn 0.0949 -0.6109 -0.786
vn 0.0001 -0.9981 -0.0623
vn 0.0952 -0.611 -0.7859
vn 0.0002 -0.9981 -0.0622
vn -0 -0.9981 -0.0622
vn 0.0951 -0.6109 -0.786
vn -0 -0.9981 -0.0622
vn -0 -0.9981 -0.0622
vn 0.095 -0.611 -0.7859
vn -0 -0.9981 -0.0622
vn -0.0001 -0.9981 -0.0619
vn 0.095 -0.6109 -0.786
vn -0.0001 -0.9981 -0.0623
vn 0.0002 -0.9981 -0.0622
vn 0.0002 -0.9981 -0.0622
vn 0.0002 -0.9981 -0.0622
vn 0.0002 -0.9981 -0.0622
vn -0.0002 -0.9981 -0.0622
vn -0.0002 -0.9981 -0.0622
f 3/3/3 2/2/2 1/1/1
f 6/6/6 5/5/5 4/4/4
f 9/9/9 8/8/8 7/7/7
f 12/12/12 11/11/11 10/10/10
f 15/15/15 14/14/14 13/13/13
f 18/18/18 17/17/17 16/16/16
f 21/21/21 20/20/20 19/19/19
f 24/24/24 23/23/23 22/22/22
f 27/27/27 26/26/26 25/25/25
f 30/30/30 29/29/29 28/28/28
f 33/33/33 32/32/32 31/31/31
f 36/36/36 35/35/35 34/34/34
f 39/39/39 38/38/38 37/37/37
f 42/42/42 41/41/41 40/40/40
f 45/45/45 44/44/44 43/43/43
f 48/48/48 47/47/47 46/46/46
f 51/51/51 50/50/50 49/49/49
f 54/54/54 53/53/53 52/52/52
f 57/57/57 56/56/56 55/55/55
f 60/60/60 59/59/59 58/58/58
f 63/63/63 62/62/62 61/61/61
f 66/66/66 65/65/65 64/64/64
f 69/69/69 68/68/68 67/67/67
f 72/72/72 71/71/71 70/70/70
f 75/75/75 74/74/74 73/73/73
f 78/78/78 77/77/77 76/76/76
f 81/81/81 80/80/80 79/79/79
f 84/84/84 83/83/83 82/82/82
f 87/87/87 86/86/86 85/85/85
f 90/90/90 89/89/89 88/88/88
f 88/88/88 95/95/95 105/105/105
f 95/95/95 88/88/88 94/94/94
f 93/93/93 92/92/92 91/91/91
f 98/98/98 97/97/97 96/96/96
f 101/101/101 100/100/100 99/99/99
f 99/99/99 210/210/210 209/209/209
f 104/104/104 103/103/103 102/102/102
f 108/108/108 107/107/107 106/106/106
f 111/111/111 110/110/110 109/109/109
f 114/114/114 113/113/113 112/112/112
f 117/117/117 116/116/116 115/115/115
f 157/157/157 236/236/236 116/116/116
f 158/158/158 157/157/157 156/156/156
f 120/120/120 119/119/119 118/118/118
f 128/128/128 127/127/127 119/119/119
f 123/123/123 122/122/122 121/121/121
f 126/126/126 125/125/125 124/124/124
f 131/131/131 130/130/130 129/129/129
f 134/134/134 133/133/133 132/132/132
f 134/134/134 205/205/205 204/204/204
f 137/137/137 136/136/136 135/135/135
f 140/140/140 139/139/139 138/138/138
f 143/143/143 142/142/142 141/141/141
f 146/146/146 145/145/145 144/144/144
f 149/149/149 148/148/148 147/147/147
f 152/152/152 151/151/151 150/150/150
f 155/155/155 154/154/154 153/153/153
f 161/161/161 160/160/160 159/159/159
f 164/164/164 163/163/163 162/162/162
f 167/167/167 166/166/166 165/165/165
f 170/170/170 169/169/169 168/168/168
f 173/173/173 172/172/172 171/171/171
f 176/176/176 175/175/175 174/174/174
f 179/179/179 178/178/178 177/177/177
f 182/182/182 181/181/181 180/180/180
f 185/185/185 184/184/184 183/183/183
f 188/188/188 187/187/187 186/186/186
f 191/191/191 190/190/190 189/189/189
f 194/194/194 193/193/193 192/192/192
f 197/197/197 196/196/196 195/195/195
f 243/243/243 242/242/242 197/197/197
f 248/248/248 243/243/243 247/247/247
f 247/247/247 256/256/256 255/255/255
f 200/200/200 199/199/199 198/198/198
f 203/203/203 202/202/202 201/201/201
f 208/208/208 207/207/207 206/206/206
f 212/212/212 207/207/207 211/211/211
f 215/215/215 214/214/214 213/213/213
f 218/218/218 217/217/217 216/216/216
f 221/221/221 220/220/220 219/219/219
f 224/224/224 223/223/223 222/222/222
f 227/227/227 226/226/226 225/225/225
f 238/238/238 225/225/225 237/237/237
f 235/235/235 225/225/225 234/234/234
f 230/230/230 229/229/229 228/228/228
f 233/233/233 232/232/232 231/231/231
f 241/241/241 240/240/240 239/239/239
f 246/246/246 245/245/245 244/244/244
f 251/251/251 250/250/250 249/249/249
f 254/254/254 253/253/253 252/252/252
f 259/259/259 258/258/258 257/257/257
f 262/262/262 261/261/261 260/260/260
f 262/262/262 308/308/308 307/307/307
f 265/265/265 264/264/264 263/263/263
f 268/268/268 267/267/267 266/266/266
f 271/271/271 270/270/270 269/269/269
f 274/274/274 273/273/273 272/272/272
f 277/277/277 276/276/276 275/275/275
f 285/285/285 277/277/277 284/284/284
f 280/280/280 279/279/279 278/278/278
f 283/283/283 282/282/282 281/281/281
f 288/288/288 287/287/287 286/286/286
f 291/291/291 290/290/290 289/289/289
f 294/294/294 293/293/293 292/292/292
f 297/297/297 296/296/296 295/295/295
f 300/300/300 299/299/299 298/298/298
f 303/303/303 302/302/302 301/301/301
f 306/306/306 305/305/305 304/304/304
f 311/311/311 310/310/310 309/309/309
f 314/314/314 313/313/313 312/312/312
f 312/312/312 319/319/319 318/318/318
f 317/317/317 316/316/316 315/315/315
f 322/322/322 321/321/321 320/320/320
f 325/325/325 324/324/324 323/323/323
f 328/328/328 327/327/327 326/326/326
f 331/331/331 330/330/330 329/329/329
f 420/420/420 330/330/330 419/419/419
f 334/334/334 333/333/333 332/332/332
f 337/337/337 336/336/336 335/335/335
f 340/340/340 339/339/339 338/338/338
f 343/343/343 342/342/342 341/341/341
f 346/346/346 345/345/345 344/344/344
f 349/349/349 348/348/348 347/347/347
f 352/352/352 351/351/351 350/350/350
f 351/351/351 352/352/352 367/367/367
f 458/458/458 457/457/457 367/367/367
f 355/355/355 354/354/354 353/353/353
f 353/353/353 363/363/363 362/362/362
f 358/358/358 357/357/357 356/356/356
f 361/361/361 360/360/360 359/359/359
f 366/366/366 365/365/365 364/364/364
f 370/370/370 369/369/369 368/368/368
f 373/373/373 372/372/372 371/371/371
f 376/376/376 375/375/375 374/374/374
f 379/379/379 378/378/378 377/377/377
f 382/382/382 381/381/381 380/380/380
f 385/385/385 384/384/384 383/383/383
f 388/388/388 387/387/387 386/386/386
f 388/388/388 396/396/396 395/395/395
f 387/387/387 401/401/401 400/400/400
f 406/406/406 405/405/405 387/387/387
f 413/413/413 424/424/424 405/405/405
f 415/415/415 414/414/414 413/413/413
f 391/391/391 390/390/390 389/389/389
f 394/394/394 393/393/393 392/392/392
f 399/399/399 398/398/398 397/397/397
f 404/404/404 403/403/403 402/402/402
f 409/409/409 408/408/408 407/407/407
f 412/412/412 411/411/411 410/410/410
f 418/418/418 417/417/417 416/416/416
f 423/423/423 422/422/422 421/421/421
f 427/427/427 426/426/426 425/425/425
f 429/429/429 428/428/428 426/426/426
f 432/432/432 431/431/431 430/430/430
f 435/435/435 434/434/434 433/433/433
f 438/438/438 437/437/437 436/436/436
f 441/441/441 440/440/440 439/439/439
f 444/444/444 443/443/443 442/442/442
f 447/447/447 446/446/446 445/445/445
f 466/466/466 445/445/445 465/465/465
f 450/450/450 449/449/449 448/448/448
f 453/453/453 452/452/452 451/451/451
f 456/456/456 455/455/455 454/454/454
f 461/461/461 460/460/460 459/459/459
f 464/464/464 463/463/463 462/462/462
f 469/469/469 468/468/468 467/467/467
f 472/472/472 471/471/471 470/470/470
f 475/475/475 474/474/474 473/473/473
f 478/478/478 477/477/477 476/476/476
f 481/481/481 480/480/480 479/479/479
f 484/484/484 483/483/483 482/482/482
f 487/487/487 486/486/486 485/485/485
f 490/490/490 489/489/489 488/488/488
f 488/488/488 503/503/503 490/490/490
f 493/493/493 492/492/492 491/491/491
f 496/496/496 495/495/495 494/494/494
f 499/499/499 498/498/498 497/497/497
f 502/502/502 501/501/501 500/500/500
f 506/506/506 505/505/505 504/504/504
f 509/509/509 508/508/508 507/507/507
f 512/512/512 511/511/511 510/510/510
f 515/515/515 514/514/514 513/513/513
f 518/518/518 517/517/517 516/516/516
f 521/521/521 520/520/520 519/519/519
f 524/524/524 523/523/523 522/522/522
f 555/555/555 554/554/554 523/523/523
f 527/527/527 526/526/526 525/525/525
f 530/530/530 529/529/529 528/528/528
f 529/529/529 530/530/530 540/540/540
f 540/540/540 547/547/547 529/529/529
f 547/547/547 623/623/623 622/622/622
f 533/533/533 532/532/532 531/531/531
f 536/536/536 535/535/535 534/534/534
f 539/539/539 538/538/538 537/537/537
f 543/543/543 542/542/542 541/541/541
f 546/546/546 545/545/545 544/544/544
f 646/646/646 544/544/544 645/645/645
f 550/550/550 549/549/549 548/548/548
f 590/590/590 549/549/549 589/589/589
f 553/553/553 552/552/552 551/551/551
f 558/558/558 557/557/557 556/556/556
f 561/561/561 560/560/560 559/559/559
f 564/564/564 563/563/563 562/562/562
f 592/592/592 591/591/591 564/564/564
f 567/567/567 566/566/566 565/565/565
f 570/570/570 569/569/569 568/568/568
f 573/573/573 572/572/572 571/571/571
f 576/576/576 575/575/575 574/574/574
f 594/594/594 574/574/574 593/593/593
f 579/579/579 578/578/578 577/577/577
f 582/582/582 581/581/581 580/580/580
f 585/585/585 584/584/584 583/583/583
f 588/588/588 587/587/587 586/586/586
f 678/678/678 677/677/677 587/587/587
f 597/597/597 596/596/596 595/595/595
f 600/600/600 599/599/599 598/598/598
f 603/603/603 602/602/602 601/601/601
f 606/606/606 605/605/605 604/604/604
f 609/609/609 608/608/608 607/607/607
f 612/612/612 611/611/611 610/610/610
f 615/615/615 614/614/614 613/613/613
f 618/618/618 617/617/617 616/616/616
f 621/621/621 620/620/620 619/619/619
f 626/626/626 625/625/625 624/624/624
f 629/629/629 628/628/628 627/627/627
f 799/799/799 798/798/798 628/628/628
f 798/798/798 799/799/799 806/806/806
f 632/632/632 631/631/631 630/630/630
f 635/635/635 634/634/634 633/633/633
f 638/638/638 637/637/637 636/636/636
f 641/641/641 640/640/640 639/639/639
f 779/779/779 778/778/778 639/639/639
f 839/839/839 778/778/778 838/838/838
f 841/841/841 840/840/840 839/839/839
f 644/644/644 643/643/643 642/642/642
f 649/649/649 648/648/648 647/647/647
f 652/652/652 651/651/651 650/650/650
f 655/655/655 654/654/654 653/653/653
f 658/658/658 657/657/657 656/656/656
f 661/661/661 660/660/660 659/659/659
f 664/664/664 663/663/663 662/662/662
f 667/667/667 666/666/666 665/665/665
f 666/666/666 667/667/667 684/684/684
f 670/670/670 669/669/669 668/668/668
f 673/673/673 672/672/672 671/671/671
f 671/671/671 683/683/683 682/682/682
f 676/676/676 675/675/675 674/674/674
f 681/681/681 680/680/680 679/679/679
f 687/687/687 686/686/686 685/685/685
f 690/690/690 689/689/689 688/688/688
f 693/693/693 692/692/692 691/691/691
f 696/696/696 695/695/695 694/694/694
f 699/699/699 698/698/698 697/697/697
f 713/713/713 697/697/697 712/712/712
f 732/732/732 712/712/712 731/731/731
f 702/702/702 701/701/701 700/700/700
f 705/705/705 704/704/704 703/703/703
f 724/724/724 723/723/723 704/704/704
f 708/708/708 707/707/707 706/706/706
f 711/711/711 710/710/710 709/709/709
f 716/716/716 715/715/715 714/714/714
f 719/719/719 718/718/718 717/717/717
f 722/722/722 721/721/721 720/720/720
f 727/727/727 726/726/726 725/725/725
f 814/814/814 727/727/727 813/813/813
f 730/730/730 729/729/729 728/728/728
f 735/735/735 734/734/734 733/733/733
f 738/738/738 737/737/737 736/736/736
f 741/741/741 740/740/740 739/739/739
f 744/744/744 743/743/743 742/742/742
f 747/747/747 746/746/746 745/745/745
f 750/750/750 749/749/749 748/748/748
f 753/753/753 752/752/752 751/751/751
f 756/756/756 755/755/755 754/754/754
f 759/759/759 758/758/758 757/757/757
f 762/762/762 761/761/761 760/760/760
f 765/765/765 764/764/764 763/763/763
f 768/768/768 767/767/767 766/766/766
f 899/899/899 913/913/913 767/767/767
f 900/900/900 899/899/899 768/768/768
f 771/771/771 770/770/770 769/769/769
f 774/774/774 773/773/773 772/772/772
f 777/777/777 776/776/776 775/775/775
f 782/782/782 781/781/781 780/780/780
f 785/785/785 784/784/784 783/783/783
f 788/788/788 787/787/787 786/786/786
f 791/791/791 790/790/790 789/789/789
f 794/794/794 793/793/793 792/792/792
f 797/797/797 796/796/796 795/795/795
f 802/802/802 801/801/801 800/800/800
f 805/805/805 804/804/804 803/803/803
f 809/809/809 808/808/808 807/807/807
f 812/812/812 811/811/811 810/810/810
f 817/817/817 816/816/816 815/815/815
f 820/820/820 819/819/819 818/818/818
f 823/823/823 822/822/822 821/821/821
f 826/826/826 825/825/825 824/824/824
f 825/825/825 834/834/834 833/833/833
f 829/829/829 828/828/828 827/827/827
f 832/832/832 831/831/831 830/830/830
f 837/837/837 836/836/836 835/835/835
f 844/844/844 843/843/843 842/842/842
f 847/847/847 846/846/846 845/845/845
f 850/850/850 849/849/849 848/848/848
f 853/853/853 852/852/852 851/851/851
f 856/856/856 855/855/855 854/854/854
f 859/859/859 858/858/858 857/857/857
f 862/862/862 861/861/861 860/860/860
f 865/865/865 864/864/864 863/863/863
f 868/868/868 867/867/867 866/866/866
f 867/867/867 868/868/868 875/875/875
f 886/886/886 885/885/885 867/867/867
f 891/891/891 886/886/886 890/890/890
f 890/890/890 898/898/898 891/891/891
f 973/973/973 972/972/972 890/890/890
f 871/871/871 870/870/870 869/869/869
f 874/874/874 873/873/873 872/872/872
f 878/878/878 877/877/877 876/876/876
f 881/881/881 880/880/880 879/879/879
f 884/884/884 883/883/883 882/882/882
f 889/889/889 888/888/888 887/887/887
f 894/894/894 893/893/893 892/892/892
f 897/897/897 896/896/896 895/895/895
f 903/903/903 902/902/902 901/901/901
f 906/906/906 905/905/905 904/904/904
f 909/909/909 908/908/908 907/907/907
f 912/912/912 911/911/911 910/910/910
f 923/923/923 910/910/910 922/922/922
f 915/915/915 914/914/914 912/912/912
f 918/918/918 917/917/917 916/916/916
f 921/921/921 920/920/920 919/919/919
f 926/926/926 925/925/925 924/924/924
f 929/929/929 928/928/928 927/927/927
f 932/932/932 931/931/931 930/930/930
f 935/935/935 934/934/934 933/933/933
f 938/938/938 937/937/937 936/936/936
f 941/941/941 940/940/940 939/939/939
f 944/944/944 943/943/943 942/942/942
f 947/947/947 946/946/946 945/945/945
f 950/950/950 949/949/949 948/948/948
f 953/953/953 952/952/952 951/951/951
f 956/956/956 955/955/955 954/954/954
f 959/959/959 958/958/958 957/957/957
f 962/962/962 961/961/961 960/960/960
f 965/965/965 964/964/964 963/963/963
f 964/964/964 1045/1045/1045 1044/1044/1044
f 968/968/968 967/967/967 966/966/966
f 971/971/971 970/970/970 969/969/969
f 976/976/976 975/975/975 974/974/974
f 979/979/979 978/978/978 977/977/977
f 982/982/982 981/981/981 980/980/980
f 985/985/985 984/984/984 983/983/983
f 988/988/988 987/987/987 986/986/986
f 991/991/991 990/990/990 989/989/989
f 994/994/994 993/993/993 992/992/992
f 992/992/992 1014/1014/1014 1013/1013/1013
f 997/997/997 996/996/996 995/995/995
f 1000/1000/1000 999/999/999 998/998/998
f 1003/1003/1003 1002/1002/1002 1001/1001/1001
f 1006/1006/1006 1005/1005/1005 1004/1004/1004
f 1009/1009/1009 1008/1008/1008 1007/1007/1007
f 1034/1034/1034 1007/1007/1007 1033/1033/1033
f 1012/1012/1012 1011/1011/1011 1010/1010/1010
f 1017/1017/1017 1016/1016/1016 1015/1015/1015
f 1020/1020/1020 1019/1019/1019 1018/1018/1018
f 1023/1023/1023 1022/1022/1022 1021/1021/1021
f 1026/1026/1026 1025/1025/1025 1024/1024/1024
f 1029/1029/1029 1028/1028/1028 1027/1027/1027
f 1032/1032/1032 1031/1031/1031 1030/1030/1030
f 1037/1037/1037 1036/1036/1036 1035/1035/1035
f 1040/1040/1040 1039/1039/1039 1038/1038/1038
f 1043/1043/1043 1042/1042/1042 1041/1041/1041
f 1049/1049/1049 1058/1058/1058 1042/1042/1042
f 1051/1051/1051 1050/1050/1050 1049/1049/1049
f 1048/1048/1048 1047/1047/1047 1046/1046/1046
f 1054/1054/1054 1053/1053/1053 1052/1052/1052
f 1053/1053/1053 1060/1060/1060 1059/1059/1059
f 1057/1057/1057 1056/1056/1056 1055/1055/1055
f 1063/1063/1063 1062/1062/1062 1061/1061/1061
f 1066/1066/1066 1065/1065/1065 1064/1064/1064
f 1069/1069/1069 1068/1068/1068 1067/1067/1067
f 1072/1072/1072 1071/1071/1071 1070/1070/1070
f 1072/1072/1072 1080/1080/1080 1079/1079/1079
f 1075/1075/1075 1074/1074/1074 1073/1073/1073
f 1078/1078/1078 1077/1077/1077 1076/1076/1076
f 1083/1083/1083 1082/1082/1082 1081/1081/1081
f 1086/1086/1086 1085/1085/1085 1084/1084/1084
f 1089/1089/1089 1088/1088/1088 1087/1087/1087
f 1092/1092/1092 1091/1091/1091 1090/1090/1090
f 1095/1095/1095 1094/1094/1094 1093/1093/1093
f 1098/1098/1098 1097/1097/1097 1096/1096/1096
f 1101/1101/1101 1100/1100/1100 1099/1099/1099
f 1104/1104/1104 1103/1103/1103 1102/1102/1102
f 1127/1127/1127 1126/1126/1126 1103/1103/1103
f 1107/1107/1107 1106/1106/1106 1105/1105/1105
f 1110/1110/1110 1109/1109/1109 1108/1108/1108
f 1113/1113/1113 1112/1112/1112 1111/1111/1111
f 1116/1116/1116 1115/1115/1115 1114/1114/1114
f 1138/1138/1138 1137/1137/1137 1115/1115/1115
f 1119/1119/1119 1118/1118/1118 1117/1117/1117
f 1122/1122/1122 1121/1121/1121 1120/1120/1120
f 1125/1125/1125 1124/1124/1124 1123/1123/1123
f 1130/1130/1130 1129/1129/1129 1128/1128/1128
f 1133/1133/1133 1132/1132/1132 1131/1131/1131
f 1136/1136/1136 1135/1135/1135 1134/1134/1134
f 1134/1134/1134 1140/1140/1140 1139/1139/1139
f 1143/1143/1143 1142/1142/1142 1141/1141/1141
f 1146/1146/1146 1145/1145/1145 1144/1144/1144
f 1149/1149/1149 1148/1148/1148 1147/1147/1147
f 1152/1152/1152 1151/1151/1151 1150/1150/1150
f 1155/1155/1155 1154/1154/1154 1153/1153/1153
f 1158/1158/1158 1157/1157/1157 1156/1156/1156
f 1161/1161/1161 1160/1160/1160 1159/1159/1159
f 1164/1164/1164 1163/1163/1163 1162/1162/1162
f 1167/1167/1167 1166/1166/1166 1165/1165/1165
f 1166/1166/1166 1178/1178/1178 1177/1177/1177
f 1170/1170/1170 1169/1169/1169 1168/1168/1168
f 1173/1173/1173 1172/1172/1172 1171/1171/1171
f 1176/1176/1176 1175/1175/1175 1174/1174/1174
f 1181/1181/1181 1180/1180/1180 1179/1179/1179
f 1184/1184/1184 1183/1183/1183 1182/1182/1182
f 1187/1187/1187 1186/1186/1186 1185/1185/1185
f 1190/1190/1190 1189/1189/1189 1188/1188/1188
f 1193/1193/1193 1192/1192/1192 1191/1191/1191
f 1196/1196/1196 1195/1195/1195 1194/1194/1194
f 1199/1199/1199 1198/1198/1198 1197/1197/1197
f 1202/1202/1202 1201/1201/1201 1200/1200/1200
f 1205/1205/1205 1204/1204/1204 1203/1203/1203
f 1208/1208/1208 1207/1207/1207 1206/1206/1206
f 1211/1211/1211 1210/1210/1210 1209/1209/1209
f 1214/1214/1214 1213/1213/1213 1212/1212/1212
f 1217/1217/1217 1216/1216/1216 1215/1215/1215
f 1220/1220/1220 1219/1219/1219 1218/1218/1218
f 1223/1223/1223 1222/1222/1222 1221/1221/1221
f 1226/1226/1226 1225/1225/1225 1224/1224/1224
f 1231/1231/1231 1226/1226/1226 1230/1230/1230
f 1224/1224/1224 1241/1241/1241 1240/1240/1240
f 1224/1224/1224 1233/1233/1233 1232/1232/1232
f 1229/1229/1229 1228/1228/1228 1227/1227/1227
f 1236/1236/1236 1235/1235/1235 1234/1234/1234
f 1239/1239/1239 1238/1238/1238 1237/1237/1237
f 1244/1244/1244 1243/1243/1243 1242/1242/1242
f 1243/1243/1243 1249/1249/1249 1248/1248/1248
f 1247/1247/1247 1246/1246/1246 1245/1245/1245
f 1252/1252/1252 1251/1251/1251 1250/1250/1250
f 1255/1255/1255 1254/1254/1254 1253/1253/1253
f 1258/1258/1258 1257/1257/1257 1256/1256/1256
f 1261/1261/1261 1260/1260/1260 1259/1259/1259
f 1264/1264/1264 1263/1263/1263 1262/1262/1262
f 1267/1267/1267 1266/1266/1266 1265/1265/1265
f 1270/1270/1270 1269/1269/1269 1268/1268/1268
f 1340/1340/1340 1269/1269/1269 1338/1338/1338
f 1339/1339/1339 1338/1338/1338 1337/1337/1337
f 1377/1377/1377 1376/1376/1376 1338/1338/1338
f 1273/1273/1273 1272/1272/1272 1271/1271/1271
f 1276/1276/1276 1275/1275/1275 1274/1274/1274
f 1279/1279/1279 1278/1278/1278 1277/1277/1277
f 1282/1282/1282 1281/1281/1281 1280/1280/1280
f 1285/1285/1285 1284/1284/1284 1283/1283/1283
f 1285/1285/1285 1290/1290/1290 1289/1289/1289
f 1288/1288/1288 1287/1287/1287 1286/1286/1286
f 1293/1293/1293 1292/1292/1292 1291/1291/1291
f 1296/1296/1296 1295/1295/1295 1294/1294/1294
f 1395/1395/1395 1394/1394/1394 1295/1295/1295
f 1299/1299/1299 1298/1298/1298 1297/1297/1297
f 1297/1297/1297 1307/1307/1307 1306/1306/1306
f 1302/1302/1302 1301/1301/1301 1300/1300/1300
f 1397/1397/1397 1302/1302/1302 1396/1396/1396
f 1305/1305/1305 1304/1304/1304 1303/1303/1303
f 1310/1310/1310 1309/1309/1309 1308/1308/1308
f 1313/1313/1313 1312/1312/1312 1311/1311/1311
f 1313/1313/1313 1404/1404/1404 1403/1403/1403
f 1316/1316/1316 1315/1315/1315 1314/1314/1314
f 1319/1319/1319 1318/1318/1318 1317/1317/1317
f 1333/1333/1333 1332/1332/1332 1317/1317/1317
f 1322/1322/1322 1321/1321/1321 1320/1320/1320
f 1325/1325/1325 1324/1324/1324 1323/1323/1323
f 1328/1328/1328 1327/1327/1327 1326/1326/1326
f 1331/1331/1331 1330/1330/1330 1329/1329/1329
f 1336/1336/1336 1335/1335/1335 1334/1334/1334
f 1343/1343/1343 1342/1342/1342 1341/1341/1341
f 1346/1346/1346 1345/1345/1345 1344/1344/1344
f 1349/1349/1349 1348/1348/1348 1347/1347/1347
f 1352/1352/1352 1351/1351/1351 1350/1350/1350
f 1355/1355/1355 1354/1354/1354 1353/1353/1353
f 1358/1358/1358 1357/1357/1357 1356/1356/1356
f 1361/1361/1361 1360/1360/1360 1359/1359/1359
f 1368/1368/1368 1387/1387/1387 1359/1359/1359
f 1370/1370/1370 1369/1369/1369 1368/1368/1368
f 1370/1370/1370 1375/1375/1375 1374/1374/1374
f 1494/1494/1494 1387/1387/1387 1492/1492/1492
f 1508/1508/1508 1507/1507/1507 1492/1492/1492
f 1493/1493/1493 1492/1492/1492 1393/1393/1393
f 1393/1393/1393 1392/1392/1392 1391/1391/1391
f 1364/1364/1364 1363/1363/1363 1362/1362/1362
f 1367/1367/1367 1366/1366/1366 1365/1365/1365
f 1373/1373/1373 1372/1372/1372 1371/1371/1371
f 1380/1380/1380 1379/1379/1379 1378/1378/1378
f 1383/1383/1383 1382/1382/1382 1381/1381/1381
f 1381/1381/1381 1399/1399/1399 1398/1398/1398
f 1386/1386/1386 1385/1385/1385 1384/1384/1384
f 1390/1390/1390 1389/1389/1389 1388/1388/1388
f 1402/1402/1402 1401/1401/1401 1400/1400/1400
f 1407/1407/1407 1406/1406/1406 1405/1405/1405
f 1410/1410/1410 1409/1409/1409 1408/1408/1408
f 1413/1413/1413 1412/1412/1412 1411/1411/1411
f 1416/1416/1416 1415/1415/1415 1414/1414/1414
f 1419/1419/1419 1418/1418/1418 1417/1417/1417
f 1422/1422/1422 1421/1421/1421 1420/1420/1420
f 1425/1425/1425 1424/1424/1424 1423/1423/1423
f 1428/1428/1428 1427/1427/1427 1426/1426/1426
f 1465/1465/1465 1464/1464/1464 1428/1428/1428
f 1431/1431/1431 1430/1430/1430 1429/1429/1429
f 1434/1434/1434 1433/1433/1433 1432/1432/1432
f 1437/1437/1437 1436/1436/1436 1435/1435/1435
f 1440/1440/1440 1439/1439/1439 1438/1438/1438
f 1443/1443/1443 1442/1442/1442 1441/1441/1441
f 1441/1441/1441 1454/1454/1454 1453/1453/1453
f 1454/1454/1454 1470/1470/1470 1469/1469/1469
f 1446/1446/1446 1445/1445/1445 1444/1444/1444
f 1449/1449/1449 1448/1448/1448 1447/1447/1447
f 1452/1452/1452 1451/1451/1451 1450/1450/1450
f 1457/1457/1457 1456/1456/1456 1455/1455/1455
f 1460/1460/1460 1459/1459/1459 1458/1458/1458
f 1463/1463/1463 1462/1462/1462 1461/1461/1461
f 1468/1468/1468 1467/1467/1467 1466/1466/1466
f 1473/1473/1473 1472/1472/1472 1471/1471/1471
f 1476/1476/1476 1475/1475/1475 1474/1474/1474
f 1475/1475/1475 1476/1476/1476 1560/1560/1560
f 1479/1479/1479 1478/1478/1478 1477/1477/1477
f 1482/1482/1482 1481/1481/1481 1480/1480/1480
f 1485/1485/1485 1484/1484/1484 1483/1483/1483
f 1488/1488/1488 1487/1487/1487 1486/1486/1486
f 1491/1491/1491 1490/1490/1490 1489/1489/1489
f 1497/1497/1497 1496/1496/1496 1495/1495/1495
f 1500/1500/1500 1499/1499/1499 1498/1498/1498
f 1518/1518/1518 1498/1498/1498 1517/1517/1517
f 1503/1503/1503 1502/1502/1502 1501/1501/1501
f 1523/1523/1523 1522/1522/1522 1502/1502/1502
f 1506/1506/1506 1505/1505/1505 1504/1504/1504
f 1511/1511/1511 1510/1510/1510 1509/1509/1509
f 1514/1514/1514 1513/1513/1513 1512/1512/1512
f 1516/1516/1516 1512/1512/1512 1515/1515/1515
f 1521/1521/1521 1520/1520/1520 1519/1519/1519
f 1526/1526/1526 1525/1525/1525 1524/1524/1524
f 1529/1529/1529 1528/1528/1528 1527/1527/1527
f 1532/1532/1532 1531/1531/1531 1530/1530/1530
f 1535/1535/1535 1534/1534/1534 1533/1533/1533
f 1635/1635/1635 1634/1634/1634 1534/1534/1534
f 1538/1538/1538 1537/1537/1537 1536/1536/1536
f 1541/1541/1541 1540/1540/1540 1539/1539/1539
f 1544/1544/1544 1543/1543/1543 1542/1542/1542
f 1547/1547/1547 1546/1546/1546 1545/1545/1545
f 1550/1550/1550 1549/1549/1549 1548/1548/1548
f 1553/1553/1553 1552/1552/1552 1551/1551/1551
f 1556/1556/1556 1555/1555/1555 1554/1554/1554
f 1559/1559/1559 1558/1558/1558 1557/1557/1557
f 1563/1563/1563 1562/1562/1562 1561/1561/1561
f 1566/1566/1566 1565/1565/1565 1564/1564/1564
f 1569/1569/1569 1568/1568/1568 1567/1567/1567
f 1572/1572/1572 1571/1571/1571 1570/1570/1570
f 1575/1575/1575 1574/1574/1574 1573/1573/1573
f 1578/1578/1578 1577/1577/1577 1576/1576/1576
f 1581/1581/1581 1580/1580/1580 1579/1579/1579
f 1584/1584/1584 1583/1583/1583 1582/1582/1582
f 1587/1587/1587 1586/1586/1586 1585/1585/1585
f 1590/1590/1590 1589/1589/1589 1588/1588/1588
f 1593/1593/1593 1592/1592/1592 1591/1591/1591
f 1698/1698/1698 1591/1591/1591 1697/1697/1697
f 1596/1596/1596 1595/1595/1595 1594/1594/1594
f 1599/1599/1599 1598/1598/1598 1597/1597/1597
f 1602/1602/1602 1601/1601/1601 1600/1600/1600
f 1605/1605/1605 1604/1604/1604 1603/1603/1603
f 1604/1604/1604 1605/1605/1605 1612/1612/1612
f 1608/1608/1608 1607/1607/1607 1606/1606/1606
f 1611/1611/1611 1610/1610/1610 1609/1609/1609
f 1615/1615/1615 1614/1614/1614 1613/1613/1613
f 1618/1618/1618 1617/1617/1617 1616/1616/1616
f 1616/1616/1616 1630/1630/1630 1627/1627/1627
f 1627/1627/1627 1626/1626/1626 1625/1625/1625
f 1621/1621/1621 1620/1620/1620 1619/1619/1619
f 1624/1624/1624 1623/1623/1623 1622/1622/1622
f 1622/1622/1622 1629/1629/1629 1628/1628/1628
f 1633/1633/1633 1632/1632/1632 1631/1631/1631
f 1638/1638/1638 1637/1637/1637 1636/1636/1636
f 1641/1641/1641 1640/1640/1640 1639/1639/1639
f 1644/1644/1644 1643/1643/1643 1642/1642/1642
f 1647/1647/1647 1646/1646/1646 1645/1645/1645
f 1646/1646/1646 1655/1655/1655 1654/1654/1654
f 1665/1665/1665 1646/1646/1646 1663/1663/1663
f 1664/1664/1664 1663/1663/1663 1662/1662/1662
f 1650/1650/1650 1649/1649/1649 1648/1648/1648
f 1653/1653/1653 1652/1652/1652 1651/1651/1651
f 1670/1670/1670 1669/1669/1669 1653/1653/1653
f 1658/1658/1658 1657/1657/1657 1656/1656/1656
f 1661/1661/1661 1660/1660/1660 1659/1659/1659
f 1668/1668/1668 1667/1667/1667 1666/1666/1666
f 1673/1673/1673 1672/1672/1672 1671/1671/1671
f 1676/1676/1676 1675/1675/1675 1674/1674/1674
f 1679/1679/1679 1678/1678/1678 1677/1677/1677
f 1682/1682/1682 1681/1681/1681 1680/1680/1680
f 1685/1685/1685 1684/1684/1684 1683/1683/1683
f 1693/1693/1693 1685/1685/1685 1692/1692/1692
f 1709/1709/1709 1693/1693/1693 1708/1708/1708
f 1688/1688/1688 1687/1687/1687 1686/1686/1686
f 1691/1691/1691 1690/1690/1690 1689/1689/1689
f 1696/1696/1696 1695/1695/1695 1694/1694/1694
f 1701/1701/1701 1700/1700/1700 1699/1699/1699
f 1704/1704/1704 1703/1703/1703 1702/1702/1702
f 1707/1707/1707 1706/1706/1706 1705/1705/1705
f 1712/1712/1712 1711/1711/1711 1710/1710/1710
f 1715/1715/1715 1714/1714/1714 1713/1713/1713
f 1718/1718/1718 1717/1717/1717 1716/1716/1716
f 1721/1721/1721 1720/1720/1720 1719/1719/1719
f 1724/1724/1724 1723/1723/1723 1722/1722/1722
f 1727/1727/1727 1726/1726/1726 1725/1725/1725
f 1730/1730/1730 1729/1729/1729 1728/1728/1728
f 1733/1733/1733 1732/1732/1732 1731/1731/1731
f 1731/1731/1731 1741/1741/1741 1740/1740/1740
f 1736/1736/1736 1735/1735/1735 1734/1734/1734
f 1739/1739/1739 1738/1738/1738 1737/1737/1737
f 1744/1744/1744 1743/1743/1743 1742/1742/1742
f 1747/1747/1747 1746/1746/1746 1745/1745/1745
f 1745/1745/1745 1755/1755/1755 1754/1754/1754
f 1750/1750/1750 1749/1749/1749 1748/1748/1748
f 1753/1753/1753 1752/1752/1752 1751/1751/1751
f 1758/1758/1758 1757/1757/1757 1756/1756/1756
f 1761/1761/1761 1760/1760/1760 1759/1759/1759
f 1764/1764/1764 1763/1763/1763 1762/1762/1762
f 1767/1767/1767 1766/1766/1766 1765/1765/1765
f 1770/1770/1770 1769/1769/1769 1768/1768/1768
f 1773/1773/1773 1772/1772/1772 1771/1771/1771
f 1776/1776/1776 1775/1775/1775 1774/1774/1774
f 1779/1779/1779 1778/1778/1778 1777/1777/1777
f 1782/1782/1782 1781/1781/1781 1780/1780/1780
f 1785/1785/1785 1784/1784/1784 1783/1783/1783
f 1788/1788/1788 1787/1787/1787 1786/1786/1786
f 1795/1795/1795 1788/1788/1788 1793/1793/1793
f 1794/1794/1794 1793/1793/1793 1792/1792/1792
f 1894/1894/1894 1793/1793/1793 1892/1892/1892
f 1893/1893/1893 1892/1892/1892 1891/1891/1891
f 1919/1919/1919 1892/1892/1892 1918/1918/1918
f 1791/1791/1791 1790/1790/1790 1789/1789/1789
f 1798/1798/1798 1797/1797/1797 1796/1796/1796
f 1801/1801/1801 1800/1800/1800 1799/1799/1799
f 1804/1804/1804 1803/1803/1803 1802/1802/1802
f 1807/1807/1807 1806/1806/1806 1805/1805/1805
f 1810/1810/1810 1809/1809/1809 1808/1808/1808
f 1813/1813/1813 1812/1812/1812 1811/1811/1811
f 1816/1816/1816 1815/1815/1815 1814/1814/1814
f 1819/1819/1819 1818/1818/1818 1817/1817/1817
f 1822/1822/1822 1821/1821/1821 1820/1820/1820
f 1845/1845/1845 1844/1844/1844 1821/1821/1821
f 1825/1825/1825 1824/1824/1824 1823/1823/1823
f 1828/1828/1828 1827/1827/1827 1826/1826/1826
f 1831/1831/1831 1830/1830/1830 1829/1829/1829
f 1834/1834/1834 1833/1833/1833 1832/1832/1832
f 1837/1837/1837 1836/1836/1836 1835/1835/1835
f 1939/1939/1939 1938/1938/1938 1836/1836/1836
f 1938/1938/1938 1966/1966/1966 1965/1965/1965
f 1980/1980/1980 1979/1979/1979 1966/1966/1966
f 1840/1840/1840 1839/1839/1839 1838/1838/1838
f 1843/1843/1843 1842/1842/1842 1841/1841/1841
f 1848/1848/1848 1847/1847/1847 1846/1846/1846
f 1851/1851/1851 1850/1850/1850 1849/1849/1849
f 1854/1854/1854 1853/1853/1853 1852/1852/1852
f 1857/1857/1857 1856/1856/1856 1855/1855/1855
f 1860/1860/1860 1859/1859/1859 1858/1858/1858
f 1863/1863/1863 1862/1862/1862 1861/1861/1861
f 1866/1866/1866 1865/1865/1865 1864/1864/1864
f 1869/1869/1869 1868/1868/1868 1867/1867/1867
f 1869/1869/1869 1873/1873/1873 1868/1868/1868
f 1881/1881/1881 1869/1869/1869 1880/1880/1880
f 1872/1872/1872 1871/1871/1871 1870/1870/1870
f 1876/1876/1876 1875/1875/1875 1874/1874/1874
f 1879/1879/1879 1878/1878/1878 1877/1877/1877
f 1884/1884/1884 1883/1883/1883 1882/1882/1882
f 1887/1887/1887 1886/1886/1886 1885/1885/1885
f 1890/1890/1890 1889/1889/1889 1888/1888/1888
f 1897/1897/1897 1896/1896/1896 1895/1895/1895
f 1900/1900/1900 1899/1899/1899 1898/1898/1898
f 1903/1903/1903 1902/1902/1902 1901/1901/1901
f 1906/1906/1906 1905/1905/1905 1904/1904/1904
f 1909/1909/1909 1908/1908/1908 1907/1907/1907
f 1912/1912/1912 1911/1911/1911 1910/1910/1910
f 1917/1917/1917 1916/1916/1916 1912/1912/1912
f 1915/1915/1915 1914/1914/1914 1913/1913/1913
f 1922/1922/1922 1921/1921/1921 1920/1920/1920
f 1947/1947/1947 1920/1920/1920 1946/1946/1946
f 1925/1925/1925 1924/1924/1924 1923/1923/1923
f 1928/1928/1928 1927/1927/1927 1926/1926/1926
f 1931/1931/1931 1930/1930/1930 1929/1929/1929
f 1934/1934/1934 1933/1933/1933 1932/1932/1932
f 1937/1937/1937 1936/1936/1936 1935/1935/1935
f 1942/1942/1942 1941/1941/1941 1940/1940/1940
f 1945/1945/1945 1944/1944/1944 1943/1943/1943
f 1955/1955/1955 1945/1945/1945 1954/1954/1954
f 1950/1950/1950 1949/1949/1949 1948/1948/1948
f 1953/1953/1953 1952/1952/1952 1951/1951/1951
f 2002/2002/2002 2001/2001/2001 1952/1952/1952
f 1958/1958/1958 1957/1957/1957 1956/1956/1956
f 1961/1961/1961 1960/1960/1960 1959/1959/1959
f 2040/2040/2040 2039/2039/2039 1961/1961/1961
f 1964/1964/1964 1963/1963/1963 1962/1962/1962
f 1969/1969/1969 1968/1968/1968 1967/1967/1967
f 1972/1972/1972 1971/1971/1971 1970/1970/1970
f 2018/2018/2018 1970/1970/1970 2017/2017/2017
f 1975/1975/1975 1974/1974/1974 1973/1973/1973
f 1978/1978/1978 1977/1977/1977 1976/1976/1976
f 1983/1983/1983 1982/1982/1982 1981/1981/1981
f 1986/1986/1986 1985/1985/1985 1984/1984/1984
f 1994/1994/1994 1986/1986/1986 1993/1993/1993
f 1993/1993/1993 2004/2004/2004 2003/2003/2003
f 1989/1989/1989 1988/1988/1988 1987/1987/1987
f 1992/1992/1992 1991/1991/1991 1990/1990/1990
f 2035/2035/2035 2034/2034/2034 1991/1991/1991
f 2050/2050/2050 2049/2049/2049 2035/2035/2035
f 2049/2049/2049 2067/2067/2067 2066/2066/2066
f 1997/1997/1997 1996/1996/1996 1995/1995/1995
f 2000/2000/2000 1999/1999/1999 1998/1998/1998
f 2007/2007/2007 2006/2006/2006 2005/2005/2005
f 2010/2010/2010 2009/2009/2009 2008/2008/2008
f 2013/2013/2013 2012/2012/2012 2011/2011/2011
f 2053/2053/2053 2052/2052/2052 2011/2011/2011
f 2016/2016/2016 2015/2015/2015 2014/2014/2014
f 2021/2021/2021 2020/2020/2020 2019/2019/2019
f 2024/2024/2024 2023/2023/2023 2022/2022/2022
f 2023/2023/2023 2024/2024/2024 2051/2051/2051
f 2027/2027/2027 2026/2026/2026 2025/2025/2025
f 2030/2030/2030 2029/2029/2029 2028/2028/2028
f 2030/2030/2030 2048/2048/2048 2047/2047/2047
f 2033/2033/2033 2032/2032/2032 2031/2031/2031
f 2038/2038/2038 2037/2037/2037 2036/2036/2036
f 2043/2043/2043 2042/2042/2042 2041/2041/2041
f 2046/2046/2046 2045/2045/2045 2044/2044/2044
f 2056/2056/2056 2055/2055/2055 2054/2054/2054
f 2059/2059/2059 2058/2058/2058 2057/2057/2057
f 2084/2084/2084 2083/2083/2083 2058/2058/2058
f 2143/2143/2143 2142/2142/2142 2084/2084/2084
f 2062/2062/2062 2061/2061/2061 2060/2060/2060
f 2065/2065/2065 2064/2064/2064 2063/2063/2063
f 2070/2070/2070 2069/2069/2069 2068/2068/2068
f 2073/2073/2073 2072/2072/2072 2071/2071/2071
f 2076/2076/2076 2075/2075/2075 2074/2074/2074
f 2079/2079/2079 2078/2078/2078 2077/2077/2077
f 2082/2082/2082 2081/2081/2081 2080/2080/2080
f 2087/2087/2087 2086/2086/2086 2085/2085/2085
f 2090/2090/2090 2089/2089/2089 2088/2088/2088
f 2093/2093/2093 2092/2092/2092 2091/2091/2091
f 2096/2096/2096 2095/2095/2095 2094/2094/2094
f 2099/2099/2099 2098/2098/2098 2097/2097/2097
f 2102/2102/2102 2101/2101/2101 2100/2100/2100
f 2105/2105/2105 2104/2104/2104 2103/2103/2103
f 2108/2108/2108 2107/2107/2107 2106/2106/2106
f 2111/2111/2111 2110/2110/2110 2109/2109/2109
f 2114/2114/2114 2113/2113/2113 2112/2112/2112
f 2117/2117/2117 2116/2116/2116 2115/2115/2115
f 2120/2120/2120 2119/2119/2119 2118/2118/2118
f 2123/2123/2123 2122/2122/2122 2121/2121/2121
f 2126/2126/2126 2125/2125/2125 2124/2124/2124
f 2124/2124/2124 2192/2192/2192 2191/2191/2191
f 2129/2129/2129 2128/2128/2128 2127/2127/2127
f 2132/2132/2132 2131/2131/2131 2130/2130/2130
f 2135/2135/2135 2134/2134/2134 2133/2133/2133
f 2138/2138/2138 2137/2137/2137 2136/2136/2136
f 2141/2141/2141 2140/2140/2140 2139/2139/2139
f 2146/2146/2146 2145/2145/2145 2144/2144/2144
f 2163/2163/2163 2144/2144/2144 2162/2162/2162
f 2149/2149/2149 2148/2148/2148 2147/2147/2147
f 2152/2152/2152 2151/2151/2151 2150/2150/2150
f 2155/2155/2155 2154/2154/2154 2153/2153/2153
f 2158/2158/2158 2157/2157/2157 2156/2156/2156
f 2161/2161/2161 2160/2160/2160 2159/2159/2159
f 2166/2166/2166 2165/2165/2165 2164/2164/2164
f 2169/2169/2169 2168/2168/2168 2167/2167/2167
f 2172/2172/2172 2171/2171/2171 2170/2170/2170
f 2175/2175/2175 2174/2174/2174 2173/2173/2173
f 2178/2178/2178 2177/2177/2177 2176/2176/2176
f 2181/2181/2181 2180/2180/2180 2179/2179/2179
f 2184/2184/2184 2183/2183/2183 2182/2182/2182
f 2187/2187/2187 2186/2186/2186 2185/2185/2185
f 2190/2190/2190 2189/2189/2189 2188/2188/2188
f 2239/2239/2239 2238/2238/2238 2189/2189/2189
f 2195/2195/2195 2194/2194/2194 2193/2193/2193
f 2272/2272/2272 2193/2193/2193 2271/2271/2271
f 2281/2281/2281 2280/2280/2280 2271/2271/2271
f 2198/2198/2198 2197/2197/2197 2196/2196/2196
f 2198/2198/2198 2250/2250/2250 2249/2249/2249
f 2197/2197/2197 2261/2261/2261 2260/2260/2260
f 2276/2276/2276 2260/2260/2260 2274/2274/2274
f 2275/2275/2275 2274/2274/2274 2273/2273/2273
f 2201/2201/2201 2200/2200/2200 2199/2199/2199
f 2204/2204/2204 2203/2203/2203 2202/2202/2202
f 2207/2207/2207 2206/2206/2206 2205/2205/2205
f 2210/2210/2210 2209/2209/2209 2208/2208/2208
f 2213/2213/2213 2212/2212/2212 2211/2211/2211
f 2216/2216/2216 2215/2215/2215 2214/2214/2214
f 2219/2219/2219 2218/2218/2218 2217/2217/2217
f 2222/2222/2222 2221/2221/2221 2220/2220/2220
f 2225/2225/2225 2224/2224/2224 2223/2223/2223
f 2228/2228/2228 2227/2227/2227 2226/2226/2226
f 2231/2231/2231 2230/2230/2230 2229/2229/2229
f 2234/2234/2234 2233/2233/2233 2232/2232/2232
f 2237/2237/2237 2236/2236/2236 2235/2235/2235
f 2242/2242/2242 2241/2241/2241 2240/2240/2240
f 2245/2245/2245 2244/2244/2244 2243/2243/2243
f 2248/2248/2248 2247/2247/2247 2246/2246/2246
f 2253/2253/2253 2252/2252/2252 2251/2251/2251
f 2256/2256/2256 2255/2255/2255 2254/2254/2254
f 2259/2259/2259 2258/2258/2258 2257/2257/2257
f 2264/2264/2264 2263/2263/2263 2262/2262/2262
f 2267/2267/2267 2266/2266/2266 2265/2265/2265
f 2270/2270/2270 2269/2269/2269 2268/2268/2268
f 2279/2279/2279 2278/2278/2278 2277/2277/2277
f 2284/2284/2284 2283/2283/2283 2282/2282/2282
f 2287/2287/2287 2286/2286/2286 2285/2285/2285
f 2290/2290/2290 2289/2289/2289 2288/2288/2288
f 2293/2293/2293 2292/2292/2292 2291/2291/2291
f 2296/2296/2296 2295/2295/2295 2294/2294/2294
f 2299/2299/2299 2298/2298/2298 2297/2297/2297
f 2302/2302/2302 2301/2301/2301 2300/2300/2300
f 2305/2305/2305 2304/2304/2304 2303/2303/2303
f 2308/2308/2308 2307/2307/2307 2306/2306/2306
f 2311/2311/2311 2310/2310/2310 2309/2309/2309
f 2314/2314/2314 2313/2313/2313 2312/2312/2312
f 2317/2317/2317 2316/2316/2316 2315/2315/2315
f 2320/2320/2320 2319/2319/2319 2318/2318/2318
f 2323/2323/2323 2322/2322/2322 2321/2321/2321
f 2326/2326/2326 2325/2325/2325 2324/2324/2324
f 2329/2329/2329 2328/2328/2328 2327/2327/2327
f 2332/2332/2332 2331/2331/2331 2330/2330/2330
f 2335/2335/2335 2334/2334/2334 2333/2333/2333
f 2338/2338/2338 2337/2337/2337 2336/2336/2336
f 2337/2337/2337 2355/2355/2355 2354/2354/2354
f 2372/2372/2372 2354/2354/2354 2371/2371/2371
f 2371/2371/2371 2400/2400/2400 2372/2372/2372
f 2400/2400/2400 2411/2411/2411 2410/2410/2410
f 2416/2416/2416 2371/2371/2371 2415/2415/2415
f 2341/2341/2341 2340/2340/2340 2339/2339/2339
f 2344/2344/2344 2343/2343/2343 2342/2342/2342
f 2347/2347/2347 2346/2346/2346 2345/2345/2345
f 2350/2350/2350 2349/2349/2349 2348/2348/2348
f 2353/2353/2353 2352/2352/2352 2351/2351/2351
f 2358/2358/2358 2357/2357/2357 2356/2356/2356
f 2361/2361/2361 2360/2360/2360 2359/2359/2359
f 2364/2364/2364 2363/2363/2363 2362/2362/2362
f 2367/2367/2367 2366/2366/2366 2365/2365/2365
f 2370/2370/2370 2369/2369/2369 2368/2368/2368
f 2375/2375/2375 2374/2374/2374 2373/2373/2373
f 2378/2378/2378 2377/2377/2377 2376/2376/2376
f 2381/2381/2381 2380/2380/2380 2379/2379/2379
f 2384/2384/2384 2383/2383/2383 2382/2382/2382
f 2387/2387/2387 2386/2386/2386 2385/2385/2385
f 2390/2390/2390 2389/2389/2389 2388/2388/2388
f 2393/2393/2393 2392/2392/2392 2391/2391/2391
f 2396/2396/2396 2395/2395/2395 2394/2394/2394
f 2399/2399/2399 2398/2398/2398 2397/2397/2397
f 2403/2403/2403 2402/2402/2402 2401/2401/2401
f 2406/2406/2406 2405/2405/2405 2404/2404/2404
f 2409/2409/2409 2408/2408/2408 2407/2407/2407
f 2414/2414/2414 2413/2413/2413 2412/2412/2412
f 2419/2419/2419 2418/2418/2418 2417/2417/2417
f 2422/2422/2422 2421/2421/2421 2420/2420/2420
f 2493/2493/2493 2420/2420/2420 2492/2492/2492
f 2425/2425/2425 2424/2424/2424 2423/2423/2423
f 2424/2424/2424 2433/2433/2433 2432/2432/2432
f 2428/2428/2428 2427/2427/2427 2426/2426/2426
f 2431/2431/2431 2430/2430/2430 2429/2429/2429
f 2436/2436/2436 2435/2435/2435 2434/2434/2434
f 2436/2436/2436 2441/2441/2441 2440/2440/2440
f 2439/2439/2439 2438/2438/2438 2437/2437/2437
f 2443/2443/2443 2439/2439/2439 2442/2442/2442
f 2446/2446/2446 2445/2445/2445 2444/2444/2444
f 2449/2449/2449 2448/2448/2448 2447/2447/2447
f 2452/2452/2452 2451/2451/2451 2450/2450/2450
f 2455/2455/2455 2454/2454/2454 2453/2453/2453
f 2458/2458/2458 2457/2457/2457 2456/2456/2456
f 2461/2461/2461 2460/2460/2460 2459/2459/2459
f 2464/2464/2464 2463/2463/2463 2462/2462/2462
f 2467/2467/2467 2466/2466/2466 2465/2465/2465
f 2470/2470/2470 2469/2469/2469 2468/2468/2468
f 2473/2473/2473 2472/2472/2472 2471/2471/2471
f 2476/2476/2476 2475/2475/2475 2474/2474/2474
f 2479/2479/2479 2478/2478/2478 2477/2477/2477
f 2482/2482/2482 2481/2481/2481 2480/2480/2480
f 2485/2485/2485 2484/2484/2484 2483/2483/2483
f 2488/2488/2488 2487/2487/2487 2486/2486/2486
f 2491/2491/2491 2490/2490/2490 2489/2489/2489
f 2496/2496/2496 2495/2495/2495 2494/2494/2494
f 2499/2499/2499 2498/2498/2498 2497/2497/2497
f 2502/2502/2502 2501/2501/2501 2500/2500/2500
f 2598/2598/2598 2500/2500/2500 2597/2597/2597
f 2505/2505/2505 2504/2504/2504 2503/2503/2503
f 2508/2508/2508 2507/2507/2507 2506/2506/2506
f 2511/2511/2511 2510/2510/2510 2509/2509/2509
f 2514/2514/2514 2513/2513/2513 2512/2512/2512
f 2513/2513/2513 2514/2514/2514 2521/2521/2521
f 2517/2517/2517 2516/2516/2516 2515/2515/2515
f 2520/2520/2520 2519/2519/2519 2518/2518/2518
f 2524/2524/2524 2523/2523/2523 2522/2522/2522
f 2527/2527/2527 2526/2526/2526 2525/2525/2525
f 2526/2526/2526 2527/2527/2527 2657/2657/2657
f 2530/2530/2530 2529/2529/2529 2528/2528/2528
f 2533/2533/2533 2532/2532/2532 2531/2531/2531
f 2536/2536/2536 2535/2535/2535 2534/2534/2534
f 2539/2539/2539 2538/2538/2538 2537/2537/2537
f 2542/2542/2542 2541/2541/2541 2540/2540/2540
f 2545/2545/2545 2544/2544/2544 2543/2543/2543
f 2548/2548/2548 2547/2547/2547 2546/2546/2546
f 2551/2551/2551 2550/2550/2550 2549/2549/2549
f 2554/2554/2554 2553/2553/2553 2552/2552/2552
f 2557/2557/2557 2556/2556/2556 2555/2555/2555
f 2555/2555/2555 2562/2562/2562 2561/2561/2561
f 2562/2562/2562 2569/2569/2569 2568/2568/2568
f 2583/2583/2583 2568/2568/2568 2582/2582/2582
f 2582/2582/2582 2590/2590/2590 2574/2574/2574
f 2575/2575/2575 2574/2574/2574 2573/2573/2573
f 2560/2560/2560 2559/2559/2559 2558/2558/2558
f 2565/2565/2565 2564/2564/2564 2563/2563/2563
f 2567/2567/2567 2566/2566/2566 2564/2564/2564
f 2572/2572/2572 2571/2571/2571 2570/2570/2570
f 2578/2578/2578 2577/2577/2577 2576/2576/2576
f 2581/2581/2581 2580/2580/2580 2579/2579/2579
f 2586/2586/2586 2585/2585/2585 2584/2584/2584
f 2589/2589/2589 2588/2588/2588 2587/2587/2587
f 2593/2593/2593 2592/2592/2592 2591/2591/2591
f 2596/2596/2596 2595/2595/2595 2594/2594/2594
f 2595/2595/2595 2662/2662/2662 2661/2661/2661
f 2601/2601/2601 2600/2600/2600 2599/2599/2599
f 2604/2604/2604 2603/2603/2603 2602/2602/2602
f 2607/2607/2607 2606/2606/2606 2605/2605/2605
f 2605/2605/2605 2612/2612/2612 2611/2611/2611
f 2610/2610/2610 2609/2609/2609 2608/2608/2608
f 2615/2615/2615 2614/2614/2614 2613/2613/2613
f 2618/2618/2618 2617/2617/2617 2616/2616/2616
f 2621/2621/2621 2620/2620/2620 2619/2619/2619
f 2624/2624/2624 2623/2623/2623 2622/2622/2622
f 2627/2627/2627 2626/2626/2626 2625/2625/2625
f 2630/2630/2630 2629/2629/2629 2628/2628/2628
f 2633/2633/2633 2632/2632/2632 2631/2631/2631
f 2636/2636/2636 2635/2635/2635 2634/2634/2634
f 2639/2639/2639 2638/2638/2638 2637/2637/2637
f 2642/2642/2642 2641/2641/2641 2640/2640/2640
f 2653/2653/2653 2640/2640/2640 2652/2652/2652
f 2645/2645/2645 2644/2644/2644 2643/2643/2643
f 2648/2648/2648 2647/2647/2647 2646/2646/2646
f 2651/2651/2651 2650/2650/2650 2649/2649/2649
f 2656/2656/2656 2655/2655/2655 2654/2654/2654
f 2660/2660/2660 2659/2659/2659 2658/2658/2658
f 2665/2665/2665 2664/2664/2664 2663/2663/2663
f 2668/2668/2668 2667/2667/2667 2666/2666/2666
f 2671/2671/2671 2670/2670/2670 2669/2669/2669
f 2674/2674/2674 2673/2673/2673 2672/2672/2672
f 2677/2677/2677 2676/2676/2676 2675/2675/2675
f 2680/2680/2680 2679/2679/2679 2678/2678/2678
f 2683/2683/2683 2682/2682/2682 2681/2681/2681
f 2686/2686/2686 2685/2685/2685 2684/2684/2684
f 2689/2689/2689 2688/2688/2688 2687/2687/2687
f 2692/2692/2692 2691/2691/2691 2690/2690/2690
f 2695/2695/2695 2694/2694/2694 2693/2693/2693
f 2698/2698/2698 2697/2697/2697 2696/2696/2696
f 2701/2701/2701 2700/2700/2700 2699/2699/2699
f 2704/2704/2704 2703/2703/2703 2702/2702/2702
f 2707/2707/2707 2706/2706/2706 2705/2705/2705
f 2710/2710/2710 2709/2709/2709 2708/2708/2708
f 2713/2713/2713 2712/2712/2712 2711/2711/2711
f 2742/2742/2742 2713/2713/2713 2741/2741/2741
f 2716/2716/2716 2715/2715/2715 2714/2714/2714
f 2719/2719/2719 2718/2718/2718 2717/2717/2717
f 2722/2722/2722 2721/2721/2721 2720/2720/2720
f 2725/2725/2725 2724/2724/2724 2723/2723/2723
f 2804/2804/2804 2803/2803/2803 2725/2725/2725
f 2728/2728/2728 2727/2727/2727 2726/2726/2726
f 2731/2731/2731 2730/2730/2730 2729/2729/2729
f 2734/2734/2734 2733/2733/2733 2732/2732/2732
f 2737/2737/2737 2736/2736/2736 2735/2735/2735
f 2740/2740/2740 2739/2739/2739 2738/2738/2738
f 2739/2739/2739 2827/2827/2827 2826/2826/2826
f 2745/2745/2745 2744/2744/2744 2743/2743/2743
f 2748/2748/2748 2747/2747/2747 2746/2746/2746
f 2751/2751/2751 2750/2750/2750 2749/2749/2749
f 2754/2754/2754 2753/2753/2753 2752/2752/2752
f 2757/2757/2757 2756/2756/2756 2755/2755/2755
f 2760/2760/2760 2759/2759/2759 2758/2758/2758
f 2774/2774/2774 2759/2759/2759 2773/2773/2773
f 2775/2775/2775 2773/2773/2773 2793/2793/2793
f 2777/2777/2777 2776/2776/2776 2775/2775/2775
f 2763/2763/2763 2762/2762/2762 2761/2761/2761
f 2766/2766/2766 2765/2765/2765 2764/2764/2764
f 2769/2769/2769 2768/2768/2768 2767/2767/2767
f 2772/2772/2772 2771/2771/2771 2770/2770/2770
f 2780/2780/2780 2779/2779/2779 2778/2778/2778
f 2783/2783/2783 2782/2782/2782 2781/2781/2781
f 2786/2786/2786 2785/2785/2785 2784/2784/2784
f 2789/2789/2789 2788/2788/2788 2787/2787/2787
f 2792/2792/2792 2791/2791/2791 2790/2790/2790
f 2796/2796/2796 2795/2795/2795 2794/2794/2794
f 2799/2799/2799 2798/2798/2798 2797/2797/2797
f 2802/2802/2802 2801/2801/2801 2800/2800/2800
f 2807/2807/2807 2806/2806/2806 2805/2805/2805
f 2810/2810/2810 2809/2809/2809 2808/2808/2808
f 2813/2813/2813 2812/2812/2812 2811/2811/2811
f 2816/2816/2816 2815/2815/2815 2814/2814/2814
f 2819/2819/2819 2818/2818/2818 2817/2817/2817
f 2819/2819/2819 2838/2838/2838 2837/2837/2837
f 2824/2824/2824 2819/2819/2819 2823/2823/2823
f 2823/2823/2823 2825/2825/2825 2824/2824/2824
f 2822/2822/2822 2821/2821/2821 2820/2820/2820
f 2830/2830/2830 2829/2829/2829 2828/2828/2828
f 2833/2833/2833 2832/2832/2832 2831/2831/2831
f 2836/2836/2836 2835/2835/2835 2834/2834/2834
f 2841/2841/2841 2840/2840/2840 2839/2839/2839
f 2844/2844/2844 2843/2843/2843 2842/2842/2842
f 2847/2847/2847 2846/2846/2846 2845/2845/2845
f 2850/2850/2850 2849/2849/2849 2848/2848/2848
f 2867/2867/2867 2866/2866/2866 2850/2850/2850
f 2853/2853/2853 2852/2852/2852 2851/2851/2851
f 2856/2856/2856 2855/2855/2855 2854/2854/2854
f 2859/2859/2859 2858/2858/2858 2857/2857/2857
f 2862/2862/2862 2861/2861/2861 2860/2860/2860
f 2865/2865/2865 2864/2864/2864 2863/2863/2863
f 2870/2870/2870 2869/2869/2869 2868/2868/2868
f 2873/2873/2873 2872/2872/2872 2871/2871/2871
f 2872/2872/2872 2881/2881/2881 2880/2880/2880
f 2876/2876/2876 2875/2875/2875 2874/2874/2874
f 2879/2879/2879 2878/2878/2878 2877/2877/2877
f 2884/2884/2884 2883/2883/2883 2882/2882/2882
f 2887/2887/2887 2886/2886/2886 2885/2885/2885
f 2890/2890/2890 2889/2889/2889 2888/2888/2888
f 2893/2893/2893 2892/2892/2892 2891/2891/2891
f 2896/2896/2896 2895/2895/2895 2894/2894/2894
f 2899/2899/2899 2898/2898/2898 2897/2897/2897
f 2902/2902/2902 2901/2901/2901 2900/2900/2900
f 2905/2905/2905 2904/2904/2904 2903/2903/2903
f 2908/2908/2908 2907/2907/2907 2906/2906/2906
f 2951/2951/2951 2908/2908/2908 2950/2950/2950
f 2911/2911/2911 2910/2910/2910 2909/2909/2909
f 2910/2910/2910 2978/2978/2978 2977/2977/2977
f 2922/2922/2922 2911/2911/2911 2921/2921/2921
f 2919/2919/2919 2909/2909/2909 3005/3005/3005
f 2920/2920/2920 2919/2919/2919 2918/2918/2918
f 3023/3023/3023 3022/3022/3022 2919/2919/2919
f 3021/3021/3021 2919/2919/2919 3020/3020/3020
f 3020/3020/3020 3028/3028/3028 3027/3027/3027
f 2914/2914/2914 2913/2913/2913 2912/2912/2912
f 2917/2917/2917 2916/2916/2916 2915/2915/2915
f 2925/2925/2925 2924/2924/2924 2923/2923/2923
f 2928/2928/2928 2927/2927/2927 2926/2926/2926
f 2931/2931/2931 2930/2930/2930 2929/2929/2929
f 2958/2958/2958 2957/2957/2957 2930/2930/2930
f 2934/2934/2934 2933/2933/2933 2932/2932/2932
f 2937/2937/2937 2936/2936/2936 2935/2935/2935
f 2940/2940/2940 2939/2939/2939 2938/2938/2938
f 2943/2943/2943 2942/2942/2942 2941/2941/2941
f 2946/2946/2946 2945/2945/2945 2944/2944/2944
f 2949/2949/2949 2948/2948/2948 2947/2947/2947
f 2947/2947/2947 2956/2956/2956 2955/2955/2955
f 2954/2954/2954 2953/2953/2953 2952/2952/2952
f 2961/2961/2961 2960/2960/2960 2959/2959/2959
f 2964/2964/2964 2963/2963/2963 2962/2962/2962
f 2967/2967/2967 2966/2966/2966 2965/2965/2965
f 2966/2966/2966 2986/2986/2986 2985/2985/2985
f 2970/2970/2970 2969/2969/2969 2968/2968/2968
f 2973/2973/2973 2972/2972/2972 2971/2971/2971
f 2976/2976/2976 2975/2975/2975 2974/2974/2974
f 2981/2981/2981 2980/2980/2980 2979/2979/2979
f 2984/2984/2984 2983/2983/2983 2982/2982/2982
f 2989/2989/2989 2988/2988/2988 2987/2987/2987
f 2992/2992/2992 2991/2991/2991 2990/2990/2990
f 2995/2995/2995 2994/2994/2994 2993/2993/2993
f 2998/2998/2998 2997/2997/2997 2996/2996/2996
f 3001/3001/3001 3000/3000/3000 2999/2999/2999
f 3004/3004/3004 3003/3003/3003 3002/3002/3002
f 3008/3008/3008 3007/3007/3007 3006/3006/3006
f 3011/3011/3011 3010/3010/3010 3009/3009/3009
f 3014/3014/3014 3013/3013/3013 3012/3012/3012
f 3017/3017/3017 3016/3016/3016 3015/3015/3015
f 3019/3019/3019 3018/3018/3018 3017/3017/3017
f 3026/3026/3026 3025/3025/3025 3024/3024/3024
f 3031/3031/3031 3030/3030/3030 3029/3029/3029
f 3034/3034/3034 3033/3033/3033 3032/3032/3032
f 3037/3037/3037 3036/3036/3036 3035/3035/3035
f 3040/3040/3040 3039/3039/3039 3038/3038/3038
f 3043/3043/3043 3042/3042/3042 3041/3041/3041
f 3046/3046/3046 3045/3045/3045 3044/3044/3044
f 3049/3049/3049 3048/3048/3048 3047/3047/3047
f 3052/3052/3052 3051/3051/3051 3050/3050/3050
f 3055/3055/3055 3054/3054/3054 3053/3053/3053
f 3058/3058/3058 3057/3057/3057 3056/3056/3056
f 3061/3061/3061 3060/3060/3060 3059/3059/3059
f 3064/3064/3064 3063/3063/3063 3062/3062/3062
f 3067/3067/3067 3066/3066/3066 3065/3065/3065
f 3070/3070/3070 3069/3069/3069 3068/3068/3068
f 3073/3073/3073 3072/3072/3072 3071/3071/3071
f 3076/3076/3076 3075/3075/3075 3074/3074/3074
f 3079/3079/3079 3078/3078/3078 3077/3077/3077
f 3082/3082/3082 3081/3081/3081 3080/3080/3080
f 3085/3085/3085 3084/3084/3084 3083/3083/3083
f 3088/3088/3088 3087/3087/3087 3086/3086/3086
f 3096/3096/3096 3095/3095/3095 3088/3088/3088
f 3091/3091/3091 3090/3090/3090 3089/3089/3089
f 3090/3090/3090 3170/3170/3170 3169/3169/3169
f 3094/3094/3094 3093/3093/3093 3092/3092/3092
f 3099/3099/3099 3098/3098/3098 3097/3097/3097
f 3102/3102/3102 3101/3101/3101 3100/3100/3100
f 3105/3105/3105 3104/3104/3104 3103/3103/3103
f 3108/3108/3108 3107/3107/3107 3106/3106/3106
f 3133/3133/3133 3108/3108/3108 3132/3132/3132
f 3111/3111/3111 3110/3110/3110 3109/3109/3109
f 3114/3114/3114 3113/3113/3113 3112/3112/3112
f 3117/3117/3117 3116/3116/3116 3115/3115/3115
f 3197/3197/3197 3196/3196/3196 3115/3115/3115
f 3120/3120/3120 3119/3119/3119 3118/3118/3118
f 3123/3123/3123 3122/3122/3122 3121/3121/3121
f 3125/3125/3125 3121/3121/3121 3124/3124/3124
f 3144/3144/3144 3143/3143/3143 3122/3122/3122
f 3128/3128/3128 3127/3127/3127 3126/3126/3126
f 3131/3131/3131 3130/3130/3130 3129/3129/3129
f 3136/3136/3136 3135/3135/3135 3134/3134/3134
f 3139/3139/3139 3138/3138/3138 3137/3137/3137
f 3142/3142/3142 3141/3141/3141 3140/3140/3140
f 3147/3147/3147 3146/3146/3146 3145/3145/3145
f 3150/3150/3150 3149/3149/3149 3148/3148/3148
f 3153/3153/3153 3152/3152/3152 3151/3151/3151
f 3156/3156/3156 3155/3155/3155 3154/3154/3154
f 3159/3159/3159 3158/3158/3158 3157/3157/3157
f 3162/3162/3162 3161/3161/3161 3160/3160/3160
f 3161/3161/3161 3172/3172/3172 3171/3171/3171
f 3165/3165/3165 3164/3164/3164 3163/3163/3163
f 3168/3168/3168 3167/3167/3167 3166/3166/3166
f 3175/3175/3175 3174/3174/3174 3173/3173/3173
f 3174/3174/3174 3180/3180/3180 3179/3179/3179
f 3178/3178/3178 3177/3177/3177 3176/3176/3176
f 3183/3183/3183 3182/3182/3182 3181/3181/3181
f 3231/3231/3231 3230/3230/3230 3182/3182/3182
f 3186/3186/3186 3185/3185/3185 3184/3184/3184
f 3189/3189/3189 3188/3188/3188 3187/3187/3187
f 3192/3192/3192 3191/3191/3191 3190/3190/3190
f 3195/3195/3195 3194/3194/3194 3193/3193/3193
f 3200/3200/3200 3199/3199/3199 3198/3198/3198
f 3203/3203/3203 3202/3202/3202 3201/3201/3201
f 3206/3206/3206 3205/3205/3205 3204/3204/3204
f 3208/3208/3208 3207/3207/3207 3205/3205/3205
f 3211/3211/3211 3210/3210/3210 3209/3209/3209
f 3214/3214/3214 3213/3213/3213 3212/3212/3212
f 3217/3217/3217 3216/3216/3216 3215/3215/3215
f 3220/3220/3220 3219/3219/3219 3218/3218/3218
f 3223/3223/3223 3222/3222/3222 3221/3221/3221
f 3226/3226/3226 3225/3225/3225 3224/3224/3224
f 3275/3275/3275 3226/3226/3226 3274/3274/3274
f 3229/3229/3229 3228/3228/3228 3227/3227/3227
f 3234/3234/3234 3233/3233/3233 3232/3232/3232
f 3237/3237/3237 3236/3236/3236 3235/3235/3235
f 3240/3240/3240 3239/3239/3239 3238/3238/3238
f 3243/3243/3243 3242/3242/3242 3241/3241/3241
f 3246/3246/3246 3245/3245/3245 3244/3244/3244
f 3249/3249/3249 3248/3248/3248 3247/3247/3247
f 3252/3252/3252 3251/3251/3251 3250/3250/3250
f 3250/3250/3250 3366/3366/3366 3365/3365/3365
f 3255/3255/3255 3254/3254/3254 3253/3253/3253
f 3258/3258/3258 3257/3257/3257 3256/3256/3256
f 3261/3261/3261 3260/3260/3260 3259/3259/3259
f 3322/3322/3322 3261/3261/3261 3321/3321/3321
f 3406/3406/3406 3405/3405/3405 3321/3321/3321
f 3264/3264/3264 3263/3263/3263 3262/3262/3262
f 3267/3267/3267 3266/3266/3266 3265/3265/3265
f 3270/3270/3270 3269/3269/3269 3268/3268/3268
f 3273/3273/3273 3272/3272/3272 3271/3271/3271
f 3278/3278/3278 3277/3277/3277 3276/3276/3276
f 3277/3277/3277 3278/3278/3278 3295/3295/3295
f 3281/3281/3281 3280/3280/3280 3279/3279/3279
f 3279/3279/3279 3294/3294/3294 3285/3285/3285
f 3287/3287/3287 3286/3286/3286 3285/3285/3285
f 3284/3284/3284 3283/3283/3283 3282/3282/3282
f 3290/3290/3290 3289/3289/3289 3288/3288/3288
f 3293/3293/3293 3292/3292/3292 3291/3291/3291
f 3291/3291/3291 3296/3296/3296 3293/3293/3293
f 3299/3299/3299 3298/3298/3298 3297/3297/3297
f 3297/3297/3297 3331/3331/3331 3330/3330/3330
f 3302/3302/3302 3301/3301/3301 3300/3300/3300
f 3305/3305/3305 3304/3304/3304 3303/3303/3303
f 3308/3308/3308 3307/3307/3307 3306/3306/3306
f 3311/3311/3311 3310/3310/3310 3309/3309/3309
f 3314/3314/3314 3313/3313/3313 3312/3312/3312
f 3317/3317/3317 3316/3316/3316 3315/3315/3315
f 3317/3317/3317 3329/3329/3329 3316/3316/3316
f 3320/3320/3320 3319/3319/3319 3318/3318/3318
f 3325/3325/3325 3324/3324/3324 3323/3323/3323
f 3328/3328/3328 3327/3327/3327 3326/3326/3326
f 3368/3368/3368 3328/3328/3328 3367/3367/3367
f 3334/3334/3334 3333/3333/3333 3332/3332/3332
f 3337/3337/3337 3336/3336/3336 3335/3335/3335
f 3340/3340/3340 3339/3339/3339 3338/3338/3338
f 3343/3343/3343 3342/3342/3342 3341/3341/3341
f 3360/3360/3360 3343/3343/3343 3359/3359/3359
f 3359/3359/3359 3364/3364/3364 3360/3360/3360
f 3346/3346/3346 3345/3345/3345 3344/3344/3344
f 3349/3349/3349 3348/3348/3348 3347/3347/3347
f 3352/3352/3352 3351/3351/3351 3350/3350/3350
f 3355/3355/3355 3354/3354/3354 3353/3353/3353
f 3358/3358/3358 3357/3357/3357 3356/3356/3356
f 3363/3363/3363 3362/3362/3362 3361/3361/3361
f 3371/3371/3371 3370/3370/3370 3369/3369/3369
f 3374/3374/3374 3373/3373/3373 3372/3372/3372
f 3377/3377/3377 3376/3376/3376 3375/3375/3375
f 3380/3380/3380 3379/3379/3379 3378/3378/3378
f 3383/3383/3383 3382/3382/3382 3381/3381/3381
f 3386/3386/3386 3385/3385/3385 3384/3384/3384
f 3389/3389/3389 3388/3388/3388 3387/3387/3387
f 3408/3408/3408 3389/3389/3389 3407/3407/3407
f 3392/3392/3392 3391/3391/3391 3390/3390/3390
f 3395/3395/3395 3394/3394/3394 3393/3393/3393
f 3398/3398/3398 3397/3397/3397 3396/3396/3396
f 3401/3401/3401 3400/3400/3400 3399/3399/3399
f 3404/3404/3404 3403/3403/3403 3402/3402/3402
f 3411/3411/3411 3410/3410/3410 3409/3409/3409
f 3414/3414/3414 3413/3413/3413 3412/3412/3412
f 3417/3417/3417 3416/3416/3416 3415/3415/3415
f 3420/3420/3420 3419/3419/3419 3418/3418/3418
f 3423/3423/3423 3422/3422/3422 3421/3421/3421
f 3426/3426/3426 3425/3425/3425 3424/3424/3424
f 3429/3429/3429 3428/3428/3428 3427/3427/3427
f 3432/3432/3432 3431/3431/3431 3430/3430/3430
f 3435/3435/3435 3434/3434/3434 3433/3433/3433
f 3438/3438/3438 3437/3437/3437 3436/3436/3436
f 3467/3467/3467 3466/3466/3466 3437/3437/3437
f 3441/3441/3441 3440/3440/3440 3439/3439/3439
f 3492/3492/3492 3491/3491/3491 3441/3441/3441
f 3444/3444/3444 3443/3443/3443 3442/3442/3442
f 3443/3443/3443 3487/3487/3487 3486/3486/3486
f 3447/3447/3447 3446/3446/3446 3445/3445/3445
f 3450/3450/3450 3449/3449/3449 3448/3448/3448
f 3453/3453/3453 3452/3452/3452 3451/3451/3451
f 3456/3456/3456 3455/3455/3455 3454/3454/3454
f 3459/3459/3459 3458/3458/3458 3457/3457/3457
f 3462/3462/3462 3461/3461/3461 3460/3460/3460
f 3465/3465/3465 3464/3464/3464 3463/3463/3463
f 3470/3470/3470 3469/3469/3469 3468/3468/3468
f 3473/3473/3473 3472/3472/3472 3471/3471/3471
f 3476/3476/3476 3475/3475/3475 3474/3474/3474
f 3479/3479/3479 3478/3478/3478 3477/3477/3477
f 3482/3482/3482 3481/3481/3481 3480/3480/3480
f 3502/3502/3502 3501/3501/3501 3482/3482/3482
f 3518/3518/3518 3517/3517/3517 3501/3501/3501
f 3501/3501/3501 3510/3510/3510 3509/3509/3509
f 3485/3485/3485 3484/3484/3484 3483/3483/3483
f 3490/3490/3490 3489/3489/3489 3488/3488/3488
f 3488/3488/3488 3500/3500/3500 3499/3499/3499
f 3495/3495/3495 3494/3494/3494 3493/3493/3493
f 3498/3498/3498 3497/3497/3497 3496/3496/3496
f 3505/3505/3505 3504/3504/3504 3503/3503/3503
f 3508/3508/3508 3507/3507/3507 3506/3506/3506
f 3538/3538/3538 3507/3507/3507 3537/3537/3537
f 3513/3513/3513 3512/3512/3512 3511/3511/3511
f 3516/3516/3516 3515/3515/3515 3514/3514/3514
f 3521/3521/3521 3520/3520/3520 3519/3519/3519
f 3524/3524/3524 3523/3523/3523 3522/3522/3522
f 3527/3527/3527 3526/3526/3526 3525/3525/3525
f 3530/3530/3530 3529/3529/3529 3528/3528/3528
f 3533/3533/3533 3532/3532/3532 3531/3531/3531
f 3536/3536/3536 3535/3535/3535 3534/3534/3534
f 3541/3541/3541 3540/3540/3540 3539/3539/3539
f 3613/3613/3613 3541/3541/3541 3612/3612/3612
f 3544/3544/3544 3543/3543/3543 3542/3542/3542
f 3547/3547/3547 3546/3546/3546 3545/3545/3545
f 3555/3555/3555 3547/3547/3547 3554/3554/3554
f 3554/3554/3554 3562/3562/3562 3555/3555/3555
f 3550/3550/3550 3549/3549/3549 3548/3548/3548
f 3553/3553/3553 3552/3552/3552 3551/3551/3551
f 3558/3558/3558 3557/3557/3557 3556/3556/3556
f 3561/3561/3561 3560/3560/3560 3559/3559/3559
f 3565/3565/3565 3564/3564/3564 3563/3563/3563
f 3568/3568/3568 3567/3567/3567 3566/3566/3566
f 3571/3571/3571 3570/3570/3570 3569/3569/3569
f 3574/3574/3574 3573/3573/3573 3572/3572/3572
f 3572/3572/3572 3587/3587/3587 3586/3586/3586
f 3577/3577/3577 3576/3576/3576 3575/3575/3575
f 3582/3582/3582 3577/3577/3577 3581/3581/3581
f 3580/3580/3580 3579/3579/3579 3578/3578/3578
f 3585/3585/3585 3584/3584/3584 3583/3583/3583
f 3590/3590/3590 3589/3589/3589 3588/3588/3588
f 3593/3593/3593 3592/3592/3592 3591/3591/3591
f 3596/3596/3596 3595/3595/3595 3594/3594/3594
f 3599/3599/3599 3598/3598/3598 3597/3597/3597
f 3602/3602/3602 3601/3601/3601 3600/3600/3600
f 3605/3605/3605 3604/3604/3604 3603/3603/3603
f 3608/3608/3608 3607/3607/3607 3606/3606/3606
f 3606/3606/3606 3618/3618/3618 3617/3617/3617
f 3611/3611/3611 3610/3610/3610 3609/3609/3609
f 3616/3616/3616 3615/3615/3615 3614/3614/3614
f 3614/3614/3614 3629/3629/3629 3628/3628/3628
f 3694/3694/3694 3699/3699/3699 3614/3614/3614
f 3614/3614/3614 3695/3695/3695 3694/3694/3694
f 3621/3621/3621 3620/3620/3620 3619/3619/3619
f 3624/3624/3624 3623/3623/3623 3622/3622/3622
f 3627/3627/3627 3626/3626/3626 3625/3625/3625
f 3632/3632/3632 3631/3631/3631 3630/3630/3630
f 3635/3635/3635 3634/3634/3634 3633/3633/3633
f 3638/3638/3638 3637/3637/3637 3636/3636/3636
f 3660/3660/3660 3637/3637/3637 3659/3659/3659
f 3673/3673/3673 3659/3659/3659 3672/3672/3672
f 3641/3641/3641 3640/3640/3640 3639/3639/3639
f 3649/3649/3649 3648/3648/3648 3641/3641/3641
f 3665/3665/3665 3664/3664/3664 3648/3648/3648
f 3644/3644/3644 3643/3643/3643 3642/3642/3642
f 3647/3647/3647 3646/3646/3646 3645/3645/3645
f 3652/3652/3652 3651/3651/3651 3650/3650/3650
f 3655/3655/3655 3654/3654/3654 3653/3653/3653
f 3658/3658/3658 3657/3657/3657 3656/3656/3656
f 3663/3663/3663 3662/3662/3662 3661/3661/3661
f 3668/3668/3668 3667/3667/3667 3666/3666/3666
f 3684/3684/3684 3668/3668/3668 3683/3683/3683
f 3671/3671/3671 3670/3670/3670 3669/3669/3669
f 3676/3676/3676 3675/3675/3675 3674/3674/3674
f 3679/3679/3679 3678/3678/3678 3677/3677/3677
f 3682/3682/3682 3681/3681/3681 3680/3680/3680
f 3687/3687/3687 3686/3686/3686 3685/3685/3685
f 3690/3690/3690 3689/3689/3689 3688/3688/3688
f 3693/3693/3693 3692/3692/3692 3691/3691/3691
f 3698/3698/3698 3697/3697/3697 3696/3696/3696
f 3776/3776/3776 3696/3696/3696 3775/3775/3775
f 3793/3793/3793 3792/3792/3792 3776/3776/3776
f 3829/3829/3829 3793/3793/3793 3828/3828/3828
f 3828/3828/3828 3836/3836/3836 3829/3829/3829
f 3875/3875/3875 3874/3874/3874 3836/3836/3836
f 3836/3836/3836 3847/3847/3847 3846/3846/3846
f 3702/3702/3702 3701/3701/3701 3700/3700/3700
f 3705/3705/3705 3704/3704/3704 3703/3703/3703
f 3708/3708/3708 3707/3707/3707 3706/3706/3706
f 3711/3711/3711 3710/3710/3710 3709/3709/3709
f 3714/3714/3714 3713/3713/3713 3712/3712/3712
f 3717/3717/3717 3716/3716/3716 3715/3715/3715
f 3720/3720/3720 3719/3719/3719 3718/3718/3718
f 3723/3723/3723 3722/3722/3722 3721/3721/3721
f 3726/3726/3726 3725/3725/3725 3724/3724/3724
f 3729/3729/3729 3728/3728/3728 3727/3727/3727
f 3732/3732/3732 3731/3731/3731 3730/3730/3730
f 3735/3735/3735 3734/3734/3734 3733/3733/3733
f 3738/3738/3738 3737/3737/3737 3736/3736/3736
f 3741/3741/3741 3740/3740/3740 3739/3739/3739
f 3821/3821/3821 3739/3739/3739 3820/3820/3820
f 3744/3744/3744 3743/3743/3743 3742/3742/3742
f 3747/3747/3747 3746/3746/3746 3745/3745/3745
f 3750/3750/3750 3749/3749/3749 3748/3748/3748
f 3753/3753/3753 3752/3752/3752 3751/3751/3751
f 3756/3756/3756 3755/3755/3755 3754/3754/3754
f 3759/3759/3759 3758/3758/3758 3757/3757/3757
f 3762/3762/3762 3761/3761/3761 3760/3760/3760
f 3765/3765/3765 3764/3764/3764 3763/3763/3763
f 3764/3764/3764 3813/3813/3813 3812/3812/3812
f 3768/3768/3768 3767/3767/3767 3766/3766/3766
f 3771/3771/3771 3770/3770/3770 3769/3769/3769
f 3774/3774/3774 3773/3773/3773 3772/3772/3772
f 3779/3779/3779 3778/3778/3778 3777/3777/3777
f 3782/3782/3782 3781/3781/3781 3780/3780/3780
f 3785/3785/3785 3784/3784/3784 3783/3783/3783
f 3788/3788/3788 3787/3787/3787 3786/3786/3786
f 3791/3791/3791 3790/3790/3790 3789/3789/3789
f 3796/3796/3796 3795/3795/3795 3794/3794/3794
f 3799/3799/3799 3798/3798/3798 3797/3797/3797
f 3802/3802/3802 3801/3801/3801 3800/3800/3800
f 3805/3805/3805 3804/3804/3804 3803/3803/3803
f 3808/3808/3808 3807/3807/3807 3806/3806/3806
f 3855/3855/3855 3806/3806/3806 3854/3854/3854
f 3811/3811/3811 3810/3810/3810 3809/3809/3809
f 3816/3816/3816 3815/3815/3815 3814/3814/3814
f 3819/3819/3819 3818/3818/3818 3817/3817/3817
f 3824/3824/3824 3823/3823/3823 3822/3822/3822
f 3827/3827/3827 3826/3826/3826 3825/3825/3825
f 3832/3832/3832 3831/3831/3831 3830/3830/3830
f 3835/3835/3835 3834/3834/3834 3833/3833/3833
f 3839/3839/3839 3838/3838/3838 3837/3837/3837
f 3842/3842/3842 3841/3841/3841 3840/3840/3840
f 3845/3845/3845 3844/3844/3844 3843/3843/3843
f 3850/3850/3850 3849/3849/3849 3848/3848/3848
f 3853/3853/3853 3852/3852/3852 3851/3851/3851
f 3858/3858/3858 3857/3857/3857 3856/3856/3856
f 3861/3861/3861 3860/3860/3860 3859/3859/3859
f 3864/3864/3864 3863/3863/3863 3862/3862/3862
f 3867/3867/3867 3866/3866/3866 3865/3865/3865
f 3870/3870/3870 3869/3869/3869 3868/3868/3868
f 3873/3873/3873 3872/3872/3872 3871/3871/3871
f 3878/3878/3878 3877/3877/3877 3876/3876/3876
f 3877/3877/3877 3878/3878/3878 3945/3945/3945
f 3881/3881/3881 3880/3880/3880 3879/3879/3879
f 3884/3884/3884 3883/3883/3883 3882/3882/3882
f 3887/3887/3887 3886/3886/3886 3885/3885/3885
f 3890/3890/3890 3889/3889/3889 3888/3888/3888
f 3893/3893/3893 3892/3892/3892 3891/3891/3891
f 3896/3896/3896 3895/3895/3895 3894/3894/3894
f 3899/3899/3899 3898/3898/3898 3897/3897/3897
f 3919/3919/3919 3898/3898/3898 3918/3918/3918
f 3919/3919/3919 3942/3942/3942 3941/3941/3941
f 3902/3902/3902 3901/3901/3901 3900/3900/3900
f 3905/3905/3905 3904/3904/3904 3903/3903/3903
f 3908/3908/3908 3907/3907/3907 3906/3906/3906
f 3911/3911/3911 3910/3910/3910 3909/3909/3909
f 3914/3914/3914 3913/3913/3913 3912/3912/3912
f 3917/3917/3917 3916/3916/3916 3915/3915/3915
f 3922/3922/3922 3921/3921/3921 3920/3920/3920
f 3944/3944/3944 3943/3943/3943 3921/3921/3921
f 3925/3925/3925 3924/3924/3924 3923/3923/3923
f 3928/3928/3928 3927/3927/3927 3926/3926/3926
f 3931/3931/3931 3930/3930/3930 3929/3929/3929
f 3934/3934/3934 3933/3933/3933 3932/3932/3932
f 3937/3937/3937 3936/3936/3936 3935/3935/3935
f 3940/3940/3940 3939/3939/3939 3938/3938/3938
f 3948/3948/3948 3947/3947/3947 3946/3946/3946
f 3951/3951/3951 3950/3950/3950 3949/3949/3949
f 3954/3954/3954 3953/3953/3953 3952/3952/3952
f 3957/3957/3957 3956/3956/3956 3955/3955/3955
f 3960/3960/3960 3959/3959/3959 3958/3958/3958
f 3963/3963/3963 3962/3962/3962 3961/3961/3961
f 3966/3966/3966 3965/3965/3965 3964/3964/3964
f 3969/3969/3969 3968/3968/3968 3967/3967/3967
f 3972/3972/3972 3971/3971/3971 3970/3970/3970
f 3975/3975/3975 3974/3974/3974 3973/3973/3973
f 4027/4027/4027 4026/4026/4026 3975/3975/3975
f 4035/4035/4035 3973/3973/3973 4034/4034/4034
f 4034/4034/4034 4040/4040/4040 4039/4039/4039
f 3978/3978/3978 3977/3977/3977 3976/3976/3976
f 3981/3981/3981 3980/3980/3980 3979/3979/3979
f 3984/3984/3984 3983/3983/3983 3982/3982/3982
f 3983/3983/3983 4063/4063/4063 4062/4062/4062
f 3987/3987/3987 3986/3986/3986 3985/3985/3985
f 3987/3987/3987 3992/3992/3992 3991/3991/3991
f 3990/3990/3990 3989/3989/3989 3988/3988/3988
f 3995/3995/3995 3994/3994/3994 3993/3993/3993
f 3998/3998/3998 3997/3997/3997 3996/3996/3996
f 4001/4001/4001 4000/4000/4000 3999/3999/3999
f 4004/4004/4004 4003/4003/4003 4002/4002/4002
f 4007/4007/4007 4006/4006/4006 4005/4005/4005
f 4006/4006/4006 4091/4091/4091 4090/4090/4090
f 4010/4010/4010 4009/4009/4009 4008/4008/4008
f 4013/4013/4013 4012/4012/4012 4011/4011/4011
f 4016/4016/4016 4015/4015/4015 4014/4014/4014
f 4019/4019/4019 4018/4018/4018 4017/4017/4017
f 4022/4022/4022 4021/4021/4021 4020/4020/4020
f 4025/4025/4025 4024/4024/4024 4023/4023/4023
f 4030/4030/4030 4029/4029/4029 4028/4028/4028
f 4033/4033/4033 4032/4032/4032 4031/4031/4031
f 4038/4038/4038 4037/4037/4037 4036/4036/4036
f 4043/4043/4043 4042/4042/4042 4041/4041/4041
f 4046/4046/4046 4045/4045/4045 4044/4044/4044
f 4049/4049/4049 4048/4048/4048 4047/4047/4047
f 4052/4052/4052 4051/4051/4051 4050/4050/4050
f 4111/4111/4111 4051/4051/4051 4110/4110/4110
f 4055/4055/4055 4054/4054/4054 4053/4053/4053
f 4058/4058/4058 4057/4057/4057 4056/4056/4056
f 4061/4061/4061 4060/4060/4060 4059/4059/4059
f 4066/4066/4066 4065/4065/4065 4064/4064/4064
f 4065/4065/4065 4083/4083/4083 4082/4082/4082
f 4069/4069/4069 4068/4068/4068 4067/4067/4067
f 4072/4072/4072 4071/4071/4071 4070/4070/4070
f 4075/4075/4075 4074/4074/4074 4073/4073/4073
f 4078/4078/4078 4077/4077/4077 4076/4076/4076
f 4081/4081/4081 4080/4080/4080 4079/4079/4079
f 4086/4086/4086 4085/4085/4085 4084/4084/4084
f 4138/4138/4138 4085/4085/4085 4137/4137/4137
f 4089/4089/4089 4088/4088/4088 4087/4087/4087
f 4094/4094/4094 4093/4093/4093 4092/4092/4092
f 4097/4097/4097 4096/4096/4096 4095/4095/4095
f 4100/4100/4100 4099/4099/4099 4098/4098/4098
f 4103/4103/4103 4102/4102/4102 4101/4101/4101
f 4106/4106/4106 4105/4105/4105 4104/4104/4104
f 4109/4109/4109 4108/4108/4108 4107/4107/4107
f 4114/4114/4114 4113/4113/4113 4112/4112/4112
f 4116/4116/4116 4115/4115/4115 4114/4114/4114
f 4119/4119/4119 4118/4118/4118 4117/4117/4117
f 4122/4122/4122 4121/4121/4121 4120/4120/4120
f 4122/4122/4122 4126/4126/4126 4121/4121/4121
f 4136/4136/4136 4135/4135/4135 4126/4126/4126
f 4125/4125/4125 4124/4124/4124 4123/4123/4123
f 4123/4123/4123 4131/4131/4131 4130/4130/4130
f 4129/4129/4129 4128/4128/4128 4127/4127/4127
f 4134/4134/4134 4133/4133/4133 4132/4132/4132
f 4141/4141/4141 4140/4140/4140 4139/4139/4139
f 4144/4144/4144 4143/4143/4143 4142/4142/4142
f 4147/4147/4147 4146/4146/4146 4145/4145/4145
f 4150/4150/4150 4149/4149/4149 4148/4148/4148
f 4153/4153/4153 4152/4152/4152 4151/4151/4151
f 4156/4156/4156 4155/4155/4155 4154/4154/4154
f 4159/4159/4159 4158/4158/4158 4157/4157/4157
f 4162/4162/4162 4161/4161/4161 4160/4160/4160
f 4165/4165/4165 4164/4164/4164 4163/4163/4163
f 4339/4339/4339 4163/4163/4163 4338/4338/4338
f 4163/4163/4163 4408/4408/4408 4407/4407/4407
f 4163/4163/4163 4439/4439/4439 4954/4954/4954
f 4439/4439/4439 4438/4438/4438 4437/4437/4437
f 4163/4163/4163 4169/4169/4169 4165/4165/4165
f 4165/4165/4165 4169/4169/4169 4173/4173/4173
f 4190/4190/4190 4173/4173/4173 4189/4189/4189
f 4873/4873/4873 4190/4190/4190 4872/4872/4872
f 4173/4173/4173 4188/4188/4188 4187/4187/4187
f 4179/4179/4179 4187/4187/4187 4195/4195/4195
f 4225/4225/4225 4195/4195/4195 4224/4224/4224
f 4953/4953/4953 4943/4943/4943 4163/4163/4163
f 4945/4945/4945 4944/4944/4944 4943/4943/4943
f 4943/4943/4943 4960/4960/4960 4952/4952/4952
f 4950/4950/4950 4938/4938/4938 4952/4952/4952
f 4951/4951/4951 4950/4950/4950 4949/4949/4949
f 4402/4402/4402 4163/4163/4163 4336/4336/4336
f 4403/4403/4403 4402/4402/4402 4336/4336/4336
f 4337/4337/4337 4336/4336/4336 4193/4193/4193
f 4194/4194/4194 4193/4193/4193 4178/4178/4178
f 4175/4175/4175 4179/4179/4179 4178/4178/4178
f 4164/4164/4164 4194/4194/4194 4327/4327/4327
f 4164/4164/4164 4327/4327/4327 4333/4333/4333
f 4333/4333/4333 4341/4341/4341 4340/4340/4340
f 4175/4175/4175 4174/4174/4174 4164/4164/4164
f 4174/4174/4174 4192/4192/4192 4191/4191/4191
f 4181/4181/4181 4178/4178/4178 4176/4176/4176
f 4175/4175/4175 4177/4177/4177 4176/4176/4176
f 4197/4197/4197 4196/4196/4196 4181/4181/4181
f 4183/4183/4183 4182/4182/4182 4177/4177/4177
f 4180/4180/4180 4177/4177/4177 4169/4169/4169
f 4180/4180/4180 4915/4915/4915 4914/4914/4914
f 4928/4928/4928 4915/4915/4915 4927/4927/4927
f 4180/4180/4180 4874/4874/4874 4188/4188/4188
f 4874/4874/4874 4894/4894/4894 4879/4879/4879
f 4874/4874/4874 4879/4879/4879 4878/4878/4878
f 4932/4932/4932 4931/4931/4931 4180/4180/4180
f 4931/4931/4931 4938/4938/4938 4925/4925/4925
f 4925/4925/4925 4180/4180/4180 4930/4930/4930
f 4930/4930/4930 4947/4947/4947 4946/4946/4946
f 4169/4169/4169 4942/4942/4942 4930/4930/4930
f 4948/4948/4948 4931/4931/4931 4942/4942/4942
f 4942/4942/4942 4959/4959/4959 4958/4958/4958
f 4926/4926/4926 4925/4925/4925 4924/4924/4924
f 4925/4925/4925 4934/4934/4934 4933/4933/4933
f 4168/4168/4168 4167/4167/4167 4166/4166/4166
f 4172/4172/4172 4171/4171/4171 4170/4170/4170
f 4186/4186/4186 4185/4185/4185 4184/4184/4184
f 4200/4200/4200 4199/4199/4199 4198/4198/4198
f 4203/4203/4203 4202/4202/4202 4201/4201/4201
f 4206/4206/4206 4205/4205/4205 4204/4204/4204
f 4209/4209/4209 4208/4208/4208 4207/4207/4207
f 4212/4212/4212 4211/4211/4211 4210/4210/4210
f 4227/4227/4227 4226/4226/4226 4211/4211/4211
f 4215/4215/4215 4214/4214/4214 4213/4213/4213
f 4215/4215/4215 4220/4220/4220 4219/4219/4219
f 4218/4218/4218 4217/4217/4217 4216/4216/4216
f 4223/4223/4223 4222/4222/4222 4221/4221/4221
f 4230/4230/4230 4229/4229/4229 4228/4228/4228
f 4233/4233/4233 4232/4232/4232 4231/4231/4231
f 4236/4236/4236 4235/4235/4235 4234/4234/4234
f 4235/4235/4235 4837/4837/4837 4836/4836/4836
f 4851/4851/4851 4850/4850/4850 4837/4837/4837
f 4851/4851/4851 4853/4853/4853 4852/4852/4852
f 4268/4268/4268 4269/4269/4269 4235/4235/4235
f 4269/4269/4269 4268/4268/4268 4267/4267/4267
f 4239/4239/4239 4238/4238/4238 4237/4237/4237
f 4238/4238/4238 4246/4246/4246 4245/4245/4245
f 4237/4237/4237 4248/4248/4248 4247/4247/4247
f 4241/4241/4241 4237/4237/4237 4240/4240/4240
f 4244/4244/4244 4243/4243/4243 4242/4242/4242
f 4251/4251/4251 4250/4250/4250 4249/4249/4249
f 4256/4256/4256 4255/4255/4255 4249/4249/4249
f 4254/4254/4254 4253/4253/4253 4252/4252/4252
f 4261/4261/4261 4254/4254/4254 4260/4260/4260
f 4259/4259/4259 4258/4258/4258 4257/4257/4257
f 4275/4275/4275 4258/4258/4258 4273/4273/4273
f 4274/4274/4274 4273/4273/4273 4272/4272/4272
f 4264/4264/4264 4263/4263/4263 4262/4262/4262
f 4263/4263/4263 4266/4266/4266 4265/4265/4265
f 4266/4266/4266 4271/4271/4271 4270/4270/4270
f 4278/4278/4278 4277/4277/4277 4276/4276/4276
f 4281/4281/4281 4280/4280/4280 4279/4279/4279
f 4283/4283/4283 4282/4282/4282 4281/4281/4281
f 4288/4288/4288 4279/4279/4279 4287/4287/4287
f 4279/4279/4279 4284/4284/4284 4295/4295/4295
f 4317/4317/4317 4295/4295/4295 4316/4316/4316
f 4286/4286/4286 4285/4285/4285 4284/4284/4284
f 4291/4291/4291 4290/4290/4290 4289/4289/4289
f 4294/4294/4294 4293/4293/4293 4292/4292/4292
f 4298/4298/4298 4297/4297/4297 4296/4296/4296
f 4306/4306/4306 4305/4305/4305 4297/4297/4297
f 4301/4301/4301 4300/4300/4300 4299/4299/4299
f 4300/4300/4300 4321/4321/4321 4320/4320/4320
f 4323/4323/4323 4322/4322/4322 4321/4321/4321
f 4322/4322/4322 4353/4353/4353 4352/4352/4352
f 4320/4320/4320 4329/4329/4329 4328/4328/4328
f 4349/4349/4349 4348/4348/4348 4329/4329/4329
f 4350/4350/4350 4345/4345/4345 4320/4320/4320
f 4351/4351/4351 4349/4349/4349 4345/4345/4345
f 4346/4346/4346 4322/4322/4322 4345/4345/4345
f 4346/4346/4346 4345/4345/4345 4347/4347/4347
f 4355/4355/4355 4347/4347/4347 4354/4354/4354
f 4304/4304/4304 4303/4303/4303 4302/4302/4302
f 4309/4309/4309 4308/4308/4308 4307/4307/4307
f 4312/4312/4312 4311/4311/4311 4310/4310/4310
f 4315/4315/4315 4314/4314/4314 4313/4313/4313
f 4313/4313/4313 4319/4319/4319 4318/4318/4318
f 4326/4326/4326 4325/4325/4325 4324/4324/4324
f 4335/4335/4335 4334/4334/4334 4325/4325/4325
f 4332/4332/4332 4331/4331/4331 4330/4330/4330
f 4344/4344/4344 4343/4343/4343 4342/4342/4342
f 4358/4358/4358 4357/4357/4357 4356/4356/4356
f 4356/4356/4356 4360/4360/4360 4359/4359/4359
f 4472/4472/4472 4471/4471/4471 4358/4358/4358
f 4471/4471/4471 4474/4474/4474 4473/4473/4473
f 4373/4373/4373 4358/4358/4358 4372/4372/4372
f 4368/4368/4368 4358/4358/4358 4367/4367/4367
f 4632/4632/4632 4372/4372/4372 4633/4633/4633
f 4372/4372/4372 4632/4632/4632 4480/4480/4480
f 4631/4631/4631 4480/4480/4480 4630/4630/4630
f 4481/4481/4481 4475/4475/4475 4480/4480/4480
f 4477/4477/4477 4476/4476/4476 4475/4475/4475
f 4479/4479/4479 4478/4478/4478 4475/4475/4475
f 4640/4640/4640 4639/4639/4639 4630/4630/4630
f 4639/4639/4639 4668/4668/4668 4667/4667/4667
f 4639/4639/4639 4646/4646/4646 4645/4645/4645
f 4645/4645/4645 4664/4664/4664 4639/4639/4639
f 4664/4664/4664 4666/4666/4666 4665/4665/4665
f 4464/4464/4464 4367/4367/4367 4463/4463/4463
f 4469/4469/4469 4463/4463/4463 4367/4367/4367
f 4463/4463/4463 4469/4469/4469 4470/4470/4470
f 4485/4485/4485 4470/4470/4470 4469/4469/4469
f 4470/4470/4470 4485/4485/4485 4499/4499/4499
f 4363/4363/4363 4362/4362/4362 4361/4361/4361
f 4366/4366/4366 4365/4365/4365 4364/4364/4364
f 4371/4371/4371 4370/4370/4370 4369/4369/4369
f 4376/4376/4376 4375/4375/4375 4374/4374/4374
f 4379/4379/4379 4378/4378/4378 4377/4377/4377
f 4382/4382/4382 4381/4381/4381 4380/4380/4380
f 4385/4385/4385 4384/4384/4384 4383/4383/4383
f 4388/4388/4388 4387/4387/4387 4386/4386/4386
f 4396/4396/4396 4401/4401/4401 4387/4387/4387
f 4397/4397/4397 4396/4396/4396 4395/4395/4395
f 4391/4391/4391 4390/4390/4390 4389/4389/4389
f 4394/4394/4394 4393/4393/4393 4392/4392/4392
f 4400/4400/4400 4399/4399/4399 4398/4398/4398
f 4406/4406/4406 4405/4405/4405 4404/4404/4404
f 4411/4411/4411 4410/4410/4410 4409/4409/4409
f 4414/4414/4414 4413/4413/4413 4412/4412/4412
f 4417/4417/4417 4416/4416/4416 4415/4415/4415
f 4420/4420/4420 4419/4419/4419 4418/4418/4418
f 4436/4436/4436 4435/4435/4435 4419/4419/4419
f 4434/4434/4434 4435/4435/4435 4440/4440/4440
f 4434/4434/4434 4419/4419/4419 4433/4433/4433
f 4448/4448/4448 4447/4447/4447 4433/4433/4433
f 4423/4423/4423 4422/4422/4422 4421/4421/4421
f 4426/4426/4426 4425/4425/4425 4424/4424/4424
f 4429/4429/4429 4428/4428/4428 4427/4427/4427
f 4432/4432/4432 4431/4431/4431 4430/4430/4430
f 4443/4443/4443 4442/4442/4442 4441/4441/4441
f 4446/4446/4446 4445/4445/4445 4444/4444/4444
f 4976/4976/4976 4444/4444/4444 4986/4986/4986
f 4444/4444/4444 4976/4976/4976 4977/4977/4977
f 4978/4978/4978 4977/4977/4977 4976/4976/4976
f 4974/4974/4974 4976/4976/4976 4982/4982/4982
f 4975/4975/4975 4974/4974/4974 4973/4973/4973
f 4990/4990/4990 4981/4981/4981 4982/4982/4982
f 4981/4981/4981 4980/4980/4980 4979/4979/4979
f 5004/5004/5004 5003/5003/5003 4981/4981/4981
f 5021/5021/5021 5020/5020/5020 5003/5003/5003
f 5020/5020/5020 5042/5042/5042 5041/5041/5041
f 5043/5043/5043 5041/5041/5041 5042/5042/5042
f 4451/4451/4451 4450/4450/4450 4449/4449/4449
f 4495/4495/4495 4494/4494/4494 4451/4451/4451
f 4451/4451/4451 4490/4490/4490 4489/4489/4489
f 4490/4490/4490 4503/4503/4503 4502/4502/4502
f 4465/4465/4465 4451/4451/4451 4457/4457/4457
f 4457/4457/4457 4456/4456/4456 4455/4455/4455
f 4455/4455/4455 4462/4462/4462 4461/4461/4461
f 4454/4454/4454 4453/4453/4453 4452/4452/4452
f 4460/4460/4460 4459/4459/4459 4458/4458/4458
f 4468/4468/4468 4467/4467/4467 4466/4466/4466
f 4501/4501/4501 4500/4500/4500 4466/4466/4466
f 4527/4527/4527 4501/4501/4501 4526/4526/4526
f 4501/4501/4501 4520/4520/4520 4500/4500/4500
f 4520/4520/4520 5010/5010/5010 5009/5009/5009
f 5029/5029/5029 5028/5028/5028 4520/4520/4520
f 5028/5028/5028 5100/5100/5100 5098/5098/5098
f 5098/5098/5098 5097/5097/5097 5028/5028/5028
f 5099/5099/5099 5098/5098/5098 4826/4826/4826
f 4827/4827/4827 4826/4826/4826 4825/4825/4825
f 5089/5089/5089 5095/5095/5095 4827/4827/4827
f 5090/5090/5090 5089/5089/5089 5088/5088/5088
f 5028/5028/5028 5037/5037/5037 5036/5036/5036
f 5037/5037/5037 5053/5053/5053 5052/5052/5052
f 5037/5037/5037 5028/5028/5028 5094/5094/5094
f 5094/5094/5094 5089/5089/5089 5091/5091/5091
f 5096/5096/5096 4817/4817/4817 5094/5094/5094
f 4817/4817/4817 5093/5093/5093 5092/5092/5092
f 4819/4819/4819 4818/4818/4818 4817/4817/4817
f 4818/4818/4818 4815/4815/4815 4820/4820/4820
f 5085/5085/5085 5091/5091/5091 5087/5087/5087
f 5087/5087/5087 5086/5086/5086 5085/5085/5085
f 4824/4824/4824 4815/4815/4815 4816/4816/4816
f 4816/4816/4816 4832/4832/4832 4824/4824/4824
f 4788/4788/4788 4816/4816/4816 4815/4815/4815
f 4832/4832/4832 4831/4831/4831 4691/4691/4691
f 4693/4693/4693 4692/4692/4692 4691/4691/4691
f 4788/4788/4788 4787/4787/4787 4764/4764/4764
f 4764/4764/4764 4763/4763/4763 4762/4762/4762
f 4766/4766/4766 4762/4762/4762 4765/4765/4765
f 4814/4814/4814 4808/4808/4808 4788/4788/4788
f 4808/4808/4808 4807/4807/4807 4806/4806/4806
f 4814/4814/4814 4889/4889/4889 4888/4888/4888
f 4896/4896/4896 4888/4888/4888 4895/4895/4895
f 4484/4484/4484 4483/4483/4483 4482/4482/4482
f 4488/4488/4488 4487/4487/4487 4486/4486/4486
f 4493/4493/4493 4492/4492/4492 4491/4491/4491
f 4517/4517/4517 4516/4516/4516 4493/4493/4493
f 4519/4519/4519 4517/4517/4517 4518/4518/4518
f 4592/4592/4592 4519/4519/4519 4591/4591/4591
f 4591/4591/4591 4608/4608/4608 4592/4592/4592
f 4608/4608/4608 4723/4723/4723 4606/4606/4606
f 4607/4607/4607 4606/4606/4606 4605/4605/4605
f 4498/4498/4498 4497/4497/4497 4496/4496/4496
f 4506/4506/4506 4505/4505/4505 4504/4504/4504
f 4510/4510/4510 4506/4506/4506 4509/4509/4509
f 4512/4512/4512 4511/4511/4511 4510/4510/4510
f 4525/4525/4525 4512/4512/4512 4524/4524/4524
f 4531/4531/4531 4524/4524/4524 4515/4515/4515
f 4512/4512/4512 4544/4544/4544 4543/4543/4543
f 4514/4514/4514 4515/4515/4515 4506/4506/4506
f 4515/4515/4515 4514/4514/4514 4545/4545/4545
f 4545/4545/4545 4566/4566/4566 4565/4565/4565
f 4544/4544/4544 4565/4565/4565 4564/4564/4564
f 5138/5138/5138 4564/4564/4564 5137/5137/5137
f 4514/4514/4514 4556/4556/4556 4555/4555/4555
f 4508/4508/4508 4507/4507/4507 4506/4506/4506
f 4514/4514/4514 4513/4513/4513 4507/4507/4507
f 4507/4507/4507 4568/4568/4568 4567/4567/4567
f 4546/4546/4546 4542/4542/4542 4543/4543/4543
f 4546/4546/4546 4582/4582/4582 4581/4581/4581
f 4542/4542/4542 4584/4584/4584 4583/4583/4583
f 4542/4542/4542 4541/4541/4541 4529/4529/4529
f 4530/4530/4530 4529/4529/4529 4528/4528/4528
f 4523/4523/4523 4522/4522/4522 4521/4521/4521
f 5006/5006/5006 4523/4523/4523 5005/5005/5005
f 5005/5005/5005 5008/5008/5008 5007/5007/5007
f 5023/5023/5023 5022/5022/5022 5008/5008/5008
f 4534/4534/4534 4533/4533/4533 4532/4532/4532
f 4537/4537/4537 4536/4536/4536 4535/4535/4535
f 4551/4551/4551 4550/4550/4550 4536/4536/4536
f 4540/4540/4540 4539/4539/4539 4538/4538/4538
f 5027/5027/5027 4540/4540/4540 5026/5026/5026
f 4549/4549/4549 4548/4548/4548 4547/4547/4547
f 4560/4560/4560 4559/4559/4559 4548/4548/4548
f 4558/4558/4558 4549/4549/4549 4557/4557/4557
f 4554/4554/4554 4553/4553/4553 4552/4552/4552
f 4563/4563/4563 4562/4562/4562 4561/4561/4561
f 4571/4571/4571 4570/4570/4570 4569/4569/4569
f 4574/4574/4574 4573/4573/4573 4572/4572/4572
f 4572/4572/4572 5617/5617/5617 5616/5616/5616
f 4577/4577/4577 4576/4576/4576 4575/4575/4575
f 4580/4580/4580 4579/4579/4579 4578/4578/4578
f 4587/4587/4587 4586/4586/4586 4585/4585/4585
f 4590/4590/4590 4589/4589/4589 4588/4588/4588
f 4595/4595/4595 4594/4594/4594 4593/4593/4593
f 4598/4598/4598 4597/4597/4597 4596/4596/4596
f 4601/4601/4601 4600/4600/4600 4599/4599/4599
f 4604/4604/4604 4603/4603/4603 4602/4602/4602
f 4611/4611/4611 4610/4610/4610 4609/4609/4609
f 4614/4614/4614 4613/4613/4613 4612/4612/4612
f 4617/4617/4617 4616/4616/4616 4615/4615/4615
f 4620/4620/4620 4619/4619/4619 4618/4618/4618
f 4635/4635/4635 4618/4618/4618 4634/4634/4634
f 4657/4657/4657 4635/4635/4635 4656/4656/4656
f 4656/4656/4656 4712/4712/4712 4657/4657/4657
f 4684/4684/4684 4683/4683/4683 4656/4656/4656
f 4712/4712/4712 4674/4674/4674 4701/4701/4701
f 4702/4702/4702 4701/4701/4701 4674/4674/4674
f 4674/4674/4674 4673/4673/4673 4672/4672/4672
f 4623/4623/4623 4622/4622/4622 4621/4621/4621
f 4626/4626/4626 4625/4625/4625 4624/4624/4624
f 4624/4624/4624 4644/4644/4644 4626/4626/4626
f 4629/4629/4629 4628/4628/4628 4627/4627/4627
f 4638/4638/4638 4637/4637/4637 4636/4636/4636
f 4643/4643/4643 4642/4642/4642 4641/4641/4641
f 4649/4649/4649 4648/4648/4648 4647/4647/4647
f 4652/4652/4652 4651/4651/4651 4650/4650/4650
f 4655/4655/4655 4654/4654/4654 4653/4653/4653
f 4660/4660/4660 4659/4659/4659 4658/4658/4658
f 4663/4663/4663 4662/4662/4662 4661/4661/4661
f 4671/4671/4671 4670/4670/4670 4669/4669/4669
f 4677/4677/4677 4676/4676/4676 4675/4675/4675
f 4682/4682/4682 4681/4681/4681 4676/4676/4676
f 4680/4680/4680 4679/4679/4679 4678/4678/4678
f 4687/4687/4687 4686/4686/4686 4685/4685/4685
f 4685/4685/4685 4694/4694/4694 4687/4687/4687
f 4703/4703/4703 4687/4687/4687 4694/4694/4694
f 4716/4716/4716 4694/4694/4694 4710/4710/4710
f 4711/4711/4711 4710/4710/4710 4694/4694/4694
f 4761/4761/4761 4711/4711/4711 4760/4760/4760
f 4771/4771/4771 4770/4770/4770 4761/4761/4761
f 4757/4757/4757 4710/4710/4710 4755/4755/4755
f 4756/4756/4756 4755/4755/4755 4754/4754/4754
f 4770/4770/4770 4782/4782/4782 4772/4772/4772
f 4755/4755/4755 4773/4773/4773 4772/4772/4772
f 4796/4796/4796 4795/4795/4795 4782/4782/4782
f 4773/4773/4773 4786/4786/4786 4785/4785/4785
f 4690/4690/4690 4689/4689/4689 4688/4688/4688
f 4689/4689/4689 4690/4690/4690 4835/4835/4835
f 4775/4775/4775 4689/4689/4689 4794/4794/4794
f 4794/4794/4794 4774/4774/4774 4775/4775/4775
f 4776/4776/4776 4775/4775/4775 4774/4774/4774
f 4697/4697/4697 4696/4696/4696 4695/4695/4695
f 4700/4700/4700 4699/4699/4699 4698/4698/4698
f 4706/4706/4706 4705/4705/4705 4704/4704/4704
f 4704/4704/4704 4759/4759/4759 4758/4758/4758
f 4709/4709/4709 4708/4708/4708 4707/4707/4707
f 4709/4709/4709 4834/4834/4834 4833/4833/4833
f 4715/4715/4715 4714/4714/4714 4713/4713/4713
f 4719/4719/4719 4718/4718/4718 4717/4717/4717
f 4722/4722/4722 4721/4721/4721 4720/4720/4720
f 4726/4726/4726 4725/4725/4725 4724/4724/4724
f 4729/4729/4729 4728/4728/4728 4727/4727/4727
f 4732/4732/4732 4731/4731/4731 4730/4730/4730
f 4735/4735/4735 4734/4734/4734 4733/4733/4733
f 4738/4738/4738 4737/4737/4737 4736/4736/4736
f 4741/4741/4741 4740/4740/4740 4739/4739/4739
f 4746/4746/4746 4747/4747/4747 4740/4740/4740
f 4747/4747/4747 4746/4746/4746 4745/4745/4745
f 4744/4744/4744 4743/4743/4743 4742/4742/4742
f 4750/4750/4750 4749/4749/4749 4748/4748/4748
f 4749/4749/4749 4781/4781/4781 4780/4780/4780
f 4753/4753/4753 4752/4752/4752 4751/4751/4751
f 4769/4769/4769 4768/4768/4768 4767/4767/4767
f 4784/4784/4784 4768/4768/4768 4783/4783/4783
f 4779/4779/4779 4778/4778/4778 4777/4777/4777
f 4791/4791/4791 4790/4790/4790 4789/4789/4789
f 4793/4793/4793 4789/4789/4789 4792/4792/4792
f 4810/4810/4810 4789/4789/4789 4809/4809/4809
f 5126/5126/5126 4809/4809/4809 5127/5127/5127
f 5126/5126/5126 5146/5146/5146 5145/5145/5145
f 5126/5126/5126 5125/5125/5125 5116/5116/5116
f 5117/5117/5117 5116/5116/5116 5103/5103/5103
f 5103/5103/5103 5102/5102/5102 5101/5101/5101
f 5150/5150/5150 4830/4830/4830 5126/5126/5126
f 4830/4830/4830 4829/4829/4829 4828/4828/4828
f 4830/4830/4830 5155/5155/5155 5154/5154/5154
f 4799/4799/4799 4798/4798/4798 4797/4797/4797
f 4802/4802/4802 4801/4801/4801 4800/4800/4800
f 4805/4805/4805 4804/4804/4804 4803/4803/4803
f 4813/4813/4813 4812/4812/4812 4811/4811/4811
f 4823/4823/4823 4822/4822/4822 4821/4821/4821
f 4840/4840/4840 4839/4839/4839 4838/4838/4838
f 4843/4843/4843 4842/4842/4842 4841/4841/4841
f 4846/4846/4846 4845/4845/4845 4844/4844/4844
f 4849/4849/4849 4848/4848/4848 4847/4847/4847
f 4856/4856/4856 4855/4855/4855 4854/4854/4854
f 4859/4859/4859 4858/4858/4858 4857/4857/4857
f 4862/4862/4862 4861/4861/4861 4860/4860/4860
f 4865/4865/4865 4864/4864/4864 4863/4863/4863
f 4868/4868/4868 4867/4867/4867 4866/4866/4866
f 4871/4871/4871 4870/4870/4870 4869/4869/4869
f 4877/4877/4877 4876/4876/4876 4875/4875/4875
f 4881/4881/4881 4877/4877/4877 4880/4880/4880
f 4884/4884/4884 4883/4883/4883 4882/4882/4882
f 4883/4883/4883 4884/4884/4884 4890/4890/4890
f 4887/4887/4887 4886/4886/4886 4885/4885/4885
f 4885/4885/4885 4901/4901/4901 4900/4900/4900
f 4893/4893/4893 4892/4892/4892 4891/4891/4891
f 4899/4899/4899 4898/4898/4898 4897/4897/4897
f 4904/4904/4904 4903/4903/4903 4902/4902/4902
f 4922/4922/4922 4904/4904/4904 4921/4921/4921
f 4903/4903/4903 4923/4923/4923 4929/4929/4929
f 4916/4916/4916 4929/4929/4929 4923/4923/4923
f 4916/4916/4916 4923/4923/4923 4904/4904/4904
f 4904/4904/4904 4917/4917/4917 4916/4916/4916
f 4907/4907/4907 4906/4906/4906 4905/4905/4905
f 4910/4910/4910 4909/4909/4909 4908/4908/4908
f 4913/4913/4913 4912/4912/4912 4911/4911/4911
f 4920/4920/4920 4919/4919/4919 4918/4918/4918
f 4937/4937/4937 4936/4936/4936 4935/4935/4935
f 5057/5057/5057 4935/4935/4935 5063/5063/5063
f 5059/5059/5059 5058/5058/5058 5057/5057/5057
f 4941/4941/4941 4940/4940/4940 4939/4939/4939
f 4957/4957/4957 4956/4956/4956 4955/4955/4955
f 4963/4963/4963 4962/4962/4962 4961/4961/4961
f 4966/4966/4966 4965/4965/4965 4964/4964/4964
f 4969/4969/4969 4968/4968/4968 4967/4967/4967
f 4972/4972/4972 4971/4971/4971 4970/4970/4970
f 4985/4985/4985 4984/4984/4984 4983/4983/4983
f 4989/4989/4989 4988/4988/4988 4987/4987/4987
f 4993/4993/4993 4992/4992/4992 4991/4991/4991
f 4996/4996/4996 4995/4995/4995 4994/4994/4994
f 4999/4999/4999 4998/4998/4998 4997/4997/4997
f 5002/5002/5002 5001/5001/5001 5000/5000/5000
f 5025/5025/5025 5024/5024/5024 5000/5000/5000
f 5013/5013/5013 5012/5012/5012 5011/5011/5011
f 5011/5011/5011 5045/5045/5045 5044/5044/5044
f 5016/5016/5016 5015/5015/5015 5014/5014/5014
f 5019/5019/5019 5018/5018/5018 5017/5017/5017
f 5032/5032/5032 5031/5031/5031 5030/5030/5030
f 5035/5035/5035 5034/5034/5034 5033/5033/5033
f 5040/5040/5040 5039/5039/5039 5038/5038/5038
f 5048/5048/5048 5047/5047/5047 5046/5046/5046
f 5051/5051/5051 5050/5050/5050 5049/5049/5049
f 5056/5056/5056 5055/5055/5055 5054/5054/5054
f 5062/5062/5062 5061/5061/5061 5060/5060/5060
f 5066/5066/5066 5065/5065/5065 5064/5064/5064
f 5069/5069/5069 5068/5068/5068 5067/5067/5067
f 5072/5072/5072 5071/5071/5071 5070/5070/5070
f 5075/5075/5075 5074/5074/5074 5073/5073/5073
f 5078/5078/5078 5077/5077/5077 5076/5076/5076
f 5081/5081/5081 5080/5080/5080 5079/5079/5079
f 5084/5084/5084 5083/5083/5083 5082/5082/5082
f 5106/5106/5106 5105/5105/5105 5104/5104/5104
f 5109/5109/5109 5108/5108/5108 5107/5107/5107
f 5108/5108/5108 5109/5109/5109 5121/5121/5121
f 5112/5112/5112 5111/5111/5111 5110/5110/5110
f 5115/5115/5115 5114/5114/5114 5113/5113/5113
f 5120/5120/5120 5119/5119/5119 5118/5118/5118
f 5124/5124/5124 5123/5123/5123 5122/5122/5122
f 5130/5130/5130 5129/5129/5129 5128/5128/5128
f 5133/5133/5133 5132/5132/5132 5131/5131/5131
f 5136/5136/5136 5135/5135/5135 5134/5134/5134
f 5141/5141/5141 5140/5140/5140 5139/5139/5139
f 5144/5144/5144 5143/5143/5143 5142/5142/5142
f 5144/5144/5144 5189/5189/5189 5188/5188/5188
f 5149/5149/5149 5148/5148/5148 5147/5147/5147
f 5153/5153/5153 5152/5152/5152 5151/5151/5151
f 5160/5160/5160 5159/5159/5159 5152/5152/5152
f 5158/5158/5158 5157/5157/5157 5156/5156/5156
f 5163/5163/5163 5162/5162/5162 5161/5161/5161
f 5166/5166/5166 5165/5165/5165 5164/5164/5164
f 5169/5169/5169 5168/5168/5168 5167/5167/5167
f 5172/5172/5172 5171/5171/5171 5170/5170/5170
f 5175/5175/5175 5174/5174/5174 5173/5173/5173
f 5178/5178/5178 5177/5177/5177 5176/5176/5176
f 5181/5181/5181 5180/5180/5180 5179/5179/5179
f 5184/5184/5184 5183/5183/5183 5182/5182/5182
f 5187/5187/5187 5186/5186/5186 5185/5185/5185
f 5192/5192/5192 5191/5191/5191 5190/5190/5190
f 5195/5195/5195 5194/5194/5194 5193/5193/5193
f 5198/5198/5198 5197/5197/5197 5196/5196/5196
f 5201/5201/5201 5200/5200/5200 5199/5199/5199
f 5204/5204/5204 5203/5203/5203 5202/5202/5202
f 5207/5207/5207 5206/5206/5206 5205/5205/5205
f 5210/5210/5210 5209/5209/5209 5208/5208/5208
f 5213/5213/5213 5212/5212/5212 5211/5211/5211
f 5216/5216/5216 5215/5215/5215 5214/5214/5214
f 5234/5234/5234 5214/5214/5214 5215/5215/5215
f 5219/5219/5219 5218/5218/5218 5217/5217/5217
f 5222/5222/5222 5221/5221/5221 5220/5220/5220
f 5225/5225/5225 5224/5224/5224 5223/5223/5223
f 5228/5228/5228 5227/5227/5227 5226/5226/5226
f 5231/5231/5231 5230/5230/5230 5229/5229/5229
f 5231/5231/5231 5233/5233/5233 5232/5232/5232
f 5237/5237/5237 5236/5236/5236 5235/5235/5235
f 5240/5240/5240 5239/5239/5239 5238/5238/5238
f 5243/5243/5243 5242/5242/5242 5241/5241/5241
f 5246/5246/5246 5245/5245/5245 5244/5244/5244
f 5249/5249/5249 5248/5248/5248 5247/5247/5247
f 5252/5252/5252 5251/5251/5251 5250/5250/5250
f 5252/5252/5252 5367/5367/5367 5366/5366/5366
f 5260/5260/5260 5252/5252/5252 5259/5259/5259
f 5260/5260/5260 5335/5335/5335 5334/5334/5334
f 5405/5405/5405 5252/5252/5252 5374/5374/5374
f 5401/5401/5401 5400/5400/5400 5374/5374/5374
f 5374/5374/5374 5365/5365/5365 5373/5373/5373
f 5365/5365/5365 5364/5364/5364 5363/5363/5363
f 5413/5413/5413 5364/5364/5364 5415/5415/5415
f 5414/5414/5414 5413/5413/5413 5412/5412/5412
f 5255/5255/5255 5254/5254/5254 5253/5253/5253
f 5258/5258/5258 5257/5257/5257 5256/5256/5256
f 5263/5263/5263 5262/5262/5262 5261/5261/5261
f 5266/5266/5266 5265/5265/5265 5264/5264/5264
f 5265/5265/5265 5283/5283/5283 5282/5282/5282
f 5269/5269/5269 5268/5268/5268 5267/5267/5267
f 5272/5272/5272 5271/5271/5271 5270/5270/5270
f 5275/5275/5275 5274/5274/5274 5273/5273/5273
f 5278/5278/5278 5277/5277/5277 5276/5276/5276
f 5281/5281/5281 5280/5280/5280 5279/5279/5279
f 5286/5286/5286 5285/5285/5285 5284/5284/5284
f 5289/5289/5289 5288/5288/5288 5287/5287/5287
f 5292/5292/5292 5291/5291/5291 5290/5290/5290
f 5295/5295/5295 5294/5294/5294 5293/5293/5293
f 5294/5294/5294 5295/5295/5295 5326/5326/5326
f 5333/5333/5333 5332/5332/5332 5294/5294/5294
f 5298/5298/5298 5297/5297/5297 5296/5296/5296
f 5301/5301/5301 5300/5300/5300 5299/5299/5299
f 5304/5304/5304 5303/5303/5303 5302/5302/5302
f 5307/5307/5307 5306/5306/5306 5305/5305/5305
f 5305/5305/5305 5312/5312/5312 5309/5309/5309
f 5310/5310/5310 5309/5309/5309 5308/5308/5308
f 5308/5308/5308 5311/5311/5311 5306/5306/5306
f 5311/5311/5311 5308/5308/5308 5313/5313/5313
f 5316/5316/5316 5315/5315/5315 5314/5314/5314
f 5319/5319/5319 5318/5318/5318 5317/5317/5317
f 5668/5668/5668 5667/5667/5667 5318/5318/5318
f 5322/5322/5322 5321/5321/5321 5320/5320/5320
f 5321/5321/5321 5330/5330/5330 5329/5329/5329
f 5329/5329/5329 5331/5331/5331 5321/5321/5321
f 5331/5331/5331 5329/5329/5329 5551/5551/5551
f 5325/5325/5325 5324/5324/5324 5323/5323/5323
f 5324/5324/5324 5328/5328/5328 5327/5327/5327
f 5327/5327/5327 5354/5354/5354 5337/5337/5337
f 5338/5338/5338 5337/5337/5337 5336/5336/5336
f 5369/5369/5369 5368/5368/5368 5354/5354/5354
f 5354/5354/5354 5356/5356/5356 5355/5355/5355
f 5341/5341/5341 5340/5340/5340 5339/5339/5339
f 5344/5344/5344 5343/5343/5343 5342/5342/5342
f 5347/5347/5347 5346/5346/5346 5345/5345/5345
f 5350/5350/5350 5349/5349/5349 5348/5348/5348
f 5353/5353/5353 5352/5352/5352 5351/5351/5351
f 5359/5359/5359 5358/5358/5358 5357/5357/5357
f 5362/5362/5362 5361/5361/5361 5360/5360/5360
f 5372/5372/5372 5371/5371/5371 5370/5370/5370
f 5377/5377/5377 5376/5376/5376 5375/5375/5375
f 5380/5380/5380 5379/5379/5379 5378/5378/5378
f 5382/5382/5382 5380/5380/5380 5381/5381/5381
f 5382/5382/5382 5384/5384/5384 5383/5383/5383
f 5383/5383/5383 5536/5536/5536 5535/5535/5535
f 5536/5536/5536 5383/5383/5383 5540/5540/5540
f 5540/5540/5540 5547/5547/5547 5536/5536/5536
f 5387/5387/5387 5386/5386/5386 5385/5385/5385
f 5486/5486/5486 5485/5485/5485 5387/5387/5387
f 5390/5390/5390 5389/5389/5389 5388/5388/5388
f 5393/5393/5393 5392/5392/5392 5391/5391/5391
f 5396/5396/5396 5395/5395/5395 5394/5394/5394
f 5399/5399/5399 5398/5398/5398 5397/5397/5397
f 5442/5442/5442 5399/5399/5399 5441/5441/5441
f 5399/5399/5399 5437/5437/5437 5404/5404/5404
f 5404/5404/5404 5403/5403/5403 5402/5402/5402
f 5408/5408/5408 5407/5407/5407 5406/5406/5406
f 5411/5411/5411 5410/5410/5410 5409/5409/5409
f 5418/5418/5418 5417/5417/5417 5416/5416/5416
f 5421/5421/5421 5420/5420/5420 5419/5419/5419
f 5424/5424/5424 5423/5423/5423 5422/5422/5422
f 5427/5427/5427 5426/5426/5426 5425/5425/5425
f 5430/5430/5430 5429/5429/5429 5428/5428/5428
f 5433/5433/5433 5432/5432/5432 5431/5431/5431
f 5436/5436/5436 5435/5435/5435 5434/5434/5434
f 5440/5440/5440 5439/5439/5439 5438/5438/5438
f 5445/5445/5445 5444/5444/5444 5443/5443/5443
f 5448/5448/5448 5447/5447/5447 5446/5446/5446
f 5451/5451/5451 5450/5450/5450 5449/5449/5449
f 5454/5454/5454 5453/5453/5453 5452/5452/5452
f 5457/5457/5457 5456/5456/5456 5455/5455/5455
f 5460/5460/5460 5459/5459/5459 5458/5458/5458
f 5463/5463/5463 5462/5462/5462 5461/5461/5461
f 5466/5466/5466 5465/5465/5465 5464/5464/5464
f 5469/5469/5469 5468/5468/5468 5467/5467/5467
f 5472/5472/5472 5471/5471/5471 5470/5470/5470
f 5475/5475/5475 5474/5474/5474 5473/5473/5473
f 5478/5478/5478 5477/5477/5477 5476/5476/5476
f 5481/5481/5481 5480/5480/5480 5479/5479/5479
f 5484/5484/5484 5483/5483/5483 5482/5482/5482
f 5489/5489/5489 5488/5488/5488 5487/5487/5487
f 5512/5512/5512 5487/5487/5487 5511/5511/5511
f 5511/5511/5511 5532/5532/5532 5531/5531/5531
f 5492/5492/5492 5491/5491/5491 5490/5490/5490
f 5495/5495/5495 5494/5494/5494 5493/5493/5493
f 5498/5498/5498 5497/5497/5497 5496/5496/5496
f 5501/5501/5501 5500/5500/5500 5499/5499/5499
f 5504/5504/5504 5503/5503/5503 5502/5502/5502
f 5503/5503/5503 5509/5509/5509 5591/5591/5591
f 5510/5510/5510 5509/5509/5509 5508/5508/5508
f 5604/5604/5604 5603/5603/5603 5591/5591/5591
f 5603/5603/5603 5606/5606/5606 5605/5605/5605
f 5507/5507/5507 5506/5506/5506 5505/5505/5505
f 5515/5515/5515 5514/5514/5514 5513/5513/5513
f 5518/5518/5518 5517/5517/5517 5516/5516/5516
f 5521/5521/5521 5520/5520/5520 5519/5519/5519
f 5524/5524/5524 5523/5523/5523 5522/5522/5522
f 5527/5527/5527 5526/5526/5526 5525/5525/5525
f 5527/5527/5527 5534/5534/5534 5533/5533/5533
f 5530/5530/5530 5529/5529/5529 5528/5528/5528
f 5539/5539/5539 5538/5538/5538 5537/5537/5537
f 5543/5543/5543 5542/5542/5542 5541/5541/5541
f 5546/5546/5546 5545/5545/5545 5544/5544/5544
f 5550/5550/5550 5549/5549/5549 5548/5548/5548
f 5554/5554/5554 5553/5553/5553 5552/5552/5552
f 5557/5557/5557 5556/5556/5556 5555/5555/5555
f 5560/5560/5560 5559/5559/5559 5558/5558/5558
f 5563/5563/5563 5562/5562/5562 5561/5561/5561
f 5566/5566/5566 5565/5565/5565 5564/5564/5564
f 5569/5569/5569 5568/5568/5568 5567/5567/5567
f 5572/5572/5572 5571/5571/5571 5570/5570/5570
f 5575/5575/5575 5574/5574/5574 5573/5573/5573
f 5578/5578/5578 5577/5577/5577 5576/5576/5576
f 5596/5596/5596 5595/5595/5595 5578/5578/5578
f 5625/5625/5625 5624/5624/5624 5595/5595/5595
f 5581/5581/5581 5580/5580/5580 5579/5579/5579
f 5584/5584/5584 5583/5583/5583 5582/5582/5582
f 5587/5587/5587 5586/5586/5586 5585/5585/5585
f 5590/5590/5590 5589/5589/5589 5588/5588/5588
f 5594/5594/5594 5593/5593/5593 5592/5592/5592
f 5599/5599/5599 5598/5598/5598 5597/5597/5597
f 5602/5602/5602 5601/5601/5601 5600/5600/5600
f 5609/5609/5609 5608/5608/5608 5607/5607/5607
f 5612/5612/5612 5611/5611/5611 5610/5610/5610
f 5615/5615/5615 5614/5614/5614 5613/5613/5613
f 5620/5620/5620 5619/5619/5619 5618/5618/5618
f 5623/5623/5623 5622/5622/5622 5621/5621/5621
f 5623/5623/5623 5636/5636/5636 5635/5635/5635
f 5628/5628/5628 5627/5627/5627 5626/5626/5626
f 5631/5631/5631 5630/5630/5630 5629/5629/5629
f 5634/5634/5634 5633/5633/5633 5632/5632/5632
f 5639/5639/5639 5638/5638/5638 5637/5637/5637
f 5642/5642/5642 5641/5641/5641 5640/5640/5640
f 5645/5645/5645 5644/5644/5644 5643/5643/5643
f 5679/5679/5679 5678/5678/5678 5644/5644/5644
f 5648/5648/5648 5647/5647/5647 5646/5646/5646
f 5651/5651/5651 5650/5650/5650 5649/5649/5649
f 5676/5676/5676 5651/5651/5651 5675/5675/5675
f 5649/5649/5649 5677/5677/5677 5673/5673/5673
f 5674/5674/5674 5673/5673/5673 5672/5672/5672
f 5654/5654/5654 5653/5653/5653 5652/5652/5652
f 5657/5657/5657 5656/5656/5656 5655/5655/5655
f 5660/5660/5660 5659/5659/5659 5658/5658/5658
f 5663/5663/5663 5662/5662/5662 5661/5661/5661
f 5666/5666/5666 5665/5665/5665 5664/5664/5664
f 5671/5671/5671 5670/5670/5670 5669/5669/5669
f 5682/5682/5682 5681/5681/5681 5680/5680/5680
f 5681/5681/5681 5682/5682/5682 5685/5685/5685
f 5689/5689/5689 5685/5685/5685 5688/5688/5688
f 5694/5694/5694 5693/5693/5693 5681/5681/5681
f 5687/5687/5687 5680/5680/5680 5686/5686/5686
f 5680/5680/5680 5684/5684/5684 5683/5683/5683
f 5692/5692/5692 5691/5691/5691 5690/5690/5690
f 5696/5696/5696 5692/5692/5692 5695/5695/5695
f 5700/5700/5700 5704/5704/5704 5691/5691/5691
f 5691/5691/5691 5701/5701/5701 5700/5700/5700
f 5700/5700/5700 5709/5709/5709 5708/5708/5708
f 5699/5699/5699 5698/5698/5698 5697/5697/5697
f 5697/5697/5697 5703/5703/5703 5702/5702/5702
f 5705/5705/5705 5710/5710/5710 5703/5703/5703
f 5707/5707/5707 5706/5706/5706 5705/5705/5705
f 5705/5705/5705 5715/5715/5715 5714/5714/5714
f 5715/5715/5715 5705/5705/5705 5719/5719/5719
f 5713/5713/5713 5712/5712/5712 5711/5711/5711
f 5718/5718/5718 5717/5717/5717 5716/5716/5716
f 5716/5716/5716 5720/5720/5720 5718/5718/5718
f 5725/5725/5725 5716/5716/5716 5726/5726/5726
f 5716/5716/5716 5725/5725/5725 5724/5724/5724
f 5723/5723/5723 5722/5722/5722 5721/5721/5721
f 5729/5729/5729 5728/5728/5728 5727/5727/5727
f 5732/5732/5732 5731/5731/5731 5730/5730/5730
f 5735/5735/5735 5734/5734/5734 5733/5733/5733
f 5755/5755/5755 5734/5734/5734 5754/5754/5754
f 5740/5740/5740 5739/5739/5739 5735/5735/5735
f 5738/5738/5738 5737/5737/5737 5736/5736/5736
f 5743/5743/5743 5742/5742/5742 5741/5741/5741
f 5746/5746/5746 5745/5745/5745 5744/5744/5744
f 5751/5751/5751 5745/5745/5745 5750/5750/5750
f 5749/5749/5749 5748/5748/5748 5747/5747/5747
f 5753/5753/5753 5748/5748/5748 5752/5752/5752
